file,id_column,date_column,id_value,date_value,n_rows
all.diag.results.csv,tattoo,date,001R,15/03/2004,2
all.diag.results.csv,tattoo,date,024Y,14/08/2014,2
all.diag.results.csv,tattoo,date,040W,18/11/2005,2
all.diag.results.csv,tattoo,date,045W,29/07/2005,2
all.diag.results.csv,tattoo,date,049Y,14/07/2015,2
all.diag.results.csv,tattoo,date,052A,09/08/2016,2
all.diag.results.csv,tattoo,date,061R,24/11/2004,2
all.diag.results.csv,tattoo,date,095W,11/10/2005,2
all.diag.results.csv,tattoo,date,H003,15/07/2001,2
all.diag.results.csv,tattoo,date,I022,12/05/2004,2
all.diag.results.csv,tattoo,date,M012,01/04/2001,2
all.diag.results.csv,tattoo,date,Q070,24/10/2001,2
tblCaptures.csv,tattoo,date,001R,15/03/2004,2
tblCaptures.csv,tattoo,date,024Y,14/08/2014,2
tblCaptures.csv,tattoo,date,040W,18/11/2005,2
tblCaptures.csv,tattoo,date,045W,29/07/2005,2
tblCaptures.csv,tattoo,date,049Y,14/07/2015,2
tblCaptures.csv,tattoo,date,052A,09/08/2016,2
tblCaptures.csv,tattoo,date,061R,24/11/2004,2
tblCaptures.csv,tattoo,date,095W,11/10/2005,2
tblCaptures.csv,tattoo,date,H003,15/07/2001,2
tblCaptures.csv,tattoo,date,I022,12/05/2004,2
tblCaptures.csv,tattoo,date,M012,01/04/2001,2
tblCaptures.csv,tattoo,date,Q070,24/10/2001,2
tblCulture.csv,tattoo,date,001A,20/05/2014,3
tblCulture.csv,tattoo,date,001B,05/05/2009,4
tblCulture.csv,tattoo,date,001B,25/01/2006,2
tblCulture.csv,tattoo,date,001C,26/01/2016,2
tblCulture.csv,tattoo,date,001E,15/07/2015,3
tblCulture.csv,tattoo,date,001E,21/05/2013,3
tblCulture.csv,tattoo,date,001F,19/01/2010,3
tblCulture.csv,tattoo,date,001F,21/09/2010,3
tblCulture.csv,tattoo,date,001F,24/05/2010,3
tblCulture.csv,tattoo,date,001G,08/01/2003,2
tblCulture.csv,tattoo,date,001H,21/01/2020,4
tblCulture.csv,tattoo,date,001K,03/06/2014,4
tblCulture.csv,tattoo,date,001K,13/08/2013,4
tblCulture.csv,tattoo,date,001K,24/01/2012,4
tblCulture.csv,tattoo,date,001K,27/06/2012,2
tblCulture.csv,tattoo,date,001L,10/09/2014,3
tblCulture.csv,tattoo,date,001L,13/08/2013,4
tblCulture.csv,tattoo,date,001L,25/01/2011,3
tblCulture.csv,tattoo,date,001L,26/06/2012,4
tblCulture.csv,tattoo,date,001M,09/01/2018,2
tblCulture.csv,tattoo,date,001N,23/03/2009,5
tblCulture.csv,tattoo,date,001N,27/01/2009,4
tblCulture.csv,tattoo,date,001P,03/06/2008,3
tblCulture.csv,tattoo,date,001P,04/10/2011,4
tblCulture.csv,tattoo,date,001P,05/06/2013,4
tblCulture.csv,tattoo,date,001P,08/01/2008,4
tblCulture.csv,tattoo,date,001P,14/08/2012,3
tblCulture.csv,tattoo,date,001P,16/10/2012,4
tblCulture.csv,tattoo,date,001P,20/08/2008,3
tblCulture.csv,tattoo,date,001P,23/10/2013,3
tblCulture.csv,tattoo,date,001P,24/06/2014,4
tblCulture.csv,tattoo,date,001R,15/03/2004,2
tblCulture.csv,tattoo,date,001T,24/01/2017,5
tblCulture.csv,tattoo,date,001V,27/01/2015,3
tblCulture.csv,tattoo,date,001W,07/06/2005,2
tblCulture.csv,tattoo,date,001W,19/01/2005,2
tblCulture.csv,tattoo,date,001Y,09/01/2007,3
tblCulture.csv,tattoo,date,001Z,10/09/2019,4
tblCulture.csv,tattoo,date,001Z,13/08/2019,4
tblCulture.csv,tattoo,date,001Z,18/06/2019,3
tblCulture.csv,tattoo,date,001Z,19/11/2019,3
tblCulture.csv,tattoo,date,002A,05/09/2017,4
tblCulture.csv,tattoo,date,002A,05/11/2014,3
tblCulture.csv,tattoo,date,002A,10/12/2014,3
tblCulture.csv,tattoo,date,002A,12/08/2014,4
tblCulture.csv,tattoo,date,002A,13/10/2015,4
tblCulture.csv,tattoo,date,002A,14/07/2015,3
tblCulture.csv,tattoo,date,002A,20/05/2014,4
tblCulture.csv,tattoo,date,002A,20/05/2015,3
tblCulture.csv,tattoo,date,002A,23/09/2014,4
tblCulture.csv,tattoo,date,002A,25/11/2015,3
tblCulture.csv,tattoo,date,002A,26/06/2018,5
tblCulture.csv,tattoo,date,002B,07/05/2008,3
tblCulture.csv,tattoo,date,002B,08/05/2007,3
tblCulture.csv,tattoo,date,002B,09/05/2006,2
tblCulture.csv,tattoo,date,002B,12/12/2006,3
tblCulture.csv,tattoo,date,002B,18/07/2006,2
tblCulture.csv,tattoo,date,002B,25/10/2006,2
tblCulture.csv,tattoo,date,002C,09/08/2016,4
tblCulture.csv,tattoo,date,002C,18/10/2016,5
tblCulture.csv,tattoo,date,002C,26/01/2016,4
tblCulture.csv,tattoo,date,002C,28/06/2016,4
tblCulture.csv,tattoo,date,002E,12/08/2014,6
tblCulture.csv,tattoo,date,002E,16/07/2013,4
tblCulture.csv,tattoo,date,002E,22/05/2013,2
tblCulture.csv,tattoo,date,002E,24/09/2013,4
tblCulture.csv,tattoo,date,002F,16/06/2010,3
tblCulture.csv,tattoo,date,002F,26/01/2010,4
tblCulture.csv,tattoo,date,002F,27/06/2012,3
tblCulture.csv,tattoo,date,002F,30/11/2010,2
tblCulture.csv,tattoo,date,002G,01/02/2005,3
tblCulture.csv,tattoo,date,002G,06/06/2007,2
tblCulture.csv,tattoo,date,002G,11/09/2007,4
tblCulture.csv,tattoo,date,002G,11/10/2005,2
tblCulture.csv,tattoo,date,002G,16/08/2005,3
tblCulture.csv,tattoo,date,002G,22/01/2003,2
tblCulture.csv,tattoo,date,002H,21/01/2020,3
tblCulture.csv,tattoo,date,002K,04/11/2014,3
tblCulture.csv,tattoo,date,002K,08/09/2015,3
tblCulture.csv,tattoo,date,002K,18/06/2013,4
tblCulture.csv,tattoo,date,002K,19/10/2016,2
tblCulture.csv,tattoo,date,002K,23/06/2015,3
tblCulture.csv,tattoo,date,002K,24/01/2012,4
tblCulture.csv,tattoo,date,002K,24/01/2017,2
tblCulture.csv,tattoo,date,002K,26/06/2012,4
tblCulture.csv,tattoo,date,002K,27/01/2015,3
tblCulture.csv,tattoo,date,002K,28/01/2014,3
tblCulture.csv,tattoo,date,002K,28/06/2016,4
tblCulture.csv,tattoo,date,002L,25/01/2011,5
tblCulture.csv,tattoo,date,002M,30/01/2018,3
tblCulture.csv,tattoo,date,002N,11/01/2011,2
tblCulture.csv,tattoo,date,002N,12/07/2011,4
tblCulture.csv,tattoo,date,002N,17/05/2011,4
tblCulture.csv,tattoo,date,002N,19/05/2009,4
tblCulture.csv,tattoo,date,002N,20/09/2011,4
tblCulture.csv,tattoo,date,002N,21/09/2010,2
tblCulture.csv,tattoo,date,002N,24/05/2010,2
tblCulture.csv,tattoo,date,002N,27/10/2009,3
tblCulture.csv,tattoo,date,002P,02/06/2009,4
tblCulture.csv,tattoo,date,002P,06/05/2008,4
tblCulture.csv,tattoo,date,002P,11/05/2010,4
tblCulture.csv,tattoo,date,002P,21/07/2009,4
tblCulture.csv,tattoo,date,002P,21/10/2008,3
tblCulture.csv,tattoo,date,002P,23/07/2008,3
tblCulture.csv,tattoo,date,002P,30/05/2012,3
tblCulture.csv,tattoo,date,002R,14/01/2004,2
tblCulture.csv,tattoo,date,002T,02/10/2019,2
tblCulture.csv,tattoo,date,002T,11/07/2017,3
tblCulture.csv,tattoo,date,002T,24/01/2017,4
tblCulture.csv,tattoo,date,002V,04/09/2018,3
tblCulture.csv,tattoo,date,002V,08/09/2015,3
tblCulture.csv,tattoo,date,002V,13/06/2017,4
tblCulture.csv,tattoo,date,002V,16/07/2019,4
tblCulture.csv,tattoo,date,002V,21/05/2019,4
tblCulture.csv,tattoo,date,002V,21/08/2018,4
tblCulture.csv,tattoo,date,002V,23/05/2018,3
tblCulture.csv,tattoo,date,002V,23/06/2015,3
tblCulture.csv,tattoo,date,002V,23/10/2019,3
tblCulture.csv,tattoo,date,002V,26/01/2016,3
tblCulture.csv,tattoo,date,002V,27/01/2015,4
tblCulture.csv,tattoo,date,002V,31/10/2018,3
tblCulture.csv,tattoo,date,002W,04/05/2005,2
tblCulture.csv,tattoo,date,002Y,09/01/2007,4
tblCulture.csv,tattoo,date,002Y,18/05/2011,4
tblCulture.csv,tattoo,date,002Y,22/05/2007,7
tblCulture.csv,tattoo,date,002Z,26/06/2019,3
tblCulture.csv,tattoo,date,003A,08/09/2015,4
tblCulture.csv,tattoo,date,003A,09/12/2014,4
tblCulture.csv,tattoo,date,003A,12/08/2014,3
tblCulture.csv,tattoo,date,003A,13/07/2016,2
tblCulture.csv,tattoo,date,003A,13/10/2015,4
tblCulture.csv,tattoo,date,003A,14/07/2015,4
tblCulture.csv,tattoo,date,003A,20/05/2014,4
tblCulture.csv,tattoo,date,003A,20/05/2015,3
tblCulture.csv,tattoo,date,003A,21/05/2019,3
tblCulture.csv,tattoo,date,003A,23/09/2014,4
tblCulture.csv,tattoo,date,003A,24/06/2015,2
tblCulture.csv,tattoo,date,003A,26/06/2018,4
tblCulture.csv,tattoo,date,003B,09/05/2006,3
tblCulture.csv,tattoo,date,003B,09/05/2007,4
tblCulture.csv,tattoo,date,003B,18/07/2006,3
tblCulture.csv,tattoo,date,003B,24/10/2006,2
tblCulture.csv,tattoo,date,003B,31/07/2007,4
tblCulture.csv,tattoo,date,003C,03/05/2016,3
tblCulture.csv,tattoo,date,003C,12/07/2016,4
tblCulture.csv,tattoo,date,003E,16/07/2013,5
tblCulture.csv,tattoo,date,003E,20/05/2014,4
tblCulture.csv,tattoo,date,003E,22/05/2013,2
tblCulture.csv,tattoo,date,003E,23/09/2014,3
tblCulture.csv,tattoo,date,003E,24/09/2013,5
tblCulture.csv,tattoo,date,003F,11/05/2010,3
tblCulture.csv,tattoo,date,003G,05/08/2003,2
tblCulture.csv,tattoo,date,003G,13/01/2004,3
tblCulture.csv,tattoo,date,003G,13/05/2003,3
tblCulture.csv,tattoo,date,003G,26/05/2004,2
tblCulture.csv,tattoo,date,003G,28/10/2003,3
tblCulture.csv,tattoo,date,003H,22/01/2020,3
tblCulture.csv,tattoo,date,003K,29/05/2012,3
tblCulture.csv,tattoo,date,003L,25/01/2011,4
tblCulture.csv,tattoo,date,003M,21/08/2018,3
tblCulture.csv,tattoo,date,003M,30/01/2018,2
tblCulture.csv,tattoo,date,003N,11/01/2011,6
tblCulture.csv,tattoo,date,003N,12/07/2011,5
tblCulture.csv,tattoo,date,003N,12/07/2012,5
tblCulture.csv,tattoo,date,003N,13/06/2012,4
tblCulture.csv,tattoo,date,003N,16/11/2010,6
tblCulture.csv,tattoo,date,003N,17/05/2011,5
tblCulture.csv,tattoo,date,003N,19/05/2009,3
tblCulture.csv,tattoo,date,003N,20/09/2011,5
tblCulture.csv,tattoo,date,003N,21/09/2010,4
tblCulture.csv,tattoo,date,003N,24/05/2010,4
tblCulture.csv,tattoo,date,003N,27/10/2009,3
tblCulture.csv,tattoo,date,003P,06/05/2008,4
tblCulture.csv,tattoo,date,003P,09/12/2008,4
tblCulture.csv,tattoo,date,003P,21/10/2008,4
tblCulture.csv,tattoo,date,003P,23/07/2008,3
tblCulture.csv,tattoo,date,003R,20/01/2004,3
tblCulture.csv,tattoo,date,003T,25/01/2017,3
tblCulture.csv,tattoo,date,003V,08/09/2015,3
tblCulture.csv,tattoo,date,003V,09/08/2016,4
tblCulture.csv,tattoo,date,003V,23/06/2015,3
tblCulture.csv,tattoo,date,003V,25/11/2015,3
tblCulture.csv,tattoo,date,003V,26/01/2016,3
tblCulture.csv,tattoo,date,003V,27/01/2015,3
tblCulture.csv,tattoo,date,003W,04/05/2005,2
tblCulture.csv,tattoo,date,003Y,30/01/2007,5
tblCulture.csv,tattoo,date,003Z,13/08/2019,4
tblCulture.csv,tattoo,date,003Z,26/06/2019,3
tblCulture.csv,tattoo,date,004A,03/05/2016,3
tblCulture.csv,tattoo,date,004A,12/08/2014,4
tblCulture.csv,tattoo,date,004A,14/07/2015,4
tblCulture.csv,tattoo,date,004A,21/05/2014,3
tblCulture.csv,tattoo,date,004B,09/05/2006,2
tblCulture.csv,tattoo,date,004B,12/12/2006,4
tblCulture.csv,tattoo,date,004B,18/07/2006,3
tblCulture.csv,tattoo,date,004B,24/10/2006,3
tblCulture.csv,tattoo,date,004C,06/09/2017,3
tblCulture.csv,tattoo,date,004C,09/08/2016,3
tblCulture.csv,tattoo,date,004C,18/10/2016,3
tblCulture.csv,tattoo,date,004C,21/08/2018,4
tblCulture.csv,tattoo,date,004C,24/01/2017,4
tblCulture.csv,tattoo,date,004C,28/06/2016,3
tblCulture.csv,tattoo,date,004E,03/06/2014,4
tblCulture.csv,tattoo,date,004E,03/08/2014,6
tblCulture.csv,tattoo,date,004E,04/06/2013,3
tblCulture.csv,tattoo,date,004E,09/10/2013,3
tblCulture.csv,tattoo,date,004E,14/01/2014,3
tblCulture.csv,tattoo,date,004E,30/07/2013,3
tblCulture.csv,tattoo,date,004F,06/10/2010,5
tblCulture.csv,tattoo,date,004F,07/09/2010,4
tblCulture.csv,tattoo,date,004F,11/05/2010,4
tblCulture.csv,tattoo,date,004G,13/05/2003,3
tblCulture.csv,tattoo,date,004K,18/07/2012,3
tblCulture.csv,tattoo,date,004K,29/05/2012,5
tblCulture.csv,tattoo,date,004L,24/05/2011,4
tblCulture.csv,tattoo,date,004L,26/01/2011,3
tblCulture.csv,tattoo,date,004M,20/08/2019,4
tblCulture.csv,tattoo,date,004M,22/05/2018,4
tblCulture.csv,tattoo,date,004N,02/06/2009,4
tblCulture.csv,tattoo,date,004P,03/06/2009,5
tblCulture.csv,tattoo,date,004P,06/05/2008,2
tblCulture.csv,tattoo,date,004R,03/02/2004,3
tblCulture.csv,tattoo,date,004R,22/06/2005,3
tblCulture.csv,tattoo,date,004T,25/01/2017,3
tblCulture.csv,tattoo,date,004V,27/01/2015,4
tblCulture.csv,tattoo,date,004W,08/05/2007,3
tblCulture.csv,tattoo,date,004W,13/09/2005,2
tblCulture.csv,tattoo,date,004W,13/12/2005,2
tblCulture.csv,tattoo,date,004W,13/12/2006,2
tblCulture.csv,tattoo,date,004W,24/05/2005,3
tblCulture.csv,tattoo,date,004W,31/07/2007,2
tblCulture.csv,tattoo,date,004Y,09/05/2007,3
tblCulture.csv,tattoo,date,004Z,02/10/2019,3
tblCulture.csv,tattoo,date,004Z,10/12/2019,3
tblCulture.csv,tattoo,date,004Z,13/08/2019,4
tblCulture.csv,tattoo,date,004Z,26/06/2019,3
tblCulture.csv,tattoo,date,005A,10/12/2014,3
tblCulture.csv,tattoo,date,005A,12/08/2014,4
tblCulture.csv,tattoo,date,005A,14/07/2015,4
tblCulture.csv,tattoo,date,005A,21/05/2014,3
tblCulture.csv,tattoo,date,005A,23/09/2014,4
tblCulture.csv,tattoo,date,005B,08/05/2007,3
tblCulture.csv,tattoo,date,005B,09/05/2006,2
tblCulture.csv,tattoo,date,005B,12/12/2006,3
tblCulture.csv,tattoo,date,005B,18/07/2006,3
tblCulture.csv,tattoo,date,005B,24/10/2006,3
tblCulture.csv,tattoo,date,005C,18/10/2016,3
tblCulture.csv,tattoo,date,005C,22/08/2018,3
tblCulture.csv,tattoo,date,005C,25/01/2017,3
tblCulture.csv,tattoo,date,005C,28/06/2016,2
tblCulture.csv,tattoo,date,005E,04/06/2013,4
tblCulture.csv,tattoo,date,005E,08/10/2013,2
tblCulture.csv,tattoo,date,005E,30/07/2013,3
tblCulture.csv,tattoo,date,005F,11/05/2010,4
tblCulture.csv,tattoo,date,005G,14/05/2003,3
tblCulture.csv,tattoo,date,005K,29/05/2012,3
tblCulture.csv,tattoo,date,005L,04/10/2011,4
tblCulture.csv,tattoo,date,005L,10/09/2014,3
tblCulture.csv,tattoo,date,005L,13/08/2013,4
tblCulture.csv,tattoo,date,005L,14/08/2012,2
tblCulture.csv,tattoo,date,005L,16/10/2012,4
tblCulture.csv,tattoo,date,005L,18/06/2013,4
tblCulture.csv,tattoo,date,005L,20/07/2011,3
tblCulture.csv,tattoo,date,005L,23/10/2013,2
tblCulture.csv,tattoo,date,005L,24/01/2012,4
tblCulture.csv,tattoo,date,005L,24/05/2011,3
tblCulture.csv,tattoo,date,005L,24/06/2014,3
tblCulture.csv,tattoo,date,005L,26/06/2012,3
tblCulture.csv,tattoo,date,005M,20/08/2019,3
tblCulture.csv,tattoo,date,005M,23/05/2018,2
tblCulture.csv,tattoo,date,005N,02/06/2009,3
tblCulture.csv,tattoo,date,005N,03/05/2011,3
tblCulture.csv,tattoo,date,005N,03/11/2009,4
tblCulture.csv,tattoo,date,005N,07/09/2010,4
tblCulture.csv,tattoo,date,005N,12/05/2010,3
tblCulture.csv,tattoo,date,005N,14/12/2010,3
tblCulture.csv,tattoo,date,005N,15/12/2009,3
tblCulture.csv,tattoo,date,005N,21/07/2009,2
tblCulture.csv,tattoo,date,005P,07/05/2008,2
tblCulture.csv,tattoo,date,005P,07/09/2010,4
tblCulture.csv,tattoo,date,005R,03/02/2004,2
tblCulture.csv,tattoo,date,005T,01/08/2017,3
tblCulture.csv,tattoo,date,005T,04/09/2018,4
tblCulture.csv,tattoo,date,005T,09/01/2018,4
tblCulture.csv,tattoo,date,005T,09/01/2019,3
tblCulture.csv,tattoo,date,005T,10/10/2017,3
tblCulture.csv,tattoo,date,005T,13/06/2017,4
tblCulture.csv,tattoo,date,005T,20/08/2019,4
tblCulture.csv,tattoo,date,005T,21/05/2019,3
tblCulture.csv,tattoo,date,005T,22/05/2018,3
tblCulture.csv,tattoo,date,005T,30/10/2018,3
tblCulture.csv,tattoo,date,005V,08/09/2015,4
tblCulture.csv,tattoo,date,005V,23/06/2015,4
tblCulture.csv,tattoo,date,005V,27/01/2015,4
tblCulture.csv,tattoo,date,005W,09/05/2006,3
tblCulture.csv,tattoo,date,005W,13/09/2005,3
tblCulture.csv,tattoo,date,005W,14/12/2005,2
tblCulture.csv,tattoo,date,005W,19/07/2005,3
tblCulture.csv,tattoo,date,005W,24/05/2005,3
tblCulture.csv,tattoo,date,005Y,09/05/2007,3
tblCulture.csv,tattoo,date,005Z,02/10/2019,3
tblCulture.csv,tattoo,date,005Z,20/08/2019,4
tblCulture.csv,tattoo,date,005Z,26/06/2019,2
tblCulture.csv,tattoo,date,006A,01/08/2017,3
tblCulture.csv,tattoo,date,006A,03/05/2016,4
tblCulture.csv,tattoo,date,006A,10/12/2014,2
tblCulture.csv,tattoo,date,006A,12/08/2014,3
tblCulture.csv,tattoo,date,006A,20/05/2015,3
tblCulture.csv,tattoo,date,006A,21/05/2014,3
tblCulture.csv,tattoo,date,006B,09/05/2006,2
tblCulture.csv,tattoo,date,006C,10/08/2016,3
tblCulture.csv,tattoo,date,006C,11/12/2018,3
tblCulture.csv,tattoo,date,006C,14/11/2017,4
tblCulture.csv,tattoo,date,006C,18/10/2016,4
tblCulture.csv,tattoo,date,006C,21/08/2018,4
tblCulture.csv,tattoo,date,006C,24/01/2017,4
tblCulture.csv,tattoo,date,006C,28/06/2016,4
tblCulture.csv,tattoo,date,006E,03/06/2014,4
tblCulture.csv,tattoo,date,006E,04/06/2013,4
tblCulture.csv,tattoo,date,006E,08/10/2013,4
tblCulture.csv,tattoo,date,006E,20/08/2014,4
tblCulture.csv,tattoo,date,006E,24/04/2015,6
tblCulture.csv,tattoo,date,006E,30/07/2013,4
tblCulture.csv,tattoo,date,006F,12/05/2010,3
tblCulture.csv,tattoo,date,006G,14/05/2003,3
tblCulture.csv,tattoo,date,006G,14/06/2005,5
tblCulture.csv,tattoo,date,006G,25/05/2004,2
tblCulture.csv,tattoo,date,006G,28/10/2003,2
tblCulture.csv,tattoo,date,006K,17/07/2012,4
tblCulture.csv,tattoo,date,006K,29/05/2012,3
tblCulture.csv,tattoo,date,006L,05/07/2011,4
tblCulture.csv,tattoo,date,006L,06/09/2011,4
tblCulture.csv,tattoo,date,006L,07/12/2011,3
tblCulture.csv,tattoo,date,006L,16/07/2013,4
tblCulture.csv,tattoo,date,006L,17/07/2012,3
tblCulture.csv,tattoo,date,006L,18/09/2012,4
tblCulture.csv,tattoo,date,006L,21/05/2013,4
tblCulture.csv,tattoo,date,006L,21/05/2014,3
tblCulture.csv,tattoo,date,006L,23/09/2014,4
tblCulture.csv,tattoo,date,006L,29/05/2012,4
tblCulture.csv,tattoo,date,006M,04/09/2018,4
tblCulture.csv,tattoo,date,006M,05/06/2018,4
tblCulture.csv,tattoo,date,006M,10/09/2019,4
tblCulture.csv,tattoo,date,006M,25/09/2018,4
tblCulture.csv,tattoo,date,006N,02/06/2009,4
tblCulture.csv,tattoo,date,006P,07/05/2008,4
tblCulture.csv,tattoo,date,006P,21/10/2008,4
tblCulture.csv,tattoo,date,006P,22/07/2008,4
tblCulture.csv,tattoo,date,006R,25/05/2004,2
tblCulture.csv,tattoo,date,006T,01/08/2017,4
tblCulture.csv,tattoo,date,006T,04/09/2018,4
tblCulture.csv,tattoo,date,006T,09/01/2018,3
tblCulture.csv,tattoo,date,006T,10/10/2017,4
tblCulture.csv,tattoo,date,006T,13/06/2017,4
tblCulture.csv,tattoo,date,006T,22/05/2018,4
tblCulture.csv,tattoo,date,006V,28/01/2015,2
tblCulture.csv,tattoo,date,006W,24/05/2005,3
tblCulture.csv,tattoo,date,006Y,07/05/2008,4
tblCulture.csv,tattoo,date,006Y,09/05/2007,3
tblCulture.csv,tattoo,date,006Y,22/01/2008,4
tblCulture.csv,tattoo,date,006Y,23/10/2007,4
tblCulture.csv,tattoo,date,006Z,20/08/2019,4
tblCulture.csv,tattoo,date,006Z,26/06/2019,3
tblCulture.csv,tattoo,date,007A,03/05/2016,3
tblCulture.csv,tattoo,date,007A,13/08/2014,2
tblCulture.csv,tattoo,date,007A,20/05/2015,3
tblCulture.csv,tattoo,date,007A,21/05/2014,3
tblCulture.csv,tattoo,date,007B,10/05/2006,3
tblCulture.csv,tattoo,date,007B,13/12/2006,3
tblCulture.csv,tattoo,date,007B,18/07/2006,2
tblCulture.csv,tattoo,date,007B,24/10/2006,3
tblCulture.csv,tattoo,date,007C,05/09/2017,4
tblCulture.csv,tattoo,date,007C,09/08/2016,4
tblCulture.csv,tattoo,date,007C,11/07/2017,3
tblCulture.csv,tattoo,date,007C,15/11/2017,3
tblCulture.csv,tattoo,date,007C,19/10/2016,3
tblCulture.csv,tattoo,date,007C,24/01/2017,3
tblCulture.csv,tattoo,date,007C,28/06/2016,4
tblCulture.csv,tattoo,date,007E,04/06/2013,4
tblCulture.csv,tattoo,date,007E,30/07/2013,4
tblCulture.csv,tattoo,date,007F,05/06/2013,3
tblCulture.csv,tattoo,date,007F,17/05/2011,3
tblCulture.csv,tattoo,date,007F,20/08/2014,3
tblCulture.csv,tattoo,date,007F,24/05/2010,4
tblCulture.csv,tattoo,date,007G,13/09/2005,2
tblCulture.csv,tattoo,date,007G,14/05/2003,3
tblCulture.csv,tattoo,date,007G,18/07/2006,3
tblCulture.csv,tattoo,date,007G,25/05/2004,3
tblCulture.csv,tattoo,date,007G,25/08/2004,2
tblCulture.csv,tattoo,date,007G,28/10/2003,3
tblCulture.csv,tattoo,date,007K,30/05/2012,3
tblCulture.csv,tattoo,date,007L,05/07/2011,4
tblCulture.csv,tattoo,date,007L,06/12/2011,4
tblCulture.csv,tattoo,date,007M,04/09/2018,4
tblCulture.csv,tattoo,date,007M,05/06/2018,3
tblCulture.csv,tattoo,date,007M,13/08/2019,3
tblCulture.csv,tattoo,date,007M,18/06/2019,4
tblCulture.csv,tattoo,date,007M,25/09/2018,4
tblCulture.csv,tattoo,date,007M,27/11/2018,3
tblCulture.csv,tattoo,date,007N,02/06/2009,4
tblCulture.csv,tattoo,date,007N,05/10/2009,6
tblCulture.csv,tattoo,date,007N,21/07/2009,4
tblCulture.csv,tattoo,date,007P,07/05/2008,4
tblCulture.csv,tattoo,date,007P,22/10/2008,4
tblCulture.csv,tattoo,date,007R,25/05/2004,3
tblCulture.csv,tattoo,date,007T,01/08/2017,4
tblCulture.csv,tattoo,date,007T,14/06/2017,3
tblCulture.csv,tattoo,date,007T,22/05/2018,4
tblCulture.csv,tattoo,date,007V,20/05/2015,2
tblCulture.csv,tattoo,date,007W,14/09/2005,3
tblCulture.csv,tattoo,date,007W,24/05/2005,3
tblCulture.csv,tattoo,date,007Y,01/08/2007,2
tblCulture.csv,tattoo,date,007Y,06/05/2008,4
tblCulture.csv,tattoo,date,007Y,09/05/2007,3
tblCulture.csv,tattoo,date,007Y,22/07/2008,2
tblCulture.csv,tattoo,date,007Y,23/01/2008,2
tblCulture.csv,tattoo,date,007Z,13/08/2019,4
tblCulture.csv,tattoo,date,007Z,26/06/2019,2
tblCulture.csv,tattoo,date,008A,03/06/2014,4
tblCulture.csv,tattoo,date,008A,09/06/2015,3
tblCulture.csv,tattoo,date,008A,10/11/2015,5
tblCulture.csv,tattoo,date,008A,19/08/2014,4
tblCulture.csv,tattoo,date,008A,20/01/2015,4
tblCulture.csv,tattoo,date,008A,22/10/2014,2
tblCulture.csv,tattoo,date,008A,25/08/2015,3
tblCulture.csv,tattoo,date,008B,02/06/2009,4
tblCulture.csv,tattoo,date,008B,03/05/2011,2
tblCulture.csv,tattoo,date,008B,07/05/2008,3
tblCulture.csv,tattoo,date,008B,07/09/2010,5
tblCulture.csv,tattoo,date,008B,08/05/2007,4
tblCulture.csv,tattoo,date,008B,10/05/2006,2
tblCulture.csv,tattoo,date,008B,19/07/2006,2
tblCulture.csv,tattoo,date,008B,24/10/2006,3
tblCulture.csv,tattoo,date,008C,10/08/2016,3
tblCulture.csv,tattoo,date,008C,18/10/2016,4
tblCulture.csv,tattoo,date,008C,28/06/2016,3
tblCulture.csv,tattoo,date,008E,04/06/2013,3
tblCulture.csv,tattoo,date,008E,07/10/2013,4
tblCulture.csv,tattoo,date,008E,30/07/2013,3
tblCulture.csv,tattoo,date,008F,15/06/2010,4
tblCulture.csv,tattoo,date,008G,08/10/2004,5
tblCulture.csv,tattoo,date,008G,29/10/2003,3
tblCulture.csv,tattoo,date,008K,13/06/2012,4
tblCulture.csv,tattoo,date,008L,05/07/2011,4
tblCulture.csv,tattoo,date,008L,06/09/2011,4
tblCulture.csv,tattoo,date,008L,20/07/2013,7
tblCulture.csv,tattoo,date,008L,21/05/2013,4
tblCulture.csv,tattoo,date,008L,29/05/2012,4
tblCulture.csv,tattoo,date,008M,04/09/2018,4
tblCulture.csv,tattoo,date,008M,05/06/2018,3
tblCulture.csv,tattoo,date,008M,13/08/2019,4
tblCulture.csv,tattoo,date,008M,18/06/2019,3
tblCulture.csv,tattoo,date,008M,25/09/2018,4
tblCulture.csv,tattoo,date,008M,27/11/2018,3
tblCulture.csv,tattoo,date,008N,02/06/2009,4
tblCulture.csv,tattoo,date,008N,21/07/2009,3
tblCulture.csv,tattoo,date,008P,05/08/2008,4
tblCulture.csv,tattoo,date,008P,11/01/2011,3
tblCulture.csv,tattoo,date,008P,18/05/2011,3
tblCulture.csv,tattoo,date,008P,18/11/2009,3
tblCulture.csv,tattoo,date,008P,19/05/2009,4
tblCulture.csv,tattoo,date,008P,20/05/2008,4
tblCulture.csv,tattoo,date,008P,24/05/2010,3
tblCulture.csv,tattoo,date,008P,27/01/2009,4
tblCulture.csv,tattoo,date,008P,27/10/2009,3
tblCulture.csv,tattoo,date,008R,25/05/2004,3
tblCulture.csv,tattoo,date,008T,15/08/2017,4
tblCulture.csv,tattoo,date,008T,27/06/2017,3
tblCulture.csv,tattoo,date,008V,20/05/2015,3
tblCulture.csv,tattoo,date,008W,02/06/2009,2
tblCulture.csv,tattoo,date,008W,13/09/2005,5
tblCulture.csv,tattoo,date,008W,24/05/2005,3
tblCulture.csv,tattoo,date,008Y,21/08/2007,4
tblCulture.csv,tattoo,date,008Y,22/05/2007,3
tblCulture.csv,tattoo,date,008Z,13/08/2019,4
tblCulture.csv,tattoo,date,008Z,26/06/2019,3
tblCulture.csv,tattoo,date,009A,03/06/2014,3
tblCulture.csv,tattoo,date,009A,19/08/2014,4
tblCulture.csv,tattoo,date,009B,08/05/2007,4
tblCulture.csv,tattoo,date,009B,10/05/2006,3
tblCulture.csv,tattoo,date,009B,18/07/2006,2
tblCulture.csv,tattoo,date,009B,24/10/2006,3
tblCulture.csv,tattoo,date,009B,31/07/2007,3
tblCulture.csv,tattoo,date,009C,09/08/2016,2
tblCulture.csv,tattoo,date,009C,18/10/2016,4
tblCulture.csv,tattoo,date,009C,24/01/2017,3
tblCulture.csv,tattoo,date,009C,28/06/2016,4
tblCulture.csv,tattoo,date,009E,04/06/2013,4
tblCulture.csv,tattoo,date,009F,05/10/2010,4
tblCulture.csv,tattoo,date,009F,15/06/2010,4
tblCulture.csv,tattoo,date,009F,15/08/2011,6
tblCulture.csv,tattoo,date,009F,19/07/2011,3
tblCulture.csv,tattoo,date,009F,24/05/2011,5
tblCulture.csv,tattoo,date,009F,25/01/2011,4
tblCulture.csv,tattoo,date,009F,30/11/2010,4
tblCulture.csv,tattoo,date,009G,14/05/2003,3
tblCulture.csv,tattoo,date,009K,02/10/2012,2
tblCulture.csv,tattoo,date,009K,05/06/2013,3
tblCulture.csv,tattoo,date,009K,11/12/2012,3
tblCulture.csv,tattoo,date,009K,13/06/2012,2
tblCulture.csv,tattoo,date,009K,16/07/2013,3
tblCulture.csv,tattoo,date,009K,21/05/2013,3
tblCulture.csv,tattoo,date,009K,30/07/2013,3
tblCulture.csv,tattoo,date,009K,31/07/2012,3
tblCulture.csv,tattoo,date,009L,05/07/2011,4
tblCulture.csv,tattoo,date,009L,06/09/2011,4
tblCulture.csv,tattoo,date,009L,12/11/2012,6
tblCulture.csv,tattoo,date,009L,18/09/2012,4
tblCulture.csv,tattoo,date,009L,29/05/2012,4
tblCulture.csv,tattoo,date,009M,04/09/2018,4
tblCulture.csv,tattoo,date,009M,05/06/2018,4
tblCulture.csv,tattoo,date,009M,18/06/2019,2
tblCulture.csv,tattoo,date,009M,25/09/2018,4
tblCulture.csv,tattoo,date,009M,27/11/2018,3
tblCulture.csv,tattoo,date,009N,02/06/2009,4
tblCulture.csv,tattoo,date,009N,02/11/2010,4
tblCulture.csv,tattoo,date,009N,04/05/2011,3
tblCulture.csv,tattoo,date,009N,05/07/2011,4
tblCulture.csv,tattoo,date,009N,06/09/2011,3
tblCulture.csv,tattoo,date,009N,07/09/2010,3
tblCulture.csv,tattoo,date,009N,11/05/2010,4
tblCulture.csv,tattoo,date,009N,14/12/2010,4
tblCulture.csv,tattoo,date,009N,21/07/2009,3
tblCulture.csv,tattoo,date,009N,29/05/2012,4
tblCulture.csv,tattoo,date,009P,01/12/2009,3
tblCulture.csv,tattoo,date,009P,04/06/2013,4
tblCulture.csv,tattoo,date,009P,04/06/2014,4
tblCulture.csv,tattoo,date,009P,04/11/2008,4
tblCulture.csv,tattoo,date,009P,05/08/2008,4
tblCulture.csv,tattoo,date,009P,08/10/2013,4
tblCulture.csv,tattoo,date,009P,11/12/2012,3
tblCulture.csv,tattoo,date,009P,12/07/2011,4
tblCulture.csv,tattoo,date,009P,13/01/2009,4
tblCulture.csv,tattoo,date,009P,13/06/2012,4
tblCulture.csv,tattoo,date,009P,13/08/2013,4
tblCulture.csv,tattoo,date,009P,16/11/2010,5
tblCulture.csv,tattoo,date,009P,18/05/2011,3
tblCulture.csv,tattoo,date,009P,19/01/2010,4
tblCulture.csv,tattoo,date,009P,19/05/2009,4
tblCulture.csv,tattoo,date,009P,19/08/2014,3
tblCulture.csv,tattoo,date,009P,20/05/2008,4
tblCulture.csv,tattoo,date,009P,21/09/2010,4
tblCulture.csv,tattoo,date,009P,21/09/2011,3
tblCulture.csv,tattoo,date,009P,21/10/2014,4
tblCulture.csv,tattoo,date,009P,24/05/2010,4
tblCulture.csv,tattoo,date,009P,27/10/2009,3
tblCulture.csv,tattoo,date,009P,31/07/2012,5
tblCulture.csv,tattoo,date,009R,10/05/2006,2
tblCulture.csv,tattoo,date,009R,20/10/2004,2
tblCulture.csv,tattoo,date,009R,24/08/2004,2
tblCulture.csv,tattoo,date,009R,25/05/2004,3
tblCulture.csv,tattoo,date,009T,27/06/2017,4
tblCulture.csv,tattoo,date,009V,14/07/2015,4
tblCulture.csv,tattoo,date,009V,20/05/2015,3
tblCulture.csv,tattoo,date,009W,24/05/2005,3
tblCulture.csv,tattoo,date,009Y,22/05/2007,2
tblCulture.csv,tattoo,date,009Z,02/10/2019,3
tblCulture.csv,tattoo,date,009Z,10/12/2019,3
tblCulture.csv,tattoo,date,009Z,13/08/2019,4
tblCulture.csv,tattoo,date,009Z,26/06/2019,3
tblCulture.csv,tattoo,date,010A,03/06/2014,3
tblCulture.csv,tattoo,date,010A,09/06/2015,5
tblCulture.csv,tattoo,date,010A,19/08/2014,4
tblCulture.csv,tattoo,date,010B,02/08/2006,5
tblCulture.csv,tattoo,date,010B,16/05/2006,2
tblCulture.csv,tattoo,date,010C,12/07/2016,3
tblCulture.csv,tattoo,date,010C,20/09/2016,4
tblCulture.csv,tattoo,date,010E,03/06/2014,4
tblCulture.csv,tattoo,date,010E,04/06/2013,4
tblCulture.csv,tattoo,date,010E,08/10/2013,4
tblCulture.csv,tattoo,date,010E,09/06/2015,3
tblCulture.csv,tattoo,date,010E,19/08/2014,4
tblCulture.csv,tattoo,date,010E,21/10/2014,3
tblCulture.csv,tattoo,date,010E,30/07/2013,4
tblCulture.csv,tattoo,date,010F,04/10/2011,5
tblCulture.csv,tattoo,date,010F,15/06/2010,4
tblCulture.csv,tattoo,date,010F,19/07/2011,4
tblCulture.csv,tattoo,date,010F,25/05/2011,2
tblCulture.csv,tattoo,date,010F,27/06/2018,3
tblCulture.csv,tattoo,date,010G,14/05/2003,3
tblCulture.csv,tattoo,date,010K,13/06/2012,3
tblCulture.csv,tattoo,date,010L,05/07/2011,4
tblCulture.csv,tattoo,date,010L,06/09/2011,3
tblCulture.csv,tattoo,date,010L,19/09/2012,3
tblCulture.csv,tattoo,date,010M,05/06/2018,4
tblCulture.csv,tattoo,date,010M,27/11/2018,3
tblCulture.csv,tattoo,date,010N,02/06/2009,3
tblCulture.csv,tattoo,date,010N,02/11/2010,4
tblCulture.csv,tattoo,date,010N,06/07/2011,3
tblCulture.csv,tattoo,date,010N,11/05/2010,4
tblCulture.csv,tattoo,date,010N,15/12/2009,3
tblCulture.csv,tattoo,date,010N,17/07/2013,3
tblCulture.csv,tattoo,date,010N,29/05/2012,4
tblCulture.csv,tattoo,date,010P,03/06/2014,4
tblCulture.csv,tattoo,date,010P,04/11/2008,4
tblCulture.csv,tattoo,date,010P,05/08/2008,4
tblCulture.csv,tattoo,date,010P,09/06/2015,3
tblCulture.csv,tattoo,date,010P,17/05/2011,3
tblCulture.csv,tattoo,date,010P,19/05/2009,4
tblCulture.csv,tattoo,date,010P,20/08/2014,3
tblCulture.csv,tattoo,date,010P,21/05/2008,2
tblCulture.csv,tattoo,date,010P,25/05/2010,4
tblCulture.csv,tattoo,date,010P,31/07/2013,3
tblCulture.csv,tattoo,date,010R,25/05/2004,3
tblCulture.csv,tattoo,date,010T,15/08/2017,4
tblCulture.csv,tattoo,date,010T,27/06/2017,3
tblCulture.csv,tattoo,date,010V,03/05/2016,3
tblCulture.csv,tattoo,date,010V,12/07/2016,3
tblCulture.csv,tattoo,date,010V,14/10/2015,3
tblCulture.csv,tattoo,date,010V,20/05/2015,3
tblCulture.csv,tattoo,date,010V,21/09/2016,3
tblCulture.csv,tattoo,date,010W,24/05/2005,3
tblCulture.csv,tattoo,date,010Y,02/06/2009,4
tblCulture.csv,tattoo,date,010Y,04/11/2009,3
tblCulture.csv,tattoo,date,010Y,11/12/2007,2
tblCulture.csv,tattoo,date,010Y,14/08/2012,3
tblCulture.csv,tattoo,date,010Y,19/06/2013,2
tblCulture.csv,tattoo,date,010Y,19/09/2012,3
tblCulture.csv,tattoo,date,010Y,20/05/2008,4
tblCulture.csv,tattoo,date,010Y,21/07/2009,4
tblCulture.csv,tattoo,date,010Y,21/08/2007,3
tblCulture.csv,tattoo,date,010Y,21/10/2008,3
tblCulture.csv,tattoo,date,010Y,22/05/2007,3
tblCulture.csv,tattoo,date,010Y,22/07/2008,4
tblCulture.csv,tattoo,date,010Z,02/10/2019,3
tblCulture.csv,tattoo,date,010Z,14/08/2019,3
tblCulture.csv,tattoo,date,010Z,26/06/2019,3
tblCulture.csv,tattoo,date,011A,03/06/2014,3
tblCulture.csv,tattoo,date,011A,19/08/2014,3
tblCulture.csv,tattoo,date,011A,20/01/2015,4
tblCulture.csv,tattoo,date,011A,21/10/2014,3
tblCulture.csv,tattoo,date,011B,01/08/2006,2
tblCulture.csv,tattoo,date,011B,07/11/2006,2
tblCulture.csv,tattoo,date,011B,16/05/2006,2
tblCulture.csv,tattoo,date,011B,21/08/2007,3
tblCulture.csv,tattoo,date,011B,22/07/2008,4
tblCulture.csv,tattoo,date,011B,23/05/2007,2
tblCulture.csv,tattoo,date,011C,06/12/2016,4
tblCulture.csv,tattoo,date,011C,10/08/2016,2
tblCulture.csv,tattoo,date,011C,12/07/2016,4
tblCulture.csv,tattoo,date,011C,18/10/2016,4
tblCulture.csv,tattoo,date,011C,21/09/2016,3
tblCulture.csv,tattoo,date,011C,24/01/2017,3
tblCulture.csv,tattoo,date,011E,04/06/2013,4
tblCulture.csv,tattoo,date,011E,08/10/2013,3
tblCulture.csv,tattoo,date,011E,14/01/2014,3
tblCulture.csv,tattoo,date,011E,30/07/2013,4
tblCulture.csv,tattoo,date,011F,05/10/2010,3
tblCulture.csv,tattoo,date,011F,15/06/2010,4
tblCulture.csv,tattoo,date,011G,05/08/2003,3
tblCulture.csv,tattoo,date,011G,26/05/2004,2
tblCulture.csv,tattoo,date,011G,28/10/2003,4
tblCulture.csv,tattoo,date,011K,13/06/2012,4
tblCulture.csv,tattoo,date,011L,05/07/2011,4
tblCulture.csv,tattoo,date,011L,06/09/2011,3
tblCulture.csv,tattoo,date,011M,05/06/2018,4
tblCulture.csv,tattoo,date,011M,11/09/2019,3
tblCulture.csv,tattoo,date,011M,21/08/2018,3
tblCulture.csv,tattoo,date,011N,02/06/2009,3
tblCulture.csv,tattoo,date,011P,04/11/2008,4
tblCulture.csv,tattoo,date,011P,05/08/2008,4
tblCulture.csv,tattoo,date,011P,13/01/2009,3
tblCulture.csv,tattoo,date,011P,21/05/2008,3
tblCulture.csv,tattoo,date,011R,13/09/2005,3
tblCulture.csv,tattoo,date,011R,19/10/2004,3
tblCulture.csv,tattoo,date,011R,24/05/2005,3
tblCulture.csv,tattoo,date,011R,24/08/2004,3
tblCulture.csv,tattoo,date,011R,25/05/2004,3
tblCulture.csv,tattoo,date,011T,15/08/2017,4
tblCulture.csv,tattoo,date,011T,27/06/2017,2
tblCulture.csv,tattoo,date,011T,31/10/2017,4
tblCulture.csv,tattoo,date,011V,14/07/2015,3
tblCulture.csv,tattoo,date,011V,20/05/2015,4
tblCulture.csv,tattoo,date,011W,14/09/2005,3
tblCulture.csv,tattoo,date,011W,24/05/2005,3
tblCulture.csv,tattoo,date,011Y,01/12/2009,4
tblCulture.csv,tattoo,date,011Y,04/11/2008,4
tblCulture.csv,tattoo,date,011Y,05/08/2008,4
tblCulture.csv,tattoo,date,011Y,09/10/2007,4
tblCulture.csv,tattoo,date,011Y,11/01/2011,3
tblCulture.csv,tattoo,date,011Y,11/12/2007,3
tblCulture.csv,tattoo,date,011Y,12/07/2011,4
tblCulture.csv,tattoo,date,011Y,13/01/2009,4
tblCulture.csv,tattoo,date,011Y,13/06/2012,3
tblCulture.csv,tattoo,date,011Y,17/05/2011,3
tblCulture.csv,tattoo,date,011Y,17/11/2010,2
tblCulture.csv,tattoo,date,011Y,19/05/2009,4
tblCulture.csv,tattoo,date,011Y,20/05/2008,4
tblCulture.csv,tattoo,date,011Y,21/08/2007,3
tblCulture.csv,tattoo,date,011Y,21/09/2010,4
tblCulture.csv,tattoo,date,011Y,21/09/2011,4
tblCulture.csv,tattoo,date,011Y,22/05/2007,3
tblCulture.csv,tattoo,date,011Y,24/05/2010,4
tblCulture.csv,tattoo,date,011Y,27/10/2009,4
tblCulture.csv,tattoo,date,011Z,16/07/2019,4
tblCulture.csv,tattoo,date,012A,04/06/2014,2
tblCulture.csv,tattoo,date,012A,19/08/2014,6
tblCulture.csv,tattoo,date,012A,22/10/2014,2
tblCulture.csv,tattoo,date,012B,01/08/2006,3
tblCulture.csv,tattoo,date,012B,07/11/2006,4
tblCulture.csv,tattoo,date,012B,09/10/2007,3
tblCulture.csv,tattoo,date,012B,10/01/2007,3
tblCulture.csv,tattoo,date,012B,20/05/2008,4
tblCulture.csv,tattoo,date,012B,22/05/2007,3
tblCulture.csv,tattoo,date,012B,28/10/2009,2
tblCulture.csv,tattoo,date,012C,01/08/2017,4
tblCulture.csv,tattoo,date,012C,06/12/2016,3
tblCulture.csv,tattoo,date,012C,10/10/2017,4
tblCulture.csv,tattoo,date,012C,12/07/2016,3
tblCulture.csv,tattoo,date,012C,13/06/2017,5
tblCulture.csv,tattoo,date,012C,20/09/2016,4
tblCulture.csv,tattoo,date,012E,01/08/2017,3
tblCulture.csv,tattoo,date,012E,04/06/2013,4
tblCulture.csv,tattoo,date,012E,12/07/2016,4
tblCulture.csv,tattoo,date,012E,12/08/2014,4
tblCulture.csv,tattoo,date,012E,17/07/2013,2
tblCulture.csv,tattoo,date,012E,20/05/2015,3
tblCulture.csv,tattoo,date,012E,21/05/2014,3
tblCulture.csv,tattoo,date,012E,21/05/2019,3
tblCulture.csv,tattoo,date,012E,22/05/2018,3
tblCulture.csv,tattoo,date,012E,24/09/2013,4
tblCulture.csv,tattoo,date,012E,24/09/2014,2
tblCulture.csv,tattoo,date,012E,31/07/2013,3
tblCulture.csv,tattoo,date,012F,05/10/2010,3
tblCulture.csv,tattoo,date,012F,14/12/2010,3
tblCulture.csv,tattoo,date,012F,15/06/2010,4
tblCulture.csv,tattoo,date,012F,19/07/2011,5
tblCulture.csv,tattoo,date,012F,24/05/2011,4
tblCulture.csv,tattoo,date,012G,08/05/2007,4
tblCulture.csv,tattoo,date,012G,08/06/2004,3
tblCulture.csv,tattoo,date,012G,08/06/2005,2
tblCulture.csv,tattoo,date,012G,11/11/2003,3
tblCulture.csv,tattoo,date,012G,19/08/2003,3
tblCulture.csv,tattoo,date,012G,20/01/2004,3
tblCulture.csv,tattoo,date,012K,13/06/2012,2
tblCulture.csv,tattoo,date,012L,05/07/2011,5
tblCulture.csv,tattoo,date,012L,06/09/2011,3
tblCulture.csv,tattoo,date,012L,10/12/2014,5
tblCulture.csv,tattoo,date,012L,13/08/2014,4
tblCulture.csv,tattoo,date,012L,17/07/2012,3
tblCulture.csv,tattoo,date,012L,17/07/2013,4
tblCulture.csv,tattoo,date,012L,18/09/2012,4
tblCulture.csv,tattoo,date,012L,21/05/2013,3
tblCulture.csv,tattoo,date,012L,29/05/2012,4
tblCulture.csv,tattoo,date,012M,04/09/2018,4
tblCulture.csv,tattoo,date,012M,05/06/2018,4
tblCulture.csv,tattoo,date,012M,10/09/2019,4
tblCulture.csv,tattoo,date,012M,25/09/2018,4
tblCulture.csv,tattoo,date,012N,02/06/2009,4
tblCulture.csv,tattoo,date,012P,01/08/2012,3
tblCulture.csv,tattoo,date,012P,04/06/2013,3
tblCulture.csv,tattoo,date,012P,04/11/2008,3
tblCulture.csv,tattoo,date,012P,05/08/2008,4
tblCulture.csv,tattoo,date,012P,12/07/2011,4
tblCulture.csv,tattoo,date,012P,13/06/2012,3
tblCulture.csv,tattoo,date,012P,18/05/2011,3
tblCulture.csv,tattoo,date,012P,21/05/2008,4
tblCulture.csv,tattoo,date,012P,22/09/2010,3
tblCulture.csv,tattoo,date,012P,30/07/2013,4
tblCulture.csv,tattoo,date,012R,15/08/2006,2
tblCulture.csv,tattoo,date,012R,19/07/2006,2
tblCulture.csv,tattoo,date,012R,19/10/2004,2
tblCulture.csv,tattoo,date,012R,24/05/2005,2
tblCulture.csv,tattoo,date,012R,25/05/2004,3
tblCulture.csv,tattoo,date,012R,30/01/2007,4
tblCulture.csv,tattoo,date,012T,15/08/2017,4
tblCulture.csv,tattoo,date,012T,27/06/2017,4
tblCulture.csv,tattoo,date,012V,20/05/2015,4
tblCulture.csv,tattoo,date,012W,24/05/2005,3
tblCulture.csv,tattoo,date,012Y,05/08/2008,3
tblCulture.csv,tattoo,date,012Y,09/10/2007,4
tblCulture.csv,tattoo,date,012Y,12/12/2007,3
tblCulture.csv,tattoo,date,012Y,20/05/2008,4
tblCulture.csv,tattoo,date,012Y,21/08/2007,4
tblCulture.csv,tattoo,date,012Y,22/05/2007,3
tblCulture.csv,tattoo,date,012Z,16/07/2019,4
tblCulture.csv,tattoo,date,013A,04/06/2014,2
tblCulture.csv,tattoo,date,013A,19/08/2014,4
tblCulture.csv,tattoo,date,013B,17/05/2006,2
tblCulture.csv,tattoo,date,013C,13/07/2016,3
tblCulture.csv,tattoo,date,013E,03/06/2014,4
tblCulture.csv,tattoo,date,013E,04/06/2013,4
tblCulture.csv,tattoo,date,013E,08/10/2013,4
tblCulture.csv,tattoo,date,013E,09/06/2015,3
tblCulture.csv,tattoo,date,013E,10/05/2016,3
tblCulture.csv,tattoo,date,013E,19/08/2014,4
tblCulture.csv,tattoo,date,013E,22/10/2014,2
tblCulture.csv,tattoo,date,013E,30/07/2013,4
tblCulture.csv,tattoo,date,013F,04/10/2011,4
tblCulture.csv,tattoo,date,013F,05/10/2010,4
tblCulture.csv,tattoo,date,013F,14/08/2012,4
tblCulture.csv,tattoo,date,013F,14/12/2010,4
tblCulture.csv,tattoo,date,013F,15/06/2010,4
tblCulture.csv,tattoo,date,013F,19/07/2011,4
tblCulture.csv,tattoo,date,013F,20/09/2012,5
tblCulture.csv,tattoo,date,013F,24/05/2011,3
tblCulture.csv,tattoo,date,013F,25/01/2012,4
tblCulture.csv,tattoo,date,013F,26/06/2012,4
tblCulture.csv,tattoo,date,013G,02/08/2005,3
tblCulture.csv,tattoo,date,013G,08/06/2004,3
tblCulture.csv,tattoo,date,013G,11/11/2003,3
tblCulture.csv,tattoo,date,013G,19/08/2003,2
tblCulture.csv,tattoo,date,013G,20/05/2003,3
tblCulture.csv,tattoo,date,013G,21/05/2008,3
tblCulture.csv,tattoo,date,013G,22/09/2004,4
tblCulture.csv,tattoo,date,013K,13/06/2012,4
tblCulture.csv,tattoo,date,013L,05/07/2011,4
tblCulture.csv,tattoo,date,013L,06/09/2011,4
tblCulture.csv,tattoo,date,013L,06/12/2011,3
tblCulture.csv,tattoo,date,013L,17/07/2012,4
tblCulture.csv,tattoo,date,013L,18/09/2012,4
tblCulture.csv,tattoo,date,013L,29/05/2012,4
tblCulture.csv,tattoo,date,013M,04/09/2018,3
tblCulture.csv,tattoo,date,013M,05/06/2018,4
tblCulture.csv,tattoo,date,013M,10/09/2019,3
tblCulture.csv,tattoo,date,013M,13/08/2019,4
tblCulture.csv,tattoo,date,013M,18/06/2019,2
tblCulture.csv,tattoo,date,013M,20/11/2019,2
tblCulture.csv,tattoo,date,013M,25/09/2018,3
tblCulture.csv,tattoo,date,013M,27/11/2018,3
tblCulture.csv,tattoo,date,013N,02/11/2010,2
tblCulture.csv,tattoo,date,013N,03/05/2011,3
tblCulture.csv,tattoo,date,013N,03/06/2009,3
tblCulture.csv,tattoo,date,013N,03/11/2009,3
tblCulture.csv,tattoo,date,013N,06/09/2011,5
tblCulture.csv,tattoo,date,013N,07/09/2010,3
tblCulture.csv,tattoo,date,013N,07/12/2011,2
tblCulture.csv,tattoo,date,013N,11/05/2010,4
tblCulture.csv,tattoo,date,013N,14/12/2010,2
tblCulture.csv,tattoo,date,013N,15/12/2009,2
tblCulture.csv,tattoo,date,013N,21/07/2009,3
tblCulture.csv,tattoo,date,013N,29/05/2012,3
tblCulture.csv,tattoo,date,013P,05/08/2008,4
tblCulture.csv,tattoo,date,013P,19/05/2009,4
tblCulture.csv,tattoo,date,013P,21/05/2008,3
tblCulture.csv,tattoo,date,013P,25/05/2010,3
tblCulture.csv,tattoo,date,013R,24/08/2004,3
tblCulture.csv,tattoo,date,013R,25/05/2004,3
tblCulture.csv,tattoo,date,013T,15/08/2017,4
tblCulture.csv,tattoo,date,013T,27/06/2017,4
tblCulture.csv,tattoo,date,013V,15/07/2015,2
tblCulture.csv,tattoo,date,013V,20/05/2015,3
tblCulture.csv,tattoo,date,013W,24/05/2005,3
tblCulture.csv,tattoo,date,013Y,04/11/2008,2
tblCulture.csv,tattoo,date,013Y,05/08/2008,5
tblCulture.csv,tattoo,date,013Y,09/10/2007,4
tblCulture.csv,tattoo,date,013Y,13/01/2009,3
tblCulture.csv,tattoo,date,013Y,13/07/2011,3
tblCulture.csv,tattoo,date,013Y,21/08/2007,4
tblCulture.csv,tattoo,date,013Y,22/05/2007,3
tblCulture.csv,tattoo,date,013Z,16/07/2019,4
tblCulture.csv,tattoo,date,013Z,22/01/2020,3
tblCulture.csv,tattoo,date,014A,09/09/2015,2
tblCulture.csv,tattoo,date,014A,24/06/2014,4
tblCulture.csv,tattoo,date,014A,24/06/2015,3
tblCulture.csv,tattoo,date,014A,26/01/2016,2
tblCulture.csv,tattoo,date,014A,27/01/2015,3
tblCulture.csv,tattoo,date,014B,13/01/2009,4
tblCulture.csv,tattoo,date,014B,15/08/2006,2
tblCulture.csv,tattoo,date,014B,22/05/2007,3
tblCulture.csv,tattoo,date,014B,23/05/2006,2
tblCulture.csv,tattoo,date,014B,28/11/2006,4
tblCulture.csv,tattoo,date,014B,30/01/2007,4
tblCulture.csv,tattoo,date,014C,04/10/2016,4
tblCulture.csv,tattoo,date,014C,10/01/2017,4
tblCulture.csv,tattoo,date,014C,26/07/2016,4
tblCulture.csv,tattoo,date,014E,04/06/2013,4
tblCulture.csv,tattoo,date,014E,08/10/2013,4
tblCulture.csv,tattoo,date,014E,27/01/2014,6
tblCulture.csv,tattoo,date,014E,30/07/2013,4
tblCulture.csv,tattoo,date,014F,15/06/2010,4
tblCulture.csv,tattoo,date,014G,08/06/2004,2
tblCulture.csv,tattoo,date,014G,11/11/2003,3
tblCulture.csv,tattoo,date,014G,19/08/2003,3
tblCulture.csv,tattoo,date,014G,20/01/2004,3
tblCulture.csv,tattoo,date,014G,20/05/2003,3
tblCulture.csv,tattoo,date,014K,13/06/2012,4
tblCulture.csv,tattoo,date,014L,05/07/2011,4
tblCulture.csv,tattoo,date,014L,06/09/2011,4
tblCulture.csv,tattoo,date,014L,06/12/2011,4
tblCulture.csv,tattoo,date,014L,17/07/2012,4
tblCulture.csv,tattoo,date,014L,29/05/2012,4
tblCulture.csv,tattoo,date,014M,02/10/2019,3
tblCulture.csv,tattoo,date,014M,04/09/2018,4
tblCulture.csv,tattoo,date,014M,06/06/2018,2
tblCulture.csv,tattoo,date,014M,10/09/2019,2
tblCulture.csv,tattoo,date,014M,13/08/2019,3
tblCulture.csv,tattoo,date,014M,18/06/2019,3
tblCulture.csv,tattoo,date,014M,25/09/2018,3
tblCulture.csv,tattoo,date,014M,27/11/2018,3
tblCulture.csv,tattoo,date,014N,03/06/2009,3
tblCulture.csv,tattoo,date,014N,03/11/2009,4
tblCulture.csv,tattoo,date,014N,05/07/2011,3
tblCulture.csv,tattoo,date,014N,07/09/2010,4
tblCulture.csv,tattoo,date,014N,07/09/2011,3
tblCulture.csv,tattoo,date,014N,11/05/2010,4
tblCulture.csv,tattoo,date,014N,14/12/2010,4
tblCulture.csv,tattoo,date,014N,15/12/2009,3
tblCulture.csv,tattoo,date,014N,21/07/2009,3
tblCulture.csv,tattoo,date,014N,29/05/2012,4
tblCulture.csv,tattoo,date,014P,01/12/2009,3
tblCulture.csv,tattoo,date,014P,04/11/2008,4
tblCulture.csv,tattoo,date,014P,05/08/2008,3
tblCulture.csv,tattoo,date,014P,12/07/2011,4
tblCulture.csv,tattoo,date,014P,13/01/2009,4
tblCulture.csv,tattoo,date,014P,16/11/2010,4
tblCulture.csv,tattoo,date,014P,19/01/2010,3
tblCulture.csv,tattoo,date,014P,19/05/2009,4
tblCulture.csv,tattoo,date,014P,21/05/2008,3
tblCulture.csv,tattoo,date,014P,21/09/2010,4
tblCulture.csv,tattoo,date,014P,21/09/2011,3
tblCulture.csv,tattoo,date,014P,24/01/2012,3
tblCulture.csv,tattoo,date,014P,24/05/2010,5
tblCulture.csv,tattoo,date,014P,27/10/2009,2
tblCulture.csv,tattoo,date,014R,25/05/2004,2
tblCulture.csv,tattoo,date,014T,27/06/2017,4
tblCulture.csv,tattoo,date,014V,20/05/2015,3
tblCulture.csv,tattoo,date,014W,14/09/2005,3
tblCulture.csv,tattoo,date,014W,19/07/2005,3
tblCulture.csv,tattoo,date,014W,24/05/2005,3
tblCulture.csv,tattoo,date,014W,24/11/2005,6
tblCulture.csv,tattoo,date,014Y,22/05/2007,3
tblCulture.csv,tattoo,date,014Y,22/08/2007,3
tblCulture.csv,tattoo,date,014Z,16/07/2019,2
tblCulture.csv,tattoo,date,014Z,22/01/2020,3
tblCulture.csv,tattoo,date,014Z,22/10/2019,3
tblCulture.csv,tattoo,date,015A,04/11/2014,3
tblCulture.csv,tattoo,date,015A,24/06/2014,4
tblCulture.csv,tattoo,date,015B,03/06/2008,4
tblCulture.csv,tattoo,date,015B,06/06/2007,2
tblCulture.csv,tattoo,date,015B,12/09/2007,3
tblCulture.csv,tattoo,date,015B,16/08/2006,2
tblCulture.csv,tattoo,date,015B,19/08/2008,4
tblCulture.csv,tattoo,date,015B,23/05/2006,3
tblCulture.csv,tattoo,date,015B,28/01/2009,3
tblCulture.csv,tattoo,date,015B,31/01/2007,3
tblCulture.csv,tattoo,date,015C,04/10/2016,3
tblCulture.csv,tattoo,date,015C,05/06/2018,4
tblCulture.csv,tattoo,date,015C,10/01/2017,4
tblCulture.csv,tattoo,date,015C,13/08/2019,3
tblCulture.csv,tattoo,date,015C,15/08/2017,3
tblCulture.csv,tattoo,date,015C,16/01/2018,3
tblCulture.csv,tattoo,date,015C,18/06/2019,3
tblCulture.csv,tattoo,date,015C,21/08/2018,4
tblCulture.csv,tattoo,date,015C,25/09/2018,4
tblCulture.csv,tattoo,date,015C,26/07/2016,4
tblCulture.csv,tattoo,date,015C,27/06/2017,3
tblCulture.csv,tattoo,date,015C,27/11/2018,3
tblCulture.csv,tattoo,date,015C,31/10/2017,3
tblCulture.csv,tattoo,date,015E,05/06/2013,3
tblCulture.csv,tattoo,date,015E,08/10/2013,2
tblCulture.csv,tattoo,date,015E,14/01/2014,2
tblCulture.csv,tattoo,date,015E,20/05/2014,4
tblCulture.csv,tattoo,date,015E,30/07/2013,4
tblCulture.csv,tattoo,date,015F,15/06/2010,4
tblCulture.csv,tattoo,date,015G,11/11/2003,2
tblCulture.csv,tattoo,date,015G,19/08/2003,3
tblCulture.csv,tattoo,date,015G,20/01/2004,2
tblCulture.csv,tattoo,date,015G,20/05/2003,3
tblCulture.csv,tattoo,date,015K,13/06/2012,4
tblCulture.csv,tattoo,date,015L,05/07/2011,4
tblCulture.csv,tattoo,date,015L,06/09/2011,4
tblCulture.csv,tattoo,date,015L,17/07/2012,4
tblCulture.csv,tattoo,date,015L,18/09/2012,4
tblCulture.csv,tattoo,date,015L,29/05/2012,4
tblCulture.csv,tattoo,date,015M,06/06/2018,2
tblCulture.csv,tattoo,date,015M,18/06/2019,3
tblCulture.csv,tattoo,date,015M,21/08/2018,3
tblCulture.csv,tattoo,date,015M,25/09/2018,4
tblCulture.csv,tattoo,date,015M,27/11/2018,2
tblCulture.csv,tattoo,date,015N,03/06/2009,3
tblCulture.csv,tattoo,date,015N,21/07/2009,4
tblCulture.csv,tattoo,date,015P,01/12/2009,4
tblCulture.csv,tattoo,date,015P,02/10/2012,2
tblCulture.csv,tattoo,date,015P,03/06/2014,4
tblCulture.csv,tattoo,date,015P,04/06/2013,3
tblCulture.csv,tattoo,date,015P,04/11/2008,5
tblCulture.csv,tattoo,date,015P,05/08/2008,4
tblCulture.csv,tattoo,date,015P,08/10/2013,4
tblCulture.csv,tattoo,date,015P,09/06/2015,4
tblCulture.csv,tattoo,date,015P,10/12/2008,3
tblCulture.csv,tattoo,date,015P,11/01/2012,2
tblCulture.csv,tattoo,date,015P,12/07/2011,4
tblCulture.csv,tattoo,date,015P,13/01/2009,4
tblCulture.csv,tattoo,date,015P,13/06/2012,4
tblCulture.csv,tattoo,date,015P,16/11/2010,3
tblCulture.csv,tattoo,date,015P,17/05/2011,3
tblCulture.csv,tattoo,date,015P,19/01/2010,3
tblCulture.csv,tattoo,date,015P,19/05/2009,3
tblCulture.csv,tattoo,date,015P,19/08/2014,3
tblCulture.csv,tattoo,date,015P,20/09/2011,4
tblCulture.csv,tattoo,date,015P,21/05/2008,4
tblCulture.csv,tattoo,date,015P,21/09/2010,4
tblCulture.csv,tattoo,date,015P,22/10/2014,3
tblCulture.csv,tattoo,date,015P,24/05/2010,4
tblCulture.csv,tattoo,date,015P,27/10/2009,4
tblCulture.csv,tattoo,date,015P,31/07/2012,4
tblCulture.csv,tattoo,date,015R,25/05/2004,3
tblCulture.csv,tattoo,date,015T,01/11/2017,3
tblCulture.csv,tattoo,date,015T,04/09/2018,4
tblCulture.csv,tattoo,date,015T,05/06/2018,3
tblCulture.csv,tattoo,date,015T,13/08/2019,4
tblCulture.csv,tattoo,date,015T,16/08/2017,2
tblCulture.csv,tattoo,date,015T,27/06/2017,3
tblCulture.csv,tattoo,date,015V,04/09/2018,6
tblCulture.csv,tattoo,date,015V,04/10/2016,4
tblCulture.csv,tattoo,date,015V,05/06/2018,4
tblCulture.csv,tattoo,date,015V,09/06/2015,4
tblCulture.csv,tattoo,date,015V,10/05/2016,3
tblCulture.csv,tattoo,date,015V,10/11/2015,3
tblCulture.csv,tattoo,date,015V,12/01/2016,4
tblCulture.csv,tattoo,date,015V,15/08/2017,4
tblCulture.csv,tattoo,date,015V,25/08/2015,3
tblCulture.csv,tattoo,date,015V,25/09/2018,4
tblCulture.csv,tattoo,date,015V,26/07/2016,4
tblCulture.csv,tattoo,date,015V,27/06/2017,3
tblCulture.csv,tattoo,date,015W,24/05/2005,2
tblCulture.csv,tattoo,date,015Y,06/08/2011,6
tblCulture.csv,tattoo,date,015Y,09/10/2007,4
tblCulture.csv,tattoo,date,015Y,19/01/2010,3
tblCulture.csv,tattoo,date,015Y,21/08/2007,4
tblCulture.csv,tattoo,date,015Y,22/05/2007,3
tblCulture.csv,tattoo,date,015Z,16/07/2019,4
tblCulture.csv,tattoo,date,015Z,20/08/2019,4
tblCulture.csv,tattoo,date,015Z,23/10/2019,3
tblCulture.csv,tattoo,date,016A,04/11/2014,4
tblCulture.csv,tattoo,date,016A,08/09/2015,4
tblCulture.csv,tattoo,date,016A,24/06/2014,4
tblCulture.csv,tattoo,date,016A,25/01/2017,3
tblCulture.csv,tattoo,date,016B,03/06/2008,3
tblCulture.csv,tattoo,date,016B,05/05/2009,3
tblCulture.csv,tattoo,date,016B,05/06/2007,3
tblCulture.csv,tattoo,date,016B,15/06/2010,4
tblCulture.csv,tattoo,date,016B,15/08/2006,3
tblCulture.csv,tattoo,date,016B,23/05/2006,3
tblCulture.csv,tattoo,date,016B,29/11/2006,3
tblCulture.csv,tattoo,date,016B,31/01/2007,5
tblCulture.csv,tattoo,date,016C,04/09/2018,3
tblCulture.csv,tattoo,date,016C,04/10/2016,4
tblCulture.csv,tattoo,date,016C,05/06/2018,4
tblCulture.csv,tattoo,date,016C,15/08/2017,4
tblCulture.csv,tattoo,date,016C,26/07/2016,4
tblCulture.csv,tattoo,date,016C,27/06/2017,3
tblCulture.csv,tattoo,date,016E,05/06/2013,2
tblCulture.csv,tattoo,date,016E,05/06/2018,3
tblCulture.csv,tattoo,date,016E,08/10/2013,4
tblCulture.csv,tattoo,date,016E,30/07/2013,3
tblCulture.csv,tattoo,date,016F,16/06/2010,2
tblCulture.csv,tattoo,date,016G,02/08/2005,2
tblCulture.csv,tattoo,date,016G,07/06/2005,2
tblCulture.csv,tattoo,date,016G,09/06/2004,2
tblCulture.csv,tattoo,date,016G,19/08/2003,3
tblCulture.csv,tattoo,date,016G,20/01/2004,2
tblCulture.csv,tattoo,date,016G,20/05/2003,2
tblCulture.csv,tattoo,date,016K,13/06/2012,4
tblCulture.csv,tattoo,date,016L,06/07/2011,4
tblCulture.csv,tattoo,date,016L,06/09/2011,4
tblCulture.csv,tattoo,date,016M,06/06/2018,3
tblCulture.csv,tattoo,date,016M,10/09/2019,4
tblCulture.csv,tattoo,date,016M,18/06/2019,3
tblCulture.csv,tattoo,date,016M,19/11/2019,4
tblCulture.csv,tattoo,date,016M,21/08/2018,4
tblCulture.csv,tattoo,date,016M,25/09/2018,4
tblCulture.csv,tattoo,date,016N,02/11/2010,4
tblCulture.csv,tattoo,date,016N,03/05/2011,5
tblCulture.csv,tattoo,date,016N,03/06/2009,3
tblCulture.csv,tattoo,date,016N,03/11/2009,4
tblCulture.csv,tattoo,date,016N,05/07/2011,4
tblCulture.csv,tattoo,date,016N,06/09/2011,5
tblCulture.csv,tattoo,date,016N,06/12/2011,5
tblCulture.csv,tattoo,date,016P,02/06/2009,4
tblCulture.csv,tattoo,date,016P,04/05/2011,2
tblCulture.csv,tattoo,date,016P,07/09/2010,4
tblCulture.csv,tattoo,date,016P,09/12/2008,3
tblCulture.csv,tattoo,date,016P,11/05/2010,4
tblCulture.csv,tattoo,date,016P,13/08/2013,3
tblCulture.csv,tattoo,date,016P,13/08/2014,3
tblCulture.csv,tattoo,date,016P,15/08/2012,3
tblCulture.csv,tattoo,date,016P,15/12/2009,3
tblCulture.csv,tattoo,date,016P,17/07/2012,4
tblCulture.csv,tattoo,date,016P,18/06/2013,3
tblCulture.csv,tattoo,date,016P,19/09/2012,3
tblCulture.csv,tattoo,date,016P,20/05/2015,3
tblCulture.csv,tattoo,date,016P,21/05/2008,3
tblCulture.csv,tattoo,date,016P,21/07/2009,4
tblCulture.csv,tattoo,date,016P,22/07/2008,4
tblCulture.csv,tattoo,date,016P,22/10/2008,3
tblCulture.csv,tattoo,date,016P,24/05/2011,4
tblCulture.csv,tattoo,date,016R,19/07/2005,3
tblCulture.csv,tattoo,date,016R,25/05/2004,3
tblCulture.csv,tattoo,date,016T,27/06/2017,3
tblCulture.csv,tattoo,date,016V,04/09/2018,4
tblCulture.csv,tattoo,date,016V,04/10/2016,3
tblCulture.csv,tattoo,date,016V,06/06/2018,3
tblCulture.csv,tattoo,date,016V,09/06/2015,3
tblCulture.csv,tattoo,date,016V,10/05/2016,3
tblCulture.csv,tattoo,date,016V,10/09/2019,4
tblCulture.csv,tattoo,date,016V,10/11/2015,4
tblCulture.csv,tattoo,date,016V,11/01/2017,2
tblCulture.csv,tattoo,date,016V,12/01/2016,4
tblCulture.csv,tattoo,date,016V,13/08/2019,3
tblCulture.csv,tattoo,date,016V,15/08/2017,4
tblCulture.csv,tattoo,date,016V,18/06/2019,3
tblCulture.csv,tattoo,date,016V,25/08/2015,3
tblCulture.csv,tattoo,date,016V,25/09/2018,4
tblCulture.csv,tattoo,date,016V,26/07/2016,4
tblCulture.csv,tattoo,date,016V,27/06/2017,3
tblCulture.csv,tattoo,date,016V,31/10/2017,4
tblCulture.csv,tattoo,date,016W,14/09/2005,2
tblCulture.csv,tattoo,date,016W,24/05/2005,3
tblCulture.csv,tattoo,date,016Y,21/08/2007,5
tblCulture.csv,tattoo,date,016Y,22/05/2007,2
tblCulture.csv,tattoo,date,016Z,16/07/2019,4
tblCulture.csv,tattoo,date,017A,04/11/2014,4
tblCulture.csv,tattoo,date,017A,09/08/2016,4
tblCulture.csv,tattoo,date,017A,09/09/2014,4
tblCulture.csv,tattoo,date,017A,22/08/2018,2
tblCulture.csv,tattoo,date,017A,23/06/2015,4
tblCulture.csv,tattoo,date,017A,24/06/2014,4
tblCulture.csv,tattoo,date,017A,25/11/2015,3
tblCulture.csv,tattoo,date,017A,26/01/2016,3
tblCulture.csv,tattoo,date,017A,26/06/2018,3
tblCulture.csv,tattoo,date,017A,27/01/2015,4
tblCulture.csv,tattoo,date,017B,03/06/2008,3
tblCulture.csv,tattoo,date,017B,05/05/2009,4
tblCulture.csv,tattoo,date,017B,11/09/2007,4
tblCulture.csv,tattoo,date,017B,15/06/2010,4
tblCulture.csv,tattoo,date,017B,15/08/2006,3
tblCulture.csv,tattoo,date,017B,23/05/2006,3
tblCulture.csv,tattoo,date,017B,25/05/2011,3
tblCulture.csv,tattoo,date,017B,28/11/2006,4
tblCulture.csv,tattoo,date,017C,26/07/2016,4
tblCulture.csv,tattoo,date,017E,05/06/2013,2
tblCulture.csv,tattoo,date,017E,09/10/2013,3
tblCulture.csv,tattoo,date,017E,17/05/2015,6
tblCulture.csv,tattoo,date,017E,31/07/2013,4
tblCulture.csv,tattoo,date,017F,04/10/2011,3
tblCulture.csv,tattoo,date,017F,05/10/2010,2
tblCulture.csv,tattoo,date,017F,14/01/2013,4
tblCulture.csv,tattoo,date,017F,14/08/2012,4
tblCulture.csv,tattoo,date,017F,16/06/2010,3
tblCulture.csv,tattoo,date,017F,19/07/2011,4
tblCulture.csv,tattoo,date,017F,24/05/2011,4
tblCulture.csv,tattoo,date,017F,25/01/2011,4
tblCulture.csv,tattoo,date,017F,26/06/2012,4
tblCulture.csv,tattoo,date,017F,30/11/2010,4
tblCulture.csv,tattoo,date,017G,21/05/2003,3
tblCulture.csv,tattoo,date,017K,13/06/2012,2
tblCulture.csv,tattoo,date,017L,06/07/2011,3
tblCulture.csv,tattoo,date,017L,06/09/2011,4
tblCulture.csv,tattoo,date,017L,07/12/2011,3
tblCulture.csv,tattoo,date,017L,17/07/2012,4
tblCulture.csv,tattoo,date,017L,29/05/2012,4
tblCulture.csv,tattoo,date,017M,06/06/2018,3
tblCulture.csv,tattoo,date,017M,11/09/2019,3
tblCulture.csv,tattoo,date,017M,18/06/2019,3
tblCulture.csv,tattoo,date,017M,21/08/2018,4
tblCulture.csv,tattoo,date,017M,25/09/2018,4
tblCulture.csv,tattoo,date,017N,03/11/2009,4
tblCulture.csv,tattoo,date,017N,21/07/2009,4
tblCulture.csv,tattoo,date,017P,09/12/2008,3
tblCulture.csv,tattoo,date,017P,16/02/2010,6
tblCulture.csv,tattoo,date,017P,21/05/2008,3
tblCulture.csv,tattoo,date,017P,21/10/2008,4
tblCulture.csv,tattoo,date,017P,22/07/2008,3
tblCulture.csv,tattoo,date,017R,02/06/2009,4
tblCulture.csv,tattoo,date,017R,04/11/2009,3
tblCulture.csv,tattoo,date,017R,05/11/2009,5
tblCulture.csv,tattoo,date,017R,06/05/2008,6
tblCulture.csv,tattoo,date,017R,08/05/2007,5
tblCulture.csv,tattoo,date,017R,09/12/2008,4
tblCulture.csv,tattoo,date,017R,19/07/2005,3
tblCulture.csv,tattoo,date,017R,19/07/2006,2
tblCulture.csv,tattoo,date,017R,19/10/2004,3
tblCulture.csv,tattoo,date,017R,21/07/2009,3
tblCulture.csv,tattoo,date,017R,21/10/2008,4
tblCulture.csv,tattoo,date,017R,22/07/2008,5
tblCulture.csv,tattoo,date,017R,24/05/2005,2
tblCulture.csv,tattoo,date,017R,24/08/2004,3
tblCulture.csv,tattoo,date,017R,24/10/2007,4
tblCulture.csv,tattoo,date,017R,25/05/2004,3
tblCulture.csv,tattoo,date,017T,27/06/2017,3
tblCulture.csv,tattoo,date,017V,05/06/2018,5
tblCulture.csv,tattoo,date,017V,09/06/2015,4
tblCulture.csv,tattoo,date,017V,10/05/2016,3
tblCulture.csv,tattoo,date,017V,25/08/2015,4
tblCulture.csv,tattoo,date,017V,26/07/2016,3
tblCulture.csv,tattoo,date,017V,27/06/2017,3
tblCulture.csv,tattoo,date,017W,24/05/2005,3
tblCulture.csv,tattoo,date,017Y,19/05/2009,5
tblCulture.csv,tattoo,date,017Y,22/05/2007,3
tblCulture.csv,tattoo,date,017Z,17/07/2019,2
tblCulture.csv,tattoo,date,017Z,20/08/2019,4
tblCulture.csv,tattoo,date,017Z,21/01/2020,4
tblCulture.csv,tattoo,date,017Z,22/10/2019,4
tblCulture.csv,tattoo,date,018A,04/11/2014,2
tblCulture.csv,tattoo,date,018A,17/10/2018,3
tblCulture.csv,tattoo,date,018A,23/06/2015,4
tblCulture.csv,tattoo,date,018A,24/06/2014,4
tblCulture.csv,tattoo,date,018A,25/01/2017,3
tblCulture.csv,tattoo,date,018B,05/05/2009,2
tblCulture.csv,tattoo,date,018B,06/11/2007,4
tblCulture.csv,tattoo,date,018B,11/09/2007,3
tblCulture.csv,tattoo,date,018B,15/08/2006,3
tblCulture.csv,tattoo,date,018B,16/06/2010,3
tblCulture.csv,tattoo,date,018B,18/11/2009,3
tblCulture.csv,tattoo,date,018B,23/05/2006,3
tblCulture.csv,tattoo,date,018B,25/05/2011,3
tblCulture.csv,tattoo,date,018B,28/11/2006,3
tblCulture.csv,tattoo,date,018C,26/07/2016,4
tblCulture.csv,tattoo,date,018E,18/06/2013,2
tblCulture.csv,tattoo,date,018F,16/06/2010,2
tblCulture.csv,tattoo,date,018G,08/06/2004,3
tblCulture.csv,tattoo,date,018G,09/11/2004,3
tblCulture.csv,tattoo,date,018G,11/11/2003,2
tblCulture.csv,tattoo,date,018G,19/08/2003,3
tblCulture.csv,tattoo,date,018G,21/05/2003,2
tblCulture.csv,tattoo,date,018G,21/05/2008,3
tblCulture.csv,tattoo,date,018G,23/10/2007,4
tblCulture.csv,tattoo,date,018G,31/03/2009,6
tblCulture.csv,tattoo,date,018K,13/06/2012,4
tblCulture.csv,tattoo,date,018L,04/06/2013,3
tblCulture.csv,tattoo,date,018L,12/07/2011,4
tblCulture.csv,tattoo,date,018L,12/12/2012,3
tblCulture.csv,tattoo,date,018L,13/06/2012,4
tblCulture.csv,tattoo,date,018L,31/07/2012,4
tblCulture.csv,tattoo,date,018M,17/10/2018,3
tblCulture.csv,tattoo,date,018M,21/08/2018,4
tblCulture.csv,tattoo,date,018M,21/08/2019,3
tblCulture.csv,tattoo,date,018M,26/06/2018,4
tblCulture.csv,tattoo,date,018N,03/05/2011,4
tblCulture.csv,tattoo,date,018N,04/11/2009,3
tblCulture.csv,tattoo,date,018N,07/09/2010,3
tblCulture.csv,tattoo,date,018N,07/09/2011,2
tblCulture.csv,tattoo,date,018N,07/12/2011,3
tblCulture.csv,tattoo,date,018N,11/05/2010,4
tblCulture.csv,tattoo,date,018N,14/12/2010,4
tblCulture.csv,tattoo,date,018N,15/12/2009,4
tblCulture.csv,tattoo,date,018N,17/07/2012,4
tblCulture.csv,tattoo,date,018N,18/09/2012,2
tblCulture.csv,tattoo,date,018N,21/07/2009,3
tblCulture.csv,tattoo,date,018P,01/12/2009,3
tblCulture.csv,tattoo,date,018P,04/11/2008,4
tblCulture.csv,tattoo,date,018P,05/08/2008,2
tblCulture.csv,tattoo,date,018P,11/01/2011,2
tblCulture.csv,tattoo,date,018P,12/07/2011,3
tblCulture.csv,tattoo,date,018P,14/01/2009,3
tblCulture.csv,tattoo,date,018P,16/11/2010,4
tblCulture.csv,tattoo,date,018P,17/05/2011,4
tblCulture.csv,tattoo,date,018P,19/01/2010,2
tblCulture.csv,tattoo,date,018P,19/05/2009,2
tblCulture.csv,tattoo,date,018P,21/05/2008,3
tblCulture.csv,tattoo,date,018P,21/09/2010,2
tblCulture.csv,tattoo,date,018P,24/05/2010,5
tblCulture.csv,tattoo,date,018P,24/08/2011,6
tblCulture.csv,tattoo,date,018P,27/10/2009,6
tblCulture.csv,tattoo,date,018R,08/05/2007,6
tblCulture.csv,tattoo,date,018R,11/01/2005,2
tblCulture.csv,tattoo,date,018R,25/05/2004,3
tblCulture.csv,tattoo,date,018T,27/06/2017,3
tblCulture.csv,tattoo,date,018V,09/06/2015,3
tblCulture.csv,tattoo,date,018V,10/05/2016,3
tblCulture.csv,tattoo,date,018W,24/05/2005,3
tblCulture.csv,tattoo,date,018Y,05/08/2008,4
tblCulture.csv,tattoo,date,018Y,11/12/2007,3
tblCulture.csv,tattoo,date,018Y,20/05/2008,4
tblCulture.csv,tattoo,date,018Y,23/05/2007,3
tblCulture.csv,tattoo,date,018Z,17/07/2019,3
tblCulture.csv,tattoo,date,018Z,23/10/2019,3
tblCulture.csv,tattoo,date,019A,05/09/2017,4
tblCulture.csv,tattoo,date,019A,05/11/2014,3
tblCulture.csv,tattoo,date,019A,09/08/2016,3
tblCulture.csv,tattoo,date,019A,09/09/2014,4
tblCulture.csv,tattoo,date,019A,13/08/2019,3
tblCulture.csv,tattoo,date,019A,19/10/2016,3
tblCulture.csv,tattoo,date,019A,21/08/2018,3
tblCulture.csv,tattoo,date,019A,24/01/2017,3
tblCulture.csv,tattoo,date,019A,24/06/2014,4
tblCulture.csv,tattoo,date,019A,24/06/2015,3
tblCulture.csv,tattoo,date,019A,26/01/2016,3
tblCulture.csv,tattoo,date,019A,27/01/2015,2
tblCulture.csv,tattoo,date,019A,30/01/2018,2
tblCulture.csv,tattoo,date,019B,09/10/2007,4
tblCulture.csv,tattoo,date,019B,15/08/2006,3
tblCulture.csv,tattoo,date,019B,22/05/2007,3
tblCulture.csv,tattoo,date,019B,22/08/2007,2
tblCulture.csv,tattoo,date,019B,23/05/2006,3
tblCulture.csv,tattoo,date,019B,28/11/2006,2
tblCulture.csv,tattoo,date,019B,30/01/2007,3
tblCulture.csv,tattoo,date,019C,04/10/2016,4
tblCulture.csv,tattoo,date,019C,26/07/2016,4
tblCulture.csv,tattoo,date,019C,27/06/2017,3
tblCulture.csv,tattoo,date,019E,09/08/2016,4
tblCulture.csv,tattoo,date,019E,14/08/2013,3
tblCulture.csv,tattoo,date,019E,18/06/2013,4
tblCulture.csv,tattoo,date,019E,23/06/2015,4
tblCulture.csv,tattoo,date,019E,24/06/2014,4
tblCulture.csv,tattoo,date,019E,26/06/2018,4
tblCulture.csv,tattoo,date,019E,28/06/2016,4
tblCulture.csv,tattoo,date,019F,16/06/2010,3
tblCulture.csv,tattoo,date,019G,02/08/2005,2
tblCulture.csv,tattoo,date,019G,08/06/2004,3
tblCulture.csv,tattoo,date,019G,11/11/2003,3
tblCulture.csv,tattoo,date,019G,19/08/2003,2
tblCulture.csv,tattoo,date,019G,21/05/2003,3
tblCulture.csv,tattoo,date,019G,22/09/2004,2
tblCulture.csv,tattoo,date,019G,27/09/2005,3
tblCulture.csv,tattoo,date,019K,13/06/2012,4
tblCulture.csv,tattoo,date,019L,12/07/2011,4
tblCulture.csv,tattoo,date,019L,19/08/2014,3
tblCulture.csv,tattoo,date,019L,31/07/2012,4
tblCulture.csv,tattoo,date,019M,12/12/2018,2
tblCulture.csv,tattoo,date,019M,16/10/2018,4
tblCulture.csv,tattoo,date,019M,21/08/2018,4
tblCulture.csv,tattoo,date,019M,21/08/2019,3
tblCulture.csv,tattoo,date,019M,26/06/2018,4
tblCulture.csv,tattoo,date,019M,26/06/2019,3
tblCulture.csv,tattoo,date,019N,03/11/2009,4
tblCulture.csv,tattoo,date,019N,07/09/2010,3
tblCulture.csv,tattoo,date,019N,11/05/2010,3
tblCulture.csv,tattoo,date,019N,15/12/2009,2
tblCulture.csv,tattoo,date,019N,21/07/2009,3
tblCulture.csv,tattoo,date,019P,04/11/2008,4
tblCulture.csv,tattoo,date,019P,05/08/2008,4
tblCulture.csv,tattoo,date,019P,09/06/2015,3
tblCulture.csv,tattoo,date,019P,14/01/2009,3
tblCulture.csv,tattoo,date,019P,17/05/2011,3
tblCulture.csv,tattoo,date,019P,19/08/2014,4
tblCulture.csv,tattoo,date,019P,21/05/2008,4
tblCulture.csv,tattoo,date,019P,21/09/2010,4
tblCulture.csv,tattoo,date,019P,21/09/2011,4
tblCulture.csv,tattoo,date,019P,24/05/2010,3
tblCulture.csv,tattoo,date,019R,08/05/2007,3
tblCulture.csv,tattoo,date,019R,19/10/2004,3
tblCulture.csv,tattoo,date,019R,22/07/2008,5
tblCulture.csv,tattoo,date,019R,24/08/2004,3
tblCulture.csv,tattoo,date,019R,25/05/2004,2
tblCulture.csv,tattoo,date,019T,11/07/2017,3
tblCulture.csv,tattoo,date,019T,27/06/2018,3
tblCulture.csv,tattoo,date,019V,04/10/2016,3
tblCulture.csv,tattoo,date,019V,09/06/2015,4
tblCulture.csv,tattoo,date,019V,10/05/2016,2
tblCulture.csv,tattoo,date,019V,26/07/2016,4
tblCulture.csv,tattoo,date,019W,24/05/2005,3
tblCulture.csv,tattoo,date,019Y,09/10/2007,4
tblCulture.csv,tattoo,date,019Y,21/08/2007,3
tblCulture.csv,tattoo,date,019Y,23/05/2007,3
tblCulture.csv,tattoo,date,019Z,13/08/2019,2
tblCulture.csv,tattoo,date,020A,04/11/2014,4
tblCulture.csv,tattoo,date,020A,08/09/2015,2
tblCulture.csv,tattoo,date,020A,09/09/2014,4
tblCulture.csv,tattoo,date,020A,23/06/2015,3
tblCulture.csv,tattoo,date,020A,24/06/2014,3
tblCulture.csv,tattoo,date,020A,27/01/2015,2
tblCulture.csv,tattoo,date,020B,04/11/2008,4
tblCulture.csv,tattoo,date,020B,05/08/2008,3
tblCulture.csv,tattoo,date,020B,09/10/2007,3
tblCulture.csv,tattoo,date,020B,12/12/2007,2
tblCulture.csv,tattoo,date,020B,16/08/2006,2
tblCulture.csv,tattoo,date,020B,21/08/2007,3
tblCulture.csv,tattoo,date,020B,23/05/2006,2
tblCulture.csv,tattoo,date,020B,28/11/2006,2
tblCulture.csv,tattoo,date,020B,30/01/2007,4
tblCulture.csv,tattoo,date,020C,04/09/2018,3
tblCulture.csv,tattoo,date,020C,04/10/2016,4
tblCulture.csv,tattoo,date,020C,05/06/2018,2
tblCulture.csv,tattoo,date,020C,15/08/2017,4
tblCulture.csv,tattoo,date,020C,25/09/2018,3
tblCulture.csv,tattoo,date,020C,27/06/2017,3
tblCulture.csv,tattoo,date,020C,27/07/2016,3
tblCulture.csv,tattoo,date,020E,10/09/2014,3
tblCulture.csv,tattoo,date,020E,13/08/2013,4
tblCulture.csv,tattoo,date,020E,18/06/2013,4
tblCulture.csv,tattoo,date,020E,23/10/2013,3
tblCulture.csv,tattoo,date,020E,24/06/2014,4
tblCulture.csv,tattoo,date,020F,02/07/2012,6
tblCulture.csv,tattoo,date,020F,04/10/2011,4
tblCulture.csv,tattoo,date,020F,05/10/2010,4
tblCulture.csv,tattoo,date,020F,14/12/2010,4
tblCulture.csv,tattoo,date,020F,19/07/2011,4
tblCulture.csv,tattoo,date,020F,24/01/2012,4
tblCulture.csv,tattoo,date,020F,24/05/2011,4
tblCulture.csv,tattoo,date,020F,25/01/2011,4
tblCulture.csv,tattoo,date,020F,30/11/2010,3
tblCulture.csv,tattoo,date,020G,03/06/2003,2
tblCulture.csv,tattoo,date,020G,04/02/2004,2
tblCulture.csv,tattoo,date,020G,25/11/2003,2
tblCulture.csv,tattoo,date,020K,13/06/2012,4
tblCulture.csv,tattoo,date,020L,04/06/2013,4
tblCulture.csv,tattoo,date,020L,09/06/2015,4
tblCulture.csv,tattoo,date,020L,09/09/2015,2
tblCulture.csv,tattoo,date,020L,10/05/2016,3
tblCulture.csv,tattoo,date,020L,10/09/2019,4
tblCulture.csv,tattoo,date,020L,11/01/2012,3
tblCulture.csv,tattoo,date,020L,12/07/2011,4
tblCulture.csv,tattoo,date,020L,13/06/2012,4
tblCulture.csv,tattoo,date,020L,13/08/2013,4
tblCulture.csv,tattoo,date,020L,18/06/2019,3
tblCulture.csv,tattoo,date,020L,20/08/2014,3
tblCulture.csv,tattoo,date,020L,20/09/2011,3
tblCulture.csv,tattoo,date,020L,22/10/2014,2
tblCulture.csv,tattoo,date,020L,27/06/2017,2
tblCulture.csv,tattoo,date,020L,27/07/2016,3
tblCulture.csv,tattoo,date,020L,30/07/2013,4
tblCulture.csv,tattoo,date,020L,31/07/2012,4
tblCulture.csv,tattoo,date,020M,11/12/2018,4
tblCulture.csv,tattoo,date,020M,16/07/2019,4
tblCulture.csv,tattoo,date,020M,21/05/2019,3
tblCulture.csv,tattoo,date,020M,26/06/2018,4
tblCulture.csv,tattoo,date,020M,30/10/2018,4
tblCulture.csv,tattoo,date,020N,03/05/2011,3
tblCulture.csv,tattoo,date,020N,03/11/2009,3
tblCulture.csv,tattoo,date,020N,05/07/2011,4
tblCulture.csv,tattoo,date,020N,07/09/2011,3
tblCulture.csv,tattoo,date,020N,12/05/2010,3
tblCulture.csv,tattoo,date,020N,15/12/2009,4
tblCulture.csv,tattoo,date,020N,17/07/2012,4
tblCulture.csv,tattoo,date,020N,18/09/2012,4
tblCulture.csv,tattoo,date,020N,21/07/2009,3
tblCulture.csv,tattoo,date,020N,26/03/2013,5
tblCulture.csv,tattoo,date,020P,13/01/2009,4
tblCulture.csv,tattoo,date,020P,19/01/2010,4
tblCulture.csv,tattoo,date,020P,19/05/2009,2
tblCulture.csv,tattoo,date,020P,21/05/2008,3
tblCulture.csv,tattoo,date,020P,27/10/2009,4
tblCulture.csv,tattoo,date,020R,24/08/2004,3
tblCulture.csv,tattoo,date,020R,25/05/2004,4
tblCulture.csv,tattoo,date,020T,02/08/2017,3
tblCulture.csv,tattoo,date,020T,05/09/2017,4
tblCulture.csv,tattoo,date,020T,09/01/2018,2
tblCulture.csv,tattoo,date,020T,10/10/2017,4
tblCulture.csv,tattoo,date,020T,11/07/2017,2
tblCulture.csv,tattoo,date,020T,15/11/2017,2
tblCulture.csv,tattoo,date,020T,16/07/2019,3
tblCulture.csv,tattoo,date,020T,21/01/2020,4
tblCulture.csv,tattoo,date,020T,21/05/2019,3
tblCulture.csv,tattoo,date,020T,21/08/2018,4
tblCulture.csv,tattoo,date,020T,23/05/2018,2
tblCulture.csv,tattoo,date,020T,23/10/2019,2
tblCulture.csv,tattoo,date,020T,26/06/2018,4
tblCulture.csv,tattoo,date,020T,30/01/2018,3
tblCulture.csv,tattoo,date,020T,30/10/2018,3
tblCulture.csv,tattoo,date,020V,05/10/2016,4
tblCulture.csv,tattoo,date,020V,09/06/2015,4
tblCulture.csv,tattoo,date,020V,10/05/2016,3
tblCulture.csv,tattoo,date,020W,24/05/2005,3
tblCulture.csv,tattoo,date,020Y,04/11/2008,4
tblCulture.csv,tattoo,date,020Y,05/08/2008,2
tblCulture.csv,tattoo,date,020Y,12/12/2007,3
tblCulture.csv,tattoo,date,020Y,13/01/2009,3
tblCulture.csv,tattoo,date,020Y,13/07/2011,4
tblCulture.csv,tattoo,date,020Y,17/05/2011,5
tblCulture.csv,tattoo,date,020Y,19/01/2010,2
tblCulture.csv,tattoo,date,020Y,19/05/2009,4
tblCulture.csv,tattoo,date,020Y,20/05/2008,4
tblCulture.csv,tattoo,date,020Y,21/08/2007,3
tblCulture.csv,tattoo,date,020Y,21/09/2010,4
tblCulture.csv,tattoo,date,020Y,23/05/2007,2
tblCulture.csv,tattoo,date,020Y,24/05/2010,7
tblCulture.csv,tattoo,date,020Y,27/10/2009,3
tblCulture.csv,tattoo,date,020Z,02/10/2019,3
tblCulture.csv,tattoo,date,020Z,10/12/2019,2
tblCulture.csv,tattoo,date,020Z,13/08/2019,3
tblCulture.csv,tattoo,date,021A,09/09/2014,3
tblCulture.csv,tattoo,date,021A,24/06/2014,2
tblCulture.csv,tattoo,date,021A,29/09/2014,4
tblCulture.csv,tattoo,date,021B,04/10/2011,3
tblCulture.csv,tattoo,date,021B,05/05/2009,4
tblCulture.csv,tattoo,date,021B,06/10/2010,3
tblCulture.csv,tattoo,date,021B,06/11/2007,3
tblCulture.csv,tattoo,date,021B,11/09/2007,4
tblCulture.csv,tattoo,date,021B,16/06/2010,3
tblCulture.csv,tattoo,date,021B,16/08/2006,2
tblCulture.csv,tattoo,date,021B,19/07/2011,4
tblCulture.csv,tattoo,date,021B,23/05/2006,3
tblCulture.csv,tattoo,date,021B,24/05/2011,4
tblCulture.csv,tattoo,date,021B,28/11/2006,3
tblCulture.csv,tattoo,date,021B,31/01/2007,3
tblCulture.csv,tattoo,date,021C,01/08/2017,4
tblCulture.csv,tattoo,date,021C,04/09/2018,4
tblCulture.csv,tattoo,date,021C,09/08/2016,3
tblCulture.csv,tattoo,date,021C,10/10/2017,4
tblCulture.csv,tattoo,date,021C,11/07/2017,4
tblCulture.csv,tattoo,date,021C,13/06/2017,4
tblCulture.csv,tattoo,date,021C,14/11/2017,3
tblCulture.csv,tattoo,date,021C,16/07/2019,3
tblCulture.csv,tattoo,date,021C,17/10/2018,3
tblCulture.csv,tattoo,date,021C,18/10/2016,3
tblCulture.csv,tattoo,date,021C,21/05/2019,3
tblCulture.csv,tattoo,date,021C,22/05/2018,3
tblCulture.csv,tattoo,date,021E,10/09/2014,3
tblCulture.csv,tattoo,date,021E,13/08/2013,4
tblCulture.csv,tattoo,date,021E,18/06/2013,3
tblCulture.csv,tattoo,date,021E,22/10/2013,4
tblCulture.csv,tattoo,date,021E,24/06/2014,4
tblCulture.csv,tattoo,date,021E,27/01/2015,3
tblCulture.csv,tattoo,date,021E,28/01/2014,4
tblCulture.csv,tattoo,date,021F,02/11/2010,3
tblCulture.csv,tattoo,date,021F,04/05/2011,2
tblCulture.csv,tattoo,date,021F,05/07/2011,3
tblCulture.csv,tattoo,date,021F,07/09/2010,2
tblCulture.csv,tattoo,date,021F,07/09/2011,3
tblCulture.csv,tattoo,date,021F,29/05/2012,5
tblCulture.csv,tattoo,date,021G,02/09/2003,3
tblCulture.csv,tattoo,date,021G,03/06/2003,3
tblCulture.csv,tattoo,date,021G,25/11/2003,2
tblCulture.csv,tattoo,date,021K,15/08/2012,3
tblCulture.csv,tattoo,date,021K,16/10/2012,2
tblCulture.csv,tattoo,date,021K,26/06/2012,4
tblCulture.csv,tattoo,date,021L,01/11/2017,3
tblCulture.csv,tattoo,date,021L,02/10/2012,4
tblCulture.csv,tattoo,date,021L,04/10/2016,3
tblCulture.csv,tattoo,date,021L,10/01/2012,4
tblCulture.csv,tattoo,date,021L,11/12/2012,4
tblCulture.csv,tattoo,date,021L,12/07/2011,4
tblCulture.csv,tattoo,date,021L,13/06/2012,4
tblCulture.csv,tattoo,date,021L,16/01/2018,2
tblCulture.csv,tattoo,date,021L,19/08/2014,4
tblCulture.csv,tattoo,date,021L,21/09/2011,3
tblCulture.csv,tattoo,date,021L,25/08/2015,2
tblCulture.csv,tattoo,date,021L,27/06/2017,3
tblCulture.csv,tattoo,date,021L,30/07/2013,4
tblCulture.csv,tattoo,date,021L,31/07/2012,4
tblCulture.csv,tattoo,date,021M,21/08/2018,4
tblCulture.csv,tattoo,date,021M,26/06/2018,4
tblCulture.csv,tattoo,date,021N,03/11/2009,3
tblCulture.csv,tattoo,date,021N,15/12/2009,3
tblCulture.csv,tattoo,date,021N,21/07/2009,2
tblCulture.csv,tattoo,date,021P,03/06/2008,3
tblCulture.csv,tattoo,date,021P,05/05/2009,4
tblCulture.csv,tattoo,date,021P,18/11/2008,3
tblCulture.csv,tattoo,date,021P,19/08/2008,4
tblCulture.csv,tattoo,date,021P,27/01/2009,2
tblCulture.csv,tattoo,date,021R,25/05/2004,2
tblCulture.csv,tattoo,date,021T,04/09/2018,4
tblCulture.csv,tattoo,date,021T,05/09/2017,3
tblCulture.csv,tattoo,date,021T,11/07/2017,3
tblCulture.csv,tattoo,date,021T,11/12/2018,4
tblCulture.csv,tattoo,date,021T,14/11/2017,4
tblCulture.csv,tattoo,date,021T,16/07/2019,4
tblCulture.csv,tattoo,date,021T,17/10/2018,3
tblCulture.csv,tattoo,date,021T,20/08/2019,4
tblCulture.csv,tattoo,date,021T,21/05/2019,4
tblCulture.csv,tattoo,date,021T,21/08/2018,4
tblCulture.csv,tattoo,date,021T,23/05/2018,3
tblCulture.csv,tattoo,date,021T,23/10/2019,3
tblCulture.csv,tattoo,date,021T,26/06/2018,3
tblCulture.csv,tattoo,date,021T,30/01/2018,4
tblCulture.csv,tattoo,date,021T,30/10/2018,4
tblCulture.csv,tattoo,date,021V,04/10/2016,3
tblCulture.csv,tattoo,date,021V,05/09/2017,3
tblCulture.csv,tattoo,date,021V,09/06/2015,4
tblCulture.csv,tattoo,date,021V,10/05/2016,2
tblCulture.csv,tattoo,date,021V,10/11/2015,3
tblCulture.csv,tattoo,date,021V,11/01/2017,3
tblCulture.csv,tattoo,date,021V,11/07/2017,3
tblCulture.csv,tattoo,date,021V,25/08/2015,2
tblCulture.csv,tattoo,date,021V,26/07/2016,3
tblCulture.csv,tattoo,date,021V,27/06/2017,2
tblCulture.csv,tattoo,date,021V,27/06/2018,2
tblCulture.csv,tattoo,date,021W,14/09/2005,2
tblCulture.csv,tattoo,date,021W,24/05/2005,3
tblCulture.csv,tattoo,date,021Y,09/10/2007,5
tblCulture.csv,tattoo,date,021Y,12/12/2007,3
tblCulture.csv,tattoo,date,021Y,21/08/2007,4
tblCulture.csv,tattoo,date,021Y,23/05/2007,2
tblCulture.csv,tattoo,date,021Z,02/10/2019,3
tblCulture.csv,tattoo,date,021Z,13/08/2019,4
tblCulture.csv,tattoo,date,022A,08/09/2015,3
tblCulture.csv,tattoo,date,022A,09/09/2014,4
tblCulture.csv,tattoo,date,022A,10/05/2016,3
tblCulture.csv,tattoo,date,022A,23/06/2015,3
tblCulture.csv,tattoo,date,022A,24/06/2014,4
tblCulture.csv,tattoo,date,022A,25/11/2015,2
tblCulture.csv,tattoo,date,022A,27/01/2015,3
tblCulture.csv,tattoo,date,022B,05/10/2010,4
tblCulture.csv,tattoo,date,022B,06/06/2007,2
tblCulture.csv,tattoo,date,022B,14/08/2012,4
tblCulture.csv,tattoo,date,022B,15/08/2006,3
tblCulture.csv,tattoo,date,022B,22/10/2013,4
tblCulture.csv,tattoo,date,022B,23/05/2006,3
tblCulture.csv,tattoo,date,022B,24/01/2012,3
tblCulture.csv,tattoo,date,022B,28/11/2006,4
tblCulture.csv,tattoo,date,022B,30/11/2010,4
tblCulture.csv,tattoo,date,022C,05/09/2017,3
tblCulture.csv,tattoo,date,022C,09/08/2016,4
tblCulture.csv,tattoo,date,022C,11/07/2017,2
tblCulture.csv,tattoo,date,022C,17/10/2018,3
tblCulture.csv,tattoo,date,022C,18/10/2016,4
tblCulture.csv,tattoo,date,022E,04/11/2014,4
tblCulture.csv,tattoo,date,022E,10/08/2016,3
tblCulture.csv,tattoo,date,022E,14/08/2013,3
tblCulture.csv,tattoo,date,022E,18/06/2013,3
tblCulture.csv,tattoo,date,022E,18/10/2016,4
tblCulture.csv,tattoo,date,022E,22/10/2013,3
tblCulture.csv,tattoo,date,022E,23/06/2015,4
tblCulture.csv,tattoo,date,022E,24/06/2014,4
tblCulture.csv,tattoo,date,022E,25/01/2017,4
tblCulture.csv,tattoo,date,022E,26/01/2016,2
tblCulture.csv,tattoo,date,022E,27/01/2015,7
tblCulture.csv,tattoo,date,022F,01/08/2012,3
tblCulture.csv,tattoo,date,022F,04/06/2013,3
tblCulture.csv,tattoo,date,022F,11/01/2011,3
tblCulture.csv,tattoo,date,022F,12/07/2011,2
tblCulture.csv,tattoo,date,022F,16/11/2010,4
tblCulture.csv,tattoo,date,022F,17/05/2011,2
tblCulture.csv,tattoo,date,022F,20/09/2011,3
tblCulture.csv,tattoo,date,022F,21/09/2010,3
tblCulture.csv,tattoo,date,022F,30/07/2013,4
tblCulture.csv,tattoo,date,022G,01/02/2005,3
tblCulture.csv,tattoo,date,022G,03/02/2004,3
tblCulture.csv,tattoo,date,022G,03/06/2003,3
tblCulture.csv,tattoo,date,022G,03/09/2003,2
tblCulture.csv,tattoo,date,022G,05/05/2009,4
tblCulture.csv,tattoo,date,022G,07/07/2004,3
tblCulture.csv,tattoo,date,022G,15/08/2006,3
tblCulture.csv,tattoo,date,022G,17/08/2005,2
tblCulture.csv,tattoo,date,022G,19/08/2008,4
tblCulture.csv,tattoo,date,022G,21/06/2005,3
tblCulture.csv,tattoo,date,022G,25/11/2003,3
tblCulture.csv,tattoo,date,022K,26/06/2012,2
tblCulture.csv,tattoo,date,022L,10/01/2012,4
tblCulture.csv,tattoo,date,022L,12/07/2011,4
tblCulture.csv,tattoo,date,022L,13/06/2012,4
tblCulture.csv,tattoo,date,022L,20/09/2011,4
tblCulture.csv,tattoo,date,022M,26/06/2018,4
tblCulture.csv,tattoo,date,022N,03/05/2011,5
tblCulture.csv,tattoo,date,022N,06/09/2011,4
tblCulture.csv,tattoo,date,022N,07/09/2010,4
tblCulture.csv,tattoo,date,022N,11/05/2010,6
tblCulture.csv,tattoo,date,022N,21/07/2009,3
tblCulture.csv,tattoo,date,022N,30/05/2012,3
tblCulture.csv,tattoo,date,022P,03/06/2008,3
tblCulture.csv,tattoo,date,022P,05/05/2009,3
tblCulture.csv,tattoo,date,022P,06/10/2010,4
tblCulture.csv,tattoo,date,022P,14/08/2012,3
tblCulture.csv,tattoo,date,022P,15/06/2010,3
tblCulture.csv,tattoo,date,022P,25/05/2011,3
tblCulture.csv,tattoo,date,022P,30/11/2010,3
tblCulture.csv,tattoo,date,022R,26/05/2004,2
tblCulture.csv,tattoo,date,022T,11/07/2017,4
tblCulture.csv,tattoo,date,022T,15/11/2017,3
tblCulture.csv,tattoo,date,022V,09/06/2015,4
tblCulture.csv,tattoo,date,022W,13/09/2005,2
tblCulture.csv,tattoo,date,022W,24/05/2005,3
tblCulture.csv,tattoo,date,022Y,22/08/2007,3
tblCulture.csv,tattoo,date,022Y,23/05/2007,2
tblCulture.csv,tattoo,date,022Z,10/09/2019,4
tblCulture.csv,tattoo,date,022Z,13/08/2019,3
tblCulture.csv,tattoo,date,022Z,19/11/2019,4
tblCulture.csv,tattoo,date,023A,08/09/2015,3
tblCulture.csv,tattoo,date,023A,23/06/2015,3
tblCulture.csv,tattoo,date,023A,24/06/2014,3
tblCulture.csv,tattoo,date,023A,25/11/2015,2
tblCulture.csv,tattoo,date,023A,26/01/2016,3
tblCulture.csv,tattoo,date,023A,27/01/2015,4
tblCulture.csv,tattoo,date,023B,03/06/2008,4
tblCulture.csv,tattoo,date,023B,05/06/2007,4
tblCulture.csv,tattoo,date,023B,07/11/2007,3
tblCulture.csv,tattoo,date,023B,08/01/2008,5
tblCulture.csv,tattoo,date,023B,11/09/2007,4
tblCulture.csv,tattoo,date,023B,15/08/2006,3
tblCulture.csv,tattoo,date,023B,19/08/2008,4
tblCulture.csv,tattoo,date,023B,19/11/2008,4
tblCulture.csv,tattoo,date,023B,28/01/2009,3
tblCulture.csv,tattoo,date,023B,30/01/2007,5
tblCulture.csv,tattoo,date,023C,10/08/2016,3
tblCulture.csv,tattoo,date,023C,10/10/2017,4
tblCulture.csv,tattoo,date,023C,11/07/2017,3
tblCulture.csv,tattoo,date,023C,18/10/2016,4
tblCulture.csv,tattoo,date,023C,25/01/2017,3
tblCulture.csv,tattoo,date,023E,18/06/2013,4
tblCulture.csv,tattoo,date,023E,28/01/2014,4
tblCulture.csv,tattoo,date,023F,11/01/2011,4
tblCulture.csv,tattoo,date,023F,12/07/2011,4
tblCulture.csv,tattoo,date,023F,16/11/2010,3
tblCulture.csv,tattoo,date,023F,17/05/2011,3
tblCulture.csv,tattoo,date,023F,20/09/2011,4
tblCulture.csv,tattoo,date,023F,21/09/2010,2
tblCulture.csv,tattoo,date,023G,03/06/2003,3
tblCulture.csv,tattoo,date,023G,06/06/2003,5
tblCulture.csv,tattoo,date,023K,26/06/2012,3
tblCulture.csv,tattoo,date,023L,10/01/2012,3
tblCulture.csv,tattoo,date,023L,13/06/2012,4
tblCulture.csv,tattoo,date,023L,13/07/2011,2
tblCulture.csv,tattoo,date,023L,20/09/2011,3
tblCulture.csv,tattoo,date,023L,31/07/2012,5
tblCulture.csv,tattoo,date,023M,11/12/2018,4
tblCulture.csv,tattoo,date,023M,16/07/2019,4
tblCulture.csv,tattoo,date,023M,16/10/2018,4
tblCulture.csv,tattoo,date,023M,20/08/2019,3
tblCulture.csv,tattoo,date,023M,21/05/2019,4
tblCulture.csv,tattoo,date,023M,21/08/2018,4
tblCulture.csv,tattoo,date,023M,22/10/2019,4
tblCulture.csv,tattoo,date,023M,26/06/2018,4
tblCulture.csv,tattoo,date,023M,30/10/2018,4
tblCulture.csv,tattoo,date,023N,04/10/2011,4
tblCulture.csv,tattoo,date,023N,05/10/2010,5
tblCulture.csv,tattoo,date,023N,12/09/2015,6
tblCulture.csv,tattoo,date,023N,13/10/2009,3
tblCulture.csv,tattoo,date,023N,14/08/2012,4
tblCulture.csv,tattoo,date,023N,15/06/2010,4
tblCulture.csv,tattoo,date,023N,17/11/2009,4
tblCulture.csv,tattoo,date,023N,20/05/2014,3
tblCulture.csv,tattoo,date,023N,24/05/2011,4
tblCulture.csv,tattoo,date,023N,26/01/2010,4
tblCulture.csv,tattoo,date,023N,26/01/2011,3
tblCulture.csv,tattoo,date,023N,26/06/2012,4
tblCulture.csv,tattoo,date,023P,03/06/2008,3
tblCulture.csv,tattoo,date,023P,05/05/2009,4
tblCulture.csv,tattoo,date,023P,05/10/2010,3
tblCulture.csv,tattoo,date,023P,14/12/2010,4
tblCulture.csv,tattoo,date,023P,17/11/2009,3
tblCulture.csv,tattoo,date,023P,18/11/2008,4
tblCulture.csv,tattoo,date,023P,19/08/2008,4
tblCulture.csv,tattoo,date,023P,25/01/2011,4
tblCulture.csv,tattoo,date,023P,27/01/2009,4
tblCulture.csv,tattoo,date,023P,30/11/2010,3
tblCulture.csv,tattoo,date,023R,11/01/2005,4
tblCulture.csv,tattoo,date,023R,25/08/2004,4
tblCulture.csv,tattoo,date,023T,11/07/2017,3
tblCulture.csv,tattoo,date,023T,22/08/2018,3
tblCulture.csv,tattoo,date,023T,27/06/2018,4
tblCulture.csv,tattoo,date,023V,05/10/2016,2
tblCulture.csv,tattoo,date,023V,09/06/2015,3
tblCulture.csv,tattoo,date,023V,11/11/2015,3
tblCulture.csv,tattoo,date,023V,25/08/2015,2
tblCulture.csv,tattoo,date,023W,25/05/2005,2
tblCulture.csv,tattoo,date,023Y,05/08/2008,4
tblCulture.csv,tattoo,date,023Y,16/11/2010,6
tblCulture.csv,tattoo,date,023Y,21/09/2010,4
tblCulture.csv,tattoo,date,023Y,24/05/2010,4
tblCulture.csv,tattoo,date,023Z,11/09/2019,3
tblCulture.csv,tattoo,date,023Z,13/08/2019,3
tblCulture.csv,tattoo,date,023Z,19/11/2019,4
tblCulture.csv,tattoo,date,024A,09/09/2014,4
tblCulture.csv,tattoo,date,024A,25/06/2014,4
tblCulture.csv,tattoo,date,024B,03/06/2008,3
tblCulture.csv,tattoo,date,024B,06/06/2007,3
tblCulture.csv,tattoo,date,024B,07/11/2007,3
tblCulture.csv,tattoo,date,024B,08/01/2008,4
tblCulture.csv,tattoo,date,024B,11/09/2007,4
tblCulture.csv,tattoo,date,024B,14/08/2012,3
tblCulture.csv,tattoo,date,024B,16/08/2006,2
tblCulture.csv,tattoo,date,024B,18/06/2013,3
tblCulture.csv,tattoo,date,024B,19/11/2008,2
tblCulture.csv,tattoo,date,024B,23/05/2006,4
tblCulture.csv,tattoo,date,024B,24/06/2014,3
tblCulture.csv,tattoo,date,024B,28/11/2006,3
tblCulture.csv,tattoo,date,024B,31/01/2007,3
tblCulture.csv,tattoo,date,024C,05/09/2017,4
tblCulture.csv,tattoo,date,024C,10/08/2016,2
tblCulture.csv,tattoo,date,024C,11/07/2017,4
tblCulture.csv,tattoo,date,024C,15/11/2017,3
tblCulture.csv,tattoo,date,024C,18/10/2016,4
tblCulture.csv,tattoo,date,024C,24/01/2017,4
tblCulture.csv,tattoo,date,024C,30/01/2018,3
tblCulture.csv,tattoo,date,024E,09/09/2015,2
tblCulture.csv,tattoo,date,024E,13/08/2013,4
tblCulture.csv,tattoo,date,024E,18/06/2013,4
tblCulture.csv,tattoo,date,024E,18/10/2016,4
tblCulture.csv,tattoo,date,024E,23/06/2015,4
tblCulture.csv,tattoo,date,024E,28/01/2014,4
tblCulture.csv,tattoo,date,024F,16/11/2010,4
tblCulture.csv,tattoo,date,024F,17/05/2011,4
tblCulture.csv,tattoo,date,024F,21/09/2011,3
tblCulture.csv,tattoo,date,024F,22/09/2010,3
tblCulture.csv,tattoo,date,024G,03/06/2003,2
tblCulture.csv,tattoo,date,024G,04/02/2004,3
tblCulture.csv,tattoo,date,024G,06/11/2007,4
tblCulture.csv,tattoo,date,024K,14/08/2012,4
tblCulture.csv,tattoo,date,024K,26/06/2012,3
tblCulture.csv,tattoo,date,024L,11/01/2012,4
tblCulture.csv,tattoo,date,024L,13/06/2012,4
tblCulture.csv,tattoo,date,024L,13/07/2011,3
tblCulture.csv,tattoo,date,024L,20/09/2011,4
tblCulture.csv,tattoo,date,024M,04/09/2018,4
tblCulture.csv,tattoo,date,024M,11/12/2018,3
tblCulture.csv,tattoo,date,024M,16/07/2019,4
tblCulture.csv,tattoo,date,024M,21/05/2019,4
tblCulture.csv,tattoo,date,024M,26/06/2018,4
tblCulture.csv,tattoo,date,024M,30/10/2018,4
tblCulture.csv,tattoo,date,024N,13/10/2009,4
tblCulture.csv,tattoo,date,024N,17/11/2009,4
tblCulture.csv,tattoo,date,024P,03/06/2008,3
tblCulture.csv,tattoo,date,024P,13/08/2013,4
tblCulture.csv,tattoo,date,024P,16/10/2012,4
tblCulture.csv,tattoo,date,024P,19/06/2013,2
tblCulture.csv,tattoo,date,024P,20/08/2008,3
tblCulture.csv,tattoo,date,024P,26/01/2016,3
tblCulture.csv,tattoo,date,024P,26/06/2012,4
tblCulture.csv,tattoo,date,024P,30/11/2010,4
tblCulture.csv,tattoo,date,024R,26/05/2004,2
tblCulture.csv,tattoo,date,024T,01/08/2017,3
tblCulture.csv,tattoo,date,024T,04/09/2018,3
tblCulture.csv,tattoo,date,024T,08/01/2019,2
tblCulture.csv,tattoo,date,024T,09/01/2018,4
tblCulture.csv,tattoo,date,024T,16/07/2019,3
tblCulture.csv,tattoo,date,024T,22/05/2018,3
tblCulture.csv,tattoo,date,024T,22/05/2019,3
tblCulture.csv,tattoo,date,024T,30/10/2018,3
tblCulture.csv,tattoo,date,024V,04/10/2016,4
tblCulture.csv,tattoo,date,024V,09/06/2015,4
tblCulture.csv,tattoo,date,024V,10/05/2016,2
tblCulture.csv,tattoo,date,024V,10/11/2015,4
tblCulture.csv,tattoo,date,024V,12/01/2016,5
tblCulture.csv,tattoo,date,024V,25/08/2015,3
tblCulture.csv,tattoo,date,024V,27/06/2017,4
tblCulture.csv,tattoo,date,024W,19/09/2005,3
tblCulture.csv,tattoo,date,024W,25/05/2005,2
tblCulture.csv,tattoo,date,024Y,04/11/2008,4
tblCulture.csv,tattoo,date,024Y,05/08/2008,4
tblCulture.csv,tattoo,date,024Y,09/10/2007,4
tblCulture.csv,tattoo,date,024Y,11/12/2007,4
tblCulture.csv,tattoo,date,024Y,12/07/2011,5
tblCulture.csv,tattoo,date,024Y,13/01/2009,3
tblCulture.csv,tattoo,date,024Y,14/08/2014,7
tblCulture.csv,tattoo,date,024Y,17/05/2011,5
tblCulture.csv,tattoo,date,024Y,19/01/2010,3
tblCulture.csv,tattoo,date,024Y,19/05/2009,3
tblCulture.csv,tattoo,date,024Y,20/05/2008,4
tblCulture.csv,tattoo,date,024Y,22/08/2007,3
tblCulture.csv,tattoo,date,024Y,23/05/2007,3
tblCulture.csv,tattoo,date,024Y,31/07/2013,4
tblCulture.csv,tattoo,date,024Z,02/10/2019,3
tblCulture.csv,tattoo,date,024Z,10/12/2019,3
tblCulture.csv,tattoo,date,024Z,13/08/2019,4
tblCulture.csv,tattoo,date,025A,04/11/2014,3
tblCulture.csv,tattoo,date,025A,08/09/2015,3
tblCulture.csv,tattoo,date,025A,09/09/2014,4
tblCulture.csv,tattoo,date,025A,23/06/2015,4
tblCulture.csv,tattoo,date,025A,25/06/2014,2
tblCulture.csv,tattoo,date,025A,25/11/2015,2
tblCulture.csv,tattoo,date,025A,27/01/2015,3
tblCulture.csv,tattoo,date,025B,05/08/2008,4
tblCulture.csv,tattoo,date,025B,13/01/2009,4
tblCulture.csv,tattoo,date,025B,15/08/2006,3
tblCulture.csv,tattoo,date,025B,20/05/2008,4
tblCulture.csv,tattoo,date,025B,21/08/2007,4
tblCulture.csv,tattoo,date,025B,22/05/2007,4
tblCulture.csv,tattoo,date,025B,23/05/2006,3
tblCulture.csv,tattoo,date,025B,28/11/2006,4
tblCulture.csv,tattoo,date,025B,30/01/2007,4
tblCulture.csv,tattoo,date,025C,10/08/2016,3
tblCulture.csv,tattoo,date,025C,24/01/2017,4
tblCulture.csv,tattoo,date,025E,03/05/2016,2
tblCulture.csv,tattoo,date,025E,12/07/2016,4
tblCulture.csv,tattoo,date,025E,12/08/2014,3
tblCulture.csv,tattoo,date,025E,13/08/2013,4
tblCulture.csv,tattoo,date,025E,14/06/2017,3
tblCulture.csv,tattoo,date,025E,15/07/2015,4
tblCulture.csv,tattoo,date,025E,17/07/2019,3
tblCulture.csv,tattoo,date,025E,18/06/2013,4
tblCulture.csv,tattoo,date,025E,20/05/2014,4
tblCulture.csv,tattoo,date,025E,20/05/2015,3
tblCulture.csv,tattoo,date,025E,23/10/2013,2
tblCulture.csv,tattoo,date,025F,05/10/2010,4
tblCulture.csv,tattoo,date,025F,14/08/2012,4
tblCulture.csv,tattoo,date,025G,02/09/2003,3
tblCulture.csv,tattoo,date,025G,03/02/2004,2
tblCulture.csv,tattoo,date,025G,03/06/2003,2
tblCulture.csv,tattoo,date,025K,26/06/2012,4
tblCulture.csv,tattoo,date,025L,10/01/2012,3
tblCulture.csv,tattoo,date,025L,13/06/2012,4
tblCulture.csv,tattoo,date,025L,13/07/2011,3
tblCulture.csv,tattoo,date,025L,20/09/2011,4
tblCulture.csv,tattoo,date,025M,16/10/2018,4
tblCulture.csv,tattoo,date,025M,26/06/2018,4
tblCulture.csv,tattoo,date,025N,13/08/2013,4
tblCulture.csv,tattoo,date,025N,13/10/2009,4
tblCulture.csv,tattoo,date,025N,15/06/2010,4
tblCulture.csv,tattoo,date,025N,26/06/2012,4
tblCulture.csv,tattoo,date,025P,03/06/2009,3
tblCulture.csv,tattoo,date,025P,21/07/2009,3
tblCulture.csv,tattoo,date,025P,21/10/2008,4
tblCulture.csv,tattoo,date,025P,22/07/2008,4
tblCulture.csv,tattoo,date,025R,26/05/2004,3
tblCulture.csv,tattoo,date,025T,01/08/2017,4
tblCulture.csv,tattoo,date,025T,09/01/2018,3
tblCulture.csv,tattoo,date,025V,09/06/2015,3
tblCulture.csv,tattoo,date,025V,10/05/2016,3
tblCulture.csv,tattoo,date,025V,10/11/2015,4
tblCulture.csv,tattoo,date,025V,12/01/2016,4
tblCulture.csv,tattoo,date,025V,25/08/2015,4
tblCulture.csv,tattoo,date,025W,06/05/2008,2
tblCulture.csv,tattoo,date,025W,10/12/2008,4
tblCulture.csv,tattoo,date,025W,21/10/2008,2
tblCulture.csv,tattoo,date,025W,22/07/2008,3
tblCulture.csv,tattoo,date,025W,23/10/2007,4
tblCulture.csv,tattoo,date,025W,25/05/2005,2
tblCulture.csv,tattoo,date,025W,25/10/2006,2
tblCulture.csv,tattoo,date,025Y,05/06/2007,3
tblCulture.csv,tattoo,date,025Y,11/09/2007,4
tblCulture.csv,tattoo,date,025Z,02/10/2019,3
tblCulture.csv,tattoo,date,025Z,10/12/2019,2
tblCulture.csv,tattoo,date,025Z,13/08/2019,4
tblCulture.csv,tattoo,date,026A,04/11/2014,4
tblCulture.csv,tattoo,date,026A,08/09/2015,4
tblCulture.csv,tattoo,date,026A,11/07/2017,3
tblCulture.csv,tattoo,date,026A,25/06/2014,2
tblCulture.csv,tattoo,date,026A,27/01/2015,4
tblCulture.csv,tattoo,date,026B,05/06/2007,3
tblCulture.csv,tattoo,date,026B,16/08/2006,2
tblCulture.csv,tattoo,date,026B,23/05/2006,3
tblCulture.csv,tattoo,date,026B,28/11/2006,3
tblCulture.csv,tattoo,date,026B,30/01/2007,4
tblCulture.csv,tattoo,date,026C,01/08/2017,4
tblCulture.csv,tattoo,date,026C,04/09/2018,3
tblCulture.csv,tattoo,date,026C,06/12/2016,2
tblCulture.csv,tattoo,date,026C,10/10/2017,3
tblCulture.csv,tattoo,date,026C,14/06/2017,3
tblCulture.csv,tattoo,date,026C,20/09/2016,5
tblCulture.csv,tattoo,date,026C,22/05/2018,3
tblCulture.csv,tattoo,date,026C,30/10/2018,5
tblCulture.csv,tattoo,date,026E,09/09/2014,3
tblCulture.csv,tattoo,date,026E,13/08/2013,2
tblCulture.csv,tattoo,date,026E,19/06/2013,2
tblCulture.csv,tattoo,date,026E,23/06/2015,4
tblCulture.csv,tattoo,date,026E,24/06/2014,4
tblCulture.csv,tattoo,date,026E,27/01/2015,2
tblCulture.csv,tattoo,date,026E,28/01/2014,4
tblCulture.csv,tattoo,date,026F,05/10/2010,4
tblCulture.csv,tattoo,date,026F,11/10/2013,6
tblCulture.csv,tattoo,date,026F,18/06/2013,4
tblCulture.csv,tattoo,date,026F,25/01/2011,4
tblCulture.csv,tattoo,date,026G,02/09/2003,4
tblCulture.csv,tattoo,date,026G,03/06/2003,3
tblCulture.csv,tattoo,date,026K,26/06/2012,3
tblCulture.csv,tattoo,date,026L,13/07/2011,3
tblCulture.csv,tattoo,date,026L,20/09/2011,4
tblCulture.csv,tattoo,date,026M,13/08/2019,4
tblCulture.csv,tattoo,date,026M,16/10/2018,4
tblCulture.csv,tattoo,date,026M,21/08/2018,4
tblCulture.csv,tattoo,date,026M,26/06/2018,5
tblCulture.csv,tattoo,date,026N,05/10/2010,4
tblCulture.csv,tattoo,date,026N,05/10/2011,3
tblCulture.csv,tattoo,date,026N,13/10/2009,2
tblCulture.csv,tattoo,date,026N,15/06/2010,4
tblCulture.csv,tattoo,date,026N,15/12/2010,3
tblCulture.csv,tattoo,date,026N,17/11/2009,3
tblCulture.csv,tattoo,date,026N,19/07/2011,4
tblCulture.csv,tattoo,date,026N,24/05/2011,4
tblCulture.csv,tattoo,date,026N,25/01/2012,3
tblCulture.csv,tattoo,date,026N,27/06/2012,3
tblCulture.csv,tattoo,date,026P,02/06/2009,4
tblCulture.csv,tattoo,date,026P,21/07/2009,3
tblCulture.csv,tattoo,date,026P,21/10/2008,3
tblCulture.csv,tattoo,date,026P,22/07/2008,4
tblCulture.csv,tattoo,date,026R,26/05/2004,3
tblCulture.csv,tattoo,date,026T,01/08/2017,2
tblCulture.csv,tattoo,date,026T,04/09/2018,4
tblCulture.csv,tattoo,date,026T,10/01/2018,3
tblCulture.csv,tattoo,date,026T,10/10/2017,4
tblCulture.csv,tattoo,date,026T,22/05/2018,4
tblCulture.csv,tattoo,date,026T,30/10/2018,3
tblCulture.csv,tattoo,date,026V,09/06/2015,4
tblCulture.csv,tattoo,date,026V,10/05/2016,3
tblCulture.csv,tattoo,date,026V,10/11/2015,4
tblCulture.csv,tattoo,date,026V,12/01/2016,3
tblCulture.csv,tattoo,date,026Y,03/06/2008,3
tblCulture.csv,tattoo,date,026Y,05/06/2007,3
tblCulture.csv,tattoo,date,026Y,06/11/2007,4
tblCulture.csv,tattoo,date,026Y,08/01/2008,4
tblCulture.csv,tattoo,date,026Y,11/09/2007,3
tblCulture.csv,tattoo,date,026Y,19/08/2008,4
tblCulture.csv,tattoo,date,026Y,24/05/2010,4
tblCulture.csv,tattoo,date,026Z,02/10/2019,3
tblCulture.csv,tattoo,date,026Z,13/08/2019,3
tblCulture.csv,tattoo,date,027A,04/11/2014,4
tblCulture.csv,tattoo,date,027A,08/09/2015,3
tblCulture.csv,tattoo,date,027A,09/09/2014,4
tblCulture.csv,tattoo,date,027A,19/10/2016,3
tblCulture.csv,tattoo,date,027A,23/06/2015,4
tblCulture.csv,tattoo,date,027A,25/01/2017,3
tblCulture.csv,tattoo,date,027A,25/06/2014,2
tblCulture.csv,tattoo,date,027A,26/01/2016,2
tblCulture.csv,tattoo,date,027A,27/01/2015,3
tblCulture.csv,tattoo,date,027A,28/06/2016,4
tblCulture.csv,tattoo,date,027B,03/07/2006,5
tblCulture.csv,tattoo,date,027B,23/05/2006,2
tblCulture.csv,tattoo,date,027C,21/09/2016,3
tblCulture.csv,tattoo,date,027E,09/08/2016,4
tblCulture.csv,tattoo,date,027E,09/09/2014,4
tblCulture.csv,tattoo,date,027E,18/10/2016,4
tblCulture.csv,tattoo,date,027E,19/06/2013,3
tblCulture.csv,tattoo,date,027E,24/06/2014,4
tblCulture.csv,tattoo,date,027E,24/06/2015,3
tblCulture.csv,tattoo,date,027E,28/01/2014,4
tblCulture.csv,tattoo,date,027E,28/06/2016,4
tblCulture.csv,tattoo,date,027F,05/10/2010,4
tblCulture.csv,tattoo,date,027F,25/01/2011,4
tblCulture.csv,tattoo,date,027F,25/05/2011,3
tblCulture.csv,tattoo,date,027G,02/09/2003,3
tblCulture.csv,tattoo,date,027G,03/06/2003,2
tblCulture.csv,tattoo,date,027G,13/01/2009,3
tblCulture.csv,tattoo,date,027G,25/11/2003,2
tblCulture.csv,tattoo,date,027K,26/06/2012,3
tblCulture.csv,tattoo,date,027L,19/07/2011,3
tblCulture.csv,tattoo,date,027M,14/08/2019,3
tblCulture.csv,tattoo,date,027M,16/10/2018,4
tblCulture.csv,tattoo,date,027M,21/08/2018,4
tblCulture.csv,tattoo,date,027M,26/06/2018,4
tblCulture.csv,tattoo,date,027M,26/06/2019,3
tblCulture.csv,tattoo,date,027N,13/10/2009,4
tblCulture.csv,tattoo,date,027N,17/11/2009,4
tblCulture.csv,tattoo,date,027N,26/01/2010,4
tblCulture.csv,tattoo,date,027P,02/06/2009,3
tblCulture.csv,tattoo,date,027P,21/07/2009,3
tblCulture.csv,tattoo,date,027P,21/10/2008,3
tblCulture.csv,tattoo,date,027P,22/07/2008,4
tblCulture.csv,tattoo,date,027R,20/10/2004,3
tblCulture.csv,tattoo,date,027T,06/06/2018,3
tblCulture.csv,tattoo,date,027T,10/09/2019,4
tblCulture.csv,tattoo,date,027T,14/08/2019,3
tblCulture.csv,tattoo,date,027T,15/08/2017,3
tblCulture.csv,tattoo,date,027T,16/01/2018,4
tblCulture.csv,tattoo,date,027T,17/10/2018,3
tblCulture.csv,tattoo,date,027T,21/08/2018,3
tblCulture.csv,tattoo,date,027T,25/09/2018,3
tblCulture.csv,tattoo,date,027T,27/11/2018,3
tblCulture.csv,tattoo,date,027T,31/10/2017,3
tblCulture.csv,tattoo,date,027V,09/06/2015,4
tblCulture.csv,tattoo,date,027V,12/01/2016,3
tblCulture.csv,tattoo,date,027W,25/05/2005,2
tblCulture.csv,tattoo,date,027Y,05/06/2007,3
tblCulture.csv,tattoo,date,027Y,06/05/2009,3
tblCulture.csv,tattoo,date,027Y,06/11/2007,3
tblCulture.csv,tattoo,date,027Y,13/10/2009,4
tblCulture.csv,tattoo,date,027Y,19/08/2008,4
tblCulture.csv,tattoo,date,027Z,13/08/2019,4
tblCulture.csv,tattoo,date,028A,08/09/2015,3
tblCulture.csv,tattoo,date,028A,09/08/2016,4
tblCulture.csv,tattoo,date,028A,25/06/2014,3
tblCulture.csv,tattoo,date,028A,26/06/2018,4
tblCulture.csv,tattoo,date,028B,23/05/2006,3
tblCulture.csv,tattoo,date,028C,11/07/2017,3
tblCulture.csv,tattoo,date,028C,18/10/2016,3
tblCulture.csv,tattoo,date,028E,16/07/2013,3
tblCulture.csv,tattoo,date,028E,24/09/2013,4
tblCulture.csv,tattoo,date,028F,04/10/2011,4
tblCulture.csv,tattoo,date,028F,06/10/2010,3
tblCulture.csv,tattoo,date,028F,08/09/2015,3
tblCulture.csv,tattoo,date,028F,09/09/2014,4
tblCulture.csv,tattoo,date,028F,13/08/2013,3
tblCulture.csv,tattoo,date,028F,15/08/2012,3
tblCulture.csv,tattoo,date,028F,16/01/2013,3
tblCulture.csv,tattoo,date,028F,19/07/2011,3
tblCulture.csv,tattoo,date,028F,24/01/2012,2
tblCulture.csv,tattoo,date,028F,24/05/2011,4
tblCulture.csv,tattoo,date,028F,25/01/2011,4
tblCulture.csv,tattoo,date,028F,25/06/2014,3
tblCulture.csv,tattoo,date,028F,26/01/2016,2
tblCulture.csv,tattoo,date,028F,26/06/2012,4
tblCulture.csv,tattoo,date,028F,28/01/2014,4
tblCulture.csv,tattoo,date,028F,30/01/2018,3
tblCulture.csv,tattoo,date,028F,30/11/2010,3
tblCulture.csv,tattoo,date,028G,02/09/2003,3
tblCulture.csv,tattoo,date,028G,03/06/2003,2
tblCulture.csv,tattoo,date,028G,06/10/2004,4
tblCulture.csv,tattoo,date,028G,07/07/2004,3
tblCulture.csv,tattoo,date,028G,25/11/2003,3
tblCulture.csv,tattoo,date,028K,04/11/2014,4
tblCulture.csv,tattoo,date,028K,15/01/2013,3
tblCulture.csv,tattoo,date,028K,15/08/2012,4
tblCulture.csv,tattoo,date,028K,19/06/2013,3
tblCulture.csv,tattoo,date,028K,23/10/2013,3
tblCulture.csv,tattoo,date,028K,24/01/2017,3
tblCulture.csv,tattoo,date,028K,26/01/2016,3
tblCulture.csv,tattoo,date,028K,26/06/2012,4
tblCulture.csv,tattoo,date,028L,08/09/2015,4
tblCulture.csv,tattoo,date,028L,19/07/2011,4
tblCulture.csv,tattoo,date,028M,13/08/2019,4
tblCulture.csv,tattoo,date,028M,16/10/2018,4
tblCulture.csv,tattoo,date,028M,21/08/2018,4
tblCulture.csv,tattoo,date,028M,26/06/2018,4
tblCulture.csv,tattoo,date,028N,05/10/2010,3
tblCulture.csv,tattoo,date,028N,13/10/2009,4
tblCulture.csv,tattoo,date,028N,15/06/2010,5
tblCulture.csv,tattoo,date,028N,17/11/2009,2
tblCulture.csv,tattoo,date,028N,19/07/2011,2
tblCulture.csv,tattoo,date,028N,24/05/2011,4
tblCulture.csv,tattoo,date,028N,26/01/2010,3
tblCulture.csv,tattoo,date,028P,09/12/2008,4
tblCulture.csv,tattoo,date,028P,21/10/2008,3
tblCulture.csv,tattoo,date,028P,22/07/2008,3
tblCulture.csv,tattoo,date,028R,26/05/2004,2
tblCulture.csv,tattoo,date,028T,15/08/2017,4
tblCulture.csv,tattoo,date,028V,10/06/2015,3
tblCulture.csv,tattoo,date,028W,13/09/2005,3
tblCulture.csv,tattoo,date,028W,19/07/2005,3
tblCulture.csv,tattoo,date,028Y,03/06/2008,3
tblCulture.csv,tattoo,date,028Y,05/06/2007,3
tblCulture.csv,tattoo,date,028Y,07/11/2007,3
tblCulture.csv,tattoo,date,028Y,10/03/2009,6
tblCulture.csv,tattoo,date,028Y,12/09/2007,3
tblCulture.csv,tattoo,date,028Z,13/08/2019,4
tblCulture.csv,tattoo,date,029A,09/09/2014,4
tblCulture.csv,tattoo,date,029A,25/06/2014,3
tblCulture.csv,tattoo,date,029B,03/06/2008,3
tblCulture.csv,tattoo,date,029B,06/05/2009,2
tblCulture.csv,tattoo,date,029B,11/09/2007,4
tblCulture.csv,tattoo,date,029B,16/08/2006,2
tblCulture.csv,tattoo,date,029B,24/05/2006,2
tblCulture.csv,tattoo,date,029C,18/10/2016,3
tblCulture.csv,tattoo,date,029C,25/01/2017,3
tblCulture.csv,tattoo,date,029E,10/12/2013,3
tblCulture.csv,tattoo,date,029E,12/08/2014,5
tblCulture.csv,tattoo,date,029E,16/07/2013,3
tblCulture.csv,tattoo,date,029E,20/05/2014,3
tblCulture.csv,tattoo,date,029E,24/09/2013,3
tblCulture.csv,tattoo,date,029E,24/09/2014,4
tblCulture.csv,tattoo,date,029F,02/11/2010,4
tblCulture.csv,tattoo,date,029F,03/05/2011,4
tblCulture.csv,tattoo,date,029F,05/07/2011,4
tblCulture.csv,tattoo,date,029F,19/09/2012,3
tblCulture.csv,tattoo,date,029G,02/09/2003,3
tblCulture.csv,tattoo,date,029G,03/02/2004,3
tblCulture.csv,tattoo,date,029G,04/06/2003,2
tblCulture.csv,tattoo,date,029G,06/07/2004,3
tblCulture.csv,tattoo,date,029G,16/05/2006,3
tblCulture.csv,tattoo,date,029K,26/06/2012,4
tblCulture.csv,tattoo,date,029L,19/07/2011,4
tblCulture.csv,tattoo,date,029M,12/12/2018,3
tblCulture.csv,tattoo,date,029M,14/08/2019,3
tblCulture.csv,tattoo,date,029M,21/08/2018,3
tblCulture.csv,tattoo,date,029M,26/06/2018,4
tblCulture.csv,tattoo,date,029N,04/10/2011,4
tblCulture.csv,tattoo,date,029N,05/09/2017,3
tblCulture.csv,tattoo,date,029N,05/10/2010,4
tblCulture.csv,tattoo,date,029N,09/09/2015,2
tblCulture.csv,tattoo,date,029N,11/07/2017,4
tblCulture.csv,tattoo,date,029N,11/12/2018,3
tblCulture.csv,tattoo,date,029N,13/08/2013,3
tblCulture.csv,tattoo,date,029N,13/10/2009,3
tblCulture.csv,tattoo,date,029N,14/08/2012,4
tblCulture.csv,tattoo,date,029N,14/11/2017,3
tblCulture.csv,tattoo,date,029N,15/01/2013,3
tblCulture.csv,tattoo,date,029N,15/06/2010,3
tblCulture.csv,tattoo,date,029N,16/10/2012,4
tblCulture.csv,tattoo,date,029N,17/11/2009,4
tblCulture.csv,tattoo,date,029N,18/10/2016,4
tblCulture.csv,tattoo,date,029N,19/07/2011,4
tblCulture.csv,tattoo,date,029N,24/01/2012,5
tblCulture.csv,tattoo,date,029N,24/01/2017,3
tblCulture.csv,tattoo,date,029N,24/05/2011,3
tblCulture.csv,tattoo,date,029N,25/01/2011,3
tblCulture.csv,tattoo,date,029N,26/01/2010,3
tblCulture.csv,tattoo,date,029N,26/06/2012,3
tblCulture.csv,tattoo,date,029N,27/06/2018,2
tblCulture.csv,tattoo,date,029N,28/01/2014,2
tblCulture.csv,tattoo,date,029N,28/01/2015,3
tblCulture.csv,tattoo,date,029N,30/01/2018,2
tblCulture.csv,tattoo,date,029N,30/11/2010,3
tblCulture.csv,tattoo,date,029P,09/12/2008,3
tblCulture.csv,tattoo,date,029P,21/10/2008,4
tblCulture.csv,tattoo,date,029P,22/07/2008,4
tblCulture.csv,tattoo,date,029R,07/06/2005,5
tblCulture.csv,tattoo,date,029T,05/09/2017,4
tblCulture.csv,tattoo,date,029T,14/11/2017,4
tblCulture.csv,tattoo,date,029V,10/05/2016,3
tblCulture.csv,tattoo,date,029V,10/06/2015,3
tblCulture.csv,tattoo,date,029V,25/08/2015,2
tblCulture.csv,tattoo,date,029W,09/05/2007,3
tblCulture.csv,tattoo,date,029W,13/06/2008,3
tblCulture.csv,tattoo,date,029W,14/12/2005,2
tblCulture.csv,tattoo,date,029W,20/07/2005,3
tblCulture.csv,tattoo,date,029W,25/05/2005,3
tblCulture.csv,tattoo,date,029W,31/07/2007,2
tblCulture.csv,tattoo,date,029Y,03/06/2008,5
tblCulture.csv,tattoo,date,029Y,05/06/2007,3
tblCulture.csv,tattoo,date,029Y,06/11/2007,4
tblCulture.csv,tattoo,date,029Y,11/09/2007,4
tblCulture.csv,tattoo,date,029Y,24/05/2011,5
tblCulture.csv,tattoo,date,029Y,27/01/2010,4
tblCulture.csv,tattoo,date,029Z,13/08/2019,4
tblCulture.csv,tattoo,date,029Z,19/11/2019,4
tblCulture.csv,tattoo,date,030A,12/08/2014,3
tblCulture.csv,tattoo,date,030B,05/05/2009,4
tblCulture.csv,tattoo,date,030B,06/11/2007,4
tblCulture.csv,tattoo,date,030B,08/01/2008,4
tblCulture.csv,tattoo,date,030B,11/09/2007,4
tblCulture.csv,tattoo,date,030B,14/01/2009,3
tblCulture.csv,tattoo,date,030B,14/09/2009,6
tblCulture.csv,tattoo,date,030B,15/08/2006,2
tblCulture.csv,tattoo,date,030B,19/08/2008,4
tblCulture.csv,tattoo,date,030B,24/05/2006,2
tblCulture.csv,tattoo,date,030B,28/11/2006,4
tblCulture.csv,tattoo,date,030B,30/01/2007,4
tblCulture.csv,tattoo,date,030E,10/12/2013,3
tblCulture.csv,tattoo,date,030E,16/07/2013,4
tblCulture.csv,tattoo,date,030E,20/05/2014,2
tblCulture.csv,tattoo,date,030E,24/09/2013,4
tblCulture.csv,tattoo,date,030F,15/12/2010,3
tblCulture.csv,tattoo,date,030G,04/06/2003,2
tblCulture.csv,tattoo,date,030K,26/06/2012,4
tblCulture.csv,tattoo,date,030L,06/09/2011,4
tblCulture.csv,tattoo,date,030L,06/12/2011,4
tblCulture.csv,tattoo,date,030L,10/12/2014,2
tblCulture.csv,tattoo,date,030L,11/12/2013,2
tblCulture.csv,tattoo,date,030L,12/08/2014,3
tblCulture.csv,tattoo,date,030L,17/07/2012,4
tblCulture.csv,tattoo,date,030L,18/09/2012,4
tblCulture.csv,tattoo,date,030L,20/05/2015,2
tblCulture.csv,tattoo,date,030L,21/05/2013,3
tblCulture.csv,tattoo,date,030L,23/09/2014,4
tblCulture.csv,tattoo,date,030L,24/09/2013,3
tblCulture.csv,tattoo,date,030L,30/05/2012,3
tblCulture.csv,tattoo,date,030M,12/12/2018,3
tblCulture.csv,tattoo,date,030M,16/10/2018,4
tblCulture.csv,tattoo,date,030M,21/08/2018,4
tblCulture.csv,tattoo,date,030M,26/06/2018,4
tblCulture.csv,tattoo,date,030N,05/10/2010,4
tblCulture.csv,tattoo,date,030N,05/11/2014,2
tblCulture.csv,tattoo,date,030N,09/09/2014,4
tblCulture.csv,tattoo,date,030N,13/08/2013,3
tblCulture.csv,tattoo,date,030N,13/10/2009,4
tblCulture.csv,tattoo,date,030N,15/06/2010,4
tblCulture.csv,tattoo,date,030N,16/10/2012,5
tblCulture.csv,tattoo,date,030N,17/11/2009,4
tblCulture.csv,tattoo,date,030N,18/06/2013,4
tblCulture.csv,tattoo,date,030N,20/07/2011,3
tblCulture.csv,tattoo,date,030N,24/05/2011,3
tblCulture.csv,tattoo,date,030N,25/01/2011,4
tblCulture.csv,tattoo,date,030N,26/01/2015,6
tblCulture.csv,tattoo,date,030N,28/01/2014,2
tblCulture.csv,tattoo,date,030P,02/06/2009,4
tblCulture.csv,tattoo,date,030P,11/05/2010,5
tblCulture.csv,tattoo,date,030P,21/07/2009,4
tblCulture.csv,tattoo,date,030P,22/07/2008,4
tblCulture.csv,tattoo,date,030P,22/10/2008,3
tblCulture.csv,tattoo,date,030R,19/10/2004,3
tblCulture.csv,tattoo,date,030R,26/05/2004,2
tblCulture.csv,tattoo,date,030T,05/09/2017,3
tblCulture.csv,tattoo,date,030T,26/06/2018,4
tblCulture.csv,tattoo,date,030T,30/01/2018,3
tblCulture.csv,tattoo,date,030V,23/06/2015,3
tblCulture.csv,tattoo,date,030W,13/09/2005,3
tblCulture.csv,tattoo,date,030W,18/07/2006,3
tblCulture.csv,tattoo,date,030W,20/04/2009,6
tblCulture.csv,tattoo,date,030W,25/05/2005,2
tblCulture.csv,tattoo,date,030Y,03/06/2008,3
tblCulture.csv,tattoo,date,030Y,05/06/2007,3
tblCulture.csv,tattoo,date,030Y,06/11/2007,4
tblCulture.csv,tattoo,date,030Y,08/01/2008,4
tblCulture.csv,tattoo,date,030Y,11/09/2007,4
tblCulture.csv,tattoo,date,030Y,19/08/2008,5
tblCulture.csv,tattoo,date,030Y,19/11/2008,3
tblCulture.csv,tattoo,date,030Z,11/09/2019,3
tblCulture.csv,tattoo,date,030Z,13/08/2019,3
tblCulture.csv,tattoo,date,030Z,19/11/2019,4
tblCulture.csv,tattoo,date,031A,12/08/2014,4
tblCulture.csv,tattoo,date,031A,23/09/2014,5
tblCulture.csv,tattoo,date,031B,10/10/2007,3
tblCulture.csv,tattoo,date,031B,16/08/2006,2
tblCulture.csv,tattoo,date,031B,21/08/2007,4
tblCulture.csv,tattoo,date,031B,23/05/2007,2
tblCulture.csv,tattoo,date,031B,24/05/2006,2
tblCulture.csv,tattoo,date,031B,27/04/2008,6
tblCulture.csv,tattoo,date,031B,30/01/2007,4
tblCulture.csv,tattoo,date,031E,13/06/2017,3
tblCulture.csv,tattoo,date,031E,17/07/2013,2
tblCulture.csv,tattoo,date,031E,20/05/2015,3
tblCulture.csv,tattoo,date,031E,21/05/2014,3
tblCulture.csv,tattoo,date,031E,24/09/2013,3
tblCulture.csv,tattoo,date,031E,24/09/2014,4
tblCulture.csv,tattoo,date,031K,26/06/2012,4
tblCulture.csv,tattoo,date,031L,06/09/2011,4
tblCulture.csv,tattoo,date,031L,06/12/2011,4
tblCulture.csv,tattoo,date,031L,16/07/2013,3
tblCulture.csv,tattoo,date,031L,17/07/2012,4
tblCulture.csv,tattoo,date,031L,18/09/2012,4
tblCulture.csv,tattoo,date,031L,22/05/2013,3
tblCulture.csv,tattoo,date,031L,24/09/2013,4
tblCulture.csv,tattoo,date,031L,29/01/2013,4
tblCulture.csv,tattoo,date,031L,29/05/2012,4
tblCulture.csv,tattoo,date,031M,26/06/2018,4
tblCulture.csv,tattoo,date,031N,05/10/2010,4
tblCulture.csv,tattoo,date,031N,13/10/2009,3
tblCulture.csv,tattoo,date,031N,15/06/2010,4
tblCulture.csv,tattoo,date,031N,17/11/2009,4
tblCulture.csv,tattoo,date,031N,24/05/2011,3
tblCulture.csv,tattoo,date,031N,25/01/2011,4
tblCulture.csv,tattoo,date,031N,26/01/2010,3
tblCulture.csv,tattoo,date,031P,09/12/2008,3
tblCulture.csv,tattoo,date,031P,21/10/2008,3
tblCulture.csv,tattoo,date,031P,22/07/2008,4
tblCulture.csv,tattoo,date,031R,26/05/2004,3
tblCulture.csv,tattoo,date,031T,05/09/2017,4
tblCulture.csv,tattoo,date,031T,30/01/2018,3
tblCulture.csv,tattoo,date,031V,08/09/2015,4
tblCulture.csv,tattoo,date,031V,23/06/2015,4
tblCulture.csv,tattoo,date,031W,17/08/2005,5
tblCulture.csv,tattoo,date,031W,19/07/2005,3
tblCulture.csv,tattoo,date,031W,25/05/2005,3
tblCulture.csv,tattoo,date,031Y,02/04/2013,2
tblCulture.csv,tattoo,date,031Y,03/06/2008,4
tblCulture.csv,tattoo,date,031Y,05/05/2009,4
tblCulture.csv,tattoo,date,031Y,05/10/2011,3
tblCulture.csv,tattoo,date,031Y,06/11/2007,4
tblCulture.csv,tattoo,date,031Y,11/09/2007,4
tblCulture.csv,tattoo,date,031Y,13/10/2009,4
tblCulture.csv,tattoo,date,031Y,15/06/2010,4
tblCulture.csv,tattoo,date,031Y,19/08/2008,3
tblCulture.csv,tattoo,date,031Y,24/05/2011,4
tblCulture.csv,tattoo,date,031Z,10/09/2019,3
tblCulture.csv,tattoo,date,031Z,13/08/2019,4
tblCulture.csv,tattoo,date,031Z,19/11/2019,4
tblCulture.csv,tattoo,date,032A,09/12/2014,4
tblCulture.csv,tattoo,date,032A,12/08/2014,4
tblCulture.csv,tattoo,date,032B,15/08/2006,3
tblCulture.csv,tattoo,date,032B,24/05/2006,2
tblCulture.csv,tattoo,date,032B,28/11/2006,2
tblCulture.csv,tattoo,date,032B,30/01/2007,4
tblCulture.csv,tattoo,date,032E,03/06/2014,4
tblCulture.csv,tattoo,date,032E,08/10/2013,4
tblCulture.csv,tattoo,date,032E,30/07/2013,4
tblCulture.csv,tattoo,date,032G,02/09/2003,2
tblCulture.csv,tattoo,date,032G,03/02/2004,2
tblCulture.csv,tattoo,date,032G,04/06/2003,2
tblCulture.csv,tattoo,date,032K,26/06/2012,4
tblCulture.csv,tattoo,date,032L,06/09/2011,4
tblCulture.csv,tattoo,date,032L,06/12/2011,4
tblCulture.csv,tattoo,date,032L,17/07/2012,4
tblCulture.csv,tattoo,date,032L,29/01/2013,3
tblCulture.csv,tattoo,date,032M,13/08/2019,4
tblCulture.csv,tattoo,date,032M,26/06/2018,4
tblCulture.csv,tattoo,date,032N,05/10/2010,4
tblCulture.csv,tattoo,date,032N,10/05/2016,3
tblCulture.csv,tattoo,date,032N,13/10/2009,4
tblCulture.csv,tattoo,date,032N,14/12/2010,4
tblCulture.csv,tattoo,date,032N,15/06/2010,4
tblCulture.csv,tattoo,date,032N,15/08/2017,3
tblCulture.csv,tattoo,date,032N,17/11/2009,4
tblCulture.csv,tattoo,date,032N,18/06/2013,3
tblCulture.csv,tattoo,date,032N,20/01/2015,2
tblCulture.csv,tattoo,date,032N,20/07/2011,4
tblCulture.csv,tattoo,date,032N,23/06/2015,4
tblCulture.csv,tattoo,date,032N,24/05/2011,4
tblCulture.csv,tattoo,date,032N,25/01/2011,3
tblCulture.csv,tattoo,date,032N,26/01/2010,4
tblCulture.csv,tattoo,date,032N,26/06/2012,4
tblCulture.csv,tattoo,date,032P,02/06/2009,4
tblCulture.csv,tattoo,date,032P,02/11/2010,3
tblCulture.csv,tattoo,date,032P,07/09/2010,5
tblCulture.csv,tattoo,date,032P,09/12/2008,4
tblCulture.csv,tattoo,date,032P,22/07/2008,4
tblCulture.csv,tattoo,date,032P,22/10/2008,3
tblCulture.csv,tattoo,date,032R,08/06/2004,3
tblCulture.csv,tattoo,date,032R,10/11/2004,3
tblCulture.csv,tattoo,date,032R,18/01/2005,4
tblCulture.csv,tattoo,date,032T,04/09/2018,4
tblCulture.csv,tattoo,date,032T,05/09/2017,4
tblCulture.csv,tattoo,date,032T,16/07/2019,3
tblCulture.csv,tattoo,date,032T,21/08/2018,4
tblCulture.csv,tattoo,date,032T,23/10/2019,3
tblCulture.csv,tattoo,date,032T,31/10/2018,3
tblCulture.csv,tattoo,date,032V,08/09/2015,4
tblCulture.csv,tattoo,date,032V,09/08/2016,3
tblCulture.csv,tattoo,date,032V,11/07/2017,3
tblCulture.csv,tattoo,date,032V,18/10/2016,4
tblCulture.csv,tattoo,date,032V,23/06/2015,4
tblCulture.csv,tattoo,date,032V,24/01/2017,3
tblCulture.csv,tattoo,date,032V,26/01/2016,3
tblCulture.csv,tattoo,date,032V,28/06/2016,4
tblCulture.csv,tattoo,date,032W,25/05/2005,2
tblCulture.csv,tattoo,date,032Y,05/05/2009,3
tblCulture.csv,tattoo,date,032Y,05/06/2007,3
tblCulture.csv,tattoo,date,032Y,07/11/2007,3
tblCulture.csv,tattoo,date,032Y,08/01/2008,4
tblCulture.csv,tattoo,date,032Z,02/10/2019,3
tblCulture.csv,tattoo,date,032Z,14/08/2019,3
tblCulture.csv,tattoo,date,033A,13/08/2014,3
tblCulture.csv,tattoo,date,033B,05/06/2007,3
tblCulture.csv,tattoo,date,033B,24/05/2006,2
tblCulture.csv,tattoo,date,033B,30/01/2007,4
tblCulture.csv,tattoo,date,033E,08/10/2013,4
tblCulture.csv,tattoo,date,033E,10/05/2016,3
tblCulture.csv,tattoo,date,033E,11/09/2019,3
tblCulture.csv,tattoo,date,033E,12/01/2016,3
tblCulture.csv,tattoo,date,033E,14/01/2014,3
tblCulture.csv,tattoo,date,033E,18/10/2016,3
tblCulture.csv,tattoo,date,033E,19/08/2014,4
tblCulture.csv,tattoo,date,033E,27/06/2017,4
tblCulture.csv,tattoo,date,033E,30/07/2013,4
tblCulture.csv,tattoo,date,033G,02/09/2003,3
tblCulture.csv,tattoo,date,033G,04/06/2003,2
tblCulture.csv,tattoo,date,033K,04/11/2014,4
tblCulture.csv,tattoo,date,033K,09/09/2014,4
tblCulture.csv,tattoo,date,033K,13/08/2013,3
tblCulture.csv,tattoo,date,033K,14/08/2012,4
tblCulture.csv,tattoo,date,033K,15/01/2013,4
tblCulture.csv,tattoo,date,033K,16/10/2012,3
tblCulture.csv,tattoo,date,033K,18/06/2013,3
tblCulture.csv,tattoo,date,033K,19/09/2012,3
tblCulture.csv,tattoo,date,033K,20/05/2014,4
tblCulture.csv,tattoo,date,033K,23/10/2013,2
tblCulture.csv,tattoo,date,033K,26/06/2012,4
tblCulture.csv,tattoo,date,033L,02/10/2012,3
tblCulture.csv,tattoo,date,033L,04/06/2013,4
tblCulture.csv,tattoo,date,033L,10/01/2012,4
tblCulture.csv,tattoo,date,033L,11/12/2012,4
tblCulture.csv,tattoo,date,033L,13/06/2012,4
tblCulture.csv,tattoo,date,033L,20/09/2011,4
tblCulture.csv,tattoo,date,033L,30/07/2013,3
tblCulture.csv,tattoo,date,033L,31/07/2012,3
tblCulture.csv,tattoo,date,033M,11/12/2018,4
tblCulture.csv,tattoo,date,033M,14/08/2019,2
tblCulture.csv,tattoo,date,033M,26/06/2018,4
tblCulture.csv,tattoo,date,033M,26/06/2019,2
tblCulture.csv,tattoo,date,033N,05/10/2010,4
tblCulture.csv,tattoo,date,033N,10/12/2013,4
tblCulture.csv,tattoo,date,033N,13/10/2009,4
tblCulture.csv,tattoo,date,033N,15/06/2010,4
tblCulture.csv,tattoo,date,033N,16/07/2013,5
tblCulture.csv,tattoo,date,033N,17/05/2011,4
tblCulture.csv,tattoo,date,033N,17/11/2009,4
tblCulture.csv,tattoo,date,033N,21/09/2010,5
tblCulture.csv,tattoo,date,033N,26/01/2010,4
tblCulture.csv,tattoo,date,033P,02/06/2009,4
tblCulture.csv,tattoo,date,033P,03/05/2011,4
tblCulture.csv,tattoo,date,033P,07/09/2011,2
tblCulture.csv,tattoo,date,033P,09/12/2008,3
tblCulture.csv,tattoo,date,033P,12/05/2010,3
tblCulture.csv,tattoo,date,033P,21/07/2009,2
tblCulture.csv,tattoo,date,033P,21/10/2008,4
tblCulture.csv,tattoo,date,033P,22/07/2008,4
tblCulture.csv,tattoo,date,033R,01/08/2006,2
tblCulture.csv,tattoo,date,033R,08/06/2004,3
tblCulture.csv,tattoo,date,033R,08/06/2005,2
tblCulture.csv,tattoo,date,033R,10/11/2004,2
tblCulture.csv,tattoo,date,033R,16/05/2006,3
tblCulture.csv,tattoo,date,033R,18/01/2005,3
tblCulture.csv,tattoo,date,033R,21/09/2004,3
tblCulture.csv,tattoo,date,033T,04/09/2018,5
tblCulture.csv,tattoo,date,033T,08/01/2019,5
tblCulture.csv,tattoo,date,033T,09/01/2018,3
tblCulture.csv,tattoo,date,033T,10/10/2017,4
tblCulture.csv,tattoo,date,033T,21/05/2019,5
tblCulture.csv,tattoo,date,033T,22/05/2018,4
tblCulture.csv,tattoo,date,033T,30/10/2018,5
tblCulture.csv,tattoo,date,033V,13/10/2015,5
tblCulture.csv,tattoo,date,033V,14/07/2015,5
tblCulture.csv,tattoo,date,033W,25/05/2005,2
tblCulture.csv,tattoo,date,033Y,05/05/2009,4
tblCulture.csv,tattoo,date,033Y,06/06/2007,2
tblCulture.csv,tattoo,date,033Y,06/11/2007,4
tblCulture.csv,tattoo,date,033Y,09/01/2008,2
tblCulture.csv,tattoo,date,033Y,11/09/2007,4
tblCulture.csv,tattoo,date,033Y,15/08/2014,6
tblCulture.csv,tattoo,date,033Y,17/11/2009,3
tblCulture.csv,tattoo,date,033Y,24/05/2011,4
tblCulture.csv,tattoo,date,033Y,26/06/2012,4
tblCulture.csv,tattoo,date,033Z,14/08/2019,3
tblCulture.csv,tattoo,date,034A,01/08/2017,4
tblCulture.csv,tattoo,date,034A,03/05/2016,4
tblCulture.csv,tattoo,date,034A,10/12/2014,4
tblCulture.csv,tattoo,date,034A,13/06/2017,3
tblCulture.csv,tattoo,date,034A,13/08/2014,2
tblCulture.csv,tattoo,date,034A,13/10/2015,4
tblCulture.csv,tattoo,date,034A,14/07/2015,4
tblCulture.csv,tattoo,date,034A,20/05/2015,2
tblCulture.csv,tattoo,date,034A,21/05/2019,4
tblCulture.csv,tattoo,date,034A,23/09/2014,3
tblCulture.csv,tattoo,date,034B,15/08/2006,2
tblCulture.csv,tattoo,date,034B,24/05/2006,2
tblCulture.csv,tattoo,date,034E,01/11/2013,6
tblCulture.csv,tattoo,date,034E,09/10/2013,4
tblCulture.csv,tattoo,date,034E,30/07/2013,3
tblCulture.csv,tattoo,date,034G,02/09/2003,2
tblCulture.csv,tattoo,date,034G,03/06/2008,5
tblCulture.csv,tattoo,date,034G,04/06/2003,3
tblCulture.csv,tattoo,date,034G,11/09/2007,4
tblCulture.csv,tattoo,date,034G,20/08/2008,4
tblCulture.csv,tattoo,date,034G,27/01/2009,5
tblCulture.csv,tattoo,date,034K,26/06/2012,4
tblCulture.csv,tattoo,date,034L,11/01/2012,3
tblCulture.csv,tattoo,date,034L,20/09/2011,4
tblCulture.csv,tattoo,date,034L,21/05/2013,5
tblCulture.csv,tattoo,date,034L,31/07/2012,2
tblCulture.csv,tattoo,date,034M,16/10/2018,4
tblCulture.csv,tattoo,date,034M,21/08/2018,3
tblCulture.csv,tattoo,date,034M,26/06/2018,3
tblCulture.csv,tattoo,date,034M,26/06/2019,3
tblCulture.csv,tattoo,date,034N,05/10/2010,4
tblCulture.csv,tattoo,date,034N,13/10/2009,4
tblCulture.csv,tattoo,date,034N,15/06/2010,4
tblCulture.csv,tattoo,date,034N,17/11/2009,4
tblCulture.csv,tattoo,date,034N,26/01/2010,4
tblCulture.csv,tattoo,date,034P,02/06/2009,3
tblCulture.csv,tattoo,date,034P,03/05/2011,4
tblCulture.csv,tattoo,date,034P,15/12/2009,2
tblCulture.csv,tattoo,date,034P,21/07/2009,3
tblCulture.csv,tattoo,date,034P,21/10/2008,3
tblCulture.csv,tattoo,date,034P,22/07/2008,4
tblCulture.csv,tattoo,date,034P,30/05/2012,3
tblCulture.csv,tattoo,date,034R,02/08/2005,3
tblCulture.csv,tattoo,date,034R,08/06/2004,3
tblCulture.csv,tattoo,date,034T,13/08/2019,4
tblCulture.csv,tattoo,date,034T,14/11/2017,4
tblCulture.csv,tattoo,date,034V,09/12/2015,2
tblCulture.csv,tattoo,date,034V,14/07/2015,4
tblCulture.csv,tattoo,date,034W,19/07/2005,3
tblCulture.csv,tattoo,date,034W,25/05/2005,3
tblCulture.csv,tattoo,date,034Y,06/05/2009,3
tblCulture.csv,tattoo,date,034Y,06/11/2007,4
tblCulture.csv,tattoo,date,034Y,11/12/2012,4
tblCulture.csv,tattoo,date,034Y,12/09/2007,3
tblCulture.csv,tattoo,date,034Y,17/05/2011,3
tblCulture.csv,tattoo,date,034Y,19/08/2008,4
tblCulture.csv,tattoo,date,034Y,21/09/2010,3
tblCulture.csv,tattoo,date,034Y,24/05/2010,4
tblCulture.csv,tattoo,date,034Y,28/10/2009,3
tblCulture.csv,tattoo,date,034Z,14/08/2019,3
tblCulture.csv,tattoo,date,035A,09/06/2015,2
tblCulture.csv,tattoo,date,035A,19/08/2014,3
tblCulture.csv,tattoo,date,035A,21/10/2014,4
tblCulture.csv,tattoo,date,035B,05/05/2009,2
tblCulture.csv,tattoo,date,035B,06/11/2007,4
tblCulture.csv,tattoo,date,035B,11/09/2007,4
tblCulture.csv,tattoo,date,035B,13/08/2013,4
tblCulture.csv,tattoo,date,035B,14/10/2009,3
tblCulture.csv,tattoo,date,035B,15/08/2006,2
tblCulture.csv,tattoo,date,035B,15/08/2012,3
tblCulture.csv,tattoo,date,035B,16/06/2010,3
tblCulture.csv,tattoo,date,035B,20/06/2006,2
tblCulture.csv,tattoo,date,035B,23/06/2015,4
tblCulture.csv,tattoo,date,035B,24/05/2011,4
tblCulture.csv,tattoo,date,035B,28/11/2006,3
tblCulture.csv,tattoo,date,035B,30/01/2007,5
tblCulture.csv,tattoo,date,035E,22/10/2014,3
tblCulture.csv,tattoo,date,035E,30/07/2013,4
tblCulture.csv,tattoo,date,035G,03/09/2003,3
tblCulture.csv,tattoo,date,035G,04/06/2003,3
tblCulture.csv,tattoo,date,035G,07/07/2004,3
tblCulture.csv,tattoo,date,035G,26/11/2003,2
tblCulture.csv,tattoo,date,035G,29/11/2006,3
tblCulture.csv,tattoo,date,035K,13/08/2013,4
tblCulture.csv,tattoo,date,035K,18/06/2013,4
tblCulture.csv,tattoo,date,035K,24/06/2014,3
tblCulture.csv,tattoo,date,035K,26/06/2012,4
tblCulture.csv,tattoo,date,035L,09/06/2015,4
tblCulture.csv,tattoo,date,035L,10/01/2012,4
tblCulture.csv,tattoo,date,035L,11/12/2012,4
tblCulture.csv,tattoo,date,035L,20/09/2011,4
tblCulture.csv,tattoo,date,035L,30/07/2013,4
tblCulture.csv,tattoo,date,035L,31/07/2012,4
tblCulture.csv,tattoo,date,035M,26/06/2018,3
tblCulture.csv,tattoo,date,035N,02/10/2012,4
tblCulture.csv,tattoo,date,035N,04/06/2013,3
tblCulture.csv,tattoo,date,035N,05/10/2010,4
tblCulture.csv,tattoo,date,035N,08/08/2013,6
tblCulture.csv,tattoo,date,035N,11/12/2012,3
tblCulture.csv,tattoo,date,035N,12/07/2011,3
tblCulture.csv,tattoo,date,035N,13/06/2012,3
tblCulture.csv,tattoo,date,035N,13/10/2009,4
tblCulture.csv,tattoo,date,035N,15/06/2010,2
tblCulture.csv,tattoo,date,035N,16/11/2010,4
tblCulture.csv,tattoo,date,035N,17/05/2011,4
tblCulture.csv,tattoo,date,035N,17/11/2009,4
tblCulture.csv,tattoo,date,035N,20/09/2011,2
tblCulture.csv,tattoo,date,035N,21/09/2010,4
tblCulture.csv,tattoo,date,035N,24/05/2010,3
tblCulture.csv,tattoo,date,035N,26/01/2010,3
tblCulture.csv,tattoo,date,035N,30/07/2013,5
tblCulture.csv,tattoo,date,035N,31/07/2012,4
tblCulture.csv,tattoo,date,035P,02/06/2009,4
tblCulture.csv,tattoo,date,035P,03/05/2011,3
tblCulture.csv,tattoo,date,035P,06/07/2011,2
tblCulture.csv,tattoo,date,035P,09/12/2008,4
tblCulture.csv,tattoo,date,035P,11/05/2010,4
tblCulture.csv,tattoo,date,035P,21/07/2009,4
tblCulture.csv,tattoo,date,035P,22/07/2008,4
tblCulture.csv,tattoo,date,035P,22/10/2008,2
tblCulture.csv,tattoo,date,035P,29/05/2012,4
tblCulture.csv,tattoo,date,035R,01/12/2009,5
tblCulture.csv,tattoo,date,035R,02/08/2006,2
tblCulture.csv,tattoo,date,035R,08/06/2004,2
tblCulture.csv,tattoo,date,035R,10/11/2004,2
tblCulture.csv,tattoo,date,035R,21/09/2004,3
tblCulture.csv,tattoo,date,035V,04/05/2016,3
tblCulture.csv,tattoo,date,035V,13/10/2015,4
tblCulture.csv,tattoo,date,035V,14/07/2015,4
tblCulture.csv,tattoo,date,035W,06/05/2008,2
tblCulture.csv,tattoo,date,035W,08/05/2007,4
tblCulture.csv,tattoo,date,035W,09/05/2006,3
tblCulture.csv,tattoo,date,035W,13/09/2005,3
tblCulture.csv,tattoo,date,035W,13/12/2005,3
tblCulture.csv,tattoo,date,035W,20/07/2005,3
tblCulture.csv,tattoo,date,035W,22/07/2008,4
tblCulture.csv,tattoo,date,035W,25/05/2005,3
tblCulture.csv,tattoo,date,035Y,06/06/2007,3
tblCulture.csv,tattoo,date,035Y,06/11/2007,4
tblCulture.csv,tattoo,date,035Y,09/01/2008,3
tblCulture.csv,tattoo,date,035Y,16/06/2010,3
tblCulture.csv,tattoo,date,035Y,18/11/2008,5
tblCulture.csv,tattoo,date,035Z,10/12/2019,3
tblCulture.csv,tattoo,date,035Z,14/08/2019,3
tblCulture.csv,tattoo,date,036A,19/08/2014,4
tblCulture.csv,tattoo,date,036B,18/07/2006,3
tblCulture.csv,tattoo,date,036E,08/10/2013,4
tblCulture.csv,tattoo,date,036E,10/05/2016,3
tblCulture.csv,tattoo,date,036E,13/01/2016,2
tblCulture.csv,tattoo,date,036E,19/08/2014,4
tblCulture.csv,tattoo,date,036E,20/01/2015,3
tblCulture.csv,tattoo,date,036E,21/10/2014,3
tblCulture.csv,tattoo,date,036E,22/08/2018,3
tblCulture.csv,tattoo,date,036E,25/08/2015,2
tblCulture.csv,tattoo,date,036E,27/06/2017,2
tblCulture.csv,tattoo,date,036E,30/07/2013,3
tblCulture.csv,tattoo,date,036G,04/06/2003,2
tblCulture.csv,tattoo,date,036G,25/11/2003,2
tblCulture.csv,tattoo,date,036K,04/11/2014,4
tblCulture.csv,tattoo,date,036K,13/08/2013,4
tblCulture.csv,tattoo,date,036K,14/08/2012,4
tblCulture.csv,tattoo,date,036K,15/01/2013,3
tblCulture.csv,tattoo,date,036K,26/06/2012,4
tblCulture.csv,tattoo,date,036L,04/06/2014,3
tblCulture.csv,tattoo,date,036L,13/06/2012,3
tblCulture.csv,tattoo,date,036L,21/09/2011,3
tblCulture.csv,tattoo,date,036L,31/07/2013,3
tblCulture.csv,tattoo,date,036M,21/08/2018,3
tblCulture.csv,tattoo,date,036M,27/06/2018,2
tblCulture.csv,tattoo,date,036N,13/10/2009,4
tblCulture.csv,tattoo,date,036N,15/06/2010,3
tblCulture.csv,tattoo,date,036N,17/11/2009,4
tblCulture.csv,tattoo,date,036N,26/01/2010,4
tblCulture.csv,tattoo,date,036P,21/10/2008,4
tblCulture.csv,tattoo,date,036P,22/07/2008,4
tblCulture.csv,tattoo,date,036R,01/08/2006,4
tblCulture.csv,tattoo,date,036R,02/08/2005,2
tblCulture.csv,tattoo,date,036R,05/08/2008,2
tblCulture.csv,tattoo,date,036R,08/06/2004,3
tblCulture.csv,tattoo,date,036R,08/11/2006,3
tblCulture.csv,tattoo,date,036R,09/01/2007,3
tblCulture.csv,tattoo,date,036R,09/10/2007,4
tblCulture.csv,tattoo,date,036R,11/12/2007,3
tblCulture.csv,tattoo,date,036R,16/05/2006,2
tblCulture.csv,tattoo,date,036R,21/09/2004,3
tblCulture.csv,tattoo,date,036R,22/05/2007,3
tblCulture.csv,tattoo,date,036R,22/08/2007,3
tblCulture.csv,tattoo,date,036R,24/05/2010,4
tblCulture.csv,tattoo,date,036R,27/09/2005,2
tblCulture.csv,tattoo,date,036V,03/05/2016,3
tblCulture.csv,tattoo,date,036V,13/10/2015,3
tblCulture.csv,tattoo,date,036V,14/07/2015,2
tblCulture.csv,tattoo,date,036W,07/06/2005,3
tblCulture.csv,tattoo,date,036Y,03/06/2008,3
tblCulture.csv,tattoo,date,036Y,06/06/2007,2
tblCulture.csv,tattoo,date,036Y,06/11/2007,4
tblCulture.csv,tattoo,date,036Y,11/09/2007,4
tblCulture.csv,tattoo,date,036Y,15/06/2010,4
tblCulture.csv,tattoo,date,036Z,02/10/2019,3
tblCulture.csv,tattoo,date,036Z,10/12/2019,3
tblCulture.csv,tattoo,date,036Z,14/08/2019,2
tblCulture.csv,tattoo,date,036Z,20/11/2019,3
tblCulture.csv,tattoo,date,037A,19/08/2014,4
tblCulture.csv,tattoo,date,037B,08/05/2007,4
tblCulture.csv,tattoo,date,037B,12/12/2006,2
tblCulture.csv,tattoo,date,037B,18/07/2006,3
tblCulture.csv,tattoo,date,037B,24/10/2006,3
tblCulture.csv,tattoo,date,037E,08/10/2013,4
tblCulture.csv,tattoo,date,037E,09/12/2014,3
tblCulture.csv,tattoo,date,037E,10/09/2014,3
tblCulture.csv,tattoo,date,037E,12/08/2014,4
tblCulture.csv,tattoo,date,037E,14/01/2014,2
tblCulture.csv,tattoo,date,037E,20/05/2014,4
tblCulture.csv,tattoo,date,037E,20/05/2015,3
tblCulture.csv,tattoo,date,037E,23/09/2014,3
tblCulture.csv,tattoo,date,037E,30/07/2013,3
tblCulture.csv,tattoo,date,037G,04/06/2003,3
tblCulture.csv,tattoo,date,037G,25/06/2003,5
tblCulture.csv,tattoo,date,037K,26/06/2012,3
tblCulture.csv,tattoo,date,037L,21/09/2011,4
tblCulture.csv,tattoo,date,037M,12/12/2018,3
tblCulture.csv,tattoo,date,037M,16/07/2019,4
tblCulture.csv,tattoo,date,037M,21/05/2019,4
tblCulture.csv,tattoo,date,037M,27/06/2018,3
tblCulture.csv,tattoo,date,037M,30/10/2018,3
tblCulture.csv,tattoo,date,037N,13/08/2013,4
tblCulture.csv,tattoo,date,037N,13/10/2009,4
tblCulture.csv,tattoo,date,037N,15/06/2010,4
tblCulture.csv,tattoo,date,037N,17/11/2009,3
tblCulture.csv,tattoo,date,037N,22/09/2010,3
tblCulture.csv,tattoo,date,037N,24/01/2012,2
tblCulture.csv,tattoo,date,037N,25/05/2011,3
tblCulture.csv,tattoo,date,037N,26/01/2010,4
tblCulture.csv,tattoo,date,037N,30/11/2010,3
tblCulture.csv,tattoo,date,037P,02/06/2009,8
tblCulture.csv,tattoo,date,037P,09/12/2008,3
tblCulture.csv,tattoo,date,037P,21/10/2008,4
tblCulture.csv,tattoo,date,037P,22/07/2008,4
tblCulture.csv,tattoo,date,037R,02/08/2005,3
tblCulture.csv,tattoo,date,037R,07/06/2005,3
tblCulture.csv,tattoo,date,037R,08/06/2004,3
tblCulture.csv,tattoo,date,037R,09/11/2004,3
tblCulture.csv,tattoo,date,037R,18/01/2005,2
tblCulture.csv,tattoo,date,037R,21/09/2004,3
tblCulture.csv,tattoo,date,037R,26/10/2005,5
tblCulture.csv,tattoo,date,037V,14/07/2015,4
tblCulture.csv,tattoo,date,037W,02/08/2005,3
tblCulture.csv,tattoo,date,037W,02/08/2006,2
tblCulture.csv,tattoo,date,037W,07/06/2005,2
tblCulture.csv,tattoo,date,037W,16/05/2006,5
tblCulture.csv,tattoo,date,037W,17/05/2011,3
tblCulture.csv,tattoo,date,037W,25/05/2010,3
tblCulture.csv,tattoo,date,037Y,06/06/2007,3
tblCulture.csv,tattoo,date,037Z,20/08/2019,4
tblCulture.csv,tattoo,date,038A,09/06/2015,4
tblCulture.csv,tattoo,date,038A,19/08/2014,2
tblCulture.csv,tattoo,date,038A,20/01/2015,2
tblCulture.csv,tattoo,date,038A,21/10/2014,3
tblCulture.csv,tattoo,date,038B,02/11/2010,4
tblCulture.csv,tattoo,date,038B,04/05/2011,2
tblCulture.csv,tattoo,date,038B,06/09/2011,4
tblCulture.csv,tattoo,date,038B,07/09/2010,4
tblCulture.csv,tattoo,date,038B,08/05/2007,4
tblCulture.csv,tattoo,date,038B,12/12/2006,3
tblCulture.csv,tattoo,date,038B,15/12/2010,3
tblCulture.csv,tattoo,date,038B,18/07/2006,3
tblCulture.csv,tattoo,date,038B,21/07/2009,3
tblCulture.csv,tattoo,date,038B,22/07/2008,4
tblCulture.csv,tattoo,date,038B,23/10/2007,4
tblCulture.csv,tattoo,date,038B,24/10/2006,3
tblCulture.csv,tattoo,date,038E,08/10/2013,4
tblCulture.csv,tattoo,date,038E,21/05/2014,3
tblCulture.csv,tattoo,date,038E,30/07/2013,3
tblCulture.csv,tattoo,date,038G,02/09/2003,3
tblCulture.csv,tattoo,date,038G,04/06/2003,3
tblCulture.csv,tattoo,date,038K,27/06/2012,3
tblCulture.csv,tattoo,date,038L,04/10/2011,4
tblCulture.csv,tattoo,date,038L,14/08/2012,4
tblCulture.csv,tattoo,date,038L,16/10/2012,4
tblCulture.csv,tattoo,date,038L,24/01/2012,4
tblCulture.csv,tattoo,date,038L,26/06/2012,4
tblCulture.csv,tattoo,date,038M,21/08/2018,4
tblCulture.csv,tattoo,date,038N,05/10/2010,4
tblCulture.csv,tattoo,date,038N,13/10/2009,4
tblCulture.csv,tattoo,date,038N,25/01/2011,4
tblCulture.csv,tattoo,date,038N,26/01/2010,3
tblCulture.csv,tattoo,date,038P,02/06/2009,3
tblCulture.csv,tattoo,date,038P,03/05/2011,4
tblCulture.csv,tattoo,date,038P,06/09/2011,4
tblCulture.csv,tattoo,date,038P,12/05/2010,3
tblCulture.csv,tattoo,date,038P,21/07/2009,4
tblCulture.csv,tattoo,date,038P,22/10/2008,3
tblCulture.csv,tattoo,date,038P,23/07/2008,3
tblCulture.csv,tattoo,date,038R,02/08/2005,3
tblCulture.csv,tattoo,date,038R,05/08/2008,4
tblCulture.csv,tattoo,date,038R,08/06/2004,3
tblCulture.csv,tattoo,date,038R,09/11/2004,3
tblCulture.csv,tattoo,date,038R,16/05/2006,3
tblCulture.csv,tattoo,date,038R,18/01/2005,3
tblCulture.csv,tattoo,date,038R,20/05/2008,4
tblCulture.csv,tattoo,date,038R,21/08/2007,4
tblCulture.csv,tattoo,date,038R,21/09/2004,2
tblCulture.csv,tattoo,date,038R,22/05/2007,3
tblCulture.csv,tattoo,date,038R,23/10/2007,4
tblCulture.csv,tattoo,date,038V,14/07/2015,4
tblCulture.csv,tattoo,date,038W,02/08/2005,2
tblCulture.csv,tattoo,date,038W,02/08/2006,2
tblCulture.csv,tattoo,date,038W,07/06/2005,3
tblCulture.csv,tattoo,date,038W,10/01/2006,3
tblCulture.csv,tattoo,date,038W,16/05/2006,3
tblCulture.csv,tattoo,date,038Y,05/10/2010,4
tblCulture.csv,tattoo,date,038Y,06/06/2007,3
tblCulture.csv,tattoo,date,038Y,07/11/2007,4
tblCulture.csv,tattoo,date,038Y,09/01/2008,4
tblCulture.csv,tattoo,date,038Y,13/08/2013,3
tblCulture.csv,tattoo,date,038Y,13/10/2009,3
tblCulture.csv,tattoo,date,038Y,15/06/2010,3
tblCulture.csv,tattoo,date,038Y,19/08/2008,3
tblCulture.csv,tattoo,date,038Y,26/06/2012,3
tblCulture.csv,tattoo,date,038Z,20/08/2019,3
tblCulture.csv,tattoo,date,039A,01/11/2017,3
tblCulture.csv,tattoo,date,039A,09/06/2015,4
tblCulture.csv,tattoo,date,039A,19/08/2014,6
tblCulture.csv,tattoo,date,039B,01/09/2008,6
tblCulture.csv,tattoo,date,039B,08/05/2007,4
tblCulture.csv,tattoo,date,039B,18/07/2006,3
tblCulture.csv,tattoo,date,039B,22/07/2008,4
tblCulture.csv,tattoo,date,039B,23/01/2008,3
tblCulture.csv,tattoo,date,039B,23/10/2007,4
tblCulture.csv,tattoo,date,039B,24/10/2006,3
tblCulture.csv,tattoo,date,039E,31/07/2013,2
tblCulture.csv,tattoo,date,039G,05/08/2003,2
tblCulture.csv,tattoo,date,039G,14/01/2004,3
tblCulture.csv,tattoo,date,039K,04/11/2014,4
tblCulture.csv,tattoo,date,039K,09/09/2014,4
tblCulture.csv,tattoo,date,039K,13/08/2013,4
tblCulture.csv,tattoo,date,039K,15/01/2013,4
tblCulture.csv,tattoo,date,039K,16/10/2012,4
tblCulture.csv,tattoo,date,039K,18/06/2013,4
tblCulture.csv,tattoo,date,039K,23/10/2013,2
tblCulture.csv,tattoo,date,039K,25/06/2014,3
tblCulture.csv,tattoo,date,039K,27/06/2012,3
tblCulture.csv,tattoo,date,039K,28/01/2014,3
tblCulture.csv,tattoo,date,039L,05/10/2011,3
tblCulture.csv,tattoo,date,039M,02/10/2019,3
tblCulture.csv,tattoo,date,039M,21/08/2018,4
tblCulture.csv,tattoo,date,039N,09/08/2016,4
tblCulture.csv,tattoo,date,039N,13/08/2013,4
tblCulture.csv,tattoo,date,039N,13/10/2009,4
tblCulture.csv,tattoo,date,039N,15/06/2010,4
tblCulture.csv,tattoo,date,039N,18/06/2013,4
tblCulture.csv,tattoo,date,039N,18/11/2009,3
tblCulture.csv,tattoo,date,039N,26/01/2010,4
tblCulture.csv,tattoo,date,039P,03/06/2009,3
tblCulture.csv,tattoo,date,039P,04/11/2009,3
tblCulture.csv,tattoo,date,039P,23/07/2008,3
tblCulture.csv,tattoo,date,039R,08/06/2004,2
tblCulture.csv,tattoo,date,039R,15/05/2007,6
tblCulture.csv,tattoo,date,039V,03/05/2016,4
tblCulture.csv,tattoo,date,039V,04/09/2018,5
tblCulture.csv,tattoo,date,039V,09/01/2018,5
tblCulture.csv,tattoo,date,039V,09/01/2019,3
tblCulture.csv,tattoo,date,039V,09/12/2015,3
tblCulture.csv,tattoo,date,039V,12/07/2016,4
tblCulture.csv,tattoo,date,039V,13/06/2017,5
tblCulture.csv,tattoo,date,039V,13/10/2015,4
tblCulture.csv,tattoo,date,039V,15/07/2015,4
tblCulture.csv,tattoo,date,039V,21/05/2019,4
tblCulture.csv,tattoo,date,039V,22/05/2018,5
tblCulture.csv,tattoo,date,039W,01/08/2006,3
tblCulture.csv,tattoo,date,039W,03/08/2005,2
tblCulture.csv,tattoo,date,039W,07/06/2005,3
tblCulture.csv,tattoo,date,039W,07/11/2006,4
tblCulture.csv,tattoo,date,039W,10/01/2006,3
tblCulture.csv,tattoo,date,039W,12/07/2011,4
tblCulture.csv,tattoo,date,039W,16/05/2006,4
tblCulture.csv,tattoo,date,039W,17/05/2011,3
tblCulture.csv,tattoo,date,039W,20/05/2008,4
tblCulture.csv,tattoo,date,039W,22/05/2007,3
tblCulture.csv,tattoo,date,039W,22/08/2007,5
tblCulture.csv,tattoo,date,039W,24/05/2010,4
tblCulture.csv,tattoo,date,039W,28/09/2005,2
tblCulture.csv,tattoo,date,039Y,06/06/2007,3
tblCulture.csv,tattoo,date,039Y,06/11/2007,4
tblCulture.csv,tattoo,date,039Y,08/01/2008,4
tblCulture.csv,tattoo,date,039Y,11/09/2007,4
tblCulture.csv,tattoo,date,039Y,28/01/2008,6
tblCulture.csv,tattoo,date,039Z,21/08/2019,3
tblCulture.csv,tattoo,date,040A,09/06/2015,4
tblCulture.csv,tattoo,date,040A,20/08/2014,3
tblCulture.csv,tattoo,date,040B,07/05/2008,3
tblCulture.csv,tattoo,date,040B,12/12/2006,4
tblCulture.csv,tattoo,date,040B,18/07/2006,3
tblCulture.csv,tattoo,date,040E,13/08/2013,3
tblCulture.csv,tattoo,date,040E,22/10/2013,3
tblCulture.csv,tattoo,date,040E,28/01/2014,4
tblCulture.csv,tattoo,date,040G,05/08/2003,3
tblCulture.csv,tattoo,date,040G,19/08/2003,5
tblCulture.csv,tattoo,date,040K,27/06/2012,3
tblCulture.csv,tattoo,date,040L,06/12/2011,4
tblCulture.csv,tattoo,date,040L,10/12/2013,4
tblCulture.csv,tattoo,date,040L,16/07/2013,4
tblCulture.csv,tattoo,date,040L,17/07/2012,3
tblCulture.csv,tattoo,date,040L,18/09/2012,3
tblCulture.csv,tattoo,date,040L,21/05/2013,4
tblCulture.csv,tattoo,date,040L,24/09/2013,5
tblCulture.csv,tattoo,date,040L,29/01/2013,4
tblCulture.csv,tattoo,date,040L,30/05/2012,3
tblCulture.csv,tattoo,date,040M,02/10/2019,3
tblCulture.csv,tattoo,date,040M,11/12/2018,3
tblCulture.csv,tattoo,date,040M,21/08/2018,3
tblCulture.csv,tattoo,date,040N,13/10/2009,4
tblCulture.csv,tattoo,date,040N,15/06/2010,3
tblCulture.csv,tattoo,date,040N,17/11/2009,4
tblCulture.csv,tattoo,date,040N,26/01/2010,4
tblCulture.csv,tattoo,date,040P,09/12/2008,4
tblCulture.csv,tattoo,date,040P,22/10/2008,3
tblCulture.csv,tattoo,date,040P,23/07/2008,2
tblCulture.csv,tattoo,date,040R,01/08/2006,4
tblCulture.csv,tattoo,date,040R,05/08/2008,3
tblCulture.csv,tattoo,date,040R,08/06/2004,2
tblCulture.csv,tattoo,date,040R,08/06/2005,2
tblCulture.csv,tattoo,date,040R,09/10/2007,4
tblCulture.csv,tattoo,date,040R,09/11/2004,2
tblCulture.csv,tattoo,date,040R,19/01/2005,2
tblCulture.csv,tattoo,date,040R,20/05/2008,4
tblCulture.csv,tattoo,date,040R,21/08/2007,4
tblCulture.csv,tattoo,date,040R,21/09/2004,3
tblCulture.csv,tattoo,date,040R,22/05/2007,3
tblCulture.csv,tattoo,date,040R,27/04/2010,6
tblCulture.csv,tattoo,date,040R,28/10/2009,4
tblCulture.csv,tattoo,date,040V,03/05/2016,3
tblCulture.csv,tattoo,date,040V,09/12/2015,4
tblCulture.csv,tattoo,date,040V,12/07/2016,5
tblCulture.csv,tattoo,date,040V,13/10/2015,4
tblCulture.csv,tattoo,date,040V,15/07/2015,3
tblCulture.csv,tattoo,date,040W,02/08/2005,2
tblCulture.csv,tattoo,date,040W,07/06/2005,3
tblCulture.csv,tattoo,date,040W,18/11/2005,7
tblCulture.csv,tattoo,date,040W,27/09/2005,3
tblCulture.csv,tattoo,date,040Y,03/06/2008,2
tblCulture.csv,tattoo,date,040Y,05/05/2009,4
tblCulture.csv,tattoo,date,040Y,06/06/2007,2
tblCulture.csv,tattoo,date,040Y,11/09/2007,4
tblCulture.csv,tattoo,date,040Z,10/09/2019,3
tblCulture.csv,tattoo,date,040Z,19/11/2019,3
tblCulture.csv,tattoo,date,040l,25/01/2011,4
tblCulture.csv,tattoo,date,041A,17/04/2015,6
tblCulture.csv,tattoo,date,041A,20/08/2014,2
tblCulture.csv,tattoo,date,041B,18/07/2006,3
tblCulture.csv,tattoo,date,041B,24/10/2006,4
tblCulture.csv,tattoo,date,041E,09/09/2014,4
tblCulture.csv,tattoo,date,041E,13/08/2013,4
tblCulture.csv,tattoo,date,041E,28/01/2014,4
tblCulture.csv,tattoo,date,041G,05/08/2003,2
tblCulture.csv,tattoo,date,041G,06/09/2011,4
tblCulture.csv,tattoo,date,041G,14/01/2004,3
tblCulture.csv,tattoo,date,041G,29/10/2003,2
tblCulture.csv,tattoo,date,041K,27/06/2012,2
tblCulture.csv,tattoo,date,041L,07/12/2011,3
tblCulture.csv,tattoo,date,041L,14/06/2017,4
tblCulture.csv,tattoo,date,041L,16/07/2013,3
tblCulture.csv,tattoo,date,041L,17/07/2012,4
tblCulture.csv,tattoo,date,041L,18/09/2012,3
tblCulture.csv,tattoo,date,041L,21/05/2013,3
tblCulture.csv,tattoo,date,041L,23/09/2014,4
tblCulture.csv,tattoo,date,041L,24/09/2013,4
tblCulture.csv,tattoo,date,041L,29/05/2012,3
tblCulture.csv,tattoo,date,041M,13/08/2019,4
tblCulture.csv,tattoo,date,041M,17/10/2018,3
tblCulture.csv,tattoo,date,041M,21/08/2018,4
tblCulture.csv,tattoo,date,041N,05/10/2010,4
tblCulture.csv,tattoo,date,041N,13/10/2009,4
tblCulture.csv,tattoo,date,041N,15/06/2010,4
tblCulture.csv,tattoo,date,041N,17/11/2009,4
tblCulture.csv,tattoo,date,041N,26/01/2010,4
tblCulture.csv,tattoo,date,041N,30/11/2010,3
tblCulture.csv,tattoo,date,041P,10/12/2008,3
tblCulture.csv,tattoo,date,041P,22/10/2008,3
tblCulture.csv,tattoo,date,041P,23/07/2008,3
tblCulture.csv,tattoo,date,041R,08/06/2004,3
tblCulture.csv,tattoo,date,041R,08/06/2005,2
tblCulture.csv,tattoo,date,041R,27/09/2005,2
tblCulture.csv,tattoo,date,041V,04/05/2016,3
tblCulture.csv,tattoo,date,041V,13/10/2015,4
tblCulture.csv,tattoo,date,041V,15/07/2015,3
tblCulture.csv,tattoo,date,041W,01/08/2006,3
tblCulture.csv,tattoo,date,041W,02/08/2005,3
tblCulture.csv,tattoo,date,041W,07/06/2005,3
tblCulture.csv,tattoo,date,041W,09/10/2007,4
tblCulture.csv,tattoo,date,041W,11/01/2006,2
tblCulture.csv,tattoo,date,041W,20/05/2008,3
tblCulture.csv,tattoo,date,041W,22/05/2007,3
tblCulture.csv,tattoo,date,041W,22/08/2007,4
tblCulture.csv,tattoo,date,041W,22/10/2008,3
tblCulture.csv,tattoo,date,041W,27/09/2005,3
tblCulture.csv,tattoo,date,041Y,03/06/2008,4
tblCulture.csv,tattoo,date,041Y,06/06/2007,2
tblCulture.csv,tattoo,date,041Y,06/11/2007,4
tblCulture.csv,tattoo,date,041Y,08/01/2008,4
tblCulture.csv,tattoo,date,041Y,15/06/2010,4
tblCulture.csv,tattoo,date,041Y,19/08/2008,4
tblCulture.csv,tattoo,date,041Z,10/09/2019,4
tblCulture.csv,tattoo,date,042A,04/11/2014,3
tblCulture.csv,tattoo,date,042A,06/09/2017,2
tblCulture.csv,tattoo,date,042A,08/09/2015,4
tblCulture.csv,tattoo,date,042A,09/08/2016,3
tblCulture.csv,tattoo,date,042A,09/09/2014,4
tblCulture.csv,tattoo,date,042A,11/07/2017,3
tblCulture.csv,tattoo,date,042A,14/08/2019,3
tblCulture.csv,tattoo,date,042A,18/10/2016,3
tblCulture.csv,tattoo,date,042A,23/06/2015,2
tblCulture.csv,tattoo,date,042A,24/01/2017,2
tblCulture.csv,tattoo,date,042A,26/06/2018,3
tblCulture.csv,tattoo,date,042A,27/01/2015,4
tblCulture.csv,tattoo,date,042B,18/07/2006,2
tblCulture.csv,tattoo,date,042B,24/10/2006,3
tblCulture.csv,tattoo,date,042E,10/09/2014,2
tblCulture.csv,tattoo,date,042E,13/08/2013,3
tblCulture.csv,tattoo,date,042E,23/10/2013,2
tblCulture.csv,tattoo,date,042E,24/06/2014,3
tblCulture.csv,tattoo,date,042E,24/06/2015,2
tblCulture.csv,tattoo,date,042E,27/01/2015,2
tblCulture.csv,tattoo,date,042G,03/06/2009,3
tblCulture.csv,tattoo,date,042G,03/11/2010,3
tblCulture.csv,tattoo,date,042G,04/05/2011,3
tblCulture.csv,tattoo,date,042G,05/08/2003,3
tblCulture.csv,tattoo,date,042G,08/05/2007,4
tblCulture.csv,tattoo,date,042G,13/01/2004,2
tblCulture.csv,tattoo,date,042G,22/07/2008,3
tblCulture.csv,tattoo,date,042G,23/10/2007,4
tblCulture.csv,tattoo,date,042G,26/05/2004,2
tblCulture.csv,tattoo,date,042G,28/10/2003,3
tblCulture.csv,tattoo,date,042K,17/07/2012,3
tblCulture.csv,tattoo,date,042M,13/08/2019,3
tblCulture.csv,tattoo,date,042M,21/08/2018,3
tblCulture.csv,tattoo,date,042M,26/09/2018,3
tblCulture.csv,tattoo,date,042N,14/10/2009,3
tblCulture.csv,tattoo,date,042P,10/12/2008,2
tblCulture.csv,tattoo,date,042P,22/10/2008,3
tblCulture.csv,tattoo,date,042P,23/07/2008,3
tblCulture.csv,tattoo,date,042R,02/08/2005,3
tblCulture.csv,tattoo,date,042R,05/08/2008,3
tblCulture.csv,tattoo,date,042R,07/06/2005,2
tblCulture.csv,tattoo,date,042R,09/06/2004,3
tblCulture.csv,tattoo,date,042R,09/11/2004,3
tblCulture.csv,tattoo,date,042R,16/05/2006,3
tblCulture.csv,tattoo,date,042R,21/09/2004,2
tblCulture.csv,tattoo,date,042R,22/05/2007,4
tblCulture.csv,tattoo,date,042V,05/06/2018,4
tblCulture.csv,tattoo,date,042V,20/11/2019,3
tblCulture.csv,tattoo,date,042V,25/08/2015,4
tblCulture.csv,tattoo,date,042V,26/07/2016,4
tblCulture.csv,tattoo,date,042V,27/06/2017,3
tblCulture.csv,tattoo,date,042W,02/08/2005,3
tblCulture.csv,tattoo,date,042W,07/06/2005,3
tblCulture.csv,tattoo,date,042W,10/01/2006,2
tblCulture.csv,tattoo,date,042W,16/05/2006,3
tblCulture.csv,tattoo,date,042W,22/05/2007,3
tblCulture.csv,tattoo,date,042W,27/09/2005,2
tblCulture.csv,tattoo,date,042Y,06/06/2007,2
tblCulture.csv,tattoo,date,042Y,06/11/2007,4
tblCulture.csv,tattoo,date,042Z,10/09/2019,4
tblCulture.csv,tattoo,date,043A,05/11/2014,3
tblCulture.csv,tattoo,date,043A,09/09/2014,4
tblCulture.csv,tattoo,date,043A,09/09/2015,3
tblCulture.csv,tattoo,date,043A,10/08/2016,3
tblCulture.csv,tattoo,date,043A,20/08/2019,4
tblCulture.csv,tattoo,date,043A,21/08/2018,3
tblCulture.csv,tattoo,date,043A,23/06/2015,4
tblCulture.csv,tattoo,date,043A,24/01/2017,3
tblCulture.csv,tattoo,date,043A,26/01/2016,4
tblCulture.csv,tattoo,date,043A,26/06/2018,3
tblCulture.csv,tattoo,date,043A,27/01/2015,3
tblCulture.csv,tattoo,date,043A,28/06/2016,4
tblCulture.csv,tattoo,date,043B,08/05/2007,6
tblCulture.csv,tattoo,date,043B,12/12/2006,4
tblCulture.csv,tattoo,date,043B,18/07/2006,3
tblCulture.csv,tattoo,date,043B,24/10/2006,3
tblCulture.csv,tattoo,date,043E,13/08/2013,3
tblCulture.csv,tattoo,date,043G,05/08/2003,3
tblCulture.csv,tattoo,date,043G,29/10/2003,2
tblCulture.csv,tattoo,date,043K,17/07/2012,4
tblCulture.csv,tattoo,date,043M,21/08/2018,4
tblCulture.csv,tattoo,date,043M,25/09/2018,3
tblCulture.csv,tattoo,date,043M,27/11/2018,3
tblCulture.csv,tattoo,date,043N,14/10/2009,3
tblCulture.csv,tattoo,date,043P,02/06/2009,4
tblCulture.csv,tattoo,date,043P,06/07/2011,3
tblCulture.csv,tattoo,date,043P,07/09/2010,4
tblCulture.csv,tattoo,date,043P,10/12/2008,3
tblCulture.csv,tattoo,date,043P,11/05/2010,4
tblCulture.csv,tattoo,date,043P,18/09/2012,4
tblCulture.csv,tattoo,date,043P,21/07/2009,4
tblCulture.csv,tattoo,date,043P,22/10/2008,3
tblCulture.csv,tattoo,date,043P,23/07/2008,3
tblCulture.csv,tattoo,date,043R,09/06/2004,2
tblCulture.csv,tattoo,date,043R,21/09/2004,3
tblCulture.csv,tattoo,date,043V,04/10/2016,4
tblCulture.csv,tattoo,date,043V,05/06/2018,4
tblCulture.csv,tattoo,date,043V,10/01/2017,3
tblCulture.csv,tattoo,date,043V,10/05/2016,2
tblCulture.csv,tattoo,date,043V,12/01/2016,4
tblCulture.csv,tattoo,date,043V,15/08/2017,3
tblCulture.csv,tattoo,date,043V,16/01/2018,3
tblCulture.csv,tattoo,date,043V,21/08/2018,4
tblCulture.csv,tattoo,date,043V,25/01/2017,3
tblCulture.csv,tattoo,date,043V,25/08/2015,3
tblCulture.csv,tattoo,date,043V,25/09/2018,4
tblCulture.csv,tattoo,date,043V,26/07/2016,3
tblCulture.csv,tattoo,date,043V,27/06/2017,2
tblCulture.csv,tattoo,date,043V,27/11/2018,2
tblCulture.csv,tattoo,date,043V,31/10/2017,3
tblCulture.csv,tattoo,date,043W,02/06/2009,4
tblCulture.csv,tattoo,date,043W,02/08/2005,2
tblCulture.csv,tattoo,date,043W,03/05/2011,3
tblCulture.csv,tattoo,date,043W,06/07/2011,2
tblCulture.csv,tattoo,date,043W,06/09/2011,5
tblCulture.csv,tattoo,date,043W,06/12/2011,4
tblCulture.csv,tattoo,date,043W,07/06/2005,3
tblCulture.csv,tattoo,date,043W,10/01/2006,2
tblCulture.csv,tattoo,date,043W,10/10/2007,3
tblCulture.csv,tattoo,date,043W,11/05/2010,4
tblCulture.csv,tattoo,date,043W,17/07/2012,3
tblCulture.csv,tattoo,date,043W,18/09/2012,4
tblCulture.csv,tattoo,date,043W,21/07/2009,3
tblCulture.csv,tattoo,date,043W,22/05/2013,3
tblCulture.csv,tattoo,date,043W,22/07/2008,4
tblCulture.csv,tattoo,date,043W,22/10/2008,2
tblCulture.csv,tattoo,date,043W,27/09/2005,3
tblCulture.csv,tattoo,date,043Y,06/05/2008,4
tblCulture.csv,tattoo,date,043Y,12/05/2010,3
tblCulture.csv,tattoo,date,043Y,23/01/2008,5
tblCulture.csv,tattoo,date,043Y,23/07/2008,3
tblCulture.csv,tattoo,date,043Y,24/10/2007,3
tblCulture.csv,tattoo,date,043Y,27/08/2010,6
tblCulture.csv,tattoo,date,043Y,31/07/2007,3
tblCulture.csv,tattoo,date,043Z,10/09/2019,3
tblCulture.csv,tattoo,date,044A,04/11/2014,4
tblCulture.csv,tattoo,date,044A,09/09/2014,4
tblCulture.csv,tattoo,date,044A,27/01/2015,4
tblCulture.csv,tattoo,date,044B,18/07/2006,3
tblCulture.csv,tattoo,date,044B,24/10/2006,3
tblCulture.csv,tattoo,date,044E,08/09/2015,4
tblCulture.csv,tattoo,date,044E,14/08/2013,3
tblCulture.csv,tattoo,date,044E,20/05/2014,4
tblCulture.csv,tattoo,date,044E,23/06/2015,3
tblCulture.csv,tattoo,date,044G,03/06/2009,3
tblCulture.csv,tattoo,date,044G,05/08/2003,2
tblCulture.csv,tattoo,date,044G,09/05/2006,2
tblCulture.csv,tattoo,date,044G,14/09/2005,2
tblCulture.csv,tattoo,date,044G,28/10/2003,3
tblCulture.csv,tattoo,date,044K,17/07/2012,3
tblCulture.csv,tattoo,date,044M,20/08/2019,4
tblCulture.csv,tattoo,date,044M,21/08/2018,6
tblCulture.csv,tattoo,date,044N,14/10/2009,3
tblCulture.csv,tattoo,date,044N,27/01/2010,3
tblCulture.csv,tattoo,date,044P,02/06/2009,4
tblCulture.csv,tattoo,date,044P,03/05/2011,4
tblCulture.csv,tattoo,date,044P,04/11/2009,3
tblCulture.csv,tattoo,date,044P,06/07/2011,2
tblCulture.csv,tattoo,date,044P,07/09/2010,3
tblCulture.csv,tattoo,date,044P,09/12/2008,3
tblCulture.csv,tattoo,date,044P,12/05/2010,4
tblCulture.csv,tattoo,date,044P,15/12/2009,2
tblCulture.csv,tattoo,date,044P,21/07/2009,3
tblCulture.csv,tattoo,date,044P,21/10/2008,4
tblCulture.csv,tattoo,date,044P,23/07/2008,3
tblCulture.csv,tattoo,date,044R,02/08/2005,3
tblCulture.csv,tattoo,date,044R,09/06/2004,3
tblCulture.csv,tattoo,date,044R,22/05/2007,4
tblCulture.csv,tattoo,date,044R,22/09/2004,2
tblCulture.csv,tattoo,date,044R,27/09/2005,3
tblCulture.csv,tattoo,date,044V,25/08/2015,3
tblCulture.csv,tattoo,date,044W,02/08/2005,2
tblCulture.csv,tattoo,date,044W,07/06/2005,3
tblCulture.csv,tattoo,date,044W,25/10/2005,3
tblCulture.csv,tattoo,date,044W,27/09/2005,3
tblCulture.csv,tattoo,date,044Y,02/06/2009,6
tblCulture.csv,tattoo,date,044Y,06/05/2008,4
tblCulture.csv,tattoo,date,044Y,12/05/2010,6
tblCulture.csv,tattoo,date,044Y,23/10/2007,3
tblCulture.csv,tattoo,date,044Y,31/07/2007,3
tblCulture.csv,tattoo,date,044Z,10/09/2019,3
tblCulture.csv,tattoo,date,045A,05/11/2014,2
tblCulture.csv,tattoo,date,045A,08/09/2015,4
tblCulture.csv,tattoo,date,045A,09/08/2016,4
tblCulture.csv,tattoo,date,045A,09/09/2014,4
tblCulture.csv,tattoo,date,045A,11/07/2017,3
tblCulture.csv,tattoo,date,045A,16/07/2019,4
tblCulture.csv,tattoo,date,045A,19/10/2016,3
tblCulture.csv,tattoo,date,045A,21/08/2019,3
tblCulture.csv,tattoo,date,045A,22/08/2018,3
tblCulture.csv,tattoo,date,045A,23/06/2015,4
tblCulture.csv,tattoo,date,045A,26/01/2016,3
tblCulture.csv,tattoo,date,045A,26/06/2018,4
tblCulture.csv,tattoo,date,045A,28/06/2016,4
tblCulture.csv,tattoo,date,045B,05/07/2011,4
tblCulture.csv,tattoo,date,045B,06/05/2008,2
tblCulture.csv,tattoo,date,045B,08/05/2007,4
tblCulture.csv,tattoo,date,045B,14/07/2015,4
tblCulture.csv,tattoo,date,045B,18/07/2006,2
tblCulture.csv,tattoo,date,045B,21/05/2014,2
tblCulture.csv,tattoo,date,045B,22/05/2013,3
tblCulture.csv,tattoo,date,045B,24/10/2006,3
tblCulture.csv,tattoo,date,045E,14/08/2013,2
tblCulture.csv,tattoo,date,045E,27/01/2015,3
tblCulture.csv,tattoo,date,045G,05/08/2003,3
tblCulture.csv,tattoo,date,045G,19/08/2005,5
tblCulture.csv,tattoo,date,045G,25/05/2004,3
tblCulture.csv,tattoo,date,045G,28/10/2003,2
tblCulture.csv,tattoo,date,045K,17/07/2012,4
tblCulture.csv,tattoo,date,045M,02/10/2019,3
tblCulture.csv,tattoo,date,045M,11/12/2018,3
tblCulture.csv,tattoo,date,045M,20/08/2019,3
tblCulture.csv,tattoo,date,045M,21/08/2018,4
tblCulture.csv,tattoo,date,045N,27/10/2009,4
tblCulture.csv,tattoo,date,045P,04/11/2008,4
tblCulture.csv,tattoo,date,045P,05/08/2008,3
tblCulture.csv,tattoo,date,045P,13/06/2012,3
tblCulture.csv,tattoo,date,045P,21/09/2010,3
tblCulture.csv,tattoo,date,045P,24/05/2010,6
tblCulture.csv,tattoo,date,045P,27/10/2009,3
tblCulture.csv,tattoo,date,045R,06/07/2004,2
tblCulture.csv,tattoo,date,045R,13/06/2012,4
tblCulture.csv,tattoo,date,045R,17/05/2011,4
tblCulture.csv,tattoo,date,045R,19/05/2009,3
tblCulture.csv,tattoo,date,045R,21/10/2014,4
tblCulture.csv,tattoo,date,045R,24/05/2010,3
tblCulture.csv,tattoo,date,045R,24/11/2004,2
tblCulture.csv,tattoo,date,045R,29/08/2015,6
tblCulture.csv,tattoo,date,045V,08/09/2015,3
tblCulture.csv,tattoo,date,045V,09/08/2016,3
tblCulture.csv,tattoo,date,045V,24/01/2017,2
tblCulture.csv,tattoo,date,045V,25/11/2015,4
tblCulture.csv,tattoo,date,045V,28/06/2016,3
tblCulture.csv,tattoo,date,045W,07/06/2005,3
tblCulture.csv,tattoo,date,045W,29/07/2005,8
tblCulture.csv,tattoo,date,045Y,04/05/2011,3
tblCulture.csv,tattoo,date,045Y,10/12/2008,4
tblCulture.csv,tattoo,date,045Y,12/05/2010,3
tblCulture.csv,tattoo,date,045Y,21/07/2009,3
tblCulture.csv,tattoo,date,045Y,22/07/2008,3
tblCulture.csv,tattoo,date,045Y,31/07/2007,3
tblCulture.csv,tattoo,date,045Z,02/10/2019,3
tblCulture.csv,tattoo,date,045Z,10/12/2019,3
tblCulture.csv,tattoo,date,046A,04/11/2014,4
tblCulture.csv,tattoo,date,046A,08/09/2015,4
tblCulture.csv,tattoo,date,046A,09/08/2016,4
tblCulture.csv,tattoo,date,046A,09/09/2014,4
tblCulture.csv,tattoo,date,046A,11/07/2017,3
tblCulture.csv,tattoo,date,046A,15/11/2017,3
tblCulture.csv,tattoo,date,046A,19/10/2016,2
tblCulture.csv,tattoo,date,046A,23/06/2015,3
tblCulture.csv,tattoo,date,046A,26/06/2018,4
tblCulture.csv,tattoo,date,046A,28/06/2016,4
tblCulture.csv,tattoo,date,046B,09/12/2008,3
tblCulture.csv,tattoo,date,046B,18/07/2006,3
tblCulture.csv,tattoo,date,046B,22/07/2008,3
tblCulture.csv,tattoo,date,046E,14/08/2013,3
tblCulture.csv,tattoo,date,046E,24/06/2014,4
tblCulture.csv,tattoo,date,046E,28/01/2014,4
tblCulture.csv,tattoo,date,046G,05/08/2003,2
tblCulture.csv,tattoo,date,046K,17/07/2012,4
tblCulture.csv,tattoo,date,046M,05/09/2018,2
tblCulture.csv,tattoo,date,046M,11/12/2018,4
tblCulture.csv,tattoo,date,046M,16/07/2019,4
tblCulture.csv,tattoo,date,046M,16/10/2018,4
tblCulture.csv,tattoo,date,046M,21/01/2020,3
tblCulture.csv,tattoo,date,046M,21/05/2019,3
tblCulture.csv,tattoo,date,046M,21/08/2018,3
tblCulture.csv,tattoo,date,046M,22/10/2019,4
tblCulture.csv,tattoo,date,046M,30/10/2018,4
tblCulture.csv,tattoo,date,046N,27/10/2009,4
tblCulture.csv,tattoo,date,046P,04/11/2008,4
tblCulture.csv,tattoo,date,046P,05/08/2008,4
tblCulture.csv,tattoo,date,046P,12/07/2011,4
tblCulture.csv,tattoo,date,046P,16/06/2010,4
tblCulture.csv,tattoo,date,046P,17/05/2011,4
tblCulture.csv,tattoo,date,046P,19/01/2010,3
tblCulture.csv,tattoo,date,046P,19/05/2009,4
tblCulture.csv,tattoo,date,046P,21/09/2010,5
tblCulture.csv,tattoo,date,046P,24/05/2010,4
tblCulture.csv,tattoo,date,046P,25/05/2011,3
tblCulture.csv,tattoo,date,046P,26/06/2012,4
tblCulture.csv,tattoo,date,046P,27/10/2009,4
tblCulture.csv,tattoo,date,046P,31/07/2013,2
tblCulture.csv,tattoo,date,046R,05/10/2004,2
tblCulture.csv,tattoo,date,046R,21/06/2005,5
tblCulture.csv,tattoo,date,046R,23/11/2004,3
tblCulture.csv,tattoo,date,046V,08/09/2015,4
tblCulture.csv,tattoo,date,046V,25/11/2015,3
tblCulture.csv,tattoo,date,046W,02/08/2005,3
tblCulture.csv,tattoo,date,046W,07/06/2005,3
tblCulture.csv,tattoo,date,046W,19/01/2006,5
tblCulture.csv,tattoo,date,046Y,24/10/2007,3
tblCulture.csv,tattoo,date,046Y,31/07/2007,3
tblCulture.csv,tattoo,date,046Z,21/01/2020,4
tblCulture.csv,tattoo,date,046Z,22/10/2019,3
tblCulture.csv,tattoo,date,047A,10/09/2014,3
tblCulture.csv,tattoo,date,047B,08/05/2007,4
tblCulture.csv,tattoo,date,047B,18/07/2006,3
tblCulture.csv,tattoo,date,047B,24/10/2006,3
tblCulture.csv,tattoo,date,047E,05/11/2014,3
tblCulture.csv,tattoo,date,047E,14/08/2013,2
tblCulture.csv,tattoo,date,047E,23/10/2013,3
tblCulture.csv,tattoo,date,047E,24/06/2015,3
tblCulture.csv,tattoo,date,047E,25/06/2014,3
tblCulture.csv,tattoo,date,047G,13/01/2004,3
tblCulture.csv,tattoo,date,047G,28/10/2003,3
tblCulture.csv,tattoo,date,047K,17/07/2012,4
tblCulture.csv,tattoo,date,047M,11/12/2018,4
tblCulture.csv,tattoo,date,047M,22/08/2018,3
tblCulture.csv,tattoo,date,047N,27/10/2009,4
tblCulture.csv,tattoo,date,047P,05/05/2009,4
tblCulture.csv,tattoo,date,047P,05/08/2008,3
tblCulture.csv,tattoo,date,047P,13/01/2009,3
tblCulture.csv,tattoo,date,047P,13/10/2009,3
tblCulture.csv,tattoo,date,047P,19/01/2010,3
tblCulture.csv,tattoo,date,047P,19/04/2010,6
tblCulture.csv,tattoo,date,047P,19/05/2009,4
tblCulture.csv,tattoo,date,047P,27/10/2009,4
tblCulture.csv,tattoo,date,047R,01/02/2005,3
tblCulture.csv,tattoo,date,047R,05/10/2004,3
tblCulture.csv,tattoo,date,047R,06/07/2004,2
tblCulture.csv,tattoo,date,047R,16/08/2005,2
tblCulture.csv,tattoo,date,047R,23/11/2004,3
tblCulture.csv,tattoo,date,047V,09/09/2015,3
tblCulture.csv,tattoo,date,047V,25/11/2015,3
tblCulture.csv,tattoo,date,047V,26/01/2016,4
tblCulture.csv,tattoo,date,047W,02/08/2005,3
tblCulture.csv,tattoo,date,047W,07/06/2005,3
tblCulture.csv,tattoo,date,047W,22/05/2007,2
tblCulture.csv,tattoo,date,047W,24/05/2010,4
tblCulture.csv,tattoo,date,047Y,23/01/2008,3
tblCulture.csv,tattoo,date,047Y,23/07/2008,3
tblCulture.csv,tattoo,date,047Y,23/10/2007,3
tblCulture.csv,tattoo,date,047Y,31/07/2007,3
tblCulture.csv,tattoo,date,048A,03/05/2016,3
tblCulture.csv,tattoo,date,048A,04/09/2018,4
tblCulture.csv,tattoo,date,048A,09/12/2014,4
tblCulture.csv,tattoo,date,048A,13/07/2016,3
tblCulture.csv,tattoo,date,048A,15/07/2015,4
tblCulture.csv,tattoo,date,048A,20/05/2015,3
tblCulture.csv,tattoo,date,048A,20/08/2019,3
tblCulture.csv,tattoo,date,048A,22/05/2018,3
tblCulture.csv,tattoo,date,048A,23/09/2014,4
tblCulture.csv,tattoo,date,048B,06/05/2008,4
tblCulture.csv,tattoo,date,048B,08/05/2007,4
tblCulture.csv,tattoo,date,048B,16/06/2008,6
tblCulture.csv,tattoo,date,048B,18/07/2006,3
tblCulture.csv,tattoo,date,048B,24/10/2006,4
tblCulture.csv,tattoo,date,048B,31/07/2007,4
tblCulture.csv,tattoo,date,048E,14/08/2013,2
tblCulture.csv,tattoo,date,048G,05/08/2003,3
tblCulture.csv,tattoo,date,048K,17/07/2012,4
tblCulture.csv,tattoo,date,048M,11/12/2018,3
tblCulture.csv,tattoo,date,048M,22/08/2018,2
tblCulture.csv,tattoo,date,048N,28/10/2009,3
tblCulture.csv,tattoo,date,048P,04/11/2008,4
tblCulture.csv,tattoo,date,048P,05/08/2008,3
tblCulture.csv,tattoo,date,048P,19/05/2009,4
tblCulture.csv,tattoo,date,048R,01/02/2005,3
tblCulture.csv,tattoo,date,048R,06/07/2004,3
tblCulture.csv,tattoo,date,048R,12/10/2005,4
tblCulture.csv,tattoo,date,048R,21/06/2005,3
tblCulture.csv,tattoo,date,048R,23/11/2004,3
tblCulture.csv,tattoo,date,048V,02/08/2017,3
tblCulture.csv,tattoo,date,048V,04/09/2018,4
tblCulture.csv,tattoo,date,048V,06/12/2016,4
tblCulture.csv,tattoo,date,048V,09/01/2019,2
tblCulture.csv,tattoo,date,048V,13/06/2017,3
tblCulture.csv,tattoo,date,048V,13/10/2015,3
tblCulture.csv,tattoo,date,048V,16/07/2019,4
tblCulture.csv,tattoo,date,048V,20/09/2016,4
tblCulture.csv,tattoo,date,048V,22/05/2018,4
tblCulture.csv,tattoo,date,048W,02/08/2005,3
tblCulture.csv,tattoo,date,048W,02/08/2006,2
tblCulture.csv,tattoo,date,048W,05/08/2008,4
tblCulture.csv,tattoo,date,048W,07/06/2005,3
tblCulture.csv,tattoo,date,048W,17/05/2006,2
tblCulture.csv,tattoo,date,048W,20/05/2008,4
tblCulture.csv,tattoo,date,048W,23/05/2007,2
tblCulture.csv,tattoo,date,048Y,21/10/2008,5
tblCulture.csv,tattoo,date,048Y,23/10/2007,4
tblCulture.csv,tattoo,date,048Y,31/07/2007,3
tblCulture.csv,tattoo,date,049A,03/05/2016,3
tblCulture.csv,tattoo,date,049A,13/06/2017,3
tblCulture.csv,tattoo,date,049A,13/10/2015,4
tblCulture.csv,tattoo,date,049A,20/05/2015,3
tblCulture.csv,tattoo,date,049A,23/09/2014,2
tblCulture.csv,tattoo,date,049B,02/06/2009,3
tblCulture.csv,tattoo,date,049B,03/05/2011,3
tblCulture.csv,tattoo,date,049B,05/07/2011,4
tblCulture.csv,tattoo,date,049B,06/05/2008,2
tblCulture.csv,tattoo,date,049B,08/05/2007,4
tblCulture.csv,tattoo,date,049B,11/05/2010,4
tblCulture.csv,tattoo,date,049B,12/12/2006,4
tblCulture.csv,tattoo,date,049B,13/08/2014,2
tblCulture.csv,tattoo,date,049B,17/07/2012,4
tblCulture.csv,tattoo,date,049B,17/07/2013,4
tblCulture.csv,tattoo,date,049B,19/07/2006,3
tblCulture.csv,tattoo,date,049B,19/09/2012,3
tblCulture.csv,tattoo,date,049B,20/05/2015,3
tblCulture.csv,tattoo,date,049B,21/07/2009,3
tblCulture.csv,tattoo,date,049B,21/10/2008,4
tblCulture.csv,tattoo,date,049B,22/07/2008,4
tblCulture.csv,tattoo,date,049B,23/10/2007,4
tblCulture.csv,tattoo,date,049B,24/10/2006,2
tblCulture.csv,tattoo,date,049E,08/10/2013,4
tblCulture.csv,tattoo,date,049E,10/05/2016,2
tblCulture.csv,tattoo,date,049E,11/11/2015,2
tblCulture.csv,tattoo,date,049E,19/08/2014,3
tblCulture.csv,tattoo,date,049E,21/10/2014,4
tblCulture.csv,tattoo,date,049G,05/08/2003,2
tblCulture.csv,tattoo,date,049K,17/07/2012,4
tblCulture.csv,tattoo,date,049K,24/07/2012,5
tblCulture.csv,tattoo,date,049M,04/09/2018,4
tblCulture.csv,tattoo,date,049M,08/01/2019,3
tblCulture.csv,tattoo,date,049M,16/07/2019,3
tblCulture.csv,tattoo,date,049M,21/05/2019,4
tblCulture.csv,tattoo,date,049M,21/08/2019,3
tblCulture.csv,tattoo,date,049M,30/10/2018,4
tblCulture.csv,tattoo,date,049N,03/11/2009,4
tblCulture.csv,tattoo,date,049P,04/06/2013,3
tblCulture.csv,tattoo,date,049P,05/08/2008,3
tblCulture.csv,tattoo,date,049P,13/01/2009,4
tblCulture.csv,tattoo,date,049P,16/07/2013,3
tblCulture.csv,tattoo,date,049P,17/05/2011,4
tblCulture.csv,tattoo,date,049P,17/11/2010,3
tblCulture.csv,tattoo,date,049P,19/01/2010,3
tblCulture.csv,tattoo,date,049P,19/05/2009,4
tblCulture.csv,tattoo,date,049P,21/09/2010,4
tblCulture.csv,tattoo,date,049P,21/09/2011,4
tblCulture.csv,tattoo,date,049P,24/05/2010,4
tblCulture.csv,tattoo,date,049P,31/07/2012,4
tblCulture.csv,tattoo,date,049R,06/07/2004,3
tblCulture.csv,tattoo,date,049R,22/06/2005,2
tblCulture.csv,tattoo,date,049R,23/11/2004,2
tblCulture.csv,tattoo,date,049V,03/05/2016,5
tblCulture.csv,tattoo,date,049V,04/09/2018,3
tblCulture.csv,tattoo,date,049V,12/07/2016,4
tblCulture.csv,tattoo,date,049V,13/06/2017,2
tblCulture.csv,tattoo,date,049V,13/10/2015,4
tblCulture.csv,tattoo,date,049V,22/05/2018,4
tblCulture.csv,tattoo,date,049W,03/08/2005,2
tblCulture.csv,tattoo,date,049W,06/05/2009,3
tblCulture.csv,tattoo,date,049W,07/06/2005,3
tblCulture.csv,tattoo,date,049W,09/01/2007,3
tblCulture.csv,tattoo,date,049W,12/07/2010,6
tblCulture.csv,tattoo,date,049W,16/06/2010,3
tblCulture.csv,tattoo,date,049W,21/08/2007,4
tblCulture.csv,tattoo,date,049W,24/05/2010,4
tblCulture.csv,tattoo,date,049W,28/09/2005,3
tblCulture.csv,tattoo,date,049Y,02/06/2009,4
tblCulture.csv,tattoo,date,049Y,03/05/2011,3
tblCulture.csv,tattoo,date,049Y,06/05/2008,4
tblCulture.csv,tattoo,date,049Y,14/07/2015,9
tblCulture.csv,tattoo,date,049Y,31/07/2007,3
tblCulture.csv,tattoo,date,050A,01/08/2017,3
tblCulture.csv,tattoo,date,050A,07/12/2016,3
tblCulture.csv,tattoo,date,050A,09/12/2014,3
tblCulture.csv,tattoo,date,050A,09/12/2015,2
tblCulture.csv,tattoo,date,050A,12/07/2016,4
tblCulture.csv,tattoo,date,050A,13/10/2015,4
tblCulture.csv,tattoo,date,050A,14/07/2015,4
tblCulture.csv,tattoo,date,050A,23/09/2014,3
tblCulture.csv,tattoo,date,050B,19/07/2006,2
tblCulture.csv,tattoo,date,050E,09/10/2013,2
tblCulture.csv,tattoo,date,050G,02/06/2009,4
tblCulture.csv,tattoo,date,050G,03/05/2011,3
tblCulture.csv,tattoo,date,050G,05/08/2003,3
tblCulture.csv,tattoo,date,050G,06/07/2011,2
tblCulture.csv,tattoo,date,050G,07/09/2010,4
tblCulture.csv,tattoo,date,050G,09/05/2007,2
tblCulture.csv,tattoo,date,050G,11/05/2010,3
tblCulture.csv,tattoo,date,050G,13/12/2006,3
tblCulture.csv,tattoo,date,050G,14/01/2004,2
tblCulture.csv,tattoo,date,050G,21/07/2009,3
tblCulture.csv,tattoo,date,050G,21/10/2008,2
tblCulture.csv,tattoo,date,050G,22/07/2008,4
tblCulture.csv,tattoo,date,050G,23/10/2007,5
tblCulture.csv,tattoo,date,050G,26/05/2004,2
tblCulture.csv,tattoo,date,050G,29/10/2003,2
tblCulture.csv,tattoo,date,050K,02/10/2012,4
tblCulture.csv,tattoo,date,050K,04/06/2013,3
tblCulture.csv,tattoo,date,050K,04/06/2014,3
tblCulture.csv,tattoo,date,050K,09/06/2015,3
tblCulture.csv,tattoo,date,050K,09/09/2015,6
tblCulture.csv,tattoo,date,050K,30/07/2013,4
tblCulture.csv,tattoo,date,050K,31/07/2012,4
tblCulture.csv,tattoo,date,050M,04/09/2018,3
tblCulture.csv,tattoo,date,050M,08/01/2019,4
tblCulture.csv,tattoo,date,050M,16/07/2019,4
tblCulture.csv,tattoo,date,050M,20/08/2019,4
tblCulture.csv,tattoo,date,050M,22/05/2019,3
tblCulture.csv,tattoo,date,050M,30/10/2018,4
tblCulture.csv,tattoo,date,050N,03/11/2009,3
tblCulture.csv,tattoo,date,050N,07/09/2010,5
tblCulture.csv,tattoo,date,050N,11/05/2010,4
tblCulture.csv,tattoo,date,050N,29/05/2012,4
tblCulture.csv,tattoo,date,050P,05/08/2008,4
tblCulture.csv,tattoo,date,050R,06/07/2004,2
tblCulture.csv,tattoo,date,050R,22/06/2005,2
tblCulture.csv,tattoo,date,050R,29/03/2006,2
tblCulture.csv,tattoo,date,050V,25/11/2015,3
tblCulture.csv,tattoo,date,050W,03/08/2005,2
tblCulture.csv,tattoo,date,050W,07/06/2005,3
tblCulture.csv,tattoo,date,050W,10/01/2006,2
tblCulture.csv,tattoo,date,050W,22/05/2007,4
tblCulture.csv,tattoo,date,050W,22/08/2007,3
tblCulture.csv,tattoo,date,050Y,21/07/2009,3
tblCulture.csv,tattoo,date,050Y,22/07/2008,4
tblCulture.csv,tattoo,date,050Y,31/07/2007,3
tblCulture.csv,tattoo,date,051A,09/06/2015,4
tblCulture.csv,tattoo,date,051A,12/02/2016,6
tblCulture.csv,tattoo,date,051A,21/10/2014,3
tblCulture.csv,tattoo,date,051A,25/08/2015,4
tblCulture.csv,tattoo,date,051B,02/06/2009,3
tblCulture.csv,tattoo,date,051B,06/05/2008,4
tblCulture.csv,tattoo,date,051B,09/05/2007,4
tblCulture.csv,tattoo,date,051B,19/07/2006,2
tblCulture.csv,tattoo,date,051B,22/07/2008,4
tblCulture.csv,tattoo,date,051B,23/10/2007,4
tblCulture.csv,tattoo,date,051B,24/10/2006,3
tblCulture.csv,tattoo,date,051B,31/07/2007,4
tblCulture.csv,tattoo,date,051E,10/09/2014,3
tblCulture.csv,tattoo,date,051E,23/10/2013,2
tblCulture.csv,tattoo,date,051E,24/06/2014,3
tblCulture.csv,tattoo,date,051G,05/08/2003,2
tblCulture.csv,tattoo,date,051G,28/10/2003,3
tblCulture.csv,tattoo,date,051K,04/06/2013,4
tblCulture.csv,tattoo,date,051K,09/10/2013,3
tblCulture.csv,tattoo,date,051K,10/06/2015,2
tblCulture.csv,tattoo,date,051K,12/12/2012,3
tblCulture.csv,tattoo,date,051K,19/08/2014,4
tblCulture.csv,tattoo,date,051K,23/05/2016,6
tblCulture.csv,tattoo,date,051K,30/07/2013,4
tblCulture.csv,tattoo,date,051K,31/07/2012,4
tblCulture.csv,tattoo,date,051M,04/09/2018,4
tblCulture.csv,tattoo,date,051M,08/01/2019,3
tblCulture.csv,tattoo,date,051M,16/07/2019,4
tblCulture.csv,tattoo,date,051M,21/05/2019,4
tblCulture.csv,tattoo,date,051M,30/10/2018,4
tblCulture.csv,tattoo,date,051N,03/11/2009,4
tblCulture.csv,tattoo,date,051N,04/05/2011,3
tblCulture.csv,tattoo,date,051N,07/09/2010,4
tblCulture.csv,tattoo,date,051N,12/05/2010,3
tblCulture.csv,tattoo,date,051N,15/12/2009,3
tblCulture.csv,tattoo,date,051P,05/08/2008,4
tblCulture.csv,tattoo,date,051P,14/01/2009,3
tblCulture.csv,tattoo,date,051P,19/05/2009,3
tblCulture.csv,tattoo,date,051R,03/06/2008,2
tblCulture.csv,tattoo,date,051R,06/07/2004,3
tblCulture.csv,tattoo,date,051R,08/01/2008,4
tblCulture.csv,tattoo,date,051R,12/09/2007,3
tblCulture.csv,tattoo,date,051R,13/10/2009,5
tblCulture.csv,tattoo,date,051V,25/11/2015,4
tblCulture.csv,tattoo,date,051W,07/06/2005,3
tblCulture.csv,tattoo,date,051Y,31/07/2007,3
tblCulture.csv,tattoo,date,052A,04/11/2014,4
tblCulture.csv,tattoo,date,052A,08/09/2015,4
tblCulture.csv,tattoo,date,052A,09/08/2016,4
tblCulture.csv,tattoo,date,052A,24/06/2015,3
tblCulture.csv,tattoo,date,052B,01/06/2010,6
tblCulture.csv,tattoo,date,052B,08/05/2007,4
tblCulture.csv,tattoo,date,052B,19/07/2006,2
tblCulture.csv,tattoo,date,052B,24/10/2006,3
tblCulture.csv,tattoo,date,052E,09/09/2015,3
tblCulture.csv,tattoo,date,052E,23/10/2013,2
tblCulture.csv,tattoo,date,052G,19/08/2003,2
tblCulture.csv,tattoo,date,052K,01/08/2012,3
tblCulture.csv,tattoo,date,052K,03/06/2014,4
tblCulture.csv,tattoo,date,052K,05/06/2013,3
tblCulture.csv,tattoo,date,052K,20/08/2015,6
tblCulture.csv,tattoo,date,052K,31/07/2013,3
tblCulture.csv,tattoo,date,052M,04/09/2018,3
tblCulture.csv,tattoo,date,052M,09/01/2019,3
tblCulture.csv,tattoo,date,052M,31/10/2018,3
tblCulture.csv,tattoo,date,052N,05/10/2010,5
tblCulture.csv,tattoo,date,052N,12/07/2011,4
tblCulture.csv,tattoo,date,052N,15/06/2010,4
tblCulture.csv,tattoo,date,052N,17/05/2011,4
tblCulture.csv,tattoo,date,052N,17/11/2009,4
tblCulture.csv,tattoo,date,052N,22/09/2010,3
tblCulture.csv,tattoo,date,052N,24/05/2010,5
tblCulture.csv,tattoo,date,052P,18/11/2008,4
tblCulture.csv,tattoo,date,052P,19/08/2008,4
tblCulture.csv,tattoo,date,052R,06/07/2004,3
tblCulture.csv,tattoo,date,052W,01/08/2006,3
tblCulture.csv,tattoo,date,052W,03/08/2005,2
tblCulture.csv,tattoo,date,052W,04/11/2008,4
tblCulture.csv,tattoo,date,052W,05/08/2008,4
tblCulture.csv,tattoo,date,052W,05/10/2010,5
tblCulture.csv,tattoo,date,052W,07/06/2005,3
tblCulture.csv,tattoo,date,052W,07/11/2006,3
tblCulture.csv,tattoo,date,052W,09/01/2007,3
tblCulture.csv,tattoo,date,052W,09/10/2007,4
tblCulture.csv,tattoo,date,052W,10/01/2006,3
tblCulture.csv,tattoo,date,052W,11/12/2007,4
tblCulture.csv,tattoo,date,052W,13/01/2009,4
tblCulture.csv,tattoo,date,052W,16/05/2006,3
tblCulture.csv,tattoo,date,052W,17/11/2010,2
tblCulture.csv,tattoo,date,052W,19/05/2009,4
tblCulture.csv,tattoo,date,052W,20/05/2008,4
tblCulture.csv,tattoo,date,052W,22/05/2007,3
tblCulture.csv,tattoo,date,052W,22/08/2007,3
tblCulture.csv,tattoo,date,052W,24/05/2010,5
tblCulture.csv,tattoo,date,052W,27/09/2005,3
tblCulture.csv,tattoo,date,052W,27/10/2009,4
tblCulture.csv,tattoo,date,052W,30/11/2010,4
tblCulture.csv,tattoo,date,052Y,01/08/2007,3
tblCulture.csv,tattoo,date,052Y,03/11/2009,3
tblCulture.csv,tattoo,date,052Y,11/05/2010,3
tblCulture.csv,tattoo,date,052Y,16/08/2010,5
tblCulture.csv,tattoo,date,052Y,22/01/2008,4
tblCulture.csv,tattoo,date,052Y,23/07/2008,4
tblCulture.csv,tattoo,date,052Y,23/10/2007,3
tblCulture.csv,tattoo,date,053A,04/11/2014,4
tblCulture.csv,tattoo,date,053B,08/05/2007,4
tblCulture.csv,tattoo,date,053B,10/03/2008,7
tblCulture.csv,tattoo,date,053B,12/12/2006,4
tblCulture.csv,tattoo,date,053B,19/07/2006,2
tblCulture.csv,tattoo,date,053B,24/10/2006,3
tblCulture.csv,tattoo,date,053G,11/11/2003,3
tblCulture.csv,tattoo,date,053G,19/08/2003,3
tblCulture.csv,tattoo,date,053G,20/01/2004,3
tblCulture.csv,tattoo,date,053K,04/10/2016,3
tblCulture.csv,tattoo,date,053K,09/06/2015,4
tblCulture.csv,tattoo,date,053K,10/05/2016,5
tblCulture.csv,tattoo,date,053K,11/09/2019,3
tblCulture.csv,tattoo,date,053K,13/08/2013,4
tblCulture.csv,tattoo,date,053K,13/08/2019,3
tblCulture.csv,tattoo,date,053K,14/08/2012,4
tblCulture.csv,tattoo,date,053K,15/01/2013,3
tblCulture.csv,tattoo,date,053K,15/08/2017,3
tblCulture.csv,tattoo,date,053K,19/08/2014,4
tblCulture.csv,tattoo,date,053K,21/10/2014,4
tblCulture.csv,tattoo,date,053K,24/06/2014,4
tblCulture.csv,tattoo,date,053K,24/06/2015,3
tblCulture.csv,tattoo,date,053K,27/06/2017,4
tblCulture.csv,tattoo,date,053M,04/09/2018,4
tblCulture.csv,tattoo,date,053M,16/07/2019,4
tblCulture.csv,tattoo,date,053M,20/08/2019,3
tblCulture.csv,tattoo,date,053M,21/05/2019,4
tblCulture.csv,tattoo,date,053M,30/10/2018,4
tblCulture.csv,tattoo,date,053N,15/06/2010,4
tblCulture.csv,tattoo,date,053N,17/11/2009,2
tblCulture.csv,tattoo,date,053N,26/01/2010,4
tblCulture.csv,tattoo,date,053P,05/05/2009,4
tblCulture.csv,tattoo,date,053P,19/08/2008,4
tblCulture.csv,tattoo,date,053P,19/11/2008,3
tblCulture.csv,tattoo,date,053P,27/01/2009,3
tblCulture.csv,tattoo,date,053R,05/10/2004,2
tblCulture.csv,tattoo,date,053R,06/07/2004,3
tblCulture.csv,tattoo,date,053R,21/06/2005,2
tblCulture.csv,tattoo,date,053R,24/05/2006,2
tblCulture.csv,tattoo,date,053W,01/08/2006,3
tblCulture.csv,tattoo,date,053W,02/08/2005,3
tblCulture.csv,tattoo,date,053W,07/06/2005,3
tblCulture.csv,tattoo,date,053W,11/01/2006,2
tblCulture.csv,tattoo,date,053W,16/05/2006,2
tblCulture.csv,tattoo,date,053W,28/09/2005,2
tblCulture.csv,tattoo,date,053Y,01/08/2007,3
tblCulture.csv,tattoo,date,053Y,07/09/2010,4
tblCulture.csv,tattoo,date,053Y,23/10/2007,4
tblCulture.csv,tattoo,date,054A,04/11/2014,4
tblCulture.csv,tattoo,date,054A,09/08/2016,4
tblCulture.csv,tattoo,date,054A,18/10/2016,4
tblCulture.csv,tattoo,date,054A,24/01/2017,4
tblCulture.csv,tattoo,date,054A,24/06/2015,3
tblCulture.csv,tattoo,date,054A,25/11/2015,3
tblCulture.csv,tattoo,date,054A,28/06/2016,4
tblCulture.csv,tattoo,date,054B,01/08/2006,3
tblCulture.csv,tattoo,date,054B,22/05/2007,3
tblCulture.csv,tattoo,date,054G,01/08/2006,3
tblCulture.csv,tattoo,date,054G,09/06/2004,3
tblCulture.csv,tattoo,date,054G,09/10/2007,4
tblCulture.csv,tattoo,date,054G,11/11/2003,2
tblCulture.csv,tattoo,date,054G,17/05/2006,2
tblCulture.csv,tattoo,date,054G,19/08/2003,3
tblCulture.csv,tattoo,date,054G,20/01/2004,2
tblCulture.csv,tattoo,date,054G,20/05/2008,4
tblCulture.csv,tattoo,date,054G,21/08/2007,4
tblCulture.csv,tattoo,date,054G,21/09/2004,3
tblCulture.csv,tattoo,date,054G,23/05/2007,3
tblCulture.csv,tattoo,date,054G,24/05/2010,4
tblCulture.csv,tattoo,date,054G,25/05/2010,6
tblCulture.csv,tattoo,date,054K,04/11/2014,4
tblCulture.csv,tattoo,date,054K,08/09/2015,4
tblCulture.csv,tattoo,date,054K,09/08/2016,4
tblCulture.csv,tattoo,date,054K,09/09/2014,4
tblCulture.csv,tattoo,date,054K,13/08/2013,4
tblCulture.csv,tattoo,date,054K,14/08/2012,4
tblCulture.csv,tattoo,date,054K,15/01/2013,3
tblCulture.csv,tattoo,date,054K,16/10/2012,4
tblCulture.csv,tattoo,date,054K,18/06/2013,4
tblCulture.csv,tattoo,date,054K,22/10/2013,4
tblCulture.csv,tattoo,date,054K,23/06/2015,4
tblCulture.csv,tattoo,date,054K,24/06/2014,3
tblCulture.csv,tattoo,date,054K,25/11/2015,2
tblCulture.csv,tattoo,date,054K,27/01/2015,2
tblCulture.csv,tattoo,date,054M,04/09/2018,3
tblCulture.csv,tattoo,date,054M,25/09/2018,4
tblCulture.csv,tattoo,date,054N,15/06/2010,3
tblCulture.csv,tattoo,date,054N,17/11/2009,4
tblCulture.csv,tattoo,date,054N,26/01/2010,4
tblCulture.csv,tattoo,date,054P,05/05/2009,4
tblCulture.csv,tattoo,date,054P,15/06/2010,4
tblCulture.csv,tattoo,date,054P,19/08/2008,4
tblCulture.csv,tattoo,date,054R,01/02/2005,3
tblCulture.csv,tattoo,date,054R,06/07/2004,2
tblCulture.csv,tattoo,date,054R,21/06/2005,3
tblCulture.csv,tattoo,date,054R,23/11/2004,2
tblCulture.csv,tattoo,date,054W,01/08/2006,3
tblCulture.csv,tattoo,date,054W,03/08/2005,3
tblCulture.csv,tattoo,date,054W,06/05/2010,2
tblCulture.csv,tattoo,date,054W,07/06/2005,3
tblCulture.csv,tattoo,date,054W,09/01/2007,3
tblCulture.csv,tattoo,date,054W,16/05/2006,2
tblCulture.csv,tattoo,date,054W,21/05/2008,4
tblCulture.csv,tattoo,date,054W,21/08/2007,4
tblCulture.csv,tattoo,date,054W,22/05/2007,3
tblCulture.csv,tattoo,date,054W,28/09/2005,3
tblCulture.csv,tattoo,date,054Y,01/08/2007,2
tblCulture.csv,tattoo,date,054Y,06/05/2008,3
tblCulture.csv,tattoo,date,054Y,22/07/2008,4
tblCulture.csv,tattoo,date,055A,04/11/2014,3
tblCulture.csv,tattoo,date,055A,08/09/2015,4
tblCulture.csv,tattoo,date,055A,09/08/2016,4
tblCulture.csv,tattoo,date,055A,11/07/2017,3
tblCulture.csv,tattoo,date,055A,19/10/2016,3
tblCulture.csv,tattoo,date,055A,22/08/2018,3
tblCulture.csv,tattoo,date,055A,23/06/2015,3
tblCulture.csv,tattoo,date,055B,01/08/2006,3
tblCulture.csv,tattoo,date,055B,05/08/2008,3
tblCulture.csv,tattoo,date,055B,09/01/2007,3
tblCulture.csv,tattoo,date,055B,09/10/2007,4
tblCulture.csv,tattoo,date,055B,11/12/2007,3
tblCulture.csv,tattoo,date,055B,20/09/2010,6
tblCulture.csv,tattoo,date,055B,21/08/2007,3
tblCulture.csv,tattoo,date,055B,22/05/2007,2
tblCulture.csv,tattoo,date,055G,06/11/2007,4
tblCulture.csv,tattoo,date,055G,07/06/2005,3
tblCulture.csv,tattoo,date,055G,07/07/2004,3
tblCulture.csv,tattoo,date,055G,08/06/2004,4
tblCulture.csv,tattoo,date,055G,11/09/2007,4
tblCulture.csv,tattoo,date,055G,16/08/2006,2
tblCulture.csv,tattoo,date,055G,19/08/2003,3
tblCulture.csv,tattoo,date,055G,20/01/2004,3
tblCulture.csv,tattoo,date,055G,27/09/2005,2
tblCulture.csv,tattoo,date,055M,20/08/2019,4
tblCulture.csv,tattoo,date,055M,26/06/2019,3
tblCulture.csv,tattoo,date,055N,16/06/2010,3
tblCulture.csv,tattoo,date,055N,17/11/2009,4
tblCulture.csv,tattoo,date,055N,26/01/2010,4
tblCulture.csv,tattoo,date,055P,13/10/2009,4
tblCulture.csv,tattoo,date,055P,17/11/2009,5
tblCulture.csv,tattoo,date,055P,19/08/2008,4
tblCulture.csv,tattoo,date,055P,23/04/2010,6
tblCulture.csv,tattoo,date,055P,27/01/2009,4
tblCulture.csv,tattoo,date,055R,05/05/2009,3
tblCulture.csv,tattoo,date,055R,05/06/2007,3
tblCulture.csv,tattoo,date,055R,05/10/2004,3
tblCulture.csv,tattoo,date,055R,06/07/2004,3
tblCulture.csv,tattoo,date,055R,11/10/2005,3
tblCulture.csv,tattoo,date,055R,15/08/2006,3
tblCulture.csv,tattoo,date,055R,16/06/2010,2
tblCulture.csv,tattoo,date,055R,21/06/2005,3
tblCulture.csv,tattoo,date,055R,23/11/2004,3
tblCulture.csv,tattoo,date,055W,02/08/2005,2
tblCulture.csv,tattoo,date,055W,08/06/2005,2
tblCulture.csv,tattoo,date,055W,27/09/2005,3
tblCulture.csv,tattoo,date,055Y,05/08/2008,4
tblCulture.csv,tattoo,date,055Y,09/10/2007,4
tblCulture.csv,tattoo,date,055Y,11/12/2007,3
tblCulture.csv,tattoo,date,055Y,13/06/2012,4
tblCulture.csv,tattoo,date,055Y,17/05/2011,4
tblCulture.csv,tattoo,date,055Y,20/05/2008,4
tblCulture.csv,tattoo,date,055Y,21/08/2007,4
tblCulture.csv,tattoo,date,055Y,24/05/2010,4
tblCulture.csv,tattoo,date,056A,05/11/2014,2
tblCulture.csv,tattoo,date,056A,23/06/2015,4
tblCulture.csv,tattoo,date,056B,04/11/2008,4
tblCulture.csv,tattoo,date,056B,05/08/2008,4
tblCulture.csv,tattoo,date,056B,07/11/2006,4
tblCulture.csv,tattoo,date,056B,09/01/2007,3
tblCulture.csv,tattoo,date,056B,11/12/2007,4
tblCulture.csv,tattoo,date,056B,12/07/2011,5
tblCulture.csv,tattoo,date,056B,17/05/2011,4
tblCulture.csv,tattoo,date,056B,19/05/2009,4
tblCulture.csv,tattoo,date,056B,20/05/2008,4
tblCulture.csv,tattoo,date,056B,21/08/2007,4
tblCulture.csv,tattoo,date,056B,21/09/2010,5
tblCulture.csv,tattoo,date,056B,22/05/2007,4
tblCulture.csv,tattoo,date,056B,28/10/2009,3
tblCulture.csv,tattoo,date,056E,22/10/2013,4
tblCulture.csv,tattoo,date,056E,24/06/2014,4
tblCulture.csv,tattoo,date,056G,03/09/2003,3
tblCulture.csv,tattoo,date,056G,20/08/2003,3
tblCulture.csv,tattoo,date,056M,16/10/2018,4
tblCulture.csv,tattoo,date,056M,26/06/2019,3
tblCulture.csv,tattoo,date,056N,18/11/2009,3
tblCulture.csv,tattoo,date,056P,05/05/2009,4
tblCulture.csv,tattoo,date,056P,13/10/2009,4
tblCulture.csv,tattoo,date,056P,15/06/2010,4
tblCulture.csv,tattoo,date,056P,17/11/2009,4
tblCulture.csv,tattoo,date,056P,19/08/2008,3
tblCulture.csv,tattoo,date,056P,19/11/2008,4
tblCulture.csv,tattoo,date,056R,05/10/2004,3
tblCulture.csv,tattoo,date,056R,06/07/2004,3
tblCulture.csv,tattoo,date,056W,02/08/2005,3
tblCulture.csv,tattoo,date,056W,08/06/2005,2
tblCulture.csv,tattoo,date,056W,11/01/2006,3
tblCulture.csv,tattoo,date,056W,15/08/2006,3
tblCulture.csv,tattoo,date,056W,20/05/2008,2
tblCulture.csv,tattoo,date,056W,22/05/2007,3
tblCulture.csv,tattoo,date,056W,24/05/2010,5
tblCulture.csv,tattoo,date,056W,27/09/2005,3
tblCulture.csv,tattoo,date,056Y,05/08/2008,3
tblCulture.csv,tattoo,date,056Y,11/12/2007,4
tblCulture.csv,tattoo,date,056Y,13/10/2009,4
tblCulture.csv,tattoo,date,056Y,19/05/2009,3
tblCulture.csv,tattoo,date,056Y,21/08/2007,2
tblCulture.csv,tattoo,date,057B,03/06/2008,3
tblCulture.csv,tattoo,date,057B,15/08/2006,3
tblCulture.csv,tattoo,date,057B,28/11/2006,3
tblCulture.csv,tattoo,date,057B,30/01/2007,3
tblCulture.csv,tattoo,date,057G,19/05/2004,5
tblCulture.csv,tattoo,date,057G,20/01/2004,3
tblCulture.csv,tattoo,date,057G,20/08/2003,3
tblCulture.csv,tattoo,date,057M,16/10/2018,4
tblCulture.csv,tattoo,date,057N,15/12/2009,4
tblCulture.csv,tattoo,date,057P,05/05/2009,4
tblCulture.csv,tattoo,date,057P,13/10/2009,4
tblCulture.csv,tattoo,date,057P,15/06/2010,5
tblCulture.csv,tattoo,date,057P,18/11/2008,4
tblCulture.csv,tattoo,date,057P,19/08/2008,4
tblCulture.csv,tattoo,date,057P,27/01/2010,2
tblCulture.csv,tattoo,date,057P,28/01/2009,4
tblCulture.csv,tattoo,date,057R,06/07/2004,3
tblCulture.csv,tattoo,date,057W,11/10/2005,2
tblCulture.csv,tattoo,date,057W,16/08/2005,3
tblCulture.csv,tattoo,date,057W,21/06/2005,3
tblCulture.csv,tattoo,date,057Y,04/06/2013,4
tblCulture.csv,tattoo,date,057Y,10/10/2007,3
tblCulture.csv,tattoo,date,057Y,11/01/2011,4
tblCulture.csv,tattoo,date,057Y,13/06/2012,4
tblCulture.csv,tattoo,date,057Y,17/05/2011,4
tblCulture.csv,tattoo,date,057Y,20/05/2008,3
tblCulture.csv,tattoo,date,057Y,21/08/2007,4
tblCulture.csv,tattoo,date,057Y,21/09/2010,4
tblCulture.csv,tattoo,date,057Y,21/09/2011,4
tblCulture.csv,tattoo,date,057Y,24/05/2010,4
tblCulture.csv,tattoo,date,057Y,31/07/2013,2
tblCulture.csv,tattoo,date,058B,03/06/2008,5
tblCulture.csv,tattoo,date,058B,06/11/2007,5
tblCulture.csv,tattoo,date,058B,11/09/2007,5
tblCulture.csv,tattoo,date,058B,15/08/2006,3
tblCulture.csv,tattoo,date,058G,02/09/2003,4
tblCulture.csv,tattoo,date,058M,30/10/2018,3
tblCulture.csv,tattoo,date,058P,18/11/2008,4
tblCulture.csv,tattoo,date,058P,19/08/2008,4
tblCulture.csv,tattoo,date,058P,27/01/2009,5
tblCulture.csv,tattoo,date,058R,01/02/2005,2
tblCulture.csv,tattoo,date,058R,03/06/2008,3
tblCulture.csv,tattoo,date,058R,05/10/2004,2
tblCulture.csv,tattoo,date,058R,07/11/2007,3
tblCulture.csv,tattoo,date,058R,12/09/2007,3
tblCulture.csv,tattoo,date,058R,15/08/2012,2
tblCulture.csv,tattoo,date,058R,16/06/2010,2
tblCulture.csv,tattoo,date,058R,19/08/2008,4
tblCulture.csv,tattoo,date,058R,21/06/2005,4
tblCulture.csv,tattoo,date,058R,23/11/2004,2
tblCulture.csv,tattoo,date,058R,24/01/2012,3
tblCulture.csv,tattoo,date,058R,24/05/2011,4
tblCulture.csv,tattoo,date,058R,26/01/2011,3
tblCulture.csv,tattoo,date,058R,26/06/2012,3
tblCulture.csv,tattoo,date,058R,27/01/2009,4
tblCulture.csv,tattoo,date,058W,11/10/2005,4
tblCulture.csv,tattoo,date,058W,16/08/2005,3
tblCulture.csv,tattoo,date,058W,21/06/2005,3
tblCulture.csv,tattoo,date,058W,24/01/2006,4
tblCulture.csv,tattoo,date,058Y,02/06/2009,4
tblCulture.csv,tattoo,date,058Y,03/05/2011,3
tblCulture.csv,tattoo,date,058Y,06/07/2011,3
tblCulture.csv,tattoo,date,058Y,09/10/2007,4
tblCulture.csv,tattoo,date,058Y,11/05/2010,4
tblCulture.csv,tattoo,date,058Y,19/09/2012,3
tblCulture.csv,tattoo,date,058Y,20/05/2008,4
tblCulture.csv,tattoo,date,058Y,20/05/2014,3
tblCulture.csv,tattoo,date,058Y,21/05/2013,4
tblCulture.csv,tattoo,date,058Y,21/07/2009,4
tblCulture.csv,tattoo,date,058Y,21/08/2007,3
tblCulture.csv,tattoo,date,058Y,21/10/2008,3
tblCulture.csv,tattoo,date,059B,04/10/2011,3
tblCulture.csv,tattoo,date,059B,05/06/2007,3
tblCulture.csv,tattoo,date,059B,06/11/2007,4
tblCulture.csv,tattoo,date,059B,11/09/2007,4
tblCulture.csv,tattoo,date,059B,15/06/2010,4
tblCulture.csv,tattoo,date,059B,15/08/2006,3
tblCulture.csv,tattoo,date,059B,17/11/2009,3
tblCulture.csv,tattoo,date,059B,19/08/2008,4
tblCulture.csv,tattoo,date,059B,24/05/2011,3
tblCulture.csv,tattoo,date,059B,26/06/2012,3
tblCulture.csv,tattoo,date,059B,28/11/2006,4
tblCulture.csv,tattoo,date,059G,02/09/2003,3
tblCulture.csv,tattoo,date,059G,03/02/2004,3
tblCulture.csv,tattoo,date,059G,06/07/2004,2
tblCulture.csv,tattoo,date,059M,12/12/2018,3
tblCulture.csv,tattoo,date,059P,18/11/2008,3
tblCulture.csv,tattoo,date,059P,19/08/2008,4
tblCulture.csv,tattoo,date,059P,27/01/2009,4
tblCulture.csv,tattoo,date,059R,01/02/2005,2
tblCulture.csv,tattoo,date,059R,05/06/2007,3
tblCulture.csv,tattoo,date,059R,05/10/2004,2
tblCulture.csv,tattoo,date,059R,06/07/2004,3
tblCulture.csv,tattoo,date,059R,06/11/2007,4
tblCulture.csv,tattoo,date,059R,11/09/2007,5
tblCulture.csv,tattoo,date,059R,15/08/2006,3
tblCulture.csv,tattoo,date,059R,16/08/2005,3
tblCulture.csv,tattoo,date,059R,21/06/2005,2
tblCulture.csv,tattoo,date,059R,23/05/2006,3
tblCulture.csv,tattoo,date,059W,21/06/2005,3
tblCulture.csv,tattoo,date,059Y,19/05/2009,6
tblCulture.csv,tattoo,date,059Y,21/05/2008,4
tblCulture.csv,tattoo,date,059Y,21/08/2007,5
tblCulture.csv,tattoo,date,060B,09/01/2008,3
tblCulture.csv,tattoo,date,060B,10/02/2014,6
tblCulture.csv,tattoo,date,060B,15/08/2006,3
tblCulture.csv,tattoo,date,060B,17/11/2009,3
tblCulture.csv,tattoo,date,060B,24/05/2011,3
tblCulture.csv,tattoo,date,060B,28/11/2006,4
tblCulture.csv,tattoo,date,060G,13/01/2004,3
tblCulture.csv,tattoo,date,060G,26/05/2004,3
tblCulture.csv,tattoo,date,060G,28/10/2003,3
tblCulture.csv,tattoo,date,060M,12/12/2018,2
tblCulture.csv,tattoo,date,060M,21/08/2019,3
tblCulture.csv,tattoo,date,060P,05/05/2009,4
tblCulture.csv,tattoo,date,060P,05/10/2010,2
tblCulture.csv,tattoo,date,060P,13/10/2009,4
tblCulture.csv,tattoo,date,060P,17/11/2009,4
tblCulture.csv,tattoo,date,060P,18/11/2008,4
tblCulture.csv,tattoo,date,060P,19/08/2008,4
tblCulture.csv,tattoo,date,060P,25/01/2011,3
tblCulture.csv,tattoo,date,060R,05/05/2009,3
tblCulture.csv,tattoo,date,060R,05/10/2004,3
tblCulture.csv,tattoo,date,060R,05/10/2010,5
tblCulture.csv,tattoo,date,060R,06/07/2004,2
tblCulture.csv,tattoo,date,060R,06/11/2007,4
tblCulture.csv,tattoo,date,060R,13/10/2009,4
tblCulture.csv,tattoo,date,060R,15/06/2010,6
tblCulture.csv,tattoo,date,060R,17/08/2005,2
tblCulture.csv,tattoo,date,060R,19/05/2009,6
tblCulture.csv,tattoo,date,060R,24/05/2010,5
tblCulture.csv,tattoo,date,060R,27/01/2009,2
tblCulture.csv,tattoo,date,060R,30/11/2010,3
tblCulture.csv,tattoo,date,060W,16/08/2005,4
tblCulture.csv,tattoo,date,060W,21/06/2005,3
tblCulture.csv,tattoo,date,060Y,10/10/2007,3
tblCulture.csv,tattoo,date,060Y,11/12/2007,3
tblCulture.csv,tattoo,date,060Y,21/08/2007,3
tblCulture.csv,tattoo,date,061B,05/05/2009,3
tblCulture.csv,tattoo,date,061B,05/06/2007,3
tblCulture.csv,tattoo,date,061B,12/09/2007,3
tblCulture.csv,tattoo,date,061B,15/08/2006,3
tblCulture.csv,tattoo,date,061B,28/11/2006,4
tblCulture.csv,tattoo,date,061G,14/01/2004,3
tblCulture.csv,tattoo,date,061G,26/05/2004,2
tblCulture.csv,tattoo,date,061G,28/10/2003,2
tblCulture.csv,tattoo,date,061P,20/08/2008,3
tblCulture.csv,tattoo,date,061R,06/07/2004,2
tblCulture.csv,tattoo,date,061R,24/11/2004,7
tblCulture.csv,tattoo,date,061W,11/10/2005,3
tblCulture.csv,tattoo,date,061W,17/08/2005,2
tblCulture.csv,tattoo,date,061W,21/06/2005,3
tblCulture.csv,tattoo,date,061W,23/05/2006,3
tblCulture.csv,tattoo,date,061W,24/01/2006,3
tblCulture.csv,tattoo,date,061Y,02/06/2009,3
tblCulture.csv,tattoo,date,061Y,03/05/2011,3
tblCulture.csv,tattoo,date,061Y,05/07/2011,4
tblCulture.csv,tattoo,date,061Y,07/09/2010,4
tblCulture.csv,tattoo,date,061Y,11/05/2010,3
tblCulture.csv,tattoo,date,061Y,11/12/2007,2
tblCulture.csv,tattoo,date,061Y,21/05/2008,3
tblCulture.csv,tattoo,date,061Y,21/07/2009,4
tblCulture.csv,tattoo,date,061Y,22/07/2008,4
tblCulture.csv,tattoo,date,061Y,22/08/2007,3
tblCulture.csv,tattoo,date,061Y,22/10/2008,3
tblCulture.csv,tattoo,date,062B,15/08/2006,3
tblCulture.csv,tattoo,date,062B,28/11/2006,4
tblCulture.csv,tattoo,date,062B,30/01/2007,3
tblCulture.csv,tattoo,date,062G,06/05/2008,4
tblCulture.csv,tattoo,date,062G,13/01/2004,3
tblCulture.csv,tattoo,date,062G,19/09/2012,3
tblCulture.csv,tattoo,date,062G,21/10/2008,4
tblCulture.csv,tattoo,date,062G,22/07/2008,4
tblCulture.csv,tattoo,date,062G,23/10/2007,4
tblCulture.csv,tattoo,date,062G,29/10/2003,3
tblCulture.csv,tattoo,date,062P,02/06/2009,4
tblCulture.csv,tattoo,date,062P,09/12/2008,4
tblCulture.csv,tattoo,date,062P,21/07/2009,2
tblCulture.csv,tattoo,date,062P,21/10/2008,4
tblCulture.csv,tattoo,date,062R,06/07/2004,3
tblCulture.csv,tattoo,date,062R,24/03/2006,6
tblCulture.csv,tattoo,date,062W,05/05/2009,4
tblCulture.csv,tattoo,date,062W,05/06/2007,3
tblCulture.csv,tattoo,date,062W,09/08/2016,3
tblCulture.csv,tattoo,date,062W,12/09/2007,3
tblCulture.csv,tattoo,date,062W,15/06/2010,4
tblCulture.csv,tattoo,date,062W,15/08/2012,3
tblCulture.csv,tattoo,date,062W,16/08/2005,3
tblCulture.csv,tattoo,date,062W,18/10/2016,4
tblCulture.csv,tattoo,date,062W,21/06/2005,3
tblCulture.csv,tattoo,date,062W,24/01/2006,3
tblCulture.csv,tattoo,date,062W,24/05/2006,2
tblCulture.csv,tattoo,date,062W,25/05/2010,3
tblCulture.csv,tattoo,date,062W,28/06/2016,4
tblCulture.csv,tattoo,date,062Y,10/10/2007,3
tblCulture.csv,tattoo,date,062Y,11/12/2007,4
tblCulture.csv,tattoo,date,062Y,20/05/2008,4
tblCulture.csv,tattoo,date,062Y,22/08/2007,3
tblCulture.csv,tattoo,date,063B,01/08/2007,2
tblCulture.csv,tattoo,date,063B,03/09/2007,6
tblCulture.csv,tattoo,date,063B,08/05/2007,3
tblCulture.csv,tattoo,date,063B,09/01/2007,3
tblCulture.csv,tattoo,date,063B,12/12/2006,3
tblCulture.csv,tattoo,date,063B,24/10/2006,3
tblCulture.csv,tattoo,date,063G,08/06/2004,3
tblCulture.csv,tattoo,date,063G,12/11/2003,3
tblCulture.csv,tattoo,date,063G,21/01/2004,3
tblCulture.csv,tattoo,date,063P,02/06/2009,4
tblCulture.csv,tattoo,date,063P,09/12/2008,3
tblCulture.csv,tattoo,date,063P,21/07/2009,2
tblCulture.csv,tattoo,date,063P,22/10/2008,3
tblCulture.csv,tattoo,date,063R,01/02/2005,3
tblCulture.csv,tattoo,date,063R,06/07/2004,3
tblCulture.csv,tattoo,date,063R,15/08/2006,3
tblCulture.csv,tattoo,date,063R,21/08/2008,4
tblCulture.csv,tattoo,date,063R,23/11/2004,3
tblCulture.csv,tattoo,date,063W,03/06/2008,2
tblCulture.csv,tattoo,date,063W,05/06/2007,2
tblCulture.csv,tattoo,date,063W,05/10/2010,4
tblCulture.csv,tattoo,date,063W,06/11/2007,4
tblCulture.csv,tattoo,date,063W,11/10/2005,3
tblCulture.csv,tattoo,date,063W,12/09/2007,3
tblCulture.csv,tattoo,date,063W,15/08/2006,3
tblCulture.csv,tattoo,date,063W,15/08/2012,2
tblCulture.csv,tattoo,date,063W,16/08/2005,3
tblCulture.csv,tattoo,date,063W,21/06/2005,3
tblCulture.csv,tattoo,date,063W,23/05/2006,3
tblCulture.csv,tattoo,date,063W,23/10/2013,3
tblCulture.csv,tattoo,date,063W,24/01/2006,3
tblCulture.csv,tattoo,date,063W,24/05/2011,3
tblCulture.csv,tattoo,date,063W,24/06/2014,4
tblCulture.csv,tattoo,date,063W,25/01/2011,3
tblCulture.csv,tattoo,date,063W,27/01/2009,3
tblCulture.csv,tattoo,date,063Y,03/06/2008,4
tblCulture.csv,tattoo,date,063Y,04/11/2014,5
tblCulture.csv,tattoo,date,063Y,05/05/2009,3
tblCulture.csv,tattoo,date,063Y,05/10/2010,3
tblCulture.csv,tattoo,date,063Y,06/09/2017,3
tblCulture.csv,tattoo,date,063Y,06/11/2007,3
tblCulture.csv,tattoo,date,063Y,09/01/2008,4
tblCulture.csv,tattoo,date,063Y,10/08/2016,3
tblCulture.csv,tattoo,date,063Y,11/07/2017,3
tblCulture.csv,tattoo,date,063Y,11/09/2007,4
tblCulture.csv,tattoo,date,063Y,13/08/2013,4
tblCulture.csv,tattoo,date,063Y,13/10/2009,4
tblCulture.csv,tattoo,date,063Y,14/12/2010,3
tblCulture.csv,tattoo,date,063Y,18/06/2013,4
tblCulture.csv,tattoo,date,063Y,18/11/2009,3
tblCulture.csv,tattoo,date,063Y,19/08/2008,4
tblCulture.csv,tattoo,date,063Y,19/11/2008,3
tblCulture.csv,tattoo,date,063Y,22/10/2013,4
tblCulture.csv,tattoo,date,063Y,24/06/2015,3
tblCulture.csv,tattoo,date,063Y,26/01/2016,5
tblCulture.csv,tattoo,date,063Y,26/06/2012,4
tblCulture.csv,tattoo,date,064B,24/10/2006,3
tblCulture.csv,tattoo,date,064G,06/03/2006,5
tblCulture.csv,tattoo,date,064G,11/10/2005,2
tblCulture.csv,tattoo,date,064G,25/11/2003,4
tblCulture.csv,tattoo,date,064P,02/06/2009,4
tblCulture.csv,tattoo,date,064P,03/05/2011,4
tblCulture.csv,tattoo,date,064P,03/11/2009,4
tblCulture.csv,tattoo,date,064P,05/07/2011,3
tblCulture.csv,tattoo,date,064P,06/12/2011,4
tblCulture.csv,tattoo,date,064P,07/09/2010,4
tblCulture.csv,tattoo,date,064P,09/12/2008,3
tblCulture.csv,tattoo,date,064P,11/05/2010,4
tblCulture.csv,tattoo,date,064P,15/12/2009,2
tblCulture.csv,tattoo,date,064P,15/12/2010,2
tblCulture.csv,tattoo,date,064P,21/07/2009,5
tblCulture.csv,tattoo,date,064P,22/10/2008,3
tblCulture.csv,tattoo,date,064R,05/10/2004,2
tblCulture.csv,tattoo,date,064R,07/07/2004,2
tblCulture.csv,tattoo,date,064W,06/11/2007,3
tblCulture.csv,tattoo,date,064W,11/09/2007,3
tblCulture.csv,tattoo,date,064W,15/08/2006,3
tblCulture.csv,tattoo,date,064W,16/08/2005,2
tblCulture.csv,tattoo,date,064W,17/04/2008,6
tblCulture.csv,tattoo,date,064W,23/05/2006,2
tblCulture.csv,tattoo,date,064W,24/01/2006,3
tblCulture.csv,tattoo,date,064W,31/01/2007,3
tblCulture.csv,tattoo,date,064Y,02/06/2009,4
tblCulture.csv,tattoo,date,064Y,07/05/2008,3
tblCulture.csv,tattoo,date,064Y,10/10/2007,3
tblCulture.csv,tattoo,date,064Y,20/05/2008,4
tblCulture.csv,tattoo,date,064Y,22/07/2008,4
tblCulture.csv,tattoo,date,065B,03/05/2011,3
tblCulture.csv,tattoo,date,065B,05/07/2011,4
tblCulture.csv,tattoo,date,065B,07/05/2008,3
tblCulture.csv,tattoo,date,065B,11/05/2010,4
tblCulture.csv,tattoo,date,065B,13/12/2006,2
tblCulture.csv,tattoo,date,065B,23/07/2008,3
tblCulture.csv,tattoo,date,065B,24/10/2006,3
tblCulture.csv,tattoo,date,065G,25/11/2003,3
tblCulture.csv,tattoo,date,065P,04/11/2008,4
tblCulture.csv,tattoo,date,065P,19/05/2009,4
tblCulture.csv,tattoo,date,065R,01/02/2005,3
tblCulture.csv,tattoo,date,065R,05/10/2004,3
tblCulture.csv,tattoo,date,065R,07/07/2004,2
tblCulture.csv,tattoo,date,065R,21/06/2005,3
tblCulture.csv,tattoo,date,065R,23/11/2004,2
tblCulture.csv,tattoo,date,065W,03/06/2008,3
tblCulture.csv,tattoo,date,065W,05/05/2009,4
tblCulture.csv,tattoo,date,065W,05/06/2007,4
tblCulture.csv,tattoo,date,065W,11/10/2005,3
tblCulture.csv,tattoo,date,065W,14/10/2009,3
tblCulture.csv,tattoo,date,065W,16/08/2005,3
tblCulture.csv,tattoo,date,065W,16/08/2006,2
tblCulture.csv,tattoo,date,065W,21/06/2005,3
tblCulture.csv,tattoo,date,065W,23/05/2006,3
tblCulture.csv,tattoo,date,065W,24/01/2006,3
tblCulture.csv,tattoo,date,065Y,02/06/2009,4
tblCulture.csv,tattoo,date,065Y,03/05/2011,4
tblCulture.csv,tattoo,date,065Y,06/05/2008,4
tblCulture.csv,tattoo,date,065Y,22/01/2008,4
tblCulture.csv,tattoo,date,065Y,23/07/2008,3
tblCulture.csv,tattoo,date,065Y,23/10/2007,3
tblCulture.csv,tattoo,date,066B,03/05/2011,3
tblCulture.csv,tattoo,date,066B,09/05/2007,3
tblCulture.csv,tattoo,date,066B,13/12/2006,3
tblCulture.csv,tattoo,date,066B,23/07/2008,3
tblCulture.csv,tattoo,date,066B,29/05/2012,4
tblCulture.csv,tattoo,date,066B,31/07/2007,3
tblCulture.csv,tattoo,date,066G,25/11/2003,2
tblCulture.csv,tattoo,date,066P,04/11/2008,4
tblCulture.csv,tattoo,date,066R,04/02/2014,6
tblCulture.csv,tattoo,date,066R,04/10/2011,3
tblCulture.csv,tattoo,date,066R,05/10/2004,3
tblCulture.csv,tattoo,date,066R,07/07/2004,2
tblCulture.csv,tattoo,date,066R,11/09/2007,4
tblCulture.csv,tattoo,date,066R,13/08/2013,4
tblCulture.csv,tattoo,date,066R,15/08/2006,3
tblCulture.csv,tattoo,date,066R,16/06/2010,2
tblCulture.csv,tattoo,date,066R,16/08/2005,3
tblCulture.csv,tattoo,date,066R,16/10/2012,4
tblCulture.csv,tattoo,date,066R,21/06/2005,3
tblCulture.csv,tattoo,date,066R,24/05/2006,2
tblCulture.csv,tattoo,date,066R,24/05/2011,4
tblCulture.csv,tattoo,date,066R,27/01/2010,2
tblCulture.csv,tattoo,date,066W,05/06/2007,2
tblCulture.csv,tattoo,date,066W,11/10/2005,3
tblCulture.csv,tattoo,date,066W,12/09/2007,3
tblCulture.csv,tattoo,date,066W,15/08/2006,3
tblCulture.csv,tattoo,date,066W,16/08/2005,3
tblCulture.csv,tattoo,date,066W,21/06/2005,3
tblCulture.csv,tattoo,date,066W,23/05/2006,3
tblCulture.csv,tattoo,date,066W,24/01/2006,3
tblCulture.csv,tattoo,date,066Y,06/05/2008,5
tblCulture.csv,tattoo,date,066Y,23/10/2007,4
tblCulture.csv,tattoo,date,067B,29/11/2006,3
tblCulture.csv,tattoo,date,067G,25/11/2003,2
tblCulture.csv,tattoo,date,067P,02/10/2012,3
tblCulture.csv,tattoo,date,067P,04/06/2013,4
tblCulture.csv,tattoo,date,067P,04/11/2008,4
tblCulture.csv,tattoo,date,067P,08/10/2013,4
tblCulture.csv,tattoo,date,067P,13/07/2011,3
tblCulture.csv,tattoo,date,067P,14/01/2009,3
tblCulture.csv,tattoo,date,067P,17/05/2011,4
tblCulture.csv,tattoo,date,067P,17/11/2010,2
tblCulture.csv,tattoo,date,067P,20/09/2011,3
tblCulture.csv,tattoo,date,067P,21/09/2010,4
tblCulture.csv,tattoo,date,067P,24/05/2010,3
tblCulture.csv,tattoo,date,067P,25/03/2014,5
tblCulture.csv,tattoo,date,067P,27/10/2009,3
tblCulture.csv,tattoo,date,067P,30/07/2013,2
tblCulture.csv,tattoo,date,067P,31/07/2012,3
tblCulture.csv,tattoo,date,067R,02/02/2005,2
tblCulture.csv,tattoo,date,067R,07/07/2004,2
tblCulture.csv,tattoo,date,067R,20/05/2008,4
tblCulture.csv,tattoo,date,067R,21/08/2007,3
tblCulture.csv,tattoo,date,067W,19/08/2008,4
tblCulture.csv,tattoo,date,067W,21/06/2005,3
tblCulture.csv,tattoo,date,067Y,03/06/2009,3
tblCulture.csv,tattoo,date,067Y,11/05/2010,4
tblCulture.csv,tattoo,date,067Y,23/10/2007,4
tblCulture.csv,tattoo,date,067Y,30/05/2012,3
tblCulture.csv,tattoo,date,068G,25/11/2003,3
tblCulture.csv,tattoo,date,068P,04/11/2008,4
tblCulture.csv,tattoo,date,068P,18/03/2009,6
tblCulture.csv,tattoo,date,068R,02/02/2005,2
tblCulture.csv,tattoo,date,068R,07/07/2004,2
tblCulture.csv,tattoo,date,068R,16/08/2005,2
tblCulture.csv,tattoo,date,068R,22/06/2005,3
tblCulture.csv,tattoo,date,068W,16/08/2005,3
tblCulture.csv,tattoo,date,068W,21/06/2005,2
tblCulture.csv,tattoo,date,068Y,16/05/2008,6
tblCulture.csv,tattoo,date,068Y,24/10/2007,3
tblCulture.csv,tattoo,date,069G,25/11/2003,3
tblCulture.csv,tattoo,date,069P,15/06/2010,4
tblCulture.csv,tattoo,date,069P,17/11/2009,3
tblCulture.csv,tattoo,date,069P,18/11/2008,3
tblCulture.csv,tattoo,date,069P,23/06/2015,4
tblCulture.csv,tattoo,date,069P,24/05/2011,4
tblCulture.csv,tattoo,date,069R,05/05/2009,4
tblCulture.csv,tattoo,date,069R,05/10/2004,3
tblCulture.csv,tattoo,date,069R,06/11/2007,4
tblCulture.csv,tattoo,date,069R,07/07/2004,3
tblCulture.csv,tattoo,date,069R,08/01/2008,4
tblCulture.csv,tattoo,date,069R,11/09/2007,5
tblCulture.csv,tattoo,date,069R,11/10/2005,2
tblCulture.csv,tattoo,date,069R,13/08/2013,4
tblCulture.csv,tattoo,date,069R,15/06/2010,4
tblCulture.csv,tattoo,date,069R,15/08/2006,3
tblCulture.csv,tattoo,date,069R,17/08/2005,2
tblCulture.csv,tattoo,date,069R,18/11/2008,4
tblCulture.csv,tattoo,date,069R,19/08/2008,4
tblCulture.csv,tattoo,date,069R,22/06/2005,2
tblCulture.csv,tattoo,date,069R,23/05/2006,3
tblCulture.csv,tattoo,date,069R,25/01/2006,2
tblCulture.csv,tattoo,date,069R,25/05/2011,3
tblCulture.csv,tattoo,date,069R,27/01/2009,3
tblCulture.csv,tattoo,date,069W,11/10/2005,3
tblCulture.csv,tattoo,date,069W,14/10/2009,3
tblCulture.csv,tattoo,date,069W,16/08/2005,3
tblCulture.csv,tattoo,date,069W,21/06/2005,3
tblCulture.csv,tattoo,date,069W,24/01/2006,3
tblCulture.csv,tattoo,date,069Y,07/11/2007,3
tblCulture.csv,tattoo,date,070G,25/11/2003,3
tblCulture.csv,tattoo,date,070P,15/06/2010,4
tblCulture.csv,tattoo,date,070P,18/06/2013,3
tblCulture.csv,tattoo,date,070P,19/05/2009,4
tblCulture.csv,tattoo,date,070P,19/11/2008,3
tblCulture.csv,tattoo,date,070P,24/06/2014,4
tblCulture.csv,tattoo,date,070P,24/06/2015,4
tblCulture.csv,tattoo,date,070P,26/06/2019,3
tblCulture.csv,tattoo,date,070R,19/10/2004,3
tblCulture.csv,tattoo,date,070R,24/05/2005,3
tblCulture.csv,tattoo,date,070R,24/08/2004,3
tblCulture.csv,tattoo,date,070R,26/10/2007,6
tblCulture.csv,tattoo,date,070W,11/10/2005,3
tblCulture.csv,tattoo,date,070W,12/06/2006,6
tblCulture.csv,tattoo,date,070W,16/08/2005,3
tblCulture.csv,tattoo,date,070W,21/06/2005,2
tblCulture.csv,tattoo,date,070W,23/05/2006,2
tblCulture.csv,tattoo,date,070W,24/01/2006,3
tblCulture.csv,tattoo,date,070Y,01/12/2009,3
tblCulture.csv,tattoo,date,070Y,04/11/2008,4
tblCulture.csv,tattoo,date,070Y,05/08/2008,4
tblCulture.csv,tattoo,date,070Y,11/12/2007,4
tblCulture.csv,tattoo,date,070Y,13/01/2009,4
tblCulture.csv,tattoo,date,070Y,19/01/2010,3
tblCulture.csv,tattoo,date,070Y,19/05/2009,3
tblCulture.csv,tattoo,date,070Y,20/05/2008,2
tblCulture.csv,tattoo,date,070Y,27/10/2009,3
tblCulture.csv,tattoo,date,071G,26/11/2003,2
tblCulture.csv,tattoo,date,071R,06/05/2008,4
tblCulture.csv,tattoo,date,071R,11/01/2005,3
tblCulture.csv,tattoo,date,071R,14/09/2005,2
tblCulture.csv,tattoo,date,071R,19/07/2005,3
tblCulture.csv,tattoo,date,071R,19/10/2004,3
tblCulture.csv,tattoo,date,071R,24/05/2005,2
tblCulture.csv,tattoo,date,071R,24/08/2004,2
tblCulture.csv,tattoo,date,071W,17/08/2005,2
tblCulture.csv,tattoo,date,071W,21/06/2005,4
tblCulture.csv,tattoo,date,071W,24/01/2006,3
tblCulture.csv,tattoo,date,072G,26/11/2003,2
tblCulture.csv,tattoo,date,072R,07/06/2005,4
tblCulture.csv,tattoo,date,072R,19/10/2004,3
tblCulture.csv,tattoo,date,072R,24/08/2004,3
tblCulture.csv,tattoo,date,072R,25/05/2005,2
tblCulture.csv,tattoo,date,072W,12/09/2007,3
tblCulture.csv,tattoo,date,072W,16/08/2005,2
tblCulture.csv,tattoo,date,072W,23/05/2006,2
tblCulture.csv,tattoo,date,072W,24/01/2006,4
tblCulture.csv,tattoo,date,073R,10/05/2006,2
tblCulture.csv,tattoo,date,073R,12/01/2005,3
tblCulture.csv,tattoo,date,073R,13/09/2005,3
tblCulture.csv,tattoo,date,073R,18/07/2006,3
tblCulture.csv,tattoo,date,073R,19/07/2005,3
tblCulture.csv,tattoo,date,073R,24/05/2005,3
tblCulture.csv,tattoo,date,073R,25/08/2004,3
tblCulture.csv,tattoo,date,073W,11/10/2005,2
tblCulture.csv,tattoo,date,073W,16/08/2005,3
tblCulture.csv,tattoo,date,073W,21/06/2005,2
tblCulture.csv,tattoo,date,073W,24/05/2006,2
tblCulture.csv,tattoo,date,074R,19/10/2004,3
tblCulture.csv,tattoo,date,074R,25/08/2004,2
tblCulture.csv,tattoo,date,074W,11/10/2005,2
tblCulture.csv,tattoo,date,074W,21/06/2005,3
tblCulture.csv,tattoo,date,074W,24/01/2006,3
tblCulture.csv,tattoo,date,075R,19/10/2004,3
tblCulture.csv,tattoo,date,075R,25/08/2004,4
tblCulture.csv,tattoo,date,075W,16/08/2005,2
tblCulture.csv,tattoo,date,075W,21/06/2005,3
tblCulture.csv,tattoo,date,075W,24/01/2006,3
tblCulture.csv,tattoo,date,076R,05/10/2004,2
tblCulture.csv,tattoo,date,076R,06/11/2007,4
tblCulture.csv,tattoo,date,076R,18/01/2005,3
tblCulture.csv,tattoo,date,076W,22/06/2005,2
tblCulture.csv,tattoo,date,077R,23/11/2004,2
tblCulture.csv,tattoo,date,077W,05/05/2009,3
tblCulture.csv,tattoo,date,077W,07/11/2007,3
tblCulture.csv,tattoo,date,077W,12/10/2005,2
tblCulture.csv,tattoo,date,077W,15/06/2010,4
tblCulture.csv,tattoo,date,077W,16/08/2005,3
tblCulture.csv,tattoo,date,077W,20/08/2008,3
tblCulture.csv,tattoo,date,077W,23/05/2006,3
tblCulture.csv,tattoo,date,078R,23/11/2004,3
tblCulture.csv,tattoo,date,078W,16/08/2005,2
tblCulture.csv,tattoo,date,078W,22/06/2005,2
tblCulture.csv,tattoo,date,079W,11/03/2007,6
tblCulture.csv,tattoo,date,079W,11/10/2005,2
tblCulture.csv,tattoo,date,079W,15/08/2006,3
tblCulture.csv,tattoo,date,079W,22/06/2005,2
tblCulture.csv,tattoo,date,079W,24/01/2006,3
tblCulture.csv,tattoo,date,080W,06/06/2007,4
tblCulture.csv,tattoo,date,080W,16/08/2005,2
tblCulture.csv,tattoo,date,080W,22/06/2005,2
tblCulture.csv,tattoo,date,080W,23/05/2006,3
tblCulture.csv,tattoo,date,080W,24/01/2006,2
tblCulture.csv,tattoo,date,081W,11/10/2005,2
tblCulture.csv,tattoo,date,081W,15/06/2010,4
tblCulture.csv,tattoo,date,081W,16/08/2005,2
tblCulture.csv,tattoo,date,081W,20/07/2011,3
tblCulture.csv,tattoo,date,081W,22/06/2005,2
tblCulture.csv,tattoo,date,081W,24/01/2006,3
tblCulture.csv,tattoo,date,082W,02/06/2009,3
tblCulture.csv,tattoo,date,082W,03/05/2011,3
tblCulture.csv,tattoo,date,082W,05/07/2011,4
tblCulture.csv,tattoo,date,082W,06/09/2011,4
tblCulture.csv,tattoo,date,082W,07/09/2010,3
tblCulture.csv,tattoo,date,082W,07/11/2006,4
tblCulture.csv,tattoo,date,082W,08/05/2007,4
tblCulture.csv,tattoo,date,082W,09/12/2008,4
tblCulture.csv,tattoo,date,082W,10/05/2006,3
tblCulture.csv,tattoo,date,082W,11/05/2010,4
tblCulture.csv,tattoo,date,082W,13/09/2005,3
tblCulture.csv,tattoo,date,082W,13/12/2005,3
tblCulture.csv,tattoo,date,082W,18/07/2006,3
tblCulture.csv,tattoo,date,082W,19/07/2005,3
tblCulture.csv,tattoo,date,082W,21/07/2009,2
tblCulture.csv,tattoo,date,082W,21/10/2008,4
tblCulture.csv,tattoo,date,082W,22/07/2008,4
tblCulture.csv,tattoo,date,082W,23/10/2007,4
tblCulture.csv,tattoo,date,082W,24/10/2006,4
tblCulture.csv,tattoo,date,082W,29/05/2012,3
tblCulture.csv,tattoo,date,083W,09/05/2006,3
tblCulture.csv,tattoo,date,083W,13/09/2005,3
tblCulture.csv,tattoo,date,084W,09/05/2006,3
tblCulture.csv,tattoo,date,084W,13/09/2005,3
tblCulture.csv,tattoo,date,084W,19/07/2005,3
tblCulture.csv,tattoo,date,085W,13/09/2005,3
tblCulture.csv,tattoo,date,085W,19/07/2005,3
tblCulture.csv,tattoo,date,085W,25/10/2006,3
tblCulture.csv,tattoo,date,086W,19/07/2005,2
tblCulture.csv,tattoo,date,086W,19/08/2005,5
tblCulture.csv,tattoo,date,087W,19/07/2005,3
tblCulture.csv,tattoo,date,088W,19/07/2005,3
tblCulture.csv,tattoo,date,089W,07/05/2008,3
tblCulture.csv,tattoo,date,089W,08/05/2007,4
tblCulture.csv,tattoo,date,089W,10/05/2006,2
tblCulture.csv,tattoo,date,089W,12/12/2006,3
tblCulture.csv,tattoo,date,089W,20/07/2005,3
tblCulture.csv,tattoo,date,089W,22/01/2008,5
tblCulture.csv,tattoo,date,089W,23/10/2007,4
tblCulture.csv,tattoo,date,089W,24/10/2006,2
tblCulture.csv,tattoo,date,090W,20/07/2005,2
tblCulture.csv,tattoo,date,091W,13/09/2005,2
tblCulture.csv,tattoo,date,091W,20/07/2005,2
tblCulture.csv,tattoo,date,092W,02/08/2005,3
tblCulture.csv,tattoo,date,093W,11/09/2007,4
tblCulture.csv,tattoo,date,093W,16/08/2005,3
tblCulture.csv,tattoo,date,093W,24/01/2006,3
tblCulture.csv,tattoo,date,094W,06/06/2007,2
tblCulture.csv,tattoo,date,094W,12/10/2005,2
tblCulture.csv,tattoo,date,094W,16/08/2005,3
tblCulture.csv,tattoo,date,094W,24/01/2006,3
tblCulture.csv,tattoo,date,095W,11/10/2005,3
tblCulture.csv,tattoo,date,095W,16/08/2005,2
tblCulture.csv,tattoo,date,096W,05/05/2009,3
tblCulture.csv,tattoo,date,096W,06/06/2007,2
tblCulture.csv,tattoo,date,096W,08/02/2010,6
tblCulture.csv,tattoo,date,096W,11/09/2007,4
tblCulture.csv,tattoo,date,096W,15/08/2006,3
tblCulture.csv,tattoo,date,096W,17/08/2005,2
tblCulture.csv,tattoo,date,096W,19/08/2008,4
tblCulture.csv,tattoo,date,096W,23/05/2006,3
tblCulture.csv,tattoo,date,097W,09/05/2006,3
tblCulture.csv,tattoo,date,097W,13/09/2005,2
tblCulture.csv,tattoo,date,097W,22/07/2008,4
tblCulture.csv,tattoo,date,097W,24/10/2006,4
tblCulture.csv,tattoo,date,097W,24/10/2007,3
tblCulture.csv,tattoo,date,098W,08/05/2007,2
tblCulture.csv,tattoo,date,098W,09/05/2006,3
tblCulture.csv,tattoo,date,098W,13/09/2005,3
tblCulture.csv,tattoo,date,099W,08/05/2007,5
tblCulture.csv,tattoo,date,099W,13/09/2005,3
tblCulture.csv,tattoo,date,100W,07/02/2008,6
tblCulture.csv,tattoo,date,100W,09/05/2006,3
tblCulture.csv,tattoo,date,100W,13/09/2005,3
tblCulture.csv,tattoo,date,101W,06/05/2008,4
tblCulture.csv,tattoo,date,101W,09/05/2006,3
tblCulture.csv,tattoo,date,101W,13/12/2005,3
tblCulture.csv,tattoo,date,101W,14/09/2005,3
tblCulture.csv,tattoo,date,101W,15/12/2009,3
tblCulture.csv,tattoo,date,101W,18/07/2006,3
tblCulture.csv,tattoo,date,101W,22/07/2008,4
tblCulture.csv,tattoo,date,102W,24/05/2006,2
tblCulture.csv,tattoo,date,103W,05/05/2009,2
tblCulture.csv,tattoo,date,103W,05/06/2007,3
tblCulture.csv,tattoo,date,103W,06/11/2007,4
tblCulture.csv,tattoo,date,103W,12/09/2007,3
tblCulture.csv,tattoo,date,103W,12/10/2005,2
tblCulture.csv,tattoo,date,103W,14/10/2009,3
tblCulture.csv,tattoo,date,103W,15/06/2010,3
tblCulture.csv,tattoo,date,103W,15/08/2006,3
tblCulture.csv,tattoo,date,103W,24/05/2011,4
tblCulture.csv,tattoo,date,103W,25/01/2006,3
tblCulture.csv,tattoo,date,104W,02/06/2009,4
tblCulture.csv,tattoo,date,104W,23/07/2008,3
tblCulture.csv,tattoo,date,A001,07/02/1989,5
tblCulture.csv,tattoo,date,A002,04/09/1990,3
tblCulture.csv,tattoo,date,A002,05/07/1994,3
tblCulture.csv,tattoo,date,A002,06/07/1999,4
tblCulture.csv,tattoo,date,A002,11/12/1996,2
tblCulture.csv,tattoo,date,A002,13/02/1996,2
tblCulture.csv,tattoo,date,A002,20/06/1989,3
tblCulture.csv,tattoo,date,A002,22/02/1989,3
tblCulture.csv,tattoo,date,A002,22/06/1993,2
tblCulture.csv,tattoo,date,A003,04/08/1993,3
tblCulture.csv,tattoo,date,A003,06/09/1989,3
tblCulture.csv,tattoo,date,A003,19/10/1994,2
tblCulture.csv,tattoo,date,A003,20/03/1989,3
tblCulture.csv,tattoo,date,A003,20/05/1992,3
tblCulture.csv,tattoo,date,A003,22/05/1990,2
tblCulture.csv,tattoo,date,A004,05/09/1989,3
tblCulture.csv,tattoo,date,A004,17/10/1989,4
tblCulture.csv,tattoo,date,A004,17/10/1990,3
tblCulture.csv,tattoo,date,A004,20/03/1989,3
tblCulture.csv,tattoo,date,A004,22/05/1990,3
tblCulture.csv,tattoo,date,A004,23/05/1989,4
tblCulture.csv,tattoo,date,A005,23/05/1989,2
tblCulture.csv,tattoo,date,A006,23/05/1989,2
tblCulture.csv,tattoo,date,A007,06/10/1992,3
tblCulture.csv,tattoo,date,A007,12/10/1993,3
tblCulture.csv,tattoo,date,A007,22/05/1990,4
tblCulture.csv,tattoo,date,A007,23/05/1989,3
tblCulture.csv,tattoo,date,A007,26/01/1994,3
tblCulture.csv,tattoo,date,A008,23/05/1989,2
tblCulture.csv,tattoo,date,A009,23/05/1989,3
tblCulture.csv,tattoo,date,A010,23/05/1989,3
tblCulture.csv,tattoo,date,A011,01/08/1989,3
tblCulture.csv,tattoo,date,A011,04/06/1991,3
tblCulture.csv,tattoo,date,A011,13/08/1991,3
tblCulture.csv,tattoo,date,A011,17/10/1989,2
tblCulture.csv,tattoo,date,A011,22/05/1990,3
tblCulture.csv,tattoo,date,A011,31/07/1990,3
tblCulture.csv,tattoo,date,A012,01/08/1989,2
tblCulture.csv,tattoo,date,A012,11/04/1990,4
tblCulture.csv,tattoo,date,A012,23/03/1990,4
tblCulture.csv,tattoo,date,A012,23/05/1989,3
tblCulture.csv,tattoo,date,A013,01/08/1989,2
tblCulture.csv,tattoo,date,A013,16/03/1990,3
tblCulture.csv,tattoo,date,A013,17/10/1989,5
tblCulture.csv,tattoo,date,A013,22/05/1990,4
tblCulture.csv,tattoo,date,A013,23/01/1990,4
tblCulture.csv,tattoo,date,A013,23/05/1989,3
tblCulture.csv,tattoo,date,A013,31/07/1990,4
tblCulture.csv,tattoo,date,A014,01/08/1989,3
tblCulture.csv,tattoo,date,A014,03/08/1993,4
tblCulture.csv,tattoo,date,A014,03/08/1994,3
tblCulture.csv,tattoo,date,A014,05/06/1991,3
tblCulture.csv,tattoo,date,A014,08/06/1994,3
tblCulture.csv,tattoo,date,A014,12/10/1993,3
tblCulture.csv,tattoo,date,A014,16/10/1990,2
tblCulture.csv,tattoo,date,A014,17/10/1989,3
tblCulture.csv,tattoo,date,A014,20/05/1990,3
tblCulture.csv,tattoo,date,A014,23/05/1989,3
tblCulture.csv,tattoo,date,A014,24/01/1990,3
tblCulture.csv,tattoo,date,A014,25/05/1993,5
tblCulture.csv,tattoo,date,A014,31/07/1990,3
tblCulture.csv,tattoo,date,A015,23/05/1989,3
tblCulture.csv,tattoo,date,A016,23/05/1989,2
tblCulture.csv,tattoo,date,A017,23/05/1989,3
tblCulture.csv,tattoo,date,A018,23/05/1989,3
tblCulture.csv,tattoo,date,A019,24/05/1989,3
tblCulture.csv,tattoo,date,A020,24/05/1989,3
tblCulture.csv,tattoo,date,A021,13/08/1991,3
tblCulture.csv,tattoo,date,A021,16/10/1990,2
tblCulture.csv,tattoo,date,A021,17/10/1989,3
tblCulture.csv,tattoo,date,A021,22/05/1990,3
tblCulture.csv,tattoo,date,A021,23/01/1990,3
tblCulture.csv,tattoo,date,A021,24/05/1989,2
tblCulture.csv,tattoo,date,A021,25/05/1993,3
tblCulture.csv,tattoo,date,A021,28/07/1992,2
tblCulture.csv,tattoo,date,A021,29/10/1991,3
tblCulture.csv,tattoo,date,A021,31/07/1990,2
tblCulture.csv,tattoo,date,A022,24/05/1989,3
tblCulture.csv,tattoo,date,A023,24/05/1989,3
tblCulture.csv,tattoo,date,A024,02/08/1989,2
tblCulture.csv,tattoo,date,A024,17/10/1989,3
tblCulture.csv,tattoo,date,A024,24/05/1989,3
tblCulture.csv,tattoo,date,A025,24/05/1989,3
tblCulture.csv,tattoo,date,A026,24/05/1989,3
tblCulture.csv,tattoo,date,A027,24/05/1989,3
tblCulture.csv,tattoo,date,A028,24/05/1989,3
tblCulture.csv,tattoo,date,A029,24/05/1989,3
tblCulture.csv,tattoo,date,A030,01/08/1989,2
tblCulture.csv,tattoo,date,A030,04/06/1991,3
tblCulture.csv,tattoo,date,A030,13/08/1991,4
tblCulture.csv,tattoo,date,A030,17/10/1989,3
tblCulture.csv,tattoo,date,A030,22/05/1990,3
tblCulture.csv,tattoo,date,A030,23/01/1990,2
tblCulture.csv,tattoo,date,A030,24/05/1989,3
tblCulture.csv,tattoo,date,A032,06/06/1989,2
tblCulture.csv,tattoo,date,A034,06/06/1989,3
tblCulture.csv,tattoo,date,A034,15/08/1989,2
tblCulture.csv,tattoo,date,A035,06/06/1989,2
tblCulture.csv,tattoo,date,A037,01/10/1996,3
tblCulture.csv,tattoo,date,A037,03/09/1991,3
tblCulture.csv,tattoo,date,A037,05/09/1995,2
tblCulture.csv,tattoo,date,A037,06/06/1989,2
tblCulture.csv,tattoo,date,A037,06/06/1990,3
tblCulture.csv,tattoo,date,A037,06/07/1994,3
tblCulture.csv,tattoo,date,A037,07/02/1990,3
tblCulture.csv,tattoo,date,A037,07/09/1994,3
tblCulture.csv,tattoo,date,A037,08/02/1994,4
tblCulture.csv,tattoo,date,A037,11/08/1992,3
tblCulture.csv,tattoo,date,A037,11/12/1996,4
tblCulture.csv,tattoo,date,A037,15/08/1989,2
tblCulture.csv,tattoo,date,A037,17/06/1992,3
tblCulture.csv,tattoo,date,A037,18/06/1991,3
tblCulture.csv,tattoo,date,A037,19/02/1991,3
tblCulture.csv,tattoo,date,A037,23/02/1993,3
tblCulture.csv,tattoo,date,A037,24/01/1990,3
tblCulture.csv,tattoo,date,A038,03/06/1992,3
tblCulture.csv,tattoo,date,A038,05/06/1990,3
tblCulture.csv,tattoo,date,A038,06/02/1990,3
tblCulture.csv,tattoo,date,A038,06/06/1989,2
tblCulture.csv,tattoo,date,A038,15/08/1989,3
tblCulture.csv,tattoo,date,A038,19/02/1991,3
tblCulture.csv,tattoo,date,A038,30/10/1990,2
tblCulture.csv,tattoo,date,A039,02/06/1992,2
tblCulture.csv,tattoo,date,A039,05/06/1990,3
tblCulture.csv,tattoo,date,A039,06/02/1990,4
tblCulture.csv,tattoo,date,A039,06/06/1989,2
tblCulture.csv,tattoo,date,A039,11/08/1992,3
tblCulture.csv,tattoo,date,A039,13/11/1991,2
tblCulture.csv,tattoo,date,A039,14/08/1990,3
tblCulture.csv,tattoo,date,A039,19/02/1991,3
tblCulture.csv,tattoo,date,A039,19/06/1991,3
tblCulture.csv,tattoo,date,A039,31/10/1989,3
tblCulture.csv,tattoo,date,A039,31/10/1990,3
tblCulture.csv,tattoo,date,A040,06/06/1989,2
tblCulture.csv,tattoo,date,A041,03/09/1991,3
tblCulture.csv,tattoo,date,A041,05/06/1990,3
tblCulture.csv,tattoo,date,A041,06/02/1990,3
tblCulture.csv,tattoo,date,A041,06/06/1989,2
tblCulture.csv,tattoo,date,A041,09/02/1993,2
tblCulture.csv,tattoo,date,A041,12/08/1992,3
tblCulture.csv,tattoo,date,A041,14/08/1990,3
tblCulture.csv,tattoo,date,A041,16/08/1989,2
tblCulture.csv,tattoo,date,A041,17/08/1993,3
tblCulture.csv,tattoo,date,A041,20/10/1992,3
tblCulture.csv,tattoo,date,A041,31/10/1989,3
tblCulture.csv,tattoo,date,A042,03/10/1995,3
tblCulture.csv,tattoo,date,A042,04/09/1991,3
tblCulture.csv,tattoo,date,A042,06/06/1989,2
tblCulture.csv,tattoo,date,A042,06/06/1990,3
tblCulture.csv,tattoo,date,A042,08/06/1993,3
tblCulture.csv,tattoo,date,A042,14/02/1995,4
tblCulture.csv,tattoo,date,A042,14/08/1990,3
tblCulture.csv,tattoo,date,A042,16/08/1989,3
tblCulture.csv,tattoo,date,A042,16/08/1994,3
tblCulture.csv,tattoo,date,A042,17/08/1993,3
tblCulture.csv,tattoo,date,A042,20/10/1992,3
tblCulture.csv,tattoo,date,A042,22/08/1995,2
tblCulture.csv,tattoo,date,A042,30/10/1990,2
tblCulture.csv,tattoo,date,A042,31/10/1989,3
tblCulture.csv,tattoo,date,A043,07/06/1989,3
tblCulture.csv,tattoo,date,A044,08/06/1989,2
tblCulture.csv,tattoo,date,A045,03/07/1991,3
tblCulture.csv,tattoo,date,A045,05/09/1989,2
tblCulture.csv,tattoo,date,A045,19/06/1990,3
tblCulture.csv,tattoo,date,A045,20/02/1990,3
tblCulture.csv,tattoo,date,A045,20/06/1989,2
tblCulture.csv,tattoo,date,A046,03/07/1991,3
tblCulture.csv,tattoo,date,A046,04/09/1990,3
tblCulture.csv,tattoo,date,A046,05/09/1989,2
tblCulture.csv,tattoo,date,A046,15/11/1989,3
tblCulture.csv,tattoo,date,A046,18/09/1991,2
tblCulture.csv,tattoo,date,A046,19/06/1990,3
tblCulture.csv,tattoo,date,A046,20/06/1989,2
tblCulture.csv,tattoo,date,A046,21/02/1990,3
tblCulture.csv,tattoo,date,A047,02/07/1991,3
tblCulture.csv,tattoo,date,A047,05/09/1989,3
tblCulture.csv,tattoo,date,A047,14/11/1989,3
tblCulture.csv,tattoo,date,A047,17/09/1991,3
tblCulture.csv,tattoo,date,A047,20/06/1989,2
tblCulture.csv,tattoo,date,A047,25/02/1992,3
tblCulture.csv,tattoo,date,A047,26/02/1991,4
tblCulture.csv,tattoo,date,A047,26/11/1991,3
tblCulture.csv,tattoo,date,A048,20/06/1989,3
tblCulture.csv,tattoo,date,A049,01/10/1996,2
tblCulture.csv,tattoo,date,A049,05/09/1989,3
tblCulture.csv,tattoo,date,A049,09/03/1993,3
tblCulture.csv,tattoo,date,A049,14/11/1989,2
tblCulture.csv,tattoo,date,A049,20/02/1990,2
tblCulture.csv,tattoo,date,A049,20/06/1990,3
tblCulture.csv,tattoo,date,A049,21/06/1989,2
tblCulture.csv,tattoo,date,A049,25/08/1992,3
tblCulture.csv,tattoo,date,A049,26/02/1991,3
tblCulture.csv,tattoo,date,A049,26/07/1995,3
tblCulture.csv,tattoo,date,A050,06/09/1989,3
tblCulture.csv,tattoo,date,A050,21/06/1989,3
tblCulture.csv,tattoo,date,A051,02/07/1991,4
tblCulture.csv,tattoo,date,A051,03/08/1999,3
tblCulture.csv,tattoo,date,A051,04/07/1989,2
tblCulture.csv,tattoo,date,A051,04/09/1990,3
tblCulture.csv,tattoo,date,A051,04/11/1992,3
tblCulture.csv,tattoo,date,A051,05/09/1995,4
tblCulture.csv,tattoo,date,A051,06/07/1993,3
tblCulture.csv,tattoo,date,A051,07/09/1994,3
tblCulture.csv,tattoo,date,A051,08/09/1993,3
tblCulture.csv,tattoo,date,A051,09/09/1992,3
tblCulture.csv,tattoo,date,A051,09/09/1997,3
tblCulture.csv,tattoo,date,A051,09/11/1993,3
tblCulture.csv,tattoo,date,A051,11/02/1999,3
tblCulture.csv,tattoo,date,A051,13/11/1990,3
tblCulture.csv,tattoo,date,A051,17/06/1992,3
tblCulture.csv,tattoo,date,A051,17/09/1996,3
tblCulture.csv,tattoo,date,A051,17/10/1995,3
tblCulture.csv,tattoo,date,A051,18/07/1995,3
tblCulture.csv,tattoo,date,A051,18/09/1991,2
tblCulture.csv,tattoo,date,A051,19/09/1989,3
tblCulture.csv,tattoo,date,A051,21/02/1990,4
tblCulture.csv,tattoo,date,A051,23/08/2000,3
tblCulture.csv,tattoo,date,A051,26/02/1992,3
tblCulture.csv,tattoo,date,A051,28/11/1989,3
tblCulture.csv,tattoo,date,A052,02/07/1991,5
tblCulture.csv,tattoo,date,A052,03/07/1990,3
tblCulture.csv,tattoo,date,A052,04/07/1989,3
tblCulture.csv,tattoo,date,A052,04/09/1990,3
tblCulture.csv,tattoo,date,A052,17/09/1991,4
tblCulture.csv,tattoo,date,A052,19/09/1989,3
tblCulture.csv,tattoo,date,A052,27/11/1990,3
tblCulture.csv,tattoo,date,A052,28/11/1989,3
tblCulture.csv,tattoo,date,A053,04/07/1989,4
tblCulture.csv,tattoo,date,A053,17/07/1991,3
tblCulture.csv,tattoo,date,A053,20/09/1989,2
tblCulture.csv,tattoo,date,A054,01/10/1991,3
tblCulture.csv,tattoo,date,A054,03/07/1990,3
tblCulture.csv,tattoo,date,A054,04/09/1990,3
tblCulture.csv,tattoo,date,A054,04/11/1992,2
tblCulture.csv,tattoo,date,A054,06/07/1994,3
tblCulture.csv,tattoo,date,A054,06/09/1994,3
tblCulture.csv,tattoo,date,A054,07/07/1993,3
tblCulture.csv,tattoo,date,A054,07/09/1993,3
tblCulture.csv,tattoo,date,A054,08/09/1992,3
tblCulture.csv,tattoo,date,A054,11/12/1991,2
tblCulture.csv,tattoo,date,A054,13/03/1990,3
tblCulture.csv,tattoo,date,A054,17/09/1991,3
tblCulture.csv,tattoo,date,A054,17/10/1995,3
tblCulture.csv,tattoo,date,A054,18/11/1992,3
tblCulture.csv,tattoo,date,A054,19/07/1995,3
tblCulture.csv,tattoo,date,A054,20/09/1994,3
tblCulture.csv,tattoo,date,A054,23/02/1993,3
tblCulture.csv,tattoo,date,A054,23/07/1996,3
tblCulture.csv,tattoo,date,A054,25/02/1992,4
tblCulture.csv,tattoo,date,A054,26/08/1992,3
tblCulture.csv,tattoo,date,A054,28/11/1989,3
tblCulture.csv,tattoo,date,A054,29/09/1993,3
tblCulture.csv,tattoo,date,A054,30/11/1994,3
tblCulture.csv,tattoo,date,A055,01/10/1991,3
tblCulture.csv,tattoo,date,A055,04/07/1989,3
tblCulture.csv,tattoo,date,A055,13/03/1990,3
tblCulture.csv,tattoo,date,A055,16/07/1991,3
tblCulture.csv,tattoo,date,A055,19/09/1990,3
tblCulture.csv,tattoo,date,A055,20/09/1989,2
tblCulture.csv,tattoo,date,A055,29/11/1989,3
tblCulture.csv,tattoo,date,A055,30/06/1992,3
tblCulture.csv,tattoo,date,A056,01/07/1992,2
tblCulture.csv,tattoo,date,A056,02/10/1991,2
tblCulture.csv,tattoo,date,A056,04/07/1989,4
tblCulture.csv,tattoo,date,A056,06/07/1993,3
tblCulture.csv,tattoo,date,A056,07/03/1994,3
tblCulture.csv,tattoo,date,A056,08/09/1992,3
tblCulture.csv,tattoo,date,A056,09/03/1993,3
tblCulture.csv,tattoo,date,A056,13/03/1990,3
tblCulture.csv,tattoo,date,A056,13/03/1991,2
tblCulture.csv,tattoo,date,A056,16/06/1992,3
tblCulture.csv,tattoo,date,A056,16/07/1991,3
tblCulture.csv,tattoo,date,A056,18/09/1990,3
tblCulture.csv,tattoo,date,A056,19/07/1994,2
tblCulture.csv,tattoo,date,A056,21/09/1994,3
tblCulture.csv,tattoo,date,A056,27/11/1990,3
tblCulture.csv,tattoo,date,A056,28/11/1989,3
tblCulture.csv,tattoo,date,A056,29/09/1993,3
tblCulture.csv,tattoo,date,A056,30/11/1993,3
tblCulture.csv,tattoo,date,A057,01/10/1991,3
tblCulture.csv,tattoo,date,A057,04/07/1989,4
tblCulture.csv,tattoo,date,A057,07/03/1994,4
tblCulture.csv,tattoo,date,A057,07/07/1993,3
tblCulture.csv,tattoo,date,A057,13/03/1990,3
tblCulture.csv,tattoo,date,A057,17/07/1991,3
tblCulture.csv,tattoo,date,A057,18/09/1990,3
tblCulture.csv,tattoo,date,A057,28/04/1992,2
tblCulture.csv,tattoo,date,A057,30/06/1992,3
tblCulture.csv,tattoo,date,A058,01/07/1992,3
tblCulture.csv,tattoo,date,A058,01/10/1991,3
tblCulture.csv,tattoo,date,A058,04/07/1989,3
tblCulture.csv,tattoo,date,A058,12/03/1991,2
tblCulture.csv,tattoo,date,A058,13/03/1990,3
tblCulture.csv,tattoo,date,A058,16/07/1991,3
tblCulture.csv,tattoo,date,A058,19/07/1994,3
tblCulture.csv,tattoo,date,A058,19/09/1989,2
tblCulture.csv,tattoo,date,A058,28/09/1993,3
tblCulture.csv,tattoo,date,A058,28/11/1990,3
tblCulture.csv,tattoo,date,A058,29/11/1989,3
tblCulture.csv,tattoo,date,A059,04/07/1989,3
tblCulture.csv,tattoo,date,A059,12/03/1991,5
tblCulture.csv,tattoo,date,A059,19/09/1989,2
tblCulture.csv,tattoo,date,A060,04/07/1989,3
tblCulture.csv,tattoo,date,A061,03/10/1989,2
tblCulture.csv,tattoo,date,A061,10/01/1990,2
tblCulture.csv,tattoo,date,A061,18/07/1989,4
tblCulture.csv,tattoo,date,A062,03/10/1989,3
tblCulture.csv,tattoo,date,A062,11/05/1993,2
tblCulture.csv,tattoo,date,A062,13/01/1993,3
tblCulture.csv,tattoo,date,A062,14/07/1992,3
tblCulture.csv,tattoo,date,A062,18/07/1989,3
tblCulture.csv,tattoo,date,A062,18/07/1990,3
tblCulture.csv,tattoo,date,A062,20/03/1990,3
tblCulture.csv,tattoo,date,A062,21/07/1993,3
tblCulture.csv,tattoo,date,A062,31/07/1991,3
tblCulture.csv,tattoo,date,A063,02/10/1990,3
tblCulture.csv,tattoo,date,A063,03/10/1989,3
tblCulture.csv,tattoo,date,A063,17/07/1990,3
tblCulture.csv,tattoo,date,A063,18/07/1989,3
tblCulture.csv,tattoo,date,A064,03/10/1989,4
tblCulture.csv,tattoo,date,A064,04/10/1994,4
tblCulture.csv,tattoo,date,A064,13/05/1992,3
tblCulture.csv,tattoo,date,A064,14/09/1993,3
tblCulture.csv,tattoo,date,A064,17/07/1990,3
tblCulture.csv,tattoo,date,A064,18/07/1989,2
tblCulture.csv,tattoo,date,A064,21/05/1991,3
tblCulture.csv,tattoo,date,A064,21/07/1993,4
tblCulture.csv,tattoo,date,A064,24/05/1994,3
tblCulture.csv,tattoo,date,A064,26/07/1994,3
tblCulture.csv,tattoo,date,A064,30/07/1991,4
tblCulture.csv,tattoo,date,A065,04/10/1989,3
tblCulture.csv,tattoo,date,A065,18/07/1989,4
tblCulture.csv,tattoo,date,A066,03/10/1989,3
tblCulture.csv,tattoo,date,A066,18/07/1989,4
tblCulture.csv,tattoo,date,A066,21/05/1991,4
tblCulture.csv,tattoo,date,A067,04/10/1989,2
tblCulture.csv,tattoo,date,A067,09/01/1990,2
tblCulture.csv,tattoo,date,A067,18/07/1989,4
tblCulture.csv,tattoo,date,A067,21/03/1990,3
tblCulture.csv,tattoo,date,A068,03/10/1989,3
tblCulture.csv,tattoo,date,A068,03/10/1990,3
tblCulture.csv,tattoo,date,A068,14/09/1993,3
tblCulture.csv,tattoo,date,A068,19/07/1989,2
tblCulture.csv,tattoo,date,A068,20/03/1990,2
tblCulture.csv,tattoo,date,A068,20/07/1993,3
tblCulture.csv,tattoo,date,A068,22/09/1992,3
tblCulture.csv,tattoo,date,A068,24/05/1994,3
tblCulture.csv,tattoo,date,A068,26/07/1994,3
tblCulture.csv,tattoo,date,A068,31/07/1991,3
tblCulture.csv,tattoo,date,A069,19/07/1989,4
tblCulture.csv,tattoo,date,A070,01/08/1989,2
tblCulture.csv,tattoo,date,A071,01/08/1989,3
tblCulture.csv,tattoo,date,A071,31/10/1989,3
tblCulture.csv,tattoo,date,A072,01/08/1989,3
tblCulture.csv,tattoo,date,A072,17/10/1989,2
tblCulture.csv,tattoo,date,A073,01/08/1989,3
tblCulture.csv,tattoo,date,A073,03/09/1991,3
tblCulture.csv,tattoo,date,A073,05/06/1990,3
tblCulture.csv,tattoo,date,A073,14/08/1990,3
tblCulture.csv,tattoo,date,A073,16/06/1992,3
tblCulture.csv,tattoo,date,A073,19/02/1991,3
tblCulture.csv,tattoo,date,A073,19/06/1991,3
tblCulture.csv,tattoo,date,A073,20/10/1992,4
tblCulture.csv,tattoo,date,A073,26/06/1993,4
tblCulture.csv,tattoo,date,A073,30/10/1990,2
tblCulture.csv,tattoo,date,A073,31/10/1989,2
tblCulture.csv,tattoo,date,A074,01/08/1989,2
tblCulture.csv,tattoo,date,A074,02/08/1994,3
tblCulture.csv,tattoo,date,A074,03/09/1996,3
tblCulture.csv,tattoo,date,A074,05/06/1991,3
tblCulture.csv,tattoo,date,A074,06/08/1997,3
tblCulture.csv,tattoo,date,A074,11/04/1990,3
tblCulture.csv,tattoo,date,A074,11/07/1990,3
tblCulture.csv,tattoo,date,A074,12/10/1993,3
tblCulture.csv,tattoo,date,A074,13/08/1991,3
tblCulture.csv,tattoo,date,A074,14/07/1998,2
tblCulture.csv,tattoo,date,A074,16/10/1990,2
tblCulture.csv,tattoo,date,A074,18/08/1999,3
tblCulture.csv,tattoo,date,A074,22/05/1990,3
tblCulture.csv,tattoo,date,A074,23/10/1996,3
tblCulture.csv,tattoo,date,A074,24/09/1997,2
tblCulture.csv,tattoo,date,A074,25/06/1996,3
tblCulture.csv,tattoo,date,A074,29/07/1998,3
tblCulture.csv,tattoo,date,A074,30/10/1991,3
tblCulture.csv,tattoo,date,A074,31/07/1990,3
tblCulture.csv,tattoo,date,A075,02/08/1989,3
tblCulture.csv,tattoo,date,A075,12/12/1989,3
tblCulture.csv,tattoo,date,A075,17/10/1989,3
tblCulture.csv,tattoo,date,A075,20/05/1990,3
tblCulture.csv,tattoo,date,A075,22/01/1990,3
tblCulture.csv,tattoo,date,A075,31/07/1990,3
tblCulture.csv,tattoo,date,A076,01/08/1990,2
tblCulture.csv,tattoo,date,A076,05/09/1989,3
tblCulture.csv,tattoo,date,A076,13/08/1991,3
tblCulture.csv,tattoo,date,A076,18/10/1989,3
tblCulture.csv,tattoo,date,A076,22/05/1990,2
tblCulture.csv,tattoo,date,A076,23/01/1990,2
tblCulture.csv,tattoo,date,A077,06/09/1989,3
tblCulture.csv,tattoo,date,A077,16/06/1992,3
tblCulture.csv,tattoo,date,A077,22/02/1994,3
tblCulture.csv,tattoo,date,A078,18/09/1990,3
tblCulture.csv,tattoo,date,A078,19/09/1989,3
tblCulture.csv,tattoo,date,A078,28/11/1989,3
tblCulture.csv,tattoo,date,A079,01/03/1995,2
tblCulture.csv,tattoo,date,A079,03/07/1991,2
tblCulture.csv,tattoo,date,A079,05/09/1995,3
tblCulture.csv,tattoo,date,A079,09/11/1993,2
tblCulture.csv,tattoo,date,A079,17/06/1992,3
tblCulture.csv,tattoo,date,A079,19/09/1989,2
tblCulture.csv,tattoo,date,A079,25/08/1992,3
tblCulture.csv,tattoo,date,A079,28/11/1989,2
tblCulture.csv,tattoo,date,A080,19/09/1989,2
tblCulture.csv,tattoo,date,A080,28/11/1989,3
tblCulture.csv,tattoo,date,A081,08/09/1992,3
tblCulture.csv,tattoo,date,A081,14/03/1990,3
tblCulture.csv,tattoo,date,A081,18/09/1990,3
tblCulture.csv,tattoo,date,A081,19/09/1989,3
tblCulture.csv,tattoo,date,B001,01/07/1981,4
tblCulture.csv,tattoo,date,B001,09/02/1983,5
tblCulture.csv,tattoo,date,B001,09/05/1983,4
tblCulture.csv,tattoo,date,B001,10/09/1981,4
tblCulture.csv,tattoo,date,B001,20/08/1981,2
tblCulture.csv,tattoo,date,B001,25/11/1981,3
tblCulture.csv,tattoo,date,B001,27/08/1982,2
tblCulture.csv,tattoo,date,B002,04/08/1981,3
tblCulture.csv,tattoo,date,B002,14/07/1983,2
tblCulture.csv,tattoo,date,B002,30/03/1985,2
tblCulture.csv,tattoo,date,B007,10/08/1981,3
tblCulture.csv,tattoo,date,B007,11/05/1982,4
tblCulture.csv,tattoo,date,B007,11/11/1981,5
tblCulture.csv,tattoo,date,B007,26/08/1982,7
tblCulture.csv,tattoo,date,B009,26/05/1982,3
tblCulture.csv,tattoo,date,B012,05/07/1983,2
tblCulture.csv,tattoo,date,B012,14/07/1983,2
tblCulture.csv,tattoo,date,B012,31/07/1984,2
tblCulture.csv,tattoo,date,B013,21/10/1981,4
tblCulture.csv,tattoo,date,B013,23/02/1982,4
tblCulture.csv,tattoo,date,B013,23/03/1982,4
tblCulture.csv,tattoo,date,B014,12/08/1981,3
tblCulture.csv,tattoo,date,B015,07/11/1984,3
tblCulture.csv,tattoo,date,B015,17/08/1983,3
tblCulture.csv,tattoo,date,B015,21/10/1981,2
tblCulture.csv,tattoo,date,B015,24/02/1982,3
tblCulture.csv,tattoo,date,B015,31/07/1984,3
tblCulture.csv,tattoo,date,B017,11/05/1982,3
tblCulture.csv,tattoo,date,B017,14/02/1984,3
tblCulture.csv,tattoo,date,B017,14/04/1987,3
tblCulture.csv,tattoo,date,B017,26/06/1981,2
tblCulture.csv,tattoo,date,B017,31/07/1984,3
tblCulture.csv,tattoo,date,B018,11/05/1982,3
tblCulture.csv,tattoo,date,B018,23/05/1983,2
tblCulture.csv,tattoo,date,B020,29/06/1981,3
tblCulture.csv,tattoo,date,B021,05/11/1981,3
tblCulture.csv,tattoo,date,B022,07/09/1981,5
tblCulture.csv,tattoo,date,B022,12/05/1982,4
tblCulture.csv,tattoo,date,B022,23/02/1982,3
tblCulture.csv,tattoo,date,B022,27/03/1983,10
tblCulture.csv,tattoo,date,B023,21/02/1983,3
tblCulture.csv,tattoo,date,B025,14/07/1981,4
tblCulture.csv,tattoo,date,B026,02/08/1988,2
tblCulture.csv,tattoo,date,B026,02/08/1989,4
tblCulture.csv,tattoo,date,B026,05/06/1990,3
tblCulture.csv,tattoo,date,B026,06/06/1989,3
tblCulture.csv,tattoo,date,B026,07/02/1983,3
tblCulture.csv,tattoo,date,B026,12/05/1987,4
tblCulture.csv,tattoo,date,B026,14/02/1984,6
tblCulture.csv,tattoo,date,B026,14/08/1990,3
tblCulture.csv,tattoo,date,B026,15/05/1984,4
tblCulture.csv,tattoo,date,B026,15/08/1989,3
tblCulture.csv,tattoo,date,B026,16/03/1990,3
tblCulture.csv,tattoo,date,B026,16/08/1983,3
tblCulture.csv,tattoo,date,B026,18/10/1988,4
tblCulture.csv,tattoo,date,B026,19/08/1987,3
tblCulture.csv,tattoo,date,B026,23/02/1982,3
tblCulture.csv,tattoo,date,B026,30/10/1990,3
tblCulture.csv,tattoo,date,B026,31/10/1989,3
tblCulture.csv,tattoo,date,B027,09/07/1981,4
tblCulture.csv,tattoo,date,B031,03/09/1981,2
tblCulture.csv,tattoo,date,B031,20/04/1984,3
tblCulture.csv,tattoo,date,B031,25/08/1982,3
tblCulture.csv,tattoo,date,B033,12/05/1982,3
tblCulture.csv,tattoo,date,B033,23/02/1982,3
tblCulture.csv,tattoo,date,B034,02/10/1990,3
tblCulture.csv,tattoo,date,B034,04/10/1989,5
tblCulture.csv,tattoo,date,B034,12/11/1981,3
tblCulture.csv,tattoo,date,B034,14/07/1992,3
tblCulture.csv,tattoo,date,B034,15/10/1991,3
tblCulture.csv,tattoo,date,B034,17/06/1982,5
tblCulture.csv,tattoo,date,B034,17/07/1990,3
tblCulture.csv,tattoo,date,B034,18/07/1989,3
tblCulture.csv,tattoo,date,B034,21/07/1993,3
tblCulture.csv,tattoo,date,B034,28/07/1983,3
tblCulture.csv,tattoo,date,B034,30/07/1991,3
tblCulture.csv,tattoo,date,B035,01/08/1984,4
tblCulture.csv,tattoo,date,B035,02/08/1988,4
tblCulture.csv,tattoo,date,B035,06/02/1990,3
tblCulture.csv,tattoo,date,B035,06/06/1990,3
tblCulture.csv,tattoo,date,B035,07/02/1989,3
tblCulture.csv,tattoo,date,B035,12/11/1986,2
tblCulture.csv,tattoo,date,B035,15/08/1989,4
tblCulture.csv,tattoo,date,B035,24/05/1988,3
tblCulture.csv,tattoo,date,B035,28/07/1982,3
tblCulture.csv,tattoo,date,B035,31/10/1989,3
tblCulture.csv,tattoo,date,B036,14/06/1983,2
tblCulture.csv,tattoo,date,B036,20/05/1985,3
tblCulture.csv,tattoo,date,B039,21/07/1982,2
tblCulture.csv,tattoo,date,B040,06/07/1983,2
tblCulture.csv,tattoo,date,B040,22/07/1981,3
tblCulture.csv,tattoo,date,B040,26/05/1982,3
tblCulture.csv,tattoo,date,B043,13/07/1983,2
tblCulture.csv,tattoo,date,B045,10/05/1983,4
tblCulture.csv,tattoo,date,B045,21/09/1983,3
tblCulture.csv,tattoo,date,B045,24/08/1982,4
tblCulture.csv,tattoo,date,C001,12/10/1993,3
tblCulture.csv,tattoo,date,C001,29/01/1991,3
tblCulture.csv,tattoo,date,C002,30/01/1991,3
tblCulture.csv,tattoo,date,C003,18/02/1998,4
tblCulture.csv,tattoo,date,C003,18/06/1991,3
tblCulture.csv,tattoo,date,C003,19/02/1991,3
tblCulture.csv,tattoo,date,C004,26/02/1991,5
tblCulture.csv,tattoo,date,C005,01/02/1995,3
tblCulture.csv,tattoo,date,C005,02/08/1994,3
tblCulture.csv,tattoo,date,C005,03/09/1996,2
tblCulture.csv,tattoo,date,C005,04/08/1993,3
tblCulture.csv,tattoo,date,C005,05/06/1991,3
tblCulture.csv,tattoo,date,C005,05/08/1997,2
tblCulture.csv,tattoo,date,C005,08/06/1994,2
tblCulture.csv,tattoo,date,C005,08/08/1995,3
tblCulture.csv,tattoo,date,C005,13/08/1991,3
tblCulture.csv,tattoo,date,C005,17/05/1991,3
tblCulture.csv,tattoo,date,C005,20/05/1997,3
tblCulture.csv,tattoo,date,C005,20/09/1995,2
tblCulture.csv,tattoo,date,C005,21/06/1995,3
tblCulture.csv,tattoo,date,C005,22/07/1997,2
tblCulture.csv,tattoo,date,C005,23/09/1997,3
tblCulture.csv,tattoo,date,C005,23/10/1996,2
tblCulture.csv,tattoo,date,C005,25/05/1993,3
tblCulture.csv,tattoo,date,C005,25/06/1996,3
tblCulture.csv,tattoo,date,C005,26/01/1994,3
tblCulture.csv,tattoo,date,C005,29/10/1991,3
tblCulture.csv,tattoo,date,C006,05/10/1994,3
tblCulture.csv,tattoo,date,C006,12/01/1994,3
tblCulture.csv,tattoo,date,C006,13/05/1992,2
tblCulture.csv,tattoo,date,C006,14/01/1992,3
tblCulture.csv,tattoo,date,C006,15/10/1991,2
tblCulture.csv,tattoo,date,C006,20/05/1991,2
tblCulture.csv,tattoo,date,C006,30/07/1991,3
tblCulture.csv,tattoo,date,C007,12/05/1992,3
tblCulture.csv,tattoo,date,C007,14/01/1992,3
tblCulture.csv,tattoo,date,C007,14/07/1992,3
tblCulture.csv,tattoo,date,C007,15/10/1991,3
tblCulture.csv,tattoo,date,C007,21/05/1991,3
tblCulture.csv,tattoo,date,C007,21/07/1993,3
tblCulture.csv,tattoo,date,C007,25/05/1994,2
tblCulture.csv,tattoo,date,C007,30/07/1991,3
tblCulture.csv,tattoo,date,C008,21/05/1991,2
tblCulture.csv,tattoo,date,C008,30/07/1991,3
tblCulture.csv,tattoo,date,C009,12/05/1992,3
tblCulture.csv,tattoo,date,C009,14/07/1992,3
tblCulture.csv,tattoo,date,C009,15/01/1992,3
tblCulture.csv,tattoo,date,C009,15/10/1991,3
tblCulture.csv,tattoo,date,C009,20/07/1993,3
tblCulture.csv,tattoo,date,C009,21/05/1991,2
tblCulture.csv,tattoo,date,C009,30/07/1991,2
tblCulture.csv,tattoo,date,C010,02/04/1997,2
tblCulture.csv,tattoo,date,C010,04/10/1994,3
tblCulture.csv,tattoo,date,C010,12/05/1992,3
tblCulture.csv,tattoo,date,C010,14/01/1992,3
tblCulture.csv,tattoo,date,C010,14/07/1992,3
tblCulture.csv,tattoo,date,C010,14/09/1993,3
tblCulture.csv,tattoo,date,C010,16/10/1991,3
tblCulture.csv,tattoo,date,C010,20/07/1993,3
tblCulture.csv,tattoo,date,C010,21/05/1991,3
tblCulture.csv,tattoo,date,C010,22/09/1992,3
tblCulture.csv,tattoo,date,C010,26/07/1994,3
tblCulture.csv,tattoo,date,C010,30/07/1991,3
tblCulture.csv,tattoo,date,C011,21/05/1991,3
tblCulture.csv,tattoo,date,C011,30/07/1991,3
tblCulture.csv,tattoo,date,C012,05/10/1994,3
tblCulture.csv,tattoo,date,C012,07/07/1999,4
tblCulture.csv,tattoo,date,C012,07/10/1997,4
tblCulture.csv,tattoo,date,C012,09/12/1997,4
tblCulture.csv,tattoo,date,C012,11/05/1993,2
tblCulture.csv,tattoo,date,C012,12/01/1994,3
tblCulture.csv,tattoo,date,C012,12/05/1992,2
tblCulture.csv,tattoo,date,C012,14/01/1992,3
tblCulture.csv,tattoo,date,C012,14/07/1992,3
tblCulture.csv,tattoo,date,C012,15/10/1991,2
tblCulture.csv,tattoo,date,C012,17/02/1998,2
tblCulture.csv,tattoo,date,C012,20/07/1993,3
tblCulture.csv,tattoo,date,C012,22/05/1991,3
tblCulture.csv,tattoo,date,C012,22/09/1992,3
tblCulture.csv,tattoo,date,C012,30/07/1991,2
tblCulture.csv,tattoo,date,C013,12/02/1997,3
tblCulture.csv,tattoo,date,C013,12/05/1992,3
tblCulture.csv,tattoo,date,C013,14/01/1992,3
tblCulture.csv,tattoo,date,C013,14/09/1993,3
tblCulture.csv,tattoo,date,C013,15/07/1992,2
tblCulture.csv,tattoo,date,C013,15/10/1991,3
tblCulture.csv,tattoo,date,C013,22/05/1991,3
tblCulture.csv,tattoo,date,C013,22/09/1992,3
tblCulture.csv,tattoo,date,C013,30/07/1991,3
tblCulture.csv,tattoo,date,C014,02/08/1994,3
tblCulture.csv,tattoo,date,C014,03/08/1993,3
tblCulture.csv,tattoo,date,C014,05/06/1991,3
tblCulture.csv,tattoo,date,C014,06/10/1992,3
tblCulture.csv,tattoo,date,C014,13/10/1993,3
tblCulture.csv,tattoo,date,C014,19/10/1994,3
tblCulture.csv,tattoo,date,C014,25/05/1993,2
tblCulture.csv,tattoo,date,C014,29/10/1991,3
tblCulture.csv,tattoo,date,C014,31/05/1991,2
tblCulture.csv,tattoo,date,C015,06/10/1992,3
tblCulture.csv,tattoo,date,C015,13/08/1991,3
tblCulture.csv,tattoo,date,C015,28/07/1992,3
tblCulture.csv,tattoo,date,C015,29/01/1992,3
tblCulture.csv,tattoo,date,C015,29/10/1991,3
tblCulture.csv,tattoo,date,C015,31/05/1991,3
tblCulture.csv,tattoo,date,C016,03/09/1996,3
tblCulture.csv,tattoo,date,C016,04/06/1991,3
tblCulture.csv,tattoo,date,C016,12/10/1993,3
tblCulture.csv,tattoo,date,C016,13/08/1991,3
tblCulture.csv,tattoo,date,C016,22/10/1997,2
tblCulture.csv,tattoo,date,C016,23/08/1999,5
tblCulture.csv,tattoo,date,C016,25/05/1993,2
tblCulture.csv,tattoo,date,C016,25/06/1996,3
tblCulture.csv,tattoo,date,C016,26/05/1999,2
tblCulture.csv,tattoo,date,C016,29/01/1992,3
tblCulture.csv,tattoo,date,C016,30/10/1991,3
tblCulture.csv,tattoo,date,C017,02/08/1994,3
tblCulture.csv,tattoo,date,C017,03/08/1993,3
tblCulture.csv,tattoo,date,C017,04/06/1991,3
tblCulture.csv,tattoo,date,C017,06/10/1992,3
tblCulture.csv,tattoo,date,C017,13/08/1991,3
tblCulture.csv,tattoo,date,C017,18/10/1994,3
tblCulture.csv,tattoo,date,C017,20/05/1992,4
tblCulture.csv,tattoo,date,C017,23/01/1992,3
tblCulture.csv,tattoo,date,C017,27/01/1993,3
tblCulture.csv,tattoo,date,C017,28/07/1992,3
tblCulture.csv,tattoo,date,C017,30/10/1991,3
tblCulture.csv,tattoo,date,C018,04/06/1991,3
tblCulture.csv,tattoo,date,C019,04/06/1991,3
tblCulture.csv,tattoo,date,C019,14/08/1991,3
tblCulture.csv,tattoo,date,C020,04/06/1991,3
tblCulture.csv,tattoo,date,C021,04/06/1991,3
tblCulture.csv,tattoo,date,C021,13/08/1991,3
tblCulture.csv,tattoo,date,C022,13/08/1991,2
tblCulture.csv,tattoo,date,C022,29/10/1991,2
tblCulture.csv,tattoo,date,C023,04/06/1991,3
tblCulture.csv,tattoo,date,C023,06/10/1998,2
tblCulture.csv,tattoo,date,C023,08/08/1995,3
tblCulture.csv,tattoo,date,C023,13/08/1991,3
tblCulture.csv,tattoo,date,C023,18/10/1994,3
tblCulture.csv,tattoo,date,C023,19/05/1992,3
tblCulture.csv,tattoo,date,C023,20/09/1995,2
tblCulture.csv,tattoo,date,C023,21/07/1999,3
tblCulture.csv,tattoo,date,C023,21/10/1997,4
tblCulture.csv,tattoo,date,C023,26/06/1996,3
tblCulture.csv,tattoo,date,C023,28/01/1992,2
tblCulture.csv,tattoo,date,C024,02/08/1994,3
tblCulture.csv,tattoo,date,C024,03/09/1996,3
tblCulture.csv,tattoo,date,C024,04/06/1991,3
tblCulture.csv,tattoo,date,C024,07/10/1992,3
tblCulture.csv,tattoo,date,C024,13/08/1991,3
tblCulture.csv,tattoo,date,C024,20/05/1992,3
tblCulture.csv,tattoo,date,C024,25/05/1999,3
tblCulture.csv,tattoo,date,C024,28/07/1992,3
tblCulture.csv,tattoo,date,C024,29/07/1998,2
tblCulture.csv,tattoo,date,C025,03/08/1993,3
tblCulture.csv,tattoo,date,C025,03/08/1994,3
tblCulture.csv,tattoo,date,C025,04/06/1991,3
tblCulture.csv,tattoo,date,C025,07/06/1994,3
tblCulture.csv,tattoo,date,C025,07/10/1992,3
tblCulture.csv,tattoo,date,C025,08/08/1995,3
tblCulture.csv,tattoo,date,C025,12/10/1993,3
tblCulture.csv,tattoo,date,C025,19/05/1992,3
tblCulture.csv,tattoo,date,C025,20/06/1995,3
tblCulture.csv,tattoo,date,C025,28/07/1992,3
tblCulture.csv,tattoo,date,C025,29/10/1991,3
tblCulture.csv,tattoo,date,C026,04/06/1991,3
tblCulture.csv,tattoo,date,C026,14/08/1991,2
tblCulture.csv,tattoo,date,C026,19/05/1992,3
tblCulture.csv,tattoo,date,C026,29/01/1992,2
tblCulture.csv,tattoo,date,C027,04/06/1991,3
tblCulture.csv,tattoo,date,C027,07/10/1992,3
tblCulture.csv,tattoo,date,C027,13/08/1991,2
tblCulture.csv,tattoo,date,C027,20/05/1992,3
tblCulture.csv,tattoo,date,C027,29/07/1992,3
tblCulture.csv,tattoo,date,C028,04/06/1991,3
tblCulture.csv,tattoo,date,C029,04/06/1991,3
tblCulture.csv,tattoo,date,C029,14/08/1991,3
tblCulture.csv,tattoo,date,C029,28/01/1992,3
tblCulture.csv,tattoo,date,C029,28/07/1992,3
tblCulture.csv,tattoo,date,C030,04/06/1991,3
tblCulture.csv,tattoo,date,C030,06/10/1992,3
tblCulture.csv,tattoo,date,C030,13/08/1991,2
tblCulture.csv,tattoo,date,C030,29/07/1992,3
tblCulture.csv,tattoo,date,C031,04/06/1991,2
tblCulture.csv,tattoo,date,C031,13/08/1991,3
tblCulture.csv,tattoo,date,C032,04/06/1991,3
tblCulture.csv,tattoo,date,C032,13/08/1991,3
tblCulture.csv,tattoo,date,C032,29/07/1992,3
tblCulture.csv,tattoo,date,C033,04/06/1991,3
tblCulture.csv,tattoo,date,C033,13/08/1991,3
tblCulture.csv,tattoo,date,C033,29/01/1992,3
tblCulture.csv,tattoo,date,C033,29/10/1991,3
tblCulture.csv,tattoo,date,C034,04/06/1991,3
tblCulture.csv,tattoo,date,C034,04/08/1993,3
tblCulture.csv,tattoo,date,C034,06/10/1992,3
tblCulture.csv,tattoo,date,C034,14/08/1991,2
tblCulture.csv,tattoo,date,C034,19/05/1992,3
tblCulture.csv,tattoo,date,C034,26/01/1993,3
tblCulture.csv,tattoo,date,C034,26/05/1993,3
tblCulture.csv,tattoo,date,C034,28/07/1992,3
tblCulture.csv,tattoo,date,C034,28/10/1991,3
tblCulture.csv,tattoo,date,C035,04/06/1991,3
tblCulture.csv,tattoo,date,C035,29/10/1991,2
tblCulture.csv,tattoo,date,C036,04/06/1991,3
tblCulture.csv,tattoo,date,C036,13/08/1991,3
tblCulture.csv,tattoo,date,C036,17/08/1993,3
tblCulture.csv,tattoo,date,C036,28/01/1992,2
tblCulture.csv,tattoo,date,C037,04/06/1991,3
tblCulture.csv,tattoo,date,C037,13/08/1991,3
tblCulture.csv,tattoo,date,C038,04/06/1991,3
tblCulture.csv,tattoo,date,C038,07/06/1994,2
tblCulture.csv,tattoo,date,C038,08/08/1995,3
tblCulture.csv,tattoo,date,C038,12/10/1993,2
tblCulture.csv,tattoo,date,C038,19/05/1992,2
tblCulture.csv,tattoo,date,C038,21/06/1995,3
tblCulture.csv,tattoo,date,C038,29/01/1992,3
tblCulture.csv,tattoo,date,C038,30/10/1991,2
tblCulture.csv,tattoo,date,C039,03/08/1993,3
tblCulture.csv,tattoo,date,C039,04/06/1991,3
tblCulture.csv,tattoo,date,C039,07/10/1992,3
tblCulture.csv,tattoo,date,C039,08/06/1994,3
tblCulture.csv,tattoo,date,C039,12/10/1993,2
tblCulture.csv,tattoo,date,C039,13/08/1991,3
tblCulture.csv,tattoo,date,C039,19/09/1995,3
tblCulture.csv,tattoo,date,C039,26/01/1993,3
tblCulture.csv,tattoo,date,C039,28/07/1992,3
tblCulture.csv,tattoo,date,C039,29/10/1991,2
tblCulture.csv,tattoo,date,C040,04/06/1991,3
tblCulture.csv,tattoo,date,C040,05/08/1997,4
tblCulture.csv,tattoo,date,C040,07/06/1994,2
tblCulture.csv,tattoo,date,C040,12/10/1993,2
tblCulture.csv,tattoo,date,C040,13/08/1991,3
tblCulture.csv,tattoo,date,C040,20/05/1997,4
tblCulture.csv,tattoo,date,C040,20/07/1999,3
tblCulture.csv,tattoo,date,C040,21/06/1995,3
tblCulture.csv,tattoo,date,C040,25/05/1999,4
tblCulture.csv,tattoo,date,C040,25/06/1996,2
tblCulture.csv,tattoo,date,C040,29/10/1991,2
tblCulture.csv,tattoo,date,C041,05/06/1991,3
tblCulture.csv,tattoo,date,C041,06/10/1992,3
tblCulture.csv,tattoo,date,C041,14/08/1991,3
tblCulture.csv,tattoo,date,C041,28/07/1992,3
tblCulture.csv,tattoo,date,C041,29/10/1991,3
tblCulture.csv,tattoo,date,C042,05/06/1991,3
tblCulture.csv,tattoo,date,C043,05/06/1991,3
tblCulture.csv,tattoo,date,C043,07/10/1992,3
tblCulture.csv,tattoo,date,C043,28/07/1992,2
tblCulture.csv,tattoo,date,C043,30/10/1991,2
tblCulture.csv,tattoo,date,C044,01/02/1995,3
tblCulture.csv,tattoo,date,C044,03/08/1993,3
tblCulture.csv,tattoo,date,C044,05/06/1991,2
tblCulture.csv,tattoo,date,C044,07/06/1994,3
tblCulture.csv,tattoo,date,C044,07/10/1992,4
tblCulture.csv,tattoo,date,C044,09/08/1995,3
tblCulture.csv,tattoo,date,C044,12/10/1993,3
tblCulture.csv,tattoo,date,C044,14/08/1991,3
tblCulture.csv,tattoo,date,C044,20/06/1995,2
tblCulture.csv,tattoo,date,C044,25/06/1996,4
tblCulture.csv,tattoo,date,C044,26/01/1993,3
tblCulture.csv,tattoo,date,C044,28/07/1992,3
tblCulture.csv,tattoo,date,C044,29/10/1991,3
tblCulture.csv,tattoo,date,C044,30/07/1996,2
tblCulture.csv,tattoo,date,C045,02/08/1994,2
tblCulture.csv,tattoo,date,C045,05/06/1991,2
tblCulture.csv,tattoo,date,C045,08/08/1995,3
tblCulture.csv,tattoo,date,C045,12/10/1993,3
tblCulture.csv,tattoo,date,C045,20/05/1992,3
tblCulture.csv,tattoo,date,C045,26/01/1994,2
tblCulture.csv,tattoo,date,C045,28/07/1992,3
tblCulture.csv,tattoo,date,C045,29/10/1991,3
tblCulture.csv,tattoo,date,C045,31/01/1995,3
tblCulture.csv,tattoo,date,C046,02/08/1994,3
tblCulture.csv,tattoo,date,C046,04/08/1993,3
tblCulture.csv,tattoo,date,C046,05/06/1991,3
tblCulture.csv,tattoo,date,C046,07/10/1992,3
tblCulture.csv,tattoo,date,C046,08/08/1995,2
tblCulture.csv,tattoo,date,C046,13/08/1991,2
tblCulture.csv,tattoo,date,C046,20/09/1995,2
tblCulture.csv,tattoo,date,C046,21/06/1995,2
tblCulture.csv,tattoo,date,C046,25/06/1996,2
tblCulture.csv,tattoo,date,C046,29/07/1998,2
tblCulture.csv,tattoo,date,C047,03/08/1994,3
tblCulture.csv,tattoo,date,C047,05/06/1991,3
tblCulture.csv,tattoo,date,C047,06/10/1992,3
tblCulture.csv,tattoo,date,C047,13/08/1991,2
tblCulture.csv,tattoo,date,C047,13/10/1993,2
tblCulture.csv,tattoo,date,C047,19/09/1995,2
tblCulture.csv,tattoo,date,C047,19/10/1994,2
tblCulture.csv,tattoo,date,C047,20/05/1992,2
tblCulture.csv,tattoo,date,C047,20/06/1995,3
tblCulture.csv,tattoo,date,C047,24/07/1994,3
tblCulture.csv,tattoo,date,C047,25/05/1993,3
tblCulture.csv,tattoo,date,C047,28/01/1992,3
tblCulture.csv,tattoo,date,C047,29/07/1992,3
tblCulture.csv,tattoo,date,C047,30/10/1991,2
tblCulture.csv,tattoo,date,C048,05/06/1991,3
tblCulture.csv,tattoo,date,C048,13/08/1991,3
tblCulture.csv,tattoo,date,C049,03/08/1994,3
tblCulture.csv,tattoo,date,C049,05/06/1991,2
tblCulture.csv,tattoo,date,C049,06/10/1992,2
tblCulture.csv,tattoo,date,C049,08/08/1995,3
tblCulture.csv,tattoo,date,C049,13/08/1991,3
tblCulture.csv,tattoo,date,C049,16/01/1996,3
tblCulture.csv,tattoo,date,C049,19/05/1992,3
tblCulture.csv,tattoo,date,C049,26/05/1993,3
tblCulture.csv,tattoo,date,C049,28/01/1992,2
tblCulture.csv,tattoo,date,C049,28/07/1992,3
tblCulture.csv,tattoo,date,C049,29/10/1991,3
tblCulture.csv,tattoo,date,C050,05/06/1991,3
tblCulture.csv,tattoo,date,C050,29/10/1991,3
tblCulture.csv,tattoo,date,C051,02/08/1994,3
tblCulture.csv,tattoo,date,C051,04/08/1993,3
tblCulture.csv,tattoo,date,C051,05/06/1991,3
tblCulture.csv,tattoo,date,C051,06/10/1992,3
tblCulture.csv,tattoo,date,C051,07/06/1994,2
tblCulture.csv,tattoo,date,C051,12/10/1993,2
tblCulture.csv,tattoo,date,C051,18/07/1997,2
tblCulture.csv,tattoo,date,C051,18/10/1994,3
tblCulture.csv,tattoo,date,C051,19/05/1992,2
tblCulture.csv,tattoo,date,C051,28/07/1992,3
tblCulture.csv,tattoo,date,C051,29/10/1991,2
tblCulture.csv,tattoo,date,C052,13/08/1991,3
tblCulture.csv,tattoo,date,C052,13/10/1993,3
tblCulture.csv,tattoo,date,C052,20/05/1992,3
tblCulture.csv,tattoo,date,C052,25/05/1993,3
tblCulture.csv,tattoo,date,C052,28/07/1992,3
tblCulture.csv,tattoo,date,C053,01/11/1994,3
tblCulture.csv,tattoo,date,C053,02/06/1992,3
tblCulture.csv,tattoo,date,C053,03/10/1995,3
tblCulture.csv,tattoo,date,C053,04/07/1995,2
tblCulture.csv,tattoo,date,C053,07/06/1993,3
tblCulture.csv,tattoo,date,C053,08/02/1993,3
tblCulture.csv,tattoo,date,C053,09/07/1996,2
tblCulture.csv,tattoo,date,C053,09/09/1997,4
tblCulture.csv,tattoo,date,C053,12/02/1992,3
tblCulture.csv,tattoo,date,C053,12/08/1992,3
tblCulture.csv,tattoo,date,C053,16/08/1994,3
tblCulture.csv,tattoo,date,C053,17/06/1998,4
tblCulture.csv,tattoo,date,C053,17/08/1993,3
tblCulture.csv,tattoo,date,C053,18/09/1996,3
tblCulture.csv,tattoo,date,C053,20/10/1992,3
tblCulture.csv,tattoo,date,C053,21/06/1994,4
tblCulture.csv,tattoo,date,C053,22/08/1995,2
tblCulture.csv,tattoo,date,C053,24/06/1997,3
tblCulture.csv,tattoo,date,C053,26/10/1993,2
tblCulture.csv,tattoo,date,C053,27/11/1996,3
tblCulture.csv,tattoo,date,C054,02/06/1992,2
tblCulture.csv,tattoo,date,C054,04/09/1991,2
tblCulture.csv,tattoo,date,C054,11/02/1992,2
tblCulture.csv,tattoo,date,C054,11/08/1992,3
tblCulture.csv,tattoo,date,C054,12/11/1991,3
tblCulture.csv,tattoo,date,C054,17/08/1993,3
tblCulture.csv,tattoo,date,C054,18/06/1991,3
tblCulture.csv,tattoo,date,C054,20/10/1992,3
tblCulture.csv,tattoo,date,C054,21/06/1994,3
tblCulture.csv,tattoo,date,C054,26/10/1993,3
tblCulture.csv,tattoo,date,C055,18/06/1991,2
tblCulture.csv,tattoo,date,C056,04/09/1991,3
tblCulture.csv,tattoo,date,C056,09/02/1993,4
tblCulture.csv,tattoo,date,C056,11/02/1992,2
tblCulture.csv,tattoo,date,C056,12/11/1991,3
tblCulture.csv,tattoo,date,C056,18/06/1991,2
tblCulture.csv,tattoo,date,C056,18/08/1993,3
tblCulture.csv,tattoo,date,C056,26/10/1993,2
tblCulture.csv,tattoo,date,C057,03/06/1992,5
tblCulture.csv,tattoo,date,C057,03/09/1991,3
tblCulture.csv,tattoo,date,C057,05/07/1995,3
tblCulture.csv,tattoo,date,C057,09/02/1993,3
tblCulture.csv,tattoo,date,C057,12/02/1992,3
tblCulture.csv,tattoo,date,C057,12/08/1992,3
tblCulture.csv,tattoo,date,C057,13/11/1991,3
tblCulture.csv,tattoo,date,C057,17/09/1996,3
tblCulture.csv,tattoo,date,C057,18/06/1991,3
tblCulture.csv,tattoo,date,C057,22/08/1995,3
tblCulture.csv,tattoo,date,C057,23/07/1997,3
tblCulture.csv,tattoo,date,C057,26/10/1993,3
tblCulture.csv,tattoo,date,C058,03/09/1991,3
tblCulture.csv,tattoo,date,C058,11/02/1992,3
tblCulture.csv,tattoo,date,C058,11/08/1992,3
tblCulture.csv,tattoo,date,C058,12/11/1991,3
tblCulture.csv,tattoo,date,C058,17/08/1993,2
tblCulture.csv,tattoo,date,C058,18/06/1991,2
tblCulture.csv,tattoo,date,C058,21/10/1992,3
tblCulture.csv,tattoo,date,C059,18/06/1991,3
tblCulture.csv,tattoo,date,C060,02/07/1991,3
tblCulture.csv,tattoo,date,C060,04/09/1991,3
tblCulture.csv,tattoo,date,C060,06/09/1994,3
tblCulture.csv,tattoo,date,C060,08/09/1993,2
tblCulture.csv,tattoo,date,C060,11/08/1992,3
tblCulture.csv,tattoo,date,C060,12/11/1991,3
tblCulture.csv,tattoo,date,C060,17/08/1993,2
tblCulture.csv,tattoo,date,C060,17/10/1995,3
tblCulture.csv,tattoo,date,C060,18/06/1991,3
tblCulture.csv,tattoo,date,C060,18/09/1991,3
tblCulture.csv,tattoo,date,C060,21/02/1994,2
tblCulture.csv,tattoo,date,C060,22/02/1993,3
tblCulture.csv,tattoo,date,C060,23/08/1995,3
tblCulture.csv,tattoo,date,C060,26/02/1992,3
tblCulture.csv,tattoo,date,C061,03/06/1992,3
tblCulture.csv,tattoo,date,C061,03/09/1991,3
tblCulture.csv,tattoo,date,C061,08/02/1993,2
tblCulture.csv,tattoo,date,C061,11/01/1992,2
tblCulture.csv,tattoo,date,C061,11/02/1992,3
tblCulture.csv,tattoo,date,C061,11/08/1992,2
tblCulture.csv,tattoo,date,C061,12/11/1991,3
tblCulture.csv,tattoo,date,C061,18/06/1991,3
tblCulture.csv,tattoo,date,C061,27/10/1993,2
tblCulture.csv,tattoo,date,C062,02/11/1994,3
tblCulture.csv,tattoo,date,C062,03/08/1999,3
tblCulture.csv,tattoo,date,C062,03/09/1991,3
tblCulture.csv,tattoo,date,C062,04/07/1995,3
tblCulture.csv,tattoo,date,C062,04/10/1995,3
tblCulture.csv,tattoo,date,C062,09/06/1993,3
tblCulture.csv,tattoo,date,C062,09/07/1996,3
tblCulture.csv,tattoo,date,C062,09/09/1997,2
tblCulture.csv,tattoo,date,C062,11/02/1992,3
tblCulture.csv,tattoo,date,C062,11/08/1992,3
tblCulture.csv,tattoo,date,C062,11/08/1998,3
tblCulture.csv,tattoo,date,C062,13/11/1991,2
tblCulture.csv,tattoo,date,C062,15/02/1995,3
tblCulture.csv,tattoo,date,C062,17/08/1993,3
tblCulture.csv,tattoo,date,C062,17/08/1994,3
tblCulture.csv,tattoo,date,C062,18/06/1991,3
tblCulture.csv,tattoo,date,C062,18/09/1996,2
tblCulture.csv,tattoo,date,C062,20/10/1998,2
tblCulture.csv,tattoo,date,C062,21/06/1994,2
tblCulture.csv,tattoo,date,C062,22/06/1999,3
tblCulture.csv,tattoo,date,C062,22/08/1995,3
tblCulture.csv,tattoo,date,C062,23/08/2000,3
tblCulture.csv,tattoo,date,C062,26/10/1993,3
tblCulture.csv,tattoo,date,C062,30/01/1996,2
tblCulture.csv,tattoo,date,C063,18/06/1991,3
tblCulture.csv,tattoo,date,C064,03/08/1999,2
tblCulture.csv,tattoo,date,C064,03/09/1991,2
tblCulture.csv,tattoo,date,C064,09/02/1993,3
tblCulture.csv,tattoo,date,C064,09/06/1993,3
tblCulture.csv,tattoo,date,C064,09/07/1996,3
tblCulture.csv,tattoo,date,C064,10/09/1997,3
tblCulture.csv,tattoo,date,C064,11/02/1992,3
tblCulture.csv,tattoo,date,C064,11/08/1992,3
tblCulture.csv,tattoo,date,C064,12/11/1991,3
tblCulture.csv,tattoo,date,C064,16/08/1994,2
tblCulture.csv,tattoo,date,C064,17/08/1993,3
tblCulture.csv,tattoo,date,C064,17/09/1996,2
tblCulture.csv,tattoo,date,C064,18/06/1991,3
tblCulture.csv,tattoo,date,C064,20/10/1992,3
tblCulture.csv,tattoo,date,C064,21/06/1994,3
tblCulture.csv,tattoo,date,C064,22/06/1999,2
tblCulture.csv,tattoo,date,C064,22/08/1995,2
tblCulture.csv,tattoo,date,C064,26/11/1996,3
tblCulture.csv,tattoo,date,C064,30/01/1996,2
tblCulture.csv,tattoo,date,C065,03/06/1992,2
tblCulture.csv,tattoo,date,C065,04/07/1995,3
tblCulture.csv,tattoo,date,C065,04/09/1991,2
tblCulture.csv,tattoo,date,C065,04/10/1995,2
tblCulture.csv,tattoo,date,C065,08/09/1993,2
tblCulture.csv,tattoo,date,C065,10/07/1996,2
tblCulture.csv,tattoo,date,C065,11/08/1998,3
tblCulture.csv,tattoo,date,C065,12/08/1992,3
tblCulture.csv,tattoo,date,C065,12/11/1991,3
tblCulture.csv,tattoo,date,C065,14/07/1998,3
tblCulture.csv,tattoo,date,C065,16/08/1994,2
tblCulture.csv,tattoo,date,C065,17/06/1998,3
tblCulture.csv,tattoo,date,C065,17/08/1993,3
tblCulture.csv,tattoo,date,C065,17/09/1996,3
tblCulture.csv,tattoo,date,C065,18/06/2002,2
tblCulture.csv,tattoo,date,C065,19/06/1991,3
tblCulture.csv,tattoo,date,C065,20/08/2002,2
tblCulture.csv,tattoo,date,C065,20/10/1992,3
tblCulture.csv,tattoo,date,C065,20/10/1998,3
tblCulture.csv,tattoo,date,C065,21/06/1994,3
tblCulture.csv,tattoo,date,C065,22/08/1995,3
tblCulture.csv,tattoo,date,C065,22/09/1998,3
tblCulture.csv,tattoo,date,C065,23/08/2000,3
tblCulture.csv,tattoo,date,C065,24/06/1997,3
tblCulture.csv,tattoo,date,C065,25/01/2000,2
tblCulture.csv,tattoo,date,C065,26/10/1993,2
tblCulture.csv,tattoo,date,C065,26/10/1999,3
tblCulture.csv,tattoo,date,C066,02/06/1992,3
tblCulture.csv,tattoo,date,C066,02/11/1994,3
tblCulture.csv,tattoo,date,C066,03/09/1991,3
tblCulture.csv,tattoo,date,C066,03/10/1995,3
tblCulture.csv,tattoo,date,C066,09/02/1994,2
tblCulture.csv,tattoo,date,C066,11/02/1992,3
tblCulture.csv,tattoo,date,C066,11/08/1992,3
tblCulture.csv,tattoo,date,C066,12/11/1991,3
tblCulture.csv,tattoo,date,C066,13/02/1995,2
tblCulture.csv,tattoo,date,C066,16/08/1994,3
tblCulture.csv,tattoo,date,C066,17/08/1993,3
tblCulture.csv,tattoo,date,C066,18/09/1996,3
tblCulture.csv,tattoo,date,C066,19/06/1991,3
tblCulture.csv,tattoo,date,C066,20/10/1992,3
tblCulture.csv,tattoo,date,C066,21/06/1994,3
tblCulture.csv,tattoo,date,C066,26/10/1993,3
tblCulture.csv,tattoo,date,C066,30/01/1996,3
tblCulture.csv,tattoo,date,C067,02/06/1992,3
tblCulture.csv,tattoo,date,C067,04/09/1991,3
tblCulture.csv,tattoo,date,C067,08/09/1993,3
tblCulture.csv,tattoo,date,C067,13/11/1991,3
tblCulture.csv,tattoo,date,C067,17/09/1991,3
tblCulture.csv,tattoo,date,C067,19/06/1991,3
tblCulture.csv,tattoo,date,C067,22/02/1993,3
tblCulture.csv,tattoo,date,C067,22/06/1993,3
tblCulture.csv,tattoo,date,C067,23/08/1995,3
tblCulture.csv,tattoo,date,C067,25/02/1992,4
tblCulture.csv,tattoo,date,C067,25/08/1992,3
tblCulture.csv,tattoo,date,C068,03/06/1992,3
tblCulture.csv,tattoo,date,C068,03/09/1991,3
tblCulture.csv,tattoo,date,C068,09/02/1993,3
tblCulture.csv,tattoo,date,C068,09/06/1993,3
tblCulture.csv,tattoo,date,C068,11/02/1992,3
tblCulture.csv,tattoo,date,C068,11/08/1992,3
tblCulture.csv,tattoo,date,C068,12/11/1991,3
tblCulture.csv,tattoo,date,C068,16/06/1992,3
tblCulture.csv,tattoo,date,C068,17/08/1993,2
tblCulture.csv,tattoo,date,C068,19/06/1991,2
tblCulture.csv,tattoo,date,C068,20/10/1992,3
tblCulture.csv,tattoo,date,C069,02/06/1992,3
tblCulture.csv,tattoo,date,C069,03/09/1991,4
tblCulture.csv,tattoo,date,C069,04/08/1999,3
tblCulture.csv,tattoo,date,C069,04/10/1995,3
tblCulture.csv,tattoo,date,C069,05/07/1995,3
tblCulture.csv,tattoo,date,C069,09/02/1993,2
tblCulture.csv,tattoo,date,C069,09/07/1996,3
tblCulture.csv,tattoo,date,C069,11/02/1992,4
tblCulture.csv,tattoo,date,C069,11/08/1998,2
tblCulture.csv,tattoo,date,C069,12/11/1991,4
tblCulture.csv,tattoo,date,C069,17/08/1993,3
tblCulture.csv,tattoo,date,C069,17/08/1994,3
tblCulture.csv,tattoo,date,C069,17/09/1996,3
tblCulture.csv,tattoo,date,C069,19/06/1991,2
tblCulture.csv,tattoo,date,C069,20/10/1992,3
tblCulture.csv,tattoo,date,C069,20/10/1998,2
tblCulture.csv,tattoo,date,C069,21/06/1994,2
tblCulture.csv,tattoo,date,C069,21/08/2001,3
tblCulture.csv,tattoo,date,C069,25/06/1997,3
tblCulture.csv,tattoo,date,C069,26/11/1996,2
tblCulture.csv,tattoo,date,C070,03/09/1991,3
tblCulture.csv,tattoo,date,C070,11/02/1992,3
tblCulture.csv,tattoo,date,C070,12/11/1991,3
tblCulture.csv,tattoo,date,C070,19/06/1991,3
tblCulture.csv,tattoo,date,C070,20/10/1992,2
tblCulture.csv,tattoo,date,C071,03/09/1991,2
tblCulture.csv,tattoo,date,C071,12/11/1991,2
tblCulture.csv,tattoo,date,C071,19/06/1991,3
tblCulture.csv,tattoo,date,C072,03/08/1994,2
tblCulture.csv,tattoo,date,C072,07/06/1994,2
tblCulture.csv,tattoo,date,C072,12/10/1993,3
tblCulture.csv,tattoo,date,C072,13/08/1991,3
tblCulture.csv,tattoo,date,C072,18/10/1994,3
tblCulture.csv,tattoo,date,C072,19/05/1992,2
tblCulture.csv,tattoo,date,C072,19/06/1991,3
tblCulture.csv,tattoo,date,C072,26/01/1994,3
tblCulture.csv,tattoo,date,C072,29/10/1991,3
tblCulture.csv,tattoo,date,C073,06/10/1992,2
tblCulture.csv,tattoo,date,C073,13/08/1991,3
tblCulture.csv,tattoo,date,C073,26/05/1993,3
tblCulture.csv,tattoo,date,C073,28/07/1992,3
tblCulture.csv,tattoo,date,C073,29/10/1991,3
tblCulture.csv,tattoo,date,C074,02/07/1991,3
tblCulture.csv,tattoo,date,C074,05/09/1995,3
tblCulture.csv,tattoo,date,C074,17/06/1992,3
tblCulture.csv,tattoo,date,C074,18/07/1995,3
tblCulture.csv,tattoo,date,C074,22/06/1993,3
tblCulture.csv,tattoo,date,C074,26/11/1991,3
tblCulture.csv,tattoo,date,C075,02/07/1991,2
tblCulture.csv,tattoo,date,C075,09/09/1992,3
tblCulture.csv,tattoo,date,C075,17/06/1992,3
tblCulture.csv,tattoo,date,C075,17/09/1991,3
tblCulture.csv,tattoo,date,C075,25/02/1992,3
tblCulture.csv,tattoo,date,C075,25/08/1992,3
tblCulture.csv,tattoo,date,C075,26/11/1991,3
tblCulture.csv,tattoo,date,C076,02/07/1991,2
tblCulture.csv,tattoo,date,C077,02/07/1991,3
tblCulture.csv,tattoo,date,C078,02/07/1991,2
tblCulture.csv,tattoo,date,C078,04/11/1992,3
tblCulture.csv,tattoo,date,C078,05/07/1994,3
tblCulture.csv,tattoo,date,C078,05/09/1995,2
tblCulture.csv,tattoo,date,C078,06/09/1994,3
tblCulture.csv,tattoo,date,C078,07/09/1993,3
tblCulture.csv,tattoo,date,C078,09/07/1996,3
tblCulture.csv,tattoo,date,C078,14/02/1995,3
tblCulture.csv,tattoo,date,C078,16/06/1992,3
tblCulture.csv,tattoo,date,C078,17/09/1991,3
tblCulture.csv,tattoo,date,C078,19/07/1995,3
tblCulture.csv,tattoo,date,C078,22/02/1994,3
tblCulture.csv,tattoo,date,C078,23/02/1993,2
tblCulture.csv,tattoo,date,C078,23/06/1993,3
tblCulture.csv,tattoo,date,C078,25/08/1992,3
tblCulture.csv,tattoo,date,C078,26/02/1992,2
tblCulture.csv,tattoo,date,C078,27/11/1991,3
tblCulture.csv,tattoo,date,C079,02/07/1991,2
tblCulture.csv,tattoo,date,C079,17/09/1991,3
tblCulture.csv,tattoo,date,C080,02/07/1991,2
tblCulture.csv,tattoo,date,C080,04/11/1992,3
tblCulture.csv,tattoo,date,C080,06/09/1994,3
tblCulture.csv,tattoo,date,C080,07/09/1993,3
tblCulture.csv,tattoo,date,C080,16/06/1992,3
tblCulture.csv,tattoo,date,C080,18/09/1991,2
tblCulture.csv,tattoo,date,C080,23/06/1993,3
tblCulture.csv,tattoo,date,C080,25/02/1992,3
tblCulture.csv,tattoo,date,C080,25/08/1992,3
tblCulture.csv,tattoo,date,C080,26/11/1991,3
tblCulture.csv,tattoo,date,C081,02/07/1991,2
tblCulture.csv,tattoo,date,C081,08/09/1993,2
tblCulture.csv,tattoo,date,C081,16/06/1992,3
tblCulture.csv,tattoo,date,C081,17/09/1991,3
tblCulture.csv,tattoo,date,C081,22/06/1993,2
tblCulture.csv,tattoo,date,C081,23/02/1994,5
tblCulture.csv,tattoo,date,C081,25/02/1992,3
tblCulture.csv,tattoo,date,C081,26/11/1991,3
tblCulture.csv,tattoo,date,C082,02/07/1991,2
tblCulture.csv,tattoo,date,C083,02/07/1991,3
tblCulture.csv,tattoo,date,C083,04/11/1992,3
tblCulture.csv,tattoo,date,C083,05/09/1995,3
tblCulture.csv,tattoo,date,C083,07/09/1994,3
tblCulture.csv,tattoo,date,C083,07/10/1997,2
tblCulture.csv,tattoo,date,C083,09/07/1997,2
tblCulture.csv,tattoo,date,C083,09/12/1997,3
tblCulture.csv,tattoo,date,C083,13/02/1996,3
tblCulture.csv,tattoo,date,C083,16/10/1995,3
tblCulture.csv,tattoo,date,C083,17/06/1992,3
tblCulture.csv,tattoo,date,C083,18/07/1995,3
tblCulture.csv,tattoo,date,C083,18/09/1991,3
tblCulture.csv,tattoo,date,C083,22/02/1994,2
tblCulture.csv,tattoo,date,C083,25/08/1992,3
tblCulture.csv,tattoo,date,C083,26/02/1992,3
tblCulture.csv,tattoo,date,C083,26/11/1991,3
tblCulture.csv,tattoo,date,C084,02/07/1991,3
tblCulture.csv,tattoo,date,C085,02/07/1991,2
tblCulture.csv,tattoo,date,C086,03/07/1991,2
tblCulture.csv,tattoo,date,C086,25/02/1992,2
tblCulture.csv,tattoo,date,C087,03/07/1991,2
tblCulture.csv,tattoo,date,C088,16/07/1991,3
tblCulture.csv,tattoo,date,C089,01/10/1991,3
tblCulture.csv,tattoo,date,C089,10/03/1993,4
tblCulture.csv,tattoo,date,C089,11/12/1991,2
tblCulture.csv,tattoo,date,C089,16/07/1991,3
tblCulture.csv,tattoo,date,C089,17/11/1992,3
tblCulture.csv,tattoo,date,C089,19/07/1994,4
tblCulture.csv,tattoo,date,C089,29/04/1992,3
tblCulture.csv,tattoo,date,C090,01/07/1992,2
tblCulture.csv,tattoo,date,C090,01/10/1991,3
tblCulture.csv,tattoo,date,C090,16/07/1991,2
tblCulture.csv,tattoo,date,C091,16/07/1991,3
tblCulture.csv,tattoo,date,C092,01/10/1991,3
tblCulture.csv,tattoo,date,C092,06/07/1993,3
tblCulture.csv,tattoo,date,C092,06/07/1994,3
tblCulture.csv,tattoo,date,C092,08/09/1998,2
tblCulture.csv,tattoo,date,C092,08/09/1999,2
tblCulture.csv,tattoo,date,C092,08/10/1997,4
tblCulture.csv,tattoo,date,C092,09/03/1993,3
tblCulture.csv,tattoo,date,C092,16/07/1991,3
tblCulture.csv,tattoo,date,C092,18/07/1995,3
tblCulture.csv,tattoo,date,C092,23/07/1996,3
tblCulture.csv,tattoo,date,C092,29/09/1993,3
tblCulture.csv,tattoo,date,C093,16/07/1991,3
tblCulture.csv,tattoo,date,C094,16/07/1991,3
tblCulture.csv,tattoo,date,C095,16/07/1991,3
tblCulture.csv,tattoo,date,C096,16/07/1991,3
tblCulture.csv,tattoo,date,C097,16/07/1991,3
tblCulture.csv,tattoo,date,C098,01/10/1991,3
tblCulture.csv,tattoo,date,C098,14/07/1992,5
tblCulture.csv,tattoo,date,C098,16/07/1991,3
tblCulture.csv,tattoo,date,C098,28/04/1992,2
tblCulture.csv,tattoo,date,C098,30/06/1992,3
tblCulture.csv,tattoo,date,C099,16/07/1991,3
tblCulture.csv,tattoo,date,C100,01/07/1992,3
tblCulture.csv,tattoo,date,C100,01/10/1991,3
tblCulture.csv,tattoo,date,C100,06/07/1993,3
tblCulture.csv,tattoo,date,C100,09/03/1993,3
tblCulture.csv,tattoo,date,C100,10/12/1991,2
tblCulture.csv,tattoo,date,C100,16/07/1991,3
tblCulture.csv,tattoo,date,C100,28/04/1992,3
tblCulture.csv,tattoo,date,C100,28/09/1993,3
tblCulture.csv,tattoo,date,C100,30/11/1993,4
tblCulture.csv,tattoo,date,C101,16/07/1991,2
tblCulture.csv,tattoo,date,C102,01/10/1991,3
tblCulture.csv,tattoo,date,C102,06/07/1993,3
tblCulture.csv,tattoo,date,C102,07/03/1994,3
tblCulture.csv,tattoo,date,C102,08/09/1992,3
tblCulture.csv,tattoo,date,C102,10/12/1991,2
tblCulture.csv,tattoo,date,C102,16/07/1991,3
tblCulture.csv,tattoo,date,C102,20/07/1994,3
tblCulture.csv,tattoo,date,C102,23/06/1993,3
tblCulture.csv,tattoo,date,C102,28/04/1992,3
tblCulture.csv,tattoo,date,C102,29/09/1993,3
tblCulture.csv,tattoo,date,C102,30/06/1992,3
tblCulture.csv,tattoo,date,C103,17/07/1991,2
tblCulture.csv,tattoo,date,C104,17/07/1991,3
tblCulture.csv,tattoo,date,C105,17/07/1991,2
tblCulture.csv,tattoo,date,C106,01/10/1991,3
tblCulture.csv,tattoo,date,C106,10/12/1991,2
tblCulture.csv,tattoo,date,C106,17/07/1991,3
tblCulture.csv,tattoo,date,C106,30/06/1992,3
tblCulture.csv,tattoo,date,C107,17/07/1991,3
tblCulture.csv,tattoo,date,C108,17/07/1991,3
tblCulture.csv,tattoo,date,C109,30/07/1991,2
tblCulture.csv,tattoo,date,C110,12/05/1993,2
tblCulture.csv,tattoo,date,C110,13/05/1992,3
tblCulture.csv,tattoo,date,C110,14/01/1992,3
tblCulture.csv,tattoo,date,C110,15/10/1991,3
tblCulture.csv,tattoo,date,C110,21/07/1993,3
tblCulture.csv,tattoo,date,C110,30/07/1991,3
tblCulture.csv,tattoo,date,C111,30/07/1991,2
tblCulture.csv,tattoo,date,C112,31/07/1991,3
tblCulture.csv,tattoo,date,C113,31/07/1991,2
tblCulture.csv,tattoo,date,C114,03/08/1993,3
tblCulture.csv,tattoo,date,C114,06/10/1992,3
tblCulture.csv,tattoo,date,C114,09/08/1995,2
tblCulture.csv,tattoo,date,C114,12/10/1993,2
tblCulture.csv,tattoo,date,C114,29/01/1992,3
tblCulture.csv,tattoo,date,C114,29/10/1991,2
tblCulture.csv,tattoo,date,C115,04/08/1993,3
tblCulture.csv,tattoo,date,C115,09/08/1995,3
tblCulture.csv,tattoo,date,C115,13/08/1991,3
tblCulture.csv,tattoo,date,C115,20/05/1992,3
tblCulture.csv,tattoo,date,C115,20/09/1995,3
tblCulture.csv,tattoo,date,C115,29/10/1991,3
tblCulture.csv,tattoo,date,C116,13/08/1991,3
tblCulture.csv,tattoo,date,C117,13/08/1991,2
tblCulture.csv,tattoo,date,C118,13/08/1991,3
tblCulture.csv,tattoo,date,C119,13/08/1991,3
tblCulture.csv,tattoo,date,C121,13/08/1991,2
tblCulture.csv,tattoo,date,C122,03/08/1993,3
tblCulture.csv,tattoo,date,C122,12/10/1993,3
tblCulture.csv,tattoo,date,C122,13/08/1991,3
tblCulture.csv,tattoo,date,C122,29/01/1992,3
tblCulture.csv,tattoo,date,C122,29/10/1991,3
tblCulture.csv,tattoo,date,C123,04/08/1993,3
tblCulture.csv,tattoo,date,C123,06/08/1997,2
tblCulture.csv,tattoo,date,C123,06/08/2002,3
tblCulture.csv,tattoo,date,C123,06/10/1992,3
tblCulture.csv,tattoo,date,C123,07/06/1994,3
tblCulture.csv,tattoo,date,C123,08/08/1995,3
tblCulture.csv,tattoo,date,C123,13/08/1991,3
tblCulture.csv,tattoo,date,C123,20/05/1992,3
tblCulture.csv,tattoo,date,C123,21/05/1997,2
tblCulture.csv,tattoo,date,C123,21/07/1999,3
tblCulture.csv,tattoo,date,C123,22/10/1997,3
tblCulture.csv,tattoo,date,C123,25/05/1993,2
tblCulture.csv,tattoo,date,C123,25/05/1999,3
tblCulture.csv,tattoo,date,C123,25/06/1996,3
tblCulture.csv,tattoo,date,C123,28/01/1992,3
tblCulture.csv,tattoo,date,C123,29/10/1991,2
tblCulture.csv,tattoo,date,C124,14/08/1991,3
tblCulture.csv,tattoo,date,C124,28/07/1992,3
tblCulture.csv,tattoo,date,C125,14/08/1991,2
tblCulture.csv,tattoo,date,C126,02/06/1992,3
tblCulture.csv,tattoo,date,C126,03/09/1991,2
tblCulture.csv,tattoo,date,C126,12/08/1992,3
tblCulture.csv,tattoo,date,C127,01/10/1991,3
tblCulture.csv,tattoo,date,C127,08/09/1992,3
tblCulture.csv,tattoo,date,C127,10/12/1991,3
tblCulture.csv,tattoo,date,C127,18/11/1992,3
tblCulture.csv,tattoo,date,C127,21/09/1994,3
tblCulture.csv,tattoo,date,C127,25/10/1995,3
tblCulture.csv,tattoo,date,C127,28/04/1992,2
tblCulture.csv,tattoo,date,C127,28/09/1993,3
tblCulture.csv,tattoo,date,C128,01/10/1991,3
tblCulture.csv,tattoo,date,C128,06/07/1993,3
tblCulture.csv,tattoo,date,C128,11/02/1997,3
tblCulture.csv,tattoo,date,C128,22/07/1997,3
tblCulture.csv,tattoo,date,C128,23/02/1999,3
tblCulture.csv,tattoo,date,C128,25/07/1995,3
tblCulture.csv,tattoo,date,C128,30/06/1992,3
tblCulture.csv,tattoo,date,C129,01/10/1991,3
tblCulture.csv,tattoo,date,C129,06/07/1993,3
tblCulture.csv,tattoo,date,C129,08/09/1992,3
tblCulture.csv,tattoo,date,C129,17/11/1992,3
tblCulture.csv,tattoo,date,C129,20/07/1994,3
tblCulture.csv,tattoo,date,C129,20/09/1994,3
tblCulture.csv,tattoo,date,C129,28/04/1992,2
tblCulture.csv,tattoo,date,C129,28/09/1993,2
tblCulture.csv,tattoo,date,C129,30/06/1992,3
tblCulture.csv,tattoo,date,C129,30/11/1993,3
tblCulture.csv,tattoo,date,C130,15/01/1992,3
tblCulture.csv,tattoo,date,C130,15/09/1993,3
tblCulture.csv,tattoo,date,C130,15/10/1991,3
tblCulture.csv,tattoo,date,C130,20/07/1993,3
tblCulture.csv,tattoo,date,C131,12/05/1992,3
tblCulture.csv,tattoo,date,C131,15/01/1992,3
tblCulture.csv,tattoo,date,C131,16/10/1991,3
tblCulture.csv,tattoo,date,C131,24/05/1994,3
tblCulture.csv,tattoo,date,C131,26/07/1994,3
tblCulture.csv,tattoo,date,C132,29/01/1992,3
tblCulture.csv,tattoo,date,C133,07/10/1992,3
tblCulture.csv,tattoo,date,C133,13/10/1993,3
tblCulture.csv,tattoo,date,C133,18/10/1994,3
tblCulture.csv,tattoo,date,C133,19/05/1992,3
tblCulture.csv,tattoo,date,C133,25/05/1993,2
tblCulture.csv,tattoo,date,C133,29/01/1992,3
tblCulture.csv,tattoo,date,C133,29/07/1992,3
tblCulture.csv,tattoo,date,C134,29/10/1991,2
tblCulture.csv,tattoo,date,C135,03/08/1993,3
tblCulture.csv,tattoo,date,C135,07/06/1994,2
tblCulture.csv,tattoo,date,C135,07/10/1992,2
tblCulture.csv,tattoo,date,C135,12/10/1993,3
tblCulture.csv,tattoo,date,C135,25/10/1994,3
tblCulture.csv,tattoo,date,C135,28/07/1992,3
tblCulture.csv,tattoo,date,C135,29/10/1991,3
tblCulture.csv,tattoo,date,C136,30/10/1991,3
tblCulture.csv,tattoo,date,C138,03/06/1992,3
tblCulture.csv,tattoo,date,C138,09/06/1993,3
tblCulture.csv,tattoo,date,C138,09/07/1996,3
tblCulture.csv,tattoo,date,C138,11/08/1992,3
tblCulture.csv,tattoo,date,C138,12/02/1992,3
tblCulture.csv,tattoo,date,C138,12/11/1991,3
tblCulture.csv,tattoo,date,C138,16/08/1994,3
tblCulture.csv,tattoo,date,C138,18/08/1993,3
tblCulture.csv,tattoo,date,C138,18/09/1996,3
tblCulture.csv,tattoo,date,C138,24/06/1997,3
tblCulture.csv,tattoo,date,CP001,11/07/1979,4
tblCulture.csv,tattoo,date,D001,15/01/1997,2
tblCulture.csv,tattoo,date,D002,11/02/1997,4
tblCulture.csv,tattoo,date,D003,11/02/1997,5
tblCulture.csv,tattoo,date,D003,30/06/1998,2
tblCulture.csv,tattoo,date,D004,06/10/1998,3
tblCulture.csv,tattoo,date,D004,10/02/1999,3
tblCulture.csv,tattoo,date,D004,19/05/1998,3
tblCulture.csv,tattoo,date,D004,20/01/1998,3
tblCulture.csv,tattoo,date,D004,20/03/1999,2
tblCulture.csv,tattoo,date,D004,20/05/1997,3
tblCulture.csv,tattoo,date,D004,21/10/1997,3
tblCulture.csv,tattoo,date,D004,26/01/1999,3
tblCulture.csv,tattoo,date,D004,28/07/1998,3
tblCulture.csv,tattoo,date,D005,04/09/2001,3
tblCulture.csv,tattoo,date,D005,05/08/1997,2
tblCulture.csv,tattoo,date,D005,06/10/1998,3
tblCulture.csv,tattoo,date,D005,14/07/1998,2
tblCulture.csv,tattoo,date,D005,18/11/1997,3
tblCulture.csv,tattoo,date,D005,18/11/1998,3
tblCulture.csv,tattoo,date,D005,20/01/1998,3
tblCulture.csv,tattoo,date,D005,20/05/1997,2
tblCulture.csv,tattoo,date,D005,20/05/1998,3
tblCulture.csv,tattoo,date,D005,21/10/1997,2
tblCulture.csv,tattoo,date,D005,22/09/1998,3
tblCulture.csv,tattoo,date,D005,23/07/1997,2
tblCulture.csv,tattoo,date,D005,24/05/2000,3
tblCulture.csv,tattoo,date,D005,25/05/1999,3
tblCulture.csv,tattoo,date,D005,25/07/2001,3
tblCulture.csv,tattoo,date,D005,29/07/1998,3
tblCulture.csv,tattoo,date,D006,06/08/1997,3
tblCulture.csv,tattoo,date,D006,14/07/1998,3
tblCulture.csv,tattoo,date,D006,18/11/1997,2
tblCulture.csv,tattoo,date,D006,21/10/1997,3
tblCulture.csv,tattoo,date,D006,22/07/1997,2
tblCulture.csv,tattoo,date,D006,23/09/1997,3
tblCulture.csv,tattoo,date,D006,29/07/1998,2
tblCulture.csv,tattoo,date,D007,05/08/1997,2
tblCulture.csv,tattoo,date,D007,19/05/1998,2
tblCulture.csv,tattoo,date,D007,20/01/1998,3
tblCulture.csv,tattoo,date,D007,20/05/1997,2
tblCulture.csv,tattoo,date,D007,20/07/1999,3
tblCulture.csv,tattoo,date,D007,21/10/1997,3
tblCulture.csv,tattoo,date,D007,29/07/1998,2
tblCulture.csv,tattoo,date,D008,07/10/1998,3
tblCulture.csv,tattoo,date,D008,20/01/1998,2
tblCulture.csv,tattoo,date,D008,20/05/1997,2
tblCulture.csv,tattoo,date,D008,20/07/1999,2
tblCulture.csv,tattoo,date,D009,06/10/1998,3
tblCulture.csv,tattoo,date,D009,19/05/1998,3
tblCulture.csv,tattoo,date,D009,20/07/1999,3
tblCulture.csv,tattoo,date,D009,21/05/1997,3
tblCulture.csv,tattoo,date,D009,21/10/1997,3
tblCulture.csv,tattoo,date,D009,25/05/1999,3
tblCulture.csv,tattoo,date,D009,28/07/1998,3
tblCulture.csv,tattoo,date,D010,05/08/1997,2
tblCulture.csv,tattoo,date,D010,06/10/1998,3
tblCulture.csv,tattoo,date,D010,12/10/1999,3
tblCulture.csv,tattoo,date,D010,16/10/2001,3
tblCulture.csv,tattoo,date,D010,18/11/1997,2
tblCulture.csv,tattoo,date,D010,20/05/1998,2
tblCulture.csv,tattoo,date,D010,21/09/1999,3
tblCulture.csv,tattoo,date,D010,21/10/1997,3
tblCulture.csv,tattoo,date,D010,22/07/1997,3
tblCulture.csv,tattoo,date,D010,22/09/1998,2
tblCulture.csv,tattoo,date,D010,23/05/2000,3
tblCulture.csv,tattoo,date,D010,23/09/1997,3
tblCulture.csv,tattoo,date,D010,29/07/1998,2
tblCulture.csv,tattoo,date,D010,29/11/1999,3
tblCulture.csv,tattoo,date,D011,24/06/1997,2
tblCulture.csv,tattoo,date,D012,24/06/1997,2
tblCulture.csv,tattoo,date,D013,22/07/1997,3
tblCulture.csv,tattoo,date,D013,24/06/1997,2
tblCulture.csv,tattoo,date,D014,03/02/1998,4
tblCulture.csv,tattoo,date,D014,09/09/1997,3
tblCulture.csv,tattoo,date,D014,19/11/1997,3
tblCulture.csv,tattoo,date,D014,23/09/1997,2
tblCulture.csv,tattoo,date,D014,24/06/1997,2
tblCulture.csv,tattoo,date,D015,03/02/1998,3
tblCulture.csv,tattoo,date,D015,09/09/1997,2
tblCulture.csv,tattoo,date,D015,18/11/1997,2
tblCulture.csv,tattoo,date,D015,22/07/1997,3
tblCulture.csv,tattoo,date,D015,23/09/1997,3
tblCulture.csv,tattoo,date,D015,24/06/1997,2
tblCulture.csv,tattoo,date,D016,22/07/1997,3
tblCulture.csv,tattoo,date,D016,24/06/1997,2
tblCulture.csv,tattoo,date,D017,03/02/1998,2
tblCulture.csv,tattoo,date,D017,11/02/1999,5
tblCulture.csv,tattoo,date,D017,11/08/1998,3
tblCulture.csv,tattoo,date,D017,20/06/2000,4
tblCulture.csv,tattoo,date,D017,22/08/2000,4
tblCulture.csv,tattoo,date,D017,23/01/2001,4
tblCulture.csv,tattoo,date,D018,24/06/1997,2
tblCulture.csv,tattoo,date,D019,01/11/2000,3
tblCulture.csv,tattoo,date,D019,02/06/2009,4
tblCulture.csv,tattoo,date,D019,03/02/1998,3
tblCulture.csv,tattoo,date,D019,03/08/1999,3
tblCulture.csv,tattoo,date,D019,04/07/2001,2
tblCulture.csv,tattoo,date,D019,07/06/2005,3
tblCulture.csv,tattoo,date,D019,08/06/2004,3
tblCulture.csv,tattoo,date,D019,09/09/1997,3
tblCulture.csv,tattoo,date,D019,11/08/1998,3
tblCulture.csv,tattoo,date,D019,15/07/1998,3
tblCulture.csv,tattoo,date,D019,16/06/1998,3
tblCulture.csv,tattoo,date,D019,18/11/1997,3
tblCulture.csv,tattoo,date,D019,19/08/2003,2
tblCulture.csv,tattoo,date,D019,20/06/2000,4
tblCulture.csv,tattoo,date,D019,20/07/2005,2
tblCulture.csv,tattoo,date,D019,21/08/2001,2
tblCulture.csv,tattoo,date,D019,22/07/2008,3
tblCulture.csv,tattoo,date,D019,22/08/2000,3
tblCulture.csv,tattoo,date,D019,22/09/1998,3
tblCulture.csv,tattoo,date,D019,23/06/1999,2
tblCulture.csv,tattoo,date,D019,25/01/2000,4
tblCulture.csv,tattoo,date,D019,27/10/1999,2
tblCulture.csv,tattoo,date,D020,01/08/2006,4
tblCulture.csv,tattoo,date,D020,03/02/1998,3
tblCulture.csv,tattoo,date,D020,04/08/1999,3
tblCulture.csv,tattoo,date,D020,05/11/2008,3
tblCulture.csv,tattoo,date,D020,09/09/1997,3
tblCulture.csv,tattoo,date,D020,14/07/1998,4
tblCulture.csv,tattoo,date,D020,16/06/1998,3
tblCulture.csv,tattoo,date,D020,18/11/1997,3
tblCulture.csv,tattoo,date,D020,19/06/2002,2
tblCulture.csv,tattoo,date,D020,20/05/2008,4
tblCulture.csv,tattoo,date,D020,20/10/1998,3
tblCulture.csv,tattoo,date,D020,21/08/2001,3
tblCulture.csv,tattoo,date,D020,21/08/2002,2
tblCulture.csv,tattoo,date,D020,22/08/2000,3
tblCulture.csv,tattoo,date,D020,22/09/1998,3
tblCulture.csv,tattoo,date,D020,24/06/1997,2
tblCulture.csv,tattoo,date,D020,27/10/1999,2
tblCulture.csv,tattoo,date,D020,28/09/2005,2
tblCulture.csv,tattoo,date,D021,24/06/1997,2
tblCulture.csv,tattoo,date,D022,24/06/1997,2
tblCulture.csv,tattoo,date,D023,24/06/1997,3
tblCulture.csv,tattoo,date,D024,03/02/1998,2
tblCulture.csv,tattoo,date,D024,09/09/1997,3
tblCulture.csv,tattoo,date,D024,10/02/1999,3
tblCulture.csv,tattoo,date,D024,11/08/1998,3
tblCulture.csv,tattoo,date,D024,20/06/2000,3
tblCulture.csv,tattoo,date,D024,22/06/1999,3
tblCulture.csv,tattoo,date,D024,24/06/1997,2
tblCulture.csv,tattoo,date,D025,04/02/1998,3
tblCulture.csv,tattoo,date,D025,09/09/1997,2
tblCulture.csv,tattoo,date,D025,24/06/1997,2
tblCulture.csv,tattoo,date,D026,04/08/1999,2
tblCulture.csv,tattoo,date,D026,09/09/1997,3
tblCulture.csv,tattoo,date,D026,12/08/1998,3
tblCulture.csv,tattoo,date,D026,16/06/1998,2
tblCulture.csv,tattoo,date,D026,18/07/2000,2
tblCulture.csv,tattoo,date,D026,18/11/1997,2
tblCulture.csv,tattoo,date,D026,21/10/1998,3
tblCulture.csv,tattoo,date,D026,22/06/1999,3
tblCulture.csv,tattoo,date,D027,04/08/1999,3
tblCulture.csv,tattoo,date,D027,06/11/2002,3
tblCulture.csv,tattoo,date,D027,09/09/1997,3
tblCulture.csv,tattoo,date,D027,11/08/1998,3
tblCulture.csv,tattoo,date,D027,14/07/1998,2
tblCulture.csv,tattoo,date,D027,17/10/2000,3
tblCulture.csv,tattoo,date,D027,18/11/1998,3
tblCulture.csv,tattoo,date,D027,19/06/2002,4
tblCulture.csv,tattoo,date,D027,19/11/1997,2
tblCulture.csv,tattoo,date,D027,20/06/2000,3
tblCulture.csv,tattoo,date,D027,20/10/1998,3
tblCulture.csv,tattoo,date,D027,21/08/2002,3
tblCulture.csv,tattoo,date,D027,22/09/1998,2
tblCulture.csv,tattoo,date,D027,23/06/1999,3
tblCulture.csv,tattoo,date,D027,24/06/1997,2
tblCulture.csv,tattoo,date,D027,26/10/1999,4
tblCulture.csv,tattoo,date,D028,03/08/1999,3
tblCulture.csv,tattoo,date,D028,04/02/1998,3
tblCulture.csv,tattoo,date,D028,10/09/1997,3
tblCulture.csv,tattoo,date,D028,11/08/1998,3
tblCulture.csv,tattoo,date,D028,14/07/1998,3
tblCulture.csv,tattoo,date,D028,17/11/1998,3
tblCulture.csv,tattoo,date,D028,18/11/1997,3
tblCulture.csv,tattoo,date,D028,20/06/2000,3
tblCulture.csv,tattoo,date,D028,20/10/1998,3
tblCulture.csv,tattoo,date,D028,22/09/1998,3
tblCulture.csv,tattoo,date,D028,23/06/1999,3
tblCulture.csv,tattoo,date,D028,23/08/2000,2
tblCulture.csv,tattoo,date,D028,24/06/1997,2
tblCulture.csv,tattoo,date,D028,26/10/1999,3
tblCulture.csv,tattoo,date,D029,08/08/1997,2
tblCulture.csv,tattoo,date,D029,24/06/1997,2
tblCulture.csv,tattoo,date,D030,11/08/1998,3
tblCulture.csv,tattoo,date,D030,16/06/1998,3
tblCulture.csv,tattoo,date,D030,18/11/1997,2
tblCulture.csv,tattoo,date,D030,23/06/1999,3
tblCulture.csv,tattoo,date,D030,25/01/2000,3
tblCulture.csv,tattoo,date,D030,25/06/1997,3
tblCulture.csv,tattoo,date,D031,18/07/2000,2
tblCulture.csv,tattoo,date,D031,25/06/1997,2
tblCulture.csv,tattoo,date,D033,12/01/2000,3
tblCulture.csv,tattoo,date,D033,12/08/1998,3
tblCulture.csv,tattoo,date,D033,13/10/1999,3
tblCulture.csv,tattoo,date,D033,15/02/2000,3
tblCulture.csv,tattoo,date,D033,15/07/1998,2
tblCulture.csv,tattoo,date,D033,16/06/1998,3
tblCulture.csv,tattoo,date,D033,18/07/2000,3
tblCulture.csv,tattoo,date,D033,20/10/1998,3
tblCulture.csv,tattoo,date,D033,21/07/1999,3
tblCulture.csv,tattoo,date,D033,22/06/1999,3
tblCulture.csv,tattoo,date,D033,22/07/1997,3
tblCulture.csv,tattoo,date,D033,22/09/1998,3
tblCulture.csv,tattoo,date,D033,27/06/1997,3
tblCulture.csv,tattoo,date,D034,01/12/1998,3
tblCulture.csv,tattoo,date,D034,08/07/1997,2
tblCulture.csv,tattoo,date,D034,08/10/1997,3
tblCulture.csv,tattoo,date,D034,09/09/1998,4
tblCulture.csv,tattoo,date,D034,10/03/1999,2
tblCulture.csv,tattoo,date,D034,10/12/1997,3
tblCulture.csv,tattoo,date,D034,30/06/1998,4
tblCulture.csv,tattoo,date,D035,01/12/1998,3
tblCulture.csv,tattoo,date,D035,05/07/2000,2
tblCulture.csv,tattoo,date,D035,06/07/1999,3
tblCulture.csv,tattoo,date,D035,07/08/2001,4
tblCulture.csv,tattoo,date,D035,07/09/1999,3
tblCulture.csv,tattoo,date,D035,07/10/1997,3
tblCulture.csv,tattoo,date,D035,08/02/2000,2
tblCulture.csv,tattoo,date,D035,08/07/1997,3
tblCulture.csv,tattoo,date,D035,08/09/1998,3
tblCulture.csv,tattoo,date,D035,09/07/2002,4
tblCulture.csv,tattoo,date,D035,09/12/1997,3
tblCulture.csv,tattoo,date,D035,10/11/1999,3
tblCulture.csv,tattoo,date,D035,12/06/2001,4
tblCulture.csv,tattoo,date,D035,17/02/1998,3
tblCulture.csv,tattoo,date,D035,18/09/2001,4
tblCulture.csv,tattoo,date,D035,20/09/2000,2
tblCulture.csv,tattoo,date,D035,24/02/1999,3
tblCulture.csv,tattoo,date,D035,29/11/2000,3
tblCulture.csv,tattoo,date,D035,30/06/1998,3
tblCulture.csv,tattoo,date,D036,04/07/2000,3
tblCulture.csv,tattoo,date,D036,07/07/1999,3
tblCulture.csv,tattoo,date,D036,07/09/1999,3
tblCulture.csv,tattoo,date,D036,07/10/1997,2
tblCulture.csv,tattoo,date,D036,08/09/1998,3
tblCulture.csv,tattoo,date,D036,09/07/2002,2
tblCulture.csv,tattoo,date,D036,09/11/1999,3
tblCulture.csv,tattoo,date,D036,09/12/1997,3
tblCulture.csv,tattoo,date,D036,12/06/2001,2
tblCulture.csv,tattoo,date,D036,17/02/1998,3
tblCulture.csv,tattoo,date,D036,17/08/2000,3
tblCulture.csv,tattoo,date,D036,18/10/2000,2
tblCulture.csv,tattoo,date,D036,23/02/1999,3
tblCulture.csv,tattoo,date,D036,30/06/1998,3
tblCulture.csv,tattoo,date,D037,07/10/1997,3
tblCulture.csv,tattoo,date,D037,08/07/1997,3
tblCulture.csv,tattoo,date,D037,09/12/1997,2
tblCulture.csv,tattoo,date,D037,18/02/1998,3
tblCulture.csv,tattoo,date,D038,01/07/1998,2
tblCulture.csv,tattoo,date,D038,04/07/2000,3
tblCulture.csv,tattoo,date,D038,06/07/1999,3
tblCulture.csv,tattoo,date,D038,07/09/1999,3
tblCulture.csv,tattoo,date,D038,08/07/1997,3
tblCulture.csv,tattoo,date,D038,08/09/1998,3
tblCulture.csv,tattoo,date,D038,09/11/1999,4
tblCulture.csv,tattoo,date,D038,17/02/1998,3
tblCulture.csv,tattoo,date,D038,19/09/2000,3
tblCulture.csv,tattoo,date,D038,29/11/2000,3
tblCulture.csv,tattoo,date,D039,07/07/1999,3
tblCulture.csv,tattoo,date,D039,07/10/1997,2
tblCulture.csv,tattoo,date,D039,08/07/1997,2
tblCulture.csv,tattoo,date,D039,08/09/1998,3
tblCulture.csv,tattoo,date,D039,08/09/1999,2
tblCulture.csv,tattoo,date,D039,17/02/1998,3
tblCulture.csv,tattoo,date,D039,30/06/1998,3
tblCulture.csv,tattoo,date,D040,07/10/1997,2
tblCulture.csv,tattoo,date,D040,08/07/1997,2
tblCulture.csv,tattoo,date,D040,09/09/1998,3
tblCulture.csv,tattoo,date,D040,30/06/1998,2
tblCulture.csv,tattoo,date,D041,02/12/1998,3
tblCulture.csv,tattoo,date,D041,05/07/2000,3
tblCulture.csv,tattoo,date,D041,06/07/1999,3
tblCulture.csv,tattoo,date,D041,08/07/1997,3
tblCulture.csv,tattoo,date,D041,08/09/1998,3
tblCulture.csv,tattoo,date,D041,08/09/1999,3
tblCulture.csv,tattoo,date,D041,08/10/1997,3
tblCulture.csv,tattoo,date,D041,09/11/1999,3
tblCulture.csv,tattoo,date,D041,09/12/1997,2
tblCulture.csv,tattoo,date,D041,18/02/1998,2
tblCulture.csv,tattoo,date,D042,08/07/1997,3
tblCulture.csv,tattoo,date,D043,08/07/1997,3
tblCulture.csv,tattoo,date,D044,01/07/1998,2
tblCulture.csv,tattoo,date,D044,08/09/1998,3
tblCulture.csv,tattoo,date,D044,08/10/1997,3
tblCulture.csv,tattoo,date,D044,09/07/1997,3
tblCulture.csv,tattoo,date,D044,10/12/1997,3
tblCulture.csv,tattoo,date,D044,18/02/1998,3
tblCulture.csv,tattoo,date,D044,23/02/1999,3
tblCulture.csv,tattoo,date,D045,07/10/1997,3
tblCulture.csv,tattoo,date,D045,09/07/1997,2
tblCulture.csv,tattoo,date,D046,07/10/1997,3
tblCulture.csv,tattoo,date,D046,08/09/1998,3
tblCulture.csv,tattoo,date,D046,09/07/1997,3
tblCulture.csv,tattoo,date,D046,17/02/1998,3
tblCulture.csv,tattoo,date,D046,30/06/1998,3
tblCulture.csv,tattoo,date,D047,09/07/1997,3
tblCulture.csv,tattoo,date,D048,22/07/1997,3
tblCulture.csv,tattoo,date,D049,10/09/1997,3
tblCulture.csv,tattoo,date,D049,22/07/1997,2
tblCulture.csv,tattoo,date,D049,24/09/1997,3
tblCulture.csv,tattoo,date,D050,18/11/1997,3
tblCulture.csv,tattoo,date,D050,20/01/1998,2
tblCulture.csv,tattoo,date,D050,20/05/1998,3
tblCulture.csv,tattoo,date,D050,22/10/1997,2
tblCulture.csv,tattoo,date,D050,23/09/1997,2
tblCulture.csv,tattoo,date,D051,05/08/1997,3
tblCulture.csv,tattoo,date,D051,12/10/1999,2
tblCulture.csv,tattoo,date,D051,14/07/1998,2
tblCulture.csv,tattoo,date,D051,17/08/1999,3
tblCulture.csv,tattoo,date,D051,18/11/1998,3
tblCulture.csv,tattoo,date,D051,19/05/1998,3
tblCulture.csv,tattoo,date,D051,21/10/1997,3
tblCulture.csv,tattoo,date,D051,22/07/1997,3
tblCulture.csv,tattoo,date,D051,23/03/2001,6
tblCulture.csv,tattoo,date,D051,24/05/2000,3
tblCulture.csv,tattoo,date,D051,24/09/1997,2
tblCulture.csv,tattoo,date,D052,05/09/2000,4
tblCulture.csv,tattoo,date,D052,13/01/1999,4
tblCulture.csv,tattoo,date,D052,13/10/1999,4
tblCulture.csv,tattoo,date,D052,14/07/1998,3
tblCulture.csv,tattoo,date,D052,17/08/1999,4
tblCulture.csv,tattoo,date,D052,18/11/1997,2
tblCulture.csv,tattoo,date,D052,19/07/2000,4
tblCulture.csv,tattoo,date,D052,20/05/1998,3
tblCulture.csv,tattoo,date,D052,20/07/1999,4
tblCulture.csv,tattoo,date,D052,21/10/1997,3
tblCulture.csv,tattoo,date,D052,22/07/1997,2
tblCulture.csv,tattoo,date,D052,22/09/1998,3
tblCulture.csv,tattoo,date,D052,23/05/2000,3
tblCulture.csv,tattoo,date,D052,26/05/1999,5
tblCulture.csv,tattoo,date,D052,28/07/1998,2
tblCulture.csv,tattoo,date,D053,22/07/1997,2
tblCulture.csv,tattoo,date,D054,22/07/1997,3
tblCulture.csv,tattoo,date,D055,22/07/1997,2
tblCulture.csv,tattoo,date,D056,23/07/1997,3
tblCulture.csv,tattoo,date,D057,23/07/1997,2
tblCulture.csv,tattoo,date,D058,03/08/1999,3
tblCulture.csv,tattoo,date,D058,09/09/1997,3
tblCulture.csv,tattoo,date,D058,12/08/1998,2
tblCulture.csv,tattoo,date,D058,23/06/1999,3
tblCulture.csv,tattoo,date,D058,23/07/1997,2
tblCulture.csv,tattoo,date,D059,01/11/2000,3
tblCulture.csv,tattoo,date,D059,02/06/2009,4
tblCulture.csv,tattoo,date,D059,03/02/1998,3
tblCulture.csv,tattoo,date,D059,08/06/2004,4
tblCulture.csv,tattoo,date,D059,09/09/1997,2
tblCulture.csv,tattoo,date,D059,12/08/1998,2
tblCulture.csv,tattoo,date,D059,14/07/1998,3
tblCulture.csv,tattoo,date,D059,17/08/1999,2
tblCulture.csv,tattoo,date,D059,20/08/2002,4
tblCulture.csv,tattoo,date,D059,21/09/2004,4
tblCulture.csv,tattoo,date,D059,22/08/2000,3
tblCulture.csv,tattoo,date,D059,22/09/1998,3
tblCulture.csv,tattoo,date,D059,23/06/1999,3
tblCulture.csv,tattoo,date,D059,23/07/2008,3
tblCulture.csv,tattoo,date,D059,23/09/1997,3
tblCulture.csv,tattoo,date,D059,27/09/2005,3
tblCulture.csv,tattoo,date,D060,05/08/1997,2
tblCulture.csv,tattoo,date,D060,06/10/1998,3
tblCulture.csv,tattoo,date,D060,20/01/1998,3
tblCulture.csv,tattoo,date,D060,20/05/1998,2
tblCulture.csv,tattoo,date,D060,21/07/1999,2
tblCulture.csv,tattoo,date,D060,21/10/1997,3
tblCulture.csv,tattoo,date,D060,28/07/1998,3
tblCulture.csv,tattoo,date,D061,05/08/1997,2
tblCulture.csv,tattoo,date,D061,05/09/2000,2
tblCulture.csv,tattoo,date,D061,06/10/1998,3
tblCulture.csv,tattoo,date,D061,19/05/1998,3
tblCulture.csv,tattoo,date,D061,20/01/1998,2
tblCulture.csv,tattoo,date,D061,20/07/1999,3
tblCulture.csv,tattoo,date,D061,21/10/1997,3
tblCulture.csv,tattoo,date,D061,23/05/2000,3
tblCulture.csv,tattoo,date,D061,26/06/2001,2
tblCulture.csv,tattoo,date,D061,28/07/1998,3
tblCulture.csv,tattoo,date,D062,05/08/1997,3
tblCulture.csv,tattoo,date,D062,20/01/1998,3
tblCulture.csv,tattoo,date,D062,21/10/1997,2
tblCulture.csv,tattoo,date,D063,19/05/1998,3
tblCulture.csv,tattoo,date,D063,20/01/1998,2
tblCulture.csv,tattoo,date,D063,20/07/1999,2
tblCulture.csv,tattoo,date,D063,21/10/1997,3
tblCulture.csv,tattoo,date,D063,27/01/1999,3
tblCulture.csv,tattoo,date,D063,28/07/1998,2
tblCulture.csv,tattoo,date,D064,05/08/1997,3
tblCulture.csv,tattoo,date,D064,06/10/1998,3
tblCulture.csv,tattoo,date,D064,17/08/2000,3
tblCulture.csv,tattoo,date,D064,19/05/1998,3
tblCulture.csv,tattoo,date,D064,20/01/1998,2
tblCulture.csv,tattoo,date,D064,20/07/1999,3
tblCulture.csv,tattoo,date,D064,21/10/1997,2
tblCulture.csv,tattoo,date,D064,25/05/1999,3
tblCulture.csv,tattoo,date,D064,26/01/1999,2
tblCulture.csv,tattoo,date,D065,05/08/1997,2
tblCulture.csv,tattoo,date,D065,19/05/1998,2
tblCulture.csv,tattoo,date,D065,20/01/1998,3
tblCulture.csv,tattoo,date,D065,21/10/1997,3
tblCulture.csv,tattoo,date,D066,05/08/1997,3
tblCulture.csv,tattoo,date,D066,19/05/1998,2
tblCulture.csv,tattoo,date,D066,20/01/1998,3
tblCulture.csv,tattoo,date,D066,21/07/1999,3
tblCulture.csv,tattoo,date,D066,21/10/1997,2
tblCulture.csv,tattoo,date,D066,25/05/1999,4
tblCulture.csv,tattoo,date,D067,05/08/1997,2
tblCulture.csv,tattoo,date,D067,06/10/1998,3
tblCulture.csv,tattoo,date,D067,20/05/1998,3
tblCulture.csv,tattoo,date,D067,21/10/1997,3
tblCulture.csv,tattoo,date,D068,19/05/1998,2
tblCulture.csv,tattoo,date,D068,21/07/1999,2
tblCulture.csv,tattoo,date,D068,21/10/1997,3
tblCulture.csv,tattoo,date,D068,25/05/1999,2
tblCulture.csv,tattoo,date,D069,06/08/1997,2
tblCulture.csv,tattoo,date,D069,20/05/1998,3
tblCulture.csv,tattoo,date,D069,21/10/1997,3
tblCulture.csv,tattoo,date,D070,06/08/1997,3
tblCulture.csv,tattoo,date,D070,20/05/1998,3
tblCulture.csv,tattoo,date,D070,21/10/1997,2
tblCulture.csv,tattoo,date,D070,26/01/1999,3
tblCulture.csv,tattoo,date,D071,06/08/1997,3
tblCulture.csv,tattoo,date,D071,14/05/2003,2
tblCulture.csv,tattoo,date,D071,21/01/1998,3
tblCulture.csv,tattoo,date,D071,25/05/1999,3
tblCulture.csv,tattoo,date,D071,25/05/2004,3
tblCulture.csv,tattoo,date,D071,28/07/1998,3
tblCulture.csv,tattoo,date,D071,29/10/2003,3
tblCulture.csv,tattoo,date,D072,06/08/1997,3
tblCulture.csv,tattoo,date,D072,10/09/1997,2
tblCulture.csv,tattoo,date,D072,19/11/2000,6
tblCulture.csv,tattoo,date,D072,20/05/1998,4
tblCulture.csv,tattoo,date,D072,21/10/1997,4
tblCulture.csv,tattoo,date,D072,28/07/1998,3
tblCulture.csv,tattoo,date,D073,03/02/1998,3
tblCulture.csv,tattoo,date,D073,03/08/1999,2
tblCulture.csv,tattoo,date,D073,05/11/2002,2
tblCulture.csv,tattoo,date,D073,08/06/2004,3
tblCulture.csv,tattoo,date,D073,10/09/1997,3
tblCulture.csv,tattoo,date,D073,10/11/2004,2
tblCulture.csv,tattoo,date,D073,11/08/1998,3
tblCulture.csv,tattoo,date,D073,11/11/2003,2
tblCulture.csv,tattoo,date,D073,16/06/1998,3
tblCulture.csv,tattoo,date,D073,18/06/2002,2
tblCulture.csv,tattoo,date,D073,18/11/1997,2
tblCulture.csv,tattoo,date,D073,20/05/2003,2
tblCulture.csv,tattoo,date,D073,20/06/2000,3
tblCulture.csv,tattoo,date,D073,21/08/2002,2
tblCulture.csv,tattoo,date,D073,21/09/2004,2
tblCulture.csv,tattoo,date,D073,21/10/1998,3
tblCulture.csv,tattoo,date,D073,22/06/1999,3
tblCulture.csv,tattoo,date,D073,25/01/2000,2
tblCulture.csv,tattoo,date,D073,26/06/2001,2
tblCulture.csv,tattoo,date,D073,26/10/1999,2
tblCulture.csv,tattoo,date,D074,01/07/1998,2
tblCulture.csv,tattoo,date,D074,07/09/1999,4
tblCulture.csv,tattoo,date,D074,07/10/1997,3
tblCulture.csv,tattoo,date,D074,23/02/1999,2
tblCulture.csv,tattoo,date,D074,23/09/1998,3
tblCulture.csv,tattoo,date,D075,07/10/1997,3
tblCulture.csv,tattoo,date,D075,09/12/1997,3
tblCulture.csv,tattoo,date,D076,07/10/1997,2
tblCulture.csv,tattoo,date,D076,10/12/1997,3
tblCulture.csv,tattoo,date,D076,18/02/1998,3
tblCulture.csv,tattoo,date,D077,04/07/2000,3
tblCulture.csv,tattoo,date,D077,05/06/2007,3
tblCulture.csv,tattoo,date,D077,06/05/2009,3
tblCulture.csv,tattoo,date,D077,07/09/1999,3
tblCulture.csv,tattoo,date,D077,08/09/1998,3
tblCulture.csv,tattoo,date,D077,08/10/1997,2
tblCulture.csv,tattoo,date,D077,10/12/1997,2
tblCulture.csv,tattoo,date,D077,12/09/2007,3
tblCulture.csv,tattoo,date,D077,15/08/2006,3
tblCulture.csv,tattoo,date,D077,21/06/2005,3
tblCulture.csv,tattoo,date,D078,03/02/1998,3
tblCulture.csv,tattoo,date,D078,10/09/1997,2
tblCulture.csv,tattoo,date,D078,14/07/1998,3
tblCulture.csv,tattoo,date,D078,16/06/1998,3
tblCulture.csv,tattoo,date,D078,17/11/1998,3
tblCulture.csv,tattoo,date,D078,20/10/1998,3
tblCulture.csv,tattoo,date,D078,23/09/1998,2
tblCulture.csv,tattoo,date,D079,20/05/1998,3
tblCulture.csv,tattoo,date,D079,21/09/1999,3
tblCulture.csv,tattoo,date,D079,21/10/1997,3
tblCulture.csv,tattoo,date,D080,06/10/1998,3
tblCulture.csv,tattoo,date,D080,15/10/1999,3
tblCulture.csv,tattoo,date,D080,19/05/1998,3
tblCulture.csv,tattoo,date,D080,20/01/1998,3
tblCulture.csv,tattoo,date,D080,20/07/1999,4
tblCulture.csv,tattoo,date,D081,07/10/1998,2
tblCulture.csv,tattoo,date,D081,10/06/2000,6
tblCulture.csv,tattoo,date,D081,21/09/1999,3
tblCulture.csv,tattoo,date,D081,22/10/1997,3
tblCulture.csv,tattoo,date,D081,23/05/2000,3
tblCulture.csv,tattoo,date,D082,19/05/1998,2
tblCulture.csv,tattoo,date,D082,22/10/1997,2
tblCulture.csv,tattoo,date,D082,25/05/1999,3
tblCulture.csv,tattoo,date,D083,19/05/1998,2
tblCulture.csv,tattoo,date,D083,21/07/1999,3
tblCulture.csv,tattoo,date,D083,22/10/1997,2
tblCulture.csv,tattoo,date,D084,01/07/1998,3
tblCulture.csv,tattoo,date,D084,04/07/2000,3
tblCulture.csv,tattoo,date,D084,06/07/1999,3
tblCulture.csv,tattoo,date,D084,08/08/2001,3
tblCulture.csv,tattoo,date,D084,08/09/1999,2
tblCulture.csv,tattoo,date,D084,09/11/1999,2
tblCulture.csv,tattoo,date,D084,09/12/1997,3
tblCulture.csv,tattoo,date,D084,13/06/2001,2
tblCulture.csv,tattoo,date,D084,17/02/1998,4
tblCulture.csv,tattoo,date,D085,09/12/1997,2
tblCulture.csv,tattoo,date,E001,26/01/1988,3
tblCulture.csv,tattoo,date,E002,05/10/1988,3
tblCulture.csv,tattoo,date,E002,27/01/1988,3
tblCulture.csv,tattoo,date,E004,05/07/1995,3
tblCulture.csv,tattoo,date,E004,06/02/1990,3
tblCulture.csv,tattoo,date,E004,09/02/1988,3
tblCulture.csv,tattoo,date,E004,10/07/1996,2
tblCulture.csv,tattoo,date,E004,12/08/1992,3
tblCulture.csv,tattoo,date,E004,12/11/1991,3
tblCulture.csv,tattoo,date,E004,14/08/1990,3
tblCulture.csv,tattoo,date,E004,21/06/1994,3
tblCulture.csv,tattoo,date,E004,22/08/1995,3
tblCulture.csv,tattoo,date,E005,01/08/1989,4
tblCulture.csv,tattoo,date,E005,09/02/1988,2
tblCulture.csv,tattoo,date,E005,17/10/1989,3
tblCulture.csv,tattoo,date,E005,19/10/1988,3
tblCulture.csv,tattoo,date,E005,23/05/1989,3
tblCulture.csv,tattoo,date,E005,24/05/1988,3
tblCulture.csv,tattoo,date,E006,02/08/1988,3
tblCulture.csv,tattoo,date,E006,09/02/1988,3
tblCulture.csv,tattoo,date,E006,19/10/1988,2
tblCulture.csv,tattoo,date,E006,24/05/1988,2
tblCulture.csv,tattoo,date,E007,10/02/1988,2
tblCulture.csv,tattoo,date,E007,25/05/1988,4
tblCulture.csv,tattoo,date,E008,02/07/1991,3
tblCulture.csv,tattoo,date,E008,08/06/1988,4
tblCulture.csv,tattoo,date,E008,17/06/1992,3
tblCulture.csv,tattoo,date,E008,19/06/1990,3
tblCulture.csv,tattoo,date,E008,20/06/1989,3
tblCulture.csv,tattoo,date,E008,22/06/1993,3
tblCulture.csv,tattoo,date,E008,23/02/1988,3
tblCulture.csv,tattoo,date,E009,23/02/1988,2
tblCulture.csv,tattoo,date,E010,21/02/1989,3
tblCulture.csv,tattoo,date,E010,24/02/1988,2
tblCulture.csv,tattoo,date,E011,03/10/1989,3
tblCulture.csv,tattoo,date,E011,06/07/1988,2
tblCulture.csv,tattoo,date,E011,21/03/1988,2
tblCulture.csv,tattoo,date,E012,04/10/1988,2
tblCulture.csv,tattoo,date,E012,10/05/1988,3
tblCulture.csv,tattoo,date,E012,25/01/1989,3
tblCulture.csv,tattoo,date,E013,10/05/1988,3
tblCulture.csv,tattoo,date,E014,01/08/1989,4
tblCulture.csv,tattoo,date,E014,03/09/1996,3
tblCulture.csv,tattoo,date,E014,04/06/1991,3
tblCulture.csv,tattoo,date,E014,04/08/1993,3
tblCulture.csv,tattoo,date,E014,04/10/1988,2
tblCulture.csv,tattoo,date,E014,04/12/1996,3
tblCulture.csv,tattoo,date,E014,10/05/1988,3
tblCulture.csv,tattoo,date,E014,12/10/1993,3
tblCulture.csv,tattoo,date,E014,16/10/1990,2
tblCulture.csv,tattoo,date,E014,18/10/1989,3
tblCulture.csv,tattoo,date,E014,19/07/1988,2
tblCulture.csv,tattoo,date,E014,20/06/1995,3
tblCulture.csv,tattoo,date,E014,20/09/1995,2
tblCulture.csv,tattoo,date,E014,21/05/1997,3
tblCulture.csv,tattoo,date,E014,22/05/1990,3
tblCulture.csv,tattoo,date,E014,23/01/1990,3
tblCulture.csv,tattoo,date,E014,24/05/1989,3
tblCulture.csv,tattoo,date,E014,25/06/1996,2
tblCulture.csv,tattoo,date,E014,26/05/1993,3
tblCulture.csv,tattoo,date,E014,29/01/1991,3
tblCulture.csv,tattoo,date,E014,29/10/1991,3
tblCulture.csv,tattoo,date,E014,31/07/1990,3
tblCulture.csv,tattoo,date,E014,31/07/1996,2
tblCulture.csv,tattoo,date,E015,04/10/1988,3
tblCulture.csv,tattoo,date,E015,10/05/1988,3
tblCulture.csv,tattoo,date,E015,19/07/1988,3
tblCulture.csv,tattoo,date,E015,25/01/1989,4
tblCulture.csv,tattoo,date,E016,03/08/1993,3
tblCulture.csv,tattoo,date,E016,04/10/1988,3
tblCulture.csv,tattoo,date,E016,07/06/1994,2
tblCulture.csv,tattoo,date,E016,10/05/1988,3
tblCulture.csv,tattoo,date,E016,13/08/1991,3
tblCulture.csv,tattoo,date,E016,13/10/1993,2
tblCulture.csv,tattoo,date,E016,18/10/1989,2
tblCulture.csv,tattoo,date,E016,19/07/1988,2
tblCulture.csv,tattoo,date,E016,20/05/1992,3
tblCulture.csv,tattoo,date,E016,22/05/1990,3
tblCulture.csv,tattoo,date,E016,24/01/1989,3
tblCulture.csv,tattoo,date,E016,24/05/1989,3
tblCulture.csv,tattoo,date,E016,25/01/1994,2
tblCulture.csv,tattoo,date,E016,28/07/1992,3
tblCulture.csv,tattoo,date,E017,10/05/1988,3
tblCulture.csv,tattoo,date,E018,10/05/1988,3
tblCulture.csv,tattoo,date,E019,10/05/1988,3
tblCulture.csv,tattoo,date,E020,02/08/1994,2
tblCulture.csv,tattoo,date,E020,03/08/1993,3
tblCulture.csv,tattoo,date,E020,04/06/1991,3
tblCulture.csv,tattoo,date,E020,08/06/1994,2
tblCulture.csv,tattoo,date,E020,11/05/1988,3
tblCulture.csv,tattoo,date,E020,22/05/1990,2
tblCulture.csv,tattoo,date,E020,24/01/1990,4
tblCulture.csv,tattoo,date,E020,30/10/1991,2
tblCulture.csv,tattoo,date,E021,11/05/1988,2
tblCulture.csv,tattoo,date,E022,01/08/1989,3
tblCulture.csv,tattoo,date,E022,04/06/1991,4
tblCulture.csv,tattoo,date,E022,04/10/1988,3
tblCulture.csv,tattoo,date,E022,06/02/1990,3
tblCulture.csv,tattoo,date,E022,11/05/1988,2
tblCulture.csv,tattoo,date,E022,13/08/1991,4
tblCulture.csv,tattoo,date,E022,16/10/1990,2
tblCulture.csv,tattoo,date,E022,17/10/1989,3
tblCulture.csv,tattoo,date,E022,19/07/1988,2
tblCulture.csv,tattoo,date,E022,22/01/1990,3
tblCulture.csv,tattoo,date,E022,22/05/1990,3
tblCulture.csv,tattoo,date,E022,24/01/1989,3
tblCulture.csv,tattoo,date,E022,31/07/1990,3
tblCulture.csv,tattoo,date,E023,01/08/1990,3
tblCulture.csv,tattoo,date,E023,02/08/1989,3
tblCulture.csv,tattoo,date,E023,03/09/1996,3
tblCulture.csv,tattoo,date,E023,04/10/1988,3
tblCulture.csv,tattoo,date,E023,09/08/1995,3
tblCulture.csv,tattoo,date,E023,11/05/1988,3
tblCulture.csv,tattoo,date,E023,16/10/1990,3
tblCulture.csv,tattoo,date,E023,19/05/1992,3
tblCulture.csv,tattoo,date,E023,19/07/1988,3
tblCulture.csv,tattoo,date,E023,30/10/1991,2
tblCulture.csv,tattoo,date,E024,04/10/1988,3
tblCulture.csv,tattoo,date,E024,11/05/1988,2
tblCulture.csv,tattoo,date,E024,18/10/1989,2
tblCulture.csv,tattoo,date,E024,19/07/1988,3
tblCulture.csv,tattoo,date,E024,23/03/1990,4
tblCulture.csv,tattoo,date,E024,23/05/1989,3
tblCulture.csv,tattoo,date,E024,25/01/1989,3
tblCulture.csv,tattoo,date,E025,11/05/1988,3
tblCulture.csv,tattoo,date,E025,19/07/1988,3
tblCulture.csv,tattoo,date,E026,11/05/1988,3
tblCulture.csv,tattoo,date,E026,19/07/1988,2
tblCulture.csv,tattoo,date,E027,01/08/1989,3
tblCulture.csv,tattoo,date,E027,04/06/1991,3
tblCulture.csv,tattoo,date,E027,05/10/1988,3
tblCulture.csv,tattoo,date,E027,06/10/1992,3
tblCulture.csv,tattoo,date,E027,11/05/1988,3
tblCulture.csv,tattoo,date,E027,14/08/1991,4
tblCulture.csv,tattoo,date,E027,16/10/1990,3
tblCulture.csv,tattoo,date,E027,17/10/1989,2
tblCulture.csv,tattoo,date,E027,19/07/1988,2
tblCulture.csv,tattoo,date,E027,21/06/1994,2
tblCulture.csv,tattoo,date,E027,22/01/1990,5
tblCulture.csv,tattoo,date,E027,23/05/1989,3
tblCulture.csv,tattoo,date,E027,24/01/1989,3
tblCulture.csv,tattoo,date,E027,28/07/1992,5
tblCulture.csv,tattoo,date,E027,30/09/1994,2
tblCulture.csv,tattoo,date,E027,31/07/1990,2
tblCulture.csv,tattoo,date,E028,24/05/1988,2
tblCulture.csv,tattoo,date,E029,24/05/1988,2
tblCulture.csv,tattoo,date,E030,01/11/1994,3
tblCulture.csv,tattoo,date,E030,02/08/1988,2
tblCulture.csv,tattoo,date,E030,03/09/1991,3
tblCulture.csv,tattoo,date,E030,06/02/1990,3
tblCulture.csv,tattoo,date,E030,07/02/1989,2
tblCulture.csv,tattoo,date,E030,13/11/1991,3
tblCulture.csv,tattoo,date,E030,15/08/1990,3
tblCulture.csv,tattoo,date,E030,16/08/1994,2
tblCulture.csv,tattoo,date,E030,18/06/1991,2
tblCulture.csv,tattoo,date,E030,18/10/1988,2
tblCulture.csv,tattoo,date,E030,24/05/1988,2
tblCulture.csv,tattoo,date,E030,31/10/1989,3
tblCulture.csv,tattoo,date,E031,24/05/1988,2
tblCulture.csv,tattoo,date,E032,02/06/1992,3
tblCulture.csv,tattoo,date,E032,02/08/1988,3
tblCulture.csv,tattoo,date,E032,02/11/1994,3
tblCulture.csv,tattoo,date,E032,03/09/1991,3
tblCulture.csv,tattoo,date,E032,05/06/1990,3
tblCulture.csv,tattoo,date,E032,06/02/1990,3
tblCulture.csv,tattoo,date,E032,06/06/1989,3
tblCulture.csv,tattoo,date,E032,07/02/1989,3
tblCulture.csv,tattoo,date,E032,11/08/1992,3
tblCulture.csv,tattoo,date,E032,13/11/1991,3
tblCulture.csv,tattoo,date,E032,14/08/1990,4
tblCulture.csv,tattoo,date,E032,15/08/1989,3
tblCulture.csv,tattoo,date,E032,16/08/1994,3
tblCulture.csv,tattoo,date,E032,18/08/1993,4
tblCulture.csv,tattoo,date,E032,18/10/1988,3
tblCulture.csv,tattoo,date,E032,19/06/1991,2
tblCulture.csv,tattoo,date,E032,21/06/1994,4
tblCulture.csv,tattoo,date,E032,21/10/1992,3
tblCulture.csv,tattoo,date,E032,22/08/1995,3
tblCulture.csv,tattoo,date,E032,24/05/1988,2
tblCulture.csv,tattoo,date,E032,31/10/1989,3
tblCulture.csv,tattoo,date,E032,31/10/1990,4
tblCulture.csv,tattoo,date,E033,02/08/1988,3
tblCulture.csv,tattoo,date,E033,05/06/1990,3
tblCulture.csv,tattoo,date,E033,06/06/1989,3
tblCulture.csv,tattoo,date,E033,07/02/1989,3
tblCulture.csv,tattoo,date,E033,14/08/1990,3
tblCulture.csv,tattoo,date,E033,15/08/1989,3
tblCulture.csv,tattoo,date,E033,18/10/1988,3
tblCulture.csv,tattoo,date,E033,24/05/1988,2
tblCulture.csv,tattoo,date,E033,30/10/1990,2
tblCulture.csv,tattoo,date,E033,31/10/1989,3
tblCulture.csv,tattoo,date,E034,01/11/1989,3
tblCulture.csv,tattoo,date,E034,02/08/1988,3
tblCulture.csv,tattoo,date,E034,03/09/1991,3
tblCulture.csv,tattoo,date,E034,03/11/1992,2
tblCulture.csv,tattoo,date,E034,05/07/1995,3
tblCulture.csv,tattoo,date,E034,06/06/1989,3
tblCulture.csv,tattoo,date,E034,06/09/1994,4
tblCulture.csv,tattoo,date,E034,07/02/1989,2
tblCulture.csv,tattoo,date,E034,07/02/1990,3
tblCulture.csv,tattoo,date,E034,11/08/1992,3
tblCulture.csv,tattoo,date,E034,12/11/1991,3
tblCulture.csv,tattoo,date,E034,13/02/1996,2
tblCulture.csv,tattoo,date,E034,15/08/1989,2
tblCulture.csv,tattoo,date,E034,17/08/1993,2
tblCulture.csv,tattoo,date,E034,18/06/1991,3
tblCulture.csv,tattoo,date,E034,18/09/1991,3
tblCulture.csv,tattoo,date,E034,18/10/1988,2
tblCulture.csv,tattoo,date,E034,19/02/1991,3
tblCulture.csv,tattoo,date,E034,22/02/1994,3
tblCulture.csv,tattoo,date,E034,22/06/1993,3
tblCulture.csv,tattoo,date,E034,22/08/1995,2
tblCulture.csv,tattoo,date,E034,23/07/1996,3
tblCulture.csv,tattoo,date,E034,24/05/1988,2
tblCulture.csv,tattoo,date,E034,30/10/1990,3
tblCulture.csv,tattoo,date,E035,02/08/1988,3
tblCulture.csv,tattoo,date,E035,07/02/1989,3
tblCulture.csv,tattoo,date,E035,07/06/1989,2
tblCulture.csv,tattoo,date,E035,18/10/1988,3
tblCulture.csv,tattoo,date,E035,24/05/1988,2
tblCulture.csv,tattoo,date,E036,02/07/1991,3
tblCulture.csv,tattoo,date,E036,02/08/1988,3
tblCulture.csv,tattoo,date,E036,03/09/1991,3
tblCulture.csv,tattoo,date,E036,06/06/1989,3
tblCulture.csv,tattoo,date,E036,07/02/1989,2
tblCulture.csv,tattoo,date,E036,14/08/1990,3
tblCulture.csv,tattoo,date,E036,15/08/1989,3
tblCulture.csv,tattoo,date,E036,18/10/1988,3
tblCulture.csv,tattoo,date,E036,19/02/1991,3
tblCulture.csv,tattoo,date,E036,19/06/1990,4
tblCulture.csv,tattoo,date,E036,20/06/1989,2
tblCulture.csv,tattoo,date,E036,21/02/1990,4
tblCulture.csv,tattoo,date,E036,25/05/1988,3
tblCulture.csv,tattoo,date,E036,31/10/1989,3
tblCulture.csv,tattoo,date,E037,02/08/1988,3
tblCulture.csv,tattoo,date,E037,06/06/1989,4
tblCulture.csv,tattoo,date,E037,08/02/1989,2
tblCulture.csv,tattoo,date,E037,15/08/1989,3
tblCulture.csv,tattoo,date,E037,18/10/1988,3
tblCulture.csv,tattoo,date,E037,25/05/1988,3
tblCulture.csv,tattoo,date,E038,02/08/1988,3
tblCulture.csv,tattoo,date,E038,05/06/1990,3
tblCulture.csv,tattoo,date,E038,06/02/1990,3
tblCulture.csv,tattoo,date,E038,07/02/1989,3
tblCulture.csv,tattoo,date,E038,15/08/1990,3
tblCulture.csv,tattoo,date,E038,18/10/1988,3
tblCulture.csv,tattoo,date,E038,19/02/1991,3
tblCulture.csv,tattoo,date,E038,25/05/1988,2
tblCulture.csv,tattoo,date,E038,30/10/1990,3
tblCulture.csv,tattoo,date,E038,31/10/1989,3
tblCulture.csv,tattoo,date,E039,02/02/1989,3
tblCulture.csv,tattoo,date,E039,02/08/1988,2
tblCulture.csv,tattoo,date,E039,03/09/1991,3
tblCulture.csv,tattoo,date,E039,06/02/1990,3
tblCulture.csv,tattoo,date,E039,06/06/1989,3
tblCulture.csv,tattoo,date,E039,08/02/1989,3
tblCulture.csv,tattoo,date,E039,12/11/1991,3
tblCulture.csv,tattoo,date,E039,14/08/1990,3
tblCulture.csv,tattoo,date,E039,15/08/1989,3
tblCulture.csv,tattoo,date,E039,18/06/1991,3
tblCulture.csv,tattoo,date,E039,18/10/1988,2
tblCulture.csv,tattoo,date,E039,25/05/1988,3
tblCulture.csv,tattoo,date,E039,30/10/1990,3
tblCulture.csv,tattoo,date,E039,31/10/1989,3
tblCulture.csv,tattoo,date,E040,25/05/1988,2
tblCulture.csv,tattoo,date,E041,01/11/1988,3
tblCulture.csv,tattoo,date,E041,02/07/1991,3
tblCulture.csv,tattoo,date,E041,07/06/1988,2
tblCulture.csv,tattoo,date,E041,16/08/1988,3
tblCulture.csv,tattoo,date,E041,20/06/1989,3
tblCulture.csv,tattoo,date,E042,07/06/1988,3
tblCulture.csv,tattoo,date,E042,17/06/1992,3
tblCulture.csv,tattoo,date,E042,17/08/1988,3
tblCulture.csv,tattoo,date,E042,21/02/1989,3
tblCulture.csv,tattoo,date,E042,21/06/1989,3
tblCulture.csv,tattoo,date,E042,22/06/1993,3
tblCulture.csv,tattoo,date,E043,08/06/1988,3
tblCulture.csv,tattoo,date,E043,16/08/1988,3
tblCulture.csv,tattoo,date,E044,02/10/1991,3
tblCulture.csv,tattoo,date,E044,03/07/1990,3
tblCulture.csv,tattoo,date,E044,04/07/1989,4
tblCulture.csv,tattoo,date,E044,06/09/1988,3
tblCulture.csv,tattoo,date,E044,16/07/1991,3
tblCulture.csv,tattoo,date,E044,21/06/1988,2
tblCulture.csv,tattoo,date,E044,30/06/1992,3
tblCulture.csv,tattoo,date,E045,04/07/1989,3
tblCulture.csv,tattoo,date,E045,06/09/1988,2
tblCulture.csv,tattoo,date,E045,07/03/1989,2
tblCulture.csv,tattoo,date,E045,15/11/1988,3
tblCulture.csv,tattoo,date,E045,19/09/1989,3
tblCulture.csv,tattoo,date,E045,21/06/1988,3
tblCulture.csv,tattoo,date,E045,28/11/1989,3
tblCulture.csv,tattoo,date,E046,04/07/1989,4
tblCulture.csv,tattoo,date,E046,21/06/1988,2
tblCulture.csv,tattoo,date,E047,07/09/1988,3
tblCulture.csv,tattoo,date,E047,21/06/1988,2
tblCulture.csv,tattoo,date,E048,07/03/1989,4
tblCulture.csv,tattoo,date,E048,07/09/1988,3
tblCulture.csv,tattoo,date,E048,15/11/1988,2
tblCulture.csv,tattoo,date,E048,21/06/1988,3
tblCulture.csv,tattoo,date,E049,21/06/1988,3
tblCulture.csv,tattoo,date,E050,06/09/1988,3
tblCulture.csv,tattoo,date,E050,07/03/1989,4
tblCulture.csv,tattoo,date,E050,14/03/1990,3
tblCulture.csv,tattoo,date,E050,16/11/1988,3
tblCulture.csv,tattoo,date,E050,21/06/1988,3
tblCulture.csv,tattoo,date,E051,03/07/1990,3
tblCulture.csv,tattoo,date,E051,04/07/1989,3
tblCulture.csv,tattoo,date,E051,06/09/1988,3
tblCulture.csv,tattoo,date,E051,07/03/1989,3
tblCulture.csv,tattoo,date,E051,15/11/1988,3
tblCulture.csv,tattoo,date,E051,18/09/1990,3
tblCulture.csv,tattoo,date,E051,21/06/1988,3
tblCulture.csv,tattoo,date,E051,28/11/1989,3
tblCulture.csv,tattoo,date,E052,01/07/1992,2
tblCulture.csv,tattoo,date,E052,19/09/1989,2
tblCulture.csv,tattoo,date,E052,21/06/1988,3
tblCulture.csv,tattoo,date,E053,02/07/1991,4
tblCulture.csv,tattoo,date,E053,03/07/1990,3
tblCulture.csv,tattoo,date,E053,03/11/1992,3
tblCulture.csv,tattoo,date,E053,04/07/1989,4
tblCulture.csv,tattoo,date,E053,04/09/1990,3
tblCulture.csv,tattoo,date,E053,05/07/1994,3
tblCulture.csv,tattoo,date,E053,06/09/1988,3
tblCulture.csv,tattoo,date,E053,06/09/1994,3
tblCulture.csv,tattoo,date,E053,07/03/1989,4
tblCulture.csv,tattoo,date,E053,07/09/1993,3
tblCulture.csv,tattoo,date,E053,10/11/1993,3
tblCulture.csv,tattoo,date,E053,14/03/1990,4
tblCulture.csv,tattoo,date,E053,15/11/1988,3
tblCulture.csv,tattoo,date,E053,16/06/1992,3
tblCulture.csv,tattoo,date,E053,17/09/1991,3
tblCulture.csv,tattoo,date,E053,19/09/1989,2
tblCulture.csv,tattoo,date,E053,21/06/1988,3
tblCulture.csv,tattoo,date,E053,22/06/1993,2
tblCulture.csv,tattoo,date,E053,23/02/1993,3
tblCulture.csv,tattoo,date,E053,25/08/1992,3
tblCulture.csv,tattoo,date,E053,27/11/1991,3
tblCulture.csv,tattoo,date,E054,04/07/1989,4
tblCulture.csv,tattoo,date,E054,06/09/1988,3
tblCulture.csv,tattoo,date,E054,15/11/1988,3
tblCulture.csv,tattoo,date,E054,19/09/1989,3
tblCulture.csv,tattoo,date,E054,20/02/1990,3
tblCulture.csv,tattoo,date,E054,20/06/1990,3
tblCulture.csv,tattoo,date,E055,06/09/1988,3
tblCulture.csv,tattoo,date,E055,16/11/1988,3
tblCulture.csv,tattoo,date,E055,18/09/1990,3
tblCulture.csv,tattoo,date,E055,19/09/1989,3
tblCulture.csv,tattoo,date,E055,21/06/1988,2
tblCulture.csv,tattoo,date,E055,27/11/1990,3
tblCulture.csv,tattoo,date,E055,28/11/1989,3
tblCulture.csv,tattoo,date,E056,22/06/1988,4
tblCulture.csv,tattoo,date,E057,06/09/1988,3
tblCulture.csv,tattoo,date,E057,07/03/1989,3
tblCulture.csv,tattoo,date,E057,15/11/1988,3
tblCulture.csv,tattoo,date,E057,22/06/1988,2
tblCulture.csv,tattoo,date,E058,04/07/1989,3
tblCulture.csv,tattoo,date,E058,05/09/1995,3
tblCulture.csv,tattoo,date,E058,06/09/1988,3
tblCulture.csv,tattoo,date,E058,07/07/1993,3
tblCulture.csv,tattoo,date,E058,08/09/1993,3
tblCulture.csv,tattoo,date,E058,13/03/1990,3
tblCulture.csv,tattoo,date,E058,15/11/1988,3
tblCulture.csv,tattoo,date,E058,17/10/1995,3
tblCulture.csv,tattoo,date,E058,18/08/1993,2
tblCulture.csv,tattoo,date,E058,18/09/1990,3
tblCulture.csv,tattoo,date,E058,18/09/1991,3
tblCulture.csv,tattoo,date,E058,22/06/1988,2
tblCulture.csv,tattoo,date,E058,24/07/1996,3
tblCulture.csv,tattoo,date,E059,04/10/1989,3
tblCulture.csv,tattoo,date,E059,05/07/1988,2
tblCulture.csv,tattoo,date,E059,12/05/1993,3
tblCulture.csv,tattoo,date,E059,16/10/1991,3
tblCulture.csv,tattoo,date,E059,18/07/1989,3
tblCulture.csv,tattoo,date,E059,20/09/1988,3
tblCulture.csv,tattoo,date,E059,21/03/1989,3
tblCulture.csv,tattoo,date,E059,22/05/1991,4
tblCulture.csv,tattoo,date,E059,26/07/1994,3
tblCulture.csv,tattoo,date,E059,30/07/1991,3
tblCulture.csv,tattoo,date,E060,04/10/1989,3
tblCulture.csv,tattoo,date,E060,04/10/1994,3
tblCulture.csv,tattoo,date,E060,05/07/1988,2
tblCulture.csv,tattoo,date,E060,14/09/1993,3
tblCulture.csv,tattoo,date,E060,18/07/1989,4
tblCulture.csv,tattoo,date,E060,20/09/1988,3
tblCulture.csv,tattoo,date,E060,21/05/1991,3
tblCulture.csv,tattoo,date,E060,21/07/1993,3
tblCulture.csv,tattoo,date,E061,05/07/1988,3
tblCulture.csv,tattoo,date,E061,15/01/1991,4
tblCulture.csv,tattoo,date,E061,15/01/1992,4
tblCulture.csv,tattoo,date,E061,15/07/1992,4
tblCulture.csv,tattoo,date,E061,20/07/1993,3
tblCulture.csv,tattoo,date,E061,21/03/1989,3
tblCulture.csv,tattoo,date,E061,21/09/1988,3
tblCulture.csv,tattoo,date,E061,22/05/1991,3
tblCulture.csv,tattoo,date,E061,23/09/1992,3
tblCulture.csv,tattoo,date,E061,30/07/1991,3
tblCulture.csv,tattoo,date,E062,05/07/1988,3
tblCulture.csv,tattoo,date,E062,18/07/1989,3
tblCulture.csv,tattoo,date,E062,20/09/1988,3
tblCulture.csv,tattoo,date,E063,03/10/1989,3
tblCulture.csv,tattoo,date,E063,05/07/1988,3
tblCulture.csv,tattoo,date,E063,10/01/1989,3
tblCulture.csv,tattoo,date,E063,12/05/1993,3
tblCulture.csv,tattoo,date,E063,14/09/1993,3
tblCulture.csv,tattoo,date,E063,17/07/1990,3
tblCulture.csv,tattoo,date,E063,18/07/1989,3
tblCulture.csv,tattoo,date,E063,20/03/1989,3
tblCulture.csv,tattoo,date,E063,20/09/1988,3
tblCulture.csv,tattoo,date,E063,21/05/1991,3
tblCulture.csv,tattoo,date,E064,04/10/1989,3
tblCulture.csv,tattoo,date,E064,05/07/1988,3
tblCulture.csv,tattoo,date,E064,15/01/1991,3
tblCulture.csv,tattoo,date,E064,21/03/1989,3
tblCulture.csv,tattoo,date,E064,22/09/1992,3
tblCulture.csv,tattoo,date,E065,04/10/1989,2
tblCulture.csv,tattoo,date,E065,06/07/1988,3
tblCulture.csv,tattoo,date,E065,16/10/1991,3
tblCulture.csv,tattoo,date,E065,18/07/1989,3
tblCulture.csv,tattoo,date,E065,20/09/1988,3
tblCulture.csv,tattoo,date,E065,21/05/1991,3
tblCulture.csv,tattoo,date,E065,25/05/1994,2
tblCulture.csv,tattoo,date,E066,06/07/1988,2
tblCulture.csv,tattoo,date,E066,11/01/1989,3
tblCulture.csv,tattoo,date,E066,18/07/1990,3
tblCulture.csv,tattoo,date,E066,19/07/1989,4
tblCulture.csv,tattoo,date,E066,20/03/1990,3
tblCulture.csv,tattoo,date,E066,21/09/1988,3
tblCulture.csv,tattoo,date,E067,10/01/1989,3
tblCulture.csv,tattoo,date,E067,13/05/1992,2
tblCulture.csv,tattoo,date,E067,14/07/1992,3
tblCulture.csv,tattoo,date,E067,15/01/1991,3
tblCulture.csv,tattoo,date,E067,17/07/1990,3
tblCulture.csv,tattoo,date,E067,19/07/1989,4
tblCulture.csv,tattoo,date,E067,20/03/1990,2
tblCulture.csv,tattoo,date,E067,20/07/1993,3
tblCulture.csv,tattoo,date,E067,30/07/1991,3
tblCulture.csv,tattoo,date,E068,01/08/1989,3
tblCulture.csv,tattoo,date,E068,04/09/1996,5
tblCulture.csv,tattoo,date,E068,04/10/1988,3
tblCulture.csv,tattoo,date,E068,05/06/1991,3
tblCulture.csv,tattoo,date,E068,08/08/1995,3
tblCulture.csv,tattoo,date,E068,13/08/1991,4
tblCulture.csv,tattoo,date,E068,16/10/1990,3
tblCulture.csv,tattoo,date,E068,17/10/1989,2
tblCulture.csv,tattoo,date,E068,19/07/1988,3
tblCulture.csv,tattoo,date,E068,19/09/1995,3
tblCulture.csv,tattoo,date,E068,22/05/1990,3
tblCulture.csv,tattoo,date,E068,23/01/1990,3
tblCulture.csv,tattoo,date,E068,24/01/1989,3
tblCulture.csv,tattoo,date,E068,24/05/1989,3
tblCulture.csv,tattoo,date,E068,26/06/1996,4
tblCulture.csv,tattoo,date,E068,29/07/1992,2
tblCulture.csv,tattoo,date,E068,29/10/1991,3
tblCulture.csv,tattoo,date,E068,30/07/1996,2
tblCulture.csv,tattoo,date,E069,01/08/1989,3
tblCulture.csv,tattoo,date,E069,04/10/1988,3
tblCulture.csv,tattoo,date,E069,19/07/1988,2
tblCulture.csv,tattoo,date,E070,04/10/1988,3
tblCulture.csv,tattoo,date,E070,18/10/1989,3
tblCulture.csv,tattoo,date,E071,01/08/1989,3
tblCulture.csv,tattoo,date,E071,04/09/1991,3
tblCulture.csv,tattoo,date,E071,04/10/1988,3
tblCulture.csv,tattoo,date,E071,13/08/1991,3
tblCulture.csv,tattoo,date,E071,16/10/1990,3
tblCulture.csv,tattoo,date,E071,17/10/1989,3
tblCulture.csv,tattoo,date,E071,19/07/1988,3
tblCulture.csv,tattoo,date,E071,23/05/1989,2
tblCulture.csv,tattoo,date,E071,23/05/1990,3
tblCulture.csv,tattoo,date,E071,28/07/1992,5
tblCulture.csv,tattoo,date,E071,31/07/1990,3
tblCulture.csv,tattoo,date,E072,01/08/1990,3
tblCulture.csv,tattoo,date,E072,02/08/1989,3
tblCulture.csv,tattoo,date,E072,03/08/1993,3
tblCulture.csv,tattoo,date,E072,04/10/1988,4
tblCulture.csv,tattoo,date,E072,05/06/1991,3
tblCulture.csv,tattoo,date,E072,17/10/1989,3
tblCulture.csv,tattoo,date,E072,17/10/1990,2
tblCulture.csv,tattoo,date,E072,19/05/1992,3
tblCulture.csv,tattoo,date,E072,19/07/1988,2
tblCulture.csv,tattoo,date,E072,19/10/1994,2
tblCulture.csv,tattoo,date,E072,24/01/1989,4
tblCulture.csv,tattoo,date,E073,01/08/1989,3
tblCulture.csv,tattoo,date,E073,03/08/1994,3
tblCulture.csv,tattoo,date,E073,04/10/1988,2
tblCulture.csv,tattoo,date,E073,08/08/1995,4
tblCulture.csv,tattoo,date,E073,13/08/1991,4
tblCulture.csv,tattoo,date,E073,13/10/1993,3
tblCulture.csv,tattoo,date,E073,17/10/1989,3
tblCulture.csv,tattoo,date,E073,19/07/1988,2
tblCulture.csv,tattoo,date,E073,19/09/1995,5
tblCulture.csv,tattoo,date,E073,21/06/1995,3
tblCulture.csv,tattoo,date,E073,22/01/1990,3
tblCulture.csv,tattoo,date,E073,22/05/1990,3
tblCulture.csv,tattoo,date,E073,24/05/1989,3
tblCulture.csv,tattoo,date,E073,26/01/1993,3
tblCulture.csv,tattoo,date,E073,28/07/1992,3
tblCulture.csv,tattoo,date,E073,31/07/1990,3
tblCulture.csv,tattoo,date,E074,04/10/1988,3
tblCulture.csv,tattoo,date,E074,05/06/1991,3
tblCulture.csv,tattoo,date,E074,16/10/1990,3
tblCulture.csv,tattoo,date,E074,19/07/1988,2
tblCulture.csv,tattoo,date,E074,22/05/1990,4
tblCulture.csv,tattoo,date,E074,23/03/1990,3
tblCulture.csv,tattoo,date,E074,23/05/1989,3
tblCulture.csv,tattoo,date,E074,24/01/1989,3
tblCulture.csv,tattoo,date,E074,29/01/1991,2
tblCulture.csv,tattoo,date,E074,31/07/1990,2
tblCulture.csv,tattoo,date,E075,04/10/1988,3
tblCulture.csv,tattoo,date,E075,19/07/1988,2
tblCulture.csv,tattoo,date,E076,01/08/1989,2
tblCulture.csv,tattoo,date,E076,04/10/1988,3
tblCulture.csv,tattoo,date,E076,14/08/1991,3
tblCulture.csv,tattoo,date,E076,16/10/1990,3
tblCulture.csv,tattoo,date,E076,17/10/1989,2
tblCulture.csv,tattoo,date,E076,19/07/1988,2
tblCulture.csv,tattoo,date,E076,24/01/1989,3
tblCulture.csv,tattoo,date,E076,24/01/1990,2
tblCulture.csv,tattoo,date,E076,24/05/1989,2
tblCulture.csv,tattoo,date,E076,25/05/1993,3
tblCulture.csv,tattoo,date,E076,29/01/1992,3
tblCulture.csv,tattoo,date,E076,31/07/1990,3
tblCulture.csv,tattoo,date,E077,02/08/1989,3
tblCulture.csv,tattoo,date,E077,04/06/1991,3
tblCulture.csv,tattoo,date,E077,04/10/1988,3
tblCulture.csv,tattoo,date,E077,16/10/1990,2
tblCulture.csv,tattoo,date,E077,19/05/1992,3
tblCulture.csv,tattoo,date,E077,19/07/1988,3
tblCulture.csv,tattoo,date,E077,23/05/1989,2
tblCulture.csv,tattoo,date,E077,23/05/1990,3
tblCulture.csv,tattoo,date,E077,25/01/1989,3
tblCulture.csv,tattoo,date,E078,04/10/1988,3
tblCulture.csv,tattoo,date,E078,19/07/1988,2
tblCulture.csv,tattoo,date,E078,25/01/1989,3
tblCulture.csv,tattoo,date,E079,01/08/1989,4
tblCulture.csv,tattoo,date,E079,04/06/1991,3
tblCulture.csv,tattoo,date,E079,04/10/1988,3
tblCulture.csv,tattoo,date,E079,17/10/1989,3
tblCulture.csv,tattoo,date,E079,17/10/1990,3
tblCulture.csv,tattoo,date,E079,19/07/1988,2
tblCulture.csv,tattoo,date,E079,22/01/1990,4
tblCulture.csv,tattoo,date,E079,22/05/1990,3
tblCulture.csv,tattoo,date,E079,23/05/1989,4
tblCulture.csv,tattoo,date,E079,24/01/1989,3
tblCulture.csv,tattoo,date,E079,31/07/1990,3
tblCulture.csv,tattoo,date,E080,01/08/1989,3
tblCulture.csv,tattoo,date,E080,03/08/1993,3
tblCulture.csv,tattoo,date,E080,04/10/1988,3
tblCulture.csv,tattoo,date,E080,05/06/1991,3
tblCulture.csv,tattoo,date,E080,06/10/1992,3
tblCulture.csv,tattoo,date,E080,13/08/1991,3
tblCulture.csv,tattoo,date,E080,17/10/1989,3
tblCulture.csv,tattoo,date,E080,17/10/1990,3
tblCulture.csv,tattoo,date,E080,19/07/1988,3
tblCulture.csv,tattoo,date,E080,22/05/1990,3
tblCulture.csv,tattoo,date,E080,25/01/1989,3
tblCulture.csv,tattoo,date,E080,29/10/1991,2
tblCulture.csv,tattoo,date,E081,04/10/1988,2
tblCulture.csv,tattoo,date,E081,19/07/1988,3
tblCulture.csv,tattoo,date,E081,23/05/1989,3
tblCulture.csv,tattoo,date,E081,24/01/1989,3
tblCulture.csv,tattoo,date,E082,04/10/1988,3
tblCulture.csv,tattoo,date,E082,18/10/1989,3
tblCulture.csv,tattoo,date,E082,19/07/1988,3
tblCulture.csv,tattoo,date,E082,22/05/1990,2
tblCulture.csv,tattoo,date,E082,25/01/1989,2
tblCulture.csv,tattoo,date,E083,04/10/1988,2
tblCulture.csv,tattoo,date,E083,05/10/1990,3
tblCulture.csv,tattoo,date,E083,07/06/1994,2
tblCulture.csv,tattoo,date,E083,14/01/1997,4
tblCulture.csv,tattoo,date,E083,17/05/1990,3
tblCulture.csv,tattoo,date,E083,17/10/1989,3
tblCulture.csv,tattoo,date,E083,18/10/1994,3
tblCulture.csv,tattoo,date,E083,19/07/1988,3
tblCulture.csv,tattoo,date,E083,20/06/1995,3
tblCulture.csv,tattoo,date,E083,21/09/1999,2
tblCulture.csv,tattoo,date,E083,23/05/1989,2
tblCulture.csv,tattoo,date,E083,23/05/1990,3
tblCulture.csv,tattoo,date,E083,25/01/1989,3
tblCulture.csv,tattoo,date,E083,25/05/1993,3
tblCulture.csv,tattoo,date,E083,29/07/1992,2
tblCulture.csv,tattoo,date,E083,31/07/1996,4
tblCulture.csv,tattoo,date,E084,04/10/1988,2
tblCulture.csv,tattoo,date,E084,19/07/1988,3
tblCulture.csv,tattoo,date,E085,04/10/1988,3
tblCulture.csv,tattoo,date,E085,24/05/1989,4
tblCulture.csv,tattoo,date,E085,25/01/1989,3
tblCulture.csv,tattoo,date,E086,01/11/1989,4
tblCulture.csv,tattoo,date,E086,02/08/1988,3
tblCulture.csv,tattoo,date,E086,04/09/1991,2
tblCulture.csv,tattoo,date,E086,06/06/1989,3
tblCulture.csv,tattoo,date,E086,09/06/1993,4
tblCulture.csv,tattoo,date,E086,14/08/1990,3
tblCulture.csv,tattoo,date,E086,15/08/1989,3
tblCulture.csv,tattoo,date,E086,17/10/1989,3
tblCulture.csv,tattoo,date,E086,18/10/1988,2
tblCulture.csv,tattoo,date,E086,19/02/1991,4
tblCulture.csv,tattoo,date,E086,23/02/1993,4
tblCulture.csv,tattoo,date,E086,24/01/1990,3
tblCulture.csv,tattoo,date,E087,01/11/1994,3
tblCulture.csv,tattoo,date,E087,02/08/1988,2
tblCulture.csv,tattoo,date,E087,03/09/1991,3
tblCulture.csv,tattoo,date,E087,06/02/1990,3
tblCulture.csv,tattoo,date,E087,06/06/1989,2
tblCulture.csv,tattoo,date,E087,07/02/1989,3
tblCulture.csv,tattoo,date,E087,09/06/1993,3
tblCulture.csv,tattoo,date,E087,10/02/1993,3
tblCulture.csv,tattoo,date,E087,12/11/1991,3
tblCulture.csv,tattoo,date,E087,15/08/1990,3
tblCulture.csv,tattoo,date,E087,17/08/1994,3
tblCulture.csv,tattoo,date,E087,18/06/1991,3
tblCulture.csv,tattoo,date,E087,18/08/1993,3
tblCulture.csv,tattoo,date,E087,18/10/1988,3
tblCulture.csv,tattoo,date,E087,19/02/1991,3
tblCulture.csv,tattoo,date,E087,20/10/1992,3
tblCulture.csv,tattoo,date,E087,31/10/1989,3
tblCulture.csv,tattoo,date,E088,02/08/1988,3
tblCulture.csv,tattoo,date,E088,03/09/1991,3
tblCulture.csv,tattoo,date,E088,05/06/1990,2
tblCulture.csv,tattoo,date,E088,06/06/1989,2
tblCulture.csv,tattoo,date,E088,07/02/1989,4
tblCulture.csv,tattoo,date,E088,08/02/1994,3
tblCulture.csv,tattoo,date,E088,08/06/1993,3
tblCulture.csv,tattoo,date,E088,11/02/1992,2
tblCulture.csv,tattoo,date,E088,11/08/1992,3
tblCulture.csv,tattoo,date,E088,14/08/1990,2
tblCulture.csv,tattoo,date,E088,15/08/1989,2
tblCulture.csv,tattoo,date,E088,17/08/1993,3
tblCulture.csv,tattoo,date,E088,18/06/1991,3
tblCulture.csv,tattoo,date,E088,21/02/1991,5
tblCulture.csv,tattoo,date,E088,26/10/1993,3
tblCulture.csv,tattoo,date,E088,31/10/1989,2
tblCulture.csv,tattoo,date,E089,16/08/1988,3
tblCulture.csv,tattoo,date,E089,20/06/1989,3
tblCulture.csv,tattoo,date,E089,20/06/1990,3
tblCulture.csv,tattoo,date,E089,21/02/1989,5
tblCulture.csv,tattoo,date,E089,24/02/1993,2
tblCulture.csv,tattoo,date,E090,17/08/1988,3
tblCulture.csv,tattoo,date,E091,06/09/1988,3
tblCulture.csv,tattoo,date,E091,15/11/1988,3
tblCulture.csv,tattoo,date,E092,05/07/1989,4
tblCulture.csv,tattoo,date,E092,06/09/1988,3
tblCulture.csv,tattoo,date,E092,07/03/1989,4
tblCulture.csv,tattoo,date,E092,07/07/1993,3
tblCulture.csv,tattoo,date,E092,09/07/1997,4
tblCulture.csv,tattoo,date,E092,14/03/1990,4
tblCulture.csv,tattoo,date,E092,16/07/1991,3
tblCulture.csv,tattoo,date,E092,30/06/1998,3
tblCulture.csv,tattoo,date,E093,10/01/1989,3
tblCulture.csv,tattoo,date,E093,18/07/1989,4
tblCulture.csv,tattoo,date,E093,20/03/1989,3
tblCulture.csv,tattoo,date,E093,20/03/1990,3
tblCulture.csv,tattoo,date,E093,20/09/1988,3
tblCulture.csv,tattoo,date,E094,01/08/1989,3
tblCulture.csv,tattoo,date,E094,04/10/1988,3
tblCulture.csv,tattoo,date,E094,16/10/1990,3
tblCulture.csv,tattoo,date,E094,17/10/1989,3
tblCulture.csv,tattoo,date,E094,23/05/1989,2
tblCulture.csv,tattoo,date,E094,29/10/1991,2
tblCulture.csv,tattoo,date,E094,31/07/1990,3
tblCulture.csv,tattoo,date,E095,04/10/1988,3
tblCulture.csv,tattoo,date,E096,05/10/1988,2
tblCulture.csv,tattoo,date,E096,25/01/1989,2
tblCulture.csv,tattoo,date,E097,01/11/1988,3
tblCulture.csv,tattoo,date,E097,04/09/1990,3
tblCulture.csv,tattoo,date,E097,14/11/1989,3
tblCulture.csv,tattoo,date,E097,14/11/1990,3
tblCulture.csv,tattoo,date,E097,16/06/1992,3
tblCulture.csv,tattoo,date,E097,17/09/1991,3
tblCulture.csv,tattoo,date,E097,19/06/1990,3
tblCulture.csv,tattoo,date,E097,20/06/1989,2
tblCulture.csv,tattoo,date,E097,21/02/1989,3
tblCulture.csv,tattoo,date,E097,26/02/1992,3
tblCulture.csv,tattoo,date,E097,26/11/1991,3
tblCulture.csv,tattoo,date,E098,01/11/1988,3
tblCulture.csv,tattoo,date,E098,03/07/1991,2
tblCulture.csv,tattoo,date,E098,13/11/1990,3
tblCulture.csv,tattoo,date,E098,15/11/1989,3
tblCulture.csv,tattoo,date,E098,20/02/1990,4
tblCulture.csv,tattoo,date,E098,21/02/1989,3
tblCulture.csv,tattoo,date,E098,21/06/1989,4
tblCulture.csv,tattoo,date,E099,02/11/1988,3
tblCulture.csv,tattoo,date,E100,05/09/1989,3
tblCulture.csv,tattoo,date,E100,06/12/1988,3
tblCulture.csv,tattoo,date,E100,17/10/1989,3
tblCulture.csv,tattoo,date,E100,23/05/1990,2
tblCulture.csv,tattoo,date,E100,24/01/1990,2
tblCulture.csv,tattoo,date,E100,24/05/1989,3
tblCulture.csv,tattoo,date,E101,06/12/1988,2
tblCulture.csv,tattoo,date,E101,18/10/1989,2
tblCulture.csv,tattoo,date,E101,20/03/1989,2
tblCulture.csv,tattoo,date,E101,22/05/1990,3
tblCulture.csv,tattoo,date,E102,06/12/1988,3
tblCulture.csv,tattoo,date,E102,20/03/1989,2
tblCulture.csv,tattoo,date,E103,04/06/1991,3
tblCulture.csv,tattoo,date,E103,05/09/1989,3
tblCulture.csv,tattoo,date,E103,06/12/1988,3
tblCulture.csv,tattoo,date,E103,07/10/1992,3
tblCulture.csv,tattoo,date,E103,16/10/1990,2
tblCulture.csv,tattoo,date,E103,18/10/1989,2
tblCulture.csv,tattoo,date,E103,19/05/1992,3
tblCulture.csv,tattoo,date,E103,19/10/1994,3
tblCulture.csv,tattoo,date,E103,22/05/1990,3
tblCulture.csv,tattoo,date,E103,28/07/1992,3
tblCulture.csv,tattoo,date,E104,05/09/1989,3
tblCulture.csv,tattoo,date,E104,06/12/1988,3
tblCulture.csv,tattoo,date,E104,23/05/1989,4
tblCulture.csv,tattoo,date,E105,06/12/1988,4
tblCulture.csv,tattoo,date,E106,03/08/1993,3
tblCulture.csv,tattoo,date,E106,05/06/1991,3
tblCulture.csv,tattoo,date,E106,06/09/1989,2
tblCulture.csv,tattoo,date,E106,06/12/1988,3
tblCulture.csv,tattoo,date,E106,16/10/1990,3
tblCulture.csv,tattoo,date,E106,23/05/1989,3
tblCulture.csv,tattoo,date,F001,03/08/1988,3
tblCulture.csv,tattoo,date,F001,05/11/1985,3
tblCulture.csv,tattoo,date,F001,10/11/1987,3
tblCulture.csv,tattoo,date,F001,11/02/1987,2
tblCulture.csv,tattoo,date,F001,12/05/1987,3
tblCulture.csv,tattoo,date,F001,12/11/1986,3
tblCulture.csv,tattoo,date,F001,13/05/1986,4
tblCulture.csv,tattoo,date,F001,13/08/1986,2
tblCulture.csv,tattoo,date,F001,14/08/1985,2
tblCulture.csv,tattoo,date,F001,18/02/1986,3
tblCulture.csv,tattoo,date,F001,18/08/1987,3
tblCulture.csv,tattoo,date,F001,18/10/1988,2
tblCulture.csv,tattoo,date,F001,20/05/1985,2
tblCulture.csv,tattoo,date,F001,24/05/1988,3
tblCulture.csv,tattoo,date,F002,05/11/1985,3
tblCulture.csv,tattoo,date,F002,10/02/1987,2
tblCulture.csv,tattoo,date,F002,12/05/1987,2
tblCulture.csv,tattoo,date,F002,13/05/1986,3
tblCulture.csv,tattoo,date,F002,13/08/1985,2
tblCulture.csv,tattoo,date,F002,18/02/1986,3
tblCulture.csv,tattoo,date,F002,18/08/1987,3
tblCulture.csv,tattoo,date,F003,05/11/1985,2
tblCulture.csv,tattoo,date,F003,11/11/1986,3
tblCulture.csv,tattoo,date,F003,12/08/1986,2
tblCulture.csv,tattoo,date,F003,13/05/1986,2
tblCulture.csv,tattoo,date,F003,13/08/1985,3
tblCulture.csv,tattoo,date,F003,20/05/1985,2
tblCulture.csv,tattoo,date,F004,03/07/1985,2
tblCulture.csv,tattoo,date,F004,05/11/1985,2
tblCulture.csv,tattoo,date,F004,11/11/1986,5
tblCulture.csv,tattoo,date,F004,12/08/1986,3
tblCulture.csv,tattoo,date,F004,13/05/1986,3
tblCulture.csv,tattoo,date,F004,13/05/1987,2
tblCulture.csv,tattoo,date,F004,20/05/1985,3
tblCulture.csv,tattoo,date,F005,05/11/1985,2
tblCulture.csv,tattoo,date,F005,10/02/1988,3
tblCulture.csv,tattoo,date,F005,10/02/1993,2
tblCulture.csv,tattoo,date,F005,13/05/1986,3
tblCulture.csv,tattoo,date,F005,13/08/1985,3
tblCulture.csv,tattoo,date,F006,13/08/1985,3
tblCulture.csv,tattoo,date,F007,03/06/1992,3
tblCulture.csv,tattoo,date,F007,03/11/1992,2
tblCulture.csv,tattoo,date,F007,04/09/1991,3
tblCulture.csv,tattoo,date,F007,05/11/1985,3
tblCulture.csv,tattoo,date,F007,11/05/1987,3
tblCulture.csv,tattoo,date,F007,12/11/1986,3
tblCulture.csv,tattoo,date,F007,15/08/1989,3
tblCulture.csv,tattoo,date,F007,17/08/1993,3
tblCulture.csv,tattoo,date,F007,18/06/1991,3
tblCulture.csv,tattoo,date,F007,18/10/1988,3
tblCulture.csv,tattoo,date,F007,20/05/1985,2
tblCulture.csv,tattoo,date,F007,20/10/1992,2
tblCulture.csv,tattoo,date,F007,26/10/1993,2
tblCulture.csv,tattoo,date,F007,31/10/1989,3
tblCulture.csv,tattoo,date,F009,05/11/1985,2
tblCulture.csv,tattoo,date,F009,09/02/1988,4
tblCulture.csv,tattoo,date,F009,10/02/1987,4
tblCulture.csv,tattoo,date,F009,11/11/1986,4
tblCulture.csv,tattoo,date,F009,11/11/1987,4
tblCulture.csv,tattoo,date,F009,12/05/1987,2
tblCulture.csv,tattoo,date,F009,12/08/1986,3
tblCulture.csv,tattoo,date,F009,13/05/1986,2
tblCulture.csv,tattoo,date,F009,18/02/1986,3
tblCulture.csv,tattoo,date,F009,18/08/1987,3
tblCulture.csv,tattoo,date,F009,18/10/1988,4
tblCulture.csv,tattoo,date,F009,24/05/1988,4
tblCulture.csv,tattoo,date,F010,05/11/1985,2
tblCulture.csv,tattoo,date,F010,13/08/1985,2
tblCulture.csv,tattoo,date,F010,20/05/1985,2
tblCulture.csv,tattoo,date,F011,05/11/1985,3
tblCulture.csv,tattoo,date,F011,12/05/1987,3
tblCulture.csv,tattoo,date,F011,17/02/1986,3
tblCulture.csv,tattoo,date,F011,18/08/1987,3
tblCulture.csv,tattoo,date,F012,03/03/1986,2
tblCulture.csv,tattoo,date,F012,05/11/1985,3
tblCulture.csv,tattoo,date,F012,12/08/1986,3
tblCulture.csv,tattoo,date,F012,13/05/1986,2
tblCulture.csv,tattoo,date,F012,13/08/1985,2
tblCulture.csv,tattoo,date,F012,20/05/1985,3
tblCulture.csv,tattoo,date,F013,02/08/1989,3
tblCulture.csv,tattoo,date,F013,04/06/1991,3
tblCulture.csv,tattoo,date,F013,04/10/1988,4
tblCulture.csv,tattoo,date,F013,05/11/1985,2
tblCulture.csv,tattoo,date,F013,11/05/1987,3
tblCulture.csv,tattoo,date,F013,13/08/1985,2
tblCulture.csv,tattoo,date,F013,14/08/1991,2
tblCulture.csv,tattoo,date,F013,17/02/1986,3
tblCulture.csv,tattoo,date,F013,18/08/1987,3
tblCulture.csv,tattoo,date,F013,18/10/1989,3
tblCulture.csv,tattoo,date,F013,18/10/1994,3
tblCulture.csv,tattoo,date,F013,19/07/1988,3
tblCulture.csv,tattoo,date,F013,20/06/1995,3
tblCulture.csv,tattoo,date,F013,22/05/1990,3
tblCulture.csv,tattoo,date,F013,28/07/1992,3
tblCulture.csv,tattoo,date,F013,31/07/1990,3
tblCulture.csv,tattoo,date,F014,06/11/1985,3
tblCulture.csv,tattoo,date,F014,12/08/1986,3
tblCulture.csv,tattoo,date,F014,14/05/1986,3
tblCulture.csv,tattoo,date,F014,17/02/1986,3
tblCulture.csv,tattoo,date,F015,03/03/1986,2
tblCulture.csv,tattoo,date,F015,05/11/1985,2
tblCulture.csv,tattoo,date,F015,13/08/1985,2
tblCulture.csv,tattoo,date,F015,20/05/1985,2
tblCulture.csv,tattoo,date,F016,13/08/1985,2
tblCulture.csv,tattoo,date,F017,05/11/1985,2
tblCulture.csv,tattoo,date,F017,17/02/1986,2
tblCulture.csv,tattoo,date,F018,20/05/1985,2
tblCulture.csv,tattoo,date,F019,12/08/1986,3
tblCulture.csv,tattoo,date,F019,13/05/1986,3
tblCulture.csv,tattoo,date,F019,13/08/1985,3
tblCulture.csv,tattoo,date,F019,20/05/1985,2
tblCulture.csv,tattoo,date,F020,02/08/1988,3
tblCulture.csv,tattoo,date,F020,05/11/1985,2
tblCulture.csv,tattoo,date,F020,09/02/1988,2
tblCulture.csv,tattoo,date,F020,11/11/1986,3
tblCulture.csv,tattoo,date,F020,11/11/1987,3
tblCulture.csv,tattoo,date,F020,12/05/1987,4
tblCulture.csv,tattoo,date,F020,12/08/1986,2
tblCulture.csv,tattoo,date,F020,13/05/1986,2
tblCulture.csv,tattoo,date,F020,13/08/1985,2
tblCulture.csv,tattoo,date,F020,14/04/1986,2
tblCulture.csv,tattoo,date,F020,18/08/1987,4
tblCulture.csv,tattoo,date,F020,18/10/1988,5
tblCulture.csv,tattoo,date,F020,20/05/1985,2
tblCulture.csv,tattoo,date,F020,24/05/1988,2
tblCulture.csv,tattoo,date,F022,09/02/1988,3
tblCulture.csv,tattoo,date,F022,11/02/1987,6
tblCulture.csv,tattoo,date,F022,12/05/1986,2
tblCulture.csv,tattoo,date,F022,13/08/1986,3
tblCulture.csv,tattoo,date,F022,20/05/1985,2
tblCulture.csv,tattoo,date,F023,04/06/1991,3
tblCulture.csv,tattoo,date,F023,05/11/1985,3
tblCulture.csv,tattoo,date,F023,12/08/1986,3
tblCulture.csv,tattoo,date,F023,13/10/1993,2
tblCulture.csv,tattoo,date,F023,14/08/1985,2
tblCulture.csv,tattoo,date,F023,19/08/1987,3
tblCulture.csv,tattoo,date,F023,20/07/1988,3
tblCulture.csv,tattoo,date,F023,21/05/1985,2
tblCulture.csv,tattoo,date,F023,22/05/1990,3
tblCulture.csv,tattoo,date,F023,23/05/1989,3
tblCulture.csv,tattoo,date,F024,05/11/1985,3
tblCulture.csv,tattoo,date,F024,13/05/1986,3
tblCulture.csv,tattoo,date,F024,13/08/1985,2
tblCulture.csv,tattoo,date,F024,21/05/1985,3
tblCulture.csv,tattoo,date,F025,05/11/1985,2
tblCulture.csv,tattoo,date,F025,12/05/1987,4
tblCulture.csv,tattoo,date,F025,12/08/1986,3
tblCulture.csv,tattoo,date,F025,13/05/1986,3
tblCulture.csv,tattoo,date,F025,13/08/1985,3
tblCulture.csv,tattoo,date,F025,21/05/1985,2
tblCulture.csv,tattoo,date,F026,03/03/1986,2
tblCulture.csv,tattoo,date,F026,05/11/1985,2
tblCulture.csv,tattoo,date,F026,13/08/1985,2
tblCulture.csv,tattoo,date,F026,21/05/1985,2
tblCulture.csv,tattoo,date,F027,03/08/1988,3
tblCulture.csv,tattoo,date,F027,05/11/1985,3
tblCulture.csv,tattoo,date,F027,09/02/1988,5
tblCulture.csv,tattoo,date,F027,10/02/1987,4
tblCulture.csv,tattoo,date,F027,11/11/1986,2
tblCulture.csv,tattoo,date,F027,11/11/1987,2
tblCulture.csv,tattoo,date,F027,12/08/1986,2
tblCulture.csv,tattoo,date,F027,13/05/1986,3
tblCulture.csv,tattoo,date,F027,13/05/1987,3
tblCulture.csv,tattoo,date,F027,21/05/1985,3
tblCulture.csv,tattoo,date,F027,25/05/1988,3
tblCulture.csv,tattoo,date,F028,12/05/1987,5
tblCulture.csv,tattoo,date,F028,13/05/1986,2
tblCulture.csv,tattoo,date,F028,13/08/1985,2
tblCulture.csv,tattoo,date,F028,17/02/1986,3
tblCulture.csv,tattoo,date,F028,21/05/1985,2
tblCulture.csv,tattoo,date,F029,06/11/1985,2
tblCulture.csv,tattoo,date,F029,17/02/1986,4
tblCulture.csv,tattoo,date,F029,21/05/1985,3
tblCulture.csv,tattoo,date,F030,03/07/1985,2
tblCulture.csv,tattoo,date,F030,05/11/1985,2
tblCulture.csv,tattoo,date,F030,06/04/1988,2
tblCulture.csv,tattoo,date,F030,13/05/1986,4
tblCulture.csv,tattoo,date,F030,13/08/1985,3
tblCulture.csv,tattoo,date,F030,13/08/1986,2
tblCulture.csv,tattoo,date,F030,16/03/1988,5
tblCulture.csv,tattoo,date,F030,17/02/1986,2
tblCulture.csv,tattoo,date,F030,29/05/1985,2
tblCulture.csv,tattoo,date,F031,29/05/1985,2
tblCulture.csv,tattoo,date,F032,05/11/1985,2
tblCulture.csv,tattoo,date,F032,20/08/1986,3
tblCulture.csv,tattoo,date,F032,29/05/1985,2
tblCulture.csv,tattoo,date,F033,02/08/1989,3
tblCulture.csv,tattoo,date,F033,06/11/1985,3
tblCulture.csv,tattoo,date,F033,12/05/1987,3
tblCulture.csv,tattoo,date,F033,12/11/1986,3
tblCulture.csv,tattoo,date,F033,13/08/1985,3
tblCulture.csv,tattoo,date,F033,18/10/1989,3
tblCulture.csv,tattoo,date,F033,19/07/1988,2
tblCulture.csv,tattoo,date,F033,22/05/1990,3
tblCulture.csv,tattoo,date,F033,29/05/1985,2
tblCulture.csv,tattoo,date,F034,05/11/1985,3
tblCulture.csv,tattoo,date,F034,13/05/1986,2
tblCulture.csv,tattoo,date,F034,13/08/1985,2
tblCulture.csv,tattoo,date,F034,29/05/1985,2
tblCulture.csv,tattoo,date,F035,29/05/1985,2
tblCulture.csv,tattoo,date,F036,05/11/1985,2
tblCulture.csv,tattoo,date,F036,12/08/1986,5
tblCulture.csv,tattoo,date,F036,12/11/1986,4
tblCulture.csv,tattoo,date,F036,13/05/1986,3
tblCulture.csv,tattoo,date,F036,13/08/1985,3
tblCulture.csv,tattoo,date,F036,18/02/1986,2
tblCulture.csv,tattoo,date,F036,29/05/1985,2
tblCulture.csv,tattoo,date,F037,05/11/1985,2
tblCulture.csv,tattoo,date,F037,12/08/1986,2
tblCulture.csv,tattoo,date,F037,13/05/1986,4
tblCulture.csv,tattoo,date,F037,13/08/1985,3
tblCulture.csv,tattoo,date,F037,17/02/1986,4
tblCulture.csv,tattoo,date,F037,30/05/1985,2
tblCulture.csv,tattoo,date,F038,05/11/1985,2
tblCulture.csv,tattoo,date,F038,14/05/1986,2
tblCulture.csv,tattoo,date,F038,14/08/1985,3
tblCulture.csv,tattoo,date,F038,19/08/1987,2
tblCulture.csv,tattoo,date,F038,22/05/1990,4
tblCulture.csv,tattoo,date,F038,23/05/1989,3
tblCulture.csv,tattoo,date,F038,30/05/1985,2
tblCulture.csv,tattoo,date,F038,31/07/1990,3
tblCulture.csv,tattoo,date,F039,06/06/1985,2
tblCulture.csv,tattoo,date,F040,06/06/1985,2
tblCulture.csv,tattoo,date,F040,19/11/1985,2
tblCulture.csv,tattoo,date,F041,05/11/1985,3
tblCulture.csv,tattoo,date,F041,09/03/1988,5
tblCulture.csv,tattoo,date,F041,12/08/1986,3
tblCulture.csv,tattoo,date,F041,13/05/1986,3
tblCulture.csv,tattoo,date,F041,19/06/1985,3
tblCulture.csv,tattoo,date,F042,01/08/1989,3
tblCulture.csv,tattoo,date,F042,03/08/1988,3
tblCulture.csv,tattoo,date,F042,05/11/1985,2
tblCulture.csv,tattoo,date,F042,06/06/1989,2
tblCulture.csv,tattoo,date,F042,11/11/1987,2
tblCulture.csv,tattoo,date,F042,12/11/1986,2
tblCulture.csv,tattoo,date,F042,13/05/1986,2
tblCulture.csv,tattoo,date,F042,13/08/1986,2
tblCulture.csv,tattoo,date,F042,19/06/1985,2
tblCulture.csv,tattoo,date,F042,23/05/1989,3
tblCulture.csv,tattoo,date,F042,27/10/1987,3
tblCulture.csv,tattoo,date,F043,02/07/1985,2
tblCulture.csv,tattoo,date,F043,03/11/1992,3
tblCulture.csv,tattoo,date,F043,04/12/1985,2
tblCulture.csv,tattoo,date,F043,05/09/1990,3
tblCulture.csv,tattoo,date,F043,09/11/1993,3
tblCulture.csv,tattoo,date,F043,13/11/1990,4
tblCulture.csv,tattoo,date,F043,14/11/1989,3
tblCulture.csv,tattoo,date,F043,16/08/1988,3
tblCulture.csv,tattoo,date,F043,18/06/1986,4
tblCulture.csv,tattoo,date,F043,18/09/1991,3
tblCulture.csv,tattoo,date,F043,20/08/1985,2
tblCulture.csv,tattoo,date,F043,21/02/1989,3
tblCulture.csv,tattoo,date,F043,23/02/1993,3
tblCulture.csv,tattoo,date,F043,23/06/1993,3
tblCulture.csv,tattoo,date,F043,25/03/1986,2
tblCulture.csv,tattoo,date,F043,27/11/1991,3
tblCulture.csv,tattoo,date,F043,28/02/1995,2
tblCulture.csv,tattoo,date,F044,04/07/1985,2
tblCulture.csv,tattoo,date,F044,06/11/1985,3
tblCulture.csv,tattoo,date,F044,12/05/1986,2
tblCulture.csv,tattoo,date,F044,13/08/1985,2
tblCulture.csv,tattoo,date,F045,03/07/1991,2
tblCulture.csv,tattoo,date,F045,07/09/1993,3
tblCulture.csv,tattoo,date,F045,10/07/1985,2
tblCulture.csv,tattoo,date,F045,17/06/1992,3
tblCulture.csv,tattoo,date,F045,19/03/1986,3
tblCulture.csv,tattoo,date,F045,19/06/1986,3
tblCulture.csv,tattoo,date,F045,19/11/1985,2
tblCulture.csv,tattoo,date,F045,20/06/1989,5
tblCulture.csv,tattoo,date,F045,23/02/1993,4
tblCulture.csv,tattoo,date,F045,24/11/1987,2
tblCulture.csv,tattoo,date,F045,25/08/1992,3
tblCulture.csv,tattoo,date,F046,08/09/1992,3
tblCulture.csv,tattoo,date,F046,16/07/1985,2
tblCulture.csv,tattoo,date,F046,16/07/1991,3
tblCulture.csv,tattoo,date,F046,21/06/1988,2
tblCulture.csv,tattoo,date,F046,25/07/1995,2
tblCulture.csv,tattoo,date,F047,17/07/1985,3
tblCulture.csv,tattoo,date,F047,27/11/1990,3
tblCulture.csv,tattoo,date,F048,02/08/1988,3
tblCulture.csv,tattoo,date,F048,03/06/1992,3
tblCulture.csv,tattoo,date,F048,03/09/1991,3
tblCulture.csv,tattoo,date,F048,06/06/1989,2
tblCulture.csv,tattoo,date,F048,06/11/1985,3
tblCulture.csv,tattoo,date,F048,08/02/1988,2
tblCulture.csv,tattoo,date,F048,12/08/1992,2
tblCulture.csv,tattoo,date,F048,13/08/1986,2
tblCulture.csv,tattoo,date,F048,17/02/1986,2
tblCulture.csv,tattoo,date,F048,17/08/1993,3
tblCulture.csv,tattoo,date,F048,18/08/1987,3
tblCulture.csv,tattoo,date,F048,19/02/1991,2
tblCulture.csv,tattoo,date,F048,24/05/1988,3
tblCulture.csv,tattoo,date,F049,01/11/1989,3
tblCulture.csv,tattoo,date,F049,05/11/1985,3
tblCulture.csv,tattoo,date,F049,07/02/1989,4
tblCulture.csv,tattoo,date,F049,07/02/1990,3
tblCulture.csv,tattoo,date,F049,10/02/1987,2
tblCulture.csv,tattoo,date,F049,10/11/1987,3
tblCulture.csv,tattoo,date,F049,11/11/1986,2
tblCulture.csv,tattoo,date,F049,12/05/1987,3
tblCulture.csv,tattoo,date,F049,12/08/1986,2
tblCulture.csv,tattoo,date,F049,13/05/1986,3
tblCulture.csv,tattoo,date,F049,18/08/1987,3
tblCulture.csv,tattoo,date,F050,02/06/1992,3
tblCulture.csv,tattoo,date,F050,03/09/1991,3
tblCulture.csv,tattoo,date,F050,05/11/1985,2
tblCulture.csv,tattoo,date,F050,06/06/1989,3
tblCulture.csv,tattoo,date,F050,06/06/1990,2
tblCulture.csv,tattoo,date,F050,08/02/1988,3
tblCulture.csv,tattoo,date,F050,08/02/1989,3
tblCulture.csv,tattoo,date,F050,10/02/1987,3
tblCulture.csv,tattoo,date,F050,11/08/1992,3
tblCulture.csv,tattoo,date,F050,12/05/1987,2
tblCulture.csv,tattoo,date,F050,13/05/1986,3
tblCulture.csv,tattoo,date,F050,14/08/1990,4
tblCulture.csv,tattoo,date,F050,17/08/1993,3
tblCulture.csv,tattoo,date,F050,21/10/1992,3
tblCulture.csv,tattoo,date,F050,24/05/1988,3
tblCulture.csv,tattoo,date,F050,30/10/1990,3
tblCulture.csv,tattoo,date,F051,02/06/1992,2
tblCulture.csv,tattoo,date,F051,03/08/1988,2
tblCulture.csv,tattoo,date,F051,05/06/1990,3
tblCulture.csv,tattoo,date,F051,05/11/1985,3
tblCulture.csv,tattoo,date,F051,06/06/1989,3
tblCulture.csv,tattoo,date,F051,08/02/1989,2
tblCulture.csv,tattoo,date,F051,10/02/1987,5
tblCulture.csv,tattoo,date,F051,10/11/1987,2
tblCulture.csv,tattoo,date,F051,11/11/1986,2
tblCulture.csv,tattoo,date,F051,12/05/1987,2
tblCulture.csv,tattoo,date,F051,12/08/1986,3
tblCulture.csv,tattoo,date,F051,12/08/1992,3
tblCulture.csv,tattoo,date,F051,13/05/1986,3
tblCulture.csv,tattoo,date,F051,13/08/1985,2
tblCulture.csv,tattoo,date,F051,13/11/1991,2
tblCulture.csv,tattoo,date,F051,14/08/1990,3
tblCulture.csv,tattoo,date,F051,15/08/1989,3
tblCulture.csv,tattoo,date,F051,17/02/1986,4
tblCulture.csv,tattoo,date,F051,18/08/1987,3
tblCulture.csv,tattoo,date,F051,18/10/1988,3
tblCulture.csv,tattoo,date,F051,19/02/1991,3
tblCulture.csv,tattoo,date,F051,21/10/1992,2
tblCulture.csv,tattoo,date,F051,30/10/1990,2
tblCulture.csv,tattoo,date,F051,31/10/1989,3
tblCulture.csv,tattoo,date,F052,01/08/1990,2
tblCulture.csv,tattoo,date,F052,05/11/1985,3
tblCulture.csv,tattoo,date,F052,08/08/1995,3
tblCulture.csv,tattoo,date,F052,12/09/1996,3
tblCulture.csv,tattoo,date,F052,13/05/1986,4
tblCulture.csv,tattoo,date,F052,13/08/1985,2
tblCulture.csv,tattoo,date,F052,21/06/1995,3
tblCulture.csv,tattoo,date,F052,22/05/1990,3
tblCulture.csv,tattoo,date,F052,23/05/1989,4
tblCulture.csv,tattoo,date,F052,29/07/1992,3
tblCulture.csv,tattoo,date,F053,06/11/1985,2
tblCulture.csv,tattoo,date,F053,12/05/1987,3
tblCulture.csv,tattoo,date,F053,13/08/1985,3
tblCulture.csv,tattoo,date,F053,19/08/1987,2
tblCulture.csv,tattoo,date,F053,27/10/1987,4
tblCulture.csv,tattoo,date,F054,13/08/1985,2
tblCulture.csv,tattoo,date,F055,05/11/1985,2
tblCulture.csv,tattoo,date,F055,12/08/1986,3
tblCulture.csv,tattoo,date,F055,13/05/1986,4
tblCulture.csv,tattoo,date,F055,13/08/1985,3
tblCulture.csv,tattoo,date,F056,02/06/1992,3
tblCulture.csv,tattoo,date,F056,02/11/1994,3
tblCulture.csv,tattoo,date,F056,03/08/1988,3
tblCulture.csv,tattoo,date,F056,04/09/1991,3
tblCulture.csv,tattoo,date,F056,05/06/1990,3
tblCulture.csv,tattoo,date,F056,05/11/1985,3
tblCulture.csv,tattoo,date,F056,07/02/1989,3
tblCulture.csv,tattoo,date,F056,10/02/1992,2
tblCulture.csv,tattoo,date,F056,12/05/1987,2
tblCulture.csv,tattoo,date,F056,12/11/1986,3
tblCulture.csv,tattoo,date,F056,12/11/1991,3
tblCulture.csv,tattoo,date,F056,13/05/1986,4
tblCulture.csv,tattoo,date,F056,13/08/1985,3
tblCulture.csv,tattoo,date,F056,14/08/1990,3
tblCulture.csv,tattoo,date,F056,15/08/1989,3
tblCulture.csv,tattoo,date,F056,17/08/1994,3
tblCulture.csv,tattoo,date,F056,18/02/1986,3
tblCulture.csv,tattoo,date,F056,18/06/1991,3
tblCulture.csv,tattoo,date,F056,18/10/1988,3
tblCulture.csv,tattoo,date,F056,20/10/1992,3
tblCulture.csv,tattoo,date,F056,24/05/1988,2
tblCulture.csv,tattoo,date,F056,26/10/1993,3
tblCulture.csv,tattoo,date,F056,30/10/1990,5
tblCulture.csv,tattoo,date,F056,31/10/1989,3
tblCulture.csv,tattoo,date,F057,05/11/1985,3
tblCulture.csv,tattoo,date,F057,13/05/1986,4
tblCulture.csv,tattoo,date,F057,13/08/1985,3
tblCulture.csv,tattoo,date,F057,17/02/1986,2
tblCulture.csv,tattoo,date,F058,02/08/1988,3
tblCulture.csv,tattoo,date,F058,04/03/1986,4
tblCulture.csv,tattoo,date,F058,05/11/1985,3
tblCulture.csv,tattoo,date,F058,10/02/1987,3
tblCulture.csv,tattoo,date,F058,10/02/1988,3
tblCulture.csv,tattoo,date,F058,10/11/1987,3
tblCulture.csv,tattoo,date,F058,11/11/1986,2
tblCulture.csv,tattoo,date,F058,12/08/1986,3
tblCulture.csv,tattoo,date,F058,13/05/1986,3
tblCulture.csv,tattoo,date,F058,18/10/1988,4
tblCulture.csv,tattoo,date,F058,24/05/1988,3
tblCulture.csv,tattoo,date,F059,03/03/1986,2
tblCulture.csv,tattoo,date,F059,05/11/1985,3
tblCulture.csv,tattoo,date,F059,12/05/1987,3
tblCulture.csv,tattoo,date,F059,12/08/1986,2
tblCulture.csv,tattoo,date,F059,13/05/1986,3
tblCulture.csv,tattoo,date,F059,13/08/1985,2
tblCulture.csv,tattoo,date,F059,17/10/1987,2
tblCulture.csv,tattoo,date,F059,18/08/1987,4
tblCulture.csv,tattoo,date,F060,03/03/1986,2
tblCulture.csv,tattoo,date,F060,05/11/1985,3
tblCulture.csv,tattoo,date,F060,10/02/1987,4
tblCulture.csv,tattoo,date,F060,12/08/1986,3
tblCulture.csv,tattoo,date,F060,12/11/1986,2
tblCulture.csv,tattoo,date,F060,13/05/1986,3
tblCulture.csv,tattoo,date,F060,13/08/1985,2
tblCulture.csv,tattoo,date,F060,19/10/1988,4
tblCulture.csv,tattoo,date,F061,06/11/1985,3
tblCulture.csv,tattoo,date,F061,11/11/1986,3
tblCulture.csv,tattoo,date,F061,13/05/1986,3
tblCulture.csv,tattoo,date,F062,05/11/1985,3
tblCulture.csv,tattoo,date,F062,13/05/1986,4
tblCulture.csv,tattoo,date,F062,18/02/1986,3
tblCulture.csv,tattoo,date,F063,02/08/1988,3
tblCulture.csv,tattoo,date,F063,03/06/1992,3
tblCulture.csv,tattoo,date,F063,03/09/1991,3
tblCulture.csv,tattoo,date,F063,05/11/1985,2
tblCulture.csv,tattoo,date,F063,06/06/1989,3
tblCulture.csv,tattoo,date,F063,06/06/1990,3
tblCulture.csv,tattoo,date,F063,07/02/1990,3
tblCulture.csv,tattoo,date,F063,08/02/1988,2
tblCulture.csv,tattoo,date,F063,08/06/1993,3
tblCulture.csv,tattoo,date,F063,10/11/1987,2
tblCulture.csv,tattoo,date,F063,11/11/1986,3
tblCulture.csv,tattoo,date,F063,12/05/1987,2
tblCulture.csv,tattoo,date,F063,13/05/1986,5
tblCulture.csv,tattoo,date,F063,13/11/1991,2
tblCulture.csv,tattoo,date,F063,14/08/1985,3
tblCulture.csv,tattoo,date,F063,14/08/1990,3
tblCulture.csv,tattoo,date,F063,15/08/1989,4
tblCulture.csv,tattoo,date,F063,18/02/1986,3
tblCulture.csv,tattoo,date,F063,18/06/1991,3
tblCulture.csv,tattoo,date,F063,18/10/1988,4
tblCulture.csv,tattoo,date,F063,19/02/1991,3
tblCulture.csv,tattoo,date,F063,19/08/1987,3
tblCulture.csv,tattoo,date,F063,24/05/1988,3
tblCulture.csv,tattoo,date,F063,30/10/1990,3
tblCulture.csv,tattoo,date,F063,31/10/1989,3
tblCulture.csv,tattoo,date,F064,02/01/1986,4
tblCulture.csv,tattoo,date,F064,03/12/1985,2
tblCulture.csv,tattoo,date,F064,29/08/1985,3
tblCulture.csv,tattoo,date,F065,20/11/1985,2
tblCulture.csv,tattoo,date,F065,29/08/1985,2
tblCulture.csv,tattoo,date,F066,04/03/1986,2
tblCulture.csv,tattoo,date,F066,17/12/1985,2
tblCulture.csv,tattoo,date,F066,30/08/1985,2
tblCulture.csv,tattoo,date,F067,05/09/1985,2
tblCulture.csv,tattoo,date,F067,08/03/1988,3
tblCulture.csv,tattoo,date,F068,09/09/1985,3
tblCulture.csv,tattoo,date,F068,17/07/1986,2
tblCulture.csv,tattoo,date,F069,04/03/1986,3
tblCulture.csv,tattoo,date,F069,05/09/1989,3
tblCulture.csv,tattoo,date,F069,11/09/1985,2
tblCulture.csv,tattoo,date,F069,20/06/1989,4
tblCulture.csv,tattoo,date,F070,17/09/1985,4
tblCulture.csv,tattoo,date,F071,18/09/1985,3
tblCulture.csv,tattoo,date,F072,20/09/1985,2
tblCulture.csv,tattoo,date,F072,24/02/1988,3
tblCulture.csv,tattoo,date,F073,02/07/1986,3
tblCulture.csv,tattoo,date,F073,13/11/1990,2
tblCulture.csv,tattoo,date,F073,20/09/1985,2
tblCulture.csv,tattoo,date,F074,01/10/1985,2
tblCulture.csv,tattoo,date,F074,04/03/1986,3
tblCulture.csv,tattoo,date,F074,16/08/1988,3
tblCulture.csv,tattoo,date,F074,21/02/1989,3
tblCulture.csv,tattoo,date,F075,15/09/1993,3
tblCulture.csv,tattoo,date,F075,17/01/1986,2
tblCulture.csv,tattoo,date,F075,18/10/1985,2
tblCulture.csv,tattoo,date,F075,26/07/1994,3
tblCulture.csv,tattoo,date,F075,30/07/1991,3
tblCulture.csv,tattoo,date,F076,05/08/1986,3
tblCulture.csv,tattoo,date,F076,18/10/1985,2
tblCulture.csv,tattoo,date,F077,02/10/1990,3
tblCulture.csv,tattoo,date,F077,04/10/1989,3
tblCulture.csv,tattoo,date,F077,05/08/1986,2
tblCulture.csv,tattoo,date,F077,12/05/1993,4
tblCulture.csv,tattoo,date,F077,14/07/1992,2
tblCulture.csv,tattoo,date,F077,18/07/1989,4
tblCulture.csv,tattoo,date,F077,20/07/1993,3
tblCulture.csv,tattoo,date,F077,21/03/1988,2
tblCulture.csv,tattoo,date,F077,21/05/1991,3
tblCulture.csv,tattoo,date,F077,24/05/1994,3
tblCulture.csv,tattoo,date,F077,25/10/1985,2
tblCulture.csv,tattoo,date,F077,26/07/1994,3
tblCulture.csv,tattoo,date,F077,30/07/1991,3
tblCulture.csv,tattoo,date,F078,04/06/1987,3
tblCulture.csv,tattoo,date,F078,17/07/1986,2
tblCulture.csv,tattoo,date,F078,30/10/1985,2
tblCulture.csv,tattoo,date,F079,03/09/1991,3
tblCulture.csv,tattoo,date,F079,04/03/1986,3
tblCulture.csv,tattoo,date,F079,05/06/1990,3
tblCulture.csv,tattoo,date,F079,05/11/1985,3
tblCulture.csv,tattoo,date,F079,06/06/1989,3
tblCulture.csv,tattoo,date,F079,10/02/1987,3
tblCulture.csv,tattoo,date,F079,11/02/1992,3
tblCulture.csv,tattoo,date,F079,11/08/1992,3
tblCulture.csv,tattoo,date,F079,12/08/1986,3
tblCulture.csv,tattoo,date,F079,12/11/1991,3
tblCulture.csv,tattoo,date,F079,13/05/1986,2
tblCulture.csv,tattoo,date,F079,14/08/1990,3
tblCulture.csv,tattoo,date,F079,15/08/1989,3
tblCulture.csv,tattoo,date,F079,31/10/1990,3
tblCulture.csv,tattoo,date,F093,21/07/1984,3
tblCulture.csv,tattoo,date,F094,05/10/1988,3
tblCulture.csv,tattoo,date,F094,05/11/1985,3
tblCulture.csv,tattoo,date,F094,10/05/1988,3
tblCulture.csv,tattoo,date,F094,12/11/1986,2
tblCulture.csv,tattoo,date,F094,13/08/1986,3
tblCulture.csv,tattoo,date,F094,14/08/1985,3
tblCulture.csv,tattoo,date,F094,19/08/1987,3
tblCulture.csv,tattoo,date,F094,20/05/1985,3
tblCulture.csv,tattoo,date,F094,20/07/1988,4
tblCulture.csv,tattoo,date,F094,20/11/1985,2
tblCulture.csv,tattoo,date,F094,21/07/1984,2
tblCulture.csv,tattoo,date,F094,23/05/1989,3
tblCulture.csv,tattoo,date,F094,25/05/1989,2
tblCulture.csv,tattoo,date,F094,27/01/1988,2
tblCulture.csv,tattoo,date,F095,08/06/1988,3
tblCulture.csv,tattoo,date,F095,09/03/1988,2
tblCulture.csv,tattoo,date,F095,14/10/1988,8
tblCulture.csv,tattoo,date,F095,21/07/1984,2
tblCulture.csv,tattoo,date,F096,21/07/1984,3
tblCulture.csv,tattoo,date,F096,31/08/1984,3
tblCulture.csv,tattoo,date,F097,24/08/1984,2
tblCulture.csv,tattoo,date,F098,04/06/1991,3
tblCulture.csv,tattoo,date,F098,06/10/1992,3
tblCulture.csv,tattoo,date,F098,08/12/1988,3
tblCulture.csv,tattoo,date,F098,11/05/1987,2
tblCulture.csv,tattoo,date,F098,13/08/1991,3
tblCulture.csv,tattoo,date,F098,17/10/1990,3
tblCulture.csv,tattoo,date,F098,18/10/1989,3
tblCulture.csv,tattoo,date,F098,19/07/1988,2
tblCulture.csv,tattoo,date,F098,19/08/1987,2
tblCulture.csv,tattoo,date,F098,20/05/1992,3
tblCulture.csv,tattoo,date,F098,30/08/1984,2
tblCulture.csv,tattoo,date,G001,08/11/1976,3
tblCulture.csv,tattoo,date,G002,08/11/1976,3
tblCulture.csv,tattoo,date,G003,29/05/1978,3
tblCulture.csv,tattoo,date,G004,07/02/1977,2
tblCulture.csv,tattoo,date,G004,19/09/1977,2
tblCulture.csv,tattoo,date,G005,15/02/1977,2
tblCulture.csv,tattoo,date,G006,15/02/1977,2
tblCulture.csv,tattoo,date,G007,03/05/1977,2
tblCulture.csv,tattoo,date,G007,12/05/1977,4
tblCulture.csv,tattoo,date,G008,23/05/1977,4
tblCulture.csv,tattoo,date,G009,01/10/1981,2
tblCulture.csv,tattoo,date,G009,24/05/1977,2
tblCulture.csv,tattoo,date,G010,18/07/1977,2
tblCulture.csv,tattoo,date,G010,30/05/1977,2
tblCulture.csv,tattoo,date,G011,05/11/1981,2
tblCulture.csv,tattoo,date,G012,31/05/1977,3
tblCulture.csv,tattoo,date,G013,01/06/1977,3
tblCulture.csv,tattoo,date,G013,11/08/1981,4
tblCulture.csv,tattoo,date,G014,02/06/1977,2
tblCulture.csv,tattoo,date,G015,08/06/1977,2
tblCulture.csv,tattoo,date,G017,08/06/1977,2
tblCulture.csv,tattoo,date,G017,10/02/1988,3
tblCulture.csv,tattoo,date,G017,11/11/1986,2
tblCulture.csv,tattoo,date,G017,11/11/1987,2
tblCulture.csv,tattoo,date,G017,14/08/1981,2
tblCulture.csv,tattoo,date,G017,16/08/1983,3
tblCulture.csv,tattoo,date,G017,18/08/1987,3
tblCulture.csv,tattoo,date,G017,18/10/1988,2
tblCulture.csv,tattoo,date,G017,21/09/1977,3
tblCulture.csv,tattoo,date,G017,24/05/1988,3
tblCulture.csv,tattoo,date,G017,31/07/1984,2
tblCulture.csv,tattoo,date,G019,07/09/1981,4
tblCulture.csv,tattoo,date,G019,08/05/1983,5
tblCulture.csv,tattoo,date,G019,09/06/1977,3
tblCulture.csv,tattoo,date,G019,11/05/1982,3
tblCulture.csv,tattoo,date,G019,16/08/1983,4
tblCulture.csv,tattoo,date,G019,23/02/1982,4
tblCulture.csv,tattoo,date,G020,04/09/1981,3
tblCulture.csv,tattoo,date,G020,05/12/1983,8
tblCulture.csv,tattoo,date,G020,08/02/1983,3
tblCulture.csv,tattoo,date,G020,10/06/1977,2
tblCulture.csv,tattoo,date,G020,12/05/1982,4
tblCulture.csv,tattoo,date,G020,17/11/1983,4
tblCulture.csv,tattoo,date,G020,19/09/1977,2
tblCulture.csv,tattoo,date,G020,20/09/1983,4
tblCulture.csv,tattoo,date,G020,24/02/1982,4
tblCulture.csv,tattoo,date,G020,27/07/1983,2
tblCulture.csv,tattoo,date,G021,10/06/1977,3
tblCulture.csv,tattoo,date,G024,10/06/1977,2
tblCulture.csv,tattoo,date,G025,03/10/1977,2
tblCulture.csv,tattoo,date,G025,10/06/1977,2
tblCulture.csv,tattoo,date,G028,18/06/1977,3
tblCulture.csv,tattoo,date,G029,18/06/1977,4
tblCulture.csv,tattoo,date,G030,20/06/1977,2
tblCulture.csv,tattoo,date,G030,20/07/1979,4
tblCulture.csv,tattoo,date,G030,28/06/1979,2
tblCulture.csv,tattoo,date,G031,12/05/1982,6
tblCulture.csv,tattoo,date,G031,14/07/1981,3
tblCulture.csv,tattoo,date,G031,17/03/1983,6
tblCulture.csv,tattoo,date,G031,20/06/1977,2
tblCulture.csv,tattoo,date,G031,24/02/1982,5
tblCulture.csv,tattoo,date,G031,24/08/1982,5
tblCulture.csv,tattoo,date,G032,05/05/1978,2
tblCulture.csv,tattoo,date,G032,22/06/1977,3
tblCulture.csv,tattoo,date,G033,27/09/1977,3
tblCulture.csv,tattoo,date,G034,22/06/1977,2
tblCulture.csv,tattoo,date,G035,27/06/1977,2
tblCulture.csv,tattoo,date,G036,29/06/1977,2
tblCulture.csv,tattoo,date,G037,05/07/1977,2
tblCulture.csv,tattoo,date,G038,05/07/1977,2
tblCulture.csv,tattoo,date,G039,05/07/1977,2
tblCulture.csv,tattoo,date,G042,06/07/1977,2
tblCulture.csv,tattoo,date,G043,14/07/1977,2
tblCulture.csv,tattoo,date,G044,08/11/1976,2
tblCulture.csv,tattoo,date,G044,25/06/1981,4
tblCulture.csv,tattoo,date,G044,28/09/1977,2
tblCulture.csv,tattoo,date,G046,09/09/1981,4
tblCulture.csv,tattoo,date,G046,14/07/1981,3
tblCulture.csv,tattoo,date,G046,18/07/1977,2
tblCulture.csv,tattoo,date,G048,21/07/1977,2
tblCulture.csv,tattoo,date,G049,01/11/1977,2
tblCulture.csv,tattoo,date,G071,19/11/1985,2
tblCulture.csv,tattoo,date,G072,19/11/1985,2
tblCulture.csv,tattoo,date,G073,04/06/1991,3
tblCulture.csv,tattoo,date,G073,13/10/1988,3
tblCulture.csv,tattoo,date,G073,13/10/1993,3
tblCulture.csv,tattoo,date,G073,17/12/1985,2
tblCulture.csv,tattoo,date,G073,18/10/1994,3
tblCulture.csv,tattoo,date,G073,23/05/1990,3
tblCulture.csv,tattoo,date,G073,25/06/1996,2
tblCulture.csv,tattoo,date,G073,29/10/1991,2
tblCulture.csv,tattoo,date,GX001,09/02/1976,3
tblCulture.csv,tattoo,date,GX002,16/02/1976,2
tblCulture.csv,tattoo,date,GX002,22/05/1977,2
tblCulture.csv,tattoo,date,GX002,28/07/1977,4
tblCulture.csv,tattoo,date,GX003,24/02/1976,2
tblCulture.csv,tattoo,date,GX004,30/03/1976,3
tblCulture.csv,tattoo,date,GX005,18/05/1976,2
tblCulture.csv,tattoo,date,GX006,07/06/1976,2
tblCulture.csv,tattoo,date,GX007,22/06/1976,2
tblCulture.csv,tattoo,date,GX009,19/07/1976,2
tblCulture.csv,tattoo,date,H001,03/12/1981,4
tblCulture.csv,tattoo,date,H001,08/07/1981,5
tblCulture.csv,tattoo,date,H002,31/01/1995,3
tblCulture.csv,tattoo,date,H003,15/07/2001,9
tblCulture.csv,tattoo,date,H003,31/01/1995,3
tblCulture.csv,tattoo,date,H005,03/10/1995,3
tblCulture.csv,tattoo,date,H005,14/02/1995,3
tblCulture.csv,tattoo,date,H005,22/08/1995,3
tblCulture.csv,tattoo,date,H006,02/10/1996,3
tblCulture.csv,tattoo,date,H006,09/07/1997,3
tblCulture.csv,tattoo,date,H006,19/07/1995,3
tblCulture.csv,tattoo,date,H006,24/07/1996,3
tblCulture.csv,tattoo,date,H006,28/02/1995,3
tblCulture.csv,tattoo,date,H007,09/08/1995,2
tblCulture.csv,tattoo,date,H007,20/06/1995,3
tblCulture.csv,tattoo,date,H008,03/09/1996,2
tblCulture.csv,tattoo,date,H008,03/12/1996,2
tblCulture.csv,tattoo,date,H008,09/08/1995,2
tblCulture.csv,tattoo,date,H008,14/01/1997,2
tblCulture.csv,tattoo,date,H008,16/01/1996,4
tblCulture.csv,tattoo,date,H008,19/05/1998,4
tblCulture.csv,tattoo,date,H008,20/06/1995,2
tblCulture.csv,tattoo,date,H008,20/07/1999,4
tblCulture.csv,tattoo,date,H008,21/10/1997,4
tblCulture.csv,tattoo,date,H008,25/06/1996,2
tblCulture.csv,tattoo,date,H008,26/05/1999,4
tblCulture.csv,tattoo,date,H008,28/07/1998,3
tblCulture.csv,tattoo,date,H008,30/07/1996,3
tblCulture.csv,tattoo,date,H009,20/06/1995,3
tblCulture.csv,tattoo,date,H010,20/06/1995,3
tblCulture.csv,tattoo,date,H011,20/06/1995,3
tblCulture.csv,tattoo,date,H012,20/06/1995,4
tblCulture.csv,tattoo,date,H013,20/06/1995,3
tblCulture.csv,tattoo,date,H014,06/08/2002,2
tblCulture.csv,tattoo,date,H014,08/08/1995,2
tblCulture.csv,tattoo,date,H014,13/10/1999,2
tblCulture.csv,tattoo,date,H014,16/01/1996,3
tblCulture.csv,tattoo,date,H014,18/08/1999,3
tblCulture.csv,tattoo,date,H014,19/05/1998,2
tblCulture.csv,tattoo,date,H014,19/07/2000,3
tblCulture.csv,tattoo,date,H014,19/09/1995,3
tblCulture.csv,tattoo,date,H014,20/06/1995,3
tblCulture.csv,tattoo,date,H014,21/07/1999,3
tblCulture.csv,tattoo,date,H014,22/09/1999,3
tblCulture.csv,tattoo,date,H014,25/07/2001,2
tblCulture.csv,tattoo,date,H014,28/07/1998,3
tblCulture.csv,tattoo,date,H015,04/09/1996,3
tblCulture.csv,tattoo,date,H015,09/08/1995,3
tblCulture.csv,tattoo,date,H015,14/01/1997,2
tblCulture.csv,tattoo,date,H015,20/05/1997,3
tblCulture.csv,tattoo,date,H015,20/06/1995,3
tblCulture.csv,tattoo,date,H015,21/07/1999,3
tblCulture.csv,tattoo,date,H015,25/05/1999,3
tblCulture.csv,tattoo,date,H015,25/06/1996,2
tblCulture.csv,tattoo,date,H015,29/05/2002,2
tblCulture.csv,tattoo,date,H016,03/12/1996,3
tblCulture.csv,tattoo,date,H016,04/09/1996,2
tblCulture.csv,tattoo,date,H016,05/08/1997,3
tblCulture.csv,tattoo,date,H016,08/08/1995,2
tblCulture.csv,tattoo,date,H016,15/01/1997,2
tblCulture.csv,tattoo,date,H016,16/01/1996,3
tblCulture.csv,tattoo,date,H016,19/09/1995,3
tblCulture.csv,tattoo,date,H016,20/06/1995,3
tblCulture.csv,tattoo,date,H016,25/06/1996,4
tblCulture.csv,tattoo,date,H017,20/06/1995,3
tblCulture.csv,tattoo,date,H018,20/06/1995,3
tblCulture.csv,tattoo,date,H019,20/06/1995,3
tblCulture.csv,tattoo,date,H019,25/10/1995,2
tblCulture.csv,tattoo,date,H019,30/07/1996,3
tblCulture.csv,tattoo,date,H020,05/08/1997,2
tblCulture.csv,tattoo,date,H020,09/08/1995,3
tblCulture.csv,tattoo,date,H020,16/01/1996,3
tblCulture.csv,tattoo,date,H020,19/09/1995,3
tblCulture.csv,tattoo,date,H020,20/06/1995,2
tblCulture.csv,tattoo,date,H020,25/06/1996,3
tblCulture.csv,tattoo,date,H021,20/06/1995,3
tblCulture.csv,tattoo,date,H022,20/06/1995,3
tblCulture.csv,tattoo,date,H023,20/06/1995,3
tblCulture.csv,tattoo,date,H024,08/08/1995,2
tblCulture.csv,tattoo,date,H024,20/06/1995,3
tblCulture.csv,tattoo,date,H025,20/06/1995,3
tblCulture.csv,tattoo,date,H026,20/06/1995,2
tblCulture.csv,tattoo,date,H027,01/08/2007,2
tblCulture.csv,tattoo,date,H027,03/09/1996,3
tblCulture.csv,tattoo,date,H027,03/10/2000,2
tblCulture.csv,tattoo,date,H027,03/12/1996,3
tblCulture.csv,tattoo,date,H027,05/08/1997,2
tblCulture.csv,tattoo,date,H027,05/08/2003,2
tblCulture.csv,tattoo,date,H027,05/09/2000,2
tblCulture.csv,tattoo,date,H027,06/08/2002,3
tblCulture.csv,tattoo,date,H027,07/10/1998,3
tblCulture.csv,tattoo,date,H027,08/08/1995,3
tblCulture.csv,tattoo,date,H027,13/09/2005,3
tblCulture.csv,tattoo,date,H027,16/01/1996,3
tblCulture.csv,tattoo,date,H027,16/10/2001,3
tblCulture.csv,tattoo,date,H027,18/07/2006,2
tblCulture.csv,tattoo,date,H027,19/07/2005,3
tblCulture.csv,tattoo,date,H027,20/05/1997,2
tblCulture.csv,tattoo,date,H027,20/05/1998,2
tblCulture.csv,tattoo,date,H027,20/06/1995,2
tblCulture.csv,tattoo,date,H027,21/10/1997,2
tblCulture.csv,tattoo,date,H027,22/10/2002,3
tblCulture.csv,tattoo,date,H027,23/10/2007,4
tblCulture.csv,tattoo,date,H027,24/05/2005,3
tblCulture.csv,tattoo,date,H027,25/05/1999,2
tblCulture.csv,tattoo,date,H027,25/05/2004,3
tblCulture.csv,tattoo,date,H027,25/06/1996,3
tblCulture.csv,tattoo,date,H027,25/07/2001,2
tblCulture.csv,tattoo,date,H027,25/10/2006,2
tblCulture.csv,tattoo,date,H027,27/06/1997,3
tblCulture.csv,tattoo,date,H027,28/07/1998,3
tblCulture.csv,tattoo,date,H027,30/07/1996,3
tblCulture.csv,tattoo,date,H028,03/09/1996,3
tblCulture.csv,tattoo,date,H028,07/09/1999,3
tblCulture.csv,tattoo,date,H028,07/10/1998,2
tblCulture.csv,tattoo,date,H028,08/02/2000,3
tblCulture.csv,tattoo,date,H028,08/09/1998,3
tblCulture.csv,tattoo,date,H028,09/08/1995,3
tblCulture.csv,tattoo,date,H028,17/01/1996,2
tblCulture.csv,tattoo,date,H028,17/02/1998,2
tblCulture.csv,tattoo,date,H028,19/09/1995,2
tblCulture.csv,tattoo,date,H028,20/06/1995,3
tblCulture.csv,tattoo,date,H028,21/07/1999,4
tblCulture.csv,tattoo,date,H028,23/02/1999,3
tblCulture.csv,tattoo,date,H028,28/07/1998,2
tblCulture.csv,tattoo,date,H029,03/09/1996,2
tblCulture.csv,tattoo,date,H029,08/08/1995,2
tblCulture.csv,tattoo,date,H029,13/10/1999,2
tblCulture.csv,tattoo,date,H029,16/01/1996,3
tblCulture.csv,tattoo,date,H029,18/08/1999,3
tblCulture.csv,tattoo,date,H029,19/05/1998,3
tblCulture.csv,tattoo,date,H029,20/06/1995,3
tblCulture.csv,tattoo,date,H029,23/10/1996,3
tblCulture.csv,tattoo,date,H029,25/05/1999,2
tblCulture.csv,tattoo,date,H029,25/06/1996,2
tblCulture.csv,tattoo,date,H030,08/08/1995,3
tblCulture.csv,tattoo,date,H031,09/08/1995,2
tblCulture.csv,tattoo,date,H031,11/01/2000,3
tblCulture.csv,tattoo,date,H031,13/10/1999,3
tblCulture.csv,tattoo,date,H031,14/07/1998,3
tblCulture.csv,tattoo,date,H031,16/01/1996,3
tblCulture.csv,tattoo,date,H031,20/09/1995,3
tblCulture.csv,tattoo,date,H031,21/06/1995,3
tblCulture.csv,tattoo,date,H031,22/07/1997,3
tblCulture.csv,tattoo,date,H031,24/05/2000,2
tblCulture.csv,tattoo,date,H031,25/06/1996,3
tblCulture.csv,tattoo,date,H031,29/11/1999,3
tblCulture.csv,tattoo,date,H032,08/08/1995,3
tblCulture.csv,tattoo,date,H032,14/07/1998,3
tblCulture.csv,tattoo,date,H032,15/01/1997,3
tblCulture.csv,tattoo,date,H032,17/01/1996,3
tblCulture.csv,tattoo,date,H032,17/11/1998,3
tblCulture.csv,tattoo,date,H032,19/09/1995,3
tblCulture.csv,tattoo,date,H032,21/06/1995,3
tblCulture.csv,tattoo,date,H032,24/09/1997,2
tblCulture.csv,tattoo,date,H033,03/09/1996,3
tblCulture.csv,tattoo,date,H033,08/08/1995,3
tblCulture.csv,tattoo,date,H033,15/01/1997,3
tblCulture.csv,tattoo,date,H033,16/01/1996,3
tblCulture.csv,tattoo,date,H033,19/09/1995,2
tblCulture.csv,tattoo,date,H033,20/05/1997,5
tblCulture.csv,tattoo,date,H033,21/06/1995,2
tblCulture.csv,tattoo,date,H033,25/06/1996,4
tblCulture.csv,tattoo,date,H033,30/07/1996,2
tblCulture.csv,tattoo,date,H034,21/06/1995,3
tblCulture.csv,tattoo,date,H035,21/06/1995,2
tblCulture.csv,tattoo,date,H036,21/06/1995,2
tblCulture.csv,tattoo,date,H037,08/08/1995,2
tblCulture.csv,tattoo,date,H037,21/06/1995,3
tblCulture.csv,tattoo,date,H038,08/08/1995,3
tblCulture.csv,tattoo,date,H038,17/01/1996,3
tblCulture.csv,tattoo,date,H038,19/09/1995,3
tblCulture.csv,tattoo,date,H038,21/06/1995,3
tblCulture.csv,tattoo,date,H039,08/08/1995,2
tblCulture.csv,tattoo,date,H039,17/01/1996,3
tblCulture.csv,tattoo,date,H039,20/09/1995,3
tblCulture.csv,tattoo,date,H039,21/06/1995,3
tblCulture.csv,tattoo,date,H040,21/06/1995,3
tblCulture.csv,tattoo,date,H040,23/07/1997,2
tblCulture.csv,tattoo,date,H040,25/10/1995,3
tblCulture.csv,tattoo,date,H040,31/07/1996,3
tblCulture.csv,tattoo,date,H041,04/07/1995,3
tblCulture.csv,tattoo,date,H041,04/10/1995,3
tblCulture.csv,tattoo,date,H041,09/07/1996,3
tblCulture.csv,tattoo,date,H041,17/09/1996,3
tblCulture.csv,tattoo,date,H041,22/08/1995,3
tblCulture.csv,tattoo,date,H041,28/01/1997,4
tblCulture.csv,tattoo,date,H041,30/01/1996,2
tblCulture.csv,tattoo,date,H042,04/07/1995,3
tblCulture.csv,tattoo,date,H042,04/10/1995,3
tblCulture.csv,tattoo,date,H042,22/08/1995,2
tblCulture.csv,tattoo,date,H043,02/08/2005,5
tblCulture.csv,tattoo,date,H043,02/10/2001,3
tblCulture.csv,tattoo,date,H043,02/12/1998,3
tblCulture.csv,tattoo,date,H043,03/08/1999,3
tblCulture.csv,tattoo,date,H043,03/10/1995,3
tblCulture.csv,tattoo,date,H043,04/07/1995,3
tblCulture.csv,tattoo,date,H043,05/11/2002,3
tblCulture.csv,tattoo,date,H043,07/06/2005,5
tblCulture.csv,tattoo,date,H043,08/06/2004,3
tblCulture.csv,tattoo,date,H043,09/09/1997,3
tblCulture.csv,tattoo,date,H043,10/11/1999,3
tblCulture.csv,tattoo,date,H043,10/11/2004,3
tblCulture.csv,tattoo,date,H043,11/08/1998,4
tblCulture.csv,tattoo,date,H043,11/11/2003,3
tblCulture.csv,tattoo,date,H043,14/01/2003,4
tblCulture.csv,tattoo,date,H043,16/06/1998,3
tblCulture.csv,tattoo,date,H043,18/06/2002,2
tblCulture.csv,tattoo,date,H043,18/07/2000,3
tblCulture.csv,tattoo,date,H043,18/09/1996,4
tblCulture.csv,tattoo,date,H043,18/11/1997,3
tblCulture.csv,tattoo,date,H043,19/08/2003,3
tblCulture.csv,tattoo,date,H043,20/05/2003,3
tblCulture.csv,tattoo,date,H043,20/06/2000,3
tblCulture.csv,tattoo,date,H043,20/08/2002,4
tblCulture.csv,tattoo,date,H043,20/10/1998,4
tblCulture.csv,tattoo,date,H043,21/08/2001,3
tblCulture.csv,tattoo,date,H043,21/09/2004,4
tblCulture.csv,tattoo,date,H043,22/06/1999,3
tblCulture.csv,tattoo,date,H043,22/08/1995,3
tblCulture.csv,tattoo,date,H043,22/09/1998,3
tblCulture.csv,tattoo,date,H043,23/08/2000,2
tblCulture.csv,tattoo,date,H043,24/06/1997,3
tblCulture.csv,tattoo,date,H043,26/10/1999,3
tblCulture.csv,tattoo,date,H043,27/11/1996,3
tblCulture.csv,tattoo,date,H043,30/01/1996,3
tblCulture.csv,tattoo,date,H043,31/10/2000,3
tblCulture.csv,tattoo,date,H044,01/11/2000,3
tblCulture.csv,tattoo,date,H044,03/08/1999,2
tblCulture.csv,tattoo,date,H044,04/07/1995,3
tblCulture.csv,tattoo,date,H044,04/10/1995,4
tblCulture.csv,tattoo,date,H044,08/09/1998,3
tblCulture.csv,tattoo,date,H044,09/07/1996,3
tblCulture.csv,tattoo,date,H044,09/09/1997,3
tblCulture.csv,tattoo,date,H044,17/06/1998,3
tblCulture.csv,tattoo,date,H044,17/11/1998,3
tblCulture.csv,tattoo,date,H044,18/11/1997,5
tblCulture.csv,tattoo,date,H044,20/06/2000,4
tblCulture.csv,tattoo,date,H044,20/09/1995,3
tblCulture.csv,tattoo,date,H044,20/10/1998,3
tblCulture.csv,tattoo,date,H044,22/08/1995,3
tblCulture.csv,tattoo,date,H044,24/06/1997,2
tblCulture.csv,tattoo,date,H044,26/10/1999,3
tblCulture.csv,tattoo,date,H044,30/01/1996,2
tblCulture.csv,tattoo,date,H045,04/07/1995,3
tblCulture.csv,tattoo,date,H046,03/10/1995,3
tblCulture.csv,tattoo,date,H046,04/07/1995,2
tblCulture.csv,tattoo,date,H046,11/08/1998,3
tblCulture.csv,tattoo,date,H046,12/10/1999,3
tblCulture.csv,tattoo,date,H046,18/09/1996,3
tblCulture.csv,tattoo,date,H046,21/08/2001,2
tblCulture.csv,tattoo,date,H046,22/08/1995,3
tblCulture.csv,tattoo,date,H046,23/09/1997,3
tblCulture.csv,tattoo,date,H046,30/01/1996,3
tblCulture.csv,tattoo,date,H046,30/07/1996,3
tblCulture.csv,tattoo,date,H047,04/10/1995,3
tblCulture.csv,tattoo,date,H047,05/07/1995,3
tblCulture.csv,tattoo,date,H047,09/07/1996,3
tblCulture.csv,tattoo,date,H047,09/09/1997,4
tblCulture.csv,tattoo,date,H047,11/08/1998,3
tblCulture.csv,tattoo,date,H047,17/09/1996,3
tblCulture.csv,tattoo,date,H047,18/02/1998,3
tblCulture.csv,tattoo,date,H047,22/08/1995,3
tblCulture.csv,tattoo,date,H048,03/10/1995,3
tblCulture.csv,tattoo,date,H048,05/07/1995,3
tblCulture.csv,tattoo,date,H048,22/08/1995,3
tblCulture.csv,tattoo,date,H048,30/01/1996,3
tblCulture.csv,tattoo,date,H049,10/07/1995,3
tblCulture.csv,tattoo,date,H050,05/09/1995,2
tblCulture.csv,tattoo,date,H050,13/02/1996,3
tblCulture.csv,tattoo,date,H050,16/10/1995,3
tblCulture.csv,tattoo,date,H050,18/07/1995,3
tblCulture.csv,tattoo,date,H051,01/10/1996,2
tblCulture.csv,tattoo,date,H051,04/07/2000,3
tblCulture.csv,tattoo,date,H051,05/09/1995,2
tblCulture.csv,tattoo,date,H051,06/07/1999,3
tblCulture.csv,tattoo,date,H051,07/08/2001,2
tblCulture.csv,tattoo,date,H051,07/10/1997,3
tblCulture.csv,tattoo,date,H051,08/09/1998,3
tblCulture.csv,tattoo,date,H051,08/09/1999,3
tblCulture.csv,tattoo,date,H051,09/07/1997,3
tblCulture.csv,tattoo,date,H051,09/12/1997,2
tblCulture.csv,tattoo,date,H051,11/02/1997,3
tblCulture.csv,tattoo,date,H051,13/02/1996,3
tblCulture.csv,tattoo,date,H051,16/10/1995,2
tblCulture.csv,tattoo,date,H051,18/07/1995,3
tblCulture.csv,tattoo,date,H051,18/09/2001,2
tblCulture.csv,tattoo,date,H052,18/07/1995,3
tblCulture.csv,tattoo,date,H053,05/08/1997,3
tblCulture.csv,tattoo,date,H053,05/09/1995,3
tblCulture.csv,tattoo,date,H053,07/07/1999,3
tblCulture.csv,tattoo,date,H053,07/09/1999,3
tblCulture.csv,tattoo,date,H053,08/09/1998,3
tblCulture.csv,tattoo,date,H053,09/07/1997,2
tblCulture.csv,tattoo,date,H053,09/11/1999,3
tblCulture.csv,tattoo,date,H053,11/02/1997,3
tblCulture.csv,tattoo,date,H053,14/02/1996,3
tblCulture.csv,tattoo,date,H053,16/01/1996,3
tblCulture.csv,tattoo,date,H053,16/10/1995,3
tblCulture.csv,tattoo,date,H053,18/07/1995,2
tblCulture.csv,tattoo,date,H053,23/07/1996,2
tblCulture.csv,tattoo,date,H053,29/07/1998,2
tblCulture.csv,tattoo,date,H053,30/07/1996,2
tblCulture.csv,tattoo,date,H054,02/10/1996,2
tblCulture.csv,tattoo,date,H054,05/09/1995,2
tblCulture.csv,tattoo,date,H054,08/09/1998,3
tblCulture.csv,tattoo,date,H054,08/10/1997,4
tblCulture.csv,tattoo,date,H054,09/07/1997,3
tblCulture.csv,tattoo,date,H054,09/07/2002,3
tblCulture.csv,tattoo,date,H054,10/12/1997,3
tblCulture.csv,tattoo,date,H054,11/12/1996,3
tblCulture.csv,tattoo,date,H054,12/06/2001,3
tblCulture.csv,tattoo,date,H054,13/02/1996,3
tblCulture.csv,tattoo,date,H054,16/10/1995,3
tblCulture.csv,tattoo,date,H054,18/07/1995,2
tblCulture.csv,tattoo,date,H054,23/07/1996,2
tblCulture.csv,tattoo,date,H054,30/07/1998,3
tblCulture.csv,tattoo,date,H055,01/10/1996,3
tblCulture.csv,tattoo,date,H055,06/09/1995,2
tblCulture.csv,tattoo,date,H055,07/10/1997,3
tblCulture.csv,tattoo,date,H055,08/07/1997,3
tblCulture.csv,tattoo,date,H055,11/02/1997,3
tblCulture.csv,tattoo,date,H055,13/02/1996,3
tblCulture.csv,tattoo,date,H055,18/07/1995,3
tblCulture.csv,tattoo,date,H056,06/09/1995,3
tblCulture.csv,tattoo,date,H056,16/10/1995,3
tblCulture.csv,tattoo,date,H056,18/07/1995,3
tblCulture.csv,tattoo,date,H057,03/06/2003,2
tblCulture.csv,tattoo,date,H057,04/07/2000,3
tblCulture.csv,tattoo,date,H057,06/09/1995,3
tblCulture.csv,tattoo,date,H057,08/07/1997,4
tblCulture.csv,tattoo,date,H057,10/07/2002,2
tblCulture.csv,tattoo,date,H057,12/06/2001,3
tblCulture.csv,tattoo,date,H057,18/07/1995,3
tblCulture.csv,tattoo,date,H057,21/06/2005,3
tblCulture.csv,tattoo,date,H057,23/07/1996,3
tblCulture.csv,tattoo,date,H058,05/09/1995,3
tblCulture.csv,tattoo,date,H058,13/02/1996,3
tblCulture.csv,tattoo,date,H058,16/10/1995,2
tblCulture.csv,tattoo,date,H058,18/07/1995,3
tblCulture.csv,tattoo,date,H059,05/09/1995,2
tblCulture.csv,tattoo,date,H059,14/02/1996,3
tblCulture.csv,tattoo,date,H059,19/07/1995,3
tblCulture.csv,tattoo,date,H060,01/10/1996,3
tblCulture.csv,tattoo,date,H060,17/10/1995,3
tblCulture.csv,tattoo,date,H060,19/07/1995,3
tblCulture.csv,tattoo,date,H060,23/07/1996,3
tblCulture.csv,tattoo,date,H061,01/07/1998,2
tblCulture.csv,tattoo,date,H061,01/10/1996,3
tblCulture.csv,tattoo,date,H061,01/12/1998,2
tblCulture.csv,tattoo,date,H061,06/09/1995,3
tblCulture.csv,tattoo,date,H061,07/09/1999,3
tblCulture.csv,tattoo,date,H061,08/06/2005,2
tblCulture.csv,tattoo,date,H061,08/07/1997,2
tblCulture.csv,tattoo,date,H061,08/09/1998,3
tblCulture.csv,tattoo,date,H061,08/10/1997,3
tblCulture.csv,tattoo,date,H061,08/11/2006,3
tblCulture.csv,tattoo,date,H061,10/07/2002,2
tblCulture.csv,tattoo,date,H061,10/12/1996,2
tblCulture.csv,tattoo,date,H061,13/02/1996,3
tblCulture.csv,tattoo,date,H061,13/06/2001,2
tblCulture.csv,tattoo,date,H061,19/07/1995,3
tblCulture.csv,tattoo,date,H061,20/09/2000,3
tblCulture.csv,tattoo,date,H061,23/07/1996,2
tblCulture.csv,tattoo,date,H062,01/10/1996,3
tblCulture.csv,tattoo,date,H062,06/09/1995,3
tblCulture.csv,tattoo,date,H062,08/07/1997,3
tblCulture.csv,tattoo,date,H062,14/02/1996,3
tblCulture.csv,tattoo,date,H062,16/10/1995,3
tblCulture.csv,tattoo,date,H062,19/07/1995,3
tblCulture.csv,tattoo,date,H062,24/07/1996,3
tblCulture.csv,tattoo,date,H063,01/02/2005,2
tblCulture.csv,tattoo,date,H063,04/06/2003,2
tblCulture.csv,tattoo,date,H063,05/02/2002,3
tblCulture.csv,tattoo,date,H063,07/07/2004,4
tblCulture.csv,tattoo,date,H063,07/08/2001,2
tblCulture.csv,tattoo,date,H063,09/11/1999,3
tblCulture.csv,tattoo,date,H063,10/12/1997,3
tblCulture.csv,tattoo,date,H063,11/02/1997,3
tblCulture.csv,tattoo,date,H063,18/09/2001,2
tblCulture.csv,tattoo,date,H063,23/02/1999,3
tblCulture.csv,tattoo,date,H063,23/07/1997,3
tblCulture.csv,tattoo,date,H063,25/07/1995,2
tblCulture.csv,tattoo,date,H063,25/11/2003,2
tblCulture.csv,tattoo,date,H063,30/06/1998,3
tblCulture.csv,tattoo,date,H064,25/10/1995,3
tblCulture.csv,tattoo,date,H064,26/07/1995,2
tblCulture.csv,tattoo,date,H064,30/07/1996,3
tblCulture.csv,tattoo,date,H065,08/08/1995,2
tblCulture.csv,tattoo,date,H065,16/01/1996,3
tblCulture.csv,tattoo,date,H065,19/09/1995,3
tblCulture.csv,tattoo,date,H066,08/08/1995,3
tblCulture.csv,tattoo,date,H066,13/10/1999,3
tblCulture.csv,tattoo,date,H066,15/01/1997,3
tblCulture.csv,tattoo,date,H066,16/01/1996,3
tblCulture.csv,tattoo,date,H066,19/09/1995,3
tblCulture.csv,tattoo,date,H066,20/05/1997,3
tblCulture.csv,tattoo,date,H066,21/10/1997,3
tblCulture.csv,tattoo,date,H066,25/06/1996,3
tblCulture.csv,tattoo,date,H066,30/07/1996,2
tblCulture.csv,tattoo,date,H067,03/09/1996,3
tblCulture.csv,tattoo,date,H067,05/08/1997,2
tblCulture.csv,tattoo,date,H067,09/08/1995,3
tblCulture.csv,tattoo,date,H067,13/10/2000,5
tblCulture.csv,tattoo,date,H067,17/01/1996,2
tblCulture.csv,tattoo,date,H067,19/09/1995,3
tblCulture.csv,tattoo,date,H068,22/08/1995,2
tblCulture.csv,tattoo,date,H069,01/08/2006,3
tblCulture.csv,tattoo,date,H069,02/08/2005,2
tblCulture.csv,tattoo,date,H069,02/10/2001,3
tblCulture.csv,tattoo,date,H069,03/08/1999,3
tblCulture.csv,tattoo,date,H069,05/11/2002,3
tblCulture.csv,tattoo,date,H069,08/06/2004,2
tblCulture.csv,tattoo,date,H069,10/11/2004,2
tblCulture.csv,tattoo,date,H069,11/11/2003,3
tblCulture.csv,tattoo,date,H069,16/05/2006,3
tblCulture.csv,tattoo,date,H069,17/06/1998,4
tblCulture.csv,tattoo,date,H069,18/06/2002,2
tblCulture.csv,tattoo,date,H069,18/09/1996,3
tblCulture.csv,tattoo,date,H069,19/07/2000,3
tblCulture.csv,tattoo,date,H069,21/06/2000,3
tblCulture.csv,tattoo,date,H069,21/08/2001,3
tblCulture.csv,tattoo,date,H069,22/08/1995,3
tblCulture.csv,tattoo,date,H069,22/09/2004,2
tblCulture.csv,tattoo,date,H069,23/06/1999,3
tblCulture.csv,tattoo,date,H069,26/06/2001,3
tblCulture.csv,tattoo,date,H069,26/10/1999,3
tblCulture.csv,tattoo,date,H069,28/09/2005,2
tblCulture.csv,tattoo,date,H069,28/11/2000,3
tblCulture.csv,tattoo,date,H070,03/10/1995,3
tblCulture.csv,tattoo,date,H070,11/08/1998,3
tblCulture.csv,tattoo,date,H070,14/07/1998,3
tblCulture.csv,tattoo,date,H070,16/06/1998,3
tblCulture.csv,tattoo,date,H070,22/07/1997,3
tblCulture.csv,tattoo,date,H070,23/08/1995,3
tblCulture.csv,tattoo,date,H070,23/09/1997,3
tblCulture.csv,tattoo,date,H070,26/11/1996,3
tblCulture.csv,tattoo,date,H070,30/07/1996,3
tblCulture.csv,tattoo,date,H071,04/10/1995,3
tblCulture.csv,tattoo,date,H071,09/07/1996,3
tblCulture.csv,tattoo,date,H071,10/09/1997,3
tblCulture.csv,tattoo,date,H071,18/09/1996,3
tblCulture.csv,tattoo,date,H071,23/08/1995,2
tblCulture.csv,tattoo,date,H071,24/06/1997,3
tblCulture.csv,tattoo,date,H071,28/01/1997,3
tblCulture.csv,tattoo,date,H071,30/01/1996,3
tblCulture.csv,tattoo,date,H072,04/10/1995,2
tblCulture.csv,tattoo,date,H072,23/08/1995,2
tblCulture.csv,tattoo,date,H073,23/08/1995,2
tblCulture.csv,tattoo,date,H074,16/10/1995,3
tblCulture.csv,tattoo,date,H075,19/09/1995,2
tblCulture.csv,tattoo,date,H076,03/10/1995,3
tblCulture.csv,tattoo,date,H076,09/07/1996,3
tblCulture.csv,tattoo,date,H076,31/01/1996,2
tblCulture.csv,tattoo,date,H077,01/07/1998,2
tblCulture.csv,tattoo,date,H077,08/07/1997,2
tblCulture.csv,tattoo,date,H077,08/09/1998,3
tblCulture.csv,tattoo,date,H077,14/02/1996,3
tblCulture.csv,tattoo,date,H077,17/10/1995,2
tblCulture.csv,tattoo,date,H077,17/11/1998,3
tblCulture.csv,tattoo,date,H077,23/07/1996,2
tblCulture.csv,tattoo,date,H078,11/02/1997,4
tblCulture.csv,tattoo,date,H078,22/07/1997,3
tblCulture.csv,tattoo,date,H078,26/10/1995,3
tblCulture.csv,tattoo,date,H078,30/07/1996,3
tblCulture.csv,tattoo,date,I001,05/02/2002,3
tblCulture.csv,tattoo,date,I002,05/10/2004,3
tblCulture.csv,tattoo,date,I002,06/02/2002,4
tblCulture.csv,tattoo,date,I002,06/07/2004,4
tblCulture.csv,tattoo,date,I002,21/09/2005,6
tblCulture.csv,tattoo,date,I002,25/11/2003,3
tblCulture.csv,tattoo,date,I003,07/01/2003,3
tblCulture.csv,tattoo,date,I003,09/07/2002,3
tblCulture.csv,tattoo,date,I003,13/05/2003,2
tblCulture.csv,tattoo,date,I003,22/10/2002,3
tblCulture.csv,tattoo,date,I004,05/08/2003,2
tblCulture.csv,tattoo,date,I004,06/08/2002,2
tblCulture.csv,tattoo,date,I004,13/05/2003,2
tblCulture.csv,tattoo,date,I004,28/05/2002,2
tblCulture.csv,tattoo,date,I005,06/08/2002,2
tblCulture.csv,tattoo,date,I005,09/07/2002,2
tblCulture.csv,tattoo,date,I005,22/10/2002,2
tblCulture.csv,tattoo,date,I005,28/05/2002,2
tblCulture.csv,tattoo,date,I006,06/08/2002,2
tblCulture.csv,tattoo,date,I006,22/10/2002,3
tblCulture.csv,tattoo,date,I006,28/05/2002,3
tblCulture.csv,tattoo,date,I007,05/06/2007,2
tblCulture.csv,tattoo,date,I007,07/01/2003,2
tblCulture.csv,tattoo,date,I007,11/09/2007,2
tblCulture.csv,tattoo,date,I007,15/08/2006,2
tblCulture.csv,tattoo,date,I007,22/10/2002,2
tblCulture.csv,tattoo,date,I007,24/01/2006,2
tblCulture.csv,tattoo,date,I007,24/05/2005,2
tblCulture.csv,tattoo,date,I007,28/10/2003,2
tblCulture.csv,tattoo,date,I008,02/06/2009,2
tblCulture.csv,tattoo,date,I008,03/05/2011,4
tblCulture.csv,tattoo,date,I008,03/11/2010,3
tblCulture.csv,tattoo,date,I008,05/07/2011,2
tblCulture.csv,tattoo,date,I008,06/09/2011,4
tblCulture.csv,tattoo,date,I008,07/09/2010,4
tblCulture.csv,tattoo,date,I008,08/01/2003,2
tblCulture.csv,tattoo,date,I008,11/05/2010,4
tblCulture.csv,tattoo,date,I008,13/09/2005,2
tblCulture.csv,tattoo,date,I008,18/07/2006,2
tblCulture.csv,tattoo,date,I008,19/07/2005,2
tblCulture.csv,tattoo,date,I008,19/10/2004,3
tblCulture.csv,tattoo,date,I008,21/07/2009,3
tblCulture.csv,tattoo,date,I008,21/10/2008,3
tblCulture.csv,tattoo,date,I008,22/07/2008,3
tblCulture.csv,tattoo,date,I008,22/10/2002,3
tblCulture.csv,tattoo,date,I008,23/10/2007,3
tblCulture.csv,tattoo,date,I008,25/10/2006,2
tblCulture.csv,tattoo,date,I008,28/05/2002,2
tblCulture.csv,tattoo,date,I008,28/10/2003,2
tblCulture.csv,tattoo,date,I008,29/05/2012,2
tblCulture.csv,tattoo,date,I008,31/07/2007,2
tblCulture.csv,tattoo,date,I009,06/08/2002,3
tblCulture.csv,tattoo,date,I009,28/10/2003,4
tblCulture.csv,tattoo,date,I009,29/05/2002,3
tblCulture.csv,tattoo,date,I011,06/08/2002,2
tblCulture.csv,tattoo,date,I011,29/05/2002,2
tblCulture.csv,tattoo,date,I012,06/08/2002,3
tblCulture.csv,tattoo,date,I012,13/05/2003,2
tblCulture.csv,tattoo,date,I012,22/10/2002,2
tblCulture.csv,tattoo,date,I012,29/05/2002,2
tblCulture.csv,tattoo,date,I013,05/08/2003,2
tblCulture.csv,tattoo,date,I013,06/08/2002,2
tblCulture.csv,tattoo,date,I013,07/01/2003,3
tblCulture.csv,tattoo,date,I013,13/05/2003,3
tblCulture.csv,tattoo,date,I013,22/10/2002,2
tblCulture.csv,tattoo,date,I014,05/11/2002,2
tblCulture.csv,tattoo,date,I014,08/06/2004,3
tblCulture.csv,tattoo,date,I014,12/11/2003,2
tblCulture.csv,tattoo,date,I014,18/06/2002,3
tblCulture.csv,tattoo,date,I014,19/08/2003,2
tblCulture.csv,tattoo,date,I014,20/05/2003,3
tblCulture.csv,tattoo,date,I015,15/08/2002,6
tblCulture.csv,tattoo,date,I015,18/06/2002,2
tblCulture.csv,tattoo,date,I016,05/11/2002,3
tblCulture.csv,tattoo,date,I016,11/11/2003,2
tblCulture.csv,tattoo,date,I016,12/12/2006,4
tblCulture.csv,tattoo,date,I016,17/09/2007,6
tblCulture.csv,tattoo,date,I016,18/06/2002,2
tblCulture.csv,tattoo,date,I016,21/05/2003,2
tblCulture.csv,tattoo,date,I016,24/08/2004,4
tblCulture.csv,tattoo,date,I017,05/11/2002,3
tblCulture.csv,tattoo,date,I017,12/11/2003,3
tblCulture.csv,tattoo,date,I017,19/08/2003,4
tblCulture.csv,tattoo,date,I017,20/05/2003,4
tblCulture.csv,tattoo,date,I017,21/08/2002,3
tblCulture.csv,tattoo,date,I018,05/07/2005,6
tblCulture.csv,tattoo,date,I018,08/06/2004,2
tblCulture.csv,tattoo,date,I018,18/06/2002,2
tblCulture.csv,tattoo,date,I018,20/01/2004,2
tblCulture.csv,tattoo,date,I018,20/08/2002,2
tblCulture.csv,tattoo,date,I019,02/08/2006,2
tblCulture.csv,tattoo,date,I019,05/08/2008,4
tblCulture.csv,tattoo,date,I019,08/11/2006,3
tblCulture.csv,tattoo,date,I019,09/06/2004,2
tblCulture.csv,tattoo,date,I019,09/11/2004,3
tblCulture.csv,tattoo,date,I019,12/11/2003,2
tblCulture.csv,tattoo,date,I019,14/01/2003,2
tblCulture.csv,tattoo,date,I019,18/06/2002,3
tblCulture.csv,tattoo,date,I019,20/05/2008,4
tblCulture.csv,tattoo,date,I019,20/08/2002,3
tblCulture.csv,tattoo,date,I019,22/05/2007,3
tblCulture.csv,tattoo,date,I020,05/11/2002,2
tblCulture.csv,tattoo,date,I020,08/06/2004,4
tblCulture.csv,tattoo,date,I020,11/09/2004,5
tblCulture.csv,tattoo,date,I020,14/01/2003,2
tblCulture.csv,tattoo,date,I020,18/06/2002,2
tblCulture.csv,tattoo,date,I020,20/08/2002,3
tblCulture.csv,tattoo,date,I021,18/06/2002,3
tblCulture.csv,tattoo,date,I022,05/11/2002,3
tblCulture.csv,tattoo,date,I022,11/11/2003,4
tblCulture.csv,tattoo,date,I022,12/05/2004,5
tblCulture.csv,tattoo,date,I022,14/01/2003,3
tblCulture.csv,tattoo,date,I022,18/06/2002,2
tblCulture.csv,tattoo,date,I022,20/05/2003,2
tblCulture.csv,tattoo,date,I022,20/08/2002,3
tblCulture.csv,tattoo,date,I023,18/06/2002,3
tblCulture.csv,tattoo,date,I024,09/06/2004,2
tblCulture.csv,tattoo,date,I024,19/08/2003,3
tblCulture.csv,tattoo,date,I025,19/06/2002,3
tblCulture.csv,tattoo,date,I026,19/06/2002,3
tblCulture.csv,tattoo,date,I027,05/11/2002,3
tblCulture.csv,tattoo,date,I027,08/06/2004,3
tblCulture.csv,tattoo,date,I027,09/11/2004,3
tblCulture.csv,tattoo,date,I027,14/01/2003,3
tblCulture.csv,tattoo,date,I027,19/06/2002,3
tblCulture.csv,tattoo,date,I027,20/08/2002,3
tblCulture.csv,tattoo,date,I029,09/07/2002,2
tblCulture.csv,tattoo,date,I030,02/09/2003,3
tblCulture.csv,tattoo,date,I030,03/02/2004,2
tblCulture.csv,tattoo,date,I030,03/06/2003,3
tblCulture.csv,tattoo,date,I030,05/10/2004,3
tblCulture.csv,tattoo,date,I030,06/07/2004,3
tblCulture.csv,tattoo,date,I030,09/07/2002,3
tblCulture.csv,tattoo,date,I030,10/09/2002,3
tblCulture.csv,tattoo,date,I030,19/11/2002,3
tblCulture.csv,tattoo,date,I030,21/01/2003,2
tblCulture.csv,tattoo,date,I030,24/11/2004,2
tblCulture.csv,tattoo,date,I031,09/07/2002,2
tblCulture.csv,tattoo,date,I032,09/07/2002,3
tblCulture.csv,tattoo,date,I034,10/09/2002,2
tblCulture.csv,tattoo,date,I034,19/11/2002,2
tblCulture.csv,tattoo,date,I034,21/01/2003,2
tblCulture.csv,tattoo,date,I035,02/09/2003,2
tblCulture.csv,tattoo,date,I035,03/06/2003,3
tblCulture.csv,tattoo,date,I035,05/06/2007,4
tblCulture.csv,tattoo,date,I035,06/05/2009,3
tblCulture.csv,tattoo,date,I035,06/07/2004,3
tblCulture.csv,tattoo,date,I035,06/11/2007,4
tblCulture.csv,tattoo,date,I035,09/07/2002,3
tblCulture.csv,tattoo,date,I035,11/10/2005,3
tblCulture.csv,tattoo,date,I035,14/10/2009,3
tblCulture.csv,tattoo,date,I035,15/06/2010,4
tblCulture.csv,tattoo,date,I035,16/08/2005,3
tblCulture.csv,tattoo,date,I035,19/11/2002,3
tblCulture.csv,tattoo,date,I035,22/06/2005,2
tblCulture.csv,tattoo,date,I035,24/05/2006,2
tblCulture.csv,tattoo,date,I036,09/07/2002,3
tblCulture.csv,tattoo,date,I037,05/08/2003,3
tblCulture.csv,tattoo,date,I037,06/08/2002,3
tblCulture.csv,tattoo,date,I037,09/07/2002,3
tblCulture.csv,tattoo,date,I037,13/05/2003,3
tblCulture.csv,tattoo,date,I037,22/10/2002,3
tblCulture.csv,tattoo,date,I038,09/07/2002,3
tblCulture.csv,tattoo,date,I039,05/08/2003,3
tblCulture.csv,tattoo,date,I039,06/08/2002,3
tblCulture.csv,tattoo,date,I039,07/01/2003,3
tblCulture.csv,tattoo,date,I039,09/07/2002,2
tblCulture.csv,tattoo,date,I039,13/05/2003,3
tblCulture.csv,tattoo,date,I039,22/10/2002,3
tblCulture.csv,tattoo,date,I040,03/06/2003,3
tblCulture.csv,tattoo,date,I040,03/09/2003,3
tblCulture.csv,tattoo,date,I040,10/09/2002,3
tblCulture.csv,tattoo,date,I040,19/11/2002,3
tblCulture.csv,tattoo,date,I042,05/08/2003,2
tblCulture.csv,tattoo,date,I042,06/08/2002,3
tblCulture.csv,tattoo,date,I042,13/05/2003,3
tblCulture.csv,tattoo,date,I042,22/10/2002,2
tblCulture.csv,tattoo,date,I042,24/08/2004,3
tblCulture.csv,tattoo,date,I042,25/05/2004,3
tblCulture.csv,tattoo,date,I042,29/10/2003,2
tblCulture.csv,tattoo,date,I043,06/08/2002,2
tblCulture.csv,tattoo,date,I043,07/01/2003,4
tblCulture.csv,tattoo,date,I044,06/08/2002,3
tblCulture.csv,tattoo,date,I045,05/08/2003,2
tblCulture.csv,tattoo,date,I045,06/08/2002,3
tblCulture.csv,tattoo,date,I045,13/05/2003,3
tblCulture.csv,tattoo,date,I045,18/07/2006,3
tblCulture.csv,tattoo,date,I045,22/10/2002,3
tblCulture.csv,tattoo,date,I045,29/10/2003,3
tblCulture.csv,tattoo,date,I046,03/09/2003,5
tblCulture.csv,tattoo,date,I046,07/08/2002,2
tblCulture.csv,tattoo,date,I047,07/08/2002,3
tblCulture.csv,tattoo,date,I047,13/05/2003,3
tblCulture.csv,tattoo,date,I047,22/10/2002,3
tblCulture.csv,tattoo,date,I048,02/09/2003,2
tblCulture.csv,tattoo,date,I048,04/06/2003,2
tblCulture.csv,tattoo,date,I048,10/09/2002,3
tblCulture.csv,tattoo,date,I048,19/11/2002,2
tblCulture.csv,tattoo,date,I049,06/07/2004,2
tblCulture.csv,tattoo,date,I049,10/09/2002,3
tblCulture.csv,tattoo,date,I050,04/06/2003,2
tblCulture.csv,tattoo,date,I050,19/11/2002,3
tblCulture.csv,tattoo,date,I050,21/01/2003,3
tblCulture.csv,tattoo,date,I051,20/11/2002,4
tblCulture.csv,tattoo,date,I052,20/11/2002,2
tblCulture.csv,tattoo,date,I052,22/01/2003,3
tblCulture.csv,tattoo,date,I052,22/06/2005,2
tblCulture.csv,tattoo,date,J001,03/02/1998,3
tblCulture.csv,tattoo,date,J001,11/08/1998,3
tblCulture.csv,tattoo,date,J001,16/06/1998,4
tblCulture.csv,tattoo,date,J002,06/10/1998,3
tblCulture.csv,tattoo,date,J002,19/05/1998,2
tblCulture.csv,tattoo,date,J002,25/05/1999,3
tblCulture.csv,tattoo,date,J002,26/01/1999,3
tblCulture.csv,tattoo,date,J002,28/07/1998,3
tblCulture.csv,tattoo,date,J003,03/10/2000,3
tblCulture.csv,tattoo,date,J003,05/09/2001,2
tblCulture.csv,tattoo,date,J003,07/10/1998,2
tblCulture.csv,tattoo,date,J003,14/05/2003,2
tblCulture.csv,tattoo,date,J003,16/10/2001,3
tblCulture.csv,tattoo,date,J003,19/05/1998,3
tblCulture.csv,tattoo,date,J003,20/07/1999,3
tblCulture.csv,tattoo,date,J003,21/09/1999,3
tblCulture.csv,tattoo,date,J003,23/05/2000,2
tblCulture.csv,tattoo,date,J003,25/05/1999,3
tblCulture.csv,tattoo,date,J003,25/07/2001,2
tblCulture.csv,tattoo,date,J003,29/05/2002,2
tblCulture.csv,tattoo,date,J003,29/07/1998,2
tblCulture.csv,tattoo,date,J004,19/05/1998,2
tblCulture.csv,tattoo,date,J005,06/10/1998,3
tblCulture.csv,tattoo,date,J005,15/02/2000,3
tblCulture.csv,tattoo,date,J005,16/10/2001,2
tblCulture.csv,tattoo,date,J005,18/08/1999,3
tblCulture.csv,tattoo,date,J005,19/05/1998,3
tblCulture.csv,tattoo,date,J005,22/09/1999,3
tblCulture.csv,tattoo,date,J005,26/01/1999,3
tblCulture.csv,tattoo,date,J006,17/08/1999,3
tblCulture.csv,tattoo,date,J006,19/05/1998,2
tblCulture.csv,tattoo,date,J006,20/07/1999,2
tblCulture.csv,tattoo,date,J006,21/09/1999,3
tblCulture.csv,tattoo,date,J006,25/05/1999,2
tblCulture.csv,tattoo,date,J006,26/01/1999,3
tblCulture.csv,tattoo,date,J007,07/10/1998,2
tblCulture.csv,tattoo,date,J007,19/05/1998,2
tblCulture.csv,tattoo,date,J007,26/05/1999,3
tblCulture.csv,tattoo,date,J007,28/07/1998,2
tblCulture.csv,tattoo,date,J008,06/10/1998,2
tblCulture.csv,tattoo,date,J008,13/10/1999,3
tblCulture.csv,tattoo,date,J008,19/05/1998,2
tblCulture.csv,tattoo,date,J008,21/07/1999,3
tblCulture.csv,tattoo,date,J008,28/07/1998,2
tblCulture.csv,tattoo,date,J009,19/05/1998,3
tblCulture.csv,tattoo,date,J010,07/10/1998,3
tblCulture.csv,tattoo,date,J010,17/08/1999,3
tblCulture.csv,tattoo,date,J010,19/05/1998,2
tblCulture.csv,tattoo,date,J010,19/07/2000,2
tblCulture.csv,tattoo,date,J010,21/06/2000,3
tblCulture.csv,tattoo,date,J010,21/07/1999,3
tblCulture.csv,tattoo,date,J010,27/01/1999,2
tblCulture.csv,tattoo,date,J010,28/07/1998,2
tblCulture.csv,tattoo,date,J011,19/05/1998,3
tblCulture.csv,tattoo,date,J011,26/01/1999,3
tblCulture.csv,tattoo,date,J011,28/07/1998,3
tblCulture.csv,tattoo,date,J011,30/05/1999,5
tblCulture.csv,tattoo,date,J012,12/10/1999,3
tblCulture.csv,tattoo,date,J012,14/07/1998,2
tblCulture.csv,tattoo,date,J012,17/11/1998,3
tblCulture.csv,tattoo,date,J012,19/05/1998,3
tblCulture.csv,tattoo,date,J012,20/07/1999,3
tblCulture.csv,tattoo,date,J012,22/09/1998,3
tblCulture.csv,tattoo,date,J012,23/05/2000,2
tblCulture.csv,tattoo,date,J012,25/05/1999,2
tblCulture.csv,tattoo,date,J012,27/01/1999,2
tblCulture.csv,tattoo,date,J013,12/01/1999,3
tblCulture.csv,tattoo,date,J013,15/07/1998,2
tblCulture.csv,tattoo,date,J013,16/05/2002,4
tblCulture.csv,tattoo,date,J013,16/10/2001,3
tblCulture.csv,tattoo,date,J013,19/05/1998,3
tblCulture.csv,tattoo,date,J013,21/07/1999,2
tblCulture.csv,tattoo,date,J013,22/09/1999,3
tblCulture.csv,tattoo,date,J013,23/09/1998,2
tblCulture.csv,tattoo,date,J013,26/01/1999,3
tblCulture.csv,tattoo,date,J014,06/10/1998,2
tblCulture.csv,tattoo,date,J014,20/05/1998,2
tblCulture.csv,tattoo,date,J014,20/07/1999,3
tblCulture.csv,tattoo,date,J014,25/05/1999,3
tblCulture.csv,tattoo,date,J014,27/01/1999,2
tblCulture.csv,tattoo,date,J015,04/09/2001,2
tblCulture.csv,tattoo,date,J015,04/10/2005,6
tblCulture.csv,tattoo,date,J015,05/09/2000,2
tblCulture.csv,tattoo,date,J015,07/10/1998,3
tblCulture.csv,tattoo,date,J015,08/06/2005,2
tblCulture.csv,tattoo,date,J015,13/05/2003,3
tblCulture.csv,tattoo,date,J015,19/07/2005,3
tblCulture.csv,tattoo,date,J015,19/10/2004,3
tblCulture.csv,tattoo,date,J015,20/05/1998,2
tblCulture.csv,tattoo,date,J015,21/07/1999,3
tblCulture.csv,tattoo,date,J015,22/09/2004,3
tblCulture.csv,tattoo,date,J015,23/05/2000,3
tblCulture.csv,tattoo,date,J015,24/08/2004,3
tblCulture.csv,tattoo,date,J015,25/05/1999,3
tblCulture.csv,tattoo,date,J015,25/07/2001,2
tblCulture.csv,tattoo,date,J015,26/01/1999,3
tblCulture.csv,tattoo,date,J015,28/05/2002,3
tblCulture.csv,tattoo,date,J015,28/07/1998,2
tblCulture.csv,tattoo,date,J016,06/10/1998,3
tblCulture.csv,tattoo,date,J016,07/09/2000,5
tblCulture.csv,tattoo,date,J016,20/05/1998,3
tblCulture.csv,tattoo,date,J016,28/07/1998,2
tblCulture.csv,tattoo,date,J017,04/09/2001,3
tblCulture.csv,tattoo,date,J017,04/10/2000,3
tblCulture.csv,tattoo,date,J017,05/09/2000,3
tblCulture.csv,tattoo,date,J017,06/08/2002,3
tblCulture.csv,tattoo,date,J017,06/10/1998,2
tblCulture.csv,tattoo,date,J017,13/05/2003,2
tblCulture.csv,tattoo,date,J017,14/06/2005,5
tblCulture.csv,tattoo,date,J017,20/05/1998,3
tblCulture.csv,tattoo,date,J017,20/07/1999,3
tblCulture.csv,tattoo,date,J017,21/09/1999,4
tblCulture.csv,tattoo,date,J017,24/07/2001,3
tblCulture.csv,tattoo,date,J017,25/05/1999,3
tblCulture.csv,tattoo,date,J017,27/01/1999,3
tblCulture.csv,tattoo,date,J017,28/07/1998,3
tblCulture.csv,tattoo,date,J018,20/05/1998,3
tblCulture.csv,tattoo,date,J018,28/07/1998,3
tblCulture.csv,tattoo,date,J019,15/04/1999,5
tblCulture.csv,tattoo,date,J019,20/05/1998,2
tblCulture.csv,tattoo,date,J019,27/01/1999,2
tblCulture.csv,tattoo,date,J019,29/07/1998,2
tblCulture.csv,tattoo,date,J020,20/05/1998,2
tblCulture.csv,tattoo,date,J020,21/09/1999,2
tblCulture.csv,tattoo,date,J020,26/05/1999,2
tblCulture.csv,tattoo,date,J020,28/07/1998,2
tblCulture.csv,tattoo,date,J021,20/05/1998,3
tblCulture.csv,tattoo,date,J021,26/05/1999,3
tblCulture.csv,tattoo,date,J022,05/09/2000,3
tblCulture.csv,tattoo,date,J022,06/10/1998,2
tblCulture.csv,tattoo,date,J022,20/05/1998,3
tblCulture.csv,tattoo,date,J022,24/07/2001,3
tblCulture.csv,tattoo,date,J022,26/01/1999,2
tblCulture.csv,tattoo,date,J022,26/05/1999,3
tblCulture.csv,tattoo,date,J023,05/09/2000,3
tblCulture.csv,tattoo,date,J023,06/10/1998,2
tblCulture.csv,tattoo,date,J023,12/10/1999,3
tblCulture.csv,tattoo,date,J023,17/08/1999,3
tblCulture.csv,tattoo,date,J023,20/05/1998,2
tblCulture.csv,tattoo,date,J023,20/07/1999,3
tblCulture.csv,tattoo,date,J023,21/09/1999,3
tblCulture.csv,tattoo,date,J023,24/05/2000,3
tblCulture.csv,tattoo,date,J023,25/07/2001,2
tblCulture.csv,tattoo,date,J023,26/01/1999,3
tblCulture.csv,tattoo,date,J023,28/07/1998,2
tblCulture.csv,tattoo,date,J024,06/10/1998,3
tblCulture.csv,tattoo,date,J024,20/05/1998,3
tblCulture.csv,tattoo,date,J024,20/07/1999,3
tblCulture.csv,tattoo,date,J024,21/09/1999,2
tblCulture.csv,tattoo,date,J024,25/05/1999,3
tblCulture.csv,tattoo,date,J024,26/01/1999,3
tblCulture.csv,tattoo,date,J024,26/10/1999,3
tblCulture.csv,tattoo,date,J024,28/07/1998,2
tblCulture.csv,tattoo,date,J025,28/07/1998,3
tblCulture.csv,tattoo,date,J026,20/05/1998,2
tblCulture.csv,tattoo,date,J026,27/01/1999,2
tblCulture.csv,tattoo,date,J026,28/07/1998,2
tblCulture.csv,tattoo,date,J027,14/07/1998,3
tblCulture.csv,tattoo,date,J027,20/05/1998,3
tblCulture.csv,tattoo,date,J028,03/08/1999,3
tblCulture.csv,tattoo,date,J028,11/02/1999,3
tblCulture.csv,tattoo,date,J028,11/08/1998,3
tblCulture.csv,tattoo,date,J028,13/01/1999,3
tblCulture.csv,tattoo,date,J028,16/06/1998,2
tblCulture.csv,tattoo,date,J028,20/10/1998,2
tblCulture.csv,tattoo,date,J028,22/06/1999,2
tblCulture.csv,tattoo,date,J028,26/06/2001,2
tblCulture.csv,tattoo,date,J029,02/10/2001,3
tblCulture.csv,tattoo,date,J029,03/08/1999,3
tblCulture.csv,tattoo,date,J029,10/02/1999,4
tblCulture.csv,tattoo,date,J029,11/08/1998,2
tblCulture.csv,tattoo,date,J029,20/06/2000,3
tblCulture.csv,tattoo,date,J029,20/10/1998,3
tblCulture.csv,tattoo,date,J029,21/10/2002,5
tblCulture.csv,tattoo,date,J029,22/06/1999,3
tblCulture.csv,tattoo,date,J029,26/10/1999,3
tblCulture.csv,tattoo,date,J029,29/11/2000,3
tblCulture.csv,tattoo,date,J030,11/08/1998,2
tblCulture.csv,tattoo,date,J030,14/07/1998,2
tblCulture.csv,tattoo,date,J030,16/06/1998,3
tblCulture.csv,tattoo,date,J031,11/08/1998,3
tblCulture.csv,tattoo,date,J031,13/01/1999,2
tblCulture.csv,tattoo,date,J031,14/07/1998,3
tblCulture.csv,tattoo,date,J031,16/06/1998,2
tblCulture.csv,tattoo,date,J031,20/10/1998,3
tblCulture.csv,tattoo,date,J031,21/07/1999,4
tblCulture.csv,tattoo,date,J031,22/06/1999,4
tblCulture.csv,tattoo,date,J031,22/09/1998,3
tblCulture.csv,tattoo,date,J031,25/05/1999,2
tblCulture.csv,tattoo,date,J032,16/06/1998,2
tblCulture.csv,tattoo,date,J033,03/10/2000,2
tblCulture.csv,tattoo,date,J033,11/08/1998,3
tblCulture.csv,tattoo,date,J033,12/01/1999,3
tblCulture.csv,tattoo,date,J033,13/10/1999,3
tblCulture.csv,tattoo,date,J033,17/11/1998,2
tblCulture.csv,tattoo,date,J033,20/07/1999,3
tblCulture.csv,tattoo,date,J033,20/10/1998,3
tblCulture.csv,tattoo,date,J033,22/09/1999,2
tblCulture.csv,tattoo,date,J034,04/08/1999,3
tblCulture.csv,tattoo,date,J034,11/02/1999,2
tblCulture.csv,tattoo,date,J034,11/08/1998,3
tblCulture.csv,tattoo,date,J034,12/01/1999,3
tblCulture.csv,tattoo,date,J034,12/10/1999,2
tblCulture.csv,tattoo,date,J034,14/07/1998,3
tblCulture.csv,tattoo,date,J034,16/06/1998,2
tblCulture.csv,tattoo,date,J034,17/08/1999,3
tblCulture.csv,tattoo,date,J034,17/11/1998,2
tblCulture.csv,tattoo,date,J034,18/07/2000,3
tblCulture.csv,tattoo,date,J034,20/08/2002,3
tblCulture.csv,tattoo,date,J034,20/10/1998,3
tblCulture.csv,tattoo,date,J034,21/08/2001,3
tblCulture.csv,tattoo,date,J034,22/06/1999,2
tblCulture.csv,tattoo,date,J034,22/09/1998,3
tblCulture.csv,tattoo,date,J034,23/08/2000,4
tblCulture.csv,tattoo,date,J034,27/10/1999,3
tblCulture.csv,tattoo,date,J035,02/10/2001,4
tblCulture.csv,tattoo,date,J035,04/07/2001,2
tblCulture.csv,tattoo,date,J035,11/11/2003,3
tblCulture.csv,tattoo,date,J035,12/01/1999,3
tblCulture.csv,tattoo,date,J035,12/08/1998,2
tblCulture.csv,tattoo,date,J035,12/10/1999,3
tblCulture.csv,tattoo,date,J035,16/06/1998,2
tblCulture.csv,tattoo,date,J035,19/07/2000,3
tblCulture.csv,tattoo,date,J035,20/08/2002,4
tblCulture.csv,tattoo,date,J035,20/08/2003,3
tblCulture.csv,tattoo,date,J035,20/10/1998,2
tblCulture.csv,tattoo,date,J035,22/06/1999,2
tblCulture.csv,tattoo,date,J035,22/09/1998,2
tblCulture.csv,tattoo,date,J036,10/02/1999,3
tblCulture.csv,tattoo,date,J036,11/08/1998,3
tblCulture.csv,tattoo,date,J036,16/06/1998,3
tblCulture.csv,tattoo,date,J036,20/10/1998,3
tblCulture.csv,tattoo,date,J037,02/10/2001,3
tblCulture.csv,tattoo,date,J037,03/08/1999,3
tblCulture.csv,tattoo,date,J037,11/08/1998,3
tblCulture.csv,tattoo,date,J037,16/06/1998,3
tblCulture.csv,tattoo,date,J037,19/06/2002,2
tblCulture.csv,tattoo,date,J037,21/06/2000,2
tblCulture.csv,tattoo,date,J037,23/06/1999,3
tblCulture.csv,tattoo,date,J037,26/06/2001,2
tblCulture.csv,tattoo,date,J038,16/06/1998,2
tblCulture.csv,tattoo,date,J039,01/11/2000,2
tblCulture.csv,tattoo,date,J039,03/08/1999,3
tblCulture.csv,tattoo,date,J039,10/02/1999,4
tblCulture.csv,tattoo,date,J039,11/08/1998,2
tblCulture.csv,tattoo,date,J039,16/06/1998,3
tblCulture.csv,tattoo,date,J039,20/06/2000,3
tblCulture.csv,tattoo,date,J039,20/10/1998,3
tblCulture.csv,tattoo,date,J039,22/06/1999,3
tblCulture.csv,tattoo,date,J039,22/08/2000,2
tblCulture.csv,tattoo,date,J039,25/01/2000,3
tblCulture.csv,tattoo,date,J039,26/06/2001,2
tblCulture.csv,tattoo,date,J039,26/10/1999,3
tblCulture.csv,tattoo,date,J040,03/10/2001,3
tblCulture.csv,tattoo,date,J040,04/08/1999,2
tblCulture.csv,tattoo,date,J040,11/08/1998,3
tblCulture.csv,tattoo,date,J040,16/06/1998,2
tblCulture.csv,tattoo,date,J040,20/06/2000,2
tblCulture.csv,tattoo,date,J040,20/10/1998,3
tblCulture.csv,tattoo,date,J040,21/08/2001,3
tblCulture.csv,tattoo,date,J040,22/06/1999,3
tblCulture.csv,tattoo,date,J040,22/08/2000,3
tblCulture.csv,tattoo,date,J040,26/06/2001,2
tblCulture.csv,tattoo,date,J040,26/10/1999,3
tblCulture.csv,tattoo,date,J040,31/10/2000,2
tblCulture.csv,tattoo,date,J041,03/08/1999,2
tblCulture.csv,tattoo,date,J041,11/02/1999,3
tblCulture.csv,tattoo,date,J041,16/06/1998,2
tblCulture.csv,tattoo,date,J041,20/06/2000,3
tblCulture.csv,tattoo,date,J041,22/06/1999,2
tblCulture.csv,tattoo,date,J041,22/08/2000,3
tblCulture.csv,tattoo,date,J042,02/10/2001,2
tblCulture.csv,tattoo,date,J042,03/08/1999,2
tblCulture.csv,tattoo,date,J042,11/08/1998,2
tblCulture.csv,tattoo,date,J042,17/06/1998,3
tblCulture.csv,tattoo,date,J042,20/06/2000,3
tblCulture.csv,tattoo,date,J042,20/10/1998,3
tblCulture.csv,tattoo,date,J042,22/06/1999,3
tblCulture.csv,tattoo,date,J042,22/08/2001,2
tblCulture.csv,tattoo,date,J042,23/08/2000,3
tblCulture.csv,tattoo,date,J042,26/06/2001,2
tblCulture.csv,tattoo,date,J043,17/06/1998,3
tblCulture.csv,tattoo,date,J044,12/08/1998,2
tblCulture.csv,tattoo,date,J044,17/06/1998,2
tblCulture.csv,tattoo,date,J044,22/08/2000,2
tblCulture.csv,tattoo,date,J045,17/06/1998,3
tblCulture.csv,tattoo,date,J046,11/08/1998,2
tblCulture.csv,tattoo,date,J046,17/06/1998,3
tblCulture.csv,tattoo,date,J047,17/06/1998,2
tblCulture.csv,tattoo,date,J048,17/06/1998,3
tblCulture.csv,tattoo,date,J048,22/09/1998,2
tblCulture.csv,tattoo,date,J049,02/12/1998,3
tblCulture.csv,tattoo,date,J049,06/07/1999,3
tblCulture.csv,tattoo,date,J049,07/09/1999,3
tblCulture.csv,tattoo,date,J049,08/09/1998,3
tblCulture.csv,tattoo,date,J049,09/11/1999,3
tblCulture.csv,tattoo,date,J049,17/11/1998,3
tblCulture.csv,tattoo,date,J049,22/09/1998,2
tblCulture.csv,tattoo,date,J049,23/02/1999,3
tblCulture.csv,tattoo,date,J049,30/06/1998,2
tblCulture.csv,tattoo,date,J050,04/07/2000,3
tblCulture.csv,tattoo,date,J050,06/07/1999,5
tblCulture.csv,tattoo,date,J050,08/09/1999,3
tblCulture.csv,tattoo,date,J050,09/02/2000,3
tblCulture.csv,tattoo,date,J050,09/09/1998,3
tblCulture.csv,tattoo,date,J050,26/01/2000,3
tblCulture.csv,tattoo,date,J050,30/06/1998,3
tblCulture.csv,tattoo,date,J051,01/12/1998,2
tblCulture.csv,tattoo,date,J051,04/07/2000,4
tblCulture.csv,tattoo,date,J051,06/07/1999,2
tblCulture.csv,tattoo,date,J051,07/09/1999,3
tblCulture.csv,tattoo,date,J051,08/09/1998,3
tblCulture.csv,tattoo,date,J051,09/11/1999,3
tblCulture.csv,tattoo,date,J051,12/01/1999,2
tblCulture.csv,tattoo,date,J051,14/07/1998,2
tblCulture.csv,tattoo,date,J051,17/10/2000,5
tblCulture.csv,tattoo,date,J051,17/11/1998,3
tblCulture.csv,tattoo,date,J051,19/09/2000,5
tblCulture.csv,tattoo,date,J051,22/09/1998,2
tblCulture.csv,tattoo,date,J051,23/02/1999,3
tblCulture.csv,tattoo,date,J051,30/06/1998,2
tblCulture.csv,tattoo,date,J052,30/06/1998,2
tblCulture.csv,tattoo,date,J053,01/12/1998,3
tblCulture.csv,tattoo,date,J053,04/07/2000,3
tblCulture.csv,tattoo,date,J053,07/07/1999,3
tblCulture.csv,tattoo,date,J053,07/08/2001,2
tblCulture.csv,tattoo,date,J053,07/09/1999,3
tblCulture.csv,tattoo,date,J053,09/02/2000,5
tblCulture.csv,tattoo,date,J053,10/09/2002,2
tblCulture.csv,tattoo,date,J053,12/06/2001,3
tblCulture.csv,tattoo,date,J053,18/09/2001,2
tblCulture.csv,tattoo,date,J053,19/09/2000,2
tblCulture.csv,tattoo,date,J053,20/11/2002,2
tblCulture.csv,tattoo,date,J053,30/06/1998,3
tblCulture.csv,tattoo,date,J054,02/12/1998,3
tblCulture.csv,tattoo,date,J054,03/06/2008,4
tblCulture.csv,tattoo,date,J054,06/07/2004,3
tblCulture.csv,tattoo,date,J054,07/08/2001,3
tblCulture.csv,tattoo,date,J054,08/09/1999,2
tblCulture.csv,tattoo,date,J054,09/09/1998,3
tblCulture.csv,tattoo,date,J054,10/11/1999,3
tblCulture.csv,tattoo,date,J054,13/06/2001,2
tblCulture.csv,tattoo,date,J054,21/06/2005,3
tblCulture.csv,tattoo,date,J054,23/02/1999,2
tblCulture.csv,tattoo,date,J054,30/06/1998,3
tblCulture.csv,tattoo,date,J055,07/09/1999,3
tblCulture.csv,tattoo,date,J055,09/02/2000,5
tblCulture.csv,tattoo,date,J055,09/11/1999,3
tblCulture.csv,tattoo,date,J055,30/06/1998,2
tblCulture.csv,tattoo,date,J056,05/02/2002,3
tblCulture.csv,tattoo,date,J056,06/07/1999,3
tblCulture.csv,tattoo,date,J056,06/10/2004,2
tblCulture.csv,tattoo,date,J056,07/08/2001,3
tblCulture.csv,tattoo,date,J056,08/09/1999,3
tblCulture.csv,tattoo,date,J056,23/02/1999,3
tblCulture.csv,tattoo,date,J056,30/06/1998,3
tblCulture.csv,tattoo,date,J058,02/02/2005,2
tblCulture.csv,tattoo,date,J058,04/07/2000,3
tblCulture.csv,tattoo,date,J058,05/10/2004,2
tblCulture.csv,tattoo,date,J058,07/07/1999,2
tblCulture.csv,tattoo,date,J058,07/09/1999,3
tblCulture.csv,tattoo,date,J058,08/09/1998,2
tblCulture.csv,tattoo,date,J058,10/09/2002,2
tblCulture.csv,tattoo,date,J058,17/10/2000,2
tblCulture.csv,tattoo,date,J058,19/09/2000,3
tblCulture.csv,tattoo,date,J058,25/11/2003,2
tblCulture.csv,tattoo,date,J058,30/06/1998,3
tblCulture.csv,tattoo,date,J059,30/06/1998,3
tblCulture.csv,tattoo,date,J060,04/06/2003,2
tblCulture.csv,tattoo,date,J060,06/07/2004,3
tblCulture.csv,tattoo,date,J060,08/09/1998,3
tblCulture.csv,tattoo,date,J060,08/09/1999,3
tblCulture.csv,tattoo,date,J060,23/02/1999,3
tblCulture.csv,tattoo,date,J060,30/06/1998,3
tblCulture.csv,tattoo,date,J061,30/06/1998,3
tblCulture.csv,tattoo,date,J062,05/02/2000,3
tblCulture.csv,tattoo,date,J062,07/07/1999,2
tblCulture.csv,tattoo,date,J062,07/08/2001,3
tblCulture.csv,tattoo,date,J062,08/09/1999,3
tblCulture.csv,tattoo,date,J062,09/09/1998,3
tblCulture.csv,tattoo,date,J062,10/11/1999,2
tblCulture.csv,tattoo,date,J062,12/06/2001,3
tblCulture.csv,tattoo,date,J062,17/10/2000,3
tblCulture.csv,tattoo,date,J062,20/09/2000,3
tblCulture.csv,tattoo,date,J062,24/02/1999,3
tblCulture.csv,tattoo,date,J062,25/01/2000,3
tblCulture.csv,tattoo,date,J062,30/06/1998,3
tblCulture.csv,tattoo,date,J063,01/12/1998,2
tblCulture.csv,tattoo,date,J063,02/09/2003,2
tblCulture.csv,tattoo,date,J063,04/07/2000,3
tblCulture.csv,tattoo,date,J063,05/09/2000,2
tblCulture.csv,tattoo,date,J063,06/07/1999,3
tblCulture.csv,tattoo,date,J063,07/09/1999,3
tblCulture.csv,tattoo,date,J063,08/02/2000,4
tblCulture.csv,tattoo,date,J063,08/09/1998,2
tblCulture.csv,tattoo,date,J063,12/06/2001,2
tblCulture.csv,tattoo,date,J063,19/11/2002,2
tblCulture.csv,tattoo,date,J063,21/01/2003,2
tblCulture.csv,tattoo,date,J063,23/02/1999,2
tblCulture.csv,tattoo,date,J063,30/06/1998,2
tblCulture.csv,tattoo,date,J064,06/07/1999,3
tblCulture.csv,tattoo,date,J064,07/09/1999,2
tblCulture.csv,tattoo,date,J064,30/06/1998,3
tblCulture.csv,tattoo,date,J065,01/12/1998,3
tblCulture.csv,tattoo,date,J065,07/07/1999,3
tblCulture.csv,tattoo,date,J065,23/02/1999,4
tblCulture.csv,tattoo,date,J065,30/06/1998,2
tblCulture.csv,tattoo,date,J066,02/12/1998,2
tblCulture.csv,tattoo,date,J066,06/07/1999,3
tblCulture.csv,tattoo,date,J066,08/02/2000,3
tblCulture.csv,tattoo,date,J066,08/09/1998,3
tblCulture.csv,tattoo,date,J066,09/11/1999,3
tblCulture.csv,tattoo,date,J066,23/02/1999,3
tblCulture.csv,tattoo,date,J066,30/06/1998,2
tblCulture.csv,tattoo,date,J067,01/07/1998,3
tblCulture.csv,tattoo,date,J067,06/07/1999,3
tblCulture.csv,tattoo,date,J067,07/09/1999,3
tblCulture.csv,tattoo,date,J067,17/10/2000,3
tblCulture.csv,tattoo,date,J068,01/07/1998,2
tblCulture.csv,tattoo,date,J068,04/07/2000,3
tblCulture.csv,tattoo,date,J068,05/02/2002,4
tblCulture.csv,tattoo,date,J068,06/02/2001,4
tblCulture.csv,tattoo,date,J068,07/07/1999,3
tblCulture.csv,tattoo,date,J068,07/08/2001,3
tblCulture.csv,tattoo,date,J068,07/09/1999,3
tblCulture.csv,tattoo,date,J068,08/02/2000,3
tblCulture.csv,tattoo,date,J068,09/11/1999,3
tblCulture.csv,tattoo,date,J068,13/06/2001,3
tblCulture.csv,tattoo,date,J068,17/10/2000,2
tblCulture.csv,tattoo,date,J068,19/09/2000,4
tblCulture.csv,tattoo,date,J069,01/07/1998,3
tblCulture.csv,tattoo,date,J069,05/07/2000,4
tblCulture.csv,tattoo,date,J069,06/07/1999,3
tblCulture.csv,tattoo,date,J069,07/08/2001,3
tblCulture.csv,tattoo,date,J069,07/09/1999,3
tblCulture.csv,tattoo,date,J069,08/02/2000,3
tblCulture.csv,tattoo,date,J069,10/09/2002,4
tblCulture.csv,tattoo,date,J069,12/06/2001,3
tblCulture.csv,tattoo,date,J069,20/09/2000,3
tblCulture.csv,tattoo,date,J070,01/07/1998,2
tblCulture.csv,tattoo,date,J070,01/12/1998,3
tblCulture.csv,tattoo,date,J070,04/07/2000,3
tblCulture.csv,tattoo,date,J070,06/02/2002,4
tblCulture.csv,tattoo,date,J070,07/08/2001,3
tblCulture.csv,tattoo,date,J070,07/09/1999,2
tblCulture.csv,tattoo,date,J070,08/09/1998,3
tblCulture.csv,tattoo,date,J070,10/11/1999,3
tblCulture.csv,tattoo,date,J070,12/06/2001,3
tblCulture.csv,tattoo,date,J070,23/02/1999,3
tblCulture.csv,tattoo,date,J071,01/07/1998,2
tblCulture.csv,tattoo,date,J071,01/12/1998,3
tblCulture.csv,tattoo,date,J071,04/07/2000,2
tblCulture.csv,tattoo,date,J071,05/02/2002,3
tblCulture.csv,tattoo,date,J071,06/02/2001,3
tblCulture.csv,tattoo,date,J071,06/07/1999,2
tblCulture.csv,tattoo,date,J071,07/08/2001,2
tblCulture.csv,tattoo,date,J071,07/09/1999,3
tblCulture.csv,tattoo,date,J071,08/02/2000,3
tblCulture.csv,tattoo,date,J071,08/09/1998,3
tblCulture.csv,tattoo,date,J071,09/07/2002,2
tblCulture.csv,tattoo,date,J071,09/11/1999,3
tblCulture.csv,tattoo,date,J071,10/09/2002,3
tblCulture.csv,tattoo,date,J071,17/08/2000,2
tblCulture.csv,tattoo,date,J071,18/09/2001,2
tblCulture.csv,tattoo,date,J071,20/09/2000,3
tblCulture.csv,tattoo,date,J071,24/02/1999,3
tblCulture.csv,tattoo,date,J072,01/07/1998,3
tblCulture.csv,tattoo,date,J072,06/07/1999,3
tblCulture.csv,tattoo,date,J072,08/09/1998,2
tblCulture.csv,tattoo,date,J072,17/11/1998,3
tblCulture.csv,tattoo,date,J072,22/09/1998,3
tblCulture.csv,tattoo,date,J073,06/10/1998,3
tblCulture.csv,tattoo,date,J073,14/07/1998,2
tblCulture.csv,tattoo,date,J073,29/07/1998,3
tblCulture.csv,tattoo,date,J074,20/07/1999,3
tblCulture.csv,tattoo,date,J074,21/09/1999,3
tblCulture.csv,tattoo,date,J074,25/05/1999,3
tblCulture.csv,tattoo,date,J075,06/10/1998,2
tblCulture.csv,tattoo,date,J075,20/07/1999,2
tblCulture.csv,tattoo,date,J075,25/05/1999,2
tblCulture.csv,tattoo,date,J075,27/01/1999,2
tblCulture.csv,tattoo,date,J075,28/07/1998,3
tblCulture.csv,tattoo,date,J076,26/01/1999,2
tblCulture.csv,tattoo,date,J076,29/04/1999,5
tblCulture.csv,tattoo,date,J077,12/10/1999,3
tblCulture.csv,tattoo,date,J077,18/08/1999,3
tblCulture.csv,tattoo,date,J077,20/07/1999,3
tblCulture.csv,tattoo,date,J077,21/09/1999,3
tblCulture.csv,tattoo,date,J077,25/05/1999,3
tblCulture.csv,tattoo,date,J077,26/01/1999,2
tblCulture.csv,tattoo,date,J077,28/07/1998,2
tblCulture.csv,tattoo,date,J078,06/10/1998,3
tblCulture.csv,tattoo,date,J078,20/07/1999,3
tblCulture.csv,tattoo,date,J078,21/09/1999,3
tblCulture.csv,tattoo,date,J078,24/07/2001,3
tblCulture.csv,tattoo,date,J078,25/05/1999,3
tblCulture.csv,tattoo,date,J078,26/01/1999,3
tblCulture.csv,tattoo,date,J078,28/07/1998,3
tblCulture.csv,tattoo,date,J079,06/08/2002,2
tblCulture.csv,tattoo,date,J079,06/09/2000,2
tblCulture.csv,tattoo,date,J079,11/04/2003,6
tblCulture.csv,tattoo,date,J079,20/07/1999,3
tblCulture.csv,tattoo,date,J079,21/09/1999,2
tblCulture.csv,tattoo,date,J079,22/10/2002,3
tblCulture.csv,tattoo,date,J079,25/05/1999,3
tblCulture.csv,tattoo,date,J079,27/01/1999,3
tblCulture.csv,tattoo,date,J079,28/05/2002,2
tblCulture.csv,tattoo,date,J079,28/07/1998,3
tblCulture.csv,tattoo,date,J080,04/09/2001,2
tblCulture.csv,tattoo,date,J080,05/09/2000,4
tblCulture.csv,tattoo,date,J080,06/02/2002,2
tblCulture.csv,tattoo,date,J080,06/08/2002,3
tblCulture.csv,tattoo,date,J080,06/10/1998,2
tblCulture.csv,tattoo,date,J080,11/01/2000,3
tblCulture.csv,tattoo,date,J080,21/07/1999,3
tblCulture.csv,tattoo,date,J080,25/05/1999,3
tblCulture.csv,tattoo,date,J080,25/07/2001,2
tblCulture.csv,tattoo,date,J080,26/01/1999,3
tblCulture.csv,tattoo,date,J080,26/06/2001,2
tblCulture.csv,tattoo,date,J080,28/05/2002,2
tblCulture.csv,tattoo,date,J080,29/07/1998,2
tblCulture.csv,tattoo,date,J081,07/10/1998,2
tblCulture.csv,tattoo,date,J081,21/06/2008,6
tblCulture.csv,tattoo,date,J081,26/01/1999,3
tblCulture.csv,tattoo,date,J081,29/07/1998,2
tblCulture.csv,tattoo,date,J082,04/08/1999,3
tblCulture.csv,tattoo,date,J082,11/08/1998,3
tblCulture.csv,tattoo,date,J082,23/06/1999,3
tblCulture.csv,tattoo,date,J083,03/08/1999,3
tblCulture.csv,tattoo,date,J083,08/06/2004,2
tblCulture.csv,tattoo,date,J083,11/08/1998,2
tblCulture.csv,tattoo,date,J083,11/11/2003,2
tblCulture.csv,tattoo,date,J083,20/10/1998,2
tblCulture.csv,tattoo,date,J083,21/08/2001,2
tblCulture.csv,tattoo,date,J083,22/06/1999,3
tblCulture.csv,tattoo,date,J083,23/08/2000,3
tblCulture.csv,tattoo,date,J083,25/01/2000,3
tblCulture.csv,tattoo,date,J083,26/10/1999,3
tblCulture.csv,tattoo,date,J084,07/09/1999,5
tblCulture.csv,tattoo,date,J084,10/02/1999,3
tblCulture.csv,tattoo,date,J084,11/08/1998,3
tblCulture.csv,tattoo,date,J084,22/06/1999,3
tblCulture.csv,tattoo,date,J085,02/10/2001,3
tblCulture.csv,tattoo,date,J085,04/08/1999,3
tblCulture.csv,tattoo,date,J085,11/08/1998,2
tblCulture.csv,tattoo,date,J085,28/11/2000,3
tblCulture.csv,tattoo,date,J086,11/08/1998,3
tblCulture.csv,tattoo,date,J086,20/10/1998,3
tblCulture.csv,tattoo,date,J087,11/08/1998,2
tblCulture.csv,tattoo,date,J087,17/08/1999,3
tblCulture.csv,tattoo,date,J087,17/11/1998,3
tblCulture.csv,tattoo,date,J087,19/06/2002,2
tblCulture.csv,tattoo,date,J087,19/08/2003,3
tblCulture.csv,tattoo,date,J087,20/05/2003,3
tblCulture.csv,tattoo,date,J087,20/06/2000,2
tblCulture.csv,tattoo,date,J087,20/08/2002,3
tblCulture.csv,tattoo,date,J087,22/06/1999,3
tblCulture.csv,tattoo,date,J087,22/08/2000,3
tblCulture.csv,tattoo,date,J087,22/09/1998,3
tblCulture.csv,tattoo,date,J087,22/09/2004,2
tblCulture.csv,tattoo,date,J087,28/09/2005,3
tblCulture.csv,tattoo,date,J088,10/02/1999,3
tblCulture.csv,tattoo,date,J088,11/08/1998,2
tblCulture.csv,tattoo,date,J088,12/10/1999,3
tblCulture.csv,tattoo,date,J088,15/02/2000,6
tblCulture.csv,tattoo,date,J088,17/08/1999,3
tblCulture.csv,tattoo,date,J088,18/07/2000,4
tblCulture.csv,tattoo,date,J088,18/11/2000,5
tblCulture.csv,tattoo,date,J088,20/10/1998,3
tblCulture.csv,tattoo,date,J088,22/08/2000,4
tblCulture.csv,tattoo,date,J088,23/06/1999,3
tblCulture.csv,tattoo,date,J089,12/08/1998,3
tblCulture.csv,tattoo,date,J090,01/12/1998,3
tblCulture.csv,tattoo,date,J090,07/02/2001,5
tblCulture.csv,tattoo,date,J090,07/08/2001,2
tblCulture.csv,tattoo,date,J090,07/09/1999,3
tblCulture.csv,tattoo,date,J090,08/02/2000,4
tblCulture.csv,tattoo,date,J090,08/09/1998,3
tblCulture.csv,tattoo,date,J090,09/11/1999,3
tblCulture.csv,tattoo,date,J090,12/06/2001,3
tblCulture.csv,tattoo,date,J090,18/09/2001,2
tblCulture.csv,tattoo,date,J090,19/09/2000,3
tblCulture.csv,tattoo,date,J090,23/02/1999,4
tblCulture.csv,tattoo,date,J090,28/11/2000,4
tblCulture.csv,tattoo,date,J091,02/09/2003,3
tblCulture.csv,tattoo,date,J091,05/07/2000,3
tblCulture.csv,tattoo,date,J091,06/07/1999,3
tblCulture.csv,tattoo,date,J091,09/07/2002,3
tblCulture.csv,tattoo,date,J091,09/09/1998,3
tblCulture.csv,tattoo,date,J091,10/11/1999,3
tblCulture.csv,tattoo,date,J091,16/08/2006,2
tblCulture.csv,tattoo,date,J092,07/09/1999,3
tblCulture.csv,tattoo,date,J092,09/09/1998,3
tblCulture.csv,tattoo,date,J092,10/11/1999,2
tblCulture.csv,tattoo,date,J093,06/10/1998,3
tblCulture.csv,tattoo,date,J093,19/07/2005,2
tblCulture.csv,tattoo,date,J093,24/08/2004,2
tblCulture.csv,tattoo,date,J093,26/01/1999,3
tblCulture.csv,tattoo,date,J094,06/10/1998,2
tblCulture.csv,tattoo,date,J094,19/07/2000,2
tblCulture.csv,tattoo,date,J094,26/05/1999,3
tblCulture.csv,tattoo,date,J095,06/10/1998,3
tblCulture.csv,tattoo,date,J095,26/01/1999,2
tblCulture.csv,tattoo,date,J096,06/10/1998,3
tblCulture.csv,tattoo,date,J097,01/11/1998,2
tblCulture.csv,tattoo,date,J097,08/10/1998,6
tblCulture.csv,tattoo,date,J099,10/02/1999,3
tblCulture.csv,tattoo,date,J099,20/10/1998,3
tblCulture.csv,tattoo,date,J099,21/08/2001,3
tblCulture.csv,tattoo,date,J099,22/06/1999,2
tblCulture.csv,tattoo,date,J099,22/08/2000,4
tblCulture.csv,tattoo,date,J099,25/01/2000,2
tblCulture.csv,tattoo,date,J100,01/12/1998,3
tblCulture.csv,tattoo,date,K001,10/02/1987,2
tblCulture.csv,tattoo,date,K002,01/08/1989,3
tblCulture.csv,tattoo,date,K002,03/08/1994,3
tblCulture.csv,tattoo,date,K002,04/09/1996,3
tblCulture.csv,tattoo,date,K002,04/10/1988,3
tblCulture.csv,tattoo,date,K002,05/08/1997,3
tblCulture.csv,tattoo,date,K002,06/10/1992,3
tblCulture.csv,tattoo,date,K002,08/06/1994,3
tblCulture.csv,tattoo,date,K002,10/02/1987,3
tblCulture.csv,tattoo,date,K002,10/05/1988,3
tblCulture.csv,tattoo,date,K002,12/05/1987,2
tblCulture.csv,tattoo,date,K002,17/10/1989,3
tblCulture.csv,tattoo,date,K002,18/08/1987,3
tblCulture.csv,tattoo,date,K002,19/05/1998,3
tblCulture.csv,tattoo,date,K002,19/07/1988,3
tblCulture.csv,tattoo,date,K002,19/10/1994,3
tblCulture.csv,tattoo,date,K002,20/06/1995,3
tblCulture.csv,tattoo,date,K002,20/09/1995,3
tblCulture.csv,tattoo,date,K002,21/05/1997,3
tblCulture.csv,tattoo,date,K002,22/05/1990,3
tblCulture.csv,tattoo,date,K002,23/05/1989,3
tblCulture.csv,tattoo,date,K002,23/10/1996,3
tblCulture.csv,tattoo,date,K002,25/05/1993,3
tblCulture.csv,tattoo,date,K002,27/10/1987,2
tblCulture.csv,tattoo,date,K002,29/10/1991,3
tblCulture.csv,tattoo,date,K002,31/07/1990,3
tblCulture.csv,tattoo,date,K003,12/05/1987,2
tblCulture.csv,tattoo,date,K003,18/08/1987,3
tblCulture.csv,tattoo,date,K003,27/10/1987,3
tblCulture.csv,tattoo,date,K004,02/08/1989,3
tblCulture.csv,tattoo,date,K004,07/02/1989,3
tblCulture.csv,tattoo,date,K004,07/02/1990,3
tblCulture.csv,tattoo,date,K004,10/02/1988,2
tblCulture.csv,tattoo,date,K004,11/11/1987,3
tblCulture.csv,tattoo,date,K004,12/05/1987,2
tblCulture.csv,tattoo,date,K004,14/08/1990,3
tblCulture.csv,tattoo,date,K004,15/08/1989,4
tblCulture.csv,tattoo,date,K004,17/08/1993,3
tblCulture.csv,tattoo,date,K004,17/08/1994,3
tblCulture.csv,tattoo,date,K004,18/06/1991,3
tblCulture.csv,tattoo,date,K004,19/02/1991,3
tblCulture.csv,tattoo,date,K004,20/10/1992,3
tblCulture.csv,tattoo,date,K004,21/06/1994,3
tblCulture.csv,tattoo,date,K004,24/05/1988,2
tblCulture.csv,tattoo,date,K004,30/01/1991,2
tblCulture.csv,tattoo,date,K005,01/08/1989,3
tblCulture.csv,tattoo,date,K005,02/06/1992,3
tblCulture.csv,tattoo,date,K005,02/08/1988,3
tblCulture.csv,tattoo,date,K005,04/09/1991,3
tblCulture.csv,tattoo,date,K005,05/07/1995,3
tblCulture.csv,tattoo,date,K005,07/02/1989,4
tblCulture.csv,tattoo,date,K005,07/02/1990,2
tblCulture.csv,tattoo,date,K005,07/06/1989,3
tblCulture.csv,tattoo,date,K005,08/02/1994,4
tblCulture.csv,tattoo,date,K005,09/02/1988,3
tblCulture.csv,tattoo,date,K005,12/05/1987,2
tblCulture.csv,tattoo,date,K005,13/02/1995,2
tblCulture.csv,tattoo,date,K005,13/11/1991,3
tblCulture.csv,tattoo,date,K005,14/08/1990,3
tblCulture.csv,tattoo,date,K005,16/08/1994,3
tblCulture.csv,tattoo,date,K005,17/06/1992,3
tblCulture.csv,tattoo,date,K005,17/08/1993,3
tblCulture.csv,tattoo,date,K005,18/08/1987,2
tblCulture.csv,tattoo,date,K005,20/10/1992,3
tblCulture.csv,tattoo,date,K005,21/06/1994,3
tblCulture.csv,tattoo,date,K005,22/08/1995,2
tblCulture.csv,tattoo,date,K005,24/05/1988,2
tblCulture.csv,tattoo,date,K005,30/10/1990,4
tblCulture.csv,tattoo,date,K005,31/10/1989,4
tblCulture.csv,tattoo,date,K006,12/05/1987,3
tblCulture.csv,tattoo,date,K006,26/01/1988,2
tblCulture.csv,tattoo,date,K007,02/06/1992,3
tblCulture.csv,tattoo,date,K007,02/08/1988,3
tblCulture.csv,tattoo,date,K007,04/07/1995,2
tblCulture.csv,tattoo,date,K007,07/06/1989,3
tblCulture.csv,tattoo,date,K007,08/06/1993,2
tblCulture.csv,tattoo,date,K007,09/02/1988,3
tblCulture.csv,tattoo,date,K007,09/02/1993,3
tblCulture.csv,tattoo,date,K007,10/11/1987,2
tblCulture.csv,tattoo,date,K007,11/02/1992,3
tblCulture.csv,tattoo,date,K007,12/05/1987,2
tblCulture.csv,tattoo,date,K007,14/08/1990,3
tblCulture.csv,tattoo,date,K007,16/08/1994,4
tblCulture.csv,tattoo,date,K007,17/08/1993,3
tblCulture.csv,tattoo,date,K007,18/06/1991,3
tblCulture.csv,tattoo,date,K007,18/08/1987,3
tblCulture.csv,tattoo,date,K007,20/10/1992,3
tblCulture.csv,tattoo,date,K007,21/06/1994,3
tblCulture.csv,tattoo,date,K007,23/08/1995,4
tblCulture.csv,tattoo,date,K007,24/05/1988,3
tblCulture.csv,tattoo,date,K007,30/10/1990,3
tblCulture.csv,tattoo,date,K008,12/05/1987,2
tblCulture.csv,tattoo,date,K009,08/12/1988,2
tblCulture.csv,tattoo,date,K009,09/02/1988,3
tblCulture.csv,tattoo,date,K009,10/11/1987,2
tblCulture.csv,tattoo,date,K009,12/05/1987,2
tblCulture.csv,tattoo,date,K009,18/08/1987,3
tblCulture.csv,tattoo,date,K009,25/10/1988,4
tblCulture.csv,tattoo,date,K010,12/05/1987,3
tblCulture.csv,tattoo,date,K011,01/08/1989,4
tblCulture.csv,tattoo,date,K011,10/05/1988,3
tblCulture.csv,tattoo,date,K011,12/05/1987,2
tblCulture.csv,tattoo,date,K011,17/10/1989,3
tblCulture.csv,tattoo,date,K011,18/08/1987,2
tblCulture.csv,tattoo,date,K011,22/01/1990,4
tblCulture.csv,tattoo,date,K011,28/10/1987,3
tblCulture.csv,tattoo,date,K012,02/08/1988,2
tblCulture.csv,tattoo,date,K012,05/06/1990,4
tblCulture.csv,tattoo,date,K012,05/09/1989,3
tblCulture.csv,tattoo,date,K012,06/06/1989,3
tblCulture.csv,tattoo,date,K012,09/02/1988,3
tblCulture.csv,tattoo,date,K012,10/11/1987,2
tblCulture.csv,tattoo,date,K012,12/05/1987,3
tblCulture.csv,tattoo,date,K012,12/06/1990,6
tblCulture.csv,tattoo,date,K012,15/08/1989,3
tblCulture.csv,tattoo,date,K012,18/08/1987,2
tblCulture.csv,tattoo,date,K012,24/05/1988,2
tblCulture.csv,tattoo,date,K013,12/05/1987,3
tblCulture.csv,tattoo,date,K013,18/08/1987,3
tblCulture.csv,tattoo,date,K014,12/05/1987,3
tblCulture.csv,tattoo,date,K015,12/05/1987,2
tblCulture.csv,tattoo,date,K015,18/08/1987,2
tblCulture.csv,tattoo,date,K015,27/01/1988,3
tblCulture.csv,tattoo,date,K015,27/10/1987,3
tblCulture.csv,tattoo,date,K015,31/10/1989,3
tblCulture.csv,tattoo,date,K016,12/05/1987,2
tblCulture.csv,tattoo,date,K016,26/01/1988,3
tblCulture.csv,tattoo,date,K016,27/10/1987,3
tblCulture.csv,tattoo,date,K017,02/08/1989,4
tblCulture.csv,tattoo,date,K017,03/08/1988,2
tblCulture.csv,tattoo,date,K017,06/06/1989,4
tblCulture.csv,tattoo,date,K017,07/02/1989,3
tblCulture.csv,tattoo,date,K017,07/02/1994,3
tblCulture.csv,tattoo,date,K017,09/02/1988,3
tblCulture.csv,tattoo,date,K017,09/02/1993,3
tblCulture.csv,tattoo,date,K017,10/11/1987,2
tblCulture.csv,tattoo,date,K017,12/05/1987,3
tblCulture.csv,tattoo,date,K017,16/08/1989,3
tblCulture.csv,tattoo,date,K017,16/08/1994,3
tblCulture.csv,tattoo,date,K017,18/08/1993,3
tblCulture.csv,tattoo,date,K017,18/10/1988,3
tblCulture.csv,tattoo,date,K017,19/06/1991,3
tblCulture.csv,tattoo,date,K017,20/10/1992,3
tblCulture.csv,tattoo,date,K017,24/05/1988,2
tblCulture.csv,tattoo,date,K017,26/10/1993,3
tblCulture.csv,tattoo,date,K017,30/10/1990,3
tblCulture.csv,tattoo,date,K017,31/10/1989,3
tblCulture.csv,tattoo,date,K019,01/08/1989,2
tblCulture.csv,tattoo,date,K019,04/06/1991,3
tblCulture.csv,tattoo,date,K019,04/10/1988,3
tblCulture.csv,tattoo,date,K019,13/05/1987,3
tblCulture.csv,tattoo,date,K019,24/05/1989,3
tblCulture.csv,tattoo,date,K019,25/05/1993,2
tblCulture.csv,tattoo,date,K019,26/01/1988,4
tblCulture.csv,tattoo,date,K019,27/10/1987,4
tblCulture.csv,tattoo,date,K020,02/08/1989,2
tblCulture.csv,tattoo,date,K020,04/10/1988,3
tblCulture.csv,tattoo,date,K020,10/05/1988,3
tblCulture.csv,tattoo,date,K020,13/05/1987,3
tblCulture.csv,tattoo,date,K020,17/10/1989,3
tblCulture.csv,tattoo,date,K020,18/08/1987,3
tblCulture.csv,tattoo,date,K020,19/07/1988,3
tblCulture.csv,tattoo,date,K020,23/05/1989,2
tblCulture.csv,tattoo,date,K020,27/01/1988,2
tblCulture.csv,tattoo,date,K020,27/10/1987,3
tblCulture.csv,tattoo,date,K020,28/07/1992,3
tblCulture.csv,tattoo,date,K021,10/05/1988,3
tblCulture.csv,tattoo,date,K021,13/05/1987,2
tblCulture.csv,tattoo,date,K022,13/05/1987,2
tblCulture.csv,tattoo,date,K023,02/08/1988,3
tblCulture.csv,tattoo,date,K023,09/02/1988,3
tblCulture.csv,tattoo,date,K023,10/11/1987,2
tblCulture.csv,tattoo,date,K023,13/05/1987,2
tblCulture.csv,tattoo,date,K023,24/05/1988,2
tblCulture.csv,tattoo,date,K024,10/05/1988,3
tblCulture.csv,tattoo,date,K024,12/10/1988,3
tblCulture.csv,tattoo,date,K024,13/05/1987,2
tblCulture.csv,tattoo,date,K024,18/08/1987,2
tblCulture.csv,tattoo,date,K024,21/10/1988,2
tblCulture.csv,tattoo,date,K024,22/10/1988,3
tblCulture.csv,tattoo,date,K024,26/01/1988,2
tblCulture.csv,tattoo,date,K025,13/05/1987,3
tblCulture.csv,tattoo,date,K026,13/05/1987,3
tblCulture.csv,tattoo,date,K026,18/08/1987,2
tblCulture.csv,tattoo,date,K027,13/05/1987,3
tblCulture.csv,tattoo,date,K028,13/05/1987,3
tblCulture.csv,tattoo,date,K028,18/08/1987,3
tblCulture.csv,tattoo,date,K028,28/10/1987,2
tblCulture.csv,tattoo,date,K029,04/06/1987,2
tblCulture.csv,tattoo,date,K030,04/06/1987,2
tblCulture.csv,tattoo,date,K030,24/02/1988,3
tblCulture.csv,tattoo,date,K031,04/06/1987,2
tblCulture.csv,tattoo,date,K032,01/07/1998,2
tblCulture.csv,tattoo,date,K032,02/07/1991,3
tblCulture.csv,tattoo,date,K032,04/06/1987,2
tblCulture.csv,tattoo,date,K032,04/09/1990,3
tblCulture.csv,tattoo,date,K032,05/09/1995,3
tblCulture.csv,tattoo,date,K032,06/09/1989,3
tblCulture.csv,tattoo,date,K032,07/09/1993,3
tblCulture.csv,tattoo,date,K032,07/09/1994,3
tblCulture.csv,tattoo,date,K032,08/10/1997,3
tblCulture.csv,tattoo,date,K032,17/08/1988,3
tblCulture.csv,tattoo,date,K032,22/02/1989,3
tblCulture.csv,tattoo,date,K032,23/02/1988,3
tblCulture.csv,tattoo,date,K032,24/07/1996,3
tblCulture.csv,tattoo,date,K032,24/11/1987,3
tblCulture.csv,tattoo,date,K033,01/07/1998,3
tblCulture.csv,tattoo,date,K033,01/10/1996,3
tblCulture.csv,tattoo,date,K033,03/07/1991,3
tblCulture.csv,tattoo,date,K033,04/06/1987,2
tblCulture.csv,tattoo,date,K033,04/09/1990,3
tblCulture.csv,tattoo,date,K033,06/09/1989,3
tblCulture.csv,tattoo,date,K033,07/09/1994,3
tblCulture.csv,tattoo,date,K033,09/07/1997,3
tblCulture.csv,tattoo,date,K033,18/07/1995,3
tblCulture.csv,tattoo,date,K033,18/09/1991,3
tblCulture.csv,tattoo,date,K033,21/06/1989,3
tblCulture.csv,tattoo,date,K033,24/02/1988,3
tblCulture.csv,tattoo,date,K033,24/11/1987,3
tblCulture.csv,tattoo,date,K034,05/06/1987,2
tblCulture.csv,tattoo,date,K035,05/06/1987,2
tblCulture.csv,tattoo,date,K036,11/06/1987,2
tblCulture.csv,tattoo,date,K037,02/11/1988,3
tblCulture.csv,tattoo,date,K037,04/11/1992,3
tblCulture.csv,tattoo,date,K037,06/09/1989,3
tblCulture.csv,tattoo,date,K037,07/06/1988,3
tblCulture.csv,tattoo,date,K037,11/06/1987,2
tblCulture.csv,tattoo,date,K037,16/08/1988,3
tblCulture.csv,tattoo,date,K037,19/06/1990,3
tblCulture.csv,tattoo,date,K037,20/06/1989,3
tblCulture.csv,tattoo,date,K037,23/02/1988,3
tblCulture.csv,tattoo,date,K037,23/06/1993,3
tblCulture.csv,tattoo,date,K037,27/11/1990,4
tblCulture.csv,tattoo,date,K038,02/11/1988,2
tblCulture.csv,tattoo,date,K038,04/09/1990,3
tblCulture.csv,tattoo,date,K038,07/06/1988,2
tblCulture.csv,tattoo,date,K038,13/11/1990,3
tblCulture.csv,tattoo,date,K038,16/08/1988,3
tblCulture.csv,tattoo,date,K038,17/06/1987,2
tblCulture.csv,tattoo,date,K038,17/09/1991,3
tblCulture.csv,tattoo,date,K038,20/06/1990,4
tblCulture.csv,tattoo,date,K038,21/02/1989,3
tblCulture.csv,tattoo,date,K038,23/02/1988,2
tblCulture.csv,tattoo,date,K038,24/11/1987,2
tblCulture.csv,tattoo,date,K038,25/02/1992,4
tblCulture.csv,tattoo,date,K039,02/10/1991,3
tblCulture.csv,tattoo,date,K039,07/03/1989,5
tblCulture.csv,tattoo,date,K039,08/12/1987,2
tblCulture.csv,tattoo,date,K039,09/03/1988,4
tblCulture.csv,tattoo,date,K039,09/03/1993,4
tblCulture.csv,tattoo,date,K039,13/03/1990,4
tblCulture.csv,tattoo,date,K039,19/09/1989,4
tblCulture.csv,tattoo,date,K039,21/06/1988,3
tblCulture.csv,tattoo,date,K039,25/06/1987,2
tblCulture.csv,tattoo,date,K039,27/11/1990,3
tblCulture.csv,tattoo,date,K039,30/06/1992,3
tblCulture.csv,tattoo,date,K040,13/03/1991,3
tblCulture.csv,tattoo,date,K040,25/06/1987,2
tblCulture.csv,tattoo,date,K041,06/09/1988,3
tblCulture.csv,tattoo,date,K041,07/03/1989,4
tblCulture.csv,tattoo,date,K041,08/03/1988,3
tblCulture.csv,tattoo,date,K041,08/12/1987,2
tblCulture.csv,tattoo,date,K041,15/11/1988,5
tblCulture.csv,tattoo,date,K041,21/06/1988,3
tblCulture.csv,tattoo,date,K041,21/06/1989,4
tblCulture.csv,tattoo,date,K041,25/06/1987,2
tblCulture.csv,tattoo,date,K042,16/11/1988,3
tblCulture.csv,tattoo,date,K042,21/09/1994,4
tblCulture.csv,tattoo,date,K042,22/06/1988,2
tblCulture.csv,tattoo,date,K042,25/06/1987,2
tblCulture.csv,tattoo,date,K042,30/06/1992,3
tblCulture.csv,tattoo,date,K042,30/07/1996,3
tblCulture.csv,tattoo,date,K043,04/07/1989,4
tblCulture.csv,tattoo,date,K043,07/03/1989,3
tblCulture.csv,tattoo,date,K043,08/03/1988,3
tblCulture.csv,tattoo,date,K043,08/09/1992,3
tblCulture.csv,tattoo,date,K043,11/12/1991,3
tblCulture.csv,tattoo,date,K043,12/03/1991,5
tblCulture.csv,tattoo,date,K043,15/11/1988,2
tblCulture.csv,tattoo,date,K043,19/07/1994,3
tblCulture.csv,tattoo,date,K043,19/09/1990,3
tblCulture.csv,tattoo,date,K043,21/06/1988,3
tblCulture.csv,tattoo,date,K043,25/06/1987,2
tblCulture.csv,tattoo,date,K043,28/11/1989,3
tblCulture.csv,tattoo,date,K043,29/09/1993,3
tblCulture.csv,tattoo,date,K043,30/06/1992,3
tblCulture.csv,tattoo,date,K043,30/11/1993,3
tblCulture.csv,tattoo,date,K044,06/09/1988,3
tblCulture.csv,tattoo,date,K044,07/07/1993,3
tblCulture.csv,tattoo,date,K044,21/06/1988,2
tblCulture.csv,tattoo,date,K044,26/06/1987,2
tblCulture.csv,tattoo,date,K045,26/06/1987,3
tblCulture.csv,tattoo,date,K046,01/10/1991,3
tblCulture.csv,tattoo,date,K046,06/07/1993,3
tblCulture.csv,tattoo,date,K046,08/09/1992,3
tblCulture.csv,tattoo,date,K046,12/03/1991,3
tblCulture.csv,tattoo,date,K046,16/07/1991,3
tblCulture.csv,tattoo,date,K046,18/09/1990,4
tblCulture.csv,tattoo,date,K046,19/07/1994,3
tblCulture.csv,tattoo,date,K046,20/09/1994,3
tblCulture.csv,tattoo,date,K046,26/06/1987,2
tblCulture.csv,tattoo,date,K046,29/04/1992,3
tblCulture.csv,tattoo,date,K046,29/11/1989,3
tblCulture.csv,tattoo,date,K046,30/06/1992,4
tblCulture.csv,tattoo,date,K047,10/12/1991,2
tblCulture.csv,tattoo,date,K047,26/06/1987,2
tblCulture.csv,tattoo,date,K048,06/09/1988,3
tblCulture.csv,tattoo,date,K048,20/03/1990,5
tblCulture.csv,tattoo,date,K048,21/06/1988,3
tblCulture.csv,tattoo,date,K049,21/06/1988,2
tblCulture.csv,tattoo,date,K050,05/07/1989,3
tblCulture.csv,tattoo,date,K050,05/09/1989,3
tblCulture.csv,tattoo,date,K050,05/09/1990,3
tblCulture.csv,tattoo,date,K050,07/09/1988,3
tblCulture.csv,tattoo,date,K050,08/03/1988,3
tblCulture.csv,tattoo,date,K050,08/12/1987,3
tblCulture.csv,tattoo,date,K050,14/03/1990,4
tblCulture.csv,tattoo,date,K050,15/11/1988,3
tblCulture.csv,tattoo,date,K050,19/06/1990,4
tblCulture.csv,tattoo,date,K050,21/06/1988,3
tblCulture.csv,tattoo,date,K050,29/11/1989,3
tblCulture.csv,tattoo,date,K051,01/10/1991,3
tblCulture.csv,tattoo,date,K051,04/07/1989,4
tblCulture.csv,tattoo,date,K051,04/07/1990,2
tblCulture.csv,tattoo,date,K051,06/09/1988,3
tblCulture.csv,tattoo,date,K051,07/03/1994,2
tblCulture.csv,tattoo,date,K051,07/07/1993,4
tblCulture.csv,tattoo,date,K051,08/03/1989,3
tblCulture.csv,tattoo,date,K051,08/03/1993,4
tblCulture.csv,tattoo,date,K051,08/12/1987,2
tblCulture.csv,tattoo,date,K051,09/09/1992,3
tblCulture.csv,tattoo,date,K051,13/03/1991,3
tblCulture.csv,tattoo,date,K051,16/07/1991,3
tblCulture.csv,tattoo,date,K051,18/09/1990,3
tblCulture.csv,tattoo,date,K051,19/07/1994,2
tblCulture.csv,tattoo,date,K051,20/09/1989,3
tblCulture.csv,tattoo,date,K051,20/09/1994,3
tblCulture.csv,tattoo,date,K051,21/06/1988,3
tblCulture.csv,tattoo,date,K051,27/10/1999,4
tblCulture.csv,tattoo,date,K051,28/04/1992,3
tblCulture.csv,tattoo,date,K051,28/09/1993,3
tblCulture.csv,tattoo,date,K051,30/06/1992,4
tblCulture.csv,tattoo,date,K051,30/11/1993,3
tblCulture.csv,tattoo,date,K052,26/02/1991,3
tblCulture.csv,tattoo,date,K053,13/01/1988,2
tblCulture.csv,tattoo,date,K053,22/03/1988,3
tblCulture.csv,tattoo,date,K054,04/10/1989,4
tblCulture.csv,tattoo,date,K054,06/07/1988,2
tblCulture.csv,tattoo,date,K054,12/01/1988,2
tblCulture.csv,tattoo,date,K056,04/10/1989,3
tblCulture.csv,tattoo,date,K056,18/07/1990,3
tblCulture.csv,tattoo,date,K056,19/07/1989,4
tblCulture.csv,tattoo,date,K056,20/03/1989,5
tblCulture.csv,tattoo,date,K056,22/03/1988,3
tblCulture.csv,tattoo,date,K056,31/07/1991,4
tblCulture.csv,tattoo,date,K057,12/01/1988,2
tblCulture.csv,tattoo,date,K057,19/07/1989,3
tblCulture.csv,tattoo,date,K057,21/03/1990,3
tblCulture.csv,tattoo,date,K058,12/01/1988,2
tblCulture.csv,tattoo,date,K058,22/03/1988,3
tblCulture.csv,tattoo,date,K058,22/06/1988,4
tblCulture.csv,tattoo,date,K059,05/07/1988,3
tblCulture.csv,tattoo,date,K059,21/09/1988,3
tblCulture.csv,tattoo,date,K062,03/08/1988,3
tblCulture.csv,tattoo,date,K062,05/06/1990,3
tblCulture.csv,tattoo,date,K062,06/06/1989,3
tblCulture.csv,tattoo,date,K062,09/02/1988,3
tblCulture.csv,tattoo,date,K062,10/02/1993,3
tblCulture.csv,tattoo,date,K062,10/11/1987,3
tblCulture.csv,tattoo,date,K062,11/02/1992,3
tblCulture.csv,tattoo,date,K062,11/08/1992,3
tblCulture.csv,tattoo,date,K062,16/08/1994,3
tblCulture.csv,tattoo,date,K062,18/06/1991,3
tblCulture.csv,tattoo,date,K062,18/08/1987,3
tblCulture.csv,tattoo,date,K062,18/08/1993,3
tblCulture.csv,tattoo,date,K062,24/05/1988,2
tblCulture.csv,tattoo,date,K062,31/10/1990,3
tblCulture.csv,tattoo,date,K063,10/02/1988,3
tblCulture.csv,tattoo,date,K063,11/05/1988,3
tblCulture.csv,tattoo,date,K063,18/08/1987,3
tblCulture.csv,tattoo,date,K063,26/01/1988,3
tblCulture.csv,tattoo,date,K063,27/10/1987,2
tblCulture.csv,tattoo,date,K064,02/08/1988,2
tblCulture.csv,tattoo,date,K064,05/06/1990,2
tblCulture.csv,tattoo,date,K064,06/06/1989,3
tblCulture.csv,tattoo,date,K064,09/02/1988,3
tblCulture.csv,tattoo,date,K064,09/06/1993,3
tblCulture.csv,tattoo,date,K064,10/09/1997,4
tblCulture.csv,tattoo,date,K064,11/11/1987,3
tblCulture.csv,tattoo,date,K064,12/02/1992,3
tblCulture.csv,tattoo,date,K064,12/08/1998,3
tblCulture.csv,tattoo,date,K064,15/07/1998,2
tblCulture.csv,tattoo,date,K064,15/08/1989,4
tblCulture.csv,tattoo,date,K064,17/09/1996,3
tblCulture.csv,tattoo,date,K064,18/08/1987,2
tblCulture.csv,tattoo,date,K064,18/10/1988,3
tblCulture.csv,tattoo,date,K064,19/06/1991,2
tblCulture.csv,tattoo,date,K064,20/06/2000,3
tblCulture.csv,tattoo,date,K064,20/10/1992,3
tblCulture.csv,tattoo,date,K064,21/10/1998,3
tblCulture.csv,tattoo,date,K064,23/06/1999,3
tblCulture.csv,tattoo,date,K064,23/08/2000,2
tblCulture.csv,tattoo,date,K064,24/05/1988,2
tblCulture.csv,tattoo,date,K064,26/06/2001,2
tblCulture.csv,tattoo,date,K064,29/11/2000,3
tblCulture.csv,tattoo,date,K064,31/10/1989,3
tblCulture.csv,tattoo,date,K065,01/08/1989,3
tblCulture.csv,tattoo,date,K065,10/05/1988,3
tblCulture.csv,tattoo,date,K065,18/08/1987,3
tblCulture.csv,tattoo,date,K065,19/07/1988,3
tblCulture.csv,tattoo,date,K065,21/09/1990,3
tblCulture.csv,tattoo,date,K065,26/01/1988,3
tblCulture.csv,tattoo,date,K065,27/10/1987,3
tblCulture.csv,tattoo,date,K066,01/02/1995,3
tblCulture.csv,tattoo,date,K066,01/08/1990,2
tblCulture.csv,tattoo,date,K066,02/08/1989,2
tblCulture.csv,tattoo,date,K066,03/08/1993,2
tblCulture.csv,tattoo,date,K066,04/06/1991,3
tblCulture.csv,tattoo,date,K066,04/10/1988,3
tblCulture.csv,tattoo,date,K066,06/10/1992,3
tblCulture.csv,tattoo,date,K066,08/06/1994,2
tblCulture.csv,tattoo,date,K066,08/08/1995,3
tblCulture.csv,tattoo,date,K066,11/05/1988,3
tblCulture.csv,tattoo,date,K066,18/08/1987,3
tblCulture.csv,tattoo,date,K066,18/10/1989,3
tblCulture.csv,tattoo,date,K066,19/07/1988,3
tblCulture.csv,tattoo,date,K066,22/05/1990,3
tblCulture.csv,tattoo,date,K066,23/05/1989,3
tblCulture.csv,tattoo,date,K066,24/05/1993,3
tblCulture.csv,tattoo,date,K066,27/10/1987,3
tblCulture.csv,tattoo,date,K067,18/08/1987,3
tblCulture.csv,tattoo,date,K068,09/02/1988,3
tblCulture.csv,tattoo,date,K068,10/11/1987,3
tblCulture.csv,tattoo,date,K068,18/08/1987,2
tblCulture.csv,tattoo,date,K068,24/05/1988,3
tblCulture.csv,tattoo,date,K069,11/05/1988,2
tblCulture.csv,tattoo,date,K069,17/10/1989,3
tblCulture.csv,tattoo,date,K069,18/08/1987,3
tblCulture.csv,tattoo,date,K069,28/10/1987,2
tblCulture.csv,tattoo,date,K070,01/12/1988,4
tblCulture.csv,tattoo,date,K070,02/12/1988,4
tblCulture.csv,tattoo,date,K070,10/05/1988,4
tblCulture.csv,tattoo,date,K070,18/08/1987,3
tblCulture.csv,tattoo,date,K070,26/01/1988,4
tblCulture.csv,tattoo,date,K070,27/10/1987,3
tblCulture.csv,tattoo,date,K071,03/06/1992,4
tblCulture.csv,tattoo,date,K071,04/07/1995,3
tblCulture.csv,tattoo,date,K071,04/09/1991,3
tblCulture.csv,tattoo,date,K071,04/10/1995,3
tblCulture.csv,tattoo,date,K071,05/06/1990,2
tblCulture.csv,tattoo,date,K071,07/02/1989,3
tblCulture.csv,tattoo,date,K071,08/02/1994,3
tblCulture.csv,tattoo,date,K071,09/02/1988,3
tblCulture.csv,tattoo,date,K071,10/11/1987,2
tblCulture.csv,tattoo,date,K071,11/02/1992,2
tblCulture.csv,tattoo,date,K071,11/08/1992,3
tblCulture.csv,tattoo,date,K071,14/08/1990,3
tblCulture.csv,tattoo,date,K071,16/08/1989,3
tblCulture.csv,tattoo,date,K071,17/08/1993,3
tblCulture.csv,tattoo,date,K071,18/08/1987,3
tblCulture.csv,tattoo,date,K071,19/02/1991,4
tblCulture.csv,tattoo,date,K071,21/06/1994,3
tblCulture.csv,tattoo,date,K071,23/08/1995,3
tblCulture.csv,tattoo,date,K071,24/05/1988,4
tblCulture.csv,tattoo,date,K071,27/10/1993,2
tblCulture.csv,tattoo,date,K071,30/10/1990,4
tblCulture.csv,tattoo,date,K071,31/10/1989,3
tblCulture.csv,tattoo,date,K072,02/08/1988,3
tblCulture.csv,tattoo,date,K072,03/09/1991,3
tblCulture.csv,tattoo,date,K072,05/06/1990,2
tblCulture.csv,tattoo,date,K072,07/02/1990,3
tblCulture.csv,tattoo,date,K072,07/06/1989,4
tblCulture.csv,tattoo,date,K072,09/02/1988,3
tblCulture.csv,tattoo,date,K072,10/11/1987,2
tblCulture.csv,tattoo,date,K072,12/08/1992,3
tblCulture.csv,tattoo,date,K072,14/08/1990,3
tblCulture.csv,tattoo,date,K072,18/08/1987,2
tblCulture.csv,tattoo,date,K072,18/10/1988,2
tblCulture.csv,tattoo,date,K072,24/05/1988,2
tblCulture.csv,tattoo,date,K072,30/10/1990,3
tblCulture.csv,tattoo,date,K072,31/10/1989,3
tblCulture.csv,tattoo,date,K073,04/09/1991,3
tblCulture.csv,tattoo,date,K073,05/07/1995,3
tblCulture.csv,tattoo,date,K073,07/02/1990,3
tblCulture.csv,tattoo,date,K073,07/06/1989,3
tblCulture.csv,tattoo,date,K073,09/07/1996,3
tblCulture.csv,tattoo,date,K073,10/02/1988,2
tblCulture.csv,tattoo,date,K073,10/09/1997,3
tblCulture.csv,tattoo,date,K073,10/11/1987,3
tblCulture.csv,tattoo,date,K073,15/08/1989,2
tblCulture.csv,tattoo,date,K073,16/08/1994,3
tblCulture.csv,tattoo,date,K073,18/09/1996,3
tblCulture.csv,tattoo,date,K073,19/06/1991,3
tblCulture.csv,tattoo,date,K073,22/08/1995,3
tblCulture.csv,tattoo,date,K073,24/06/1997,4
tblCulture.csv,tattoo,date,K073,26/10/1993,3
tblCulture.csv,tattoo,date,K073,31/10/1989,3
tblCulture.csv,tattoo,date,K073,31/10/1990,3
tblCulture.csv,tattoo,date,K074,02/08/1989,3
tblCulture.csv,tattoo,date,K074,15/08/1989,3
tblCulture.csv,tattoo,date,K074,16/10/1990,3
tblCulture.csv,tattoo,date,K074,19/08/1987,3
tblCulture.csv,tattoo,date,K074,22/05/1990,3
tblCulture.csv,tattoo,date,K074,31/07/1990,4
tblCulture.csv,tattoo,date,K075,02/08/1988,3
tblCulture.csv,tattoo,date,K075,03/06/1992,3
tblCulture.csv,tattoo,date,K075,03/09/1991,3
tblCulture.csv,tattoo,date,K075,06/06/1989,3
tblCulture.csv,tattoo,date,K075,06/06/1990,3
tblCulture.csv,tattoo,date,K075,07/02/1989,3
tblCulture.csv,tattoo,date,K075,10/02/1988,2
tblCulture.csv,tattoo,date,K075,14/08/1990,3
tblCulture.csv,tattoo,date,K075,18/10/1988,2
tblCulture.csv,tattoo,date,K075,19/06/1991,3
tblCulture.csv,tattoo,date,K075,19/08/1987,2
tblCulture.csv,tattoo,date,K075,24/05/1988,5
tblCulture.csv,tattoo,date,K075,30/10/1990,4
tblCulture.csv,tattoo,date,K075,31/10/1989,3
tblCulture.csv,tattoo,date,K076,19/08/1987,3
tblCulture.csv,tattoo,date,K076,26/01/1988,3
tblCulture.csv,tattoo,date,K076,27/10/1987,2
tblCulture.csv,tattoo,date,K077,01/08/1989,2
tblCulture.csv,tattoo,date,K077,04/06/1991,3
tblCulture.csv,tattoo,date,K077,05/10/1988,3
tblCulture.csv,tattoo,date,K077,08/06/1994,3
tblCulture.csv,tattoo,date,K077,11/05/1988,3
tblCulture.csv,tattoo,date,K077,18/10/1994,3
tblCulture.csv,tattoo,date,K077,19/05/1992,2
tblCulture.csv,tattoo,date,K077,19/08/1987,3
tblCulture.csv,tattoo,date,K077,23/05/1990,3
tblCulture.csv,tattoo,date,K077,28/07/1992,3
tblCulture.csv,tattoo,date,K077,28/10/1987,3
tblCulture.csv,tattoo,date,K078,01/08/1989,3
tblCulture.csv,tattoo,date,K078,05/06/1991,3
tblCulture.csv,tattoo,date,K078,10/05/1988,3
tblCulture.csv,tattoo,date,K078,11/04/1990,3
tblCulture.csv,tattoo,date,K078,17/05/1990,3
tblCulture.csv,tattoo,date,K078,19/08/1987,2
tblCulture.csv,tattoo,date,K078,22/05/1990,3
tblCulture.csv,tattoo,date,K078,23/05/1989,3
tblCulture.csv,tattoo,date,K078,27/10/1987,3
tblCulture.csv,tattoo,date,K078,28/07/1992,3
tblCulture.csv,tattoo,date,K079,05/06/1991,2
tblCulture.csv,tattoo,date,K079,12/10/1993,2
tblCulture.csv,tattoo,date,K079,13/10/1988,3
tblCulture.csv,tattoo,date,K079,18/10/1989,3
tblCulture.csv,tattoo,date,K079,23/05/1990,2
tblCulture.csv,tattoo,date,K079,24/05/1993,3
tblCulture.csv,tattoo,date,K079,29/07/1992,3
tblCulture.csv,tattoo,date,K080,08/12/1987,2
tblCulture.csv,tattoo,date,K081,08/03/1988,3
tblCulture.csv,tattoo,date,K081,08/12/1987,2
tblCulture.csv,tattoo,date,K081,16/11/1988,3
tblCulture.csv,tattoo,date,K083,07/09/1988,4
tblCulture.csv,tattoo,date,K083,21/06/1988,3
tblCulture.csv,tattoo,date,K084,10/05/1988,3
tblCulture.csv,tattoo,date,K084,14/07/1988,3
tblCulture.csv,tattoo,date,K084,26/01/1988,2
tblCulture.csv,tattoo,date,K085,02/08/1988,2
tblCulture.csv,tattoo,date,K085,04/08/1999,3
tblCulture.csv,tattoo,date,K085,06/02/1990,4
tblCulture.csv,tattoo,date,K085,06/06/1989,3
tblCulture.csv,tattoo,date,K085,09/02/1988,3
tblCulture.csv,tattoo,date,K085,09/02/1993,3
tblCulture.csv,tattoo,date,K085,10/11/1987,2
tblCulture.csv,tattoo,date,K085,11/02/1992,3
tblCulture.csv,tattoo,date,K085,14/02/1995,2
tblCulture.csv,tattoo,date,K085,14/08/1990,3
tblCulture.csv,tattoo,date,K085,17/08/1993,3
tblCulture.csv,tattoo,date,K085,18/06/1991,2
tblCulture.csv,tattoo,date,K085,23/06/1999,3
tblCulture.csv,tattoo,date,K085,24/05/1988,2
tblCulture.csv,tattoo,date,K086,09/02/1988,3
tblCulture.csv,tattoo,date,K086,10/11/1987,3
tblCulture.csv,tattoo,date,K087,02/08/1988,3
tblCulture.csv,tattoo,date,K087,03/09/1991,3
tblCulture.csv,tattoo,date,K087,06/06/1989,2
tblCulture.csv,tattoo,date,K087,07/02/1990,3
tblCulture.csv,tattoo,date,K087,09/02/1988,3
tblCulture.csv,tattoo,date,K087,10/11/1987,3
tblCulture.csv,tattoo,date,K087,14/08/1990,2
tblCulture.csv,tattoo,date,K087,15/08/1989,3
tblCulture.csv,tattoo,date,K087,18/06/1991,3
tblCulture.csv,tattoo,date,K087,18/10/1988,2
tblCulture.csv,tattoo,date,K087,19/02/1991,3
tblCulture.csv,tattoo,date,K087,24/05/1988,3
tblCulture.csv,tattoo,date,K088,03/08/1988,3
tblCulture.csv,tattoo,date,K088,07/06/1989,3
tblCulture.csv,tattoo,date,K088,10/02/1988,3
tblCulture.csv,tattoo,date,K088,10/11/1987,3
tblCulture.csv,tattoo,date,K088,24/01/1990,3
tblCulture.csv,tattoo,date,K088,24/05/1988,2
tblCulture.csv,tattoo,date,K088,31/10/1989,3
tblCulture.csv,tattoo,date,K089,07/06/1988,3
tblCulture.csv,tattoo,date,K089,23/02/1988,2
tblCulture.csv,tattoo,date,K089,24/11/1987,2
tblCulture.csv,tattoo,date,K090,08/12/1987,3
tblCulture.csv,tattoo,date,K090,15/11/1988,3
tblCulture.csv,tattoo,date,K090,20/09/1989,3
tblCulture.csv,tattoo,date,K091,08/12/1987,2
tblCulture.csv,tattoo,date,K091,18/07/1989,3
tblCulture.csv,tattoo,date,K092,04/07/1990,3
tblCulture.csv,tattoo,date,K092,05/07/1994,3
tblCulture.csv,tattoo,date,K092,14/11/1990,3
tblCulture.csv,tattoo,date,K092,18/11/1992,3
tblCulture.csv,tattoo,date,K092,19/07/1995,3
tblCulture.csv,tattoo,date,K092,20/07/1994,2
tblCulture.csv,tattoo,date,K092,21/06/1988,3
tblCulture.csv,tattoo,date,K092,22/02/1994,3
tblCulture.csv,tattoo,date,K093,16/11/1988,4
tblCulture.csv,tattoo,date,K093,21/06/1988,4
tblCulture.csv,tattoo,date,L001,05/08/1986,2
tblCulture.csv,tattoo,date,L001,06/07/1988,3
tblCulture.csv,tattoo,date,L001,18/07/1989,5
tblCulture.csv,tattoo,date,L001,21/01/1986,2
tblCulture.csv,tattoo,date,L002,05/08/1986,2
tblCulture.csv,tattoo,date,L002,19/07/1989,4
tblCulture.csv,tattoo,date,L002,21/01/1986,4
tblCulture.csv,tattoo,date,L002,22/03/1988,2
tblCulture.csv,tattoo,date,L003,21/01/1986,5
tblCulture.csv,tattoo,date,L005,18/08/1987,3
tblCulture.csv,tattoo,date,L005,24/02/1988,3
tblCulture.csv,tattoo,date,L006,04/06/1987,2
tblCulture.csv,tattoo,date,L006,12/03/1986,3
tblCulture.csv,tattoo,date,L007,19/03/1986,4
tblCulture.csv,tattoo,date,L007,31/12/1986,6
tblCulture.csv,tattoo,date,L008,10/02/1987,3
tblCulture.csv,tattoo,date,L008,13/05/1986,2
tblCulture.csv,tattoo,date,L009,13/05/1986,2
tblCulture.csv,tattoo,date,L010,02/08/1994,3
tblCulture.csv,tattoo,date,L010,11/11/1986,3
tblCulture.csv,tattoo,date,L010,12/05/1987,3
tblCulture.csv,tattoo,date,L010,12/08/1986,2
tblCulture.csv,tattoo,date,L010,13/05/1986,2
tblCulture.csv,tattoo,date,L010,13/08/1991,2
tblCulture.csv,tattoo,date,L010,19/08/1987,2
tblCulture.csv,tattoo,date,L010,20/07/1988,2
tblCulture.csv,tattoo,date,L010,28/10/1987,2
tblCulture.csv,tattoo,date,L011,01/08/1990,3
tblCulture.csv,tattoo,date,L011,10/02/1987,3
tblCulture.csv,tattoo,date,L011,10/05/1988,2
tblCulture.csv,tattoo,date,L011,11/11/1986,3
tblCulture.csv,tattoo,date,L011,12/05/1987,3
tblCulture.csv,tattoo,date,L011,12/08/1986,3
tblCulture.csv,tattoo,date,L011,13/05/1986,2
tblCulture.csv,tattoo,date,L011,14/08/1991,2
tblCulture.csv,tattoo,date,L011,18/08/1987,2
tblCulture.csv,tattoo,date,L011,20/07/1988,3
tblCulture.csv,tattoo,date,L012,10/02/1987,3
tblCulture.csv,tattoo,date,L012,10/05/1988,2
tblCulture.csv,tattoo,date,L012,11/11/1986,2
tblCulture.csv,tattoo,date,L012,12/05/1987,2
tblCulture.csv,tattoo,date,L012,12/08/1986,3
tblCulture.csv,tattoo,date,L012,14/05/1986,3
tblCulture.csv,tattoo,date,L012,19/08/1987,3
tblCulture.csv,tattoo,date,L012,25/05/1988,3
tblCulture.csv,tattoo,date,L013,09/06/1988,6
tblCulture.csv,tattoo,date,L013,10/03/1988,2
tblCulture.csv,tattoo,date,L013,12/05/1987,2
tblCulture.csv,tattoo,date,L013,14/05/1986,3
tblCulture.csv,tattoo,date,L013,18/08/1987,3
tblCulture.csv,tattoo,date,L014,12/08/1986,2
tblCulture.csv,tattoo,date,L014,14/05/1986,2
tblCulture.csv,tattoo,date,L015,14/05/1986,3
tblCulture.csv,tattoo,date,L016,06/09/1994,3
tblCulture.csv,tattoo,date,L016,06/09/1995,3
tblCulture.csv,tattoo,date,L016,17/06/1992,3
tblCulture.csv,tattoo,date,L016,18/06/1986,3
tblCulture.csv,tattoo,date,L016,24/02/1988,2
tblCulture.csv,tattoo,date,L017,04/06/1987,3
tblCulture.csv,tattoo,date,L017,18/06/1986,2
tblCulture.csv,tattoo,date,L017,22/02/1988,2
tblCulture.csv,tattoo,date,L018,05/09/1989,3
tblCulture.csv,tattoo,date,L018,09/03/1988,2
tblCulture.csv,tattoo,date,L018,12/09/1986,2
tblCulture.csv,tattoo,date,L018,18/06/1986,2
tblCulture.csv,tattoo,date,L018,19/06/1990,3
tblCulture.csv,tattoo,date,L018,20/06/1989,3
tblCulture.csv,tattoo,date,L018,24/02/1988,4
tblCulture.csv,tattoo,date,L019,19/06/1986,2
tblCulture.csv,tattoo,date,L020,19/06/1986,2
tblCulture.csv,tattoo,date,L021,19/06/1986,2
tblCulture.csv,tattoo,date,L021,25/06/1987,3
tblCulture.csv,tattoo,date,L021,28/04/1992,2
tblCulture.csv,tattoo,date,L022,01/10/1991,3
tblCulture.csv,tattoo,date,L022,04/07/1989,4
tblCulture.csv,tattoo,date,L022,06/07/1993,3
tblCulture.csv,tattoo,date,L022,07/03/1989,4
tblCulture.csv,tattoo,date,L022,08/03/1994,4
tblCulture.csv,tattoo,date,L022,08/06/1988,3
tblCulture.csv,tattoo,date,L022,10/03/1993,4
tblCulture.csv,tattoo,date,L022,15/11/1988,4
tblCulture.csv,tattoo,date,L022,17/07/1991,3
tblCulture.csv,tattoo,date,L022,19/06/1986,2
tblCulture.csv,tattoo,date,L022,20/06/1989,3
tblCulture.csv,tattoo,date,L022,20/09/1989,3
tblCulture.csv,tattoo,date,L022,22/06/1988,3
tblCulture.csv,tattoo,date,L022,25/06/1987,2
tblCulture.csv,tattoo,date,L022,27/11/1990,3
tblCulture.csv,tattoo,date,L022,29/11/1989,4
tblCulture.csv,tattoo,date,L022,30/06/1992,3
tblCulture.csv,tattoo,date,L023,04/06/1987,2
tblCulture.csv,tattoo,date,L023,19/06/1986,2
tblCulture.csv,tattoo,date,L024,20/06/1986,3
tblCulture.csv,tattoo,date,L025,24/06/1986,2
tblCulture.csv,tattoo,date,L025,25/06/1987,2
tblCulture.csv,tattoo,date,L026,17/07/1991,3
tblCulture.csv,tattoo,date,L026,19/07/1994,3
tblCulture.csv,tattoo,date,L026,24/06/1986,2
tblCulture.csv,tattoo,date,L026,25/06/1987,3
tblCulture.csv,tattoo,date,L027,27/06/1986,3
tblCulture.csv,tattoo,date,L028,05/09/1989,3
tblCulture.csv,tattoo,date,L028,12/06/1987,2
tblCulture.csv,tattoo,date,L028,12/09/1986,2
tblCulture.csv,tattoo,date,L028,15/11/1989,2
tblCulture.csv,tattoo,date,L028,19/06/1990,3
tblCulture.csv,tattoo,date,L028,20/06/1989,3
tblCulture.csv,tattoo,date,L028,23/02/1988,4
tblCulture.csv,tattoo,date,L028,24/11/1987,2
tblCulture.csv,tattoo,date,L028,27/06/1986,2
tblCulture.csv,tattoo,date,L029,02/07/1986,2
tblCulture.csv,tattoo,date,L030,02/07/1991,4
tblCulture.csv,tattoo,date,L030,03/07/1986,2
tblCulture.csv,tattoo,date,L030,04/06/1987,2
tblCulture.csv,tattoo,date,L030,16/08/1988,3
tblCulture.csv,tattoo,date,L030,20/06/1989,5
tblCulture.csv,tattoo,date,L030,23/02/1988,5
tblCulture.csv,tattoo,date,L031,03/07/1986,3
tblCulture.csv,tattoo,date,L031,04/06/1987,2
tblCulture.csv,tattoo,date,L031,06/09/1989,3
tblCulture.csv,tattoo,date,L031,18/09/1991,3
tblCulture.csv,tattoo,date,L031,24/02/1993,3
tblCulture.csv,tattoo,date,L031,26/02/1992,3
tblCulture.csv,tattoo,date,L032,03/07/1986,2
tblCulture.csv,tattoo,date,L032,05/09/1989,3
tblCulture.csv,tattoo,date,L032,06/09/1994,3
tblCulture.csv,tattoo,date,L032,06/09/1995,3
tblCulture.csv,tattoo,date,L032,07/09/1993,3
tblCulture.csv,tattoo,date,L032,08/06/1988,3
tblCulture.csv,tattoo,date,L032,14/02/1996,4
tblCulture.csv,tattoo,date,L032,16/08/1988,3
tblCulture.csv,tattoo,date,L032,18/09/1991,4
tblCulture.csv,tattoo,date,L032,24/02/1993,3
tblCulture.csv,tattoo,date,L032,25/02/1992,4
tblCulture.csv,tattoo,date,L032,26/08/1992,3
tblCulture.csv,tattoo,date,L033,04/07/1986,2
tblCulture.csv,tattoo,date,L033,07/06/1988,3
tblCulture.csv,tattoo,date,L033,23/02/1988,4
tblCulture.csv,tattoo,date,L034,04/07/1986,2
tblCulture.csv,tattoo,date,L034,23/02/1988,4
tblCulture.csv,tattoo,date,L035,09/07/1986,2
tblCulture.csv,tattoo,date,L036,16/07/1986,2
tblCulture.csv,tattoo,date,L037,16/07/1986,2
tblCulture.csv,tattoo,date,L038,17/07/1986,3
tblCulture.csv,tattoo,date,L038,17/08/1988,3
tblCulture.csv,tattoo,date,L039,15/09/1993,2
tblCulture.csv,tattoo,date,L039,18/07/1986,2
tblCulture.csv,tattoo,date,L040,05/06/1987,2
tblCulture.csv,tattoo,date,L040,22/02/1988,3
tblCulture.csv,tattoo,date,L040,22/07/1986,2
tblCulture.csv,tattoo,date,L041,14/08/1990,3
tblCulture.csv,tattoo,date,L041,21/02/1989,3
tblCulture.csv,tattoo,date,L041,21/06/1989,3
tblCulture.csv,tattoo,date,L041,22/07/1986,3
tblCulture.csv,tattoo,date,L042,04/07/1989,3
tblCulture.csv,tattoo,date,L042,04/07/1990,2
tblCulture.csv,tattoo,date,L042,17/07/1991,4
tblCulture.csv,tattoo,date,L042,23/07/1986,2
tblCulture.csv,tattoo,date,L043,02/10/1990,3
tblCulture.csv,tattoo,date,L043,03/10/1989,3
tblCulture.csv,tattoo,date,L043,04/10/1994,3
tblCulture.csv,tattoo,date,L043,05/07/1988,3
tblCulture.csv,tattoo,date,L043,05/08/1986,2
tblCulture.csv,tattoo,date,L043,12/01/1988,2
tblCulture.csv,tattoo,date,L043,15/01/1991,3
tblCulture.csv,tattoo,date,L043,18/07/1989,3
tblCulture.csv,tattoo,date,L043,18/07/1990,3
tblCulture.csv,tattoo,date,L043,20/03/1990,3
tblCulture.csv,tattoo,date,L043,21/07/1993,3
tblCulture.csv,tattoo,date,L043,30/07/1991,4
tblCulture.csv,tattoo,date,L044,05/08/1986,3
tblCulture.csv,tattoo,date,L045,05/08/1986,3
tblCulture.csv,tattoo,date,L046,05/08/1986,3
tblCulture.csv,tattoo,date,L047,07/08/1986,3
tblCulture.csv,tattoo,date,L048,07/08/1986,3
tblCulture.csv,tattoo,date,L049,02/08/1988,3
tblCulture.csv,tattoo,date,L049,04/07/1989,3
tblCulture.csv,tattoo,date,L049,04/09/1991,2
tblCulture.csv,tattoo,date,L049,06/02/1990,3
tblCulture.csv,tattoo,date,L049,07/06/1989,3
tblCulture.csv,tattoo,date,L049,08/02/1989,3
tblCulture.csv,tattoo,date,L049,08/06/1993,3
tblCulture.csv,tattoo,date,L049,09/07/1996,3
tblCulture.csv,tattoo,date,L049,10/02/1987,2
tblCulture.csv,tattoo,date,L049,12/05/1987,2
tblCulture.csv,tattoo,date,L049,12/08/1986,2
tblCulture.csv,tattoo,date,L049,15/08/1990,3
tblCulture.csv,tattoo,date,L049,16/08/1989,3
tblCulture.csv,tattoo,date,L049,17/09/1996,2
tblCulture.csv,tattoo,date,L049,18/08/1987,3
tblCulture.csv,tattoo,date,L049,19/06/1991,2
tblCulture.csv,tattoo,date,L049,21/10/1992,3
tblCulture.csv,tattoo,date,L049,23/08/1995,3
tblCulture.csv,tattoo,date,L049,25/05/1988,3
tblCulture.csv,tattoo,date,L050,05/06/1990,3
tblCulture.csv,tattoo,date,L050,07/02/1990,3
tblCulture.csv,tattoo,date,L050,09/02/1988,3
tblCulture.csv,tattoo,date,L050,10/02/1987,3
tblCulture.csv,tattoo,date,L050,10/11/1987,3
tblCulture.csv,tattoo,date,L050,11/08/1992,3
tblCulture.csv,tattoo,date,L050,11/11/1986,3
tblCulture.csv,tattoo,date,L050,12/08/1986,2
tblCulture.csv,tattoo,date,L050,13/05/1987,3
tblCulture.csv,tattoo,date,L050,14/08/1990,3
tblCulture.csv,tattoo,date,L050,18/06/1991,3
tblCulture.csv,tattoo,date,L050,18/08/1987,3
tblCulture.csv,tattoo,date,L050,24/05/1988,2
tblCulture.csv,tattoo,date,L051,11/02/1987,3
tblCulture.csv,tattoo,date,L051,11/11/1986,2
tblCulture.csv,tattoo,date,L051,12/05/1987,3
tblCulture.csv,tattoo,date,L051,12/08/1986,3
tblCulture.csv,tattoo,date,L052,12/08/1986,3
tblCulture.csv,tattoo,date,L053,01/11/1994,3
tblCulture.csv,tattoo,date,L053,02/08/1988,3
tblCulture.csv,tattoo,date,L053,03/06/1992,2
tblCulture.csv,tattoo,date,L053,05/06/1990,3
tblCulture.csv,tattoo,date,L053,05/07/1995,3
tblCulture.csv,tattoo,date,L053,10/02/1987,3
tblCulture.csv,tattoo,date,L053,10/02/1988,3
tblCulture.csv,tattoo,date,L053,10/02/1993,2
tblCulture.csv,tattoo,date,L053,10/11/1987,3
tblCulture.csv,tattoo,date,L053,11/08/1992,3
tblCulture.csv,tattoo,date,L053,12/05/1987,3
tblCulture.csv,tattoo,date,L053,12/08/1986,2
tblCulture.csv,tattoo,date,L053,13/11/1991,2
tblCulture.csv,tattoo,date,L053,14/08/1990,2
tblCulture.csv,tattoo,date,L053,17/08/1993,3
tblCulture.csv,tattoo,date,L053,17/08/1994,3
tblCulture.csv,tattoo,date,L053,18/08/1987,3
tblCulture.csv,tattoo,date,L053,19/10/1988,2
tblCulture.csv,tattoo,date,L053,20/10/1992,3
tblCulture.csv,tattoo,date,L053,23/08/1995,3
tblCulture.csv,tattoo,date,L053,24/05/1988,3
tblCulture.csv,tattoo,date,L053,27/01/1988,3
tblCulture.csv,tattoo,date,L053,30/10/1990,3
tblCulture.csv,tattoo,date,L053,31/10/1989,3
tblCulture.csv,tattoo,date,L054,02/06/1992,3
tblCulture.csv,tattoo,date,L054,03/08/1999,3
tblCulture.csv,tattoo,date,L054,03/10/1995,3
tblCulture.csv,tattoo,date,L054,04/09/1991,3
tblCulture.csv,tattoo,date,L054,05/06/1990,3
tblCulture.csv,tattoo,date,L054,06/06/1989,3
tblCulture.csv,tattoo,date,L054,09/02/1988,3
tblCulture.csv,tattoo,date,L054,09/07/1996,3
tblCulture.csv,tattoo,date,L054,10/02/1987,2
tblCulture.csv,tattoo,date,L054,10/09/1997,4
tblCulture.csv,tattoo,date,L054,10/11/1987,3
tblCulture.csv,tattoo,date,L054,11/02/1992,2
tblCulture.csv,tattoo,date,L054,11/02/1999,6
tblCulture.csv,tattoo,date,L054,11/08/1992,3
tblCulture.csv,tattoo,date,L054,11/08/1998,3
tblCulture.csv,tattoo,date,L054,11/11/1986,2
tblCulture.csv,tattoo,date,L054,12/08/1986,3
tblCulture.csv,tattoo,date,L054,12/11/1991,3
tblCulture.csv,tattoo,date,L054,15/08/1989,3
tblCulture.csv,tattoo,date,L054,17/08/1993,3
tblCulture.csv,tattoo,date,L054,18/10/1988,3
tblCulture.csv,tattoo,date,L054,19/02/1991,3
tblCulture.csv,tattoo,date,L054,19/06/1991,3
tblCulture.csv,tattoo,date,L054,19/08/1987,3
tblCulture.csv,tattoo,date,L054,20/10/1998,3
tblCulture.csv,tattoo,date,L054,22/06/1994,3
tblCulture.csv,tattoo,date,L054,22/06/1999,3
tblCulture.csv,tattoo,date,L054,22/08/1995,3
tblCulture.csv,tattoo,date,L054,24/05/1988,3
tblCulture.csv,tattoo,date,L054,25/01/2000,4
tblCulture.csv,tattoo,date,L054,25/04/2000,6
tblCulture.csv,tattoo,date,L054,26/10/1999,4
tblCulture.csv,tattoo,date,L054,29/01/1997,4
tblCulture.csv,tattoo,date,L054,30/10/1990,3
tblCulture.csv,tattoo,date,L055,11/11/1986,3
tblCulture.csv,tattoo,date,L055,12/08/1986,2
tblCulture.csv,tattoo,date,L056,01/11/1989,3
tblCulture.csv,tattoo,date,L056,01/11/1994,3
tblCulture.csv,tattoo,date,L056,02/06/1992,3
tblCulture.csv,tattoo,date,L056,03/02/1998,3
tblCulture.csv,tattoo,date,L056,03/08/1988,3
tblCulture.csv,tattoo,date,L056,03/08/1999,3
tblCulture.csv,tattoo,date,L056,03/09/1991,3
tblCulture.csv,tattoo,date,L056,05/06/1990,3
tblCulture.csv,tattoo,date,L056,06/06/1989,3
tblCulture.csv,tattoo,date,L056,09/02/1988,3
tblCulture.csv,tattoo,date,L056,10/02/1987,3
tblCulture.csv,tattoo,date,L056,10/02/1999,2
tblCulture.csv,tattoo,date,L056,10/11/1987,3
tblCulture.csv,tattoo,date,L056,11/08/1998,3
tblCulture.csv,tattoo,date,L056,11/11/1986,3
tblCulture.csv,tattoo,date,L056,12/08/1986,2
tblCulture.csv,tattoo,date,L056,12/08/1992,2
tblCulture.csv,tattoo,date,L056,13/05/1987,2
tblCulture.csv,tattoo,date,L056,15/02/1995,3
tblCulture.csv,tattoo,date,L056,16/06/1998,3
tblCulture.csv,tattoo,date,L056,17/08/1993,2
tblCulture.csv,tattoo,date,L056,17/08/1994,3
tblCulture.csv,tattoo,date,L056,18/06/1991,3
tblCulture.csv,tattoo,date,L056,18/08/1987,3
tblCulture.csv,tattoo,date,L056,18/09/1996,3
tblCulture.csv,tattoo,date,L056,18/10/1988,3
tblCulture.csv,tattoo,date,L056,18/11/1997,4
tblCulture.csv,tattoo,date,L056,20/10/1998,3
tblCulture.csv,tattoo,date,L056,22/06/1999,3
tblCulture.csv,tattoo,date,L056,22/08/1995,3
tblCulture.csv,tattoo,date,L056,24/05/1988,3
tblCulture.csv,tattoo,date,L056,24/06/1997,3
tblCulture.csv,tattoo,date,L057,02/08/1988,3
tblCulture.csv,tattoo,date,L057,07/02/1989,2
tblCulture.csv,tattoo,date,L057,10/02/1987,2
tblCulture.csv,tattoo,date,L057,10/11/1987,3
tblCulture.csv,tattoo,date,L057,11/11/1986,3
tblCulture.csv,tattoo,date,L057,12/05/1987,2
tblCulture.csv,tattoo,date,L057,12/08/1986,3
tblCulture.csv,tattoo,date,L057,18/08/1987,3
tblCulture.csv,tattoo,date,L057,18/10/1988,2
tblCulture.csv,tattoo,date,L057,24/05/1988,2
tblCulture.csv,tattoo,date,L058,10/02/1987,2
tblCulture.csv,tattoo,date,L058,11/11/1986,2
tblCulture.csv,tattoo,date,L058,12/08/1986,2
tblCulture.csv,tattoo,date,L059,05/10/1988,3
tblCulture.csv,tattoo,date,L059,10/02/1987,2
tblCulture.csv,tattoo,date,L059,11/11/1986,3
tblCulture.csv,tattoo,date,L059,12/08/1986,3
tblCulture.csv,tattoo,date,L059,13/05/1987,2
tblCulture.csv,tattoo,date,L059,18/08/1987,2
tblCulture.csv,tattoo,date,L059,19/07/1988,2
tblCulture.csv,tattoo,date,L059,24/05/1989,3
tblCulture.csv,tattoo,date,L059,27/10/1987,2
tblCulture.csv,tattoo,date,L061,10/02/1987,3
tblCulture.csv,tattoo,date,L061,11/05/1988,3
tblCulture.csv,tattoo,date,L061,12/05/1987,3
tblCulture.csv,tattoo,date,L061,12/07/1990,3
tblCulture.csv,tattoo,date,L061,12/08/1986,2
tblCulture.csv,tattoo,date,L061,18/08/1987,3
tblCulture.csv,tattoo,date,L061,20/07/1988,3
tblCulture.csv,tattoo,date,L061,23/05/1989,3
tblCulture.csv,tattoo,date,L061,27/10/1987,3
tblCulture.csv,tattoo,date,L062,11/02/1987,2
tblCulture.csv,tattoo,date,L062,11/11/1986,3
tblCulture.csv,tattoo,date,L062,13/05/1987,2
tblCulture.csv,tattoo,date,L062,18/08/1987,3
tblCulture.csv,tattoo,date,L062,28/10/1987,3
tblCulture.csv,tattoo,date,L063,03/08/1988,3
tblCulture.csv,tattoo,date,L063,06/06/1989,3
tblCulture.csv,tattoo,date,L063,09/02/1988,2
tblCulture.csv,tattoo,date,L063,10/02/1987,2
tblCulture.csv,tattoo,date,L063,12/05/1987,3
tblCulture.csv,tattoo,date,L063,12/11/1986,3
tblCulture.csv,tattoo,date,L063,13/08/1986,2
tblCulture.csv,tattoo,date,L063,24/05/1988,2
tblCulture.csv,tattoo,date,L064,11/11/1986,3
tblCulture.csv,tattoo,date,L064,12/05/1987,4
tblCulture.csv,tattoo,date,L064,13/08/1986,2
tblCulture.csv,tattoo,date,L064,19/08/1987,3
tblCulture.csv,tattoo,date,L064,20/10/1988,3
tblCulture.csv,tattoo,date,L064,26/01/1988,3
tblCulture.csv,tattoo,date,L064,27/10/1987,2
tblCulture.csv,tattoo,date,L065,03/08/1988,2
tblCulture.csv,tattoo,date,L065,03/09/1991,3
tblCulture.csv,tattoo,date,L065,05/07/1994,3
tblCulture.csv,tattoo,date,L065,05/09/1995,3
tblCulture.csv,tattoo,date,L065,06/06/1989,3
tblCulture.csv,tattoo,date,L065,07/09/1994,3
tblCulture.csv,tattoo,date,L065,08/02/1988,3
tblCulture.csv,tattoo,date,L065,08/06/1993,3
tblCulture.csv,tattoo,date,L065,08/09/1993,3
tblCulture.csv,tattoo,date,L065,09/08/1995,3
tblCulture.csv,tattoo,date,L065,10/02/1987,4
tblCulture.csv,tattoo,date,L065,10/11/1987,3
tblCulture.csv,tattoo,date,L065,11/11/1986,3
tblCulture.csv,tattoo,date,L065,12/05/1987,2
tblCulture.csv,tattoo,date,L065,13/08/1986,2
tblCulture.csv,tattoo,date,L065,14/08/1990,3
tblCulture.csv,tattoo,date,L065,16/10/1995,3
tblCulture.csv,tattoo,date,L065,18/06/1991,2
tblCulture.csv,tattoo,date,L065,18/08/1987,2
tblCulture.csv,tattoo,date,L065,21/02/1994,2
tblCulture.csv,tattoo,date,L065,22/02/1993,3
tblCulture.csv,tattoo,date,L065,23/07/1996,2
tblCulture.csv,tattoo,date,L066,03/06/1992,4
tblCulture.csv,tattoo,date,L066,07/06/1989,3
tblCulture.csv,tattoo,date,L066,08/02/1988,2
tblCulture.csv,tattoo,date,L066,10/02/1987,3
tblCulture.csv,tattoo,date,L066,11/11/1986,2
tblCulture.csv,tattoo,date,L066,12/05/1987,3
tblCulture.csv,tattoo,date,L066,13/08/1986,2
tblCulture.csv,tattoo,date,L066,13/11/1991,4
tblCulture.csv,tattoo,date,L066,14/08/1990,4
tblCulture.csv,tattoo,date,L066,15/08/1989,5
tblCulture.csv,tattoo,date,L066,18/08/1987,3
tblCulture.csv,tattoo,date,L066,19/02/1991,4
tblCulture.csv,tattoo,date,L066,24/05/1988,4
tblCulture.csv,tattoo,date,L066,30/10/1990,4
tblCulture.csv,tattoo,date,L067,13/08/1986,2
tblCulture.csv,tattoo,date,L068,10/02/1987,3
tblCulture.csv,tattoo,date,L068,10/11/1987,3
tblCulture.csv,tattoo,date,L068,11/11/1986,3
tblCulture.csv,tattoo,date,L068,12/05/1987,3
tblCulture.csv,tattoo,date,L068,18/08/1987,4
tblCulture.csv,tattoo,date,L069,20/08/1986,3
tblCulture.csv,tattoo,date,L070,04/09/1986,2
tblCulture.csv,tattoo,date,L070,18/07/1989,3
tblCulture.csv,tattoo,date,L071,04/07/1989,4
tblCulture.csv,tattoo,date,L071,09/03/1993,4
tblCulture.csv,tattoo,date,L071,10/09/1986,3
tblCulture.csv,tattoo,date,L072,10/09/1986,2
tblCulture.csv,tattoo,date,L073,01/07/1992,3
tblCulture.csv,tattoo,date,L073,05/09/1990,3
tblCulture.csv,tattoo,date,L073,06/09/1988,3
tblCulture.csv,tattoo,date,L073,08/09/1992,3
tblCulture.csv,tattoo,date,L073,09/03/1988,3
tblCulture.csv,tattoo,date,L073,10/03/1993,4
tblCulture.csv,tattoo,date,L073,10/09/1986,2
tblCulture.csv,tattoo,date,L073,16/07/1991,3
tblCulture.csv,tattoo,date,L074,12/09/1986,2
tblCulture.csv,tattoo,date,L074,22/06/1988,3
tblCulture.csv,tattoo,date,L075,08/10/1986,2
tblCulture.csv,tattoo,date,L076,15/10/1986,3
tblCulture.csv,tattoo,date,L077,29/10/1986,2
tblCulture.csv,tattoo,date,L078,29/10/1986,2
tblCulture.csv,tattoo,date,L079,10/02/1987,2
tblCulture.csv,tattoo,date,L079,13/05/1987,3
tblCulture.csv,tattoo,date,L080,01/08/1989,3
tblCulture.csv,tattoo,date,L080,03/09/1996,3
tblCulture.csv,tattoo,date,L080,04/06/1991,3
tblCulture.csv,tattoo,date,L080,04/08/1993,3
tblCulture.csv,tattoo,date,L080,04/12/1996,3
tblCulture.csv,tattoo,date,L080,08/06/1994,2
tblCulture.csv,tattoo,date,L080,08/08/1995,3
tblCulture.csv,tattoo,date,L080,10/02/1987,3
tblCulture.csv,tattoo,date,L080,10/05/1988,2
tblCulture.csv,tattoo,date,L080,11/11/1986,3
tblCulture.csv,tattoo,date,L080,12/05/1987,3
tblCulture.csv,tattoo,date,L080,12/10/1993,3
tblCulture.csv,tattoo,date,L080,13/08/1991,4
tblCulture.csv,tattoo,date,L080,16/10/1990,3
tblCulture.csv,tattoo,date,L080,17/10/1989,3
tblCulture.csv,tattoo,date,L080,18/08/1987,3
tblCulture.csv,tattoo,date,L080,19/09/1995,4
tblCulture.csv,tattoo,date,L080,20/06/1995,3
tblCulture.csv,tattoo,date,L080,21/05/1997,4
tblCulture.csv,tattoo,date,L080,25/06/1996,3
tblCulture.csv,tattoo,date,L080,26/06/1989,2
tblCulture.csv,tattoo,date,L080,27/06/1997,4
tblCulture.csv,tattoo,date,L080,27/10/1987,4
tblCulture.csv,tattoo,date,L080,28/07/1992,3
tblCulture.csv,tattoo,date,L080,30/07/1996,3
tblCulture.csv,tattoo,date,L081,12/11/1986,3
tblCulture.csv,tattoo,date,M001,02/10/2001,3
tblCulture.csv,tattoo,date,M001,03/08/1999,3
tblCulture.csv,tattoo,date,M001,05/11/2002,3
tblCulture.csv,tattoo,date,M001,09/06/2004,2
tblCulture.csv,tattoo,date,M001,09/11/2004,3
tblCulture.csv,tattoo,date,M001,10/02/1993,3
tblCulture.csv,tattoo,date,M001,11/08/1998,3
tblCulture.csv,tattoo,date,M001,11/11/2003,3
tblCulture.csv,tattoo,date,M001,16/06/1998,2
tblCulture.csv,tattoo,date,M001,19/06/2002,2
tblCulture.csv,tattoo,date,M001,19/08/2003,3
tblCulture.csv,tattoo,date,M001,20/06/2000,3
tblCulture.csv,tattoo,date,M001,20/08/2002,3
tblCulture.csv,tattoo,date,M001,21/08/2001,3
tblCulture.csv,tattoo,date,M001,21/09/2004,3
tblCulture.csv,tattoo,date,M001,23/06/1999,2
tblCulture.csv,tattoo,date,M001,26/10/1999,3
tblCulture.csv,tattoo,date,M001,29/11/2000,3
tblCulture.csv,tattoo,date,M002,01/07/1998,3
tblCulture.csv,tattoo,date,M002,01/12/1998,2
tblCulture.csv,tattoo,date,M002,06/07/1994,3
tblCulture.csv,tattoo,date,M002,07/07/1993,3
tblCulture.csv,tattoo,date,M002,08/09/1999,3
tblCulture.csv,tattoo,date,M002,09/03/1993,3
tblCulture.csv,tattoo,date,M002,11/09/2002,2
tblCulture.csv,tattoo,date,M002,18/09/2001,3
tblCulture.csv,tattoo,date,M002,18/10/2000,2
tblCulture.csv,tattoo,date,M003,07/10/1997,4
tblCulture.csv,tattoo,date,M003,11/01/1994,3
tblCulture.csv,tattoo,date,M003,11/05/1993,3
tblCulture.csv,tattoo,date,M003,14/09/1993,3
tblCulture.csv,tattoo,date,M003,18/02/1998,3
tblCulture.csv,tattoo,date,M003,20/07/1993,3
tblCulture.csv,tattoo,date,M003,24/05/1994,3
tblCulture.csv,tattoo,date,M003,26/07/1994,3
tblCulture.csv,tattoo,date,M004,04/10/1994,3
tblCulture.csv,tattoo,date,M004,11/05/1993,3
tblCulture.csv,tattoo,date,M004,15/09/1993,3
tblCulture.csv,tattoo,date,M004,20/07/1993,2
tblCulture.csv,tattoo,date,M004,24/05/1994,3
tblCulture.csv,tattoo,date,M004,26/07/1994,3
tblCulture.csv,tattoo,date,M005,11/05/1993,2
tblCulture.csv,tattoo,date,M005,14/09/1993,3
tblCulture.csv,tattoo,date,M005,20/07/1993,3
tblCulture.csv,tattoo,date,M006,11/05/1993,3
tblCulture.csv,tattoo,date,M006,15/09/1993,3
tblCulture.csv,tattoo,date,M006,20/07/1993,3
tblCulture.csv,tattoo,date,M007,04/10/1994,3
tblCulture.csv,tattoo,date,M007,12/01/1994,3
tblCulture.csv,tattoo,date,M007,12/05/1993,2
tblCulture.csv,tattoo,date,M007,14/09/1993,3
tblCulture.csv,tattoo,date,M007,21/07/1993,3
tblCulture.csv,tattoo,date,M007,24/05/1994,3
tblCulture.csv,tattoo,date,M007,26/07/1994,3
tblCulture.csv,tattoo,date,M008,25/05/1993,2
tblCulture.csv,tattoo,date,M009,03/08/1993,3
tblCulture.csv,tattoo,date,M009,03/08/1994,3
tblCulture.csv,tattoo,date,M009,03/09/1996,2
tblCulture.csv,tattoo,date,M009,08/08/1995,3
tblCulture.csv,tattoo,date,M009,12/10/1993,2
tblCulture.csv,tattoo,date,M009,18/10/1994,3
tblCulture.csv,tattoo,date,M009,20/05/1997,3
tblCulture.csv,tattoo,date,M009,20/06/1995,3
tblCulture.csv,tattoo,date,M009,22/10/1996,3
tblCulture.csv,tattoo,date,M009,25/05/1993,3
tblCulture.csv,tattoo,date,M009,25/06/1996,3
tblCulture.csv,tattoo,date,M009,28/07/1998,3
tblCulture.csv,tattoo,date,M009,31/01/1995,3
tblCulture.csv,tattoo,date,M010,03/08/1993,3
tblCulture.csv,tattoo,date,M010,03/08/1994,3
tblCulture.csv,tattoo,date,M010,25/01/1994,3
tblCulture.csv,tattoo,date,M010,25/05/1993,2
tblCulture.csv,tattoo,date,M010,25/06/1996,3
tblCulture.csv,tattoo,date,M010,31/01/1995,2
tblCulture.csv,tattoo,date,M011,02/08/1994,3
tblCulture.csv,tattoo,date,M011,04/08/1993,2
tblCulture.csv,tattoo,date,M011,07/06/1994,2
tblCulture.csv,tattoo,date,M011,07/09/1993,3
tblCulture.csv,tattoo,date,M011,12/10/1993,2
tblCulture.csv,tattoo,date,M011,25/05/1993,3
tblCulture.csv,tattoo,date,M012,01/04/2001,8
tblCulture.csv,tattoo,date,M012,02/08/1994,3
tblCulture.csv,tattoo,date,M012,03/08/1993,3
tblCulture.csv,tattoo,date,M012,03/09/1996,2
tblCulture.csv,tattoo,date,M012,03/10/2000,3
tblCulture.csv,tattoo,date,M012,05/08/1997,3
tblCulture.csv,tattoo,date,M012,05/09/2000,3
tblCulture.csv,tattoo,date,M012,06/10/1998,3
tblCulture.csv,tattoo,date,M012,07/06/1994,3
tblCulture.csv,tattoo,date,M012,08/08/1995,3
tblCulture.csv,tattoo,date,M012,12/10/1993,3
tblCulture.csv,tattoo,date,M012,19/05/1998,3
tblCulture.csv,tattoo,date,M012,20/06/1995,3
tblCulture.csv,tattoo,date,M012,21/07/1999,2
tblCulture.csv,tattoo,date,M012,24/05/2000,2
tblCulture.csv,tattoo,date,M012,25/01/1994,2
tblCulture.csv,tattoo,date,M012,25/05/1993,2
tblCulture.csv,tattoo,date,M012,25/05/1999,3
tblCulture.csv,tattoo,date,M012,25/06/1996,3
tblCulture.csv,tattoo,date,M013,03/08/1993,3
tblCulture.csv,tattoo,date,M013,07/06/1994,2
tblCulture.csv,tattoo,date,M013,07/10/1998,2
tblCulture.csv,tattoo,date,M013,19/10/1994,3
tblCulture.csv,tattoo,date,M013,25/05/1993,2
tblCulture.csv,tattoo,date,M013,25/06/1996,3
tblCulture.csv,tattoo,date,M013,29/07/1998,2
tblCulture.csv,tattoo,date,M014,02/08/1994,3
tblCulture.csv,tattoo,date,M014,03/08/1993,3
tblCulture.csv,tattoo,date,M014,08/06/1994,3
tblCulture.csv,tattoo,date,M014,12/10/1993,2
tblCulture.csv,tattoo,date,M014,25/01/1994,3
tblCulture.csv,tattoo,date,M014,25/05/1993,3
tblCulture.csv,tattoo,date,M015,03/08/1993,3
tblCulture.csv,tattoo,date,M015,08/06/1994,3
tblCulture.csv,tattoo,date,M015,09/08/1995,3
tblCulture.csv,tattoo,date,M015,20/06/1995,3
tblCulture.csv,tattoo,date,M015,25/05/1993,2
tblCulture.csv,tattoo,date,M015,25/06/1996,2
tblCulture.csv,tattoo,date,M016,04/08/1993,3
tblCulture.csv,tattoo,date,M016,25/05/1993,2
tblCulture.csv,tattoo,date,M017,12/10/1993,3
tblCulture.csv,tattoo,date,M017,25/01/1994,4
tblCulture.csv,tattoo,date,M017,25/05/1993,3
tblCulture.csv,tattoo,date,M018,03/08/1993,2
tblCulture.csv,tattoo,date,M018,25/05/1993,3
tblCulture.csv,tattoo,date,M019,03/08/1993,3
tblCulture.csv,tattoo,date,M019,25/05/1993,3
tblCulture.csv,tattoo,date,M020,25/05/1993,3
tblCulture.csv,tattoo,date,M021,02/08/1994,3
tblCulture.csv,tattoo,date,M021,03/08/1993,3
tblCulture.csv,tattoo,date,M021,04/09/1996,3
tblCulture.csv,tattoo,date,M021,12/10/1993,2
tblCulture.csv,tattoo,date,M021,20/05/1998,3
tblCulture.csv,tattoo,date,M021,20/07/1999,3
tblCulture.csv,tattoo,date,M021,23/10/1996,2
tblCulture.csv,tattoo,date,M022,25/05/1993,2
tblCulture.csv,tattoo,date,M023,01/02/1995,3
tblCulture.csv,tattoo,date,M023,02/08/1994,3
tblCulture.csv,tattoo,date,M023,03/08/1993,3
tblCulture.csv,tattoo,date,M023,12/10/1993,3
tblCulture.csv,tattoo,date,M023,18/09/1996,4
tblCulture.csv,tattoo,date,M023,23/08/1995,3
tblCulture.csv,tattoo,date,M023,25/01/1994,3
tblCulture.csv,tattoo,date,M023,25/05/1993,2
tblCulture.csv,tattoo,date,M024,02/08/1994,3
tblCulture.csv,tattoo,date,M024,03/08/1993,3
tblCulture.csv,tattoo,date,M024,03/09/1996,3
tblCulture.csv,tattoo,date,M024,07/06/1994,2
tblCulture.csv,tattoo,date,M024,08/08/1995,3
tblCulture.csv,tattoo,date,M024,12/10/1993,3
tblCulture.csv,tattoo,date,M024,18/10/1994,4
tblCulture.csv,tattoo,date,M024,19/09/1995,3
tblCulture.csv,tattoo,date,M024,20/06/1995,2
tblCulture.csv,tattoo,date,M024,22/10/1997,3
tblCulture.csv,tattoo,date,M024,25/06/1996,2
tblCulture.csv,tattoo,date,M024,26/05/1993,3
tblCulture.csv,tattoo,date,M024,31/07/1996,3
tblCulture.csv,tattoo,date,M025,26/05/1993,3
tblCulture.csv,tattoo,date,M026,02/08/1994,3
tblCulture.csv,tattoo,date,M026,03/08/1993,3
tblCulture.csv,tattoo,date,M026,03/09/1996,2
tblCulture.csv,tattoo,date,M026,08/08/1995,2
tblCulture.csv,tattoo,date,M026,20/06/1995,3
tblCulture.csv,tattoo,date,M026,25/01/1994,2
tblCulture.csv,tattoo,date,M026,25/06/1996,4
tblCulture.csv,tattoo,date,M026,26/05/1993,3
tblCulture.csv,tattoo,date,M026,31/01/1995,3
tblCulture.csv,tattoo,date,M027,01/02/1995,2
tblCulture.csv,tattoo,date,M027,03/08/1993,3
tblCulture.csv,tattoo,date,M027,08/08/1995,3
tblCulture.csv,tattoo,date,M027,12/10/1993,3
tblCulture.csv,tattoo,date,M027,18/10/1994,3
tblCulture.csv,tattoo,date,M027,19/05/1998,2
tblCulture.csv,tattoo,date,M027,25/06/1996,3
tblCulture.csv,tattoo,date,M027,26/05/1993,3
tblCulture.csv,tattoo,date,M028,26/05/1993,3
tblCulture.csv,tattoo,date,M029,03/08/1993,3
tblCulture.csv,tattoo,date,M029,03/08/1994,2
tblCulture.csv,tattoo,date,M029,07/06/1994,3
tblCulture.csv,tattoo,date,M029,12/10/1993,3
tblCulture.csv,tattoo,date,M029,18/10/1994,3
tblCulture.csv,tattoo,date,M029,26/05/1993,3
tblCulture.csv,tattoo,date,M029,30/01/1995,3
tblCulture.csv,tattoo,date,M030,02/08/1994,3
tblCulture.csv,tattoo,date,M030,03/08/1993,2
tblCulture.csv,tattoo,date,M030,03/09/1996,3
tblCulture.csv,tattoo,date,M030,08/06/1994,3
tblCulture.csv,tattoo,date,M030,08/08/1995,2
tblCulture.csv,tattoo,date,M030,12/10/1993,2
tblCulture.csv,tattoo,date,M030,19/01/2002,6
tblCulture.csv,tattoo,date,M030,19/09/1995,3
tblCulture.csv,tattoo,date,M030,19/10/1994,3
tblCulture.csv,tattoo,date,M030,20/05/1997,3
tblCulture.csv,tattoo,date,M030,22/09/1999,3
tblCulture.csv,tattoo,date,M030,22/10/1997,2
tblCulture.csv,tattoo,date,M030,23/05/2000,4
tblCulture.csv,tattoo,date,M030,26/05/1993,2
tblCulture.csv,tattoo,date,M030,26/05/1999,3
tblCulture.csv,tattoo,date,M030,26/06/1996,3
tblCulture.csv,tattoo,date,M030,29/07/1998,2
tblCulture.csv,tattoo,date,M030,31/01/1995,3
tblCulture.csv,tattoo,date,M031,03/08/1993,2
tblCulture.csv,tattoo,date,M031,03/08/1994,3
tblCulture.csv,tattoo,date,M031,06/08/1997,2
tblCulture.csv,tattoo,date,M031,08/06/1994,3
tblCulture.csv,tattoo,date,M031,08/08/1995,3
tblCulture.csv,tattoo,date,M031,17/01/1996,3
tblCulture.csv,tattoo,date,M031,18/10/1994,3
tblCulture.csv,tattoo,date,M031,19/09/1995,3
tblCulture.csv,tattoo,date,M031,20/05/1998,3
tblCulture.csv,tattoo,date,M031,20/06/1995,3
tblCulture.csv,tattoo,date,M031,21/05/1997,3
tblCulture.csv,tattoo,date,M031,21/10/1997,4
tblCulture.csv,tattoo,date,M031,22/10/1996,4
tblCulture.csv,tattoo,date,M031,25/01/1994,3
tblCulture.csv,tattoo,date,M031,25/06/1996,3
tblCulture.csv,tattoo,date,M031,26/05/1993,3
tblCulture.csv,tattoo,date,M031,28/07/1998,3
tblCulture.csv,tattoo,date,M031,31/01/1995,4
tblCulture.csv,tattoo,date,M032,03/08/1993,3
tblCulture.csv,tattoo,date,M032,08/06/1994,3
tblCulture.csv,tattoo,date,M032,08/08/1995,3
tblCulture.csv,tattoo,date,M032,12/10/1993,2
tblCulture.csv,tattoo,date,M032,19/10/1994,2
tblCulture.csv,tattoo,date,M032,21/06/1995,3
tblCulture.csv,tattoo,date,M032,25/06/1996,3
tblCulture.csv,tattoo,date,M032,26/01/1994,3
tblCulture.csv,tattoo,date,M032,26/05/1993,3
tblCulture.csv,tattoo,date,M033,03/08/1993,3
tblCulture.csv,tattoo,date,M033,12/10/1993,3
tblCulture.csv,tattoo,date,M033,25/01/1994,3
tblCulture.csv,tattoo,date,M033,26/05/1993,3
tblCulture.csv,tattoo,date,M034,02/08/1994,3
tblCulture.csv,tattoo,date,M034,03/08/1993,2
tblCulture.csv,tattoo,date,M034,03/09/1996,3
tblCulture.csv,tattoo,date,M034,05/08/1997,4
tblCulture.csv,tattoo,date,M034,08/08/1995,3
tblCulture.csv,tattoo,date,M034,12/10/1993,3
tblCulture.csv,tattoo,date,M034,15/07/1998,3
tblCulture.csv,tattoo,date,M034,19/09/1995,2
tblCulture.csv,tattoo,date,M034,20/06/1995,3
tblCulture.csv,tattoo,date,M034,22/07/1997,4
tblCulture.csv,tattoo,date,M034,22/10/1996,3
tblCulture.csv,tattoo,date,M034,25/01/1994,2
tblCulture.csv,tattoo,date,M034,25/06/1996,3
tblCulture.csv,tattoo,date,M034,26/05/1993,3
tblCulture.csv,tattoo,date,M035,04/07/1995,3
tblCulture.csv,tattoo,date,M035,07/06/1993,3
tblCulture.csv,tattoo,date,M035,08/02/1994,3
tblCulture.csv,tattoo,date,M035,09/07/1996,3
tblCulture.csv,tattoo,date,M035,11/08/1998,3
tblCulture.csv,tattoo,date,M035,16/08/1994,3
tblCulture.csv,tattoo,date,M035,17/06/1998,3
tblCulture.csv,tattoo,date,M035,17/08/1993,3
tblCulture.csv,tattoo,date,M035,17/09/1996,3
tblCulture.csv,tattoo,date,M035,20/08/2002,3
tblCulture.csv,tattoo,date,M035,21/06/1994,3
tblCulture.csv,tattoo,date,M035,21/06/2000,2
tblCulture.csv,tattoo,date,M035,23/07/1997,3
tblCulture.csv,tattoo,date,M035,25/06/1997,2
tblCulture.csv,tattoo,date,M036,01/11/1994,3
tblCulture.csv,tattoo,date,M036,07/06/1993,3
tblCulture.csv,tattoo,date,M036,08/02/1994,3
tblCulture.csv,tattoo,date,M036,09/07/1996,4
tblCulture.csv,tattoo,date,M036,14/02/1995,3
tblCulture.csv,tattoo,date,M036,16/08/1994,3
tblCulture.csv,tattoo,date,M036,17/08/1993,3
tblCulture.csv,tattoo,date,M036,17/09/1996,4
tblCulture.csv,tattoo,date,M036,21/06/1994,3
tblCulture.csv,tattoo,date,M036,22/08/1995,3
tblCulture.csv,tattoo,date,M036,23/07/1997,3
tblCulture.csv,tattoo,date,M036,24/06/1997,3
tblCulture.csv,tattoo,date,M036,26/10/1993,3
tblCulture.csv,tattoo,date,M036,30/01/1996,4
tblCulture.csv,tattoo,date,M037,01/11/1994,3
tblCulture.csv,tattoo,date,M037,03/08/1999,3
tblCulture.csv,tattoo,date,M037,08/02/1994,3
tblCulture.csv,tattoo,date,M037,08/06/1993,3
tblCulture.csv,tattoo,date,M037,09/07/1996,3
tblCulture.csv,tattoo,date,M037,11/08/1998,3
tblCulture.csv,tattoo,date,M037,14/02/1995,4
tblCulture.csv,tattoo,date,M037,17/08/1993,3
tblCulture.csv,tattoo,date,M037,17/09/1996,3
tblCulture.csv,tattoo,date,M037,21/02/2001,5
tblCulture.csv,tattoo,date,M037,22/06/1999,3
tblCulture.csv,tattoo,date,M037,23/08/1995,3
tblCulture.csv,tattoo,date,M037,26/10/1993,3
tblCulture.csv,tattoo,date,M037,26/11/1996,3
tblCulture.csv,tattoo,date,M037,27/10/1999,3
tblCulture.csv,tattoo,date,M037,29/11/2000,3
tblCulture.csv,tattoo,date,M038,08/06/1993,3
tblCulture.csv,tattoo,date,M039,08/06/1993,3
tblCulture.csv,tattoo,date,M040,08/06/1993,3
tblCulture.csv,tattoo,date,M041,08/06/1993,3
tblCulture.csv,tattoo,date,M041,17/08/1993,2
tblCulture.csv,tattoo,date,M041,26/10/1993,3
tblCulture.csv,tattoo,date,M042,08/02/1994,3
tblCulture.csv,tattoo,date,M042,08/06/1993,3
tblCulture.csv,tattoo,date,M042,09/07/1996,3
tblCulture.csv,tattoo,date,M042,17/08/1993,3
tblCulture.csv,tattoo,date,M042,17/09/1996,3
tblCulture.csv,tattoo,date,M042,26/10/1993,3
tblCulture.csv,tattoo,date,M043,01/11/1994,3
tblCulture.csv,tattoo,date,M043,04/02/1998,4
tblCulture.csv,tattoo,date,M043,04/07/1995,3
tblCulture.csv,tattoo,date,M043,08/02/1994,2
tblCulture.csv,tattoo,date,M043,08/06/1993,3
tblCulture.csv,tattoo,date,M043,09/07/1996,3
tblCulture.csv,tattoo,date,M043,10/09/1997,2
tblCulture.csv,tattoo,date,M043,14/02/1995,3
tblCulture.csv,tattoo,date,M043,16/08/1994,2
tblCulture.csv,tattoo,date,M043,17/08/1993,3
tblCulture.csv,tattoo,date,M043,22/06/1994,3
tblCulture.csv,tattoo,date,M043,22/08/1995,3
tblCulture.csv,tattoo,date,M043,24/06/1997,2
tblCulture.csv,tattoo,date,M043,26/10/1993,2
tblCulture.csv,tattoo,date,M044,08/02/1994,3
tblCulture.csv,tattoo,date,M044,08/06/1993,3
tblCulture.csv,tattoo,date,M044,17/08/1993,3
tblCulture.csv,tattoo,date,M044,21/06/1994,3
tblCulture.csv,tattoo,date,M045,05/07/1995,3
tblCulture.csv,tattoo,date,M045,08/02/1994,3
tblCulture.csv,tattoo,date,M045,08/06/1993,3
tblCulture.csv,tattoo,date,M045,09/07/1996,3
tblCulture.csv,tattoo,date,M045,09/09/1997,3
tblCulture.csv,tattoo,date,M045,14/02/1995,3
tblCulture.csv,tattoo,date,M045,17/08/1994,3
tblCulture.csv,tattoo,date,M045,17/09/1996,3
tblCulture.csv,tattoo,date,M045,21/06/1994,2
tblCulture.csv,tattoo,date,M045,22/08/1995,2
tblCulture.csv,tattoo,date,M045,26/10/1993,3
tblCulture.csv,tattoo,date,M046,08/06/1993,3
tblCulture.csv,tattoo,date,M047,08/02/1994,3
tblCulture.csv,tattoo,date,M047,08/06/1993,3
tblCulture.csv,tattoo,date,M047,17/09/1996,2
tblCulture.csv,tattoo,date,M047,18/08/1993,2
tblCulture.csv,tattoo,date,M048,08/02/1994,2
tblCulture.csv,tattoo,date,M048,08/06/1993,3
tblCulture.csv,tattoo,date,M048,16/08/1994,3
tblCulture.csv,tattoo,date,M048,17/08/1993,3
tblCulture.csv,tattoo,date,M048,26/10/1993,3
tblCulture.csv,tattoo,date,M049,08/06/1993,3
tblCulture.csv,tattoo,date,M050,01/11/1994,3
tblCulture.csv,tattoo,date,M050,04/07/1995,3
tblCulture.csv,tattoo,date,M050,08/02/1994,3
tblCulture.csv,tattoo,date,M050,08/06/1993,3
tblCulture.csv,tattoo,date,M050,16/08/1994,3
tblCulture.csv,tattoo,date,M050,17/08/1993,2
tblCulture.csv,tattoo,date,M050,22/06/1994,3
tblCulture.csv,tattoo,date,M050,22/08/1995,4
tblCulture.csv,tattoo,date,M051,01/11/1994,3
tblCulture.csv,tattoo,date,M051,08/02/1994,2
tblCulture.csv,tattoo,date,M051,09/06/1993,2
tblCulture.csv,tattoo,date,M051,21/06/1994,3
tblCulture.csv,tattoo,date,M052,01/11/1994,3
tblCulture.csv,tattoo,date,M052,04/07/1995,3
tblCulture.csv,tattoo,date,M052,08/02/1994,3
tblCulture.csv,tattoo,date,M052,09/06/1993,3
tblCulture.csv,tattoo,date,M052,09/07/1996,3
tblCulture.csv,tattoo,date,M052,10/09/1997,4
tblCulture.csv,tattoo,date,M052,14/02/1995,4
tblCulture.csv,tattoo,date,M052,16/08/1994,3
tblCulture.csv,tattoo,date,M052,17/08/1993,3
tblCulture.csv,tattoo,date,M052,17/09/1996,3
tblCulture.csv,tattoo,date,M052,21/06/1994,3
tblCulture.csv,tattoo,date,M052,22/07/1997,3
tblCulture.csv,tattoo,date,M052,22/08/1995,3
tblCulture.csv,tattoo,date,M052,23/09/1998,3
tblCulture.csv,tattoo,date,M052,26/10/1993,2
tblCulture.csv,tattoo,date,M053,09/06/1993,3
tblCulture.csv,tattoo,date,M054,09/06/1993,3
tblCulture.csv,tattoo,date,M055,01/10/1996,3
tblCulture.csv,tattoo,date,M055,05/09/1995,3
tblCulture.csv,tattoo,date,M055,06/07/1994,3
tblCulture.csv,tattoo,date,M055,06/09/1994,3
tblCulture.csv,tattoo,date,M055,07/09/1993,3
tblCulture.csv,tattoo,date,M055,08/09/1998,3
tblCulture.csv,tattoo,date,M055,08/10/1997,2
tblCulture.csv,tattoo,date,M055,09/07/1997,3
tblCulture.csv,tattoo,date,M055,09/11/1993,3
tblCulture.csv,tattoo,date,M055,16/10/1995,3
tblCulture.csv,tattoo,date,M055,18/07/1995,3
tblCulture.csv,tattoo,date,M055,19/07/1994,3
tblCulture.csv,tattoo,date,M055,22/06/1993,3
tblCulture.csv,tattoo,date,M055,24/07/1996,3
tblCulture.csv,tattoo,date,M056,05/07/1994,3
tblCulture.csv,tattoo,date,M056,05/09/1995,3
tblCulture.csv,tattoo,date,M056,06/09/1994,3
tblCulture.csv,tattoo,date,M056,07/09/1993,3
tblCulture.csv,tattoo,date,M056,09/11/1993,2
tblCulture.csv,tattoo,date,M056,15/11/1994,3
tblCulture.csv,tattoo,date,M056,18/07/1995,3
tblCulture.csv,tattoo,date,M056,19/07/1994,3
tblCulture.csv,tattoo,date,M056,22/02/1994,3
tblCulture.csv,tattoo,date,M056,22/06/1993,3
tblCulture.csv,tattoo,date,M057,09/11/1993,3
tblCulture.csv,tattoo,date,M057,16/11/1994,3
tblCulture.csv,tattoo,date,M057,22/06/1993,2
tblCulture.csv,tattoo,date,M058,02/10/2001,3
tblCulture.csv,tattoo,date,M058,03/08/1999,3
tblCulture.csv,tattoo,date,M058,05/07/1994,3
tblCulture.csv,tattoo,date,M058,05/09/1995,3
tblCulture.csv,tattoo,date,M058,06/09/1994,3
tblCulture.csv,tattoo,date,M058,09/09/1997,4
tblCulture.csv,tattoo,date,M058,13/02/1996,3
tblCulture.csv,tattoo,date,M058,17/09/1996,3
tblCulture.csv,tattoo,date,M058,17/10/1995,3
tblCulture.csv,tattoo,date,M058,18/07/1995,3
tblCulture.csv,tattoo,date,M058,22/06/1993,3
tblCulture.csv,tattoo,date,M058,22/06/1999,3
tblCulture.csv,tattoo,date,M058,22/08/2000,3
tblCulture.csv,tattoo,date,M058,23/07/1996,3
tblCulture.csv,tattoo,date,M058,26/06/2001,2
tblCulture.csv,tattoo,date,M058,28/02/1995,3
tblCulture.csv,tattoo,date,M058,31/10/2000,3
tblCulture.csv,tattoo,date,M059,01/03/1995,3
tblCulture.csv,tattoo,date,M059,05/07/1994,3
tblCulture.csv,tattoo,date,M059,05/07/2000,3
tblCulture.csv,tattoo,date,M059,06/09/1994,3
tblCulture.csv,tattoo,date,M059,07/09/1999,3
tblCulture.csv,tattoo,date,M059,07/10/1997,3
tblCulture.csv,tattoo,date,M059,08/07/1997,4
tblCulture.csv,tattoo,date,M059,10/11/1999,3
tblCulture.csv,tattoo,date,M059,12/06/2001,3
tblCulture.csv,tattoo,date,M059,16/10/1995,3
tblCulture.csv,tattoo,date,M059,19/07/1995,3
tblCulture.csv,tattoo,date,M059,19/09/2001,2
tblCulture.csv,tattoo,date,M059,22/06/1993,3
tblCulture.csv,tattoo,date,M060,01/03/1995,4
tblCulture.csv,tattoo,date,M060,06/07/1994,2
tblCulture.csv,tattoo,date,M060,07/09/1993,3
tblCulture.csv,tattoo,date,M060,09/11/1993,3
tblCulture.csv,tattoo,date,M060,22/02/1994,3
tblCulture.csv,tattoo,date,M060,22/06/1993,3
tblCulture.csv,tattoo,date,M061,02/10/1996,3
tblCulture.csv,tattoo,date,M061,06/07/1994,3
tblCulture.csv,tattoo,date,M061,07/09/1993,2
tblCulture.csv,tattoo,date,M061,07/09/1994,3
tblCulture.csv,tattoo,date,M061,08/09/1999,3
tblCulture.csv,tattoo,date,M061,09/07/1997,3
tblCulture.csv,tattoo,date,M061,16/10/1995,3
tblCulture.csv,tattoo,date,M061,18/07/1995,3
tblCulture.csv,tattoo,date,M061,18/09/2001,2
tblCulture.csv,tattoo,date,M061,22/06/1993,2
tblCulture.csv,tattoo,date,M061,23/07/1996,2
tblCulture.csv,tattoo,date,M062,06/09/1994,3
tblCulture.csv,tattoo,date,M062,08/09/1993,3
tblCulture.csv,tattoo,date,M062,10/11/1993,3
tblCulture.csv,tattoo,date,M062,15/11/1994,3
tblCulture.csv,tattoo,date,M062,17/08/1993,3
tblCulture.csv,tattoo,date,M062,22/02/1994,3
tblCulture.csv,tattoo,date,M062,22/06/1993,3
tblCulture.csv,tattoo,date,M063,07/09/1993,3
tblCulture.csv,tattoo,date,M063,22/06/1993,2
tblCulture.csv,tattoo,date,M064,03/09/2003,2
tblCulture.csv,tattoo,date,M064,07/08/2001,3
tblCulture.csv,tattoo,date,M064,07/09/1993,3
tblCulture.csv,tattoo,date,M064,07/09/1994,3
tblCulture.csv,tattoo,date,M064,07/10/1997,3
tblCulture.csv,tattoo,date,M064,08/09/1998,2
tblCulture.csv,tattoo,date,M064,08/09/1999,3
tblCulture.csv,tattoo,date,M064,14/02/1996,3
tblCulture.csv,tattoo,date,M064,19/09/2000,3
tblCulture.csv,tattoo,date,M064,20/11/2002,2
tblCulture.csv,tattoo,date,M064,22/02/1994,2
tblCulture.csv,tattoo,date,M064,22/06/1993,3
tblCulture.csv,tattoo,date,M064,24/07/1996,3
tblCulture.csv,tattoo,date,M064,28/02/1995,2
tblCulture.csv,tattoo,date,M064,30/06/1998,2
tblCulture.csv,tattoo,date,M064,30/11/1994,3
tblCulture.csv,tattoo,date,M065,07/09/1993,3
tblCulture.csv,tattoo,date,M065,09/11/1993,3
tblCulture.csv,tattoo,date,M065,22/06/1993,3
tblCulture.csv,tattoo,date,M066,23/06/1993,3
tblCulture.csv,tattoo,date,M068,02/10/1996,4
tblCulture.csv,tattoo,date,M068,05/07/1994,2
tblCulture.csv,tattoo,date,M068,05/09/1995,3
tblCulture.csv,tattoo,date,M068,06/09/1994,3
tblCulture.csv,tattoo,date,M068,07/09/1993,3
tblCulture.csv,tattoo,date,M068,07/10/1997,3
tblCulture.csv,tattoo,date,M068,08/09/1999,4
tblCulture.csv,tattoo,date,M068,12/01/1999,4
tblCulture.csv,tattoo,date,M068,13/02/1996,3
tblCulture.csv,tattoo,date,M068,16/11/1994,3
tblCulture.csv,tattoo,date,M068,17/02/1998,4
tblCulture.csv,tattoo,date,M068,18/09/1996,4
tblCulture.csv,tattoo,date,M068,19/07/1995,3
tblCulture.csv,tattoo,date,M068,22/02/1994,2
tblCulture.csv,tattoo,date,M068,23/06/1993,2
tblCulture.csv,tattoo,date,M068,23/07/1996,4
tblCulture.csv,tattoo,date,M068,30/06/1998,4
tblCulture.csv,tattoo,date,M069,23/06/1993,3
tblCulture.csv,tattoo,date,M070,23/06/1993,2
tblCulture.csv,tattoo,date,M071,06/07/1994,2
tblCulture.csv,tattoo,date,M071,06/09/1994,3
tblCulture.csv,tattoo,date,M071,17/10/1995,3
tblCulture.csv,tattoo,date,M071,23/06/1993,2
tblCulture.csv,tattoo,date,M072,01/07/1998,3
tblCulture.csv,tattoo,date,M072,03/09/2003,3
tblCulture.csv,tattoo,date,M072,04/07/2000,3
tblCulture.csv,tattoo,date,M072,05/07/1994,3
tblCulture.csv,tattoo,date,M072,06/07/2004,3
tblCulture.csv,tattoo,date,M072,06/09/1994,3
tblCulture.csv,tattoo,date,M072,07/09/1993,3
tblCulture.csv,tattoo,date,M072,07/09/1999,3
tblCulture.csv,tattoo,date,M072,08/09/1998,3
tblCulture.csv,tattoo,date,M072,09/07/2002,2
tblCulture.csv,tattoo,date,M072,09/08/1995,3
tblCulture.csv,tattoo,date,M072,10/09/2002,3
tblCulture.csv,tattoo,date,M072,13/06/2001,2
tblCulture.csv,tattoo,date,M072,15/11/1994,3
tblCulture.csv,tattoo,date,M072,16/10/1995,3
tblCulture.csv,tattoo,date,M072,18/10/2000,2
tblCulture.csv,tattoo,date,M072,23/06/1993,3
tblCulture.csv,tattoo,date,M072,23/07/1996,3
tblCulture.csv,tattoo,date,M072,25/11/2003,3
tblCulture.csv,tattoo,date,M073,06/07/1993,3
tblCulture.csv,tattoo,date,M073,08/03/1994,3
tblCulture.csv,tattoo,date,M073,19/07/1994,3
tblCulture.csv,tattoo,date,M073,20/09/1994,3
tblCulture.csv,tattoo,date,M073,22/07/1997,3
tblCulture.csv,tattoo,date,M073,25/10/1995,3
tblCulture.csv,tattoo,date,M073,28/09/1993,3
tblCulture.csv,tattoo,date,M073,31/07/1996,3
tblCulture.csv,tattoo,date,M074,06/07/1993,2
tblCulture.csv,tattoo,date,M074,28/09/1993,3
tblCulture.csv,tattoo,date,M074,30/11/1993,3
tblCulture.csv,tattoo,date,M075,06/07/1993,2
tblCulture.csv,tattoo,date,M075,08/03/1994,3
tblCulture.csv,tattoo,date,M075,19/07/1994,3
tblCulture.csv,tattoo,date,M075,30/11/1993,3
tblCulture.csv,tattoo,date,M076,06/07/1993,2
tblCulture.csv,tattoo,date,M076,28/09/1993,3
tblCulture.csv,tattoo,date,M077,06/07/1993,3
tblCulture.csv,tattoo,date,M077,09/03/1994,3
tblCulture.csv,tattoo,date,M077,19/07/1994,2
tblCulture.csv,tattoo,date,M077,20/09/1994,3
tblCulture.csv,tattoo,date,M077,29/09/1993,2
tblCulture.csv,tattoo,date,M077,30/11/1993,3
tblCulture.csv,tattoo,date,M078,01/12/1993,3
tblCulture.csv,tattoo,date,M078,06/07/1993,3
tblCulture.csv,tattoo,date,M078,08/03/1994,3
tblCulture.csv,tattoo,date,M078,19/07/1994,3
tblCulture.csv,tattoo,date,M078,20/09/1994,3
tblCulture.csv,tattoo,date,M078,22/07/1997,3
tblCulture.csv,tattoo,date,M078,25/07/1995,3
tblCulture.csv,tattoo,date,M078,28/09/1993,3
tblCulture.csv,tattoo,date,M078,30/07/1996,3
tblCulture.csv,tattoo,date,M079,01/12/1993,2
tblCulture.csv,tattoo,date,M079,06/07/1993,3
tblCulture.csv,tattoo,date,M080,07/07/1993,3
tblCulture.csv,tattoo,date,M081,07/07/1993,2
tblCulture.csv,tattoo,date,M082,07/07/1993,2
tblCulture.csv,tattoo,date,M082,16/11/1994,3
tblCulture.csv,tattoo,date,M082,19/07/1994,3
tblCulture.csv,tattoo,date,M082,28/09/1993,2
tblCulture.csv,tattoo,date,M083,01/12/1993,3
tblCulture.csv,tattoo,date,M083,07/07/1993,2
tblCulture.csv,tattoo,date,M083,08/03/1994,3
tblCulture.csv,tattoo,date,M083,19/07/1994,2
tblCulture.csv,tattoo,date,M083,20/09/1994,3
tblCulture.csv,tattoo,date,M083,23/07/1997,3
tblCulture.csv,tattoo,date,M083,25/07/1995,3
tblCulture.csv,tattoo,date,M083,28/09/1993,3
tblCulture.csv,tattoo,date,M083,29/11/1994,3
tblCulture.csv,tattoo,date,M083,30/07/1996,3
tblCulture.csv,tattoo,date,M084,01/12/1993,3
tblCulture.csv,tattoo,date,M084,07/07/1993,2
tblCulture.csv,tattoo,date,M084,08/03/1994,3
tblCulture.csv,tattoo,date,M084,19/07/1994,3
tblCulture.csv,tattoo,date,M084,20/09/1994,3
tblCulture.csv,tattoo,date,M084,25/07/1995,3
tblCulture.csv,tattoo,date,M084,28/09/1993,3
tblCulture.csv,tattoo,date,M085,11/01/1994,3
tblCulture.csv,tattoo,date,M085,14/09/1993,3
tblCulture.csv,tattoo,date,M085,20/07/1993,3
tblCulture.csv,tattoo,date,M085,25/05/1994,3
tblCulture.csv,tattoo,date,M086,20/07/1993,3
tblCulture.csv,tattoo,date,M087,11/01/1994,3
tblCulture.csv,tattoo,date,M087,14/09/1993,3
tblCulture.csv,tattoo,date,M087,20/07/1993,3
tblCulture.csv,tattoo,date,M087,25/05/1994,3
tblCulture.csv,tattoo,date,M087,27/07/1994,5
tblCulture.csv,tattoo,date,M088,04/10/1994,2
tblCulture.csv,tattoo,date,M088,11/01/1994,2
tblCulture.csv,tattoo,date,M088,14/09/1993,3
tblCulture.csv,tattoo,date,M088,20/07/1993,3
tblCulture.csv,tattoo,date,M088,24/05/1994,2
tblCulture.csv,tattoo,date,M088,26/07/1994,3
tblCulture.csv,tattoo,date,M089,04/10/1994,2
tblCulture.csv,tattoo,date,M089,15/09/1993,3
tblCulture.csv,tattoo,date,M089,21/07/1993,2
tblCulture.csv,tattoo,date,M089,25/05/1994,3
tblCulture.csv,tattoo,date,M089,26/07/1994,3
tblCulture.csv,tattoo,date,M090,04/10/1994,3
tblCulture.csv,tattoo,date,M090,11/01/1994,3
tblCulture.csv,tattoo,date,M090,14/09/1993,3
tblCulture.csv,tattoo,date,M090,21/07/1993,3
tblCulture.csv,tattoo,date,M090,27/07/1994,3
tblCulture.csv,tattoo,date,M091,11/01/1994,3
tblCulture.csv,tattoo,date,M091,15/09/1993,3
tblCulture.csv,tattoo,date,M091,21/07/1993,3
tblCulture.csv,tattoo,date,M091,26/11/2003,4
tblCulture.csv,tattoo,date,M091,27/07/1994,3
tblCulture.csv,tattoo,date,M092,02/08/1994,3
tblCulture.csv,tattoo,date,M092,03/08/1993,3
tblCulture.csv,tattoo,date,M092,03/09/1996,3
tblCulture.csv,tattoo,date,M092,06/08/1997,2
tblCulture.csv,tattoo,date,M092,07/06/1994,3
tblCulture.csv,tattoo,date,M092,12/10/1993,3
tblCulture.csv,tattoo,date,M092,19/10/1994,3
tblCulture.csv,tattoo,date,M092,21/06/1995,3
tblCulture.csv,tattoo,date,M092,25/06/1996,3
tblCulture.csv,tattoo,date,M092,28/07/1998,2
tblCulture.csv,tattoo,date,M092,31/01/1995,3
tblCulture.csv,tattoo,date,M093,03/08/1993,3
tblCulture.csv,tattoo,date,M093,07/06/1994,2
tblCulture.csv,tattoo,date,M093,08/08/1995,3
tblCulture.csv,tattoo,date,M093,12/10/1993,3
tblCulture.csv,tattoo,date,M093,19/10/1994,3
tblCulture.csv,tattoo,date,M093,20/06/1995,2
tblCulture.csv,tattoo,date,M093,31/01/1995,2
tblCulture.csv,tattoo,date,M094,02/08/1994,3
tblCulture.csv,tattoo,date,M094,03/08/1993,3
tblCulture.csv,tattoo,date,M094,05/08/1997,3
tblCulture.csv,tattoo,date,M094,05/08/2003,3
tblCulture.csv,tattoo,date,M094,05/09/2000,3
tblCulture.csv,tattoo,date,M094,07/06/1994,3
tblCulture.csv,tattoo,date,M094,12/10/1993,3
tblCulture.csv,tattoo,date,M094,14/05/2003,2
tblCulture.csv,tattoo,date,M094,18/10/1994,3
tblCulture.csv,tattoo,date,M094,20/05/1998,3
tblCulture.csv,tattoo,date,M094,21/06/1995,3
tblCulture.csv,tattoo,date,M094,21/07/1999,3
tblCulture.csv,tattoo,date,M094,25/01/1994,3
tblCulture.csv,tattoo,date,M094,25/05/1999,3
tblCulture.csv,tattoo,date,M094,25/05/2004,3
tblCulture.csv,tattoo,date,M094,25/06/1996,3
tblCulture.csv,tattoo,date,M094,29/07/1998,3
tblCulture.csv,tattoo,date,M094,31/01/1995,3
tblCulture.csv,tattoo,date,M095,03/08/1993,2
tblCulture.csv,tattoo,date,M095,07/06/1994,3
tblCulture.csv,tattoo,date,M095,19/10/1994,3
tblCulture.csv,tattoo,date,M095,25/01/1994,2
tblCulture.csv,tattoo,date,M096,03/08/1993,3
tblCulture.csv,tattoo,date,M096,08/06/1994,3
tblCulture.csv,tattoo,date,M096,21/06/1995,3
tblCulture.csv,tattoo,date,M096,25/01/1994,3
tblCulture.csv,tattoo,date,M097,03/08/1993,2
tblCulture.csv,tattoo,date,M097,04/09/1996,3
tblCulture.csv,tattoo,date,M097,05/07/1999,5
tblCulture.csv,tattoo,date,M097,06/08/1997,3
tblCulture.csv,tattoo,date,M097,08/08/1995,4
tblCulture.csv,tattoo,date,M097,18/10/1994,3
tblCulture.csv,tattoo,date,M097,20/09/1995,3
tblCulture.csv,tattoo,date,M097,21/05/1997,2
tblCulture.csv,tattoo,date,M097,21/06/1995,3
tblCulture.csv,tattoo,date,M097,25/06/1996,3
tblCulture.csv,tattoo,date,M098,04/08/1993,3
tblCulture.csv,tattoo,date,M099,02/08/1994,3
tblCulture.csv,tattoo,date,M099,04/08/1993,2
tblCulture.csv,tattoo,date,M099,08/08/1995,2
tblCulture.csv,tattoo,date,M099,12/08/1998,2
tblCulture.csv,tattoo,date,M099,14/07/1998,2
tblCulture.csv,tattoo,date,M099,19/11/1997,2
tblCulture.csv,tattoo,date,M099,23/09/1997,4
tblCulture.csv,tattoo,date,M099,23/09/1998,3
tblCulture.csv,tattoo,date,M099,26/06/1996,3
tblCulture.csv,tattoo,date,M099,29/01/1997,3
tblCulture.csv,tattoo,date,M099,31/01/1995,4
tblCulture.csv,tattoo,date,M100,17/08/1993,3
tblCulture.csv,tattoo,date,M100,26/10/1993,3
tblCulture.csv,tattoo,date,M101,17/08/1993,3
tblCulture.csv,tattoo,date,M102,17/08/1993,3
tblCulture.csv,tattoo,date,M103,17/08/1993,3
tblCulture.csv,tattoo,date,M104,03/10/1995,3
tblCulture.csv,tattoo,date,M104,04/08/1999,3
tblCulture.csv,tattoo,date,M104,09/07/1996,3
tblCulture.csv,tattoo,date,M104,10/09/1997,3
tblCulture.csv,tattoo,date,M104,12/08/1998,3
tblCulture.csv,tattoo,date,M104,14/02/1995,3
tblCulture.csv,tattoo,date,M104,18/08/1993,3
tblCulture.csv,tattoo,date,M104,22/06/1999,3
tblCulture.csv,tattoo,date,M104,22/08/1995,3
tblCulture.csv,tattoo,date,M105,01/11/1994,3
tblCulture.csv,tattoo,date,M105,03/10/1995,3
tblCulture.csv,tattoo,date,M105,04/07/1995,3
tblCulture.csv,tattoo,date,M105,08/02/1994,3
tblCulture.csv,tattoo,date,M105,09/07/1996,4
tblCulture.csv,tattoo,date,M105,14/02/1995,3
tblCulture.csv,tattoo,date,M105,16/08/1994,2
tblCulture.csv,tattoo,date,M105,18/08/1993,3
tblCulture.csv,tattoo,date,M105,22/06/1994,3
tblCulture.csv,tattoo,date,M105,22/08/1995,3
tblCulture.csv,tattoo,date,M105,26/10/1993,3
tblCulture.csv,tattoo,date,M105,30/01/1996,3
tblCulture.csv,tattoo,date,M106,07/09/1993,3
tblCulture.csv,tattoo,date,M106,08/07/1997,4
tblCulture.csv,tattoo,date,M106,09/11/1993,3
tblCulture.csv,tattoo,date,M107,02/10/1996,3
tblCulture.csv,tattoo,date,M107,04/07/2000,3
tblCulture.csv,tattoo,date,M107,05/07/1994,3
tblCulture.csv,tattoo,date,M107,05/09/1995,3
tblCulture.csv,tattoo,date,M107,07/09/1993,3
tblCulture.csv,tattoo,date,M107,07/09/1994,3
tblCulture.csv,tattoo,date,M107,08/07/1997,2
tblCulture.csv,tattoo,date,M107,08/09/1999,3
tblCulture.csv,tattoo,date,M107,09/11/1999,3
tblCulture.csv,tattoo,date,M107,10/11/1993,3
tblCulture.csv,tattoo,date,M107,14/02/1996,3
tblCulture.csv,tattoo,date,M107,17/10/2000,3
tblCulture.csv,tattoo,date,M107,18/07/1995,3
tblCulture.csv,tattoo,date,M107,23/07/1996,2
tblCulture.csv,tattoo,date,M107,28/02/1995,3
tblCulture.csv,tattoo,date,M108,01/10/1996,3
tblCulture.csv,tattoo,date,M108,05/09/1995,3
tblCulture.csv,tattoo,date,M108,06/07/1994,3
tblCulture.csv,tattoo,date,M108,06/07/1999,3
tblCulture.csv,tattoo,date,M108,06/09/1994,3
tblCulture.csv,tattoo,date,M108,07/09/1993,2
tblCulture.csv,tattoo,date,M108,07/09/1999,3
tblCulture.csv,tattoo,date,M108,09/07/1997,5
tblCulture.csv,tattoo,date,M108,09/09/1998,3
tblCulture.csv,tattoo,date,M108,09/11/1993,3
tblCulture.csv,tattoo,date,M108,09/11/1999,3
tblCulture.csv,tattoo,date,M108,14/02/1996,3
tblCulture.csv,tattoo,date,M108,16/10/1995,3
tblCulture.csv,tattoo,date,M108,18/07/1995,3
tblCulture.csv,tattoo,date,M108,23/07/1996,3
tblCulture.csv,tattoo,date,M108,28/02/1995,3
tblCulture.csv,tattoo,date,M108,30/06/1998,3
tblCulture.csv,tattoo,date,M109,02/09/2003,3
tblCulture.csv,tattoo,date,M109,05/07/1994,4
tblCulture.csv,tattoo,date,M109,06/09/1994,3
tblCulture.csv,tattoo,date,M109,07/09/1993,3
tblCulture.csv,tattoo,date,M109,09/11/1993,3
tblCulture.csv,tattoo,date,M109,10/09/2002,3
tblCulture.csv,tattoo,date,M109,16/10/1995,3
tblCulture.csv,tattoo,date,M109,24/07/1996,3
tblCulture.csv,tattoo,date,M109,25/11/2003,2
tblCulture.csv,tattoo,date,M109,29/11/2000,3
tblCulture.csv,tattoo,date,M109,30/06/1998,2
tblCulture.csv,tattoo,date,M110,08/02/2000,3
tblCulture.csv,tattoo,date,M110,08/07/1997,3
tblCulture.csv,tattoo,date,M110,08/09/1993,3
tblCulture.csv,tattoo,date,M110,17/02/1998,4
tblCulture.csv,tattoo,date,M110,22/02/1994,5
tblCulture.csv,tattoo,date,M111,14/09/1993,3
tblCulture.csv,tattoo,date,M111,27/07/1994,3
tblCulture.csv,tattoo,date,M112,04/10/1994,3
tblCulture.csv,tattoo,date,M112,14/09/1993,3
tblCulture.csv,tattoo,date,M112,25/05/1994,3
tblCulture.csv,tattoo,date,M113,28/09/1993,3
tblCulture.csv,tattoo,date,M114,12/10/1993,3
tblCulture.csv,tattoo,date,M114,25/01/1994,2
tblCulture.csv,tattoo,date,M115,03/12/1996,4
tblCulture.csv,tattoo,date,M115,07/10/1998,4
tblCulture.csv,tattoo,date,M115,12/10/1993,2
tblCulture.csv,tattoo,date,M115,14/01/1997,4
tblCulture.csv,tattoo,date,M115,19/05/1998,4
tblCulture.csv,tattoo,date,M115,19/09/1995,3
tblCulture.csv,tattoo,date,M115,21/01/1998,3
tblCulture.csv,tattoo,date,M115,21/10/1997,4
tblCulture.csv,tattoo,date,M115,30/03/1999,2
tblCulture.csv,tattoo,date,M115,30/07/1996,3
tblCulture.csv,tattoo,date,M116,08/03/1994,2
tblCulture.csv,tattoo,date,M116,20/07/1994,3
tblCulture.csv,tattoo,date,M116,23/07/1997,3
tblCulture.csv,tattoo,date,M116,29/11/1994,3
tblCulture.csv,tattoo,date,M116,30/11/1993,3
tblCulture.csv,tattoo,date,N001,03/02/1984,2
tblCulture.csv,tattoo,date,N001,06/11/1985,2
tblCulture.csv,tattoo,date,N001,14/02/1984,3
tblCulture.csv,tattoo,date,N001,16/05/1984,2
tblCulture.csv,tattoo,date,N002,14/02/1984,4
tblCulture.csv,tattoo,date,N003,05/06/1990,3
tblCulture.csv,tattoo,date,N003,07/06/1989,3
tblCulture.csv,tattoo,date,N003,08/06/1993,3
tblCulture.csv,tattoo,date,N003,10/02/1992,2
tblCulture.csv,tattoo,date,N003,11/05/1987,2
tblCulture.csv,tattoo,date,N003,11/11/1986,2
tblCulture.csv,tattoo,date,N003,12/05/1986,4
tblCulture.csv,tattoo,date,N003,14/02/1984,5
tblCulture.csv,tattoo,date,N003,15/05/1984,3
tblCulture.csv,tattoo,date,N003,18/06/1991,3
tblCulture.csv,tattoo,date,N003,21/10/1992,3
tblCulture.csv,tattoo,date,N004,02/08/1994,3
tblCulture.csv,tattoo,date,N004,03/08/1993,3
tblCulture.csv,tattoo,date,N004,04/06/1991,3
tblCulture.csv,tattoo,date,N004,06/10/1992,3
tblCulture.csv,tattoo,date,N004,06/12/1988,3
tblCulture.csv,tattoo,date,N004,08/06/1994,2
tblCulture.csv,tattoo,date,N004,14/02/1984,2
tblCulture.csv,tattoo,date,N004,16/10/1990,3
tblCulture.csv,tattoo,date,N004,17/01/1986,2
tblCulture.csv,tattoo,date,N004,18/10/1989,3
tblCulture.csv,tattoo,date,N004,20/03/1989,3
tblCulture.csv,tattoo,date,N004,22/05/1990,2
tblCulture.csv,tattoo,date,N004,26/01/1993,3
tblCulture.csv,tattoo,date,N004,26/05/1993,3
tblCulture.csv,tattoo,date,N004,30/10/1991,2
tblCulture.csv,tattoo,date,N005,14/02/1984,7
tblCulture.csv,tattoo,date,N006,15/02/1984,5
tblCulture.csv,tattoo,date,N007,03/09/1991,4
tblCulture.csv,tattoo,date,N007,05/11/1985,3
tblCulture.csv,tattoo,date,N007,06/11/1984,3
tblCulture.csv,tattoo,date,N007,10/11/1987,3
tblCulture.csv,tattoo,date,N007,12/05/1986,3
tblCulture.csv,tattoo,date,N007,15/05/1984,2
tblCulture.csv,tattoo,date,N007,15/08/1990,4
tblCulture.csv,tattoo,date,N007,19/08/1987,3
tblCulture.csv,tattoo,date,N007,21/06/1994,3
tblCulture.csv,tattoo,date,N007,21/10/1992,3
tblCulture.csv,tattoo,date,N007,24/05/1988,2
tblCulture.csv,tattoo,date,N007,31/07/1984,2
tblCulture.csv,tattoo,date,N007,31/10/1990,3
tblCulture.csv,tattoo,date,N008,06/11/1984,2
tblCulture.csv,tattoo,date,N008,12/05/1986,3
tblCulture.csv,tattoo,date,N008,14/08/1985,3
tblCulture.csv,tattoo,date,N008,15/05/1984,3
tblCulture.csv,tattoo,date,N008,19/02/1985,3
tblCulture.csv,tattoo,date,N008,20/05/1985,2
tblCulture.csv,tattoo,date,N008,31/07/1984,2
tblCulture.csv,tattoo,date,N009,15/05/1984,2
tblCulture.csv,tattoo,date,N010,15/05/1984,3
tblCulture.csv,tattoo,date,N010,31/07/1984,2
tblCulture.csv,tattoo,date,N011,15/05/1984,2
tblCulture.csv,tattoo,date,N012,06/11/1985,3
tblCulture.csv,tattoo,date,N012,07/11/1984,3
tblCulture.csv,tattoo,date,N012,15/05/1984,2
tblCulture.csv,tattoo,date,N012,20/05/1985,2
tblCulture.csv,tattoo,date,N013,06/11/1984,2
tblCulture.csv,tattoo,date,N013,15/05/1984,3
tblCulture.csv,tattoo,date,N013,21/05/1985,2
tblCulture.csv,tattoo,date,N013,31/07/1984,2
tblCulture.csv,tattoo,date,N014,15/05/1984,3
tblCulture.csv,tattoo,date,N015,15/05/1984,4
tblCulture.csv,tattoo,date,N016,01/11/1989,3
tblCulture.csv,tattoo,date,N016,06/06/1989,3
tblCulture.csv,tattoo,date,N016,06/09/1989,3
tblCulture.csv,tattoo,date,N016,06/11/1984,3
tblCulture.csv,tattoo,date,N016,08/02/1989,4
tblCulture.csv,tattoo,date,N016,10/02/1988,2
tblCulture.csv,tattoo,date,N016,11/02/1987,4
tblCulture.csv,tattoo,date,N016,11/11/1986,3
tblCulture.csv,tattoo,date,N016,11/11/1987,3
tblCulture.csv,tattoo,date,N016,12/05/1987,3
tblCulture.csv,tattoo,date,N016,12/08/1986,3
tblCulture.csv,tattoo,date,N016,15/05/1984,3
tblCulture.csv,tattoo,date,N016,15/08/1989,3
tblCulture.csv,tattoo,date,N016,15/08/1990,3
tblCulture.csv,tattoo,date,N016,19/02/1991,2
tblCulture.csv,tattoo,date,N016,19/06/1990,3
tblCulture.csv,tattoo,date,N016,20/05/1985,2
tblCulture.csv,tattoo,date,N016,20/06/1989,3
tblCulture.csv,tattoo,date,N016,27/02/1991,5
tblCulture.csv,tattoo,date,N016,31/07/1984,2
tblCulture.csv,tattoo,date,N017,15/05/1984,3
tblCulture.csv,tattoo,date,N018,07/11/1984,3
tblCulture.csv,tattoo,date,N018,15/05/1984,2
tblCulture.csv,tattoo,date,N018,17/02/1986,3
tblCulture.csv,tattoo,date,N018,18/12/1986,6
tblCulture.csv,tattoo,date,N018,21/05/1985,2
tblCulture.csv,tattoo,date,N018,31/07/1984,2
tblCulture.csv,tattoo,date,N019,05/06/1990,3
tblCulture.csv,tattoo,date,N019,06/11/1984,2
tblCulture.csv,tattoo,date,N019,09/02/1988,3
tblCulture.csv,tattoo,date,N019,11/11/1986,3
tblCulture.csv,tattoo,date,N019,13/05/1987,2
tblCulture.csv,tattoo,date,N019,13/08/1985,2
tblCulture.csv,tattoo,date,N019,14/05/1986,3
tblCulture.csv,tattoo,date,N019,14/08/1990,3
tblCulture.csv,tattoo,date,N019,15/05/1984,2
tblCulture.csv,tattoo,date,N019,31/05/1985,2
tblCulture.csv,tattoo,date,N019,31/07/1984,2
tblCulture.csv,tattoo,date,N019,31/10/1989,3
tblCulture.csv,tattoo,date,N020,02/08/1988,3
tblCulture.csv,tattoo,date,N020,02/08/1989,2
tblCulture.csv,tattoo,date,N020,06/06/1990,3
tblCulture.csv,tattoo,date,N020,06/11/1984,3
tblCulture.csv,tattoo,date,N020,07/02/1990,3
tblCulture.csv,tattoo,date,N020,08/02/1988,5
tblCulture.csv,tattoo,date,N020,08/02/1989,5
tblCulture.csv,tattoo,date,N020,09/02/1993,3
tblCulture.csv,tattoo,date,N020,10/05/1990,3
tblCulture.csv,tattoo,date,N020,11/11/1987,2
tblCulture.csv,tattoo,date,N020,12/08/1986,3
tblCulture.csv,tattoo,date,N020,12/11/1985,2
tblCulture.csv,tattoo,date,N020,14/08/1990,4
tblCulture.csv,tattoo,date,N020,15/05/1984,2
tblCulture.csv,tattoo,date,N020,16/08/1989,3
tblCulture.csv,tattoo,date,N020,18/08/1987,3
tblCulture.csv,tattoo,date,N020,19/02/1991,3
tblCulture.csv,tattoo,date,N020,20/05/1985,2
tblCulture.csv,tattoo,date,N020,30/05/1985,2
tblCulture.csv,tattoo,date,N020,30/10/1990,3
tblCulture.csv,tattoo,date,N020,31/07/1984,2
tblCulture.csv,tattoo,date,N021,16/05/1984,2
tblCulture.csv,tattoo,date,N022,16/05/1984,2
tblCulture.csv,tattoo,date,N022,21/06/1984,2
tblCulture.csv,tattoo,date,N023,19/02/1985,3
tblCulture.csv,tattoo,date,N023,31/07/1984,2
tblCulture.csv,tattoo,date,N025,16/05/1984,2
tblCulture.csv,tattoo,date,N026,01/08/1990,3
tblCulture.csv,tattoo,date,N026,05/11/1985,2
tblCulture.csv,tattoo,date,N026,07/11/1984,3
tblCulture.csv,tattoo,date,N026,13/08/1985,3
tblCulture.csv,tattoo,date,N026,19/02/1985,3
tblCulture.csv,tattoo,date,N026,21/05/1985,3
tblCulture.csv,tattoo,date,N026,23/05/1989,5
tblCulture.csv,tattoo,date,N026,31/07/1984,3
tblCulture.csv,tattoo,date,N027,16/05/1984,2
tblCulture.csv,tattoo,date,N028,01/11/1989,3
tblCulture.csv,tattoo,date,N028,02/08/1988,3
tblCulture.csv,tattoo,date,N028,06/11/1984,3
tblCulture.csv,tattoo,date,N028,11/05/1987,2
tblCulture.csv,tattoo,date,N028,13/08/1985,2
tblCulture.csv,tattoo,date,N028,16/05/1984,3
tblCulture.csv,tattoo,date,N028,16/08/1989,3
tblCulture.csv,tattoo,date,N028,20/05/1985,3
tblCulture.csv,tattoo,date,N028,31/07/1984,2
tblCulture.csv,tattoo,date,N029,16/05/1984,2
tblCulture.csv,tattoo,date,N030,16/05/1984,2
tblCulture.csv,tattoo,date,N031,02/08/1988,3
tblCulture.csv,tattoo,date,N031,05/11/1985,2
tblCulture.csv,tattoo,date,N031,06/11/1984,3
tblCulture.csv,tattoo,date,N031,09/02/1988,4
tblCulture.csv,tattoo,date,N031,10/11/1987,3
tblCulture.csv,tattoo,date,N031,12/11/1986,3
tblCulture.csv,tattoo,date,N031,13/08/1985,2
tblCulture.csv,tattoo,date,N031,16/05/1984,2
tblCulture.csv,tattoo,date,N031,17/02/1986,3
tblCulture.csv,tattoo,date,N031,18/08/1987,3
tblCulture.csv,tattoo,date,N031,18/10/1988,3
tblCulture.csv,tattoo,date,N031,20/05/1985,2
tblCulture.csv,tattoo,date,N031,25/05/1988,3
tblCulture.csv,tattoo,date,N031,31/07/1984,2
tblCulture.csv,tattoo,date,N032,20/06/1984,2
tblCulture.csv,tattoo,date,N033,21/06/1984,2
tblCulture.csv,tattoo,date,N033,22/11/1985,2
tblCulture.csv,tattoo,date,N034,21/06/1984,2
tblCulture.csv,tattoo,date,N035,02/07/1985,2
tblCulture.csv,tattoo,date,N035,03/11/1992,3
tblCulture.csv,tattoo,date,N035,04/07/1989,3
tblCulture.csv,tattoo,date,N035,06/09/1995,3
tblCulture.csv,tattoo,date,N035,07/03/1988,3
tblCulture.csv,tattoo,date,N035,07/09/1994,3
tblCulture.csv,tattoo,date,N035,08/09/1993,2
tblCulture.csv,tattoo,date,N035,09/11/1993,3
tblCulture.csv,tattoo,date,N035,16/06/1992,3
tblCulture.csv,tattoo,date,N035,16/10/1995,3
tblCulture.csv,tattoo,date,N035,18/07/1995,3
tblCulture.csv,tattoo,date,N035,18/09/1991,3
tblCulture.csv,tattoo,date,N035,22/06/1984,2
tblCulture.csv,tattoo,date,N036,22/06/1984,2
tblCulture.csv,tattoo,date,N037,21/06/1989,3
tblCulture.csv,tattoo,date,N037,22/06/1984,2
tblCulture.csv,tattoo,date,N039,02/07/1984,3
tblCulture.csv,tattoo,date,N039,27/06/1984,3
tblCulture.csv,tattoo,date,N040,28/06/1984,4
tblCulture.csv,tattoo,date,N041,03/07/1984,3
tblCulture.csv,tattoo,date,N042,04/09/1990,3
tblCulture.csv,tattoo,date,N042,05/09/1989,2
tblCulture.csv,tattoo,date,N042,07/06/1988,3
tblCulture.csv,tattoo,date,N042,16/07/1985,3
tblCulture.csv,tattoo,date,N042,16/08/1988,2
tblCulture.csv,tattoo,date,N042,17/09/1991,3
tblCulture.csv,tattoo,date,N042,20/06/1990,3
tblCulture.csv,tattoo,date,N042,21/01/1986,2
tblCulture.csv,tattoo,date,N042,21/06/1989,3
tblCulture.csv,tattoo,date,N042,24/02/1988,3
tblCulture.csv,tattoo,date,N043,17/07/1984,4
tblCulture.csv,tattoo,date,N044,05/07/1989,4
tblCulture.csv,tattoo,date,N044,06/09/1989,3
tblCulture.csv,tattoo,date,N044,08/03/1988,3
tblCulture.csv,tattoo,date,N044,17/07/1984,3
tblCulture.csv,tattoo,date,N044,21/06/1988,3
tblCulture.csv,tattoo,date,N044,27/06/1986,2
tblCulture.csv,tattoo,date,N044,27/11/1990,2
tblCulture.csv,tattoo,date,N045,17/07/1984,3
tblCulture.csv,tattoo,date,N045,20/06/1986,2
tblCulture.csv,tattoo,date,N046,09/03/1988,2
tblCulture.csv,tattoo,date,N046,17/07/1984,3
tblCulture.csv,tattoo,date,N047,07/07/1993,3
tblCulture.csv,tattoo,date,N047,09/03/1988,3
tblCulture.csv,tattoo,date,N047,16/07/1991,3
tblCulture.csv,tattoo,date,N047,17/07/1986,2
tblCulture.csv,tattoo,date,N047,18/07/1984,3
tblCulture.csv,tattoo,date,N047,19/07/1994,4
tblCulture.csv,tattoo,date,N047,21/06/1988,2
tblCulture.csv,tattoo,date,N047,23/07/1985,2
tblCulture.csv,tattoo,date,N048,02/10/1991,3
tblCulture.csv,tattoo,date,N048,10/12/1991,3
tblCulture.csv,tattoo,date,N048,16/07/1991,3
tblCulture.csv,tattoo,date,N048,18/07/1984,3
tblCulture.csv,tattoo,date,N048,19/07/1994,3
tblCulture.csv,tattoo,date,N048,22/06/1988,2
tblCulture.csv,tattoo,date,N048,24/06/1986,2
tblCulture.csv,tattoo,date,N048,27/11/1990,3
tblCulture.csv,tattoo,date,N048,29/04/1992,3
tblCulture.csv,tattoo,date,N049,06/11/1984,2
tblCulture.csv,tattoo,date,N049,10/02/1986,3
tblCulture.csv,tattoo,date,N049,10/02/1987,4
tblCulture.csv,tattoo,date,N049,12/05/1987,2
tblCulture.csv,tattoo,date,N049,12/08/1986,2
tblCulture.csv,tattoo,date,N049,13/05/1986,3
tblCulture.csv,tattoo,date,N049,13/08/1985,3
tblCulture.csv,tattoo,date,N049,16/10/1990,3
tblCulture.csv,tattoo,date,N049,18/10/1989,3
tblCulture.csv,tattoo,date,N049,22/05/1990,3
tblCulture.csv,tattoo,date,N049,31/07/1984,2
tblCulture.csv,tattoo,date,N050,06/11/1984,3
tblCulture.csv,tattoo,date,N050,10/05/1988,3
tblCulture.csv,tattoo,date,N050,12/05/1987,3
tblCulture.csv,tattoo,date,N050,12/08/1986,4
tblCulture.csv,tattoo,date,N050,13/08/1985,2
tblCulture.csv,tattoo,date,N050,21/05/1985,3
tblCulture.csv,tattoo,date,N050,28/10/1987,4
tblCulture.csv,tattoo,date,N051,04/10/1988,3
tblCulture.csv,tattoo,date,N051,06/11/1984,3
tblCulture.csv,tattoo,date,N051,11/11/1986,3
tblCulture.csv,tattoo,date,N051,12/05/1987,4
tblCulture.csv,tattoo,date,N051,12/08/1986,3
tblCulture.csv,tattoo,date,N051,14/05/1986,3
tblCulture.csv,tattoo,date,N051,18/08/1987,2
tblCulture.csv,tattoo,date,N051,19/02/1985,3
tblCulture.csv,tattoo,date,N051,21/05/1985,2
tblCulture.csv,tattoo,date,N051,31/07/1984,2
tblCulture.csv,tattoo,date,N052,05/11/1985,3
tblCulture.csv,tattoo,date,N052,06/11/1984,3
tblCulture.csv,tattoo,date,N052,13/08/1985,3
tblCulture.csv,tattoo,date,N052,19/02/1985,3
tblCulture.csv,tattoo,date,N052,20/05/1985,2
tblCulture.csv,tattoo,date,N053,06/11/1984,3
tblCulture.csv,tattoo,date,N053,20/09/1988,3
tblCulture.csv,tattoo,date,N053,31/07/1984,2
tblCulture.csv,tattoo,date,N054,05/11/1985,3
tblCulture.csv,tattoo,date,N054,06/11/1984,2
tblCulture.csv,tattoo,date,N054,11/11/1987,2
tblCulture.csv,tattoo,date,N054,13/05/1986,3
tblCulture.csv,tattoo,date,N054,13/05/1987,4
tblCulture.csv,tattoo,date,N054,31/05/1985,2
tblCulture.csv,tattoo,date,N054,31/07/1984,2
tblCulture.csv,tattoo,date,N055,07/11/1984,3
tblCulture.csv,tattoo,date,N055,31/07/1984,2
tblCulture.csv,tattoo,date,N056,06/11/1984,3
tblCulture.csv,tattoo,date,N056,13/08/1985,2
tblCulture.csv,tattoo,date,N056,19/02/1985,3
tblCulture.csv,tattoo,date,N056,20/05/1985,2
tblCulture.csv,tattoo,date,N056,29/05/1985,3
tblCulture.csv,tattoo,date,N057,06/11/1984,2
tblCulture.csv,tattoo,date,N057,20/05/1985,3
tblCulture.csv,tattoo,date,N058,05/11/1985,4
tblCulture.csv,tattoo,date,N058,06/11/1984,3
tblCulture.csv,tattoo,date,N058,12/05/1987,4
tblCulture.csv,tattoo,date,N058,13/08/1985,3
tblCulture.csv,tattoo,date,N058,19/02/1985,3
tblCulture.csv,tattoo,date,N058,20/05/1985,3
tblCulture.csv,tattoo,date,N059,01/11/1989,3
tblCulture.csv,tattoo,date,N059,02/11/1988,3
tblCulture.csv,tattoo,date,N059,03/08/1988,3
tblCulture.csv,tattoo,date,N059,03/09/1991,3
tblCulture.csv,tattoo,date,N059,06/11/1984,3
tblCulture.csv,tattoo,date,N059,07/06/1989,4
tblCulture.csv,tattoo,date,N059,08/02/1988,3
tblCulture.csv,tattoo,date,N059,12/08/1986,3
tblCulture.csv,tattoo,date,N059,12/11/1985,3
tblCulture.csv,tattoo,date,N059,13/08/1985,2
tblCulture.csv,tattoo,date,N059,18/06/1991,3
tblCulture.csv,tattoo,date,N059,19/02/1985,3
tblCulture.csv,tattoo,date,N059,20/05/1985,2
tblCulture.csv,tattoo,date,N059,31/07/1984,2
tblCulture.csv,tattoo,date,N060,01/11/1989,3
tblCulture.csv,tattoo,date,N060,02/08/1988,3
tblCulture.csv,tattoo,date,N060,05/11/1985,2
tblCulture.csv,tattoo,date,N060,06/06/1989,3
tblCulture.csv,tattoo,date,N060,07/02/1990,3
tblCulture.csv,tattoo,date,N060,07/11/1984,3
tblCulture.csv,tattoo,date,N060,10/02/1988,2
tblCulture.csv,tattoo,date,N060,11/02/1987,2
tblCulture.csv,tattoo,date,N060,11/05/1987,2
tblCulture.csv,tattoo,date,N060,13/05/1986,3
tblCulture.csv,tattoo,date,N060,16/08/1989,4
tblCulture.csv,tattoo,date,N060,18/08/1987,3
tblCulture.csv,tattoo,date,N060,19/02/1985,3
tblCulture.csv,tattoo,date,N060,19/10/1988,4
tblCulture.csv,tattoo,date,N060,20/05/1985,2
tblCulture.csv,tattoo,date,N060,20/06/1989,4
tblCulture.csv,tattoo,date,N060,31/07/1984,2
tblCulture.csv,tattoo,date,N061,05/11/1985,2
tblCulture.csv,tattoo,date,N061,06/11/1984,3
tblCulture.csv,tattoo,date,N061,13/05/1986,2
tblCulture.csv,tattoo,date,N061,13/08/1985,2
tblCulture.csv,tattoo,date,N061,19/02/1985,3
tblCulture.csv,tattoo,date,N061,31/07/1984,2
tblCulture.csv,tattoo,date,N062,05/11/1985,3
tblCulture.csv,tattoo,date,N062,07/11/1984,2
tblCulture.csv,tattoo,date,N062,11/11/1987,3
tblCulture.csv,tattoo,date,N062,12/08/1986,2
tblCulture.csv,tattoo,date,N062,13/05/1987,2
tblCulture.csv,tattoo,date,N062,14/05/1986,3
tblCulture.csv,tattoo,date,N062,14/08/1985,3
tblCulture.csv,tattoo,date,N062,19/02/1985,3
tblCulture.csv,tattoo,date,N062,31/07/1984,2
tblCulture.csv,tattoo,date,N063,01/08/1984,2
tblCulture.csv,tattoo,date,N063,02/08/1988,3
tblCulture.csv,tattoo,date,N063,06/06/1989,2
tblCulture.csv,tattoo,date,N063,06/11/1984,2
tblCulture.csv,tattoo,date,N063,12/05/1987,5
tblCulture.csv,tattoo,date,N063,13/05/1986,3
tblCulture.csv,tattoo,date,N063,18/08/1987,3
tblCulture.csv,tattoo,date,N063,24/05/1988,4
tblCulture.csv,tattoo,date,N064,01/08/1984,3
tblCulture.csv,tattoo,date,N064,06/11/1984,2
tblCulture.csv,tattoo,date,N064,11/05/1988,3
tblCulture.csv,tattoo,date,N064,12/08/1986,2
tblCulture.csv,tattoo,date,N064,13/05/1987,2
tblCulture.csv,tattoo,date,N064,19/08/1987,2
tblCulture.csv,tattoo,date,N064,27/10/1987,3
tblCulture.csv,tattoo,date,N065,01/08/1984,2
tblCulture.csv,tattoo,date,N065,06/11/1984,2
tblCulture.csv,tattoo,date,N066,08/08/1984,3
tblCulture.csv,tattoo,date,N066,15/05/1991,3
tblCulture.csv,tattoo,date,N067,08/08/1984,3
tblCulture.csv,tattoo,date,N068,08/08/1984,3
tblCulture.csv,tattoo,date,N069,10/08/1984,3
tblCulture.csv,tattoo,date,N070,01/06/1987,3
tblCulture.csv,tattoo,date,N070,14/08/1984,4
tblCulture.csv,tattoo,date,N071,16/08/1984,3
tblCulture.csv,tattoo,date,N071,18/11/1985,2
tblCulture.csv,tattoo,date,N072,05/09/1984,3
tblCulture.csv,tattoo,date,N073,16/06/1992,3
tblCulture.csv,tattoo,date,N073,16/10/1984,3
tblCulture.csv,tattoo,date,N073,26/02/1992,3
tblCulture.csv,tattoo,date,N074,06/11/1984,3
tblCulture.csv,tattoo,date,N074,06/11/1985,3
tblCulture.csv,tattoo,date,N074,19/02/1985,3
tblCulture.csv,tattoo,date,N074,20/05/1985,2
tblCulture.csv,tattoo,date,N075,06/11/1984,3
tblCulture.csv,tattoo,date,N075,20/05/1985,2
tblCulture.csv,tattoo,date,N076,07/11/1984,3
tblCulture.csv,tattoo,date,N076,11/02/1987,6
tblCulture.csv,tattoo,date,O001,11/05/1982,3
tblCulture.csv,tattoo,date,O001,14/02/1984,7
tblCulture.csv,tattoo,date,O001,16/02/1983,3
tblCulture.csv,tattoo,date,O001,20/05/1985,3
tblCulture.csv,tattoo,date,O001,23/02/1982,3
tblCulture.csv,tattoo,date,O001,24/08/1982,3
tblCulture.csv,tattoo,date,O002,11/05/1982,3
tblCulture.csv,tattoo,date,O002,24/02/1982,4
tblCulture.csv,tattoo,date,O002,24/08/1982,3
tblCulture.csv,tattoo,date,O003,11/05/1982,3
tblCulture.csv,tattoo,date,O003,24/02/1982,3
tblCulture.csv,tattoo,date,O004,02/11/1982,3
tblCulture.csv,tattoo,date,O004,09/02/1983,4
tblCulture.csv,tattoo,date,O004,11/05/1982,3
tblCulture.csv,tattoo,date,O004,15/09/1983,2
tblCulture.csv,tattoo,date,O004,16/09/1983,5
tblCulture.csv,tattoo,date,O005,11/05/1982,3
tblCulture.csv,tattoo,date,O005,24/08/1982,3
tblCulture.csv,tattoo,date,O006,11/05/1982,3
tblCulture.csv,tattoo,date,O006,17/08/1983,2
tblCulture.csv,tattoo,date,O007,11/05/1982,3
tblCulture.csv,tattoo,date,O007,16/08/1983,3
tblCulture.csv,tattoo,date,O007,24/08/1982,2
tblCulture.csv,tattoo,date,O008,01/08/1984,2
tblCulture.csv,tattoo,date,O008,08/02/1983,3
tblCulture.csv,tattoo,date,O008,11/05/1982,3
tblCulture.csv,tattoo,date,O008,11/05/1987,3
tblCulture.csv,tattoo,date,O008,12/05/1986,2
tblCulture.csv,tattoo,date,O008,15/05/1984,3
tblCulture.csv,tattoo,date,O008,17/08/1983,3
tblCulture.csv,tattoo,date,O008,18/08/1987,3
tblCulture.csv,tattoo,date,O009,12/05/1982,3
tblCulture.csv,tattoo,date,O009,13/06/1983,2
tblCulture.csv,tattoo,date,O009,16/08/1983,3
tblCulture.csv,tattoo,date,O009,18/08/1987,3
tblCulture.csv,tattoo,date,O009,26/05/1983,3
tblCulture.csv,tattoo,date,O009,31/07/1984,2
tblCulture.csv,tattoo,date,O011,07/08/1986,4
tblCulture.csv,tattoo,date,O011,14/08/1984,4
tblCulture.csv,tattoo,date,O011,20/03/1989,6
tblCulture.csv,tattoo,date,O012,05/10/1984,2
tblCulture.csv,tattoo,date,O012,06/07/1983,3
tblCulture.csv,tattoo,date,O015,14/07/1982,3
tblCulture.csv,tattoo,date,O015,21/06/1983,2
tblCulture.csv,tattoo,date,O015,28/06/1984,3
tblCulture.csv,tattoo,date,O016,15/07/1982,2
tblCulture.csv,tattoo,date,O017,21/07/1982,2
tblCulture.csv,tattoo,date,O017,28/06/1983,2
tblCulture.csv,tattoo,date,O018,05/11/1985,3
tblCulture.csv,tattoo,date,O018,13/08/1985,3
tblCulture.csv,tattoo,date,O018,14/02/1984,4
tblCulture.csv,tattoo,date,O018,16/06/1983,3
tblCulture.csv,tattoo,date,O018,29/07/1982,3
tblCulture.csv,tattoo,date,O018,31/07/1984,2
tblCulture.csv,tattoo,date,O019,30/07/1982,2
tblCulture.csv,tattoo,date,O020,30/07/1982,3
tblCulture.csv,tattoo,date,O021,05/08/1982,3
tblCulture.csv,tattoo,date,O022,16/08/1983,3
tblCulture.csv,tattoo,date,O022,24/08/1982,3
tblCulture.csv,tattoo,date,O023,03/11/1982,2
tblCulture.csv,tattoo,date,O023,08/02/1983,4
tblCulture.csv,tattoo,date,O023,16/08/1983,3
tblCulture.csv,tattoo,date,O023,24/08/1982,3
tblCulture.csv,tattoo,date,O024,02/08/1989,3
tblCulture.csv,tattoo,date,O024,02/11/1982,3
tblCulture.csv,tattoo,date,O024,04/10/1988,3
tblCulture.csv,tattoo,date,O024,08/05/1983,5
tblCulture.csv,tattoo,date,O024,11/05/1987,2
tblCulture.csv,tattoo,date,O024,11/05/1988,3
tblCulture.csv,tattoo,date,O024,15/02/1984,4
tblCulture.csv,tattoo,date,O024,15/05/1984,2
tblCulture.csv,tattoo,date,O024,17/08/1983,3
tblCulture.csv,tattoo,date,O024,18/08/1987,3
tblCulture.csv,tattoo,date,O024,19/07/1988,3
tblCulture.csv,tattoo,date,O024,24/08/1982,3
tblCulture.csv,tattoo,date,O025,24/08/1982,4
tblCulture.csv,tattoo,date,O026,03/08/1992,2
tblCulture.csv,tattoo,date,O026,03/11/1982,3
tblCulture.csv,tattoo,date,O026,08/02/1983,3
tblCulture.csv,tattoo,date,O026,13/05/1987,3
tblCulture.csv,tattoo,date,O026,16/08/1983,3
tblCulture.csv,tattoo,date,O026,23/05/1990,3
tblCulture.csv,tattoo,date,O026,24/08/1982,3
tblCulture.csv,tattoo,date,O026,29/10/1991,3
tblCulture.csv,tattoo,date,O027,02/11/1982,2
tblCulture.csv,tattoo,date,O027,08/05/1983,6
tblCulture.csv,tattoo,date,O027,09/02/1983,3
tblCulture.csv,tattoo,date,O027,24/08/1982,3
tblCulture.csv,tattoo,date,O028,02/11/1982,2
tblCulture.csv,tattoo,date,O028,08/02/1983,3
tblCulture.csv,tattoo,date,O028,17/08/1983,3
tblCulture.csv,tattoo,date,O028,24/08/1982,3
tblCulture.csv,tattoo,date,O029,02/11/1982,3
tblCulture.csv,tattoo,date,O029,08/05/1983,4
tblCulture.csv,tattoo,date,O029,13/05/1987,2
tblCulture.csv,tattoo,date,O029,17/10/1989,4
tblCulture.csv,tattoo,date,O029,18/02/1985,3
tblCulture.csv,tattoo,date,O029,20/07/1988,2
tblCulture.csv,tattoo,date,O029,24/05/1989,2
tblCulture.csv,tattoo,date,O029,25/08/1982,3
tblCulture.csv,tattoo,date,O029,31/07/1984,3
tblCulture.csv,tattoo,date,O030,02/11/1982,3
tblCulture.csv,tattoo,date,O030,08/02/1983,4
tblCulture.csv,tattoo,date,O030,12/05/1986,2
tblCulture.csv,tattoo,date,O030,12/05/1987,3
tblCulture.csv,tattoo,date,O030,12/10/1987,7
tblCulture.csv,tattoo,date,O030,14/02/1984,5
tblCulture.csv,tattoo,date,O030,14/08/1985,2
tblCulture.csv,tattoo,date,O030,16/08/1983,4
tblCulture.csv,tattoo,date,O030,18/08/1987,3
tblCulture.csv,tattoo,date,O030,25/08/1982,3
tblCulture.csv,tattoo,date,O031,02/07/1991,3
tblCulture.csv,tattoo,date,O031,06/09/1989,3
tblCulture.csv,tattoo,date,O031,08/09/1982,3
tblCulture.csv,tattoo,date,O031,09/07/1986,3
tblCulture.csv,tattoo,date,O032,09/09/1982,2
tblCulture.csv,tattoo,date,O032,15/06/1983,2
tblCulture.csv,tattoo,date,O033,25/07/1983,3
tblCulture.csv,tattoo,date,O034,03/10/1989,3
tblCulture.csv,tattoo,date,O034,04/10/1994,3
tblCulture.csv,tattoo,date,O034,12/05/1993,3
tblCulture.csv,tattoo,date,O034,14/09/1993,3
tblCulture.csv,tattoo,date,O034,17/07/1990,3
tblCulture.csv,tattoo,date,O035,01/08/1989,3
tblCulture.csv,tattoo,date,O035,02/11/1982,2
tblCulture.csv,tattoo,date,O035,03/08/1993,2
tblCulture.csv,tattoo,date,O035,03/08/1994,2
tblCulture.csv,tattoo,date,O035,07/02/1983,4
tblCulture.csv,tattoo,date,O035,07/06/1994,2
tblCulture.csv,tattoo,date,O035,07/10/1992,3
tblCulture.csv,tattoo,date,O035,11/05/1988,4
tblCulture.csv,tattoo,date,O035,13/08/1986,3
tblCulture.csv,tattoo,date,O035,16/08/1983,2
tblCulture.csv,tattoo,date,O035,16/10/1990,3
tblCulture.csv,tattoo,date,O035,18/08/1987,3
tblCulture.csv,tattoo,date,O035,18/10/1989,3
tblCulture.csv,tattoo,date,O035,18/10/1994,4
tblCulture.csv,tattoo,date,O035,20/05/1992,3
tblCulture.csv,tattoo,date,O035,20/07/1988,3
tblCulture.csv,tattoo,date,O035,23/05/1990,3
tblCulture.csv,tattoo,date,O035,28/10/1987,2
tblCulture.csv,tattoo,date,O036,02/11/1982,3
tblCulture.csv,tattoo,date,O036,08/11/1982,5
tblCulture.csv,tattoo,date,P001,07/02/1983,6
tblCulture.csv,tattoo,date,P001,08/05/1983,6
tblCulture.csv,tattoo,date,P001,16/08/1983,3
tblCulture.csv,tattoo,date,P002,01/11/1983,2
tblCulture.csv,tattoo,date,P002,09/02/1983,3
tblCulture.csv,tattoo,date,P002,10/05/1983,5
tblCulture.csv,tattoo,date,P002,12/01/1984,3
tblCulture.csv,tattoo,date,P002,17/08/1983,2
tblCulture.csv,tattoo,date,P002,19/08/1987,3
tblCulture.csv,tattoo,date,P003,01/08/1989,4
tblCulture.csv,tattoo,date,P003,01/08/1990,3
tblCulture.csv,tattoo,date,P003,09/02/1983,3
tblCulture.csv,tattoo,date,P003,10/05/1983,4
tblCulture.csv,tattoo,date,P003,15/05/1984,3
tblCulture.csv,tattoo,date,P003,15/07/1992,2
tblCulture.csv,tattoo,date,P003,17/08/1983,3
tblCulture.csv,tattoo,date,P003,17/10/1989,3
tblCulture.csv,tattoo,date,P003,20/02/1991,3
tblCulture.csv,tattoo,date,P003,22/05/1990,3
tblCulture.csv,tattoo,date,P003,23/05/1989,3
tblCulture.csv,tattoo,date,P003,28/10/1987,3
tblCulture.csv,tattoo,date,P003,31/07/1984,3
tblCulture.csv,tattoo,date,P004,08/05/1983,4
tblCulture.csv,tattoo,date,P005,01/11/1983,2
tblCulture.csv,tattoo,date,P005,01/11/1989,3
tblCulture.csv,tattoo,date,P005,03/08/1988,3
tblCulture.csv,tattoo,date,P005,06/02/1990,2
tblCulture.csv,tattoo,date,P005,06/12/1983,2
tblCulture.csv,tattoo,date,P005,08/05/1983,4
tblCulture.csv,tattoo,date,P005,09/11/1988,3
tblCulture.csv,tattoo,date,P005,10/02/1993,2
tblCulture.csv,tattoo,date,P005,10/11/1987,3
tblCulture.csv,tattoo,date,P005,12/05/1986,2
tblCulture.csv,tattoo,date,P005,15/05/1984,3
tblCulture.csv,tattoo,date,P005,16/08/1983,3
tblCulture.csv,tattoo,date,P005,18/06/1991,3
tblCulture.csv,tattoo,date,P005,18/08/1987,3
tblCulture.csv,tattoo,date,P005,20/09/1983,2
tblCulture.csv,tattoo,date,P005,23/07/1986,3
tblCulture.csv,tattoo,date,P005,26/10/1993,2
tblCulture.csv,tattoo,date,P005,31/07/1984,3
tblCulture.csv,tattoo,date,P006,08/05/1983,3
tblCulture.csv,tattoo,date,P007,02/11/1983,3
tblCulture.csv,tattoo,date,P007,08/05/1983,6
tblCulture.csv,tattoo,date,P007,14/02/1984,4
tblCulture.csv,tattoo,date,P007,17/08/1983,3
tblCulture.csv,tattoo,date,P008,01/11/1983,3
tblCulture.csv,tattoo,date,P008,08/05/1983,3
tblCulture.csv,tattoo,date,P008,14/02/1984,2
tblCulture.csv,tattoo,date,P008,16/08/1983,3
tblCulture.csv,tattoo,date,P008,31/07/1984,2
tblCulture.csv,tattoo,date,P009,01/02/1984,4
tblCulture.csv,tattoo,date,P009,01/11/1983,2
tblCulture.csv,tattoo,date,P009,01/11/1989,2
tblCulture.csv,tattoo,date,P009,02/08/1988,3
tblCulture.csv,tattoo,date,P009,03/09/1991,3
tblCulture.csv,tattoo,date,P009,05/06/1990,2
tblCulture.csv,tattoo,date,P009,06/06/1989,3
tblCulture.csv,tattoo,date,P009,06/12/1983,2
tblCulture.csv,tattoo,date,P009,07/02/1989,4
tblCulture.csv,tattoo,date,P009,09/05/1983,4
tblCulture.csv,tattoo,date,P009,10/02/1987,5
tblCulture.csv,tattoo,date,P009,10/02/1988,2
tblCulture.csv,tattoo,date,P009,12/05/1987,4
tblCulture.csv,tattoo,date,P009,13/08/1985,3
tblCulture.csv,tattoo,date,P009,14/02/1984,4
tblCulture.csv,tattoo,date,P009,14/04/1986,3
tblCulture.csv,tattoo,date,P009,14/08/1990,3
tblCulture.csv,tattoo,date,P009,15/08/1989,4
tblCulture.csv,tattoo,date,P009,16/05/1984,2
tblCulture.csv,tattoo,date,P009,16/08/1983,3
tblCulture.csv,tattoo,date,P009,18/10/1988,3
tblCulture.csv,tattoo,date,P009,19/02/1991,4
tblCulture.csv,tattoo,date,P009,20/06/1989,4
tblCulture.csv,tattoo,date,P009,20/09/1983,3
tblCulture.csv,tattoo,date,P009,30/10/1990,5
tblCulture.csv,tattoo,date,P010,01/08/1984,2
tblCulture.csv,tattoo,date,P010,02/11/1983,2
tblCulture.csv,tattoo,date,P010,08/12/1983,2
tblCulture.csv,tattoo,date,P010,09/05/1983,4
tblCulture.csv,tattoo,date,P010,14/02/1984,4
tblCulture.csv,tattoo,date,P010,16/08/1983,3
tblCulture.csv,tattoo,date,P011,01/11/1983,3
tblCulture.csv,tattoo,date,P011,05/11/1985,2
tblCulture.csv,tattoo,date,P011,10/05/1983,4
tblCulture.csv,tattoo,date,P011,11/01/1984,2
tblCulture.csv,tattoo,date,P011,11/05/1987,3
tblCulture.csv,tattoo,date,P011,14/08/1985,3
tblCulture.csv,tattoo,date,P011,15/05/1984,3
tblCulture.csv,tattoo,date,P011,16/08/1983,2
tblCulture.csv,tattoo,date,P011,18/08/1987,7
tblCulture.csv,tattoo,date,P011,19/02/1985,2
tblCulture.csv,tattoo,date,P011,31/07/1984,3
tblCulture.csv,tattoo,date,P012,01/02/1984,2
tblCulture.csv,tattoo,date,P012,01/11/1983,2
tblCulture.csv,tattoo,date,P012,06/11/1985,4
tblCulture.csv,tattoo,date,P012,08/07/1985,2
tblCulture.csv,tattoo,date,P012,10/02/1987,3
tblCulture.csv,tattoo,date,P012,11/11/1986,3
tblCulture.csv,tattoo,date,P012,13/05/1986,4
tblCulture.csv,tattoo,date,P012,13/08/1986,3
tblCulture.csv,tattoo,date,P012,15/02/1984,4
tblCulture.csv,tattoo,date,P012,16/08/1983,3
tblCulture.csv,tattoo,date,P012,20/05/1985,2
tblCulture.csv,tattoo,date,P012,20/09/1983,3
tblCulture.csv,tattoo,date,P012,23/05/1983,2
tblCulture.csv,tattoo,date,P012,29/04/1987,6
tblCulture.csv,tattoo,date,P012,31/07/1984,2
tblCulture.csv,tattoo,date,P013,02/11/1983,2
tblCulture.csv,tattoo,date,P013,03/08/1988,3
tblCulture.csv,tattoo,date,P013,04/09/1985,2
tblCulture.csv,tattoo,date,P013,06/06/1989,3
tblCulture.csv,tattoo,date,P013,07/02/1989,4
tblCulture.csv,tattoo,date,P013,08/12/1983,2
tblCulture.csv,tattoo,date,P013,13/05/1986,3
tblCulture.csv,tattoo,date,P013,16/08/1983,3
tblCulture.csv,tattoo,date,P013,16/08/1988,3
tblCulture.csv,tattoo,date,P013,18/10/1988,3
tblCulture.csv,tattoo,date,P013,20/09/1983,2
tblCulture.csv,tattoo,date,P013,23/05/1983,2
tblCulture.csv,tattoo,date,P013,24/05/1988,3
tblCulture.csv,tattoo,date,P013,29/05/1985,2
tblCulture.csv,tattoo,date,P014,01/11/1983,3
tblCulture.csv,tattoo,date,P014,09/01/1984,3
tblCulture.csv,tattoo,date,P014,14/02/1984,3
tblCulture.csv,tattoo,date,P014,15/05/1984,4
tblCulture.csv,tattoo,date,P014,16/08/1983,3
tblCulture.csv,tattoo,date,P014,24/05/1983,2
tblCulture.csv,tattoo,date,P015,01/11/1983,3
tblCulture.csv,tattoo,date,P015,15/05/1984,2
tblCulture.csv,tattoo,date,P015,16/08/1983,3
tblCulture.csv,tattoo,date,P015,25/05/1983,2
tblCulture.csv,tattoo,date,P015,31/07/1984,2
tblCulture.csv,tattoo,date,P016,01/11/1983,3
tblCulture.csv,tattoo,date,P016,10/05/1988,2
tblCulture.csv,tattoo,date,P016,15/02/1984,3
tblCulture.csv,tattoo,date,P016,17/08/1983,3
tblCulture.csv,tattoo,date,P016,18/08/1987,3
tblCulture.csv,tattoo,date,P016,20/05/1985,2
tblCulture.csv,tattoo,date,P016,25/05/1983,2
tblCulture.csv,tattoo,date,P016,29/10/1991,3
tblCulture.csv,tattoo,date,P017,01/11/1983,3
tblCulture.csv,tattoo,date,P017,15/02/1984,4
tblCulture.csv,tattoo,date,P017,16/08/1983,3
tblCulture.csv,tattoo,date,P017,19/03/1984,3
tblCulture.csv,tattoo,date,P017,25/05/1983,2
tblCulture.csv,tattoo,date,P018,01/08/1989,3
tblCulture.csv,tattoo,date,P018,01/11/1983,3
tblCulture.csv,tattoo,date,P018,02/08/1988,3
tblCulture.csv,tattoo,date,P018,03/09/1991,3
tblCulture.csv,tattoo,date,P018,06/02/1990,2
tblCulture.csv,tattoo,date,P018,06/06/1989,3
tblCulture.csv,tattoo,date,P018,06/06/1990,3
tblCulture.csv,tattoo,date,P018,13/05/1985,2
tblCulture.csv,tattoo,date,P018,13/08/1985,3
tblCulture.csv,tattoo,date,P018,14/02/1984,2
tblCulture.csv,tattoo,date,P018,15/05/1984,3
tblCulture.csv,tattoo,date,P018,16/08/1983,3
tblCulture.csv,tattoo,date,P018,18/10/1988,2
tblCulture.csv,tattoo,date,P018,19/02/1991,2
tblCulture.csv,tattoo,date,P018,19/08/1987,3
tblCulture.csv,tattoo,date,P018,24/05/1988,3
tblCulture.csv,tattoo,date,P018,25/05/1983,2
tblCulture.csv,tattoo,date,P018,30/05/1985,3
tblCulture.csv,tattoo,date,P019,01/11/1983,3
tblCulture.csv,tattoo,date,P019,14/02/1984,4
tblCulture.csv,tattoo,date,P019,15/02/1984,4
tblCulture.csv,tattoo,date,P019,25/05/1983,2
tblCulture.csv,tattoo,date,P020,01/11/1983,3
tblCulture.csv,tattoo,date,P020,02/06/1992,3
tblCulture.csv,tattoo,date,P020,03/08/1988,3
tblCulture.csv,tattoo,date,P020,06/06/1989,3
tblCulture.csv,tattoo,date,P020,09/06/1983,2
tblCulture.csv,tattoo,date,P020,12/11/1991,2
tblCulture.csv,tattoo,date,P020,13/05/1987,5
tblCulture.csv,tattoo,date,P020,14/02/1984,3
tblCulture.csv,tattoo,date,P020,14/08/1990,3
tblCulture.csv,tattoo,date,P020,15/08/1989,3
tblCulture.csv,tattoo,date,P020,18/06/1991,3
tblCulture.csv,tattoo,date,P020,18/08/1987,3
tblCulture.csv,tattoo,date,P020,20/10/1992,3
tblCulture.csv,tattoo,date,P020,22/06/1994,2
tblCulture.csv,tattoo,date,P020,24/05/1988,2
tblCulture.csv,tattoo,date,P020,26/10/1993,3
tblCulture.csv,tattoo,date,P020,31/07/1984,2
tblCulture.csv,tattoo,date,P021,09/06/1983,2
tblCulture.csv,tattoo,date,P021,15/05/1984,3
tblCulture.csv,tattoo,date,P021,20/09/1983,3
tblCulture.csv,tattoo,date,P022,14/06/1983,2
tblCulture.csv,tattoo,date,P023,14/06/1983,2
tblCulture.csv,tattoo,date,P024,15/06/1983,2
tblCulture.csv,tattoo,date,P025,15/06/1983,6
tblCulture.csv,tattoo,date,P026,15/06/1983,3
tblCulture.csv,tattoo,date,P027,02/11/1983,3
tblCulture.csv,tattoo,date,P027,16/06/1983,3
tblCulture.csv,tattoo,date,P027,20/09/1983,3
tblCulture.csv,tattoo,date,P028,01/11/1989,3
tblCulture.csv,tattoo,date,P028,02/06/1992,2
tblCulture.csv,tattoo,date,P028,03/08/1988,3
tblCulture.csv,tattoo,date,P028,03/09/1991,3
tblCulture.csv,tattoo,date,P028,04/07/1995,3
tblCulture.csv,tattoo,date,P028,06/06/1990,3
tblCulture.csv,tattoo,date,P028,06/11/1985,2
tblCulture.csv,tattoo,date,P028,07/02/1989,3
tblCulture.csv,tattoo,date,P028,08/02/1994,3
tblCulture.csv,tattoo,date,P028,09/02/1988,2
tblCulture.csv,tattoo,date,P028,11/02/1992,3
tblCulture.csv,tattoo,date,P028,11/11/1986,2
tblCulture.csv,tattoo,date,P028,13/05/1986,3
tblCulture.csv,tattoo,date,P028,13/11/1991,2
tblCulture.csv,tattoo,date,P028,14/02/1984,3
tblCulture.csv,tattoo,date,P028,14/08/1990,3
tblCulture.csv,tattoo,date,P028,15/05/1984,4
tblCulture.csv,tattoo,date,P028,16/06/1983,3
tblCulture.csv,tattoo,date,P028,16/08/1989,4
tblCulture.csv,tattoo,date,P028,16/08/1994,3
tblCulture.csv,tattoo,date,P028,17/08/1993,3
tblCulture.csv,tattoo,date,P028,18/06/1991,3
tblCulture.csv,tattoo,date,P028,18/10/1988,4
tblCulture.csv,tattoo,date,P028,19/02/1991,3
tblCulture.csv,tattoo,date,P028,20/05/1985,2
tblCulture.csv,tattoo,date,P028,20/09/1983,3
tblCulture.csv,tattoo,date,P028,25/05/1988,3
tblCulture.csv,tattoo,date,P028,31/10/1990,2
tblCulture.csv,tattoo,date,P029,22/06/1983,3
tblCulture.csv,tattoo,date,P030,23/06/1983,3
tblCulture.csv,tattoo,date,P031,28/06/1983,3
tblCulture.csv,tattoo,date,P032,28/06/1983,4
tblCulture.csv,tattoo,date,P033,26/08/1983,2
tblCulture.csv,tattoo,date,P034,08/12/1983,2
tblCulture.csv,tattoo,date,P034,28/06/1983,2
tblCulture.csv,tattoo,date,P035,10/02/1987,5
tblCulture.csv,tattoo,date,P035,12/08/1986,3
tblCulture.csv,tattoo,date,P035,13/05/1986,3
tblCulture.csv,tattoo,date,P035,29/06/1983,2
tblCulture.csv,tattoo,date,P036,05/07/1983,2
tblCulture.csv,tattoo,date,P037,06/07/1983,2
tblCulture.csv,tattoo,date,P037,16/07/1985,2
tblCulture.csv,tattoo,date,P037,16/07/1986,3
tblCulture.csv,tattoo,date,P038,03/07/1990,3
tblCulture.csv,tattoo,date,P038,06/07/1983,2
tblCulture.csv,tattoo,date,P038,08/03/1988,3
tblCulture.csv,tattoo,date,P038,19/07/1984,3
tblCulture.csv,tattoo,date,P038,22/07/1986,2
tblCulture.csv,tattoo,date,P039,06/07/1983,2
tblCulture.csv,tattoo,date,P040,06/07/1983,2
tblCulture.csv,tattoo,date,P041,06/07/1983,2
tblCulture.csv,tattoo,date,P041,13/07/1984,3
tblCulture.csv,tattoo,date,P042,01/10/1991,3
tblCulture.csv,tattoo,date,P042,04/07/1989,3
tblCulture.csv,tattoo,date,P042,04/07/1990,3
tblCulture.csv,tattoo,date,P042,07/07/1983,2
tblCulture.csv,tattoo,date,P042,07/07/1993,3
tblCulture.csv,tattoo,date,P042,08/03/1988,3
tblCulture.csv,tattoo,date,P042,08/09/1992,3
tblCulture.csv,tattoo,date,P042,16/10/1991,3
tblCulture.csv,tattoo,date,P042,17/07/1984,4
tblCulture.csv,tattoo,date,P042,17/07/1991,3
tblCulture.csv,tattoo,date,P042,17/11/1992,4
tblCulture.csv,tattoo,date,P042,18/07/1986,2
tblCulture.csv,tattoo,date,P042,19/06/1986,3
tblCulture.csv,tattoo,date,P042,19/09/1990,4
tblCulture.csv,tattoo,date,P042,20/07/1994,3
tblCulture.csv,tattoo,date,P042,20/09/1989,3
tblCulture.csv,tattoo,date,P042,21/06/1988,3
tblCulture.csv,tattoo,date,P042,28/04/1992,3
tblCulture.csv,tattoo,date,P042,28/09/1993,4
tblCulture.csv,tattoo,date,P042,28/11/1989,3
tblCulture.csv,tattoo,date,P042,28/11/1990,4
tblCulture.csv,tattoo,date,P043,05/09/1990,3
tblCulture.csv,tattoo,date,P043,07/07/1983,2
tblCulture.csv,tattoo,date,P043,19/09/1990,3
tblCulture.csv,tattoo,date,P043,21/01/1986,2
tblCulture.csv,tattoo,date,P043,22/06/1988,2
tblCulture.csv,tattoo,date,P043,24/07/1985,3
tblCulture.csv,tattoo,date,P044,08/07/1983,2
tblCulture.csv,tattoo,date,P045,12/07/1983,2
tblCulture.csv,tattoo,date,P046,07/03/1989,3
tblCulture.csv,tattoo,date,P046,13/07/1983,2
tblCulture.csv,tattoo,date,P047,19/07/1983,2
tblCulture.csv,tattoo,date,P047,22/12/1983,3
tblCulture.csv,tattoo,date,P048,24/11/1983,3
tblCulture.csv,tattoo,date,P048,25/07/1983,2
tblCulture.csv,tattoo,date,P049,06/07/1988,3
tblCulture.csv,tattoo,date,P049,20/03/1990,5
tblCulture.csv,tattoo,date,P049,25/07/1983,2
tblCulture.csv,tattoo,date,P050,01/11/1983,2
tblCulture.csv,tattoo,date,P050,09/01/1984,4
tblCulture.csv,tattoo,date,P050,14/02/1984,4
tblCulture.csv,tattoo,date,P050,16/08/1983,2
tblCulture.csv,tattoo,date,P050,19/08/1986,4
tblCulture.csv,tattoo,date,P051,01/11/1983,2
tblCulture.csv,tattoo,date,P051,12/05/1986,2
tblCulture.csv,tattoo,date,P051,16/05/1984,3
tblCulture.csv,tattoo,date,P051,16/08/1983,3
tblCulture.csv,tattoo,date,P051,20/05/1985,3
tblCulture.csv,tattoo,date,P051,31/07/1984,3
tblCulture.csv,tattoo,date,P052,01/08/1989,3
tblCulture.csv,tattoo,date,P052,01/11/1983,4
tblCulture.csv,tattoo,date,P052,04/10/1988,4
tblCulture.csv,tattoo,date,P052,06/09/1985,2
tblCulture.csv,tattoo,date,P052,07/11/1984,2
tblCulture.csv,tattoo,date,P052,16/05/1984,2
tblCulture.csv,tattoo,date,P052,16/08/1983,3
tblCulture.csv,tattoo,date,P052,18/08/1987,4
tblCulture.csv,tattoo,date,P052,19/05/1992,3
tblCulture.csv,tattoo,date,P052,20/05/1985,3
tblCulture.csv,tattoo,date,P052,22/05/1990,3
tblCulture.csv,tattoo,date,P052,23/05/1989,3
tblCulture.csv,tattoo,date,P052,28/07/1992,5
tblCulture.csv,tattoo,date,P052,28/10/1987,3
tblCulture.csv,tattoo,date,P052,31/07/1984,3
tblCulture.csv,tattoo,date,P052,31/07/1990,3
tblCulture.csv,tattoo,date,P053,01/11/1983,3
tblCulture.csv,tattoo,date,P053,06/12/1983,3
tblCulture.csv,tattoo,date,P053,14/02/1984,2
tblCulture.csv,tattoo,date,P053,17/08/1983,3
tblCulture.csv,tattoo,date,P053,20/05/1985,2
tblCulture.csv,tattoo,date,P054,01/08/1984,2
tblCulture.csv,tattoo,date,P054,01/08/1990,3
tblCulture.csv,tattoo,date,P054,01/11/1983,3
tblCulture.csv,tattoo,date,P054,03/08/1993,3
tblCulture.csv,tattoo,date,P054,04/07/1985,2
tblCulture.csv,tattoo,date,P054,06/11/1985,3
tblCulture.csv,tattoo,date,P054,06/12/1983,3
tblCulture.csv,tattoo,date,P054,12/05/1987,3
tblCulture.csv,tattoo,date,P054,14/02/1984,3
tblCulture.csv,tattoo,date,P054,17/08/1983,2
tblCulture.csv,tattoo,date,P054,17/10/1989,3
tblCulture.csv,tattoo,date,P054,17/10/1990,3
tblCulture.csv,tattoo,date,P054,19/05/1992,3
tblCulture.csv,tattoo,date,P054,19/07/1988,3
tblCulture.csv,tattoo,date,P054,19/08/1987,2
tblCulture.csv,tattoo,date,P054,21/05/1985,2
tblCulture.csv,tattoo,date,P054,23/05/1989,3
tblCulture.csv,tattoo,date,P054,29/10/1991,3
tblCulture.csv,tattoo,date,P055,06/09/1983,4
tblCulture.csv,tattoo,date,P055,20/09/1983,3
tblCulture.csv,tattoo,date,P055,24/10/1983,4
tblCulture.csv,tattoo,date,P056,07/09/1983,3
tblCulture.csv,tattoo,date,P057,06/09/1983,4
tblCulture.csv,tattoo,date,P058,07/11/1984,2
tblCulture.csv,tattoo,date,P058,14/08/1985,3
tblCulture.csv,tattoo,date,P058,15/05/1984,4
tblCulture.csv,tattoo,date,P058,20/09/1983,3
tblCulture.csv,tattoo,date,P058,29/05/1985,2
tblCulture.csv,tattoo,date,P058,31/07/1984,2
tblCulture.csv,tattoo,date,P059,01/08/1984,2
tblCulture.csv,tattoo,date,P059,01/11/1983,3
tblCulture.csv,tattoo,date,P059,12/05/1986,2
tblCulture.csv,tattoo,date,P059,14/02/1984,3
tblCulture.csv,tattoo,date,P059,16/05/1984,2
tblCulture.csv,tattoo,date,P059,18/02/1985,2
tblCulture.csv,tattoo,date,P059,20/09/1983,2
tblCulture.csv,tattoo,date,Q001,04/10/2000,3
tblCulture.csv,tattoo,date,Q001,13/10/1999,3
tblCulture.csv,tattoo,date,Q001,17/08/1999,3
tblCulture.csv,tattoo,date,Q001,21/09/1999,3
tblCulture.csv,tattoo,date,Q001,24/07/2001,2
tblCulture.csv,tattoo,date,Q001,26/01/1999,3
tblCulture.csv,tattoo,date,Q001,26/05/1999,3
tblCulture.csv,tattoo,date,Q002,01/07/2002,4
tblCulture.csv,tattoo,date,Q002,23/05/2000,3
tblCulture.csv,tattoo,date,Q002,26/01/1999,3
tblCulture.csv,tattoo,date,Q003,11/01/2000,3
tblCulture.csv,tattoo,date,Q003,17/08/2000,3
tblCulture.csv,tattoo,date,Q003,27/01/1999,3
tblCulture.csv,tattoo,date,Q004,11/02/1999,3
tblCulture.csv,tattoo,date,Q005,23/02/1999,4
tblCulture.csv,tattoo,date,Q005,31/05/1999,5
tblCulture.csv,tattoo,date,Q006,09/02/2003,5
tblCulture.csv,tattoo,date,Q006,23/02/1999,3
tblCulture.csv,tattoo,date,Q007,01/08/2006,3
tblCulture.csv,tattoo,date,Q007,04/08/1999,3
tblCulture.csv,tattoo,date,Q007,06/07/2004,3
tblCulture.csv,tattoo,date,Q007,07/07/1999,2
tblCulture.csv,tattoo,date,Q007,07/09/1999,3
tblCulture.csv,tattoo,date,Q007,08/02/2000,3
tblCulture.csv,tattoo,date,Q007,08/08/2001,2
tblCulture.csv,tattoo,date,Q007,10/09/2002,2
tblCulture.csv,tattoo,date,Q007,18/09/2001,2
tblCulture.csv,tattoo,date,Q007,21/08/2002,2
tblCulture.csv,tattoo,date,Q007,23/02/1999,3
tblCulture.csv,tattoo,date,Q007,27/10/2009,4
tblCulture.csv,tattoo,date,Q008,05/08/2003,3
tblCulture.csv,tattoo,date,Q008,12/10/1999,3
tblCulture.csv,tattoo,date,Q008,13/09/2005,3
tblCulture.csv,tattoo,date,Q008,15/02/2000,3
tblCulture.csv,tattoo,date,Q008,17/08/1999,3
tblCulture.csv,tattoo,date,Q008,20/07/1999,2
tblCulture.csv,tattoo,date,Q008,21/09/1999,2
tblCulture.csv,tattoo,date,Q008,24/05/2000,2
tblCulture.csv,tattoo,date,Q008,25/05/1999,2
tblCulture.csv,tattoo,date,Q008,29/05/2002,2
tblCulture.csv,tattoo,date,Q009,12/10/1999,3
tblCulture.csv,tattoo,date,Q009,17/08/1999,2
tblCulture.csv,tattoo,date,Q009,21/07/1999,2
tblCulture.csv,tattoo,date,Q009,21/09/1999,2
tblCulture.csv,tattoo,date,Q009,25/05/1999,3
tblCulture.csv,tattoo,date,Q009,29/11/1999,2
tblCulture.csv,tattoo,date,Q010,05/07/1999,5
tblCulture.csv,tattoo,date,Q010,25/05/1999,3
tblCulture.csv,tattoo,date,Q011,20/07/1999,3
tblCulture.csv,tattoo,date,Q011,25/05/1999,3
tblCulture.csv,tattoo,date,Q012,05/09/2000,3
tblCulture.csv,tattoo,date,Q012,11/01/2000,3
tblCulture.csv,tattoo,date,Q012,13/05/2003,3
tblCulture.csv,tattoo,date,Q012,20/07/1999,3
tblCulture.csv,tattoo,date,Q012,22/09/1999,4
tblCulture.csv,tattoo,date,Q012,24/05/2000,3
tblCulture.csv,tattoo,date,Q012,25/05/1999,3
tblCulture.csv,tattoo,date,Q013,25/05/1999,2
tblCulture.csv,tattoo,date,Q014,05/09/2000,3
tblCulture.csv,tattoo,date,Q014,11/01/2000,3
tblCulture.csv,tattoo,date,Q014,20/07/1999,2
tblCulture.csv,tattoo,date,Q014,21/09/1999,3
tblCulture.csv,tattoo,date,Q014,23/05/2000,3
tblCulture.csv,tattoo,date,Q014,25/05/1999,2
tblCulture.csv,tattoo,date,Q015,05/09/2000,3
tblCulture.csv,tattoo,date,Q015,05/09/2001,3
tblCulture.csv,tattoo,date,Q015,16/10/2001,3
tblCulture.csv,tattoo,date,Q015,20/07/1999,3
tblCulture.csv,tattoo,date,Q015,20/10/2004,2
tblCulture.csv,tattoo,date,Q015,21/03/2005,5
tblCulture.csv,tattoo,date,Q015,23/05/2000,3
tblCulture.csv,tattoo,date,Q015,24/07/2001,3
tblCulture.csv,tattoo,date,Q015,24/08/2004,2
tblCulture.csv,tattoo,date,Q015,25/05/1999,3
tblCulture.csv,tattoo,date,Q015,26/05/2004,3
tblCulture.csv,tattoo,date,Q015,28/10/2003,3
tblCulture.csv,tattoo,date,Q016,11/01/2000,2
tblCulture.csv,tattoo,date,Q016,20/07/1999,3
tblCulture.csv,tattoo,date,Q016,21/09/1999,3
tblCulture.csv,tattoo,date,Q017,26/05/1999,3
tblCulture.csv,tattoo,date,Q018,20/07/1999,2
tblCulture.csv,tattoo,date,Q018,26/05/1999,3
tblCulture.csv,tattoo,date,Q019,26/05/1999,3
tblCulture.csv,tattoo,date,Q020,26/05/1999,2
tblCulture.csv,tattoo,date,Q021,26/05/1999,3
tblCulture.csv,tattoo,date,Q022,20/07/1999,3
tblCulture.csv,tattoo,date,Q022,26/05/1999,2
tblCulture.csv,tattoo,date,Q023,20/07/1999,2
tblCulture.csv,tattoo,date,Q023,26/05/1999,2
tblCulture.csv,tattoo,date,Q024,20/07/1999,3
tblCulture.csv,tattoo,date,Q024,26/05/1999,3
tblCulture.csv,tattoo,date,Q025,21/07/1999,2
tblCulture.csv,tattoo,date,Q025,26/05/1999,2
tblCulture.csv,tattoo,date,Q026,04/10/2000,3
tblCulture.csv,tattoo,date,Q026,06/08/2002,3
tblCulture.csv,tattoo,date,Q026,20/07/1999,2
tblCulture.csv,tattoo,date,Q026,22/09/1999,2
tblCulture.csv,tattoo,date,Q026,26/05/1999,2
tblCulture.csv,tattoo,date,Q027,12/01/2000,3
tblCulture.csv,tattoo,date,Q027,20/07/1999,3
tblCulture.csv,tattoo,date,Q027,24/05/2000,3
tblCulture.csv,tattoo,date,Q027,26/05/1999,3
tblCulture.csv,tattoo,date,Q028,04/05/2011,3
tblCulture.csv,tattoo,date,Q028,04/09/2001,3
tblCulture.csv,tattoo,date,Q028,04/10/2000,3
tblCulture.csv,tattoo,date,Q028,05/08/2003,2
tblCulture.csv,tattoo,date,Q028,06/08/2002,3
tblCulture.csv,tattoo,date,Q028,07/05/2008,3
tblCulture.csv,tattoo,date,Q028,07/09/2010,4
tblCulture.csv,tattoo,date,Q028,09/12/2008,4
tblCulture.csv,tattoo,date,Q028,11/01/2000,3
tblCulture.csv,tattoo,date,Q028,11/05/2010,3
tblCulture.csv,tattoo,date,Q028,12/10/1999,3
tblCulture.csv,tattoo,date,Q028,16/10/2001,2
tblCulture.csv,tattoo,date,Q028,17/08/1999,2
tblCulture.csv,tattoo,date,Q028,19/07/2006,2
tblCulture.csv,tattoo,date,Q028,19/10/2004,3
tblCulture.csv,tattoo,date,Q028,20/07/1999,2
tblCulture.csv,tattoo,date,Q028,20/07/2005,2
tblCulture.csv,tattoo,date,Q028,21/09/1999,3
tblCulture.csv,tattoo,date,Q028,22/07/2008,3
tblCulture.csv,tattoo,date,Q028,22/10/2002,3
tblCulture.csv,tattoo,date,Q028,23/05/2000,2
tblCulture.csv,tattoo,date,Q028,24/07/2001,2
tblCulture.csv,tattoo,date,Q028,26/05/1999,2
tblCulture.csv,tattoo,date,Q028,28/05/2002,2
tblCulture.csv,tattoo,date,Q028,28/10/2003,3
tblCulture.csv,tattoo,date,Q029,03/08/1999,2
tblCulture.csv,tattoo,date,Q029,20/06/2000,3
tblCulture.csv,tattoo,date,Q029,22/06/1999,2
tblCulture.csv,tattoo,date,Q029,22/08/2000,3
tblCulture.csv,tattoo,date,Q029,22/08/2001,3
tblCulture.csv,tattoo,date,Q029,25/01/2000,2
tblCulture.csv,tattoo,date,Q030,03/08/1999,2
tblCulture.csv,tattoo,date,Q030,22/06/1999,2
tblCulture.csv,tattoo,date,Q031,02/10/2001,3
tblCulture.csv,tattoo,date,Q031,03/08/1999,3
tblCulture.csv,tattoo,date,Q031,08/06/2004,2
tblCulture.csv,tattoo,date,Q031,20/06/2000,4
tblCulture.csv,tattoo,date,Q031,21/08/2001,2
tblCulture.csv,tattoo,date,Q031,22/06/1999,2
tblCulture.csv,tattoo,date,Q031,22/08/2000,3
tblCulture.csv,tattoo,date,Q031,25/01/2000,3
tblCulture.csv,tattoo,date,Q031,26/06/2001,2
tblCulture.csv,tattoo,date,Q031,26/10/1999,3
tblCulture.csv,tattoo,date,Q032,03/08/1999,3
tblCulture.csv,tattoo,date,Q032,18/06/2002,2
tblCulture.csv,tattoo,date,Q032,20/06/2000,3
tblCulture.csv,tattoo,date,Q032,21/08/2001,2
tblCulture.csv,tattoo,date,Q032,22/06/1999,3
tblCulture.csv,tattoo,date,Q032,25/01/2000,3
tblCulture.csv,tattoo,date,Q032,26/06/2001,2
tblCulture.csv,tattoo,date,Q032,26/10/1999,3
tblCulture.csv,tattoo,date,Q032,28/11/2000,3
tblCulture.csv,tattoo,date,Q033,01/08/2006,4
tblCulture.csv,tattoo,date,Q033,02/08/2005,2
tblCulture.csv,tattoo,date,Q033,03/08/1999,2
tblCulture.csv,tattoo,date,Q033,07/06/2005,2
tblCulture.csv,tattoo,date,Q033,08/06/2004,2
tblCulture.csv,tattoo,date,Q033,16/05/2006,4
tblCulture.csv,tattoo,date,Q033,18/06/2002,2
tblCulture.csv,tattoo,date,Q033,19/08/2003,2
tblCulture.csv,tattoo,date,Q033,20/06/2000,3
tblCulture.csv,tattoo,date,Q033,20/08/2002,2
tblCulture.csv,tattoo,date,Q033,21/08/2001,2
tblCulture.csv,tattoo,date,Q033,22/08/2000,3
tblCulture.csv,tattoo,date,Q033,22/09/2004,2
tblCulture.csv,tattoo,date,Q033,25/01/2000,3
tblCulture.csv,tattoo,date,Q033,26/10/1999,3
tblCulture.csv,tattoo,date,Q033,31/10/2000,3
tblCulture.csv,tattoo,date,Q034,22/06/1999,3
tblCulture.csv,tattoo,date,Q035,22/06/1999,2
tblCulture.csv,tattoo,date,Q036,02/09/2003,3
tblCulture.csv,tattoo,date,Q036,04/07/2000,2
tblCulture.csv,tattoo,date,Q036,07/08/2001,3
tblCulture.csv,tattoo,date,Q036,08/02/2000,3
tblCulture.csv,tattoo,date,Q036,08/09/1999,3
tblCulture.csv,tattoo,date,Q036,09/11/1999,3
tblCulture.csv,tattoo,date,Q036,10/09/2002,2
tblCulture.csv,tattoo,date,Q036,13/06/2001,2
tblCulture.csv,tattoo,date,Q036,15/08/2006,2
tblCulture.csv,tattoo,date,Q036,16/08/2005,2
tblCulture.csv,tattoo,date,Q036,18/09/2001,2
tblCulture.csv,tattoo,date,Q036,20/09/2000,2
tblCulture.csv,tattoo,date,Q036,21/06/2005,3
tblCulture.csv,tattoo,date,Q036,22/06/1999,3
tblCulture.csv,tattoo,date,Q036,28/11/2000,3
tblCulture.csv,tattoo,date,Q036,31/01/2007,2
tblCulture.csv,tattoo,date,Q037,22/06/1999,3
tblCulture.csv,tattoo,date,Q038,12/10/1999,3
tblCulture.csv,tattoo,date,Q038,17/08/1999,3
tblCulture.csv,tattoo,date,Q038,22/06/1999,3
tblCulture.csv,tattoo,date,Q038,25/01/2000,4
tblCulture.csv,tattoo,date,Q038,29/11/1999,2
tblCulture.csv,tattoo,date,Q039,02/10/2001,2
tblCulture.csv,tattoo,date,Q039,03/08/1999,3
tblCulture.csv,tattoo,date,Q039,19/06/2002,3
tblCulture.csv,tattoo,date,Q039,19/11/2002,4
tblCulture.csv,tattoo,date,Q039,20/06/2000,2
tblCulture.csv,tattoo,date,Q039,20/08/2002,4
tblCulture.csv,tattoo,date,Q039,21/08/2001,3
tblCulture.csv,tattoo,date,Q039,22/06/1999,3
tblCulture.csv,tattoo,date,Q039,23/08/2000,3
tblCulture.csv,tattoo,date,Q039,26/01/2000,3
tblCulture.csv,tattoo,date,Q039,26/06/2001,2
tblCulture.csv,tattoo,date,Q039,26/10/1999,3
tblCulture.csv,tattoo,date,Q040,22/06/1999,3
tblCulture.csv,tattoo,date,Q041,22/06/1999,3
tblCulture.csv,tattoo,date,Q041,25/01/2000,3
tblCulture.csv,tattoo,date,Q042,22/06/1999,3
tblCulture.csv,tattoo,date,Q043,03/08/1999,2
tblCulture.csv,tattoo,date,Q043,22/06/1999,2
tblCulture.csv,tattoo,date,Q044,22/06/1999,2
tblCulture.csv,tattoo,date,Q045,22/06/1999,2
tblCulture.csv,tattoo,date,Q046,02/10/2001,3
tblCulture.csv,tattoo,date,Q046,03/08/1999,2
tblCulture.csv,tattoo,date,Q046,12/10/1999,2
tblCulture.csv,tattoo,date,Q046,15/02/2000,3
tblCulture.csv,tattoo,date,Q046,17/08/1999,2
tblCulture.csv,tattoo,date,Q046,18/07/2000,3
tblCulture.csv,tattoo,date,Q046,21/06/2000,2
tblCulture.csv,tattoo,date,Q046,22/06/1999,3
tblCulture.csv,tattoo,date,Q046,26/10/1999,3
tblCulture.csv,tattoo,date,Q047,03/08/1999,3
tblCulture.csv,tattoo,date,Q047,12/10/1999,3
tblCulture.csv,tattoo,date,Q047,17/08/1999,3
tblCulture.csv,tattoo,date,Q047,22/06/1999,3
tblCulture.csv,tattoo,date,Q047,26/10/1999,3
tblCulture.csv,tattoo,date,Q048,02/10/2001,2
tblCulture.csv,tattoo,date,Q048,03/08/1999,3
tblCulture.csv,tattoo,date,Q048,20/06/2000,3
tblCulture.csv,tattoo,date,Q048,22/06/1999,3
tblCulture.csv,tattoo,date,Q048,22/08/2000,3
tblCulture.csv,tattoo,date,Q048,26/06/2001,2
tblCulture.csv,tattoo,date,Q048,31/10/2000,3
tblCulture.csv,tattoo,date,Q049,03/08/1999,3
tblCulture.csv,tattoo,date,Q049,13/06/2001,2
tblCulture.csv,tattoo,date,Q049,21/08/2001,2
tblCulture.csv,tattoo,date,Q049,22/06/1999,3
tblCulture.csv,tattoo,date,Q049,22/08/2000,3
tblCulture.csv,tattoo,date,Q049,26/01/2000,2
tblCulture.csv,tattoo,date,Q049,26/10/1999,2
tblCulture.csv,tattoo,date,Q050,04/08/1999,3
tblCulture.csv,tattoo,date,Q050,22/06/1999,3
tblCulture.csv,tattoo,date,Q051,03/08/1999,2
tblCulture.csv,tattoo,date,Q051,04/08/1999,5
tblCulture.csv,tattoo,date,Q051,22/06/1999,2
tblCulture.csv,tattoo,date,Q052,03/08/1999,3
tblCulture.csv,tattoo,date,Q052,20/06/2000,3
tblCulture.csv,tattoo,date,Q052,21/08/2001,2
tblCulture.csv,tattoo,date,Q052,22/06/1999,3
tblCulture.csv,tattoo,date,Q052,22/08/2000,3
tblCulture.csv,tattoo,date,Q052,25/01/2000,3
tblCulture.csv,tattoo,date,Q052,26/10/1999,3
tblCulture.csv,tattoo,date,Q053,03/08/1999,3
tblCulture.csv,tattoo,date,Q053,22/06/1999,3
tblCulture.csv,tattoo,date,Q053,22/08/2000,4
tblCulture.csv,tattoo,date,Q053,26/01/2000,3
tblCulture.csv,tattoo,date,Q053,27/10/1999,3
tblCulture.csv,tattoo,date,Q054,20/06/2000,2
tblCulture.csv,tattoo,date,Q054,23/06/1999,3
tblCulture.csv,tattoo,date,Q054,27/10/1999,3
tblCulture.csv,tattoo,date,Q055,23/06/1999,3
tblCulture.csv,tattoo,date,Q056,23/06/1999,3
tblCulture.csv,tattoo,date,Q057,23/06/1999,2
tblCulture.csv,tattoo,date,Q058,04/08/1999,2
tblCulture.csv,tattoo,date,Q058,23/06/1999,3
tblCulture.csv,tattoo,date,Q058,25/01/2000,3
tblCulture.csv,tattoo,date,Q058,26/10/1999,3
tblCulture.csv,tattoo,date,Q059,04/07/2001,2
tblCulture.csv,tattoo,date,Q059,04/08/1999,3
tblCulture.csv,tattoo,date,Q059,12/10/1999,2
tblCulture.csv,tattoo,date,Q059,18/08/1999,3
tblCulture.csv,tattoo,date,Q059,19/07/2000,3
tblCulture.csv,tattoo,date,Q059,20/06/2000,2
tblCulture.csv,tattoo,date,Q059,21/08/2001,3
tblCulture.csv,tattoo,date,Q059,22/08/2000,3
tblCulture.csv,tattoo,date,Q059,23/06/1999,3
tblCulture.csv,tattoo,date,Q059,26/01/2000,2
tblCulture.csv,tattoo,date,Q059,26/10/1999,3
tblCulture.csv,tattoo,date,Q060,06/07/1999,3
tblCulture.csv,tattoo,date,Q060,08/09/1999,3
tblCulture.csv,tattoo,date,Q060,09/11/1999,3
tblCulture.csv,tattoo,date,Q060,10/07/2002,2
tblCulture.csv,tattoo,date,Q060,11/09/2002,2
tblCulture.csv,tattoo,date,Q060,13/06/2001,2
tblCulture.csv,tattoo,date,Q061,06/07/1999,3
tblCulture.csv,tattoo,date,Q061,09/02/2000,3
tblCulture.csv,tattoo,date,Q062,06/07/1999,2
tblCulture.csv,tattoo,date,Q063,06/07/1999,2
tblCulture.csv,tattoo,date,Q064,04/07/2000,3
tblCulture.csv,tattoo,date,Q064,06/07/1999,2
tblCulture.csv,tattoo,date,Q064,07/09/1999,3
tblCulture.csv,tattoo,date,Q064,08/02/2000,3
tblCulture.csv,tattoo,date,Q064,09/11/1999,2
tblCulture.csv,tattoo,date,Q064,17/10/2000,3
tblCulture.csv,tattoo,date,Q065,06/07/1999,2
tblCulture.csv,tattoo,date,Q065,07/09/1999,3
tblCulture.csv,tattoo,date,Q065,10/09/2002,3
tblCulture.csv,tattoo,date,Q065,11/09/2007,4
tblCulture.csv,tattoo,date,Q065,12/06/2001,3
tblCulture.csv,tattoo,date,Q065,17/10/2000,3
tblCulture.csv,tattoo,date,Q065,18/09/2001,2
tblCulture.csv,tattoo,date,Q065,19/09/2000,3
tblCulture.csv,tattoo,date,Q065,21/04/2008,6
tblCulture.csv,tattoo,date,Q066,04/07/2000,3
tblCulture.csv,tattoo,date,Q066,05/06/2007,3
tblCulture.csv,tattoo,date,Q066,06/07/1999,2
tblCulture.csv,tattoo,date,Q066,06/11/2007,4
tblCulture.csv,tattoo,date,Q066,07/08/2001,3
tblCulture.csv,tattoo,date,Q066,07/09/1999,3
tblCulture.csv,tattoo,date,Q066,08/01/2008,4
tblCulture.csv,tattoo,date,Q066,12/06/2001,3
tblCulture.csv,tattoo,date,Q066,22/06/2005,2
tblCulture.csv,tattoo,date,Q067,04/07/2000,3
tblCulture.csv,tattoo,date,Q067,06/07/1999,3
tblCulture.csv,tattoo,date,Q067,07/02/2001,4
tblCulture.csv,tattoo,date,Q067,07/08/2001,4
tblCulture.csv,tattoo,date,Q067,07/09/1999,3
tblCulture.csv,tattoo,date,Q067,09/02/2000,3
tblCulture.csv,tattoo,date,Q067,09/11/1999,3
tblCulture.csv,tattoo,date,Q067,12/06/2001,4
tblCulture.csv,tattoo,date,Q067,17/08/2000,3
tblCulture.csv,tattoo,date,Q067,19/09/2000,3
tblCulture.csv,tattoo,date,Q067,19/09/2001,3
tblCulture.csv,tattoo,date,Q067,29/11/2000,3
tblCulture.csv,tattoo,date,Q068,06/07/1999,2
tblCulture.csv,tattoo,date,Q068,16/08/1999,5
tblCulture.csv,tattoo,date,Q069,06/07/1999,3
tblCulture.csv,tattoo,date,Q069,07/09/1999,3
tblCulture.csv,tattoo,date,Q069,08/02/2000,4
tblCulture.csv,tattoo,date,Q069,09/11/1999,3
tblCulture.csv,tattoo,date,Q069,18/10/2000,3
tblCulture.csv,tattoo,date,Q069,19/09/2000,3
tblCulture.csv,tattoo,date,Q069,28/11/2000,3
tblCulture.csv,tattoo,date,Q070,04/07/2000,3
tblCulture.csv,tattoo,date,Q070,07/02/2001,3
tblCulture.csv,tattoo,date,Q070,07/07/1999,2
tblCulture.csv,tattoo,date,Q070,07/08/2001,3
tblCulture.csv,tattoo,date,Q070,08/02/2000,3
tblCulture.csv,tattoo,date,Q070,08/09/1999,2
tblCulture.csv,tattoo,date,Q070,09/11/1999,3
tblCulture.csv,tattoo,date,Q070,24/10/2001,7
tblCulture.csv,tattoo,date,Q071,07/07/1999,3
tblCulture.csv,tattoo,date,Q072,03/09/2003,2
tblCulture.csv,tattoo,date,Q072,04/06/2003,2
tblCulture.csv,tattoo,date,Q072,04/07/2000,3
tblCulture.csv,tattoo,date,Q072,07/07/1999,3
tblCulture.csv,tattoo,date,Q072,07/09/1999,3
tblCulture.csv,tattoo,date,Q072,09/11/1999,3
tblCulture.csv,tattoo,date,Q072,10/07/2002,2
tblCulture.csv,tattoo,date,Q072,12/06/2001,3
tblCulture.csv,tattoo,date,Q072,17/08/2005,2
tblCulture.csv,tattoo,date,Q072,17/10/2000,3
tblCulture.csv,tattoo,date,Q072,19/09/2000,3
tblCulture.csv,tattoo,date,Q072,22/06/2005,2
tblCulture.csv,tattoo,date,Q072,24/05/2006,2
tblCulture.csv,tattoo,date,Q073,07/07/1999,3
tblCulture.csv,tattoo,date,Q073,08/09/1999,3
tblCulture.csv,tattoo,date,Q073,09/02/2000,3
tblCulture.csv,tattoo,date,Q074,02/09/2003,3
tblCulture.csv,tattoo,date,Q074,03/06/2003,2
tblCulture.csv,tattoo,date,Q074,03/06/2008,3
tblCulture.csv,tattoo,date,Q074,04/07/2000,4
tblCulture.csv,tattoo,date,Q074,05/06/2007,2
tblCulture.csv,tattoo,date,Q074,07/07/1999,3
tblCulture.csv,tattoo,date,Q074,07/07/2004,2
tblCulture.csv,tattoo,date,Q074,07/09/1999,3
tblCulture.csv,tattoo,date,Q074,08/02/2000,3
tblCulture.csv,tattoo,date,Q074,09/07/2002,2
tblCulture.csv,tattoo,date,Q074,09/11/1999,2
tblCulture.csv,tattoo,date,Q074,10/09/2002,3
tblCulture.csv,tattoo,date,Q074,11/09/2007,4
tblCulture.csv,tattoo,date,Q074,11/10/2005,3
tblCulture.csv,tattoo,date,Q074,12/06/2001,3
tblCulture.csv,tattoo,date,Q074,15/08/2006,3
tblCulture.csv,tattoo,date,Q074,16/08/2005,3
tblCulture.csv,tattoo,date,Q074,17/10/2000,3
tblCulture.csv,tattoo,date,Q074,18/09/2001,2
tblCulture.csv,tattoo,date,Q074,19/08/2003,2
tblCulture.csv,tattoo,date,Q074,19/09/2000,3
tblCulture.csv,tattoo,date,Q074,21/06/2005,3
tblCulture.csv,tattoo,date,Q074,25/11/2003,3
tblCulture.csv,tattoo,date,Q075,05/09/2000,3
tblCulture.csv,tattoo,date,Q075,20/07/1999,2
tblCulture.csv,tattoo,date,Q075,22/09/1999,3
tblCulture.csv,tattoo,date,Q076,20/07/1999,3
tblCulture.csv,tattoo,date,Q077,05/08/2003,2
tblCulture.csv,tattoo,date,Q077,05/09/2000,3
tblCulture.csv,tattoo,date,Q077,07/08/2002,3
tblCulture.csv,tattoo,date,Q077,11/01/2000,3
tblCulture.csv,tattoo,date,Q077,20/07/1999,3
tblCulture.csv,tattoo,date,Q077,22/09/1999,3
tblCulture.csv,tattoo,date,Q077,25/05/2004,2
tblCulture.csv,tattoo,date,Q078,03/10/2000,3
tblCulture.csv,tattoo,date,Q078,05/09/2000,3
tblCulture.csv,tattoo,date,Q078,06/08/2002,3
tblCulture.csv,tattoo,date,Q078,12/01/2000,3
tblCulture.csv,tattoo,date,Q078,20/07/1999,3
tblCulture.csv,tattoo,date,Q078,22/10/2002,3
tblCulture.csv,tattoo,date,Q078,24/05/2000,3
tblCulture.csv,tattoo,date,Q078,24/07/2001,3
tblCulture.csv,tattoo,date,Q079,03/10/2000,3
tblCulture.csv,tattoo,date,Q079,05/09/2000,3
tblCulture.csv,tattoo,date,Q079,20/07/1999,3
tblCulture.csv,tattoo,date,Q079,22/09/1999,2
tblCulture.csv,tattoo,date,Q079,23/05/2000,3
tblCulture.csv,tattoo,date,Q080,11/01/2000,3
tblCulture.csv,tattoo,date,Q080,15/10/1999,3
tblCulture.csv,tattoo,date,Q080,20/07/1999,3
tblCulture.csv,tattoo,date,Q080,21/09/1999,3
tblCulture.csv,tattoo,date,Q081,02/06/2009,4
tblCulture.csv,tattoo,date,Q081,03/11/2009,4
tblCulture.csv,tattoo,date,Q081,05/09/2000,3
tblCulture.csv,tattoo,date,Q081,05/09/2001,2
tblCulture.csv,tattoo,date,Q081,06/08/2002,3
tblCulture.csv,tattoo,date,Q081,07/09/2010,3
tblCulture.csv,tattoo,date,Q081,12/01/2000,3
tblCulture.csv,tattoo,date,Q081,12/10/1999,3
tblCulture.csv,tattoo,date,Q081,12/10/2010,4
tblCulture.csv,tattoo,date,Q081,14/09/2005,3
tblCulture.csv,tattoo,date,Q081,15/12/2009,4
tblCulture.csv,tattoo,date,Q081,17/08/1999,2
tblCulture.csv,tattoo,date,Q081,18/07/2006,3
tblCulture.csv,tattoo,date,Q081,19/07/2005,3
tblCulture.csv,tattoo,date,Q081,20/07/1999,3
tblCulture.csv,tattoo,date,Q081,21/07/2009,4
tblCulture.csv,tattoo,date,Q081,21/09/1999,2
tblCulture.csv,tattoo,date,Q081,22/07/2008,4
tblCulture.csv,tattoo,date,Q081,22/10/2002,2
tblCulture.csv,tattoo,date,Q081,23/05/2000,3
tblCulture.csv,tattoo,date,Q081,24/05/2005,2
tblCulture.csv,tattoo,date,Q081,24/07/2001,2
tblCulture.csv,tattoo,date,Q081,24/08/2004,3
tblCulture.csv,tattoo,date,Q081,24/10/2006,3
tblCulture.csv,tattoo,date,Q081,24/10/2007,3
tblCulture.csv,tattoo,date,Q081,28/10/2003,3
tblCulture.csv,tattoo,date,Q082,12/10/1999,2
tblCulture.csv,tattoo,date,Q082,15/02/2000,5
tblCulture.csv,tattoo,date,Q082,20/07/1999,2
tblCulture.csv,tattoo,date,Q082,21/09/1999,2
tblCulture.csv,tattoo,date,Q083,06/09/2000,2
tblCulture.csv,tattoo,date,Q083,11/01/2000,3
tblCulture.csv,tattoo,date,Q083,12/10/1999,3
tblCulture.csv,tattoo,date,Q083,15/02/2000,3
tblCulture.csv,tattoo,date,Q083,17/08/1999,3
tblCulture.csv,tattoo,date,Q083,18/07/2000,2
tblCulture.csv,tattoo,date,Q083,22/09/1999,3
tblCulture.csv,tattoo,date,Q083,23/05/2000,3
tblCulture.csv,tattoo,date,Q083,25/07/2001,2
tblCulture.csv,tattoo,date,Q084,03/10/2000,3
tblCulture.csv,tattoo,date,Q084,04/09/2002,5
tblCulture.csv,tattoo,date,Q084,05/09/2000,2
tblCulture.csv,tattoo,date,Q084,07/08/2002,3
tblCulture.csv,tattoo,date,Q084,11/01/2000,4
tblCulture.csv,tattoo,date,Q084,21/07/1999,3
tblCulture.csv,tattoo,date,Q084,21/09/1999,3
tblCulture.csv,tattoo,date,Q084,23/05/2000,2
tblCulture.csv,tattoo,date,Q084,24/07/2001,2
tblCulture.csv,tattoo,date,Q084,26/06/2001,3
tblCulture.csv,tattoo,date,Q084,29/05/2002,2
tblCulture.csv,tattoo,date,Q085,03/08/1999,2
tblCulture.csv,tattoo,date,Q085,04/09/2001,5
tblCulture.csv,tattoo,date,Q085,12/10/1999,3
tblCulture.csv,tattoo,date,Q085,17/08/1999,3
tblCulture.csv,tattoo,date,Q085,18/07/2000,3
tblCulture.csv,tattoo,date,Q085,21/08/2001,3
tblCulture.csv,tattoo,date,Q085,22/08/2000,3
tblCulture.csv,tattoo,date,Q085,25/01/2000,2
tblCulture.csv,tattoo,date,Q085,26/10/1999,3
tblCulture.csv,tattoo,date,Q085,31/10/2000,3
tblCulture.csv,tattoo,date,Q086,03/08/1999,3
tblCulture.csv,tattoo,date,Q086,13/06/2001,2
tblCulture.csv,tattoo,date,Q086,20/06/2000,3
tblCulture.csv,tattoo,date,Q086,22/08/2000,3
tblCulture.csv,tattoo,date,Q086,23/01/2001,3
tblCulture.csv,tattoo,date,Q086,25/01/2000,3
tblCulture.csv,tattoo,date,Q086,26/10/1999,3
tblCulture.csv,tattoo,date,Q087,05/09/2000,3
tblCulture.csv,tattoo,date,Q087,11/01/2000,3
tblCulture.csv,tattoo,date,Q087,12/10/1999,3
tblCulture.csv,tattoo,date,Q087,15/02/2000,4
tblCulture.csv,tattoo,date,Q087,17/08/1999,3
tblCulture.csv,tattoo,date,Q087,19/07/2000,3
tblCulture.csv,tattoo,date,Q087,19/07/2005,3
tblCulture.csv,tattoo,date,Q087,19/09/2007,6
tblCulture.csv,tattoo,date,Q087,22/09/1999,2
tblCulture.csv,tattoo,date,Q088,07/09/1999,3
tblCulture.csv,tattoo,date,Q088,09/02/2000,5
tblCulture.csv,tattoo,date,Q088,18/10/2000,2
tblCulture.csv,tattoo,date,Q088,19/09/2000,4
tblCulture.csv,tattoo,date,Q089,07/09/1999,2
tblCulture.csv,tattoo,date,Q090,04/06/2003,2
tblCulture.csv,tattoo,date,Q090,07/09/1999,3
tblCulture.csv,tattoo,date,Q090,09/02/2000,3
tblCulture.csv,tattoo,date,Q090,10/07/2002,2
tblCulture.csv,tattoo,date,Q091,07/09/1999,2
tblCulture.csv,tattoo,date,Q091,08/10/2001,6
tblCulture.csv,tattoo,date,Q092,07/09/1999,3
tblCulture.csv,tattoo,date,Q093,04/07/2000,2
tblCulture.csv,tattoo,date,Q093,05/09/2001,5
tblCulture.csv,tattoo,date,Q093,07/09/1999,3
tblCulture.csv,tattoo,date,Q093,09/02/2000,3
tblCulture.csv,tattoo,date,Q093,09/11/1999,3
tblCulture.csv,tattoo,date,Q093,12/06/2001,3
tblCulture.csv,tattoo,date,Q093,17/10/2000,3
tblCulture.csv,tattoo,date,Q094,02/09/2003,3
tblCulture.csv,tattoo,date,Q094,05/02/2002,2
tblCulture.csv,tattoo,date,Q094,05/06/2007,4
tblCulture.csv,tattoo,date,Q094,07/02/2001,3
tblCulture.csv,tattoo,date,Q094,07/08/2001,2
tblCulture.csv,tattoo,date,Q094,07/09/1999,2
tblCulture.csv,tattoo,date,Q094,08/02/2000,3
tblCulture.csv,tattoo,date,Q094,09/07/2002,3
tblCulture.csv,tattoo,date,Q094,12/06/2001,3
tblCulture.csv,tattoo,date,Q094,12/10/2005,2
tblCulture.csv,tattoo,date,Q094,16/08/2005,2
tblCulture.csv,tattoo,date,Q094,20/08/2008,3
tblCulture.csv,tattoo,date,Q095,08/02/2000,2
tblCulture.csv,tattoo,date,Q096,22/09/1999,2
tblCulture.csv,tattoo,date,Q096,23/05/2000,3
tblCulture.csv,tattoo,date,Q096,28/05/2002,2
tblCulture.csv,tattoo,date,Q096,29/08/2005,5
tblCulture.csv,tattoo,date,Q097,21/06/2000,2
tblCulture.csv,tattoo,date,Q097,26/10/1999,3
tblCulture.csv,tattoo,date,Q098,20/06/2000,3
tblCulture.csv,tattoo,date,Q098,22/08/2000,3
tblCulture.csv,tattoo,date,Q098,25/01/2000,3
tblCulture.csv,tattoo,date,Q098,26/10/1999,3
tblCulture.csv,tattoo,date,R008,10/07/1979,4
tblCulture.csv,tattoo,date,R010,30/07/1982,3
tblCulture.csv,tattoo,date,R013,02/07/1985,2
tblCulture.csv,tattoo,date,R013,04/10/1988,3
tblCulture.csv,tattoo,date,R013,06/11/1985,2
tblCulture.csv,tattoo,date,R013,07/02/1983,3
tblCulture.csv,tattoo,date,R013,08/05/1983,5
tblCulture.csv,tattoo,date,R013,10/05/1988,2
tblCulture.csv,tattoo,date,R013,18/08/1987,3
tblCulture.csv,tattoo,date,R013,20/10/1981,3
tblCulture.csv,tattoo,date,R013,23/02/1982,3
tblCulture.csv,tattoo,date,R013,23/05/1989,2
tblCulture.csv,tattoo,date,R013,24/08/1982,3
tblCulture.csv,tattoo,date,R013,28/10/1987,3
tblCulture.csv,tattoo,date,R016,15/02/1984,4
tblCulture.csv,tattoo,date,R016,15/05/1984,3
tblCulture.csv,tattoo,date,R016,16/06/1983,3
tblCulture.csv,tattoo,date,R016,16/08/1983,3
tblCulture.csv,tattoo,date,R016,21/08/1981,4
tblCulture.csv,tattoo,date,R016,24/08/1982,3
tblCulture.csv,tattoo,date,R016,31/07/1984,4
tblCulture.csv,tattoo,date,R019,22/02/1983,4
tblCulture.csv,tattoo,date,R022,03/08/1982,3
tblCulture.csv,tattoo,date,R022,22/06/1984,3
tblCulture.csv,tattoo,date,R025,07/07/1981,3
tblCulture.csv,tattoo,date,R029,07/07/1981,3
tblCulture.csv,tattoo,date,R034,11/02/1980,3
tblCulture.csv,tattoo,date,R039,15/06/1983,2
tblCulture.csv,tattoo,date,R042,09/06/1978,3
tblCulture.csv,tattoo,date,R048,03/07/1990,3
tblCulture.csv,tattoo,date,R048,04/07/1989,4
tblCulture.csv,tattoo,date,R048,07/07/1983,4
tblCulture.csv,tattoo,date,R048,16/11/1988,3
tblCulture.csv,tattoo,date,R048,19/09/1989,3
tblCulture.csv,tattoo,date,R048,24/06/1986,2
tblCulture.csv,tattoo,date,R048,28/11/1989,3
tblCulture.csv,tattoo,date,R049,20/06/1978,3
tblCulture.csv,tattoo,date,R058,03/08/1979,3
tblCulture.csv,tattoo,date,R063,03/09/1981,2
tblCulture.csv,tattoo,date,R063,14/07/1981,2
tblCulture.csv,tattoo,date,R063,27/06/1981,3
tblCulture.csv,tattoo,date,R063,28/06/1978,2
tblCulture.csv,tattoo,date,R064,02/07/1981,5
tblCulture.csv,tattoo,date,R064,03/08/1979,2
tblCulture.csv,tattoo,date,R065,06/11/1985,3
tblCulture.csv,tattoo,date,R065,09/07/1984,2
tblCulture.csv,tattoo,date,R065,12/05/1982,4
tblCulture.csv,tattoo,date,R066,08/06/1979,2
tblCulture.csv,tattoo,date,R070,31/10/1979,3
tblCulture.csv,tattoo,date,R075,07/07/1978,2
tblCulture.csv,tattoo,date,R081,11/07/1978,3
tblCulture.csv,tattoo,date,R086,10/04/1979,3
tblCulture.csv,tattoo,date,R091,04/07/1985,4
tblCulture.csv,tattoo,date,R091,07/02/1983,2
tblCulture.csv,tattoo,date,R092,17/08/1978,3
tblCulture.csv,tattoo,date,RM001,10/05/1977,2
tblCulture.csv,tattoo,date,RM002,26/07/1977,3
tblCulture.csv,tattoo,date,RM003,25/07/1977,2
tblCulture.csv,tattoo,date,RM004,25/07/1977,2
tblCulture.csv,tattoo,date,RM005,25/07/1977,3
tblCulture.csv,tattoo,date,RM006,25/07/1977,2
tblCulture.csv,tattoo,date,RM007,25/07/1977,2
tblCulture.csv,tattoo,date,RM010,28/07/1977,2
tblCulture.csv,tattoo,date,RM013,22/08/1978,2
tblCulture.csv,tattoo,date,RM058,08/10/1979,2
tblCulture.csv,tattoo,date,RM059,08/10/1979,2
tblCulture.csv,tattoo,date,RM061,08/10/1979,2
tblCulture.csv,tattoo,date,RM062,08/10/1979,2
tblCulture.csv,tattoo,date,S001,30/01/1996,3
tblCulture.csv,tattoo,date,S002,30/01/1996,3
tblCulture.csv,tattoo,date,S003,30/01/1996,3
tblCulture.csv,tattoo,date,S005,13/02/1996,3
tblCulture.csv,tattoo,date,S006,02/10/1996,3
tblCulture.csv,tattoo,date,S006,08/07/1997,3
tblCulture.csv,tattoo,date,S006,10/12/1996,2
tblCulture.csv,tattoo,date,S006,14/02/1996,4
tblCulture.csv,tattoo,date,S006,17/11/1998,3
tblCulture.csv,tattoo,date,S006,23/07/1996,2
tblCulture.csv,tattoo,date,S007,25/06/1996,2
tblCulture.csv,tattoo,date,S008,25/06/1996,3
tblCulture.csv,tattoo,date,S009,25/06/1996,3
tblCulture.csv,tattoo,date,S010,25/06/1996,3
tblCulture.csv,tattoo,date,S011,03/09/1996,2
tblCulture.csv,tattoo,date,S011,05/08/1997,2
tblCulture.csv,tattoo,date,S011,14/01/1997,3
tblCulture.csv,tattoo,date,S011,20/05/1997,3
tblCulture.csv,tattoo,date,S011,20/05/1998,3
tblCulture.csv,tattoo,date,S011,20/07/1999,3
tblCulture.csv,tattoo,date,S011,22/10/1996,3
tblCulture.csv,tattoo,date,S011,23/05/2000,3
tblCulture.csv,tattoo,date,S011,25/05/1999,3
tblCulture.csv,tattoo,date,S011,25/06/1996,3
tblCulture.csv,tattoo,date,S012,25/06/1996,2
tblCulture.csv,tattoo,date,S014,04/09/1996,2
tblCulture.csv,tattoo,date,S014,05/08/1997,3
tblCulture.csv,tattoo,date,S014,17/08/2000,3
tblCulture.csv,tattoo,date,S014,19/05/1998,2
tblCulture.csv,tattoo,date,S014,20/05/1997,3
tblCulture.csv,tattoo,date,S014,22/10/1996,3
tblCulture.csv,tattoo,date,S014,24/05/2000,2
tblCulture.csv,tattoo,date,S014,25/06/1996,3
tblCulture.csv,tattoo,date,S014,29/07/1998,2
tblCulture.csv,tattoo,date,S015,03/09/1996,3
tblCulture.csv,tattoo,date,S015,14/01/1997,3
tblCulture.csv,tattoo,date,S015,25/06/1996,2
tblCulture.csv,tattoo,date,S015,30/07/1996,2
tblCulture.csv,tattoo,date,S016,05/08/1997,3
tblCulture.csv,tattoo,date,S016,07/10/1998,2
tblCulture.csv,tattoo,date,S016,14/01/1997,3
tblCulture.csv,tattoo,date,S016,19/05/1998,3
tblCulture.csv,tattoo,date,S016,21/05/1997,2
tblCulture.csv,tattoo,date,S016,23/07/1997,3
tblCulture.csv,tattoo,date,S016,23/10/1996,3
tblCulture.csv,tattoo,date,S016,24/09/1997,3
tblCulture.csv,tattoo,date,S016,25/06/1996,3
tblCulture.csv,tattoo,date,S016,26/01/1999,3
tblCulture.csv,tattoo,date,S016,26/05/1999,3
tblCulture.csv,tattoo,date,S016,30/07/1996,3
tblCulture.csv,tattoo,date,S017,26/06/1996,3
tblCulture.csv,tattoo,date,S018,03/09/1996,2
tblCulture.csv,tattoo,date,S018,05/08/1997,3
tblCulture.csv,tattoo,date,S018,14/01/1997,3
tblCulture.csv,tattoo,date,S018,20/05/1997,3
tblCulture.csv,tattoo,date,S018,22/10/1996,3
tblCulture.csv,tattoo,date,S018,22/10/1997,2
tblCulture.csv,tattoo,date,S018,26/06/1996,3
tblCulture.csv,tattoo,date,S019,26/06/1996,3
tblCulture.csv,tattoo,date,S020,26/06/1996,2
tblCulture.csv,tattoo,date,S021,26/06/1996,3
tblCulture.csv,tattoo,date,S023,11/02/1999,2
tblCulture.csv,tattoo,date,S023,11/08/1998,3
tblCulture.csv,tattoo,date,S023,14/07/1998,3
tblCulture.csv,tattoo,date,S023,17/09/1996,2
tblCulture.csv,tattoo,date,S023,20/10/1998,3
tblCulture.csv,tattoo,date,S023,23/09/1998,4
tblCulture.csv,tattoo,date,S023,24/06/1997,2
tblCulture.csv,tattoo,date,S023,28/01/1997,3
tblCulture.csv,tattoo,date,S024,04/08/1999,2
tblCulture.csv,tattoo,date,S024,09/07/1996,3
tblCulture.csv,tattoo,date,S024,09/09/1997,2
tblCulture.csv,tattoo,date,S024,12/08/1998,3
tblCulture.csv,tattoo,date,S024,14/07/1998,3
tblCulture.csv,tattoo,date,S024,16/06/1998,2
tblCulture.csv,tattoo,date,S024,17/09/1996,3
tblCulture.csv,tattoo,date,S024,17/11/1998,3
tblCulture.csv,tattoo,date,S024,18/06/2002,6
tblCulture.csv,tattoo,date,S024,18/11/1997,3
tblCulture.csv,tattoo,date,S024,20/06/2000,3
tblCulture.csv,tattoo,date,S024,21/08/2002,2
tblCulture.csv,tattoo,date,S024,21/10/1998,2
tblCulture.csv,tattoo,date,S024,22/08/2000,3
tblCulture.csv,tattoo,date,S024,22/09/1998,3
tblCulture.csv,tattoo,date,S024,23/06/1999,3
tblCulture.csv,tattoo,date,S024,24/06/1997,2
tblCulture.csv,tattoo,date,S024,26/06/2001,3
tblCulture.csv,tattoo,date,S024,29/01/1997,3
tblCulture.csv,tattoo,date,S024,31/10/2000,3
tblCulture.csv,tattoo,date,S025,09/07/1996,2
tblCulture.csv,tattoo,date,S026,09/07/1996,3
tblCulture.csv,tattoo,date,S026,09/09/1997,3
tblCulture.csv,tattoo,date,S026,16/06/1998,3
tblCulture.csv,tattoo,date,S026,17/09/1996,3
tblCulture.csv,tattoo,date,S026,20/06/2000,3
tblCulture.csv,tattoo,date,S026,21/10/1998,3
tblCulture.csv,tattoo,date,S026,23/09/1998,3
tblCulture.csv,tattoo,date,S026,24/06/1997,3
tblCulture.csv,tattoo,date,S026,27/10/1999,2
tblCulture.csv,tattoo,date,S026,27/11/1996,3
tblCulture.csv,tattoo,date,S027,04/08/1999,2
tblCulture.csv,tattoo,date,S027,09/09/1997,3
tblCulture.csv,tattoo,date,S027,10/02/1999,3
tblCulture.csv,tattoo,date,S027,10/07/1996,3
tblCulture.csv,tattoo,date,S027,11/08/1998,3
tblCulture.csv,tattoo,date,S027,18/09/1996,2
tblCulture.csv,tattoo,date,S027,18/11/1997,2
tblCulture.csv,tattoo,date,S027,22/06/1999,3
tblCulture.csv,tattoo,date,S027,24/06/1997,3
tblCulture.csv,tattoo,date,S027,26/11/1996,3
tblCulture.csv,tattoo,date,S027,29/01/1997,3
tblCulture.csv,tattoo,date,S028,23/07/1996,2
tblCulture.csv,tattoo,date,S029,07/10/1997,3
tblCulture.csv,tattoo,date,S029,23/07/1996,3
tblCulture.csv,tattoo,date,S030,02/10/1996,3
tblCulture.csv,tattoo,date,S030,11/02/1997,3
tblCulture.csv,tattoo,date,S030,23/07/1996,2
tblCulture.csv,tattoo,date,S031,06/07/1999,3
tblCulture.csv,tattoo,date,S031,10/12/1996,3
tblCulture.csv,tattoo,date,S031,11/02/1997,3
tblCulture.csv,tattoo,date,S031,23/07/1996,2
tblCulture.csv,tattoo,date,S032,11/12/1996,3
tblCulture.csv,tattoo,date,S032,23/07/1996,3
tblCulture.csv,tattoo,date,S033,01/10/1996,3
tblCulture.csv,tattoo,date,S033,08/10/1997,3
tblCulture.csv,tattoo,date,S033,11/02/1997,2
tblCulture.csv,tattoo,date,S033,23/07/1996,2
tblCulture.csv,tattoo,date,S034,02/10/1996,3
tblCulture.csv,tattoo,date,S034,23/07/1996,2
tblCulture.csv,tattoo,date,S035,01/10/1996,3
tblCulture.csv,tattoo,date,S035,08/07/1997,3
tblCulture.csv,tattoo,date,S036,11/12/1996,7
tblCulture.csv,tattoo,date,S036,24/07/1996,3
tblCulture.csv,tattoo,date,S037,01/10/1996,3
tblCulture.csv,tattoo,date,S037,06/07/1999,3
tblCulture.csv,tattoo,date,S037,07/08/2001,3
tblCulture.csv,tattoo,date,S037,08/07/1997,3
tblCulture.csv,tattoo,date,S037,11/02/1997,3
tblCulture.csv,tattoo,date,S037,24/07/1996,3
tblCulture.csv,tattoo,date,S038,07/09/1999,2
tblCulture.csv,tattoo,date,S038,09/12/1997,3
tblCulture.csv,tattoo,date,S038,24/07/1996,3
tblCulture.csv,tattoo,date,S039,30/07/1996,3
tblCulture.csv,tattoo,date,S040,30/07/1996,3
tblCulture.csv,tattoo,date,S041,22/07/1997,2
tblCulture.csv,tattoo,date,S041,30/07/1996,3
tblCulture.csv,tattoo,date,S042,02/09/2003,3
tblCulture.csv,tattoo,date,S042,03/06/2003,3
tblCulture.csv,tattoo,date,S042,22/07/1997,3
tblCulture.csv,tattoo,date,S042,30/07/1996,3
tblCulture.csv,tattoo,date,S043,09/09/1997,3
tblCulture.csv,tattoo,date,S043,16/06/1998,3
tblCulture.csv,tattoo,date,S043,17/09/1996,2
tblCulture.csv,tattoo,date,S043,20/10/1998,2
tblCulture.csv,tattoo,date,S043,21/06/2000,4
tblCulture.csv,tattoo,date,S043,22/07/1997,3
tblCulture.csv,tattoo,date,S043,23/06/1999,3
tblCulture.csv,tattoo,date,S043,26/11/1996,3
tblCulture.csv,tattoo,date,S043,28/01/1997,2
tblCulture.csv,tattoo,date,S044,02/10/1996,3
tblCulture.csv,tattoo,date,S044,07/07/1999,3
tblCulture.csv,tattoo,date,S044,08/07/1997,2
tblCulture.csv,tattoo,date,S044,11/02/1997,3
tblCulture.csv,tattoo,date,S044,22/06/2005,2
tblCulture.csv,tattoo,date,S045,26/11/1996,3
tblCulture.csv,tattoo,date,T001,14/01/1992,3
tblCulture.csv,tattoo,date,T001,26/07/1994,3
tblCulture.csv,tattoo,date,T002,11/02/1992,3
tblCulture.csv,tattoo,date,T004,25/02/1992,3
tblCulture.csv,tattoo,date,T005,28/04/1992,2
tblCulture.csv,tattoo,date,T006,08/09/1992,3
tblCulture.csv,tattoo,date,T006,09/03/1993,3
tblCulture.csv,tattoo,date,T006,17/11/1992,3
tblCulture.csv,tattoo,date,T006,29/04/1992,2
tblCulture.csv,tattoo,date,T006,30/06/1992,3
tblCulture.csv,tattoo,date,T007,12/05/1992,2
tblCulture.csv,tattoo,date,T007,12/05/1993,3
tblCulture.csv,tattoo,date,T007,14/09/1993,3
tblCulture.csv,tattoo,date,T008,11/05/1993,3
tblCulture.csv,tattoo,date,T008,12/05/1992,2
tblCulture.csv,tattoo,date,T008,13/01/1993,3
tblCulture.csv,tattoo,date,T008,14/07/1992,2
tblCulture.csv,tattoo,date,T008,15/09/1993,3
tblCulture.csv,tattoo,date,T008,20/07/1993,3
tblCulture.csv,tattoo,date,T008,22/09/1992,3
tblCulture.csv,tattoo,date,T008,26/07/1994,3
tblCulture.csv,tattoo,date,T009,12/05/1992,3
tblCulture.csv,tattoo,date,T010,12/05/1992,3
tblCulture.csv,tattoo,date,T010,14/07/1992,3
tblCulture.csv,tattoo,date,T011,13/05/1992,3
tblCulture.csv,tattoo,date,T011,14/07/1992,3
tblCulture.csv,tattoo,date,T011,22/09/1992,3
tblCulture.csv,tattoo,date,T012,13/05/1992,3
tblCulture.csv,tattoo,date,T013,11/01/1994,3
tblCulture.csv,tattoo,date,T013,11/05/1993,3
tblCulture.csv,tattoo,date,T013,12/01/1993,2
tblCulture.csv,tattoo,date,T013,13/05/1992,3
tblCulture.csv,tattoo,date,T013,14/07/1992,2
tblCulture.csv,tattoo,date,T013,15/09/1993,3
tblCulture.csv,tattoo,date,T013,20/07/1993,3
tblCulture.csv,tattoo,date,T013,22/09/1992,3
tblCulture.csv,tattoo,date,T013,24/05/1994,3
tblCulture.csv,tattoo,date,T013,26/07/1994,3
tblCulture.csv,tattoo,date,T014,06/10/1992,2
tblCulture.csv,tattoo,date,T014,19/05/1992,3
tblCulture.csv,tattoo,date,T014,28/07/1992,3
tblCulture.csv,tattoo,date,T015,03/08/1993,3
tblCulture.csv,tattoo,date,T015,06/10/1992,3
tblCulture.csv,tattoo,date,T015,12/10/1993,3
tblCulture.csv,tattoo,date,T015,13/03/1995,2
tblCulture.csv,tattoo,date,T015,17/08/1993,3
tblCulture.csv,tattoo,date,T015,19/05/1992,3
tblCulture.csv,tattoo,date,T015,25/05/1993,3
tblCulture.csv,tattoo,date,T015,26/01/1993,3
tblCulture.csv,tattoo,date,T016,03/08/1993,3
tblCulture.csv,tattoo,date,T016,04/09/1996,3
tblCulture.csv,tattoo,date,T016,06/10/1992,3
tblCulture.csv,tattoo,date,T016,19/05/1992,3
tblCulture.csv,tattoo,date,T016,25/05/1993,3
tblCulture.csv,tattoo,date,T016,26/01/1993,4
tblCulture.csv,tattoo,date,T016,26/06/1996,3
tblCulture.csv,tattoo,date,T016,28/07/1992,3
tblCulture.csv,tattoo,date,T017,02/08/1994,3
tblCulture.csv,tattoo,date,T017,06/10/1992,3
tblCulture.csv,tattoo,date,T017,08/08/1995,2
tblCulture.csv,tattoo,date,T017,19/05/1992,2
tblCulture.csv,tattoo,date,T017,21/05/1997,3
tblCulture.csv,tattoo,date,T017,26/01/1993,3
tblCulture.csv,tattoo,date,T017,26/05/1993,3
tblCulture.csv,tattoo,date,T018,04/08/1993,3
tblCulture.csv,tattoo,date,T018,06/10/1992,3
tblCulture.csv,tattoo,date,T018,19/05/1992,3
tblCulture.csv,tattoo,date,T018,26/05/1993,3
tblCulture.csv,tattoo,date,T018,28/07/1992,3
tblCulture.csv,tattoo,date,T019,28/07/1992,2
tblCulture.csv,tattoo,date,T020,03/08/1993,3
tblCulture.csv,tattoo,date,T020,06/10/1992,3
tblCulture.csv,tattoo,date,T020,20/05/1992,3
tblCulture.csv,tattoo,date,T020,28/07/1992,2
tblCulture.csv,tattoo,date,T021,03/08/1993,3
tblCulture.csv,tattoo,date,T021,06/10/1992,3
tblCulture.csv,tattoo,date,T021,12/10/1993,3
tblCulture.csv,tattoo,date,T021,20/05/1992,3
tblCulture.csv,tattoo,date,T021,25/05/1993,3
tblCulture.csv,tattoo,date,T021,26/01/1993,3
tblCulture.csv,tattoo,date,T021,28/07/1992,2
tblCulture.csv,tattoo,date,T022,06/10/1992,3
tblCulture.csv,tattoo,date,T022,17/08/1993,3
tblCulture.csv,tattoo,date,T022,20/05/1992,3
tblCulture.csv,tattoo,date,T022,21/06/1995,3
tblCulture.csv,tattoo,date,T022,28/07/1992,2
tblCulture.csv,tattoo,date,T023,20/05/1992,3
tblCulture.csv,tattoo,date,T024,06/10/1992,3
tblCulture.csv,tattoo,date,T024,07/06/1994,3
tblCulture.csv,tattoo,date,T024,09/08/1995,3
tblCulture.csv,tattoo,date,T024,12/10/1993,2
tblCulture.csv,tattoo,date,T024,20/05/1992,2
tblCulture.csv,tattoo,date,T024,25/05/1993,3
tblCulture.csv,tattoo,date,T024,29/07/1992,2
tblCulture.csv,tattoo,date,T025,03/08/1993,2
tblCulture.csv,tattoo,date,T025,05/08/1997,3
tblCulture.csv,tattoo,date,T025,06/10/1992,3
tblCulture.csv,tattoo,date,T025,06/10/1998,3
tblCulture.csv,tattoo,date,T025,19/05/1998,3
tblCulture.csv,tattoo,date,T025,19/09/1995,3
tblCulture.csv,tattoo,date,T025,20/05/1992,3
tblCulture.csv,tattoo,date,T025,20/05/1997,2
tblCulture.csv,tattoo,date,T025,25/01/1994,3
tblCulture.csv,tattoo,date,T025,25/05/1993,3
tblCulture.csv,tattoo,date,T025,25/05/1999,2
tblCulture.csv,tattoo,date,T025,26/01/1993,3
tblCulture.csv,tattoo,date,T025,29/07/1992,3
tblCulture.csv,tattoo,date,T026,20/05/1992,2
tblCulture.csv,tattoo,date,T026,28/07/1992,3
tblCulture.csv,tattoo,date,T027,20/05/1992,3
tblCulture.csv,tattoo,date,T028,02/06/1992,3
tblCulture.csv,tattoo,date,T029,02/06/1992,3
tblCulture.csv,tattoo,date,T030,02/06/1992,3
tblCulture.csv,tattoo,date,T030,08/06/1993,3
tblCulture.csv,tattoo,date,T030,11/08/1992,3
tblCulture.csv,tattoo,date,T030,15/02/1995,3
tblCulture.csv,tattoo,date,T030,16/08/1994,3
tblCulture.csv,tattoo,date,T030,17/08/1993,3
tblCulture.csv,tattoo,date,T030,20/10/1992,3
tblCulture.csv,tattoo,date,T030,22/06/1994,3
tblCulture.csv,tattoo,date,T030,23/08/1995,3
tblCulture.csv,tattoo,date,T030,26/10/1993,3
tblCulture.csv,tattoo,date,T031,02/06/1992,2
tblCulture.csv,tattoo,date,T031,08/06/1993,3
tblCulture.csv,tattoo,date,T031,09/02/1993,4
tblCulture.csv,tattoo,date,T031,16/08/1994,3
tblCulture.csv,tattoo,date,T031,17/08/1993,3
tblCulture.csv,tattoo,date,T031,20/10/1992,3
tblCulture.csv,tattoo,date,T032,01/11/1994,3
tblCulture.csv,tattoo,date,T032,02/06/1992,2
tblCulture.csv,tattoo,date,T032,03/02/1998,3
tblCulture.csv,tattoo,date,T032,03/08/1999,2
tblCulture.csv,tattoo,date,T032,04/07/1995,3
tblCulture.csv,tattoo,date,T032,08/02/1994,2
tblCulture.csv,tattoo,date,T032,08/06/1993,3
tblCulture.csv,tattoo,date,T032,09/02/1993,3
tblCulture.csv,tattoo,date,T032,09/09/1997,3
tblCulture.csv,tattoo,date,T032,11/08/1992,3
tblCulture.csv,tattoo,date,T032,14/02/1995,4
tblCulture.csv,tattoo,date,T032,17/08/1993,3
tblCulture.csv,tattoo,date,T032,17/08/1994,3
tblCulture.csv,tattoo,date,T032,17/09/1996,3
tblCulture.csv,tattoo,date,T032,20/06/2000,3
tblCulture.csv,tattoo,date,T032,20/10/1992,3
tblCulture.csv,tattoo,date,T032,21/06/1994,3
tblCulture.csv,tattoo,date,T032,22/08/1995,3
tblCulture.csv,tattoo,date,T032,22/08/2000,3
tblCulture.csv,tattoo,date,T032,24/06/1997,3
tblCulture.csv,tattoo,date,T032,26/10/1993,3
tblCulture.csv,tattoo,date,T032,26/10/1999,3
tblCulture.csv,tattoo,date,T032,30/01/1996,2
tblCulture.csv,tattoo,date,T033,01/11/1994,3
tblCulture.csv,tattoo,date,T033,03/02/1998,2
tblCulture.csv,tattoo,date,T033,03/08/1999,3
tblCulture.csv,tattoo,date,T033,05/07/1995,3
tblCulture.csv,tattoo,date,T033,09/02/1993,3
tblCulture.csv,tattoo,date,T033,10/02/1999,2
tblCulture.csv,tattoo,date,T033,10/09/1997,2
tblCulture.csv,tattoo,date,T033,11/08/1992,3
tblCulture.csv,tattoo,date,T033,11/08/1998,2
tblCulture.csv,tattoo,date,T033,14/02/1995,2
tblCulture.csv,tattoo,date,T033,15/07/1998,3
tblCulture.csv,tattoo,date,T033,16/06/1998,3
tblCulture.csv,tattoo,date,T033,16/08/1994,3
tblCulture.csv,tattoo,date,T033,17/08/1993,3
tblCulture.csv,tattoo,date,T033,18/09/1996,2
tblCulture.csv,tattoo,date,T033,20/10/1992,3
tblCulture.csv,tattoo,date,T033,21/06/1994,3
tblCulture.csv,tattoo,date,T033,22/06/1999,3
tblCulture.csv,tattoo,date,T033,22/07/1997,3
tblCulture.csv,tattoo,date,T033,22/08/1995,3
tblCulture.csv,tattoo,date,T033,22/09/1998,2
tblCulture.csv,tattoo,date,T033,24/06/1997,2
tblCulture.csv,tattoo,date,T033,26/10/1993,2
tblCulture.csv,tattoo,date,T033,26/11/1996,2
tblCulture.csv,tattoo,date,T033,30/07/1996,3
tblCulture.csv,tattoo,date,T035,02/06/1992,3
tblCulture.csv,tattoo,date,T036,02/06/1992,3
tblCulture.csv,tattoo,date,T037,02/06/1992,3
tblCulture.csv,tattoo,date,T038,02/06/1992,3
tblCulture.csv,tattoo,date,T039,03/06/1992,2
tblCulture.csv,tattoo,date,T040,03/06/1992,3
tblCulture.csv,tattoo,date,T041,03/06/1992,2
tblCulture.csv,tattoo,date,T041,09/02/1993,3
tblCulture.csv,tattoo,date,T041,11/08/1992,3
tblCulture.csv,tattoo,date,T041,17/08/1993,3
tblCulture.csv,tattoo,date,T041,20/10/1992,3
tblCulture.csv,tattoo,date,T041,26/10/1993,2
tblCulture.csv,tattoo,date,T042,03/06/1992,2
tblCulture.csv,tattoo,date,T043,16/06/1992,3
tblCulture.csv,tattoo,date,T044,16/06/1992,2
tblCulture.csv,tattoo,date,T045,16/06/1992,2
tblCulture.csv,tattoo,date,T046,16/06/1992,2
tblCulture.csv,tattoo,date,T047,03/02/1998,2
tblCulture.csv,tattoo,date,T047,03/08/1999,3
tblCulture.csv,tattoo,date,T047,03/11/1992,3
tblCulture.csv,tattoo,date,T047,05/07/1995,3
tblCulture.csv,tattoo,date,T047,05/09/1995,3
tblCulture.csv,tattoo,date,T047,05/11/2002,2
tblCulture.csv,tattoo,date,T047,06/07/1994,3
tblCulture.csv,tattoo,date,T047,06/09/1994,3
tblCulture.csv,tattoo,date,T047,07/09/1993,3
tblCulture.csv,tattoo,date,T047,09/07/1996,2
tblCulture.csv,tattoo,date,T047,09/09/1997,3
tblCulture.csv,tattoo,date,T047,11/08/1998,2
tblCulture.csv,tattoo,date,T047,11/11/2003,2
tblCulture.csv,tattoo,date,T047,13/02/1996,3
tblCulture.csv,tattoo,date,T047,14/01/2003,2
tblCulture.csv,tattoo,date,T047,15/02/1995,3
tblCulture.csv,tattoo,date,T047,16/06/1992,2
tblCulture.csv,tattoo,date,T047,16/11/1994,3
tblCulture.csv,tattoo,date,T047,17/09/1996,3
tblCulture.csv,tattoo,date,T047,17/11/1992,2
tblCulture.csv,tattoo,date,T047,18/07/1995,3
tblCulture.csv,tattoo,date,T047,19/08/2003,2
tblCulture.csv,tattoo,date,T047,20/06/2000,3
tblCulture.csv,tattoo,date,T047,20/10/1998,3
tblCulture.csv,tattoo,date,T047,22/01/2002,2
tblCulture.csv,tattoo,date,T047,22/02/1994,3
tblCulture.csv,tattoo,date,T047,22/06/1993,3
tblCulture.csv,tattoo,date,T047,22/06/1999,3
tblCulture.csv,tattoo,date,T047,23/02/1993,3
tblCulture.csv,tattoo,date,T047,24/06/1997,3
tblCulture.csv,tattoo,date,T047,25/08/1992,3
tblCulture.csv,tattoo,date,T047,26/10/1999,2
tblCulture.csv,tattoo,date,T047,28/01/1997,3
tblCulture.csv,tattoo,date,T047,28/02/1995,3
tblCulture.csv,tattoo,date,T047,30/11/1993,3
tblCulture.csv,tattoo,date,T048,03/11/1992,3
tblCulture.csv,tattoo,date,T048,06/09/1994,3
tblCulture.csv,tattoo,date,T048,07/09/1993,3
tblCulture.csv,tattoo,date,T048,08/07/1997,3
tblCulture.csv,tattoo,date,T048,08/09/1998,3
tblCulture.csv,tattoo,date,T048,10/11/1993,3
tblCulture.csv,tattoo,date,T048,16/06/1992,3
tblCulture.csv,tattoo,date,T048,16/10/1995,3
tblCulture.csv,tattoo,date,T048,16/11/1994,3
tblCulture.csv,tattoo,date,T048,18/07/1995,3
tblCulture.csv,tattoo,date,T048,23/06/1993,3
tblCulture.csv,tattoo,date,T048,23/07/1996,3
tblCulture.csv,tattoo,date,T048,25/08/1992,3
tblCulture.csv,tattoo,date,T049,16/06/1992,3
tblCulture.csv,tattoo,date,T050,03/08/1999,3
tblCulture.csv,tattoo,date,T050,03/10/2001,2
tblCulture.csv,tattoo,date,T050,03/11/1992,3
tblCulture.csv,tattoo,date,T050,06/07/1994,3
tblCulture.csv,tattoo,date,T050,07/09/1994,3
tblCulture.csv,tattoo,date,T050,08/09/1993,2
tblCulture.csv,tattoo,date,T050,09/09/1997,5
tblCulture.csv,tattoo,date,T050,10/07/1996,3
tblCulture.csv,tattoo,date,T050,16/06/1992,3
tblCulture.csv,tattoo,date,T050,17/09/1996,3
tblCulture.csv,tattoo,date,T050,17/10/1995,2
tblCulture.csv,tattoo,date,T050,18/07/1995,3
tblCulture.csv,tattoo,date,T050,20/10/1998,3
tblCulture.csv,tattoo,date,T050,21/06/2000,3
tblCulture.csv,tattoo,date,T050,23/02/1993,3
tblCulture.csv,tattoo,date,T050,23/02/1994,3
tblCulture.csv,tattoo,date,T050,23/08/2000,3
tblCulture.csv,tattoo,date,T050,24/06/1997,4
tblCulture.csv,tattoo,date,T050,25/08/1992,3
tblCulture.csv,tattoo,date,T050,26/06/2001,2
tblCulture.csv,tattoo,date,T051,03/11/1992,3
tblCulture.csv,tattoo,date,T051,05/07/1994,3
tblCulture.csv,tattoo,date,T051,06/09/1995,3
tblCulture.csv,tattoo,date,T051,07/09/1993,3
tblCulture.csv,tattoo,date,T051,14/02/1996,3
tblCulture.csv,tattoo,date,T051,16/11/1994,2
tblCulture.csv,tattoo,date,T051,17/06/1992,3
tblCulture.csv,tattoo,date,T051,23/02/1993,3
tblCulture.csv,tattoo,date,T052,30/06/1992,2
tblCulture.csv,tattoo,date,T053,08/09/1992,3
tblCulture.csv,tattoo,date,T053,17/11/1992,3
tblCulture.csv,tattoo,date,T053,30/06/1992,3
tblCulture.csv,tattoo,date,T054,17/11/1992,3
tblCulture.csv,tattoo,date,T054,30/06/1992,3
tblCulture.csv,tattoo,date,T055,08/09/1992,3
tblCulture.csv,tattoo,date,T055,23/09/1994,3
tblCulture.csv,tattoo,date,T055,30/06/1992,3
tblCulture.csv,tattoo,date,T057,07/07/1993,3
tblCulture.csv,tattoo,date,T057,08/09/1992,3
tblCulture.csv,tattoo,date,T057,17/11/1992,3
tblCulture.csv,tattoo,date,T057,30/06/1992,2
tblCulture.csv,tattoo,date,T058,06/07/1993,3
tblCulture.csv,tattoo,date,T058,08/09/1992,3
tblCulture.csv,tattoo,date,T058,09/03/1993,3
tblCulture.csv,tattoo,date,T058,30/06/1992,3
tblCulture.csv,tattoo,date,T059,06/07/1993,3
tblCulture.csv,tattoo,date,T059,08/09/1992,3
tblCulture.csv,tattoo,date,T059,10/03/1993,3
tblCulture.csv,tattoo,date,T059,17/11/1992,3
tblCulture.csv,tattoo,date,T059,28/09/1993,2
tblCulture.csv,tattoo,date,T059,30/06/1992,3
tblCulture.csv,tattoo,date,T059,30/11/1993,3
tblCulture.csv,tattoo,date,T060,07/07/1993,3
tblCulture.csv,tattoo,date,T060,08/03/1994,4
tblCulture.csv,tattoo,date,T060,08/09/1992,3
tblCulture.csv,tattoo,date,T060,09/03/1993,3
tblCulture.csv,tattoo,date,T060,18/11/1992,3
tblCulture.csv,tattoo,date,T060,19/07/1994,3
tblCulture.csv,tattoo,date,T060,20/09/1994,3
tblCulture.csv,tattoo,date,T060,28/09/1993,3
tblCulture.csv,tattoo,date,T060,30/06/1992,3
tblCulture.csv,tattoo,date,T061,07/07/1993,2
tblCulture.csv,tattoo,date,T061,08/09/1992,3
tblCulture.csv,tattoo,date,T061,09/03/1993,3
tblCulture.csv,tattoo,date,T061,18/11/1992,3
tblCulture.csv,tattoo,date,T061,30/06/1992,2
tblCulture.csv,tattoo,date,T062,06/07/1993,3
tblCulture.csv,tattoo,date,T062,08/09/1992,3
tblCulture.csv,tattoo,date,T062,10/03/1993,2
tblCulture.csv,tattoo,date,T062,17/11/1992,3
tblCulture.csv,tattoo,date,T062,19/07/1994,2
tblCulture.csv,tattoo,date,T062,28/09/1993,3
tblCulture.csv,tattoo,date,T062,30/06/1992,3
tblCulture.csv,tattoo,date,T062,30/11/1993,2
tblCulture.csv,tattoo,date,T063,08/09/1992,3
tblCulture.csv,tattoo,date,T063,17/11/1992,3
tblCulture.csv,tattoo,date,T063,30/06/1992,3
tblCulture.csv,tattoo,date,T064,06/07/1993,3
tblCulture.csv,tattoo,date,T064,08/09/1992,3
tblCulture.csv,tattoo,date,T064,09/03/1993,3
tblCulture.csv,tattoo,date,T064,17/11/1992,3
tblCulture.csv,tattoo,date,T064,19/07/1994,2
tblCulture.csv,tattoo,date,T064,28/09/1993,3
tblCulture.csv,tattoo,date,T064,30/06/1992,3
tblCulture.csv,tattoo,date,T065,06/07/1993,3
tblCulture.csv,tattoo,date,T065,08/09/1992,3
tblCulture.csv,tattoo,date,T065,09/03/1993,3
tblCulture.csv,tattoo,date,T065,12/01/1994,3
tblCulture.csv,tattoo,date,T065,18/11/1992,3
tblCulture.csv,tattoo,date,T065,28/09/1993,3
tblCulture.csv,tattoo,date,T065,30/06/1992,3
tblCulture.csv,tattoo,date,T065,30/11/1993,3
tblCulture.csv,tattoo,date,T066,06/07/1993,3
tblCulture.csv,tattoo,date,T066,08/03/1994,3
tblCulture.csv,tattoo,date,T066,08/09/1992,3
tblCulture.csv,tattoo,date,T066,09/03/1993,3
tblCulture.csv,tattoo,date,T066,20/09/1994,3
tblCulture.csv,tattoo,date,T066,25/10/1995,4
tblCulture.csv,tattoo,date,T066,28/09/1993,3
tblCulture.csv,tattoo,date,T066,30/06/1992,3
tblCulture.csv,tattoo,date,T066,30/11/1993,3
tblCulture.csv,tattoo,date,T067,30/06/1992,3
tblCulture.csv,tattoo,date,T068,06/07/1993,3
tblCulture.csv,tattoo,date,T068,08/03/1994,3
tblCulture.csv,tattoo,date,T068,08/09/1992,2
tblCulture.csv,tattoo,date,T068,09/03/1993,3
tblCulture.csv,tattoo,date,T068,17/11/1992,3
tblCulture.csv,tattoo,date,T068,28/09/1993,3
tblCulture.csv,tattoo,date,T068,30/06/1992,3
tblCulture.csv,tattoo,date,T069,30/06/1992,3
tblCulture.csv,tattoo,date,T070,08/09/1992,3
tblCulture.csv,tattoo,date,T070,30/06/1992,2
tblCulture.csv,tattoo,date,T071,08/09/1992,3
tblCulture.csv,tattoo,date,T071,19/07/1994,3
tblCulture.csv,tattoo,date,T071,20/09/1994,3
tblCulture.csv,tattoo,date,T071,23/07/1997,4
tblCulture.csv,tattoo,date,T071,25/07/1995,3
tblCulture.csv,tattoo,date,T071,26/10/1995,3
tblCulture.csv,tattoo,date,T071,28/09/1993,3
tblCulture.csv,tattoo,date,T071,30/06/1992,3
tblCulture.csv,tattoo,date,T071,30/11/1993,3
tblCulture.csv,tattoo,date,T072,06/07/1993,3
tblCulture.csv,tattoo,date,T072,08/09/1992,3
tblCulture.csv,tattoo,date,T072,10/03/1993,3
tblCulture.csv,tattoo,date,T072,17/11/1992,3
tblCulture.csv,tattoo,date,T072,19/07/1994,3
tblCulture.csv,tattoo,date,T072,20/09/1994,3
tblCulture.csv,tattoo,date,T072,24/07/1996,3
tblCulture.csv,tattoo,date,T072,28/09/1993,3
tblCulture.csv,tattoo,date,T072,30/06/1992,2
tblCulture.csv,tattoo,date,T072,30/11/1993,3
tblCulture.csv,tattoo,date,T073,01/07/1992,3
tblCulture.csv,tattoo,date,T073,06/07/1993,2
tblCulture.csv,tattoo,date,T073,07/07/1999,3
tblCulture.csv,tattoo,date,T073,07/09/1999,5
tblCulture.csv,tattoo,date,T073,08/09/1998,3
tblCulture.csv,tattoo,date,T073,10/03/1993,3
tblCulture.csv,tattoo,date,T073,21/09/1994,3
tblCulture.csv,tattoo,date,T073,23/07/1997,3
tblCulture.csv,tattoo,date,T073,30/07/1996,3
tblCulture.csv,tattoo,date,T073,30/11/1993,3
tblCulture.csv,tattoo,date,T074,01/07/1992,3
tblCulture.csv,tattoo,date,T074,08/09/1992,2
tblCulture.csv,tattoo,date,T075,05/10/1994,3
tblCulture.csv,tattoo,date,T075,12/01/1993,3
tblCulture.csv,tattoo,date,T075,12/01/1994,3
tblCulture.csv,tattoo,date,T075,14/07/1992,3
tblCulture.csv,tattoo,date,T075,14/09/1993,3
tblCulture.csv,tattoo,date,T075,23/09/1992,3
tblCulture.csv,tattoo,date,T076,14/07/1992,2
tblCulture.csv,tattoo,date,T076,23/09/1992,3
tblCulture.csv,tattoo,date,T076,26/07/1994,3
tblCulture.csv,tattoo,date,T077,03/08/1994,3
tblCulture.csv,tattoo,date,T077,06/10/1992,3
tblCulture.csv,tattoo,date,T077,09/02/1993,3
tblCulture.csv,tattoo,date,T077,09/08/1995,3
tblCulture.csv,tattoo,date,T077,18/10/1994,3
tblCulture.csv,tattoo,date,T077,21/06/1995,3
tblCulture.csv,tattoo,date,T077,25/06/1996,3
tblCulture.csv,tattoo,date,T077,28/07/1992,3
tblCulture.csv,tattoo,date,T078,03/08/1993,3
tblCulture.csv,tattoo,date,T078,06/10/1992,3
tblCulture.csv,tattoo,date,T078,25/05/1993,3
tblCulture.csv,tattoo,date,T078,28/07/1992,3
tblCulture.csv,tattoo,date,T079,03/08/1993,3
tblCulture.csv,tattoo,date,T079,06/10/1992,3
tblCulture.csv,tattoo,date,T079,12/10/1993,3
tblCulture.csv,tattoo,date,T079,17/08/1999,2
tblCulture.csv,tattoo,date,T079,18/10/1994,3
tblCulture.csv,tattoo,date,T079,20/07/1999,3
tblCulture.csv,tattoo,date,T079,25/05/1993,2
tblCulture.csv,tattoo,date,T079,25/05/1999,2
tblCulture.csv,tattoo,date,T079,26/01/1993,3
tblCulture.csv,tattoo,date,T079,28/07/1992,3
tblCulture.csv,tattoo,date,T080,01/02/1995,3
tblCulture.csv,tattoo,date,T080,02/08/1994,3
tblCulture.csv,tattoo,date,T080,06/10/1992,3
tblCulture.csv,tattoo,date,T080,26/01/1993,3
tblCulture.csv,tattoo,date,T080,28/07/1992,2
tblCulture.csv,tattoo,date,T081,01/10/1996,3
tblCulture.csv,tattoo,date,T081,03/08/1993,3
tblCulture.csv,tattoo,date,T081,05/09/1995,2
tblCulture.csv,tattoo,date,T081,06/07/1994,3
tblCulture.csv,tattoo,date,T081,06/09/1994,3
tblCulture.csv,tattoo,date,T081,06/10/1992,3
tblCulture.csv,tattoo,date,T081,12/10/1993,3
tblCulture.csv,tattoo,date,T081,16/11/1994,2
tblCulture.csv,tattoo,date,T081,18/09/1996,3
tblCulture.csv,tattoo,date,T081,23/07/1996,2
tblCulture.csv,tattoo,date,T081,23/08/1995,2
tblCulture.csv,tattoo,date,T081,25/01/1994,2
tblCulture.csv,tattoo,date,T081,25/05/1993,3
tblCulture.csv,tattoo,date,T081,26/01/1993,3
tblCulture.csv,tattoo,date,T081,28/07/1992,3
tblCulture.csv,tattoo,date,T081,31/07/1996,3
tblCulture.csv,tattoo,date,T082,02/08/1994,3
tblCulture.csv,tattoo,date,T082,03/08/1993,3
tblCulture.csv,tattoo,date,T082,06/10/1992,3
tblCulture.csv,tattoo,date,T082,07/06/1994,3
tblCulture.csv,tattoo,date,T082,08/08/1995,3
tblCulture.csv,tattoo,date,T082,12/10/1993,3
tblCulture.csv,tattoo,date,T082,20/06/1995,2
tblCulture.csv,tattoo,date,T082,24/01/1994,2
tblCulture.csv,tattoo,date,T082,25/05/1993,3
tblCulture.csv,tattoo,date,T082,25/06/1996,4
tblCulture.csv,tattoo,date,T082,26/01/1993,3
tblCulture.csv,tattoo,date,T082,28/07/1992,3
tblCulture.csv,tattoo,date,T082,31/01/1995,3
tblCulture.csv,tattoo,date,T082,31/07/1996,4
tblCulture.csv,tattoo,date,T083,02/08/1994,3
tblCulture.csv,tattoo,date,T083,03/08/1993,3
tblCulture.csv,tattoo,date,T083,06/10/1992,2
tblCulture.csv,tattoo,date,T083,07/06/1994,3
tblCulture.csv,tattoo,date,T083,13/10/1993,3
tblCulture.csv,tattoo,date,T083,18/10/1994,3
tblCulture.csv,tattoo,date,T083,20/06/1995,3
tblCulture.csv,tattoo,date,T083,24/01/1994,3
tblCulture.csv,tattoo,date,T083,25/05/1993,3
tblCulture.csv,tattoo,date,T083,26/01/1993,3
tblCulture.csv,tattoo,date,T083,28/07/1992,2
tblCulture.csv,tattoo,date,T083,31/01/1995,3
tblCulture.csv,tattoo,date,T084,03/08/1993,2
tblCulture.csv,tattoo,date,T084,06/10/1992,3
tblCulture.csv,tattoo,date,T084,09/08/1995,2
tblCulture.csv,tattoo,date,T084,12/10/1993,2
tblCulture.csv,tattoo,date,T084,25/05/1993,3
tblCulture.csv,tattoo,date,T084,26/01/1993,2
tblCulture.csv,tattoo,date,T084,26/01/1994,2
tblCulture.csv,tattoo,date,T084,28/07/1992,3
tblCulture.csv,tattoo,date,T085,04/08/1993,3
tblCulture.csv,tattoo,date,T085,06/10/1992,3
tblCulture.csv,tattoo,date,T085,07/06/1994,2
tblCulture.csv,tattoo,date,T085,15/02/1995,3
tblCulture.csv,tattoo,date,T085,20/06/1995,3
tblCulture.csv,tattoo,date,T085,25/01/1994,3
tblCulture.csv,tattoo,date,T085,25/05/1993,3
tblCulture.csv,tattoo,date,T085,26/01/1993,2
tblCulture.csv,tattoo,date,T085,28/07/1992,3
tblCulture.csv,tattoo,date,T086,03/08/1993,2
tblCulture.csv,tattoo,date,T086,06/10/1992,3
tblCulture.csv,tattoo,date,T086,07/06/1994,3
tblCulture.csv,tattoo,date,T086,08/08/1995,3
tblCulture.csv,tattoo,date,T086,12/10/1993,3
tblCulture.csv,tattoo,date,T086,19/05/1998,3
tblCulture.csv,tattoo,date,T086,20/06/1995,3
tblCulture.csv,tattoo,date,T086,25/05/1993,2
tblCulture.csv,tattoo,date,T086,26/01/1993,3
tblCulture.csv,tattoo,date,T086,28/07/1992,3
tblCulture.csv,tattoo,date,T086,28/07/1998,3
tblCulture.csv,tattoo,date,T087,03/08/1993,3
tblCulture.csv,tattoo,date,T087,03/08/1994,3
tblCulture.csv,tattoo,date,T087,06/10/1992,3
tblCulture.csv,tattoo,date,T087,09/08/1995,2
tblCulture.csv,tattoo,date,T087,12/10/1993,3
tblCulture.csv,tattoo,date,T087,19/10/1994,3
tblCulture.csv,tattoo,date,T087,25/05/1993,3
tblCulture.csv,tattoo,date,T087,25/06/1996,3
tblCulture.csv,tattoo,date,T087,28/07/1992,3
tblCulture.csv,tattoo,date,T087,28/07/1998,4
tblCulture.csv,tattoo,date,T088,03/08/1993,3
tblCulture.csv,tattoo,date,T088,06/10/1992,3
tblCulture.csv,tattoo,date,T088,28/07/1992,3
tblCulture.csv,tattoo,date,T089,04/08/1993,3
tblCulture.csv,tattoo,date,T089,06/10/1992,3
tblCulture.csv,tattoo,date,T089,07/06/1994,3
tblCulture.csv,tattoo,date,T089,12/10/1993,3
tblCulture.csv,tattoo,date,T089,19/09/1995,3
tblCulture.csv,tattoo,date,T089,20/06/1995,2
tblCulture.csv,tattoo,date,T089,25/05/1993,2
tblCulture.csv,tattoo,date,T089,25/06/1996,4
tblCulture.csv,tattoo,date,T089,26/01/1993,4
tblCulture.csv,tattoo,date,T089,28/07/1992,3
tblCulture.csv,tattoo,date,T090,28/07/1992,3
tblCulture.csv,tattoo,date,T091,06/10/1992,3
tblCulture.csv,tattoo,date,T091,12/10/1993,3
tblCulture.csv,tattoo,date,T091,26/01/1993,3
tblCulture.csv,tattoo,date,T091,29/07/1992,2
tblCulture.csv,tattoo,date,T092,11/08/1992,3
tblCulture.csv,tattoo,date,T093,09/02/1993,3
tblCulture.csv,tattoo,date,T093,09/06/1993,3
tblCulture.csv,tattoo,date,T093,11/08/1992,3
tblCulture.csv,tattoo,date,T093,17/08/1994,3
tblCulture.csv,tattoo,date,T093,18/08/1993,3
tblCulture.csv,tattoo,date,T093,20/10/1992,3
tblCulture.csv,tattoo,date,T093,21/06/1994,3
tblCulture.csv,tattoo,date,T093,26/10/1993,2
tblCulture.csv,tattoo,date,T094,03/11/1992,3
tblCulture.csv,tattoo,date,T094,17/11/1992,3
tblCulture.csv,tattoo,date,T094,22/06/1993,3
tblCulture.csv,tattoo,date,T094,23/02/1993,3
tblCulture.csv,tattoo,date,T094,25/08/1992,3
tblCulture.csv,tattoo,date,T095,06/07/1993,3
tblCulture.csv,tattoo,date,T095,08/09/1992,2
tblCulture.csv,tattoo,date,T095,17/11/1992,3
tblCulture.csv,tattoo,date,T095,20/07/1994,3
tblCulture.csv,tattoo,date,T095,20/09/1994,2
tblCulture.csv,tattoo,date,T095,25/10/1995,3
tblCulture.csv,tattoo,date,T095,29/09/1993,3
tblCulture.csv,tattoo,date,T095,29/11/1994,3
tblCulture.csv,tattoo,date,T096,06/07/1993,3
tblCulture.csv,tattoo,date,T096,08/09/1992,3
tblCulture.csv,tattoo,date,T096,10/03/1993,3
tblCulture.csv,tattoo,date,T096,19/07/1994,3
tblCulture.csv,tattoo,date,T097,01/12/1993,2
tblCulture.csv,tattoo,date,T097,06/07/1993,3
tblCulture.csv,tattoo,date,T097,06/09/1995,3
tblCulture.csv,tattoo,date,T097,09/09/1992,3
tblCulture.csv,tattoo,date,T097,17/10/1995,3
tblCulture.csv,tattoo,date,T097,19/07/1994,3
tblCulture.csv,tattoo,date,T097,19/07/1995,3
tblCulture.csv,tattoo,date,T098,11/01/1994,3
tblCulture.csv,tattoo,date,T098,11/05/1993,3
tblCulture.csv,tattoo,date,T098,12/01/1993,3
tblCulture.csv,tattoo,date,T098,14/09/1993,3
tblCulture.csv,tattoo,date,T098,22/09/1992,3
tblCulture.csv,tattoo,date,T098,27/07/1994,3
tblCulture.csv,tattoo,date,T099,11/05/1993,4
tblCulture.csv,tattoo,date,T099,23/09/1992,3
tblCulture.csv,tattoo,date,T100,08/06/1993,3
tblCulture.csv,tattoo,date,T100,23/09/1992,3
tblCulture.csv,tattoo,date,T101,04/09/1996,2
tblCulture.csv,tattoo,date,T101,06/10/1992,3
tblCulture.csv,tattoo,date,T101,07/06/1994,3
tblCulture.csv,tattoo,date,T101,09/08/1995,3
tblCulture.csv,tattoo,date,T101,12/10/1993,3
tblCulture.csv,tattoo,date,T101,25/01/1994,3
tblCulture.csv,tattoo,date,T101,26/01/1993,3
tblCulture.csv,tattoo,date,T102,02/08/1994,3
tblCulture.csv,tattoo,date,T102,03/09/1996,3
tblCulture.csv,tattoo,date,T102,06/08/1997,3
tblCulture.csv,tattoo,date,T102,06/10/1992,3
tblCulture.csv,tattoo,date,T102,12/10/1993,3
tblCulture.csv,tattoo,date,T102,13/05/2001,5
tblCulture.csv,tattoo,date,T102,21/05/1997,3
tblCulture.csv,tattoo,date,T102,22/09/1999,2
tblCulture.csv,tattoo,date,T102,23/05/2000,3
tblCulture.csv,tattoo,date,T102,25/05/1999,3
tblCulture.csv,tattoo,date,T102,25/06/1996,2
tblCulture.csv,tattoo,date,T103,09/02/1993,4
tblCulture.csv,tattoo,date,T103,20/10/1992,3
tblCulture.csv,tattoo,date,T104,20/10/1992,3
tblCulture.csv,tattoo,date,T105,20/10/1992,5
tblCulture.csv,tattoo,date,T106,03/08/1999,3
tblCulture.csv,tattoo,date,T106,08/06/1993,3
tblCulture.csv,tattoo,date,T106,09/02/1993,3
tblCulture.csv,tattoo,date,T106,12/08/1998,3
tblCulture.csv,tattoo,date,T106,17/08/1994,3
tblCulture.csv,tattoo,date,T106,17/09/1996,2
tblCulture.csv,tattoo,date,T106,18/08/1993,3
tblCulture.csv,tattoo,date,T106,21/06/1994,3
tblCulture.csv,tattoo,date,T106,21/10/1992,3
tblCulture.csv,tattoo,date,T107,03/11/1992,3
tblCulture.csv,tattoo,date,T107,07/09/1993,3
tblCulture.csv,tattoo,date,T108,01/12/1998,3
tblCulture.csv,tattoo,date,T108,03/11/1992,3
tblCulture.csv,tattoo,date,T108,05/07/1994,3
tblCulture.csv,tattoo,date,T108,24/02/1993,3
tblCulture.csv,tattoo,date,T109,06/07/1993,3
tblCulture.csv,tattoo,date,T109,09/03/1993,3
tblCulture.csv,tattoo,date,T109,17/11/1992,3
tblCulture.csv,tattoo,date,T109,19/07/1994,2
tblCulture.csv,tattoo,date,T109,28/09/1993,3
tblCulture.csv,tattoo,date,U001,10/01/2001,2
tblCulture.csv,tattoo,date,U002,15/03/2001,3
tblCulture.csv,tattoo,date,U003,02/09/2003,3
tblCulture.csv,tattoo,date,U003,05/02/2002,2
tblCulture.csv,tattoo,date,U003,07/08/2001,3
tblCulture.csv,tattoo,date,U003,12/06/2001,3
tblCulture.csv,tattoo,date,U003,18/09/2001,3
tblCulture.csv,tattoo,date,U003,19/11/2002,2
tblCulture.csv,tattoo,date,U004,12/06/2001,3
tblCulture.csv,tattoo,date,U005,02/09/2003,2
tblCulture.csv,tattoo,date,U005,05/02/2002,2
tblCulture.csv,tattoo,date,U005,09/07/2002,2
tblCulture.csv,tattoo,date,U005,12/06/2001,3
tblCulture.csv,tattoo,date,U005,22/01/2003,2
tblCulture.csv,tattoo,date,U006,12/06/2001,3
tblCulture.csv,tattoo,date,U007,07/08/2001,2
tblCulture.csv,tattoo,date,U007,12/06/2001,3
tblCulture.csv,tattoo,date,U008,03/06/2003,3
tblCulture.csv,tattoo,date,U008,03/09/2003,2
tblCulture.csv,tattoo,date,U008,05/05/2009,3
tblCulture.csv,tattoo,date,U008,05/06/2007,4
tblCulture.csv,tattoo,date,U008,06/02/2002,2
tblCulture.csv,tattoo,date,U008,06/07/2004,2
tblCulture.csv,tattoo,date,U008,07/08/2001,3
tblCulture.csv,tattoo,date,U008,10/09/2002,2
tblCulture.csv,tattoo,date,U008,12/06/2001,3
tblCulture.csv,tattoo,date,U008,14/10/2009,3
tblCulture.csv,tattoo,date,U008,18/09/2001,2
tblCulture.csv,tattoo,date,U008,19/11/2002,3
tblCulture.csv,tattoo,date,U008,21/06/2005,2
tblCulture.csv,tattoo,date,U008,24/05/2006,2
tblCulture.csv,tattoo,date,U009,02/09/2003,3
tblCulture.csv,tattoo,date,U009,03/02/2004,2
tblCulture.csv,tattoo,date,U009,04/06/2003,3
tblCulture.csv,tattoo,date,U009,05/02/2002,2
tblCulture.csv,tattoo,date,U009,05/10/2004,5
tblCulture.csv,tattoo,date,U009,09/07/2002,2
tblCulture.csv,tattoo,date,U009,10/09/2002,3
tblCulture.csv,tattoo,date,U009,18/09/2001,2
tblCulture.csv,tattoo,date,U009,19/11/2002,3
tblCulture.csv,tattoo,date,U009,23/11/2004,4
tblCulture.csv,tattoo,date,U010,05/02/2002,2
tblCulture.csv,tattoo,date,U010,07/08/2001,2
tblCulture.csv,tattoo,date,U010,19/11/2002,2
tblCulture.csv,tattoo,date,U011,05/02/2002,2
tblCulture.csv,tattoo,date,U011,18/09/2001,2
tblCulture.csv,tattoo,date,U012,02/09/2003,4
tblCulture.csv,tattoo,date,U012,03/06/2003,2
tblCulture.csv,tattoo,date,U012,03/06/2008,3
tblCulture.csv,tattoo,date,U012,06/07/2004,3
tblCulture.csv,tattoo,date,U012,07/08/2001,2
tblCulture.csv,tattoo,date,U012,10/07/2002,2
tblCulture.csv,tattoo,date,U012,10/09/2002,3
tblCulture.csv,tattoo,date,U012,13/06/2001,3
tblCulture.csv,tattoo,date,U013,13/06/2001,2
tblCulture.csv,tattoo,date,U013,22/06/2001,5
tblCulture.csv,tattoo,date,U014,13/06/2001,2
tblCulture.csv,tattoo,date,U015,26/06/2001,2
tblCulture.csv,tattoo,date,U016,26/06/2001,3
tblCulture.csv,tattoo,date,U017,26/06/2001,2
tblCulture.csv,tattoo,date,U018,26/06/2001,3
tblCulture.csv,tattoo,date,U019,18/06/2002,2
tblCulture.csv,tattoo,date,U019,20/08/2002,2
tblCulture.csv,tattoo,date,U019,22/01/2002,2
tblCulture.csv,tattoo,date,U019,22/08/2001,2
tblCulture.csv,tattoo,date,U019,26/06/2001,2
tblCulture.csv,tattoo,date,U020,10/03/2003,6
tblCulture.csv,tattoo,date,U020,14/01/2003,2
tblCulture.csv,tattoo,date,U020,18/06/2002,3
tblCulture.csv,tattoo,date,U020,21/04/2003,5
tblCulture.csv,tattoo,date,U020,21/08/2001,2
tblCulture.csv,tattoo,date,U020,22/01/2002,3
tblCulture.csv,tattoo,date,U020,26/06/2001,2
tblCulture.csv,tattoo,date,U021,02/10/2001,2
tblCulture.csv,tattoo,date,U021,26/06/2001,3
tblCulture.csv,tattoo,date,U023,02/10/2001,3
tblCulture.csv,tattoo,date,U023,04/07/2001,3
tblCulture.csv,tattoo,date,U023,06/11/2002,2
tblCulture.csv,tattoo,date,U023,13/08/2003,6
tblCulture.csv,tattoo,date,U023,18/06/2002,3
tblCulture.csv,tattoo,date,U023,22/01/2002,2
tblCulture.csv,tattoo,date,U024,04/07/2001,3
tblCulture.csv,tattoo,date,U024,21/08/2001,2
tblCulture.csv,tattoo,date,U024,22/01/2002,2
tblCulture.csv,tattoo,date,U024,28/09/2002,5
tblCulture.csv,tattoo,date,U025,09/01/2002,2
tblCulture.csv,tattoo,date,U025,16/10/2001,2
tblCulture.csv,tattoo,date,U025,24/07/2001,3
tblCulture.csv,tattoo,date,U026,04/09/2001,2
tblCulture.csv,tattoo,date,U026,08/01/2002,2
tblCulture.csv,tattoo,date,U026,24/07/2001,2
tblCulture.csv,tattoo,date,U027,17/10/2001,3
tblCulture.csv,tattoo,date,U027,24/07/2001,2
tblCulture.csv,tattoo,date,U028,17/10/2001,3
tblCulture.csv,tattoo,date,U028,24/07/2001,2
tblCulture.csv,tattoo,date,U029,16/10/2001,3
tblCulture.csv,tattoo,date,U029,24/07/2001,3
tblCulture.csv,tattoo,date,U030,05/09/2001,2
tblCulture.csv,tattoo,date,U030,24/07/2001,2
tblCulture.csv,tattoo,date,U031,04/09/2001,2
tblCulture.csv,tattoo,date,U031,06/08/2002,3
tblCulture.csv,tattoo,date,U031,08/01/2002,2
tblCulture.csv,tattoo,date,U031,13/05/2003,3
tblCulture.csv,tattoo,date,U031,16/10/2001,3
tblCulture.csv,tattoo,date,U031,20/07/2005,3
tblCulture.csv,tattoo,date,U031,24/07/2001,2
tblCulture.csv,tattoo,date,U032,04/09/2001,3
tblCulture.csv,tattoo,date,U032,06/08/2002,3
tblCulture.csv,tattoo,date,U032,08/01/2002,3
tblCulture.csv,tattoo,date,U032,23/10/2002,2
tblCulture.csv,tattoo,date,U032,24/07/2001,3
tblCulture.csv,tattoo,date,U032,25/05/2004,3
tblCulture.csv,tattoo,date,U033,03/07/2004,6
tblCulture.csv,tattoo,date,U033,04/09/2001,2
tblCulture.csv,tattoo,date,U033,07/08/2002,2
tblCulture.csv,tattoo,date,U033,16/10/2001,2
tblCulture.csv,tattoo,date,U033,24/07/2001,2
tblCulture.csv,tattoo,date,U034,04/09/2001,2
tblCulture.csv,tattoo,date,U034,13/05/2003,3
tblCulture.csv,tattoo,date,U034,23/10/2002,2
tblCulture.csv,tattoo,date,U034,24/07/2001,2
tblCulture.csv,tattoo,date,U034,28/05/2002,3
tblCulture.csv,tattoo,date,U034,28/10/2003,3
tblCulture.csv,tattoo,date,U035,04/09/2001,3
tblCulture.csv,tattoo,date,U035,06/08/2002,2
tblCulture.csv,tattoo,date,U035,08/01/2002,3
tblCulture.csv,tattoo,date,U035,13/05/2003,3
tblCulture.csv,tattoo,date,U035,19/07/2005,2
tblCulture.csv,tattoo,date,U035,22/10/2002,3
tblCulture.csv,tattoo,date,U035,24/07/2001,2
tblCulture.csv,tattoo,date,U035,25/08/2004,2
tblCulture.csv,tattoo,date,U035,28/10/2003,3
tblCulture.csv,tattoo,date,U035,29/05/2002,2
tblCulture.csv,tattoo,date,U036,04/09/2001,2
tblCulture.csv,tattoo,date,U036,06/08/2002,2
tblCulture.csv,tattoo,date,U036,08/01/2002,2
tblCulture.csv,tattoo,date,U036,16/10/2001,3
tblCulture.csv,tattoo,date,U036,25/07/2001,2
tblCulture.csv,tattoo,date,U036,28/05/2002,2
tblCulture.csv,tattoo,date,U037,04/09/2001,2
tblCulture.csv,tattoo,date,U037,09/09/2005,6
tblCulture.csv,tattoo,date,U037,17/10/2001,2
tblCulture.csv,tattoo,date,U038,07/08/2002,2
tblCulture.csv,tattoo,date,U038,08/01/2002,2
tblCulture.csv,tattoo,date,U038,18/09/2002,5
tblCulture.csv,tattoo,date,U039,04/09/2001,3
tblCulture.csv,tattoo,date,U039,09/01/2002,2
tblCulture.csv,tattoo,date,U039,16/10/2001,2
tblCulture.csv,tattoo,date,U039,22/10/2002,2
tblCulture.csv,tattoo,date,U039,25/07/2001,2
tblCulture.csv,tattoo,date,U039,28/05/2002,2
tblCulture.csv,tattoo,date,U040,05/02/2002,4
tblCulture.csv,tattoo,date,U040,07/08/2001,3
tblCulture.csv,tattoo,date,U040,18/09/2001,2
tblCulture.csv,tattoo,date,U041,05/02/2002,2
tblCulture.csv,tattoo,date,U041,07/07/2004,2
tblCulture.csv,tattoo,date,U041,07/08/2001,3
tblCulture.csv,tattoo,date,U041,09/07/2002,3
tblCulture.csv,tattoo,date,U041,11/09/2002,2
tblCulture.csv,tattoo,date,U041,16/08/2005,3
tblCulture.csv,tattoo,date,U041,18/09/2001,2
tblCulture.csv,tattoo,date,U041,20/11/2002,2
tblCulture.csv,tattoo,date,U042,07/08/2001,2
tblCulture.csv,tattoo,date,U042,18/09/2001,2
tblCulture.csv,tattoo,date,U043,03/06/2003,4
tblCulture.csv,tattoo,date,U043,07/08/2001,3
tblCulture.csv,tattoo,date,U043,09/07/2002,2
tblCulture.csv,tattoo,date,U043,18/09/2001,2
tblCulture.csv,tattoo,date,U044,02/09/2003,3
tblCulture.csv,tattoo,date,U044,03/06/2003,3
tblCulture.csv,tattoo,date,U044,05/02/2002,3
tblCulture.csv,tattoo,date,U044,06/07/2004,3
tblCulture.csv,tattoo,date,U044,07/08/2001,3
tblCulture.csv,tattoo,date,U044,09/07/2002,2
tblCulture.csv,tattoo,date,U044,10/09/2002,3
tblCulture.csv,tattoo,date,U045,04/11/2003,5
tblCulture.csv,tattoo,date,U045,05/02/2002,2
tblCulture.csv,tattoo,date,U045,07/08/2001,3
tblCulture.csv,tattoo,date,U045,10/07/2002,3
tblCulture.csv,tattoo,date,U045,10/09/2002,3
tblCulture.csv,tattoo,date,U045,18/09/2001,2
tblCulture.csv,tattoo,date,U046,05/02/2002,3
tblCulture.csv,tattoo,date,U046,07/07/2004,2
tblCulture.csv,tattoo,date,U046,07/08/2001,2
tblCulture.csv,tattoo,date,U046,09/07/2002,2
tblCulture.csv,tattoo,date,U046,10/09/2002,3
tblCulture.csv,tattoo,date,U046,18/09/2001,2
tblCulture.csv,tattoo,date,U047,03/06/2003,4
tblCulture.csv,tattoo,date,U047,05/02/2002,2
tblCulture.csv,tattoo,date,U047,10/09/2002,3
tblCulture.csv,tattoo,date,U047,18/09/2001,2
tblCulture.csv,tattoo,date,U048,05/11/2002,3
tblCulture.csv,tattoo,date,U048,15/01/2003,2
tblCulture.csv,tattoo,date,U048,18/06/2002,3
tblCulture.csv,tattoo,date,U048,20/05/2003,3
tblCulture.csv,tattoo,date,U048,20/08/2002,3
tblCulture.csv,tattoo,date,U048,21/08/2001,2
tblCulture.csv,tattoo,date,U049,02/10/2001,3
tblCulture.csv,tattoo,date,U049,05/11/2002,2
tblCulture.csv,tattoo,date,U049,18/06/2002,3
tblCulture.csv,tattoo,date,U049,19/08/2003,3
tblCulture.csv,tattoo,date,U049,20/05/2003,2
tblCulture.csv,tattoo,date,U049,20/08/2002,2
tblCulture.csv,tattoo,date,U049,21/08/2001,2
tblCulture.csv,tattoo,date,U049,23/01/2002,2
tblCulture.csv,tattoo,date,U050,02/03/2008,6
tblCulture.csv,tattoo,date,U050,04/06/2003,3
tblCulture.csv,tattoo,date,U050,05/11/2002,3
tblCulture.csv,tattoo,date,U050,16/08/2005,3
tblCulture.csv,tattoo,date,U050,18/06/2002,2
tblCulture.csv,tattoo,date,U050,20/08/2003,2
tblCulture.csv,tattoo,date,U050,21/08/2001,3
tblCulture.csv,tattoo,date,U050,21/08/2002,2
tblCulture.csv,tattoo,date,U050,24/05/2006,2
tblCulture.csv,tattoo,date,U051,05/11/2002,3
tblCulture.csv,tattoo,date,U051,12/11/2003,2
tblCulture.csv,tattoo,date,U051,18/06/2002,3
tblCulture.csv,tattoo,date,U051,19/08/2003,3
tblCulture.csv,tattoo,date,U051,21/08/2001,3
tblCulture.csv,tattoo,date,U051,22/01/2002,2
tblCulture.csv,tattoo,date,U051,22/09/2004,2
tblCulture.csv,tattoo,date,U052,15/01/2003,2
tblCulture.csv,tattoo,date,U052,19/06/2002,2
tblCulture.csv,tattoo,date,U052,19/08/2003,3
tblCulture.csv,tattoo,date,U052,21/08/2001,3
tblCulture.csv,tattoo,date,U052,21/08/2002,2
tblCulture.csv,tattoo,date,U053,02/09/2003,3
tblCulture.csv,tattoo,date,U053,05/11/2002,3
tblCulture.csv,tattoo,date,U053,17/08/2005,2
tblCulture.csv,tattoo,date,U053,19/06/2002,2
tblCulture.csv,tattoo,date,U053,20/05/2003,3
tblCulture.csv,tattoo,date,U053,21/06/2005,2
tblCulture.csv,tattoo,date,U053,21/08/2001,3
tblCulture.csv,tattoo,date,U053,21/08/2002,2
tblCulture.csv,tattoo,date,U053,22/01/2002,3
tblCulture.csv,tattoo,date,U054,02/09/2003,3
tblCulture.csv,tattoo,date,U054,03/06/2003,3
tblCulture.csv,tattoo,date,U054,05/11/2002,3
tblCulture.csv,tattoo,date,U054,19/06/2002,2
tblCulture.csv,tattoo,date,U054,20/05/2003,3
tblCulture.csv,tattoo,date,U054,20/08/2002,3
tblCulture.csv,tattoo,date,U054,20/08/2003,2
tblCulture.csv,tattoo,date,U054,21/08/2001,3
tblCulture.csv,tattoo,date,U054,22/01/2002,2
tblCulture.csv,tattoo,date,U055,21/08/2001,2
tblCulture.csv,tattoo,date,U056,03/10/2001,3
tblCulture.csv,tattoo,date,U056,21/08/2001,3
tblCulture.csv,tattoo,date,U056,22/01/2002,2
tblCulture.csv,tattoo,date,U057,01/08/2006,3
tblCulture.csv,tattoo,date,U057,02/10/2001,3
tblCulture.csv,tattoo,date,U057,05/11/2002,3
tblCulture.csv,tattoo,date,U057,07/11/2006,4
tblCulture.csv,tattoo,date,U057,11/11/2003,2
tblCulture.csv,tattoo,date,U057,16/05/2006,3
tblCulture.csv,tattoo,date,U057,18/06/2002,2
tblCulture.csv,tattoo,date,U057,19/08/2003,2
tblCulture.csv,tattoo,date,U057,22/05/2007,3
tblCulture.csv,tattoo,date,U058,21/08/2001,3
tblCulture.csv,tattoo,date,U059,02/10/2001,2
tblCulture.csv,tattoo,date,U059,21/08/2001,3
tblCulture.csv,tattoo,date,U059,22/01/2002,3
tblCulture.csv,tattoo,date,U060,02/10/2001,3
tblCulture.csv,tattoo,date,U060,14/01/2003,2
tblCulture.csv,tattoo,date,U060,15/10/2004,5
tblCulture.csv,tattoo,date,U060,21/05/2003,2
tblCulture.csv,tattoo,date,U060,21/08/2001,2
tblCulture.csv,tattoo,date,U060,22/01/2002,3
tblCulture.csv,tattoo,date,U061,02/10/2001,3
tblCulture.csv,tattoo,date,U061,05/11/2002,3
tblCulture.csv,tattoo,date,U061,18/06/2002,3
tblCulture.csv,tattoo,date,U061,21/08/2001,2
tblCulture.csv,tattoo,date,U061,22/01/2002,3
tblCulture.csv,tattoo,date,U062,02/10/2001,2
tblCulture.csv,tattoo,date,U062,05/11/2002,3
tblCulture.csv,tattoo,date,U062,08/06/2004,3
tblCulture.csv,tattoo,date,U062,12/11/2003,2
tblCulture.csv,tattoo,date,U062,19/06/2002,2
tblCulture.csv,tattoo,date,U062,19/08/2003,3
tblCulture.csv,tattoo,date,U062,20/05/2003,3
tblCulture.csv,tattoo,date,U062,20/08/2002,3
tblCulture.csv,tattoo,date,U062,21/08/2001,3
tblCulture.csv,tattoo,date,U062,22/01/2002,3
tblCulture.csv,tattoo,date,U063,06/08/2002,2
tblCulture.csv,tattoo,date,U063,18/06/2002,2
tblCulture.csv,tattoo,date,U063,21/08/2001,2
tblCulture.csv,tattoo,date,U063,22/01/2002,3
tblCulture.csv,tattoo,date,U064,02/08/2006,2
tblCulture.csv,tattoo,date,U064,05/11/2002,2
tblCulture.csv,tattoo,date,U064,09/10/2007,4
tblCulture.csv,tattoo,date,U064,12/11/2003,2
tblCulture.csv,tattoo,date,U064,19/05/2009,4
tblCulture.csv,tattoo,date,U064,20/05/2003,2
tblCulture.csv,tattoo,date,U064,20/05/2008,4
tblCulture.csv,tattoo,date,U064,20/08/2002,3
tblCulture.csv,tattoo,date,U064,21/08/2001,2
tblCulture.csv,tattoo,date,U064,22/09/2004,2
tblCulture.csv,tattoo,date,U064,23/05/2007,4
tblCulture.csv,tattoo,date,U065,03/10/2001,2
tblCulture.csv,tattoo,date,U065,15/02/2002,6
tblCulture.csv,tattoo,date,U065,22/08/2001,2
tblCulture.csv,tattoo,date,U066,03/10/2001,2
tblCulture.csv,tattoo,date,U067,02/10/2001,3
tblCulture.csv,tattoo,date,U067,06/11/2002,2
tblCulture.csv,tattoo,date,U067,08/06/2005,2
tblCulture.csv,tattoo,date,U067,12/11/2003,2
tblCulture.csv,tattoo,date,U067,18/06/2002,3
tblCulture.csv,tattoo,date,U067,19/08/2003,3
tblCulture.csv,tattoo,date,U067,20/05/2003,2
tblCulture.csv,tattoo,date,U067,20/08/2002,3
tblCulture.csv,tattoo,date,U067,22/01/2002,2
tblCulture.csv,tattoo,date,U067,24/04/2006,5
tblCulture.csv,tattoo,date,U068,03/10/2001,3
tblCulture.csv,tattoo,date,U068,06/11/2002,2
tblCulture.csv,tattoo,date,U068,07/06/2005,2
tblCulture.csv,tattoo,date,U068,10/04/2008,6
tblCulture.csv,tattoo,date,U068,12/11/2003,2
tblCulture.csv,tattoo,date,U068,15/01/2003,2
tblCulture.csv,tattoo,date,U068,16/05/2006,3
tblCulture.csv,tattoo,date,U068,18/06/2002,2
tblCulture.csv,tattoo,date,U068,19/08/2003,3
tblCulture.csv,tattoo,date,U068,20/05/2003,2
tblCulture.csv,tattoo,date,U068,20/08/2002,2
tblCulture.csv,tattoo,date,U068,21/08/2007,4
tblCulture.csv,tattoo,date,U068,22/01/2002,2
tblCulture.csv,tattoo,date,U068,22/05/2007,4
tblCulture.csv,tattoo,date,U068,22/08/2001,2
tblCulture.csv,tattoo,date,U069,01/08/2006,3
tblCulture.csv,tattoo,date,U069,02/10/2001,3
tblCulture.csv,tattoo,date,U069,16/05/2006,3
tblCulture.csv,tattoo,date,U069,20/05/2003,3
tblCulture.csv,tattoo,date,U069,21/05/2008,4
tblCulture.csv,tattoo,date,U069,21/08/2002,3
tblCulture.csv,tattoo,date,U069,22/08/2001,2
tblCulture.csv,tattoo,date,U069,23/05/2007,2
tblCulture.csv,tattoo,date,U070,05/08/2003,3
tblCulture.csv,tattoo,date,U070,16/10/2001,3
tblCulture.csv,tattoo,date,U070,19/07/2005,3
tblCulture.csv,tattoo,date,U070,24/08/2007,6
tblCulture.csv,tattoo,date,U070,25/05/2004,2
tblCulture.csv,tattoo,date,U071,04/09/2001,2
tblCulture.csv,tattoo,date,U071,08/02/2002,5
tblCulture.csv,tattoo,date,U071,09/01/2002,2
tblCulture.csv,tattoo,date,U071,16/10/2001,2
tblCulture.csv,tattoo,date,U072,04/09/2001,2
tblCulture.csv,tattoo,date,U072,07/05/2008,3
tblCulture.csv,tattoo,date,U072,07/08/2002,2
tblCulture.csv,tattoo,date,U072,08/05/2007,3
tblCulture.csv,tattoo,date,U072,09/01/2002,3
tblCulture.csv,tattoo,date,U073,06/08/2002,2
tblCulture.csv,tattoo,date,U073,14/05/2003,3
tblCulture.csv,tattoo,date,U073,29/10/2003,3
tblCulture.csv,tattoo,date,U075,18/09/2001,2
tblCulture.csv,tattoo,date,U076,21/01/2003,4
tblCulture.csv,tattoo,date,UN001,13/12/1975,2
tblCulture.csv,tattoo,date,UN004,25/03/1977,2
tblCulture.csv,tattoo,date,UN016,30/03/1978,3
tblCulture.csv,tattoo,date,UN021,19/04/1979,2
tblCulture.csv,tattoo,date,UN040,20/10/1980,2
tblCulture.csv,tattoo,date,UN046,06/07/1981,3
tblCulture.csv,tattoo,date,UN081,09/02/1982,2
tblCulture.csv,tattoo,date,UN090,23/04/1985,3
tblCulture.csv,tattoo,date,UN093,02/05/1986,4
tblCulture.csv,tattoo,date,UN126,25/06/1990,2
tblCulture.csv,tattoo,date,UN199,30/10/1998,4
tblCulture.csv,tattoo,date,UN200,18/01/1999,5
tblCulture.csv,tattoo,date,UN201,01/02/1999,6
tblCulture.csv,tattoo,date,UN202,02/02/1999,5
tblCulture.csv,tattoo,date,UN204,15/02/1999,5
tblCulture.csv,tattoo,date,UN205,21/02/1999,5
tblCulture.csv,tattoo,date,UN206,08/03/1999,5
tblCulture.csv,tattoo,date,UN208,31/03/1999,5
tblCulture.csv,tattoo,date,UN209,20/04/1999,5
tblCulture.csv,tattoo,date,UN210,08/05/1999,5
tblCulture.csv,tattoo,date,UN211,16/05/1999,5
tblCulture.csv,tattoo,date,UN212,10/08/1999,5
tblCulture.csv,tattoo,date,UN213,13/08/1999,4
tblCulture.csv,tattoo,date,UN214,13/08/1999,5
tblCulture.csv,tattoo,date,UN215,14/09/1999,5
tblCulture.csv,tattoo,date,UN216,18/09/1999,5
tblCulture.csv,tattoo,date,UN217,05/10/1999,5
tblCulture.csv,tattoo,date,UN227,21/04/2000,5
tblCulture.csv,tattoo,date,UN229,20/06/2000,5
tblCulture.csv,tattoo,date,UN231,21/09/2000,5
tblCulture.csv,tattoo,date,UN232,23/11/2000,5
tblCulture.csv,tattoo,date,UN233,22/12/2000,5
tblCulture.csv,tattoo,date,UN238,06/03/2001,5
tblCulture.csv,tattoo,date,UN240,26/04/2001,5
tblCulture.csv,tattoo,date,UN241,03/06/2001,5
tblCulture.csv,tattoo,date,UN242,02/07/2001,5
tblCulture.csv,tattoo,date,UN243,09/07/2001,5
tblCulture.csv,tattoo,date,UN244,12/07/2001,5
tblCulture.csv,tattoo,date,UN245,20/07/2001,5
tblCulture.csv,tattoo,date,UN246,26/07/2001,5
tblCulture.csv,tattoo,date,UN247,05/09/2001,5
tblCulture.csv,tattoo,date,UN249,05/10/2001,5
tblCulture.csv,tattoo,date,UN250,08/10/2001,5
tblCulture.csv,tattoo,date,UN251,06/11/2001,6
tblCulture.csv,tattoo,date,UN252,13/12/2001,5
tblCulture.csv,tattoo,date,UN253,28/01/2002,6
tblCulture.csv,tattoo,date,UN257,01/02/2002,7
tblCulture.csv,tattoo,date,UN275,14/08/2002,5
tblCulture.csv,tattoo,date,UN276,19/08/2002,5
tblCulture.csv,tattoo,date,UN277,26/08/2002,5
tblCulture.csv,tattoo,date,UN281,04/09/2002,5
tblCulture.csv,tattoo,date,UN282,12/09/2002,5
tblCulture.csv,tattoo,date,UN283,16/09/2002,5
tblCulture.csv,tattoo,date,UN287,10/10/2002,5
tblCulture.csv,tattoo,date,UN288,24/10/2002,5
tblCulture.csv,tattoo,date,UN289,24/10/2002,5
tblCulture.csv,tattoo,date,UN291,08/01/2003,5
tblCulture.csv,tattoo,date,UN294,27/01/2003,2
tblCulture.csv,tattoo,date,UN295,10/02/2003,5
tblCulture.csv,tattoo,date,UN307,01/03/2003,6
tblCulture.csv,tattoo,date,UN309,25/03/2003,5
tblCulture.csv,tattoo,date,UN312,06/06/2003,4
tblCulture.csv,tattoo,date,UN313,16/06/2003,5
tblCulture.csv,tattoo,date,UN315,10/07/2003,5
tblCulture.csv,tattoo,date,UN321,29/07/2003,5
tblCulture.csv,tattoo,date,UN333,14/08/2003,5
tblCulture.csv,tattoo,date,UN334,14/08/2003,5
tblCulture.csv,tattoo,date,UN335,15/08/2003,5
tblCulture.csv,tattoo,date,UN336,20/08/2003,6
tblCulture.csv,tattoo,date,UN338,28/08/2003,2
tblCulture.csv,tattoo,date,UN339,27/08/2003,6
tblCulture.csv,tattoo,date,UN340,30/08/2003,7
tblCulture.csv,tattoo,date,UN341,11/09/2003,7
tblCulture.csv,tattoo,date,UN342,12/09/2003,6
tblCulture.csv,tattoo,date,UN344,26/09/2003,5
tblCulture.csv,tattoo,date,UN345,07/10/2003,5
tblCulture.csv,tattoo,date,UN348,12/01/2004,6
tblCulture.csv,tattoo,date,UN350,20/01/2004,5
tblCulture.csv,tattoo,date,UN351,26/01/2004,5
tblCulture.csv,tattoo,date,UN353,22/02/2004,6
tblCulture.csv,tattoo,date,UN360,13/05/2004,2
tblCulture.csv,tattoo,date,UN361,21/06/2004,5
tblCulture.csv,tattoo,date,UN362,21/06/2004,5
tblCulture.csv,tattoo,date,UN363,09/07/2004,5
tblCulture.csv,tattoo,date,UN364,12/07/2004,5
tblCulture.csv,tattoo,date,UN368,13/08/2004,5
tblCulture.csv,tattoo,date,UN371,28/08/2004,6
tblCulture.csv,tattoo,date,UN372,30/08/2004,6
tblCulture.csv,tattoo,date,UN376,05/11/2004,5
tblCulture.csv,tattoo,date,UN378,19/01/2005,5
tblCulture.csv,tattoo,date,UN380,15/04/2005,4
tblCulture.csv,tattoo,date,UN381,25/04/2005,6
tblCulture.csv,tattoo,date,UN382,25/05/2005,5
tblCulture.csv,tattoo,date,UN383,25/05/2005,5
tblCulture.csv,tattoo,date,UN384,08/06/2005,5
tblCulture.csv,tattoo,date,UN385,09/06/2005,5
tblCulture.csv,tattoo,date,UN389,06/08/2005,5
tblCulture.csv,tattoo,date,UN390,07/08/2005,5
tblCulture.csv,tattoo,date,UN401,18/08/2005,5
tblCulture.csv,tattoo,date,UN402,22/08/2005,5
tblCulture.csv,tattoo,date,UN403,21/08/2005,5
tblCulture.csv,tattoo,date,UN404,07/09/2005,5
tblCulture.csv,tattoo,date,UN407,22/09/2005,5
tblCulture.csv,tattoo,date,UN408,09/10/2005,5
tblCulture.csv,tattoo,date,UN409,21/10/2005,6
tblCulture.csv,tattoo,date,UN410,12/11/2005,6
tblCulture.csv,tattoo,date,UN420,23/01/2006,5
tblCulture.csv,tattoo,date,UN424,13/02/2006,5
tblCulture.csv,tattoo,date,UN427,09/03/2006,5
tblCulture.csv,tattoo,date,UN430,07/04/2006,5
tblCulture.csv,tattoo,date,UN431,10/04/2006,5
tblCulture.csv,tattoo,date,UN432,13/04/2006,6
tblCulture.csv,tattoo,date,UN434,19/04/2006,6
tblCulture.csv,tattoo,date,UN440,26/05/2006,5
tblCulture.csv,tattoo,date,UN445,12/07/2006,5
tblCulture.csv,tattoo,date,UN446,15/07/2006,5
tblCulture.csv,tattoo,date,UN447,17/07/2006,5
tblCulture.csv,tattoo,date,UN460,23/02/2007,6
tblCulture.csv,tattoo,date,UN461,11/03/2007,6
tblCulture.csv,tattoo,date,UN462,20/03/2007,6
tblCulture.csv,tattoo,date,UN465,10/05/2007,5
tblCulture.csv,tattoo,date,UN468,27/05/2007,2
tblCulture.csv,tattoo,date,UN469,05/06/2007,2
tblCulture.csv,tattoo,date,UN470,25/06/2007,6
tblCulture.csv,tattoo,date,UN471,27/08/2007,6
tblCulture.csv,tattoo,date,UN472,17/09/2007,6
tblCulture.csv,tattoo,date,UN473,28/09/2007,6
tblCulture.csv,tattoo,date,UN474,22/10/2007,6
tblCulture.csv,tattoo,date,UN475,25/10/2007,6
tblCulture.csv,tattoo,date,UN476,14/01/2008,6
tblCulture.csv,tattoo,date,UN480,20/02/2008,6
tblCulture.csv,tattoo,date,UN481,07/03/2008,6
tblCulture.csv,tattoo,date,UN482,18/03/2008,6
tblCulture.csv,tattoo,date,UN483,24/03/2008,7
tblCulture.csv,tattoo,date,UN484,07/04/2008,6
tblCulture.csv,tattoo,date,UN485,11/04/2008,6
tblCulture.csv,tattoo,date,UN486,15/04/2008,6
tblCulture.csv,tattoo,date,UN487,28/04/2008,6
tblCulture.csv,tattoo,date,UN488,15/05/2008,6
tblCulture.csv,tattoo,date,UN489,19/05/2008,7
tblCulture.csv,tattoo,date,UN490,23/05/2008,6
tblCulture.csv,tattoo,date,UN491,01/06/2008,6
tblCulture.csv,tattoo,date,UN493,24/06/2008,7
tblCulture.csv,tattoo,date,UN494,30/06/2008,6
tblCulture.csv,tattoo,date,UN495,17/07/2008,6
tblCulture.csv,tattoo,date,UN496,20/07/2008,6
tblCulture.csv,tattoo,date,UN497,04/08/2008,5
tblCulture.csv,tattoo,date,UN499,08/08/2008,6
tblCulture.csv,tattoo,date,UN500,15/08/2008,6
tblCulture.csv,tattoo,date,UN501,22/08/2008,6
tblCulture.csv,tattoo,date,UN502,16/10/2008,6
tblCulture.csv,tattoo,date,UN504,12/03/2009,6
tblCulture.csv,tattoo,date,UN505,23/03/2009,6
tblCulture.csv,tattoo,date,UN506,24/03/2009,6
tblCulture.csv,tattoo,date,UN509,05/05/2009,6
tblCulture.csv,tattoo,date,UN510,05/05/2009,6
tblCulture.csv,tattoo,date,UN511,20/11/2009,6
tblCulture.csv,tattoo,date,UN512,04/02/2010,6
tblCulture.csv,tattoo,date,UN513,05/02/2010,6
tblCulture.csv,tattoo,date,UN514,05/02/2010,6
tblCulture.csv,tattoo,date,UN515,15/02/2010,5
tblCulture.csv,tattoo,date,UN516,16/02/2010,5
tblCulture.csv,tattoo,date,UN517,27/02/2010,3
tblCulture.csv,tattoo,date,UN519,23/03/2010,6
tblCulture.csv,tattoo,date,UN520,12/04/2010,6
tblCulture.csv,tattoo,date,UN521,20/04/2010,6
tblCulture.csv,tattoo,date,UN522,29/04/2010,6
tblCulture.csv,tattoo,date,UN523,10/05/2010,6
tblCulture.csv,tattoo,date,UN524,17/05/2010,5
tblCulture.csv,tattoo,date,UN525,26/05/2010,5
tblCulture.csv,tattoo,date,UN526,11/10/2010,6
tblCulture.csv,tattoo,date,UN527,19/10/2010,6
tblCulture.csv,tattoo,date,UN528,15/02/2011,6
tblCulture.csv,tattoo,date,UN529,18/02/2011,6
tblCulture.csv,tattoo,date,UN530,28/02/2011,6
tblCulture.csv,tattoo,date,UN531,03/03/2011,6
tblCulture.csv,tattoo,date,UN532,13/05/2011,6
tblCulture.csv,tattoo,date,UN533,20/05/2011,6
tblCulture.csv,tattoo,date,UN535,18/07/2011,6
tblCulture.csv,tattoo,date,UN536,22/08/2011,6
tblCulture.csv,tattoo,date,UN537,23/09/2011,5
tblCulture.csv,tattoo,date,UN538,19/10/2011,5
tblCulture.csv,tattoo,date,UN539,20/02/2012,6
tblCulture.csv,tattoo,date,UN540,01/03/2012,6
tblCulture.csv,tattoo,date,UN541,02/03/2012,6
tblCulture.csv,tattoo,date,UN542,05/03/2012,5
tblCulture.csv,tattoo,date,UN543,05/03/2012,6
tblCulture.csv,tattoo,date,UN544,08/03/2012,5
tblCulture.csv,tattoo,date,UN545,08/03/2012,6
tblCulture.csv,tattoo,date,UN546,12/03/2012,6
tblCulture.csv,tattoo,date,UN547,15/05/2012,6
tblCulture.csv,tattoo,date,UN548,17/05/2012,6
tblCulture.csv,tattoo,date,UN549,17/05/2012,6
tblCulture.csv,tattoo,date,UN550,05/07/2012,6
tblCulture.csv,tattoo,date,UN551,20/07/2012,5
tblCulture.csv,tattoo,date,UN552,08/12/2012,6
tblCulture.csv,tattoo,date,UN554,04/03/2013,6
tblCulture.csv,tattoo,date,UN555,07/03/2013,6
tblCulture.csv,tattoo,date,UN556,18/03/2013,6
tblCulture.csv,tattoo,date,UN557,17/04/2013,6
tblCulture.csv,tattoo,date,UN558,30/07/2013,6
tblCulture.csv,tattoo,date,UN559,19/08/2013,6
tblCulture.csv,tattoo,date,UN560,05/10/2013,6
tblCulture.csv,tattoo,date,UN561,04/02/2014,6
tblCulture.csv,tattoo,date,UN563,10/03/2014,2
tblCulture.csv,tattoo,date,UN564,17/03/2014,5
tblCulture.csv,tattoo,date,UN565,24/03/2014,5
tblCulture.csv,tattoo,date,UN567,07/04/2014,2
tblCulture.csv,tattoo,date,UN568,19/06/2014,5
tblCulture.csv,tattoo,date,UN571,03/10/2014,2
tblCulture.csv,tattoo,date,UN572,29/10/2014,6
tblCulture.csv,tattoo,date,UN573,12/01/2015,6
tblCulture.csv,tattoo,date,UN574,26/01/2015,6
tblCulture.csv,tattoo,date,UN575,02/02/2015,6
tblCulture.csv,tattoo,date,UN576,02/07/2015,6
tblCulture.csv,tattoo,date,UN577,14/07/2015,6
tblCulture.csv,tattoo,date,UN578,23/07/2015,6
tblCulture.csv,tattoo,date,UN579,26/09/2015,6
tblCulture.csv,tattoo,date,UN582,13/04/2016,6
tblCulture.csv,tattoo,date,UN592,31/07/2017,2
tblCulture.csv,tattoo,date,V001,05/06/1990,2
tblCulture.csv,tattoo,date,V001,06/02/1990,3
tblCulture.csv,tattoo,date,V001,14/08/1990,3
tblCulture.csv,tattoo,date,V002,05/06/1990,3
tblCulture.csv,tattoo,date,V002,06/02/1990,2
tblCulture.csv,tattoo,date,V002,14/08/1990,3
tblCulture.csv,tattoo,date,V003,06/02/1990,4
tblCulture.csv,tattoo,date,V003,20/02/1991,4
tblCulture.csv,tattoo,date,V004,06/02/1990,3
tblCulture.csv,tattoo,date,V005,20/02/1990,3
tblCulture.csv,tattoo,date,V006,17/05/1990,3
tblCulture.csv,tattoo,date,V007,16/10/1990,3
tblCulture.csv,tattoo,date,V007,17/05/1991,3
tblCulture.csv,tattoo,date,V007,22/05/1990,3
tblCulture.csv,tattoo,date,V007,28/07/1992,3
tblCulture.csv,tattoo,date,V007,29/01/1991,2
tblCulture.csv,tattoo,date,V007,30/10/1991,3
tblCulture.csv,tattoo,date,V008,22/05/1990,2
tblCulture.csv,tattoo,date,V008,31/07/1990,3
tblCulture.csv,tattoo,date,V009,04/06/1991,2
tblCulture.csv,tattoo,date,V009,16/10/1990,3
tblCulture.csv,tattoo,date,V009,22/05/1990,3
tblCulture.csv,tattoo,date,V009,31/01/1991,3
tblCulture.csv,tattoo,date,V009,31/07/1990,2
tblCulture.csv,tattoo,date,V010,05/06/1991,3
tblCulture.csv,tattoo,date,V010,16/10/1990,3
tblCulture.csv,tattoo,date,V010,17/06/1992,3
tblCulture.csv,tattoo,date,V010,22/05/1990,3
tblCulture.csv,tattoo,date,V010,29/01/1991,3
tblCulture.csv,tattoo,date,V010,31/07/1990,3
tblCulture.csv,tattoo,date,V011,01/08/1990,3
tblCulture.csv,tattoo,date,V011,22/05/1990,2
tblCulture.csv,tattoo,date,V012,16/10/1990,3
tblCulture.csv,tattoo,date,V012,22/05/1990,3
tblCulture.csv,tattoo,date,V013,13/08/1991,3
tblCulture.csv,tattoo,date,V013,22/05/1990,2
tblCulture.csv,tattoo,date,V014,22/05/1990,3
tblCulture.csv,tattoo,date,V015,22/05/1990,2
tblCulture.csv,tattoo,date,V016,01/08/1990,3
tblCulture.csv,tattoo,date,V016,05/06/1991,3
tblCulture.csv,tattoo,date,V016,13/08/1991,3
tblCulture.csv,tattoo,date,V016,16/10/1990,3
tblCulture.csv,tattoo,date,V016,19/05/1992,3
tblCulture.csv,tattoo,date,V016,22/05/1990,3
tblCulture.csv,tattoo,date,V016,28/07/1992,3
tblCulture.csv,tattoo,date,V016,29/01/1991,2
tblCulture.csv,tattoo,date,V016,29/10/1991,3
tblCulture.csv,tattoo,date,V017,22/05/1990,3
tblCulture.csv,tattoo,date,V018,22/05/1990,3
tblCulture.csv,tattoo,date,V018,31/07/1990,2
tblCulture.csv,tattoo,date,V019,02/08/1994,4
tblCulture.csv,tattoo,date,V019,05/06/1991,3
tblCulture.csv,tattoo,date,V019,12/10/1993,3
tblCulture.csv,tattoo,date,V019,14/08/1991,3
tblCulture.csv,tattoo,date,V019,16/10/1990,2
tblCulture.csv,tattoo,date,V019,23/05/1990,3
tblCulture.csv,tattoo,date,V019,25/05/1993,3
tblCulture.csv,tattoo,date,V019,26/01/1993,3
tblCulture.csv,tattoo,date,V019,28/07/1992,3
tblCulture.csv,tattoo,date,V019,29/01/1991,3
tblCulture.csv,tattoo,date,V019,30/10/1991,3
tblCulture.csv,tattoo,date,V020,16/10/1990,3
tblCulture.csv,tattoo,date,V020,23/05/1990,3
tblCulture.csv,tattoo,date,V021,02/08/1994,3
tblCulture.csv,tattoo,date,V021,03/08/1993,3
tblCulture.csv,tattoo,date,V021,05/06/1991,2
tblCulture.csv,tattoo,date,V021,07/10/1992,3
tblCulture.csv,tattoo,date,V021,08/06/1994,3
tblCulture.csv,tattoo,date,V021,12/10/1993,3
tblCulture.csv,tattoo,date,V021,16/10/1990,3
tblCulture.csv,tattoo,date,V021,20/05/1992,5
tblCulture.csv,tattoo,date,V021,23/05/1990,3
tblCulture.csv,tattoo,date,V021,26/01/1993,3
tblCulture.csv,tattoo,date,V021,31/01/1991,3
tblCulture.csv,tattoo,date,V022,23/05/1990,2
tblCulture.csv,tattoo,date,V023,23/05/1990,3
tblCulture.csv,tattoo,date,V023,31/07/1990,3
tblCulture.csv,tattoo,date,V024,23/05/1990,3
tblCulture.csv,tattoo,date,V025,23/05/1990,3
tblCulture.csv,tattoo,date,V026,04/06/1991,3
tblCulture.csv,tattoo,date,V026,13/08/1991,3
tblCulture.csv,tattoo,date,V026,16/10/1990,3
tblCulture.csv,tattoo,date,V026,23/05/1990,2
tblCulture.csv,tattoo,date,V026,29/01/1991,3
tblCulture.csv,tattoo,date,V026,29/10/1991,3
tblCulture.csv,tattoo,date,V026,31/07/1990,2
tblCulture.csv,tattoo,date,V027,23/05/1990,2
tblCulture.csv,tattoo,date,V027,29/01/1991,3
tblCulture.csv,tattoo,date,V027,30/10/1991,2
tblCulture.csv,tattoo,date,V027,31/07/1990,3
tblCulture.csv,tattoo,date,V028,23/05/1990,3
tblCulture.csv,tattoo,date,V029,23/05/1990,3
tblCulture.csv,tattoo,date,V030,23/05/1990,3
tblCulture.csv,tattoo,date,V031,05/06/1990,3
tblCulture.csv,tattoo,date,V031,14/08/1990,3
tblCulture.csv,tattoo,date,V031,30/10/1990,3
tblCulture.csv,tattoo,date,V032,05/06/1990,3
tblCulture.csv,tattoo,date,V032,14/08/1990,2
tblCulture.csv,tattoo,date,V033,03/09/1991,3
tblCulture.csv,tattoo,date,V033,05/06/1990,3
tblCulture.csv,tattoo,date,V033,14/08/1990,3
tblCulture.csv,tattoo,date,V034,04/09/1991,4
tblCulture.csv,tattoo,date,V034,05/06/1990,3
tblCulture.csv,tattoo,date,V034,11/02/1992,4
tblCulture.csv,tattoo,date,V034,12/11/1991,4
tblCulture.csv,tattoo,date,V034,14/08/1990,2
tblCulture.csv,tattoo,date,V034,18/06/1991,3
tblCulture.csv,tattoo,date,V034,20/02/1991,2
tblCulture.csv,tattoo,date,V034,30/10/1990,3
tblCulture.csv,tattoo,date,V035,03/06/1992,3
tblCulture.csv,tattoo,date,V035,05/06/1990,3
tblCulture.csv,tattoo,date,V035,08/06/1993,3
tblCulture.csv,tattoo,date,V035,10/09/1997,3
tblCulture.csv,tattoo,date,V035,11/08/1992,3
tblCulture.csv,tattoo,date,V035,12/11/1991,3
tblCulture.csv,tattoo,date,V035,14/08/1990,2
tblCulture.csv,tattoo,date,V035,19/02/1991,2
tblCulture.csv,tattoo,date,V035,19/06/1991,3
tblCulture.csv,tattoo,date,V035,20/10/1998,3
tblCulture.csv,tattoo,date,V035,22/08/1995,3
tblCulture.csv,tattoo,date,V035,26/10/1993,3
tblCulture.csv,tattoo,date,V035,31/10/1990,3
tblCulture.csv,tattoo,date,V036,03/06/1992,2
tblCulture.csv,tattoo,date,V036,05/06/1990,3
tblCulture.csv,tattoo,date,V036,08/02/1994,3
tblCulture.csv,tattoo,date,V036,09/02/1993,4
tblCulture.csv,tattoo,date,V036,12/11/1991,2
tblCulture.csv,tattoo,date,V036,14/08/1990,3
tblCulture.csv,tattoo,date,V036,19/02/1991,3
tblCulture.csv,tattoo,date,V036,20/10/1992,2
tblCulture.csv,tattoo,date,V036,21/06/1994,2
tblCulture.csv,tattoo,date,V036,30/10/1990,3
tblCulture.csv,tattoo,date,V037,03/09/1991,3
tblCulture.csv,tattoo,date,V037,05/06/1990,2
tblCulture.csv,tattoo,date,V037,13/11/1991,3
tblCulture.csv,tattoo,date,V037,14/08/1990,2
tblCulture.csv,tattoo,date,V037,19/06/1991,3
tblCulture.csv,tattoo,date,V037,30/10/1990,3
tblCulture.csv,tattoo,date,V038,01/10/1996,2
tblCulture.csv,tattoo,date,V038,02/07/1991,3
tblCulture.csv,tattoo,date,V038,03/09/1991,3
tblCulture.csv,tattoo,date,V038,05/06/1990,3
tblCulture.csv,tattoo,date,V038,05/07/1994,3
tblCulture.csv,tattoo,date,V038,05/07/1995,3
tblCulture.csv,tattoo,date,V038,06/07/1999,3
tblCulture.csv,tattoo,date,V038,06/09/1994,3
tblCulture.csv,tattoo,date,V038,06/09/1995,3
tblCulture.csv,tattoo,date,V038,07/09/1993,3
tblCulture.csv,tattoo,date,V038,08/10/1997,3
tblCulture.csv,tattoo,date,V038,09/09/1998,3
tblCulture.csv,tattoo,date,V038,11/08/1992,3
tblCulture.csv,tattoo,date,V038,12/11/1991,2
tblCulture.csv,tattoo,date,V038,16/06/1992,2
tblCulture.csv,tattoo,date,V038,16/08/1994,3
tblCulture.csv,tattoo,date,V038,16/10/1995,2
tblCulture.csv,tattoo,date,V038,17/09/1991,3
tblCulture.csv,tattoo,date,V038,19/02/1991,3
tblCulture.csv,tattoo,date,V038,22/02/1993,3
tblCulture.csv,tattoo,date,V038,22/06/1993,3
tblCulture.csv,tattoo,date,V038,27/11/1991,2
tblCulture.csv,tattoo,date,V038,30/10/1990,2
tblCulture.csv,tattoo,date,V039,03/09/1991,3
tblCulture.csv,tattoo,date,V039,05/06/1990,2
tblCulture.csv,tattoo,date,V039,14/08/1990,3
tblCulture.csv,tattoo,date,V039,19/06/1991,3
tblCulture.csv,tattoo,date,V039,25/08/1992,3
tblCulture.csv,tattoo,date,V039,26/02/1991,3
tblCulture.csv,tattoo,date,V040,03/09/1991,3
tblCulture.csv,tattoo,date,V040,04/07/1995,3
tblCulture.csv,tattoo,date,V040,05/06/1990,2
tblCulture.csv,tattoo,date,V040,08/02/1994,2
tblCulture.csv,tattoo,date,V040,09/06/1993,2
tblCulture.csv,tattoo,date,V040,09/09/1997,3
tblCulture.csv,tattoo,date,V040,11/08/1992,3
tblCulture.csv,tattoo,date,V040,12/11/1991,3
tblCulture.csv,tattoo,date,V040,15/08/1990,3
tblCulture.csv,tattoo,date,V040,16/08/1994,3
tblCulture.csv,tattoo,date,V040,17/09/1996,3
tblCulture.csv,tattoo,date,V040,18/06/1991,2
tblCulture.csv,tattoo,date,V040,19/02/1991,3
tblCulture.csv,tattoo,date,V040,20/10/1992,3
tblCulture.csv,tattoo,date,V040,26/10/1993,3
tblCulture.csv,tattoo,date,V040,30/10/1990,2
tblCulture.csv,tattoo,date,V041,03/06/1992,3
tblCulture.csv,tattoo,date,V041,03/09/1991,3
tblCulture.csv,tattoo,date,V041,03/10/1995,2
tblCulture.csv,tattoo,date,V041,05/06/1990,2
tblCulture.csv,tattoo,date,V041,05/07/1995,3
tblCulture.csv,tattoo,date,V041,08/02/1994,3
tblCulture.csv,tattoo,date,V041,08/06/1993,3
tblCulture.csv,tattoo,date,V041,09/07/1996,2
tblCulture.csv,tattoo,date,V041,09/09/1997,3
tblCulture.csv,tattoo,date,V041,11/02/1992,4
tblCulture.csv,tattoo,date,V041,13/11/1991,2
tblCulture.csv,tattoo,date,V041,14/08/1990,3
tblCulture.csv,tattoo,date,V041,17/08/1993,3
tblCulture.csv,tattoo,date,V041,17/08/1994,3
tblCulture.csv,tattoo,date,V041,17/09/1996,3
tblCulture.csv,tattoo,date,V041,18/06/1991,3
tblCulture.csv,tattoo,date,V041,19/02/1991,3
tblCulture.csv,tattoo,date,V041,20/10/1992,2
tblCulture.csv,tattoo,date,V041,21/06/1994,2
tblCulture.csv,tattoo,date,V041,22/07/1997,3
tblCulture.csv,tattoo,date,V041,22/08/1995,3
tblCulture.csv,tattoo,date,V041,24/06/1997,3
tblCulture.csv,tattoo,date,V041,30/10/1990,3
tblCulture.csv,tattoo,date,V042,04/09/1991,3
tblCulture.csv,tattoo,date,V042,05/06/1990,2
tblCulture.csv,tattoo,date,V042,14/08/1990,3
tblCulture.csv,tattoo,date,V043,02/06/1992,3
tblCulture.csv,tattoo,date,V043,02/11/1994,3
tblCulture.csv,tattoo,date,V043,05/06/1990,3
tblCulture.csv,tattoo,date,V043,07/02/1994,3
tblCulture.csv,tattoo,date,V043,09/02/1993,3
tblCulture.csv,tattoo,date,V043,09/09/1997,4
tblCulture.csv,tattoo,date,V043,10/12/1996,4
tblCulture.csv,tattoo,date,V043,12/08/1992,3
tblCulture.csv,tattoo,date,V043,14/08/1990,3
tblCulture.csv,tattoo,date,V043,17/09/1996,3
tblCulture.csv,tattoo,date,V043,18/06/1991,3
tblCulture.csv,tattoo,date,V043,18/11/1997,4
tblCulture.csv,tattoo,date,V043,19/02/1991,2
tblCulture.csv,tattoo,date,V043,22/06/1994,3
tblCulture.csv,tattoo,date,V043,22/08/1995,3
tblCulture.csv,tattoo,date,V043,25/06/1997,3
tblCulture.csv,tattoo,date,V043,27/11/1996,3
tblCulture.csv,tattoo,date,V043,30/10/1990,3
tblCulture.csv,tattoo,date,V044,02/06/1992,3
tblCulture.csv,tattoo,date,V044,03/09/1991,3
tblCulture.csv,tattoo,date,V044,04/07/1995,2
tblCulture.csv,tattoo,date,V044,05/06/1990,3
tblCulture.csv,tattoo,date,V044,09/02/1993,3
tblCulture.csv,tattoo,date,V044,11/02/1992,4
tblCulture.csv,tattoo,date,V044,11/08/1992,3
tblCulture.csv,tattoo,date,V044,12/11/1991,2
tblCulture.csv,tattoo,date,V044,14/02/1995,2
tblCulture.csv,tattoo,date,V044,14/08/1990,3
tblCulture.csv,tattoo,date,V044,17/06/1992,3
tblCulture.csv,tattoo,date,V044,17/08/1993,3
tblCulture.csv,tattoo,date,V044,18/06/1991,3
tblCulture.csv,tattoo,date,V044,19/02/1991,3
tblCulture.csv,tattoo,date,V044,21/10/1992,2
tblCulture.csv,tattoo,date,V044,26/10/1993,3
tblCulture.csv,tattoo,date,V044,30/10/1990,3
tblCulture.csv,tattoo,date,V045,03/09/1991,3
tblCulture.csv,tattoo,date,V045,05/06/1990,3
tblCulture.csv,tattoo,date,V045,12/08/1992,3
tblCulture.csv,tattoo,date,V045,12/11/1991,3
tblCulture.csv,tattoo,date,V045,14/08/1990,3
tblCulture.csv,tattoo,date,V045,18/06/1991,3
tblCulture.csv,tattoo,date,V045,19/02/1991,3
tblCulture.csv,tattoo,date,V045,30/10/1990,3
tblCulture.csv,tattoo,date,V046,05/06/1990,3
tblCulture.csv,tattoo,date,V046,14/09/1990,2
tblCulture.csv,tattoo,date,V046,30/10/1990,3
tblCulture.csv,tattoo,date,V047,06/06/1990,2
tblCulture.csv,tattoo,date,V047,15/08/1990,3
tblCulture.csv,tattoo,date,V048,06/06/1990,3
tblCulture.csv,tattoo,date,V048,15/08/1990,3
tblCulture.csv,tattoo,date,V049,06/06/1990,2
tblCulture.csv,tattoo,date,V050,06/06/1990,3
tblCulture.csv,tattoo,date,V051,03/06/1992,3
tblCulture.csv,tattoo,date,V051,04/09/1991,2
tblCulture.csv,tattoo,date,V051,06/06/1990,3
tblCulture.csv,tattoo,date,V051,13/11/1991,2
tblCulture.csv,tattoo,date,V051,14/08/1990,3
tblCulture.csv,tattoo,date,V051,18/06/1991,3
tblCulture.csv,tattoo,date,V051,20/02/1991,2
tblCulture.csv,tattoo,date,V051,25/02/1992,3
tblCulture.csv,tattoo,date,V051,30/10/1990,3
tblCulture.csv,tattoo,date,V052,01/10/1991,3
tblCulture.csv,tattoo,date,V052,03/07/1990,2
tblCulture.csv,tattoo,date,V052,10/12/1991,3
tblCulture.csv,tattoo,date,V052,12/03/1991,4
tblCulture.csv,tattoo,date,V052,16/07/1991,4
tblCulture.csv,tattoo,date,V052,19/09/1990,3
tblCulture.csv,tattoo,date,V052,27/11/1990,3
tblCulture.csv,tattoo,date,V053,01/10/1991,3
tblCulture.csv,tattoo,date,V053,03/07/1990,3
tblCulture.csv,tattoo,date,V053,12/03/1991,4
tblCulture.csv,tattoo,date,V053,16/07/1991,3
tblCulture.csv,tattoo,date,V053,19/09/1990,3
tblCulture.csv,tattoo,date,V053,25/08/1992,3
tblCulture.csv,tattoo,date,V053,28/04/1992,2
tblCulture.csv,tattoo,date,V053,28/11/1990,3
tblCulture.csv,tattoo,date,V054,03/07/1990,3
tblCulture.csv,tattoo,date,V054,04/10/1994,2
tblCulture.csv,tattoo,date,V054,11/01/1994,3
tblCulture.csv,tattoo,date,V054,12/03/1991,3
tblCulture.csv,tattoo,date,V054,12/05/1992,3
tblCulture.csv,tattoo,date,V054,14/07/1992,3
tblCulture.csv,tattoo,date,V054,14/09/1993,3
tblCulture.csv,tattoo,date,V054,18/09/1990,3
tblCulture.csv,tattoo,date,V054,21/07/1993,2
tblCulture.csv,tattoo,date,V054,22/09/1992,2
tblCulture.csv,tattoo,date,V054,26/07/1994,3
tblCulture.csv,tattoo,date,V054,30/07/1991,3
tblCulture.csv,tattoo,date,V055,01/07/1992,3
tblCulture.csv,tattoo,date,V055,03/07/1990,2
tblCulture.csv,tattoo,date,V055,08/09/1992,3
tblCulture.csv,tattoo,date,V055,12/03/1991,3
tblCulture.csv,tattoo,date,V055,16/07/1991,3
tblCulture.csv,tattoo,date,V055,18/11/1992,2
tblCulture.csv,tattoo,date,V055,19/09/1990,3
tblCulture.csv,tattoo,date,V055,27/11/1990,3
tblCulture.csv,tattoo,date,V056,03/07/1990,3
tblCulture.csv,tattoo,date,V056,12/03/1991,3
tblCulture.csv,tattoo,date,V057,03/07/1990,3
tblCulture.csv,tattoo,date,V058,01/12/1993,2
tblCulture.csv,tattoo,date,V058,02/10/1991,2
tblCulture.csv,tattoo,date,V058,03/07/1990,3
tblCulture.csv,tattoo,date,V058,06/07/1993,3
tblCulture.csv,tattoo,date,V058,08/09/1992,3
tblCulture.csv,tattoo,date,V058,09/03/1994,2
tblCulture.csv,tattoo,date,V058,12/03/1991,3
tblCulture.csv,tattoo,date,V058,16/07/1991,3
tblCulture.csv,tattoo,date,V058,19/07/1994,3
tblCulture.csv,tattoo,date,V058,19/09/1990,3
tblCulture.csv,tattoo,date,V058,20/09/1994,2
tblCulture.csv,tattoo,date,V058,26/10/1995,3
tblCulture.csv,tattoo,date,V058,27/11/1990,3
tblCulture.csv,tattoo,date,V058,28/09/1993,3
tblCulture.csv,tattoo,date,V058,30/06/1992,3
tblCulture.csv,tattoo,date,V058,30/07/1996,3
tblCulture.csv,tattoo,date,V059,03/07/1990,2
tblCulture.csv,tattoo,date,V060,03/07/1990,3
tblCulture.csv,tattoo,date,V060,19/09/1990,4
tblCulture.csv,tattoo,date,V061,03/07/1990,2
tblCulture.csv,tattoo,date,V062,01/10/1991,3
tblCulture.csv,tattoo,date,V062,04/07/1990,2
tblCulture.csv,tattoo,date,V062,13/03/1991,3
tblCulture.csv,tattoo,date,V062,16/07/1991,3
tblCulture.csv,tattoo,date,V062,27/11/1990,4
tblCulture.csv,tattoo,date,V063,04/07/1990,3
tblCulture.csv,tattoo,date,V063,18/09/1990,3
tblCulture.csv,tattoo,date,V064,04/07/1990,3
tblCulture.csv,tattoo,date,V064,18/09/1990,3
tblCulture.csv,tattoo,date,V064,19/07/1994,3
tblCulture.csv,tattoo,date,V064,20/09/1994,2
tblCulture.csv,tattoo,date,V064,28/09/1993,3
tblCulture.csv,tattoo,date,V064,28/11/1990,3
tblCulture.csv,tattoo,date,V064,30/06/1992,3
tblCulture.csv,tattoo,date,V064,30/07/1996,4
tblCulture.csv,tattoo,date,V066,04/07/1990,3
tblCulture.csv,tattoo,date,V067,02/10/1990,3
tblCulture.csv,tattoo,date,V067,14/01/1992,3
tblCulture.csv,tattoo,date,V067,16/10/1991,3
tblCulture.csv,tattoo,date,V067,17/07/1990,2
tblCulture.csv,tattoo,date,V068,02/10/1990,3
tblCulture.csv,tattoo,date,V068,17/07/1990,2
tblCulture.csv,tattoo,date,V068,20/07/1993,3
tblCulture.csv,tattoo,date,V068,30/07/1991,3
tblCulture.csv,tattoo,date,V069,02/10/1990,3
tblCulture.csv,tattoo,date,V069,17/07/1990,3
tblCulture.csv,tattoo,date,V069,22/05/1991,4
tblCulture.csv,tattoo,date,V070,17/07/1990,3
tblCulture.csv,tattoo,date,V071,02/10/1990,3
tblCulture.csv,tattoo,date,V071,14/01/1992,3
tblCulture.csv,tattoo,date,V071,15/01/1991,3
tblCulture.csv,tattoo,date,V071,17/07/1990,3
tblCulture.csv,tattoo,date,V071,21/05/1991,3
tblCulture.csv,tattoo,date,V071,30/07/1991,3
tblCulture.csv,tattoo,date,V072,02/10/1990,3
tblCulture.csv,tattoo,date,V072,15/01/1991,3
tblCulture.csv,tattoo,date,V072,16/10/1991,3
tblCulture.csv,tattoo,date,V072,17/07/1990,2
tblCulture.csv,tattoo,date,V072,21/05/1991,3
tblCulture.csv,tattoo,date,V072,30/07/1991,3
tblCulture.csv,tattoo,date,V073,14/07/1992,6
tblCulture.csv,tattoo,date,V073,15/10/1991,3
tblCulture.csv,tattoo,date,V073,18/07/1990,3
tblCulture.csv,tattoo,date,V073,22/09/1992,4
tblCulture.csv,tattoo,date,V074,02/10/1990,3
tblCulture.csv,tattoo,date,V074,12/05/1992,3
tblCulture.csv,tattoo,date,V074,12/05/1993,3
tblCulture.csv,tattoo,date,V074,15/01/1991,3
tblCulture.csv,tattoo,date,V074,18/07/1990,2
tblCulture.csv,tattoo,date,V074,21/07/1993,3
tblCulture.csv,tattoo,date,V074,24/05/1994,3
tblCulture.csv,tattoo,date,V074,26/07/1994,3
tblCulture.csv,tattoo,date,V075,05/06/1991,3
tblCulture.csv,tattoo,date,V075,07/10/1992,3
tblCulture.csv,tattoo,date,V075,16/10/1990,3
tblCulture.csv,tattoo,date,V075,20/06/1995,3
tblCulture.csv,tattoo,date,V075,28/07/1992,2
tblCulture.csv,tattoo,date,V075,29/01/1991,2
tblCulture.csv,tattoo,date,V075,29/10/1991,3
tblCulture.csv,tattoo,date,V075,31/07/1990,3
tblCulture.csv,tattoo,date,V076,03/08/1993,3
tblCulture.csv,tattoo,date,V076,05/06/1991,3
tblCulture.csv,tattoo,date,V076,06/10/1992,3
tblCulture.csv,tattoo,date,V076,12/10/1993,3
tblCulture.csv,tattoo,date,V076,13/08/1991,3
tblCulture.csv,tattoo,date,V076,19/05/1992,3
tblCulture.csv,tattoo,date,V076,20/06/1995,3
tblCulture.csv,tattoo,date,V076,20/09/1995,3
tblCulture.csv,tattoo,date,V076,28/01/1992,3
tblCulture.csv,tattoo,date,V076,28/07/1992,3
tblCulture.csv,tattoo,date,V076,29/01/1991,3
tblCulture.csv,tattoo,date,V076,29/10/1991,2
tblCulture.csv,tattoo,date,V076,31/07/1990,3
tblCulture.csv,tattoo,date,V077,08/06/1994,2
tblCulture.csv,tattoo,date,V077,16/10/1990,3
tblCulture.csv,tattoo,date,V077,28/07/1992,2
tblCulture.csv,tattoo,date,V077,29/01/1991,2
tblCulture.csv,tattoo,date,V077,31/07/1990,3
tblCulture.csv,tattoo,date,V078,01/08/1990,3
tblCulture.csv,tattoo,date,V078,14/08/1991,3
tblCulture.csv,tattoo,date,V078,29/01/1990,3
tblCulture.csv,tattoo,date,V079,01/08/1990,3
tblCulture.csv,tattoo,date,V079,04/06/1991,3
tblCulture.csv,tattoo,date,V079,16/10/1990,3
tblCulture.csv,tattoo,date,V079,29/01/1991,3
tblCulture.csv,tattoo,date,V079,29/10/1991,3
tblCulture.csv,tattoo,date,V080,01/08/1990,3
tblCulture.csv,tattoo,date,V080,04/06/1991,3
tblCulture.csv,tattoo,date,V080,06/10/1992,3
tblCulture.csv,tattoo,date,V080,08/08/1995,3
tblCulture.csv,tattoo,date,V080,16/10/1990,2
tblCulture.csv,tattoo,date,V080,17/08/1993,3
tblCulture.csv,tattoo,date,V080,21/06/1995,3
tblCulture.csv,tattoo,date,V080,29/01/1991,2
tblCulture.csv,tattoo,date,V081,01/08/1990,3
tblCulture.csv,tattoo,date,V081,02/08/1994,3
tblCulture.csv,tattoo,date,V081,03/09/1996,3
tblCulture.csv,tattoo,date,V081,04/06/1991,3
tblCulture.csv,tattoo,date,V081,07/06/1994,3
tblCulture.csv,tattoo,date,V081,13/08/1991,3
tblCulture.csv,tattoo,date,V081,16/10/1990,3
tblCulture.csv,tattoo,date,V081,19/05/1998,2
tblCulture.csv,tattoo,date,V081,25/06/1996,3
tblCulture.csv,tattoo,date,V081,29/07/1992,3
tblCulture.csv,tattoo,date,V082,01/08/1990,2
tblCulture.csv,tattoo,date,V082,04/06/1991,3
tblCulture.csv,tattoo,date,V082,16/10/1990,2
tblCulture.csv,tattoo,date,V082,29/01/1991,3
tblCulture.csv,tattoo,date,V083,14/08/1990,3
tblCulture.csv,tattoo,date,V083,18/06/1991,2
tblCulture.csv,tattoo,date,V083,19/02/1991,3
tblCulture.csv,tattoo,date,V083,30/10/1990,3
tblCulture.csv,tattoo,date,V084,03/06/1992,3
tblCulture.csv,tattoo,date,V084,04/09/1991,2
tblCulture.csv,tattoo,date,V084,09/06/1993,4
tblCulture.csv,tattoo,date,V084,11/02/1992,2
tblCulture.csv,tattoo,date,V084,12/11/1991,3
tblCulture.csv,tattoo,date,V084,14/08/1990,2
tblCulture.csv,tattoo,date,V084,18/06/1991,3
tblCulture.csv,tattoo,date,V084,19/02/1991,3
tblCulture.csv,tattoo,date,V084,21/10/1992,2
tblCulture.csv,tattoo,date,V085,03/09/1991,3
tblCulture.csv,tattoo,date,V085,09/06/1993,5
tblCulture.csv,tattoo,date,V085,13/11/1991,3
tblCulture.csv,tattoo,date,V085,14/08/1990,3
tblCulture.csv,tattoo,date,V085,17/08/1993,3
tblCulture.csv,tattoo,date,V085,19/06/1991,3
tblCulture.csv,tattoo,date,V086,03/09/1991,3
tblCulture.csv,tattoo,date,V086,13/11/1991,3
tblCulture.csv,tattoo,date,V086,14/08/1990,3
tblCulture.csv,tattoo,date,V086,18/06/1991,3
tblCulture.csv,tattoo,date,V086,19/02/1991,3
tblCulture.csv,tattoo,date,V086,30/10/1990,3
tblCulture.csv,tattoo,date,V087,03/09/1991,3
tblCulture.csv,tattoo,date,V087,09/02/1993,3
tblCulture.csv,tattoo,date,V087,11/08/1992,3
tblCulture.csv,tattoo,date,V087,13/11/1991,2
tblCulture.csv,tattoo,date,V087,15/08/1990,2
tblCulture.csv,tattoo,date,V087,18/06/1991,3
tblCulture.csv,tattoo,date,V087,19/02/1991,2
tblCulture.csv,tattoo,date,V087,20/10/1992,2
tblCulture.csv,tattoo,date,V087,30/10/1990,2
tblCulture.csv,tattoo,date,V088,09/03/1992,2
tblCulture.csv,tattoo,date,V088,10/02/1992,2
tblCulture.csv,tattoo,date,V088,15/08/1990,3
tblCulture.csv,tattoo,date,V089,01/07/1998,3
tblCulture.csv,tattoo,date,V089,02/10/1996,3
tblCulture.csv,tattoo,date,V089,02/12/1998,3
tblCulture.csv,tattoo,date,V089,03/09/2003,3
tblCulture.csv,tattoo,date,V089,04/09/1990,3
tblCulture.csv,tattoo,date,V089,05/09/1995,3
tblCulture.csv,tattoo,date,V089,07/08/2001,3
tblCulture.csv,tattoo,date,V089,08/10/1997,5
tblCulture.csv,tattoo,date,V089,09/07/1997,3
tblCulture.csv,tattoo,date,V089,09/07/2002,4
tblCulture.csv,tattoo,date,V089,17/09/1991,3
tblCulture.csv,tattoo,date,V089,18/07/1995,3
tblCulture.csv,tattoo,date,V089,19/09/2001,2
tblCulture.csv,tattoo,date,V089,20/09/2000,3
tblCulture.csv,tattoo,date,V089,22/06/1993,3
tblCulture.csv,tattoo,date,V089,23/02/1993,3
tblCulture.csv,tattoo,date,V090,06/07/1993,3
tblCulture.csv,tattoo,date,V090,18/09/1990,3
tblCulture.csv,tattoo,date,V090,19/07/1994,3
tblCulture.csv,tattoo,date,V090,27/11/1990,2
tblCulture.csv,tattoo,date,V091,01/07/1992,3
tblCulture.csv,tattoo,date,V091,01/10/1991,3
tblCulture.csv,tattoo,date,V091,06/07/1993,3
tblCulture.csv,tattoo,date,V091,08/03/1994,2
tblCulture.csv,tattoo,date,V091,08/09/1992,3
tblCulture.csv,tattoo,date,V091,09/03/1993,2
tblCulture.csv,tattoo,date,V091,12/03/1991,3
tblCulture.csv,tattoo,date,V091,17/07/1991,3
tblCulture.csv,tattoo,date,V091,18/09/1990,2
tblCulture.csv,tattoo,date,V091,27/11/1990,2
tblCulture.csv,tattoo,date,V092,16/07/1991,3
tblCulture.csv,tattoo,date,V092,18/09/1990,3
tblCulture.csv,tattoo,date,V093,16/07/1991,3
tblCulture.csv,tattoo,date,V093,18/09/1990,3
tblCulture.csv,tattoo,date,V093,27/11/1990,3
tblCulture.csv,tattoo,date,V094,16/10/1990,4
tblCulture.csv,tattoo,date,V095,03/08/1993,3
tblCulture.csv,tattoo,date,V095,07/10/1992,3
tblCulture.csv,tattoo,date,V095,16/10/1990,3
tblCulture.csv,tattoo,date,V095,29/01/1991,2
tblCulture.csv,tattoo,date,V096,04/06/1991,3
tblCulture.csv,tattoo,date,V096,16/10/1990,3
tblCulture.csv,tattoo,date,V096,31/01/1991,3
tblCulture.csv,tattoo,date,V097,04/06/1991,4
tblCulture.csv,tattoo,date,V097,13/08/1991,4
tblCulture.csv,tattoo,date,V097,29/01/1991,3
tblCulture.csv,tattoo,date,V098,02/08/1994,3
tblCulture.csv,tattoo,date,V098,05/06/1991,3
tblCulture.csv,tattoo,date,V098,07/06/1994,4
tblCulture.csv,tattoo,date,V098,12/10/1993,3
tblCulture.csv,tattoo,date,V098,13/08/1991,3
tblCulture.csv,tattoo,date,V098,16/10/1990,3
tblCulture.csv,tattoo,date,V098,25/05/1993,2
tblCulture.csv,tattoo,date,V098,28/07/1992,3
tblCulture.csv,tattoo,date,V098,30/01/1991,3
tblCulture.csv,tattoo,date,V099,02/07/1991,3
tblCulture.csv,tattoo,date,V099,02/10/1996,4
tblCulture.csv,tattoo,date,V099,13/11/1990,3
tblCulture.csv,tattoo,date,V099,16/06/1992,3
tblCulture.csv,tattoo,date,V099,17/09/1991,3
tblCulture.csv,tattoo,date,V099,24/07/1996,3
tblCulture.csv,tattoo,date,V099,26/02/1992,3
tblCulture.csv,tattoo,date,V099,27/02/1991,4
tblCulture.csv,tattoo,date,W001,20/09/1976,2
tblCulture.csv,tattoo,date,W011,06/02/1990,3
tblCulture.csv,tattoo,date,W011,06/06/1990,3
tblCulture.csv,tattoo,date,W011,09/02/1988,5
tblCulture.csv,tattoo,date,W011,10/05/1990,3
tblCulture.csv,tattoo,date,W011,11/05/1982,3
tblCulture.csv,tattoo,date,W011,15/02/1984,6
tblCulture.csv,tattoo,date,W011,15/08/1989,3
tblCulture.csv,tattoo,date,W011,15/08/1990,4
tblCulture.csv,tattoo,date,W011,19/02/1985,2
tblCulture.csv,tattoo,date,W011,19/02/1991,4
tblCulture.csv,tattoo,date,W011,20/09/1983,4
tblCulture.csv,tattoo,date,W011,24/02/1982,5
tblCulture.csv,tattoo,date,W011,25/05/1988,4
tblCulture.csv,tattoo,date,W011,30/10/1990,4
tblCulture.csv,tattoo,date,W011,31/07/1984,2
tblCulture.csv,tattoo,date,W011,31/10/1989,4
tblCulture.csv,tattoo,date,W014,01/11/1983,3
tblCulture.csv,tattoo,date,W014,01/11/1989,2
tblCulture.csv,tattoo,date,W014,02/08/1988,2
tblCulture.csv,tattoo,date,W014,02/11/1982,3
tblCulture.csv,tattoo,date,W014,03/09/1981,2
tblCulture.csv,tattoo,date,W014,04/09/1985,3
tblCulture.csv,tattoo,date,W014,06/06/1989,4
tblCulture.csv,tattoo,date,W014,07/02/1983,6
tblCulture.csv,tattoo,date,W014,09/02/1988,3
tblCulture.csv,tattoo,date,W014,09/11/1988,3
tblCulture.csv,tattoo,date,W014,10/02/1987,5
tblCulture.csv,tattoo,date,W014,10/11/1987,3
tblCulture.csv,tattoo,date,W014,11/05/1982,3
tblCulture.csv,tattoo,date,W014,12/08/1986,2
tblCulture.csv,tattoo,date,W014,13/05/1987,2
tblCulture.csv,tattoo,date,W014,14/08/1990,4
tblCulture.csv,tattoo,date,W014,15/08/1989,4
tblCulture.csv,tattoo,date,W014,16/08/1983,3
tblCulture.csv,tattoo,date,W014,18/10/1988,2
tblCulture.csv,tattoo,date,W014,20/09/1983,2
tblCulture.csv,tattoo,date,W014,23/02/1982,4
tblCulture.csv,tattoo,date,W014,23/06/1981,3
tblCulture.csv,tattoo,date,W014,24/08/1982,3
tblCulture.csv,tattoo,date,W014,25/05/1988,3
tblCulture.csv,tattoo,date,W016,01/08/1989,3
tblCulture.csv,tattoo,date,W016,01/11/1983,2
tblCulture.csv,tattoo,date,W016,03/08/1988,3
tblCulture.csv,tattoo,date,W016,07/06/1989,3
tblCulture.csv,tattoo,date,W016,08/05/1983,4
tblCulture.csv,tattoo,date,W016,09/02/1988,3
tblCulture.csv,tattoo,date,W016,10/02/1987,5
tblCulture.csv,tattoo,date,W016,11/05/1982,3
tblCulture.csv,tattoo,date,W016,12/08/1986,3
tblCulture.csv,tattoo,date,W016,13/05/1986,4
tblCulture.csv,tattoo,date,W016,14/02/1984,7
tblCulture.csv,tattoo,date,W016,14/08/1985,3
tblCulture.csv,tattoo,date,W016,18/08/1987,3
tblCulture.csv,tattoo,date,W016,18/10/1988,4
tblCulture.csv,tattoo,date,W016,23/06/1981,2
tblCulture.csv,tattoo,date,W016,24/05/1988,3
tblCulture.csv,tattoo,date,W016,24/08/1982,3
tblCulture.csv,tattoo,date,W016,30/05/1985,2
tblCulture.csv,tattoo,date,W017,16/11/1981,2
tblCulture.csv,tattoo,date,W021,14/10/1982,3
tblCulture.csv,tattoo,date,W024,03/11/1981,3
tblCulture.csv,tattoo,date,W024,06/09/1984,5
tblCulture.csv,tattoo,date,W024,23/02/1983,3
tblCulture.csv,tattoo,date,W024,24/02/1988,4
tblCulture.csv,tattoo,date,W024,27/06/1984,3
tblCulture.csv,tattoo,date,W024,28/06/1983,3
tblCulture.csv,tattoo,date,W025,03/07/1984,4
tblCulture.csv,tattoo,date,W025,03/11/1981,3
tblCulture.csv,tattoo,date,W025,05/03/1985,2
tblCulture.csv,tattoo,date,W025,10/06/1983,3
tblCulture.csv,tattoo,date,W026,08/02/1983,5
tblCulture.csv,tattoo,date,W026,10/05/1983,5
tblCulture.csv,tattoo,date,W026,11/05/1982,2
tblCulture.csv,tattoo,date,W026,13/05/1986,4
tblCulture.csv,tattoo,date,W026,13/08/1985,3
tblCulture.csv,tattoo,date,W026,14/08/1981,3
tblCulture.csv,tattoo,date,W026,16/05/1984,2
tblCulture.csv,tattoo,date,W026,16/08/1983,3
tblCulture.csv,tattoo,date,W026,20/09/1983,3
tblCulture.csv,tattoo,date,W026,31/07/1984,3
tblCulture.csv,tattoo,date,W027,01/10/1981,3
tblCulture.csv,tattoo,date,W028,12/07/1979,2
tblCulture.csv,tattoo,date,W030,20/08/1981,2
tblCulture.csv,tattoo,date,W032,07/06/1983,3
tblCulture.csv,tattoo,date,W032,11/05/1982,3
tblCulture.csv,tattoo,date,W032,25/05/1988,4
tblCulture.csv,tattoo,date,W032,31/07/1984,2
tblCulture.csv,tattoo,date,W033,23/09/1981,2
tblCulture.csv,tattoo,date,W035,15/06/1983,4
tblCulture.csv,tattoo,date,W035,21/07/1981,2
tblCulture.csv,tattoo,date,W036,15/05/1984,3
tblCulture.csv,tattoo,date,W038,04/10/1983,4
tblCulture.csv,tattoo,date,W038,15/07/1981,3
tblCulture.csv,tattoo,date,W038,16/01/1986,3
tblCulture.csv,tattoo,date,W038,21/07/1982,3
tblCulture.csv,tattoo,date,W040,03/08/1982,4
tblCulture.csv,tattoo,date,W040,21/12/1983,2
tblCulture.csv,tattoo,date,W040,22/07/1982,6
tblCulture.csv,tattoo,date,W047,16/11/1981,2
tblCulture.csv,tattoo,date,W047,21/07/1982,3
tblCulture.csv,tattoo,date,W054,14/07/1981,3
tblCulture.csv,tattoo,date,W054,16/08/1983,3
tblCulture.csv,tattoo,date,W054,31/07/1984,4
tblCulture.csv,tattoo,date,W058,02/06/1982,2
tblCulture.csv,tattoo,date,W058,29/06/1983,2
tblCulture.csv,tattoo,date,W060,05/06/1981,2
tblCulture.csv,tattoo,date,W063,20/04/1982,3
tblCulture.csv,tattoo,date,W064,06/07/1983,3
tblCulture.csv,tattoo,date,W064,26/05/1982,3
tblCulture.csv,tattoo,date,W065,07/07/1983,3
tblCulture.csv,tattoo,date,W067,13/08/1979,2
tblCulture.csv,tattoo,date,W067,28/05/1981,2
tblCulture.csv,tattoo,date,W068,01/07/1981,3
tblCulture.csv,tattoo,date,W068,14/07/1981,2
tblCulture.csv,tattoo,date,W069,07/03/1981,3
tblCulture.csv,tattoo,date,W069,25/06/1980,2
tblCulture.csv,tattoo,date,X001,08/02/2000,3
tblCulture.csv,tattoo,date,X001,19/09/2000,4
tblCulture.csv,tattoo,date,X002,04/07/2000,3
tblCulture.csv,tattoo,date,X002,08/02/2000,3
tblCulture.csv,tattoo,date,X003,03/10/2000,2
tblCulture.csv,tattoo,date,X003,04/09/2001,3
tblCulture.csv,tattoo,date,X003,06/09/2000,2
tblCulture.csv,tattoo,date,X003,09/07/2002,2
tblCulture.csv,tattoo,date,X003,16/05/2003,5
tblCulture.csv,tattoo,date,X003,17/10/2001,2
tblCulture.csv,tattoo,date,X003,23/05/2000,3
tblCulture.csv,tattoo,date,X003,24/07/2001,3
tblCulture.csv,tattoo,date,X003,26/06/2001,3
tblCulture.csv,tattoo,date,X003,28/05/2002,2
tblCulture.csv,tattoo,date,X004,04/09/2001,2
tblCulture.csv,tattoo,date,X004,05/09/2000,2
tblCulture.csv,tattoo,date,X004,13/05/2003,3
tblCulture.csv,tattoo,date,X004,23/05/2000,3
tblCulture.csv,tattoo,date,X004,24/07/2001,3
tblCulture.csv,tattoo,date,X005,03/10/2000,3
tblCulture.csv,tattoo,date,X005,04/09/2001,3
tblCulture.csv,tattoo,date,X005,05/08/2003,2
tblCulture.csv,tattoo,date,X005,05/09/2000,3
tblCulture.csv,tattoo,date,X005,09/01/2001,3
tblCulture.csv,tattoo,date,X005,09/07/2002,2
tblCulture.csv,tattoo,date,X005,16/10/2001,2
tblCulture.csv,tattoo,date,X005,23/05/2000,2
tblCulture.csv,tattoo,date,X005,24/07/2001,3
tblCulture.csv,tattoo,date,X005,28/05/2002,2
tblCulture.csv,tattoo,date,X005,28/10/2003,2
tblCulture.csv,tattoo,date,X006,05/09/2000,2
tblCulture.csv,tattoo,date,X006,23/05/2000,3
tblCulture.csv,tattoo,date,X006,25/05/2004,3
tblCulture.csv,tattoo,date,X007,05/08/2003,2
tblCulture.csv,tattoo,date,X007,05/09/2000,3
tblCulture.csv,tattoo,date,X007,07/08/2002,2
tblCulture.csv,tattoo,date,X007,09/01/2001,3
tblCulture.csv,tattoo,date,X007,13/05/2003,3
tblCulture.csv,tattoo,date,X007,13/06/2004,5
tblCulture.csv,tattoo,date,X007,22/10/2002,2
tblCulture.csv,tattoo,date,X007,23/05/2000,2
tblCulture.csv,tattoo,date,X007,28/05/2002,2
tblCulture.csv,tattoo,date,X007,28/10/2003,3
tblCulture.csv,tattoo,date,X008,03/10/2000,4
tblCulture.csv,tattoo,date,X008,05/09/2000,2
tblCulture.csv,tattoo,date,X008,12/06/2004,5
tblCulture.csv,tattoo,date,X008,18/07/2000,3
tblCulture.csv,tattoo,date,X008,23/05/2000,2
tblCulture.csv,tattoo,date,X009,03/10/2000,3
tblCulture.csv,tattoo,date,X009,05/09/2000,3
tblCulture.csv,tattoo,date,X009,23/05/2000,3
tblCulture.csv,tattoo,date,X009,24/07/2001,3
tblCulture.csv,tattoo,date,X010,03/10/2000,2
tblCulture.csv,tattoo,date,X010,04/09/2001,3
tblCulture.csv,tattoo,date,X010,06/09/2000,2
tblCulture.csv,tattoo,date,X010,09/01/2001,3
tblCulture.csv,tattoo,date,X010,18/07/2000,3
tblCulture.csv,tattoo,date,X010,23/10/2002,3
tblCulture.csv,tattoo,date,X010,24/05/2000,3
tblCulture.csv,tattoo,date,X010,30/03/2003,5
tblCulture.csv,tattoo,date,X011,03/10/2000,2
tblCulture.csv,tattoo,date,X011,06/09/2000,2
tblCulture.csv,tattoo,date,X011,14/05/2003,2
tblCulture.csv,tattoo,date,X011,17/10/2001,2
tblCulture.csv,tattoo,date,X011,24/05/2000,3
tblCulture.csv,tattoo,date,X011,26/06/2001,2
tblCulture.csv,tattoo,date,X011,29/05/2002,2
tblCulture.csv,tattoo,date,X012,05/09/2000,3
tblCulture.csv,tattoo,date,X012,05/09/2001,2
tblCulture.csv,tattoo,date,X012,09/01/2001,3
tblCulture.csv,tattoo,date,X012,16/10/2001,3
tblCulture.csv,tattoo,date,X012,18/07/2000,3
tblCulture.csv,tattoo,date,X012,24/05/2000,3
tblCulture.csv,tattoo,date,X012,25/05/2004,3
tblCulture.csv,tattoo,date,X013,05/09/2000,3
tblCulture.csv,tattoo,date,X013,19/07/2000,2
tblCulture.csv,tattoo,date,X013,24/05/2000,2
tblCulture.csv,tattoo,date,X014,04/10/2000,3
tblCulture.csv,tattoo,date,X014,09/01/2001,3
tblCulture.csv,tattoo,date,X014,24/05/2000,3
tblCulture.csv,tattoo,date,X014,24/07/2001,2
tblCulture.csv,tattoo,date,X015,04/10/2000,3
tblCulture.csv,tattoo,date,X015,06/08/2002,3
tblCulture.csv,tattoo,date,X015,06/09/2000,3
tblCulture.csv,tattoo,date,X015,09/01/2001,3
tblCulture.csv,tattoo,date,X015,24/05/2000,2
tblCulture.csv,tattoo,date,X015,28/05/2002,2
tblCulture.csv,tattoo,date,X016,02/10/2001,2
tblCulture.csv,tattoo,date,X016,20/06/2000,3
tblCulture.csv,tattoo,date,X016,22/08/2000,3
tblCulture.csv,tattoo,date,X016,26/06/2001,2
tblCulture.csv,tattoo,date,X017,20/06/2000,3
tblCulture.csv,tattoo,date,X017,22/08/2000,3
tblCulture.csv,tattoo,date,X017,28/11/2000,3
tblCulture.csv,tattoo,date,X018,20/06/2000,2
tblCulture.csv,tattoo,date,X018,23/01/2001,2
tblCulture.csv,tattoo,date,X018,23/08/2000,3
tblCulture.csv,tattoo,date,X018,28/11/2000,3
tblCulture.csv,tattoo,date,X019,10/01/2001,3
tblCulture.csv,tattoo,date,X019,12/03/2001,5
tblCulture.csv,tattoo,date,X019,18/07/2000,3
tblCulture.csv,tattoo,date,X019,22/08/2000,3
tblCulture.csv,tattoo,date,X019,23/01/2001,3
tblCulture.csv,tattoo,date,X020,20/06/2000,3
tblCulture.csv,tattoo,date,X021,01/11/2000,2
tblCulture.csv,tattoo,date,X021,18/07/2000,3
tblCulture.csv,tattoo,date,X021,20/06/2000,3
tblCulture.csv,tattoo,date,X021,22/08/2000,3
tblCulture.csv,tattoo,date,X022,19/07/2000,3
tblCulture.csv,tattoo,date,X022,20/06/2000,3
tblCulture.csv,tattoo,date,X022,22/08/2000,3
tblCulture.csv,tattoo,date,X023,18/07/2000,3
tblCulture.csv,tattoo,date,X023,20/06/2000,3
tblCulture.csv,tattoo,date,X024,02/09/2003,3
tblCulture.csv,tattoo,date,X024,03/06/2003,2
tblCulture.csv,tattoo,date,X024,06/07/2004,3
tblCulture.csv,tattoo,date,X024,18/06/2002,2
tblCulture.csv,tattoo,date,X024,19/09/2001,2
tblCulture.csv,tattoo,date,X024,20/06/2000,3
tblCulture.csv,tattoo,date,X024,21/03/2005,5
tblCulture.csv,tattoo,date,X024,21/08/2002,2
tblCulture.csv,tattoo,date,X024,22/08/2000,3
tblCulture.csv,tattoo,date,X024,23/01/2001,2
tblCulture.csv,tattoo,date,X024,31/10/2000,4
tblCulture.csv,tattoo,date,X025,20/06/2000,3
tblCulture.csv,tattoo,date,X025,22/08/2000,3
tblCulture.csv,tattoo,date,X026,20/06/2000,3
tblCulture.csv,tattoo,date,X026,22/08/2000,2
tblCulture.csv,tattoo,date,X027,18/07/2000,3
tblCulture.csv,tattoo,date,X027,20/06/2000,3
tblCulture.csv,tattoo,date,X027,22/08/2000,2
tblCulture.csv,tattoo,date,X028,20/06/2000,3
tblCulture.csv,tattoo,date,X028,22/08/2000,2
tblCulture.csv,tattoo,date,X029,20/06/2000,3
tblCulture.csv,tattoo,date,X030,02/10/2001,2
tblCulture.csv,tattoo,date,X030,03/09/2003,2
tblCulture.csv,tattoo,date,X030,20/06/2000,3
tblCulture.csv,tattoo,date,X030,21/08/2001,2
tblCulture.csv,tattoo,date,X030,23/01/2002,2
tblCulture.csv,tattoo,date,X030,23/08/2000,3
tblCulture.csv,tattoo,date,X030,26/06/2001,2
tblCulture.csv,tattoo,date,X030,31/10/2000,3
tblCulture.csv,tattoo,date,X031,18/07/2000,3
tblCulture.csv,tattoo,date,X031,20/06/2000,3
tblCulture.csv,tattoo,date,X031,22/08/2000,3
tblCulture.csv,tattoo,date,X031,27/11/2000,5
tblCulture.csv,tattoo,date,X031,31/10/2000,3
tblCulture.csv,tattoo,date,X032,20/06/2000,3
tblCulture.csv,tattoo,date,X033,20/06/2000,3
tblCulture.csv,tattoo,date,X033,22/08/2000,3
tblCulture.csv,tattoo,date,X034,20/06/2000,3
tblCulture.csv,tattoo,date,X034,21/08/2001,3
tblCulture.csv,tattoo,date,X034,22/08/2000,4
tblCulture.csv,tattoo,date,X034,23/01/2001,2
tblCulture.csv,tattoo,date,X035,02/10/2001,4
tblCulture.csv,tattoo,date,X035,05/11/2002,3
tblCulture.csv,tattoo,date,X035,08/06/2004,3
tblCulture.csv,tattoo,date,X035,14/01/2003,2
tblCulture.csv,tattoo,date,X035,18/06/2002,3
tblCulture.csv,tattoo,date,X035,19/08/2003,3
tblCulture.csv,tattoo,date,X035,20/05/2003,3
tblCulture.csv,tattoo,date,X035,20/06/2000,3
tblCulture.csv,tattoo,date,X035,20/08/2002,2
tblCulture.csv,tattoo,date,X035,21/08/2001,4
tblCulture.csv,tattoo,date,X035,22/08/2000,2
tblCulture.csv,tattoo,date,X035,23/01/2001,3
tblCulture.csv,tattoo,date,X035,26/06/2001,2
tblCulture.csv,tattoo,date,X035,31/10/2000,3
tblCulture.csv,tattoo,date,X036,07/08/2001,2
tblCulture.csv,tattoo,date,X036,12/06/2001,3
tblCulture.csv,tattoo,date,X036,20/06/2000,3
tblCulture.csv,tattoo,date,X036,20/08/2001,5
tblCulture.csv,tattoo,date,X036,22/08/2000,3
tblCulture.csv,tattoo,date,X037,21/06/2000,2
tblCulture.csv,tattoo,date,X037,22/08/2000,3
tblCulture.csv,tattoo,date,X037,22/08/2001,2
tblCulture.csv,tattoo,date,X037,31/10/2000,3
tblCulture.csv,tattoo,date,X038,18/07/2000,2
tblCulture.csv,tattoo,date,X038,21/06/2000,2
tblCulture.csv,tattoo,date,X038,22/08/2000,3
tblCulture.csv,tattoo,date,X038,31/10/2000,3
tblCulture.csv,tattoo,date,X039,11/08/2001,5
tblCulture.csv,tattoo,date,X039,21/06/2000,3
tblCulture.csv,tattoo,date,X039,22/08/2000,3
tblCulture.csv,tattoo,date,X040,04/07/2000,2
tblCulture.csv,tattoo,date,X040,20/09/2000,2
tblCulture.csv,tattoo,date,X041,04/07/2000,3
tblCulture.csv,tattoo,date,X041,06/02/2001,3
tblCulture.csv,tattoo,date,X041,06/02/2002,3
tblCulture.csv,tattoo,date,X041,06/07/2004,4
tblCulture.csv,tattoo,date,X041,07/08/2001,3
tblCulture.csv,tattoo,date,X041,09/07/2002,3
tblCulture.csv,tattoo,date,X041,12/06/2001,3
tblCulture.csv,tattoo,date,X041,17/10/2000,3
tblCulture.csv,tattoo,date,X041,18/09/2001,2
tblCulture.csv,tattoo,date,X041,19/09/2000,3
tblCulture.csv,tattoo,date,X042,04/07/2000,2
tblCulture.csv,tattoo,date,X042,12/06/2001,3
tblCulture.csv,tattoo,date,X042,17/10/2000,3
tblCulture.csv,tattoo,date,X042,19/09/2000,3
tblCulture.csv,tattoo,date,X043,04/07/2000,2
tblCulture.csv,tattoo,date,X043,17/10/2000,5
tblCulture.csv,tattoo,date,X043,19/09/2000,4
tblCulture.csv,tattoo,date,X044,03/06/2003,2
tblCulture.csv,tattoo,date,X044,04/07/2000,3
tblCulture.csv,tattoo,date,X044,06/02/2001,2
tblCulture.csv,tattoo,date,X044,07/08/2001,2
tblCulture.csv,tattoo,date,X044,09/07/2002,2
tblCulture.csv,tattoo,date,X044,10/09/2002,3
tblCulture.csv,tattoo,date,X044,12/06/2001,3
tblCulture.csv,tattoo,date,X044,17/10/2000,2
tblCulture.csv,tattoo,date,X044,18/09/2001,2
tblCulture.csv,tattoo,date,X044,19/09/2000,3
tblCulture.csv,tattoo,date,X045,04/07/2000,2
tblCulture.csv,tattoo,date,X045,05/02/2002,5
tblCulture.csv,tattoo,date,X045,07/02/2001,2
tblCulture.csv,tattoo,date,X045,07/08/2001,2
tblCulture.csv,tattoo,date,X045,12/06/2001,2
tblCulture.csv,tattoo,date,X045,17/10/2000,2
tblCulture.csv,tattoo,date,X045,18/09/2001,2
tblCulture.csv,tattoo,date,X045,19/09/2000,2
tblCulture.csv,tattoo,date,X046,04/07/2000,3
tblCulture.csv,tattoo,date,X047,04/07/2000,3
tblCulture.csv,tattoo,date,X047,19/09/2000,3
tblCulture.csv,tattoo,date,X048,04/07/2000,3
tblCulture.csv,tattoo,date,X048,06/02/2001,3
tblCulture.csv,tattoo,date,X048,17/10/2000,3
tblCulture.csv,tattoo,date,X048,19/09/2000,3
tblCulture.csv,tattoo,date,X048,28/11/2000,3
tblCulture.csv,tattoo,date,X049,04/07/2000,2
tblCulture.csv,tattoo,date,X049,06/02/2002,2
tblCulture.csv,tattoo,date,X049,09/07/2002,3
tblCulture.csv,tattoo,date,X049,12/06/2001,3
tblCulture.csv,tattoo,date,X049,17/10/2000,3
tblCulture.csv,tattoo,date,X049,19/09/2000,3
tblCulture.csv,tattoo,date,X049,19/11/2002,3
tblCulture.csv,tattoo,date,X050,04/07/2000,3
tblCulture.csv,tattoo,date,X051,04/07/2000,2
tblCulture.csv,tattoo,date,X051,07/02/2001,3
tblCulture.csv,tattoo,date,X051,07/08/2001,2
tblCulture.csv,tattoo,date,X051,10/09/2002,3
tblCulture.csv,tattoo,date,X051,12/06/2001,3
tblCulture.csv,tattoo,date,X051,17/10/2000,3
tblCulture.csv,tattoo,date,X051,19/09/2001,2
tblCulture.csv,tattoo,date,X051,20/09/2000,2
tblCulture.csv,tattoo,date,X051,29/11/2000,2
tblCulture.csv,tattoo,date,X052,04/07/2000,3
tblCulture.csv,tattoo,date,X053,04/07/2000,3
tblCulture.csv,tattoo,date,X054,04/07/2000,3
tblCulture.csv,tattoo,date,X054,07/08/2001,3
tblCulture.csv,tattoo,date,X054,12/06/2001,3
tblCulture.csv,tattoo,date,X054,19/09/2000,3
tblCulture.csv,tattoo,date,X055,04/07/2000,3
tblCulture.csv,tattoo,date,X055,05/02/2002,3
tblCulture.csv,tattoo,date,X055,13/06/2001,2
tblCulture.csv,tattoo,date,X055,17/10/2000,3
tblCulture.csv,tattoo,date,X055,19/11/2002,3
tblCulture.csv,tattoo,date,X056,04/07/2000,3
tblCulture.csv,tattoo,date,X057,04/07/2000,3
tblCulture.csv,tattoo,date,X057,06/02/2001,3
tblCulture.csv,tattoo,date,X057,19/09/2001,2
tblCulture.csv,tattoo,date,X057,29/11/2000,3
tblCulture.csv,tattoo,date,X058,05/07/2000,3
tblCulture.csv,tattoo,date,X058,17/08/2000,2
tblCulture.csv,tattoo,date,X058,19/09/2000,3
tblCulture.csv,tattoo,date,X059,03/02/2002,5
tblCulture.csv,tattoo,date,X059,05/07/2000,2
tblCulture.csv,tattoo,date,X059,07/08/2001,3
tblCulture.csv,tattoo,date,X059,18/10/2000,2
tblCulture.csv,tattoo,date,X059,19/09/2001,2
tblCulture.csv,tattoo,date,X060,05/07/2000,2
tblCulture.csv,tattoo,date,X060,12/06/2001,2
tblCulture.csv,tattoo,date,X060,18/09/2001,2
tblCulture.csv,tattoo,date,X061,05/07/2000,2
tblCulture.csv,tattoo,date,X062,05/07/2000,3
tblCulture.csv,tattoo,date,X063,18/07/2000,3
tblCulture.csv,tattoo,date,X064,04/10/2000,3
tblCulture.csv,tattoo,date,X064,06/09/2000,3
tblCulture.csv,tattoo,date,X064,18/07/2000,2
tblCulture.csv,tattoo,date,X064,24/07/2001,2
tblCulture.csv,tattoo,date,X065,03/10/2000,2
tblCulture.csv,tattoo,date,X065,05/09/2000,3
tblCulture.csv,tattoo,date,X065,06/08/2002,6
tblCulture.csv,tattoo,date,X065,18/07/2000,3
tblCulture.csv,tattoo,date,X065,24/07/2001,2
tblCulture.csv,tattoo,date,X066,03/10/2000,3
tblCulture.csv,tattoo,date,X066,06/09/2000,2
tblCulture.csv,tattoo,date,X066,09/01/2001,3
tblCulture.csv,tattoo,date,X066,19/07/2002,7
tblCulture.csv,tattoo,date,X067,03/10/2000,3
tblCulture.csv,tattoo,date,X067,05/09/2000,3
tblCulture.csv,tattoo,date,X067,09/01/2001,3
tblCulture.csv,tattoo,date,X067,18/07/2000,3
tblCulture.csv,tattoo,date,X068,17/08/2000,3
tblCulture.csv,tattoo,date,X068,29/05/2002,2
tblCulture.csv,tattoo,date,X069,05/09/2000,3
tblCulture.csv,tattoo,date,X069,10/01/2001,2
tblCulture.csv,tattoo,date,X069,17/08/2000,3
tblCulture.csv,tattoo,date,X070,03/10/2000,3
tblCulture.csv,tattoo,date,X070,05/09/2000,3
tblCulture.csv,tattoo,date,X070,14/09/2005,3
tblCulture.csv,tattoo,date,X070,17/08/2000,3
tblCulture.csv,tattoo,date,X071,04/10/2000,4
tblCulture.csv,tattoo,date,X071,05/09/2000,3
tblCulture.csv,tattoo,date,X071,09/01/2001,3
tblCulture.csv,tattoo,date,X071,17/08/2000,3
tblCulture.csv,tattoo,date,X072,02/10/2001,2
tblCulture.csv,tattoo,date,X072,21/08/2001,2
tblCulture.csv,tattoo,date,X072,22/08/2000,3
tblCulture.csv,tattoo,date,X072,23/01/2001,3
tblCulture.csv,tattoo,date,X072,26/06/2001,2
tblCulture.csv,tattoo,date,X073,01/11/2000,3
tblCulture.csv,tattoo,date,X073,20/08/2002,3
tblCulture.csv,tattoo,date,X073,21/08/2001,2
tblCulture.csv,tattoo,date,X073,22/08/2000,3
tblCulture.csv,tattoo,date,X073,23/01/2001,2
tblCulture.csv,tattoo,date,X074,23/08/2000,3
tblCulture.csv,tattoo,date,X075,04/10/2000,2
tblCulture.csv,tattoo,date,X075,05/09/2000,3
tblCulture.csv,tattoo,date,X075,08/01/2002,2
tblCulture.csv,tattoo,date,X075,24/07/2001,2
tblCulture.csv,tattoo,date,X076,04/10/2000,3
tblCulture.csv,tattoo,date,X076,05/09/2000,3
tblCulture.csv,tattoo,date,X076,07/08/2002,2
tblCulture.csv,tattoo,date,X076,25/05/2004,3
tblCulture.csv,tattoo,date,X077,04/09/2001,2
tblCulture.csv,tattoo,date,X077,05/09/2000,3
tblCulture.csv,tattoo,date,X078,05/09/2000,3
tblCulture.csv,tattoo,date,X078,13/05/2003,3
tblCulture.csv,tattoo,date,X078,22/07/2008,3
tblCulture.csv,tattoo,date,X079,04/10/2000,3
tblCulture.csv,tattoo,date,X079,05/09/2000,3
tblCulture.csv,tattoo,date,X080,06/09/2000,2
tblCulture.csv,tattoo,date,X080,10/01/2001,2
tblCulture.csv,tattoo,date,X080,25/05/2004,3
tblCulture.csv,tattoo,date,X080,28/10/2003,2
tblCulture.csv,tattoo,date,X081,03/10/2000,3
tblCulture.csv,tattoo,date,X081,06/09/2000,2
tblCulture.csv,tattoo,date,X082,06/08/2002,3
tblCulture.csv,tattoo,date,X082,06/09/2000,2
tblCulture.csv,tattoo,date,X082,24/07/2001,3
tblCulture.csv,tattoo,date,X083,03/10/2000,2
tblCulture.csv,tattoo,date,X083,06/09/2000,3
tblCulture.csv,tattoo,date,X083,08/01/2002,2
tblCulture.csv,tattoo,date,X083,16/10/2001,2
tblCulture.csv,tattoo,date,X083,24/07/2001,2
tblCulture.csv,tattoo,date,X084,03/10/2000,3
tblCulture.csv,tattoo,date,X084,06/08/2002,3
tblCulture.csv,tattoo,date,X084,06/09/2000,2
tblCulture.csv,tattoo,date,X084,09/01/2001,3
tblCulture.csv,tattoo,date,X084,24/08/2005,5
tblCulture.csv,tattoo,date,X084,25/07/2001,2
tblCulture.csv,tattoo,date,X084,28/05/2002,2
tblCulture.csv,tattoo,date,X085,04/10/2000,3
tblCulture.csv,tattoo,date,X085,06/09/2000,3
tblCulture.csv,tattoo,date,X085,24/07/2001,2
tblCulture.csv,tattoo,date,X086,05/04/2009,6
tblCulture.csv,tattoo,date,X086,07/02/2001,3
tblCulture.csv,tattoo,date,X086,12/06/2001,3
tblCulture.csv,tattoo,date,X086,18/09/2001,3
tblCulture.csv,tattoo,date,X086,18/10/2000,2
tblCulture.csv,tattoo,date,X086,19/09/2000,3
tblCulture.csv,tattoo,date,X086,20/08/2008,3
tblCulture.csv,tattoo,date,X086,28/11/2000,3
tblCulture.csv,tattoo,date,X087,19/09/2000,3
tblCulture.csv,tattoo,date,X088,02/02/2005,3
tblCulture.csv,tattoo,date,X088,02/09/2003,3
tblCulture.csv,tattoo,date,X088,03/02/2004,3
tblCulture.csv,tattoo,date,X088,05/02/2002,3
tblCulture.csv,tattoo,date,X088,07/02/2001,2
tblCulture.csv,tattoo,date,X088,09/07/2002,3
tblCulture.csv,tattoo,date,X088,12/06/2001,2
tblCulture.csv,tattoo,date,X088,19/09/2000,3
tblCulture.csv,tattoo,date,X088,28/11/2000,3
tblCulture.csv,tattoo,date,X089,07/02/2001,2
tblCulture.csv,tattoo,date,X089,07/08/2001,3
tblCulture.csv,tattoo,date,X089,12/06/2001,3
tblCulture.csv,tattoo,date,X089,18/09/2001,3
tblCulture.csv,tattoo,date,X089,18/10/2000,2
tblCulture.csv,tattoo,date,X089,19/09/2000,3
tblCulture.csv,tattoo,date,X090,19/09/2000,7
tblCulture.csv,tattoo,date,X090,20/09/2000,5
tblCulture.csv,tattoo,date,X091,20/09/2000,2
tblCulture.csv,tattoo,date,X092,05/11/2002,3
tblCulture.csv,tattoo,date,X092,11/03/2003,5
tblCulture.csv,tattoo,date,X092,19/06/2002,2
tblCulture.csv,tattoo,date,X092,21/08/2001,3
tblCulture.csv,tattoo,date,X092,23/01/2001,2
tblCulture.csv,tattoo,date,X092,29/11/2000,3
tblCulture.csv,tattoo,date,Y001,02/11/1982,3
tblCulture.csv,tattoo,date,Y001,12/05/1982,5
tblCulture.csv,tattoo,date,Y001,13/08/1985,3
tblCulture.csv,tattoo,date,Y001,16/08/1983,3
tblCulture.csv,tattoo,date,Y001,23/02/1982,3
tblCulture.csv,tattoo,date,Y001,24/08/1982,3
tblCulture.csv,tattoo,date,Y001,24/11/1981,3
tblCulture.csv,tattoo,date,Y002,04/09/1981,2
tblCulture.csv,tattoo,date,Y002,23/02/1982,3
tblCulture.csv,tattoo,date,Y002,24/11/1981,2
tblCulture.csv,tattoo,date,Y003,01/07/1981,6
tblCulture.csv,tattoo,date,Y004,15/05/1984,3
tblCulture.csv,tattoo,date,Y004,16/08/1983,3
tblCulture.csv,tattoo,date,Y004,21/06/1989,3
tblCulture.csv,tattoo,date,Y004,27/08/1982,2
tblCulture.csv,tattoo,date,Y005,12/05/1982,3
tblCulture.csv,tattoo,date,Y005,15/05/1984,3
tblCulture.csv,tattoo,date,Y005,16/08/1983,3
tblCulture.csv,tattoo,date,Y005,23/02/1982,3
tblCulture.csv,tattoo,date,Y005,24/08/1982,3
tblCulture.csv,tattoo,date,Y006,02/11/1982,3
tblCulture.csv,tattoo,date,Y006,04/09/1981,3
tblCulture.csv,tattoo,date,Y006,08/05/1983,3
tblCulture.csv,tattoo,date,Y006,12/05/1982,3
tblCulture.csv,tattoo,date,Y006,14/02/1984,6
tblCulture.csv,tattoo,date,Y006,15/05/1984,3
tblCulture.csv,tattoo,date,Y006,16/08/1983,2
tblCulture.csv,tattoo,date,Y006,23/02/1982,4
tblCulture.csv,tattoo,date,Y006,23/11/1981,3
tblCulture.csv,tattoo,date,Y007,12/05/1982,3
tblCulture.csv,tattoo,date,Y007,19/06/1981,3
tblCulture.csv,tattoo,date,Y007,20/10/1981,3
tblCulture.csv,tattoo,date,Y008,09/09/1982,2
tblCulture.csv,tattoo,date,Y008,19/06/1981,3
tblCulture.csv,tattoo,date,Y008,23/09/1981,2
tblCulture.csv,tattoo,date,Y010,09/09/1981,4
tblCulture.csv,tattoo,date,Y010,11/05/1982,3
tblCulture.csv,tattoo,date,Y010,13/10/1981,3
tblCulture.csv,tattoo,date,Y010,18/08/1987,3
tblCulture.csv,tattoo,date,Y010,19/08/1981,2
tblCulture.csv,tattoo,date,Y010,23/02/1982,3
tblCulture.csv,tattoo,date,Y011,01/11/1983,4
tblCulture.csv,tattoo,date,Y011,08/06/1983,4
tblCulture.csv,tattoo,date,Y011,09/09/1981,4
tblCulture.csv,tattoo,date,Y011,12/05/1982,3
tblCulture.csv,tattoo,date,Y011,16/08/1983,3
tblCulture.csv,tattoo,date,Y011,23/02/1982,3
tblCulture.csv,tattoo,date,Y011,26/06/1981,2
tblCulture.csv,tattoo,date,Y012,07/02/1983,3
tblCulture.csv,tattoo,date,Y012,19/08/1981,2
tblCulture.csv,tattoo,date,Y012,23/02/1982,3
tblCulture.csv,tattoo,date,Y012,26/06/1981,2
tblCulture.csv,tattoo,date,Y013,29/06/1981,2
tblCulture.csv,tattoo,date,Y014,01/07/1981,5
tblCulture.csv,tattoo,date,Y015,01/07/1981,3
tblCulture.csv,tattoo,date,Y015,01/08/1984,4
tblCulture.csv,tattoo,date,Y015,07/09/1981,3
tblCulture.csv,tattoo,date,Y015,12/05/1982,3
tblCulture.csv,tattoo,date,Y015,14/02/1984,2
tblCulture.csv,tattoo,date,Y015,14/07/1981,3
tblCulture.csv,tattoo,date,Y015,16/02/1983,3
tblCulture.csv,tattoo,date,Y015,23/02/1982,3
tblCulture.csv,tattoo,date,Y015,24/08/1982,2
tblCulture.csv,tattoo,date,Y016,01/07/1981,5
tblCulture.csv,tattoo,date,Y016,09/02/1983,4
tblCulture.csv,tattoo,date,Y016,10/05/1983,6
tblCulture.csv,tattoo,date,Y016,11/05/1982,3
tblCulture.csv,tattoo,date,Y016,14/07/1981,3
tblCulture.csv,tattoo,date,Y016,16/08/1983,3
tblCulture.csv,tattoo,date,Y016,20/05/1985,2
tblCulture.csv,tattoo,date,Y016,23/02/1982,3
tblCulture.csv,tattoo,date,Y016,24/08/1982,3
tblCulture.csv,tattoo,date,Y016,28/05/1985,4
tblCulture.csv,tattoo,date,Y017,01/07/1981,2
tblCulture.csv,tattoo,date,Y017,01/08/1984,3
tblCulture.csv,tattoo,date,Y017,02/11/1982,3
tblCulture.csv,tattoo,date,Y017,07/09/1981,4
tblCulture.csv,tattoo,date,Y017,08/02/1983,4
tblCulture.csv,tattoo,date,Y017,11/05/1982,3
tblCulture.csv,tattoo,date,Y017,14/07/1981,3
tblCulture.csv,tattoo,date,Y017,23/02/1982,3
tblCulture.csv,tattoo,date,Y017,24/08/1982,3
tblCulture.csv,tattoo,date,Y017,26/11/1981,2
tblCulture.csv,tattoo,date,Y018,02/07/1981,2
tblCulture.csv,tattoo,date,Y018,10/05/1988,2
tblCulture.csv,tattoo,date,Y018,10/09/1981,3
tblCulture.csv,tattoo,date,Y018,11/01/1984,2
tblCulture.csv,tattoo,date,Y018,11/05/1982,4
tblCulture.csv,tattoo,date,Y018,16/05/1984,2
tblCulture.csv,tattoo,date,Y018,17/08/1983,3
tblCulture.csv,tattoo,date,Y018,18/10/1989,3
tblCulture.csv,tattoo,date,Y018,19/08/1987,3
tblCulture.csv,tattoo,date,Y018,23/05/1989,4
tblCulture.csv,tattoo,date,Y018,24/02/1982,3
tblCulture.csv,tattoo,date,Y018,24/08/1982,3
tblCulture.csv,tattoo,date,Y019,02/07/1981,2
tblCulture.csv,tattoo,date,Y019,02/11/1982,3
tblCulture.csv,tattoo,date,Y019,07/02/1983,3
tblCulture.csv,tattoo,date,Y019,09/05/1983,4
tblCulture.csv,tattoo,date,Y019,09/09/1981,3
tblCulture.csv,tattoo,date,Y019,15/05/1984,4
tblCulture.csv,tattoo,date,Y019,16/08/1983,3
tblCulture.csv,tattoo,date,Y019,23/02/1982,2
tblCulture.csv,tattoo,date,Y019,24/08/1982,3
tblCulture.csv,tattoo,date,Y019,26/11/1981,2
tblCulture.csv,tattoo,date,Y019,29/05/1985,2
tblCulture.csv,tattoo,date,Y020,03/07/1981,2
tblCulture.csv,tattoo,date,Y021,02/12/1981,2
tblCulture.csv,tattoo,date,Y021,07/07/1981,2
tblCulture.csv,tattoo,date,Y021,23/02/1982,2
tblCulture.csv,tattoo,date,Y022,07/07/1981,3
tblCulture.csv,tattoo,date,Y023,05/11/1985,3
tblCulture.csv,tattoo,date,Y023,06/06/1989,3
tblCulture.csv,tattoo,date,Y023,07/07/1981,3
tblCulture.csv,tattoo,date,Y023,11/11/1986,3
tblCulture.csv,tattoo,date,Y023,15/08/1990,3
tblCulture.csv,tattoo,date,Y023,18/10/1988,3
tblCulture.csv,tattoo,date,Y023,19/02/1991,3
tblCulture.csv,tattoo,date,Y023,28/06/1983,3
tblCulture.csv,tattoo,date,Y023,28/07/1982,2
tblCulture.csv,tattoo,date,Y023,29/05/1985,2
tblCulture.csv,tattoo,date,Y023,30/10/1990,3
tblCulture.csv,tattoo,date,Y023,31/10/1989,3
tblCulture.csv,tattoo,date,Y024,07/07/1981,3
tblCulture.csv,tattoo,date,Y025,02/11/1982,3
tblCulture.csv,tattoo,date,Y025,08/07/1981,2
tblCulture.csv,tattoo,date,Y025,23/02/1982,3
tblCulture.csv,tattoo,date,Y025,24/08/1982,3
tblCulture.csv,tattoo,date,Y026,02/08/1988,3
tblCulture.csv,tattoo,date,Y026,05/06/1990,2
tblCulture.csv,tattoo,date,Y026,06/02/1990,2
tblCulture.csv,tattoo,date,Y026,06/06/1989,2
tblCulture.csv,tattoo,date,Y026,08/07/1981,3
tblCulture.csv,tattoo,date,Y026,10/11/1987,3
tblCulture.csv,tattoo,date,Y026,13/08/1986,2
tblCulture.csv,tattoo,date,Y026,18/10/1988,3
tblCulture.csv,tattoo,date,Y026,19/02/1985,2
tblCulture.csv,tattoo,date,Y026,21/09/1983,3
tblCulture.csv,tattoo,date,Y026,24/05/1988,3
tblCulture.csv,tattoo,date,Y026,31/05/1985,2
tblCulture.csv,tattoo,date,Y026,31/07/1984,2
tblCulture.csv,tattoo,date,Y027,09/07/1981,3
tblCulture.csv,tattoo,date,Y028,09/07/1981,2
tblCulture.csv,tattoo,date,Y029,09/07/1981,3
tblCulture.csv,tattoo,date,Y029,16/06/1983,3
tblCulture.csv,tattoo,date,Y029,20/05/1985,2
tblCulture.csv,tattoo,date,Y029,28/07/1982,2
tblCulture.csv,tattoo,date,Y029,31/07/1984,2
tblCulture.csv,tattoo,date,Y030,14/07/1981,6
tblCulture.csv,tattoo,date,Y030,16/07/1981,2
tblCulture.csv,tattoo,date,Y032,16/07/1981,3
tblCulture.csv,tattoo,date,Y033,03/10/1983,3
tblCulture.csv,tattoo,date,Y033,16/07/1981,3
tblCulture.csv,tattoo,date,Y033,18/06/1986,3
tblCulture.csv,tattoo,date,Y033,24/06/1983,6
tblCulture.csv,tattoo,date,Y033,27/06/1984,5
tblCulture.csv,tattoo,date,Y033,29/08/1985,4
tblCulture.csv,tattoo,date,Y034,21/07/1981,3
tblCulture.csv,tattoo,date,Y035,04/07/1984,5
tblCulture.csv,tattoo,date,Y035,05/07/1983,2
tblCulture.csv,tattoo,date,Y035,22/07/1981,3
tblCulture.csv,tattoo,date,Y035,26/05/1982,2
tblCulture.csv,tattoo,date,Y036,22/07/1981,2
tblCulture.csv,tattoo,date,Y036,26/05/1982,3
tblCulture.csv,tattoo,date,Y036,28/06/1983,2
tblCulture.csv,tattoo,date,Y037,22/07/1981,3
tblCulture.csv,tattoo,date,Y037,26/05/1982,2
tblCulture.csv,tattoo,date,Y038,15/06/1987,3
tblCulture.csv,tattoo,date,Y038,17/07/1984,4
tblCulture.csv,tattoo,date,Y038,23/07/1981,3
tblCulture.csv,tattoo,date,Y039,03/06/1987,3
tblCulture.csv,tattoo,date,Y039,15/06/1983,2
tblCulture.csv,tattoo,date,Y039,19/06/1986,3
tblCulture.csv,tattoo,date,Y039,23/07/1981,2
tblCulture.csv,tattoo,date,Y039,28/06/1984,3
tblCulture.csv,tattoo,date,Y040,24/07/1981,2
tblCulture.csv,tattoo,date,Y041,11/08/1981,2
tblCulture.csv,tattoo,date,Y041,24/02/1982,3
tblCulture.csv,tattoo,date,Y041,25/11/1981,3
tblCulture.csv,tattoo,date,Y043,07/09/1981,3
tblCulture.csv,tattoo,date,Y043,12/05/1986,2
tblCulture.csv,tattoo,date,Y043,18/08/1987,2
tblCulture.csv,tattoo,date,Y043,20/05/1985,2
tblCulture.csv,tattoo,date,Y043,24/08/1982,3
tblCulture.csv,tattoo,date,Y044,12/10/1981,6
tblCulture.csv,tattoo,date,Y044,21/10/1981,2
tblCulture.csv,tattoo,date,Y045,11/05/1982,3
tblCulture.csv,tattoo,date,Y045,13/10/1981,3
tblCulture.csv,tattoo,date,Y045,23/02/1982,3
tblCulture.csv,tattoo,date,Y046,06/11/1984,2
tblCulture.csv,tattoo,date,Y046,12/05/1982,3
tblCulture.csv,tattoo,date,Y046,15/05/1984,4
tblCulture.csv,tattoo,date,Y046,16/08/1983,3
tblCulture.csv,tattoo,date,Y046,20/10/1981,4
tblCulture.csv,tattoo,date,Y046,24/02/1982,3
tblCulture.csv,tattoo,date,Y046,24/11/1981,3
tblCulture.csv,tattoo,date,Y047,02/07/1986,3
tblCulture.csv,tattoo,date,Y047,03/07/1991,3
tblCulture.csv,tattoo,date,Y047,03/11/1981,2
tblCulture.csv,tattoo,date,Y047,13/09/1985,2
tblCulture.csv,tattoo,date,Y047,14/11/1989,3
tblCulture.csv,tattoo,date,Y047,23/02/1988,3
tblCulture.csv,tattoo,date,Y047,29/06/1983,2
tblCulture.csv,tattoo,date,Y048,03/11/1981,3
tblCulture.csv,tattoo,date,Y049,06/09/1983,3
tblCulture.csv,tattoo,date,Y049,11/11/1981,2
tblCulture.csv,tattoo,date,Y049,11/11/1986,7
tblCulture.csv,tattoo,date,Y049,15/02/1984,4
tblCulture.csv,tattoo,date,Y049,31/07/1984,2
tblCulture.csv,tattoo,date,Y050,11/11/1981,3
tblCulture.csv,tattoo,date,Y050,11/11/1983,3
tblCulture.csv,tattoo,date,Z001,12/01/1994,3
tblCulture.csv,tattoo,date,Z002,08/02/1994,4
tblCulture.csv,tattoo,date,Z003,12/02/1997,5
tblCulture.csv,tattoo,date,Z003,13/02/1996,2
tblCulture.csv,tattoo,date,Z003,15/11/1994,3
tblCulture.csv,tattoo,date,Z003,22/02/1994,4
tblCulture.csv,tattoo,date,Z003,23/07/1996,3
tblCulture.csv,tattoo,date,Z004,06/07/1994,3
tblCulture.csv,tattoo,date,Z004,23/02/1994,3
tblCulture.csv,tattoo,date,Z005,04/10/1994,3
tblCulture.csv,tattoo,date,Z005,17/01/1995,3
tblCulture.csv,tattoo,date,Z005,24/05/1994,2
tblCulture.csv,tattoo,date,Z005,26/07/1994,3
tblCulture.csv,tattoo,date,Z006,04/10/1994,3
tblCulture.csv,tattoo,date,Z006,17/01/1995,3
tblCulture.csv,tattoo,date,Z006,24/05/1994,3
tblCulture.csv,tattoo,date,Z006,26/07/1994,2
tblCulture.csv,tattoo,date,Z007,24/05/1994,2
tblCulture.csv,tattoo,date,Z008,24/05/1994,3
tblCulture.csv,tattoo,date,Z009,04/10/1994,3
tblCulture.csv,tattoo,date,Z009,18/01/1995,3
tblCulture.csv,tattoo,date,Z009,24/05/1994,3
tblCulture.csv,tattoo,date,Z009,26/07/1994,3
tblCulture.csv,tattoo,date,Z010,05/10/1994,3
tblCulture.csv,tattoo,date,Z010,24/05/1994,2
tblCulture.csv,tattoo,date,Z010,26/07/1994,2
tblCulture.csv,tattoo,date,Z011,05/10/1994,3
tblCulture.csv,tattoo,date,Z011,18/01/1995,4
tblCulture.csv,tattoo,date,Z011,24/05/1994,3
tblCulture.csv,tattoo,date,Z011,27/07/1994,3
tblCulture.csv,tattoo,date,Z013,25/05/1994,2
tblCulture.csv,tattoo,date,Z014,03/08/1994,3
tblCulture.csv,tattoo,date,Z014,07/06/1994,2
tblCulture.csv,tattoo,date,Z014,08/08/1995,3
tblCulture.csv,tattoo,date,Z014,20/06/1995,3
tblCulture.csv,tattoo,date,Z014,20/09/1995,3
tblCulture.csv,tattoo,date,Z014,31/01/1995,2
tblCulture.csv,tattoo,date,Z015,01/02/1995,3
tblCulture.csv,tattoo,date,Z015,02/08/1994,3
tblCulture.csv,tattoo,date,Z015,07/06/1994,2
tblCulture.csv,tattoo,date,Z015,08/08/1995,3
tblCulture.csv,tattoo,date,Z015,18/10/1994,2
tblCulture.csv,tattoo,date,Z015,19/05/1998,3
tblCulture.csv,tattoo,date,Z015,20/06/1995,3
tblCulture.csv,tattoo,date,Z015,21/05/1997,2
tblCulture.csv,tattoo,date,Z015,25/06/1996,4
tblCulture.csv,tattoo,date,Z015,30/07/1996,2
tblCulture.csv,tattoo,date,Z016,03/08/1994,2
tblCulture.csv,tattoo,date,Z016,03/12/1996,3
tblCulture.csv,tattoo,date,Z016,04/09/1996,2
tblCulture.csv,tattoo,date,Z016,05/08/1997,4
tblCulture.csv,tattoo,date,Z016,06/10/1998,3
tblCulture.csv,tattoo,date,Z016,07/06/1994,2
tblCulture.csv,tattoo,date,Z016,08/08/1995,3
tblCulture.csv,tattoo,date,Z016,15/01/1997,4
tblCulture.csv,tattoo,date,Z016,19/05/1998,3
tblCulture.csv,tattoo,date,Z016,20/05/1997,3
tblCulture.csv,tattoo,date,Z016,20/06/1995,3
tblCulture.csv,tattoo,date,Z016,20/09/1995,3
tblCulture.csv,tattoo,date,Z016,21/10/1997,2
tblCulture.csv,tattoo,date,Z016,25/06/1996,2
tblCulture.csv,tattoo,date,Z016,28/07/1998,3
tblCulture.csv,tattoo,date,Z016,30/07/1996,3
tblCulture.csv,tattoo,date,Z016,31/01/1995,4
tblCulture.csv,tattoo,date,Z017,07/06/1994,3
tblCulture.csv,tattoo,date,Z018,01/02/1995,3
tblCulture.csv,tattoo,date,Z018,07/06/1994,2
tblCulture.csv,tattoo,date,Z018,09/08/1995,3
tblCulture.csv,tattoo,date,Z018,19/10/1994,2
tblCulture.csv,tattoo,date,Z018,20/06/1995,3
tblCulture.csv,tattoo,date,Z019,02/08/1994,3
tblCulture.csv,tattoo,date,Z019,07/06/1994,3
tblCulture.csv,tattoo,date,Z019,08/08/1995,3
tblCulture.csv,tattoo,date,Z019,16/01/1996,3
tblCulture.csv,tattoo,date,Z019,18/10/1994,2
tblCulture.csv,tattoo,date,Z019,19/09/1995,3
tblCulture.csv,tattoo,date,Z019,20/06/1995,3
tblCulture.csv,tattoo,date,Z019,31/01/1995,3
tblCulture.csv,tattoo,date,Z020,02/08/1994,3
tblCulture.csv,tattoo,date,Z020,07/06/1994,3
tblCulture.csv,tattoo,date,Z020,09/08/1995,3
tblCulture.csv,tattoo,date,Z020,18/10/1994,2
tblCulture.csv,tattoo,date,Z020,19/09/1995,2
tblCulture.csv,tattoo,date,Z020,21/06/1995,3
tblCulture.csv,tattoo,date,Z020,31/01/1995,3
tblCulture.csv,tattoo,date,Z021,03/08/1994,2
tblCulture.csv,tattoo,date,Z021,03/09/1996,2
tblCulture.csv,tattoo,date,Z021,07/06/1994,3
tblCulture.csv,tattoo,date,Z021,08/08/1995,3
tblCulture.csv,tattoo,date,Z021,18/10/1994,3
tblCulture.csv,tattoo,date,Z021,20/06/1995,3
tblCulture.csv,tattoo,date,Z021,20/09/1995,2
tblCulture.csv,tattoo,date,Z021,22/10/1996,3
tblCulture.csv,tattoo,date,Z021,25/07/2001,2
tblCulture.csv,tattoo,date,Z021,31/01/1995,3
tblCulture.csv,tattoo,date,Z022,07/06/1994,2
tblCulture.csv,tattoo,date,Z023,02/08/1994,2
tblCulture.csv,tattoo,date,Z023,09/08/1995,2
tblCulture.csv,tattoo,date,Z023,18/10/1994,3
tblCulture.csv,tattoo,date,Z023,19/09/1995,3
tblCulture.csv,tattoo,date,Z023,20/06/1995,3
tblCulture.csv,tattoo,date,Z023,31/01/1995,3
tblCulture.csv,tattoo,date,Z024,07/06/1994,2
tblCulture.csv,tattoo,date,Z026,02/08/1994,3
tblCulture.csv,tattoo,date,Z026,03/09/1996,4
tblCulture.csv,tattoo,date,Z026,07/06/1994,2
tblCulture.csv,tattoo,date,Z026,08/08/1995,3
tblCulture.csv,tattoo,date,Z026,19/09/1995,3
tblCulture.csv,tattoo,date,Z026,19/10/1994,3
tblCulture.csv,tattoo,date,Z026,20/06/1995,3
tblCulture.csv,tattoo,date,Z026,25/06/1996,2
tblCulture.csv,tattoo,date,Z026,31/01/1995,2
tblCulture.csv,tattoo,date,Z026,31/07/1996,4
tblCulture.csv,tattoo,date,Z027,02/08/1994,3
tblCulture.csv,tattoo,date,Z027,07/06/1994,3
tblCulture.csv,tattoo,date,Z027,08/08/1995,3
tblCulture.csv,tattoo,date,Z027,19/09/1995,3
tblCulture.csv,tattoo,date,Z027,20/06/1995,3
tblCulture.csv,tattoo,date,Z027,31/01/1995,3
tblCulture.csv,tattoo,date,Z028,03/09/1996,3
tblCulture.csv,tattoo,date,Z028,06/10/1998,3
tblCulture.csv,tattoo,date,Z028,07/06/1994,2
tblCulture.csv,tattoo,date,Z028,09/08/1995,3
tblCulture.csv,tattoo,date,Z028,18/10/1994,3
tblCulture.csv,tattoo,date,Z028,19/05/1998,3
tblCulture.csv,tattoo,date,Z028,19/09/1995,3
tblCulture.csv,tattoo,date,Z028,20/06/1995,3
tblCulture.csv,tattoo,date,Z028,25/06/1996,3
tblCulture.csv,tattoo,date,Z028,29/07/1998,2
tblCulture.csv,tattoo,date,Z028,31/01/1995,3
tblCulture.csv,tattoo,date,Z029,07/06/1994,2
tblCulture.csv,tattoo,date,Z030,08/06/1994,2
tblCulture.csv,tattoo,date,Z031,08/06/1994,2
tblCulture.csv,tattoo,date,Z032,03/08/1994,3
tblCulture.csv,tattoo,date,Z032,08/06/1994,2
tblCulture.csv,tattoo,date,Z033,08/06/1994,2
tblCulture.csv,tattoo,date,Z034,03/08/1994,3
tblCulture.csv,tattoo,date,Z034,08/06/1994,2
tblCulture.csv,tattoo,date,Z035,08/06/1994,2
tblCulture.csv,tattoo,date,Z036,02/08/1994,3
tblCulture.csv,tattoo,date,Z036,08/06/1994,2
tblCulture.csv,tattoo,date,Z036,08/08/1995,3
tblCulture.csv,tattoo,date,Z036,20/06/1995,3
tblCulture.csv,tattoo,date,Z036,31/01/1995,3
tblCulture.csv,tattoo,date,Z037,21/06/1994,3
tblCulture.csv,tattoo,date,Z038,21/06/1994,2
tblCulture.csv,tattoo,date,Z039,21/06/1994,3
tblCulture.csv,tattoo,date,Z040,21/06/1994,3
tblCulture.csv,tattoo,date,Z041,21/06/1994,2
tblCulture.csv,tattoo,date,Z042,21/06/1994,3
tblCulture.csv,tattoo,date,Z043,21/06/1994,3
tblCulture.csv,tattoo,date,Z044,02/08/2005,3
tblCulture.csv,tattoo,date,Z044,02/11/1994,3
tblCulture.csv,tattoo,date,Z044,04/07/1995,3
tblCulture.csv,tattoo,date,Z044,04/08/1999,3
tblCulture.csv,tattoo,date,Z044,04/10/1995,3
tblCulture.csv,tattoo,date,Z044,10/09/1997,3
tblCulture.csv,tattoo,date,Z044,11/11/2003,2
tblCulture.csv,tattoo,date,Z044,12/08/1998,3
tblCulture.csv,tattoo,date,Z044,16/08/1994,3
tblCulture.csv,tattoo,date,Z044,19/08/2003,3
tblCulture.csv,tattoo,date,Z044,21/06/1994,3
tblCulture.csv,tattoo,date,Z044,23/06/1999,3
tblCulture.csv,tattoo,date,Z044,23/08/1995,3
tblCulture.csv,tattoo,date,Z044,24/06/1997,2
tblCulture.csv,tattoo,date,Z044,31/01/1996,3
tblCulture.csv,tattoo,date,Z045,16/08/1994,3
tblCulture.csv,tattoo,date,Z045,21/06/1994,2
tblCulture.csv,tattoo,date,Z046,21/06/1994,3
tblCulture.csv,tattoo,date,Z047,02/11/1994,3
tblCulture.csv,tattoo,date,Z047,21/06/1994,3
tblCulture.csv,tattoo,date,Z048,04/07/1995,3
tblCulture.csv,tattoo,date,Z048,11/08/1998,2
tblCulture.csv,tattoo,date,Z048,14/02/1995,2
tblCulture.csv,tattoo,date,Z048,16/08/1994,3
tblCulture.csv,tattoo,date,Z048,18/07/2000,3
tblCulture.csv,tattoo,date,Z048,21/06/1994,3
tblCulture.csv,tattoo,date,Z048,22/08/1995,3
tblCulture.csv,tattoo,date,Z048,22/09/1998,3
tblCulture.csv,tattoo,date,Z048,23/06/1999,2
tblCulture.csv,tattoo,date,Z048,23/09/1997,3
tblCulture.csv,tattoo,date,Z049,21/06/1994,3
tblCulture.csv,tattoo,date,Z050,01/11/1994,3
tblCulture.csv,tattoo,date,Z050,03/10/1995,3
tblCulture.csv,tattoo,date,Z050,04/07/1995,3
tblCulture.csv,tattoo,date,Z050,15/02/1995,3
tblCulture.csv,tattoo,date,Z050,21/06/1994,3
tblCulture.csv,tattoo,date,Z050,22/08/1995,3
tblCulture.csv,tattoo,date,Z051,21/06/1994,3
tblCulture.csv,tattoo,date,Z052,21/06/1994,3
tblCulture.csv,tattoo,date,Z053,01/11/1994,3
tblCulture.csv,tattoo,date,Z053,02/10/2001,2
tblCulture.csv,tattoo,date,Z053,03/02/1998,3
tblCulture.csv,tattoo,date,Z053,03/10/1995,2
tblCulture.csv,tattoo,date,Z053,09/07/1996,3
tblCulture.csv,tattoo,date,Z053,09/09/1997,3
tblCulture.csv,tattoo,date,Z053,12/08/1998,2
tblCulture.csv,tattoo,date,Z053,15/02/1995,2
tblCulture.csv,tattoo,date,Z053,16/08/1994,3
tblCulture.csv,tattoo,date,Z053,20/06/2000,3
tblCulture.csv,tattoo,date,Z053,21/06/1994,3
tblCulture.csv,tattoo,date,Z053,22/06/1999,2
tblCulture.csv,tattoo,date,Z053,22/08/2000,3
tblCulture.csv,tattoo,date,Z053,23/08/1995,3
tblCulture.csv,tattoo,date,Z053,26/11/1996,2
tblCulture.csv,tattoo,date,Z053,30/01/1996,2
tblCulture.csv,tattoo,date,Z054,22/06/1994,2
tblCulture.csv,tattoo,date,Z055,22/06/1994,3
tblCulture.csv,tattoo,date,Z056,01/11/2000,4
tblCulture.csv,tattoo,date,Z056,04/07/1995,3
tblCulture.csv,tattoo,date,Z056,09/06/2004,2
tblCulture.csv,tattoo,date,Z056,11/11/2003,3
tblCulture.csv,tattoo,date,Z056,17/06/1998,3
tblCulture.csv,tattoo,date,Z056,17/08/1994,3
tblCulture.csv,tattoo,date,Z056,18/11/1997,2
tblCulture.csv,tattoo,date,Z056,19/08/2003,3
tblCulture.csv,tattoo,date,Z056,21/10/1998,3
tblCulture.csv,tattoo,date,Z056,22/06/1994,3
tblCulture.csv,tattoo,date,Z056,22/06/1999,3
tblCulture.csv,tattoo,date,Z056,22/08/2000,3
tblCulture.csv,tattoo,date,Z056,23/08/1995,3
tblCulture.csv,tattoo,date,Z056,23/09/1998,3
tblCulture.csv,tattoo,date,Z056,24/06/1997,2
tblCulture.csv,tattoo,date,Z057,03/08/1999,4
tblCulture.csv,tattoo,date,Z057,09/07/1996,3
tblCulture.csv,tattoo,date,Z057,12/08/1998,3
tblCulture.csv,tattoo,date,Z057,14/02/1995,4
tblCulture.csv,tattoo,date,Z057,16/08/1994,3
tblCulture.csv,tattoo,date,Z057,17/09/1996,3
tblCulture.csv,tattoo,date,Z057,22/06/1994,3
tblCulture.csv,tattoo,date,Z057,22/08/1995,3
tblCulture.csv,tattoo,date,Z057,23/06/1999,3
tblCulture.csv,tattoo,date,Z057,31/01/1996,3
tblCulture.csv,tattoo,date,Z058,22/06/1994,2
tblCulture.csv,tattoo,date,Z059,22/06/1994,2
tblCulture.csv,tattoo,date,Z060,05/07/1994,3
tblCulture.csv,tattoo,date,Z060,05/09/1995,3
tblCulture.csv,tattoo,date,Z060,08/07/1997,3
tblCulture.csv,tattoo,date,Z060,24/07/1996,2
tblCulture.csv,tattoo,date,Z060,28/02/1995,3
tblCulture.csv,tattoo,date,Z060,30/06/1998,2
tblCulture.csv,tattoo,date,Z061,02/10/1996,3
tblCulture.csv,tattoo,date,Z061,05/07/1994,2
tblCulture.csv,tattoo,date,Z061,05/07/2000,4
tblCulture.csv,tattoo,date,Z061,08/02/2000,3
tblCulture.csv,tattoo,date,Z061,08/07/1997,4
tblCulture.csv,tattoo,date,Z061,08/09/1999,3
tblCulture.csv,tattoo,date,Z061,09/09/1998,3
tblCulture.csv,tattoo,date,Z061,09/12/1997,4
tblCulture.csv,tattoo,date,Z061,11/02/1997,4
tblCulture.csv,tattoo,date,Z061,14/02/1996,3
tblCulture.csv,tattoo,date,Z061,15/11/1994,3
tblCulture.csv,tattoo,date,Z061,16/10/1995,3
tblCulture.csv,tattoo,date,Z061,30/06/1998,3
tblCulture.csv,tattoo,date,Z062,02/10/1996,3
tblCulture.csv,tattoo,date,Z062,05/07/1994,3
tblCulture.csv,tattoo,date,Z062,06/09/1994,2
tblCulture.csv,tattoo,date,Z062,15/11/1994,3
tblCulture.csv,tattoo,date,Z062,28/02/1995,3
tblCulture.csv,tattoo,date,Z063,02/10/1996,4
tblCulture.csv,tattoo,date,Z063,05/07/1994,2
tblCulture.csv,tattoo,date,Z063,05/09/1995,3
tblCulture.csv,tattoo,date,Z063,06/09/1994,3
tblCulture.csv,tattoo,date,Z063,13/02/1996,2
tblCulture.csv,tattoo,date,Z063,15/11/1994,3
tblCulture.csv,tattoo,date,Z063,16/10/1995,3
tblCulture.csv,tattoo,date,Z063,18/07/1995,2
tblCulture.csv,tattoo,date,Z063,23/07/1996,3
tblCulture.csv,tattoo,date,Z063,28/02/1995,2
tblCulture.csv,tattoo,date,Z064,02/10/1996,4
tblCulture.csv,tattoo,date,Z064,05/07/1994,3
tblCulture.csv,tattoo,date,Z064,05/09/1995,3
tblCulture.csv,tattoo,date,Z064,06/09/1994,2
tblCulture.csv,tattoo,date,Z064,13/02/1996,3
tblCulture.csv,tattoo,date,Z064,16/10/1995,3
tblCulture.csv,tattoo,date,Z064,16/11/1994,3
tblCulture.csv,tattoo,date,Z064,18/07/1995,3
tblCulture.csv,tattoo,date,Z064,28/02/1995,3
tblCulture.csv,tattoo,date,Z065,01/10/1996,3
tblCulture.csv,tattoo,date,Z065,05/07/1994,3
tblCulture.csv,tattoo,date,Z065,05/09/1995,3
tblCulture.csv,tattoo,date,Z065,17/10/1995,3
tblCulture.csv,tattoo,date,Z065,18/07/1995,3
tblCulture.csv,tattoo,date,Z065,23/07/1996,2
tblCulture.csv,tattoo,date,Z065,28/02/1995,3
tblCulture.csv,tattoo,date,Z066,05/09/1995,3
tblCulture.csv,tattoo,date,Z066,06/07/1994,3
tblCulture.csv,tattoo,date,Z066,06/09/1994,3
tblCulture.csv,tattoo,date,Z066,08/07/1997,4
tblCulture.csv,tattoo,date,Z066,09/12/1997,3
tblCulture.csv,tattoo,date,Z066,15/11/1994,3
tblCulture.csv,tattoo,date,Z066,16/10/1995,3
tblCulture.csv,tattoo,date,Z066,18/07/1995,3
tblCulture.csv,tattoo,date,Z066,28/02/1995,2
tblCulture.csv,tattoo,date,Z067,19/07/1994,3
tblCulture.csv,tattoo,date,Z067,20/09/1994,3
tblCulture.csv,tattoo,date,Z067,29/11/1994,3
tblCulture.csv,tattoo,date,Z068,19/07/1994,2
tblCulture.csv,tattoo,date,Z068,20/09/1994,4
tblCulture.csv,tattoo,date,Z069,19/07/1994,3
tblCulture.csv,tattoo,date,Z070,19/07/1994,3
tblCulture.csv,tattoo,date,Z071,19/07/1994,2
tblCulture.csv,tattoo,date,Z071,20/09/1994,3
tblCulture.csv,tattoo,date,Z071,23/07/1997,3
tblCulture.csv,tattoo,date,Z071,29/11/1994,3
tblCulture.csv,tattoo,date,Z071,30/07/1996,3
tblCulture.csv,tattoo,date,Z072,05/09/1995,3
tblCulture.csv,tattoo,date,Z072,19/07/1994,2
tblCulture.csv,tattoo,date,Z072,21/09/1994,3
tblCulture.csv,tattoo,date,Z072,23/07/1996,4
tblCulture.csv,tattoo,date,Z072,29/11/1994,3
tblCulture.csv,tattoo,date,Z073,01/10/1996,3
tblCulture.csv,tattoo,date,Z073,05/09/1995,3
tblCulture.csv,tattoo,date,Z073,19/07/1994,3
tblCulture.csv,tattoo,date,Z073,21/09/1994,3
tblCulture.csv,tattoo,date,Z073,24/07/1996,3
tblCulture.csv,tattoo,date,Z073,29/11/1994,3
tblCulture.csv,tattoo,date,Z074,05/09/1995,3
tblCulture.csv,tattoo,date,Z074,16/10/1995,3
tblCulture.csv,tattoo,date,Z074,19/07/1994,2
tblCulture.csv,tattoo,date,Z074,20/09/1994,3
tblCulture.csv,tattoo,date,Z074,29/11/1994,3
tblCulture.csv,tattoo,date,Z075,02/10/1996,3
tblCulture.csv,tattoo,date,Z075,06/09/1995,3
tblCulture.csv,tattoo,date,Z075,18/07/1995,3
tblCulture.csv,tattoo,date,Z075,19/07/1994,2
tblCulture.csv,tattoo,date,Z075,20/09/1994,3
tblCulture.csv,tattoo,date,Z076,19/07/1994,3
tblCulture.csv,tattoo,date,Z076,22/07/1997,3
tblCulture.csv,tattoo,date,Z076,25/07/1995,2
tblCulture.csv,tattoo,date,Z076,25/10/1995,3
tblCulture.csv,tattoo,date,Z076,29/11/1994,3
tblCulture.csv,tattoo,date,Z076,30/07/1996,3
tblCulture.csv,tattoo,date,Z077,19/07/1994,3
tblCulture.csv,tattoo,date,Z078,20/07/1994,3
tblCulture.csv,tattoo,date,Z078,26/07/1995,3
tblCulture.csv,tattoo,date,Z078,30/07/1996,3
tblCulture.csv,tattoo,date,Z078,30/11/1994,3
tblCulture.csv,tattoo,date,Z079,18/07/1995,3
tblCulture.csv,tattoo,date,Z080,20/07/1994,3
tblCulture.csv,tattoo,date,Z081,05/10/1994,3
tblCulture.csv,tattoo,date,Z081,17/01/1995,3
tblCulture.csv,tattoo,date,Z081,26/07/1994,3
tblCulture.csv,tattoo,date,Z082,27/07/1994,3
tblCulture.csv,tattoo,date,Z083,09/04/2001,5
tblCulture.csv,tattoo,date,Z083,27/07/1994,3
tblCulture.csv,tattoo,date,Z084,02/08/1994,2
tblCulture.csv,tattoo,date,Z085,01/02/1995,3
tblCulture.csv,tattoo,date,Z085,03/08/1994,3
tblCulture.csv,tattoo,date,Z085,03/09/1996,3
tblCulture.csv,tattoo,date,Z085,06/10/1998,2
tblCulture.csv,tattoo,date,Z085,08/08/1995,3
tblCulture.csv,tattoo,date,Z085,18/10/1994,3
tblCulture.csv,tattoo,date,Z085,20/06/1995,3
tblCulture.csv,tattoo,date,Z085,23/06/2003,6
tblCulture.csv,tattoo,date,Z085,25/05/1999,3
tblCulture.csv,tattoo,date,Z085,25/06/1996,3
tblCulture.csv,tattoo,date,Z086,01/11/1994,3
tblCulture.csv,tattoo,date,Z086,05/07/1995,2
tblCulture.csv,tattoo,date,Z086,16/08/1994,3
tblCulture.csv,tattoo,date,Z086,22/08/1995,3
tblCulture.csv,tattoo,date,Z086,30/01/1996,4
tblCulture.csv,tattoo,date,Z087,02/11/1994,2
tblCulture.csv,tattoo,date,Z087,09/07/1996,3
tblCulture.csv,tattoo,date,Z087,17/08/1994,3
tblCulture.csv,tattoo,date,Z088,01/11/1994,2
tblCulture.csv,tattoo,date,Z088,03/02/1998,2
tblCulture.csv,tattoo,date,Z088,04/07/1995,3
tblCulture.csv,tattoo,date,Z088,04/08/1999,3
tblCulture.csv,tattoo,date,Z088,04/10/1995,2
tblCulture.csv,tattoo,date,Z088,10/09/1997,3
tblCulture.csv,tattoo,date,Z088,15/02/1995,2
tblCulture.csv,tattoo,date,Z088,23/04/2000,5
tblCulture.csv,tattoo,date,Z088,23/08/1995,3
tblCulture.csv,tattoo,date,Z089,02/09/2003,3
tblCulture.csv,tattoo,date,Z089,02/10/1996,3
tblCulture.csv,tattoo,date,Z089,03/06/2003,3
tblCulture.csv,tattoo,date,Z089,04/02/2004,2
tblCulture.csv,tattoo,date,Z089,05/09/1995,3
tblCulture.csv,tattoo,date,Z089,06/07/2004,2
tblCulture.csv,tattoo,date,Z089,06/09/1994,2
tblCulture.csv,tattoo,date,Z089,07/08/2001,2
tblCulture.csv,tattoo,date,Z089,07/10/1997,3
tblCulture.csv,tattoo,date,Z089,08/07/1997,3
tblCulture.csv,tattoo,date,Z089,08/09/1998,3
tblCulture.csv,tattoo,date,Z089,09/12/1997,2
tblCulture.csv,tattoo,date,Z089,10/07/1996,3
tblCulture.csv,tattoo,date,Z089,12/08/1998,3
tblCulture.csv,tattoo,date,Z089,13/02/1996,3
tblCulture.csv,tattoo,date,Z089,15/11/1994,3
tblCulture.csv,tattoo,date,Z089,16/08/2005,3
tblCulture.csv,tattoo,date,Z089,16/10/1995,3
tblCulture.csv,tattoo,date,Z089,18/07/1995,2
tblCulture.csv,tattoo,date,Z089,19/09/2001,2
tblCulture.csv,tattoo,date,Z089,20/09/2000,2
tblCulture.csv,tattoo,date,Z089,21/06/2005,3
tblCulture.csv,tattoo,date,Z089,24/07/1996,3
tblCulture.csv,tattoo,date,Z090,01/10/1996,3
tblCulture.csv,tattoo,date,Z090,06/07/1999,3
tblCulture.csv,tattoo,date,Z090,07/09/1994,3
tblCulture.csv,tattoo,date,Z090,07/09/1999,3
tblCulture.csv,tattoo,date,Z090,08/07/1997,3
tblCulture.csv,tattoo,date,Z090,09/09/1998,2
tblCulture.csv,tattoo,date,Z090,09/11/1999,3
tblCulture.csv,tattoo,date,Z090,13/02/1996,2
tblCulture.csv,tattoo,date,Z090,17/10/1995,3
tblCulture.csv,tattoo,date,Z090,18/07/1995,3
tblCulture.csv,tattoo,date,Z090,23/07/1996,3
tblCulture.csv,tattoo,date,Z090,28/02/1995,3
tblCulture.csv,tattoo,date,Z091,05/10/1994,3
tblCulture.csv,tattoo,date,Z091,18/01/1995,3
tblCulture.csv,tattoo,date,Z092,01/07/1998,2
tblCulture.csv,tattoo,date,Z092,04/09/1996,3
tblCulture.csv,tattoo,date,Z092,04/09/2001,2
tblCulture.csv,tattoo,date,Z092,08/08/1995,3
tblCulture.csv,tattoo,date,Z092,17/08/1999,3
tblCulture.csv,tattoo,date,Z092,18/07/2000,2
tblCulture.csv,tattoo,date,Z092,18/10/1994,3
tblCulture.csv,tattoo,date,Z092,19/09/1995,3
tblCulture.csv,tattoo,date,Z092,20/05/1998,3
tblCulture.csv,tattoo,date,Z092,20/06/1995,2
tblCulture.csv,tattoo,date,Z092,20/07/1999,2
tblCulture.csv,tattoo,date,Z092,22/09/1999,3
tblCulture.csv,tattoo,date,Z092,31/01/1995,3
tblCulture.csv,tattoo,date,Z093,01/11/1994,3
tblCulture.csv,tattoo,date,Z093,01/11/2000,4
tblCulture.csv,tattoo,date,Z093,03/08/1999,4
tblCulture.csv,tattoo,date,Z093,03/10/1995,3
tblCulture.csv,tattoo,date,Z093,04/07/1995,3
tblCulture.csv,tattoo,date,Z093,09/01/1997,3
tblCulture.csv,tattoo,date,Z093,09/07/1996,3
tblCulture.csv,tattoo,date,Z093,09/09/1997,4
tblCulture.csv,tattoo,date,Z093,11/08/1998,3
tblCulture.csv,tattoo,date,Z093,14/02/1995,3
tblCulture.csv,tattoo,date,Z093,16/06/1998,3
tblCulture.csv,tattoo,date,Z093,17/09/1996,3
tblCulture.csv,tattoo,date,Z093,17/11/1998,3
tblCulture.csv,tattoo,date,Z093,18/06/2002,4
tblCulture.csv,tattoo,date,Z093,18/11/1997,5
tblCulture.csv,tattoo,date,Z093,20/06/2000,3
tblCulture.csv,tattoo,date,Z093,20/08/2002,4
tblCulture.csv,tattoo,date,Z093,21/08/2001,3
tblCulture.csv,tattoo,date,Z093,23/06/1999,3
tblCulture.csv,tattoo,date,Z093,23/08/2000,3
tblCulture.csv,tattoo,date,Z093,26/06/2001,3
tblCulture.csv,tattoo,date,Z093,27/10/1999,3
tblCulture.csv,tattoo,date,Z093,27/11/1996,2
tblCulture.csv,tattoo,date,Z093,31/01/1996,2
tblCulture.csv,tattoo,date,Z094,01/07/1998,2
tblCulture.csv,tattoo,date,Z094,02/10/1996,3
tblCulture.csv,tattoo,date,Z094,06/07/1999,3
tblCulture.csv,tattoo,date,Z094,06/09/1995,3
tblCulture.csv,tattoo,date,Z094,07/10/1997,3
tblCulture.csv,tattoo,date,Z094,08/09/1999,3
tblCulture.csv,tattoo,date,Z094,09/07/1997,3
tblCulture.csv,tattoo,date,Z094,09/09/1998,3
tblCulture.csv,tattoo,date,Z094,15/11/1994,3
tblCulture.csv,tattoo,date,Z094,18/07/1995,3
tblCulture.csv,tattoo,date,Z094,23/07/1996,3
tblCulture.csv,tattoo,date,Z094,28/02/1995,3
tblCulture.csv,tattoo,date,Z095,29/11/1994,3
tblCulture.csv,tattoo,date,Z096,29/11/1994,3
tblDPPTest.csv,BadgerID,CaptureDate,001A,20/05/2014,4
tblDPPTest.csv,BadgerID,CaptureDate,001H,21/01/2020,2
tblDPPTest.csv,BadgerID,CaptureDate,001K,03/06/2014,4
tblDPPTest.csv,BadgerID,CaptureDate,001L,10/09/2014,2
tblDPPTest.csv,BadgerID,CaptureDate,001M,09/01/2018,2
tblDPPTest.csv,BadgerID,CaptureDate,001P,24/06/2014,3
tblDPPTest.csv,BadgerID,CaptureDate,001V,27/01/2015,2
tblDPPTest.csv,BadgerID,CaptureDate,001Z,10/09/2019,2
tblDPPTest.csv,BadgerID,CaptureDate,001Z,13/08/2019,2
tblDPPTest.csv,BadgerID,CaptureDate,001Z,18/06/2019,2
tblDPPTest.csv,BadgerID,CaptureDate,001Z,19/11/2019,2
tblDPPTest.csv,BadgerID,CaptureDate,002A,05/11/2014,2
tblDPPTest.csv,BadgerID,CaptureDate,002A,10/12/2014,2
tblDPPTest.csv,BadgerID,CaptureDate,002A,12/08/2014,3
tblDPPTest.csv,BadgerID,CaptureDate,002A,20/05/2014,4
tblDPPTest.csv,BadgerID,CaptureDate,002A,23/09/2014,3
tblDPPTest.csv,BadgerID,CaptureDate,002A,26/06/2018,2
tblDPPTest.csv,BadgerID,CaptureDate,002E,12/08/2014,3
tblDPPTest.csv,BadgerID,CaptureDate,002H,21/01/2020,2
tblDPPTest.csv,BadgerID,CaptureDate,002K,04/11/2014,2
tblDPPTest.csv,BadgerID,CaptureDate,002K,27/01/2015,2
tblDPPTest.csv,BadgerID,CaptureDate,002M,30/01/2018,2
tblDPPTest.csv,BadgerID,CaptureDate,002T,02/10/2019,2
tblDPPTest.csv,BadgerID,CaptureDate,002T,11/07/2017,2
tblDPPTest.csv,BadgerID,CaptureDate,002V,04/09/2018,2
tblDPPTest.csv,BadgerID,CaptureDate,002V,13/06/2017,2
tblDPPTest.csv,BadgerID,CaptureDate,002V,16/07/2019,2
tblDPPTest.csv,BadgerID,CaptureDate,002V,21/05/2019,2
tblDPPTest.csv,BadgerID,CaptureDate,002V,21/08/2018,2
tblDPPTest.csv,BadgerID,CaptureDate,002V,23/05/2018,2
tblDPPTest.csv,BadgerID,CaptureDate,002V,23/10/2019,2
tblDPPTest.csv,BadgerID,CaptureDate,002V,27/01/2015,2
tblDPPTest.csv,BadgerID,CaptureDate,002V,31/10/2018,2
tblDPPTest.csv,BadgerID,CaptureDate,002Z,26/06/2019,2
tblDPPTest.csv,BadgerID,CaptureDate,003A,09/12/2014,3
tblDPPTest.csv,BadgerID,CaptureDate,003A,12/08/2014,3
tblDPPTest.csv,BadgerID,CaptureDate,003A,20/05/2014,3
tblDPPTest.csv,BadgerID,CaptureDate,003A,21/05/2019,2
tblDPPTest.csv,BadgerID,CaptureDate,003A,23/09/2014,3
tblDPPTest.csv,BadgerID,CaptureDate,003A,26/06/2018,2
tblDPPTest.csv,BadgerID,CaptureDate,003E,20/05/2014,3
tblDPPTest.csv,BadgerID,CaptureDate,003E,23/09/2014,3
tblDPPTest.csv,BadgerID,CaptureDate,003H,22/01/2020,2
tblDPPTest.csv,BadgerID,CaptureDate,003M,30/01/2018,2
tblDPPTest.csv,BadgerID,CaptureDate,003V,27/01/2015,2
tblDPPTest.csv,BadgerID,CaptureDate,003Z,13/08/2019,2
tblDPPTest.csv,BadgerID,CaptureDate,003Z,26/06/2019,2
tblDPPTest.csv,BadgerID,CaptureDate,004A,12/08/2014,3
tblDPPTest.csv,BadgerID,CaptureDate,004A,21/05/2014,3
tblDPPTest.csv,BadgerID,CaptureDate,004C,21/08/2018,2
tblDPPTest.csv,BadgerID,CaptureDate,004E,03/06/2014,4
tblDPPTest.csv,BadgerID,CaptureDate,004M,20/08/2019,2
tblDPPTest.csv,BadgerID,CaptureDate,004M,22/05/2018,2
tblDPPTest.csv,BadgerID,CaptureDate,004V,27/01/2015,2
tblDPPTest.csv,BadgerID,CaptureDate,004Z,02/10/2019,2
tblDPPTest.csv,BadgerID,CaptureDate,004Z,10/12/2019,2
tblDPPTest.csv,BadgerID,CaptureDate,004Z,13/08/2019,2
tblDPPTest.csv,BadgerID,CaptureDate,004Z,26/06/2019,2
tblDPPTest.csv,BadgerID,CaptureDate,005A,10/12/2014,2
tblDPPTest.csv,BadgerID,CaptureDate,005A,12/08/2014,3
tblDPPTest.csv,BadgerID,CaptureDate,005A,21/05/2014,3
tblDPPTest.csv,BadgerID,CaptureDate,005A,23/09/2014,2
tblDPPTest.csv,BadgerID,CaptureDate,005C,22/08/2018,2
tblDPPTest.csv,BadgerID,CaptureDate,005L,10/09/2014,2
tblDPPTest.csv,BadgerID,CaptureDate,005L,24/06/2014,3
tblDPPTest.csv,BadgerID,CaptureDate,005M,20/08/2019,2
tblDPPTest.csv,BadgerID,CaptureDate,005M,23/05/2018,2
tblDPPTest.csv,BadgerID,CaptureDate,005T,01/08/2017,2
tblDPPTest.csv,BadgerID,CaptureDate,005T,04/09/2018,2
tblDPPTest.csv,BadgerID,CaptureDate,005T,09/01/2018,2
tblDPPTest.csv,BadgerID,CaptureDate,005T,09/01/2019,2
tblDPPTest.csv,BadgerID,CaptureDate,005T,10/10/2017,2
tblDPPTest.csv,BadgerID,CaptureDate,005T,13/06/2017,2
tblDPPTest.csv,BadgerID,CaptureDate,005T,20/08/2019,2
tblDPPTest.csv,BadgerID,CaptureDate,005T,21/05/2019,2
tblDPPTest.csv,BadgerID,CaptureDate,005T,22/05/2018,2
tblDPPTest.csv,BadgerID,CaptureDate,005T,30/10/2018,2
tblDPPTest.csv,BadgerID,CaptureDate,005V,27/01/2015,2
tblDPPTest.csv,BadgerID,CaptureDate,005Z,02/10/2019,2
tblDPPTest.csv,BadgerID,CaptureDate,005Z,20/08/2019,2
tblDPPTest.csv,BadgerID,CaptureDate,005Z,26/06/2019,2
tblDPPTest.csv,BadgerID,CaptureDate,006A,01/08/2017,2
tblDPPTest.csv,BadgerID,CaptureDate,006A,12/08/2014,3
tblDPPTest.csv,BadgerID,CaptureDate,006A,21/05/2014,3
tblDPPTest.csv,BadgerID,CaptureDate,006C,11/12/2018,2
tblDPPTest.csv,BadgerID,CaptureDate,006C,14/11/2017,2
tblDPPTest.csv,BadgerID,CaptureDate,006C,21/08/2018,2
tblDPPTest.csv,BadgerID,CaptureDate,006E,03/06/2014,3
tblDPPTest.csv,BadgerID,CaptureDate,006E,20/08/2014,3
tblDPPTest.csv,BadgerID,CaptureDate,006L,21/05/2014,3
tblDPPTest.csv,BadgerID,CaptureDate,006M,04/09/2018,2
tblDPPTest.csv,BadgerID,CaptureDate,006M,05/06/2018,2
tblDPPTest.csv,BadgerID,CaptureDate,006M,10/09/2019,2
tblDPPTest.csv,BadgerID,CaptureDate,006M,25/09/2018,2
tblDPPTest.csv,BadgerID,CaptureDate,006T,01/08/2017,2
tblDPPTest.csv,BadgerID,CaptureDate,006T,04/09/2018,2
tblDPPTest.csv,BadgerID,CaptureDate,006T,09/01/2018,2
tblDPPTest.csv,BadgerID,CaptureDate,006T,10/10/2017,2
tblDPPTest.csv,BadgerID,CaptureDate,006T,13/06/2017,2
tblDPPTest.csv,BadgerID,CaptureDate,006T,22/05/2018,2
tblDPPTest.csv,BadgerID,CaptureDate,006V,28/01/2015,2
tblDPPTest.csv,BadgerID,CaptureDate,006Z,20/08/2019,2
tblDPPTest.csv,BadgerID,CaptureDate,006Z,26/06/2019,2
tblDPPTest.csv,BadgerID,CaptureDate,007A,13/08/2014,3
tblDPPTest.csv,BadgerID,CaptureDate,007A,21/05/2014,3
tblDPPTest.csv,BadgerID,CaptureDate,007C,11/07/2017,2
tblDPPTest.csv,BadgerID,CaptureDate,007C,15/11/2017,2
tblDPPTest.csv,BadgerID,CaptureDate,007F,20/08/2014,3
tblDPPTest.csv,BadgerID,CaptureDate,007M,04/09/2018,2
tblDPPTest.csv,BadgerID,CaptureDate,007M,05/06/2018,2
tblDPPTest.csv,BadgerID,CaptureDate,007M,13/08/2019,2
tblDPPTest.csv,BadgerID,CaptureDate,007M,18/06/2019,2
tblDPPTest.csv,BadgerID,CaptureDate,007M,25/09/2018,2
tblDPPTest.csv,BadgerID,CaptureDate,007M,27/11/2018,2
tblDPPTest.csv,BadgerID,CaptureDate,007T,01/08/2017,2
tblDPPTest.csv,BadgerID,CaptureDate,007T,14/06/2017,2
tblDPPTest.csv,BadgerID,CaptureDate,007T,22/05/2018,2
tblDPPTest.csv,BadgerID,CaptureDate,007Z,13/08/2019,2
tblDPPTest.csv,BadgerID,CaptureDate,007Z,26/06/2019,2
tblDPPTest.csv,BadgerID,CaptureDate,008A,03/06/2014,3
tblDPPTest.csv,BadgerID,CaptureDate,008A,19/08/2014,3
tblDPPTest.csv,BadgerID,CaptureDate,008A,20/01/2015,3
tblDPPTest.csv,BadgerID,CaptureDate,008A,22/10/2014,3
tblDPPTest.csv,BadgerID,CaptureDate,008M,04/09/2018,2
tblDPPTest.csv,BadgerID,CaptureDate,008M,05/06/2018,2
tblDPPTest.csv,BadgerID,CaptureDate,008M,13/08/2019,2
tblDPPTest.csv,BadgerID,CaptureDate,008M,18/06/2019,2
tblDPPTest.csv,BadgerID,CaptureDate,008M,25/09/2018,2
tblDPPTest.csv,BadgerID,CaptureDate,008M,27/11/2018,2
tblDPPTest.csv,BadgerID,CaptureDate,008T,15/08/2017,2
tblDPPTest.csv,BadgerID,CaptureDate,008T,27/06/2017,2
tblDPPTest.csv,BadgerID,CaptureDate,008Z,13/08/2019,2
tblDPPTest.csv,BadgerID,CaptureDate,008Z,26/06/2019,2
tblDPPTest.csv,BadgerID,CaptureDate,009A,03/06/2014,3
tblDPPTest.csv,BadgerID,CaptureDate,009A,19/08/2014,3
tblDPPTest.csv,BadgerID,CaptureDate,009M,04/09/2018,2
tblDPPTest.csv,BadgerID,CaptureDate,009M,05/06/2018,2
tblDPPTest.csv,BadgerID,CaptureDate,009M,18/06/2019,2
tblDPPTest.csv,BadgerID,CaptureDate,009M,25/09/2018,2
tblDPPTest.csv,BadgerID,CaptureDate,009M,27/11/2018,2
tblDPPTest.csv,BadgerID,CaptureDate,009P,04/06/2014,3
tblDPPTest.csv,BadgerID,CaptureDate,009P,19/08/2014,3
tblDPPTest.csv,BadgerID,CaptureDate,009P,21/10/2014,2
tblDPPTest.csv,BadgerID,CaptureDate,009T,27/06/2017,2
tblDPPTest.csv,BadgerID,CaptureDate,009Z,02/10/2019,2
tblDPPTest.csv,BadgerID,CaptureDate,009Z,10/12/2019,2
tblDPPTest.csv,BadgerID,CaptureDate,009Z,13/08/2019,2
tblDPPTest.csv,BadgerID,CaptureDate,009Z,26/06/2019,2
tblDPPTest.csv,BadgerID,CaptureDate,010A,03/06/2014,3
tblDPPTest.csv,BadgerID,CaptureDate,010A,19/08/2014,3
tblDPPTest.csv,BadgerID,CaptureDate,010E,03/06/2014,4
tblDPPTest.csv,BadgerID,CaptureDate,010E,19/08/2014,4
tblDPPTest.csv,BadgerID,CaptureDate,010E,21/10/2014,2
tblDPPTest.csv,BadgerID,CaptureDate,010F,27/06/2018,2
tblDPPTest.csv,BadgerID,CaptureDate,010M,05/06/2018,2
tblDPPTest.csv,BadgerID,CaptureDate,010M,27/11/2018,2
tblDPPTest.csv,BadgerID,CaptureDate,010P,03/06/2014,3
tblDPPTest.csv,BadgerID,CaptureDate,010P,20/08/2014,3
tblDPPTest.csv,BadgerID,CaptureDate,010T,15/08/2017,2
tblDPPTest.csv,BadgerID,CaptureDate,010T,27/06/2017,2
tblDPPTest.csv,BadgerID,CaptureDate,010Z,02/10/2019,2
tblDPPTest.csv,BadgerID,CaptureDate,010Z,14/08/2019,2
tblDPPTest.csv,BadgerID,CaptureDate,011A,03/06/2014,3
tblDPPTest.csv,BadgerID,CaptureDate,011A,19/08/2014,3
tblDPPTest.csv,BadgerID,CaptureDate,011A,20/01/2015,2
tblDPPTest.csv,BadgerID,CaptureDate,011A,21/10/2014,2
tblDPPTest.csv,BadgerID,CaptureDate,011M,05/06/2018,2
tblDPPTest.csv,BadgerID,CaptureDate,011M,11/09/2019,2
tblDPPTest.csv,BadgerID,CaptureDate,011M,21/08/2018,2
tblDPPTest.csv,BadgerID,CaptureDate,011T,27/06/2017,2
tblDPPTest.csv,BadgerID,CaptureDate,011T,31/10/2017,2
tblDPPTest.csv,BadgerID,CaptureDate,011Z,16/07/2019,2
tblDPPTest.csv,BadgerID,CaptureDate,012A,04/06/2014,3
tblDPPTest.csv,BadgerID,CaptureDate,012A,19/08/2014,4
tblDPPTest.csv,BadgerID,CaptureDate,012A,22/10/2014,2
tblDPPTest.csv,BadgerID,CaptureDate,012C,01/08/2017,2
tblDPPTest.csv,BadgerID,CaptureDate,012C,10/10/2017,2
tblDPPTest.csv,BadgerID,CaptureDate,012C,13/06/2017,2
tblDPPTest.csv,BadgerID,CaptureDate,012E,01/08/2017,2
tblDPPTest.csv,BadgerID,CaptureDate,012E,12/08/2014,3
tblDPPTest.csv,BadgerID,CaptureDate,012E,21/05/2014,4
tblDPPTest.csv,BadgerID,CaptureDate,012E,21/05/2019,2
tblDPPTest.csv,BadgerID,CaptureDate,012E,22/05/2018,2
tblDPPTest.csv,BadgerID,CaptureDate,012E,24/09/2014,2
tblDPPTest.csv,BadgerID,CaptureDate,012L,13/08/2014,3
tblDPPTest.csv,BadgerID,CaptureDate,012M,04/09/2018,2
tblDPPTest.csv,BadgerID,CaptureDate,012M,05/06/2018,2
tblDPPTest.csv,BadgerID,CaptureDate,012M,10/09/2019,2
tblDPPTest.csv,BadgerID,CaptureDate,012M,25/09/2018,2
tblDPPTest.csv,BadgerID,CaptureDate,012T,15/08/2017,2
tblDPPTest.csv,BadgerID,CaptureDate,012T,27/06/2017,2
tblDPPTest.csv,BadgerID,CaptureDate,012Z,16/07/2019,2
tblDPPTest.csv,BadgerID,CaptureDate,013A,04/06/2014,3
tblDPPTest.csv,BadgerID,CaptureDate,013A,19/08/2014,3
tblDPPTest.csv,BadgerID,CaptureDate,013E,03/06/2014,4
tblDPPTest.csv,BadgerID,CaptureDate,013E,19/08/2014,3
tblDPPTest.csv,BadgerID,CaptureDate,013E,22/10/2014,3
tblDPPTest.csv,BadgerID,CaptureDate,013M,04/09/2018,2
tblDPPTest.csv,BadgerID,CaptureDate,013M,05/06/2018,2
tblDPPTest.csv,BadgerID,CaptureDate,013M,10/09/2019,2
tblDPPTest.csv,BadgerID,CaptureDate,013M,13/08/2019,2
tblDPPTest.csv,BadgerID,CaptureDate,013M,18/06/2019,2
tblDPPTest.csv,BadgerID,CaptureDate,013M,20/11/2019,2
tblDPPTest.csv,BadgerID,CaptureDate,013M,25/09/2018,2
tblDPPTest.csv,BadgerID,CaptureDate,013M,27/11/2018,2
tblDPPTest.csv,BadgerID,CaptureDate,013T,27/06/2017,2
tblDPPTest.csv,BadgerID,CaptureDate,013Z,16/07/2019,2
tblDPPTest.csv,BadgerID,CaptureDate,013Z,22/01/2020,2
tblDPPTest.csv,BadgerID,CaptureDate,014A,24/06/2014,3
tblDPPTest.csv,BadgerID,CaptureDate,014A,27/01/2015,2
tblDPPTest.csv,BadgerID,CaptureDate,014M,02/10/2019,2
tblDPPTest.csv,BadgerID,CaptureDate,014M,04/09/2018,2
tblDPPTest.csv,BadgerID,CaptureDate,014M,06/06/2018,2
tblDPPTest.csv,BadgerID,CaptureDate,014M,10/09/2019,2
tblDPPTest.csv,BadgerID,CaptureDate,014M,13/08/2019,2
tblDPPTest.csv,BadgerID,CaptureDate,014M,18/06/2019,2
tblDPPTest.csv,BadgerID,CaptureDate,014M,25/09/2018,2
tblDPPTest.csv,BadgerID,CaptureDate,014M,27/11/2018,2
tblDPPTest.csv,BadgerID,CaptureDate,014T,27/06/2017,2
tblDPPTest.csv,BadgerID,CaptureDate,014Z,16/07/2019,2
tblDPPTest.csv,BadgerID,CaptureDate,014Z,22/01/2020,2
tblDPPTest.csv,BadgerID,CaptureDate,014Z,22/10/2019,2
tblDPPTest.csv,BadgerID,CaptureDate,015A,04/11/2014,2
tblDPPTest.csv,BadgerID,CaptureDate,015A,24/06/2014,3
tblDPPTest.csv,BadgerID,CaptureDate,015C,05/06/2018,2
tblDPPTest.csv,BadgerID,CaptureDate,015C,13/08/2019,2
tblDPPTest.csv,BadgerID,CaptureDate,015C,15/08/2017,2
tblDPPTest.csv,BadgerID,CaptureDate,015C,16/01/2018,2
tblDPPTest.csv,BadgerID,CaptureDate,015C,21/08/2018,2
tblDPPTest.csv,BadgerID,CaptureDate,015C,25/09/2018,2
tblDPPTest.csv,BadgerID,CaptureDate,015C,27/06/2017,2
tblDPPTest.csv,BadgerID,CaptureDate,015C,27/11/2018,2
tblDPPTest.csv,BadgerID,CaptureDate,015C,31/10/2017,2
tblDPPTest.csv,BadgerID,CaptureDate,015E,20/05/2014,3
tblDPPTest.csv,BadgerID,CaptureDate,015M,06/06/2018,2
tblDPPTest.csv,BadgerID,CaptureDate,015M,18/06/2019,2
tblDPPTest.csv,BadgerID,CaptureDate,015M,21/08/2018,2
tblDPPTest.csv,BadgerID,CaptureDate,015M,25/09/2018,2
tblDPPTest.csv,BadgerID,CaptureDate,015M,27/11/2018,2
tblDPPTest.csv,BadgerID,CaptureDate,015P,03/06/2014,3
tblDPPTest.csv,BadgerID,CaptureDate,015P,19/08/2014,4
tblDPPTest.csv,BadgerID,CaptureDate,015P,22/10/2014,3
tblDPPTest.csv,BadgerID,CaptureDate,015T,01/11/2017,2
tblDPPTest.csv,BadgerID,CaptureDate,015T,04/09/2018,2
tblDPPTest.csv,BadgerID,CaptureDate,015T,05/06/2018,2
tblDPPTest.csv,BadgerID,CaptureDate,015T,13/08/2019,2
tblDPPTest.csv,BadgerID,CaptureDate,015T,27/06/2017,2
tblDPPTest.csv,BadgerID,CaptureDate,015V,04/09/2018,2
tblDPPTest.csv,BadgerID,CaptureDate,015V,05/06/2018,2
tblDPPTest.csv,BadgerID,CaptureDate,015V,15/08/2017,2
tblDPPTest.csv,BadgerID,CaptureDate,015V,25/09/2018,2
tblDPPTest.csv,BadgerID,CaptureDate,015V,27/06/2017,2
tblDPPTest.csv,BadgerID,CaptureDate,015Z,20/08/2019,2
tblDPPTest.csv,BadgerID,CaptureDate,015Z,23/10/2019,2
tblDPPTest.csv,BadgerID,CaptureDate,016A,04/11/2014,2
tblDPPTest.csv,BadgerID,CaptureDate,016A,24/06/2014,3
tblDPPTest.csv,BadgerID,CaptureDate,016C,04/09/2018,2
tblDPPTest.csv,BadgerID,CaptureDate,016C,05/06/2018,2
tblDPPTest.csv,BadgerID,CaptureDate,016C,27/06/2017,2
tblDPPTest.csv,BadgerID,CaptureDate,016E,05/06/2018,2
tblDPPTest.csv,BadgerID,CaptureDate,016M,06/06/2018,2
tblDPPTest.csv,BadgerID,CaptureDate,016M,10/09/2019,2
tblDPPTest.csv,BadgerID,CaptureDate,016M,19/11/2019,2
tblDPPTest.csv,BadgerID,CaptureDate,016M,21/08/2018,2
tblDPPTest.csv,BadgerID,CaptureDate,016M,25/09/2018,2
tblDPPTest.csv,BadgerID,CaptureDate,016P,13/08/2014,3
tblDPPTest.csv,BadgerID,CaptureDate,016T,27/06/2017,2
tblDPPTest.csv,BadgerID,CaptureDate,016V,04/09/2018,2
tblDPPTest.csv,BadgerID,CaptureDate,016V,06/06/2018,2
tblDPPTest.csv,BadgerID,CaptureDate,016V,10/09/2019,2
tblDPPTest.csv,BadgerID,CaptureDate,016V,13/08/2019,2
tblDPPTest.csv,BadgerID,CaptureDate,016V,18/06/2019,2
tblDPPTest.csv,BadgerID,CaptureDate,016V,25/09/2018,2
tblDPPTest.csv,BadgerID,CaptureDate,016V,27/06/2017,2
tblDPPTest.csv,BadgerID,CaptureDate,016V,31/10/2017,2
tblDPPTest.csv,BadgerID,CaptureDate,016Z,16/07/2019,2
tblDPPTest.csv,BadgerID,CaptureDate,017A,04/11/2014,2
tblDPPTest.csv,BadgerID,CaptureDate,017A,09/09/2014,4
tblDPPTest.csv,BadgerID,CaptureDate,017A,22/08/2018,2
tblDPPTest.csv,BadgerID,CaptureDate,017A,24/06/2014,3
tblDPPTest.csv,BadgerID,CaptureDate,017A,26/06/2018,2
tblDPPTest.csv,BadgerID,CaptureDate,017A,27/01/2015,2
tblDPPTest.csv,BadgerID,CaptureDate,017M,06/06/2018,2
tblDPPTest.csv,BadgerID,CaptureDate,017M,11/09/2019,2
tblDPPTest.csv,BadgerID,CaptureDate,017M,18/06/2019,2
tblDPPTest.csv,BadgerID,CaptureDate,017M,21/08/2018,2
tblDPPTest.csv,BadgerID,CaptureDate,017M,25/09/2018,2
tblDPPTest.csv,BadgerID,CaptureDate,017T,27/06/2017,2
tblDPPTest.csv,BadgerID,CaptureDate,017V,05/06/2018,2
tblDPPTest.csv,BadgerID,CaptureDate,017V,27/06/2017,2
tblDPPTest.csv,BadgerID,CaptureDate,017Z,17/07/2019,2
tblDPPTest.csv,BadgerID,CaptureDate,017Z,20/08/2019,2
tblDPPTest.csv,BadgerID,CaptureDate,017Z,21/01/2020,2
tblDPPTest.csv,BadgerID,CaptureDate,017Z,22/10/2019,2
tblDPPTest.csv,BadgerID,CaptureDate,018A,04/11/2014,2
tblDPPTest.csv,BadgerID,CaptureDate,018A,17/10/2018,2
tblDPPTest.csv,BadgerID,CaptureDate,018A,24/06/2014,3
tblDPPTest.csv,BadgerID,CaptureDate,018M,17/10/2018,2
tblDPPTest.csv,BadgerID,CaptureDate,018M,21/08/2018,2
tblDPPTest.csv,BadgerID,CaptureDate,018M,21/08/2019,2
tblDPPTest.csv,BadgerID,CaptureDate,018M,26/06/2018,2
tblDPPTest.csv,BadgerID,CaptureDate,018T,27/06/2017,2
tblDPPTest.csv,BadgerID,CaptureDate,018Z,17/07/2019,2
tblDPPTest.csv,BadgerID,CaptureDate,018Z,23/10/2019,2
tblDPPTest.csv,BadgerID,CaptureDate,019A,05/11/2014,2
tblDPPTest.csv,BadgerID,CaptureDate,019A,09/09/2014,4
tblDPPTest.csv,BadgerID,CaptureDate,019A,13/08/2019,2
tblDPPTest.csv,BadgerID,CaptureDate,019A,21/08/2018,2
tblDPPTest.csv,BadgerID,CaptureDate,019A,24/06/2014,3
tblDPPTest.csv,BadgerID,CaptureDate,019A,27/01/2015,2
tblDPPTest.csv,BadgerID,CaptureDate,019A,30/01/2018,2
tblDPPTest.csv,BadgerID,CaptureDate,019C,27/06/2017,2
tblDPPTest.csv,BadgerID,CaptureDate,019E,24/06/2014,3
tblDPPTest.csv,BadgerID,CaptureDate,019E,26/06/2018,2
tblDPPTest.csv,BadgerID,CaptureDate,019L,19/08/2014,3
tblDPPTest.csv,BadgerID,CaptureDate,019M,12/12/2018,2
tblDPPTest.csv,BadgerID,CaptureDate,019M,16/10/2018,2
tblDPPTest.csv,BadgerID,CaptureDate,019M,21/08/2018,2
tblDPPTest.csv,BadgerID,CaptureDate,019M,21/08/2019,2
tblDPPTest.csv,BadgerID,CaptureDate,019M,26/06/2018,2
tblDPPTest.csv,BadgerID,CaptureDate,019M,26/06/2019,2
tblDPPTest.csv,BadgerID,CaptureDate,019P,19/08/2014,3
tblDPPTest.csv,BadgerID,CaptureDate,019T,11/07/2017,2
tblDPPTest.csv,BadgerID,CaptureDate,019T,27/06/2018,2
tblDPPTest.csv,BadgerID,CaptureDate,019Z,13/08/2019,2
tblDPPTest.csv,BadgerID,CaptureDate,020A,04/11/2014,2
tblDPPTest.csv,BadgerID,CaptureDate,020A,09/09/2014,3
tblDPPTest.csv,BadgerID,CaptureDate,020A,24/06/2014,3
tblDPPTest.csv,BadgerID,CaptureDate,020A,27/01/2015,2
tblDPPTest.csv,BadgerID,CaptureDate,020C,04/09/2018,2
tblDPPTest.csv,BadgerID,CaptureDate,020C,05/06/2018,2
tblDPPTest.csv,BadgerID,CaptureDate,020C,25/09/2018,2
tblDPPTest.csv,BadgerID,CaptureDate,020C,27/06/2017,2
tblDPPTest.csv,BadgerID,CaptureDate,020E,10/09/2014,3
tblDPPTest.csv,BadgerID,CaptureDate,020E,24/06/2014,3
tblDPPTest.csv,BadgerID,CaptureDate,020L,10/09/2019,2
tblDPPTest.csv,BadgerID,CaptureDate,020L,18/06/2019,2
tblDPPTest.csv,BadgerID,CaptureDate,020L,20/08/2014,3
tblDPPTest.csv,BadgerID,CaptureDate,020L,22/10/2014,2
tblDPPTest.csv,BadgerID,CaptureDate,020L,27/06/2017,2
tblDPPTest.csv,BadgerID,CaptureDate,020M,11/12/2018,2
tblDPPTest.csv,BadgerID,CaptureDate,020M,16/07/2019,2
tblDPPTest.csv,BadgerID,CaptureDate,020M,21/05/2019,2
tblDPPTest.csv,BadgerID,CaptureDate,020M,26/06/2018,2
tblDPPTest.csv,BadgerID,CaptureDate,020M,30/10/2018,2
tblDPPTest.csv,BadgerID,CaptureDate,020T,02/08/2017,2
tblDPPTest.csv,BadgerID,CaptureDate,020T,09/01/2018,2
tblDPPTest.csv,BadgerID,CaptureDate,020T,10/10/2017,2
tblDPPTest.csv,BadgerID,CaptureDate,020T,11/07/2017,2
tblDPPTest.csv,BadgerID,CaptureDate,020T,15/11/2017,2
tblDPPTest.csv,BadgerID,CaptureDate,020T,16/07/2019,2
tblDPPTest.csv,BadgerID,CaptureDate,020T,21/01/2020,2
tblDPPTest.csv,BadgerID,CaptureDate,020T,21/05/2019,2
tblDPPTest.csv,BadgerID,CaptureDate,020T,21/08/2018,2
tblDPPTest.csv,BadgerID,CaptureDate,020T,23/05/2018,2
tblDPPTest.csv,BadgerID,CaptureDate,020T,23/10/2019,2
tblDPPTest.csv,BadgerID,CaptureDate,020T,26/06/2018,2
tblDPPTest.csv,BadgerID,CaptureDate,020T,30/01/2018,2
tblDPPTest.csv,BadgerID,CaptureDate,020T,30/10/2018,2
tblDPPTest.csv,BadgerID,CaptureDate,020Z,02/10/2019,2
tblDPPTest.csv,BadgerID,CaptureDate,020Z,10/12/2019,2
tblDPPTest.csv,BadgerID,CaptureDate,020Z,13/08/2019,2
tblDPPTest.csv,BadgerID,CaptureDate,021A,09/09/2014,3
tblDPPTest.csv,BadgerID,CaptureDate,021A,24/06/2014,3
tblDPPTest.csv,BadgerID,CaptureDate,021C,01/08/2017,2
tblDPPTest.csv,BadgerID,CaptureDate,021C,04/09/2018,2
tblDPPTest.csv,BadgerID,CaptureDate,021C,10/10/2017,2
tblDPPTest.csv,BadgerID,CaptureDate,021C,11/07/2017,2
tblDPPTest.csv,BadgerID,CaptureDate,021C,13/06/2017,2
tblDPPTest.csv,BadgerID,CaptureDate,021C,14/11/2017,2
tblDPPTest.csv,BadgerID,CaptureDate,021C,16/07/2019,2
tblDPPTest.csv,BadgerID,CaptureDate,021C,17/10/2018,2
tblDPPTest.csv,BadgerID,CaptureDate,021C,21/05/2019,2
tblDPPTest.csv,BadgerID,CaptureDate,021C,22/05/2018,2
tblDPPTest.csv,BadgerID,CaptureDate,021E,10/09/2014,3
tblDPPTest.csv,BadgerID,CaptureDate,021E,24/06/2014,3
tblDPPTest.csv,BadgerID,CaptureDate,021E,27/01/2015,2
tblDPPTest.csv,BadgerID,CaptureDate,021L,01/11/2017,2
tblDPPTest.csv,BadgerID,CaptureDate,021L,16/01/2018,2
tblDPPTest.csv,BadgerID,CaptureDate,021L,19/08/2014,3
tblDPPTest.csv,BadgerID,CaptureDate,021L,27/06/2017,2
tblDPPTest.csv,BadgerID,CaptureDate,021M,21/08/2018,2
tblDPPTest.csv,BadgerID,CaptureDate,021M,26/06/2018,2
tblDPPTest.csv,BadgerID,CaptureDate,021T,04/09/2018,2
tblDPPTest.csv,BadgerID,CaptureDate,021T,11/07/2017,2
tblDPPTest.csv,BadgerID,CaptureDate,021T,11/12/2018,2
tblDPPTest.csv,BadgerID,CaptureDate,021T,14/11/2017,2
tblDPPTest.csv,BadgerID,CaptureDate,021T,16/07/2019,2
tblDPPTest.csv,BadgerID,CaptureDate,021T,17/10/2018,2
tblDPPTest.csv,BadgerID,CaptureDate,021T,20/08/2019,2
tblDPPTest.csv,BadgerID,CaptureDate,021T,21/05/2019,2
tblDPPTest.csv,BadgerID,CaptureDate,021T,21/08/2018,2
tblDPPTest.csv,BadgerID,CaptureDate,021T,23/05/2018,2
tblDPPTest.csv,BadgerID,CaptureDate,021T,23/10/2019,2
tblDPPTest.csv,BadgerID,CaptureDate,021T,26/06/2018,2
tblDPPTest.csv,BadgerID,CaptureDate,021T,30/01/2018,2
tblDPPTest.csv,BadgerID,CaptureDate,021T,30/10/2018,2
tblDPPTest.csv,BadgerID,CaptureDate,021V,11/07/2017,2
tblDPPTest.csv,BadgerID,CaptureDate,021V,27/06/2017,2
tblDPPTest.csv,BadgerID,CaptureDate,021V,27/06/2018,2
tblDPPTest.csv,BadgerID,CaptureDate,021Z,02/10/2019,2
tblDPPTest.csv,BadgerID,CaptureDate,021Z,13/08/2019,2
tblDPPTest.csv,BadgerID,CaptureDate,022A,09/09/2014,4
tblDPPTest.csv,BadgerID,CaptureDate,022A,24/06/2014,3
tblDPPTest.csv,BadgerID,CaptureDate,022A,27/01/2015,2
tblDPPTest.csv,BadgerID,CaptureDate,022C,11/07/2017,2
tblDPPTest.csv,BadgerID,CaptureDate,022C,17/10/2018,2
tblDPPTest.csv,BadgerID,CaptureDate,022E,04/11/2014,2
tblDPPTest.csv,BadgerID,CaptureDate,022E,24/06/2014,3
tblDPPTest.csv,BadgerID,CaptureDate,022E,27/01/2015,2
tblDPPTest.csv,BadgerID,CaptureDate,022M,26/06/2018,2
tblDPPTest.csv,BadgerID,CaptureDate,022T,11/07/2017,2
tblDPPTest.csv,BadgerID,CaptureDate,022T,15/11/2017,2
tblDPPTest.csv,BadgerID,CaptureDate,022Z,10/09/2019,2
tblDPPTest.csv,BadgerID,CaptureDate,022Z,13/08/2019,2
tblDPPTest.csv,BadgerID,CaptureDate,022Z,19/11/2019,2
tblDPPTest.csv,BadgerID,CaptureDate,023A,24/06/2014,3
tblDPPTest.csv,BadgerID,CaptureDate,023A,27/01/2015,2
tblDPPTest.csv,BadgerID,CaptureDate,023C,10/10/2017,2
tblDPPTest.csv,BadgerID,CaptureDate,023C,11/07/2017,2
tblDPPTest.csv,BadgerID,CaptureDate,023M,11/12/2018,2
tblDPPTest.csv,BadgerID,CaptureDate,023M,16/07/2019,2
tblDPPTest.csv,BadgerID,CaptureDate,023M,16/10/2018,2
tblDPPTest.csv,BadgerID,CaptureDate,023M,20/08/2019,2
tblDPPTest.csv,BadgerID,CaptureDate,023M,21/05/2019,2
tblDPPTest.csv,BadgerID,CaptureDate,023M,21/08/2018,2
tblDPPTest.csv,BadgerID,CaptureDate,023M,22/10/2019,2
tblDPPTest.csv,BadgerID,CaptureDate,023M,26/06/2018,2
tblDPPTest.csv,BadgerID,CaptureDate,023M,30/10/2018,2
tblDPPTest.csv,BadgerID,CaptureDate,023N,20/05/2014,3
tblDPPTest.csv,BadgerID,CaptureDate,023T,11/07/2017,2
tblDPPTest.csv,BadgerID,CaptureDate,023T,22/08/2018,2
tblDPPTest.csv,BadgerID,CaptureDate,023T,27/06/2018,2
tblDPPTest.csv,BadgerID,CaptureDate,023Z,11/09/2019,2
tblDPPTest.csv,BadgerID,CaptureDate,023Z,13/08/2019,2
tblDPPTest.csv,BadgerID,CaptureDate,023Z,19/11/2019,2
tblDPPTest.csv,BadgerID,CaptureDate,024A,09/09/2014,3
tblDPPTest.csv,BadgerID,CaptureDate,024A,25/06/2014,3
tblDPPTest.csv,BadgerID,CaptureDate,024B,24/06/2014,3
tblDPPTest.csv,BadgerID,CaptureDate,024C,11/07/2017,2
tblDPPTest.csv,BadgerID,CaptureDate,024C,15/11/2017,2
tblDPPTest.csv,BadgerID,CaptureDate,024C,30/01/2018,2
tblDPPTest.csv,BadgerID,CaptureDate,024M,04/09/2018,2
tblDPPTest.csv,BadgerID,CaptureDate,024M,11/12/2018,2
tblDPPTest.csv,BadgerID,CaptureDate,024M,16/07/2019,2
tblDPPTest.csv,BadgerID,CaptureDate,024M,21/05/2019,2
tblDPPTest.csv,BadgerID,CaptureDate,024M,26/06/2018,2
tblDPPTest.csv,BadgerID,CaptureDate,024M,30/10/2018,2
tblDPPTest.csv,BadgerID,CaptureDate,024T,01/08/2017,2
tblDPPTest.csv,BadgerID,CaptureDate,024T,04/09/2018,2
tblDPPTest.csv,BadgerID,CaptureDate,024T,08/01/2019,2
tblDPPTest.csv,BadgerID,CaptureDate,024T,09/01/2018,2
tblDPPTest.csv,BadgerID,CaptureDate,024T,16/07/2019,2
tblDPPTest.csv,BadgerID,CaptureDate,024T,22/05/2019,2
tblDPPTest.csv,BadgerID,CaptureDate,024T,30/10/2018,2
tblDPPTest.csv,BadgerID,CaptureDate,024V,27/06/2017,2
tblDPPTest.csv,BadgerID,CaptureDate,024Y,14/08/2014,3
tblDPPTest.csv,BadgerID,CaptureDate,024Z,02/10/2019,2
tblDPPTest.csv,BadgerID,CaptureDate,024Z,10/12/2019,2
tblDPPTest.csv,BadgerID,CaptureDate,024Z,13/08/2019,2
tblDPPTest.csv,BadgerID,CaptureDate,025A,04/11/2014,2
tblDPPTest.csv,BadgerID,CaptureDate,025A,09/09/2014,3
tblDPPTest.csv,BadgerID,CaptureDate,025A,25/06/2014,3
tblDPPTest.csv,BadgerID,CaptureDate,025A,27/01/2015,2
tblDPPTest.csv,BadgerID,CaptureDate,025E,12/08/2014,3
tblDPPTest.csv,BadgerID,CaptureDate,025E,14/06/2017,2
tblDPPTest.csv,BadgerID,CaptureDate,025E,17/07/2019,2
tblDPPTest.csv,BadgerID,CaptureDate,025E,20/05/2014,4
tblDPPTest.csv,BadgerID,CaptureDate,025M,16/10/2018,2
tblDPPTest.csv,BadgerID,CaptureDate,025M,26/06/2018,2
tblDPPTest.csv,BadgerID,CaptureDate,025T,01/08/2017,2
tblDPPTest.csv,BadgerID,CaptureDate,025T,09/01/2018,2
tblDPPTest.csv,BadgerID,CaptureDate,025Z,02/10/2019,2
tblDPPTest.csv,BadgerID,CaptureDate,025Z,10/12/2019,2
tblDPPTest.csv,BadgerID,CaptureDate,025Z,13/08/2019,2
tblDPPTest.csv,BadgerID,CaptureDate,026A,04/11/2014,2
tblDPPTest.csv,BadgerID,CaptureDate,026A,11/07/2017,2
tblDPPTest.csv,BadgerID,CaptureDate,026A,25/06/2014,3
tblDPPTest.csv,BadgerID,CaptureDate,026A,27/01/2015,2
tblDPPTest.csv,BadgerID,CaptureDate,026C,01/08/2017,2
tblDPPTest.csv,BadgerID,CaptureDate,026C,04/09/2018,2
tblDPPTest.csv,BadgerID,CaptureDate,026C,10/10/2017,2
tblDPPTest.csv,BadgerID,CaptureDate,026C,14/06/2017,2
tblDPPTest.csv,BadgerID,CaptureDate,026C,22/05/2018,2
tblDPPTest.csv,BadgerID,CaptureDate,026C,30/10/2018,2
tblDPPTest.csv,BadgerID,CaptureDate,026E,09/09/2014,3
tblDPPTest.csv,BadgerID,CaptureDate,026E,24/06/2014,3
tblDPPTest.csv,BadgerID,CaptureDate,026E,27/01/2015,2
tblDPPTest.csv,BadgerID,CaptureDate,026M,13/08/2019,2
tblDPPTest.csv,BadgerID,CaptureDate,026M,16/10/2018,2
tblDPPTest.csv,BadgerID,CaptureDate,026M,26/06/2018,2
tblDPPTest.csv,BadgerID,CaptureDate,026T,01/08/2017,2
tblDPPTest.csv,BadgerID,CaptureDate,026T,04/09/2018,2
tblDPPTest.csv,BadgerID,CaptureDate,026T,10/01/2018,2
tblDPPTest.csv,BadgerID,CaptureDate,026T,10/10/2017,2
tblDPPTest.csv,BadgerID,CaptureDate,026T,22/05/2018,2
tblDPPTest.csv,BadgerID,CaptureDate,026T,30/10/2018,2
tblDPPTest.csv,BadgerID,CaptureDate,026Z,02/10/2019,2
tblDPPTest.csv,BadgerID,CaptureDate,026Z,13/08/2019,2
tblDPPTest.csv,BadgerID,CaptureDate,027A,04/11/2014,2
tblDPPTest.csv,BadgerID,CaptureDate,027A,09/09/2014,3
tblDPPTest.csv,BadgerID,CaptureDate,027A,25/06/2014,3
tblDPPTest.csv,BadgerID,CaptureDate,027A,27/01/2015,2
tblDPPTest.csv,BadgerID,CaptureDate,027E,09/09/2014,3
tblDPPTest.csv,BadgerID,CaptureDate,027E,24/06/2014,3
tblDPPTest.csv,BadgerID,CaptureDate,027M,14/08/2019,2
tblDPPTest.csv,BadgerID,CaptureDate,027M,16/10/2018,2
tblDPPTest.csv,BadgerID,CaptureDate,027M,21/08/2018,2
tblDPPTest.csv,BadgerID,CaptureDate,027M,26/06/2018,2
tblDPPTest.csv,BadgerID,CaptureDate,027M,26/06/2019,2
tblDPPTest.csv,BadgerID,CaptureDate,027T,06/06/2018,2
tblDPPTest.csv,BadgerID,CaptureDate,027T,10/09/2019,2
tblDPPTest.csv,BadgerID,CaptureDate,027T,14/08/2019,2
tblDPPTest.csv,BadgerID,CaptureDate,027T,15/08/2017,2
tblDPPTest.csv,BadgerID,CaptureDate,027T,16/01/2018,2
tblDPPTest.csv,BadgerID,CaptureDate,027T,17/10/2018,2
tblDPPTest.csv,BadgerID,CaptureDate,027T,21/08/2018,2
tblDPPTest.csv,BadgerID,CaptureDate,027T,25/09/2018,2
tblDPPTest.csv,BadgerID,CaptureDate,027T,27/11/2018,2
tblDPPTest.csv,BadgerID,CaptureDate,027T,31/10/2017,2
tblDPPTest.csv,BadgerID,CaptureDate,027Z,13/08/2019,2
tblDPPTest.csv,BadgerID,CaptureDate,028A,25/06/2014,3
tblDPPTest.csv,BadgerID,CaptureDate,028A,26/06/2018,2
tblDPPTest.csv,BadgerID,CaptureDate,028C,11/07/2017,2
tblDPPTest.csv,BadgerID,CaptureDate,028F,09/09/2014,3
tblDPPTest.csv,BadgerID,CaptureDate,028F,25/06/2014,3
tblDPPTest.csv,BadgerID,CaptureDate,028F,30/01/2018,2
tblDPPTest.csv,BadgerID,CaptureDate,028K,04/11/2014,2
tblDPPTest.csv,BadgerID,CaptureDate,028M,13/08/2019,2
tblDPPTest.csv,BadgerID,CaptureDate,028M,16/10/2018,2
tblDPPTest.csv,BadgerID,CaptureDate,028M,21/08/2018,2
tblDPPTest.csv,BadgerID,CaptureDate,028M,26/06/2018,2
tblDPPTest.csv,BadgerID,CaptureDate,028T,15/08/2017,2
tblDPPTest.csv,BadgerID,CaptureDate,028Z,13/08/2019,2
tblDPPTest.csv,BadgerID,CaptureDate,029A,09/09/2014,3
tblDPPTest.csv,BadgerID,CaptureDate,029A,25/06/2014,3
tblDPPTest.csv,BadgerID,CaptureDate,029E,12/08/2014,3
tblDPPTest.csv,BadgerID,CaptureDate,029E,20/05/2014,3
tblDPPTest.csv,BadgerID,CaptureDate,029E,24/09/2014,2
tblDPPTest.csv,BadgerID,CaptureDate,029M,12/12/2018,2
tblDPPTest.csv,BadgerID,CaptureDate,029M,14/08/2019,2
tblDPPTest.csv,BadgerID,CaptureDate,029M,21/08/2018,2
tblDPPTest.csv,BadgerID,CaptureDate,029M,26/06/2018,2
tblDPPTest.csv,BadgerID,CaptureDate,029N,11/07/2017,2
tblDPPTest.csv,BadgerID,CaptureDate,029N,11/12/2018,2
tblDPPTest.csv,BadgerID,CaptureDate,029N,14/11/2017,2
tblDPPTest.csv,BadgerID,CaptureDate,029N,27/06/2018,2
tblDPPTest.csv,BadgerID,CaptureDate,029N,28/01/2015,2
tblDPPTest.csv,BadgerID,CaptureDate,029N,30/01/2018,2
tblDPPTest.csv,BadgerID,CaptureDate,029T,14/11/2017,2
tblDPPTest.csv,BadgerID,CaptureDate,029Z,13/08/2019,2
tblDPPTest.csv,BadgerID,CaptureDate,029Z,19/11/2019,2
tblDPPTest.csv,BadgerID,CaptureDate,030A,12/08/2014,3
tblDPPTest.csv,BadgerID,CaptureDate,030E,20/05/2014,3
tblDPPTest.csv,BadgerID,CaptureDate,030L,10/12/2014,2
tblDPPTest.csv,BadgerID,CaptureDate,030L,12/08/2014,3
tblDPPTest.csv,BadgerID,CaptureDate,030L,23/09/2014,2
tblDPPTest.csv,BadgerID,CaptureDate,030M,12/12/2018,2
tblDPPTest.csv,BadgerID,CaptureDate,030M,16/10/2018,2
tblDPPTest.csv,BadgerID,CaptureDate,030M,21/08/2018,2
tblDPPTest.csv,BadgerID,CaptureDate,030M,26/06/2018,2
tblDPPTest.csv,BadgerID,CaptureDate,030N,05/11/2014,2
tblDPPTest.csv,BadgerID,CaptureDate,030N,09/09/2014,3
tblDPPTest.csv,BadgerID,CaptureDate,030T,26/06/2018,2
tblDPPTest.csv,BadgerID,CaptureDate,030T,30/01/2018,2
tblDPPTest.csv,BadgerID,CaptureDate,030Z,11/09/2019,2
tblDPPTest.csv,BadgerID,CaptureDate,030Z,13/08/2019,2
tblDPPTest.csv,BadgerID,CaptureDate,030Z,19/11/2019,2
tblDPPTest.csv,BadgerID,CaptureDate,031A,12/08/2014,3
tblDPPTest.csv,BadgerID,CaptureDate,031A,23/09/2014,2
tblDPPTest.csv,BadgerID,CaptureDate,031E,13/06/2017,2
tblDPPTest.csv,BadgerID,CaptureDate,031E,21/05/2014,3
tblDPPTest.csv,BadgerID,CaptureDate,031E,24/09/2014,2
tblDPPTest.csv,BadgerID,CaptureDate,031M,26/06/2018,2
tblDPPTest.csv,BadgerID,CaptureDate,031T,30/01/2018,2
tblDPPTest.csv,BadgerID,CaptureDate,031Z,10/09/2019,2
tblDPPTest.csv,BadgerID,CaptureDate,031Z,13/08/2019,2
tblDPPTest.csv,BadgerID,CaptureDate,031Z,19/11/2019,2
tblDPPTest.csv,BadgerID,CaptureDate,032A,09/12/2014,2
tblDPPTest.csv,BadgerID,CaptureDate,032A,12/08/2014,3
tblDPPTest.csv,BadgerID,CaptureDate,032E,03/06/2014,3
tblDPPTest.csv,BadgerID,CaptureDate,032M,13/08/2019,2
tblDPPTest.csv,BadgerID,CaptureDate,032M,26/06/2018,2
tblDPPTest.csv,BadgerID,CaptureDate,032N,15/08/2017,2
tblDPPTest.csv,BadgerID,CaptureDate,032N,20/01/2015,2
tblDPPTest.csv,BadgerID,CaptureDate,032T,04/09/2018,2
tblDPPTest.csv,BadgerID,CaptureDate,032T,16/07/2019,2
tblDPPTest.csv,BadgerID,CaptureDate,032T,21/08/2018,2
tblDPPTest.csv,BadgerID,CaptureDate,032T,23/10/2019,2
tblDPPTest.csv,BadgerID,CaptureDate,032T,31/10/2018,2
tblDPPTest.csv,BadgerID,CaptureDate,032V,11/07/2017,2
tblDPPTest.csv,BadgerID,CaptureDate,032Z,02/10/2019,2
tblDPPTest.csv,BadgerID,CaptureDate,032Z,14/08/2019,2
tblDPPTest.csv,BadgerID,CaptureDate,033A,13/08/2014,3
tblDPPTest.csv,BadgerID,CaptureDate,033E,11/09/2019,2
tblDPPTest.csv,BadgerID,CaptureDate,033E,19/08/2014,3
tblDPPTest.csv,BadgerID,CaptureDate,033E,27/06/2017,2
tblDPPTest.csv,BadgerID,CaptureDate,033K,04/11/2014,2
tblDPPTest.csv,BadgerID,CaptureDate,033K,09/09/2014,3
tblDPPTest.csv,BadgerID,CaptureDate,033K,20/05/2014,3
tblDPPTest.csv,BadgerID,CaptureDate,033M,11/12/2018,2
tblDPPTest.csv,BadgerID,CaptureDate,033M,14/08/2019,2
tblDPPTest.csv,BadgerID,CaptureDate,033M,26/06/2018,2
tblDPPTest.csv,BadgerID,CaptureDate,033M,26/06/2019,2
tblDPPTest.csv,BadgerID,CaptureDate,033T,04/09/2018,2
tblDPPTest.csv,BadgerID,CaptureDate,033T,08/01/2019,2
tblDPPTest.csv,BadgerID,CaptureDate,033T,09/01/2018,2
tblDPPTest.csv,BadgerID,CaptureDate,033T,10/10/2017,2
tblDPPTest.csv,BadgerID,CaptureDate,033T,21/05/2019,2
tblDPPTest.csv,BadgerID,CaptureDate,033T,22/05/2018,2
tblDPPTest.csv,BadgerID,CaptureDate,033T,30/10/2018,2
tblDPPTest.csv,BadgerID,CaptureDate,033Z,14/08/2019,2
tblDPPTest.csv,BadgerID,CaptureDate,034A,01/08/2017,2
tblDPPTest.csv,BadgerID,CaptureDate,034A,10/12/2014,2
tblDPPTest.csv,BadgerID,CaptureDate,034A,13/06/2017,2
tblDPPTest.csv,BadgerID,CaptureDate,034A,13/08/2014,3
tblDPPTest.csv,BadgerID,CaptureDate,034A,21/05/2019,2
tblDPPTest.csv,BadgerID,CaptureDate,034A,23/09/2014,2
tblDPPTest.csv,BadgerID,CaptureDate,034M,16/10/2018,2
tblDPPTest.csv,BadgerID,CaptureDate,034M,21/08/2018,2
tblDPPTest.csv,BadgerID,CaptureDate,034M,26/06/2018,2
tblDPPTest.csv,BadgerID,CaptureDate,034M,26/06/2019,2
tblDPPTest.csv,BadgerID,CaptureDate,034T,13/08/2019,2
tblDPPTest.csv,BadgerID,CaptureDate,034T,14/11/2017,2
tblDPPTest.csv,BadgerID,CaptureDate,034Z,14/08/2019,2
tblDPPTest.csv,BadgerID,CaptureDate,035A,19/08/2014,3
tblDPPTest.csv,BadgerID,CaptureDate,035A,21/10/2014,2
tblDPPTest.csv,BadgerID,CaptureDate,035E,22/10/2014,3
tblDPPTest.csv,BadgerID,CaptureDate,035K,24/06/2014,3
tblDPPTest.csv,BadgerID,CaptureDate,035M,26/06/2018,2
tblDPPTest.csv,BadgerID,CaptureDate,035Z,10/12/2019,2
tblDPPTest.csv,BadgerID,CaptureDate,035Z,14/08/2019,2
tblDPPTest.csv,BadgerID,CaptureDate,036A,19/08/2014,3
tblDPPTest.csv,BadgerID,CaptureDate,036E,19/08/2014,3
tblDPPTest.csv,BadgerID,CaptureDate,036E,20/01/2015,2
tblDPPTest.csv,BadgerID,CaptureDate,036E,21/10/2014,2
tblDPPTest.csv,BadgerID,CaptureDate,036E,22/08/2018,2
tblDPPTest.csv,BadgerID,CaptureDate,036E,27/06/2017,2
tblDPPTest.csv,BadgerID,CaptureDate,036K,04/11/2014,2
tblDPPTest.csv,BadgerID,CaptureDate,036L,04/06/2014,3
tblDPPTest.csv,BadgerID,CaptureDate,036M,21/08/2018,2
tblDPPTest.csv,BadgerID,CaptureDate,036M,27/06/2018,2
tblDPPTest.csv,BadgerID,CaptureDate,036Z,02/10/2019,2
tblDPPTest.csv,BadgerID,CaptureDate,036Z,10/12/2019,2
tblDPPTest.csv,BadgerID,CaptureDate,036Z,14/08/2019,2
tblDPPTest.csv,BadgerID,CaptureDate,036Z,20/11/2019,2
tblDPPTest.csv,BadgerID,CaptureDate,037A,19/08/2014,3
tblDPPTest.csv,BadgerID,CaptureDate,037E,09/12/2014,2
tblDPPTest.csv,BadgerID,CaptureDate,037E,10/09/2014,3
tblDPPTest.csv,BadgerID,CaptureDate,037E,12/08/2014,3
tblDPPTest.csv,BadgerID,CaptureDate,037E,20/05/2014,3
tblDPPTest.csv,BadgerID,CaptureDate,037E,23/09/2014,3
tblDPPTest.csv,BadgerID,CaptureDate,037M,12/12/2018,2
tblDPPTest.csv,BadgerID,CaptureDate,037M,16/07/2019,2
tblDPPTest.csv,BadgerID,CaptureDate,037M,21/05/2019,2
tblDPPTest.csv,BadgerID,CaptureDate,037M,27/06/2018,2
tblDPPTest.csv,BadgerID,CaptureDate,037M,30/10/2018,2
tblDPPTest.csv,BadgerID,CaptureDate,037Z,20/08/2019,2
tblDPPTest.csv,BadgerID,CaptureDate,038A,19/08/2014,3
tblDPPTest.csv,BadgerID,CaptureDate,038A,20/01/2015,2
tblDPPTest.csv,BadgerID,CaptureDate,038A,21/10/2014,2
tblDPPTest.csv,BadgerID,CaptureDate,038E,21/05/2014,3
tblDPPTest.csv,BadgerID,CaptureDate,038M,21/08/2018,2
tblDPPTest.csv,BadgerID,CaptureDate,038Z,20/08/2019,2
tblDPPTest.csv,BadgerID,CaptureDate,039A,01/11/2017,2
tblDPPTest.csv,BadgerID,CaptureDate,039A,19/08/2014,4
tblDPPTest.csv,BadgerID,CaptureDate,039K,04/11/2014,2
tblDPPTest.csv,BadgerID,CaptureDate,039K,09/09/2014,3
tblDPPTest.csv,BadgerID,CaptureDate,039K,25/06/2014,3
tblDPPTest.csv,BadgerID,CaptureDate,039M,02/10/2019,2
tblDPPTest.csv,BadgerID,CaptureDate,039M,21/08/2018,2
tblDPPTest.csv,BadgerID,CaptureDate,039V,04/09/2018,2
tblDPPTest.csv,BadgerID,CaptureDate,039V,09/01/2018,2
tblDPPTest.csv,BadgerID,CaptureDate,039V,09/01/2019,2
tblDPPTest.csv,BadgerID,CaptureDate,039V,13/06/2017,2
tblDPPTest.csv,BadgerID,CaptureDate,039V,21/05/2019,2
tblDPPTest.csv,BadgerID,CaptureDate,039V,22/05/2018,2
tblDPPTest.csv,BadgerID,CaptureDate,039Z,21/08/2019,2
tblDPPTest.csv,BadgerID,CaptureDate,040A,20/08/2014,3
tblDPPTest.csv,BadgerID,CaptureDate,040M,02/10/2019,2
tblDPPTest.csv,BadgerID,CaptureDate,040M,11/12/2018,2
tblDPPTest.csv,BadgerID,CaptureDate,040M,21/08/2018,2
tblDPPTest.csv,BadgerID,CaptureDate,040Z,10/09/2019,2
tblDPPTest.csv,BadgerID,CaptureDate,040Z,19/11/2019,2
tblDPPTest.csv,BadgerID,CaptureDate,041A,20/08/2014,3
tblDPPTest.csv,BadgerID,CaptureDate,041E,09/09/2014,3
tblDPPTest.csv,BadgerID,CaptureDate,041L,14/06/2017,2
tblDPPTest.csv,BadgerID,CaptureDate,041L,23/09/2014,2
tblDPPTest.csv,BadgerID,CaptureDate,041M,13/08/2019,2
tblDPPTest.csv,BadgerID,CaptureDate,041M,17/10/2018,2
tblDPPTest.csv,BadgerID,CaptureDate,041M,21/08/2018,2
tblDPPTest.csv,BadgerID,CaptureDate,041Z,10/09/2019,2
tblDPPTest.csv,BadgerID,CaptureDate,042A,04/11/2014,2
tblDPPTest.csv,BadgerID,CaptureDate,042A,09/09/2014,4
tblDPPTest.csv,BadgerID,CaptureDate,042A,11/07/2017,2
tblDPPTest.csv,BadgerID,CaptureDate,042A,14/08/2019,2
tblDPPTest.csv,BadgerID,CaptureDate,042A,26/06/2018,2
tblDPPTest.csv,BadgerID,CaptureDate,042A,27/01/2015,2
tblDPPTest.csv,BadgerID,CaptureDate,042E,10/09/2014,2
tblDPPTest.csv,BadgerID,CaptureDate,042E,24/06/2014,3
tblDPPTest.csv,BadgerID,CaptureDate,042E,27/01/2015,2
tblDPPTest.csv,BadgerID,CaptureDate,042M,13/08/2019,2
tblDPPTest.csv,BadgerID,CaptureDate,042M,21/08/2018,2
tblDPPTest.csv,BadgerID,CaptureDate,042M,26/09/2018,2
tblDPPTest.csv,BadgerID,CaptureDate,042V,05/06/2018,2
tblDPPTest.csv,BadgerID,CaptureDate,042V,20/11/2019,2
tblDPPTest.csv,BadgerID,CaptureDate,042V,27/06/2017,2
tblDPPTest.csv,BadgerID,CaptureDate,042Z,10/09/2019,2
tblDPPTest.csv,BadgerID,CaptureDate,043A,05/11/2014,2
tblDPPTest.csv,BadgerID,CaptureDate,043A,09/09/2014,3
tblDPPTest.csv,BadgerID,CaptureDate,043A,20/08/2019,2
tblDPPTest.csv,BadgerID,CaptureDate,043A,21/08/2018,2
tblDPPTest.csv,BadgerID,CaptureDate,043A,26/06/2018,2
tblDPPTest.csv,BadgerID,CaptureDate,043A,27/01/2015,2
tblDPPTest.csv,BadgerID,CaptureDate,043M,25/09/2018,2
tblDPPTest.csv,BadgerID,CaptureDate,043M,27/11/2018,2
tblDPPTest.csv,BadgerID,CaptureDate,043V,05/06/2018,2
tblDPPTest.csv,BadgerID,CaptureDate,043V,15/08/2017,2
tblDPPTest.csv,BadgerID,CaptureDate,043V,16/01/2018,2
tblDPPTest.csv,BadgerID,CaptureDate,043V,21/08/2018,2
tblDPPTest.csv,BadgerID,CaptureDate,043V,25/09/2018,2
tblDPPTest.csv,BadgerID,CaptureDate,043V,27/06/2017,2
tblDPPTest.csv,BadgerID,CaptureDate,043V,27/11/2018,2
tblDPPTest.csv,BadgerID,CaptureDate,043V,31/10/2017,2
tblDPPTest.csv,BadgerID,CaptureDate,043Z,10/09/2019,2
tblDPPTest.csv,BadgerID,CaptureDate,044A,04/11/2014,2
tblDPPTest.csv,BadgerID,CaptureDate,044A,09/09/2014,4
tblDPPTest.csv,BadgerID,CaptureDate,044A,27/01/2015,2
tblDPPTest.csv,BadgerID,CaptureDate,044E,20/05/2014,3
tblDPPTest.csv,BadgerID,CaptureDate,044M,20/08/2019,2
tblDPPTest.csv,BadgerID,CaptureDate,044M,21/08/2018,2
tblDPPTest.csv,BadgerID,CaptureDate,044Z,10/09/2019,2
tblDPPTest.csv,BadgerID,CaptureDate,045A,05/11/2014,2
tblDPPTest.csv,BadgerID,CaptureDate,045A,09/09/2014,3
tblDPPTest.csv,BadgerID,CaptureDate,045A,11/07/2017,2
tblDPPTest.csv,BadgerID,CaptureDate,045A,16/07/2019,2
tblDPPTest.csv,BadgerID,CaptureDate,045A,21/08/2019,2
tblDPPTest.csv,BadgerID,CaptureDate,045A,22/08/2018,2
tblDPPTest.csv,BadgerID,CaptureDate,045A,26/06/2018,2
tblDPPTest.csv,BadgerID,CaptureDate,045B,21/05/2014,3
tblDPPTest.csv,BadgerID,CaptureDate,045E,27/01/2015,2
tblDPPTest.csv,BadgerID,CaptureDate,045M,02/10/2019,2
tblDPPTest.csv,BadgerID,CaptureDate,045M,11/12/2018,2
tblDPPTest.csv,BadgerID,CaptureDate,045M,20/08/2019,2
tblDPPTest.csv,BadgerID,CaptureDate,045M,21/08/2018,2
tblDPPTest.csv,BadgerID,CaptureDate,045R,21/10/2014,2
tblDPPTest.csv,BadgerID,CaptureDate,045Z,02/10/2019,2
tblDPPTest.csv,BadgerID,CaptureDate,045Z,10/12/2019,2
tblDPPTest.csv,BadgerID,CaptureDate,046A,04/11/2014,2
tblDPPTest.csv,BadgerID,CaptureDate,046A,09/09/2014,3
tblDPPTest.csv,BadgerID,CaptureDate,046A,11/07/2017,2
tblDPPTest.csv,BadgerID,CaptureDate,046A,15/11/2017,2
tblDPPTest.csv,BadgerID,CaptureDate,046A,26/06/2018,2
tblDPPTest.csv,BadgerID,CaptureDate,046E,24/06/2014,3
tblDPPTest.csv,BadgerID,CaptureDate,046M,05/09/2018,2
tblDPPTest.csv,BadgerID,CaptureDate,046M,11/12/2018,2
tblDPPTest.csv,BadgerID,CaptureDate,046M,16/07/2019,2
tblDPPTest.csv,BadgerID,CaptureDate,046M,16/10/2018,2
tblDPPTest.csv,BadgerID,CaptureDate,046M,21/01/2020,2
tblDPPTest.csv,BadgerID,CaptureDate,046M,21/05/2019,2
tblDPPTest.csv,BadgerID,CaptureDate,046M,21/08/2018,2
tblDPPTest.csv,BadgerID,CaptureDate,046M,22/10/2019,2
tblDPPTest.csv,BadgerID,CaptureDate,046M,30/10/2018,2
tblDPPTest.csv,BadgerID,CaptureDate,046Z,21/01/2020,2
tblDPPTest.csv,BadgerID,CaptureDate,046Z,22/10/2019,2
tblDPPTest.csv,BadgerID,CaptureDate,047A,10/09/2014,3
tblDPPTest.csv,BadgerID,CaptureDate,047E,05/11/2014,2
tblDPPTest.csv,BadgerID,CaptureDate,047E,25/06/2014,3
tblDPPTest.csv,BadgerID,CaptureDate,047M,11/12/2018,2
tblDPPTest.csv,BadgerID,CaptureDate,047M,22/08/2018,2
tblDPPTest.csv,BadgerID,CaptureDate,048A,04/09/2018,2
tblDPPTest.csv,BadgerID,CaptureDate,048A,09/12/2014,3
tblDPPTest.csv,BadgerID,CaptureDate,048A,20/08/2019,2
tblDPPTest.csv,BadgerID,CaptureDate,048A,22/05/2018,2
tblDPPTest.csv,BadgerID,CaptureDate,048A,23/09/2014,2
tblDPPTest.csv,BadgerID,CaptureDate,048M,11/12/2018,2
tblDPPTest.csv,BadgerID,CaptureDate,048M,22/08/2018,2
tblDPPTest.csv,BadgerID,CaptureDate,048V,02/08/2017,2
tblDPPTest.csv,BadgerID,CaptureDate,048V,04/09/2018,2
tblDPPTest.csv,BadgerID,CaptureDate,048V,09/01/2019,2
tblDPPTest.csv,BadgerID,CaptureDate,048V,13/06/2017,2
tblDPPTest.csv,BadgerID,CaptureDate,048V,16/07/2019,2
tblDPPTest.csv,BadgerID,CaptureDate,048V,22/05/2018,2
tblDPPTest.csv,BadgerID,CaptureDate,049A,13/06/2017,2
tblDPPTest.csv,BadgerID,CaptureDate,049A,23/09/2014,2
tblDPPTest.csv,BadgerID,CaptureDate,049B,13/08/2014,3
tblDPPTest.csv,BadgerID,CaptureDate,049E,19/08/2014,3
tblDPPTest.csv,BadgerID,CaptureDate,049E,21/10/2014,2
tblDPPTest.csv,BadgerID,CaptureDate,049M,04/09/2018,2
tblDPPTest.csv,BadgerID,CaptureDate,049M,08/01/2019,2
tblDPPTest.csv,BadgerID,CaptureDate,049M,16/07/2019,2
tblDPPTest.csv,BadgerID,CaptureDate,049M,21/05/2019,2
tblDPPTest.csv,BadgerID,CaptureDate,049M,21/08/2019,2
tblDPPTest.csv,BadgerID,CaptureDate,049M,30/10/2018,2
tblDPPTest.csv,BadgerID,CaptureDate,049V,04/09/2018,2
tblDPPTest.csv,BadgerID,CaptureDate,049V,13/06/2017,2
tblDPPTest.csv,BadgerID,CaptureDate,049V,22/05/2018,2
tblDPPTest.csv,BadgerID,CaptureDate,050A,01/08/2017,2
tblDPPTest.csv,BadgerID,CaptureDate,050A,09/12/2014,2
tblDPPTest.csv,BadgerID,CaptureDate,050A,23/09/2014,3
tblDPPTest.csv,BadgerID,CaptureDate,050K,04/06/2014,3
tblDPPTest.csv,BadgerID,CaptureDate,050M,04/09/2018,2
tblDPPTest.csv,BadgerID,CaptureDate,050M,08/01/2019,2
tblDPPTest.csv,BadgerID,CaptureDate,050M,16/07/2019,2
tblDPPTest.csv,BadgerID,CaptureDate,050M,20/08/2019,2
tblDPPTest.csv,BadgerID,CaptureDate,050M,22/05/2019,2
tblDPPTest.csv,BadgerID,CaptureDate,050M,30/10/2018,2
tblDPPTest.csv,BadgerID,CaptureDate,051E,10/09/2014,2
tblDPPTest.csv,BadgerID,CaptureDate,051E,24/06/2014,3
tblDPPTest.csv,BadgerID,CaptureDate,051K,19/08/2014,3
tblDPPTest.csv,BadgerID,CaptureDate,051M,04/09/2018,2
tblDPPTest.csv,BadgerID,CaptureDate,051M,08/01/2019,2
tblDPPTest.csv,BadgerID,CaptureDate,051M,16/07/2019,2
tblDPPTest.csv,BadgerID,CaptureDate,051M,21/05/2019,2
tblDPPTest.csv,BadgerID,CaptureDate,051M,30/10/2018,2
tblDPPTest.csv,BadgerID,CaptureDate,052A,04/11/2014,2
tblDPPTest.csv,BadgerID,CaptureDate,052K,03/06/2014,3
tblDPPTest.csv,BadgerID,CaptureDate,052M,04/09/2018,2
tblDPPTest.csv,BadgerID,CaptureDate,052M,09/01/2019,2
tblDPPTest.csv,BadgerID,CaptureDate,052M,31/10/2018,2
tblDPPTest.csv,BadgerID,CaptureDate,053A,04/11/2014,2
tblDPPTest.csv,BadgerID,CaptureDate,053K,11/09/2019,2
tblDPPTest.csv,BadgerID,CaptureDate,053K,13/08/2019,2
tblDPPTest.csv,BadgerID,CaptureDate,053K,15/08/2017,2
tblDPPTest.csv,BadgerID,CaptureDate,053K,19/08/2014,4
tblDPPTest.csv,BadgerID,CaptureDate,053K,21/10/2014,2
tblDPPTest.csv,BadgerID,CaptureDate,053K,24/06/2014,3
tblDPPTest.csv,BadgerID,CaptureDate,053K,27/06/2017,2
tblDPPTest.csv,BadgerID,CaptureDate,053M,04/09/2018,2
tblDPPTest.csv,BadgerID,CaptureDate,053M,16/07/2019,2
tblDPPTest.csv,BadgerID,CaptureDate,053M,20/08/2019,2
tblDPPTest.csv,BadgerID,CaptureDate,053M,21/05/2019,2
tblDPPTest.csv,BadgerID,CaptureDate,053M,30/10/2018,2
tblDPPTest.csv,BadgerID,CaptureDate,054A,04/11/2014,2
tblDPPTest.csv,BadgerID,CaptureDate,054K,04/11/2014,2
tblDPPTest.csv,BadgerID,CaptureDate,054K,09/09/2014,4
tblDPPTest.csv,BadgerID,CaptureDate,054K,24/06/2014,3
tblDPPTest.csv,BadgerID,CaptureDate,054K,27/01/2015,2
tblDPPTest.csv,BadgerID,CaptureDate,054M,04/09/2018,2
tblDPPTest.csv,BadgerID,CaptureDate,054M,25/09/2018,2
tblDPPTest.csv,BadgerID,CaptureDate,055A,04/11/2014,2
tblDPPTest.csv,BadgerID,CaptureDate,055A,11/07/2017,2
tblDPPTest.csv,BadgerID,CaptureDate,055A,22/08/2018,2
tblDPPTest.csv,BadgerID,CaptureDate,055M,20/08/2019,2
tblDPPTest.csv,BadgerID,CaptureDate,055M,26/06/2019,2
tblDPPTest.csv,BadgerID,CaptureDate,056E,24/06/2014,3
tblDPPTest.csv,BadgerID,CaptureDate,056M,16/10/2018,2
tblDPPTest.csv,BadgerID,CaptureDate,056M,26/06/2019,2
tblDPPTest.csv,BadgerID,CaptureDate,057M,16/10/2018,2
tblDPPTest.csv,BadgerID,CaptureDate,058M,30/10/2018,2
tblDPPTest.csv,BadgerID,CaptureDate,058Y,20/05/2014,3
tblDPPTest.csv,BadgerID,CaptureDate,059M,12/12/2018,2
tblDPPTest.csv,BadgerID,CaptureDate,060M,12/12/2018,2
tblDPPTest.csv,BadgerID,CaptureDate,060M,21/08/2019,2
tblDPPTest.csv,BadgerID,CaptureDate,063W,24/06/2014,3
tblDPPTest.csv,BadgerID,CaptureDate,063Y,04/11/2014,2
tblDPPTest.csv,BadgerID,CaptureDate,063Y,11/07/2017,2
tblDPPTest.csv,BadgerID,CaptureDate,070P,24/06/2014,3
tblDPPTest.csv,BadgerID,CaptureDate,070P,26/06/2019,2
tblIFN_Gamma_ELISA.csv,BadgerId,CaptureDate,001T,24/01/2017,2
tblIFN_Gamma_ELISA.csv,BadgerId,CaptureDate,002A,20/05/2014,2
tblIFN_Gamma_ELISA.csv,BadgerId,CaptureDate,002B,18/07/2006,2
tblIFN_Gamma_ELISA.csv,BadgerId,CaptureDate,002B,25/10/2006,2
tblIFN_Gamma_ELISA.csv,BadgerId,CaptureDate,002G,06/06/2007,2
tblIFN_Gamma_ELISA.csv,BadgerId,CaptureDate,002K,28/06/2016,2
tblIFN_Gamma_ELISA.csv,BadgerId,CaptureDate,002V,08/09/2015,2
tblIFN_Gamma_ELISA.csv,BadgerId,CaptureDate,003B,18/07/2006,2
tblIFN_Gamma_ELISA.csv,BadgerId,CaptureDate,003B,24/10/2006,2
tblIFN_Gamma_ELISA.csv,BadgerId,CaptureDate,004B,18/07/2006,2
tblIFN_Gamma_ELISA.csv,BadgerId,CaptureDate,004B,24/10/2006,2
tblIFN_Gamma_ELISA.csv,BadgerId,CaptureDate,004W,13/12/2006,2
tblIFN_Gamma_ELISA.csv,BadgerId,CaptureDate,005B,12/12/2006,2
tblIFN_Gamma_ELISA.csv,BadgerId,CaptureDate,005B,18/07/2006,2
tblIFN_Gamma_ELISA.csv,BadgerId,CaptureDate,005B,24/10/2006,2
tblIFN_Gamma_ELISA.csv,BadgerId,CaptureDate,007B,13/12/2006,2
tblIFN_Gamma_ELISA.csv,BadgerId,CaptureDate,007B,18/07/2006,2
tblIFN_Gamma_ELISA.csv,BadgerId,CaptureDate,007B,24/10/2006,2
tblIFN_Gamma_ELISA.csv,BadgerId,CaptureDate,007G,18/07/2006,2
tblIFN_Gamma_ELISA.csv,BadgerId,CaptureDate,007Y,09/05/2007,2
tblIFN_Gamma_ELISA.csv,BadgerId,CaptureDate,008B,19/07/2006,2
tblIFN_Gamma_ELISA.csv,BadgerId,CaptureDate,009B,24/10/2006,2
tblIFN_Gamma_ELISA.csv,BadgerId,CaptureDate,009P,21/09/2011,2
tblIFN_Gamma_ELISA.csv,BadgerId,CaptureDate,010B,02/08/2006,2
tblIFN_Gamma_ELISA.csv,BadgerId,CaptureDate,011B,01/08/2006,2
tblIFN_Gamma_ELISA.csv,BadgerId,CaptureDate,011B,07/11/2006,2
tblIFN_Gamma_ELISA.csv,BadgerId,CaptureDate,011C,24/01/2017,2
tblIFN_Gamma_ELISA.csv,BadgerId,CaptureDate,011Y,22/05/2007,2
tblIFN_Gamma_ELISA.csv,BadgerId,CaptureDate,012B,07/11/2006,2
tblIFN_Gamma_ELISA.csv,BadgerId,CaptureDate,012B,20/05/2008,2
tblIFN_Gamma_ELISA.csv,BadgerId,CaptureDate,012R,15/08/2006,2
tblIFN_Gamma_ELISA.csv,BadgerId,CaptureDate,012R,19/07/2006,2
tblIFN_Gamma_ELISA.csv,BadgerId,CaptureDate,012R,30/01/2007,2
tblIFN_Gamma_ELISA.csv,BadgerId,CaptureDate,013T,15/08/2017,2
tblIFN_Gamma_ELISA.csv,BadgerId,CaptureDate,013V,20/05/2015,2
tblIFN_Gamma_ELISA.csv,BadgerId,CaptureDate,014B,15/08/2006,2
tblIFN_Gamma_ELISA.csv,BadgerId,CaptureDate,014B,28/11/2006,2
tblIFN_Gamma_ELISA.csv,BadgerId,CaptureDate,015B,16/08/2006,2
tblIFN_Gamma_ELISA.csv,BadgerId,CaptureDate,015Y,09/10/2007,2
tblIFN_Gamma_ELISA.csv,BadgerId,CaptureDate,016A,08/09/2015,2
tblIFN_Gamma_ELISA.csv,BadgerId,CaptureDate,016B,15/08/2006,2
tblIFN_Gamma_ELISA.csv,BadgerId,CaptureDate,016P,21/05/2008,2
tblIFN_Gamma_ELISA.csv,BadgerId,CaptureDate,017B,15/08/2006,2
tblIFN_Gamma_ELISA.csv,BadgerId,CaptureDate,017B,28/11/2006,2
tblIFN_Gamma_ELISA.csv,BadgerId,CaptureDate,017L,06/07/2011,2
tblIFN_Gamma_ELISA.csv,BadgerId,CaptureDate,017L,17/07/2012,2
tblIFN_Gamma_ELISA.csv,BadgerId,CaptureDate,018B,06/11/2007,2
tblIFN_Gamma_ELISA.csv,BadgerId,CaptureDate,018B,15/08/2006,2
tblIFN_Gamma_ELISA.csv,BadgerId,CaptureDate,018B,28/11/2006,2
tblIFN_Gamma_ELISA.csv,BadgerId,CaptureDate,018P,21/05/2008,2
tblIFN_Gamma_ELISA.csv,BadgerId,CaptureDate,018T,27/06/2017,2
tblIFN_Gamma_ELISA.csv,BadgerId,CaptureDate,019B,15/08/2006,2
tblIFN_Gamma_ELISA.csv,BadgerId,CaptureDate,019B,28/11/2006,2
tblIFN_Gamma_ELISA.csv,BadgerId,CaptureDate,019Y,09/10/2007,2
tblIFN_Gamma_ELISA.csv,BadgerId,CaptureDate,020B,16/08/2006,2
tblIFN_Gamma_ELISA.csv,BadgerId,CaptureDate,020B,28/11/2006,2
tblIFN_Gamma_ELISA.csv,BadgerId,CaptureDate,020B,30/01/2007,2
tblIFN_Gamma_ELISA.csv,BadgerId,CaptureDate,020C,15/08/2017,2
tblIFN_Gamma_ELISA.csv,BadgerId,CaptureDate,020Z,10/12/2019,2
tblIFN_Gamma_ELISA.csv,BadgerId,CaptureDate,021B,16/08/2006,2
tblIFN_Gamma_ELISA.csv,BadgerId,CaptureDate,021B,28/11/2006,2
tblIFN_Gamma_ELISA.csv,BadgerId,CaptureDate,021L,16/01/2018,2
tblIFN_Gamma_ELISA.csv,BadgerId,CaptureDate,022B,15/08/2006,2
tblIFN_Gamma_ELISA.csv,BadgerId,CaptureDate,022B,28/11/2006,2
tblIFN_Gamma_ELISA.csv,BadgerId,CaptureDate,022G,15/08/2006,2
tblIFN_Gamma_ELISA.csv,BadgerId,CaptureDate,023B,07/11/2007,2
tblIFN_Gamma_ELISA.csv,BadgerId,CaptureDate,023B,15/08/2006,2
tblIFN_Gamma_ELISA.csv,BadgerId,CaptureDate,023B,19/11/2008,2
tblIFN_Gamma_ELISA.csv,BadgerId,CaptureDate,024B,16/08/2006,2
tblIFN_Gamma_ELISA.csv,BadgerId,CaptureDate,024B,28/11/2006,2
tblIFN_Gamma_ELISA.csv,BadgerId,CaptureDate,024G,06/11/2007,2
tblIFN_Gamma_ELISA.csv,BadgerId,CaptureDate,024V,27/06/2017,2
tblIFN_Gamma_ELISA.csv,BadgerId,CaptureDate,024Y,09/10/2007,2
tblIFN_Gamma_ELISA.csv,BadgerId,CaptureDate,025B,15/08/2006,2
tblIFN_Gamma_ELISA.csv,BadgerId,CaptureDate,025B,28/11/2006,2
tblIFN_Gamma_ELISA.csv,BadgerId,CaptureDate,025C,10/08/2016,2
tblIFN_Gamma_ELISA.csv,BadgerId,CaptureDate,025W,25/10/2006,2
tblIFN_Gamma_ELISA.csv,BadgerId,CaptureDate,026B,16/08/2006,2
tblIFN_Gamma_ELISA.csv,BadgerId,CaptureDate,026B,28/11/2006,2
tblIFN_Gamma_ELISA.csv,BadgerId,CaptureDate,026B,30/01/2007,2
tblIFN_Gamma_ELISA.csv,BadgerId,CaptureDate,026V,09/06/2015,2
tblIFN_Gamma_ELISA.csv,BadgerId,CaptureDate,026V,12/01/2016,2
tblIFN_Gamma_ELISA.csv,BadgerId,CaptureDate,027A,25/06/2014,2
tblIFN_Gamma_ELISA.csv,BadgerId,CaptureDate,027T,16/01/2018,2
tblIFN_Gamma_ELISA.csv,BadgerId,CaptureDate,027Y,06/11/2007,2
tblIFN_Gamma_ELISA.csv,BadgerId,CaptureDate,028Y,07/11/2007,2
tblIFN_Gamma_ELISA.csv,BadgerId,CaptureDate,029B,16/08/2006,2
tblIFN_Gamma_ELISA.csv,BadgerId,CaptureDate,029Y,06/11/2007,2
tblIFN_Gamma_ELISA.csv,BadgerId,CaptureDate,030B,06/11/2007,2
tblIFN_Gamma_ELISA.csv,BadgerId,CaptureDate,030B,15/08/2006,2
tblIFN_Gamma_ELISA.csv,BadgerId,CaptureDate,030B,28/11/2006,2
tblIFN_Gamma_ELISA.csv,BadgerId,CaptureDate,030B,30/01/2007,2
tblIFN_Gamma_ELISA.csv,BadgerId,CaptureDate,030W,18/07/2006,2
tblIFN_Gamma_ELISA.csv,BadgerId,CaptureDate,030Y,06/11/2007,2
tblIFN_Gamma_ELISA.csv,BadgerId,CaptureDate,030Z,13/08/2019,2
tblIFN_Gamma_ELISA.csv,BadgerId,CaptureDate,031B,16/08/2006,2
tblIFN_Gamma_ELISA.csv,BadgerId,CaptureDate,031B,30/01/2007,2
tblIFN_Gamma_ELISA.csv,BadgerId,CaptureDate,031Y,06/11/2007,2
tblIFN_Gamma_ELISA.csv,BadgerId,CaptureDate,032B,15/08/2006,2
tblIFN_Gamma_ELISA.csv,BadgerId,CaptureDate,032B,28/11/2006,2
tblIFN_Gamma_ELISA.csv,BadgerId,CaptureDate,032B,30/01/2007,2
tblIFN_Gamma_ELISA.csv,BadgerId,CaptureDate,032Y,07/11/2007,2
tblIFN_Gamma_ELISA.csv,BadgerId,CaptureDate,033B,16/08/2006,2
tblIFN_Gamma_ELISA.csv,BadgerId,CaptureDate,033B,30/01/2007,2
tblIFN_Gamma_ELISA.csv,BadgerId,CaptureDate,033L,02/10/2012,2
tblIFN_Gamma_ELISA.csv,BadgerId,CaptureDate,033L,11/12/2012,2
tblIFN_Gamma_ELISA.csv,BadgerId,CaptureDate,033T,08/01/2019,2
tblIFN_Gamma_ELISA.csv,BadgerId,CaptureDate,033Y,06/11/2007,2
tblIFN_Gamma_ELISA.csv,BadgerId,CaptureDate,034A,20/05/2015,2
tblIFN_Gamma_ELISA.csv,BadgerId,CaptureDate,034B,15/08/2006,2
tblIFN_Gamma_ELISA.csv,BadgerId,CaptureDate,034Y,06/11/2007,2
tblIFN_Gamma_ELISA.csv,BadgerId,CaptureDate,035B,06/11/2007,2
tblIFN_Gamma_ELISA.csv,BadgerId,CaptureDate,035B,15/08/2006,2
tblIFN_Gamma_ELISA.csv,BadgerId,CaptureDate,035B,28/11/2006,2
tblIFN_Gamma_ELISA.csv,BadgerId,CaptureDate,035G,29/11/2006,2
tblIFN_Gamma_ELISA.csv,BadgerId,CaptureDate,035L,09/06/2015,2
tblIFN_Gamma_ELISA.csv,BadgerId,CaptureDate,035R,02/08/2006,2
tblIFN_Gamma_ELISA.csv,BadgerId,CaptureDate,035Y,06/11/2007,2
tblIFN_Gamma_ELISA.csv,BadgerId,CaptureDate,035Y,18/11/2008,2
tblIFN_Gamma_ELISA.csv,BadgerId,CaptureDate,036B,18/07/2006,2
tblIFN_Gamma_ELISA.csv,BadgerId,CaptureDate,036R,01/08/2006,2
tblIFN_Gamma_ELISA.csv,BadgerId,CaptureDate,036R,08/11/2006,2
tblIFN_Gamma_ELISA.csv,BadgerId,CaptureDate,036Y,06/11/2007,2
tblIFN_Gamma_ELISA.csv,BadgerId,CaptureDate,037B,18/07/2006,2
tblIFN_Gamma_ELISA.csv,BadgerId,CaptureDate,037B,24/10/2006,2
tblIFN_Gamma_ELISA.csv,BadgerId,CaptureDate,037V,14/07/2015,2
tblIFN_Gamma_ELISA.csv,BadgerId,CaptureDate,037W,02/08/2006,2
tblIFN_Gamma_ELISA.csv,BadgerId,CaptureDate,038R,22/05/2007,2
tblIFN_Gamma_ELISA.csv,BadgerId,CaptureDate,038W,02/08/2006,2
tblIFN_Gamma_ELISA.csv,BadgerId,CaptureDate,038Y,07/11/2007,2
tblIFN_Gamma_ELISA.csv,BadgerId,CaptureDate,038Y,26/06/2012,2
tblIFN_Gamma_ELISA.csv,BadgerId,CaptureDate,039V,03/05/2016,2
tblIFN_Gamma_ELISA.csv,BadgerId,CaptureDate,039V,13/06/2017,2
tblIFN_Gamma_ELISA.csv,BadgerId,CaptureDate,039W,07/11/2006,2
tblIFN_Gamma_ELISA.csv,BadgerId,CaptureDate,039Y,06/11/2007,2
tblIFN_Gamma_ELISA.csv,BadgerId,CaptureDate,040R,01/08/2006,2
tblIFN_Gamma_ELISA.csv,BadgerId,CaptureDate,040R,20/05/2008,2
tblIFN_Gamma_ELISA.csv,BadgerId,CaptureDate,041B,24/10/2006,2
tblIFN_Gamma_ELISA.csv,BadgerId,CaptureDate,041L,29/05/2012,2
tblIFN_Gamma_ELISA.csv,BadgerId,CaptureDate,041W,01/08/2006,2
tblIFN_Gamma_ELISA.csv,BadgerId,CaptureDate,041Y,06/11/2007,2
tblIFN_Gamma_ELISA.csv,BadgerId,CaptureDate,042K,17/07/2012,2
tblIFN_Gamma_ELISA.csv,BadgerId,CaptureDate,042R,22/05/2007,2
tblIFN_Gamma_ELISA.csv,BadgerId,CaptureDate,042Y,06/11/2007,2
tblIFN_Gamma_ELISA.csv,BadgerId,CaptureDate,043A,26/06/2018,2
tblIFN_Gamma_ELISA.csv,BadgerId,CaptureDate,043B,24/10/2006,2
tblIFN_Gamma_ELISA.csv,BadgerId,CaptureDate,044E,14/08/2013,2
tblIFN_Gamma_ELISA.csv,BadgerId,CaptureDate,045B,18/07/2006,2
tblIFN_Gamma_ELISA.csv,BadgerId,CaptureDate,045B,24/10/2006,2
tblIFN_Gamma_ELISA.csv,BadgerId,CaptureDate,046B,18/07/2006,2
tblIFN_Gamma_ELISA.csv,BadgerId,CaptureDate,046Z,22/10/2019,2
tblIFN_Gamma_ELISA.csv,BadgerId,CaptureDate,047B,18/07/2006,2
tblIFN_Gamma_ELISA.csv,BadgerId,CaptureDate,048A,22/05/2018,2
tblIFN_Gamma_ELISA.csv,BadgerId,CaptureDate,048B,18/07/2006,2
tblIFN_Gamma_ELISA.csv,BadgerId,CaptureDate,048M,11/12/2018,2
tblIFN_Gamma_ELISA.csv,BadgerId,CaptureDate,048W,02/08/2006,2
tblIFN_Gamma_ELISA.csv,BadgerId,CaptureDate,049B,12/12/2006,2
tblIFN_Gamma_ELISA.csv,BadgerId,CaptureDate,049B,23/10/2007,2
tblIFN_Gamma_ELISA.csv,BadgerId,CaptureDate,049B,24/10/2006,2
tblIFN_Gamma_ELISA.csv,BadgerId,CaptureDate,050A,09/12/2014,2
tblIFN_Gamma_ELISA.csv,BadgerId,CaptureDate,050G,13/12/2006,2
tblIFN_Gamma_ELISA.csv,BadgerId,CaptureDate,050G,23/10/2007,2
tblIFN_Gamma_ELISA.csv,BadgerId,CaptureDate,050W,02/08/2006,2
tblIFN_Gamma_ELISA.csv,BadgerId,CaptureDate,050Y,22/07/2008,2
tblIFN_Gamma_ELISA.csv,BadgerId,CaptureDate,051B,24/10/2006,2
tblIFN_Gamma_ELISA.csv,BadgerId,CaptureDate,052B,24/10/2006,2
tblIFN_Gamma_ELISA.csv,BadgerId,CaptureDate,052W,01/08/2006,2
tblIFN_Gamma_ELISA.csv,BadgerId,CaptureDate,052W,07/11/2006,2
tblIFN_Gamma_ELISA.csv,BadgerId,CaptureDate,053W,01/08/2006,2
tblIFN_Gamma_ELISA.csv,BadgerId,CaptureDate,054B,01/08/2006,2
tblIFN_Gamma_ELISA.csv,BadgerId,CaptureDate,054G,01/08/2006,2
tblIFN_Gamma_ELISA.csv,BadgerId,CaptureDate,054W,01/08/2006,2
tblIFN_Gamma_ELISA.csv,BadgerId,CaptureDate,054W,21/05/2008,2
tblIFN_Gamma_ELISA.csv,BadgerId,CaptureDate,055B,01/08/2006,2
tblIFN_Gamma_ELISA.csv,BadgerId,CaptureDate,055B,22/05/2007,2
tblIFN_Gamma_ELISA.csv,BadgerId,CaptureDate,055Y,09/10/2007,2
tblIFN_Gamma_ELISA.csv,BadgerId,CaptureDate,056B,02/08/2006,2
tblIFN_Gamma_ELISA.csv,BadgerId,CaptureDate,056B,07/11/2006,2
tblIFN_Gamma_ELISA.csv,BadgerId,CaptureDate,056B,09/01/2007,2
tblIFN_Gamma_ELISA.csv,BadgerId,CaptureDate,057B,15/08/2006,2
tblIFN_Gamma_ELISA.csv,BadgerId,CaptureDate,057B,28/11/2006,2
tblIFN_Gamma_ELISA.csv,BadgerId,CaptureDate,058B,06/11/2007,2
tblIFN_Gamma_ELISA.csv,BadgerId,CaptureDate,058B,15/08/2006,2
tblIFN_Gamma_ELISA.csv,BadgerId,CaptureDate,058R,07/11/2007,2
tblIFN_Gamma_ELISA.csv,BadgerId,CaptureDate,059B,15/08/2006,2
tblIFN_Gamma_ELISA.csv,BadgerId,CaptureDate,059B,28/11/2006,2
tblIFN_Gamma_ELISA.csv,BadgerId,CaptureDate,059R,15/08/2006,2
tblIFN_Gamma_ELISA.csv,BadgerId,CaptureDate,060B,15/08/2006,2
tblIFN_Gamma_ELISA.csv,BadgerId,CaptureDate,060R,06/11/2007,2
tblIFN_Gamma_ELISA.csv,BadgerId,CaptureDate,061B,28/11/2006,2
tblIFN_Gamma_ELISA.csv,BadgerId,CaptureDate,062B,15/08/2006,2
tblIFN_Gamma_ELISA.csv,BadgerId,CaptureDate,062B,30/01/2007,2
tblIFN_Gamma_ELISA.csv,BadgerId,CaptureDate,063B,24/10/2006,2
tblIFN_Gamma_ELISA.csv,BadgerId,CaptureDate,063W,06/11/2007,2
tblIFN_Gamma_ELISA.csv,BadgerId,CaptureDate,063W,15/08/2006,2
tblIFN_Gamma_ELISA.csv,BadgerId,CaptureDate,063Y,06/11/2007,2
tblIFN_Gamma_ELISA.csv,BadgerId,CaptureDate,064B,24/10/2006,2
tblIFN_Gamma_ELISA.csv,BadgerId,CaptureDate,064Y,20/05/2008,2
tblIFN_Gamma_ELISA.csv,BadgerId,CaptureDate,065B,13/12/2006,2
tblIFN_Gamma_ELISA.csv,BadgerId,CaptureDate,065B,24/10/2006,2
tblIFN_Gamma_ELISA.csv,BadgerId,CaptureDate,065Y,23/10/2007,2
tblIFN_Gamma_ELISA.csv,BadgerId,CaptureDate,066B,25/10/2006,2
tblIFN_Gamma_ELISA.csv,BadgerId,CaptureDate,067B,29/11/2006,2
tblIFN_Gamma_ELISA.csv,BadgerId,CaptureDate,069R,06/11/2007,2
tblIFN_Gamma_ELISA.csv,BadgerId,CaptureDate,069R,15/08/2006,2
tblIFN_Gamma_ELISA.csv,BadgerId,CaptureDate,069Y,07/11/2007,2
tblIFN_Gamma_ELISA.csv,BadgerId,CaptureDate,073R,18/07/2006,2
tblIFN_Gamma_ELISA.csv,BadgerId,CaptureDate,077W,07/11/2007,2
tblIFN_Gamma_ELISA.csv,BadgerId,CaptureDate,082W,07/11/2006,2
tblIFN_Gamma_ELISA.csv,BadgerId,CaptureDate,082W,18/07/2006,2
tblIFN_Gamma_ELISA.csv,BadgerId,CaptureDate,082W,23/10/2007,2
tblIFN_Gamma_ELISA.csv,BadgerId,CaptureDate,082W,24/10/2006,2
tblIFN_Gamma_ELISA.csv,BadgerId,CaptureDate,085W,25/10/2006,2
tblIFN_Gamma_ELISA.csv,BadgerId,CaptureDate,089W,24/10/2006,2
tblIFN_Gamma_ELISA.csv,BadgerId,CaptureDate,096W,15/08/2006,2
tblIFN_Gamma_ELISA.csv,BadgerId,CaptureDate,097W,24/10/2006,2
tblIFN_Gamma_ELISA.csv,BadgerId,CaptureDate,101W,18/07/2006,2
tblIFN_Gamma_ELISA.csv,BadgerId,CaptureDate,103W,15/08/2006,2
tblIFN_Gamma_ELISA.csv,BadgerId,CaptureDate,D077,15/08/2006,2
tblIFN_Gamma_ELISA.csv,BadgerId,CaptureDate,H027,18/07/2006,2
tblIFN_Gamma_ELISA.csv,BadgerId,CaptureDate,H027,23/10/2007,2
tblIFN_Gamma_ELISA.csv,BadgerId,CaptureDate,H027,25/10/2006,2
tblIFN_Gamma_ELISA.csv,BadgerId,CaptureDate,H061,08/11/2006,2
tblIFN_Gamma_ELISA.csv,BadgerId,CaptureDate,H069,01/08/2006,2
tblIFN_Gamma_ELISA.csv,BadgerId,CaptureDate,I007,15/08/2006,2
tblIFN_Gamma_ELISA.csv,BadgerId,CaptureDate,I008,11/05/2010,2
tblIFN_Gamma_ELISA.csv,BadgerId,CaptureDate,I008,18/07/2006,2
tblIFN_Gamma_ELISA.csv,BadgerId,CaptureDate,I008,23/10/2007,2
tblIFN_Gamma_ELISA.csv,BadgerId,CaptureDate,I008,25/10/2006,2
tblIFN_Gamma_ELISA.csv,BadgerId,CaptureDate,I016,12/12/2006,2
tblIFN_Gamma_ELISA.csv,BadgerId,CaptureDate,I019,02/08/2006,2
tblIFN_Gamma_ELISA.csv,BadgerId,CaptureDate,I019,08/11/2006,2
tblIFN_Gamma_ELISA.csv,BadgerId,CaptureDate,I035,06/11/2007,2
tblIFN_Gamma_ELISA.csv,BadgerId,CaptureDate,I045,18/07/2006,2
tblIFN_Gamma_ELISA.csv,BadgerId,CaptureDate,J091,16/08/2006,2
tblIFN_Gamma_ELISA.csv,BadgerId,CaptureDate,Q007,01/08/2006,2
tblIFN_Gamma_ELISA.csv,BadgerId,CaptureDate,Q028,19/07/2006,2
tblIFN_Gamma_ELISA.csv,BadgerId,CaptureDate,Q033,01/08/2006,2
tblIFN_Gamma_ELISA.csv,BadgerId,CaptureDate,Q036,15/08/2006,2
tblIFN_Gamma_ELISA.csv,BadgerId,CaptureDate,Q081,18/07/2006,2
tblIFN_Gamma_ELISA.csv,BadgerId,CaptureDate,Q081,24/10/2006,2
tblIFN_Gamma_ELISA.csv,BadgerId,CaptureDate,Q094,20/08/2008,2
tblIFN_Gamma_ELISA.csv,BadgerId,CaptureDate,U057,07/11/2006,2
tblIFN_Gamma_ELISA.csv,BadgerId,CaptureDate,U064,02/08/2006,2
