tattoo,primary,origin_year,origin_SG,origin_zone,origin_sett,origin_x,origin_y,n_loc_obs,entry_group,next_primary,next_year,dest_x,dest_y,dest_SG,dest_zone,dest_sett,observed_category,observed_distance_m
001K,37,2012,7,1,BOXWOOD,381241,201774,2,2,38,2013,381241,201774,7,1,BOXWOOD,same_SG,0
001K,38,2013,7,1,BOXWOOD,381241,201774,1,2,39,2014,381619,201268,11,1,YEW,nonneighbour_SG,631.6011399609725
001P,36,2011,18,1,NETTLE,383024,201142,1,2,37,2012,383024,201142,18,1,NETTLE,same_SG,0
001P,37,2012,18,1,NETTLE,383024,201142,1,2,38,2013,381737,201220,11,1,TAXUS,nonneighbour_SG,1289.36146987569
001P,38,2013,11,1,TAXUS,381737,201220,1,2,39,2014,382624,201274,17,1,OLDOAK,nonneighbour_SG,888.6422227195825
002A,39,2014,6,1,CEDAR,381022,201589,2,1,40,2015,381022,201589,6,1,CEDAR,same_SG,0
002A,42,2017,7,1,BOXWOOD,381241,201774,1,1,43,2018,381230,201693,7,1,BULLPEN,same_SG,81.74350127074322
002E,38,2013,3,1,BEECH,380931,201164,1,1,39,2014,380834,201150,3,1,CHESNUT,same_SG,98.00510190801293
002K,37,2012,7,1,BOXWOOD,381241,201774,2,2,38,2013,381241,201774,7,1,BOXWOOD,same_SG,0
002K,38,2013,7,1,BOXWOOD,381241,201774,1,2,39,2014,381241,201774,7,1,BOXWOOD,same_SG,0
002K,39,2014,7,1,BOXWOOD,381241,201774,1,2,40,2015,381241,201774,7,1,BOXWOOD,same_SG,0
002K,40,2015,7,1,BOXWOOD,381241,201774,2,2,41,2016,381241,201774,7,1,BOXWOOD,same_SG,0
002N,34,2009,11,1,YEW,381619,201268,1,1,35,2010,381795,200962,12,1,TOP,neighbour_SG,353.0042492662093
002N,35,2010,12,1,TOP,381795,200962,2,1,36,2011,382132,201047,15,1,POPLAR,neighbour_SG,347.55431230240833
002P,33,2008,4,1,MEAD,380390,200637,2,1,34,2009,380390,200637,4,1,MEAD,same_SG,0
002P,34,2009,4,1,MEAD,380390,200637,2,1,35,2010,380534,200550,4,1,ARTHURS,same_SG,168.24089871371942
002V,40,2015,7,1,BOXWOOD,381241,201774,2,2,41,2016,381241,201774,7,1,BOXWOOD,same_SG,0
002V,41,2016,7,1,BOXWOOD,381241,201774,1,2,42,2017,381022,201589,6,1,CEDAR,neighbour_SG,286.6810073932349
002V,42,2017,6,1,CEDAR,381022,201589,1,2,43,2018,381022,201589,6,1,CEDAR,same_SG,0
002V,43,2018,6,1,CEDAR,381022,201589,2,2,44,2019,381022,201589,6,1,CEDAR,same_SG,0
003A,39,2014,6,1,CEDAR,381022,201589,3,1,40,2015,381241,201774,7,1,BOXWOOD,neighbour_SG,286.6810073932349
003A,40,2015,7,1,BOXWOOD,381241,201774,1,1,41,2016,381022,201589,6,1,CEDAR,neighbour_SG,286.6810073932349
003A,43,2018,7,1,BULLPEN,381230,201693,1,1,44,2019,381241,201774,7,1,BOXWOOD,same_SG,81.74350127074322
003B,31,2006,2,1,BOX,380621,201409,2,1,32,2007,380621,201409,2,1,BOX,same_SG,0
003E,38,2013,3,1,BEECH,380931,201164,1,1,39,2014,380931,201164,3,1,BEECH,same_SG,0
003N,34,2009,11,1,YEW,381619,201268,1,1,35,2010,381795,200962,12,1,TOP,neighbour_SG,353.0042492662093
003N,35,2010,12,1,TOP,381795,200962,3,1,36,2011,381795,200962,12,1,TOP,same_SG,0
003N,36,2011,12,1,TOP,381795,200962,3,1,37,2012,381795,200962,12,1,TOP,same_SG,0
003V,40,2015,18,1,NETTLE,383024,201142,4,2,41,2016,383024,201142,18,1,NETTLE,same_SG,0
004A,39,2014,4,1,ARTHURS,380534,200550,2,1,40,2015,380390,200637,4,1,MEAD,same_SG,168.24089871371942
004A,40,2015,4,1,MEAD,380390,200637,1,1,41,2016,380390,200637,4,1,MEAD,same_SG,0
004E,38,2013,12,1,TOP,381795,200962,2,1,39,2014,381795,200962,12,1,TOP,same_SG,0
004M,43,2018,4,1,ARTHURS,380534,200550,1,1,44,2019,380534,200550,4,1,ARTHURS,same_SG,0
004P,33,2008,5,1,JACKSMIREY,380678,200030,1,2,34,2009,380678,200030,5,1,JACKSMIREY,same_SG,0
004R,29,2004,20,1,PARKMILL,383730,200924,1,2,30,2005,383730,200924,20,1,PARKMILL,same_SG,0
004W,30,2005,4,1,THISTLEWOODBANK,381109,200408,2,1,31,2006,380841,200432,4,1,JUNCTION,same_SG,269.0724809414742
004W,31,2006,4,1,JUNCTION,380841,200432,1,1,32,2007,381109,200408,4,1,THISTLEWOODBANK,same_SG,269.0724809414742
005A,39,2014,4,1,ARTHURS,380534,200550,2,1,40,2015,380390,200637,4,1,MEAD,same_SG,168.24089871371942
005B,31,2006,1,1,WEST,380190,201400,3,1,32,2007,380621,201409,2,1,BOX,neighbour_SG,431.0939572761372
005L,36,2011,20,1,PARKMILL,383730,200924,3,1,37,2012,383730,200924,20,1,PARKMILL,same_SG,0
005L,37,2012,20,1,PARKMILL,383730,200924,3,1,38,2013,383730,200924,20,1,PARKMILL,same_SG,0
005L,38,2013,20,1,PARKMILL,383730,200924,3,1,39,2014,383730,200924,20,1,PARKMILL,same_SG,0
005M,43,2018,5,1,JACKSMIREY,380678,200030,1,1,44,2019,380678,200030,5,1,JACKSMIREY,same_SG,0
005N,34,2009,1,1,WEST,380190,201400,3,1,35,2010,380190,201400,1,1,WEST,same_SG,0
005N,35,2010,1,1,WEST,380190,201400,3,1,36,2011,380390,200637,4,1,MEAD,neighbour_SG,788.776901284514
005T,42,2017,2,1,LARCH,380541,201242,2,1,43,2018,380621,201409,2,1,BOX,same_SG,185.17289218457435
005T,43,2018,2,1,BOX,380621,201409,2,1,44,2019,380621,201409,2,1,BOX,same_SG,0
005W,30,2005,4,1,THISTLEWOODBANK,381109,200408,2,1,31,2006,381109,200408,4,1,THISTLEWOODBANK,same_SG,0
006A,39,2014,4,1,ARTHURS,380534,200550,3,1,40,2015,380390,200637,4,1,MEAD,same_SG,168.24089871371942
006A,40,2015,4,1,MEAD,380390,200637,1,1,41,2016,380390,200637,4,1,MEAD,same_SG,0
006A,41,2016,4,1,MEAD,380390,200637,1,1,42,2017,380390,200637,4,1,MEAD,same_SG,0
006C,41,2016,8,1,BEND,381942,201770,1,1,42,2017,381370,201620,7,1,BREAKHEART,neighbour_SG,591.3408492570085
006C,42,2017,7,1,BREAKHEART,381370,201620,1,1,43,2018,381370,201620,7,1,BREAKHEART,same_SG,0
006E,38,2013,15,1,KENNEL,382464,200922,2,1,39,2014,382713,200607,16,1,WOODRUSH,neighbour_SG,401.529575498493
006G,28,2003,4,1,ARTHURS,380534,200550,2,1,29,2004,380534,200550,4,1,ARTHURS,same_SG,0
006L,36,2011,5,1,JACKSMIREY,380678,200030,2,1,37,2012,380678,200030,5,1,JACKSMIREY,same_SG,0
006L,37,2012,5,1,JACKSMIREY,380678,200030,2,1,38,2013,380390,200637,4,1,MEAD,neighbour_SG,671.8578718746994
006L,38,2013,4,1,MEAD,380390,200637,2,1,39,2014,380390,200637,4,1,MEAD,same_SG,0
006M,43,2018,11,1,YEW,381619,201268,2,1,44,2019,381737,201220,11,1,TAXUS,same_SG,127.38916751435343
006T,42,2017,2,1,LARCH,380541,201242,3,1,43,2018,380541,201242,2,1,LARCH,same_SG,0
007A,39,2014,4,1,ARTHURS,380534,200550,1,1,40,2015,380390,200637,4,1,MEAD,same_SG,168.24089871371942
007A,40,2015,4,1,MEAD,380390,200637,1,1,41,2016,380534,200550,4,1,ARTHURS,same_SG,168.24089871371942
007C,41,2016,8,1,CHAIN,381946,201669,2,1,42,2017,381946,201669,8,1,CHAIN,same_SG,0
007F,35,2010,21,1,COLLIERSWOOD,382931,200706,1,2,36,2011,382931,200706,21,1,COLLIERSWOOD,same_SG,0
007F,38,2013,21,1,COLLIERSWOOD,382931,200706,1,2,39,2014,382931,200706,21,1,COLLIERSWOOD,same_SG,0
007G,28,2003,2,1,BOX,380621,201409,2,1,29,2004,380541,201242,2,1,LARCH,same_SG,185.17289218457435
007G,29,2004,2,1,LARCH,380541,201242,2,1,30,2005,380621,201409,2,1,BOX,same_SG,185.17289218457435
007G,30,2005,2,1,BOX,380621,201409,1,1,31,2006,380541,201242,2,1,LARCH,same_SG,185.17289218457435
007M,43,2018,11,1,YEW,381619,201268,3,1,44,2019,381619,201268,11,1,YEW,same_SG,0
007T,42,2017,1,1,WEST,380190,201400,2,1,43,2018,380190,201400,1,1,WEST,same_SG,0
008A,39,2014,15,1,KENNEL,382464,200922,3,1,40,2015,382464,200922,15,1,KENNEL,same_SG,0
008B,31,2006,4,1,THISTLEWOODBANK,381109,200408,3,1,32,2007,381109,200408,4,1,THISTLEWOODBANK,same_SG,0
008B,32,2007,4,1,THISTLEWOODBANK,381109,200408,1,1,33,2008,381109,200408,4,1,THISTLEWOODBANK,same_SG,0
008B,33,2008,4,1,THISTLEWOODBANK,381109,200408,1,1,34,2009,380841,200432,4,1,JUNCTION,same_SG,269.0724809414742
008B,34,2009,4,1,JUNCTION,380841,200432,1,1,35,2010,380841,200432,4,1,JUNCTION,same_SG,0
008B,35,2010,4,1,JUNCTION,380841,200432,1,1,36,2011,380841,200432,4,1,JUNCTION,same_SG,0
008L,36,2011,1,1,WEST,380190,201400,1,1,37,2012,380190,201400,1,1,WEST,same_SG,0
008L,37,2012,1,1,WEST,380190,201400,1,1,38,2013,380190,201400,1,1,WEST,same_SG,0
008M,43,2018,11,1,YEW,381619,201268,2,1,44,2019,381619,201268,11,1,YEW,same_SG,0
008P,33,2008,9,1,LAURELS,381180,201357,2,1,34,2009,381022,201589,6,1,CEDAR,neighbour_SG,280.6920020235703
008P,34,2009,6,1,CEDAR,381022,201589,2,1,35,2010,381737,201220,11,1,TAXUS,nonneighbour_SG,804.6030077000706
008P,35,2010,11,1,TAXUS,381737,201220,1,1,36,2011,381737,201220,11,1,TAXUS,same_SG,0
009B,31,2006,1,1,WEST,380190,201400,3,1,32,2007,380279,201409,1,1,CORRAL,same_SG,89.45389874119518
009C,41,2016,14,1,OAKPILE,382183,201478,3,1,42,2017,382049,201493,14,1,COLEPARK,same_SG,134.8369385591352
009F,35,2010,7,1,BOXWOOD,381241,201774,2,1,36,2011,381241,201774,7,1,BOXWOOD,same_SG,0
009K,37,2012,10,1,SEPTICTANK,381357,201285,2,1,38,2013,380834,201150,3,1,CHESNUT,nonneighbour_SG,540.1425737710368
009L,36,2011,1,1,WEST,380190,201400,1,1,37,2012,380190,201400,1,1,WEST,same_SG,0
009M,43,2018,11,1,YEW,381619,201268,3,1,44,2019,381619,201268,11,1,YEW,same_SG,0
009N,34,2009,4,1,JUNCTION,380841,200432,2,1,35,2010,380841,200432,4,1,JUNCTION,same_SG,0
009N,35,2010,4,1,JUNCTION,380841,200432,3,1,36,2011,380841,200432,4,1,JUNCTION,same_SG,0
009N,36,2011,4,1,JUNCTION,380841,200432,2,1,37,2012,380841,200432,4,1,JUNCTION,same_SG,0
009P,33,2008,15,1,WYCHELM,382074,201085,2,1,34,2009,382132,201047,15,1,POPLAR,same_SG,69.33974329343886
009P,34,2009,15,1,POPLAR,382132,201047,3,1,35,2010,382074,201085,15,1,WYCHELM,same_SG,69.33974329343886
009P,35,2010,15,1,WYCHELM,382074,201085,2,1,36,2011,382464,200922,15,1,KENNEL,same_SG,422.6925596695546
009P,36,2011,15,1,KENNEL,382464,200922,2,1,37,2012,382713,200607,16,1,WOODRUSH,neighbour_SG,401.529575498493
009P,37,2012,16,1,WOODRUSH,382713,200607,2,1,38,2013,382464,200922,15,1,KENNEL,neighbour_SG,401.529575498493
009P,38,2013,15,1,KENNEL,382464,200922,2,1,39,2014,382464,200922,15,1,KENNEL,same_SG,0
010A,39,2014,21,1,COLLIERSWOOD,382931,200706,2,2,40,2015,382931,200706,21,1,COLLIERSWOOD,same_SG,0
010E,38,2013,11,1,YEW,381619,201268,3,1,39,2014,382074,201085,15,1,WYCHELM,neighbour_SG,490.42226703117797
010E,39,2014,15,1,WYCHELM,382074,201085,2,1,40,2015,381737,201220,11,1,TAXUS,neighbour_SG,363.03443362854716
010L,36,2011,1,1,WEST,380190,201400,1,1,37,2012,380190,201400,1,1,WEST,same_SG,0
010N,34,2009,4,1,JUNCTION,380841,200432,2,1,35,2010,380841,200432,4,1,JUNCTION,same_SG,0
010N,35,2010,4,1,JUNCTION,380841,200432,2,1,36,2011,380841,200432,4,1,JUNCTION,same_SG,0
010N,36,2011,4,1,JUNCTION,380841,200432,1,1,37,2012,380841,200432,4,1,JUNCTION,same_SG,0
010N,37,2012,4,1,JUNCTION,380841,200432,1,1,38,2013,380841,200432,4,1,JUNCTION,same_SG,0
010P,33,2008,15,1,KENNEL,382464,200922,2,1,34,2009,382464,200922,15,1,KENNEL,same_SG,0
010P,34,2009,15,1,KENNEL,382464,200922,1,1,35,2010,382074,201085,15,1,WYCHELM,same_SG,422.6925596695546
010P,35,2010,15,1,WYCHELM,382074,201085,1,1,36,2011,382786,200771,16,1,FORK,neighbour_SG,778.1645070292013
010P,38,2013,15,1,KENNEL,382464,200922,1,1,39,2014,382464,200922,15,1,KENNEL,same_SG,0
010P,39,2014,15,1,KENNEL,382464,200922,2,1,40,2015,382464,200922,15,1,KENNEL,same_SG,0
010V,40,2015,5,1,JACKSMIREY,380678,200030,2,2,41,2016,380390,200637,4,1,MEAD,neighbour_SG,671.8578718746994
010Y,32,2007,3,1,CHESNUT,380834,201150,2,1,33,2008,380931,201164,3,1,BEECH,same_SG,98.00510190801293
010Y,33,2008,3,1,BEECH,380931,201164,2,1,34,2009,380931,201164,3,1,BEECH,same_SG,0
010Y,37,2012,6,1,CEDAR,381022,201589,1,1,38,2013,381022,201589,6,1,CEDAR,same_SG,0
011A,39,2014,22,1,WOODFARM,383337,200429,3,1,40,2015,383337,200429,22,1,WOODFARM,same_SG,0
011B,31,2006,3,1,BEECH,380931,201164,1,1,32,2007,380931,201164,3,1,BEECH,same_SG,0
011B,32,2007,3,1,BEECH,380931,201164,2,1,33,2008,380931,201164,3,1,BEECH,same_SG,0
011C,41,2016,6,1,CEDAR,381022,201589,1,1,42,2017,381241,201774,7,1,BOXWOOD,neighbour_SG,286.6810073932349
011E,38,2013,11,1,YEW,381619,201268,3,1,39,2014,381619,201268,11,1,YEW,same_SG,0
011G,28,2003,1,1,WEST,380190,201400,3,1,29,2004,380190,201400,1,1,WEST,same_SG,0
011G,29,2004,1,1,WEST,380190,201400,1,1,30,2005,380190,201400,1,1,WEST,same_SG,0
011M,43,2018,16,1,WOODRUSH,382713,200607,2,1,44,2019,383045,200620,21,1,SCRUB,neighbour_SG,332.2544205875973
011P,33,2008,15,1,KENNEL,382464,200922,2,1,34,2009,382464,200922,15,1,KENNEL,same_SG,0
011R,29,2004,4,1,ARTHURS,380534,200550,3,1,30,2005,380534,200550,4,1,ARTHURS,same_SG,0
011Y,32,2007,15,1,WYCHELM,382074,201085,2,1,33,2008,382074,201085,15,1,WYCHELM,same_SG,0
011Y,33,2008,15,1,WYCHELM,382074,201085,3,1,34,2009,382132,201047,15,1,POPLAR,same_SG,69.33974329343886
011Y,34,2009,15,1,POPLAR,382132,201047,2,1,35,2010,382132,201047,15,1,POPLAR,same_SG,0
011Y,35,2010,15,1,POPLAR,382132,201047,2,1,36,2011,382074,201085,15,1,WYCHELM,same_SG,69.33974329343886
011Y,36,2011,15,1,WYCHELM,382074,201085,2,1,37,2012,382074,201085,15,1,WYCHELM,same_SG,0
012B,31,2006,12,1,TOP,381795,200962,2,1,32,2007,381619,201268,11,1,YEW,neighbour_SG,353.0042492662093
012B,32,2007,11,1,YEW,381619,201268,2,1,33,2008,381737,201220,11,1,TAXUS,same_SG,127.38916751435343
012B,33,2008,11,1,TAXUS,381737,201220,1,1,34,2009,381619,201268,11,1,YEW,same_SG,127.38916751435343
012C,41,2016,1,1,WEST,380190,201400,2,1,42,2017,380190,201400,1,1,WEST,same_SG,0
012E,38,2013,3,1,CHESNUT,380834,201150,1,1,39,2014,380931,201164,3,1,BEECH,same_SG,98.00510190801293
012E,39,2014,3,1,BEECH,380931,201164,1,1,40,2015,380931,201164,3,1,BEECH,same_SG,0
012E,40,2015,3,1,BEECH,380931,201164,1,1,41,2016,380834,201150,3,1,CHESNUT,same_SG,98.00510190801293
012E,41,2016,3,1,CHESNUT,380834,201150,1,1,42,2017,380931,201164,3,1,BEECH,same_SG,98.00510190801293
012E,42,2017,3,1,BEECH,380931,201164,1,1,43,2018,380931,201164,3,1,BEECH,same_SG,0
012E,43,2018,3,1,BEECH,380931,201164,1,1,44,2019,380931,201164,3,1,BEECH,same_SG,0
012F,35,2010,8,1,HONEYWELL,381931,201706,2,1,36,2011,381931,201706,8,1,HONEYWELL,same_SG,0
012G,28,2003,11,1,TAXUS,381737,201220,2,1,29,2004,381795,200962,12,1,TOP,neighbour_SG,264.43902888945877
012G,29,2004,12,1,TOP,381795,200962,2,1,30,2005,381795,200962,12,1,TOP,same_SG,0
012G,30,2005,12,1,TOP,381795,200962,1,1,31,2006,381350,200278,999,2,HEDGE,peripheral,816.0153184836666
012L,36,2011,5,1,JACKSMIREY,380678,200030,1,1,37,2012,380678,200030,5,1,JACKSMIREY,same_SG,0
012L,37,2012,5,1,JACKSMIREY,380678,200030,2,1,38,2013,380678,200030,5,1,JACKSMIREY,same_SG,0
012L,38,2013,5,1,JACKSMIREY,380678,200030,2,1,39,2014,380678,200030,5,1,JACKSMIREY,same_SG,0
012M,43,2018,15,1,KENNEL,382464,200922,1,1,44,2019,382464,200922,15,1,KENNEL,same_SG,0
012P,35,2010,16,1,WOODRUSH,382713,200607,1,1,36,2011,382464,200922,15,1,KENNEL,neighbour_SG,401.529575498493
012P,36,2011,15,1,KENNEL,382464,200922,1,1,37,2012,382713,200607,16,1,WOODRUSH,neighbour_SG,401.529575498493
012P,37,2012,16,1,WOODRUSH,382713,200607,2,1,38,2013,382464,200922,15,1,KENNEL,neighbour_SG,401.529575498493
012R,29,2004,2,1,BOX,380621,201409,3,1,30,2005,380621,201409,2,1,BOX,same_SG,0
012R,30,2005,2,1,BOX,380621,201409,1,1,31,2006,381016,201635,6,1,FOX,neighbour_SG,455.0835088200846
012R,31,2006,6,1,FOX,381016,201635,1,1,32,2007,381022,201589,6,1,CEDAR,same_SG,46.389654018972806
012Y,32,2007,15,1,WYCHELM,382074,201085,2,1,33,2008,382074,201085,15,1,WYCHELM,same_SG,0
013E,38,2013,11,1,YEW,381619,201268,2,1,39,2014,382132,201047,15,1,POPLAR,neighbour_SG,558.578553114958
013E,39,2014,15,1,POPLAR,382132,201047,1,1,40,2015,382132,201047,15,1,POPLAR,same_SG,0
013E,40,2015,15,1,POPLAR,382132,201047,1,1,41,2016,381737,201220,11,1,TAXUS,neighbour_SG,431.223839786253
013F,35,2010,8,1,HONEYWELL,381931,201706,2,1,36,2011,381931,201706,8,1,HONEYWELL,same_SG,0
013F,36,2011,8,1,HONEYWELL,381931,201706,3,1,37,2012,381931,201706,8,1,HONEYWELL,same_SG,0
013G,28,2003,3,1,CHESNUT,380834,201150,2,1,29,2004,380931,201164,3,1,BEECH,same_SG,98.00510190801293
013G,29,2004,3,1,BEECH,380931,201164,1,1,30,2005,380931,201164,3,1,BEECH,same_SG,0
013L,36,2011,3,1,BEECH,380931,201164,2,1,37,2012,380834,201150,3,1,CHESNUT,same_SG,98.00510190801293
013M,43,2018,15,1,KENNEL,382464,200922,2,1,44,2019,382399,200920,15,1,CULDESAC,same_SG,65.03076195155643
013N,34,2009,3,1,BEECH,380931,201164,1,1,35,2010,380834,201150,3,1,CHESNUT,same_SG,98.00510190801293
013N,35,2010,3,1,CHESNUT,380834,201150,2,1,36,2011,380931,201164,3,1,BEECH,same_SG,98.00510190801293
013N,36,2011,3,1,BEECH,380931,201164,1,1,37,2012,380931,201164,3,1,BEECH,same_SG,0
013P,33,2008,15,1,KENNEL,382464,200922,2,1,34,2009,382464,200922,15,1,KENNEL,same_SG,0
013P,34,2009,15,1,KENNEL,382464,200922,1,1,35,2010,382464,200922,15,1,KENNEL,same_SG,0
013Y,32,2007,21,1,COLLIERSWOOD,382931,200706,3,1,33,2008,382931,200706,21,1,COLLIERSWOOD,same_SG,0
013Y,33,2008,21,1,COLLIERSWOOD,382931,200706,2,1,34,2009,382931,200706,21,1,COLLIERSWOOD,same_SG,0
013Z,44,2019,1,1,WEST,380190,201400,1,1,45,2020,380190,201400,1,1,WEST,same_SG,0
014A,39,2014,7,1,BREAKHEART,381370,201620,1,1,40,2015,381370,201620,7,1,BREAKHEART,same_SG,0
014A,40,2015,7,1,BREAKHEART,381370,201620,2,1,41,2016,381931,201706,8,1,HONEYWELL,neighbour_SG,567.5535217052221
014B,31,2006,22,1,WOODFARM,383337,200429,3,1,32,2007,383337,200429,22,1,WOODFARM,same_SG,0
014C,41,2016,22,1,WOODFARM,383337,200429,2,1,42,2017,383337,200429,22,1,WOODFARM,same_SG,0
014G,28,2003,10,1,SEPTICTANK,381357,201285,2,1,29,2004,381247,201345,10,1,HUNTINGGATE,same_SG,125.29964086141668
014L,36,2011,3,1,BEECH,380931,201164,2,1,37,2012,380834,201150,3,1,CHESNUT,same_SG,98.00510190801293
014M,43,2018,15,1,KENNEL,382464,200922,2,1,44,2019,382464,200922,15,1,KENNEL,same_SG,0
014N,34,2009,4,1,MEAD,380390,200637,2,1,35,2010,380534,200550,4,1,ARTHURS,same_SG,168.24089871371942
014N,35,2010,4,1,ARTHURS,380534,200550,2,1,36,2011,380390,200637,4,1,MEAD,same_SG,168.24089871371942
014N,36,2011,4,1,MEAD,380390,200637,1,1,37,2012,380390,200637,4,1,MEAD,same_SG,0
014P,33,2008,15,1,WYCHELM,382074,201085,2,1,34,2009,382132,201047,15,1,POPLAR,same_SG,69.33974329343886
014P,34,2009,15,1,POPLAR,382132,201047,3,1,35,2010,382074,201085,15,1,WYCHELM,same_SG,69.33974329343886
014P,35,2010,15,1,WYCHELM,382074,201085,3,1,36,2011,382464,200922,15,1,KENNEL,same_SG,422.6925596695546
014P,36,2011,15,1,KENNEL,382464,200922,2,1,37,2012,383024,201142,18,1,NETTLE,nonneighbour_SG,601.6643582596529
014Z,44,2019,3,1,CHESNUT,380834,201150,2,1,45,2020,380931,201164,3,1,BEECH,same_SG,98.00510190801293
015B,31,2006,18,1,HOLLOWTREE,382930,201326,1,1,32,2007,383024,201142,18,1,NETTLE,same_SG,206.6204249342257
015B,32,2007,18,1,NETTLE,383024,201142,3,1,33,2008,383412,200931,20,1,SCOTLANDBANK,neighbour_SG,441.6616351914665
015B,33,2008,20,1,SCOTLANDBANK,383412,200931,2,1,34,2009,383126,200958,19,1,DAM,neighbour_SG,287.2716484444645
015C,41,2016,22,1,WOODFARM,383337,200429,2,1,42,2017,383337,200429,22,1,WOODFARM,same_SG,0
015C,42,2017,22,1,WOODFARM,383337,200429,4,1,43,2018,383337,200429,22,1,WOODFARM,same_SG,0
015C,43,2018,22,1,WOODFARM,383337,200429,4,1,44,2019,383337,200429,22,1,WOODFARM,same_SG,0
015E,38,2013,10,1,HUNTINGGATE,381247,201345,2,1,39,2014,381247,201345,10,1,HUNTINGGATE,same_SG,0
015G,28,2003,15,1,WYCHELM,382074,201085,3,1,29,2004,382074,201085,15,1,WYCHELM,same_SG,0
015L,36,2011,3,1,BEECH,380931,201164,1,1,37,2012,380834,201150,3,1,CHESNUT,same_SG,98.00510190801293
015M,43,2018,22,1,WOODFARM,383337,200429,3,1,44,2019,383337,200429,22,1,WOODFARM,same_SG,0
015P,33,2008,15,1,POPLAR,382132,201047,1,1,34,2009,382132,201047,15,1,POPLAR,same_SG,0
015P,34,2009,15,1,POPLAR,382132,201047,2,1,35,2010,382464,200922,15,1,KENNEL,same_SG,354.7520260689148
015P,35,2010,15,1,KENNEL,382464,200922,3,1,36,2011,382464,200922,15,1,KENNEL,same_SG,0
015P,36,2011,15,1,KENNEL,382464,200922,2,1,37,2012,382713,200607,16,1,WOODRUSH,neighbour_SG,401.529575498493
015P,37,2012,16,1,WOODRUSH,382713,200607,3,1,38,2013,382464,200922,15,1,KENNEL,neighbour_SG,401.529575498493
015P,38,2013,15,1,KENNEL,382464,200922,2,1,39,2014,382464,200922,15,1,KENNEL,same_SG,0
015P,39,2014,15,1,KENNEL,382464,200922,2,1,40,2015,382464,200922,15,1,KENNEL,same_SG,0
015T,42,2017,15,1,KENNEL,382464,200922,3,1,43,2018,382464,200922,15,1,KENNEL,same_SG,0
015T,43,2018,15,1,KENNEL,382464,200922,2,1,44,2019,382464,200922,15,1,KENNEL,same_SG,0
015V,40,2015,15,1,KENNEL,382464,200922,3,1,41,2016,382464,200922,15,1,KENNEL,same_SG,0
015V,41,2016,15,1,KENNEL,382464,200922,4,1,42,2017,382464,200922,15,1,KENNEL,same_SG,0
015V,42,2017,15,1,KENNEL,382464,200922,2,1,43,2018,382399,200920,15,1,CULDESAC,same_SG,65.03076195155643
016B,31,2006,8,1,CHAIN,381946,201669,1,1,32,2007,381942,201770,8,1,BEND,same_SG,101.07917688624102
016B,32,2007,8,1,BEND,381942,201770,1,1,33,2008,381931,201706,8,1,HONEYWELL,same_SG,64.93843238021688
016B,33,2008,8,1,HONEYWELL,381931,201706,1,1,34,2009,381931,201706,8,1,HONEYWELL,same_SG,0
016B,34,2009,8,1,HONEYWELL,381931,201706,1,1,35,2010,381931,201706,8,1,HONEYWELL,same_SG,0
016C,41,2016,11,1,YEW,381619,201268,2,1,42,2017,381619,201268,11,1,YEW,same_SG,0
016C,42,2017,11,1,YEW,381619,201268,2,1,43,2018,381619,201268,11,1,YEW,same_SG,0
016G,28,2003,16,1,WOODRUSH,382713,200607,2,1,29,2004,382786,200771,16,1,FORK,same_SG,179.51323071016242
016G,29,2004,16,1,FORK,382786,200771,2,1,30,2005,382931,200706,21,1,COLLIERSWOOD,neighbour_SG,158.90248582070703
016M,43,2018,22,1,WOODFARM,383337,200429,2,1,44,2019,383337,200429,22,1,WOODFARM,same_SG,0
016N,34,2009,4,1,JUNCTION,380841,200432,2,1,35,2010,380841,200432,4,1,JUNCTION,same_SG,0
016N,35,2010,4,1,JUNCTION,380841,200432,1,1,36,2011,380534,200550,4,1,ARTHURS,same_SG,328.89664029904594
016P,33,2008,3,1,BEECH,380931,201164,1,1,34,2009,380931,201164,3,1,BEECH,same_SG,0
016P,34,2009,3,1,BEECH,380931,201164,2,1,35,2010,380931,201164,3,1,BEECH,same_SG,0
016P,35,2010,3,1,BEECH,380931,201164,2,1,36,2011,381022,201589,6,1,CEDAR,neighbour_SG,434.6331786690933
016P,36,2011,6,1,CEDAR,381022,201589,1,1,37,2012,381016,201635,6,1,FOX,same_SG,46.389654018972806
016P,37,2012,6,1,FOX,381016,201635,1,1,38,2013,381022,201589,6,1,CEDAR,same_SG,46.389654018972806
016P,38,2013,6,1,CEDAR,381022,201589,2,1,39,2014,381180,201357,9,1,LAURELS,neighbour_SG,280.6920020235703
016P,39,2014,9,1,LAURELS,381180,201357,1,1,40,2015,381022,201589,6,1,CEDAR,neighbour_SG,280.6920020235703
016R,29,2004,1,1,WEST,380190,201400,1,1,30,2005,380190,201400,1,1,WEST,same_SG,0
016V,40,2015,15,1,KENNEL,382464,200922,3,1,41,2016,382464,200922,15,1,KENNEL,same_SG,0
016V,41,2016,15,1,KENNEL,382464,200922,4,1,42,2017,382464,200922,15,1,KENNEL,same_SG,0
016V,42,2017,15,1,KENNEL,382464,200922,2,1,43,2018,382399,200920,15,1,CULDESAC,same_SG,65.03076195155643
016V,43,2018,15,1,CULDESAC,382399,200920,1,1,44,2019,382464,200922,15,1,KENNEL,same_SG,65.03076195155643
017A,39,2014,17,1,OLDOAK,382624,201274,2,1,40,2015,382624,201274,17,1,OLDOAK,same_SG,0
017A,40,2015,17,1,OLDOAK,382624,201274,2,1,41,2016,383024,201142,18,1,NETTLE,neighbour_SG,421.2172835960082
017B,31,2006,8,1,HONEYWELL,381931,201706,3,1,32,2007,381946,201669,8,1,CHAIN,same_SG,39.92492955535426
017B,32,2007,8,1,CHAIN,381946,201669,1,1,33,2008,382049,201493,14,1,COLEPARK,neighbour_SG,203.92400545301183
017B,33,2008,14,1,COLEPARK,382049,201493,1,1,34,2009,381946,201669,8,1,CHAIN,neighbour_SG,203.92400545301183
017B,34,2009,8,1,CHAIN,381946,201669,1,1,35,2010,381931,201706,8,1,HONEYWELL,same_SG,39.92492955535426
017B,35,2010,8,1,HONEYWELL,381931,201706,1,1,36,2011,381946,201669,8,1,CHAIN,same_SG,39.92492955535426
017L,36,2011,3,1,BEECH,380931,201164,1,1,37,2012,380834,201150,3,1,CHESNUT,same_SG,98.00510190801293
017M,43,2018,21,1,COLLIERSWOOD,382931,200706,2,1,44,2019,382931,200706,21,1,COLLIERSWOOD,same_SG,0
017R,29,2004,2,1,BOX,380621,201409,2,1,30,2005,380541,201242,2,1,LARCH,same_SG,185.17289218457435
017R,30,2005,2,1,LARCH,380541,201242,2,1,31,2006,380621,201409,2,1,BOX,same_SG,185.17289218457435
017R,31,2006,2,1,BOX,380621,201409,1,1,32,2007,380621,201409,2,1,BOX,same_SG,0
017R,32,2007,2,1,BOX,380621,201409,2,1,33,2008,380621,201409,2,1,BOX,same_SG,0
017R,33,2008,2,1,BOX,380621,201409,3,1,34,2009,380621,201409,2,1,BOX,same_SG,0
017V,40,2015,15,1,KENNEL,382464,200922,2,1,41,2016,382464,200922,15,1,KENNEL,same_SG,0
017V,41,2016,15,1,KENNEL,382464,200922,2,1,42,2017,382464,200922,15,1,KENNEL,same_SG,0
017V,42,2017,15,1,KENNEL,382464,200922,1,1,43,2018,382464,200922,15,1,KENNEL,same_SG,0
017Z,44,2019,3,1,BEECH,380931,201164,1,1,45,2020,381247,201345,10,1,HUNTINGGATE,nonneighbour_SG,364.16617086159994
018B,31,2006,8,1,HONEYWELL,381931,201706,3,1,32,2007,381946,201669,8,1,CHAIN,same_SG,39.92492955535426
018B,34,2009,8,1,HONEYWELL,381931,201706,2,1,35,2010,381931,201706,8,1,HONEYWELL,same_SG,0
018B,35,2010,8,1,HONEYWELL,381931,201706,1,1,36,2011,382183,201478,14,1,OAKPILE,neighbour_SG,339.8352542041511
018G,28,2003,3,1,CHESNUT,380834,201150,2,1,29,2004,380931,201164,3,1,BEECH,same_SG,98.00510190801293
018L,36,2011,21,1,COLLIERSWOOD,382931,200706,1,1,37,2012,382931,200706,21,1,COLLIERSWOOD,same_SG,0
018L,37,2012,21,1,COLLIERSWOOD,382931,200706,3,1,38,2013,382931,200706,21,1,COLLIERSWOOD,same_SG,0
018M,43,2018,8,1,HONEYWELL,381931,201706,2,1,44,2019,381931,201706,8,1,HONEYWELL,same_SG,0
018N,34,2009,2,1,BOX,380621,201409,2,1,35,2010,380621,201409,2,1,BOX,same_SG,0
018N,35,2010,2,1,BOX,380621,201409,3,1,36,2011,380621,201409,2,1,BOX,same_SG,0
018N,36,2011,2,1,BOX,380621,201409,3,1,37,2012,380541,201242,2,1,LARCH,same_SG,185.17289218457435
018P,33,2008,11,1,YEW,381619,201268,2,1,34,2009,381795,200962,12,1,TOP,neighbour_SG,353.0042492662093
018P,34,2009,12,1,TOP,381795,200962,2,1,35,2010,381795,200962,12,1,TOP,same_SG,0
018P,35,2010,12,1,TOP,381795,200962,4,1,36,2011,381795,200962,12,1,TOP,same_SG,0
018R,29,2004,1,1,WEST,380190,201400,2,1,30,2005,380190,201400,1,1,WEST,same_SG,0
018V,40,2015,16,1,WOODRUSH,382713,200607,1,1,41,2016,382713,200607,16,1,WOODRUSH,same_SG,0
018Y,32,2007,12,1,TOP,381795,200962,2,1,33,2008,381795,200962,12,1,TOP,same_SG,0
019A,39,2014,20,1,SCOTLANDBANK,383412,200931,3,1,40,2015,383412,200931,20,1,SCOTLANDBANK,same_SG,0
019A,40,2015,20,1,SCOTLANDBANK,383412,200931,2,1,41,2016,383730,200924,20,1,PARKMILL,same_SG,318.0770346944274
019A,41,2016,20,1,PARKMILL,383730,200924,2,1,42,2017,383730,200924,20,1,PARKMILL,same_SG,0
019A,42,2017,20,1,PARKMILL,383730,200924,1,1,43,2018,383730,200924,20,1,PARKMILL,same_SG,0
019A,43,2018,20,1,PARKMILL,383730,200924,2,1,44,2019,383412,200931,20,1,SCOTLANDBANK,same_SG,318.0770346944274
019B,31,2006,22,1,WOODFARM,383337,200429,3,1,32,2007,383337,200429,22,1,WOODFARM,same_SG,0
019C,41,2016,15,1,KENNEL,382464,200922,2,1,42,2017,382464,200922,15,1,KENNEL,same_SG,0
019G,28,2003,10,1,HUNTINGGATE,381247,201345,1,1,29,2004,381247,201345,10,1,HUNTINGGATE,same_SG,0
019G,29,2004,10,1,HUNTINGGATE,381247,201345,1,1,30,2005,381314,201301,10,1,FERN,same_SG,80.15609770940699
019L,36,2011,21,1,COLLIERSWOOD,382931,200706,1,1,37,2012,382931,200706,21,1,COLLIERSWOOD,same_SG,0
019M,43,2018,8,1,HONEYWELL,381931,201706,2,1,44,2019,381946,201669,8,1,CHAIN,same_SG,39.92492955535426
019N,34,2009,2,1,BOX,380621,201409,1,1,35,2010,380621,201409,2,1,BOX,same_SG,0
019P,33,2008,11,1,TAXUS,381737,201220,1,1,34,2009,381619,201268,11,1,YEW,same_SG,127.38916751435343
019P,34,2009,11,1,YEW,381619,201268,1,1,35,2010,381737,201220,11,1,TAXUS,same_SG,127.38916751435343
019P,35,2010,11,1,TAXUS,381737,201220,1,1,36,2011,381737,201220,11,1,TAXUS,same_SG,0
019P,39,2014,11,1,TAXUS,381737,201220,1,1,40,2015,381737,201220,11,1,TAXUS,same_SG,0
019R,32,2007,5,1,JACKSMIREY,380678,200030,1,1,33,2008,380678,200030,5,1,JACKSMIREY,same_SG,0
019V,40,2015,16,1,WOODRUSH,382713,200607,1,1,41,2016,382931,200706,21,1,COLLIERSWOOD,neighbour_SG,239.42639787625757
020A,39,2014,20,1,PARKMILL,383730,200924,3,1,40,2015,383730,200924,20,1,PARKMILL,same_SG,0
020B,31,2006,22,1,WOODFARM,383337,200429,3,1,32,2007,383337,200429,22,1,WOODFARM,same_SG,0
020B,32,2007,22,1,WOODFARM,383337,200429,3,1,33,2008,383337,200429,22,1,WOODFARM,same_SG,0
020C,41,2016,11,1,YEW,381619,201268,2,1,42,2017,381619,201268,11,1,YEW,same_SG,0
020C,42,2017,11,1,YEW,381619,201268,2,1,43,2018,381737,201220,11,1,TAXUS,same_SG,127.38916751435343
020F,35,2010,8,1,HONEYWELL,381931,201706,1,1,36,2011,381931,201706,8,1,HONEYWELL,same_SG,0
020F,36,2011,8,1,HONEYWELL,381931,201706,4,1,37,2012,381931,201706,8,1,HONEYWELL,same_SG,0
020G,28,2003,22,1,WOODFARM,383337,200429,2,1,29,2004,383337,200429,22,1,WOODFARM,same_SG,0
020L,36,2011,22,1,WOODFARM,383337,200429,1,1,37,2012,383337,200429,22,1,WOODFARM,same_SG,0
020L,37,2012,22,1,WOODFARM,383337,200429,3,1,38,2013,383337,200429,22,1,WOODFARM,same_SG,0
020L,38,2013,22,1,WOODFARM,383337,200429,1,1,39,2014,383337,200429,22,1,WOODFARM,same_SG,0
020L,39,2014,22,1,WOODFARM,383337,200429,2,1,40,2015,383337,200429,22,1,WOODFARM,same_SG,0
020L,40,2015,22,1,WOODFARM,383337,200429,1,1,41,2016,383337,200429,22,1,WOODFARM,same_SG,0
020L,41,2016,22,1,WOODFARM,383337,200429,2,1,42,2017,383337,200429,22,1,WOODFARM,same_SG,0
020M,43,2018,6,1,CEDAR,381022,201589,1,1,44,2019,381022,201589,6,1,CEDAR,same_SG,0
020N,34,2009,2,1,BOX,380621,201409,2,1,35,2010,380621,201409,2,1,BOX,same_SG,0
020N,35,2010,2,1,BOX,380621,201409,1,1,36,2011,380621,201409,2,1,BOX,same_SG,0
020N,36,2011,2,1,BOX,380621,201409,1,1,37,2012,380541,201242,2,1,LARCH,same_SG,185.17289218457435
020P,33,2008,11,1,YEW,381619,201268,1,1,34,2009,381737,201220,11,1,TAXUS,same_SG,127.38916751435343
020P,34,2009,11,1,TAXUS,381737,201220,1,1,35,2010,381795,200962,12,1,TOP,neighbour_SG,264.43902888945877
020T,42,2017,7,1,BOXWOOD,381241,201774,2,1,43,2018,381241,201774,7,1,BOXWOOD,same_SG,0
020T,43,2018,7,1,BOXWOOD,381241,201774,1,1,44,2019,381022,201589,6,1,CEDAR,neighbour_SG,286.6810073932349
020T,44,2019,6,1,CEDAR,381022,201589,2,1,45,2020,381022,201589,6,1,CEDAR,same_SG,0
020V,40,2015,12,1,TOP,381795,200962,1,1,41,2016,381795,200962,12,1,TOP,same_SG,0
020Y,32,2007,15,1,POPLAR,382132,201047,2,1,33,2008,382074,201085,15,1,WYCHELM,same_SG,69.33974329343886
020Y,33,2008,15,1,WYCHELM,382074,201085,2,1,34,2009,382464,200922,15,1,KENNEL,same_SG,422.6925596695546
020Y,34,2009,15,1,KENNEL,382464,200922,1,1,35,2010,382464,200922,15,1,KENNEL,same_SG,0
020Y,35,2010,15,1,KENNEL,382464,200922,2,1,36,2011,382464,200922,15,1,KENNEL,same_SG,0
021B,31,2006,17,1,OLDOAK,382624,201274,2,1,32,2007,382624,201274,17,1,OLDOAK,same_SG,0
021B,34,2009,14,1,TRACKSIDE,382281,201327,1,1,35,2010,382281,201327,14,1,TRACKSIDE,same_SG,0
021B,35,2010,14,1,TRACKSIDE,382281,201327,1,1,36,2011,382281,201327,14,1,TRACKSIDE,same_SG,0
021C,41,2016,7,1,BOXWOOD,381241,201774,2,1,42,2017,381241,201774,7,1,BOXWOOD,same_SG,0
021C,42,2017,7,1,BOXWOOD,381241,201774,2,1,43,2018,381022,201589,6,1,CEDAR,neighbour_SG,286.6810073932349
021C,43,2018,6,1,CEDAR,381022,201589,2,1,44,2019,381022,201589,6,1,CEDAR,same_SG,0
021E,38,2013,14,1,OLDCOLEPARK,382142,201424,2,1,39,2014,382281,201327,14,1,TRACKSIDE,same_SG,169.49926253526885
021E,39,2014,14,1,TRACKSIDE,382281,201327,2,1,40,2015,381931,201706,8,1,HONEYWELL,neighbour_SG,515.8885538563537
021F,35,2010,3,1,BEECH,380931,201164,1,1,36,2011,380834,201150,3,1,CHESNUT,same_SG,98.00510190801293
021F,36,2011,3,1,CHESNUT,380834,201150,1,1,37,2012,380901,201150,3,1,MANSION,same_SG,67
021L,36,2011,22,1,WOODFARM,383337,200429,1,1,37,2012,383337,200429,22,1,WOODFARM,same_SG,0
021L,37,2012,22,1,WOODFARM,383337,200429,4,1,38,2013,383337,200429,22,1,WOODFARM,same_SG,0
021L,38,2013,22,1,WOODFARM,383337,200429,1,1,39,2014,383337,200429,22,1,WOODFARM,same_SG,0
021L,39,2014,22,1,WOODFARM,383337,200429,1,1,40,2015,383337,200429,22,1,WOODFARM,same_SG,0
021L,40,2015,22,1,WOODFARM,383337,200429,1,1,41,2016,383337,200429,22,1,WOODFARM,same_SG,0
021L,41,2016,22,1,WOODFARM,383337,200429,1,1,42,2017,382931,200706,21,1,COLLIERSWOOD,neighbour_SG,491.49262456317695
021L,42,2017,21,1,COLLIERSWOOD,382931,200706,2,1,43,2018,382931,200706,21,1,COLLIERSWOOD,same_SG,0
021P,33,2008,8,1,CHAIN,381946,201669,2,1,34,2009,381946,201669,8,1,CHAIN,same_SG,0
021T,42,2017,7,1,BOXWOOD,381241,201774,2,1,43,2018,381022,201589,6,1,CEDAR,neighbour_SG,286.6810073932349
021T,43,2018,6,1,CEDAR,381022,201589,2,1,44,2019,381022,201589,6,1,CEDAR,same_SG,0
021V,40,2015,11,1,YEW,381619,201268,3,2,41,2016,381619,201268,11,1,YEW,same_SG,0
021V,41,2016,11,1,YEW,381619,201268,3,2,42,2017,381737,201220,11,1,TAXUS,same_SG,127.38916751435343
021V,42,2017,11,1,TAXUS,381737,201220,2,2,43,2018,381931,201706,8,1,HONEYWELL,nonneighbour_SG,523.2895947752066
022A,39,2014,20,1,SCOTLANDBANK,383412,200931,2,1,40,2015,383412,200931,20,1,SCOTLANDBANK,same_SG,0
022A,40,2015,20,1,SCOTLANDBANK,383412,200931,3,1,41,2016,382931,200706,21,1,COLLIERSWOOD,neighbour_SG,531.0235399678625
022B,31,2006,18,1,HOLLOWTREE,382930,201326,2,1,32,2007,383024,201142,18,1,NETTLE,same_SG,206.6204249342257
022B,37,2012,18,1,NETTLE,383024,201142,2,1,38,2013,383024,201142,18,1,NETTLE,same_SG,0
022C,41,2016,8,1,HONEYWELL,381931,201706,2,1,42,2017,383635,200531,999,2,WINDSOREDGE,peripheral,2069.8408151353087
022E,38,2013,14,1,TRACKSIDE,382281,201327,2,1,39,2014,382281,201327,14,1,TRACKSIDE,same_SG,0
022E,39,2014,14,1,TRACKSIDE,382281,201327,2,1,40,2015,381931,201706,8,1,HONEYWELL,neighbour_SG,515.8885538563537
022E,40,2015,8,1,HONEYWELL,381931,201706,1,1,41,2016,381942,201770,8,1,BEND,same_SG,64.93843238021688
022E,41,2016,8,1,BEND,381942,201770,1,1,42,2017,381946,201669,8,1,CHAIN,same_SG,101.07917688624102
022F,35,2010,9,1,LAURELS,381180,201357,2,1,36,2011,381180,201357,9,1,LAURELS,same_SG,0
022F,36,2011,9,1,LAURELS,381180,201357,2,1,37,2012,381247,201345,10,1,HUNTINGGATE,neighbour_SG,68.06614430096654
022F,37,2012,10,1,HUNTINGGATE,381247,201345,1,1,38,2013,381180,201357,9,1,LAURELS,neighbour_SG,68.06614430096654
022G,28,2003,20,1,PARKMILL,383730,200924,3,1,29,2004,383730,200924,20,1,PARKMILL,same_SG,0
022G,29,2004,20,1,PARKMILL,383730,200924,2,1,30,2005,383730,200924,20,1,PARKMILL,same_SG,0
022G,30,2005,20,1,PARKMILL,383730,200924,2,1,31,2006,382930,201326,18,1,HOLLOWTREE,neighbour_SG,895.323405256447
022G,33,2008,20,1,PARKMILL,383730,200924,1,1,34,2009,383730,200924,20,1,PARKMILL,same_SG,0
022L,36,2011,11,1,YEW,381619,201268,1,1,37,2012,381619,201268,11,1,YEW,same_SG,0
022N,34,2009,5,1,JACKSMIREY,380678,200030,1,1,35,2010,380678,200030,5,1,JACKSMIREY,same_SG,0
022N,35,2010,5,1,JACKSMIREY,380678,200030,2,1,36,2011,380678,200030,5,1,JACKSMIREY,same_SG,0
022N,36,2011,5,1,JACKSMIREY,380678,200030,2,1,37,2012,380678,200030,5,1,JACKSMIREY,same_SG,0
022P,33,2008,17,1,OLDOAK,382624,201274,1,1,34,2009,383024,201142,18,1,NETTLE,neighbour_SG,421.2172835960082
022P,34,2009,18,1,NETTLE,383024,201142,1,1,35,2010,382930,201326,18,1,HOLLOWTREE,same_SG,206.6204249342257
022P,35,2010,18,1,HOLLOWTREE,382930,201326,1,1,36,2011,383024,201142,18,1,NETTLE,same_SG,206.6204249342257
022P,36,2011,18,1,NETTLE,383024,201142,1,1,37,2012,383024,201142,18,1,NETTLE,same_SG,0
023A,39,2014,20,1,PARKMILL,383730,200924,1,1,40,2015,383730,200924,20,1,PARKMILL,same_SG,0
023A,40,2015,20,1,PARKMILL,383730,200924,4,1,41,2016,383730,200924,20,1,PARKMILL,same_SG,0
023B,31,2006,8,1,HONEYWELL,381931,201706,2,1,32,2007,381931,201706,8,1,HONEYWELL,same_SG,0
023B,32,2007,8,1,HONEYWELL,381931,201706,3,1,33,2008,382281,201327,14,1,TRACKSIDE,neighbour_SG,515.8885538563537
023B,33,2008,14,1,TRACKSIDE,382281,201327,3,1,34,2009,382281,201327,14,1,TRACKSIDE,same_SG,0
023C,41,2016,7,1,BOXWOOD,381241,201774,1,1,42,2017,381241,201774,7,1,BOXWOOD,same_SG,0
023E,38,2013,17,1,OLDOAK,382624,201274,1,1,39,2014,382624,201274,17,1,OLDOAK,same_SG,0
023F,35,2010,12,1,TOP,381795,200962,2,1,36,2011,381795,200962,12,1,TOP,same_SG,0
023L,36,2011,12,1,TOP,381795,200962,1,1,37,2012,381795,200962,12,1,TOP,same_SG,0
023M,43,2018,7,1,BOXWOOD,381241,201774,2,1,44,2019,381022,201589,6,1,CEDAR,neighbour_SG,286.6810073932349
023N,34,2009,6,1,CEDAR,381022,201589,1,1,35,2010,381022,201589,6,1,CEDAR,same_SG,0
023N,35,2010,6,1,CEDAR,381022,201589,3,1,36,2011,381022,201589,6,1,CEDAR,same_SG,0
023N,36,2011,6,1,CEDAR,381022,201589,1,1,37,2012,381022,201589,6,1,CEDAR,same_SG,0
023P,33,2008,17,1,OLDOAK,382624,201274,2,1,34,2009,382624,201274,17,1,OLDOAK,same_SG,0
023P,34,2009,17,1,OLDOAK,382624,201274,3,1,35,2010,382624,201274,17,1,OLDOAK,same_SG,0
023P,35,2010,17,1,OLDOAK,382624,201274,1,1,36,2011,382624,201274,17,1,OLDOAK,same_SG,0
023R,29,2004,4,1,THISTLEWOODBANK,381109,200408,2,1,30,2005,381109,200408,4,1,THISTLEWOODBANK,same_SG,0
023T,42,2017,18,1,HOLLOWTREE,382930,201326,1,2,43,2018,383024,201142,18,1,NETTLE,same_SG,206.6204249342257
023V,40,2015,11,1,YEW,381619,201268,2,2,41,2016,381737,201220,11,1,TAXUS,same_SG,127.38916751435343
023Y,32,2007,16,1,FORK,382786,200771,1,2,33,2008,382713,200607,16,1,WOODRUSH,same_SG,179.51323071016242
024B,31,2006,18,1,NETTLE,383024,201142,3,1,32,2007,383024,201142,18,1,NETTLE,same_SG,0
024B,32,2007,18,1,NETTLE,383024,201142,4,1,33,2008,383730,200924,20,1,PARKMILL,neighbour_SG,738.8910609826052
024B,37,2012,20,1,SCOTLANDBANK,383412,200931,1,1,38,2013,383412,200931,20,1,SCOTLANDBANK,same_SG,0
024B,38,2013,20,1,SCOTLANDBANK,383412,200931,1,1,39,2014,383412,200931,20,1,SCOTLANDBANK,same_SG,0
024E,38,2013,14,1,TRACKSIDE,382281,201327,2,1,39,2014,382281,201327,14,1,TRACKSIDE,same_SG,0
024E,39,2014,14,1,TRACKSIDE,382281,201327,1,1,40,2015,382049,201493,14,1,COLEPARK,same_SG,285.27180021866866
024E,40,2015,14,1,COLEPARK,382049,201493,2,1,41,2016,382281,201327,14,1,TRACKSIDE,same_SG,285.27180021866866
024F,35,2010,22,1,WOODFARM,383337,200429,2,1,36,2011,383337,200429,22,1,WOODFARM,same_SG,0
024G,28,2003,17,1,OLDOAK,382624,201274,1,2,29,2004,382624,201274,17,1,OLDOAK,same_SG,0
024G,31,2006,17,1,OLDOAK,382624,201274,1,2,32,2007,382930,201326,18,1,HOLLOWTREE,neighbour_SG,310.3868553917836
024L,36,2011,11,1,TAXUS,381737,201220,1,1,37,2012,381619,201268,11,1,YEW,same_SG,127.38916751435343
024M,43,2018,6,1,CEDAR,381022,201589,1,1,44,2019,380856,201662,6,1,RABBIT,same_SG,181.34221791960084
024P,37,2012,20,1,SCOTLANDBANK,383412,200931,2,2,38,2013,383412,200931,20,1,SCOTLANDBANK,same_SG,0
024T,42,2017,3,1,MANSION,380901,201150,1,1,43,2018,380931,201164,3,1,BEECH,same_SG,33.1058907144937
024T,43,2018,3,1,BEECH,380931,201164,1,1,44,2019,380931,201164,3,1,BEECH,same_SG,0
024V,40,2015,11,1,TAXUS,381737,201220,1,1,41,2016,381795,200962,12,1,TOP,neighbour_SG,264.43902888945877
024V,41,2016,12,1,TOP,381795,200962,3,1,42,2017,382713,200607,16,1,WOODRUSH,nonneighbour_SG,984.2504762508373
024Y,32,2007,11,1,YEW,381619,201268,2,1,33,2008,381795,200962,12,1,TOP,neighbour_SG,353.0042492662093
024Y,33,2008,12,1,TOP,381795,200962,2,1,34,2009,381795,200962,12,1,TOP,same_SG,0
024Y,34,2009,12,1,TOP,381795,200962,2,1,35,2010,381795,200962,12,1,TOP,same_SG,0
024Y,35,2010,12,1,TOP,381795,200962,1,1,36,2011,382132,201047,15,1,POPLAR,neighbour_SG,347.55431230240833
025A,39,2014,17,1,OLDOAK,382624,201274,2,1,40,2015,382624,201274,17,1,OLDOAK,same_SG,0
025B,31,2006,22,1,WOODFARM,383337,200429,3,1,32,2007,383337,200429,22,1,WOODFARM,same_SG,0
025B,32,2007,22,1,WOODFARM,383337,200429,3,1,33,2008,383337,200429,22,1,WOODFARM,same_SG,0
025B,33,2008,22,1,WOODFARM,383337,200429,2,1,34,2009,383337,200429,22,1,WOODFARM,same_SG,0
025E,38,2013,6,1,CEDAR,381022,201589,2,1,39,2014,381022,201589,6,1,CEDAR,same_SG,0
025E,39,2014,6,1,CEDAR,381022,201589,2,1,40,2015,381022,201589,6,1,CEDAR,same_SG,0
025E,40,2015,6,1,CEDAR,381022,201589,1,1,41,2016,381022,201589,6,1,CEDAR,same_SG,0
025E,41,2016,6,1,CEDAR,381022,201589,1,1,42,2017,381022,201589,6,1,CEDAR,same_SG,0
025G,28,2003,6,1,RABBIT,380856,201662,2,1,29,2004,381022,201589,6,1,CEDAR,same_SG,181.34221791960084
025L,36,2011,21,1,COLLIERSWOOD,382931,200706,1,1,37,2012,382931,200706,21,1,COLLIERSWOOD,same_SG,0
025P,33,2008,5,1,JACKSMIREY,380678,200030,2,1,34,2009,380534,200550,4,1,ARTHURS,neighbour_SG,539.570199325352
025T,42,2017,4,1,ARTHURS,380534,200550,1,2,43,2018,380390,200637,4,1,MEAD,same_SG,168.24089871371942
025V,40,2015,11,1,TAXUS,381737,201220,1,1,41,2016,381619,201268,11,1,YEW,same_SG,127.38916751435343
025W,30,2005,4,1,THISTLEWOODBANK,381109,200408,1,1,31,2006,380812,200417,4,1,OPEN,same_SG,297.1363323459452
025W,31,2006,4,1,OPEN,380812,200417,1,1,32,2007,381109,200408,4,1,THISTLEWOODBANK,same_SG,297.1363323459452
025W,32,2007,4,1,THISTLEWOODBANK,381109,200408,1,1,33,2008,380841,200432,4,1,JUNCTION,same_SG,269.0724809414742
026C,41,2016,5,1,JACKSMIREY,380678,200030,2,2,42,2017,380678,200030,5,1,JACKSMIREY,same_SG,0
026C,42,2017,5,1,JACKSMIREY,380678,200030,3,2,43,2018,380678,200030,5,1,JACKSMIREY,same_SG,0
026N,34,2009,8,1,HONEYWELL,381931,201706,1,1,35,2010,381931,201706,8,1,HONEYWELL,same_SG,0
026N,35,2010,8,1,HONEYWELL,381931,201706,2,1,36,2011,381931,201706,8,1,HONEYWELL,same_SG,0
026N,36,2011,8,1,HONEYWELL,381931,201706,2,1,37,2012,381931,201706,8,1,HONEYWELL,same_SG,0
026P,33,2008,5,1,JACKSMIREY,380678,200030,2,1,34,2009,380678,200030,5,1,JACKSMIREY,same_SG,0
026T,42,2017,3,1,CHESNUT,380834,201150,1,1,43,2018,380931,201164,3,1,BEECH,same_SG,98.00510190801293
026V,40,2015,11,1,TAXUS,381737,201220,1,1,41,2016,381619,201268,11,1,YEW,same_SG,127.38916751435343
027A,39,2014,17,1,OLDOAK,382624,201274,2,1,40,2015,382624,201274,17,1,OLDOAK,same_SG,0
027A,40,2015,17,1,OLDOAK,382624,201274,3,1,41,2016,382624,201274,17,1,OLDOAK,same_SG,0
027A,41,2016,17,1,OLDOAK,382624,201274,3,1,42,2017,382624,201274,17,1,OLDOAK,same_SG,0
027E,38,2013,14,1,OLDCOLEPARK,382142,201424,1,1,39,2014,382142,201424,14,1,OLDCOLEPARK,same_SG,0
027E,39,2014,14,1,OLDCOLEPARK,382142,201424,2,1,40,2015,382049,201493,14,1,COLEPARK,same_SG,115.80155439371269
027E,40,2015,14,1,COLEPARK,382049,201493,1,1,41,2016,382049,201493,14,1,COLEPARK,same_SG,0
027N,34,2009,6,1,RABBIT,380856,201662,1,1,35,2010,381022,201589,6,1,CEDAR,same_SG,181.34221791960084
027P,33,2008,5,1,JACKSMIREY,380678,200030,2,1,34,2009,380534,200550,4,1,ARTHURS,neighbour_SG,539.570199325352
027T,42,2017,22,1,WOODFARM,383337,200429,2,1,43,2018,383337,200429,22,1,WOODFARM,same_SG,0
027T,43,2018,22,1,WOODFARM,383337,200429,3,1,44,2019,383337,200429,22,1,WOODFARM,same_SG,0
027V,40,2015,11,1,TAXUS,381737,201220,1,1,41,2016,381619,201268,11,1,YEW,same_SG,127.38916751435343
028F,35,2010,17,1,OLDOAK,382624,201274,1,1,36,2011,382624,201274,17,1,OLDOAK,same_SG,0
028F,36,2011,17,1,OLDOAK,382624,201274,4,1,37,2012,382142,201424,14,1,OLDCOLEPARK,neighbour_SG,504.80095087073676
028F,37,2012,14,1,OLDCOLEPARK,382142,201424,1,1,38,2013,382281,201327,14,1,TRACKSIDE,same_SG,169.49926253526885
028F,38,2013,14,1,TRACKSIDE,382281,201327,2,1,39,2014,382281,201327,14,1,TRACKSIDE,same_SG,0
028F,39,2014,14,1,TRACKSIDE,382281,201327,2,1,40,2015,382049,201493,14,1,COLEPARK,same_SG,285.27180021866866
028F,40,2015,14,1,COLEPARK,382049,201493,1,1,41,2016,382281,201327,14,1,TRACKSIDE,same_SG,285.27180021866866
028K,37,2012,20,1,SCOTLANDBANK,383412,200931,2,2,38,2013,383412,200931,20,1,SCOTLANDBANK,same_SG,0
028K,38,2013,20,1,SCOTLANDBANK,383412,200931,2,2,39,2014,383412,200931,20,1,SCOTLANDBANK,same_SG,0
028K,41,2016,20,1,SCOTLANDBANK,383412,200931,1,2,42,2017,383412,200931,20,1,SCOTLANDBANK,same_SG,0
028N,34,2009,7,1,BOXWOOD,381241,201774,1,1,35,2010,381241,201774,7,1,BOXWOOD,same_SG,0
028N,35,2010,7,1,BOXWOOD,381241,201774,3,1,36,2011,381241,201774,7,1,BOXWOOD,same_SG,0
029B,31,2006,17,1,OLDOAK,382624,201274,1,1,32,2007,382281,201327,14,1,TRACKSIDE,neighbour_SG,347.0705980056507
029B,32,2007,14,1,TRACKSIDE,382281,201327,1,1,33,2008,382624,201274,17,1,OLDOAK,neighbour_SG,347.0705980056507
029B,33,2008,17,1,OLDOAK,382624,201274,1,1,34,2009,383024,201142,18,1,NETTLE,neighbour_SG,421.2172835960082
029C,41,2016,8,1,HONEYWELL,381931,201706,1,1,42,2017,381946,201669,8,1,CHAIN,same_SG,39.92492955535426
029E,38,2013,5,1,JACKSMIREY,380678,200030,2,1,39,2014,380678,200030,5,1,JACKSMIREY,same_SG,0
029F,35,2010,4,1,JUNCTION,380841,200432,1,1,36,2011,380841,200432,4,1,JUNCTION,same_SG,0
029F,36,2011,4,1,JUNCTION,380841,200432,2,1,37,2012,380841,200432,4,1,JUNCTION,same_SG,0
029G,28,2003,22,1,WOODFARM,383337,200429,2,1,29,2004,383337,200429,22,1,WOODFARM,same_SG,0
029M,43,2018,20,1,PARKMILL,383730,200924,3,2,44,2019,383730,200924,20,1,PARKMILL,same_SG,0
029N,34,2009,17,1,OLDOAK,382624,201274,1,1,35,2010,382624,201274,17,1,OLDOAK,same_SG,0
029N,35,2010,17,1,OLDOAK,382624,201274,3,1,36,2011,382624,201274,17,1,OLDOAK,same_SG,0
029N,36,2011,17,1,OLDOAK,382624,201274,4,1,37,2012,382624,201274,17,1,OLDOAK,same_SG,0
029N,37,2012,17,1,OLDOAK,382624,201274,4,1,38,2013,382624,201274,17,1,OLDOAK,same_SG,0
029N,38,2013,17,1,OLDOAK,382624,201274,2,1,39,2014,382624,201274,17,1,OLDOAK,same_SG,0
029N,39,2014,17,1,OLDOAK,382624,201274,1,1,40,2015,382624,201274,17,1,OLDOAK,same_SG,0
029N,40,2015,17,1,OLDOAK,382624,201274,2,1,41,2016,382624,201274,17,1,OLDOAK,same_SG,0
029N,41,2016,17,1,OLDOAK,382624,201274,1,1,42,2017,382624,201274,17,1,OLDOAK,same_SG,0
029N,42,2017,17,1,OLDOAK,382624,201274,3,1,43,2018,382624,201274,17,1,OLDOAK,same_SG,0
029V,40,2015,11,1,YEW,381619,201268,2,1,41,2016,381619,201268,11,1,YEW,same_SG,0
029Y,32,2007,8,1,HONEYWELL,381931,201706,3,1,33,2008,381931,201706,8,1,HONEYWELL,same_SG,0
029Y,35,2010,8,1,HONEYWELL,381931,201706,1,1,36,2011,382281,201327,14,1,TRACKSIDE,neighbour_SG,515.8885538563537
030B,31,2006,20,1,PARKMILL,383730,200924,3,1,32,2007,383730,200924,20,1,PARKMILL,same_SG,0
030B,32,2007,20,1,PARKMILL,383730,200924,2,1,33,2008,383730,200924,20,1,PARKMILL,same_SG,0
030B,33,2008,20,1,PARKMILL,383730,200924,2,1,34,2009,383730,200924,20,1,PARKMILL,same_SG,0
030E,38,2013,1,1,WEST,380190,201400,2,1,39,2014,380190,201400,1,1,WEST,same_SG,0
030L,36,2011,2,1,BOX,380621,201409,2,1,37,2012,380621,201409,2,1,BOX,same_SG,0
030L,37,2012,2,1,BOX,380621,201409,2,1,38,2013,380621,201409,2,1,BOX,same_SG,0
030L,38,2013,2,1,BOX,380621,201409,2,1,39,2014,380190,201400,1,1,WEST,neighbour_SG,431.0939572761372
030L,39,2014,1,1,WEST,380190,201400,1,1,40,2015,380931,201164,3,1,BEECH,neighbour_SG,777.6740962639813
030N,34,2009,8,1,HONEYWELL,381931,201706,1,1,35,2010,381931,201706,8,1,HONEYWELL,same_SG,0
030N,35,2010,8,1,HONEYWELL,381931,201706,2,1,36,2011,381931,201706,8,1,HONEYWELL,same_SG,0
030N,36,2011,8,1,HONEYWELL,381931,201706,3,1,37,2012,381931,201706,8,1,HONEYWELL,same_SG,0
030N,37,2012,8,1,HONEYWELL,381931,201706,1,1,38,2013,381931,201706,8,1,HONEYWELL,same_SG,0
030N,38,2013,8,1,HONEYWELL,381931,201706,1,1,39,2014,381931,201706,8,1,HONEYWELL,same_SG,0
030P,33,2008,5,1,JACKSMIREY,380678,200030,2,1,34,2009,380678,200030,5,1,JACKSMIREY,same_SG,0
030P,34,2009,5,1,JACKSMIREY,380678,200030,2,1,35,2010,380678,200030,5,1,JACKSMIREY,same_SG,0
030W,30,2005,1,1,WEST,380190,201400,3,1,31,2006,380190,201400,1,1,WEST,same_SG,0
030Y,32,2007,8,1,HONEYWELL,381931,201706,3,1,33,2008,381931,201706,8,1,HONEYWELL,same_SG,0
031B,31,2006,22,1,WOODFARM,383337,200429,2,1,32,2007,383337,200429,22,1,WOODFARM,same_SG,0
031E,38,2013,1,1,WEST,380190,201400,1,1,39,2014,380190,201400,1,1,WEST,same_SG,0
031E,39,2014,1,1,WEST,380190,201400,2,1,40,2015,380190,201400,1,1,WEST,same_SG,0
031L,36,2011,2,1,BOX,380621,201409,2,1,37,2012,380541,201242,2,1,LARCH,same_SG,185.17289218457435
031L,37,2012,2,1,LARCH,380541,201242,2,1,38,2013,380621,201409,2,1,BOX,same_SG,185.17289218457435
031N,34,2009,8,1,HONEYWELL,381931,201706,1,1,35,2010,381931,201706,8,1,HONEYWELL,same_SG,0
031N,35,2010,8,1,HONEYWELL,381931,201706,2,1,36,2011,381931,201706,8,1,HONEYWELL,same_SG,0
031Y,32,2007,6,1,RABBIT,380856,201662,3,1,33,2008,381022,201589,6,1,CEDAR,same_SG,181.34221791960084
031Y,33,2008,6,1,CEDAR,381022,201589,1,1,34,2009,380856,201662,6,1,RABBIT,same_SG,181.34221791960084
031Y,34,2009,6,1,RABBIT,380856,201662,1,1,35,2010,381241,201774,7,1,BOXWOOD,neighbour_SG,400.96009776535124
031Y,35,2010,7,1,BOXWOOD,381241,201774,1,1,36,2011,381241,201774,7,1,BOXWOOD,same_SG,0
032B,31,2006,22,1,WOODFARM,383337,200429,3,1,32,2007,383337,200429,22,1,WOODFARM,same_SG,0
032E,38,2013,16,1,WOODRUSH,382713,200607,2,1,39,2014,382931,200706,21,1,COLLIERSWOOD,neighbour_SG,239.42639787625757
032L,36,2011,2,1,BOX,380621,201409,2,1,37,2012,380541,201242,2,1,LARCH,same_SG,185.17289218457435
032L,37,2012,2,1,LARCH,380541,201242,1,1,38,2013,380621,201409,2,1,BOX,same_SG,185.17289218457435
032M,43,2018,20,1,PARKMILL,383730,200924,1,2,44,2019,383730,200924,20,1,PARKMILL,same_SG,0
032N,34,2009,17,1,OLDOAK,382624,201274,1,1,35,2010,382624,201274,17,1,OLDOAK,same_SG,0
032N,35,2010,17,1,OLDOAK,382624,201274,3,1,36,2011,382624,201274,17,1,OLDOAK,same_SG,0
032N,36,2011,17,1,OLDOAK,382624,201274,3,1,37,2012,382624,201274,17,1,OLDOAK,same_SG,0
032N,37,2012,17,1,OLDOAK,382624,201274,1,1,38,2013,382624,201274,17,1,OLDOAK,same_SG,0
032N,40,2015,15,1,KENNEL,382464,200922,1,1,41,2016,382399,200920,15,1,CULDESAC,same_SG,65.03076195155643
032N,41,2016,15,1,CULDESAC,382399,200920,1,1,42,2017,382464,200922,15,1,KENNEL,same_SG,65.03076195155643
032P,33,2008,4,1,ARTHURS,380534,200550,1,1,34,2009,380390,200637,4,1,MEAD,same_SG,168.24089871371942
032P,34,2009,4,1,MEAD,380390,200637,1,1,35,2010,380534,200550,4,1,ARTHURS,same_SG,168.24089871371942
032R,29,2004,15,1,POPLAR,382132,201047,2,1,30,2005,382074,201085,15,1,WYCHELM,same_SG,69.33974329343886
032T,42,2017,7,1,BOXWOOD,381241,201774,1,2,43,2018,381022,201589,6,1,CEDAR,neighbour_SG,286.6810073932349
032T,43,2018,6,1,CEDAR,381022,201589,1,2,44,2019,380690,201353,3,1,LEBANON,neighbour_SG,407.33278777923096
032V,40,2015,17,1,OLDOAK,382624,201274,2,1,41,2016,382624,201274,17,1,OLDOAK,same_SG,0
032V,41,2016,17,1,OLDOAK,382624,201274,4,1,42,2017,382624,201274,17,1,OLDOAK,same_SG,0
032Y,32,2007,6,1,FOX,381016,201635,1,1,33,2008,380856,201662,6,1,RABBIT,same_SG,162.2621335986927
032Y,33,2008,6,1,RABBIT,380856,201662,1,1,34,2009,380856,201662,6,1,RABBIT,same_SG,0
033E,38,2013,22,1,WOODFARM,383337,200429,2,1,39,2014,383337,200429,22,1,WOODFARM,same_SG,0
033E,41,2016,22,1,WOODFARM,383337,200429,2,1,42,2017,383337,200429,22,1,WOODFARM,same_SG,0
033K,37,2012,6,1,CEDAR,381022,201589,2,1,38,2013,381241,201774,7,1,BOXWOOD,neighbour_SG,286.6810073932349
033K,38,2013,7,1,BOXWOOD,381241,201774,3,1,39,2014,381241,201774,7,1,BOXWOOD,same_SG,0
033L,36,2011,11,1,YEW,381619,201268,1,1,37,2012,381619,201268,11,1,YEW,same_SG,0
033L,37,2012,11,1,YEW,381619,201268,3,1,38,2013,381737,201220,11,1,TAXUS,same_SG,127.38916751435343
033M,43,2018,20,1,SCOTLANDBANK,383412,200931,2,1,44,2019,383412,200931,20,1,SCOTLANDBANK,same_SG,0
033N,34,2009,6,1,CEDAR,381022,201589,1,1,35,2010,380856,201662,6,1,RABBIT,same_SG,181.34221791960084
033N,35,2010,6,1,RABBIT,380856,201662,3,1,36,2011,381180,201357,9,1,LAURELS,neighbour_SG,444.9730328907585
033P,33,2008,1,1,WEST,380190,201400,2,1,34,2009,380279,201409,1,1,CORRAL,same_SG,89.45389874119518
033P,34,2009,1,1,CORRAL,380279,201409,1,1,35,2010,380190,201400,1,1,WEST,same_SG,89.45389874119518
033P,35,2010,1,1,WEST,380190,201400,1,1,36,2011,380190,201400,1,1,WEST,same_SG,0
033R,29,2004,15,1,MAID,382606,200941,2,1,30,2005,382464,200922,15,1,KENNEL,same_SG,143.26548781894402
033R,30,2005,15,1,KENNEL,382464,200922,2,1,31,2006,382399,200920,15,1,CULDESAC,same_SG,65.03076195155643
033T,42,2017,1,1,WEST,380190,201400,1,1,43,2018,380190,201400,1,1,WEST,same_SG,0
033T,43,2018,1,1,WEST,380190,201400,4,1,44,2019,380190,201400,1,1,WEST,same_SG,0
034A,39,2014,1,1,WEST,380190,201400,1,1,40,2015,380834,201150,3,1,CHESNUT,neighbour_SG,690.8226979478887
034A,40,2015,3,1,CHESNUT,380834,201150,2,1,41,2016,380834,201150,3,1,CHESNUT,same_SG,0
034A,41,2016,3,1,CHESNUT,380834,201150,1,1,42,2017,380621,201409,2,1,BOX,neighbour_SG,335.3356527421443
034L,36,2011,11,1,YEW,381619,201268,1,1,37,2012,381737,201220,11,1,TAXUS,same_SG,127.38916751435343
034L,37,2012,11,1,TAXUS,381737,201220,1,1,38,2013,380931,201164,3,1,BEECH,nonneighbour_SG,807.9430673011558
034N,34,2009,14,1,TRACKSIDE,382281,201327,1,1,35,2010,382281,201327,14,1,TRACKSIDE,same_SG,0
034P,33,2008,1,1,WEST,380190,201400,2,1,34,2009,380190,201400,1,1,WEST,same_SG,0
034P,36,2011,1,1,WEST,380190,201400,1,1,37,2012,380190,201400,1,1,WEST,same_SG,0
034R,29,2004,12,1,TOP,381795,200962,3,1,30,2005,381619,201268,11,1,YEW,neighbour_SG,353.0042492662093
034Y,34,2009,22,1,WOODFARM,383337,200429,1,1,35,2010,383337,200429,22,1,WOODFARM,same_SG,0
034Y,35,2010,22,1,WOODFARM,383337,200429,2,1,36,2011,382931,200706,21,1,COLLIERSWOOD,neighbour_SG,491.49262456317695
034Y,36,2011,21,1,COLLIERSWOOD,382931,200706,1,1,37,2012,383337,200429,22,1,WOODFARM,neighbour_SG,491.49262456317695
035A,39,2014,22,1,WOODFARM,383337,200429,2,1,40,2015,383337,200429,22,1,WOODFARM,same_SG,0
035B,31,2006,17,1,OLDOAK,382624,201274,3,1,32,2007,382624,201274,17,1,OLDOAK,same_SG,0
035B,34,2009,17,1,OLDOAK,382624,201274,1,1,35,2010,382624,201274,17,1,OLDOAK,same_SG,0
035B,35,2010,17,1,OLDOAK,382624,201274,1,1,36,2011,382624,201274,17,1,OLDOAK,same_SG,0
035B,36,2011,17,1,OLDOAK,382624,201274,1,1,37,2012,382624,201274,17,1,OLDOAK,same_SG,0
035B,37,2012,17,1,OLDOAK,382624,201274,1,1,38,2013,383024,201142,18,1,NETTLE,neighbour_SG,421.2172835960082
035E,38,2013,21,1,COLLIERSWOOD,382931,200706,1,1,39,2014,382931,200706,21,1,COLLIERSWOOD,same_SG,0
035K,37,2012,17,1,OLDOAK,382624,201274,1,1,38,2013,383024,201142,18,1,NETTLE,neighbour_SG,421.2172835960082
035K,38,2013,18,1,NETTLE,383024,201142,2,1,39,2014,383024,201142,18,1,NETTLE,same_SG,0
035L,36,2011,11,1,YEW,381619,201268,1,1,37,2012,381619,201268,11,1,YEW,same_SG,0
035L,37,2012,11,1,YEW,381619,201268,3,1,38,2013,381737,201220,11,1,TAXUS,same_SG,127.38916751435343
035N,34,2009,6,1,RABBIT,380856,201662,1,1,35,2010,381022,201589,6,1,CEDAR,same_SG,181.34221791960084
035N,35,2010,6,1,CEDAR,381022,201589,2,1,36,2011,381314,201301,10,1,FERN,neighbour_SG,410.13168616921075
035N,36,2011,10,1,FERN,381314,201301,1,1,37,2012,381619,201268,11,1,YEW,neighbour_SG,306.7800515027012
035N,37,2012,11,1,YEW,381619,201268,2,1,38,2013,381737,201220,11,1,TAXUS,same_SG,127.38916751435343
035P,33,2008,3,1,BEECH,380931,201164,1,1,34,2009,380931,201164,3,1,BEECH,same_SG,0
035P,34,2009,3,1,BEECH,380931,201164,1,1,35,2010,380931,201164,3,1,BEECH,same_SG,0
035P,35,2010,3,1,BEECH,380931,201164,1,1,36,2011,380931,201164,3,1,BEECH,same_SG,0
035P,36,2011,3,1,BEECH,380931,201164,1,1,37,2012,380834,201150,3,1,CHESNUT,same_SG,98.00510190801293
035V,40,2015,1,1,WEST,380190,201400,2,1,41,2016,380190,201400,1,1,WEST,same_SG,0
036E,38,2013,22,1,WOODFARM,383337,200429,2,1,39,2014,383337,200429,22,1,WOODFARM,same_SG,0
036E,39,2014,22,1,WOODFARM,383337,200429,2,1,40,2015,383337,200429,22,1,WOODFARM,same_SG,0
036E,40,2015,22,1,WOODFARM,383337,200429,2,1,41,2016,383337,200429,22,1,WOODFARM,same_SG,0
036E,41,2016,22,1,WOODFARM,383337,200429,2,1,42,2017,382931,200706,21,1,COLLIERSWOOD,neighbour_SG,491.49262456317695
036E,42,2017,21,1,COLLIERSWOOD,382931,200706,1,1,43,2018,383045,200620,21,1,SCRUB,same_SG,142.80056022299073
036K,37,2012,17,1,OLDOAK,382624,201274,2,1,38,2013,382624,201274,17,1,OLDOAK,same_SG,0
036K,38,2013,17,1,OLDOAK,382624,201274,1,1,39,2014,383024,201142,18,1,NETTLE,neighbour_SG,421.2172835960082
036L,36,2011,21,1,COLLIERSWOOD,382931,200706,1,1,37,2012,382931,200706,21,1,COLLIERSWOOD,same_SG,0
036L,37,2012,21,1,COLLIERSWOOD,382931,200706,1,1,38,2013,382931,200706,21,1,COLLIERSWOOD,same_SG,0
036L,38,2013,21,1,COLLIERSWOOD,382931,200706,1,1,39,2014,382931,200706,21,1,COLLIERSWOOD,same_SG,0
036N,34,2009,14,1,TRACKSIDE,382281,201327,1,1,35,2010,382281,201327,14,1,TRACKSIDE,same_SG,0
036R,29,2004,11,1,TAXUS,381737,201220,1,1,30,2005,381795,200962,12,1,TOP,neighbour_SG,264.43902888945877
036R,30,2005,12,1,TOP,381795,200962,1,1,31,2006,382074,201085,15,1,WYCHELM,neighbour_SG,304.9098227345259
036R,31,2006,15,1,WYCHELM,382074,201085,2,1,32,2007,381737,201220,11,1,TAXUS,neighbour_SG,363.03443362854716
036R,32,2007,11,1,TAXUS,381737,201220,2,1,33,2008,382132,201047,15,1,POPLAR,neighbour_SG,431.223839786253
036V,40,2015,5,1,JACKSMIREY,380678,200030,2,2,41,2016,380678,200030,5,1,JACKSMIREY,same_SG,0
037B,31,2006,5,1,JACKSMIREY,380678,200030,2,1,32,2007,380678,200030,5,1,JACKSMIREY,same_SG,0
037E,38,2013,10,1,SEPTICTANK,381357,201285,2,1,39,2014,381247,201345,10,1,HUNTINGGATE,same_SG,125.29964086141668
037E,39,2014,10,1,HUNTINGGATE,381247,201345,2,1,40,2015,381247,201345,10,1,HUNTINGGATE,same_SG,0
037M,43,2018,6,1,CEDAR,381022,201589,1,1,44,2019,381022,201589,6,1,CEDAR,same_SG,0
037N,34,2009,14,1,TRACKSIDE,382281,201327,1,1,35,2010,382281,201327,14,1,TRACKSIDE,same_SG,0
037N,35,2010,14,1,TRACKSIDE,382281,201327,3,1,36,2011,382281,201327,14,1,TRACKSIDE,same_SG,0
037N,36,2011,14,1,TRACKSIDE,382281,201327,1,1,37,2012,382281,201327,14,1,TRACKSIDE,same_SG,0
037N,37,2012,14,1,TRACKSIDE,382281,201327,1,1,38,2013,382281,201327,14,1,TRACKSIDE,same_SG,0
037P,33,2008,2,1,BOX,380621,201409,2,1,34,2009,380621,201409,2,1,BOX,same_SG,0
037R,29,2004,10,1,RUSTYTRAP,381281,201324,1,1,30,2005,382132,201047,15,1,POPLAR,nonneighbour_SG,894.9469258006309
037W,30,2005,12,1,TOP,381795,200962,2,1,31,2006,381795,200962,12,1,TOP,same_SG,0
037W,34,2009,11,1,TAXUS,381737,201220,1,1,35,2010,381619,201268,11,1,YEW,same_SG,127.38916751435343
037W,35,2010,11,1,YEW,381619,201268,1,1,36,2011,381737,201220,11,1,TAXUS,same_SG,127.38916751435343
038A,39,2014,15,1,POPLAR,382132,201047,2,2,40,2015,381619,201268,11,1,YEW,neighbour_SG,558.578553114958
038B,31,2006,5,1,JACKSMIREY,380678,200030,2,1,32,2007,380678,200030,5,1,JACKSMIREY,same_SG,0
038B,32,2007,5,1,JACKSMIREY,380678,200030,2,1,33,2008,380678,200030,5,1,JACKSMIREY,same_SG,0
038B,33,2008,5,1,JACKSMIREY,380678,200030,1,1,34,2009,380678,200030,5,1,JACKSMIREY,same_SG,0
038B,34,2009,5,1,JACKSMIREY,380678,200030,1,1,35,2010,380678,200030,5,1,JACKSMIREY,same_SG,0
038B,35,2010,5,1,JACKSMIREY,380678,200030,2,1,36,2011,380678,200030,5,1,JACKSMIREY,same_SG,0
038E,38,2013,10,1,HUNTINGGATE,381247,201345,1,1,39,2014,381157,201365,9,1,BRACKEN,neighbour_SG,92.19544457292888
038L,36,2011,8,1,HONEYWELL,381931,201706,1,1,37,2012,381931,201706,8,1,HONEYWELL,same_SG,0
038N,34,2009,18,1,NETTLE,383024,201142,1,1,35,2010,382930,201326,18,1,HOLLOWTREE,same_SG,206.6204249342257
038N,35,2010,18,1,HOLLOWTREE,382930,201326,1,1,36,2011,383024,201142,18,1,NETTLE,same_SG,206.6204249342257
038P,33,2008,3,1,BEECH,380931,201164,2,1,34,2009,380931,201164,3,1,BEECH,same_SG,0
038P,34,2009,3,1,BEECH,380931,201164,1,1,35,2010,380931,201164,3,1,BEECH,same_SG,0
038P,35,2010,3,1,BEECH,380931,201164,1,1,36,2011,380834,201150,3,1,CHESNUT,same_SG,98.00510190801293
038R,29,2004,16,1,PEGLARS,382355,200596,3,1,30,2005,382355,200596,16,1,PEGLARS,same_SG,0
038R,30,2005,16,1,PEGLARS,382355,200596,2,1,31,2006,382355,200596,16,1,PEGLARS,same_SG,0
038R,31,2006,16,1,PEGLARS,382355,200596,1,1,32,2007,382355,200596,16,1,PEGLARS,same_SG,0
038R,32,2007,16,1,PEGLARS,382355,200596,2,1,33,2008,382464,200922,15,1,KENNEL,neighbour_SG,343.7397271192261
038R,33,2008,15,1,KENNEL,382464,200922,1,1,34,2009,382464,200922,15,1,KENNEL,same_SG,0
038W,30,2005,12,1,TOP,381795,200962,2,1,31,2006,381795,200962,12,1,TOP,same_SG,0
038Y,32,2007,20,1,SCOTLANDBANK,383412,200931,2,1,33,2008,383730,200924,20,1,PARKMILL,same_SG,318.0770346944274
038Y,33,2008,20,1,PARKMILL,383730,200924,2,1,34,2009,383730,200924,20,1,PARKMILL,same_SG,0
038Y,34,2009,20,1,PARKMILL,383730,200924,1,1,35,2010,383730,200924,20,1,PARKMILL,same_SG,0
038Y,37,2012,20,1,PARKMILL,383730,200924,1,1,38,2013,383730,200924,20,1,PARKMILL,same_SG,0
039A,39,2014,15,1,WYCHELM,382074,201085,1,1,40,2015,381795,200962,12,1,TOP,neighbour_SG,304.9098227345259
039B,31,2006,4,1,JUNCTION,380841,200432,1,1,32,2007,380534,200550,4,1,ARTHURS,same_SG,328.89664029904594
039B,32,2007,4,1,ARTHURS,380534,200550,1,1,33,2008,380390,200637,4,1,MEAD,same_SG,168.24089871371942
039G,28,2003,4,1,THISTLEWOODBANK,381109,200408,2,1,29,2004,381109,200408,4,1,THISTLEWOODBANK,same_SG,0
039G,29,2004,4,1,THISTLEWOODBANK,381109,200408,1,1,30,2005,381109,200408,4,1,THISTLEWOODBANK,same_SG,0
039K,37,2012,8,1,HONEYWELL,381931,201706,2,1,38,2013,381931,201706,8,1,HONEYWELL,same_SG,0
039K,38,2013,8,1,HONEYWELL,381931,201706,3,1,39,2014,381931,201706,8,1,HONEYWELL,same_SG,0
039M,43,2018,17,1,OLDOAK,382624,201274,1,2,44,2019,382624,201274,17,1,OLDOAK,same_SG,0
039N,34,2009,17,1,OLDOAK,382624,201274,1,1,35,2010,382624,201274,17,1,OLDOAK,same_SG,0
039P,33,2008,4,1,MEAD,380390,200637,1,1,34,2009,380534,200550,4,1,ARTHURS,same_SG,168.24089871371942
039V,40,2015,1,1,WEST,380190,201400,2,1,41,2016,380190,201400,1,1,WEST,same_SG,0
039V,41,2016,1,1,WEST,380190,201400,2,1,42,2017,380190,201400,1,1,WEST,same_SG,0
039V,42,2017,1,1,WEST,380190,201400,1,1,43,2018,380190,201400,1,1,WEST,same_SG,0
039V,43,2018,1,1,WEST,380190,201400,3,1,44,2019,380190,201400,1,1,WEST,same_SG,0
039W,30,2005,12,1,TOP,381795,200962,2,1,31,2006,381737,201220,11,1,TAXUS,neighbour_SG,264.43902888945877
039W,31,2006,11,1,TAXUS,381737,201220,2,1,32,2007,381737,201220,11,1,TAXUS,same_SG,0
039W,32,2007,11,1,TAXUS,381737,201220,1,1,33,2008,381737,201220,11,1,TAXUS,same_SG,0
039W,35,2010,11,1,YEW,381619,201268,1,1,36,2011,381737,201220,11,1,TAXUS,same_SG,127.38916751435343
040A,39,2014,16,1,WOODRUSH,382713,200607,1,2,40,2015,382713,200607,16,1,WOODRUSH,same_SG,0
040E,38,2013,6,1,CEDAR,381022,201589,2,1,39,2014,381022,201589,6,1,CEDAR,same_SG,0
040L,36,2011,2,1,BOX,380621,201409,1,1,37,2012,380621,201409,2,1,BOX,same_SG,0
040L,37,2012,2,1,BOX,380621,201409,1,1,38,2013,380621,201409,2,1,BOX,same_SG,0
040M,43,2018,17,1,OLDOAK,382624,201274,2,2,44,2019,382680,201174,17,1,XMASTREE,same_SG,114.61239025515522
040N,34,2009,17,1,OLDOAK,382624,201274,1,1,35,2010,382624,201274,17,1,OLDOAK,same_SG,0
040R,29,2004,15,1,KENNEL,382464,200922,2,1,30,2005,382399,200920,15,1,CULDESAC,same_SG,65.03076195155643
040R,30,2005,15,1,CULDESAC,382399,200920,2,1,31,2006,382074,201085,15,1,WYCHELM,same_SG,364.4859393721519
040R,31,2006,15,1,WYCHELM,382074,201085,1,1,32,2007,382440,200974,15,1,NEEDLES,same_SG,382.4617627946616
040R,32,2007,15,1,NEEDLES,382440,200974,1,1,33,2008,381737,201220,11,1,TAXUS,neighbour_SG,744.7986305035745
040R,33,2008,11,1,TAXUS,381737,201220,1,1,34,2009,382132,201047,15,1,POPLAR,neighbour_SG,431.223839786253
040V,40,2015,1,1,WEST,380190,201400,2,1,41,2016,380190,201400,1,1,WEST,same_SG,0
040Y,32,2007,6,1,CEDAR,381022,201589,1,1,33,2008,380856,201662,6,1,RABBIT,same_SG,181.34221791960084
040Y,33,2008,6,1,RABBIT,380856,201662,1,1,34,2009,380856,201662,6,1,RABBIT,same_SG,0
041E,38,2013,7,1,BOXWOOD,381241,201774,1,1,39,2014,381241,201774,7,1,BOXWOOD,same_SG,0
041G,28,2003,4,1,ARTHURS,380534,200550,2,1,29,2004,380534,200550,4,1,ARTHURS,same_SG,0
041L,36,2011,2,1,BOX,380621,201409,1,1,37,2012,380621,201409,2,1,BOX,same_SG,0
041L,37,2012,2,1,BOX,380621,201409,1,1,38,2013,380621,201409,2,1,BOX,same_SG,0
041L,38,2013,2,1,BOX,380621,201409,1,1,39,2014,380190,201400,1,1,WEST,neighbour_SG,431.0939572761372
041M,43,2018,18,1,NETTLE,383024,201142,2,2,44,2019,383024,201142,18,1,NETTLE,same_SG,0
041N,34,2009,17,1,OLDOAK,382624,201274,1,1,35,2010,382624,201274,17,1,OLDOAK,same_SG,0
041R,29,2004,10,1,SEPTICTANK,381357,201285,1,1,30,2005,381357,201285,10,1,SEPTICTANK,same_SG,0
041V,40,2015,5,1,JACKSMIREY,380678,200030,2,2,41,2016,380678,200030,5,1,JACKSMIREY,same_SG,0
041W,30,2005,15,1,KENNEL,382464,200922,1,1,31,2006,382464,200922,15,1,KENNEL,same_SG,0
041W,31,2006,15,1,KENNEL,382464,200922,1,1,32,2007,382132,201047,15,1,POPLAR,same_SG,354.7520260689148
041W,32,2007,15,1,POPLAR,382132,201047,2,1,33,2008,382132,201047,15,1,POPLAR,same_SG,0
042A,39,2014,20,1,SCOTLANDBANK,383412,200931,2,1,40,2015,383412,200931,20,1,SCOTLANDBANK,same_SG,0
042A,40,2015,20,1,SCOTLANDBANK,383412,200931,3,1,41,2016,383412,200931,20,1,SCOTLANDBANK,same_SG,0
042A,41,2016,20,1,SCOTLANDBANK,383412,200931,2,1,42,2017,383412,200931,20,1,SCOTLANDBANK,same_SG,0
042A,42,2017,20,1,SCOTLANDBANK,383412,200931,2,1,43,2018,383412,200931,20,1,SCOTLANDBANK,same_SG,0
042A,43,2018,20,1,SCOTLANDBANK,383412,200931,1,1,44,2019,381275,200279,999,2,PYLON,peripheral,2234.2499860132034
042G,28,2003,4,1,JUNCTION,380841,200432,1,1,29,2004,380841,200432,4,1,JUNCTION,same_SG,0
042G,32,2007,4,1,JUNCTION,380841,200432,1,1,33,2008,380841,200432,4,1,JUNCTION,same_SG,0
042G,33,2008,4,1,JUNCTION,380841,200432,1,1,34,2009,380841,200432,4,1,JUNCTION,same_SG,0
042G,34,2009,4,1,JUNCTION,380841,200432,1,1,35,2010,380841,200432,4,1,JUNCTION,same_SG,0
042G,35,2010,4,1,JUNCTION,380841,200432,1,1,36,2011,380841,200432,4,1,JUNCTION,same_SG,0
042M,43,2018,16,1,WOODRUSH,382713,200607,1,1,44,2019,382713,200607,16,1,WOODRUSH,same_SG,0
042R,29,2004,16,1,FORK,382786,200771,3,1,30,2005,382713,200607,16,1,WOODRUSH,same_SG,179.51323071016242
042R,30,2005,16,1,WOODRUSH,382713,200607,2,1,31,2006,382931,200706,21,1,COLLIERSWOOD,neighbour_SG,239.42639787625757
042R,31,2006,21,1,COLLIERSWOOD,382931,200706,1,1,32,2007,382931,200706,21,1,COLLIERSWOOD,same_SG,0
042R,32,2007,21,1,COLLIERSWOOD,382931,200706,1,1,33,2008,382931,200706,21,1,COLLIERSWOOD,same_SG,0
042V,40,2015,16,1,WOODRUSH,382713,200607,1,1,41,2016,382713,200607,16,1,WOODRUSH,same_SG,0
042V,41,2016,16,1,WOODRUSH,382713,200607,1,1,42,2017,382713,200607,16,1,WOODRUSH,same_SG,0
042V,42,2017,16,1,WOODRUSH,382713,200607,1,1,43,2018,382713,200607,16,1,WOODRUSH,same_SG,0
042V,43,2018,16,1,WOODRUSH,382713,200607,1,1,44,2019,382713,200607,16,1,WOODRUSH,same_SG,0
042W,30,2005,15,1,KENNEL,382464,200922,2,1,31,2006,382464,200922,15,1,KENNEL,same_SG,0
042W,31,2006,15,1,KENNEL,382464,200922,2,1,32,2007,382355,200596,16,1,PEGLARS,neighbour_SG,343.7397271192261
043A,39,2014,14,1,COLEPARK,382049,201493,1,1,40,2015,382049,201493,14,1,COLEPARK,same_SG,0
043A,40,2015,14,1,COLEPARK,382049,201493,2,1,41,2016,382049,201493,14,1,COLEPARK,same_SG,0
043A,41,2016,14,1,COLEPARK,382049,201493,2,1,42,2017,382281,201327,14,1,TRACKSIDE,same_SG,285.27180021866866
043A,42,2017,14,1,TRACKSIDE,382281,201327,1,1,43,2018,382142,201424,14,1,OLDCOLEPARK,same_SG,169.49926253526885
043A,43,2018,14,1,OLDCOLEPARK,382142,201424,1,1,44,2019,382049,201493,14,1,COLEPARK,same_SG,115.80155439371269
043P,33,2008,3,1,BEECH,380931,201164,2,1,34,2009,380931,201164,3,1,BEECH,same_SG,0
043P,34,2009,3,1,BEECH,380931,201164,1,1,35,2010,380931,201164,3,1,BEECH,same_SG,0
043P,35,2010,3,1,BEECH,380931,201164,2,1,36,2011,380834,201150,3,1,CHESNUT,same_SG,98.00510190801293
043P,36,2011,3,1,CHESNUT,380834,201150,1,1,37,2012,380534,200550,4,1,ARTHURS,nonneighbour_SG,670.820393249937
043V,40,2015,22,1,WOODFARM,383337,200429,1,1,41,2016,383337,200429,22,1,WOODFARM,same_SG,0
043V,41,2016,22,1,WOODFARM,383337,200429,4,1,42,2017,383337,200429,22,1,WOODFARM,same_SG,0
043V,42,2017,22,1,WOODFARM,383337,200429,2,1,43,2018,382931,200706,21,1,COLLIERSWOOD,neighbour_SG,491.49262456317695
043W,30,2005,3,1,CHESNUT,380834,201150,1,1,31,2006,380931,201164,3,1,BEECH,same_SG,98.00510190801293
043W,31,2006,3,1,BEECH,380931,201164,1,1,32,2007,380834,201150,3,1,CHESNUT,same_SG,98.00510190801293
043W,32,2007,3,1,CHESNUT,380834,201150,1,1,33,2008,380621,201409,2,1,BOX,neighbour_SG,335.3356527421443
043W,33,2008,2,1,BOX,380621,201409,2,1,34,2009,380621,201409,2,1,BOX,same_SG,0
043W,34,2009,2,1,BOX,380621,201409,1,1,35,2010,380621,201409,2,1,BOX,same_SG,0
043W,35,2010,2,1,BOX,380621,201409,1,1,36,2011,380621,201409,2,1,BOX,same_SG,0
043W,36,2011,2,1,BOX,380621,201409,2,1,37,2012,380621,201409,2,1,BOX,same_SG,0
043Y,32,2007,5,1,JACKSMIREY,380678,200030,2,1,33,2008,380678,200030,5,1,JACKSMIREY,same_SG,0
044A,39,2014,18,1,NETTLE,383024,201142,2,1,40,2015,383024,201142,18,1,NETTLE,same_SG,0
044E,38,2013,7,1,BULLPEN,381230,201693,1,2,39,2014,381157,201365,9,1,BRACKEN,nonneighbour_SG,336.02529666678373
044E,39,2014,9,1,BRACKEN,381157,201365,1,2,40,2015,381370,201620,7,1,BREAKHEART,nonneighbour_SG,332.2559254550624
044G,30,2005,4,1,MEAD,380390,200637,1,1,31,2006,380534,200550,4,1,ARTHURS,same_SG,168.24089871371942
044M,43,2018,14,1,TRACKSIDE,382281,201327,1,2,44,2019,382281,201327,14,1,TRACKSIDE,same_SG,0
044N,34,2009,14,1,TRACKSIDE,382281,201327,1,1,35,2010,382281,201327,14,1,TRACKSIDE,same_SG,0
044P,33,2008,3,1,BEECH,380931,201164,2,1,34,2009,380931,201164,3,1,BEECH,same_SG,0
044P,34,2009,3,1,BEECH,380931,201164,1,1,35,2010,380931,201164,3,1,BEECH,same_SG,0
044P,35,2010,3,1,BEECH,380931,201164,1,1,36,2011,380834,201150,3,1,CHESNUT,same_SG,98.00510190801293
044R,29,2004,11,1,TAXUS,381737,201220,1,1,30,2005,381619,201268,11,1,YEW,same_SG,127.38916751435343
044Y,32,2007,5,1,JACKSMIREY,380678,200030,2,1,33,2008,380678,200030,5,1,JACKSMIREY,same_SG,0
044Y,33,2008,5,1,JACKSMIREY,380678,200030,1,1,34,2009,380390,200637,4,1,MEAD,neighbour_SG,671.8578718746994
044Y,34,2009,4,1,MEAD,380390,200637,1,1,35,2010,380390,200637,4,1,MEAD,same_SG,0
045A,39,2014,7,1,BREAKHEART,381370,201620,2,1,40,2015,381931,201706,8,1,HONEYWELL,neighbour_SG,567.5535217052221
045A,40,2015,8,1,HONEYWELL,381931,201706,2,1,41,2016,381946,201669,8,1,CHAIN,same_SG,39.92492955535426
045A,41,2016,8,1,CHAIN,381946,201669,2,1,42,2017,381946,201669,8,1,CHAIN,same_SG,0
045A,42,2017,8,1,CHAIN,381946,201669,1,1,43,2018,381946,201669,8,1,CHAIN,same_SG,0
045A,43,2018,8,1,CHAIN,381946,201669,1,1,44,2019,381942,201770,8,1,BEND,same_SG,101.07917688624102
045B,31,2006,1,1,WEST,380190,201400,2,1,32,2007,380190,201400,1,1,WEST,same_SG,0
045B,32,2007,1,1,WEST,380190,201400,1,1,33,2008,380279,201409,1,1,CORRAL,same_SG,89.45389874119518
045B,38,2013,1,1,WEST,380190,201400,1,1,39,2014,380190,201400,1,1,WEST,same_SG,0
045B,39,2014,1,1,WEST,380190,201400,1,1,40,2015,380190,201400,1,1,WEST,same_SG,0
045G,28,2003,4,1,ARTHURS,380534,200550,2,1,29,2004,380534,200550,4,1,ARTHURS,same_SG,0
045M,43,2018,8,1,CHAIN,381946,201669,1,1,44,2019,381931,201706,8,1,HONEYWELL,same_SG,39.92492955535426
045P,33,2008,15,1,KENNEL,382464,200922,2,1,34,2009,382464,200922,15,1,KENNEL,same_SG,0
045P,34,2009,15,1,KENNEL,382464,200922,2,1,35,2010,382464,200922,15,1,KENNEL,same_SG,0
045R,34,2009,21,1,COLLIERSWOOD,382931,200706,1,1,35,2010,383337,200429,22,1,WOODFARM,neighbour_SG,491.49262456317695
045R,35,2010,22,1,WOODFARM,383337,200429,1,1,36,2011,382931,200706,21,1,COLLIERSWOOD,neighbour_SG,491.49262456317695
045R,36,2011,21,1,COLLIERSWOOD,382931,200706,1,1,37,2012,382931,200706,21,1,COLLIERSWOOD,same_SG,0
045Y,32,2007,4,1,THISTLEWOODBANK,381109,200408,1,1,33,2008,380841,200432,4,1,JUNCTION,same_SG,269.0724809414742
045Y,33,2008,4,1,JUNCTION,380841,200432,1,1,34,2009,380841,200432,4,1,JUNCTION,same_SG,0
045Y,34,2009,4,1,JUNCTION,380841,200432,1,1,35,2010,380841,200432,4,1,JUNCTION,same_SG,0
045Y,35,2010,4,1,JUNCTION,380841,200432,1,1,36,2011,380678,200030,5,1,JACKSMIREY,neighbour_SG,433.78911927340914
046A,39,2014,7,1,BREAKHEART,381370,201620,2,1,40,2015,381370,201620,7,1,BREAKHEART,same_SG,0
046A,40,2015,7,1,BREAKHEART,381370,201620,1,1,41,2016,381931,201706,8,1,HONEYWELL,neighbour_SG,567.5535217052221
046A,41,2016,8,1,HONEYWELL,381931,201706,2,1,42,2017,381946,201669,8,1,CHAIN,same_SG,39.92492955535426
046A,42,2017,8,1,CHAIN,381946,201669,1,1,43,2018,381931,201706,8,1,HONEYWELL,same_SG,39.92492955535426
046M,43,2018,6,1,SYCAMORE,381103,201676,1,1,44,2019,381022,201589,6,1,CEDAR,same_SG,118.86967653695369
046M,44,2019,6,1,CEDAR,381022,201589,3,1,45,2020,381022,201589,6,1,CEDAR,same_SG,0
046P,33,2008,9,1,LAURELS,381180,201357,1,1,34,2009,381180,201357,9,1,LAURELS,same_SG,0
046P,34,2009,9,1,LAURELS,381180,201357,2,1,35,2010,381022,201589,6,1,CEDAR,neighbour_SG,280.6920020235703
046P,35,2010,6,1,CEDAR,381022,201589,1,1,36,2011,381022,201589,6,1,CEDAR,same_SG,0
046P,36,2011,6,1,CEDAR,381022,201589,1,1,37,2012,381370,201620,7,1,BREAKHEART,neighbour_SG,349.3780187705002
046P,37,2012,7,1,BREAKHEART,381370,201620,1,1,38,2013,381180,201357,9,1,LAURELS,nonneighbour_SG,324.45184542548066
046R,29,2004,14,1,OAKPILE,382183,201478,2,1,30,2005,381931,201706,8,1,HONEYWELL,neighbour_SG,339.8352542041511
046Z,44,2019,7,1,BULLPEN,381230,201693,1,1,45,2020,381022,201589,6,1,CEDAR,neighbour_SG,232.55106965997814
047G,28,2003,2,1,BOX,380621,201409,2,1,29,2004,380621,201409,2,1,BOX,same_SG,0
047G,29,2004,2,1,BOX,380621,201409,1,1,30,2005,380621,201409,2,1,BOX,same_SG,0
047P,33,2008,9,1,LAURELS,381180,201357,1,1,34,2009,380856,201662,6,1,RABBIT,neighbour_SG,444.9730328907585
047P,34,2009,6,1,RABBIT,380856,201662,1,1,35,2010,381357,201285,10,1,SEPTICTANK,neighbour_SG,627.0007974476588
047R,29,2004,7,1,BOXWOOD,381241,201774,2,1,30,2005,381241,201774,7,1,BOXWOOD,same_SG,0
047V,40,2015,17,1,OLDOAK,382624,201274,2,1,41,2016,382624,201274,17,1,OLDOAK,same_SG,0
048A,39,2014,2,1,BOX,380621,201409,2,1,40,2015,380541,201242,2,1,LARCH,same_SG,185.17289218457435
048A,40,2015,2,1,LARCH,380541,201242,2,1,41,2016,380541,201242,2,1,LARCH,same_SG,0
048A,43,2018,2,1,BOX,380621,201409,1,1,44,2019,380541,201242,2,1,LARCH,same_SG,185.17289218457435
048B,31,2006,1,1,WEST,380190,201400,2,1,32,2007,380190,201400,1,1,WEST,same_SG,0
048P,33,2008,11,1,YEW,381619,201268,2,1,34,2009,381619,201268,11,1,YEW,same_SG,0
048R,29,2004,14,1,COLEPARK,382049,201493,1,1,30,2005,382049,201493,14,1,COLEPARK,same_SG,0
048V,40,2015,2,1,LARCH,380541,201242,1,2,41,2016,380621,201409,2,1,BOX,same_SG,185.17289218457435
048V,41,2016,2,1,BOX,380621,201409,1,2,42,2017,380541,201242,2,1,LARCH,same_SG,185.17289218457435
048V,42,2017,2,1,LARCH,380541,201242,2,2,43,2018,380621,201409,2,1,BOX,same_SG,185.17289218457435
048V,43,2018,2,1,BOX,380621,201409,1,2,44,2019,380621,201409,2,1,BOX,same_SG,0
048W,30,2005,16,1,PEGLARS,382355,200596,2,1,31,2006,382355,200596,16,1,PEGLARS,same_SG,0
048W,31,2006,16,1,PEGLARS,382355,200596,2,1,32,2007,382464,200922,15,1,KENNEL,neighbour_SG,343.7397271192261
048W,32,2007,15,1,KENNEL,382464,200922,1,1,33,2008,382464,200922,15,1,KENNEL,same_SG,0
049A,39,2014,4,1,ARTHURS,380534,200550,1,1,40,2015,380390,200637,4,1,MEAD,same_SG,168.24089871371942
049A,40,2015,4,1,MEAD,380390,200637,2,1,41,2016,380390,200637,4,1,MEAD,same_SG,0
049A,41,2016,4,1,MEAD,380390,200637,1,1,42,2017,380390,200637,4,1,MEAD,same_SG,0
049B,31,2006,2,1,BOX,380621,201409,1,1,32,2007,380621,201409,2,1,BOX,same_SG,0
049B,32,2007,2,1,BOX,380621,201409,2,1,33,2008,380621,201409,2,1,BOX,same_SG,0
049B,33,2008,2,1,BOX,380621,201409,3,1,34,2009,380621,201409,2,1,BOX,same_SG,0
049B,34,2009,2,1,BOX,380621,201409,1,1,35,2010,380621,201409,2,1,BOX,same_SG,0
049B,35,2010,2,1,BOX,380621,201409,1,1,36,2011,380621,201409,2,1,BOX,same_SG,0
049B,36,2011,2,1,BOX,380621,201409,1,1,37,2012,380621,201409,2,1,BOX,same_SG,0
049B,39,2014,2,1,BOX,380621,201409,1,1,40,2015,380541,201242,2,1,LARCH,same_SG,185.17289218457435
049E,38,2013,22,1,WOODFARM,383337,200429,1,1,39,2014,383337,200429,22,1,WOODFARM,same_SG,0
049E,39,2014,22,1,WOODFARM,383337,200429,2,1,40,2015,383337,200429,22,1,WOODFARM,same_SG,0
049E,40,2015,22,1,WOODFARM,383337,200429,1,1,41,2016,383337,200429,22,1,WOODFARM,same_SG,0
049M,43,2018,2,1,BOX,380621,201409,1,1,44,2019,380621,201409,2,1,BOX,same_SG,0
049P,33,2008,11,1,YEW,381619,201268,1,1,34,2009,381737,201220,11,1,TAXUS,same_SG,127.38916751435343
049P,34,2009,11,1,TAXUS,381737,201220,2,1,35,2010,381737,201220,11,1,TAXUS,same_SG,0
049P,35,2010,11,1,TAXUS,381737,201220,2,1,36,2011,381619,201268,11,1,YEW,same_SG,127.38916751435343
049P,36,2011,11,1,YEW,381619,201268,2,1,37,2012,381795,200962,12,1,TOP,neighbour_SG,353.0042492662093
049P,37,2012,12,1,TOP,381795,200962,1,1,38,2013,380931,201164,3,1,BEECH,nonneighbour_SG,887.2992730753249
049R,29,2004,7,1,BOXWOOD,381241,201774,2,1,30,2005,381241,201774,7,1,BOXWOOD,same_SG,0
049V,40,2015,2,1,LARCH,380541,201242,1,1,41,2016,380541,201242,2,1,LARCH,same_SG,0
049V,41,2016,2,1,LARCH,380541,201242,2,1,42,2017,380621,201409,2,1,BOX,same_SG,185.17289218457435
049V,42,2017,2,1,BOX,380621,201409,1,1,43,2018,380621,201409,2,1,BOX,same_SG,0
049W,34,2009,6,1,RABBIT,380856,201662,1,1,35,2010,380856,201662,6,1,RABBIT,same_SG,0
049Y,32,2007,1,1,WEST,380190,201400,1,1,33,2008,380190,201400,1,1,WEST,same_SG,0
049Y,33,2008,1,1,WEST,380190,201400,1,1,34,2009,380190,201400,1,1,WEST,same_SG,0
050A,39,2014,2,1,BOX,380621,201409,2,1,40,2015,380931,201164,3,1,BEECH,neighbour_SG,395.12656200260693
050A,40,2015,3,1,BEECH,380931,201164,1,1,41,2016,380541,201242,2,1,LARCH,neighbour_SG,397.7235220602372
050A,41,2016,2,1,LARCH,380541,201242,1,1,42,2017,380834,201150,3,1,CHESNUT,neighbour_SG,307.1042168385188
050G,28,2003,2,1,LARCH,380541,201242,2,1,29,2004,380621,201409,2,1,BOX,same_SG,185.17289218457435
050G,31,2006,2,1,LARCH,380541,201242,1,1,32,2007,380621,201409,2,1,BOX,same_SG,185.17289218457435
050G,32,2007,2,1,BOX,380621,201409,1,1,33,2008,380621,201409,2,1,BOX,same_SG,0
050G,33,2008,2,1,BOX,380621,201409,2,1,34,2009,380621,201409,2,1,BOX,same_SG,0
050G,34,2009,2,1,BOX,380621,201409,1,1,35,2010,380621,201409,2,1,BOX,same_SG,0
050G,35,2010,2,1,BOX,380621,201409,1,1,36,2011,380621,201409,2,1,BOX,same_SG,0
050K,37,2012,22,1,WOODFARM,383337,200429,2,2,38,2013,383337,200429,22,1,WOODFARM,same_SG,0
050K,38,2013,22,1,WOODFARM,383337,200429,2,2,39,2014,383337,200429,22,1,WOODFARM,same_SG,0
050K,39,2014,22,1,WOODFARM,383337,200429,1,2,40,2015,383337,200429,22,1,WOODFARM,same_SG,0
050M,43,2018,2,1,BOX,380621,201409,1,1,44,2019,380621,201409,2,1,BOX,same_SG,0
050N,34,2009,5,1,JACKSMIREY,380678,200030,1,1,35,2010,380678,200030,5,1,JACKSMIREY,same_SG,0
050R,29,2004,7,1,BOXWOOD,381241,201774,1,1,30,2005,381241,201774,7,1,BOXWOOD,same_SG,0
050W,30,2005,10,1,SEPTICTANK,381357,201285,2,1,31,2006,381157,201365,9,1,BRACKEN,neighbour_SG,215.40659228538016
050W,31,2006,9,1,BRACKEN,381157,201365,1,1,32,2007,381180,201357,9,1,LAURELS,same_SG,24.351591323771842
050Y,32,2007,1,1,WEST,380190,201400,1,1,33,2008,380190,201400,1,1,WEST,same_SG,0
050Y,33,2008,1,1,WEST,380190,201400,1,1,34,2009,380190,201400,1,1,WEST,same_SG,0
051A,39,2014,16,1,WOODRUSH,382713,200607,1,1,40,2015,382713,200607,16,1,WOODRUSH,same_SG,0
051B,31,2006,2,1,BOX,380621,201409,1,1,32,2007,380621,201409,2,1,BOX,same_SG,0
051B,32,2007,2,1,BOX,380621,201409,2,1,33,2008,380621,201409,2,1,BOX,same_SG,0
051B,33,2008,2,1,BOX,380621,201409,2,1,34,2009,380621,201409,2,1,BOX,same_SG,0
051E,38,2013,7,1,BREAKHEART,381370,201620,1,1,39,2014,381241,201774,7,1,BOXWOOD,same_SG,200.89051744669283
051K,37,2012,16,1,WOODRUSH,382713,200607,2,2,38,2013,382464,200922,15,1,KENNEL,neighbour_SG,401.529575498493
051K,38,2013,15,1,KENNEL,382464,200922,2,2,39,2014,382464,200922,15,1,KENNEL,same_SG,0
051K,39,2014,15,1,KENNEL,382464,200922,1,2,40,2015,382074,201085,15,1,WYCHELM,same_SG,422.6925596695546
051M,43,2018,3,1,CHESNUT,380834,201150,1,1,44,2019,380834,201150,3,1,CHESNUT,same_SG,0
051N,34,2009,1,1,WEST,380190,201400,1,1,35,2010,380190,201400,1,1,WEST,same_SG,0
051N,35,2010,1,1,WEST,380190,201400,2,1,36,2011,380190,201400,1,1,WEST,same_SG,0
051P,33,2008,16,1,PEGLARS,382355,200596,1,1,34,2009,382464,200922,15,1,KENNEL,neighbour_SG,343.7397271192261
051R,32,2007,20,1,PARKMILL,383730,200924,1,1,33,2008,383730,200924,20,1,PARKMILL,same_SG,0
051R,33,2008,20,1,PARKMILL,383730,200924,2,1,34,2009,383730,200924,20,1,PARKMILL,same_SG,0
052K,37,2012,15,1,KENNEL,382464,200922,1,2,38,2013,382713,200607,16,1,WOODRUSH,neighbour_SG,401.529575498493
052K,38,2013,16,1,WOODRUSH,382713,200607,2,2,39,2014,382713,200607,16,1,WOODRUSH,same_SG,0
052M,43,2018,3,1,BEECH,380931,201164,1,1,44,2019,380931,201164,3,1,BEECH,same_SG,0
052N,34,2009,6,1,CEDAR,381022,201589,1,1,35,2010,381314,201301,10,1,FERN,neighbour_SG,410.13168616921075
052N,35,2010,10,1,FERN,381314,201301,1,1,36,2011,381180,201357,9,1,LAURELS,neighbour_SG,145.23085071705668
052W,30,2005,11,1,TAXUS,381737,201220,1,1,31,2006,382132,201047,15,1,POPLAR,neighbour_SG,431.223839786253
052W,31,2006,15,1,POPLAR,382132,201047,2,1,32,2007,382132,201047,15,1,POPLAR,same_SG,0
052W,32,2007,15,1,POPLAR,382132,201047,3,1,33,2008,382074,201085,15,1,WYCHELM,same_SG,69.33974329343886
052W,33,2008,15,1,WYCHELM,382074,201085,2,1,34,2009,382074,201085,15,1,WYCHELM,same_SG,0
052W,34,2009,15,1,WYCHELM,382074,201085,2,1,35,2010,381737,201220,11,1,TAXUS,neighbour_SG,363.03443362854716
052Y,33,2008,4,1,THISTLEWOODBANK,381109,200408,1,1,34,2009,380841,200432,4,1,JUNCTION,same_SG,269.0724809414742
052Y,34,2009,4,1,JUNCTION,380841,200432,1,1,35,2010,380841,200432,4,1,JUNCTION,same_SG,0
053B,31,2006,5,1,JACKSMIREY,380678,200030,2,1,32,2007,380678,200030,5,1,JACKSMIREY,same_SG,0
053K,37,2012,17,1,OLDOAK,382624,201274,1,1,38,2013,382624,201274,17,1,OLDOAK,same_SG,0
053K,38,2013,17,1,OLDOAK,382624,201274,2,1,39,2014,382132,201047,15,1,POPLAR,neighbour_SG,541.8422279593941
053K,39,2014,15,1,POPLAR,382132,201047,1,1,40,2015,382616,201525,17,1,TOPOAK,neighbour_SG,680.2499540610054
053K,40,2015,17,1,TOPOAK,382616,201525,1,1,41,2016,382132,201047,15,1,POPLAR,neighbour_SG,680.2499540610054
053K,41,2016,15,1,POPLAR,382132,201047,2,1,42,2017,382132,201047,15,1,POPLAR,same_SG,0
053M,43,2018,3,1,BEECH,380931,201164,1,1,44,2019,380834,201150,3,1,CHESNUT,same_SG,98.00510190801293
053N,34,2009,17,1,OLDOAK,382624,201274,1,1,35,2010,382624,201274,17,1,OLDOAK,same_SG,0
053W,30,2005,11,1,TAXUS,381737,201220,1,1,31,2006,382132,201047,15,1,POPLAR,neighbour_SG,431.223839786253
054A,39,2014,14,1,OLDCOLEPARK,382142,201424,1,1,40,2015,382049,201493,14,1,COLEPARK,same_SG,115.80155439371269
054A,40,2015,14,1,COLEPARK,382049,201493,2,1,41,2016,382049,201493,14,1,COLEPARK,same_SG,0
054A,41,2016,14,1,COLEPARK,382049,201493,2,1,42,2017,382049,201493,14,1,COLEPARK,same_SG,0
054B,31,2006,16,1,PEGLARS,382355,200596,1,1,32,2007,382355,200596,16,1,PEGLARS,same_SG,0
054G,28,2003,11,1,TAXUS,381737,201220,2,1,29,2004,381795,200962,12,1,TOP,neighbour_SG,264.43902888945877
054G,31,2006,15,1,WYCHELM,382074,201085,2,1,32,2007,382132,201047,15,1,POPLAR,same_SG,69.33974329343886
054G,32,2007,15,1,POPLAR,382132,201047,2,1,33,2008,381737,201220,11,1,TAXUS,neighbour_SG,431.223839786253
054K,37,2012,17,1,OLDOAK,382624,201274,2,1,38,2013,382624,201274,17,1,OLDOAK,same_SG,0
054K,38,2013,17,1,OLDOAK,382624,201274,3,1,39,2014,382624,201274,17,1,OLDOAK,same_SG,0
054K,39,2014,17,1,OLDOAK,382624,201274,3,1,40,2015,382624,201274,17,1,OLDOAK,same_SG,0
054K,40,2015,17,1,OLDOAK,382624,201274,4,1,41,2016,382624,201274,17,1,OLDOAK,same_SG,0
054N,34,2009,20,1,PARKMILL,383730,200924,1,1,35,2010,383730,200924,20,1,PARKMILL,same_SG,0
054R,29,2004,6,1,CEDAR,381022,201589,1,1,30,2005,380856,201662,6,1,RABBIT,same_SG,181.34221791960084
054W,30,2005,11,1,TAXUS,381737,201220,1,1,31,2006,381737,201220,11,1,TAXUS,same_SG,0
054W,31,2006,11,1,TAXUS,381737,201220,1,1,32,2007,381619,201268,11,1,YEW,same_SG,127.38916751435343
054W,32,2007,11,1,YEW,381619,201268,2,1,33,2008,381737,201220,11,1,TAXUS,same_SG,127.38916751435343
054W,33,2008,11,1,TAXUS,381737,201220,1,1,34,2009,381619,201268,11,1,YEW,same_SG,127.38916751435343
054Y,32,2007,5,1,JACKSMIREY,380678,200030,1,1,33,2008,380678,200030,5,1,JACKSMIREY,same_SG,0
055B,31,2006,11,1,YEW,381619,201268,1,1,32,2007,381619,201268,11,1,YEW,same_SG,0
055B,32,2007,11,1,YEW,381619,201268,2,1,33,2008,381737,201220,11,1,TAXUS,same_SG,127.38916751435343
055B,33,2008,11,1,TAXUS,381737,201220,1,1,34,2009,381795,200962,12,1,TOP,neighbour_SG,264.43902888945877
055G,28,2003,15,1,KENNEL,382464,200922,1,1,29,2004,382464,200922,15,1,KENNEL,same_SG,0
055G,29,2004,15,1,KENNEL,382464,200922,2,1,30,2005,382132,201047,15,1,POPLAR,same_SG,354.7520260689148
055G,30,2005,15,1,POPLAR,382132,201047,1,1,31,2006,381931,201706,8,1,HONEYWELL,nonneighbour_SG,688.9716975319088
055G,31,2006,8,1,HONEYWELL,381931,201706,1,1,32,2007,381942,201770,8,1,BEND,same_SG,64.93843238021688
055M,43,2018,8,1,HONEYWELL,381931,201706,1,1,44,2019,381931,201706,8,1,HONEYWELL,same_SG,0
055N,34,2009,20,1,PARKMILL,383730,200924,1,1,35,2010,383730,200924,20,1,PARKMILL,same_SG,0
055P,33,2008,8,1,HONEYWELL,381931,201706,1,1,34,2009,381942,201770,8,1,BEND,same_SG,64.93843238021688
055R,29,2004,6,1,RABBIT,380856,201662,2,1,30,2005,381016,201635,6,1,FOX,same_SG,162.2621335986927
055R,30,2005,6,1,FOX,381016,201635,1,1,31,2006,381022,201589,6,1,CEDAR,same_SG,46.389654018972806
055R,31,2006,6,1,CEDAR,381022,201589,1,1,32,2007,380856,201662,6,1,RABBIT,same_SG,181.34221791960084
055R,34,2009,6,1,CEDAR,381022,201589,1,1,35,2010,381016,201635,6,1,FOX,same_SG,46.389654018972806
055Y,32,2007,11,1,TAXUS,381737,201220,1,1,33,2008,381619,201268,11,1,YEW,same_SG,127.38916751435343
055Y,35,2010,12,1,TOP,381795,200962,1,1,36,2011,381795,200962,12,1,TOP,same_SG,0
055Y,36,2011,12,1,TOP,381795,200962,1,1,37,2012,381795,200962,12,1,TOP,same_SG,0
056B,31,2006,11,1,TAXUS,381737,201220,2,1,32,2007,381737,201220,11,1,TAXUS,same_SG,0
056B,32,2007,11,1,TAXUS,381737,201220,2,1,33,2008,381795,200962,12,1,TOP,neighbour_SG,264.43902888945877
056B,33,2008,12,1,TOP,381795,200962,2,1,34,2009,381619,201268,11,1,YEW,neighbour_SG,353.0042492662093
056B,34,2009,11,1,YEW,381619,201268,1,1,35,2010,381795,200962,12,1,TOP,neighbour_SG,353.0042492662093
056B,35,2010,12,1,TOP,381795,200962,1,1,36,2011,381795,200962,12,1,TOP,same_SG,0
056M,43,2018,18,1,NETTLE,383024,201142,1,1,44,2019,383024,201142,18,1,NETTLE,same_SG,0
056P,33,2008,17,1,OLDOAK,382624,201274,2,1,34,2009,382624,201274,17,1,OLDOAK,same_SG,0
056P,34,2009,17,1,OLDOAK,382624,201274,2,1,35,2010,382624,201274,17,1,OLDOAK,same_SG,0
056W,30,2005,10,1,FERN,381314,201301,2,1,31,2006,381022,201589,6,1,CEDAR,neighbour_SG,410.13168616921075
056W,31,2006,6,1,CEDAR,381022,201589,1,1,32,2007,381503,201484,13,1,OLDPONDDRAIN,nonneighbour_SG,492.3271270202364
056W,32,2007,13,1,OLDPONDDRAIN,381503,201484,1,1,33,2008,381357,201285,10,1,SEPTICTANK,neighbour_SG,246.81369491987272
056Y,32,2007,22,1,WOODFARM,383337,200429,2,1,33,2008,383337,200429,22,1,WOODFARM,same_SG,0
056Y,33,2008,22,1,WOODFARM,383337,200429,1,1,34,2009,383337,200429,22,1,WOODFARM,same_SG,0
057G,28,2003,16,1,PEGLARS,382355,200596,1,1,29,2004,382355,200596,16,1,PEGLARS,same_SG,0
057P,33,2008,8,1,HONEYWELL,381931,201706,2,1,34,2009,381942,201770,8,1,BEND,same_SG,64.93843238021688
057P,34,2009,8,1,BEND,381942,201770,2,1,35,2010,381946,201669,8,1,CHAIN,same_SG,101.07917688624102
057R,29,2004,22,1,WOODFARM,383337,200429,1,1,30,2005,383337,200429,22,1,WOODFARM,same_SG,0
057Y,32,2007,21,1,COLLIERSWOOD,382931,200706,2,1,33,2008,382931,200706,21,1,COLLIERSWOOD,same_SG,0
057Y,35,2010,22,1,WOODFARM,383337,200429,2,1,36,2011,383337,200429,22,1,WOODFARM,same_SG,0
057Y,36,2011,22,1,WOODFARM,383337,200429,3,1,37,2012,383337,200429,22,1,WOODFARM,same_SG,0
057Y,37,2012,22,1,WOODFARM,383337,200429,1,1,38,2013,383337,200429,22,1,WOODFARM,same_SG,0
058P,33,2008,6,1,CEDAR,381022,201589,2,1,34,2009,380856,201662,6,1,RABBIT,same_SG,181.34221791960084
058R,29,2004,17,1,OLDOAK,382624,201274,2,1,30,2005,382624,201274,17,1,OLDOAK,same_SG,0
058R,30,2005,17,1,OLDOAK,382624,201274,2,1,31,2006,383126,200958,19,1,DAM,neighbour_SG,593.1778822579278
058R,31,2006,19,1,DAM,383126,200958,1,1,32,2007,383011,201367,18,1,LINSEED,neighbour_SG,424.8599769335775
058R,32,2007,18,1,LINSEED,383011,201367,1,1,33,2008,383024,201142,18,1,NETTLE,same_SG,225.37524265100637
058R,33,2008,18,1,NETTLE,383024,201142,2,1,34,2009,383024,201142,18,1,NETTLE,same_SG,0
058R,34,2009,18,1,NETTLE,383024,201142,1,1,35,2010,383024,201142,18,1,NETTLE,same_SG,0
058R,35,2010,18,1,NETTLE,383024,201142,1,1,36,2011,382930,201326,18,1,HOLLOWTREE,same_SG,206.6204249342257
058R,36,2011,18,1,HOLLOWTREE,382930,201326,1,1,37,2012,383024,201142,18,1,NETTLE,same_SG,206.6204249342257
058W,30,2005,22,1,WOODFARM,383337,200429,3,1,31,2006,383337,200429,22,1,WOODFARM,same_SG,0
058Y,32,2007,3,1,BEECH,380931,201164,1,1,33,2008,380931,201164,3,1,BEECH,same_SG,0
058Y,33,2008,3,1,BEECH,380931,201164,1,1,34,2009,380931,201164,3,1,BEECH,same_SG,0
058Y,34,2009,3,1,BEECH,380931,201164,1,1,35,2010,380931,201164,3,1,BEECH,same_SG,0
058Y,35,2010,3,1,BEECH,380931,201164,1,1,36,2011,380931,201164,3,1,BEECH,same_SG,0
058Y,38,2013,4,1,MEAD,380390,200637,1,1,39,2014,380390,200637,4,1,MEAD,same_SG,0
059B,31,2006,20,1,PARKMILL,383730,200924,2,1,32,2007,383730,200924,20,1,PARKMILL,same_SG,0
059B,34,2009,20,1,PARKMILL,383730,200924,1,1,35,2010,383730,200924,20,1,PARKMILL,same_SG,0
059B,35,2010,20,1,PARKMILL,383730,200924,1,1,36,2011,383730,200924,20,1,PARKMILL,same_SG,0
059B,36,2011,20,1,PARKMILL,383730,200924,2,1,37,2012,383730,200924,20,1,PARKMILL,same_SG,0
059P,33,2008,6,1,CEDAR,381022,201589,2,1,34,2009,380856,201662,6,1,RABBIT,same_SG,181.34221791960084
059R,29,2004,17,1,OLDOAK,382624,201274,1,1,30,2005,382624,201274,17,1,OLDOAK,same_SG,0
059R,30,2005,17,1,OLDOAK,382624,201274,2,1,31,2006,382930,201326,18,1,HOLLOWTREE,neighbour_SG,310.3868553917836
059R,31,2006,18,1,HOLLOWTREE,382930,201326,1,1,32,2007,382930,201326,18,1,HOLLOWTREE,same_SG,0
059Y,32,2007,16,1,PEGLARS,382355,200596,1,2,33,2008,382355,200596,16,1,PEGLARS,same_SG,0
059Y,33,2008,16,1,PEGLARS,382355,200596,1,2,34,2009,382464,200922,15,1,KENNEL,neighbour_SG,343.7397271192261
060B,33,2008,20,1,PARKMILL,383730,200924,1,1,34,2009,383730,200924,20,1,PARKMILL,same_SG,0
060M,43,2018,18,1,NETTLE,383024,201142,1,1,44,2019,380678,200030,5,1,JACKSMIREY,nonneighbour_SG,2596.201070795558
060P,33,2008,17,1,OLDOAK,382624,201274,2,1,34,2009,382624,201274,17,1,OLDOAK,same_SG,0
060P,34,2009,17,1,OLDOAK,382624,201274,2,1,35,2010,382624,201274,17,1,OLDOAK,same_SG,0
060P,35,2010,17,1,OLDOAK,382624,201274,1,1,36,2011,382624,201274,17,1,OLDOAK,same_SG,0
060R,29,2004,17,1,OLDOAK,382624,201274,2,1,30,2005,382624,201274,17,1,OLDOAK,same_SG,0
060R,30,2005,17,1,OLDOAK,382624,201274,1,1,31,2006,383126,200958,19,1,DAM,neighbour_SG,593.1778822579278
060R,31,2006,19,1,DAM,383126,200958,1,1,32,2007,382930,201326,18,1,HOLLOWTREE,neighbour_SG,416.94124286282835
060R,34,2009,18,1,NETTLE,383024,201142,2,1,35,2010,382464,200922,15,1,KENNEL,nonneighbour_SG,601.6643582596529
061B,31,2006,8,1,HONEYWELL,381931,201706,1,1,32,2007,381946,201669,8,1,CHAIN,same_SG,39.92492955535426
061G,28,2003,2,1,LARCH,380541,201242,1,1,29,2004,380621,201409,2,1,BOX,same_SG,185.17289218457435
061W,30,2005,20,1,PARKMILL,383730,200924,3,1,31,2006,383730,200924,20,1,PARKMILL,same_SG,0
061Y,32,2007,3,1,BEECH,380931,201164,1,1,33,2008,380931,201164,3,1,BEECH,same_SG,0
061Y,33,2008,3,1,BEECH,380931,201164,2,1,34,2009,380931,201164,3,1,BEECH,same_SG,0
061Y,34,2009,3,1,BEECH,380931,201164,2,1,35,2010,380931,201164,3,1,BEECH,same_SG,0
061Y,35,2010,3,1,BEECH,380931,201164,2,1,36,2011,380834,201150,3,1,CHESNUT,same_SG,98.00510190801293
062G,28,2003,2,1,LARCH,380541,201242,1,1,29,2004,380621,201409,2,1,BOX,same_SG,185.17289218457435
062G,32,2007,2,1,LARCH,380541,201242,1,1,33,2008,380621,201409,2,1,BOX,same_SG,185.17289218457435
062P,33,2008,2,1,BOX,380621,201409,1,1,34,2009,380621,201409,2,1,BOX,same_SG,0
062W,30,2005,18,1,LINSEED,383011,201367,1,1,31,2006,382624,201274,17,1,OLDOAK,neighbour_SG,398.0175875511031
062W,31,2006,17,1,OLDOAK,382624,201274,2,1,32,2007,382281,201327,14,1,TRACKSIDE,neighbour_SG,347.0705980056507
062W,34,2009,14,1,TRACKSIDE,382281,201327,1,1,35,2010,382132,201047,15,1,POPLAR,neighbour_SG,317.1766069558094
062Y,32,2007,11,1,TAXUS,381737,201220,1,1,33,2008,381619,201268,11,1,YEW,same_SG,127.38916751435343
063B,31,2006,1,1,WEST,380190,201400,1,1,32,2007,380190,201400,1,1,WEST,same_SG,0
063G,28,2003,16,1,PEGLARS,382355,200596,1,1,29,2004,382355,200596,16,1,PEGLARS,same_SG,0
063W,30,2005,17,1,OLDOAK,382624,201274,2,1,31,2006,382624,201274,17,1,OLDOAK,same_SG,0
063W,31,2006,17,1,OLDOAK,382624,201274,2,1,32,2007,382624,201274,17,1,OLDOAK,same_SG,0
063W,32,2007,17,1,OLDOAK,382624,201274,2,1,33,2008,382624,201274,17,1,OLDOAK,same_SG,0
063W,33,2008,17,1,OLDOAK,382624,201274,1,1,34,2009,382624,201274,17,1,OLDOAK,same_SG,0
063W,34,2009,17,1,OLDOAK,382624,201274,1,1,35,2010,382624,201274,17,1,OLDOAK,same_SG,0
063W,35,2010,17,1,OLDOAK,382624,201274,1,1,36,2011,382624,201274,17,1,OLDOAK,same_SG,0
063W,36,2011,17,1,OLDOAK,382624,201274,2,1,37,2012,382624,201274,17,1,OLDOAK,same_SG,0
063W,37,2012,17,1,OLDOAK,382624,201274,1,1,38,2013,382624,201274,17,1,OLDOAK,same_SG,0
063W,38,2013,17,1,OLDOAK,382624,201274,1,1,39,2014,382616,201525,17,1,TOPOAK,same_SG,251.127457678367
063Y,32,2007,20,1,PARKMILL,383730,200924,2,1,33,2008,383730,200924,20,1,PARKMILL,same_SG,0
063Y,33,2008,20,1,PARKMILL,383730,200924,4,1,34,2009,383730,200924,20,1,PARKMILL,same_SG,0
063Y,34,2009,20,1,PARKMILL,383730,200924,2,1,35,2010,383730,200924,20,1,PARKMILL,same_SG,0
063Y,37,2012,20,1,PARKMILL,383730,200924,1,1,38,2013,383730,200924,20,1,PARKMILL,same_SG,0
063Y,38,2013,20,1,PARKMILL,383730,200924,3,1,39,2014,383730,200924,20,1,PARKMILL,same_SG,0
063Y,39,2014,20,1,PARKMILL,383730,200924,1,1,40,2015,383730,200924,20,1,PARKMILL,same_SG,0
063Y,40,2015,20,1,PARKMILL,383730,200924,1,1,41,2016,383730,200924,20,1,PARKMILL,same_SG,0
063Y,41,2016,20,1,PARKMILL,383730,200924,2,1,42,2017,383412,200931,20,1,SCOTLANDBANK,same_SG,318.0770346944274
064P,33,2008,3,1,BEECH,380931,201164,1,1,34,2009,380931,201164,3,1,BEECH,same_SG,0
064P,34,2009,3,1,BEECH,380931,201164,2,1,35,2010,380931,201164,3,1,BEECH,same_SG,0
064P,35,2010,3,1,BEECH,380931,201164,1,1,36,2011,380931,201164,3,1,BEECH,same_SG,0
064W,30,2005,7,1,BOXWOOD,381241,201774,2,1,31,2006,381241,201774,7,1,BOXWOOD,same_SG,0
064W,31,2006,7,1,BOXWOOD,381241,201774,2,1,32,2007,381241,201774,7,1,BOXWOOD,same_SG,0
064Y,32,2007,3,1,MANSION,380901,201150,1,1,33,2008,380931,201164,3,1,BEECH,same_SG,33.1058907144937
064Y,33,2008,3,1,BEECH,380931,201164,1,1,34,2009,380834,201150,3,1,CHESNUT,same_SG,98.00510190801293
065B,35,2010,4,1,JUNCTION,380841,200432,1,1,36,2011,380841,200432,4,1,JUNCTION,same_SG,0
065P,33,2008,16,1,WOODRUSH,382713,200607,1,1,34,2009,382713,200607,16,1,WOODRUSH,same_SG,0
065W,30,2005,8,1,HONEYWELL,381931,201706,3,1,31,2006,381931,201706,8,1,HONEYWELL,same_SG,0
065W,31,2006,8,1,HONEYWELL,381931,201706,3,1,32,2007,381946,201669,8,1,CHAIN,same_SG,39.92492955535426
065W,32,2007,8,1,CHAIN,381946,201669,1,1,33,2008,381931,201706,8,1,HONEYWELL,same_SG,39.92492955535426
065W,33,2008,8,1,HONEYWELL,381931,201706,1,1,34,2009,381946,201669,8,1,CHAIN,same_SG,39.92492955535426
065Y,32,2007,4,1,THISTLEWOODBANK,381109,200408,1,1,33,2008,380841,200432,4,1,JUNCTION,same_SG,269.0724809414742
065Y,33,2008,4,1,JUNCTION,380841,200432,3,1,34,2009,380841,200432,4,1,JUNCTION,same_SG,0
066B,31,2006,4,1,THISTLEWOODBANK,381109,200408,1,1,32,2007,380841,200432,4,1,JUNCTION,same_SG,269.0724809414742
066B,32,2007,4,1,JUNCTION,380841,200432,1,1,33,2008,380841,200432,4,1,JUNCTION,same_SG,0
066B,36,2011,4,1,JUNCTION,380841,200432,1,1,37,2012,380841,200432,4,1,JUNCTION,same_SG,0
066R,29,2004,7,1,BOXWOOD,381241,201774,2,1,30,2005,381241,201774,7,1,BOXWOOD,same_SG,0
066R,30,2005,7,1,BOXWOOD,381241,201774,2,1,31,2006,381241,201774,7,1,BOXWOOD,same_SG,0
066R,31,2006,7,1,BOXWOOD,381241,201774,2,1,32,2007,381241,201774,7,1,BOXWOOD,same_SG,0
066R,35,2010,7,1,BOXWOOD,381241,201774,1,1,36,2011,381241,201774,7,1,BOXWOOD,same_SG,0
066R,36,2011,7,1,BOXWOOD,381241,201774,2,1,37,2012,381241,201774,7,1,BOXWOOD,same_SG,0
066R,37,2012,7,1,BOXWOOD,381241,201774,1,1,38,2013,381241,201774,7,1,BOXWOOD,same_SG,0
066W,30,2005,7,1,BOXWOOD,381241,201774,3,1,31,2006,381241,201774,7,1,BOXWOOD,same_SG,0
066W,31,2006,7,1,BOXWOOD,381241,201774,2,1,32,2007,381241,201774,7,1,BOXWOOD,same_SG,0
066Y,32,2007,5,1,JACKSMIREY,380678,200030,1,1,33,2008,383608,202451,999,2,STREAM,peripheral,3800.8079404252985
067P,33,2008,15,1,POPLAR,382132,201047,1,1,34,2009,382132,201047,15,1,POPLAR,same_SG,0
067P,34,2009,15,1,POPLAR,382132,201047,1,1,35,2010,382074,201085,15,1,WYCHELM,same_SG,69.33974329343886
067P,35,2010,15,1,WYCHELM,382074,201085,3,1,36,2011,382132,201047,15,1,POPLAR,same_SG,69.33974329343886
067P,36,2011,15,1,POPLAR,382132,201047,1,1,37,2012,381795,200962,12,1,TOP,neighbour_SG,347.55431230240833
067P,37,2012,12,1,TOP,381795,200962,1,1,38,2013,382132,201047,15,1,POPLAR,neighbour_SG,347.55431230240833
067R,29,2004,7,1,BOXWOOD,381241,201774,1,1,30,2005,381241,201774,7,1,BOXWOOD,same_SG,0
067R,32,2007,10,1,SEPTICTANK,381357,201285,1,1,33,2008,381180,201357,9,1,LAURELS,neighbour_SG,191.08375127153016
067Y,34,2009,1,1,WEST,380190,201400,1,1,35,2010,380190,201400,1,1,WEST,same_SG,0
068R,29,2004,6,1,RABBIT,380856,201662,1,1,30,2005,380856,201662,6,1,RABBIT,same_SG,0
069R,29,2004,20,1,PARKMILL,383730,200924,2,1,30,2005,383730,200924,20,1,PARKMILL,same_SG,0
069R,30,2005,20,1,PARKMILL,383730,200924,3,1,31,2006,383730,200924,20,1,PARKMILL,same_SG,0
069R,31,2006,20,1,PARKMILL,383730,200924,2,1,32,2007,383730,200924,20,1,PARKMILL,same_SG,0
069R,32,2007,20,1,PARKMILL,383730,200924,1,1,33,2008,383730,200924,20,1,PARKMILL,same_SG,0
069R,33,2008,20,1,PARKMILL,383730,200924,2,1,34,2009,383730,200924,20,1,PARKMILL,same_SG,0
069R,34,2009,20,1,PARKMILL,383730,200924,2,1,35,2010,383730,200924,20,1,PARKMILL,same_SG,0
069R,35,2010,20,1,PARKMILL,383730,200924,1,1,36,2011,383730,200924,20,1,PARKMILL,same_SG,0
070P,34,2009,22,1,WOODFARM,383337,200429,1,1,35,2010,384013,200739,999,2,INCHBROOK,peripheral,743.6907959629459
070R,29,2004,1,1,WEST,380190,201400,2,1,30,2005,380190,201400,1,1,WEST,same_SG,0
070Y,32,2007,12,1,TOP,381795,200962,1,1,33,2008,381795,200962,12,1,TOP,same_SG,0
070Y,33,2008,12,1,TOP,381795,200962,3,1,34,2009,381737,201220,11,1,TAXUS,neighbour_SG,264.43902888945877
070Y,34,2009,11,1,TAXUS,381737,201220,1,1,35,2010,381619,201268,11,1,YEW,same_SG,127.38916751435343
071W,30,2005,17,1,OLDOAK,382624,201274,2,1,31,2006,382624,201274,17,1,OLDOAK,same_SG,0
073R,29,2004,2,1,LARCH,380541,201242,1,1,30,2005,380621,201409,2,1,BOX,same_SG,185.17289218457435
073R,30,2005,2,1,BOX,380621,201409,2,1,31,2006,380541,201242,2,1,LARCH,same_SG,185.17289218457435
076R,29,2004,17,1,TOPOAK,382616,201525,1,1,30,2005,381795,200962,12,1,TOP,nonneighbour_SG,995.4948518199378
077W,30,2005,20,1,PARKMILL,383730,200924,3,1,31,2006,383730,200924,20,1,PARKMILL,same_SG,0
077W,31,2006,20,1,PARKMILL,383730,200924,1,1,32,2007,383412,200931,20,1,SCOTLANDBANK,same_SG,318.0770346944274
077W,34,2009,20,1,PARKMILL,383730,200924,1,1,35,2010,383730,200924,20,1,PARKMILL,same_SG,0
079W,30,2005,7,1,BOXWOOD,381241,201774,3,1,31,2006,381241,201774,7,1,BOXWOOD,same_SG,0
082W,30,2005,2,1,BOX,380621,201409,1,1,31,2006,380621,201409,2,1,BOX,same_SG,0
082W,31,2006,2,1,BOX,380621,201409,2,1,32,2007,380621,201409,2,1,BOX,same_SG,0
082W,32,2007,2,1,BOX,380621,201409,2,1,33,2008,380621,201409,2,1,BOX,same_SG,0
082W,33,2008,2,1,BOX,380621,201409,1,1,34,2009,380621,201409,2,1,BOX,same_SG,0
082W,34,2009,2,1,BOX,380621,201409,1,1,35,2010,380621,201409,2,1,BOX,same_SG,0
082W,35,2010,2,1,BOX,380621,201409,1,1,36,2011,380621,201409,2,1,BOX,same_SG,0
082W,36,2011,2,1,BOX,380621,201409,1,1,37,2012,380541,201242,2,1,LARCH,same_SG,185.17289218457435
083W,30,2005,1,1,WEST,380190,201400,2,1,31,2006,380190,201400,1,1,WEST,same_SG,0
084W,30,2005,1,1,WEST,380190,201400,1,1,31,2006,380190,201400,1,1,WEST,same_SG,0
085W,30,2005,1,1,WEST,380190,201400,1,1,31,2006,380190,201400,1,1,WEST,same_SG,0
089W,30,2005,4,1,THISTLEWOODBANK,381109,200408,1,1,31,2006,381109,200408,4,1,THISTLEWOODBANK,same_SG,0
089W,31,2006,4,1,THISTLEWOODBANK,381109,200408,2,1,32,2007,380390,200637,4,1,MEAD,same_SG,754.5873044254058
089W,32,2007,4,1,MEAD,380390,200637,2,1,33,2008,380534,200550,4,1,ARTHURS,same_SG,168.24089871371942
096W,30,2005,7,1,BOXWOOD,381241,201774,1,1,31,2006,381241,201774,7,1,BOXWOOD,same_SG,0
096W,31,2006,7,1,BOXWOOD,381241,201774,2,1,32,2007,381016,201635,6,1,FOX,neighbour_SG,264.4730610100016
096W,32,2007,6,1,FOX,381016,201635,1,1,33,2008,381241,201774,7,1,BOXWOOD,neighbour_SG,264.4730610100016
096W,33,2008,7,1,BOXWOOD,381241,201774,1,1,34,2009,381241,201774,7,1,BOXWOOD,same_SG,0
097W,30,2005,4,1,THISTLEWOODBANK,381109,200408,1,1,31,2006,381109,200408,4,1,THISTLEWOODBANK,same_SG,0
097W,31,2006,4,1,THISTLEWOODBANK,381109,200408,2,1,32,2007,380390,200637,4,1,MEAD,same_SG,754.5873044254058
097W,32,2007,4,1,MEAD,380390,200637,1,1,33,2008,380534,200550,4,1,ARTHURS,same_SG,168.24089871371942
098W,30,2005,5,1,JACKSMIREY,380678,200030,1,1,31,2006,380678,200030,5,1,JACKSMIREY,same_SG,0
098W,31,2006,5,1,JACKSMIREY,380678,200030,1,1,32,2007,380678,200030,5,1,JACKSMIREY,same_SG,0
099W,30,2005,1,1,WEST,380190,201400,1,1,31,2006,380190,201400,1,1,WEST,same_SG,0
099W,31,2006,1,1,WEST,380190,201400,1,1,32,2007,379814,201477,999,2,CARPARK,peripheral,383.80333505585907
100W,30,2005,1,1,WEST,380190,201400,1,1,31,2006,379874,201435,1,1,BUCKHOLT,same_SG,317.9323827482819
101W,30,2005,4,1,MEAD,380390,200637,2,1,31,2006,380390,200637,4,1,MEAD,same_SG,0
101W,33,2008,4,1,ARTHURS,380534,200550,2,1,34,2009,380390,200637,4,1,MEAD,same_SG,168.24089871371942
103W,30,2005,6,1,RABBIT,380856,201662,1,1,31,2006,380856,201662,6,1,RABBIT,same_SG,0
103W,31,2006,6,1,RABBIT,380856,201662,1,1,32,2007,381016,201635,6,1,FOX,same_SG,162.2621335986927
103W,34,2009,6,1,RABBIT,380856,201662,1,1,35,2010,381241,201774,7,1,BOXWOOD,neighbour_SG,400.96009776535124
103W,35,2010,7,1,BOXWOOD,381241,201774,1,1,36,2011,381241,201774,7,1,BOXWOOD,same_SG,0
104W,33,2008,4,1,MEAD,380390,200637,1,1,34,2009,380534,200550,4,1,ARTHURS,same_SG,168.24089871371942
A002,14,1989,18,1,NETTLE,383024,201142,1,1,15,1990,383024,201142,18,1,NETTLE,same_SG,0
A002,18,1993,18,1,QUARRY,383188,201092,1,1,19,1994,383024,201142,18,1,NETTLE,same_SG,171.45261736118232
A011,14,1989,4,1,ARTHURS,380534,200550,2,1,15,1990,380534,200550,4,1,ARTHURS,same_SG,0
A011,15,1990,4,1,ARTHURS,380534,200550,2,1,16,1991,380534,200550,4,1,ARTHURS,same_SG,0
A012,14,1989,5,1,JACKSMIREY,380678,200030,2,1,15,1990,380678,200030,5,1,JACKSMIREY,same_SG,0
A013,14,1989,5,1,JACKSMIREY,380678,200030,3,1,15,1990,380678,200030,5,1,JACKSMIREY,same_SG,0
A014,14,1989,1,1,WEST,380190,201400,2,1,15,1990,380190,201400,1,1,WEST,same_SG,0
A014,15,1990,1,1,WEST,380190,201400,4,1,16,1991,380190,201400,1,1,WEST,same_SG,0
A021,14,1989,2,1,LARCH,380541,201242,2,1,15,1990,380621,201409,2,1,BOX,same_SG,185.17289218457435
A021,15,1990,2,1,BOX,380621,201409,2,1,16,1991,380621,201409,2,1,BOX,same_SG,0
A021,16,1991,2,1,BOX,380621,201409,1,1,17,1992,380621,201409,2,1,BOX,same_SG,0
A030,14,1989,5,1,JACKSMIREY,380678,200030,3,1,15,1990,380678,200030,5,1,JACKSMIREY,same_SG,0
A030,15,1990,5,1,JACKSMIREY,380678,200030,2,1,16,1991,380678,200030,5,1,JACKSMIREY,same_SG,0
A037,14,1989,3,1,BEECH,380931,201164,2,1,15,1990,380541,201242,2,1,LARCH,neighbour_SG,397.7235220602372
A037,15,1990,2,1,LARCH,380541,201242,1,1,16,1991,380931,201164,3,1,BEECH,neighbour_SG,397.7235220602372
A037,16,1991,3,1,BEECH,380931,201164,3,1,17,1992,380931,201164,3,1,BEECH,same_SG,0
A037,19,1994,7,1,BOXWOOD,381241,201774,1,1,20,1995,381931,201706,8,1,HONEYWELL,neighbour_SG,693.3426281428252
A037,20,1995,8,1,HONEYWELL,381931,201706,1,1,21,1996,381931,201706,8,1,HONEYWELL,same_SG,0
A038,14,1989,10,1,SEPTICTANK,381357,201285,1,1,15,1990,381503,201484,13,1,OLDPONDDRAIN,neighbour_SG,246.81369491987272
A038,15,1990,13,1,OLDPONDDRAIN,381503,201484,2,1,16,1991,381180,201357,9,1,LAURELS,nonneighbour_SG,347.0705980056507
A038,16,1991,9,1,LAURELS,381180,201357,1,1,17,1992,381357,201285,10,1,SEPTICTANK,neighbour_SG,191.08375127153016
A039,14,1989,16,1,PEGLARS,382355,200596,1,1,15,1990,382355,200596,16,1,PEGLARS,same_SG,0
A039,15,1990,16,1,PEGLARS,382355,200596,4,1,16,1991,382355,200596,16,1,PEGLARS,same_SG,0
A039,16,1991,16,1,PEGLARS,382355,200596,3,1,17,1992,382355,200596,16,1,PEGLARS,same_SG,0
A041,14,1989,12,1,TOP,381795,200962,3,1,15,1990,381795,200962,12,1,TOP,same_SG,0
A041,15,1990,12,1,TOP,381795,200962,3,1,16,1991,381795,200962,12,1,TOP,same_SG,0
A041,16,1991,12,1,TOP,381795,200962,1,1,17,1992,381795,200962,12,1,TOP,same_SG,0
A041,17,1992,12,1,TOP,381795,200962,2,1,18,1993,381795,200962,12,1,TOP,same_SG,0
A042,14,1989,12,1,TOP,381795,200962,3,1,15,1990,381795,200962,12,1,TOP,same_SG,0
A042,15,1990,12,1,TOP,381795,200962,3,1,16,1991,381795,200962,12,1,TOP,same_SG,0
A042,16,1991,12,1,TOP,381795,200962,1,1,17,1992,381795,200962,12,1,TOP,same_SG,0
A042,17,1992,12,1,TOP,381795,200962,1,1,18,1993,381795,200962,12,1,TOP,same_SG,0
A042,18,1993,12,1,TOP,381795,200962,1,1,19,1994,381795,200962,12,1,TOP,same_SG,0
A042,19,1994,12,1,TOP,381795,200962,1,1,20,1995,382132,201047,15,1,POPLAR,neighbour_SG,347.55431230240833
A045,14,1989,8,1,HONEYWELL,381931,201706,1,1,15,1990,382049,201493,14,1,COLEPARK,neighbour_SG,243.50154003619772
A045,15,1990,14,1,COLEPARK,382049,201493,2,1,16,1991,382049,201493,14,1,COLEPARK,same_SG,0
A046,14,1989,17,1,OLDOAK,382624,201274,3,1,15,1990,382624,201274,17,1,OLDOAK,same_SG,0
A046,15,1990,17,1,OLDOAK,382624,201274,2,1,16,1991,382624,201274,17,1,OLDOAK,same_SG,0
A047,16,1991,17,1,OLDOAK,382624,201274,2,1,17,1992,382624,201274,17,1,OLDOAK,same_SG,0
A049,14,1989,17,1,TOPOAK,382616,201525,2,1,15,1990,382616,201525,17,1,TOPOAK,same_SG,0
A049,15,1990,17,1,TOPOAK,382616,201525,2,1,16,1991,382616,201525,17,1,TOPOAK,same_SG,0
A049,16,1991,17,1,TOPOAK,382616,201525,1,1,17,1992,382616,201525,17,1,TOPOAK,same_SG,0
A049,17,1992,17,1,TOPOAK,382616,201525,1,1,18,1993,383375,201417,999,2,ATCOMBEWEST,peripheral,766.6452895570415
A051,14,1989,22,1,WOODFARM,383337,200429,2,1,15,1990,383337,200429,22,1,WOODFARM,same_SG,0
A051,15,1990,22,1,WOODFARM,383337,200429,3,1,16,1991,383337,200429,22,1,WOODFARM,same_SG,0
A051,16,1991,22,1,WOODFARM,383337,200429,1,1,17,1992,383337,200429,22,1,WOODFARM,same_SG,0
A051,17,1992,22,1,WOODFARM,383337,200429,3,1,18,1993,383337,200429,22,1,WOODFARM,same_SG,0
A051,18,1993,22,1,WOODFARM,383337,200429,1,1,19,1994,383337,200429,22,1,WOODFARM,same_SG,0
A051,19,1994,22,1,WOODFARM,383337,200429,1,1,20,1995,383337,200429,22,1,WOODFARM,same_SG,0
A051,20,1995,22,1,WOODFARM,383337,200429,2,1,21,1996,382931,200706,21,1,COLLIERSWOOD,neighbour_SG,491.49262456317695
A051,21,1996,21,1,COLLIERSWOOD,382931,200706,1,1,22,1997,382931,200706,21,1,COLLIERSWOOD,same_SG,0
A051,22,1997,21,1,COLLIERSWOOD,382931,200706,1,1,23,1998,382931,200706,21,1,COLLIERSWOOD,same_SG,0
A051,23,1998,21,1,COLLIERSWOOD,382931,200706,1,1,24,1999,382931,200706,21,1,COLLIERSWOOD,same_SG,0
A051,24,1999,21,1,COLLIERSWOOD,382931,200706,2,1,25,2000,382931,200706,21,1,COLLIERSWOOD,same_SG,0
A052,14,1989,22,1,WOODFARM,383337,200429,2,1,15,1990,383635,200531,999,2,WINDSOREDGE,peripheral,314.97301471713416
A054,15,1990,22,1,WOODFARM,383337,200429,1,1,16,1991,383337,200429,22,1,WOODFARM,same_SG,0
A054,16,1991,22,1,WOODFARM,383337,200429,1,1,17,1992,383337,200429,22,1,WOODFARM,same_SG,0
A054,17,1992,22,1,WOODFARM,383337,200429,3,1,18,1993,383337,200429,22,1,WOODFARM,same_SG,0
A054,18,1993,22,1,WOODFARM,383337,200429,2,1,19,1994,383337,200429,22,1,WOODFARM,same_SG,0
A054,19,1994,22,1,WOODFARM,383337,200429,1,1,20,1995,383635,200531,999,2,WINDSOREDGE,peripheral,314.97301471713416
A056,17,1992,17,1,OLDOAK,382624,201274,1,1,18,1993,383375,201417,999,2,ATCOMBEWEST,peripheral,764.4932962426813
A073,14,1989,2,1,LARCH,380541,201242,1,1,15,1990,380931,201164,3,1,BEECH,neighbour_SG,397.7235220602372
A073,15,1990,3,1,BEECH,380931,201164,3,1,16,1991,380931,201164,3,1,BEECH,same_SG,0
A073,16,1991,3,1,BEECH,380931,201164,2,1,17,1992,380931,201164,3,1,BEECH,same_SG,0
A073,17,1992,3,1,BEECH,380931,201164,1,1,18,1993,381022,201589,6,1,CEDAR,neighbour_SG,434.6331786690933
A074,14,1989,5,1,JACKSMIREY,380678,200030,2,1,15,1990,380678,200030,5,1,JACKSMIREY,same_SG,0
A074,15,1990,5,1,JACKSMIREY,380678,200030,3,1,16,1991,380678,200030,5,1,JACKSMIREY,same_SG,0
A074,21,1996,5,1,JACKSMIREY,380678,200030,3,1,22,1997,380678,200030,5,1,JACKSMIREY,same_SG,0
A074,22,1997,5,1,JACKSMIREY,380678,200030,1,1,23,1998,380678,200030,5,1,JACKSMIREY,same_SG,0
A074,23,1998,5,1,JACKSMIREY,380678,200030,1,1,24,1999,380678,200030,5,1,JACKSMIREY,same_SG,0
A075,14,1989,1,1,WEST,380190,201400,2,1,15,1990,380190,201400,1,1,WEST,same_SG,0
A079,16,1991,18,1,NETTLE,383024,201142,1,1,17,1992,383024,201142,18,1,NETTLE,same_SG,0
A079,17,1992,18,1,NETTLE,383024,201142,2,1,18,1993,383024,201142,18,1,NETTLE,same_SG,0
B001,5,1980,11,1,YEW,381619,201268,1,1,6,1981,381619,201268,11,1,YEW,same_SG,0
B001,6,1981,11,1,YEW,381619,201268,2,1,7,1982,381619,201268,11,1,YEW,same_SG,0
B001,7,1982,11,1,YEW,381619,201268,1,1,8,1983,381619,201268,11,1,YEW,same_SG,0
B007,5,1980,1,1,WEST,380190,201400,1,1,6,1981,380190,201400,1,1,WEST,same_SG,0
B007,6,1981,1,1,WEST,380190,201400,3,1,7,1982,380190,201400,1,1,WEST,same_SG,0
B012,8,1983,10,1,SEPTICTANK,381357,201285,1,1,9,1984,380541,201242,2,1,LARCH,nonneighbour_SG,817.1321802499275
B014,5,1980,1,1,WEST,380190,201400,1,2,6,1981,380190,201400,1,1,WEST,same_SG,0
B015,5,1980,2,1,LARCH,380541,201242,1,1,6,1981,380541,201242,2,1,LARCH,same_SG,0
B015,6,1981,2,1,LARCH,380541,201242,1,1,7,1982,380541,201242,2,1,LARCH,same_SG,0
B015,7,1982,2,1,LARCH,380541,201242,1,1,8,1983,380541,201242,2,1,LARCH,same_SG,0
B015,8,1983,2,1,LARCH,380541,201242,1,1,9,1984,380621,201409,2,1,BOX,same_SG,185.17289218457435
B015,9,1984,2,1,BOX,380621,201409,1,1,10,1985,380541,201242,2,1,LARCH,same_SG,185.17289218457435
B016,5,1980,11,1,DEN,381314,201015,1,1,6,1981,381357,201285,10,1,SEPTICTANK,neighbour_SG,273.40263349134
B017,5,1980,3,1,CHESNUT,380834,201150,1,1,6,1981,380931,201164,3,1,BEECH,same_SG,98.00510190801293
B017,6,1981,3,1,BEECH,380931,201164,1,1,7,1982,380834,201150,3,1,CHESNUT,same_SG,98.00510190801293
B018,7,1982,3,1,BEECH,380931,201164,1,1,8,1983,380931,201164,3,1,BEECH,same_SG,0
B022,5,1980,4,1,MEAD,380390,200637,1,1,6,1981,380534,200550,4,1,ARTHURS,same_SG,168.24089871371942
B022,6,1981,4,1,ARTHURS,380534,200550,1,1,7,1982,380534,200550,4,1,ARTHURS,same_SG,0
B026,7,1982,11,1,YEW,381619,201268,1,1,8,1983,381795,200962,12,1,TOP,neighbour_SG,353.0042492662093
B026,8,1983,12,1,TOP,381795,200962,2,1,9,1984,381795,200962,12,1,TOP,same_SG,0
B026,9,1984,12,1,TOP,381795,200962,2,1,10,1985,381619,201268,11,1,YEW,neighbour_SG,353.0042492662093
B026,12,1987,11,1,YEW,381619,201268,1,1,13,1988,381737,201220,11,1,TAXUS,same_SG,127.38916751435343
B026,13,1988,11,1,TAXUS,381737,201220,1,1,14,1989,381619,201268,11,1,YEW,same_SG,127.38916751435343
B026,14,1989,11,1,YEW,381619,201268,2,1,15,1990,381619,201268,11,1,YEW,same_SG,0
B027,5,1980,12,1,TOP,381795,200962,1,1,6,1981,381795,200962,12,1,TOP,same_SG,0
B031,5,1980,11,1,YEW,381619,201268,1,1,6,1981,381357,201285,10,1,SEPTICTANK,neighbour_SG,262.5509474368737
B031,6,1981,10,1,SEPTICTANK,381357,201285,1,1,7,1982,381619,201268,11,1,YEW,neighbour_SG,262.5509474368737
B034,5,1980,14,1,GIANTBEECH,382420,201405,1,1,6,1981,383135,202599,999,2,DARKWOOD,peripheral,1391.7115362028153
B035,9,1984,15,1,KENNEL,382464,200922,1,1,10,1985,382464,200922,15,1,KENNEL,same_SG,0
B035,10,1985,15,1,KENNEL,382464,200922,1,1,11,1986,382464,200922,15,1,KENNEL,same_SG,0
B035,13,1988,15,1,KENNEL,382464,200922,1,1,14,1989,382076,201048,15,1,DOLINE,same_SG,407.9460748677452
B035,14,1989,15,1,DOLINE,382076,201048,3,1,15,1990,382464,200922,15,1,KENNEL,same_SG,407.9460748677452
B045,7,1982,12,1,TOP,381795,200962,1,1,8,1983,381795,200962,12,1,TOP,same_SG,0
C005,18,1993,5,1,JACKSMIREY,380678,200030,2,1,19,1994,380678,200030,5,1,JACKSMIREY,same_SG,0
C005,19,1994,5,1,JACKSMIREY,380678,200030,3,1,20,1995,380678,200030,5,1,JACKSMIREY,same_SG,0
C005,20,1995,5,1,JACKSMIREY,380678,200030,3,1,21,1996,380678,200030,5,1,JACKSMIREY,same_SG,0
C005,21,1996,5,1,JACKSMIREY,380678,200030,3,1,22,1997,380678,200030,5,1,JACKSMIREY,same_SG,0
C012,22,1997,17,1,OLDOAK,382624,201274,1,1,23,1998,382624,201274,17,1,OLDOAK,same_SG,0
C012,23,1998,17,1,OLDOAK,382624,201274,1,1,24,1999,382616,201525,17,1,TOPOAK,same_SG,251.127457678367
C014,16,1991,5,1,JACKSMIREY,380678,200030,2,1,17,1992,380678,200030,5,1,JACKSMIREY,same_SG,0
C014,17,1992,5,1,JACKSMIREY,380678,200030,1,1,18,1993,380678,200030,5,1,JACKSMIREY,same_SG,0
C014,18,1993,5,1,JACKSMIREY,380678,200030,3,1,19,1994,380678,200030,5,1,JACKSMIREY,same_SG,0
C015,16,1991,5,1,JACKSMIREY,380678,200030,3,1,17,1992,380678,200030,5,1,JACKSMIREY,same_SG,0
C016,16,1991,4,1,ARTHURS,380534,200550,3,1,17,1992,380534,200550,4,1,ARTHURS,same_SG,0
C016,17,1992,4,1,ARTHURS,380534,200550,1,1,18,1993,380534,200550,4,1,ARTHURS,same_SG,0
C016,21,1996,4,1,ARTHURS,380534,200550,1,1,22,1997,380534,200550,4,1,ARTHURS,same_SG,0
C024,16,1991,4,1,ARTHURS,380534,200550,2,1,17,1992,380534,200550,4,1,ARTHURS,same_SG,0
C024,23,1998,4,1,ARTHURS,380534,200550,1,1,24,1999,380534,200550,4,1,ARTHURS,same_SG,0
C025,16,1991,1,1,WEST,380190,201400,2,1,17,1992,380190,201400,1,1,WEST,same_SG,0
C025,17,1992,1,1,WEST,380190,201400,3,1,18,1993,380190,201400,1,1,WEST,same_SG,0
C025,18,1993,1,1,WEST,380190,201400,2,1,19,1994,380190,201400,1,1,WEST,same_SG,0
C025,19,1994,1,1,WEST,380190,201400,2,1,20,1995,380279,201409,1,1,CORRAL,same_SG,89.45389874119518
C026,16,1991,5,1,JACKSMIREY,380678,200030,3,1,17,1992,380678,200030,5,1,JACKSMIREY,same_SG,0
C027,16,1991,4,1,ARTHURS,380534,200550,2,1,17,1992,380841,200432,4,1,JUNCTION,same_SG,328.89664029904594
C029,16,1991,4,1,ARTHURS,380534,200550,2,1,17,1992,380534,200550,4,1,ARTHURS,same_SG,0
C030,16,1991,2,1,LARCH,380541,201242,2,1,17,1992,380621,201409,2,1,BOX,same_SG,185.17289218457435
C032,16,1991,2,1,BOX,380621,201409,1,1,17,1992,381016,201635,6,1,FOX,neighbour_SG,455.0835088200846
C033,16,1991,2,1,LARCH,380541,201242,2,1,17,1992,380621,201409,2,1,BOX,same_SG,185.17289218457435
C034,16,1991,2,1,BOX,380621,201409,2,1,17,1992,380621,201409,2,1,BOX,same_SG,0
C034,17,1992,2,1,BOX,380621,201409,3,1,18,1993,380621,201409,2,1,BOX,same_SG,0
C036,16,1991,2,1,BOX,380621,201409,1,1,17,1992,380621,201409,2,1,BOX,same_SG,0
C036,17,1992,2,1,BOX,380621,201409,1,1,18,1993,380834,201150,3,1,CHESNUT,neighbour_SG,335.3356527421443
C038,16,1991,1,1,WEST,380190,201400,2,1,17,1992,380190,201400,1,1,WEST,same_SG,0
C038,17,1992,1,1,WEST,380190,201400,2,1,18,1993,380190,201400,1,1,WEST,same_SG,0
C039,16,1991,1,1,WEST,380190,201400,3,1,17,1992,380190,201400,1,1,WEST,same_SG,0
C039,17,1992,1,1,WEST,380190,201400,2,1,18,1993,380190,201400,1,1,WEST,same_SG,0
C040,20,1995,1,1,WEST,380190,201400,1,1,21,1996,380190,201400,1,1,WEST,same_SG,0
C040,21,1996,1,1,WEST,380190,201400,1,1,22,1997,380190,201400,1,1,WEST,same_SG,0
C041,16,1991,4,1,ARTHURS,380534,200550,3,1,17,1992,380841,200432,4,1,JUNCTION,same_SG,328.89664029904594
C043,16,1991,2,1,BOX,380621,201409,1,1,17,1992,380649,201388,2,1,COMPLEX,same_SG,35
C044,16,1991,2,1,BOX,380621,201409,2,1,17,1992,380621,201409,2,1,BOX,same_SG,0
C044,17,1992,2,1,BOX,380621,201409,1,1,18,1993,380541,201242,2,1,LARCH,same_SG,185.17289218457435
C044,18,1993,2,1,LARCH,380541,201242,4,1,19,1994,380541,201242,2,1,LARCH,same_SG,0
C044,19,1994,2,1,LARCH,380541,201242,1,1,20,1995,380417,201488,999,2,BENCH,peripheral,275.4850268163408
C045,16,1991,1,1,WEST,380190,201400,2,1,17,1992,380190,201400,1,1,WEST,same_SG,0
C045,17,1992,1,1,WEST,380190,201400,2,1,18,1993,380417,201488,999,2,BENCH,peripheral,243.46046907044274
C045,19,1994,2,1,LARCH,380541,201242,1,1,20,1995,380417,201488,999,2,BENCH,peripheral,275.4850268163408
C046,16,1991,4,1,ARTHURS,380534,200550,1,1,17,1992,381109,200408,4,1,THISTLEWOODBANK,same_SG,592.2744296354521
C046,17,1992,4,1,THISTLEWOODBANK,381109,200408,1,1,18,1993,381109,200408,4,1,THISTLEWOODBANK,same_SG,0
C046,18,1993,4,1,THISTLEWOODBANK,381109,200408,1,1,19,1994,381109,200408,4,1,THISTLEWOODBANK,same_SG,0
C046,19,1994,4,1,THISTLEWOODBANK,381109,200408,1,1,20,1995,381109,200408,4,1,THISTLEWOODBANK,same_SG,0
C046,20,1995,4,1,THISTLEWOODBANK,381109,200408,2,1,21,1996,380812,200417,4,1,OPEN,same_SG,297.1363323459452
C046,23,1998,4,1,OPEN,380812,200417,1,1,24,1999,381109,200408,4,1,THISTLEWOODBANK,same_SG,297.1363323459452
C047,16,1991,5,1,JACKSMIREY,380678,200030,3,1,17,1992,380678,200030,5,1,JACKSMIREY,same_SG,0
C047,17,1992,5,1,JACKSMIREY,380678,200030,4,1,18,1993,380678,200030,5,1,JACKSMIREY,same_SG,0
C047,18,1993,5,1,JACKSMIREY,380678,200030,2,1,19,1994,380678,200030,5,1,JACKSMIREY,same_SG,0
C047,19,1994,5,1,JACKSMIREY,380678,200030,2,1,20,1995,380678,200030,5,1,JACKSMIREY,same_SG,0
C053,16,1991,15,1,WYCHELM,382074,201085,1,1,17,1992,382464,200922,15,1,KENNEL,same_SG,422.6925596695546
C053,17,1992,15,1,KENNEL,382464,200922,1,1,18,1993,382132,201047,15,1,POPLAR,same_SG,354.7520260689148
C053,18,1993,15,1,POPLAR,382132,201047,2,1,19,1994,382074,201085,15,1,WYCHELM,same_SG,69.33974329343886
C053,19,1994,15,1,WYCHELM,382074,201085,2,1,20,1995,382074,201085,15,1,WYCHELM,same_SG,0
C053,20,1995,15,1,WYCHELM,382074,201085,2,1,21,1996,382074,201085,15,1,WYCHELM,same_SG,0
C053,21,1996,15,1,WYCHELM,382074,201085,2,1,22,1997,382074,201085,15,1,WYCHELM,same_SG,0
C053,22,1997,15,1,WYCHELM,382074,201085,2,1,23,1998,382132,201047,15,1,POPLAR,same_SG,69.33974329343886
C054,16,1991,11,1,YEW,381619,201268,2,1,17,1992,381737,201220,11,1,TAXUS,same_SG,127.38916751435343
C054,17,1992,11,1,TAXUS,381737,201220,2,1,18,1993,381619,201268,11,1,YEW,same_SG,127.38916751435343
C054,18,1993,11,1,YEW,381619,201268,2,1,19,1994,381737,201220,11,1,TAXUS,same_SG,127.38916751435343
C056,16,1991,3,1,BEECH,380931,201164,2,1,17,1992,380931,201164,3,1,BEECH,same_SG,0
C056,17,1992,3,1,BEECH,380931,201164,1,1,18,1993,380931,201164,3,1,BEECH,same_SG,0
C057,16,1991,3,1,CHESNUT,380834,201150,2,1,17,1992,380931,201164,3,1,BEECH,same_SG,98.00510190801293
C057,17,1992,3,1,BEECH,380931,201164,3,1,18,1993,380931,201164,3,1,BEECH,same_SG,0
C057,20,1995,3,1,BEECH,380931,201164,1,1,21,1996,380931,201164,3,1,BEECH,same_SG,0
C057,21,1996,3,1,BEECH,380931,201164,1,1,22,1997,380834,201150,3,1,CHESNUT,same_SG,98.00510190801293
C058,16,1991,3,1,CHESNUT,380834,201150,2,1,17,1992,380931,201164,3,1,BEECH,same_SG,98.00510190801293
C058,17,1992,3,1,BEECH,380931,201164,3,1,18,1993,380834,201150,3,1,CHESNUT,same_SG,98.00510190801293
C060,16,1991,9,1,LAURELS,381180,201357,2,1,17,1992,381022,201589,6,1,CEDAR,neighbour_SG,280.6920020235703
C060,17,1992,6,1,CEDAR,381022,201589,1,1,18,1993,381022,201589,6,1,CEDAR,same_SG,0
C060,18,1993,6,1,CEDAR,381022,201589,1,1,19,1994,381022,201589,6,1,CEDAR,same_SG,0
C060,19,1994,6,1,CEDAR,381022,201589,1,1,20,1995,380931,201164,3,1,BEECH,neighbour_SG,434.6331786690933
C061,16,1991,9,1,LAURELS,381180,201357,3,1,17,1992,381180,201357,9,1,LAURELS,same_SG,0
C061,17,1992,9,1,LAURELS,381180,201357,3,1,18,1993,381180,201357,9,1,LAURELS,same_SG,0
C062,16,1991,21,1,COLLIERSWOOD,382931,200706,2,1,17,1992,382931,200706,21,1,COLLIERSWOOD,same_SG,0
C062,17,1992,21,1,COLLIERSWOOD,382931,200706,2,1,18,1993,382931,200706,21,1,COLLIERSWOOD,same_SG,0
C062,18,1993,21,1,COLLIERSWOOD,382931,200706,3,1,19,1994,382931,200706,21,1,COLLIERSWOOD,same_SG,0
C062,19,1994,21,1,COLLIERSWOOD,382931,200706,3,1,20,1995,382931,200706,21,1,COLLIERSWOOD,same_SG,0
C062,20,1995,21,1,COLLIERSWOOD,382931,200706,3,1,21,1996,382931,200706,21,1,COLLIERSWOOD,same_SG,0
C062,21,1996,21,1,COLLIERSWOOD,382931,200706,2,1,22,1997,382931,200706,21,1,COLLIERSWOOD,same_SG,0
C062,22,1997,21,1,COLLIERSWOOD,382931,200706,1,1,23,1998,382931,200706,21,1,COLLIERSWOOD,same_SG,0
C062,23,1998,21,1,COLLIERSWOOD,382931,200706,2,1,24,1999,382931,200706,21,1,COLLIERSWOOD,same_SG,0
C062,24,1999,21,1,COLLIERSWOOD,382931,200706,2,1,25,2000,382931,200706,21,1,COLLIERSWOOD,same_SG,0
C064,16,1991,9,1,LAURELS,381180,201357,3,1,17,1992,381180,201357,9,1,LAURELS,same_SG,0
C064,17,1992,9,1,LAURELS,381180,201357,3,1,18,1993,381357,201285,10,1,SEPTICTANK,neighbour_SG,191.08375127153016
C064,18,1993,10,1,SEPTICTANK,381357,201285,2,1,19,1994,381180,201357,9,1,LAURELS,neighbour_SG,191.08375127153016
C064,19,1994,9,1,LAURELS,381180,201357,2,1,20,1995,381503,201484,13,1,OLDPONDDRAIN,nonneighbour_SG,347.0705980056507
C064,20,1995,13,1,OLDPONDDRAIN,381503,201484,1,1,21,1996,381503,201484,13,1,OLDPONDDRAIN,same_SG,0
C064,21,1996,13,1,OLDPONDDRAIN,381503,201484,2,1,22,1997,381357,201285,10,1,SEPTICTANK,neighbour_SG,246.81369491987272
C065,16,1991,9,1,LAURELS,381180,201357,2,1,17,1992,381503,201484,13,1,OLDPONDDRAIN,nonneighbour_SG,347.0705980056507
C065,17,1992,13,1,OLDPONDDRAIN,381503,201484,3,1,18,1993,381022,201589,6,1,CEDAR,nonneighbour_SG,492.3271270202364
C065,18,1993,6,1,CEDAR,381022,201589,1,1,19,1994,381180,201357,9,1,LAURELS,neighbour_SG,280.6920020235703
C065,19,1994,9,1,LAURELS,381180,201357,1,1,20,1995,381357,201285,10,1,SEPTICTANK,neighbour_SG,191.08375127153016
C065,20,1995,10,1,SEPTICTANK,381357,201285,2,1,21,1996,381180,201357,9,1,LAURELS,neighbour_SG,191.08375127153016
C065,21,1996,9,1,LAURELS,381180,201357,1,1,22,1997,381180,201357,9,1,LAURELS,same_SG,0
C065,22,1997,9,1,LAURELS,381180,201357,1,1,23,1998,381619,201268,11,1,YEW,neighbour_SG,447.93079822669034
C065,23,1998,11,1,YEW,381619,201268,3,1,24,1999,381619,201268,11,1,YEW,same_SG,0
C065,24,1999,11,1,YEW,381619,201268,1,1,25,2000,381737,201220,11,1,TAXUS,same_SG,127.38916751435343
C066,16,1991,11,1,YEW,381619,201268,2,1,17,1992,381737,201220,11,1,TAXUS,same_SG,127.38916751435343
C066,17,1992,11,1,TAXUS,381737,201220,3,1,18,1993,381619,201268,11,1,YEW,same_SG,127.38916751435343
C066,18,1993,11,1,YEW,381619,201268,2,1,19,1994,381737,201220,11,1,TAXUS,same_SG,127.38916751435343
C066,19,1994,11,1,TAXUS,381737,201220,2,1,20,1995,381737,201220,11,1,TAXUS,same_SG,0
C066,20,1995,11,1,TAXUS,381737,201220,1,1,21,1996,381619,201268,11,1,YEW,same_SG,127.38916751435343
C067,16,1991,9,1,LAURELS,381180,201357,2,1,17,1992,381022,201589,6,1,CEDAR,neighbour_SG,280.6920020235703
C067,17,1992,6,1,CEDAR,381022,201589,1,1,18,1993,380856,201662,6,1,RABBIT,same_SG,181.34221791960084
C068,16,1991,13,1,CHERRIES,381841,201313,3,1,17,1992,381841,201313,13,1,CHERRIES,same_SG,0
C068,17,1992,13,1,CHERRIES,381841,201313,2,1,18,1993,381737,201220,11,1,TAXUS,neighbour_SG,139.51702405083043
C069,16,1991,12,1,TOP,381795,200962,3,1,17,1992,381795,200962,12,1,TOP,same_SG,0
C069,17,1992,12,1,TOP,381795,200962,3,1,18,1993,381795,200962,12,1,TOP,same_SG,0
C069,18,1993,12,1,TOP,381795,200962,2,1,19,1994,381795,200962,12,1,TOP,same_SG,0
C069,19,1994,12,1,TOP,381795,200962,2,1,20,1995,381795,200962,12,1,TOP,same_SG,0
C069,20,1995,12,1,TOP,381795,200962,1,1,21,1996,381795,200962,12,1,TOP,same_SG,0
C069,21,1996,12,1,TOP,381795,200962,2,1,22,1997,381795,200962,12,1,TOP,same_SG,0
C069,22,1997,12,1,TOP,381795,200962,1,1,23,1998,381795,200962,12,1,TOP,same_SG,0
C069,23,1998,12,1,TOP,381795,200962,2,1,24,1999,381795,200962,12,1,TOP,same_SG,0
C070,16,1991,12,1,TOP,381795,200962,3,1,17,1992,381795,200962,12,1,TOP,same_SG,0
C072,16,1991,5,1,JACKSMIREY,380678,200030,2,1,17,1992,380678,200030,5,1,JACKSMIREY,same_SG,0
C072,17,1992,5,1,JACKSMIREY,380678,200030,1,1,18,1993,380866,199947,999,2,WASPNEST,peripheral,205.50669088864237
C074,16,1991,22,1,WOODFARM,383337,200429,2,1,17,1992,383337,200429,22,1,WOODFARM,same_SG,0
C074,17,1992,22,1,WOODFARM,383337,200429,1,1,18,1993,383337,200429,22,1,WOODFARM,same_SG,0
C075,16,1991,22,1,WOODFARM,383337,200429,2,1,17,1992,383337,200429,22,1,WOODFARM,same_SG,0
C078,16,1991,22,1,WOODFARM,383337,200429,2,1,17,1992,383337,200429,22,1,WOODFARM,same_SG,0
C078,17,1992,22,1,WOODFARM,383337,200429,4,1,18,1993,383337,200429,22,1,WOODFARM,same_SG,0
C078,18,1993,22,1,WOODFARM,383337,200429,3,1,19,1994,383337,200429,22,1,WOODFARM,same_SG,0
C078,19,1994,22,1,WOODFARM,383337,200429,2,1,20,1995,382931,200706,21,1,COLLIERSWOOD,neighbour_SG,491.49262456317695
C078,20,1995,21,1,COLLIERSWOOD,382931,200706,1,1,21,1996,382931,200706,21,1,COLLIERSWOOD,same_SG,0
C080,16,1991,17,1,TOPOAK,382616,201525,2,1,17,1992,382616,201525,17,1,TOPOAK,same_SG,0
C080,17,1992,17,1,TOPOAK,382616,201525,4,1,18,1993,382624,201274,17,1,OLDOAK,same_SG,251.127457678367
C080,18,1993,17,1,OLDOAK,382624,201274,2,1,19,1994,382624,201274,17,1,OLDOAK,same_SG,0
C081,16,1991,20,1,PARKMILL,383730,200924,2,1,17,1992,383730,200924,20,1,PARKMILL,same_SG,0
C081,17,1992,20,1,PARKMILL,383730,200924,2,1,18,1993,383730,200924,20,1,PARKMILL,same_SG,0
C081,18,1993,20,1,PARKMILL,383730,200924,2,1,19,1994,383730,200924,20,1,PARKMILL,same_SG,0
C083,16,1991,17,1,OLDOAK,382624,201274,1,1,17,1992,382616,201525,17,1,TOPOAK,same_SG,251.127457678367
C083,19,1994,17,1,OLDOAK,382624,201274,2,1,20,1995,382624,201274,17,1,OLDOAK,same_SG,0
C083,20,1995,17,1,OLDOAK,382624,201274,1,1,21,1996,382616,201525,17,1,TOPOAK,same_SG,251.127457678367
C083,21,1996,17,1,TOPOAK,382616,201525,1,1,22,1997,382049,201493,14,1,COLEPARK,neighbour_SG,567.902280326466
C092,19,1994,20,1,PARKMILL,383730,200924,1,1,20,1995,383730,200924,20,1,PARKMILL,same_SG,0
C092,20,1995,20,1,PARKMILL,383730,200924,1,1,21,1996,383730,200924,20,1,PARKMILL,same_SG,0
C092,21,1996,20,1,PARKMILL,383730,200924,1,1,22,1997,383730,200924,20,1,PARKMILL,same_SG,0
C092,22,1997,20,1,PARKMILL,383730,200924,1,1,23,1998,383730,200924,20,1,PARKMILL,same_SG,0
C092,23,1998,20,1,PARKMILL,383730,200924,1,1,24,1999,383812,200913,999,2,SANDY,peripheral,82.73451516749222
C102,18,1993,20,1,PARKMILL,383730,200924,1,1,19,1994,383699,201850,999,2,BAMBOO,peripheral,926.5187531831183
C122,16,1991,4,1,ARTHURS,380534,200550,1,1,17,1992,380390,200637,4,1,MEAD,same_SG,168.24089871371942
C122,17,1992,4,1,MEAD,380390,200637,1,1,18,1993,380534,200550,4,1,ARTHURS,same_SG,168.24089871371942
C124,16,1991,2,1,LARCH,380541,201242,1,1,17,1992,380279,201409,1,1,CORRAL,neighbour_SG,310.6976021793538
C135,16,1991,1,1,WEST,380190,201400,1,1,17,1992,380190,201400,1,1,WEST,same_SG,0
C135,17,1992,1,1,WEST,380190,201400,2,1,18,1993,380190,201400,1,1,WEST,same_SG,0
C135,18,1993,1,1,WEST,380190,201400,2,1,19,1994,380190,201400,1,1,WEST,same_SG,0
C138,16,1991,16,1,PEGLARS,382355,200596,1,1,17,1992,382355,200596,16,1,PEGLARS,same_SG,0
C138,17,1992,16,1,PEGLARS,382355,200596,3,1,18,1993,382355,200596,16,1,PEGLARS,same_SG,0
C138,18,1993,16,1,PEGLARS,382355,200596,2,1,19,1994,382355,200596,16,1,PEGLARS,same_SG,0
C138,21,1996,16,1,PEGLARS,382355,200596,1,1,22,1997,382355,200596,16,1,PEGLARS,same_SG,0
D003,22,1997,7,1,BULLPEN,381230,201693,1,2,23,1998,381230,201693,7,1,BULLPEN,same_SG,0
D004,22,1997,2,1,LARCH,380541,201242,2,1,23,1998,380621,201409,2,1,BOX,same_SG,185.17289218457435
D005,22,1997,5,1,JACKSMIREY,380678,200030,3,1,23,1998,380678,200030,5,1,JACKSMIREY,same_SG,0
D005,25,2000,5,1,JACKSMIREY,380678,200030,1,1,26,2001,380678,200030,5,1,JACKSMIREY,same_SG,0
D006,22,1997,5,1,JACKSMIREY,380678,200030,3,1,23,1998,380678,200030,5,1,JACKSMIREY,same_SG,0
D007,22,1997,2,1,LARCH,380541,201242,2,1,23,1998,380541,201242,2,1,LARCH,same_SG,0
D008,22,1997,4,1,THISTLEWOODBANK,381109,200408,1,1,23,1998,381109,200408,4,1,THISTLEWOODBANK,same_SG,0
D008,23,1998,4,1,THISTLEWOODBANK,381109,200408,1,1,24,1999,381109,200408,4,1,THISTLEWOODBANK,same_SG,0
D009,22,1997,2,1,LARCH,380541,201242,3,1,23,1998,380190,201400,1,1,WEST,neighbour_SG,384.92207003496173
D009,23,1998,1,1,WEST,380190,201400,2,1,24,1999,380190,201400,1,1,WEST,same_SG,0
D010,22,1997,5,1,JACKSMIREY,380678,200030,3,1,23,1998,380678,200030,5,1,JACKSMIREY,same_SG,0
D010,23,1998,5,1,JACKSMIREY,380678,200030,3,1,24,1999,380678,200030,5,1,JACKSMIREY,same_SG,0
D010,24,1999,5,1,JACKSMIREY,380678,200030,2,1,25,2000,380678,200030,5,1,JACKSMIREY,same_SG,0
D010,25,2000,5,1,JACKSMIREY,380678,200030,1,1,26,2001,380737,200025,999,2,SINGLE,peripheral,59.21148537234985
D014,22,1997,11,1,YEW,381619,201268,2,1,23,1998,381619,201268,11,1,YEW,same_SG,0
D015,22,1997,11,1,TAXUS,381737,201220,2,1,23,1998,381619,201268,11,1,YEW,same_SG,127.38916751435343
D017,22,1997,16,1,PEGLARS,382355,200596,2,1,23,1998,382355,200596,16,1,PEGLARS,same_SG,0
D017,23,1998,16,1,PEGLARS,382355,200596,2,1,24,1999,382355,200596,16,1,PEGLARS,same_SG,0
D017,24,1999,16,1,PEGLARS,382355,200596,1,1,25,2000,382099,200773,15,1,BOG,neighbour_SG,311.231425148554
D017,25,2000,15,1,BOG,382099,200773,2,1,26,2001,382099,200773,15,1,BOG,same_SG,0
D019,22,1997,9,1,LAURELS,381180,201357,2,1,23,1998,381180,201357,9,1,LAURELS,same_SG,0
D019,23,1998,9,1,LAURELS,381180,201357,1,1,24,1999,381314,201301,10,1,FERN,neighbour_SG,145.23085071705668
D019,24,1999,10,1,FERN,381314,201301,1,1,25,2000,381247,201345,10,1,HUNTINGGATE,same_SG,80.15609770940699
D019,25,2000,10,1,HUNTINGGATE,381247,201345,1,1,26,2001,381503,201484,13,1,OLDPONDDRAIN,neighbour_SG,291.30224853234483
D019,26,2001,13,1,OLDPONDDRAIN,381503,201484,1,1,27,2002,380931,201164,3,1,BEECH,nonneighbour_SG,655.4265786493556
D019,27,2002,3,1,BEECH,380931,201164,1,1,28,2003,380931,201164,3,1,BEECH,same_SG,0
D019,28,2003,3,1,BEECH,380931,201164,1,1,29,2004,380931,201164,3,1,BEECH,same_SG,0
D019,29,2004,3,1,BEECH,380931,201164,1,1,30,2005,380541,201242,2,1,LARCH,neighbour_SG,397.7235220602372
D019,33,2008,3,1,BEECH,380931,201164,1,1,34,2009,380834,201150,3,1,CHESNUT,same_SG,98.00510190801293
D020,22,1997,10,1,SEPTICTANK,381357,201285,2,1,23,1998,381357,201285,10,1,SEPTICTANK,same_SG,0
D020,23,1998,10,1,SEPTICTANK,381357,201285,2,1,24,1999,381737,201220,11,1,TAXUS,neighbour_SG,385.5191305240247
D020,24,1999,11,1,TAXUS,381737,201220,1,1,25,2000,381247,201345,10,1,HUNTINGGATE,neighbour_SG,505.69259436934607
D020,25,2000,10,1,HUNTINGGATE,381247,201345,1,1,26,2001,381357,201285,10,1,SEPTICTANK,same_SG,125.29964086141668
D020,26,2001,10,1,SEPTICTANK,381357,201285,1,1,27,2002,381357,201285,10,1,SEPTICTANK,same_SG,0
D020,30,2005,10,1,SEPTICTANK,381357,201285,1,1,31,2006,381357,201285,10,1,SEPTICTANK,same_SG,0
D024,22,1997,21,1,COLLIERSWOOD,382931,200706,3,1,23,1998,382931,200706,21,1,COLLIERSWOOD,same_SG,0
D024,23,1998,21,1,COLLIERSWOOD,382931,200706,2,1,24,1999,382931,200706,21,1,COLLIERSWOOD,same_SG,0
D024,24,1999,21,1,COLLIERSWOOD,382931,200706,2,1,25,2000,382931,200706,21,1,COLLIERSWOOD,same_SG,0
D024,25,2000,21,1,COLLIERSWOOD,382931,200706,1,1,26,2001,382931,200706,21,1,COLLIERSWOOD,same_SG,0
D026,22,1997,12,1,TOP,381795,200962,3,1,23,1998,381795,200962,12,1,TOP,same_SG,0
D026,23,1998,12,1,TOP,381795,200962,3,1,24,1999,381795,200962,12,1,TOP,same_SG,0
D026,24,1999,12,1,TOP,381795,200962,1,1,25,2000,382132,201047,15,1,POPLAR,neighbour_SG,347.55431230240833
D027,22,1997,12,1,TOP,381795,200962,3,1,23,1998,381619,201268,11,1,YEW,neighbour_SG,353.0042492662093
D027,23,1998,11,1,YEW,381619,201268,2,1,24,1999,381619,201268,11,1,YEW,same_SG,0
D027,24,1999,11,1,YEW,381619,201268,2,1,25,2000,381619,201268,11,1,YEW,same_SG,0
D028,22,1997,12,1,TOP,381795,200962,3,1,23,1998,381737,201220,11,1,TAXUS,neighbour_SG,264.43902888945877
D028,23,1998,11,1,TAXUS,381737,201220,1,1,24,1999,381737,201220,11,1,TAXUS,same_SG,0
D028,24,1999,11,1,TAXUS,381737,201220,2,1,25,2000,381619,201268,11,1,YEW,same_SG,127.38916751435343
D030,22,1997,16,1,PEGLARS,382355,200596,2,1,23,1998,382355,200596,16,1,PEGLARS,same_SG,0
D030,23,1998,16,1,PEGLARS,382355,200596,2,1,24,1999,382355,200596,16,1,PEGLARS,same_SG,0
D030,24,1999,16,1,PEGLARS,382355,200596,1,1,25,2000,382099,200773,15,1,BOG,neighbour_SG,311.231425148554
D033,22,1997,3,1,CHESNUT,380834,201150,2,1,23,1998,380834,201150,3,1,CHESNUT,same_SG,0
D033,23,1998,3,1,CHESNUT,380834,201150,2,1,24,1999,380621,201409,2,1,BOX,neighbour_SG,335.3356527421443
D033,24,1999,2,1,BOX,380621,201409,1,1,25,2000,380635,201191,2,1,NEWFENCE,same_SG,218.44907873461037
D034,22,1997,17,1,OLDOAK,382624,201274,1,1,23,1998,381931,201706,8,1,HONEYWELL,nonneighbour_SG,816.6229239985857
D035,22,1997,22,1,WOODFARM,383337,200429,2,1,23,1998,383337,200429,22,1,WOODFARM,same_SG,0
D035,23,1998,22,1,WOODFARM,383337,200429,4,1,24,1999,383337,200429,22,1,WOODFARM,same_SG,0
D035,24,1999,22,1,WOODFARM,383337,200429,3,1,25,2000,383337,200429,22,1,WOODFARM,same_SG,0
D035,25,2000,22,1,WOODFARM,383337,200429,3,1,26,2001,383337,200429,22,1,WOODFARM,same_SG,0
D035,26,2001,22,1,WOODFARM,383337,200429,2,1,27,2002,383337,200429,22,1,WOODFARM,same_SG,0
D036,22,1997,22,1,WOODFARM,383337,200429,2,1,23,1998,383337,200429,22,1,WOODFARM,same_SG,0
D036,23,1998,22,1,WOODFARM,383337,200429,3,1,24,1999,383337,200429,22,1,WOODFARM,same_SG,0
D036,24,1999,22,1,WOODFARM,383337,200429,3,1,25,2000,383337,200429,22,1,WOODFARM,same_SG,0
D036,25,2000,22,1,WOODFARM,383337,200429,2,1,26,2001,383635,200531,999,2,WINDSOREDGE,peripheral,314.97301471713416
D038,23,1998,1,1,WEST,380190,201400,1,1,24,1999,383666,200473,999,2,HOPPER,peripheral,3597.4859277000655
D041,22,1997,17,1,OLDOAK,382624,201274,2,1,23,1998,382624,201274,17,1,OLDOAK,same_SG,0
D041,23,1998,17,1,OLDOAK,382624,201274,3,1,24,1999,382624,201274,17,1,OLDOAK,same_SG,0
D041,24,1999,17,1,OLDOAK,382624,201274,1,1,25,2000,382616,201525,17,1,TOPOAK,same_SG,251.127457678367
D044,22,1997,22,1,WOODFARM,383337,200429,2,1,23,1998,383337,200429,22,1,WOODFARM,same_SG,0
D044,23,1998,22,1,WOODFARM,383337,200429,2,1,24,1999,383337,200429,22,1,WOODFARM,same_SG,0
D050,22,1997,5,1,JACKSMIREY,380678,200030,1,1,23,1998,380678,200030,5,1,JACKSMIREY,same_SG,0
D051,22,1997,5,1,JACKSMIREY,380678,200030,2,1,23,1998,380678,200030,5,1,JACKSMIREY,same_SG,0
D051,23,1998,5,1,JACKSMIREY,380678,200030,3,1,24,1999,380678,200030,5,1,JACKSMIREY,same_SG,0
D051,24,1999,5,1,JACKSMIREY,380678,200030,1,1,25,2000,380678,200030,5,1,JACKSMIREY,same_SG,0
D052,22,1997,5,1,JACKSMIREY,380678,200030,2,1,23,1998,380678,200030,5,1,JACKSMIREY,same_SG,0
D052,23,1998,5,1,JACKSMIREY,380678,200030,2,1,24,1999,380678,200030,5,1,JACKSMIREY,same_SG,0
D052,24,1999,5,1,JACKSMIREY,380678,200030,3,1,25,2000,380678,200030,5,1,JACKSMIREY,same_SG,0
D058,22,1997,3,1,CHESNUT,380834,201150,1,1,23,1998,380931,201164,3,1,BEECH,same_SG,98.00510190801293
D058,23,1998,3,1,BEECH,380931,201164,1,1,24,1999,380635,201191,2,1,NEWFENCE,neighbour_SG,297.22886804615734
D059,22,1997,2,1,WATERBUTT,380662,201206,1,1,23,1998,380931,201164,3,1,BEECH,neighbour_SG,272.2590678012396
D059,23,1998,3,1,BEECH,380931,201164,2,1,24,1999,380635,201191,2,1,NEWFENCE,neighbour_SG,297.22886804615734
D059,24,1999,2,1,NEWFENCE,380635,201191,1,1,25,2000,380931,201164,3,1,BEECH,neighbour_SG,297.22886804615734
D059,29,2004,3,1,CHESNUT,380834,201150,1,1,30,2005,380901,201150,3,1,MANSION,same_SG,67
D059,33,2008,3,1,BEECH,380931,201164,1,1,34,2009,380834,201150,3,1,CHESNUT,same_SG,98.00510190801293
D060,22,1997,2,1,LARCH,380541,201242,2,1,23,1998,380621,201409,2,1,BOX,same_SG,185.17289218457435
D060,23,1998,2,1,BOX,380621,201409,2,1,24,1999,380190,201400,1,1,WEST,neighbour_SG,431.0939572761372
D060,26,2001,1,1,WEST,380190,201400,1,1,27,2002,380190,201400,1,1,WEST,same_SG,0
D061,22,1997,2,1,BOX,380621,201409,1,1,23,1998,380190,201400,1,1,WEST,neighbour_SG,431.0939572761372
D061,23,1998,1,1,WEST,380190,201400,2,1,24,1999,380279,201409,1,1,CORRAL,same_SG,89.45389874119518
D061,24,1999,1,1,CORRAL,380279,201409,1,1,25,2000,380190,201400,1,1,WEST,same_SG,89.45389874119518
D061,25,2000,1,1,WEST,380190,201400,2,1,26,2001,380190,201400,1,1,WEST,same_SG,0
D063,22,1997,1,1,WEST,380190,201400,2,1,23,1998,380190,201400,1,1,WEST,same_SG,0
D063,23,1998,1,1,WEST,380190,201400,3,1,24,1999,380190,201400,1,1,WEST,same_SG,0
D066,22,1997,1,1,WEST,380190,201400,2,1,23,1998,380190,201400,1,1,WEST,same_SG,0
D066,23,1998,1,1,WEST,380190,201400,2,1,24,1999,380279,201409,1,1,CORRAL,same_SG,89.45389874119518
D067,22,1997,4,1,ARTHURS,380534,200550,2,1,23,1998,380534,200550,4,1,ARTHURS,same_SG,0
D068,22,1997,4,1,ARTHURS,380534,200550,1,1,23,1998,380534,200550,4,1,ARTHURS,same_SG,0
D068,23,1998,4,1,ARTHURS,380534,200550,1,1,24,1999,380534,200550,4,1,ARTHURS,same_SG,0
D069,22,1997,4,1,ARTHURS,380534,200550,1,1,23,1998,380625,200466,4,1,BRAMBLE,same_SG,123.84264209067892
D070,22,1997,4,1,ARTHURS,380534,200550,2,1,23,1998,380534,200550,4,1,ARTHURS,same_SG,0
D070,23,1998,4,1,ARTHURS,380534,200550,2,1,24,1999,380541,201242,2,1,LARCH,nonneighbour_SG,692.0354037186248
D072,22,1997,2,1,LARCH,380541,201242,1,1,23,1998,380190,201400,1,1,WEST,neighbour_SG,384.92207003496173
D073,22,1997,21,1,COLLIERSWOOD,382931,200706,2,1,23,1998,382931,200706,21,1,COLLIERSWOOD,same_SG,0
D073,23,1998,21,1,COLLIERSWOOD,382931,200706,4,1,24,1999,382931,200706,21,1,COLLIERSWOOD,same_SG,0
D073,24,1999,21,1,COLLIERSWOOD,382931,200706,3,1,25,2000,382931,200706,21,1,COLLIERSWOOD,same_SG,0
D073,25,2000,21,1,COLLIERSWOOD,382931,200706,2,1,26,2001,382931,200706,21,1,COLLIERSWOOD,same_SG,0
D073,26,2001,21,1,COLLIERSWOOD,382931,200706,2,1,27,2002,382931,200706,21,1,COLLIERSWOOD,same_SG,0
D073,27,2002,21,1,COLLIERSWOOD,382931,200706,4,1,28,2003,382931,200706,21,1,COLLIERSWOOD,same_SG,0
D073,28,2003,21,1,COLLIERSWOOD,382931,200706,4,1,29,2004,382931,200706,21,1,COLLIERSWOOD,same_SG,0
D074,22,1997,8,1,HONEYWELL,381931,201706,1,2,23,1998,382049,201493,14,1,COLEPARK,neighbour_SG,243.50154003619772
D074,23,1998,14,1,COLEPARK,382049,201493,1,2,24,1999,381230,201693,7,1,BULLPEN,nonneighbour_SG,843.0664268015896
D076,22,1997,20,1,PARKMILL,383730,200924,1,1,23,1998,383730,200924,20,1,PARKMILL,same_SG,0
D077,22,1997,20,1,PARKMILL,383730,200924,1,1,23,1998,383730,200924,20,1,PARKMILL,same_SG,0
D077,23,1998,20,1,PARKMILL,383730,200924,1,1,24,1999,383730,200924,20,1,PARKMILL,same_SG,0
D077,24,1999,20,1,PARKMILL,383730,200924,1,1,25,2000,383730,200924,20,1,PARKMILL,same_SG,0
D077,30,2005,20,1,PARKMILL,383730,200924,1,1,31,2006,383730,200924,20,1,PARKMILL,same_SG,0
D077,31,2006,20,1,PARKMILL,383730,200924,1,1,32,2007,383730,200924,20,1,PARKMILL,same_SG,0
D078,22,1997,3,1,CHESNUT,380834,201150,1,1,23,1998,380931,201164,3,1,BEECH,same_SG,98.00510190801293
D079,22,1997,4,1,THISTLEWOODBANK,381109,200408,1,1,23,1998,381109,200408,4,1,THISTLEWOODBANK,same_SG,0
D079,23,1998,4,1,THISTLEWOODBANK,381109,200408,1,1,24,1999,381109,200408,4,1,THISTLEWOODBANK,same_SG,0
D080,22,1997,2,1,BOX,380621,201409,1,1,23,1998,380541,201242,2,1,LARCH,same_SG,185.17289218457435
D080,23,1998,2,1,LARCH,380541,201242,2,1,24,1999,380190,201400,1,1,WEST,neighbour_SG,384.92207003496173
D081,22,1997,4,1,ARTHURS,380534,200550,1,1,23,1998,380534,200550,4,1,ARTHURS,same_SG,0
D081,23,1998,4,1,ARTHURS,380534,200550,1,1,24,1999,380534,200550,4,1,ARTHURS,same_SG,0
D082,22,1997,4,1,ARTHURS,380534,200550,1,1,23,1998,380534,200550,4,1,ARTHURS,same_SG,0
D082,23,1998,4,1,ARTHURS,380534,200550,1,1,24,1999,380534,200550,4,1,ARTHURS,same_SG,0
D083,22,1997,4,1,ARTHURS,380534,200550,1,1,23,1998,380534,200550,4,1,ARTHURS,same_SG,0
D083,23,1998,4,1,ARTHURS,380534,200550,1,1,24,1999,380534,200550,4,1,ARTHURS,same_SG,0
D084,22,1997,18,1,NETTLE,383024,201142,1,1,23,1998,383024,201142,18,1,NETTLE,same_SG,0
D084,23,1998,18,1,NETTLE,383024,201142,2,1,24,1999,382930,201326,18,1,HOLLOWTREE,same_SG,206.6204249342257
D084,24,1999,18,1,HOLLOWTREE,382930,201326,1,1,25,2000,382930,201326,18,1,HOLLOWTREE,same_SG,0
D084,25,2000,18,1,HOLLOWTREE,382930,201326,1,1,26,2001,382930,201326,18,1,HOLLOWTREE,same_SG,0
E004,15,1990,12,1,TOP,381795,200962,1,2,16,1991,381795,200962,12,1,TOP,same_SG,0
E004,16,1991,12,1,TOP,381795,200962,1,2,17,1992,381795,200962,12,1,TOP,same_SG,0
E004,19,1994,12,1,TOP,381795,200962,1,2,20,1995,382132,201047,15,1,POPLAR,neighbour_SG,347.55431230240833
E004,20,1995,15,1,POPLAR,382132,201047,1,2,21,1996,382074,201085,15,1,WYCHELM,same_SG,69.33974329343886
E005,13,1988,11,1,YEW,381619,201268,3,1,14,1989,380841,200432,4,1,JUNCTION,neighbour_SG,1142.0070052324547
E008,13,1988,18,1,NETTLE,383024,201142,2,1,14,1989,383126,200958,19,1,DAM,neighbour_SG,210.38060747131613
E008,14,1989,19,1,DAM,383126,200958,1,1,15,1990,383024,201142,18,1,NETTLE,neighbour_SG,210.38060747131613
E008,15,1990,18,1,NETTLE,383024,201142,1,1,16,1991,383024,201142,18,1,NETTLE,same_SG,0
E008,16,1991,18,1,NETTLE,383024,201142,1,1,17,1992,383024,201142,18,1,NETTLE,same_SG,0
E008,17,1992,18,1,NETTLE,383024,201142,1,1,18,1993,383024,201142,18,1,NETTLE,same_SG,0
E010,13,1988,18,1,NETTLE,383024,201142,1,1,14,1989,383024,201142,18,1,NETTLE,same_SG,0
E012,13,1988,1,1,WEST,380190,201400,2,1,14,1989,380190,201400,1,1,WEST,same_SG,0
E014,13,1988,2,1,LARCH,380541,201242,2,1,14,1989,380541,201242,2,1,LARCH,same_SG,0
E014,14,1989,2,1,LARCH,380541,201242,2,1,15,1990,380621,201409,2,1,BOX,same_SG,185.17289218457435
E014,15,1990,2,1,BOX,380621,201409,3,1,16,1991,380621,201409,2,1,BOX,same_SG,0
E014,20,1995,2,1,BOX,380621,201409,1,1,21,1996,380541,201242,2,1,LARCH,same_SG,185.17289218457435
E014,21,1996,2,1,LARCH,380541,201242,3,1,22,1997,380621,201409,2,1,BOX,same_SG,185.17289218457435
E015,13,1988,5,1,JACKSMIREY,380678,200030,3,1,14,1989,380678,200030,5,1,JACKSMIREY,same_SG,0
E016,13,1988,1,1,WEST,380190,201400,3,1,14,1989,380190,201400,1,1,WEST,same_SG,0
E016,14,1989,1,1,WEST,380190,201400,3,1,15,1990,380190,201400,1,1,WEST,same_SG,0
E016,15,1990,1,1,WEST,380190,201400,1,1,16,1991,380190,201400,1,1,WEST,same_SG,0
E016,16,1991,1,1,WEST,380190,201400,1,1,17,1992,380279,201409,1,1,CORRAL,same_SG,89.45389874119518
E016,17,1992,1,1,CORRAL,380279,201409,1,1,18,1993,380190,201400,1,1,WEST,same_SG,89.45389874119518
E016,18,1993,1,1,WEST,380190,201400,1,1,19,1994,380190,201400,1,1,WEST,same_SG,0
E020,18,1993,2,1,BOX,380621,201409,1,1,19,1994,380621,201409,2,1,BOX,same_SG,0
E022,13,1988,1,1,WEST,380190,201400,3,1,14,1989,380190,201400,1,1,WEST,same_SG,0
E022,14,1989,1,1,WEST,380190,201400,3,1,15,1990,380621,201409,2,1,BOX,neighbour_SG,431.0939572761372
E022,15,1990,2,1,BOX,380621,201409,1,1,16,1991,379874,201435,1,1,BUCKHOLT,neighbour_SG,747.4523396177177
E023,13,1988,4,1,ARTHURS,380534,200550,2,1,14,1989,380534,200550,4,1,ARTHURS,same_SG,0
E023,14,1989,4,1,ARTHURS,380534,200550,1,1,15,1990,380534,200550,4,1,ARTHURS,same_SG,0
E023,15,1990,4,1,ARTHURS,380534,200550,2,1,16,1991,380534,200550,4,1,ARTHURS,same_SG,0
E023,16,1991,4,1,ARTHURS,380534,200550,1,1,17,1992,380390,200637,4,1,MEAD,same_SG,168.24089871371942
E023,20,1995,4,1,ARTHURS,380534,200550,1,1,21,1996,380534,200550,4,1,ARTHURS,same_SG,0
E027,16,1991,4,1,THISTLEWOODBANK,381109,200408,2,1,17,1992,381350,200278,999,2,HEDGE,peripheral,273.82658746002005
E030,13,1988,15,1,KENNEL,382464,200922,2,1,14,1989,382464,200922,15,1,KENNEL,same_SG,0
E030,14,1989,15,1,KENNEL,382464,200922,1,1,15,1990,382464,200922,15,1,KENNEL,same_SG,0
E030,15,1990,15,1,KENNEL,382464,200922,1,1,16,1991,382464,200922,15,1,KENNEL,same_SG,0
E032,13,1988,15,1,KENNEL,382464,200922,2,1,14,1989,382464,200922,15,1,KENNEL,same_SG,0
E032,14,1989,15,1,KENNEL,382464,200922,2,1,15,1990,382074,201085,15,1,WYCHELM,same_SG,422.6925596695546
E032,15,1990,15,1,WYCHELM,382074,201085,3,1,16,1991,382464,200922,15,1,KENNEL,same_SG,422.6925596695546
E032,16,1991,15,1,KENNEL,382464,200922,2,1,17,1992,382440,200974,15,1,NEEDLES,same_SG,57.271284253105414
E032,17,1992,15,1,NEEDLES,382440,200974,1,1,18,1993,382074,201085,15,1,WYCHELM,same_SG,382.4617627946616
E032,18,1993,15,1,WYCHELM,382074,201085,1,1,19,1994,382074,201085,15,1,WYCHELM,same_SG,0
E032,19,1994,15,1,WYCHELM,382074,201085,2,1,20,1995,382132,201047,15,1,POPLAR,same_SG,69.33974329343886
E033,13,1988,16,1,PEGLARS,382355,200596,2,1,14,1989,382355,200596,16,1,PEGLARS,same_SG,0
E033,14,1989,16,1,PEGLARS,382355,200596,4,1,15,1990,382355,200596,16,1,PEGLARS,same_SG,0
E034,13,1988,15,1,KENNEL,382464,200922,2,1,14,1989,382464,200922,15,1,KENNEL,same_SG,0
E034,14,1989,15,1,KENNEL,382464,200922,2,1,15,1990,382464,200922,15,1,KENNEL,same_SG,0
E034,15,1990,15,1,KENNEL,382464,200922,1,1,16,1991,382464,200922,15,1,KENNEL,same_SG,0
E034,16,1991,15,1,KENNEL,382464,200922,3,1,17,1992,382464,200922,15,1,KENNEL,same_SG,0
E034,17,1992,15,1,KENNEL,382464,200922,1,1,18,1993,382464,200922,15,1,KENNEL,same_SG,0
E034,18,1993,15,1,KENNEL,382464,200922,1,1,19,1994,382624,201274,17,1,OLDOAK,neighbour_SG,386.6574711550263
E034,19,1994,17,1,OLDOAK,382624,201274,2,1,20,1995,382132,201047,15,1,POPLAR,neighbour_SG,541.8422279593941
E034,20,1995,15,1,POPLAR,382132,201047,1,1,21,1996,382624,201274,17,1,OLDOAK,neighbour_SG,541.8422279593941
E035,13,1988,16,1,PEGLARS,382355,200596,3,2,14,1989,382355,200596,16,1,PEGLARS,same_SG,0
E036,13,1988,9,1,LAURELS,381180,201357,3,1,14,1989,381180,201357,9,1,LAURELS,same_SG,0
E036,14,1989,9,1,LAURELS,381180,201357,2,1,15,1990,380856,201662,6,1,RABBIT,neighbour_SG,444.9730328907585
E036,15,1990,6,1,RABBIT,380856,201662,1,1,16,1991,381180,201357,9,1,LAURELS,neighbour_SG,444.9730328907585
E037,13,1988,16,1,PEGLARS,382355,200596,3,1,14,1989,382355,200596,16,1,PEGLARS,same_SG,0
E038,13,1988,15,1,KENNEL,382464,200922,2,1,14,1989,382076,201048,15,1,DOLINE,same_SG,407.9460748677452
E038,14,1989,15,1,DOLINE,382076,201048,1,1,15,1990,382464,200922,15,1,KENNEL,same_SG,407.9460748677452
E038,15,1990,15,1,KENNEL,382464,200922,4,1,16,1991,382464,200922,15,1,KENNEL,same_SG,0
E039,13,1988,15,1,NEEDLES,382440,200974,2,1,14,1989,382464,200922,15,1,KENNEL,same_SG,57.271284253105414
E039,14,1989,15,1,KENNEL,382464,200922,3,1,15,1990,382464,200922,15,1,KENNEL,same_SG,0
E039,15,1990,15,1,KENNEL,382464,200922,3,1,16,1991,382464,200922,15,1,KENNEL,same_SG,0
E041,13,1988,20,1,PARKMILL,383730,200924,3,1,14,1989,383730,200924,20,1,PARKMILL,same_SG,0
E042,13,1988,20,1,PARKMILL,383730,200924,2,1,14,1989,383730,200924,20,1,PARKMILL,same_SG,0
E042,17,1992,20,1,PARKMILL,383730,200924,1,1,18,1993,383730,200924,20,1,PARKMILL,same_SG,0
E048,13,1988,22,1,WOODFARM,383337,200429,3,1,14,1989,383337,200429,22,1,WOODFARM,same_SG,0
E053,16,1991,22,1,WOODFARM,383337,200429,2,1,17,1992,383337,200429,22,1,WOODFARM,same_SG,0
E053,17,1992,22,1,WOODFARM,383337,200429,3,1,18,1993,383337,200429,22,1,WOODFARM,same_SG,0
E053,18,1993,22,1,WOODFARM,383337,200429,4,1,19,1994,383337,200429,22,1,WOODFARM,same_SG,0
E054,14,1989,22,1,WOODFARM,383337,200429,1,1,15,1990,383730,200924,20,1,PARKMILL,nonneighbour_SG,632.0395557241651
E058,13,1988,22,1,WOODFARM,383337,200429,3,1,14,1989,383337,200429,22,1,WOODFARM,same_SG,0
E058,14,1989,22,1,WOODFARM,383337,200429,1,1,15,1990,383635,200531,999,2,WINDSOREDGE,peripheral,314.97301471713416
E068,13,1988,1,1,WEST,380190,201400,2,1,14,1989,380190,201400,1,1,WEST,same_SG,0
E068,14,1989,1,1,WEST,380190,201400,4,1,15,1990,380190,201400,1,1,WEST,same_SG,0
E068,15,1990,1,1,WEST,380190,201400,1,1,16,1991,380621,201409,2,1,BOX,neighbour_SG,431.0939572761372
E068,16,1991,2,1,BOX,380621,201409,3,1,17,1992,380541,201242,2,1,LARCH,same_SG,185.17289218457435
E068,20,1995,2,1,BOX,380621,201409,1,1,21,1996,380541,201242,2,1,LARCH,same_SG,185.17289218457435
E069,13,1988,1,1,WEST,380190,201400,2,1,14,1989,380279,201409,1,1,CORRAL,same_SG,89.45389874119518
E070,13,1988,1,1,WEST,380190,201400,2,1,14,1989,380190,201400,1,1,WEST,same_SG,0
E071,13,1988,2,1,BOX,380621,201409,2,1,14,1989,380621,201409,2,1,BOX,same_SG,0
E071,14,1989,2,1,BOX,380621,201409,2,1,15,1990,380541,201242,2,1,LARCH,same_SG,185.17289218457435
E071,15,1990,2,1,LARCH,380541,201242,2,1,16,1991,380834,201150,3,1,CHESNUT,neighbour_SG,307.1042168385188
E071,16,1991,3,1,CHESNUT,380834,201150,1,1,17,1992,380279,201409,1,1,CORRAL,neighbour_SG,612.4589782181334
E072,13,1988,4,1,TODDS,380393,200413,2,1,14,1989,380534,200550,4,1,ARTHURS,same_SG,196.596032513375
E072,14,1989,4,1,ARTHURS,380534,200550,2,1,15,1990,380534,200550,4,1,ARTHURS,same_SG,0
E072,15,1990,4,1,ARTHURS,380534,200550,2,1,16,1991,380534,200550,4,1,ARTHURS,same_SG,0
E072,16,1991,4,1,ARTHURS,380534,200550,1,1,17,1992,380625,200466,4,1,BRAMBLE,same_SG,123.84264209067892
E072,17,1992,4,1,BRAMBLE,380625,200466,1,1,18,1993,380390,200637,4,1,MEAD,same_SG,290.6303494131334
E072,18,1993,4,1,MEAD,380390,200637,1,1,19,1994,380534,200550,4,1,ARTHURS,same_SG,168.24089871371942
E073,13,1988,2,1,BOX,380621,201409,1,1,14,1989,380541,201242,2,1,LARCH,same_SG,185.17289218457435
E073,14,1989,2,1,LARCH,380541,201242,2,1,15,1990,380541,201242,2,1,LARCH,same_SG,0
E073,15,1990,2,1,LARCH,380541,201242,2,1,16,1991,380621,201409,2,1,BOX,same_SG,185.17289218457435
E073,16,1991,2,1,BOX,380621,201409,1,1,17,1992,380621,201409,2,1,BOX,same_SG,0
E073,17,1992,2,1,BOX,380621,201409,1,1,18,1993,380621,201409,2,1,BOX,same_SG,0
E073,18,1993,2,1,BOX,380621,201409,1,1,19,1994,380417,201488,999,2,BENCH,peripheral,218.76242821837573
E074,15,1990,4,1,ARTHURS,380534,200550,2,1,16,1991,380534,200550,4,1,ARTHURS,same_SG,0
E077,13,1988,4,1,JUNCTION,380841,200432,1,1,14,1989,380841,200432,4,1,JUNCTION,same_SG,0
E077,14,1989,4,1,JUNCTION,380841,200432,2,1,15,1990,380841,200432,4,1,JUNCTION,same_SG,0
E077,15,1990,4,1,JUNCTION,380841,200432,1,1,16,1991,381109,200408,4,1,THISTLEWOODBANK,same_SG,269.0724809414742
E077,16,1991,4,1,THISTLEWOODBANK,381109,200408,1,1,17,1992,381109,200408,4,1,THISTLEWOODBANK,same_SG,0
E079,13,1988,4,1,OPEN,380812,200417,1,1,14,1989,380841,200432,4,1,JUNCTION,same_SG,32.64965543462902
E079,14,1989,4,1,JUNCTION,380841,200432,3,1,15,1990,380841,200432,4,1,JUNCTION,same_SG,0
E079,15,1990,4,1,JUNCTION,380841,200432,2,1,16,1991,381109,200408,4,1,THISTLEWOODBANK,same_SG,269.0724809414742
E083,17,1992,5,1,JACKSMIREY,380678,200030,1,1,18,1993,380678,200030,5,1,JACKSMIREY,same_SG,0
E083,18,1993,5,1,JACKSMIREY,380678,200030,1,1,19,1994,380678,200030,5,1,JACKSMIREY,same_SG,0
E083,19,1994,5,1,JACKSMIREY,380678,200030,2,1,20,1995,380678,200030,5,1,JACKSMIREY,same_SG,0
E083,20,1995,5,1,JACKSMIREY,380678,200030,1,1,21,1996,380678,200030,5,1,JACKSMIREY,same_SG,0
E083,21,1996,5,1,JACKSMIREY,380678,200030,1,1,22,1997,380678,200030,5,1,JACKSMIREY,same_SG,0
E083,22,1997,5,1,JACKSMIREY,380678,200030,1,1,23,1998,380678,200030,5,1,JACKSMIREY,same_SG,0
E085,13,1988,2,1,BOX,380621,201409,1,1,14,1989,380541,201242,2,1,LARCH,same_SG,185.17289218457435
E086,13,1988,3,1,BEECH,380931,201164,2,1,14,1989,380931,201164,3,1,BEECH,same_SG,0
E086,14,1989,3,1,BEECH,380931,201164,2,1,15,1990,380541,201242,2,1,LARCH,neighbour_SG,397.7235220602372
E086,15,1990,2,1,LARCH,380541,201242,1,1,16,1991,380931,201164,3,1,BEECH,neighbour_SG,397.7235220602372
E087,13,1988,11,1,TAXUS,381737,201220,1,1,14,1989,381619,201268,11,1,YEW,same_SG,127.38916751435343
E087,14,1989,11,1,YEW,381619,201268,3,1,15,1990,381619,201268,11,1,YEW,same_SG,0
E087,15,1990,11,1,YEW,381619,201268,2,1,16,1991,381619,201268,11,1,YEW,same_SG,0
E087,16,1991,11,1,YEW,381619,201268,3,1,17,1992,381737,201220,11,1,TAXUS,same_SG,127.38916751435343
E087,17,1992,11,1,TAXUS,381737,201220,2,1,18,1993,381619,201268,11,1,YEW,same_SG,127.38916751435343
E087,18,1993,11,1,YEW,381619,201268,2,1,19,1994,381619,201268,11,1,YEW,same_SG,0
E088,13,1988,21,1,COLLIERSWOOD,382931,200706,2,1,14,1989,382786,200771,16,1,FORK,neighbour_SG,158.90248582070703
E088,14,1989,16,1,FORK,382786,200771,4,1,15,1990,382786,200771,16,1,FORK,same_SG,0
E088,15,1990,16,1,FORK,382786,200771,2,1,16,1991,382786,200771,16,1,FORK,same_SG,0
E088,16,1991,16,1,FORK,382786,200771,2,1,17,1992,382713,200607,16,1,WOODRUSH,same_SG,179.51323071016242
E088,17,1992,16,1,WOODRUSH,382713,200607,1,1,18,1993,382786,200771,16,1,FORK,same_SG,179.51323071016242
E088,18,1993,16,1,FORK,382786,200771,1,1,19,1994,382713,200607,16,1,WOODRUSH,same_SG,179.51323071016242
E089,13,1988,14,1,COLEPARK,382049,201493,1,1,14,1989,382049,201493,14,1,COLEPARK,same_SG,0
E089,14,1989,14,1,COLEPARK,382049,201493,2,1,15,1990,382049,201493,14,1,COLEPARK,same_SG,0
E094,13,1988,4,1,ARTHURS,380534,200550,1,1,14,1989,380534,200550,4,1,ARTHURS,same_SG,0
E094,14,1989,4,1,ARTHURS,380534,200550,2,1,15,1990,380534,200550,4,1,ARTHURS,same_SG,0
E094,15,1990,4,1,ARTHURS,380534,200550,1,1,16,1991,380534,200550,4,1,ARTHURS,same_SG,0
E097,13,1988,18,1,NETTLE,383024,201142,1,1,14,1989,382624,201274,17,1,OLDOAK,neighbour_SG,421.2172835960082
E097,14,1989,17,1,OLDOAK,382624,201274,2,1,15,1990,382624,201274,17,1,OLDOAK,same_SG,0
E097,15,1990,17,1,OLDOAK,382624,201274,2,1,16,1991,382624,201274,17,1,OLDOAK,same_SG,0
E097,16,1991,17,1,OLDOAK,382624,201274,1,1,17,1992,382624,201274,17,1,OLDOAK,same_SG,0
E098,13,1988,18,1,NETTLE,383024,201142,1,1,14,1989,383024,201142,18,1,NETTLE,same_SG,0
E098,14,1989,18,1,NETTLE,383024,201142,2,1,15,1990,382624,201274,17,1,OLDOAK,neighbour_SG,421.2172835960082
E098,15,1990,17,1,OLDOAK,382624,201274,2,1,16,1991,382624,201274,17,1,OLDOAK,same_SG,0
F001,10,1985,16,1,PEGLARS,382355,200596,3,1,11,1986,382355,200596,16,1,PEGLARS,same_SG,0
F001,11,1986,16,1,PEGLARS,382355,200596,3,1,12,1987,382355,200596,16,1,PEGLARS,same_SG,0
F001,12,1987,16,1,PEGLARS,382355,200596,2,1,13,1988,382355,200596,16,1,PEGLARS,same_SG,0
F002,10,1985,9,1,LAURELS,381180,201357,1,1,11,1986,381180,201357,9,1,LAURELS,same_SG,0
F002,11,1986,9,1,LAURELS,381180,201357,1,1,12,1987,381357,201285,10,1,SEPTICTANK,neighbour_SG,191.08375127153016
F003,10,1985,10,1,SEPTICTANK,381357,201285,3,1,11,1986,381357,201285,10,1,SEPTICTANK,same_SG,0
F004,10,1985,2,1,BOX,380621,201409,2,1,11,1986,380621,201409,2,1,BOX,same_SG,0
F004,11,1986,2,1,BOX,380621,201409,2,1,12,1987,380541,201242,2,1,LARCH,same_SG,185.17289218457435
F004,12,1987,2,1,LARCH,380541,201242,1,1,13,1988,380931,201164,3,1,BEECH,neighbour_SG,397.7235220602372
F005,10,1985,2,1,LARCH,380541,201242,2,1,11,1986,380621,201409,2,1,BOX,same_SG,185.17289218457435
F007,10,1985,11,1,YEW,381619,201268,2,1,11,1986,381619,201268,11,1,YEW,same_SG,0
F007,11,1986,11,1,YEW,381619,201268,1,1,12,1987,381619,201268,11,1,YEW,same_SG,0
F007,12,1987,11,1,YEW,381619,201268,1,1,13,1988,381619,201268,11,1,YEW,same_SG,0
F007,13,1988,11,1,YEW,381619,201268,1,1,14,1989,381619,201268,11,1,YEW,same_SG,0
F007,16,1991,11,1,TAXUS,381737,201220,1,1,17,1992,381841,201313,13,1,CHERRIES,neighbour_SG,139.51702405083043
F007,17,1992,13,1,CHERRIES,381841,201313,1,1,18,1993,381737,201220,11,1,TAXUS,neighbour_SG,139.51702405083043
F009,10,1985,16,1,PEGLARS,382355,200596,2,1,11,1986,382355,200596,16,1,PEGLARS,same_SG,0
F009,11,1986,16,1,PEGLARS,382355,200596,4,1,12,1987,382355,200596,16,1,PEGLARS,same_SG,0
F009,12,1987,16,1,PEGLARS,382355,200596,2,1,13,1988,382786,200771,16,1,FORK,same_SG,465.17308606582134
F011,10,1985,21,1,COLLIERSWOOD,382931,200706,2,1,11,1986,382931,200706,21,1,COLLIERSWOOD,same_SG,0
F011,11,1986,21,1,COLLIERSWOOD,382931,200706,1,1,12,1987,382931,200706,21,1,COLLIERSWOOD,same_SG,0
F012,10,1985,5,1,JACKSMIREY,380678,200030,3,1,11,1986,380678,200030,5,1,JACKSMIREY,same_SG,0
F013,10,1985,4,1,THISTLEWOODBANK,381109,200408,2,1,11,1986,381109,200408,4,1,THISTLEWOODBANK,same_SG,0
F013,11,1986,4,1,THISTLEWOODBANK,381109,200408,1,1,12,1987,380906,200398,4,1,EARTH,same_SG,203.24615617521528
F013,12,1987,4,1,EARTH,380906,200398,1,1,13,1988,380841,200432,4,1,JUNCTION,same_SG,73.35529974037323
F013,13,1988,4,1,JUNCTION,380841,200432,1,1,14,1989,381109,200408,4,1,THISTLEWOODBANK,same_SG,269.0724809414742
F013,14,1989,4,1,THISTLEWOODBANK,381109,200408,2,1,15,1990,380841,200432,4,1,JUNCTION,same_SG,269.0724809414742
F013,15,1990,4,1,JUNCTION,380841,200432,1,1,16,1991,381109,200408,4,1,THISTLEWOODBANK,same_SG,269.0724809414742
F013,16,1991,4,1,THISTLEWOODBANK,381109,200408,2,1,17,1992,380841,200432,4,1,JUNCTION,same_SG,269.0724809414742
F013,19,1994,4,1,THISTLEWOODBANK,381109,200408,1,1,20,1995,381109,200408,4,1,THISTLEWOODBANK,same_SG,0
F014,10,1985,4,1,THISTLEWOODBANK,381109,200408,2,1,11,1986,380534,200550,4,1,ARTHURS,same_SG,592.2744296354521
F015,10,1985,5,1,JACKSMIREY,380678,200030,3,1,11,1986,380678,200030,5,1,JACKSMIREY,same_SG,0
F017,10,1985,21,1,COLLIERSWOOD,382931,200706,2,1,11,1986,382931,200706,21,1,COLLIERSWOOD,same_SG,0
F019,10,1985,9,1,LAURELS,381180,201357,2,1,11,1986,381180,201357,9,1,LAURELS,same_SG,0
F020,10,1985,10,1,SEPTICTANK,381357,201285,2,1,11,1986,381157,201365,9,1,BRACKEN,neighbour_SG,215.40659228538016
F020,11,1986,9,1,BRACKEN,381157,201365,1,1,12,1987,381180,201357,9,1,LAURELS,same_SG,24.351591323771842
F020,12,1987,9,1,LAURELS,381180,201357,1,1,13,1988,381357,201285,10,1,SEPTICTANK,neighbour_SG,191.08375127153016
F022,10,1985,3,1,BEECH,380931,201164,1,1,11,1986,380931,201164,3,1,BEECH,same_SG,0
F022,11,1986,3,1,BEECH,380931,201164,2,1,12,1987,380931,201164,3,1,BEECH,same_SG,0
F022,12,1987,3,1,BEECH,380931,201164,1,1,13,1988,380931,201164,3,1,BEECH,same_SG,0
F023,13,1988,4,1,THISTLEWOODBANK,381109,200408,1,1,14,1989,381350,200278,999,2,HEDGE,peripheral,273.82658746002005
F024,10,1985,4,1,ARTHURS,380534,200550,3,1,11,1986,380534,200550,4,1,ARTHURS,same_SG,0
F025,10,1985,2,1,BOX,380621,201409,2,1,11,1986,380541,201242,2,1,LARCH,same_SG,185.17289218457435
F025,11,1986,2,1,LARCH,380541,201242,2,1,12,1987,380534,200550,4,1,ARTHURS,nonneighbour_SG,692.0354037186248
F026,10,1985,16,1,PEGLARS,382355,200596,3,1,11,1986,382355,200596,16,1,PEGLARS,same_SG,0
F027,10,1985,12,1,TOP,381795,200962,3,1,11,1986,381795,200962,12,1,TOP,same_SG,0
F027,11,1986,12,1,TOP,381795,200962,3,1,12,1987,382464,200922,15,1,KENNEL,neighbour_SG,670.1947478158867
F027,12,1987,15,1,KENNEL,382464,200922,1,1,13,1988,382076,201048,15,1,DOLINE,same_SG,407.9460748677452
F028,10,1985,16,1,PEGLARS,382355,200596,2,1,11,1986,382355,200596,16,1,PEGLARS,same_SG,0
F028,11,1986,16,1,PEGLARS,382355,200596,2,1,12,1987,382931,200706,21,1,COLLIERSWOOD,neighbour_SG,586.4094132941592
F029,10,1985,16,1,PEGLARS,382355,200596,3,1,11,1986,382355,200596,16,1,PEGLARS,same_SG,0
F030,10,1985,3,1,BEECH,380931,201164,3,1,11,1986,380931,201164,3,1,BEECH,same_SG,0
F032,10,1985,1,1,WEST,380190,201400,3,1,11,1986,380190,201400,1,1,WEST,same_SG,0
F033,10,1985,1,1,WEST,380190,201400,3,1,11,1986,380190,201400,1,1,WEST,same_SG,0
F033,11,1986,1,1,WEST,380190,201400,1,1,12,1987,380190,201400,1,1,WEST,same_SG,0
F033,12,1987,1,1,WEST,380190,201400,1,1,13,1988,380190,201400,1,1,WEST,same_SG,0
F033,13,1988,1,1,WEST,380190,201400,1,1,14,1989,380190,201400,1,1,WEST,same_SG,0
F033,14,1989,1,1,WEST,380190,201400,2,1,15,1990,380597,201427,999,2,BOXER,peripheral,407.89459422747933
F034,10,1985,4,1,ARTHURS,380534,200550,2,1,11,1986,380534,200550,4,1,ARTHURS,same_SG,0
F036,10,1985,4,1,ARTHURS,380534,200550,2,1,11,1986,380534,200550,4,1,ARTHURS,same_SG,0
F037,10,1985,11,1,YEW,381619,201268,3,1,11,1986,381619,201268,11,1,YEW,same_SG,0
F038,10,1985,1,1,WEST,380190,201400,3,1,11,1986,380190,201400,1,1,WEST,same_SG,0
F038,11,1986,1,1,WEST,380190,201400,1,1,12,1987,380190,201400,1,1,WEST,same_SG,0
F038,14,1989,1,1,WEST,380190,201400,1,1,15,1990,380190,201400,1,1,WEST,same_SG,0
F040,10,1985,18,1,NETTLE,383024,201142,2,1,11,1986,383024,201142,18,1,NETTLE,same_SG,0
F041,10,1985,3,1,BEECH,380931,201164,3,1,11,1986,380931,201164,3,1,BEECH,same_SG,0
F042,10,1985,3,1,BEECH,380931,201164,2,1,11,1986,380931,201164,3,1,BEECH,same_SG,0
F042,11,1986,3,1,BEECH,380931,201164,2,1,12,1987,380390,200637,4,1,MEAD,nonneighbour_SG,755.2549238502189
F042,12,1987,4,1,MEAD,380390,200637,1,1,13,1988,380931,201164,3,1,BEECH,nonneighbour_SG,755.2549238502189
F042,13,1988,3,1,BEECH,380931,201164,1,1,14,1989,380621,201409,2,1,BOX,neighbour_SG,395.12656200260693
F043,10,1985,18,1,NETTLE,383024,201142,2,1,11,1986,382616,201525,17,1,TOPOAK,neighbour_SG,559.6007505355939
F043,13,1988,17,1,TOPOAK,382616,201525,1,1,14,1989,382616,201525,17,1,TOPOAK,same_SG,0
F043,14,1989,17,1,TOPOAK,382616,201525,2,1,15,1990,382616,201525,17,1,TOPOAK,same_SG,0
F043,15,1990,17,1,TOPOAK,382616,201525,2,1,16,1991,382624,201274,17,1,OLDOAK,same_SG,251.127457678367
F043,16,1991,17,1,OLDOAK,382624,201274,1,1,17,1992,382616,201525,17,1,TOPOAK,same_SG,251.127457678367
F043,17,1992,17,1,TOPOAK,382616,201525,1,1,18,1993,382616,201525,17,1,TOPOAK,same_SG,0
F044,10,1985,3,1,BEECH,380931,201164,1,1,11,1986,380931,201164,3,1,BEECH,same_SG,0
F045,10,1985,18,1,NETTLE,383024,201142,2,1,11,1986,382624,201274,17,1,OLDOAK,neighbour_SG,421.2172835960082
F045,11,1986,17,1,OLDOAK,382624,201274,1,1,12,1987,382616,201525,17,1,TOPOAK,same_SG,251.127457678367
F045,16,1991,17,1,OLDOAK,382624,201274,1,1,17,1992,382616,201525,17,1,TOPOAK,same_SG,251.127457678367
F045,17,1992,17,1,TOPOAK,382616,201525,2,1,18,1993,382616,201525,17,1,TOPOAK,same_SG,0
F048,10,1985,4,1,ARTHURS,380534,200550,2,1,11,1986,380534,200550,4,1,ARTHURS,same_SG,0
F048,11,1986,4,1,ARTHURS,380534,200550,1,1,12,1987,380931,201164,3,1,BEECH,nonneighbour_SG,731.1668756173244
F048,12,1987,3,1,BEECH,380931,201164,1,1,13,1988,380931,201164,3,1,BEECH,same_SG,0
F048,13,1988,3,1,BEECH,380931,201164,3,1,14,1989,380931,201164,3,1,BEECH,same_SG,0
F048,16,1991,3,1,BEECH,380931,201164,2,1,17,1992,380931,201164,3,1,BEECH,same_SG,0
F048,17,1992,3,1,BEECH,380931,201164,1,1,18,1993,380931,201164,3,1,BEECH,same_SG,0
F049,10,1985,12,1,TOP,381795,200962,2,1,11,1986,381795,200962,12,1,TOP,same_SG,0
F049,11,1986,12,1,TOP,381795,200962,3,1,12,1987,381795,200962,12,1,TOP,same_SG,0
F049,14,1989,12,1,TOP,381795,200962,2,1,15,1990,381795,200962,12,1,TOP,same_SG,0
F050,10,1985,12,1,TOP,381795,200962,2,1,11,1986,381795,200962,12,1,TOP,same_SG,0
F050,11,1986,12,1,TOP,381795,200962,1,1,12,1987,381795,200962,12,1,TOP,same_SG,0
F050,12,1987,12,1,TOP,381795,200962,2,1,13,1988,381795,200962,12,1,TOP,same_SG,0
F050,13,1988,12,1,TOP,381795,200962,2,1,14,1989,381795,200962,12,1,TOP,same_SG,0
F050,14,1989,12,1,TOP,381795,200962,2,1,15,1990,381795,200962,12,1,TOP,same_SG,0
F050,15,1990,12,1,TOP,381795,200962,3,1,16,1991,381795,200962,12,1,TOP,same_SG,0
F050,16,1991,12,1,TOP,381795,200962,1,1,17,1992,381795,200962,12,1,TOP,same_SG,0
F050,17,1992,12,1,TOP,381795,200962,3,1,18,1993,381795,200962,12,1,TOP,same_SG,0
F051,10,1985,12,1,TOP,381795,200962,2,1,11,1986,381795,200962,12,1,TOP,same_SG,0
F051,11,1986,12,1,TOP,381795,200962,4,1,12,1987,382464,200922,15,1,KENNEL,neighbour_SG,670.1947478158867
F051,12,1987,15,1,KENNEL,382464,200922,2,1,13,1988,381795,200962,12,1,TOP,neighbour_SG,670.1947478158867
F051,13,1988,12,1,TOP,381795,200962,1,1,14,1989,382464,200922,15,1,KENNEL,neighbour_SG,670.1947478158867
F051,14,1989,15,1,KENNEL,382464,200922,3,1,15,1990,382464,200922,15,1,KENNEL,same_SG,0
F051,15,1990,15,1,KENNEL,382464,200922,3,1,16,1991,382464,200922,15,1,KENNEL,same_SG,0
F051,16,1991,15,1,KENNEL,382464,200922,2,1,17,1992,382464,200922,15,1,KENNEL,same_SG,0
F055,10,1985,15,1,KENNEL,382464,200922,2,1,11,1986,382464,200922,15,1,KENNEL,same_SG,0
F056,10,1985,15,1,DOLINE,382076,201048,1,1,11,1986,382464,200922,15,1,KENNEL,same_SG,407.9460748677452
F056,11,1986,15,1,KENNEL,382464,200922,2,1,12,1987,382076,201048,15,1,DOLINE,same_SG,407.9460748677452
F056,12,1987,15,1,DOLINE,382076,201048,1,1,13,1988,382464,200922,15,1,KENNEL,same_SG,407.9460748677452
F056,13,1988,15,1,KENNEL,382464,200922,3,1,14,1989,382076,201048,15,1,DOLINE,same_SG,407.9460748677452
F056,14,1989,15,1,DOLINE,382076,201048,3,1,15,1990,382074,201085,15,1,WYCHELM,same_SG,37.05401462729781
F056,15,1990,15,1,WYCHELM,382074,201085,2,1,16,1991,382464,200922,15,1,KENNEL,same_SG,422.6925596695546
F056,16,1991,15,1,KENNEL,382464,200922,1,1,17,1992,382074,201085,15,1,WYCHELM,same_SG,422.6925596695546
F056,17,1992,15,1,WYCHELM,382074,201085,2,1,18,1993,381737,201220,11,1,TAXUS,neighbour_SG,363.03443362854716
F056,18,1993,11,1,TAXUS,381737,201220,1,1,19,1994,382074,201085,15,1,WYCHELM,neighbour_SG,363.03443362854716
F057,10,1985,15,1,KENNEL,382464,200922,2,1,11,1986,382464,200922,15,1,KENNEL,same_SG,0
F058,10,1985,15,1,KENNEL,382464,200922,2,1,11,1986,382464,200922,15,1,KENNEL,same_SG,0
F058,11,1986,15,1,KENNEL,382464,200922,4,1,12,1987,382464,200922,15,1,KENNEL,same_SG,0
F058,12,1987,15,1,KENNEL,382464,200922,3,1,13,1988,382464,200922,15,1,KENNEL,same_SG,0
F059,10,1985,16,1,PEGLARS,382355,200596,2,1,11,1986,382355,200596,16,1,PEGLARS,same_SG,0
F059,11,1986,16,1,PEGLARS,382355,200596,2,1,12,1987,381795,200962,12,1,TOP,nonneighbour_SG,668.9962630687858
F060,10,1985,16,1,PEGLARS,382355,200596,2,1,11,1986,382355,200596,16,1,PEGLARS,same_SG,0
F060,11,1986,16,1,PEGLARS,382355,200596,3,1,12,1987,382355,200596,16,1,PEGLARS,same_SG,0
F061,10,1985,12,1,TOP,381795,200962,2,1,11,1986,381795,200962,12,1,TOP,same_SG,0
F062,10,1985,15,1,KENNEL,382464,200922,2,1,11,1986,382464,200922,15,1,KENNEL,same_SG,0
F063,10,1985,15,1,KENNEL,382464,200922,2,1,11,1986,382464,200922,15,1,KENNEL,same_SG,0
F063,11,1986,15,1,KENNEL,382464,200922,3,1,12,1987,382464,200922,15,1,KENNEL,same_SG,0
F063,12,1987,15,1,KENNEL,382464,200922,1,1,13,1988,382464,200922,15,1,KENNEL,same_SG,0
F063,13,1988,15,1,KENNEL,382464,200922,2,1,14,1989,382464,200922,15,1,KENNEL,same_SG,0
F063,14,1989,15,1,KENNEL,382464,200922,2,1,15,1990,382464,200922,15,1,KENNEL,same_SG,0
F063,15,1990,15,1,KENNEL,382464,200922,3,1,16,1991,382464,200922,15,1,KENNEL,same_SG,0
F063,16,1991,15,1,KENNEL,382464,200922,4,1,17,1992,382464,200922,15,1,KENNEL,same_SG,0
F063,17,1992,15,1,KENNEL,382464,200922,1,1,18,1993,382464,200922,15,1,KENNEL,same_SG,0
F064,10,1985,17,1,OLDOAK,382624,201274,2,1,11,1986,382624,201274,17,1,OLDOAK,same_SG,0
F065,10,1985,17,1,OLDOAK,382624,201274,2,1,11,1986,382624,201274,17,1,OLDOAK,same_SG,0
F066,10,1985,17,1,OLDOAK,382624,201274,2,1,11,1986,382624,201274,17,1,OLDOAK,same_SG,0
F069,10,1985,17,1,OLDOAK,382624,201274,1,1,11,1986,382624,201274,17,1,OLDOAK,same_SG,0
F072,12,1987,14,1,COLEPARK,382049,201493,1,1,13,1988,382049,201493,14,1,COLEPARK,same_SG,0
F073,10,1985,14,1,COLEPARK,382049,201493,1,1,11,1986,382049,201493,14,1,COLEPARK,same_SG,0
F074,10,1985,17,1,TOPOAK,382616,201525,1,1,11,1986,382624,201274,17,1,OLDOAK,same_SG,251.127457678367
F078,10,1985,6,1,CEDAR,381022,201589,1,2,11,1986,381241,201774,7,1,BOXWOOD,neighbour_SG,286.6810073932349
F078,11,1986,7,1,BOXWOOD,381241,201774,1,2,12,1987,381022,201589,6,1,CEDAR,neighbour_SG,286.6810073932349
F079,10,1985,15,1,KENNEL,382464,200922,1,1,11,1986,382464,200922,15,1,KENNEL,same_SG,0
F079,11,1986,15,1,KENNEL,382464,200922,2,1,12,1987,382440,200974,15,1,NEEDLES,same_SG,57.271284253105414
F079,14,1989,11,1,YEW,381619,201268,1,1,15,1990,382074,201085,15,1,WYCHELM,neighbour_SG,490.42226703117797
F079,15,1990,15,1,WYCHELM,382074,201085,3,1,16,1991,381737,201220,11,1,TAXUS,neighbour_SG,363.03443362854716
F079,16,1991,11,1,TAXUS,381737,201220,1,1,17,1992,382440,200974,15,1,NEEDLES,neighbour_SG,744.7986305035745
F094,10,1985,5,1,JACKSMIREY,380678,200030,3,2,11,1986,380678,200030,5,1,JACKSMIREY,same_SG,0
F094,11,1986,5,1,JACKSMIREY,380678,200030,2,2,12,1987,380936,199687,999,2,FIELDFARM,peripheral,429.2004193846972
G011,4,1979,1,1,WEST,380190,201400,1,1,5,1980,380190,201400,1,1,WEST,same_SG,0
G011,5,1980,1,1,WEST,380190,201400,1,1,6,1981,380190,201400,1,1,WEST,same_SG,0
G017,2,1977,11,1,TAXUS,381737,201220,2,2,3,1978,381619,201268,11,1,YEW,same_SG,127.38916751435343
G017,3,1978,11,1,YEW,381619,201268,1,2,4,1979,381795,200962,12,1,TOP,neighbour_SG,353.0042492662093
G017,4,1979,12,1,TOP,381795,200962,1,2,5,1980,381357,201285,10,1,SEPTICTANK,nonneighbour_SG,544.2177872874057
G017,5,1980,10,1,SEPTICTANK,381357,201285,1,2,6,1981,381357,201285,10,1,SEPTICTANK,same_SG,0
G017,8,1983,9,1,LAURELS,381180,201357,1,2,9,1984,381357,201285,10,1,SEPTICTANK,neighbour_SG,191.08375127153016
G017,11,1986,9,1,LAURELS,381180,201357,1,2,12,1987,381357,201285,10,1,SEPTICTANK,neighbour_SG,191.08375127153016
G017,12,1987,10,1,SEPTICTANK,381357,201285,2,2,13,1988,381180,201357,9,1,LAURELS,neighbour_SG,191.08375127153016
G019,3,1978,2,1,LARCH,380541,201242,1,2,4,1979,380621,201409,2,1,BOX,same_SG,185.17289218457435
G019,4,1979,2,1,BOX,380621,201409,1,2,5,1980,380541,201242,2,1,LARCH,same_SG,185.17289218457435
G019,5,1980,2,1,LARCH,380541,201242,1,2,6,1981,380390,200637,4,1,MEAD,nonneighbour_SG,623.5591391359765
G019,6,1981,4,1,MEAD,380390,200637,1,2,7,1982,380541,201242,2,1,LARCH,nonneighbour_SG,623.5591391359765
G019,7,1982,2,1,LARCH,380541,201242,2,2,8,1983,380541,201242,2,1,LARCH,same_SG,0
G020,2,1977,11,1,YEW,381619,201268,2,2,3,1978,381314,201015,11,1,DEN,same_SG,396.27515693013106
G020,3,1978,11,1,DEN,381314,201015,1,2,4,1979,381619,201268,11,1,YEW,same_SG,396.27515693013106
G020,4,1979,11,1,YEW,381619,201268,1,2,5,1980,381314,201015,11,1,DEN,same_SG,396.27515693013106
G020,5,1980,11,1,DEN,381314,201015,1,2,6,1981,381357,201285,10,1,SEPTICTANK,neighbour_SG,273.40263349134
G020,6,1981,10,1,SEPTICTANK,381357,201285,2,2,7,1982,381357,201285,10,1,SEPTICTANK,same_SG,0
G020,7,1982,10,1,SEPTICTANK,381357,201285,2,2,8,1983,381180,201357,9,1,LAURELS,neighbour_SG,191.08375127153016
G025,2,1977,11,1,YEW,381619,201268,1,2,3,1978,381619,201268,11,1,YEW,same_SG,0
G025,3,1978,11,1,YEW,381619,201268,1,2,4,1979,381619,201268,11,1,YEW,same_SG,0
G028,2,1977,4,1,ARTHURS,380534,200550,1,1,3,1978,380390,200637,4,1,MEAD,same_SG,168.24089871371942
G029,2,1977,4,1,ARTHURS,380534,200550,1,1,3,1978,380534,200550,4,1,ARTHURS,same_SG,0
G030,2,1977,4,1,ARTHURS,380534,200550,1,2,3,1978,380563,200499,4,1,BANK,same_SG,58.66856057549052
G030,3,1978,4,1,BANK,380563,200499,1,2,4,1979,380541,201242,2,1,LARCH,nonneighbour_SG,743.3256352366707
G031,6,1981,4,1,ARTHURS,380534,200550,1,2,7,1982,380534,200550,4,1,ARTHURS,same_SG,0
G035,2,1977,4,1,ARTHURS,380534,200550,1,1,3,1978,380563,200499,4,1,BANK,same_SG,58.66856057549052
G044,3,1978,11,1,DEN,381314,201015,1,2,4,1979,381619,201268,11,1,YEW,same_SG,396.27515693013106
H006,20,1995,8,1,HONEYWELL,381931,201706,2,2,21,1996,381931,201706,8,1,HONEYWELL,same_SG,0
H006,21,1996,8,1,HONEYWELL,381931,201706,2,2,22,1997,381931,201706,8,1,HONEYWELL,same_SG,0
H016,20,1995,1,1,CORRAL,380279,201409,1,1,21,1996,380190,201400,1,1,WEST,same_SG,89.45389874119518
H016,21,1996,1,1,WEST,380190,201400,4,1,22,1997,380190,201400,1,1,WEST,same_SG,0
H020,20,1995,2,1,LARCH,380541,201242,2,1,21,1996,380541,201242,2,1,LARCH,same_SG,0
H020,21,1996,2,1,LARCH,380541,201242,2,1,22,1997,380621,201409,2,1,BOX,same_SG,185.17289218457435
H027,20,1995,2,1,BOX,380621,201409,1,1,21,1996,380621,201409,2,1,BOX,same_SG,0
H027,21,1996,2,1,BOX,380621,201409,2,1,22,1997,380541,201242,2,1,LARCH,same_SG,185.17289218457435
H027,22,1997,2,1,LARCH,380541,201242,2,1,23,1998,380541,201242,2,1,LARCH,same_SG,0
H027,23,1998,2,1,LARCH,380541,201242,2,1,24,1999,380621,201409,2,1,BOX,same_SG,185.17289218457435
H027,24,1999,2,1,BOX,380621,201409,1,1,25,2000,380621,201409,2,1,BOX,same_SG,0
H027,25,2000,2,1,BOX,380621,201409,2,1,26,2001,380621,201409,2,1,BOX,same_SG,0
H027,26,2001,2,1,BOX,380621,201409,2,1,27,2002,380621,201409,2,1,BOX,same_SG,0
H027,27,2002,2,1,BOX,380621,201409,2,1,28,2003,380621,201409,2,1,BOX,same_SG,0
H027,28,2003,2,1,BOX,380621,201409,2,1,29,2004,380621,201409,2,1,BOX,same_SG,0
H027,29,2004,2,1,BOX,380621,201409,1,1,30,2005,380621,201409,2,1,BOX,same_SG,0
H027,30,2005,2,1,BOX,380621,201409,2,1,31,2006,380621,201409,2,1,BOX,same_SG,0
H027,31,2006,2,1,BOX,380621,201409,2,1,32,2007,380621,201409,2,1,BOX,same_SG,0
H028,20,1995,2,1,LARCH,380541,201242,2,1,21,1996,380541,201242,2,1,LARCH,same_SG,0
H028,23,1998,6,1,RABBIT,380856,201662,2,1,24,1999,381022,201589,6,1,CEDAR,same_SG,181.34221791960084
H028,24,1999,6,1,CEDAR,381022,201589,1,1,25,2000,381022,201589,6,1,CEDAR,same_SG,0
H031,20,1995,5,1,JACKSMIREY,380678,200030,2,1,21,1996,380678,200030,5,1,JACKSMIREY,same_SG,0
H031,21,1996,5,1,JACKSMIREY,380678,200030,2,1,22,1997,380678,200030,5,1,JACKSMIREY,same_SG,0
H031,22,1997,5,1,JACKSMIREY,380678,200030,1,1,23,1998,380678,200030,5,1,JACKSMIREY,same_SG,0
H031,23,1998,5,1,JACKSMIREY,380678,200030,1,1,24,1999,380737,200025,999,2,SINGLE,peripheral,59.21148537234985
H032,20,1995,5,1,JACKSMIREY,380678,200030,2,1,21,1996,380678,200030,5,1,JACKSMIREY,same_SG,0
H032,21,1996,5,1,JACKSMIREY,380678,200030,1,1,22,1997,380678,200030,5,1,JACKSMIREY,same_SG,0
H032,22,1997,5,1,JACKSMIREY,380678,200030,2,1,23,1998,380678,200030,5,1,JACKSMIREY,same_SG,0
H033,20,1995,1,1,WEST,380190,201400,2,1,21,1996,380190,201400,1,1,WEST,same_SG,0
H033,21,1996,1,1,WEST,380190,201400,3,1,22,1997,380190,201400,1,1,WEST,same_SG,0
H041,20,1995,15,1,POPLAR,382132,201047,1,1,21,1996,382132,201047,15,1,POPLAR,same_SG,0
H041,21,1996,15,1,POPLAR,382132,201047,1,1,22,1997,380931,201164,3,1,BEECH,nonneighbour_SG,1206.685543130438
H043,20,1995,15,1,POPLAR,382132,201047,1,1,21,1996,382074,201085,15,1,WYCHELM,same_SG,69.33974329343886
H043,21,1996,15,1,WYCHELM,382074,201085,2,1,22,1997,382074,201085,15,1,WYCHELM,same_SG,0
H043,22,1997,15,1,WYCHELM,382074,201085,2,1,23,1998,382049,201493,14,1,COLEPARK,neighbour_SG,408.76521378414776
H043,23,1998,14,1,COLEPARK,382049,201493,1,1,24,1999,382132,201047,15,1,POPLAR,neighbour_SG,453.65735968900583
H043,24,1999,15,1,POPLAR,382132,201047,2,1,25,2000,382074,201085,15,1,WYCHELM,same_SG,69.33974329343886
H043,25,2000,15,1,WYCHELM,382074,201085,2,1,26,2001,382074,201085,15,1,WYCHELM,same_SG,0
H043,26,2001,15,1,WYCHELM,382074,201085,2,1,27,2002,382074,201085,15,1,WYCHELM,same_SG,0
H043,27,2002,15,1,WYCHELM,382074,201085,3,1,28,2003,382074,201085,15,1,WYCHELM,same_SG,0
H043,28,2003,15,1,WYCHELM,382074,201085,3,1,29,2004,382132,201047,15,1,POPLAR,same_SG,69.33974329343886
H043,29,2004,15,1,POPLAR,382132,201047,2,1,30,2005,382440,200974,15,1,NEEDLES,same_SG,316.53277871335854
H044,20,1995,2,1,LARCH,380541,201242,1,1,21,1996,382132,201047,15,1,POPLAR,nonneighbour_SG,1602.9054869205484
H044,21,1996,15,1,POPLAR,382132,201047,1,1,22,1997,382074,201085,15,1,WYCHELM,same_SG,69.33974329343886
H044,22,1997,15,1,WYCHELM,382074,201085,3,1,23,1998,380742,201140,3,1,STONEYTRACK,nonneighbour_SG,1333.1350269196291
H044,23,1998,3,1,STONEYTRACK,380742,201140,1,1,24,1999,382132,201047,15,1,POPLAR,nonneighbour_SG,1393.1076771018097
H044,24,1999,15,1,POPLAR,382132,201047,2,1,25,2000,382074,201085,15,1,WYCHELM,same_SG,69.33974329343886
H046,20,1995,3,1,BEECH,380931,201164,2,1,21,1996,380931,201164,3,1,BEECH,same_SG,0
H046,21,1996,3,1,BEECH,380931,201164,1,1,22,1997,380834,201150,3,1,CHESNUT,same_SG,98.00510190801293
H046,22,1997,3,1,CHESNUT,380834,201150,1,1,23,1998,380931,201164,3,1,BEECH,same_SG,98.00510190801293
H046,23,1998,3,1,BEECH,380931,201164,1,1,24,1999,380635,201191,2,1,NEWFENCE,neighbour_SG,297.22886804615734
H047,20,1995,15,1,KENNEL,382464,200922,2,1,21,1996,382464,200922,15,1,KENNEL,same_SG,0
H047,21,1996,15,1,KENNEL,382464,200922,1,1,22,1997,382464,200922,15,1,KENNEL,same_SG,0
H047,22,1997,15,1,KENNEL,382464,200922,1,1,23,1998,382464,200922,15,1,KENNEL,same_SG,0
H048,20,1995,15,1,KENNEL,382464,200922,2,1,21,1996,382464,200922,15,1,KENNEL,same_SG,0
H050,20,1995,22,1,WOODFARM,383337,200429,2,1,21,1996,383337,200429,22,1,WOODFARM,same_SG,0
H051,20,1995,20,1,PARKMILL,383730,200924,2,1,21,1996,383730,200924,20,1,PARKMILL,same_SG,0
H051,21,1996,20,1,PARKMILL,383730,200924,2,1,22,1997,383730,200924,20,1,PARKMILL,same_SG,0
H051,22,1997,20,1,PARKMILL,383730,200924,3,1,23,1998,383730,200924,20,1,PARKMILL,same_SG,0
H051,23,1998,20,1,PARKMILL,383730,200924,1,1,24,1999,383812,200913,999,2,SANDY,peripheral,82.73451516749222
H051,25,2000,20,1,PARKMILL,383730,200924,1,1,26,2001,380625,200466,4,1,BRAMBLE,nonneighbour_SG,3138.5966609298493
H053,20,1995,6,1,CEDAR,381022,201589,1,1,21,1996,381022,201589,6,1,CEDAR,same_SG,0
H053,21,1996,6,1,CEDAR,381022,201589,2,1,22,1997,380621,201409,2,1,BOX,neighbour_SG,439.5463570546342
H053,22,1997,2,1,BOX,380621,201409,1,1,23,1998,380621,201409,2,1,BOX,same_SG,0
H053,23,1998,2,1,BOX,380621,201409,1,1,24,1999,380856,201662,6,1,RABBIT,neighbour_SG,345.30276569989996
H055,20,1995,17,1,TOPOAK,382616,201525,1,1,21,1996,382616,201525,17,1,TOPOAK,same_SG,0
H055,21,1996,17,1,TOPOAK,382616,201525,2,1,22,1997,382049,201493,14,1,COLEPARK,neighbour_SG,567.902280326466
H060,20,1995,17,1,TOPOAK,382616,201525,2,1,21,1996,382616,201525,17,1,TOPOAK,same_SG,0
H061,20,1995,22,1,WOODFARM,383337,200429,1,1,21,1996,383337,200429,22,1,WOODFARM,same_SG,0
H061,21,1996,22,1,WOODFARM,383337,200429,3,1,22,1997,383337,200429,22,1,WOODFARM,same_SG,0
H061,22,1997,22,1,WOODFARM,383337,200429,2,1,23,1998,383337,200429,22,1,WOODFARM,same_SG,0
H061,23,1998,22,1,WOODFARM,383337,200429,2,1,24,1999,383337,200429,22,1,WOODFARM,same_SG,0
H061,24,1999,22,1,WOODFARM,383337,200429,1,1,25,2000,383337,200429,22,1,WOODFARM,same_SG,0
H061,25,2000,22,1,WOODFARM,383337,200429,1,1,26,2001,383337,200429,22,1,WOODFARM,same_SG,0
H061,26,2001,22,1,WOODFARM,383337,200429,2,1,27,2002,383635,200531,999,2,WINDSOREDGE,peripheral,314.97301471713416
H061,30,2005,21,1,COLLIERSWOOD,382931,200706,1,1,31,2006,382931,200706,21,1,COLLIERSWOOD,same_SG,0
H063,22,1997,18,1,NETTLE,383024,201142,2,1,23,1998,383024,201142,18,1,NETTLE,same_SG,0
H063,23,1998,18,1,NETTLE,383024,201142,1,1,24,1999,383024,201142,18,1,NETTLE,same_SG,0
H063,26,2001,18,1,LINSEED,383011,201367,1,1,27,2002,382930,201326,18,1,HOLLOWTREE,same_SG,90.78546139112804
H063,27,2002,18,1,HOLLOWTREE,382930,201326,1,1,28,2003,382930,201326,18,1,HOLLOWTREE,same_SG,0
H063,28,2003,18,1,HOLLOWTREE,382930,201326,1,1,29,2004,383024,201142,18,1,NETTLE,same_SG,206.6204249342257
H063,29,2004,18,1,NETTLE,383024,201142,1,1,30,2005,383126,200958,19,1,DAM,neighbour_SG,210.38060747131613
H065,20,1995,4,1,ARTHURS,380534,200550,1,1,21,1996,380534,200550,4,1,ARTHURS,same_SG,0
H066,20,1995,5,1,JACKSMIREY,380678,200030,1,1,21,1996,380678,200030,5,1,JACKSMIREY,same_SG,0
H066,21,1996,5,1,JACKSMIREY,380678,200030,3,1,22,1997,380534,200550,4,1,ARTHURS,neighbour_SG,539.570199325352
H069,20,1995,15,1,POPLAR,382132,201047,1,1,21,1996,382074,201085,15,1,WYCHELM,same_SG,69.33974329343886
H069,23,1998,15,1,PONTINS,382122,200921,2,1,24,1999,382099,200773,15,1,BOG,same_SG,149.77650015940418
H069,24,1999,15,1,BOG,382099,200773,2,1,25,2000,382099,200773,15,1,BOG,same_SG,0
H069,25,2000,15,1,BOG,382099,200773,2,1,26,2001,382099,200773,15,1,BOG,same_SG,0
H069,26,2001,15,1,BOG,382099,200773,1,1,27,2002,382099,200773,15,1,BOG,same_SG,0
H069,27,2002,15,1,BOG,382099,200773,1,1,28,2003,382355,200596,16,1,PEGLARS,neighbour_SG,311.231425148554
H069,28,2003,16,1,PEGLARS,382355,200596,1,1,29,2004,382355,200596,16,1,PEGLARS,same_SG,0
H069,29,2004,16,1,PEGLARS,382355,200596,3,1,30,2005,382355,200596,16,1,PEGLARS,same_SG,0
H069,30,2005,16,1,PEGLARS,382355,200596,1,1,31,2006,382355,200596,16,1,PEGLARS,same_SG,0
H070,20,1995,3,1,BEECH,380931,201164,2,1,21,1996,380834,201150,3,1,CHESNUT,same_SG,98.00510190801293
H070,21,1996,3,1,CHESNUT,380834,201150,2,1,22,1997,380834,201150,3,1,CHESNUT,same_SG,0
H070,22,1997,3,1,CHESNUT,380834,201150,1,1,23,1998,380834,201150,3,1,CHESNUT,same_SG,0
H071,20,1995,16,1,FORK,382786,200771,2,1,21,1996,382786,200771,16,1,FORK,same_SG,0
H071,21,1996,16,1,FORK,382786,200771,1,1,22,1997,382713,200607,16,1,WOODRUSH,same_SG,179.51323071016242
H076,20,1995,11,1,YEW,381619,201268,1,1,21,1996,381619,201268,11,1,YEW,same_SG,0
H077,20,1995,17,1,TOPOAK,382616,201525,1,1,21,1996,382616,201525,17,1,TOPOAK,same_SG,0
H077,21,1996,17,1,TOPOAK,382616,201525,2,1,22,1997,382049,201493,14,1,COLEPARK,neighbour_SG,567.902280326466
H077,22,1997,14,1,COLEPARK,382049,201493,1,1,23,1998,381931,201706,8,1,HONEYWELL,neighbour_SG,243.50154003619772
I002,27,2002,6,1,RABBIT,380856,201662,1,2,28,2003,381022,201589,6,1,CEDAR,same_SG,181.34221791960084
I002,28,2003,6,1,CEDAR,381022,201589,1,2,29,2004,380856,201662,6,1,RABBIT,same_SG,181.34221791960084
I003,27,2002,1,1,WEST,380190,201400,3,1,28,2003,379972,201378,1,1,SPUR,same_SG,219.10727965998757
I004,27,2002,4,1,THISTLEWOODBANK,381109,200408,2,1,28,2003,380841,200432,4,1,JUNCTION,same_SG,269.0724809414742
I007,27,2002,2,1,BOX,380621,201409,2,1,28,2003,380621,201409,2,1,BOX,same_SG,0
I007,28,2003,2,1,BOX,380621,201409,3,1,29,2004,380541,201242,2,1,LARCH,same_SG,185.17289218457435
I007,29,2004,2,1,LARCH,380541,201242,1,1,30,2005,380621,201409,2,1,BOX,same_SG,185.17289218457435
I007,30,2005,2,1,BOX,380621,201409,1,1,31,2006,380856,201662,6,1,RABBIT,neighbour_SG,345.30276569989996
I007,31,2006,6,1,RABBIT,380856,201662,3,1,32,2007,380856,201662,6,1,RABBIT,same_SG,0
I008,27,2002,2,1,BOX,380621,201409,2,1,28,2003,380621,201409,2,1,BOX,same_SG,0
I008,28,2003,2,1,BOX,380621,201409,2,1,29,2004,380621,201409,2,1,BOX,same_SG,0
I008,29,2004,2,1,BOX,380621,201409,3,1,30,2005,380621,201409,2,1,BOX,same_SG,0
I008,30,2005,2,1,BOX,380621,201409,1,1,31,2006,380621,201409,2,1,BOX,same_SG,0
I008,31,2006,2,1,BOX,380621,201409,1,1,32,2007,380621,201409,2,1,BOX,same_SG,0
I008,32,2007,2,1,BOX,380621,201409,2,1,33,2008,380621,201409,2,1,BOX,same_SG,0
I008,33,2008,2,1,BOX,380621,201409,1,1,34,2009,380417,201488,999,2,BENCH,peripheral,218.76242821837573
I008,35,2010,2,1,BOX,380621,201409,2,1,36,2011,380621,201409,2,1,BOX,same_SG,0
I008,36,2011,2,1,BOX,380621,201409,2,1,37,2012,380621,201409,2,1,BOX,same_SG,0
I011,27,2002,1,1,WEST,380190,201400,2,1,28,2003,380190,201400,1,1,WEST,same_SG,0
I012,27,2002,4,1,THISTLEWOODBANK,381109,200408,2,1,28,2003,380841,200432,4,1,JUNCTION,same_SG,269.0724809414742
I013,27,2002,4,1,THISTLEWOODBANK,381109,200408,2,1,28,2003,381109,200408,4,1,THISTLEWOODBANK,same_SG,0
I014,27,2002,3,1,BEECH,380931,201164,2,1,28,2003,380834,201150,3,1,CHESNUT,same_SG,98.00510190801293
I014,28,2003,3,1,CHESNUT,380834,201150,2,1,29,2004,380931,201164,3,1,BEECH,same_SG,98.00510190801293
I016,27,2002,10,1,HUNTINGGATE,381247,201345,2,1,28,2003,381157,201365,9,1,BRACKEN,neighbour_SG,92.19544457292888
I016,28,2003,9,1,BRACKEN,381157,201365,1,1,29,2004,381109,200408,4,1,THISTLEWOODBANK,neighbour_SG,958.2030056308528
I017,27,2002,10,1,HUNTINGGATE,381247,201345,2,1,28,2003,381157,201365,9,1,BRACKEN,neighbour_SG,92.19544457292888
I018,27,2002,15,1,WYCHELM,382074,201085,2,1,28,2003,382355,200596,16,1,PEGLARS,neighbour_SG,563.9875885159177
I018,28,2003,16,1,PEGLARS,382355,200596,1,1,29,2004,382355,200596,16,1,PEGLARS,same_SG,0
I019,27,2002,15,1,BOG,382099,200773,1,1,28,2003,382099,200773,15,1,BOG,same_SG,0
I019,28,2003,15,1,BOG,382099,200773,1,1,29,2004,382355,200596,16,1,PEGLARS,neighbour_SG,311.231425148554
I019,31,2006,16,1,PEGLARS,382355,200596,2,1,32,2007,382355,200596,16,1,PEGLARS,same_SG,0
I019,32,2007,16,1,PEGLARS,382355,200596,1,1,33,2008,382464,200922,15,1,KENNEL,neighbour_SG,343.7397271192261
I020,27,2002,15,1,BOG,382099,200773,2,1,28,2003,382355,200596,16,1,PEGLARS,neighbour_SG,311.231425148554
I020,28,2003,16,1,PEGLARS,382355,200596,1,1,29,2004,382355,200596,16,1,PEGLARS,same_SG,0
I022,27,2002,15,1,WYCHELM,382074,201085,3,1,28,2003,382074,201085,15,1,WYCHELM,same_SG,0
I024,27,2002,21,1,COLLIERSWOOD,382931,200706,1,2,28,2003,382931,200706,21,1,COLLIERSWOOD,same_SG,0
I024,28,2003,21,1,COLLIERSWOOD,382931,200706,1,2,29,2004,382931,200706,21,1,COLLIERSWOOD,same_SG,0
I027,27,2002,15,1,BOG,382099,200773,2,1,28,2003,382355,200596,16,1,PEGLARS,neighbour_SG,311.231425148554
I027,28,2003,16,1,PEGLARS,382355,200596,1,1,29,2004,382355,200596,16,1,PEGLARS,same_SG,0
I034,27,2002,6,1,CEDAR,381022,201589,1,2,28,2003,380856,201662,6,1,RABBIT,same_SG,181.34221791960084
I035,27,2002,20,1,PARKMILL,383730,200924,2,1,28,2003,383730,200924,20,1,PARKMILL,same_SG,0
I035,28,2003,20,1,PARKMILL,383730,200924,2,1,29,2004,383730,200924,20,1,PARKMILL,same_SG,0
I035,29,2004,20,1,PARKMILL,383730,200924,1,1,30,2005,383730,200924,20,1,PARKMILL,same_SG,0
I035,30,2005,20,1,PARKMILL,383730,200924,3,1,31,2006,383730,200924,20,1,PARKMILL,same_SG,0
I035,31,2006,20,1,PARKMILL,383730,200924,1,1,32,2007,383730,200924,20,1,PARKMILL,same_SG,0
I035,34,2009,20,1,PARKMILL,383730,200924,2,1,35,2010,383730,200924,20,1,PARKMILL,same_SG,0
I037,27,2002,1,1,WEST,380190,201400,2,1,28,2003,380190,201400,1,1,WEST,same_SG,0
I039,27,2002,1,1,WEST,380190,201400,2,1,28,2003,380190,201400,1,1,WEST,same_SG,0
I043,27,2002,1,1,WEST,380190,201400,1,1,28,2003,380190,201400,1,1,WEST,same_SG,0
I045,27,2002,1,1,WEST,380190,201400,2,1,28,2003,380190,201400,1,1,WEST,same_SG,0
I045,30,2005,1,1,WEST,380190,201400,1,1,31,2006,380190,201400,1,1,WEST,same_SG,0
I047,27,2002,1,1,WEST,380190,201400,2,1,28,2003,380190,201400,1,1,WEST,same_SG,0
I050,27,2002,20,1,PARKMILL,383730,200924,1,1,28,2003,383730,200924,20,1,PARKMILL,same_SG,0
I052,27,2002,20,1,PARKMILL,383730,200924,1,1,28,2003,383730,200924,20,1,PARKMILL,same_SG,0
J002,23,1998,2,1,BOX,380621,201409,2,1,24,1999,379874,201435,1,1,BUCKHOLT,neighbour_SG,747.4523396177177
J003,23,1998,2,1,BOX,380621,201409,1,1,24,1999,380541,201242,2,1,LARCH,same_SG,185.17289218457435
J003,24,1999,2,1,LARCH,380541,201242,2,1,25,2000,380387,201401,2,1,JACOBS,same_SG,221.35265979879256
J003,25,2000,2,1,JACOBS,380387,201401,1,1,26,2001,380541,201242,2,1,LARCH,same_SG,221.35265979879256
J003,26,2001,2,1,LARCH,380541,201242,1,1,27,2002,380621,201409,2,1,BOX,same_SG,185.17289218457435
J003,27,2002,2,1,BOX,380621,201409,1,1,28,2003,380621,201409,2,1,BOX,same_SG,0
J008,23,1998,4,1,JUNCTION,380841,200432,3,1,24,1999,381109,200408,4,1,THISTLEWOODBANK,same_SG,269.0724809414742
J012,23,1998,5,1,JACKSMIREY,380678,200030,2,1,24,1999,380678,200030,5,1,JACKSMIREY,same_SG,0
J012,24,1999,5,1,JACKSMIREY,380678,200030,4,1,25,2000,380678,200030,5,1,JACKSMIREY,same_SG,0
J013,23,1998,5,1,JACKSMIREY,380678,200030,2,1,24,1999,380678,200030,5,1,JACKSMIREY,same_SG,0
J014,23,1998,1,1,WEST,380190,201400,1,1,24,1999,379874,201435,1,1,BUCKHOLT,same_SG,317.9323827482819
J015,23,1998,2,1,BOX,380621,201409,2,1,24,1999,380541,201242,2,1,LARCH,same_SG,185.17289218457435
J015,24,1999,2,1,LARCH,380541,201242,2,1,25,2000,380621,201409,2,1,BOX,same_SG,185.17289218457435
J015,25,2000,2,1,BOX,380621,201409,2,1,26,2001,380541,201242,2,1,LARCH,same_SG,185.17289218457435
J015,26,2001,2,1,LARCH,380541,201242,1,1,27,2002,380621,201409,2,1,BOX,same_SG,185.17289218457435
J015,27,2002,2,1,BOX,380621,201409,1,1,28,2003,380621,201409,2,1,BOX,same_SG,0
J015,28,2003,2,1,BOX,380621,201409,1,1,29,2004,380621,201409,2,1,BOX,same_SG,0
J015,29,2004,2,1,BOX,380621,201409,1,1,30,2005,380541,201242,2,1,LARCH,same_SG,185.17289218457435
J017,23,1998,2,1,BOX,380621,201409,2,1,24,1999,380621,201409,2,1,BOX,same_SG,0
J017,24,1999,2,1,BOX,380621,201409,2,1,25,2000,380541,201242,2,1,LARCH,same_SG,185.17289218457435
J017,25,2000,2,1,LARCH,380541,201242,1,1,26,2001,380541,201242,2,1,LARCH,same_SG,0
J017,26,2001,2,1,LARCH,380541,201242,1,1,27,2002,380621,201409,2,1,BOX,same_SG,185.17289218457435
J017,27,2002,2,1,BOX,380621,201409,1,1,28,2003,380621,201409,2,1,BOX,same_SG,0
J021,23,1998,4,1,ARTHURS,380534,200550,1,1,24,1999,380390,200637,4,1,MEAD,same_SG,168.24089871371942
J022,23,1998,4,1,ARTHURS,380534,200550,2,1,24,1999,380534,200550,4,1,ARTHURS,same_SG,0
J022,24,1999,4,1,ARTHURS,380534,200550,1,1,25,2000,380534,200550,4,1,ARTHURS,same_SG,0
J022,25,2000,4,1,ARTHURS,380534,200550,1,1,26,2001,380534,200550,4,1,ARTHURS,same_SG,0
J023,23,1998,4,1,JUNCTION,380841,200432,3,1,24,1999,380841,200432,4,1,JUNCTION,same_SG,0
J023,24,1999,4,1,JUNCTION,380841,200432,1,1,25,2000,381109,200408,4,1,THISTLEWOODBANK,same_SG,269.0724809414742
J023,25,2000,4,1,THISTLEWOODBANK,381109,200408,2,1,26,2001,381109,200408,4,1,THISTLEWOODBANK,same_SG,0
J024,23,1998,2,1,LARCH,380541,201242,2,1,24,1999,380541,201242,2,1,LARCH,same_SG,0
J026,23,1998,4,1,JUNCTION,380841,200432,1,1,24,1999,381109,200408,4,1,THISTLEWOODBANK,same_SG,269.0724809414742
J028,23,1998,12,1,TOP,381795,200962,3,1,24,1999,381795,200962,12,1,TOP,same_SG,0
J028,24,1999,12,1,TOP,381795,200962,2,1,25,2000,381716,201013,12,1,SAPLING,same_SG,94.03190947758107
J028,25,2000,12,1,SAPLING,381716,201013,1,1,26,2001,381795,200962,12,1,TOP,same_SG,94.03190947758107
J029,23,1998,12,1,TOP,381795,200962,3,1,24,1999,381795,200962,12,1,TOP,same_SG,0
J029,24,1999,12,1,TOP,381795,200962,3,1,25,2000,381795,200962,12,1,TOP,same_SG,0
J029,25,2000,12,1,TOP,381795,200962,2,1,26,2001,381795,200962,12,1,TOP,same_SG,0
J031,23,1998,3,1,CHESNUT,380834,201150,2,1,24,1999,380541,201242,2,1,LARCH,neighbour_SG,307.1042168385188
J033,23,1998,3,1,CHESNUT,380834,201150,2,1,24,1999,380541,201242,2,1,LARCH,neighbour_SG,307.1042168385188
J033,24,1999,2,1,LARCH,380541,201242,1,1,25,2000,380621,201409,2,1,BOX,same_SG,185.17289218457435
J034,23,1998,3,1,CHESNUT,380834,201150,3,1,24,1999,380834,201150,3,1,CHESNUT,same_SG,0
J034,24,1999,3,1,CHESNUT,380834,201150,3,1,25,2000,380931,201164,3,1,BEECH,same_SG,98.00510190801293
J034,25,2000,3,1,BEECH,380931,201164,1,1,26,2001,380901,201150,3,1,MANSION,same_SG,33.1058907144937
J034,26,2001,3,1,MANSION,380901,201150,1,1,27,2002,380931,201164,3,1,BEECH,same_SG,33.1058907144937
J035,23,1998,3,1,CHESNUT,380834,201150,2,1,24,1999,380931,201164,3,1,BEECH,same_SG,98.00510190801293
J035,24,1999,3,1,BEECH,380931,201164,1,1,25,2000,380834,201150,3,1,CHESNUT,same_SG,98.00510190801293
J035,25,2000,3,1,CHESNUT,380834,201150,1,1,26,2001,380931,201164,3,1,BEECH,same_SG,98.00510190801293
J035,26,2001,3,1,BEECH,380931,201164,1,1,27,2002,380901,201150,3,1,MANSION,same_SG,33.1058907144937
J035,27,2002,3,1,MANSION,380901,201150,1,1,28,2003,380834,201150,3,1,CHESNUT,same_SG,67
J036,23,1998,15,1,WYCHELM,382074,201085,2,1,24,1999,382074,201085,15,1,WYCHELM,same_SG,0
J039,23,1998,16,1,WOODRUSH,382713,200607,2,1,24,1999,382786,200771,16,1,FORK,same_SG,179.51323071016242
J039,24,1999,16,1,FORK,382786,200771,2,1,25,2000,382786,200771,16,1,FORK,same_SG,0
J039,25,2000,16,1,FORK,382786,200771,2,1,26,2001,382786,200771,16,1,FORK,same_SG,0
J040,23,1998,16,1,WOODRUSH,382713,200607,3,1,24,1999,382713,200607,16,1,WOODRUSH,same_SG,0
J040,24,1999,16,1,WOODRUSH,382713,200607,2,1,25,2000,382786,200771,16,1,FORK,same_SG,179.51323071016242
J040,25,2000,16,1,FORK,382786,200771,2,1,26,2001,382713,200607,16,1,WOODRUSH,same_SG,179.51323071016242
J041,23,1998,16,1,PEGLARS,382355,200596,1,1,24,1999,382355,200596,16,1,PEGLARS,same_SG,0
J041,24,1999,16,1,PEGLARS,382355,200596,3,1,25,2000,382355,200596,16,1,PEGLARS,same_SG,0
J042,23,1998,16,1,WOODRUSH,382713,200607,3,1,24,1999,382713,200607,16,1,WOODRUSH,same_SG,0
J042,24,1999,16,1,WOODRUSH,382713,200607,2,1,25,2000,382713,200607,16,1,WOODRUSH,same_SG,0
J042,25,2000,16,1,WOODRUSH,382713,200607,2,1,26,2001,382713,200607,16,1,WOODRUSH,same_SG,0
J049,23,1998,8,1,HONEYWELL,381931,201706,2,1,24,1999,382142,201424,14,1,OLDCOLEPARK,neighbour_SG,352.2002271435951
J050,23,1998,6,1,FOX,381016,201635,1,1,24,1999,381230,201693,7,1,BULLPEN,neighbour_SG,221.72054483064937
J050,24,1999,7,1,BULLPEN,381230,201693,1,1,25,2000,380931,201164,3,1,BEECH,nonneighbour_SG,607.6528614266537
J051,23,1998,14,1,COLEPARK,382049,201493,2,1,24,1999,382049,201493,14,1,COLEPARK,same_SG,0
J051,24,1999,14,1,COLEPARK,382049,201493,2,1,25,2000,381370,201620,7,1,BREAKHEART,nonneighbour_SG,690.7749271651368
J053,23,1998,6,1,RABBIT,380856,201662,2,1,24,1999,381016,201635,6,1,FOX,same_SG,162.2621335986927
J053,24,1999,6,1,FOX,381016,201635,1,1,25,2000,381230,201693,7,1,BULLPEN,neighbour_SG,221.72054483064937
J053,25,2000,7,1,BULLPEN,381230,201693,2,1,26,2001,381241,201774,7,1,BOXWOOD,same_SG,81.74350127074322
J053,26,2001,7,1,BOXWOOD,381241,201774,2,1,27,2002,381241,201774,7,1,BOXWOOD,same_SG,0
J054,23,1998,18,1,NETTLE,383024,201142,2,1,24,1999,383024,201142,18,1,NETTLE,same_SG,0
J054,29,2004,17,1,TOPOAK,382616,201525,1,1,30,2005,383024,201142,18,1,NETTLE,neighbour_SG,559.6007505355939
J055,23,1998,19,1,DAM,383126,200958,1,1,24,1999,382930,201326,18,1,HOLLOWTREE,neighbour_SG,416.94124286282835
J055,24,1999,18,1,HOLLOWTREE,382930,201326,1,1,25,2000,383024,201142,18,1,NETTLE,same_SG,206.6204249342257
J056,23,1998,18,1,NETTLE,383024,201142,1,1,24,1999,382930,201326,18,1,HOLLOWTREE,same_SG,206.6204249342257
J056,24,1999,18,1,HOLLOWTREE,382930,201326,1,1,25,2000,383126,200958,19,1,DAM,neighbour_SG,416.94124286282835
J056,25,2000,19,1,DAM,383126,200958,1,1,26,2001,383126,200958,19,1,DAM,same_SG,0
J056,26,2001,19,1,DAM,383126,200958,1,1,27,2002,383011,201367,18,1,LINSEED,neighbour_SG,424.8599769335775
J056,27,2002,18,1,LINSEED,383011,201367,1,1,28,2003,382930,201326,18,1,HOLLOWTREE,same_SG,90.78546139112804
J056,28,2003,18,1,HOLLOWTREE,382930,201326,1,1,29,2004,383024,201142,18,1,NETTLE,same_SG,206.6204249342257
J058,23,1998,20,1,PARKMILL,383730,200924,2,1,24,1999,383730,200924,20,1,PARKMILL,same_SG,0
J058,24,1999,20,1,PARKMILL,383730,200924,2,1,25,2000,383730,200924,20,1,PARKMILL,same_SG,0
J058,25,2000,20,1,PARKMILL,383730,200924,2,1,26,2001,383730,200924,20,1,PARKMILL,same_SG,0
J058,26,2001,20,1,PARKMILL,383730,200924,1,1,27,2002,383730,200924,20,1,PARKMILL,same_SG,0
J058,27,2002,20,1,PARKMILL,383730,200924,1,1,28,2003,383730,200924,20,1,PARKMILL,same_SG,0
J058,28,2003,20,1,PARKMILL,383730,200924,1,1,29,2004,383730,200924,20,1,PARKMILL,same_SG,0
J058,29,2004,20,1,PARKMILL,383730,200924,1,1,30,2005,383412,200931,20,1,SCOTLANDBANK,same_SG,318.0770346944274
J060,23,1998,20,1,PARKMILL,383730,200924,2,1,24,1999,383730,200924,20,1,PARKMILL,same_SG,0
J060,28,2003,20,1,PARKMILL,383730,200924,1,1,29,2004,383730,200924,20,1,PARKMILL,same_SG,0
J062,23,1998,6,1,RABBIT,380856,201662,2,1,24,1999,381022,201589,6,1,CEDAR,same_SG,181.34221791960084
J062,24,1999,6,1,CEDAR,381022,201589,1,1,25,2000,381022,201589,6,1,CEDAR,same_SG,0
J062,25,2000,6,1,CEDAR,381022,201589,1,1,26,2001,380856,201662,6,1,RABBIT,same_SG,181.34221791960084
J063,23,1998,6,1,RABBIT,380856,201662,3,1,24,1999,381022,201589,6,1,CEDAR,same_SG,181.34221791960084
J063,24,1999,6,1,CEDAR,381022,201589,2,1,25,2000,380621,201409,2,1,BOX,neighbour_SG,439.5463570546342
J063,25,2000,2,1,BOX,380621,201409,1,1,26,2001,381022,201589,6,1,CEDAR,neighbour_SG,439.5463570546342
J063,26,2001,6,1,CEDAR,381022,201589,1,1,27,2002,381241,201774,7,1,BOXWOOD,neighbour_SG,286.6810073932349
J063,27,2002,7,1,BOXWOOD,381241,201774,1,1,28,2003,381241,201774,7,1,BOXWOOD,same_SG,0
J064,23,1998,6,1,FOX,381016,201635,1,1,24,1999,381103,201676,6,1,SYCAMORE,same_SG,96.17692030835673
J065,23,1998,22,1,WOODFARM,383337,200429,3,1,24,1999,383337,200429,22,1,WOODFARM,same_SG,0
J066,23,1998,22,1,WOODFARM,383337,200429,3,1,24,1999,383337,200429,22,1,WOODFARM,same_SG,0
J066,24,1999,22,1,WOODFARM,383337,200429,3,1,25,2000,383337,200429,22,1,WOODFARM,same_SG,0
J068,23,1998,18,1,QUARRY,383188,201092,1,1,24,1999,382930,201326,18,1,HOLLOWTREE,same_SG,348.3102065687998
J068,24,1999,18,1,HOLLOWTREE,382930,201326,1,1,25,2000,383126,200958,19,1,DAM,neighbour_SG,416.94124286282835
J068,25,2000,19,1,DAM,383126,200958,2,1,26,2001,383024,201142,18,1,NETTLE,neighbour_SG,210.38060747131613
J068,26,2001,18,1,NETTLE,383024,201142,2,1,27,2002,383024,201142,18,1,NETTLE,same_SG,0
J069,23,1998,17,1,OLDOAK,382624,201274,1,1,24,1999,382624,201274,17,1,OLDOAK,same_SG,0
J069,24,1999,17,1,OLDOAK,382624,201274,1,1,25,2000,382616,201525,17,1,TOPOAK,same_SG,251.127457678367
J069,25,2000,17,1,TOPOAK,382616,201525,1,1,26,2001,382624,201274,17,1,OLDOAK,same_SG,251.127457678367
J069,26,2001,17,1,OLDOAK,382624,201274,2,1,27,2002,382680,201174,17,1,XMASTREE,same_SG,114.61239025515522
J070,23,1998,6,1,FOX,381016,201635,1,1,24,1999,381022,201589,6,1,CEDAR,same_SG,46.389654018972806
J070,24,1999,6,1,CEDAR,381022,201589,2,1,25,2000,380856,201662,6,1,RABBIT,same_SG,181.34221791960084
J070,25,2000,6,1,RABBIT,380856,201662,1,1,26,2001,381241,201774,7,1,BOXWOOD,neighbour_SG,400.96009776535124
J070,26,2001,7,1,BOXWOOD,381241,201774,2,1,27,2002,381931,201706,8,1,HONEYWELL,neighbour_SG,693.3426281428252
J071,23,1998,22,1,WOODFARM,383337,200429,2,1,24,1999,383337,200429,22,1,WOODFARM,same_SG,0
J071,24,1999,22,1,WOODFARM,383337,200429,3,1,25,2000,383337,200429,22,1,WOODFARM,same_SG,0
J071,25,2000,22,1,WOODFARM,383337,200429,1,1,26,2001,383666,200473,999,2,HOPPER,peripheral,331.9292093203007
J072,23,1998,8,1,HONEYWELL,381931,201706,1,1,24,1999,381931,201706,8,1,HONEYWELL,same_SG,0
J074,23,1998,2,1,BOX,380621,201409,1,1,24,1999,380541,201242,2,1,LARCH,same_SG,185.17289218457435
J075,23,1998,1,1,WEST,380190,201400,1,1,24,1999,380190,201400,1,1,WEST,same_SG,0
J076,23,1998,4,1,MEAD,380390,200637,1,1,24,1999,380534,200550,4,1,ARTHURS,same_SG,168.24089871371942
J077,23,1998,4,1,JUNCTION,380841,200432,2,1,24,1999,380841,200432,4,1,JUNCTION,same_SG,0
J078,23,1998,2,1,BOX,380621,201409,1,1,24,1999,380621,201409,2,1,BOX,same_SG,0
J080,23,1998,2,1,LARCH,380541,201242,2,1,24,1999,380190,201400,1,1,WEST,neighbour_SG,384.92207003496173
J080,24,1999,1,1,WEST,380190,201400,2,1,25,2000,380190,201400,1,1,WEST,same_SG,0
J080,25,2000,1,1,WEST,380190,201400,1,1,26,2001,380417,201488,999,2,BENCH,peripheral,243.46046907044274
J082,23,1998,16,1,WOODRUSH,382713,200607,1,1,24,1999,382786,200771,16,1,FORK,same_SG,179.51323071016242
J083,23,1998,21,1,COLLIERSWOOD,382931,200706,2,1,24,1999,382931,200706,21,1,COLLIERSWOOD,same_SG,0
J083,24,1999,21,1,COLLIERSWOOD,382931,200706,3,1,25,2000,382931,200706,21,1,COLLIERSWOOD,same_SG,0
J083,25,2000,21,1,COLLIERSWOOD,382931,200706,2,1,26,2001,382931,200706,21,1,COLLIERSWOOD,same_SG,0
J083,28,2003,21,1,COLLIERSWOOD,382931,200706,2,1,29,2004,382931,200706,21,1,COLLIERSWOOD,same_SG,0
J084,23,1998,16,1,PEGLARS,382355,200596,1,1,24,1999,382355,200596,16,1,PEGLARS,same_SG,0
J085,23,1998,15,1,PONTINS,382122,200921,1,1,24,1999,382099,200773,15,1,BOG,same_SG,149.77650015940418
J085,24,1999,15,1,BOG,382099,200773,1,1,25,2000,382099,200773,15,1,BOG,same_SG,0
J085,25,2000,15,1,BOG,382099,200773,1,1,26,2001,382099,200773,15,1,BOG,same_SG,0
J087,23,1998,3,1,BEECH,380931,201164,1,1,24,1999,380931,201164,3,1,BEECH,same_SG,0
J087,24,1999,3,1,BEECH,380931,201164,1,1,25,2000,380635,201191,2,1,NEWFENCE,neighbour_SG,297.22886804615734
J087,27,2002,3,1,BEECH,380931,201164,1,1,28,2003,380834,201150,3,1,CHESNUT,same_SG,98.00510190801293
J087,28,2003,3,1,CHESNUT,380834,201150,1,1,29,2004,380834,201150,3,1,CHESNUT,same_SG,0
J087,29,2004,3,1,CHESNUT,380834,201150,1,1,30,2005,380834,201150,3,1,CHESNUT,same_SG,0
J088,23,1998,3,1,BEECH,380931,201164,1,1,24,1999,380931,201164,3,1,BEECH,same_SG,0
J088,24,1999,3,1,BEECH,380931,201164,3,1,25,2000,380931,201164,3,1,BEECH,same_SG,0
J090,23,1998,20,1,PARKMILL,383730,200924,2,1,24,1999,383730,200924,20,1,PARKMILL,same_SG,0
J090,24,1999,20,1,PARKMILL,383730,200924,3,1,25,2000,383730,200924,20,1,PARKMILL,same_SG,0
J090,25,2000,20,1,PARKMILL,383730,200924,3,1,26,2001,383412,200931,20,1,SCOTLANDBANK,same_SG,318.0770346944274
J092,23,1998,20,1,PARKMILL,383730,200924,1,1,24,1999,383730,200924,20,1,PARKMILL,same_SG,0
J093,23,1998,4,1,ARTHURS,380534,200550,1,1,24,1999,380475,200580,4,1,TIP,same_SG,66.18912297349165
J093,29,2004,1,1,WEST,380190,201400,1,1,30,2005,380190,201400,1,1,WEST,same_SG,0
J094,23,1998,4,1,ARTHURS,380534,200550,1,1,24,1999,380390,200637,4,1,MEAD,same_SG,168.24089871371942
J094,24,1999,4,1,MEAD,380390,200637,1,1,25,2000,380834,201150,3,1,CHESNUT,nonneighbour_SG,678.4578100368511
J095,23,1998,4,1,ARTHURS,380534,200550,1,1,24,1999,380534,200550,4,1,ARTHURS,same_SG,0
J099,23,1998,21,1,COLLIERSWOOD,382931,200706,1,1,24,1999,382931,200706,21,1,COLLIERSWOOD,same_SG,0
J099,24,1999,21,1,COLLIERSWOOD,382931,200706,2,1,25,2000,382931,200706,21,1,COLLIERSWOOD,same_SG,0
J099,25,2000,21,1,COLLIERSWOOD,382931,200706,2,1,26,2001,382931,200706,21,1,COLLIERSWOOD,same_SG,0
K002,12,1987,4,1,THISTLEWOODBANK,381109,200408,2,1,13,1988,380841,200432,4,1,JUNCTION,same_SG,269.0724809414742
K002,13,1988,4,1,JUNCTION,380841,200432,2,1,14,1989,380841,200432,4,1,JUNCTION,same_SG,0
K002,14,1989,4,1,JUNCTION,380841,200432,1,1,15,1990,380841,200432,4,1,JUNCTION,same_SG,0
K002,15,1990,4,1,JUNCTION,380841,200432,1,1,16,1991,381109,200408,4,1,THISTLEWOODBANK,same_SG,269.0724809414742
K002,16,1991,4,1,THISTLEWOODBANK,381109,200408,1,1,17,1992,380841,200432,4,1,JUNCTION,same_SG,269.0724809414742
K002,17,1992,4,1,JUNCTION,380841,200432,1,1,18,1993,381109,200408,4,1,THISTLEWOODBANK,same_SG,269.0724809414742
K002,18,1993,4,1,THISTLEWOODBANK,381109,200408,1,1,19,1994,381109,200408,4,1,THISTLEWOODBANK,same_SG,0
K002,19,1994,4,1,THISTLEWOODBANK,381109,200408,3,1,20,1995,381109,200408,4,1,THISTLEWOODBANK,same_SG,0
K002,20,1995,4,1,THISTLEWOODBANK,381109,200408,2,1,21,1996,381109,200408,4,1,THISTLEWOODBANK,same_SG,0
K002,21,1996,4,1,THISTLEWOODBANK,381109,200408,2,1,22,1997,381109,200408,4,1,THISTLEWOODBANK,same_SG,0
K002,22,1997,4,1,THISTLEWOODBANK,381109,200408,1,1,23,1998,381109,200408,4,1,THISTLEWOODBANK,same_SG,0
K004,12,1987,11,1,YEW,381619,201268,3,1,13,1988,381619,201268,11,1,YEW,same_SG,0
K004,13,1988,11,1,YEW,381619,201268,2,1,14,1989,381109,200408,4,1,THISTLEWOODBANK,neighbour_SG,999.8499887483122
K004,14,1989,4,1,THISTLEWOODBANK,381109,200408,1,1,15,1990,381737,201220,11,1,TAXUS,neighbour_SG,1026.5125425439282
K004,15,1990,11,1,TAXUS,381737,201220,1,1,16,1991,381737,201220,11,1,TAXUS,same_SG,0
K004,16,1991,11,1,TAXUS,381737,201220,2,1,17,1992,381619,201268,11,1,YEW,same_SG,127.38916751435343
K004,17,1992,11,1,YEW,381619,201268,1,1,18,1993,381619,201268,11,1,YEW,same_SG,0
K004,18,1993,11,1,YEW,381619,201268,1,1,19,1994,381619,201268,11,1,YEW,same_SG,0
K005,12,1987,11,1,YEW,381619,201268,2,1,13,1988,381619,201268,11,1,YEW,same_SG,0
K005,13,1988,11,1,YEW,381619,201268,3,1,14,1989,381737,201220,11,1,TAXUS,same_SG,127.38916751435343
K005,14,1989,11,1,TAXUS,381737,201220,2,1,15,1990,381737,201220,11,1,TAXUS,same_SG,0
K005,15,1990,11,1,TAXUS,381737,201220,2,1,16,1991,381737,201220,11,1,TAXUS,same_SG,0
K005,16,1991,11,1,TAXUS,381737,201220,2,1,17,1992,381737,201220,11,1,TAXUS,same_SG,0
K005,17,1992,11,1,TAXUS,381737,201220,1,1,18,1993,381737,201220,11,1,TAXUS,same_SG,0
K005,18,1993,11,1,TAXUS,381737,201220,1,1,19,1994,381841,201313,13,1,CHERRIES,neighbour_SG,139.51702405083043
K005,19,1994,13,1,CHERRIES,381841,201313,2,1,20,1995,381737,201220,11,1,TAXUS,neighbour_SG,139.51702405083043
K006,12,1987,1,1,WEST,380190,201400,1,1,13,1988,380190,201400,1,1,WEST,same_SG,0
K007,12,1987,16,1,PEGLARS,382355,200596,2,1,13,1988,382355,200596,16,1,PEGLARS,same_SG,0
K007,13,1988,16,1,PEGLARS,382355,200596,3,1,14,1989,382355,200596,16,1,PEGLARS,same_SG,0
K007,14,1989,16,1,PEGLARS,382355,200596,1,1,15,1990,382355,200596,16,1,PEGLARS,same_SG,0
K007,15,1990,16,1,PEGLARS,382355,200596,2,1,16,1991,382355,200596,16,1,PEGLARS,same_SG,0
K007,16,1991,16,1,PEGLARS,382355,200596,1,1,17,1992,382355,200596,16,1,PEGLARS,same_SG,0
K007,17,1992,16,1,PEGLARS,382355,200596,3,1,18,1993,382355,200596,16,1,PEGLARS,same_SG,0
K007,18,1993,16,1,PEGLARS,382355,200596,3,1,19,1994,382355,200596,16,1,PEGLARS,same_SG,0
K007,19,1994,16,1,PEGLARS,382355,200596,2,1,20,1995,382355,200596,16,1,PEGLARS,same_SG,0
K009,12,1987,11,1,YEW,381619,201268,3,1,13,1988,381619,201268,11,1,YEW,same_SG,0
K012,12,1987,9,1,LAURELS,381180,201357,2,1,13,1988,381180,201357,9,1,LAURELS,same_SG,0
K012,13,1988,9,1,LAURELS,381180,201357,3,1,14,1989,381180,201357,9,1,LAURELS,same_SG,0
K015,12,1987,1,1,WEST,380190,201400,3,1,13,1988,380190,201400,1,1,WEST,same_SG,0
K016,12,1987,1,1,WEST,380190,201400,3,1,13,1988,380190,201400,1,1,WEST,same_SG,0
K017,12,1987,11,1,TAXUS,381737,201220,1,1,13,1988,381619,201268,11,1,YEW,same_SG,127.38916751435343
K017,13,1988,11,1,YEW,381619,201268,3,1,14,1989,381619,201268,11,1,YEW,same_SG,0
K017,14,1989,11,1,YEW,381619,201268,3,1,15,1990,381737,201220,11,1,TAXUS,same_SG,127.38916751435343
K017,15,1990,11,1,TAXUS,381737,201220,1,1,16,1991,381619,201268,11,1,YEW,same_SG,127.38916751435343
K017,16,1991,11,1,YEW,381619,201268,1,1,17,1992,381737,201220,11,1,TAXUS,same_SG,127.38916751435343
K017,17,1992,11,1,TAXUS,381737,201220,1,1,18,1993,381737,201220,11,1,TAXUS,same_SG,0
K017,18,1993,11,1,TAXUS,381737,201220,3,1,19,1994,381619,201268,11,1,YEW,same_SG,127.38916751435343
K019,12,1987,2,1,BOX,380621,201409,1,1,13,1988,380621,201409,2,1,BOX,same_SG,0
K019,13,1988,2,1,BOX,380621,201409,1,1,14,1989,380541,201242,2,1,LARCH,same_SG,185.17289218457435
K020,12,1987,2,1,LARCH,380541,201242,3,1,13,1988,380541,201242,2,1,LARCH,same_SG,0
K020,13,1988,2,1,LARCH,380541,201242,3,1,14,1989,380541,201242,2,1,LARCH,same_SG,0
K021,12,1987,1,1,WEST,380190,201400,1,1,13,1988,380190,201400,1,1,WEST,same_SG,0
K023,12,1987,11,1,TAXUS,381737,201220,1,1,13,1988,381619,201268,11,1,YEW,same_SG,127.38916751435343
K030,12,1987,14,1,COLEPARK,382049,201493,1,1,13,1988,382049,201493,14,1,COLEPARK,same_SG,0
K032,12,1987,20,1,PARKMILL,383730,200924,2,1,13,1988,383730,200924,20,1,PARKMILL,same_SG,0
K032,13,1988,20,1,PARKMILL,383730,200924,2,1,14,1989,383730,200924,20,1,PARKMILL,same_SG,0
K032,14,1989,20,1,PARKMILL,383730,200924,2,1,15,1990,383730,200924,20,1,PARKMILL,same_SG,0
K032,15,1990,20,1,PARKMILL,383730,200924,1,1,16,1991,383730,200924,20,1,PARKMILL,same_SG,0
K032,18,1993,20,1,PARKMILL,383730,200924,1,1,19,1994,383730,200924,20,1,PARKMILL,same_SG,0
K032,19,1994,20,1,PARKMILL,383730,200924,1,1,20,1995,383730,200924,20,1,PARKMILL,same_SG,0
K032,20,1995,20,1,PARKMILL,383730,200924,1,1,21,1996,383730,200924,20,1,PARKMILL,same_SG,0
K032,21,1996,20,1,PARKMILL,383730,200924,1,1,22,1997,383730,200924,20,1,PARKMILL,same_SG,0
K032,22,1997,20,1,PARKMILL,383730,200924,1,1,23,1998,383730,200924,20,1,PARKMILL,same_SG,0
K033,12,1987,20,1,PARKMILL,383730,200924,2,1,13,1988,383730,200924,20,1,PARKMILL,same_SG,0
K033,13,1988,20,1,PARKMILL,383730,200924,1,1,14,1989,383730,200924,20,1,PARKMILL,same_SG,0
K033,14,1989,20,1,PARKMILL,383730,200924,2,1,15,1990,383730,200924,20,1,PARKMILL,same_SG,0
K033,15,1990,20,1,PARKMILL,383730,200924,1,1,16,1991,383730,200924,20,1,PARKMILL,same_SG,0
K033,19,1994,20,1,PARKMILL,383730,200924,1,1,20,1995,383730,200924,20,1,PARKMILL,same_SG,0
K033,20,1995,20,1,PARKMILL,383730,200924,1,1,21,1996,383730,200924,20,1,PARKMILL,same_SG,0
K033,21,1996,20,1,PARKMILL,383730,200924,1,1,22,1997,383730,200924,20,1,PARKMILL,same_SG,0
K033,22,1997,20,1,PARKMILL,383730,200924,1,1,23,1998,383730,200924,20,1,PARKMILL,same_SG,0
K037,12,1987,20,1,PARKMILL,383730,200924,2,1,13,1988,383730,200924,20,1,PARKMILL,same_SG,0
K037,13,1988,20,1,PARKMILL,383730,200924,4,1,14,1989,383730,200924,20,1,PARKMILL,same_SG,0
K037,14,1989,20,1,PARKMILL,383730,200924,2,1,15,1990,383730,200924,20,1,PARKMILL,same_SG,0
K037,17,1992,20,1,PARKMILL,383730,200924,1,1,18,1993,383730,200924,20,1,PARKMILL,same_SG,0
K038,12,1987,18,1,NETTLE,383024,201142,2,1,13,1988,383024,201142,18,1,NETTLE,same_SG,0
K038,13,1988,18,1,NETTLE,383024,201142,4,1,14,1989,382624,201274,17,1,OLDOAK,neighbour_SG,421.2172835960082
K038,14,1989,17,1,OLDOAK,382624,201274,1,1,15,1990,382624,201274,17,1,OLDOAK,same_SG,0
K038,15,1990,17,1,OLDOAK,382624,201274,2,1,16,1991,382542,201397,17,1,WOODMANS,same_SG,147.82760229402356
K038,16,1991,17,1,WOODMANS,382542,201397,1,1,17,1992,382542,201397,17,1,WOODMANS,same_SG,0
K050,14,1989,17,1,OLDOAK,382624,201274,1,1,15,1990,383024,201142,18,1,NETTLE,neighbour_SG,421.2172835960082
K062,12,1987,12,1,TOP,381795,200962,2,1,13,1988,381795,200962,12,1,TOP,same_SG,0
K062,13,1988,12,1,TOP,381795,200962,3,1,14,1989,381795,200962,12,1,TOP,same_SG,0
K062,14,1989,12,1,TOP,381795,200962,1,1,15,1990,381795,200962,12,1,TOP,same_SG,0
K062,15,1990,12,1,TOP,381795,200962,2,1,16,1991,381795,200962,12,1,TOP,same_SG,0
K062,16,1991,12,1,TOP,381795,200962,1,1,17,1992,381795,200962,12,1,TOP,same_SG,0
K062,17,1992,12,1,TOP,381795,200962,2,1,18,1993,381795,200962,12,1,TOP,same_SG,0
K062,18,1993,12,1,TOP,381795,200962,2,1,19,1994,381795,200962,12,1,TOP,same_SG,0
K064,12,1987,12,1,TOP,381795,200962,2,1,13,1988,381795,200962,12,1,TOP,same_SG,0
K064,13,1988,12,1,TOP,381795,200962,4,1,14,1989,381795,200962,12,1,TOP,same_SG,0
K064,14,1989,12,1,TOP,381795,200962,3,1,15,1990,381795,200962,12,1,TOP,same_SG,0
K064,15,1990,12,1,TOP,381795,200962,1,1,16,1991,381795,200962,12,1,TOP,same_SG,0
K064,16,1991,12,1,TOP,381795,200962,1,1,17,1992,381795,200962,12,1,TOP,same_SG,0
K064,17,1992,12,1,TOP,381795,200962,2,1,18,1993,381795,200962,12,1,TOP,same_SG,0
K064,21,1996,12,1,TOP,381795,200962,1,1,22,1997,381795,200962,12,1,TOP,same_SG,0
K064,22,1997,12,1,TOP,381795,200962,1,1,23,1998,381619,201268,11,1,YEW,neighbour_SG,353.0042492662093
K064,23,1998,11,1,YEW,381619,201268,1,1,24,1999,381795,200962,12,1,TOP,neighbour_SG,353.0042492662093
K064,24,1999,12,1,TOP,381795,200962,1,1,25,2000,381795,200962,12,1,TOP,same_SG,0
K064,25,2000,12,1,TOP,381795,200962,2,1,26,2001,381795,200962,12,1,TOP,same_SG,0
K065,12,1987,5,1,JACKSMIREY,380678,200030,2,1,13,1988,380678,200030,5,1,JACKSMIREY,same_SG,0
K065,13,1988,5,1,JACKSMIREY,380678,200030,2,1,14,1989,380678,200030,5,1,JACKSMIREY,same_SG,0
K065,14,1989,5,1,JACKSMIREY,380678,200030,1,1,15,1990,380678,200030,5,1,JACKSMIREY,same_SG,0
K068,12,1987,11,1,YEW,381619,201268,2,1,13,1988,381619,201268,11,1,YEW,same_SG,0
K069,12,1987,1,1,WEST,380190,201400,2,1,13,1988,380190,201400,1,1,WEST,same_SG,0
K069,13,1988,1,1,WEST,380190,201400,1,1,14,1989,380190,201400,1,1,WEST,same_SG,0
K070,12,1987,4,1,ARTHURS,380534,200550,1,1,13,1988,380534,200550,4,1,ARTHURS,same_SG,0
K071,12,1987,16,1,PEGLARS,382355,200596,2,1,13,1988,382931,200706,21,1,COLLIERSWOOD,neighbour_SG,586.4094132941592
K071,13,1988,21,1,COLLIERSWOOD,382931,200706,2,1,14,1989,382931,200706,21,1,COLLIERSWOOD,same_SG,0
K071,14,1989,21,1,COLLIERSWOOD,382931,200706,3,1,15,1990,382931,200706,21,1,COLLIERSWOOD,same_SG,0
K071,15,1990,21,1,COLLIERSWOOD,382931,200706,3,1,16,1991,382931,200706,21,1,COLLIERSWOOD,same_SG,0
K071,16,1991,21,1,COLLIERSWOOD,382931,200706,2,1,17,1992,382931,200706,21,1,COLLIERSWOOD,same_SG,0
K071,17,1992,21,1,COLLIERSWOOD,382931,200706,3,1,18,1993,382931,200706,21,1,COLLIERSWOOD,same_SG,0
K071,18,1993,21,1,COLLIERSWOOD,382931,200706,2,1,19,1994,382931,200706,21,1,COLLIERSWOOD,same_SG,0
K071,19,1994,21,1,COLLIERSWOOD,382931,200706,2,1,20,1995,382931,200706,21,1,COLLIERSWOOD,same_SG,0
K072,12,1987,16,1,PEGLARS,382355,200596,2,1,13,1988,382355,200596,16,1,PEGLARS,same_SG,0
K072,13,1988,16,1,PEGLARS,382355,200596,3,1,14,1989,382355,200596,16,1,PEGLARS,same_SG,0
K072,14,1989,16,1,PEGLARS,382355,200596,2,1,15,1990,382355,200596,16,1,PEGLARS,same_SG,0
K072,15,1990,16,1,PEGLARS,382355,200596,4,1,16,1991,382355,200596,16,1,PEGLARS,same_SG,0
K073,12,1987,11,1,YEW,381619,201268,2,1,13,1988,381619,201268,11,1,YEW,same_SG,0
K073,13,1988,11,1,YEW,381619,201268,2,1,14,1989,381619,201268,11,1,YEW,same_SG,0
K073,14,1989,11,1,YEW,381619,201268,2,1,15,1990,381737,201220,11,1,TAXUS,same_SG,127.38916751435343
K073,15,1990,11,1,TAXUS,381737,201220,1,1,16,1991,381737,201220,11,1,TAXUS,same_SG,0
K073,18,1993,11,1,YEW,381619,201268,1,1,19,1994,381737,201220,11,1,TAXUS,same_SG,127.38916751435343
K073,19,1994,11,1,TAXUS,381737,201220,2,1,20,1995,381737,201220,11,1,TAXUS,same_SG,0
K073,20,1995,11,1,TAXUS,381737,201220,1,1,21,1996,381737,201220,11,1,TAXUS,same_SG,0
K073,21,1996,11,1,TAXUS,381737,201220,1,1,22,1997,381737,201220,11,1,TAXUS,same_SG,0
K074,12,1987,1,1,WEST,380190,201400,1,1,13,1988,380190,201400,1,1,WEST,same_SG,0
K074,13,1988,1,1,WEST,380190,201400,1,1,14,1989,381619,201268,11,1,YEW,nonneighbour_SG,1435.0836212569636
K074,14,1989,11,1,YEW,381619,201268,1,1,15,1990,380190,201400,1,1,WEST,nonneighbour_SG,1435.0836212569636
K075,12,1987,11,1,TAXUS,381737,201220,1,1,13,1988,381619,201268,11,1,YEW,same_SG,127.38916751435343
K075,13,1988,11,1,YEW,381619,201268,4,1,14,1989,381737,201220,11,1,TAXUS,same_SG,127.38916751435343
K075,14,1989,11,1,TAXUS,381737,201220,2,1,15,1990,381619,201268,11,1,YEW,same_SG,127.38916751435343
K075,15,1990,11,1,YEW,381619,201268,2,1,16,1991,381737,201220,11,1,TAXUS,same_SG,127.38916751435343
K075,16,1991,11,1,TAXUS,381737,201220,1,1,17,1992,381619,201268,11,1,YEW,same_SG,127.38916751435343
K076,12,1987,5,1,JACKSMIREY,380678,200030,2,1,13,1988,380678,200030,5,1,JACKSMIREY,same_SG,0
K077,12,1987,5,1,JACKSMIREY,380678,200030,2,1,13,1988,380678,200030,5,1,JACKSMIREY,same_SG,0
K077,13,1988,5,1,JACKSMIREY,380678,200030,2,1,14,1989,380678,200030,5,1,JACKSMIREY,same_SG,0
K077,14,1989,5,1,JACKSMIREY,380678,200030,1,1,15,1990,380678,200030,5,1,JACKSMIREY,same_SG,0
K077,15,1990,5,1,JACKSMIREY,380678,200030,1,1,16,1991,380678,200030,5,1,JACKSMIREY,same_SG,0
K077,16,1991,5,1,JACKSMIREY,380678,200030,1,1,17,1992,380678,200030,5,1,JACKSMIREY,same_SG,0
K078,12,1987,5,1,JACKSMIREY,380678,200030,2,1,13,1988,380678,200030,5,1,JACKSMIREY,same_SG,0
K078,13,1988,5,1,JACKSMIREY,380678,200030,1,1,14,1989,380678,200030,5,1,JACKSMIREY,same_SG,0
K078,14,1989,5,1,JACKSMIREY,380678,200030,2,1,15,1990,380737,200025,999,2,SINGLE,peripheral,59.21148537234985
K078,16,1991,5,1,JACKSMIREY,380678,200030,1,1,17,1992,380678,200030,5,1,JACKSMIREY,same_SG,0
K085,12,1987,21,1,COLLIERSWOOD,382931,200706,1,1,13,1988,382786,200771,16,1,FORK,neighbour_SG,158.90248582070703
K085,13,1988,16,1,FORK,382786,200771,2,1,14,1989,382786,200771,16,1,FORK,same_SG,0
K085,14,1989,16,1,FORK,382786,200771,1,1,15,1990,382786,200771,16,1,FORK,same_SG,0
K085,15,1990,16,1,FORK,382786,200771,1,1,16,1991,382931,200706,21,1,COLLIERSWOOD,neighbour_SG,158.90248582070703
K085,16,1991,21,1,COLLIERSWOOD,382931,200706,1,1,17,1992,382931,200706,21,1,COLLIERSWOOD,same_SG,0
K085,17,1992,21,1,COLLIERSWOOD,382931,200706,1,1,18,1993,382931,200706,21,1,COLLIERSWOOD,same_SG,0
K086,12,1987,9,1,LAURELS,381180,201357,1,1,13,1988,381503,201484,13,1,OLDPONDDRAIN,nonneighbour_SG,347.0705980056507
K087,12,1987,9,1,LAURELS,381180,201357,1,1,13,1988,381180,201357,9,1,LAURELS,same_SG,0
K087,13,1988,9,1,LAURELS,381180,201357,3,1,14,1989,381180,201357,9,1,LAURELS,same_SG,0
K087,14,1989,9,1,LAURELS,381180,201357,2,1,15,1990,381357,201285,10,1,SEPTICTANK,neighbour_SG,191.08375127153016
K087,15,1990,10,1,SEPTICTANK,381357,201285,1,1,16,1991,381841,201313,13,1,CHERRIES,neighbour_SG,484.809240836022
K088,12,1987,11,1,YEW,381619,201268,1,1,13,1988,381619,201268,11,1,YEW,same_SG,0
K088,13,1988,11,1,YEW,381619,201268,3,1,14,1989,381737,201220,11,1,TAXUS,same_SG,127.38916751435343
K088,14,1989,11,1,TAXUS,381737,201220,1,1,15,1990,380625,200466,4,1,BRAMBLE,neighbour_SG,1343.525213756705
K089,12,1987,18,1,NETTLE,383024,201142,1,2,13,1988,383024,201142,18,1,NETTLE,same_SG,0
K092,12,1987,22,1,WOODFARM,383337,200429,1,2,13,1988,383635,200531,999,2,WINDSOREDGE,peripheral,314.97301471713416
K092,19,1994,22,1,WOODFARM,383337,200429,1,2,20,1995,383337,200429,22,1,WOODFARM,same_SG,0
L005,11,1986,5,1,JACKSMIREY,380678,200030,1,2,12,1987,380678,200030,5,1,JACKSMIREY,same_SG,0
L006,11,1986,17,1,OLDOAK,382624,201274,1,2,12,1987,382624,201274,17,1,OLDOAK,same_SG,0
L008,11,1986,21,1,COLLIERSWOOD,382931,200706,1,1,12,1987,382931,200706,21,1,COLLIERSWOOD,same_SG,0
L010,11,1986,2,1,LARCH,380541,201242,3,1,12,1987,380541,201242,2,1,LARCH,same_SG,0
L010,12,1987,2,1,LARCH,380541,201242,2,1,13,1988,380541,201242,2,1,LARCH,same_SG,0
L011,11,1986,2,1,LARCH,380541,201242,2,1,12,1987,380541,201242,2,1,LARCH,same_SG,0
L011,12,1987,2,1,LARCH,380541,201242,2,1,13,1988,380621,201409,2,1,BOX,same_SG,185.17289218457435
L011,15,1990,2,1,BOX,380621,201409,1,1,16,1991,380621,201409,2,1,BOX,same_SG,0
L012,11,1986,4,1,ARTHURS,380534,200550,3,1,12,1987,380931,201164,3,1,BEECH,nonneighbour_SG,731.1668756173244
L012,12,1987,3,1,BEECH,380931,201164,2,1,13,1988,380931,201164,3,1,BEECH,same_SG,0
L013,11,1986,5,1,JACKSMIREY,380678,200030,2,1,12,1987,380678,200030,5,1,JACKSMIREY,same_SG,0
L017,11,1986,17,1,TOPOAK,382616,201525,1,2,12,1987,382616,201525,17,1,TOPOAK,same_SG,0
L018,13,1988,22,1,WOODFARM,383337,200429,1,1,14,1989,383730,200924,20,1,PARKMILL,nonneighbour_SG,632.0395557241651
L018,14,1989,20,1,PARKMILL,383730,200924,2,1,15,1990,383730,200924,20,1,PARKMILL,same_SG,0
L022,13,1988,17,1,OLDOAK,382624,201274,1,1,14,1989,383375,201417,999,2,ATCOMBEWEST,peripheral,764.4932962426813
L023,11,1986,17,1,TOPOAK,382616,201525,1,2,12,1987,382624,201274,17,1,OLDOAK,same_SG,251.127457678367
L028,11,1986,20,1,PARKMILL,383730,200924,2,1,12,1987,383730,200924,20,1,PARKMILL,same_SG,0
L028,12,1987,20,1,PARKMILL,383730,200924,2,1,13,1988,383730,200924,20,1,PARKMILL,same_SG,0
L028,13,1988,20,1,PARKMILL,383730,200924,1,1,14,1989,383730,200924,20,1,PARKMILL,same_SG,0
L028,14,1989,20,1,PARKMILL,383730,200924,3,1,15,1990,383730,200924,20,1,PARKMILL,same_SG,0
L030,11,1986,14,1,COLEPARK,382049,201493,1,1,12,1987,382049,201493,14,1,COLEPARK,same_SG,0
L030,12,1987,14,1,COLEPARK,382049,201493,1,1,13,1988,382049,201493,14,1,COLEPARK,same_SG,0
L030,13,1988,14,1,COLEPARK,382049,201493,2,1,14,1989,382542,201397,17,1,WOODMANS,neighbour_SG,502.2598928841522
L031,11,1986,14,1,COLEPARK,382049,201493,1,1,12,1987,382049,201493,14,1,COLEPARK,same_SG,0
L031,16,1991,14,1,COLEPARK,382049,201493,1,1,17,1992,382049,201493,14,1,COLEPARK,same_SG,0
L031,17,1992,14,1,COLEPARK,382049,201493,1,1,18,1993,382049,201493,14,1,COLEPARK,same_SG,0
L032,13,1988,14,1,COLEPARK,382049,201493,2,1,14,1989,382049,201493,14,1,COLEPARK,same_SG,0
L032,16,1991,14,1,COLEPARK,382049,201493,1,1,17,1992,382049,201493,14,1,COLEPARK,same_SG,0
L032,17,1992,14,1,COLEPARK,382049,201493,2,1,18,1993,382049,201493,14,1,COLEPARK,same_SG,0
L032,18,1993,14,1,COLEPARK,382049,201493,2,1,19,1994,382049,201493,14,1,COLEPARK,same_SG,0
L032,19,1994,14,1,COLEPARK,382049,201493,1,1,20,1995,382049,201493,14,1,COLEPARK,same_SG,0
L032,20,1995,14,1,COLEPARK,382049,201493,1,1,21,1996,382049,201493,14,1,COLEPARK,same_SG,0
L040,11,1986,6,1,CEDAR,381022,201589,1,1,12,1987,381022,201589,6,1,CEDAR,same_SG,0
L040,12,1987,6,1,CEDAR,381022,201589,1,1,13,1988,381022,201589,6,1,CEDAR,same_SG,0
L041,14,1989,6,1,CEDAR,381022,201589,2,2,15,1990,381180,201357,9,1,LAURELS,neighbour_SG,280.6920020235703
L049,11,1986,21,1,COLLIERSWOOD,382931,200706,1,1,12,1987,382931,200706,21,1,COLLIERSWOOD,same_SG,0
L049,12,1987,21,1,COLLIERSWOOD,382931,200706,3,1,13,1988,382931,200706,21,1,COLLIERSWOOD,same_SG,0
L049,13,1988,21,1,COLLIERSWOOD,382931,200706,2,1,14,1989,382786,200771,16,1,FORK,neighbour_SG,158.90248582070703
L049,14,1989,16,1,FORK,382786,200771,1,1,15,1990,382786,200771,16,1,FORK,same_SG,0
L049,15,1990,16,1,FORK,382786,200771,1,1,16,1991,382713,200607,16,1,WOODRUSH,same_SG,179.51323071016242
L049,16,1991,16,1,WOODRUSH,382713,200607,1,1,17,1992,382931,200706,21,1,COLLIERSWOOD,neighbour_SG,239.42639787625757
L049,17,1992,21,1,COLLIERSWOOD,382931,200706,1,1,18,1993,382931,200706,21,1,COLLIERSWOOD,same_SG,0
L049,20,1995,21,1,COLLIERSWOOD,382931,200706,1,1,21,1996,382931,200706,21,1,COLLIERSWOOD,same_SG,0
L050,11,1986,16,1,PEGLARS,382355,200596,1,1,12,1987,382355,200596,16,1,PEGLARS,same_SG,0
L050,12,1987,16,1,PEGLARS,382355,200596,3,1,13,1988,382355,200596,16,1,PEGLARS,same_SG,0
L050,15,1990,16,1,PEGLARS,382355,200596,3,1,16,1991,382355,200596,16,1,PEGLARS,same_SG,0
L050,16,1991,16,1,PEGLARS,382355,200596,1,1,17,1992,382355,200596,16,1,PEGLARS,same_SG,0
L051,11,1986,16,1,PEGLARS,382355,200596,1,1,12,1987,382355,200596,16,1,PEGLARS,same_SG,0
L053,11,1986,16,1,PEGLARS,382355,200596,2,1,12,1987,382355,200596,16,1,PEGLARS,same_SG,0
L053,12,1987,16,1,PEGLARS,382355,200596,3,1,13,1988,382355,200596,16,1,PEGLARS,same_SG,0
L053,13,1988,16,1,PEGLARS,382355,200596,3,1,14,1989,382355,200596,16,1,PEGLARS,same_SG,0
L053,14,1989,16,1,PEGLARS,382355,200596,1,1,15,1990,382355,200596,16,1,PEGLARS,same_SG,0
L053,15,1990,16,1,PEGLARS,382355,200596,2,1,16,1991,382355,200596,16,1,PEGLARS,same_SG,0
L053,16,1991,16,1,PEGLARS,382355,200596,1,1,17,1992,382355,200596,16,1,PEGLARS,same_SG,0
L053,17,1992,16,1,PEGLARS,382355,200596,3,1,18,1993,382355,200596,16,1,PEGLARS,same_SG,0
L053,18,1993,16,1,PEGLARS,382355,200596,2,1,19,1994,382355,200596,16,1,PEGLARS,same_SG,0
L054,11,1986,16,1,PEGLARS,382355,200596,1,1,12,1987,382355,200596,16,1,PEGLARS,same_SG,0
L054,12,1987,16,1,PEGLARS,382355,200596,1,1,13,1988,382786,200771,16,1,FORK,same_SG,465.17308606582134
L054,13,1988,16,1,FORK,382786,200771,1,1,14,1989,382786,200771,16,1,FORK,same_SG,0
L054,14,1989,16,1,FORK,382786,200771,2,1,15,1990,382713,200607,16,1,WOODRUSH,same_SG,179.51323071016242
L054,15,1990,16,1,WOODRUSH,382713,200607,1,1,16,1991,382786,200771,16,1,FORK,same_SG,179.51323071016242
L054,16,1991,16,1,FORK,382786,200771,2,1,17,1992,382713,200607,16,1,WOODRUSH,same_SG,179.51323071016242
L054,17,1992,16,1,WOODRUSH,382713,200607,2,1,18,1993,382713,200607,16,1,WOODRUSH,same_SG,0
L054,18,1993,16,1,WOODRUSH,382713,200607,1,1,19,1994,382713,200607,16,1,WOODRUSH,same_SG,0
L054,19,1994,16,1,WOODRUSH,382713,200607,1,1,20,1995,382713,200607,16,1,WOODRUSH,same_SG,0
L054,20,1995,16,1,WOODRUSH,382713,200607,2,1,21,1996,382713,200607,16,1,WOODRUSH,same_SG,0
L054,21,1996,16,1,WOODRUSH,382713,200607,1,1,22,1997,382786,200771,16,1,FORK,same_SG,179.51323071016242
L054,22,1997,16,1,FORK,382786,200771,1,1,23,1998,382786,200771,16,1,FORK,same_SG,0
L054,23,1998,16,1,FORK,382786,200771,2,1,24,1999,382713,200607,16,1,WOODRUSH,same_SG,179.51323071016242
L054,24,1999,16,1,WOODRUSH,382713,200607,4,1,25,2000,382713,200607,16,1,WOODRUSH,same_SG,0
L055,11,1986,16,1,PEGLARS,382355,200596,2,1,12,1987,382355,200596,16,1,PEGLARS,same_SG,0
L056,11,1986,16,1,PEGLARS,382355,200596,1,1,12,1987,382355,200596,16,1,PEGLARS,same_SG,0
L056,12,1987,16,1,PEGLARS,382355,200596,2,1,13,1988,382931,200706,21,1,COLLIERSWOOD,neighbour_SG,586.4094132941592
L056,13,1988,21,1,COLLIERSWOOD,382931,200706,3,1,14,1989,382786,200771,16,1,FORK,neighbour_SG,158.90248582070703
L056,14,1989,16,1,FORK,382786,200771,2,1,15,1990,382786,200771,16,1,FORK,same_SG,0
L056,15,1990,16,1,FORK,382786,200771,1,1,16,1991,382786,200771,16,1,FORK,same_SG,0
L056,16,1991,16,1,FORK,382786,200771,1,1,17,1992,382713,200607,16,1,WOODRUSH,same_SG,179.51323071016242
L056,17,1992,16,1,WOODRUSH,382713,200607,2,1,18,1993,382713,200607,16,1,WOODRUSH,same_SG,0
L056,18,1993,16,1,WOODRUSH,382713,200607,1,1,19,1994,382786,200771,16,1,FORK,same_SG,179.51323071016242
L056,19,1994,16,1,FORK,382786,200771,1,1,20,1995,382786,200771,16,1,FORK,same_SG,0
L056,20,1995,16,1,FORK,382786,200771,2,1,21,1996,382786,200771,16,1,FORK,same_SG,0
L056,21,1996,16,1,FORK,382786,200771,1,1,22,1997,382786,200771,16,1,FORK,same_SG,0
L056,22,1997,16,1,FORK,382786,200771,1,1,23,1998,382713,200607,16,1,WOODRUSH,same_SG,179.51323071016242
L056,23,1998,16,1,WOODRUSH,382713,200607,3,1,24,1999,382713,200607,16,1,WOODRUSH,same_SG,0
L057,11,1986,12,1,TOP,381795,200962,2,1,12,1987,381795,200962,12,1,TOP,same_SG,0
L057,12,1987,12,1,TOP,381795,200962,4,1,13,1988,381795,200962,12,1,TOP,same_SG,0
L057,13,1988,12,1,TOP,381795,200962,3,1,14,1989,381795,200962,12,1,TOP,same_SG,0
L058,11,1986,1,1,WEST,380190,201400,2,1,12,1987,380190,201400,1,1,WEST,same_SG,0
L059,11,1986,4,1,JUNCTION,380841,200432,1,1,12,1987,380812,200417,4,1,OPEN,same_SG,32.64965543462902
L059,12,1987,4,1,OPEN,380812,200417,2,1,13,1988,380393,200413,4,1,TODDS,same_SG,419.0190926437601
L059,13,1988,4,1,TODDS,380393,200413,1,1,14,1989,380678,200030,5,1,JACKSMIREY,neighbour_SG,477.4033933687527
L061,11,1986,4,1,OPEN,380812,200417,1,1,12,1987,381109,200408,4,1,THISTLEWOODBANK,same_SG,297.1363323459452
L061,12,1987,4,1,THISTLEWOODBANK,381109,200408,3,1,13,1988,381109,200408,4,1,THISTLEWOODBANK,same_SG,0
L061,13,1988,4,1,THISTLEWOODBANK,381109,200408,2,1,14,1989,380390,200637,4,1,MEAD,same_SG,754.5873044254058
L062,11,1986,4,1,ARTHURS,380534,200550,2,1,12,1987,380534,200550,4,1,ARTHURS,same_SG,0
L063,11,1986,12,1,TOP,381795,200962,2,1,12,1987,381795,200962,12,1,TOP,same_SG,0
L063,12,1987,12,1,TOP,381795,200962,2,1,13,1988,381795,200962,12,1,TOP,same_SG,0
L063,13,1988,12,1,TOP,381795,200962,3,1,14,1989,381795,200962,12,1,TOP,same_SG,0
L064,11,1986,4,1,THISTLEWOODBANK,381109,200408,2,1,12,1987,380812,200417,4,1,OPEN,same_SG,297.1363323459452
L064,12,1987,4,1,OPEN,380812,200417,2,1,13,1988,380812,200417,4,1,OPEN,same_SG,0
L065,11,1986,10,1,SEPTICTANK,381357,201285,1,1,12,1987,381357,201285,10,1,SEPTICTANK,same_SG,0
L065,12,1987,10,1,SEPTICTANK,381357,201285,2,1,13,1988,381180,201357,9,1,LAURELS,neighbour_SG,191.08375127153016
L065,13,1988,9,1,LAURELS,381180,201357,2,1,14,1989,381357,201285,10,1,SEPTICTANK,neighbour_SG,191.08375127153016
L065,14,1989,10,1,SEPTICTANK,381357,201285,1,1,15,1990,381180,201357,9,1,LAURELS,neighbour_SG,191.08375127153016
L065,15,1990,9,1,LAURELS,381180,201357,1,1,16,1991,381180,201357,9,1,LAURELS,same_SG,0
L065,18,1993,6,1,CEDAR,381022,201589,2,1,19,1994,381022,201589,6,1,CEDAR,same_SG,0
L065,19,1994,6,1,CEDAR,381022,201589,1,1,20,1995,381022,201589,6,1,CEDAR,same_SG,0
L066,11,1986,11,1,YEW,381619,201268,2,1,12,1987,381619,201268,11,1,YEW,same_SG,0
L066,12,1987,11,1,YEW,381619,201268,3,1,13,1988,381737,201220,11,1,TAXUS,same_SG,127.38916751435343
L066,13,1988,11,1,TAXUS,381737,201220,1,1,14,1989,381619,201268,11,1,YEW,same_SG,127.38916751435343
L066,14,1989,11,1,YEW,381619,201268,2,1,15,1990,381737,201220,11,1,TAXUS,same_SG,127.38916751435343
L066,15,1990,11,1,TAXUS,381737,201220,1,1,16,1991,381619,201268,11,1,YEW,same_SG,127.38916751435343
L066,16,1991,11,1,YEW,381619,201268,2,1,17,1992,381619,201268,11,1,YEW,same_SG,0
L068,11,1986,16,1,PEGLARS,382355,200596,1,1,12,1987,382355,200596,16,1,PEGLARS,same_SG,0
L073,15,1990,22,1,WOODFARM,383337,200429,1,1,16,1991,383635,200531,999,2,WINDSOREDGE,peripheral,314.97301471713416
L079,11,1986,21,1,COLLIERSWOOD,382931,200706,1,1,12,1987,382931,200706,21,1,COLLIERSWOOD,same_SG,0
L080,11,1986,2,1,LARCH,380541,201242,1,1,12,1987,380621,201409,2,1,BOX,same_SG,185.17289218457435
L080,12,1987,2,1,BOX,380621,201409,4,1,13,1988,380621,201409,2,1,BOX,same_SG,0
L080,13,1988,2,1,BOX,380621,201409,1,1,14,1989,380541,201242,2,1,LARCH,same_SG,185.17289218457435
L080,14,1989,2,1,LARCH,380541,201242,3,1,15,1990,380621,201409,2,1,BOX,same_SG,185.17289218457435
L080,15,1990,2,1,BOX,380621,201409,1,1,16,1991,380541,201242,2,1,LARCH,same_SG,185.17289218457435
L080,16,1991,2,1,LARCH,380541,201242,2,1,17,1992,380541,201242,2,1,LARCH,same_SG,0
L080,17,1992,2,1,LARCH,380541,201242,1,1,18,1993,380583,201265,2,1,GROUNDSTUMP,same_SG,47.885279575251516
L080,18,1993,2,1,GROUNDSTUMP,380583,201265,1,1,19,1994,380541,201242,2,1,LARCH,same_SG,47.885279575251516
L080,19,1994,2,1,LARCH,380541,201242,1,1,20,1995,380621,201409,2,1,BOX,same_SG,185.17289218457435
L080,20,1995,2,1,BOX,380621,201409,1,1,21,1996,380541,201242,2,1,LARCH,same_SG,185.17289218457435
L080,21,1996,2,1,LARCH,380541,201242,2,1,22,1997,380621,201409,2,1,BOX,same_SG,185.17289218457435
M001,23,1998,15,1,PONTINS,382122,200921,2,2,24,1999,382099,200773,15,1,BOG,same_SG,149.77650015940418
M001,24,1999,15,1,BOG,382099,200773,2,2,25,2000,382099,200773,15,1,BOG,same_SG,0
M001,25,2000,15,1,BOG,382099,200773,2,2,26,2001,382099,200773,15,1,BOG,same_SG,0
M001,26,2001,15,1,BOG,382099,200773,2,2,27,2002,382099,200773,15,1,BOG,same_SG,0
M001,27,2002,15,1,BOG,382099,200773,2,2,28,2003,382355,200596,16,1,PEGLARS,neighbour_SG,311.231425148554
M001,28,2003,16,1,PEGLARS,382355,200596,1,2,29,2004,382355,200596,16,1,PEGLARS,same_SG,0
M003,22,1997,17,1,OLDOAK,382624,201274,1,1,23,1998,382624,201274,17,1,OLDOAK,same_SG,0
M010,18,1993,4,1,ARTHURS,380534,200550,2,1,19,1994,380534,200550,4,1,ARTHURS,same_SG,0
M010,19,1994,4,1,ARTHURS,380534,200550,1,1,20,1995,380390,200637,4,1,MEAD,same_SG,168.24089871371942
M010,20,1995,4,1,MEAD,380390,200637,1,1,21,1996,380563,200499,4,1,BANK,same_SG,221.29844102478444
M011,18,1993,2,1,BOX,380621,201409,2,1,19,1994,380621,201409,2,1,BOX,same_SG,0
M012,18,1993,2,1,BOX,380621,201409,2,1,19,1994,380621,201409,2,1,BOX,same_SG,0
M012,19,1994,2,1,BOX,380621,201409,2,1,20,1995,380621,201409,2,1,BOX,same_SG,0
M012,20,1995,2,1,BOX,380621,201409,1,1,21,1996,380541,201242,2,1,LARCH,same_SG,185.17289218457435
M012,21,1996,2,1,LARCH,380541,201242,2,1,22,1997,380541,201242,2,1,LARCH,same_SG,0
M012,22,1997,2,1,LARCH,380541,201242,1,1,23,1998,380621,201409,2,1,BOX,same_SG,185.17289218457435
M012,23,1998,2,1,BOX,380621,201409,2,1,24,1999,380541,201242,2,1,LARCH,same_SG,185.17289218457435
M012,24,1999,2,1,LARCH,380541,201242,2,1,25,2000,380621,201409,2,1,BOX,same_SG,185.17289218457435
M013,18,1993,4,1,ARTHURS,380534,200550,1,1,19,1994,380534,200550,4,1,ARTHURS,same_SG,0
M014,18,1993,2,1,BOX,380621,201409,2,1,19,1994,380621,201409,2,1,BOX,same_SG,0
M015,18,1993,4,1,ARTHURS,380534,200550,3,1,19,1994,380534,200550,4,1,ARTHURS,same_SG,0
M015,19,1994,4,1,ARTHURS,380534,200550,1,1,20,1995,380534,200550,4,1,ARTHURS,same_SG,0
M015,20,1995,4,1,ARTHURS,380534,200550,1,1,21,1996,380534,200550,4,1,ARTHURS,same_SG,0
M015,21,1996,4,1,ARTHURS,380534,200550,1,1,22,1997,380534,200550,4,1,ARTHURS,same_SG,0
M017,18,1993,5,1,JACKSMIREY,380678,200030,2,1,19,1994,380678,200030,5,1,JACKSMIREY,same_SG,0
M021,18,1993,4,1,ARTHURS,380534,200550,3,1,19,1994,380534,200550,4,1,ARTHURS,same_SG,0
M021,23,1998,4,1,ARTHURS,380534,200550,1,1,24,1999,380534,200550,4,1,ARTHURS,same_SG,0
M023,20,1995,12,1,TOP,381795,200962,1,1,21,1996,381795,200962,12,1,TOP,same_SG,0
M024,18,1993,2,1,BOX,380621,201409,3,1,19,1994,380621,201409,2,1,BOX,same_SG,0
M024,19,1994,2,1,BOX,380621,201409,2,1,20,1995,380621,201409,2,1,BOX,same_SG,0
M024,20,1995,2,1,BOX,380621,201409,2,1,21,1996,380621,201409,2,1,BOX,same_SG,0
M024,21,1996,2,1,BOX,380621,201409,1,1,22,1997,380541,201242,2,1,LARCH,same_SG,185.17289218457435
M026,18,1993,4,1,ARTHURS,380534,200550,1,1,19,1994,380534,200550,4,1,ARTHURS,same_SG,0
M026,19,1994,4,1,ARTHURS,380534,200550,2,1,20,1995,380390,200637,4,1,MEAD,same_SG,168.24089871371942
M026,20,1995,4,1,MEAD,380390,200637,2,1,21,1996,380625,200466,4,1,BRAMBLE,same_SG,290.6303494131334
M027,26,2001,4,1,JUNCTION,380841,200432,1,1,27,2002,380841,200432,4,1,JUNCTION,same_SG,0
M034,18,1993,5,1,JACKSMIREY,380678,200030,3,1,19,1994,380678,200030,5,1,JACKSMIREY,same_SG,0
M034,19,1994,5,1,JACKSMIREY,380678,200030,3,1,20,1995,380678,200030,5,1,JACKSMIREY,same_SG,0
M034,20,1995,5,1,JACKSMIREY,380678,200030,2,1,21,1996,380678,200030,5,1,JACKSMIREY,same_SG,0
M034,21,1996,5,1,JACKSMIREY,380678,200030,3,1,22,1997,380678,200030,5,1,JACKSMIREY,same_SG,0
M035,18,1993,12,1,TOP,381795,200962,2,1,19,1994,381795,200962,12,1,TOP,same_SG,0
M035,19,1994,12,1,TOP,381795,200962,3,1,20,1995,381795,200962,12,1,TOP,same_SG,0
M035,20,1995,12,1,TOP,381795,200962,1,1,21,1996,381795,200962,12,1,TOP,same_SG,0
M035,21,1996,12,1,TOP,381795,200962,1,1,22,1997,381619,201268,11,1,YEW,neighbour_SG,353.0042492662093
M035,22,1997,11,1,YEW,381619,201268,1,1,23,1998,381737,201220,11,1,TAXUS,same_SG,127.38916751435343
M036,18,1993,15,1,WYCHELM,382074,201085,2,1,19,1994,382074,201085,15,1,WYCHELM,same_SG,0
M036,19,1994,15,1,WYCHELM,382074,201085,3,1,20,1995,382074,201085,15,1,WYCHELM,same_SG,0
M036,20,1995,15,1,WYCHELM,382074,201085,2,1,21,1996,382074,201085,15,1,WYCHELM,same_SG,0
M036,21,1996,15,1,WYCHELM,382074,201085,2,1,22,1997,381619,201268,11,1,YEW,neighbour_SG,490.42226703117797
M037,18,1993,12,1,TOP,381795,200962,3,1,19,1994,381795,200962,12,1,TOP,same_SG,0
M037,19,1994,12,1,TOP,381795,200962,2,1,20,1995,381795,200962,12,1,TOP,same_SG,0
M037,20,1995,12,1,TOP,381795,200962,2,1,21,1996,381795,200962,12,1,TOP,same_SG,0
M037,23,1998,12,1,TOP,381795,200962,1,1,24,1999,381795,200962,12,1,TOP,same_SG,0
M037,24,1999,12,1,TOP,381795,200962,3,1,25,2000,381795,200962,12,1,TOP,same_SG,0
M042,18,1993,16,1,PEGLARS,382355,200596,3,1,19,1994,382355,200596,16,1,PEGLARS,same_SG,0
M043,18,1993,11,1,YEW,381619,201268,3,1,19,1994,381619,201268,11,1,YEW,same_SG,0
M043,19,1994,11,1,YEW,381619,201268,3,1,20,1995,381619,201268,11,1,YEW,same_SG,0
M043,20,1995,11,1,YEW,381619,201268,2,1,21,1996,381619,201268,11,1,YEW,same_SG,0
M043,21,1996,11,1,YEW,381619,201268,1,1,22,1997,381619,201268,11,1,YEW,same_SG,0
M044,18,1993,11,1,YEW,381619,201268,2,1,19,1994,381737,201220,11,1,TAXUS,same_SG,127.38916751435343
M045,18,1993,16,1,WOODRUSH,382713,200607,1,1,19,1994,382713,200607,16,1,WOODRUSH,same_SG,0
M045,19,1994,16,1,WOODRUSH,382713,200607,2,1,20,1995,382786,200771,16,1,FORK,same_SG,179.51323071016242
M045,20,1995,16,1,FORK,382786,200771,1,1,21,1996,382786,200771,16,1,FORK,same_SG,0
M045,21,1996,16,1,FORK,382786,200771,1,1,22,1997,382713,200607,16,1,WOODRUSH,same_SG,179.51323071016242
M047,18,1993,16,1,PEGLARS,382355,200596,2,1,19,1994,382355,200596,16,1,PEGLARS,same_SG,0
M048,18,1993,16,1,PEGLARS,382355,200596,3,1,19,1994,382355,200596,16,1,PEGLARS,same_SG,0
M050,18,1993,16,1,PEGLARS,382355,200596,2,1,19,1994,382355,200596,16,1,PEGLARS,same_SG,0
M050,19,1994,16,1,PEGLARS,382355,200596,4,1,20,1995,382355,200596,16,1,PEGLARS,same_SG,0
M051,18,1993,12,1,TOP,381795,200962,3,1,19,1994,381795,200962,12,1,TOP,same_SG,0
M052,18,1993,11,1,YEW,381619,201268,2,1,19,1994,381619,201268,11,1,YEW,same_SG,0
M052,19,1994,11,1,YEW,381619,201268,3,1,20,1995,381737,201220,11,1,TAXUS,same_SG,127.38916751435343
M052,20,1995,11,1,TAXUS,381737,201220,1,1,21,1996,381619,201268,11,1,YEW,same_SG,127.38916751435343
M052,21,1996,11,1,YEW,381619,201268,1,1,22,1997,381737,201220,11,1,TAXUS,same_SG,127.38916751435343
M052,22,1997,11,1,TAXUS,381737,201220,1,1,23,1998,381619,201268,11,1,YEW,same_SG,127.38916751435343
M055,18,1993,22,1,WOODFARM,383337,200429,3,1,19,1994,383635,200531,999,2,WINDSOREDGE,peripheral,314.97301471713416
M055,20,1995,22,1,WOODFARM,383337,200429,2,1,21,1996,383337,200429,22,1,WOODFARM,same_SG,0
M055,21,1996,22,1,WOODFARM,383337,200429,2,1,22,1997,383337,200429,22,1,WOODFARM,same_SG,0
M055,22,1997,22,1,WOODFARM,383337,200429,2,1,23,1998,383337,200429,22,1,WOODFARM,same_SG,0
M056,18,1993,22,1,WOODFARM,383337,200429,3,1,19,1994,383337,200429,22,1,WOODFARM,same_SG,0
M057,18,1993,6,1,CEDAR,381022,201589,2,1,19,1994,381241,201774,7,1,BOXWOOD,neighbour_SG,286.6810073932349
M058,18,1993,17,1,TOPOAK,382616,201525,1,1,19,1994,382624,201274,17,1,OLDOAK,same_SG,251.127457678367
M058,19,1994,17,1,OLDOAK,382624,201274,1,1,20,1995,382624,201274,17,1,OLDOAK,same_SG,0
M058,20,1995,17,1,OLDOAK,382624,201274,3,1,21,1996,382440,200974,15,1,NEEDLES,neighbour_SG,351.93181157718607
M058,21,1996,15,1,NEEDLES,382440,200974,1,1,22,1997,382464,200922,15,1,KENNEL,same_SG,57.271284253105414
M058,24,1999,15,1,KENNEL,382464,200922,2,1,25,2000,382399,200920,15,1,CULDESAC,same_SG,65.03076195155643
M058,25,2000,15,1,CULDESAC,382399,200920,1,1,26,2001,382399,200920,15,1,CULDESAC,same_SG,0
M059,18,1993,18,1,NETTLE,383024,201142,1,1,19,1994,383126,200958,19,1,DAM,neighbour_SG,210.38060747131613
M059,19,1994,19,1,DAM,383126,200958,1,1,20,1995,383024,201142,18,1,NETTLE,neighbour_SG,210.38060747131613
M059,24,1999,18,1,NETTLE,383024,201142,1,1,25,2000,382930,201326,18,1,HOLLOWTREE,same_SG,206.6204249342257
M059,25,2000,18,1,HOLLOWTREE,382930,201326,1,1,26,2001,382930,201326,18,1,HOLLOWTREE,same_SG,0
M060,18,1993,17,1,OLDOAK,382624,201274,2,1,19,1994,382624,201274,17,1,OLDOAK,same_SG,0
M060,19,1994,17,1,OLDOAK,382624,201274,1,1,20,1995,382049,201493,14,1,COLEPARK,neighbour_SG,615.2934259359513
M061,18,1993,6,1,CEDAR,381022,201589,1,1,19,1994,381022,201589,6,1,CEDAR,same_SG,0
M061,19,1994,6,1,CEDAR,381022,201589,1,1,20,1995,381022,201589,6,1,CEDAR,same_SG,0
M061,20,1995,6,1,CEDAR,381022,201589,1,1,21,1996,381103,201676,6,1,SYCAMORE,same_SG,118.86967653695369
M061,21,1996,6,1,SYCAMORE,381103,201676,1,1,22,1997,380856,201662,6,1,RABBIT,same_SG,247.39644298170498
M062,18,1993,6,1,CEDAR,381022,201589,2,1,19,1994,381241,201774,7,1,BOXWOOD,neighbour_SG,286.6810073932349
M064,18,1993,20,1,PARKMILL,383730,200924,2,1,19,1994,383730,200924,20,1,PARKMILL,same_SG,0
M064,19,1994,20,1,PARKMILL,383730,200924,2,1,20,1995,383730,200924,20,1,PARKMILL,same_SG,0
M064,20,1995,20,1,PARKMILL,383730,200924,1,1,21,1996,383730,200924,20,1,PARKMILL,same_SG,0
M064,21,1996,20,1,PARKMILL,383730,200924,2,1,22,1997,383730,200924,20,1,PARKMILL,same_SG,0
M064,22,1997,20,1,PARKMILL,383730,200924,1,1,23,1998,383730,200924,20,1,PARKMILL,same_SG,0
M064,23,1998,20,1,PARKMILL,383730,200924,2,1,24,1999,383730,200924,20,1,PARKMILL,same_SG,0
M064,24,1999,20,1,PARKMILL,383730,200924,1,1,25,2000,383812,200913,999,2,SANDY,peripheral,82.73451516749222
M064,27,2002,20,1,PARKMILL,383730,200924,1,1,28,2003,383730,200924,20,1,PARKMILL,same_SG,0
M068,18,1993,14,1,COLEPARK,382049,201493,2,1,19,1994,382049,201493,14,1,COLEPARK,same_SG,0
M068,19,1994,14,1,COLEPARK,382049,201493,2,1,20,1995,382049,201493,14,1,COLEPARK,same_SG,0
M068,20,1995,14,1,COLEPARK,382049,201493,1,1,21,1996,382049,201493,14,1,COLEPARK,same_SG,0
M068,21,1996,14,1,COLEPARK,382049,201493,2,1,22,1997,382049,201493,14,1,COLEPARK,same_SG,0
M068,22,1997,14,1,COLEPARK,382049,201493,1,1,23,1998,382049,201493,14,1,COLEPARK,same_SG,0
M068,23,1998,14,1,COLEPARK,382049,201493,2,1,24,1999,382049,201493,14,1,COLEPARK,same_SG,0
M071,18,1993,6,1,CEDAR,381022,201589,1,1,19,1994,381241,201774,7,1,BOXWOOD,neighbour_SG,286.6810073932349
M071,19,1994,7,1,BOXWOOD,381241,201774,1,1,20,1995,383126,200958,19,1,DAM,nonneighbour_SG,2054.0401651379652
M072,18,1993,6,1,CEDAR,381022,201589,2,1,19,1994,381022,201589,6,1,CEDAR,same_SG,0
M072,19,1994,6,1,CEDAR,381022,201589,2,1,20,1995,380541,201242,2,1,LARCH,neighbour_SG,593.1020148338732
M072,20,1995,2,1,LARCH,380541,201242,1,1,21,1996,381370,201620,7,1,BREAKHEART,nonneighbour_SG,911.1119579941864
M072,23,1998,6,1,FOX,381016,201635,1,1,24,1999,381103,201676,6,1,SYCAMORE,same_SG,96.17692030835673
M072,24,1999,6,1,SYCAMORE,381103,201676,1,1,25,2000,380856,201662,6,1,RABBIT,same_SG,247.39644298170498
M072,25,2000,6,1,RABBIT,380856,201662,2,1,26,2001,381022,201589,6,1,CEDAR,same_SG,181.34221791960084
M072,26,2001,6,1,CEDAR,381022,201589,1,1,27,2002,381022,201589,6,1,CEDAR,same_SG,0
M072,27,2002,6,1,CEDAR,381022,201589,1,1,28,2003,380856,201662,6,1,RABBIT,same_SG,181.34221791960084
M092,21,1996,4,1,JUNCTION,380841,200432,2,1,22,1997,381109,200408,4,1,THISTLEWOODBANK,same_SG,269.0724809414742
M092,22,1997,4,1,THISTLEWOODBANK,381109,200408,1,1,23,1998,380841,200432,4,1,JUNCTION,same_SG,269.0724809414742
M094,18,1993,2,1,BOX,380621,201409,1,1,19,1994,380621,201409,2,1,BOX,same_SG,0
M094,19,1994,2,1,BOX,380621,201409,2,1,20,1995,380621,201409,2,1,BOX,same_SG,0
M094,20,1995,2,1,BOX,380621,201409,1,1,21,1996,380541,201242,2,1,LARCH,same_SG,185.17289218457435
M094,21,1996,2,1,LARCH,380541,201242,1,1,22,1997,380541,201242,2,1,LARCH,same_SG,0
M094,22,1997,2,1,LARCH,380541,201242,1,1,23,1998,380621,201409,2,1,BOX,same_SG,185.17289218457435
M094,23,1998,2,1,BOX,380621,201409,1,1,24,1999,380621,201409,2,1,BOX,same_SG,0
M094,24,1999,2,1,BOX,380621,201409,1,1,25,2000,380621,201409,2,1,BOX,same_SG,0
M094,28,2003,2,1,BOX,380621,201409,2,1,29,2004,380621,201409,2,1,BOX,same_SG,0
M095,18,1993,4,1,ARTHURS,380534,200550,1,1,19,1994,380534,200550,4,1,ARTHURS,same_SG,0
M096,18,1993,4,1,ARTHURS,380534,200550,1,1,19,1994,380534,200550,4,1,ARTHURS,same_SG,0
M096,19,1994,4,1,ARTHURS,380534,200550,2,1,20,1995,380625,200466,4,1,BRAMBLE,same_SG,123.84264209067892
M097,18,1993,4,1,ARTHURS,380534,200550,1,1,19,1994,380534,200550,4,1,ARTHURS,same_SG,0
M097,19,1994,4,1,ARTHURS,380534,200550,1,1,20,1995,380534,200550,4,1,ARTHURS,same_SG,0
M097,20,1995,4,1,ARTHURS,380534,200550,2,1,21,1996,380390,200637,4,1,MEAD,same_SG,168.24089871371942
M097,21,1996,4,1,MEAD,380390,200637,2,1,22,1997,380563,200499,4,1,BANK,same_SG,221.29844102478444
M099,18,1993,4,1,ARTHURS,380534,200550,1,1,19,1994,380534,200550,4,1,ARTHURS,same_SG,0
M099,19,1994,4,1,ARTHURS,380534,200550,2,1,20,1995,380534,200550,4,1,ARTHURS,same_SG,0
M099,20,1995,4,1,ARTHURS,380534,200550,2,1,21,1996,380534,200550,4,1,ARTHURS,same_SG,0
M099,21,1996,4,1,ARTHURS,380534,200550,1,1,22,1997,380931,201164,3,1,BEECH,nonneighbour_SG,731.1668756173244
M099,22,1997,3,1,BEECH,380931,201164,2,1,23,1998,380931,201164,3,1,BEECH,same_SG,0
M104,20,1995,16,1,WOODRUSH,382713,200607,2,1,21,1996,382713,200607,16,1,WOODRUSH,same_SG,0
M104,21,1996,16,1,WOODRUSH,382713,200607,1,1,22,1997,382786,200771,16,1,FORK,same_SG,179.51323071016242
M104,22,1997,16,1,FORK,382786,200771,1,1,23,1998,382713,200607,16,1,WOODRUSH,same_SG,179.51323071016242
M104,23,1998,16,1,WOODRUSH,382713,200607,1,1,24,1999,382713,200607,16,1,WOODRUSH,same_SG,0
M105,18,1993,16,1,WOODRUSH,382713,200607,1,1,19,1994,382786,200771,16,1,FORK,same_SG,179.51323071016242
M105,19,1994,16,1,FORK,382786,200771,2,1,20,1995,382713,200607,16,1,WOODRUSH,same_SG,179.51323071016242
M105,20,1995,16,1,WOODRUSH,382713,200607,2,1,21,1996,382713,200607,16,1,WOODRUSH,same_SG,0
M107,18,1993,18,1,NETTLE,383024,201142,1,1,19,1994,383024,201142,18,1,NETTLE,same_SG,0
M107,19,1994,18,1,NETTLE,383024,201142,1,1,20,1995,383024,201142,18,1,NETTLE,same_SG,0
M107,20,1995,18,1,NETTLE,383024,201142,2,1,21,1996,383024,201142,18,1,NETTLE,same_SG,0
M107,21,1996,18,1,NETTLE,383024,201142,3,1,22,1997,383024,201142,18,1,NETTLE,same_SG,0
M107,24,1999,18,1,LINSEED,383011,201367,1,1,25,2000,382930,201326,18,1,HOLLOWTREE,same_SG,90.78546139112804
M108,18,1993,20,1,PARKMILL,383730,200924,2,1,19,1994,383730,200924,20,1,PARKMILL,same_SG,0
M108,19,1994,20,1,PARKMILL,383730,200924,1,1,20,1995,383730,200924,20,1,PARKMILL,same_SG,0
M108,20,1995,20,1,PARKMILL,383730,200924,3,1,21,1996,383730,200924,20,1,PARKMILL,same_SG,0
M108,21,1996,20,1,PARKMILL,383730,200924,3,1,22,1997,383730,200924,20,1,PARKMILL,same_SG,0
M108,22,1997,20,1,PARKMILL,383730,200924,1,1,23,1998,383730,200924,20,1,PARKMILL,same_SG,0
M108,23,1998,20,1,PARKMILL,383730,200924,2,1,24,1999,383730,200924,20,1,PARKMILL,same_SG,0
M109,18,1993,20,1,PARKMILL,383730,200924,2,1,19,1994,383730,200924,20,1,PARKMILL,same_SG,0
M109,19,1994,20,1,PARKMILL,383730,200924,1,1,20,1995,383730,200924,20,1,PARKMILL,same_SG,0
M109,20,1995,20,1,PARKMILL,383730,200924,1,1,21,1996,383730,200924,20,1,PARKMILL,same_SG,0
M109,27,2002,20,1,PARKMILL,383730,200924,1,1,28,2003,383730,200924,20,1,PARKMILL,same_SG,0
M110,18,1993,20,1,PARKMILL,383730,200924,1,1,19,1994,383730,200924,20,1,PARKMILL,same_SG,0
M110,22,1997,20,1,SCOTLANDBANK,383412,200931,1,1,23,1998,383730,200924,20,1,PARKMILL,same_SG,318.0770346944274
M114,18,1993,2,1,LARCH,380541,201242,1,1,19,1994,380621,201409,2,1,BOX,same_SG,185.17289218457435
M115,20,1995,2,1,LARCH,380541,201242,1,1,21,1996,380541,201242,2,1,LARCH,same_SG,0
M115,21,1996,2,1,LARCH,380541,201242,2,1,22,1997,380621,201409,2,1,BOX,same_SG,185.17289218457435
M115,22,1997,2,1,BOX,380621,201409,1,1,23,1998,380621,201409,2,1,BOX,same_SG,0
N001,9,1984,16,1,FORK,382786,200771,2,1,10,1985,382931,200706,21,1,COLLIERSWOOD,neighbour_SG,158.90248582070703
N003,14,1989,21,1,COLLIERSWOOD,382931,200706,1,1,15,1990,382713,200607,16,1,WOODRUSH,neighbour_SG,239.42639787625757
N003,15,1990,16,1,WOODRUSH,382713,200607,1,1,16,1991,382713,200607,16,1,WOODRUSH,same_SG,0
N003,16,1991,16,1,WOODRUSH,382713,200607,1,1,17,1992,382713,200607,16,1,WOODRUSH,same_SG,0
N003,17,1992,16,1,WOODRUSH,382713,200607,1,1,18,1993,382931,200706,21,1,COLLIERSWOOD,neighbour_SG,239.42639787625757
N007,9,1984,16,1,PEGLARS,382355,200596,3,1,10,1985,382355,200596,16,1,PEGLARS,same_SG,0
N007,10,1985,16,1,PEGLARS,382355,200596,2,1,11,1986,382355,200596,16,1,PEGLARS,same_SG,0
N007,15,1990,15,1,KENNEL,382464,200922,2,1,16,1991,382464,200922,15,1,KENNEL,same_SG,0
N007,16,1991,15,1,KENNEL,382464,200922,1,1,17,1992,382355,200596,16,1,PEGLARS,neighbour_SG,343.7397271192261
N008,9,1984,11,1,YEW,381619,201268,2,1,10,1985,381619,201268,11,1,YEW,same_SG,0
N008,10,1985,11,1,YEW,381619,201268,3,1,11,1986,381619,201268,11,1,YEW,same_SG,0
N010,9,1984,16,1,FORK,382786,200771,1,2,10,1985,382786,200771,16,1,FORK,same_SG,0
N012,9,1984,1,1,WEST,380190,201400,3,1,10,1985,380190,201400,1,1,WEST,same_SG,0
N016,9,1984,9,1,BRACKEN,381157,201365,1,1,10,1985,381180,201357,9,1,LAURELS,same_SG,24.351591323771842
N016,10,1985,9,1,LAURELS,381180,201357,1,1,11,1986,381180,201357,9,1,LAURELS,same_SG,0
N016,11,1986,9,1,LAURELS,381180,201357,1,1,12,1987,381357,201285,10,1,SEPTICTANK,neighbour_SG,191.08375127153016
N016,12,1987,10,1,SEPTICTANK,381357,201285,2,1,13,1988,381619,201268,11,1,YEW,neighbour_SG,262.5509474368737
N016,13,1988,11,1,YEW,381619,201268,1,1,14,1989,381022,201589,6,1,CEDAR,nonneighbour_SG,677.8274116617002
N016,14,1989,6,1,CEDAR,381022,201589,2,1,15,1990,380856,201662,6,1,RABBIT,same_SG,181.34221791960084
N016,15,1990,6,1,RABBIT,380856,201662,1,1,16,1991,381370,201620,7,1,BREAKHEART,neighbour_SG,515.7130985344468
N018,9,1984,4,1,JUNCTION,380841,200432,2,1,10,1985,380841,200432,4,1,JUNCTION,same_SG,0
N018,10,1985,4,1,JUNCTION,380841,200432,1,1,11,1986,381109,200408,4,1,THISTLEWOODBANK,same_SG,269.0724809414742
N019,9,1984,16,1,PEGLARS,382355,200596,3,1,10,1985,382355,200596,16,1,PEGLARS,same_SG,0
N019,10,1985,16,1,PEGLARS,382355,200596,2,1,11,1986,382355,200596,16,1,PEGLARS,same_SG,0
N019,11,1986,16,1,PEGLARS,382355,200596,2,1,12,1987,382355,200596,16,1,PEGLARS,same_SG,0
N019,12,1987,16,1,PEGLARS,382355,200596,1,1,13,1988,382355,200596,16,1,PEGLARS,same_SG,0
N019,13,1988,16,1,PEGLARS,382355,200596,1,1,14,1989,382355,200596,16,1,PEGLARS,same_SG,0
N019,14,1989,16,1,PEGLARS,382355,200596,1,1,15,1990,382355,200596,16,1,PEGLARS,same_SG,0
N020,9,1984,12,1,TOP,381795,200962,3,1,10,1985,381619,201268,11,1,YEW,neighbour_SG,353.0042492662093
N020,10,1985,11,1,YEW,381619,201268,1,1,11,1986,381619,201268,11,1,YEW,same_SG,0
N020,11,1986,11,1,YEW,381619,201268,1,1,12,1987,381619,201268,11,1,YEW,same_SG,0
N020,12,1987,11,1,YEW,381619,201268,2,1,13,1988,381619,201268,11,1,YEW,same_SG,0
N020,13,1988,11,1,YEW,381619,201268,2,1,14,1989,381109,200408,4,1,THISTLEWOODBANK,neighbour_SG,999.8499887483122
N020,14,1989,4,1,THISTLEWOODBANK,381109,200408,1,1,15,1990,381737,201220,11,1,TAXUS,neighbour_SG,1026.5125425439282
N020,15,1990,11,1,TAXUS,381737,201220,3,1,16,1991,381619,201268,11,1,YEW,same_SG,127.38916751435343
N023,9,1984,15,1,KENNEL,382464,200922,2,1,10,1985,382464,200922,15,1,KENNEL,same_SG,0
N028,9,1984,11,1,YEW,381619,201268,3,1,10,1985,381619,201268,11,1,YEW,same_SG,0
N028,12,1987,11,1,TAXUS,381737,201220,1,1,13,1988,381619,201268,11,1,YEW,same_SG,127.38916751435343
N028,13,1988,11,1,YEW,381619,201268,1,1,14,1989,381619,201268,11,1,YEW,same_SG,0
N031,9,1984,12,1,TOP,381795,200962,3,1,10,1985,381795,200962,12,1,TOP,same_SG,0
N031,10,1985,12,1,TOP,381795,200962,3,1,11,1986,381619,201268,11,1,YEW,neighbour_SG,353.0042492662093
N031,11,1986,11,1,YEW,381619,201268,2,1,12,1987,381619,201268,11,1,YEW,same_SG,0
N031,12,1987,11,1,YEW,381619,201268,2,1,13,1988,381619,201268,11,1,YEW,same_SG,0
N033,9,1984,18,1,NETTLE,383024,201142,1,1,10,1985,383024,201142,18,1,NETTLE,same_SG,0
N035,9,1984,22,1,WOODFARM,383337,200429,1,1,10,1985,383337,200429,22,1,WOODFARM,same_SG,0
N035,13,1988,22,1,WOODFARM,383337,200429,1,1,14,1989,383337,200429,22,1,WOODFARM,same_SG,0
N035,16,1991,22,1,WOODFARM,383337,200429,1,1,17,1992,383337,200429,22,1,WOODFARM,same_SG,0
N035,17,1992,22,1,WOODFARM,383337,200429,2,1,18,1993,383337,200429,22,1,WOODFARM,same_SG,0
N035,18,1993,22,1,WOODFARM,383337,200429,2,1,19,1994,383337,200429,22,1,WOODFARM,same_SG,0
N035,19,1994,22,1,WOODFARM,383337,200429,1,1,20,1995,383337,200429,22,1,WOODFARM,same_SG,0
N042,13,1988,17,1,TOPOAK,382616,201525,3,1,14,1989,382624,201274,17,1,OLDOAK,same_SG,251.127457678367
N042,14,1989,17,1,OLDOAK,382624,201274,2,1,15,1990,382624,201274,17,1,OLDOAK,same_SG,0
N042,15,1990,17,1,OLDOAK,382624,201274,2,1,16,1991,382616,201525,17,1,TOPOAK,same_SG,251.127457678367
N044,13,1988,17,1,OLDOAK,382624,201274,1,1,14,1989,382624,201274,17,1,OLDOAK,same_SG,0
N049,9,1984,1,1,WEST,380190,201400,2,1,10,1985,380190,201400,1,1,WEST,same_SG,0
N049,10,1985,1,1,WEST,380190,201400,1,1,11,1986,380190,201400,1,1,WEST,same_SG,0
N049,11,1986,1,1,WEST,380190,201400,3,1,12,1987,380190,201400,1,1,WEST,same_SG,0
N049,14,1989,1,1,WEST,380190,201400,1,1,15,1990,380190,201400,1,1,WEST,same_SG,0
N050,9,1984,4,1,JUNCTION,380841,200432,1,1,10,1985,380812,200417,4,1,OPEN,same_SG,32.64965543462902
N050,10,1985,4,1,OPEN,380812,200417,1,1,11,1986,381109,200408,4,1,THISTLEWOODBANK,same_SG,297.1363323459452
N050,11,1986,4,1,THISTLEWOODBANK,381109,200408,1,1,12,1987,380841,200432,4,1,JUNCTION,same_SG,269.0724809414742
N051,9,1984,4,1,OPEN,380812,200417,1,1,10,1985,380812,200417,4,1,OPEN,same_SG,0
N051,10,1985,4,1,OPEN,380812,200417,2,1,11,1986,381109,200408,4,1,THISTLEWOODBANK,same_SG,297.1363323459452
N051,11,1986,4,1,THISTLEWOODBANK,381109,200408,2,1,12,1987,380812,200417,4,1,OPEN,same_SG,297.1363323459452
N051,12,1987,4,1,OPEN,380812,200417,1,1,13,1988,380841,200432,4,1,JUNCTION,same_SG,32.64965543462902
N052,9,1984,4,1,ARTHURS,380534,200550,2,1,10,1985,380534,200550,4,1,ARTHURS,same_SG,0
N054,9,1984,16,1,PEGLARS,382355,200596,2,1,10,1985,382355,200596,16,1,PEGLARS,same_SG,0
N054,10,1985,16,1,PEGLARS,382355,200596,3,1,11,1986,382355,200596,16,1,PEGLARS,same_SG,0
N054,11,1986,16,1,PEGLARS,382355,200596,2,1,12,1987,382355,200596,16,1,PEGLARS,same_SG,0
N056,9,1984,15,1,KENNEL,382464,200922,2,1,10,1985,382464,200922,15,1,KENNEL,same_SG,0
N057,9,1984,15,1,KENNEL,382464,200922,2,1,10,1985,382464,200922,15,1,KENNEL,same_SG,0
N058,9,1984,11,1,YEW,381619,201268,2,1,10,1985,381619,201268,11,1,YEW,same_SG,0
N059,9,1984,11,1,YEW,381619,201268,2,1,10,1985,381619,201268,11,1,YEW,same_SG,0
N059,10,1985,11,1,YEW,381619,201268,4,1,11,1986,381619,201268,11,1,YEW,same_SG,0
N059,13,1988,11,1,YEW,381619,201268,3,1,14,1989,381619,201268,11,1,YEW,same_SG,0
N060,9,1984,11,1,YEW,381619,201268,2,1,10,1985,381619,201268,11,1,YEW,same_SG,0
N060,10,1985,11,1,YEW,381619,201268,3,1,11,1986,381619,201268,11,1,YEW,same_SG,0
N060,11,1986,11,1,YEW,381619,201268,1,1,12,1987,381737,201220,11,1,TAXUS,same_SG,127.38916751435343
N060,12,1987,11,1,TAXUS,381737,201220,2,1,13,1988,381619,201268,11,1,YEW,same_SG,127.38916751435343
N060,13,1988,11,1,YEW,381619,201268,3,1,14,1989,381619,201268,11,1,YEW,same_SG,0
N060,14,1989,11,1,YEW,381619,201268,2,1,15,1990,381619,201268,11,1,YEW,same_SG,0
N061,9,1984,12,1,TOP,381795,200962,2,1,10,1985,381795,200962,12,1,TOP,same_SG,0
N061,10,1985,12,1,TOP,381795,200962,4,1,11,1986,381795,200962,12,1,TOP,same_SG,0
N062,9,1984,12,1,TOP,381795,200962,2,1,10,1985,381795,200962,12,1,TOP,same_SG,0
N062,10,1985,12,1,TOP,381795,200962,3,1,11,1986,381795,200962,12,1,TOP,same_SG,0
N062,11,1986,12,1,TOP,381795,200962,2,1,12,1987,381795,200962,12,1,TOP,same_SG,0
N063,9,1984,16,1,PEGLARS,382355,200596,2,1,10,1985,382355,200596,16,1,PEGLARS,same_SG,0
N063,10,1985,16,1,PEGLARS,382355,200596,3,1,11,1986,382355,200596,16,1,PEGLARS,same_SG,0
N063,11,1986,16,1,PEGLARS,382355,200596,1,1,12,1987,382355,200596,16,1,PEGLARS,same_SG,0
N063,12,1987,16,1,PEGLARS,382355,200596,1,1,13,1988,382713,200607,16,1,WOODRUSH,same_SG,358.16895454519783
N063,13,1988,16,1,WOODRUSH,382713,200607,1,1,14,1989,382931,200706,21,1,COLLIERSWOOD,neighbour_SG,239.42639787625757
N064,11,1986,4,1,JUNCTION,380841,200432,1,1,12,1987,380841,200432,4,1,JUNCTION,same_SG,0
N064,12,1987,4,1,JUNCTION,380841,200432,1,1,13,1988,380841,200432,4,1,JUNCTION,same_SG,0
N074,9,1984,12,1,TOP,381795,200962,1,1,10,1985,381795,200962,12,1,TOP,same_SG,0
N075,9,1984,15,1,KENNEL,382464,200922,1,1,10,1985,382464,200922,15,1,KENNEL,same_SG,0
O001,7,1982,4,1,JUNCTION,380841,200432,1,2,8,1983,380841,200432,4,1,JUNCTION,same_SG,0
O001,8,1983,4,1,JUNCTION,380841,200432,1,2,9,1984,381109,200408,4,1,THISTLEWOODBANK,same_SG,269.0724809414742
O001,9,1984,4,1,THISTLEWOODBANK,381109,200408,1,2,10,1985,380390,200637,4,1,MEAD,same_SG,754.5873044254058
O004,7,1982,4,1,ARTHURS,380534,200550,2,1,8,1983,380931,201164,3,1,BEECH,nonneighbour_SG,731.1668756173244
O006,7,1982,5,1,JACKSMIREY,380678,200030,1,2,8,1983,380678,200030,5,1,JACKSMIREY,same_SG,0
O007,7,1982,5,1,JACKSMIREY,380678,200030,2,2,8,1983,380678,200030,5,1,JACKSMIREY,same_SG,0
O008,7,1982,12,1,TOP,381795,200962,1,2,8,1983,381795,200962,12,1,TOP,same_SG,0
O008,8,1983,12,1,TOP,381795,200962,2,2,9,1984,381795,200962,12,1,TOP,same_SG,0
O008,11,1986,12,1,TOP,381795,200962,2,2,12,1987,381795,200962,12,1,TOP,same_SG,0
O009,7,1982,5,1,JACKSMIREY,380678,200030,1,2,8,1983,380678,200030,5,1,JACKSMIREY,same_SG,0
O009,8,1983,5,1,JACKSMIREY,380678,200030,2,2,9,1984,380678,200030,5,1,JACKSMIREY,same_SG,0
O015,7,1982,20,1,PARKMILL,383730,200924,1,1,8,1983,383730,200924,20,1,PARKMILL,same_SG,0
O015,8,1983,20,1,PARKMILL,383730,200924,1,1,9,1984,383730,200924,20,1,PARKMILL,same_SG,0
O018,7,1982,16,1,PEGLARS,382355,200596,1,2,8,1983,382355,200596,16,1,PEGLARS,same_SG,0
O018,8,1983,16,1,PEGLARS,382355,200596,1,2,9,1984,382355,200596,16,1,PEGLARS,same_SG,0
O018,9,1984,16,1,PEGLARS,382355,200596,3,2,10,1985,382355,200596,16,1,PEGLARS,same_SG,0
O023,7,1982,1,1,WEST,380190,201400,2,1,8,1983,380190,201400,1,1,WEST,same_SG,0
O024,7,1982,5,1,JACKSMIREY,380678,200030,2,1,8,1983,380678,200030,5,1,JACKSMIREY,same_SG,0
O024,8,1983,5,1,JACKSMIREY,380678,200030,2,1,9,1984,380678,200030,5,1,JACKSMIREY,same_SG,0
O024,12,1987,5,1,JACKSMIREY,380678,200030,2,1,13,1988,380678,200030,5,1,JACKSMIREY,same_SG,0
O024,13,1988,5,1,JACKSMIREY,380678,200030,3,1,14,1989,380678,200030,5,1,JACKSMIREY,same_SG,0
O026,7,1982,1,1,WEST,380190,201400,2,1,8,1983,380190,201400,1,1,WEST,same_SG,0
O026,15,1990,1,1,WEST,380190,201400,1,1,16,1991,380190,201400,1,1,WEST,same_SG,0
O027,7,1982,5,1,JACKSMIREY,380678,200030,2,1,8,1983,380678,200030,5,1,JACKSMIREY,same_SG,0
O028,7,1982,5,1,JACKSMIREY,380678,200030,2,1,8,1983,380678,200030,5,1,JACKSMIREY,same_SG,0
O029,7,1982,1,1,WEST,380190,201400,2,1,8,1983,380190,201400,1,1,WEST,same_SG,0
O029,8,1983,1,1,WEST,380190,201400,1,1,9,1984,380190,201400,1,1,WEST,same_SG,0
O029,9,1984,1,1,WEST,380190,201400,1,1,10,1985,380190,201400,1,1,WEST,same_SG,0
O029,12,1987,1,1,WEST,380190,201400,1,1,13,1988,380190,201400,1,1,WEST,same_SG,0
O029,13,1988,1,1,WEST,380190,201400,1,1,14,1989,380279,201409,1,1,CORRAL,same_SG,89.45389874119518
O030,7,1982,1,1,WEST,380190,201400,1,1,8,1983,380190,201400,1,1,WEST,same_SG,0
O030,8,1983,1,1,WEST,380190,201400,2,1,9,1984,380190,201400,1,1,WEST,same_SG,0
O030,9,1984,1,1,WEST,380190,201400,1,1,10,1985,380541,201242,2,1,LARCH,neighbour_SG,384.92207003496173
O030,10,1985,2,1,LARCH,380541,201242,1,1,11,1986,380621,201409,2,1,BOX,same_SG,185.17289218457435
O030,11,1986,2,1,BOX,380621,201409,1,1,12,1987,380534,200550,4,1,ARTHURS,nonneighbour_SG,863.3944637302234
O032,7,1982,14,1,GIANTBEECH,382420,201405,1,1,8,1983,382049,201493,14,1,COLEPARK,same_SG,381.29384993728917
P005,8,1983,9,1,LAURELS,381180,201357,2,1,9,1984,381357,201285,10,1,SEPTICTANK,neighbour_SG,191.08375127153016
P005,9,1984,10,1,SEPTICTANK,381357,201285,1,1,10,1985,381357,201285,10,1,SEPTICTANK,same_SG,0
P005,10,1985,10,1,SEPTICTANK,381357,201285,1,1,11,1986,381503,201484,13,1,OLDPONDDRAIN,neighbour_SG,246.81369491987272
P005,11,1986,13,1,OLDPONDDRAIN,381503,201484,1,1,12,1987,381180,201357,9,1,LAURELS,nonneighbour_SG,347.0705980056507
P005,12,1987,9,1,LAURELS,381180,201357,1,1,13,1988,381357,201285,10,1,SEPTICTANK,neighbour_SG,191.08375127153016
P005,13,1988,10,1,SEPTICTANK,381357,201285,2,1,14,1989,381180,201357,9,1,LAURELS,neighbour_SG,191.08375127153016
P005,14,1989,9,1,LAURELS,381180,201357,1,1,15,1990,381180,201357,9,1,LAURELS,same_SG,0
P005,15,1990,9,1,LAURELS,381180,201357,1,1,16,1991,381180,201357,9,1,LAURELS,same_SG,0
P008,8,1983,11,1,YEW,381619,201268,3,1,9,1984,381737,201220,11,1,TAXUS,same_SG,127.38916751435343
P009,8,1983,9,1,LAURELS,381180,201357,2,1,9,1984,381281,201324,10,1,RUSTYTRAP,neighbour_SG,106.25441167311595
P009,9,1984,10,1,RUSTYTRAP,381281,201324,2,1,10,1985,381503,201484,13,1,OLDPONDDRAIN,neighbour_SG,273.64941074301623
P009,10,1985,13,1,OLDPONDDRAIN,381503,201484,1,1,11,1986,381180,201357,9,1,LAURELS,nonneighbour_SG,347.0705980056507
P009,11,1986,9,1,LAURELS,381180,201357,2,1,12,1987,381180,201357,9,1,LAURELS,same_SG,0
P009,12,1987,9,1,LAURELS,381180,201357,3,1,13,1988,381180,201357,9,1,LAURELS,same_SG,0
P009,13,1988,9,1,LAURELS,381180,201357,2,1,14,1989,381357,201285,10,1,SEPTICTANK,neighbour_SG,191.08375127153016
P009,14,1989,10,1,SEPTICTANK,381357,201285,2,1,15,1990,381503,201484,13,1,OLDPONDDRAIN,neighbour_SG,246.81369491987272
P009,15,1990,13,1,OLDPONDDRAIN,381503,201484,2,1,16,1991,381180,201357,9,1,LAURELS,nonneighbour_SG,347.0705980056507
P010,8,1983,11,1,YEW,381619,201268,3,1,9,1984,381737,201220,11,1,TAXUS,same_SG,127.38916751435343
P011,8,1983,5,1,JACKSMIREY,380678,200030,2,1,9,1984,380678,200030,5,1,JACKSMIREY,same_SG,0
P011,9,1984,5,1,JACKSMIREY,380678,200030,3,1,10,1985,380678,200030,5,1,JACKSMIREY,same_SG,0
P012,8,1983,9,1,LAURELS,381180,201357,1,1,9,1984,381180,201357,9,1,LAURELS,same_SG,0
P012,9,1984,9,1,LAURELS,381180,201357,1,1,10,1985,381503,201484,13,1,OLDPONDDRAIN,nonneighbour_SG,347.0705980056507
P012,10,1985,13,1,OLDPONDDRAIN,381503,201484,2,1,11,1986,381503,201484,13,1,OLDPONDDRAIN,same_SG,0
P012,11,1986,13,1,OLDPONDDRAIN,381503,201484,2,1,12,1987,381357,201285,10,1,SEPTICTANK,neighbour_SG,246.81369491987272
P013,8,1983,9,1,LAURELS,381180,201357,1,1,9,1984,381357,201285,10,1,SEPTICTANK,neighbour_SG,191.08375127153016
P013,9,1984,10,1,SEPTICTANK,381357,201285,1,1,10,1985,381180,201357,9,1,LAURELS,neighbour_SG,191.08375127153016
P013,10,1985,9,1,LAURELS,381180,201357,1,1,11,1986,381357,201285,10,1,SEPTICTANK,neighbour_SG,191.08375127153016
P013,11,1986,10,1,SEPTICTANK,381357,201285,1,1,12,1987,381931,201706,8,1,HONEYWELL,nonneighbour_SG,711.8405720384305
P013,12,1987,8,1,HONEYWELL,381931,201706,1,1,13,1988,381022,201589,6,1,CEDAR,nonneighbour_SG,916.4987725032696
P013,13,1988,6,1,CEDAR,381022,201589,1,1,14,1989,381503,201484,13,1,OLDPONDDRAIN,nonneighbour_SG,492.3271270202364
P014,8,1983,5,1,JACKSMIREY,380678,200030,3,1,9,1984,380678,200030,5,1,JACKSMIREY,same_SG,0
P015,8,1983,1,1,WEST,380190,201400,3,1,9,1984,380190,201400,1,1,WEST,same_SG,0
P016,8,1983,1,1,WEST,380190,201400,3,1,9,1984,380190,201400,1,1,WEST,same_SG,0
P016,9,1984,1,1,WEST,380190,201400,1,1,10,1985,380190,201400,1,1,WEST,same_SG,0
P016,12,1987,1,1,WEST,380190,201400,1,1,13,1988,380190,201400,1,1,WEST,same_SG,0
P018,8,1983,11,1,YEW,381619,201268,2,1,9,1984,381737,201220,11,1,TAXUS,same_SG,127.38916751435343
P018,9,1984,11,1,TAXUS,381737,201220,1,1,10,1985,381619,201268,11,1,YEW,same_SG,127.38916751435343
P018,12,1987,11,1,YEW,381619,201268,1,1,13,1988,381737,201220,11,1,TAXUS,same_SG,127.38916751435343
P018,13,1988,11,1,TAXUS,381737,201220,1,1,14,1989,381109,200408,4,1,THISTLEWOODBANK,neighbour_SG,1026.5125425439282
P018,14,1989,4,1,THISTLEWOODBANK,381109,200408,1,1,15,1990,381737,201220,11,1,TAXUS,neighbour_SG,1026.5125425439282
P018,15,1990,11,1,TAXUS,381737,201220,1,1,16,1991,381737,201220,11,1,TAXUS,same_SG,0
P020,8,1983,16,1,PEGLARS,382355,200596,1,1,9,1984,382355,200596,16,1,PEGLARS,same_SG,0
P020,12,1987,16,1,PEGLARS,382355,200596,2,1,13,1988,382355,200596,16,1,PEGLARS,same_SG,0
P020,13,1988,16,1,PEGLARS,382355,200596,2,1,14,1989,382355,200596,16,1,PEGLARS,same_SG,0
P020,14,1989,16,1,PEGLARS,382355,200596,1,1,15,1990,382355,200596,16,1,PEGLARS,same_SG,0
P020,15,1990,16,1,PEGLARS,382355,200596,1,1,16,1991,382355,200596,16,1,PEGLARS,same_SG,0
P020,16,1991,16,1,PEGLARS,382355,200596,2,1,17,1992,382355,200596,16,1,PEGLARS,same_SG,0
P020,17,1992,16,1,PEGLARS,382355,200596,2,1,18,1993,382355,200596,16,1,PEGLARS,same_SG,0
P020,18,1993,16,1,PEGLARS,382355,200596,1,1,19,1994,382355,200596,16,1,PEGLARS,same_SG,0
P021,8,1983,21,1,COLLIERSWOOD,382931,200706,1,1,9,1984,382786,200771,16,1,FORK,neighbour_SG,158.90248582070703
P028,8,1983,16,1,PEGLARS,382355,200596,1,2,9,1984,382355,200596,16,1,PEGLARS,same_SG,0
P028,9,1984,16,1,PEGLARS,382355,200596,2,2,10,1985,382355,200596,16,1,PEGLARS,same_SG,0
P028,10,1985,16,1,PEGLARS,382355,200596,2,2,11,1986,382355,200596,16,1,PEGLARS,same_SG,0
P028,13,1988,16,1,FORK,382786,200771,3,2,14,1989,382931,200706,21,1,COLLIERSWOOD,neighbour_SG,158.90248582070703
P028,14,1989,21,1,COLLIERSWOOD,382931,200706,2,2,15,1990,382931,200706,21,1,COLLIERSWOOD,same_SG,0
P028,15,1990,21,1,COLLIERSWOOD,382931,200706,2,2,16,1991,382786,200771,16,1,FORK,neighbour_SG,158.90248582070703
P028,16,1991,16,1,FORK,382786,200771,3,2,17,1992,382713,200607,16,1,WOODRUSH,same_SG,179.51323071016242
P028,17,1992,16,1,WOODRUSH,382713,200607,2,2,18,1993,382713,200607,16,1,WOODRUSH,same_SG,0
P028,18,1993,16,1,WOODRUSH,382713,200607,1,2,19,1994,382786,200771,16,1,FORK,same_SG,179.51323071016242
P028,19,1994,16,1,FORK,382786,200771,1,2,20,1995,382713,200607,16,1,WOODRUSH,same_SG,179.51323071016242
P035,11,1986,15,1,KENNEL,382464,200922,2,1,12,1987,382464,200922,15,1,KENNEL,same_SG,0
P050,8,1983,4,1,ARTHURS,380534,200550,2,1,9,1984,380534,200550,4,1,ARTHURS,same_SG,0
P051,8,1983,4,1,OPEN,380812,200417,2,1,9,1984,380906,200398,4,1,EARTH,same_SG,95.90099061010788
P051,9,1984,4,1,EARTH,380906,200398,1,1,10,1985,381109,200408,4,1,THISTLEWOODBANK,same_SG,203.24615617521528
P051,10,1985,4,1,THISTLEWOODBANK,381109,200408,1,1,11,1986,381109,200408,4,1,THISTLEWOODBANK,same_SG,0
P052,8,1983,4,1,ARTHURS,380534,200550,2,1,9,1984,380534,200550,4,1,ARTHURS,same_SG,0
P052,9,1984,4,1,ARTHURS,380534,200550,3,1,10,1985,380534,200550,4,1,ARTHURS,same_SG,0
P052,12,1987,4,1,ARTHURS,380534,200550,2,1,13,1988,380534,200550,4,1,ARTHURS,same_SG,0
P052,13,1988,4,1,ARTHURS,380534,200550,1,1,14,1989,380625,200466,4,1,BRAMBLE,same_SG,123.84264209067892
P052,14,1989,4,1,BRAMBLE,380625,200466,1,1,15,1990,380534,200550,4,1,ARTHURS,same_SG,123.84264209067892
P053,8,1983,1,1,WEST,380190,201400,2,1,9,1984,380190,201400,1,1,WEST,same_SG,0
P053,9,1984,1,1,WEST,380190,201400,1,1,10,1985,380190,201400,1,1,WEST,same_SG,0
P054,8,1983,2,1,LARCH,380541,201242,2,1,9,1984,380621,201409,2,1,BOX,same_SG,185.17289218457435
P054,9,1984,2,1,BOX,380621,201409,1,1,10,1985,380541,201242,2,1,LARCH,same_SG,185.17289218457435
P054,12,1987,2,1,LARCH,380541,201242,2,1,13,1988,380621,201409,2,1,BOX,same_SG,185.17289218457435
P054,13,1988,2,1,BOX,380621,201409,1,1,14,1989,380541,201242,2,1,LARCH,same_SG,185.17289218457435
P054,14,1989,2,1,LARCH,380541,201242,2,1,15,1990,380621,201409,2,1,BOX,same_SG,185.17289218457435
P054,15,1990,2,1,BOX,380621,201409,1,1,16,1991,380621,201409,2,1,BOX,same_SG,0
P054,16,1991,2,1,BOX,380621,201409,2,1,17,1992,380621,201409,2,1,BOX,same_SG,0
P058,9,1984,21,1,COLLIERSWOOD,382931,200706,2,2,10,1985,382931,200706,21,1,COLLIERSWOOD,same_SG,0
P059,8,1983,16,1,PEGLARS,382355,200596,2,1,9,1984,382355,200596,16,1,PEGLARS,same_SG,0
P059,9,1984,16,1,PEGLARS,382355,200596,3,1,10,1985,382355,200596,16,1,PEGLARS,same_SG,0
P059,10,1985,16,1,PEGLARS,382355,200596,1,1,11,1986,382355,200596,16,1,PEGLARS,same_SG,0
Q002,24,1999,4,1,ARTHURS,380534,200550,1,2,25,2000,380534,200550,4,1,ARTHURS,same_SG,0
Q007,24,1999,16,1,FORK,382786,200771,1,2,25,2000,383337,200429,22,1,WOODFARM,nonneighbour_SG,648.5098303032885
Q007,25,2000,22,1,WOODFARM,383337,200429,1,2,26,2001,383337,200429,22,1,WOODFARM,same_SG,0
Q007,26,2001,22,1,WOODFARM,383337,200429,1,2,27,2002,382931,200706,21,1,COLLIERSWOOD,neighbour_SG,491.49262456317695
Q012,24,1999,4,1,MEAD,380390,200637,2,1,25,2000,380534,200550,4,1,ARTHURS,same_SG,168.24089871371942
Q014,24,1999,4,1,ARTHURS,380534,200550,1,1,25,2000,380841,200432,4,1,JUNCTION,same_SG,328.89664029904594
Q015,24,1999,1,1,WEST,380190,201400,1,1,25,2000,380190,201400,1,1,WEST,same_SG,0
Q015,25,2000,1,1,WEST,380190,201400,2,1,26,2001,380621,201409,2,1,BOX,neighbour_SG,431.0939572761372
Q015,26,2001,2,1,BOX,380621,201409,2,1,27,2002,380621,201409,2,1,BOX,same_SG,0
Q015,27,2002,2,1,BOX,380621,201409,2,1,28,2003,380190,201400,1,1,WEST,neighbour_SG,431.0939572761372
Q015,28,2003,1,1,WEST,380190,201400,1,1,29,2004,380541,201242,2,1,LARCH,neighbour_SG,384.92207003496173
Q016,24,1999,1,1,WEST,380190,201400,2,1,25,2000,380190,201400,1,1,WEST,same_SG,0
Q026,24,1999,4,1,ARTHURS,380534,200550,1,1,25,2000,380841,200432,4,1,JUNCTION,same_SG,328.89664029904594
Q026,25,2000,4,1,JUNCTION,380841,200432,1,1,26,2001,380534,200550,4,1,ARTHURS,same_SG,328.89664029904594
Q026,26,2001,4,1,ARTHURS,380534,200550,1,1,27,2002,381109,200408,4,1,THISTLEWOODBANK,same_SG,592.2744296354521
Q027,24,1999,4,1,ARTHURS,380534,200550,2,1,25,2000,380534,200550,4,1,ARTHURS,same_SG,0
Q028,24,1999,4,1,JUNCTION,380841,200432,2,1,25,2000,380841,200432,4,1,JUNCTION,same_SG,0
Q028,25,2000,4,1,JUNCTION,380841,200432,3,1,26,2001,380841,200432,4,1,JUNCTION,same_SG,0
Q028,26,2001,4,1,JUNCTION,380841,200432,1,1,27,2002,380841,200432,4,1,JUNCTION,same_SG,0
Q028,27,2002,4,1,JUNCTION,380841,200432,1,1,28,2003,380841,200432,4,1,JUNCTION,same_SG,0
Q028,28,2003,4,1,JUNCTION,380841,200432,1,1,29,2004,381109,200408,4,1,THISTLEWOODBANK,same_SG,269.0724809414742
Q028,29,2004,4,1,THISTLEWOODBANK,381109,200408,1,1,30,2005,380841,200432,4,1,JUNCTION,same_SG,269.0724809414742
Q028,30,2005,4,1,JUNCTION,380841,200432,1,1,31,2006,381109,200408,4,1,THISTLEWOODBANK,same_SG,269.0724809414742
Q028,35,2010,4,1,JUNCTION,380841,200432,2,1,36,2011,380841,200432,4,1,JUNCTION,same_SG,0
Q029,24,1999,16,1,WOODRUSH,382713,200607,2,1,25,2000,382786,200771,16,1,FORK,same_SG,179.51323071016242
Q029,25,2000,16,1,FORK,382786,200771,2,1,26,2001,382786,200771,16,1,FORK,same_SG,0
Q031,24,1999,15,1,KENNEL,382464,200922,3,1,25,2000,382464,200922,15,1,KENNEL,same_SG,0
Q031,25,2000,15,1,KENNEL,382464,200922,1,1,26,2001,382464,200922,15,1,KENNEL,same_SG,0
Q032,24,1999,15,1,BOG,382099,200773,2,1,25,2000,382099,200773,15,1,BOG,same_SG,0
Q032,25,2000,15,1,BOG,382099,200773,2,1,26,2001,382099,200773,15,1,BOG,same_SG,0
Q032,26,2001,15,1,BOG,382099,200773,2,1,27,2002,382355,200596,16,1,PEGLARS,neighbour_SG,311.231425148554
Q033,24,1999,16,1,WOODRUSH,382713,200607,3,1,25,2000,382786,200771,16,1,FORK,same_SG,179.51323071016242
Q033,25,2000,16,1,FORK,382786,200771,2,1,26,2001,382713,200607,16,1,WOODRUSH,same_SG,179.51323071016242
Q033,26,2001,16,1,WOODRUSH,382713,200607,2,1,27,2002,382713,200607,16,1,WOODRUSH,same_SG,0
Q033,27,2002,16,1,WOODRUSH,382713,200607,2,1,28,2003,382786,200771,16,1,FORK,same_SG,179.51323071016242
Q033,28,2003,16,1,FORK,382786,200771,1,1,29,2004,382786,200771,16,1,FORK,same_SG,0
Q033,29,2004,16,1,FORK,382786,200771,2,1,30,2005,382713,200607,16,1,WOODRUSH,same_SG,179.51323071016242
Q033,30,2005,16,1,WOODRUSH,382713,200607,2,1,31,2006,382786,200771,16,1,FORK,same_SG,179.51323071016242
Q036,24,1999,20,1,PARKMILL,383730,200924,2,1,25,2000,383730,200924,20,1,PARKMILL,same_SG,0
Q036,25,2000,20,1,PARKMILL,383730,200924,3,1,26,2001,383730,200924,20,1,PARKMILL,same_SG,0
Q036,26,2001,20,1,PARKMILL,383730,200924,1,1,27,2002,383730,200924,20,1,PARKMILL,same_SG,0
Q036,27,2002,20,1,PARKMILL,383730,200924,2,1,28,2003,383730,200924,20,1,PARKMILL,same_SG,0
Q036,30,2005,20,1,PARKMILL,383730,200924,2,1,31,2006,383412,200931,20,1,SCOTLANDBANK,same_SG,318.0770346944274
Q036,31,2006,20,1,SCOTLANDBANK,383412,200931,2,1,32,2007,383730,200924,20,1,PARKMILL,same_SG,318.0770346944274
Q038,24,1999,3,1,BEECH,380931,201164,2,1,25,2000,380834,201150,3,1,CHESNUT,same_SG,98.00510190801293
Q039,24,1999,15,1,KENNEL,382464,200922,3,1,25,2000,382464,200922,15,1,KENNEL,same_SG,0
Q039,25,2000,15,1,KENNEL,382464,200922,3,1,26,2001,382399,200920,15,1,CULDESAC,same_SG,65.03076195155643
Q039,26,2001,15,1,CULDESAC,382399,200920,1,1,27,2002,382464,200922,15,1,KENNEL,same_SG,65.03076195155643
Q041,24,1999,12,1,TOP,381795,200962,2,1,25,2000,381795,200962,12,1,TOP,same_SG,0
Q046,24,1999,3,1,CHESNUT,380834,201150,2,1,25,2000,380931,201164,3,1,BEECH,same_SG,98.00510190801293
Q046,25,2000,3,1,BEECH,380931,201164,2,1,26,2001,380931,201164,3,1,BEECH,same_SG,0
Q048,24,1999,21,1,COLLIERSWOOD,382931,200706,2,1,25,2000,382931,200706,21,1,COLLIERSWOOD,same_SG,0
Q048,25,2000,21,1,COLLIERSWOOD,382931,200706,3,1,26,2001,382931,200706,21,1,COLLIERSWOOD,same_SG,0
Q049,24,1999,10,1,SEPTICTANK,381357,201285,2,1,25,2000,381180,201357,9,1,LAURELS,neighbour_SG,191.08375127153016
Q049,25,2000,9,1,LAURELS,381180,201357,1,1,26,2001,380834,201150,3,1,CHESNUT,neighbour_SG,403.1935019317648
Q052,24,1999,10,1,SEPTICTANK,381357,201285,2,1,25,2000,381357,201285,10,1,SEPTICTANK,same_SG,0
Q052,25,2000,10,1,SEPTICTANK,381357,201285,2,1,26,2001,381619,201268,11,1,YEW,neighbour_SG,262.5509474368737
Q053,24,1999,10,1,SEPTICTANK,381357,201285,3,1,25,2000,381180,201357,9,1,LAURELS,neighbour_SG,191.08375127153016
Q054,24,1999,16,1,PEGLARS,382355,200596,2,1,25,2000,382355,200596,16,1,PEGLARS,same_SG,0
Q058,24,1999,15,1,BOG,382099,200773,2,1,25,2000,382099,200773,15,1,BOG,same_SG,0
Q059,24,1999,3,1,CHESNUT,380834,201150,2,1,25,2000,380931,201164,3,1,BEECH,same_SG,98.00510190801293
Q059,25,2000,3,1,BEECH,380931,201164,2,1,26,2001,380834,201150,3,1,CHESNUT,same_SG,98.00510190801293
Q064,24,1999,20,1,PARKMILL,383730,200924,2,1,25,2000,383730,200924,20,1,PARKMILL,same_SG,0
Q065,24,1999,20,1,PARKMILL,383730,200924,1,1,25,2000,383730,200924,20,1,PARKMILL,same_SG,0
Q065,25,2000,20,1,PARKMILL,383730,200924,2,1,26,2001,383730,200924,20,1,PARKMILL,same_SG,0
Q065,26,2001,20,1,PARKMILL,383730,200924,1,1,27,2002,383730,200924,20,1,PARKMILL,same_SG,0
Q066,24,1999,20,1,PARKMILL,383730,200924,1,1,25,2000,383730,200924,20,1,PARKMILL,same_SG,0
Q066,25,2000,20,1,PARKMILL,383730,200924,1,1,26,2001,380625,200466,4,1,BRAMBLE,nonneighbour_SG,3138.5966609298493
Q066,32,2007,19,1,DAM,383126,200958,1,1,33,2008,383730,200924,20,1,PARKMILL,neighbour_SG,604.9561967613854
Q067,24,1999,22,1,WOODFARM,383337,200429,2,1,25,2000,383337,200429,22,1,WOODFARM,same_SG,0
Q067,25,2000,22,1,WOODFARM,383337,200429,3,1,26,2001,383635,200531,999,2,WINDSOREDGE,peripheral,314.97301471713416
Q069,24,1999,22,1,WOODFARM,383337,200429,2,1,25,2000,383337,200429,22,1,WOODFARM,same_SG,0
Q070,24,1999,22,1,WOODFARM,383337,200429,2,1,25,2000,383337,200429,22,1,WOODFARM,same_SG,0
Q070,25,2000,22,1,WOODFARM,383337,200429,2,1,26,2001,383635,200531,999,2,WINDSOREDGE,peripheral,314.97301471713416
Q072,24,1999,18,1,NETTLE,383024,201142,1,2,25,2000,383024,201142,18,1,NETTLE,same_SG,0
Q072,25,2000,18,1,NETTLE,383024,201142,2,2,26,2001,383024,201142,18,1,NETTLE,same_SG,0
Q072,26,2001,18,1,NETTLE,383024,201142,1,2,27,2002,383024,201142,18,1,NETTLE,same_SG,0
Q072,27,2002,18,1,NETTLE,383024,201142,1,2,28,2003,382624,201274,17,1,OLDOAK,neighbour_SG,421.2172835960082
Q072,30,2005,17,1,OLDOAK,382624,201274,1,2,31,2006,382624,201274,17,1,OLDOAK,same_SG,0
Q073,24,1999,7,1,BULLPEN,381230,201693,1,1,25,2000,381370,201620,7,1,BREAKHEART,same_SG,157.88920165736477
Q074,24,1999,6,1,CEDAR,381022,201589,1,1,25,2000,380856,201662,6,1,RABBIT,same_SG,181.34221791960084
Q074,25,2000,6,1,RABBIT,380856,201662,2,1,26,2001,381022,201589,6,1,CEDAR,same_SG,181.34221791960084
Q074,26,2001,6,1,CEDAR,381022,201589,2,1,27,2002,381022,201589,6,1,CEDAR,same_SG,0
Q074,27,2002,6,1,CEDAR,381022,201589,1,1,28,2003,381022,201589,6,1,CEDAR,same_SG,0
Q074,28,2003,6,1,CEDAR,381022,201589,1,1,29,2004,380856,201662,6,1,RABBIT,same_SG,181.34221791960084
Q074,29,2004,6,1,RABBIT,380856,201662,1,1,30,2005,380856,201662,6,1,RABBIT,same_SG,0
Q074,30,2005,6,1,RABBIT,380856,201662,2,1,31,2006,381022,201589,6,1,CEDAR,same_SG,181.34221791960084
Q074,31,2006,6,1,CEDAR,381022,201589,1,1,32,2007,381016,201635,6,1,FOX,same_SG,46.389654018972806
Q074,32,2007,6,1,FOX,381016,201635,1,1,33,2008,380856,201662,6,1,RABBIT,same_SG,162.2621335986927
Q075,24,1999,4,1,TIP,380475,200580,1,1,25,2000,380625,200466,4,1,BRAMBLE,same_SG,188.403821617291
Q077,24,1999,4,1,TIP,380475,200580,1,1,25,2000,380534,200550,4,1,ARTHURS,same_SG,66.18912297349165
Q077,25,2000,4,1,ARTHURS,380534,200550,1,1,26,2001,380534,200550,4,1,ARTHURS,same_SG,0
Q077,26,2001,4,1,ARTHURS,380534,200550,1,1,27,2002,380678,200030,5,1,JACKSMIREY,neighbour_SG,539.570199325352
Q077,27,2002,5,1,JACKSMIREY,380678,200030,1,1,28,2003,380678,200030,5,1,JACKSMIREY,same_SG,0
Q077,28,2003,5,1,JACKSMIREY,380678,200030,1,1,29,2004,380678,200030,5,1,JACKSMIREY,same_SG,0
Q078,24,1999,1,1,CORRAL,380279,201409,1,1,25,2000,380190,201400,1,1,WEST,same_SG,89.45389874119518
Q078,25,2000,1,1,WEST,380190,201400,3,1,26,2001,380190,201400,1,1,WEST,same_SG,0
Q078,26,2001,1,1,WEST,380190,201400,2,1,27,2002,380190,201400,1,1,WEST,same_SG,0
Q079,24,1999,2,1,JACOBS,380387,201401,1,1,25,2000,380190,201400,1,1,WEST,neighbour_SG,197.00253805471644
Q080,24,1999,1,1,CORRAL,380279,201409,1,1,25,2000,380190,201400,1,1,WEST,same_SG,89.45389874119518
Q081,24,1999,4,1,OPEN,380812,200417,2,1,25,2000,380841,200432,4,1,JUNCTION,same_SG,32.64965543462902
Q081,25,2000,4,1,JUNCTION,380841,200432,2,1,26,2001,380841,200432,4,1,JUNCTION,same_SG,0
Q081,26,2001,4,1,JUNCTION,380841,200432,1,1,27,2002,380841,200432,4,1,JUNCTION,same_SG,0
Q081,27,2002,4,1,JUNCTION,380841,200432,2,1,28,2003,380841,200432,4,1,JUNCTION,same_SG,0
Q081,28,2003,4,1,JUNCTION,380841,200432,1,1,29,2004,380906,200398,4,1,EARTH,same_SG,73.35529974037323
Q081,29,2004,4,1,EARTH,380906,200398,1,1,30,2005,380841,200432,4,1,JUNCTION,same_SG,73.35529974037323
Q081,30,2005,4,1,JUNCTION,380841,200432,1,1,31,2006,380841,200432,4,1,JUNCTION,same_SG,0
Q081,31,2006,4,1,JUNCTION,380841,200432,1,1,32,2007,381109,200408,4,1,THISTLEWOODBANK,same_SG,269.0724809414742
Q081,32,2007,4,1,THISTLEWOODBANK,381109,200408,1,1,33,2008,381109,200408,4,1,THISTLEWOODBANK,same_SG,0
Q081,33,2008,4,1,THISTLEWOODBANK,381109,200408,1,1,34,2009,380841,200432,4,1,JUNCTION,same_SG,269.0724809414742
Q081,34,2009,4,1,JUNCTION,380841,200432,3,1,35,2010,380841,200432,4,1,JUNCTION,same_SG,0
Q082,24,1999,5,1,JACKSMIREY,380678,200030,1,1,25,2000,380678,200030,5,1,JACKSMIREY,same_SG,0
Q083,24,1999,5,1,JACKSMIREY,380678,200030,2,1,25,2000,380678,200030,5,1,JACKSMIREY,same_SG,0
Q083,25,2000,5,1,JACKSMIREY,380678,200030,3,1,26,2001,380678,200030,5,1,JACKSMIREY,same_SG,0
Q084,24,1999,1,1,WEST,380190,201400,1,1,25,2000,380190,201400,1,1,WEST,same_SG,0
Q084,25,2000,1,1,WEST,380190,201400,2,1,26,2001,380190,201400,1,1,WEST,same_SG,0
Q084,26,2001,1,1,WEST,380190,201400,1,1,27,2002,380190,201400,1,1,WEST,same_SG,0
Q085,24,1999,3,1,BEECH,380931,201164,1,1,25,2000,380834,201150,3,1,CHESNUT,same_SG,98.00510190801293
Q086,24,1999,21,1,COLLIERSWOOD,382931,200706,2,1,25,2000,382931,200706,21,1,COLLIERSWOOD,same_SG,0
Q086,25,2000,21,1,COLLIERSWOOD,382931,200706,3,1,26,2001,382931,200706,21,1,COLLIERSWOOD,same_SG,0
Q088,24,1999,8,1,FOREST,381920,201658,1,2,25,2000,382049,201493,14,1,COLEPARK,neighbour_SG,209.44211610848473
Q093,24,1999,22,1,WOODFARM,383337,200429,2,1,25,2000,383337,200429,22,1,WOODFARM,same_SG,0
Q093,25,2000,22,1,WOODFARM,383337,200429,3,1,26,2001,383337,200429,22,1,WOODFARM,same_SG,0
Q094,24,1999,20,1,PARKMILL,383730,200924,2,1,25,2000,383730,200924,20,1,PARKMILL,same_SG,0
Q094,25,2000,20,1,PARKMILL,383730,200924,1,1,26,2001,383730,200924,20,1,PARKMILL,same_SG,0
Q094,26,2001,20,1,PARKMILL,383730,200924,3,1,27,2002,383730,200924,20,1,PARKMILL,same_SG,0
Q094,27,2002,20,1,PARKMILL,383730,200924,2,1,28,2003,383730,200924,20,1,PARKMILL,same_SG,0
Q094,32,2007,20,1,PARKMILL,383730,200924,1,1,33,2008,383730,200924,20,1,PARKMILL,same_SG,0
Q095,24,1999,6,1,CEDAR,381022,201589,2,2,25,2000,381022,201589,6,1,CEDAR,same_SG,0
Q096,24,1999,4,1,ARTHURS,380534,200550,1,1,25,2000,380812,200417,4,1,OPEN,same_SG,308.1768972522113
Q097,24,1999,15,1,BOG,382099,200773,1,2,25,2000,382099,200773,15,1,BOG,same_SG,0
Q098,24,1999,16,1,PEGLARS,382355,200596,1,1,25,2000,382355,200596,16,1,PEGLARS,same_SG,0
Q098,25,2000,16,1,PEGLARS,382355,200596,3,1,26,2001,382124,200793,15,1,WINDFALL,neighbour_SG,303.5951251255527
R003,3,1978,11,1,TAXUS,381737,201220,1,2,4,1979,381619,201268,11,1,YEW,same_SG,127.38916751435343
R008,3,1978,8,1,HONEYWELL,381931,201706,1,2,4,1979,381931,201706,8,1,HONEYWELL,same_SG,0
R010,3,1978,17,1,OLDOAK,382624,201274,1,2,4,1979,382616,201525,17,1,TOPOAK,same_SG,251.127457678367
R010,4,1979,17,1,TOPOAK,382616,201525,1,2,5,1980,382624,201274,17,1,OLDOAK,same_SG,251.127457678367
R011,3,1978,8,1,HONEYWELL,381931,201706,1,1,4,1979,381931,201706,8,1,HONEYWELL,same_SG,0
R013,3,1978,2,1,LARCH,380541,201242,1,1,4,1979,380541,201242,2,1,LARCH,same_SG,0
R013,4,1979,2,1,LARCH,380541,201242,1,1,5,1980,380541,201242,2,1,LARCH,same_SG,0
R013,5,1980,2,1,LARCH,380541,201242,1,1,6,1981,380541,201242,2,1,LARCH,same_SG,0
R013,6,1981,2,1,LARCH,380541,201242,1,1,7,1982,380541,201242,2,1,LARCH,same_SG,0
R013,7,1982,2,1,LARCH,380541,201242,2,1,8,1983,380621,201409,2,1,BOX,same_SG,185.17289218457435
R013,12,1987,2,1,BOX,380621,201409,1,1,13,1988,380621,201409,2,1,BOX,same_SG,0
R013,13,1988,2,1,BOX,380621,201409,1,1,14,1989,380621,201409,2,1,BOX,same_SG,0
R014,3,1978,2,1,LARCH,380541,201242,1,1,4,1979,380541,201242,2,1,LARCH,same_SG,0
R014,4,1979,2,1,LARCH,380541,201242,1,1,5,1980,380541,201242,2,1,LARCH,same_SG,0
R016,5,1980,3,1,BEECH,380931,201164,1,1,6,1981,380931,201164,3,1,BEECH,same_SG,0
R016,6,1981,3,1,BEECH,380931,201164,1,1,7,1982,380931,201164,3,1,BEECH,same_SG,0
R016,7,1982,3,1,BEECH,380931,201164,1,1,8,1983,380931,201164,3,1,BEECH,same_SG,0
R016,8,1983,3,1,BEECH,380931,201164,1,1,9,1984,380931,201164,3,1,BEECH,same_SG,0
R025,3,1978,15,1,WYCHELM,382074,201085,1,2,4,1979,382464,200922,15,1,KENNEL,same_SG,422.6925596695546
R025,4,1979,15,1,KENNEL,382464,200922,1,2,5,1980,382464,200922,15,1,KENNEL,same_SG,0
R025,5,1980,15,1,KENNEL,382464,200922,1,2,6,1981,382464,200922,15,1,KENNEL,same_SG,0
R028,3,1978,18,1,NETTLE,383024,201142,1,2,4,1979,383024,201142,18,1,NETTLE,same_SG,0
R028,4,1979,18,1,NETTLE,383024,201142,1,2,5,1980,383024,201142,18,1,NETTLE,same_SG,0
R028,5,1980,18,1,NETTLE,383024,201142,1,2,6,1981,383024,201142,18,1,NETTLE,same_SG,0
R029,3,1978,15,1,KENNEL,382464,200922,1,2,4,1979,382464,200922,15,1,KENNEL,same_SG,0
R032,3,1978,12,1,TOP,381795,200962,1,2,4,1979,381795,200962,12,1,TOP,same_SG,0
R033,3,1978,18,1,NETTLE,383024,201142,1,2,4,1979,383024,201142,18,1,NETTLE,same_SG,0
R034,3,1978,18,1,NETTLE,383024,201142,1,2,4,1979,383024,201142,18,1,NETTLE,same_SG,0
R042,3,1978,12,1,TOP,381795,200962,1,2,4,1979,382786,200771,16,1,FORK,nonneighbour_SG,1009.2383266602592
R044,3,1978,15,1,KENNEL,382464,200922,1,2,4,1979,382931,200706,21,1,COLLIERSWOOD,nonneighbour_SG,514.5337695428747
R053,3,1978,22,1,WOODFARM,383337,200429,1,2,4,1979,383337,200429,22,1,WOODFARM,same_SG,0
R057,3,1978,4,1,BUSH,380707,200454,1,2,4,1979,380841,200432,4,1,JUNCTION,same_SG,135.79396157414365
R058,3,1978,4,1,JUNCTION,380841,200432,1,2,4,1979,380841,200432,4,1,JUNCTION,same_SG,0
R063,3,1978,4,1,BUSH,380707,200454,1,2,4,1979,380841,200432,4,1,JUNCTION,same_SG,135.79396157414365
R064,3,1978,4,1,JUNCTION,380841,200432,1,1,4,1979,380841,200432,4,1,JUNCTION,same_SG,0
R065,7,1982,12,1,TOP,381795,200962,1,2,8,1983,381795,200962,12,1,TOP,same_SG,0
S006,21,1996,14,1,COLEPARK,382049,201493,2,2,22,1997,382420,201405,14,1,GIANTBEECH,same_SG,381.29384993728917
S006,22,1997,14,1,GIANTBEECH,382420,201405,1,2,23,1998,382049,201493,14,1,COLEPARK,same_SG,381.29384993728917
S006,23,1998,14,1,COLEPARK,382049,201493,1,2,24,1999,382049,201493,14,1,COLEPARK,same_SG,0
S011,21,1996,4,1,ARTHURS,380534,200550,3,1,22,1997,380534,200550,4,1,ARTHURS,same_SG,0
S011,22,1997,4,1,ARTHURS,380534,200550,2,1,23,1998,380534,200550,4,1,ARTHURS,same_SG,0
S011,23,1998,4,1,ARTHURS,380534,200550,1,1,24,1999,380534,200550,4,1,ARTHURS,same_SG,0
S011,24,1999,4,1,ARTHURS,380534,200550,2,1,25,2000,380534,200550,4,1,ARTHURS,same_SG,0
S015,21,1996,1,1,WEST,380190,201400,3,1,22,1997,380190,201400,1,1,WEST,same_SG,0
S016,21,1996,5,1,JACKSMIREY,380678,200030,3,1,22,1997,380678,200030,5,1,JACKSMIREY,same_SG,0
S016,22,1997,5,1,JACKSMIREY,380678,200030,3,1,23,1998,380678,200030,5,1,JACKSMIREY,same_SG,0
S016,23,1998,5,1,JACKSMIREY,380678,200030,2,1,24,1999,380678,200030,5,1,JACKSMIREY,same_SG,0
S023,21,1996,10,1,SEPTICTANK,381357,201285,1,1,22,1997,381357,201285,10,1,SEPTICTANK,same_SG,0
S023,22,1997,10,1,SEPTICTANK,381357,201285,1,1,23,1998,381737,201220,11,1,TAXUS,neighbour_SG,385.5191305240247
S023,23,1998,11,1,TAXUS,381737,201220,1,1,24,1999,381795,200962,12,1,TOP,neighbour_SG,264.43902888945877
S024,21,1996,12,1,TOP,381795,200962,2,1,22,1997,381795,200962,12,1,TOP,same_SG,0
S024,22,1997,12,1,TOP,381795,200962,4,1,23,1998,381737,201220,11,1,TAXUS,neighbour_SG,264.43902888945877
S024,23,1998,11,1,TAXUS,381737,201220,2,1,24,1999,381737,201220,11,1,TAXUS,same_SG,0
S024,24,1999,11,1,TAXUS,381737,201220,1,1,25,2000,381619,201268,11,1,YEW,same_SG,127.38916751435343
S024,25,2000,11,1,YEW,381619,201268,2,1,26,2001,381619,201268,11,1,YEW,same_SG,0
S024,26,2001,11,1,YEW,381619,201268,1,1,27,2002,381737,201220,11,1,TAXUS,same_SG,127.38916751435343
S026,21,1996,12,1,TOP,381795,200962,2,1,22,1997,381795,200962,12,1,TOP,same_SG,0
S026,22,1997,12,1,TOP,381795,200962,2,1,23,1998,381619,201268,11,1,YEW,neighbour_SG,353.0042492662093
S026,23,1998,11,1,YEW,381619,201268,4,1,24,1999,381619,201268,11,1,YEW,same_SG,0
S026,24,1999,11,1,YEW,381619,201268,1,1,25,2000,381619,201268,11,1,YEW,same_SG,0
S027,21,1996,12,1,TOP,381795,200962,2,1,22,1997,381795,200962,12,1,TOP,same_SG,0
S027,22,1997,12,1,TOP,381795,200962,4,1,23,1998,381795,200962,12,1,TOP,same_SG,0
S027,23,1998,12,1,TOP,381795,200962,1,1,24,1999,381795,200962,12,1,TOP,same_SG,0
S029,21,1996,7,1,BULLPEN,381230,201693,1,1,22,1997,381241,201774,7,1,BOXWOOD,same_SG,81.74350127074322
S043,21,1996,9,1,LAURELS,381180,201357,2,1,22,1997,381180,201357,9,1,LAURELS,same_SG,0
S043,22,1997,9,1,LAURELS,381180,201357,1,1,23,1998,381180,201357,9,1,LAURELS,same_SG,0
S043,23,1998,9,1,LAURELS,381180,201357,2,1,24,1999,381247,201345,10,1,HUNTINGGATE,neighbour_SG,68.06614430096654
S043,24,1999,10,1,HUNTINGGATE,381247,201345,1,1,25,2000,381247,201345,10,1,HUNTINGGATE,same_SG,0
T015,17,1992,2,1,LARCH,380541,201242,2,1,18,1993,380621,201409,2,1,BOX,same_SG,185.17289218457435
T017,17,1992,4,1,ARTHURS,380534,200550,2,1,18,1993,380534,200550,4,1,ARTHURS,same_SG,0
T017,18,1993,4,1,ARTHURS,380534,200550,2,1,19,1994,380534,200550,4,1,ARTHURS,same_SG,0
T017,19,1994,4,1,ARTHURS,380534,200550,1,1,20,1995,380534,200550,4,1,ARTHURS,same_SG,0
T018,17,1992,4,1,BRAMBLE,380625,200466,3,1,18,1993,380534,200550,4,1,ARTHURS,same_SG,123.84264209067892
T020,17,1992,5,1,JACKSMIREY,380678,200030,3,1,18,1993,380678,200030,5,1,JACKSMIREY,same_SG,0
T021,17,1992,2,1,BOX,380621,201409,2,1,18,1993,380621,201409,2,1,BOX,same_SG,0
T022,17,1992,2,1,BOX,380621,201409,2,1,18,1993,380931,201164,3,1,BEECH,neighbour_SG,395.12656200260693
T024,17,1992,1,1,WEST,380190,201400,2,1,18,1993,380190,201400,1,1,WEST,same_SG,0
T024,18,1993,1,1,WEST,380190,201400,2,1,19,1994,380190,201400,1,1,WEST,same_SG,0
T024,19,1994,1,1,WEST,380190,201400,1,1,20,1995,380190,201400,1,1,WEST,same_SG,0
T025,17,1992,4,1,ARTHURS,380534,200550,1,1,18,1993,380534,200550,4,1,ARTHURS,same_SG,0
T025,18,1993,4,1,ARTHURS,380534,200550,2,1,19,1994,380625,200466,4,1,BRAMBLE,same_SG,123.84264209067892
T025,19,1994,4,1,BRAMBLE,380625,200466,1,1,20,1995,380390,200637,4,1,MEAD,same_SG,290.6303494131334
T025,22,1997,4,1,ARTHURS,380534,200550,1,1,23,1998,380534,200550,4,1,ARTHURS,same_SG,0
T025,23,1998,4,1,ARTHURS,380534,200550,2,1,24,1999,380534,200550,4,1,ARTHURS,same_SG,0
T030,17,1992,12,1,TOP,381795,200962,3,1,18,1993,381795,200962,12,1,TOP,same_SG,0
T030,18,1993,12,1,TOP,381795,200962,3,1,19,1994,381795,200962,12,1,TOP,same_SG,0
T030,19,1994,12,1,TOP,381795,200962,2,1,20,1995,381795,200962,12,1,TOP,same_SG,0
T031,17,1992,3,1,BEECH,380931,201164,2,1,18,1993,380931,201164,3,1,BEECH,same_SG,0
T031,18,1993,3,1,BEECH,380931,201164,2,1,19,1994,380834,201150,3,1,CHESNUT,same_SG,98.00510190801293
T032,17,1992,9,1,LAURELS,381180,201357,2,1,18,1993,381180,201357,9,1,LAURELS,same_SG,0
T032,18,1993,9,1,LAURELS,381180,201357,3,1,19,1994,381180,201357,9,1,LAURELS,same_SG,0
T032,19,1994,9,1,LAURELS,381180,201357,3,1,20,1995,381180,201357,9,1,LAURELS,same_SG,0
T032,20,1995,9,1,LAURELS,381180,201357,1,1,21,1996,381180,201357,9,1,LAURELS,same_SG,0
T032,21,1996,9,1,LAURELS,381180,201357,1,1,22,1997,381180,201357,9,1,LAURELS,same_SG,0
T032,22,1997,9,1,LAURELS,381180,201357,2,1,23,1998,381180,201357,9,1,LAURELS,same_SG,0
T032,23,1998,9,1,LAURELS,381180,201357,1,1,24,1999,381737,201220,11,1,TAXUS,neighbour_SG,573.6009065543743
T032,24,1999,11,1,TAXUS,381737,201220,1,1,25,2000,381737,201220,11,1,TAXUS,same_SG,0
T033,17,1992,9,1,LAURELS,381180,201357,1,1,18,1993,381180,201357,9,1,LAURELS,same_SG,0
T033,18,1993,9,1,LAURELS,381180,201357,2,1,19,1994,381180,201357,9,1,LAURELS,same_SG,0
T033,19,1994,9,1,LAURELS,381180,201357,2,1,20,1995,381180,201357,9,1,LAURELS,same_SG,0
T033,20,1995,9,1,LAURELS,381180,201357,1,1,21,1996,380931,201164,3,1,BEECH,neighbour_SG,315.03968004046726
T033,21,1996,3,1,BEECH,380931,201164,1,1,22,1997,381357,201285,10,1,SEPTICTANK,nonneighbour_SG,442.8509907406779
T033,22,1997,10,1,SEPTICTANK,381357,201285,1,1,23,1998,381180,201357,9,1,LAURELS,neighbour_SG,191.08375127153016
T033,23,1998,9,1,LAURELS,381180,201357,1,1,24,1999,381619,201268,11,1,YEW,neighbour_SG,447.93079822669034
T041,17,1992,3,1,BEECH,380931,201164,2,1,18,1993,380931,201164,3,1,BEECH,same_SG,0
T047,17,1992,22,1,WOODFARM,383337,200429,2,1,18,1993,383337,200429,22,1,WOODFARM,same_SG,0
T047,18,1993,22,1,WOODFARM,383337,200429,3,1,19,1994,383337,200429,22,1,WOODFARM,same_SG,0
T047,19,1994,22,1,WOODFARM,383337,200429,3,1,20,1995,383337,200429,22,1,WOODFARM,same_SG,0
T047,20,1995,22,1,WOODFARM,383337,200429,2,1,21,1996,382931,200706,21,1,COLLIERSWOOD,neighbour_SG,491.49262456317695
T047,21,1996,21,1,COLLIERSWOOD,382931,200706,1,1,22,1997,382931,200706,21,1,COLLIERSWOOD,same_SG,0
T047,22,1997,21,1,COLLIERSWOOD,382931,200706,4,1,23,1998,382931,200706,21,1,COLLIERSWOOD,same_SG,0
T047,23,1998,21,1,COLLIERSWOOD,382931,200706,3,1,24,1999,382931,200706,21,1,COLLIERSWOOD,same_SG,0
T047,24,1999,21,1,COLLIERSWOOD,382931,200706,3,1,25,2000,382931,200706,21,1,COLLIERSWOOD,same_SG,0
T047,25,2000,21,1,COLLIERSWOOD,382931,200706,1,1,26,2001,382931,200706,21,1,COLLIERSWOOD,same_SG,0
T047,26,2001,21,1,COLLIERSWOOD,382931,200706,3,1,27,2002,382931,200706,21,1,COLLIERSWOOD,same_SG,0
T047,27,2002,21,1,COLLIERSWOOD,382931,200706,3,1,28,2003,382931,200706,21,1,COLLIERSWOOD,same_SG,0
T048,17,1992,22,1,WOODFARM,383337,200429,3,1,18,1993,383337,200429,22,1,WOODFARM,same_SG,0
T048,18,1993,22,1,WOODFARM,383337,200429,3,1,19,1994,383337,200429,22,1,WOODFARM,same_SG,0
T048,19,1994,22,1,WOODFARM,383337,200429,2,1,20,1995,383337,200429,22,1,WOODFARM,same_SG,0
T048,20,1995,22,1,WOODFARM,383337,200429,1,1,21,1996,383337,200429,22,1,WOODFARM,same_SG,0
T048,21,1996,22,1,WOODFARM,383337,200429,1,1,22,1997,383337,200429,22,1,WOODFARM,same_SG,0
T048,22,1997,22,1,WOODFARM,383337,200429,1,1,23,1998,383337,200429,22,1,WOODFARM,same_SG,0
T050,17,1992,17,1,TOPOAK,382616,201525,3,1,18,1993,382624,201274,17,1,OLDOAK,same_SG,251.127457678367
T050,18,1993,17,1,OLDOAK,382624,201274,2,1,19,1994,382624,201274,17,1,OLDOAK,same_SG,0
T050,19,1994,17,1,OLDOAK,382624,201274,1,1,20,1995,382624,201274,17,1,OLDOAK,same_SG,0
T050,20,1995,17,1,OLDOAK,382624,201274,2,1,21,1996,382440,200974,15,1,NEEDLES,neighbour_SG,351.93181157718607
T050,21,1996,15,1,NEEDLES,382440,200974,1,1,22,1997,382464,200922,15,1,KENNEL,same_SG,57.271284253105414
T050,22,1997,15,1,KENNEL,382464,200922,1,1,23,1998,382464,200922,15,1,KENNEL,same_SG,0
T050,23,1998,15,1,KENNEL,382464,200922,1,1,24,1999,382464,200922,15,1,KENNEL,same_SG,0
T050,24,1999,15,1,KENNEL,382464,200922,1,1,25,2000,382464,200922,15,1,KENNEL,same_SG,0
T050,25,2000,15,1,KENNEL,382464,200922,2,1,26,2001,382464,200922,15,1,KENNEL,same_SG,0
T051,17,1992,18,1,NETTLE,383024,201142,2,1,18,1993,383024,201142,18,1,NETTLE,same_SG,0
T051,18,1993,18,1,NETTLE,383024,201142,2,1,19,1994,383024,201142,18,1,NETTLE,same_SG,0
T051,19,1994,18,1,NETTLE,383024,201142,1,1,20,1995,383024,201142,18,1,NETTLE,same_SG,0
T051,20,1995,18,1,NETTLE,383024,201142,1,1,21,1996,383024,201142,18,1,NETTLE,same_SG,0
T073,21,1996,16,1,WALL,382201,200574,1,1,22,1997,383375,201417,999,2,ATCOMBEWEST,peripheral,1445.3113851347052
T073,23,1998,18,1,HOLLOWTREE,382930,201326,1,1,24,1999,383024,201142,18,1,NETTLE,same_SG,206.6204249342257
T077,17,1992,4,1,ARTHURS,380534,200550,2,1,18,1993,380534,200550,4,1,ARTHURS,same_SG,0
T077,18,1993,4,1,ARTHURS,380534,200550,1,1,19,1994,380534,200550,4,1,ARTHURS,same_SG,0
T077,19,1994,4,1,ARTHURS,380534,200550,2,1,20,1995,380534,200550,4,1,ARTHURS,same_SG,0
T077,20,1995,4,1,ARTHURS,380534,200550,1,1,21,1996,380390,200637,4,1,MEAD,same_SG,168.24089871371942
T078,17,1992,4,1,ARTHURS,380534,200550,2,1,18,1993,380534,200550,4,1,ARTHURS,same_SG,0
T080,17,1992,4,1,ARTHURS,380534,200550,2,1,18,1993,380534,200550,4,1,ARTHURS,same_SG,0
T080,18,1993,4,1,ARTHURS,380534,200550,1,1,19,1994,380534,200550,4,1,ARTHURS,same_SG,0
T080,19,1994,4,1,ARTHURS,380534,200550,1,1,20,1995,380534,200550,4,1,ARTHURS,same_SG,0
T081,17,1992,2,1,BOX,380621,201409,1,1,18,1993,380621,201409,2,1,BOX,same_SG,0
T081,18,1993,2,1,BOX,380621,201409,4,1,19,1994,381022,201589,6,1,CEDAR,neighbour_SG,439.5463570546342
T081,19,1994,6,1,CEDAR,381022,201589,2,1,20,1995,381022,201589,6,1,CEDAR,same_SG,0
T081,20,1995,6,1,CEDAR,381022,201589,1,1,21,1996,381022,201589,6,1,CEDAR,same_SG,0
T082,17,1992,2,1,BOX,380621,201409,1,1,18,1993,380621,201409,2,1,BOX,same_SG,0
T082,18,1993,2,1,BOX,380621,201409,4,1,19,1994,380621,201409,2,1,BOX,same_SG,0
T082,19,1994,2,1,BOX,380621,201409,2,1,20,1995,380621,201409,2,1,BOX,same_SG,0
T082,20,1995,2,1,BOX,380621,201409,2,1,21,1996,380621,201409,2,1,BOX,same_SG,0
T083,17,1992,2,1,LARCH,380541,201242,2,1,18,1993,380621,201409,2,1,BOX,same_SG,185.17289218457435
T083,18,1993,2,1,BOX,380621,201409,3,1,19,1994,380621,201409,2,1,BOX,same_SG,0
T083,19,1994,2,1,BOX,380621,201409,2,1,20,1995,380621,201409,2,1,BOX,same_SG,0
T084,17,1992,4,1,ARTHURS,380534,200550,2,1,18,1993,380534,200550,4,1,ARTHURS,same_SG,0
T084,18,1993,4,1,ARTHURS,380534,200550,4,1,19,1994,380534,200550,4,1,ARTHURS,same_SG,0
T084,19,1994,4,1,ARTHURS,380534,200550,1,1,20,1995,380534,200550,4,1,ARTHURS,same_SG,0
T085,17,1992,2,1,BOX,380621,201409,1,1,18,1993,380621,201409,2,1,BOX,same_SG,0
T085,18,1993,2,1,BOX,380621,201409,2,1,19,1994,380621,201409,2,1,BOX,same_SG,0
T085,19,1994,2,1,BOX,380621,201409,2,1,20,1995,380541,201242,2,1,LARCH,same_SG,185.17289218457435
T086,17,1992,2,1,BOX,380621,201409,1,1,18,1993,380621,201409,2,1,BOX,same_SG,0
T086,18,1993,2,1,BOX,380621,201409,2,1,19,1994,380621,201409,2,1,BOX,same_SG,0
T086,19,1994,2,1,BOX,380621,201409,1,1,20,1995,380621,201409,2,1,BOX,same_SG,0
T087,17,1992,5,1,JACKSMIREY,380678,200030,2,1,18,1993,380590,200530,4,1,CLAY,neighbour_SG,507.68494167150556
T087,18,1993,4,1,CLAY,380590,200530,1,1,19,1994,380678,200030,5,1,JACKSMIREY,neighbour_SG,507.68494167150556
T087,19,1994,5,1,JACKSMIREY,380678,200030,2,1,20,1995,380678,200030,5,1,JACKSMIREY,same_SG,0
T087,20,1995,5,1,JACKSMIREY,380678,200030,1,1,21,1996,380678,200030,5,1,JACKSMIREY,same_SG,0
T088,17,1992,2,1,BOX,380621,201409,1,1,18,1993,380621,201409,2,1,BOX,same_SG,0
T089,17,1992,1,1,CORRAL,380279,201409,1,1,18,1993,380190,201400,1,1,WEST,same_SG,89.45389874119518
T089,20,1995,1,1,CORRAL,380279,201409,2,1,21,1996,380190,201400,1,1,WEST,same_SG,89.45389874119518
T090,17,1992,1,1,WEST,380190,201400,1,1,18,1993,380190,201400,1,1,WEST,same_SG,0
T093,17,1992,13,1,CHERRIES,381841,201313,2,1,18,1993,381841,201313,13,1,CHERRIES,same_SG,0
T093,18,1993,13,1,CHERRIES,381841,201313,3,1,19,1994,381841,201313,13,1,CHERRIES,same_SG,0
T094,17,1992,22,1,WOODFARM,383337,200429,1,1,18,1993,383337,200429,22,1,WOODFARM,same_SG,0
T102,17,1992,5,1,JACKSMIREY,380678,200030,1,1,18,1993,380866,199947,999,2,WASPNEST,peripheral,205.50669088864237
T102,21,1996,5,1,JACKSMIREY,380678,200030,2,1,22,1997,380678,200030,5,1,JACKSMIREY,same_SG,0
T102,24,1999,5,1,JACKSMIREY,380678,200030,1,1,25,2000,380678,200030,5,1,JACKSMIREY,same_SG,0
T106,17,1992,16,1,PEGLARS,382355,200596,1,1,18,1993,382355,200596,16,1,PEGLARS,same_SG,0
T106,18,1993,16,1,PEGLARS,382355,200596,3,1,19,1994,382355,200596,16,1,PEGLARS,same_SG,0
T107,17,1992,20,1,PARKMILL,383730,200924,1,1,18,1993,383730,200924,20,1,PARKMILL,same_SG,0
T108,17,1992,18,1,NETTLE,383024,201142,1,1,18,1993,383024,201142,18,1,NETTLE,same_SG,0
T108,18,1993,18,1,NETTLE,383024,201142,1,1,19,1994,383126,200958,19,1,DAM,neighbour_SG,210.38060747131613
U003,26,2001,22,1,WOODFARM,383337,200429,2,1,27,2002,383337,200429,22,1,WOODFARM,same_SG,0
U003,27,2002,22,1,WOODFARM,383337,200429,3,1,28,2003,383337,200429,22,1,WOODFARM,same_SG,0
U005,26,2001,22,1,WOODFARM,383337,200429,2,1,27,2002,383337,200429,22,1,WOODFARM,same_SG,0
U005,27,2002,22,1,WOODFARM,383337,200429,2,1,28,2003,383337,200429,22,1,WOODFARM,same_SG,0
U008,26,2001,18,1,NETTLE,383024,201142,2,1,27,2002,382624,201274,17,1,OLDOAK,neighbour_SG,421.2172835960082
U008,27,2002,17,1,OLDOAK,382624,201274,2,1,28,2003,382616,201525,17,1,TOPOAK,same_SG,251.127457678367
U008,28,2003,17,1,TOPOAK,382616,201525,1,1,29,2004,382624,201274,17,1,OLDOAK,same_SG,251.127457678367
U008,29,2004,17,1,OLDOAK,382624,201274,1,1,30,2005,383126,200958,19,1,DAM,neighbour_SG,593.1778822579278
U008,30,2005,19,1,DAM,383126,200958,1,1,31,2006,382930,201326,18,1,HOLLOWTREE,neighbour_SG,416.94124286282835
U008,31,2006,18,1,HOLLOWTREE,382930,201326,1,1,32,2007,382624,201274,17,1,OLDOAK,neighbour_SG,310.3868553917836
U009,26,2001,18,1,NETTLE,383024,201142,2,1,27,2002,383024,201142,18,1,NETTLE,same_SG,0
U009,27,2002,18,1,NETTLE,383024,201142,2,1,28,2003,383024,201142,18,1,NETTLE,same_SG,0
U009,28,2003,18,1,NETTLE,383024,201142,2,1,29,2004,382930,201326,18,1,HOLLOWTREE,same_SG,206.6204249342257
U010,26,2001,7,1,BOXWOOD,381241,201774,2,1,27,2002,381241,201774,7,1,BOXWOOD,same_SG,0
U019,26,2001,11,1,TAXUS,381737,201220,3,1,27,2002,381737,201220,11,1,TAXUS,same_SG,0
U020,26,2001,11,1,TAXUS,381737,201220,2,1,27,2002,381737,201220,11,1,TAXUS,same_SG,0
U023,26,2001,3,1,BEECH,380931,201164,1,1,27,2002,380931,201164,3,1,BEECH,same_SG,0
U024,26,2001,3,1,BEECH,380931,201164,1,1,27,2002,380931,201164,3,1,BEECH,same_SG,0
U025,26,2001,5,1,JACKSMIREY,380678,200030,2,1,27,2002,380678,200030,5,1,JACKSMIREY,same_SG,0
U034,26,2001,4,1,OPEN,380812,200417,1,1,27,2002,380534,200550,4,1,ARTHURS,same_SG,308.1768972522113
U034,27,2002,4,1,ARTHURS,380534,200550,1,1,28,2003,380841,200432,4,1,JUNCTION,same_SG,328.89664029904594
U035,26,2001,4,1,OPEN,380812,200417,1,1,27,2002,381109,200408,4,1,THISTLEWOODBANK,same_SG,297.1363323459452
U035,27,2002,4,1,THISTLEWOODBANK,381109,200408,3,1,28,2003,380841,200432,4,1,JUNCTION,same_SG,269.0724809414742
U035,28,2003,4,1,JUNCTION,380841,200432,1,1,29,2004,380841,200432,4,1,JUNCTION,same_SG,0
U035,29,2004,4,1,JUNCTION,380841,200432,1,1,30,2005,380906,200398,4,1,EARTH,same_SG,73.35529974037323
U036,26,2001,4,1,JUNCTION,380841,200432,1,1,27,2002,380841,200432,4,1,JUNCTION,same_SG,0
U038,26,2001,4,1,ARTHURS,380534,200550,1,2,27,2002,380534,200550,4,1,ARTHURS,same_SG,0
U041,26,2001,20,1,PARKMILL,383730,200924,1,1,27,2002,383730,200924,20,1,PARKMILL,same_SG,0
U041,29,2004,20,1,PARKMILL,383730,200924,1,1,30,2005,383730,200924,20,1,PARKMILL,same_SG,0
U048,26,2001,12,1,TOP,381795,200962,2,1,27,2002,381795,200962,12,1,TOP,same_SG,0
U048,27,2002,12,1,TOP,381795,200962,3,1,28,2003,381795,200962,12,1,TOP,same_SG,0
U049,26,2001,12,1,TOP,381795,200962,2,1,27,2002,381795,200962,12,1,TOP,same_SG,0
U049,27,2002,12,1,TOP,381795,200962,4,1,28,2003,381737,201220,11,1,TAXUS,neighbour_SG,264.43902888945877
U050,26,2001,10,1,SEPTICTANK,381357,201285,2,1,27,2002,381357,201285,10,1,SEPTICTANK,same_SG,0
U050,27,2002,10,1,SEPTICTANK,381357,201285,2,1,28,2003,381230,201693,7,1,BULLPEN,neighbour_SG,427.3090216693301
U051,26,2001,10,1,SEPTICTANK,381357,201285,1,1,27,2002,381357,201285,10,1,SEPTICTANK,same_SG,0
U051,27,2002,10,1,SEPTICTANK,381357,201285,2,1,28,2003,381247,201345,10,1,HUNTINGGATE,same_SG,125.29964086141668
U051,28,2003,10,1,HUNTINGGATE,381247,201345,1,1,29,2004,381503,201484,13,1,OLDPONDDRAIN,neighbour_SG,291.30224853234483
U052,26,2001,3,1,CHESNUT,380834,201150,1,1,27,2002,380931,201164,3,1,BEECH,same_SG,98.00510190801293
U052,27,2002,3,1,BEECH,380931,201164,1,1,28,2003,380931,201164,3,1,BEECH,same_SG,0
U053,26,2001,10,1,SEPTICTANK,381357,201285,1,1,27,2002,381357,201285,10,1,SEPTICTANK,same_SG,0
U053,27,2002,10,1,SEPTICTANK,381357,201285,3,1,28,2003,381230,201693,7,1,BULLPEN,neighbour_SG,427.3090216693301
U054,26,2001,10,1,SEPTICTANK,381357,201285,1,1,27,2002,381357,201285,10,1,SEPTICTANK,same_SG,0
U054,27,2002,10,1,SEPTICTANK,381357,201285,3,1,28,2003,381241,201774,7,1,BOXWOOD,neighbour_SG,502.5703930794173
U056,26,2001,15,1,BOG,382099,200773,1,1,27,2002,382099,200773,15,1,BOG,same_SG,0
U057,26,2001,12,1,TOP,381795,200962,2,1,27,2002,381795,200962,12,1,TOP,same_SG,0
U057,27,2002,12,1,TOP,381795,200962,3,1,28,2003,381716,201013,12,1,SAPLING,same_SG,94.03190947758107
U057,31,2006,11,1,YEW,381619,201268,2,1,32,2007,381795,200962,12,1,TOP,neighbour_SG,353.0042492662093
U059,26,2001,16,1,FORK,382786,200771,1,1,27,2002,382786,200771,16,1,FORK,same_SG,0
U060,26,2001,21,1,COLLIERSWOOD,382931,200706,2,1,27,2002,382931,200706,21,1,COLLIERSWOOD,same_SG,0
U060,27,2002,21,1,COLLIERSWOOD,382931,200706,2,1,28,2003,382931,200706,21,1,COLLIERSWOOD,same_SG,0
U061,26,2001,15,1,CULDESAC,382399,200920,1,1,27,2002,382464,200922,15,1,KENNEL,same_SG,65.03076195155643
U061,27,2002,15,1,KENNEL,382464,200922,2,1,28,2003,382399,200920,15,1,CULDESAC,same_SG,65.03076195155643
U062,26,2001,15,1,CULDESAC,382399,200920,1,1,27,2002,382464,200922,15,1,KENNEL,same_SG,65.03076195155643
U062,27,2002,15,1,KENNEL,382464,200922,3,1,28,2003,382464,200922,15,1,KENNEL,same_SG,0
U062,28,2003,15,1,KENNEL,382464,200922,2,1,29,2004,382464,200922,15,1,KENNEL,same_SG,0
U063,26,2001,10,1,HUNTINGGATE,381247,201345,1,1,27,2002,381357,201285,10,1,SEPTICTANK,same_SG,125.29964086141668
U064,26,2001,12,1,TOP,381795,200962,1,1,27,2002,381795,200962,12,1,TOP,same_SG,0
U064,27,2002,12,1,TOP,381795,200962,2,1,28,2003,381737,201220,11,1,TAXUS,neighbour_SG,264.43902888945877
U064,28,2003,11,1,TAXUS,381737,201220,1,1,29,2004,381716,201013,12,1,SAPLING,neighbour_SG,208.06249061279644
U064,31,2006,11,1,TAXUS,381737,201220,1,1,32,2007,381737,201220,11,1,TAXUS,same_SG,0
U064,32,2007,11,1,TAXUS,381737,201220,1,1,33,2008,381795,200962,12,1,TOP,neighbour_SG,264.43902888945877
U064,33,2008,12,1,TOP,381795,200962,1,1,34,2009,381619,201268,11,1,YEW,neighbour_SG,353.0042492662093
U066,26,2001,21,1,COLLIERSWOOD,382931,200706,2,1,27,2002,382931,200706,21,1,COLLIERSWOOD,same_SG,0
U067,26,2001,12,1,TOP,381795,200962,2,1,27,2002,381795,200962,12,1,TOP,same_SG,0
U067,27,2002,12,1,TOP,381795,200962,4,1,28,2003,381795,200962,12,1,TOP,same_SG,0
U068,26,2001,12,1,TOP,381795,200962,2,1,27,2002,381795,200962,12,1,TOP,same_SG,0
U068,27,2002,12,1,TOP,381795,200962,4,1,28,2003,381795,200962,12,1,TOP,same_SG,0
U068,30,2005,11,1,TAXUS,381737,201220,1,1,31,2006,381619,201268,11,1,YEW,same_SG,127.38916751435343
U068,31,2006,11,1,YEW,381619,201268,1,1,32,2007,381619,201268,11,1,YEW,same_SG,0
U069,26,2001,12,1,TOP,381795,200962,2,1,27,2002,381795,200962,12,1,TOP,same_SG,0
U069,27,2002,12,1,TOP,381795,200962,1,1,28,2003,381795,200962,12,1,TOP,same_SG,0
U069,31,2006,10,1,SEPTICTANK,381357,201285,1,1,32,2007,381737,201220,11,1,TAXUS,neighbour_SG,385.5191305240247
U069,32,2007,11,1,TAXUS,381737,201220,1,1,33,2008,381619,201268,11,1,YEW,same_SG,127.38916751435343
U070,26,2001,4,1,JUNCTION,380841,200432,2,1,27,2002,381109,200408,4,1,THISTLEWOODBANK,same_SG,269.0724809414742
U070,27,2002,4,1,THISTLEWOODBANK,381109,200408,1,1,28,2003,380841,200432,4,1,JUNCTION,same_SG,269.0724809414742
U070,28,2003,4,1,JUNCTION,380841,200432,1,1,29,2004,381109,200408,4,1,THISTLEWOODBANK,same_SG,269.0724809414742
U070,29,2004,4,1,THISTLEWOODBANK,381109,200408,1,1,30,2005,380841,200432,4,1,JUNCTION,same_SG,269.0724809414742
U076,26,2001,17,1,OLDOAK,382624,201274,1,2,27,2002,382624,201274,17,1,OLDOAK,same_SG,0
U076,27,2002,17,1,OLDOAK,382624,201274,1,2,28,2003,382624,201274,17,1,OLDOAK,same_SG,0
V007,15,1990,1,1,WEST,380190,201400,2,1,16,1991,380190,201400,1,1,WEST,same_SG,0
V009,15,1990,4,1,ARTHURS,380534,200550,2,1,16,1991,380534,200550,4,1,ARTHURS,same_SG,0
V010,15,1990,4,1,ARTHURS,380534,200550,3,1,16,1991,380534,200550,4,1,ARTHURS,same_SG,0
V010,16,1991,4,1,ARTHURS,380534,200550,2,1,17,1992,381931,201706,8,1,HONEYWELL,nonneighbour_SG,1813.269147148321
V013,15,1990,1,1,WEST,380190,201400,1,1,16,1991,380190,201400,1,1,WEST,same_SG,0
V016,15,1990,4,1,ARTHURS,380534,200550,3,1,16,1991,380534,200550,4,1,ARTHURS,same_SG,0
V016,16,1991,4,1,ARTHURS,380534,200550,3,1,17,1992,380534,200550,4,1,ARTHURS,same_SG,0
V019,15,1990,1,1,WEST,380190,201400,2,1,16,1991,380190,201400,1,1,WEST,same_SG,0
V019,16,1991,1,1,WEST,380190,201400,4,1,17,1992,380190,201400,1,1,WEST,same_SG,0
V019,17,1992,1,1,WEST,380190,201400,1,1,18,1993,380190,201400,1,1,WEST,same_SG,0
V019,18,1993,1,1,WEST,380190,201400,3,1,19,1994,380190,201400,1,1,WEST,same_SG,0
V021,15,1990,1,1,WEST,380190,201400,2,1,16,1991,380190,201400,1,1,WEST,same_SG,0
V021,16,1991,1,1,WEST,380190,201400,2,1,17,1992,380190,201400,1,1,WEST,same_SG,0
V021,17,1992,1,1,WEST,380190,201400,2,1,18,1993,380279,201409,1,1,CORRAL,same_SG,89.45389874119518
V026,15,1990,4,1,ARTHURS,380534,200550,2,1,16,1991,380534,200550,4,1,ARTHURS,same_SG,0
V034,15,1990,11,1,TAXUS,381737,201220,2,1,16,1991,381737,201220,11,1,TAXUS,same_SG,0
V034,16,1991,11,1,TAXUS,381737,201220,3,1,17,1992,381737,201220,11,1,TAXUS,same_SG,0
V035,15,1990,16,1,WOODRUSH,382713,200607,3,1,16,1991,382786,200771,16,1,FORK,same_SG,179.51323071016242
V035,16,1991,16,1,FORK,382786,200771,2,1,17,1992,382713,200607,16,1,WOODRUSH,same_SG,179.51323071016242
V035,17,1992,16,1,WOODRUSH,382713,200607,1,1,18,1993,382713,200607,16,1,WOODRUSH,same_SG,0
V035,22,1997,16,1,FORK,382786,200771,1,1,23,1998,382713,200607,16,1,WOODRUSH,same_SG,179.51323071016242
V036,15,1990,16,1,WOODRUSH,382713,200607,2,1,16,1991,382786,200771,16,1,FORK,same_SG,179.51323071016242
V036,16,1991,16,1,FORK,382786,200771,3,1,17,1992,382713,200607,16,1,WOODRUSH,same_SG,179.51323071016242
V036,17,1992,16,1,WOODRUSH,382713,200607,3,1,18,1993,382713,200607,16,1,WOODRUSH,same_SG,0
V036,18,1993,16,1,WOODRUSH,382713,200607,1,1,19,1994,382627,200053,999,2,HOGARTHS,peripheral,560.6353538620268
V037,15,1990,16,1,PEGLARS,382355,200596,3,1,16,1991,382355,200596,16,1,PEGLARS,same_SG,0
V038,15,1990,9,1,LAURELS,381180,201357,2,1,16,1991,381180,201357,9,1,LAURELS,same_SG,0
V038,16,1991,9,1,LAURELS,381180,201357,1,1,17,1992,381022,201589,6,1,CEDAR,neighbour_SG,280.6920020235703
V038,17,1992,6,1,CEDAR,381022,201589,1,1,18,1993,380856,201662,6,1,RABBIT,same_SG,181.34221791960084
V038,18,1993,6,1,RABBIT,380856,201662,2,1,19,1994,381180,201357,9,1,LAURELS,neighbour_SG,444.9730328907585
V038,19,1994,9,1,LAURELS,381180,201357,1,1,20,1995,380856,201662,6,1,RABBIT,neighbour_SG,444.9730328907585
V038,20,1995,6,1,RABBIT,380856,201662,1,1,21,1996,381022,201589,6,1,CEDAR,same_SG,181.34221791960084
V038,21,1996,6,1,CEDAR,381022,201589,1,1,22,1997,380856,201662,6,1,RABBIT,same_SG,181.34221791960084
V038,22,1997,6,1,RABBIT,380856,201662,1,1,23,1998,381016,201635,6,1,FOX,same_SG,162.2621335986927
V038,23,1998,6,1,FOX,381016,201635,1,1,24,1999,381016,201635,6,1,FOX,same_SG,0
V039,15,1990,9,1,LAURELS,381180,201357,2,1,16,1991,381180,201357,9,1,LAURELS,same_SG,0
V039,16,1991,9,1,LAURELS,381180,201357,1,1,17,1992,381022,201589,6,1,CEDAR,neighbour_SG,280.6920020235703
V040,15,1990,12,1,TOP,381795,200962,3,1,16,1991,381795,200962,12,1,TOP,same_SG,0
V040,16,1991,12,1,TOP,381795,200962,4,1,17,1992,381795,200962,12,1,TOP,same_SG,0
V040,17,1992,12,1,TOP,381795,200962,2,1,18,1993,382464,200922,15,1,KENNEL,neighbour_SG,670.1947478158867
V040,18,1993,15,1,KENNEL,382464,200922,2,1,19,1994,382464,200922,15,1,KENNEL,same_SG,0
V040,19,1994,15,1,KENNEL,382464,200922,1,1,20,1995,381795,200962,12,1,TOP,neighbour_SG,670.1947478158867
V040,20,1995,12,1,TOP,381795,200962,1,1,21,1996,382464,200922,15,1,KENNEL,neighbour_SG,670.1947478158867
V040,21,1996,15,1,KENNEL,382464,200922,1,1,22,1997,382464,200922,15,1,KENNEL,same_SG,0
V041,15,1990,9,1,LAURELS,381180,201357,2,1,16,1991,381180,201357,9,1,LAURELS,same_SG,0
V041,16,1991,9,1,LAURELS,381180,201357,2,1,17,1992,381180,201357,9,1,LAURELS,same_SG,0
V041,17,1992,9,1,LAURELS,381180,201357,2,1,18,1993,381180,201357,9,1,LAURELS,same_SG,0
V041,18,1993,9,1,LAURELS,381180,201357,1,1,19,1994,381180,201357,9,1,LAURELS,same_SG,0
V041,19,1994,9,1,LAURELS,381180,201357,3,1,20,1995,381357,201285,10,1,SEPTICTANK,neighbour_SG,191.08375127153016
V041,20,1995,10,1,SEPTICTANK,381357,201285,1,1,21,1996,381357,201285,10,1,SEPTICTANK,same_SG,0
V041,21,1996,10,1,SEPTICTANK,381357,201285,1,1,22,1997,381357,201285,10,1,SEPTICTANK,same_SG,0
V041,22,1997,10,1,SEPTICTANK,381357,201285,3,1,23,1998,381357,201285,10,1,SEPTICTANK,same_SG,0
V043,15,1990,15,1,WYCHELM,382074,201085,2,1,16,1991,382440,200974,15,1,NEEDLES,same_SG,382.4617627946616
V043,16,1991,15,1,NEEDLES,382440,200974,1,1,17,1992,382440,200974,15,1,NEEDLES,same_SG,0
V043,17,1992,15,1,NEEDLES,382440,200974,1,1,18,1993,382464,200922,15,1,KENNEL,same_SG,57.271284253105414
V043,18,1993,15,1,KENNEL,382464,200922,1,1,19,1994,382074,201085,15,1,WYCHELM,same_SG,422.6925596695546
V043,19,1994,15,1,WYCHELM,382074,201085,2,1,20,1995,382132,201047,15,1,POPLAR,same_SG,69.33974329343886
V043,20,1995,15,1,POPLAR,382132,201047,1,1,21,1996,382281,201327,14,1,TRACKSIDE,neighbour_SG,317.1766069558094
V043,21,1996,14,1,TRACKSIDE,382281,201327,1,1,22,1997,382132,201047,15,1,POPLAR,neighbour_SG,317.1766069558094
V044,15,1990,15,1,KENNEL,382464,200922,3,1,16,1991,382464,200922,15,1,KENNEL,same_SG,0
V044,16,1991,15,1,KENNEL,382464,200922,4,1,17,1992,382464,200922,15,1,KENNEL,same_SG,0
V044,17,1992,15,1,KENNEL,382464,200922,3,1,18,1993,382464,200922,15,1,KENNEL,same_SG,0
V051,15,1990,16,1,WOODRUSH,382713,200607,3,1,16,1991,382786,200771,16,1,FORK,same_SG,179.51323071016242
V051,16,1991,16,1,FORK,382786,200771,4,1,17,1992,382713,200607,16,1,WOODRUSH,same_SG,179.51323071016242
V058,18,1993,2,1,BOUNDARY,380449,201388,1,1,19,1994,383375,201417,999,2,ATCOMBEWEST,peripheral,2926.143708022557
V075,15,1990,4,1,JUNCTION,380841,200432,1,1,16,1991,381109,200408,4,1,THISTLEWOODBANK,same_SG,269.0724809414742
V075,16,1991,4,1,THISTLEWOODBANK,381109,200408,3,1,17,1992,380841,200432,4,1,JUNCTION,same_SG,269.0724809414742
V077,15,1990,4,1,ARTHURS,380534,200550,1,1,16,1991,380534,200550,4,1,ARTHURS,same_SG,0
V077,16,1991,4,1,ARTHURS,380534,200550,1,1,17,1992,380625,200466,4,1,BRAMBLE,same_SG,123.84264209067892
V079,15,1990,4,1,ARTHURS,380534,200550,2,1,16,1991,380534,200550,4,1,ARTHURS,same_SG,0
V080,15,1990,4,1,ARTHURS,380534,200550,2,1,16,1991,380534,200550,4,1,ARTHURS,same_SG,0
V080,16,1991,4,1,ARTHURS,380534,200550,2,1,17,1992,381109,200408,4,1,THISTLEWOODBANK,same_SG,592.2744296354521
V080,17,1992,4,1,THISTLEWOODBANK,381109,200408,1,1,18,1993,380834,201150,3,1,CHESNUT,nonneighbour_SG,791.3210473632051
V081,15,1990,4,1,ARTHURS,380534,200550,2,1,16,1991,380534,200550,4,1,ARTHURS,same_SG,0
V081,16,1991,4,1,ARTHURS,380534,200550,2,1,17,1992,380841,200432,4,1,JUNCTION,same_SG,328.89664029904594
V082,15,1990,1,1,WEST,380190,201400,2,1,16,1991,380190,201400,1,1,WEST,same_SG,0
V083,15,1990,15,1,POPLAR,382132,201047,1,1,16,1991,382440,200974,15,1,NEEDLES,same_SG,316.53277871335854
V084,15,1990,16,1,WOODRUSH,382713,200607,1,1,16,1991,382786,200771,16,1,FORK,same_SG,179.51323071016242
V084,16,1991,16,1,FORK,382786,200771,4,1,17,1992,382713,200607,16,1,WOODRUSH,same_SG,179.51323071016242
V084,17,1992,16,1,WOODRUSH,382713,200607,3,1,18,1993,382713,200607,16,1,WOODRUSH,same_SG,0
V085,15,1990,16,1,PEGLARS,382355,200596,1,1,16,1991,382355,200596,16,1,PEGLARS,same_SG,0
V086,15,1990,12,1,TOP,381795,200962,2,1,16,1991,381795,200962,12,1,TOP,same_SG,0
V087,15,1990,16,1,PEGLARS,382355,200596,2,1,16,1991,382355,200596,16,1,PEGLARS,same_SG,0
V087,16,1991,16,1,PEGLARS,382355,200596,4,1,17,1992,382355,200596,16,1,PEGLARS,same_SG,0
V087,17,1992,16,1,PEGLARS,382355,200596,3,1,18,1993,382355,200596,16,1,PEGLARS,same_SG,0
V089,15,1990,20,1,PARKMILL,383730,200924,1,1,16,1991,383730,200924,20,1,PARKMILL,same_SG,0
V089,20,1995,20,1,PARKMILL,383730,200924,1,1,21,1996,383730,200924,20,1,PARKMILL,same_SG,0
V089,21,1996,20,1,PARKMILL,383730,200924,1,1,22,1997,383730,200924,20,1,PARKMILL,same_SG,0
V089,22,1997,20,1,PARKMILL,383730,200924,2,1,23,1998,383730,200924,20,1,PARKMILL,same_SG,0
V089,25,2000,20,1,PARKMILL,383730,200924,1,1,26,2001,383812,200913,999,2,SANDY,peripheral,82.73451516749222
V097,15,1990,1,1,WEST,380190,201400,1,1,16,1991,380190,201400,1,1,WEST,same_SG,0
V098,15,1990,1,1,WEST,380190,201400,1,1,16,1991,380190,201400,1,1,WEST,same_SG,0
V098,16,1991,1,1,WEST,380190,201400,3,1,17,1992,380190,201400,1,1,WEST,same_SG,0
V098,17,1992,1,1,WEST,380190,201400,1,1,18,1993,380190,201400,1,1,WEST,same_SG,0
V098,18,1993,1,1,WEST,380190,201400,2,1,19,1994,379814,201477,999,2,CARPARK,peripheral,383.80333505585907
V099,15,1990,14,1,COLEPARK,382049,201493,1,1,16,1991,382049,201493,14,1,COLEPARK,same_SG,0
V099,16,1991,14,1,COLEPARK,382049,201493,2,1,17,1992,382049,201493,14,1,COLEPARK,same_SG,0
W010,4,1979,12,1,TOP,381795,200962,1,1,5,1980,381795,200962,12,1,TOP,same_SG,0
W011,4,1979,12,1,TOP,381795,200962,1,1,5,1980,381795,200962,12,1,TOP,same_SG,0
W011,5,1980,12,1,TOP,381795,200962,1,1,6,1981,381795,200962,12,1,TOP,same_SG,0
W011,6,1981,12,1,TOP,381795,200962,1,1,7,1982,381357,201285,10,1,SEPTICTANK,nonneighbour_SG,544.2177872874057
W011,7,1982,10,1,SEPTICTANK,381357,201285,1,1,8,1983,381795,200962,12,1,TOP,nonneighbour_SG,544.2177872874057
W011,8,1983,12,1,TOP,381795,200962,1,1,9,1984,381619,201268,11,1,YEW,neighbour_SG,353.0042492662093
W011,9,1984,11,1,YEW,381619,201268,1,1,10,1985,381795,200962,12,1,TOP,neighbour_SG,353.0042492662093
W011,13,1988,11,1,YEW,381619,201268,2,1,14,1989,381619,201268,11,1,YEW,same_SG,0
W011,14,1989,11,1,YEW,381619,201268,2,1,15,1990,381737,201220,11,1,TAXUS,same_SG,127.38916751435343
W011,15,1990,11,1,TAXUS,381737,201220,3,1,16,1991,381619,201268,11,1,YEW,same_SG,127.38916751435343
W014,4,1979,12,1,TOP,381795,200962,1,1,5,1980,381795,200962,12,1,TOP,same_SG,0
W014,5,1980,12,1,TOP,381795,200962,1,1,6,1981,381795,200962,12,1,TOP,same_SG,0
W014,6,1981,12,1,TOP,381795,200962,1,1,7,1982,381180,201357,9,1,LAURELS,nonneighbour_SG,730.9240726641858
W014,7,1982,9,1,LAURELS,381180,201357,2,1,8,1983,381180,201357,9,1,LAURELS,same_SG,0
W014,8,1983,9,1,LAURELS,381180,201357,3,1,9,1984,381503,201484,13,1,OLDPONDDRAIN,nonneighbour_SG,347.0705980056507
W014,9,1984,13,1,OLDPONDDRAIN,381503,201484,1,1,10,1985,381503,201484,13,1,OLDPONDDRAIN,same_SG,0
W014,10,1985,13,1,OLDPONDDRAIN,381503,201484,1,1,11,1986,381357,201285,10,1,SEPTICTANK,neighbour_SG,246.81369491987272
W014,11,1986,10,1,SEPTICTANK,381357,201285,2,1,12,1987,381180,201357,9,1,LAURELS,neighbour_SG,191.08375127153016
W014,12,1987,9,1,LAURELS,381180,201357,3,1,13,1988,381180,201357,9,1,LAURELS,same_SG,0
W014,13,1988,9,1,LAURELS,381180,201357,4,1,14,1989,381180,201357,9,1,LAURELS,same_SG,0
W014,14,1989,9,1,LAURELS,381180,201357,1,1,15,1990,381180,201357,9,1,LAURELS,same_SG,0
W016,6,1981,12,1,TOP,381795,200962,1,1,7,1982,381795,200962,12,1,TOP,same_SG,0
W016,7,1982,12,1,TOP,381795,200962,2,1,8,1983,381795,200962,12,1,TOP,same_SG,0
W016,8,1983,12,1,TOP,381795,200962,2,1,9,1984,381795,200962,12,1,TOP,same_SG,0
W016,9,1984,12,1,TOP,381795,200962,1,1,10,1985,381619,201268,11,1,YEW,neighbour_SG,353.0042492662093
W016,10,1985,11,1,YEW,381619,201268,2,1,11,1986,381619,201268,11,1,YEW,same_SG,0
W016,11,1986,11,1,YEW,381619,201268,2,1,12,1987,381737,201220,11,1,TAXUS,same_SG,127.38916751435343
W016,12,1987,11,1,TAXUS,381737,201220,1,1,13,1988,381737,201220,11,1,TAXUS,same_SG,0
W016,13,1988,11,1,TAXUS,381737,201220,2,1,14,1989,381737,201220,11,1,TAXUS,same_SG,0
W024,8,1983,14,1,COLEPARK,382049,201493,2,2,9,1984,382049,201493,14,1,COLEPARK,same_SG,0
W024,9,1984,14,1,COLEPARK,382049,201493,2,2,10,1985,382049,201493,14,1,COLEPARK,same_SG,0
W025,4,1979,14,1,GIANTBEECH,382420,201405,1,1,5,1980,382420,201405,14,1,GIANTBEECH,same_SG,0
W025,5,1980,14,1,GIANTBEECH,382420,201405,1,1,6,1981,382049,201493,14,1,COLEPARK,same_SG,381.29384993728917
W025,8,1983,14,1,COLEPARK,382049,201493,1,1,9,1984,382049,201493,14,1,COLEPARK,same_SG,0
W026,5,1980,10,1,SEPTICTANK,381357,201285,1,1,6,1981,381357,201285,10,1,SEPTICTANK,same_SG,0
W026,6,1981,10,1,SEPTICTANK,381357,201285,2,1,7,1982,381180,201357,9,1,LAURELS,neighbour_SG,191.08375127153016
W026,7,1982,9,1,LAURELS,381180,201357,1,1,8,1983,381180,201357,9,1,LAURELS,same_SG,0
W026,8,1983,9,1,LAURELS,381180,201357,2,1,9,1984,381180,201357,9,1,LAURELS,same_SG,0
W026,9,1984,9,1,LAURELS,381180,201357,1,1,10,1985,381180,201357,9,1,LAURELS,same_SG,0
W026,10,1985,9,1,LAURELS,381180,201357,1,1,11,1986,381157,201365,9,1,BRACKEN,same_SG,24.351591323771842
W027,4,1979,8,1,HONEYWELL,381931,201706,1,1,5,1980,381931,201706,8,1,HONEYWELL,same_SG,0
W027,5,1980,8,1,HONEYWELL,381931,201706,1,1,6,1981,381931,201706,8,1,HONEYWELL,same_SG,0
W030,4,1979,11,1,UTES,381542,200954,1,1,5,1980,381737,201220,11,1,TAXUS,same_SG,329.81964768642877
W032,9,1984,11,1,TAXUS,381737,201220,1,1,10,1985,381619,201268,11,1,YEW,same_SG,127.38916751435343
W033,4,1979,11,1,YEW,381619,201268,1,1,5,1980,381357,201285,10,1,SEPTICTANK,neighbour_SG,262.5509474368737
W033,5,1980,10,1,SEPTICTANK,381357,201285,1,1,6,1981,381370,201620,7,1,BREAKHEART,neighbour_SG,335.2521439155908
W034,4,1979,11,1,YEW,381619,201268,1,1,5,1980,381619,201268,11,1,YEW,same_SG,0
W035,4,1979,17,1,TOPOAK,382616,201525,1,1,5,1980,382624,201274,17,1,OLDOAK,same_SG,251.127457678367
W035,5,1980,17,1,OLDOAK,382624,201274,1,1,6,1981,382624,201274,17,1,OLDOAK,same_SG,0
W038,4,1979,17,1,OLDOAK,382624,201274,1,1,5,1980,382624,201274,17,1,OLDOAK,same_SG,0
W038,5,1980,17,1,OLDOAK,382624,201274,1,1,6,1981,382624,201274,17,1,OLDOAK,same_SG,0
W038,6,1981,17,1,OLDOAK,382624,201274,1,1,7,1982,382624,201274,17,1,OLDOAK,same_SG,0
W039,4,1979,17,1,OLDOAK,382624,201274,1,1,5,1980,382624,201274,17,1,OLDOAK,same_SG,0
W040,4,1979,17,1,OLDOAK,382624,201274,1,1,5,1980,383675,202710,999,2,BUNGALOW,peripheral,1779.521564915694
W042,4,1979,17,1,OLDOAK,382624,201274,1,2,5,1980,382624,201274,17,1,OLDOAK,same_SG,0
W047,6,1981,21,1,COLLIERSWOOD,382931,200706,1,1,7,1982,382931,200706,21,1,COLLIERSWOOD,same_SG,0
W049,4,1979,4,1,BANK,380563,200499,1,1,5,1980,380390,200637,4,1,MEAD,same_SG,221.29844102478444
W054,8,1983,4,1,THISTLEWOODBANK,381109,200408,1,1,9,1984,381109,200408,4,1,THISTLEWOODBANK,same_SG,0
W056,4,1979,4,1,THISTLEWOODBANK,381109,200408,1,1,5,1980,380812,200417,4,1,OPEN,same_SG,297.1363323459452
X003,25,2000,1,1,WEST,380190,201400,3,1,26,2001,380190,201400,1,1,WEST,same_SG,0
X003,26,2001,1,1,WEST,380190,201400,3,1,27,2002,380190,201400,1,1,WEST,same_SG,0
X004,25,2000,1,1,WEST,380190,201400,2,1,26,2001,380190,201400,1,1,WEST,same_SG,0
X005,25,2000,1,1,WEST,380190,201400,2,1,26,2001,380190,201400,1,1,WEST,same_SG,0
X005,26,2001,1,1,WEST,380190,201400,4,1,27,2002,380190,201400,1,1,WEST,same_SG,0
X005,27,2002,1,1,WEST,380190,201400,2,1,28,2003,380190,201400,1,1,WEST,same_SG,0
X006,28,2003,1,1,WEST,380190,201400,1,1,29,2004,380190,201400,1,1,WEST,same_SG,0
X009,25,2000,1,1,WEST,380190,201400,3,1,26,2001,380190,201400,1,1,WEST,same_SG,0
X010,25,2000,5,1,JACKSMIREY,380678,200030,3,1,26,2001,380678,200030,5,1,JACKSMIREY,same_SG,0
X010,26,2001,5,1,JACKSMIREY,380678,200030,2,1,27,2002,380678,200030,5,1,JACKSMIREY,same_SG,0
X011,25,2000,1,1,WEST,380190,201400,3,1,26,2001,380279,201409,1,1,CORRAL,same_SG,89.45389874119518
X011,26,2001,1,1,CORRAL,380279,201409,1,1,27,2002,380190,201400,1,1,WEST,same_SG,89.45389874119518
X011,27,2002,1,1,WEST,380190,201400,1,1,28,2003,380190,201400,1,1,WEST,same_SG,0
X014,25,2000,4,1,THISTLEWOODBANK,381109,200408,2,1,26,2001,381109,200408,4,1,THISTLEWOODBANK,same_SG,0
X015,25,2000,4,1,ARTHURS,380534,200550,3,1,26,2001,380534,200550,4,1,ARTHURS,same_SG,0
X015,26,2001,4,1,ARTHURS,380534,200550,2,1,27,2002,380534,200550,4,1,ARTHURS,same_SG,0
X016,25,2000,15,1,BOG,382099,200773,2,1,26,2001,382099,200773,15,1,BOG,same_SG,0
X017,25,2000,16,1,PEGLARS,382355,200596,3,1,26,2001,382355,200596,16,1,PEGLARS,same_SG,0
X018,25,2000,16,1,PEGLARS,382355,200596,3,1,26,2001,382355,200596,16,1,PEGLARS,same_SG,0
X024,25,2000,11,1,TAXUS,381737,201220,3,1,26,2001,381737,201220,11,1,TAXUS,same_SG,0
X024,26,2001,11,1,TAXUS,381737,201220,2,1,27,2002,381737,201220,11,1,TAXUS,same_SG,0
X024,27,2002,11,1,TAXUS,381737,201220,1,1,28,2003,381931,201706,8,1,HONEYWELL,nonneighbour_SG,523.2895947752066
X024,28,2003,8,1,HONEYWELL,381931,201706,1,1,29,2004,382183,201478,14,1,OAKPILE,neighbour_SG,339.8352542041511
X030,25,2000,15,1,KENNEL,382464,200922,3,1,26,2001,382464,200922,15,1,KENNEL,same_SG,0
X030,26,2001,15,1,KENNEL,382464,200922,2,1,27,2002,382606,200941,15,1,MAID,same_SG,143.26548781894402
X030,27,2002,15,1,MAID,382606,200941,1,1,28,2003,382049,201493,14,1,COLEPARK,neighbour_SG,784.1893903898471
X034,25,2000,15,1,BOG,382099,200773,2,1,26,2001,382099,200773,15,1,BOG,same_SG,0
X035,25,2000,16,1,WOODRUSH,382713,200607,3,1,26,2001,382786,200771,16,1,FORK,same_SG,179.51323071016242
X035,26,2001,16,1,FORK,382786,200771,3,1,27,2002,382713,200607,16,1,WOODRUSH,same_SG,179.51323071016242
X035,27,2002,16,1,WOODRUSH,382713,200607,2,1,28,2003,382713,200607,16,1,WOODRUSH,same_SG,0
X035,28,2003,16,1,WOODRUSH,382713,200607,3,1,29,2004,382786,200771,16,1,FORK,same_SG,179.51323071016242
X036,25,2000,10,1,SEPTICTANK,381357,201285,2,1,26,2001,381946,201669,8,1,CHAIN,nonneighbour_SG,703.1194777560924
X037,25,2000,9,1,LAURELS,381180,201357,2,1,26,2001,381357,201285,10,1,SEPTICTANK,neighbour_SG,191.08375127153016
X041,25,2000,6,1,RABBIT,380856,201662,2,1,26,2001,381241,201774,7,1,BOXWOOD,neighbour_SG,400.96009776535124
X041,26,2001,7,1,BOXWOOD,381241,201774,1,1,27,2002,381241,201774,7,1,BOXWOOD,same_SG,0
X042,25,2000,7,1,BREAKHEART,381370,201620,1,1,26,2001,381241,201774,7,1,BOXWOOD,same_SG,200.89051744669283
X044,25,2000,6,1,RABBIT,380856,201662,2,1,26,2001,381022,201589,6,1,CEDAR,same_SG,181.34221791960084
X044,26,2001,6,1,CEDAR,381022,201589,2,1,27,2002,381022,201589,6,1,CEDAR,same_SG,0
X044,27,2002,6,1,CEDAR,381022,201589,1,1,28,2003,380856,201662,6,1,RABBIT,same_SG,181.34221791960084
X045,25,2000,6,1,RABBIT,380856,201662,2,1,26,2001,381022,201589,6,1,CEDAR,same_SG,181.34221791960084
X057,25,2000,22,1,WOODFARM,383337,200429,2,1,26,2001,383337,200429,22,1,WOODFARM,same_SG,0
X059,25,2000,20,1,PARKMILL,383730,200924,2,1,26,2001,383730,200924,20,1,PARKMILL,same_SG,0
X060,25,2000,17,1,XMASTREE,382680,201174,1,2,26,2001,382624,201274,17,1,OLDOAK,same_SG,114.61239025515522
X063,25,2000,5,1,JACKSMIREY,380678,200030,1,1,26,2001,380678,200030,5,1,JACKSMIREY,same_SG,0
X064,25,2000,5,1,JACKSMIREY,380678,200030,2,1,26,2001,380678,200030,5,1,JACKSMIREY,same_SG,0
X065,25,2000,5,1,JACKSMIREY,380678,200030,1,1,26,2001,380678,200030,5,1,JACKSMIREY,same_SG,0
X065,26,2001,5,1,JACKSMIREY,380678,200030,1,1,27,2002,380678,200030,5,1,JACKSMIREY,same_SG,0
X072,25,2000,16,1,WOODRUSH,382713,200607,1,1,26,2001,382713,200607,16,1,WOODRUSH,same_SG,0
X073,25,2000,21,1,COLLIERSWOOD,382931,200706,2,1,26,2001,382931,200706,21,1,COLLIERSWOOD,same_SG,0
X073,26,2001,21,1,COLLIERSWOOD,382931,200706,2,1,27,2002,382931,200706,21,1,COLLIERSWOOD,same_SG,0
X075,25,2000,4,1,THISTLEWOODBANK,381109,200408,2,1,26,2001,381109,200408,4,1,THISTLEWOODBANK,same_SG,0
X075,26,2001,4,1,THISTLEWOODBANK,381109,200408,1,1,27,2002,381109,200408,4,1,THISTLEWOODBANK,same_SG,0
X077,25,2000,5,1,JACKSMIREY,380678,200030,1,1,26,2001,380678,200030,5,1,JACKSMIREY,same_SG,0
X078,25,2000,4,1,ARTHURS,380534,200550,1,1,26,2001,380534,200550,4,1,ARTHURS,same_SG,0
X082,25,2000,4,1,ARTHURS,380534,200550,1,1,26,2001,380534,200550,4,1,ARTHURS,same_SG,0
X082,26,2001,4,1,ARTHURS,380534,200550,1,1,27,2002,380534,200550,4,1,ARTHURS,same_SG,0
X083,25,2000,4,1,ARTHURS,380534,200550,2,1,26,2001,380534,200550,4,1,ARTHURS,same_SG,0
X083,26,2001,4,1,ARTHURS,380534,200550,2,1,27,2002,380534,200550,4,1,ARTHURS,same_SG,0
X084,25,2000,4,1,ARTHURS,380534,200550,2,1,26,2001,380534,200550,4,1,ARTHURS,same_SG,0
X084,26,2001,4,1,ARTHURS,380534,200550,2,1,27,2002,380534,200550,4,1,ARTHURS,same_SG,0
X085,25,2000,4,1,ARTHURS,380534,200550,2,1,26,2001,380534,200550,4,1,ARTHURS,same_SG,0
X088,25,2000,22,1,WOODFARM,383337,200429,2,1,26,2001,383337,200429,22,1,WOODFARM,same_SG,0
X088,26,2001,22,1,WOODFARM,383337,200429,3,1,27,2002,383337,200429,22,1,WOODFARM,same_SG,0
X088,27,2002,22,1,WOODFARM,383337,200429,2,1,28,2003,383337,200429,22,1,WOODFARM,same_SG,0
X088,28,2003,22,1,WOODFARM,383337,200429,1,1,29,2004,383337,200429,22,1,WOODFARM,same_SG,0
X088,29,2004,22,1,WOODFARM,383337,200429,1,1,30,2005,383337,200429,22,1,WOODFARM,same_SG,0
X089,25,2000,6,1,RABBIT,380856,201662,2,1,26,2001,380856,201662,6,1,RABBIT,same_SG,0
X092,25,2000,15,1,BOG,382099,200773,1,1,26,2001,382099,200773,15,1,BOG,same_SG,0
X092,26,2001,15,1,BOG,382099,200773,2,1,27,2002,382355,200596,16,1,PEGLARS,neighbour_SG,311.231425148554
Y001,6,1981,1,1,WEST,380190,201400,1,1,7,1982,380190,201400,1,1,WEST,same_SG,0
Y001,7,1982,1,1,WEST,380190,201400,3,1,8,1983,380541,201242,2,1,LARCH,neighbour_SG,384.92207003496173
Y002,6,1981,10,1,SEPTICTANK,381357,201285,2,1,7,1982,381281,201324,10,1,RUSTYTRAP,same_SG,85.42247947700886
Y004,6,1981,2,1,LARCH,380541,201242,1,1,7,1982,380541,201242,2,1,LARCH,same_SG,0
Y004,7,1982,2,1,LARCH,380541,201242,1,1,8,1983,380541,201242,2,1,LARCH,same_SG,0
Y004,8,1983,2,1,LARCH,380541,201242,1,1,9,1984,380621,201409,2,1,BOX,same_SG,185.17289218457435
Y005,6,1981,10,1,SEPTICTANK,381357,201285,1,1,7,1982,381619,201268,11,1,YEW,neighbour_SG,262.5509474368737
Y005,7,1982,11,1,YEW,381619,201268,2,1,8,1983,381737,201220,11,1,TAXUS,same_SG,127.38916751435343
Y005,8,1983,11,1,TAXUS,381737,201220,1,1,9,1984,381737,201220,11,1,TAXUS,same_SG,0
Y006,6,1981,10,1,SEPTICTANK,381357,201285,2,1,7,1982,381619,201268,11,1,YEW,neighbour_SG,262.5509474368737
Y006,7,1982,11,1,YEW,381619,201268,3,1,8,1983,381737,201220,11,1,TAXUS,same_SG,127.38916751435343
Y006,8,1983,11,1,TAXUS,381737,201220,1,1,9,1984,381737,201220,11,1,TAXUS,same_SG,0
Y007,6,1981,1,1,WEST,380190,201400,1,1,7,1982,380621,201409,2,1,BOX,neighbour_SG,431.0939572761372
Y010,6,1981,11,1,ASHTREE,381604,201121,1,1,7,1982,381619,201268,11,1,YEW,same_SG,147.763324272297
Y011,6,1981,11,1,TAXUS,381737,201220,1,2,7,1982,381619,201268,11,1,YEW,same_SG,127.38916751435343
Y011,7,1982,11,1,YEW,381619,201268,2,2,8,1983,381604,201121,11,1,ASHTREE,same_SG,147.763324272297
Y011,8,1983,11,1,ASHTREE,381604,201121,1,2,9,1984,381737,201220,11,1,TAXUS,same_SG,165.8010856418015
Y012,6,1981,11,1,YEW,381619,201268,1,2,7,1982,381737,201220,11,1,TAXUS,same_SG,127.38916751435343
Y012,7,1982,11,1,TAXUS,381737,201220,1,2,8,1983,381619,201268,11,1,YEW,same_SG,127.38916751435343
Y015,6,1981,4,1,BANK,380563,200499,1,1,7,1982,380534,200550,4,1,ARTHURS,same_SG,58.66856057549052
Y015,7,1982,4,1,ARTHURS,380534,200550,1,1,8,1983,380563,200499,4,1,BANK,same_SG,58.66856057549052
Y015,8,1983,4,1,BANK,380563,200499,1,1,9,1984,380534,200550,4,1,ARTHURS,same_SG,58.66856057549052
Y016,6,1981,3,1,BEECH,380931,201164,1,1,7,1982,380906,200398,4,1,EARTH,nonneighbour_SG,766.4078548658018
Y016,7,1982,4,1,EARTH,380906,200398,1,1,8,1983,380841,200432,4,1,JUNCTION,same_SG,73.35529974037323
Y016,8,1983,4,1,JUNCTION,380841,200432,1,1,9,1984,381109,200408,4,1,THISTLEWOODBANK,same_SG,269.0724809414742
Y017,6,1981,4,1,ARTHURS,380534,200550,1,1,7,1982,380534,200550,4,1,ARTHURS,same_SG,0
Y017,7,1982,4,1,ARTHURS,380534,200550,3,1,8,1983,380534,200550,4,1,ARTHURS,same_SG,0
Y018,6,1981,4,1,BANK,380563,200499,1,1,7,1982,380534,200550,4,1,ARTHURS,same_SG,58.66856057549052
Y018,7,1982,4,1,ARTHURS,380534,200550,1,1,8,1983,380534,200550,4,1,ARTHURS,same_SG,0
Y018,8,1983,4,1,ARTHURS,380534,200550,1,1,9,1984,380563,200499,4,1,BANK,same_SG,58.66856057549052
Y018,12,1987,4,1,ARTHURS,380534,200550,1,1,13,1988,380534,200550,4,1,ARTHURS,same_SG,0
Y018,13,1988,4,1,ARTHURS,380534,200550,1,1,14,1989,380534,200550,4,1,ARTHURS,same_SG,0
Y019,6,1981,4,1,BANK,380563,200499,2,1,7,1982,380563,200499,4,1,BANK,same_SG,0
Y019,7,1982,4,1,BANK,380563,200499,2,1,8,1983,380534,200550,4,1,ARTHURS,same_SG,58.66856057549052
Y019,8,1983,4,1,ARTHURS,380534,200550,2,1,9,1984,380390,200637,4,1,MEAD,same_SG,168.24089871371942
Y019,9,1984,4,1,MEAD,380390,200637,1,1,10,1985,380390,200637,4,1,MEAD,same_SG,0
Y023,6,1981,15,1,KENNEL,382464,200922,1,1,7,1982,382464,200922,15,1,KENNEL,same_SG,0
Y023,7,1982,15,1,KENNEL,382464,200922,1,1,8,1983,382464,200922,15,1,KENNEL,same_SG,0
Y023,10,1985,15,1,KENNEL,382464,200922,2,1,11,1986,382464,200922,15,1,KENNEL,same_SG,0
Y023,13,1988,15,1,NEEDLES,382440,200974,1,1,14,1989,382464,200922,15,1,KENNEL,same_SG,57.271284253105414
Y023,14,1989,15,1,KENNEL,382464,200922,2,1,15,1990,382464,200922,15,1,KENNEL,same_SG,0
Y023,15,1990,15,1,KENNEL,382464,200922,2,1,16,1991,382464,200922,15,1,KENNEL,same_SG,0
Y025,6,1981,4,1,THISTLEWOODBANK,381109,200408,1,1,7,1982,380707,200454,4,1,BUSH,same_SG,404.623281584241
Y026,9,1984,16,1,PEGLARS,382355,200596,2,1,10,1985,382355,200596,16,1,PEGLARS,same_SG,0
Y026,10,1985,16,1,PEGLARS,382355,200596,2,1,11,1986,382355,200596,16,1,PEGLARS,same_SG,0
Y026,11,1986,16,1,PEGLARS,382355,200596,2,1,12,1987,382355,200596,16,1,PEGLARS,same_SG,0
Y026,12,1987,16,1,PEGLARS,382355,200596,2,1,13,1988,382355,200596,16,1,PEGLARS,same_SG,0
Y029,6,1981,15,1,KENNEL,382464,200922,1,1,7,1982,382464,200922,15,1,KENNEL,same_SG,0
Y029,7,1982,15,1,KENNEL,382464,200922,1,1,8,1983,382464,200922,15,1,KENNEL,same_SG,0
Y029,8,1983,15,1,KENNEL,382464,200922,1,1,9,1984,382464,200922,15,1,KENNEL,same_SG,0
Y029,9,1984,15,1,KENNEL,382464,200922,1,1,10,1985,382464,200922,15,1,KENNEL,same_SG,0
Y033,8,1983,17,1,OLDOAK,382624,201274,1,1,9,1984,382624,201274,17,1,OLDOAK,same_SG,0
Y033,9,1984,17,1,OLDOAK,382624,201274,1,1,10,1985,382624,201274,17,1,OLDOAK,same_SG,0
Y033,10,1985,17,1,OLDOAK,382624,201274,1,1,11,1986,382624,201274,17,1,OLDOAK,same_SG,0
Y039,8,1983,17,1,OLDOAK,382624,201274,2,1,9,1984,382616,201525,17,1,TOPOAK,same_SG,251.127457678367
Y039,11,1986,17,1,OLDOAK,382624,201274,1,1,12,1987,382624,201274,17,1,OLDOAK,same_SG,0
Y043,10,1985,12,1,TOP,381795,200962,1,1,11,1986,381795,200962,12,1,TOP,same_SG,0
Y043,11,1986,12,1,TOP,381795,200962,1,1,12,1987,381795,200962,12,1,TOP,same_SG,0
Y045,6,1981,1,1,WEST,380190,201400,1,2,7,1982,380190,201400,1,1,WEST,same_SG,0
Y046,6,1981,2,1,LARCH,380541,201242,1,2,7,1982,380621,201409,2,1,BOX,same_SG,185.17289218457435
Y046,7,1982,2,1,BOX,380621,201409,1,2,8,1983,380621,201409,2,1,BOX,same_SG,0
Y046,8,1983,2,1,BOX,380621,201409,1,2,9,1984,380541,201242,2,1,LARCH,same_SG,185.17289218457435
Y047,10,1985,14,1,COLEPARK,382049,201493,1,1,11,1986,382049,201493,14,1,COLEPARK,same_SG,0
Y047,13,1988,14,1,COLEPARK,382049,201493,1,1,14,1989,382049,201493,14,1,COLEPARK,same_SG,0
Z003,21,1996,8,1,HONEYWELL,381931,201706,2,2,22,1997,381931,201706,8,1,HONEYWELL,same_SG,0
Z014,19,1994,1,1,WEST,380190,201400,2,1,20,1995,380190,201400,1,1,WEST,same_SG,0
Z015,19,1994,1,1,WEST,380190,201400,3,1,20,1995,380279,201409,1,1,CORRAL,same_SG,89.45389874119518
Z015,20,1995,1,1,CORRAL,380279,201409,2,1,21,1996,380190,201400,1,1,WEST,same_SG,89.45389874119518
Z015,21,1996,1,1,WEST,380190,201400,2,1,22,1997,380190,201400,1,1,WEST,same_SG,0
Z015,22,1997,1,1,WEST,380190,201400,1,1,23,1998,380190,201400,1,1,WEST,same_SG,0
Z016,19,1994,1,1,WEST,380190,201400,2,1,20,1995,380190,201400,1,1,WEST,same_SG,0
Z016,20,1995,1,1,WEST,380190,201400,2,1,21,1996,380190,201400,1,1,WEST,same_SG,0
Z016,21,1996,1,1,WEST,380190,201400,3,1,22,1997,380190,201400,1,1,WEST,same_SG,0
Z016,22,1997,1,1,WEST,380190,201400,4,1,23,1998,380190,201400,1,1,WEST,same_SG,0
Z018,19,1994,1,1,WEST,380190,201400,2,1,20,1995,380190,201400,1,1,WEST,same_SG,0
Z019,19,1994,1,1,WEST,380190,201400,3,1,20,1995,380190,201400,1,1,WEST,same_SG,0
Z019,20,1995,1,1,WEST,380190,201400,3,1,21,1996,380190,201400,1,1,WEST,same_SG,0
Z020,19,1994,2,1,BOX,380621,201409,2,1,20,1995,380621,201409,2,1,BOX,same_SG,0
Z021,19,1994,4,1,ARTHURS,380534,200550,3,1,20,1995,380534,200550,4,1,ARTHURS,same_SG,0
Z021,20,1995,4,1,ARTHURS,380534,200550,2,1,21,1996,380534,200550,4,1,ARTHURS,same_SG,0
Z023,19,1994,2,1,BOX,380621,201409,3,1,20,1995,380541,201242,2,1,LARCH,same_SG,185.17289218457435
Z026,19,1994,1,1,WEST,380190,201400,2,1,20,1995,380279,201409,1,1,CORRAL,same_SG,89.45389874119518
Z026,20,1995,1,1,CORRAL,380279,201409,2,1,21,1996,380417,201488,999,2,BENCH,peripheral,159.0125781188394
Z027,19,1994,1,1,WEST,380190,201400,2,1,20,1995,380190,201400,1,1,WEST,same_SG,0
Z028,19,1994,4,1,THISTLEWOODBANK,381109,200408,2,1,20,1995,381109,200408,4,1,THISTLEWOODBANK,same_SG,0
Z028,20,1995,4,1,THISTLEWOODBANK,381109,200408,3,1,21,1996,381109,200408,4,1,THISTLEWOODBANK,same_SG,0
Z036,19,1994,1,1,WEST,380190,201400,3,1,20,1995,380190,201400,1,1,WEST,same_SG,0
Z044,19,1994,12,1,TOP,381795,200962,3,1,20,1995,381795,200962,12,1,TOP,same_SG,0
Z044,20,1995,12,1,TOP,381795,200962,2,1,21,1996,381795,200962,12,1,TOP,same_SG,0
Z044,21,1996,12,1,TOP,381795,200962,1,1,22,1997,381795,200962,12,1,TOP,same_SG,0
Z044,22,1997,12,1,TOP,381795,200962,2,1,23,1998,381795,200962,12,1,TOP,same_SG,0
Z044,23,1998,12,1,TOP,381795,200962,1,1,24,1999,381795,200962,12,1,TOP,same_SG,0
Z048,19,1994,3,1,BEECH,380931,201164,2,1,20,1995,380931,201164,3,1,BEECH,same_SG,0
Z048,22,1997,3,1,CHESNUT,380834,201150,1,1,23,1998,380834,201150,3,1,CHESNUT,same_SG,0
Z048,23,1998,3,1,CHESNUT,380834,201150,1,1,24,1999,380931,201164,3,1,BEECH,same_SG,98.00510190801293
Z048,24,1999,3,1,BEECH,380931,201164,1,1,25,2000,380834,201150,3,1,CHESNUT,same_SG,98.00510190801293
Z050,19,1994,21,1,COLLIERSWOOD,382931,200706,2,1,20,1995,382931,200706,21,1,COLLIERSWOOD,same_SG,0
Z053,19,1994,16,1,WOODRUSH,382713,200607,2,1,20,1995,382786,200771,16,1,FORK,same_SG,179.51323071016242
Z053,20,1995,16,1,FORK,382786,200771,2,1,21,1996,382786,200771,16,1,FORK,same_SG,0
Z053,21,1996,16,1,FORK,382786,200771,1,1,22,1997,382713,200607,16,1,WOODRUSH,same_SG,179.51323071016242
Z053,22,1997,16,1,WOODRUSH,382713,200607,1,1,23,1998,382786,200771,16,1,FORK,same_SG,179.51323071016242
Z053,23,1998,16,1,FORK,382786,200771,1,1,24,1999,382713,200607,16,1,WOODRUSH,same_SG,179.51323071016242
Z053,24,1999,16,1,WOODRUSH,382713,200607,1,1,25,2000,382786,200771,16,1,FORK,same_SG,179.51323071016242
Z053,25,2000,16,1,FORK,382786,200771,1,1,26,2001,382786,200771,16,1,FORK,same_SG,0
Z056,19,1994,10,1,SEPTICTANK,381357,201285,2,2,20,1995,381180,201357,9,1,LAURELS,neighbour_SG,191.08375127153016
Z056,22,1997,13,1,OLDPONDDRAIN,381503,201484,2,2,23,1998,381180,201357,9,1,LAURELS,nonneighbour_SG,347.0705980056507
Z056,23,1998,9,1,LAURELS,381180,201357,1,2,24,1999,381357,201285,10,1,SEPTICTANK,neighbour_SG,191.08375127153016
Z056,24,1999,10,1,SEPTICTANK,381357,201285,1,2,25,2000,381157,201365,9,1,BRACKEN,neighbour_SG,215.40659228538016
Z056,28,2003,10,1,HUNTINGGATE,381247,201345,1,2,29,2004,381247,201345,10,1,HUNTINGGATE,same_SG,0
Z057,19,1994,16,1,PEGLARS,382355,200596,2,1,20,1995,382355,200596,16,1,PEGLARS,same_SG,0
Z057,20,1995,16,1,PEGLARS,382355,200596,2,1,21,1996,382355,200596,16,1,PEGLARS,same_SG,0
Z057,23,1998,16,1,PEGLARS,382355,200596,1,1,24,1999,382355,200596,16,1,PEGLARS,same_SG,0
Z060,19,1994,19,1,DAM,383126,200958,1,1,20,1995,383126,200958,19,1,DAM,same_SG,0
Z060,20,1995,19,1,DAM,383126,200958,2,1,21,1996,383126,200958,19,1,DAM,same_SG,0
Z060,21,1996,19,1,DAM,383126,200958,1,1,22,1997,383126,200958,19,1,DAM,same_SG,0
Z060,22,1997,19,1,DAM,383126,200958,1,1,23,1998,383024,201142,18,1,NETTLE,neighbour_SG,210.38060747131613
Z061,19,1994,14,1,COLEPARK,382049,201493,2,1,20,1995,382049,201493,14,1,COLEPARK,same_SG,0
Z061,20,1995,14,1,COLEPARK,382049,201493,1,1,21,1996,382049,201493,14,1,COLEPARK,same_SG,0
Z061,21,1996,14,1,COLEPARK,382049,201493,2,1,22,1997,382049,201493,14,1,COLEPARK,same_SG,0
Z061,22,1997,14,1,COLEPARK,382049,201493,3,1,23,1998,382420,201405,14,1,GIANTBEECH,same_SG,381.29384993728917
Z061,23,1998,14,1,GIANTBEECH,382420,201405,1,1,24,1999,382142,201424,14,1,OLDCOLEPARK,same_SG,278.6485241303101
Z061,24,1999,14,1,OLDCOLEPARK,382142,201424,1,1,25,2000,381370,201620,7,1,BREAKHEART,nonneighbour_SG,796.4923100695951
Z062,19,1994,17,1,TOPOAK,382616,201525,2,1,20,1995,382616,201525,17,1,TOPOAK,same_SG,0
Z062,20,1995,17,1,TOPOAK,382616,201525,1,1,21,1996,382616,201525,17,1,TOPOAK,same_SG,0
Z063,19,1994,17,1,TOPOAK,382616,201525,2,1,20,1995,382624,201274,17,1,OLDOAK,same_SG,251.127457678367
Z063,20,1995,17,1,OLDOAK,382624,201274,3,1,21,1996,383024,201142,18,1,NETTLE,neighbour_SG,421.2172835960082
Z064,19,1994,17,1,TOPOAK,382616,201525,2,1,20,1995,382624,201274,17,1,OLDOAK,same_SG,251.127457678367
Z064,20,1995,17,1,OLDOAK,382624,201274,3,1,21,1996,382624,201274,17,1,OLDOAK,same_SG,0
Z065,19,1994,14,1,COLEPARK,382049,201493,1,1,20,1995,382049,201493,14,1,COLEPARK,same_SG,0
Z065,20,1995,14,1,COLEPARK,382049,201493,2,1,21,1996,382049,201493,14,1,COLEPARK,same_SG,0
Z066,19,1994,17,1,OLDOAK,382624,201274,1,1,20,1995,382624,201274,17,1,OLDOAK,same_SG,0
Z086,19,1994,3,1,BEECH,380931,201164,2,1,20,1995,380931,201164,3,1,BEECH,same_SG,0
Z086,20,1995,3,1,BEECH,380931,201164,1,1,21,1996,380931,201164,3,1,BEECH,same_SG,0
Z088,19,1994,16,1,FORK,382786,200771,1,1,20,1995,382713,200607,16,1,WOODRUSH,same_SG,179.51323071016242
Z088,22,1997,16,1,PEGLARS,382355,200596,1,1,23,1998,382355,200596,16,1,PEGLARS,same_SG,0
Z088,23,1998,16,1,PEGLARS,382355,200596,1,1,24,1999,382355,200596,16,1,PEGLARS,same_SG,0
Z089,19,1994,22,1,WOODFARM,383337,200429,2,1,20,1995,382931,200706,21,1,COLLIERSWOOD,neighbour_SG,491.49262456317695
Z089,20,1995,21,1,COLLIERSWOOD,382931,200706,1,1,21,1996,383337,200429,22,1,WOODFARM,neighbour_SG,491.49262456317695
Z089,21,1996,22,1,WOODFARM,383337,200429,2,1,22,1997,383337,200429,22,1,WOODFARM,same_SG,0
Z089,22,1997,22,1,WOODFARM,383337,200429,2,1,23,1998,382931,200706,21,1,COLLIERSWOOD,neighbour_SG,491.49262456317695
Z089,25,2000,22,1,WOODFARM,383337,200429,1,1,26,2001,383337,200429,22,1,WOODFARM,same_SG,0
Z089,26,2001,22,1,WOODFARM,383337,200429,1,1,27,2002,383337,200429,22,1,WOODFARM,same_SG,0
Z089,27,2002,22,1,WOODFARM,383337,200429,1,1,28,2003,383337,200429,22,1,WOODFARM,same_SG,0
Z089,28,2003,22,1,WOODFARM,383337,200429,2,1,29,2004,383337,200429,22,1,WOODFARM,same_SG,0
Z089,29,2004,22,1,WOODFARM,383337,200429,1,1,30,2005,382931,200706,21,1,COLLIERSWOOD,neighbour_SG,491.49262456317695
Z090,19,1994,18,1,NETTLE,383024,201142,1,1,20,1995,383024,201142,18,1,NETTLE,same_SG,0
Z090,20,1995,18,1,NETTLE,383024,201142,3,1,21,1996,383024,201142,18,1,NETTLE,same_SG,0
Z090,21,1996,18,1,NETTLE,383024,201142,3,1,22,1997,383126,200958,19,1,DAM,neighbour_SG,210.38060747131613
Z090,22,1997,19,1,DAM,383126,200958,1,1,23,1998,383024,201142,18,1,NETTLE,neighbour_SG,210.38060747131613
Z090,23,1998,18,1,NETTLE,383024,201142,1,1,24,1999,383011,201367,18,1,LINSEED,same_SG,225.37524265100637
Z093,19,1994,15,1,WYCHELM,382074,201085,1,1,20,1995,382132,201047,15,1,POPLAR,same_SG,69.33974329343886
Z093,20,1995,15,1,POPLAR,382132,201047,2,1,21,1996,382074,201085,15,1,WYCHELM,same_SG,69.33974329343886
Z093,21,1996,15,1,WYCHELM,382074,201085,3,1,22,1997,382074,201085,15,1,WYCHELM,same_SG,0
Z093,22,1997,15,1,WYCHELM,382074,201085,2,1,23,1998,382132,201047,15,1,POPLAR,same_SG,69.33974329343886
Z093,23,1998,15,1,POPLAR,382132,201047,2,1,24,1999,382132,201047,15,1,POPLAR,same_SG,0
Z093,24,1999,15,1,POPLAR,382132,201047,1,1,25,2000,382132,201047,15,1,POPLAR,same_SG,0
Z093,25,2000,15,1,POPLAR,382132,201047,2,1,26,2001,382074,201085,15,1,WYCHELM,same_SG,69.33974329343886
Z093,26,2001,15,1,WYCHELM,382074,201085,2,1,27,2002,382074,201085,15,1,WYCHELM,same_SG,0
Z094,19,1994,20,1,PARKMILL,383730,200924,1,1,20,1995,383730,200924,20,1,PARKMILL,same_SG,0
Z094,20,1995,20,1,PARKMILL,383730,200924,2,1,21,1996,383730,200924,20,1,PARKMILL,same_SG,0
Z094,21,1996,20,1,PARKMILL,383730,200924,2,1,22,1997,383730,200924,20,1,PARKMILL,same_SG,0
Z094,22,1997,20,1,PARKMILL,383730,200924,2,1,23,1998,383730,200924,20,1,PARKMILL,same_SG,0
Z094,23,1998,20,1,PARKMILL,383730,200924,1,1,24,1999,383730,200924,20,1,PARKMILL,same_SG,0
