interval_col,tattoo,from_year,to_year,from_primary,to_primary,from_detector_name,to_detector_name,from_x,from_y,to_x,to_y,observed_endpoint_distance_m,has_origin_xy,has_destination_xy
1,001B,2006,2007,31,32,31,32,380649,201388,380279,201409,370.59546678285204,TRUE,TRUE
2,001B,2007,2008,32,33,32,33,380279,201409,382399,200920,2175.6656452681327,TRUE,TRUE
3,001B,2008,2009,33,34,33,34,382399,200920,383126,200958,727.9924450157433,TRUE,TRUE
4,001E,2013,2014,38,39,38,39,382076,201048,380906,200398,1338.43191832831,TRUE,TRUE
5,001E,2014,2015,39,40,39,40,380906,200398,381314,201301,990.8950499422227,TRUE,TRUE
6,001K,2012,2013,37,38,37,38,383237,202222,382076,201048,1651.119922961382,TRUE,TRUE
7,001K,2013,2014,38,39,38,39,382076,201048,380906,200398,1338.43191832831,TRUE,TRUE
8,001L,2011,2012,36,37,36,37,381314,201015,383237,202222,2270.4136187047507,TRUE,TRUE
9,001L,2012,2013,37,38,37,38,383237,202222,382076,201048,1651.119922961382,TRUE,TRUE
10,001L,2013,2014,38,39,38,39,382076,201048,380906,200398,1338.43191832831,TRUE,TRUE
11,001P,2008,2009,33,34,33,34,382399,200920,383126,200958,727.9924450157433,TRUE,TRUE
12,001P,2009,2010,34,35,34,35,383126,200958,383135,202599,1641.0246798875392,TRUE,TRUE
13,001P,2010,2011,35,36,35,36,383135,202599,381314,201015,2413.523772412445,TRUE,TRUE
14,001P,2011,2012,36,37,36,37,381314,201015,383237,202222,2270.4136187047507,TRUE,TRUE
15,001P,2012,2013,37,38,37,38,383237,202222,382076,201048,1651.119922961382,TRUE,TRUE
16,001P,2013,2014,38,39,38,39,382076,201048,380906,200398,1338.43191832831,TRUE,TRUE
17,001Z,2019,2020,44,45,44,45,382420,201405,380583,201265,1842.3270610833463,TRUE,TRUE
18,001Z,2020,2021,45,46,45,46,380583,201265,382734,202283,2379.7321277824526,TRUE,TRUE
19,001Z,2021,2022,46,47,46,47,382734,202283,381350,200278,2436.2842609186637,TRUE,TRUE
20,002A,2014,2015,39,40,39,40,380906,200398,381314,201301,990.8950499422227,TRUE,TRUE
21,002A,2015,2016,40,41,40,41,381314,201301,380936,199687,1657.6730678876338,TRUE,TRUE
22,002A,2016,2017,41,42,41,42,380936,199687,382786,200771,2144.191222815726,TRUE,TRUE
23,002A,2017,2018,42,43,42,43,382786,200771,381016,201635,1969.6182371210925,TRUE,TRUE
24,002B,2006,2007,31,32,31,32,380649,201388,380279,201409,370.59546678285204,TRUE,TRUE
25,002B,2007,2008,32,33,32,33,380279,201409,382399,200920,2175.6656452681327,TRUE,TRUE
26,002F,2010,2011,35,36,35,36,383135,202599,381314,201015,2413.523772412445,TRUE,TRUE
27,002F,2011,2012,36,37,36,37,381314,201015,383237,202222,2270.4136187047507,TRUE,TRUE
28,002G,2003,2004,28,29,28,29,380834,201150,382049,201493,1262.4872276581652,TRUE,TRUE
29,002G,2004,2005,29,30,29,30,382049,201493,382931,200706,1182.0714868399457,TRUE,TRUE
30,002G,2005,2006,30,31,30,31,382931,200706,380649,201388,2381.7321427902007,TRUE,TRUE
31,002G,2006,2007,31,32,31,32,380649,201388,380279,201409,370.59546678285204,TRUE,TRUE
32,002K,2012,2013,37,38,37,38,383237,202222,382076,201048,1651.119922961382,TRUE,TRUE
33,002K,2013,2014,38,39,38,39,382076,201048,380906,200398,1338.43191832831,TRUE,TRUE
34,002K,2014,2015,39,40,39,40,380906,200398,381314,201301,990.8950499422227,TRUE,TRUE
35,002K,2015,2016,40,41,40,41,381314,201301,380936,199687,1657.6730678876338,TRUE,TRUE
36,002K,2016,2017,41,42,41,42,380936,199687,382786,200771,2144.191222815726,TRUE,TRUE
37,002N,2009,2010,34,35,34,35,383126,200958,383135,202599,1641.0246798875392,TRUE,TRUE
38,002N,2010,2011,35,36,35,36,383135,202599,381314,201015,2413.523772412445,TRUE,TRUE
39,002P,2008,2009,33,34,33,34,382399,200920,383126,200958,727.9924450157433,TRUE,TRUE
40,002P,2009,2010,34,35,34,35,383126,200958,383135,202599,1641.0246798875392,TRUE,TRUE
41,002P,2010,2011,35,36,35,36,383135,202599,381314,201015,2413.523772412445,TRUE,TRUE
42,002P,2011,2012,36,37,36,37,381314,201015,383237,202222,2270.4136187047507,TRUE,TRUE
43,002T,2017,2018,42,43,42,43,382786,200771,381016,201635,1969.6182371210925,TRUE,TRUE
44,002T,2018,2019,43,44,43,44,381016,201635,382420,201405,1422.7143072310757,TRUE,TRUE
45,002V,2015,2016,40,41,40,41,381314,201301,380936,199687,1657.6730678876338,TRUE,TRUE
46,002V,2016,2017,41,42,41,42,380936,199687,382786,200771,2144.191222815726,TRUE,TRUE
47,002V,2017,2018,42,43,42,43,382786,200771,381016,201635,1969.6182371210925,TRUE,TRUE
48,002V,2018,2019,43,44,43,44,381016,201635,382420,201405,1422.7143072310757,TRUE,TRUE
49,002V,2019,2020,44,45,44,45,382420,201405,380583,201265,1842.3270610833463,TRUE,TRUE
50,002Y,2007,2008,32,33,32,33,380279,201409,382399,200920,2175.6656452681327,TRUE,TRUE
51,002Y,2008,2009,33,34,33,34,382399,200920,383126,200958,727.9924450157433,TRUE,TRUE
52,002Y,2009,2010,34,35,34,35,383126,200958,383135,202599,1641.0246798875392,TRUE,TRUE
53,002Y,2010,2011,35,36,35,36,383135,202599,381314,201015,2413.523772412445,TRUE,TRUE
54,003A,2014,2015,39,40,39,40,380906,200398,381314,201301,990.8950499422227,TRUE,TRUE
55,003A,2015,2016,40,41,40,41,381314,201301,380936,199687,1657.6730678876338,TRUE,TRUE
56,003A,2016,2017,41,42,41,42,380936,199687,382786,200771,2144.191222815726,TRUE,TRUE
57,003A,2017,2018,42,43,42,43,382786,200771,381016,201635,1969.6182371210925,TRUE,TRUE
58,003A,2018,2019,43,44,43,44,381016,201635,382420,201405,1422.7143072310757,TRUE,TRUE
59,003N,2009,2010,34,35,34,35,383126,200958,383135,202599,1641.0246798875392,TRUE,TRUE
60,003N,2010,2011,35,36,35,36,383135,202599,381314,201015,2413.523772412445,TRUE,TRUE
61,003N,2011,2012,36,37,36,37,381314,201015,383237,202222,2270.4136187047507,TRUE,TRUE
62,004A,2014,2015,39,40,39,40,380906,200398,381314,201301,990.8950499422227,TRUE,TRUE
63,004A,2015,2016,40,41,40,41,381314,201301,380936,199687,1657.6730678876338,TRUE,TRUE
64,004C,2016,2017,41,42,41,42,380936,199687,382786,200771,2144.191222815726,TRUE,TRUE
65,004C,2017,2018,42,43,42,43,382786,200771,381016,201635,1969.6182371210925,TRUE,TRUE
66,004W,2005,2006,30,31,30,31,382931,200706,380649,201388,2381.7321427902007,TRUE,TRUE
67,004W,2006,2007,31,32,31,32,380649,201388,380279,201409,370.59546678285204,TRUE,TRUE
68,005C,2016,2017,41,42,41,42,380936,199687,382786,200771,2144.191222815726,TRUE,TRUE
69,005C,2017,2018,42,43,42,43,382786,200771,381016,201635,1969.6182371210925,TRUE,TRUE
70,005L,2011,2012,36,37,36,37,381314,201015,383237,202222,2270.4136187047507,TRUE,TRUE
71,005L,2012,2013,37,38,37,38,383237,202222,382076,201048,1651.119922961382,TRUE,TRUE
72,005L,2013,2014,38,39,38,39,382076,201048,380906,200398,1338.43191832831,TRUE,TRUE
73,005N,2009,2010,34,35,34,35,383126,200958,383135,202599,1641.0246798875392,TRUE,TRUE
74,005N,2010,2011,35,36,35,36,383135,202599,381314,201015,2413.523772412445,TRUE,TRUE
75,005P,2008,2009,33,34,33,34,382399,200920,383126,200958,727.9924450157433,TRUE,TRUE
76,005P,2009,2010,34,35,34,35,383126,200958,383135,202599,1641.0246798875392,TRUE,TRUE
77,005T,2017,2018,42,43,42,43,382786,200771,381016,201635,1969.6182371210925,TRUE,TRUE
78,005T,2018,2019,43,44,43,44,381016,201635,382420,201405,1422.7143072310757,TRUE,TRUE
79,006A,2014,2015,39,40,39,40,380906,200398,381314,201301,990.8950499422227,TRUE,TRUE
80,006A,2015,2016,40,41,40,41,381314,201301,380936,199687,1657.6730678876338,TRUE,TRUE
81,006A,2016,2017,41,42,41,42,380936,199687,382786,200771,2144.191222815726,TRUE,TRUE
82,006C,2016,2017,41,42,41,42,380936,199687,382786,200771,2144.191222815726,TRUE,TRUE
83,006C,2017,2018,42,43,42,43,382786,200771,381016,201635,1969.6182371210925,TRUE,TRUE
84,006L,2011,2012,36,37,36,37,381314,201015,383237,202222,2270.4136187047507,TRUE,TRUE
85,006L,2012,2013,37,38,37,38,383237,202222,382076,201048,1651.119922961382,TRUE,TRUE
86,006L,2013,2014,38,39,38,39,382076,201048,380906,200398,1338.43191832831,TRUE,TRUE
87,007A,2014,2015,39,40,39,40,380906,200398,381314,201301,990.8950499422227,TRUE,TRUE
88,007A,2015,2016,40,41,40,41,381314,201301,380936,199687,1657.6730678876338,TRUE,TRUE
89,007F,2010,2011,35,36,35,36,383135,202599,381314,201015,2413.523772412445,TRUE,TRUE
90,007F,2011,2012,36,37,36,37,381314,201015,383237,202222,2270.4136187047507,TRUE,TRUE
91,007F,2012,2013,37,38,37,38,383237,202222,382076,201048,1651.119922961382,TRUE,TRUE
92,007F,2013,2014,38,39,38,39,382076,201048,380906,200398,1338.43191832831,TRUE,TRUE
93,007G,2003,2004,28,29,28,29,380834,201150,382049,201493,1262.4872276581652,TRUE,TRUE
94,007G,2004,2005,29,30,29,30,382049,201493,382931,200706,1182.0714868399457,TRUE,TRUE
95,007G,2005,2006,30,31,30,31,382931,200706,380649,201388,2381.7321427902007,TRUE,TRUE
96,007M,2018,2019,43,44,43,44,381016,201635,382420,201405,1422.7143072310757,TRUE,TRUE
97,007M,2019,2020,44,45,44,45,382420,201405,380583,201265,1842.3270610833463,TRUE,TRUE
98,007M,2020,2021,45,46,45,46,380583,201265,382734,202283,2379.7321277824526,TRUE,TRUE
99,008B,2006,2007,31,32,31,32,380649,201388,380279,201409,370.59546678285204,TRUE,TRUE
100,008B,2007,2008,32,33,32,33,380279,201409,382399,200920,2175.6656452681327,TRUE,TRUE
101,008B,2008,2009,33,34,33,34,382399,200920,383126,200958,727.9924450157433,TRUE,TRUE
102,008B,2009,2010,34,35,34,35,383126,200958,383135,202599,1641.0246798875392,TRUE,TRUE
103,008B,2010,2011,35,36,35,36,383135,202599,381314,201015,2413.523772412445,TRUE,TRUE
104,008L,2011,2012,36,37,36,37,381314,201015,383237,202222,2270.4136187047507,TRUE,TRUE
105,008L,2012,2013,37,38,37,38,383237,202222,382076,201048,1651.119922961382,TRUE,TRUE
106,008M,2018,2019,43,44,43,44,381016,201635,382420,201405,1422.7143072310757,TRUE,TRUE
107,008M,2019,2020,44,45,44,45,382420,201405,380583,201265,1842.3270610833463,TRUE,TRUE
108,008P,2008,2009,33,34,33,34,382399,200920,383126,200958,727.9924450157433,TRUE,TRUE
109,008P,2009,2010,34,35,34,35,383126,200958,383135,202599,1641.0246798875392,TRUE,TRUE
110,008P,2010,2011,35,36,35,36,383135,202599,381314,201015,2413.523772412445,TRUE,TRUE
111,008W,2005,2006,30,31,30,31,382931,200706,380649,201388,2381.7321427902007,TRUE,TRUE
112,008W,2006,2007,31,32,31,32,380649,201388,380279,201409,370.59546678285204,TRUE,TRUE
113,008W,2007,2008,32,33,32,33,380279,201409,382399,200920,2175.6656452681327,TRUE,TRUE
114,008W,2008,2009,33,34,33,34,382399,200920,383126,200958,727.9924450157433,TRUE,TRUE
115,009N,2009,2010,34,35,34,35,383126,200958,383135,202599,1641.0246798875392,TRUE,TRUE
116,009N,2010,2011,35,36,35,36,383135,202599,381314,201015,2413.523772412445,TRUE,TRUE
117,009N,2011,2012,36,37,36,37,381314,201015,383237,202222,2270.4136187047507,TRUE,TRUE
118,009P,2008,2009,33,34,33,34,382399,200920,383126,200958,727.9924450157433,TRUE,TRUE
119,009P,2009,2010,34,35,34,35,383126,200958,383135,202599,1641.0246798875392,TRUE,TRUE
120,009P,2010,2011,35,36,35,36,383135,202599,381314,201015,2413.523772412445,TRUE,TRUE
121,009P,2011,2012,36,37,36,37,381314,201015,383237,202222,2270.4136187047507,TRUE,TRUE
122,009P,2012,2013,37,38,37,38,383237,202222,382076,201048,1651.119922961382,TRUE,TRUE
123,009P,2013,2014,38,39,38,39,382076,201048,380906,200398,1338.43191832831,TRUE,TRUE
124,009R,2004,2005,29,30,29,30,382049,201493,382931,200706,1182.0714868399457,TRUE,TRUE
125,009R,2005,2006,30,31,30,31,382931,200706,380649,201388,2381.7321427902007,TRUE,TRUE
126,009Z,2019,2020,44,45,44,45,382420,201405,380583,201265,1842.3270610833463,TRUE,TRUE
127,009Z,2020,2021,45,46,45,46,380583,201265,382734,202283,2379.7321277824526,TRUE,TRUE
128,010E,2013,2014,38,39,38,39,382076,201048,380906,200398,1338.43191832831,TRUE,TRUE
129,010E,2014,2015,39,40,39,40,380906,200398,381314,201301,990.8950499422227,TRUE,TRUE
130,010F,2010,2011,35,36,35,36,383135,202599,381314,201015,2413.523772412445,TRUE,TRUE
131,010F,2011,2012,36,37,36,37,381314,201015,383237,202222,2270.4136187047507,TRUE,TRUE
132,010F,2012,2013,37,38,37,38,383237,202222,382076,201048,1651.119922961382,TRUE,TRUE
133,010F,2013,2014,38,39,38,39,382076,201048,380906,200398,1338.43191832831,TRUE,TRUE
134,010F,2014,2015,39,40,39,40,380906,200398,381314,201301,990.8950499422227,TRUE,TRUE
135,010F,2015,2016,40,41,40,41,381314,201301,380936,199687,1657.6730678876338,TRUE,TRUE
136,010F,2016,2017,41,42,41,42,380936,199687,382786,200771,2144.191222815726,TRUE,TRUE
137,010F,2017,2018,42,43,42,43,382786,200771,381016,201635,1969.6182371210925,TRUE,TRUE
138,010N,2009,2010,34,35,34,35,383126,200958,383135,202599,1641.0246798875392,TRUE,TRUE
139,010N,2010,2011,35,36,35,36,383135,202599,381314,201015,2413.523772412445,TRUE,TRUE
140,010N,2011,2012,36,37,36,37,381314,201015,383237,202222,2270.4136187047507,TRUE,TRUE
141,010N,2012,2013,37,38,37,38,383237,202222,382076,201048,1651.119922961382,TRUE,TRUE
142,010P,2008,2009,33,34,33,34,382399,200920,383126,200958,727.9924450157433,TRUE,TRUE
143,010P,2009,2010,34,35,34,35,383126,200958,383135,202599,1641.0246798875392,TRUE,TRUE
144,010P,2010,2011,35,36,35,36,383135,202599,381314,201015,2413.523772412445,TRUE,TRUE
145,010P,2011,2012,36,37,36,37,381314,201015,383237,202222,2270.4136187047507,TRUE,TRUE
146,010P,2012,2013,37,38,37,38,383237,202222,382076,201048,1651.119922961382,TRUE,TRUE
147,010P,2013,2014,38,39,38,39,382076,201048,380906,200398,1338.43191832831,TRUE,TRUE
148,010P,2014,2015,39,40,39,40,380906,200398,381314,201301,990.8950499422227,TRUE,TRUE
149,010Y,2007,2008,32,33,32,33,380279,201409,382399,200920,2175.6656452681327,TRUE,TRUE
150,010Y,2008,2009,33,34,33,34,382399,200920,383126,200958,727.9924450157433,TRUE,TRUE
151,010Y,2009,2010,34,35,34,35,383126,200958,383135,202599,1641.0246798875392,TRUE,TRUE
152,010Y,2010,2011,35,36,35,36,383135,202599,381314,201015,2413.523772412445,TRUE,TRUE
153,010Y,2011,2012,36,37,36,37,381314,201015,383237,202222,2270.4136187047507,TRUE,TRUE
154,010Y,2012,2013,37,38,37,38,383237,202222,382076,201048,1651.119922961382,TRUE,TRUE
155,010Z,2019,2020,44,45,44,45,382420,201405,380583,201265,1842.3270610833463,TRUE,TRUE
156,010Z,2020,2021,45,46,45,46,380583,201265,382734,202283,2379.7321277824526,TRUE,TRUE
157,011B,2006,2007,31,32,31,32,380649,201388,380279,201409,370.59546678285204,TRUE,TRUE
158,011B,2007,2008,32,33,32,33,380279,201409,382399,200920,2175.6656452681327,TRUE,TRUE
159,011G,2003,2004,28,29,28,29,380834,201150,382049,201493,1262.4872276581652,TRUE,TRUE
160,011G,2004,2005,29,30,29,30,382049,201493,382931,200706,1182.0714868399457,TRUE,TRUE
161,011Y,2007,2008,32,33,32,33,380279,201409,382399,200920,2175.6656452681327,TRUE,TRUE
162,011Y,2008,2009,33,34,33,34,382399,200920,383126,200958,727.9924450157433,TRUE,TRUE
163,011Y,2009,2010,34,35,34,35,383126,200958,383135,202599,1641.0246798875392,TRUE,TRUE
164,011Y,2010,2011,35,36,35,36,383135,202599,381314,201015,2413.523772412445,TRUE,TRUE
165,011Y,2011,2012,36,37,36,37,381314,201015,383237,202222,2270.4136187047507,TRUE,TRUE
166,012B,2006,2007,31,32,31,32,380649,201388,380279,201409,370.59546678285204,TRUE,TRUE
167,012B,2007,2008,32,33,32,33,380279,201409,382399,200920,2175.6656452681327,TRUE,TRUE
168,012B,2008,2009,33,34,33,34,382399,200920,383126,200958,727.9924450157433,TRUE,TRUE
169,012D,2022,2023,47,48,47,48,381350,200278,382627,200053,1296.6703513229568,TRUE,TRUE
170,012D,2023,2024,48,49,48,49,382627,200053,382930,201326,1308.563334348017,TRUE,TRUE
171,012D,2024,2025,49,50,49,50,382930,201326,381353,199891,2132.1711938772646,TRUE,TRUE
172,012E,2013,2014,38,39,38,39,382076,201048,380906,200398,1338.43191832831,TRUE,TRUE
173,012E,2014,2015,39,40,39,40,380906,200398,381314,201301,990.8950499422227,TRUE,TRUE
174,012E,2015,2016,40,41,40,41,381314,201301,380936,199687,1657.6730678876338,TRUE,TRUE
175,012E,2016,2017,41,42,41,42,380936,199687,382786,200771,2144.191222815726,TRUE,TRUE
176,012E,2017,2018,42,43,42,43,382786,200771,381016,201635,1969.6182371210925,TRUE,TRUE
177,012E,2018,2019,43,44,43,44,381016,201635,382420,201405,1422.7143072310757,TRUE,TRUE
178,012E,2019,2020,44,45,44,45,382420,201405,380583,201265,1842.3270610833463,TRUE,TRUE
179,012E,2020,2021,45,46,45,46,380583,201265,382734,202283,2379.7321277824526,TRUE,TRUE
180,012G,2003,2004,28,29,28,29,380834,201150,382049,201493,1262.4872276581652,TRUE,TRUE
181,012G,2004,2005,29,30,29,30,382049,201493,382931,200706,1182.0714868399457,TRUE,TRUE
182,012G,2005,2006,30,31,30,31,382931,200706,380649,201388,2381.7321427902007,TRUE,TRUE
183,012G,2006,2007,31,32,31,32,380649,201388,380279,201409,370.59546678285204,TRUE,TRUE
184,012H,2020,2021,45,46,45,46,380583,201265,382734,202283,2379.7321277824526,TRUE,TRUE
185,012H,2021,2022,46,47,46,47,382734,202283,381350,200278,2436.2842609186637,TRUE,TRUE
186,012L,2011,2012,36,37,36,37,381314,201015,383237,202222,2270.4136187047507,TRUE,TRUE
187,012L,2012,2013,37,38,37,38,383237,202222,382076,201048,1651.119922961382,TRUE,TRUE
188,012L,2013,2014,38,39,38,39,382076,201048,380906,200398,1338.43191832831,TRUE,TRUE
189,012P,2008,2009,33,34,33,34,382399,200920,383126,200958,727.9924450157433,TRUE,TRUE
190,012P,2009,2010,34,35,34,35,383126,200958,383135,202599,1641.0246798875392,TRUE,TRUE
191,012P,2010,2011,35,36,35,36,383135,202599,381314,201015,2413.523772412445,TRUE,TRUE
192,012P,2011,2012,36,37,36,37,381314,201015,383237,202222,2270.4136187047507,TRUE,TRUE
193,012P,2012,2013,37,38,37,38,383237,202222,382076,201048,1651.119922961382,TRUE,TRUE
194,012R,2004,2005,29,30,29,30,382049,201493,382931,200706,1182.0714868399457,TRUE,TRUE
195,012R,2005,2006,30,31,30,31,382931,200706,380649,201388,2381.7321427902007,TRUE,TRUE
196,012R,2006,2007,31,32,31,32,380649,201388,380279,201409,370.59546678285204,TRUE,TRUE
197,013D,2022,2023,47,48,47,48,381350,200278,382627,200053,1296.6703513229568,TRUE,TRUE
198,013D,2023,2024,48,49,48,49,382627,200053,382930,201326,1308.563334348017,TRUE,TRUE
199,013D,2024,2025,49,50,49,50,382930,201326,381353,199891,2132.1711938772646,TRUE,TRUE
200,013E,2013,2014,38,39,38,39,382076,201048,380906,200398,1338.43191832831,TRUE,TRUE
201,013E,2014,2015,39,40,39,40,380906,200398,381314,201301,990.8950499422227,TRUE,TRUE
202,013E,2015,2016,40,41,40,41,381314,201301,380936,199687,1657.6730678876338,TRUE,TRUE
203,013F,2010,2011,35,36,35,36,383135,202599,381314,201015,2413.523772412445,TRUE,TRUE
204,013F,2011,2012,36,37,36,37,381314,201015,383237,202222,2270.4136187047507,TRUE,TRUE
205,013G,2003,2004,28,29,28,29,380834,201150,382049,201493,1262.4872276581652,TRUE,TRUE
206,013G,2004,2005,29,30,29,30,382049,201493,382931,200706,1182.0714868399457,TRUE,TRUE
207,013G,2005,2006,30,31,30,31,382931,200706,380649,201388,2381.7321427902007,TRUE,TRUE
208,013G,2006,2007,31,32,31,32,380649,201388,380279,201409,370.59546678285204,TRUE,TRUE
209,013G,2007,2008,32,33,32,33,380279,201409,382399,200920,2175.6656452681327,TRUE,TRUE
210,013M,2018,2019,43,44,43,44,381016,201635,382420,201405,1422.7143072310757,TRUE,TRUE
211,013M,2019,2020,44,45,44,45,382420,201405,380583,201265,1842.3270610833463,TRUE,TRUE
212,013M,2020,2021,45,46,45,46,380583,201265,382734,202283,2379.7321277824526,TRUE,TRUE
213,013N,2009,2010,34,35,34,35,383126,200958,383135,202599,1641.0246798875392,TRUE,TRUE
214,013N,2010,2011,35,36,35,36,383135,202599,381314,201015,2413.523772412445,TRUE,TRUE
215,013N,2011,2012,36,37,36,37,381314,201015,383237,202222,2270.4136187047507,TRUE,TRUE
216,013P,2008,2009,33,34,33,34,382399,200920,383126,200958,727.9924450157433,TRUE,TRUE
217,013P,2009,2010,34,35,34,35,383126,200958,383135,202599,1641.0246798875392,TRUE,TRUE
218,013Y,2007,2008,32,33,32,33,380279,201409,382399,200920,2175.6656452681327,TRUE,TRUE
219,013Y,2008,2009,33,34,33,34,382399,200920,383126,200958,727.9924450157433,TRUE,TRUE
220,013Y,2009,2010,34,35,34,35,383126,200958,383135,202599,1641.0246798875392,TRUE,TRUE
221,013Y,2010,2011,35,36,35,36,383135,202599,381314,201015,2413.523772412445,TRUE,TRUE
222,013Z,2019,2020,44,45,44,45,382420,201405,380583,201265,1842.3270610833463,TRUE,TRUE
223,013Z,2020,2021,45,46,45,46,380583,201265,382734,202283,2379.7321277824526,TRUE,TRUE
224,013Z,2021,2022,46,47,46,47,382734,202283,381350,200278,2436.2842609186637,TRUE,TRUE
225,013Z,2022,2023,47,48,47,48,381350,200278,382627,200053,1296.6703513229568,TRUE,TRUE
226,014A,2014,2015,39,40,39,40,380906,200398,381314,201301,990.8950499422227,TRUE,TRUE
227,014A,2015,2016,40,41,40,41,381314,201301,380936,199687,1657.6730678876338,TRUE,TRUE
228,014B,2006,2007,31,32,31,32,380649,201388,380279,201409,370.59546678285204,TRUE,TRUE
229,014B,2007,2008,32,33,32,33,380279,201409,382399,200920,2175.6656452681327,TRUE,TRUE
230,014B,2008,2009,33,34,33,34,382399,200920,383126,200958,727.9924450157433,TRUE,TRUE
231,014D,2022,2023,47,48,47,48,381350,200278,382627,200053,1296.6703513229568,TRUE,TRUE
232,014D,2023,2024,48,49,48,49,382627,200053,382930,201326,1308.563334348017,TRUE,TRUE
233,014D,2024,2025,49,50,49,50,382930,201326,381353,199891,2132.1711938772646,TRUE,TRUE
234,014M,2018,2019,43,44,43,44,381016,201635,382420,201405,1422.7143072310757,TRUE,TRUE
235,014M,2019,2020,44,45,44,45,382420,201405,380583,201265,1842.3270610833463,TRUE,TRUE
236,014N,2009,2010,34,35,34,35,383126,200958,383135,202599,1641.0246798875392,TRUE,TRUE
237,014N,2010,2011,35,36,35,36,383135,202599,381314,201015,2413.523772412445,TRUE,TRUE
238,014N,2011,2012,36,37,36,37,381314,201015,383237,202222,2270.4136187047507,TRUE,TRUE
239,014P,2008,2009,33,34,33,34,382399,200920,383126,200958,727.9924450157433,TRUE,TRUE
240,014P,2009,2010,34,35,34,35,383126,200958,383135,202599,1641.0246798875392,TRUE,TRUE
241,014P,2010,2011,35,36,35,36,383135,202599,381314,201015,2413.523772412445,TRUE,TRUE
242,014P,2011,2012,36,37,36,37,381314,201015,383237,202222,2270.4136187047507,TRUE,TRUE
243,014Z,2019,2020,44,45,44,45,382420,201405,380583,201265,1842.3270610833463,TRUE,TRUE
244,014Z,2020,2021,45,46,45,46,380583,201265,382734,202283,2379.7321277824526,TRUE,TRUE
245,015B,2006,2007,31,32,31,32,380649,201388,380279,201409,370.59546678285204,TRUE,TRUE
246,015B,2007,2008,32,33,32,33,380279,201409,382399,200920,2175.6656452681327,TRUE,TRUE
247,015B,2008,2009,33,34,33,34,382399,200920,383126,200958,727.9924450157433,TRUE,TRUE
248,015C,2016,2017,41,42,41,42,380936,199687,382786,200771,2144.191222815726,TRUE,TRUE
249,015C,2017,2018,42,43,42,43,382786,200771,381016,201635,1969.6182371210925,TRUE,TRUE
250,015C,2018,2019,43,44,43,44,381016,201635,382420,201405,1422.7143072310757,TRUE,TRUE
251,015P,2008,2009,33,34,33,34,382399,200920,383126,200958,727.9924450157433,TRUE,TRUE
252,015P,2009,2010,34,35,34,35,383126,200958,383135,202599,1641.0246798875392,TRUE,TRUE
253,015P,2010,2011,35,36,35,36,383135,202599,381314,201015,2413.523772412445,TRUE,TRUE
254,015P,2011,2012,36,37,36,37,381314,201015,383237,202222,2270.4136187047507,TRUE,TRUE
255,015P,2012,2013,37,38,37,38,383237,202222,382076,201048,1651.119922961382,TRUE,TRUE
256,015P,2013,2014,38,39,38,39,382076,201048,380906,200398,1338.43191832831,TRUE,TRUE
257,015P,2014,2015,39,40,39,40,380906,200398,381314,201301,990.8950499422227,TRUE,TRUE
258,015T,2017,2018,42,43,42,43,382786,200771,381016,201635,1969.6182371210925,TRUE,TRUE
259,015T,2018,2019,43,44,43,44,381016,201635,382420,201405,1422.7143072310757,TRUE,TRUE
260,015V,2015,2016,40,41,40,41,381314,201301,380936,199687,1657.6730678876338,TRUE,TRUE
261,015V,2016,2017,41,42,41,42,380936,199687,382786,200771,2144.191222815726,TRUE,TRUE
262,015V,2017,2018,42,43,42,43,382786,200771,381016,201635,1969.6182371210925,TRUE,TRUE
263,015Y,2007,2008,32,33,32,33,380279,201409,382399,200920,2175.6656452681327,TRUE,TRUE
264,015Y,2008,2009,33,34,33,34,382399,200920,383126,200958,727.9924450157433,TRUE,TRUE
265,015Y,2009,2010,34,35,34,35,383126,200958,383135,202599,1641.0246798875392,TRUE,TRUE
266,016A,2014,2015,39,40,39,40,380906,200398,381314,201301,990.8950499422227,TRUE,TRUE
267,016A,2015,2016,40,41,40,41,381314,201301,380936,199687,1657.6730678876338,TRUE,TRUE
268,016A,2016,2017,41,42,41,42,380936,199687,382786,200771,2144.191222815726,TRUE,TRUE
269,016B,2006,2007,31,32,31,32,380649,201388,380279,201409,370.59546678285204,TRUE,TRUE
270,016B,2007,2008,32,33,32,33,380279,201409,382399,200920,2175.6656452681327,TRUE,TRUE
271,016B,2008,2009,33,34,33,34,382399,200920,383126,200958,727.9924450157433,TRUE,TRUE
272,016B,2009,2010,34,35,34,35,383126,200958,383135,202599,1641.0246798875392,TRUE,TRUE
273,016C,2016,2017,41,42,41,42,380936,199687,382786,200771,2144.191222815726,TRUE,TRUE
274,016C,2017,2018,42,43,42,43,382786,200771,381016,201635,1969.6182371210925,TRUE,TRUE
275,016E,2013,2014,38,39,38,39,382076,201048,380906,200398,1338.43191832831,TRUE,TRUE
276,016E,2014,2015,39,40,39,40,380906,200398,381314,201301,990.8950499422227,TRUE,TRUE
277,016E,2015,2016,40,41,40,41,381314,201301,380936,199687,1657.6730678876338,TRUE,TRUE
278,016E,2016,2017,41,42,41,42,380936,199687,382786,200771,2144.191222815726,TRUE,TRUE
279,016E,2017,2018,42,43,42,43,382786,200771,381016,201635,1969.6182371210925,TRUE,TRUE
280,016G,2003,2004,28,29,28,29,380834,201150,382049,201493,1262.4872276581652,TRUE,TRUE
281,016G,2004,2005,29,30,29,30,382049,201493,382931,200706,1182.0714868399457,TRUE,TRUE
282,016M,2018,2019,43,44,43,44,381016,201635,382420,201405,1422.7143072310757,TRUE,TRUE
283,016M,2019,2020,44,45,44,45,382420,201405,380583,201265,1842.3270610833463,TRUE,TRUE
284,016N,2009,2010,34,35,34,35,383126,200958,383135,202599,1641.0246798875392,TRUE,TRUE
285,016N,2010,2011,35,36,35,36,383135,202599,381314,201015,2413.523772412445,TRUE,TRUE
286,016P,2008,2009,33,34,33,34,382399,200920,383126,200958,727.9924450157433,TRUE,TRUE
287,016P,2009,2010,34,35,34,35,383126,200958,383135,202599,1641.0246798875392,TRUE,TRUE
288,016P,2010,2011,35,36,35,36,383135,202599,381314,201015,2413.523772412445,TRUE,TRUE
289,016P,2011,2012,36,37,36,37,381314,201015,383237,202222,2270.4136187047507,TRUE,TRUE
290,016P,2012,2013,37,38,37,38,383237,202222,382076,201048,1651.119922961382,TRUE,TRUE
291,016P,2013,2014,38,39,38,39,382076,201048,380906,200398,1338.43191832831,TRUE,TRUE
292,016P,2014,2015,39,40,39,40,380906,200398,381314,201301,990.8950499422227,TRUE,TRUE
293,016V,2015,2016,40,41,40,41,381314,201301,380936,199687,1657.6730678876338,TRUE,TRUE
294,016V,2016,2017,41,42,41,42,380936,199687,382786,200771,2144.191222815726,TRUE,TRUE
295,016V,2017,2018,42,43,42,43,382786,200771,381016,201635,1969.6182371210925,TRUE,TRUE
296,016V,2018,2019,43,44,43,44,381016,201635,382420,201405,1422.7143072310757,TRUE,TRUE
297,016V,2019,2020,44,45,44,45,382420,201405,380583,201265,1842.3270610833463,TRUE,TRUE
298,017A,2014,2015,39,40,39,40,380906,200398,381314,201301,990.8950499422227,TRUE,TRUE
299,017A,2015,2016,40,41,40,41,381314,201301,380936,199687,1657.6730678876338,TRUE,TRUE
300,017A,2016,2017,41,42,41,42,380936,199687,382786,200771,2144.191222815726,TRUE,TRUE
301,017A,2017,2018,42,43,42,43,382786,200771,381016,201635,1969.6182371210925,TRUE,TRUE
302,017B,2006,2007,31,32,31,32,380649,201388,380279,201409,370.59546678285204,TRUE,TRUE
303,017B,2007,2008,32,33,32,33,380279,201409,382399,200920,2175.6656452681327,TRUE,TRUE
304,017B,2008,2009,33,34,33,34,382399,200920,383126,200958,727.9924450157433,TRUE,TRUE
305,017B,2009,2010,34,35,34,35,383126,200958,383135,202599,1641.0246798875392,TRUE,TRUE
306,017B,2010,2011,35,36,35,36,383135,202599,381314,201015,2413.523772412445,TRUE,TRUE
307,017F,2010,2011,35,36,35,36,383135,202599,381314,201015,2413.523772412445,TRUE,TRUE
308,017F,2011,2012,36,37,36,37,381314,201015,383237,202222,2270.4136187047507,TRUE,TRUE
309,017R,2004,2005,29,30,29,30,382049,201493,382931,200706,1182.0714868399457,TRUE,TRUE
310,017R,2005,2006,30,31,30,31,382931,200706,380649,201388,2381.7321427902007,TRUE,TRUE
311,017R,2006,2007,31,32,31,32,380649,201388,380279,201409,370.59546678285204,TRUE,TRUE
312,017R,2007,2008,32,33,32,33,380279,201409,382399,200920,2175.6656452681327,TRUE,TRUE
313,017R,2008,2009,33,34,33,34,382399,200920,383126,200958,727.9924450157433,TRUE,TRUE
314,017V,2015,2016,40,41,40,41,381314,201301,380936,199687,1657.6730678876338,TRUE,TRUE
315,017V,2016,2017,41,42,41,42,380936,199687,382786,200771,2144.191222815726,TRUE,TRUE
316,017V,2017,2018,42,43,42,43,382786,200771,381016,201635,1969.6182371210925,TRUE,TRUE
317,017Y,2007,2008,32,33,32,33,380279,201409,382399,200920,2175.6656452681327,TRUE,TRUE
318,017Y,2008,2009,33,34,33,34,382399,200920,383126,200958,727.9924450157433,TRUE,TRUE
319,017Z,2019,2020,44,45,44,45,382420,201405,380583,201265,1842.3270610833463,TRUE,TRUE
320,017Z,2020,2021,45,46,45,46,380583,201265,382734,202283,2379.7321277824526,TRUE,TRUE
321,018A,2014,2015,39,40,39,40,380906,200398,381314,201301,990.8950499422227,TRUE,TRUE
322,018A,2015,2016,40,41,40,41,381314,201301,380936,199687,1657.6730678876338,TRUE,TRUE
323,018A,2016,2017,41,42,41,42,380936,199687,382786,200771,2144.191222815726,TRUE,TRUE
324,018A,2017,2018,42,43,42,43,382786,200771,381016,201635,1969.6182371210925,TRUE,TRUE
325,018B,2006,2007,31,32,31,32,380649,201388,380279,201409,370.59546678285204,TRUE,TRUE
326,018B,2007,2008,32,33,32,33,380279,201409,382399,200920,2175.6656452681327,TRUE,TRUE
327,018B,2008,2009,33,34,33,34,382399,200920,383126,200958,727.9924450157433,TRUE,TRUE
328,018B,2009,2010,34,35,34,35,383126,200958,383135,202599,1641.0246798875392,TRUE,TRUE
329,018B,2010,2011,35,36,35,36,383135,202599,381314,201015,2413.523772412445,TRUE,TRUE
330,018G,2003,2004,28,29,28,29,380834,201150,382049,201493,1262.4872276581652,TRUE,TRUE
331,018G,2004,2005,29,30,29,30,382049,201493,382931,200706,1182.0714868399457,TRUE,TRUE
332,018G,2005,2006,30,31,30,31,382931,200706,380649,201388,2381.7321427902007,TRUE,TRUE
333,018G,2006,2007,31,32,31,32,380649,201388,380279,201409,370.59546678285204,TRUE,TRUE
334,018G,2007,2008,32,33,32,33,380279,201409,382399,200920,2175.6656452681327,TRUE,TRUE
335,018L,2011,2012,36,37,36,37,381314,201015,383237,202222,2270.4136187047507,TRUE,TRUE
336,018L,2012,2013,37,38,37,38,383237,202222,382076,201048,1651.119922961382,TRUE,TRUE
337,018M,2018,2019,43,44,43,44,381016,201635,382420,201405,1422.7143072310757,TRUE,TRUE
338,018M,2019,2020,44,45,44,45,382420,201405,380583,201265,1842.3270610833463,TRUE,TRUE
339,018M,2020,2021,45,46,45,46,380583,201265,382734,202283,2379.7321277824526,TRUE,TRUE
340,018N,2009,2010,34,35,34,35,383126,200958,383135,202599,1641.0246798875392,TRUE,TRUE
341,018N,2010,2011,35,36,35,36,383135,202599,381314,201015,2413.523772412445,TRUE,TRUE
342,018N,2011,2012,36,37,36,37,381314,201015,383237,202222,2270.4136187047507,TRUE,TRUE
343,018P,2008,2009,33,34,33,34,382399,200920,383126,200958,727.9924450157433,TRUE,TRUE
344,018P,2009,2010,34,35,34,35,383126,200958,383135,202599,1641.0246798875392,TRUE,TRUE
345,018P,2010,2011,35,36,35,36,383135,202599,381314,201015,2413.523772412445,TRUE,TRUE
346,018R,2004,2005,29,30,29,30,382049,201493,382931,200706,1182.0714868399457,TRUE,TRUE
347,018R,2005,2006,30,31,30,31,382931,200706,380649,201388,2381.7321427902007,TRUE,TRUE
348,018R,2006,2007,31,32,31,32,380649,201388,380279,201409,370.59546678285204,TRUE,TRUE
349,019A,2014,2015,39,40,39,40,380906,200398,381314,201301,990.8950499422227,TRUE,TRUE
350,019A,2015,2016,40,41,40,41,381314,201301,380936,199687,1657.6730678876338,TRUE,TRUE
351,019A,2016,2017,41,42,41,42,380936,199687,382786,200771,2144.191222815726,TRUE,TRUE
352,019A,2017,2018,42,43,42,43,382786,200771,381016,201635,1969.6182371210925,TRUE,TRUE
353,019A,2018,2019,43,44,43,44,381016,201635,382420,201405,1422.7143072310757,TRUE,TRUE
354,019E,2013,2014,38,39,38,39,382076,201048,380906,200398,1338.43191832831,TRUE,TRUE
355,019E,2014,2015,39,40,39,40,380906,200398,381314,201301,990.8950499422227,TRUE,TRUE
356,019E,2015,2016,40,41,40,41,381314,201301,380936,199687,1657.6730678876338,TRUE,TRUE
357,019E,2016,2017,41,42,41,42,380936,199687,382786,200771,2144.191222815726,TRUE,TRUE
358,019E,2017,2018,42,43,42,43,382786,200771,381016,201635,1969.6182371210925,TRUE,TRUE
359,019E,2018,2019,43,44,43,44,381016,201635,382420,201405,1422.7143072310757,TRUE,TRUE
360,019E,2019,2020,44,45,44,45,382420,201405,380583,201265,1842.3270610833463,TRUE,TRUE
361,019E,2020,2021,45,46,45,46,380583,201265,382734,202283,2379.7321277824526,TRUE,TRUE
362,019E,2021,2022,46,47,46,47,382734,202283,381350,200278,2436.2842609186637,TRUE,TRUE
363,019G,2003,2004,28,29,28,29,380834,201150,382049,201493,1262.4872276581652,TRUE,TRUE
364,019G,2004,2005,29,30,29,30,382049,201493,382931,200706,1182.0714868399457,TRUE,TRUE
365,019L,2011,2012,36,37,36,37,381314,201015,383237,202222,2270.4136187047507,TRUE,TRUE
366,019L,2012,2013,37,38,37,38,383237,202222,382076,201048,1651.119922961382,TRUE,TRUE
367,019L,2013,2014,38,39,38,39,382076,201048,380906,200398,1338.43191832831,TRUE,TRUE
368,019P,2008,2009,33,34,33,34,382399,200920,383126,200958,727.9924450157433,TRUE,TRUE
369,019P,2009,2010,34,35,34,35,383126,200958,383135,202599,1641.0246798875392,TRUE,TRUE
370,019P,2010,2011,35,36,35,36,383135,202599,381314,201015,2413.523772412445,TRUE,TRUE
371,019P,2011,2012,36,37,36,37,381314,201015,383237,202222,2270.4136187047507,TRUE,TRUE
372,019P,2012,2013,37,38,37,38,383237,202222,382076,201048,1651.119922961382,TRUE,TRUE
373,019P,2013,2014,38,39,38,39,382076,201048,380906,200398,1338.43191832831,TRUE,TRUE
374,019P,2014,2015,39,40,39,40,380906,200398,381314,201301,990.8950499422227,TRUE,TRUE
375,019R,2004,2005,29,30,29,30,382049,201493,382931,200706,1182.0714868399457,TRUE,TRUE
376,019R,2005,2006,30,31,30,31,382931,200706,380649,201388,2381.7321427902007,TRUE,TRUE
377,019R,2006,2007,31,32,31,32,380649,201388,380279,201409,370.59546678285204,TRUE,TRUE
378,019R,2007,2008,32,33,32,33,380279,201409,382399,200920,2175.6656452681327,TRUE,TRUE
379,020B,2006,2007,31,32,31,32,380649,201388,380279,201409,370.59546678285204,TRUE,TRUE
380,020B,2007,2008,32,33,32,33,380279,201409,382399,200920,2175.6656452681327,TRUE,TRUE
381,020C,2016,2017,41,42,41,42,380936,199687,382786,200771,2144.191222815726,TRUE,TRUE
382,020C,2017,2018,42,43,42,43,382786,200771,381016,201635,1969.6182371210925,TRUE,TRUE
383,020D,2022,2023,47,48,47,48,381350,200278,382627,200053,1296.6703513229568,TRUE,TRUE
384,020D,2023,2024,48,49,48,49,382627,200053,382930,201326,1308.563334348017,TRUE,TRUE
385,020F,2010,2011,35,36,35,36,383135,202599,381314,201015,2413.523772412445,TRUE,TRUE
386,020F,2011,2012,36,37,36,37,381314,201015,383237,202222,2270.4136187047507,TRUE,TRUE
387,020L,2011,2012,36,37,36,37,381314,201015,383237,202222,2270.4136187047507,TRUE,TRUE
388,020L,2012,2013,37,38,37,38,383237,202222,382076,201048,1651.119922961382,TRUE,TRUE
389,020L,2013,2014,38,39,38,39,382076,201048,380906,200398,1338.43191832831,TRUE,TRUE
390,020L,2014,2015,39,40,39,40,380906,200398,381314,201301,990.8950499422227,TRUE,TRUE
391,020L,2015,2016,40,41,40,41,381314,201301,380936,199687,1657.6730678876338,TRUE,TRUE
392,020L,2016,2017,41,42,41,42,380936,199687,382786,200771,2144.191222815726,TRUE,TRUE
393,020L,2017,2018,42,43,42,43,382786,200771,381016,201635,1969.6182371210925,TRUE,TRUE
394,020L,2018,2019,43,44,43,44,381016,201635,382420,201405,1422.7143072310757,TRUE,TRUE
395,020M,2018,2019,43,44,43,44,381016,201635,382420,201405,1422.7143072310757,TRUE,TRUE
396,020M,2019,2020,44,45,44,45,382420,201405,380583,201265,1842.3270610833463,TRUE,TRUE
397,020N,2009,2010,34,35,34,35,383126,200958,383135,202599,1641.0246798875392,TRUE,TRUE
398,020N,2010,2011,35,36,35,36,383135,202599,381314,201015,2413.523772412445,TRUE,TRUE
399,020N,2011,2012,36,37,36,37,381314,201015,383237,202222,2270.4136187047507,TRUE,TRUE
400,020P,2008,2009,33,34,33,34,382399,200920,383126,200958,727.9924450157433,TRUE,TRUE
401,020P,2009,2010,34,35,34,35,383126,200958,383135,202599,1641.0246798875392,TRUE,TRUE
402,020T,2017,2018,42,43,42,43,382786,200771,381016,201635,1969.6182371210925,TRUE,TRUE
403,020T,2018,2019,43,44,43,44,381016,201635,382420,201405,1422.7143072310757,TRUE,TRUE
404,020T,2019,2020,44,45,44,45,382420,201405,380583,201265,1842.3270610833463,TRUE,TRUE
405,020Y,2007,2008,32,33,32,33,380279,201409,382399,200920,2175.6656452681327,TRUE,TRUE
406,020Y,2008,2009,33,34,33,34,382399,200920,383126,200958,727.9924450157433,TRUE,TRUE
407,020Y,2009,2010,34,35,34,35,383126,200958,383135,202599,1641.0246798875392,TRUE,TRUE
408,020Y,2010,2011,35,36,35,36,383135,202599,381314,201015,2413.523772412445,TRUE,TRUE
409,021B,2006,2007,31,32,31,32,380649,201388,380279,201409,370.59546678285204,TRUE,TRUE
410,021B,2007,2008,32,33,32,33,380279,201409,382399,200920,2175.6656452681327,TRUE,TRUE
411,021B,2008,2009,33,34,33,34,382399,200920,383126,200958,727.9924450157433,TRUE,TRUE
412,021B,2009,2010,34,35,34,35,383126,200958,383135,202599,1641.0246798875392,TRUE,TRUE
413,021B,2010,2011,35,36,35,36,383135,202599,381314,201015,2413.523772412445,TRUE,TRUE
414,021C,2016,2017,41,42,41,42,380936,199687,382786,200771,2144.191222815726,TRUE,TRUE
415,021C,2017,2018,42,43,42,43,382786,200771,381016,201635,1969.6182371210925,TRUE,TRUE
416,021C,2018,2019,43,44,43,44,381016,201635,382420,201405,1422.7143072310757,TRUE,TRUE
417,021E,2013,2014,38,39,38,39,382076,201048,380906,200398,1338.43191832831,TRUE,TRUE
418,021E,2014,2015,39,40,39,40,380906,200398,381314,201301,990.8950499422227,TRUE,TRUE
419,021F,2010,2011,35,36,35,36,383135,202599,381314,201015,2413.523772412445,TRUE,TRUE
420,021F,2011,2012,36,37,36,37,381314,201015,383237,202222,2270.4136187047507,TRUE,TRUE
421,021H,2020,2021,45,46,45,46,380583,201265,382734,202283,2379.7321277824526,TRUE,TRUE
422,021H,2021,2022,46,47,46,47,382734,202283,381350,200278,2436.2842609186637,TRUE,TRUE
423,021H,2022,2023,47,48,47,48,381350,200278,382627,200053,1296.6703513229568,TRUE,TRUE
424,021L,2011,2012,36,37,36,37,381314,201015,383237,202222,2270.4136187047507,TRUE,TRUE
425,021L,2012,2013,37,38,37,38,383237,202222,382076,201048,1651.119922961382,TRUE,TRUE
426,021L,2013,2014,38,39,38,39,382076,201048,380906,200398,1338.43191832831,TRUE,TRUE
427,021L,2014,2015,39,40,39,40,380906,200398,381314,201301,990.8950499422227,TRUE,TRUE
428,021L,2015,2016,40,41,40,41,381314,201301,380936,199687,1657.6730678876338,TRUE,TRUE
429,021L,2016,2017,41,42,41,42,380936,199687,382786,200771,2144.191222815726,TRUE,TRUE
430,021L,2017,2018,42,43,42,43,382786,200771,381016,201635,1969.6182371210925,TRUE,TRUE
431,021T,2017,2018,42,43,42,43,382786,200771,381016,201635,1969.6182371210925,TRUE,TRUE
432,021T,2018,2019,43,44,43,44,381016,201635,382420,201405,1422.7143072310757,TRUE,TRUE
433,021V,2015,2016,40,41,40,41,381314,201301,380936,199687,1657.6730678876338,TRUE,TRUE
434,021V,2016,2017,41,42,41,42,380936,199687,382786,200771,2144.191222815726,TRUE,TRUE
435,021V,2017,2018,42,43,42,43,382786,200771,381016,201635,1969.6182371210925,TRUE,TRUE
436,021Z,2019,2020,44,45,44,45,382420,201405,380583,201265,1842.3270610833463,TRUE,TRUE
437,021Z,2020,2021,45,46,45,46,380583,201265,382734,202283,2379.7321277824526,TRUE,TRUE
438,021Z,2021,2022,46,47,46,47,382734,202283,381350,200278,2436.2842609186637,TRUE,TRUE
439,022A,2014,2015,39,40,39,40,380906,200398,381314,201301,990.8950499422227,TRUE,TRUE
440,022A,2015,2016,40,41,40,41,381314,201301,380936,199687,1657.6730678876338,TRUE,TRUE
441,022B,2006,2007,31,32,31,32,380649,201388,380279,201409,370.59546678285204,TRUE,TRUE
442,022B,2007,2008,32,33,32,33,380279,201409,382399,200920,2175.6656452681327,TRUE,TRUE
443,022B,2008,2009,33,34,33,34,382399,200920,383126,200958,727.9924450157433,TRUE,TRUE
444,022B,2009,2010,34,35,34,35,383126,200958,383135,202599,1641.0246798875392,TRUE,TRUE
445,022B,2010,2011,35,36,35,36,383135,202599,381314,201015,2413.523772412445,TRUE,TRUE
446,022B,2011,2012,36,37,36,37,381314,201015,383237,202222,2270.4136187047507,TRUE,TRUE
447,022B,2012,2013,37,38,37,38,383237,202222,382076,201048,1651.119922961382,TRUE,TRUE
448,022C,2016,2017,41,42,41,42,380936,199687,382786,200771,2144.191222815726,TRUE,TRUE
449,022C,2017,2018,42,43,42,43,382786,200771,381016,201635,1969.6182371210925,TRUE,TRUE
450,022E,2013,2014,38,39,38,39,382076,201048,380906,200398,1338.43191832831,TRUE,TRUE
451,022E,2014,2015,39,40,39,40,380906,200398,381314,201301,990.8950499422227,TRUE,TRUE
452,022E,2015,2016,40,41,40,41,381314,201301,380936,199687,1657.6730678876338,TRUE,TRUE
453,022E,2016,2017,41,42,41,42,380936,199687,382786,200771,2144.191222815726,TRUE,TRUE
454,022F,2010,2011,35,36,35,36,383135,202599,381314,201015,2413.523772412445,TRUE,TRUE
455,022F,2011,2012,36,37,36,37,381314,201015,383237,202222,2270.4136187047507,TRUE,TRUE
456,022F,2012,2013,37,38,37,38,383237,202222,382076,201048,1651.119922961382,TRUE,TRUE
457,022G,2003,2004,28,29,28,29,380834,201150,382049,201493,1262.4872276581652,TRUE,TRUE
458,022G,2004,2005,29,30,29,30,382049,201493,382931,200706,1182.0714868399457,TRUE,TRUE
459,022G,2005,2006,30,31,30,31,382931,200706,380649,201388,2381.7321427902007,TRUE,TRUE
460,022G,2006,2007,31,32,31,32,380649,201388,380279,201409,370.59546678285204,TRUE,TRUE
461,022G,2007,2008,32,33,32,33,380279,201409,382399,200920,2175.6656452681327,TRUE,TRUE
462,022G,2008,2009,33,34,33,34,382399,200920,383126,200958,727.9924450157433,TRUE,TRUE
463,022N,2009,2010,34,35,34,35,383126,200958,383135,202599,1641.0246798875392,TRUE,TRUE
464,022N,2010,2011,35,36,35,36,383135,202599,381314,201015,2413.523772412445,TRUE,TRUE
465,022N,2011,2012,36,37,36,37,381314,201015,383237,202222,2270.4136187047507,TRUE,TRUE
466,022P,2008,2009,33,34,33,34,382399,200920,383126,200958,727.9924450157433,TRUE,TRUE
467,022P,2009,2010,34,35,34,35,383126,200958,383135,202599,1641.0246798875392,TRUE,TRUE
468,022P,2010,2011,35,36,35,36,383135,202599,381314,201015,2413.523772412445,TRUE,TRUE
469,022P,2011,2012,36,37,36,37,381314,201015,383237,202222,2270.4136187047507,TRUE,TRUE
470,023A,2014,2015,39,40,39,40,380906,200398,381314,201301,990.8950499422227,TRUE,TRUE
471,023A,2015,2016,40,41,40,41,381314,201301,380936,199687,1657.6730678876338,TRUE,TRUE
472,023B,2006,2007,31,32,31,32,380649,201388,380279,201409,370.59546678285204,TRUE,TRUE
473,023B,2007,2008,32,33,32,33,380279,201409,382399,200920,2175.6656452681327,TRUE,TRUE
474,023B,2008,2009,33,34,33,34,382399,200920,383126,200958,727.9924450157433,TRUE,TRUE
475,023H,2020,2021,45,46,45,46,380583,201265,382734,202283,2379.7321277824526,TRUE,TRUE
476,023H,2021,2022,46,47,46,47,382734,202283,381350,200278,2436.2842609186637,TRUE,TRUE
477,023H,2022,2023,47,48,47,48,381350,200278,382627,200053,1296.6703513229568,TRUE,TRUE
478,023H,2023,2024,48,49,48,49,382627,200053,382930,201326,1308.563334348017,TRUE,TRUE
479,023H,2024,2025,49,50,49,50,382930,201326,381353,199891,2132.1711938772646,TRUE,TRUE
480,023M,2018,2019,43,44,43,44,381016,201635,382420,201405,1422.7143072310757,TRUE,TRUE
481,023M,2019,2020,44,45,44,45,382420,201405,380583,201265,1842.3270610833463,TRUE,TRUE
482,023N,2009,2010,34,35,34,35,383126,200958,383135,202599,1641.0246798875392,TRUE,TRUE
483,023N,2010,2011,35,36,35,36,383135,202599,381314,201015,2413.523772412445,TRUE,TRUE
484,023N,2011,2012,36,37,36,37,381314,201015,383237,202222,2270.4136187047507,TRUE,TRUE
485,023N,2012,2013,37,38,37,38,383237,202222,382076,201048,1651.119922961382,TRUE,TRUE
486,023N,2013,2014,38,39,38,39,382076,201048,380906,200398,1338.43191832831,TRUE,TRUE
487,023P,2008,2009,33,34,33,34,382399,200920,383126,200958,727.9924450157433,TRUE,TRUE
488,023P,2009,2010,34,35,34,35,383126,200958,383135,202599,1641.0246798875392,TRUE,TRUE
489,023P,2010,2011,35,36,35,36,383135,202599,381314,201015,2413.523772412445,TRUE,TRUE
490,023Y,2007,2008,32,33,32,33,380279,201409,382399,200920,2175.6656452681327,TRUE,TRUE
491,023Y,2008,2009,33,34,33,34,382399,200920,383126,200958,727.9924450157433,TRUE,TRUE
492,023Y,2009,2010,34,35,34,35,383126,200958,383135,202599,1641.0246798875392,TRUE,TRUE
493,023Z,2019,2020,44,45,44,45,382420,201405,380583,201265,1842.3270610833463,TRUE,TRUE
494,023Z,2020,2021,45,46,45,46,380583,201265,382734,202283,2379.7321277824526,TRUE,TRUE
495,024B,2006,2007,31,32,31,32,380649,201388,380279,201409,370.59546678285204,TRUE,TRUE
496,024B,2007,2008,32,33,32,33,380279,201409,382399,200920,2175.6656452681327,TRUE,TRUE
497,024B,2008,2009,33,34,33,34,382399,200920,383126,200958,727.9924450157433,TRUE,TRUE
498,024B,2009,2010,34,35,34,35,383126,200958,383135,202599,1641.0246798875392,TRUE,TRUE
499,024B,2010,2011,35,36,35,36,383135,202599,381314,201015,2413.523772412445,TRUE,TRUE
500,024B,2011,2012,36,37,36,37,381314,201015,383237,202222,2270.4136187047507,TRUE,TRUE
501,024B,2012,2013,37,38,37,38,383237,202222,382076,201048,1651.119922961382,TRUE,TRUE
502,024B,2013,2014,38,39,38,39,382076,201048,380906,200398,1338.43191832831,TRUE,TRUE
503,024C,2016,2017,41,42,41,42,380936,199687,382786,200771,2144.191222815726,TRUE,TRUE
504,024C,2017,2018,42,43,42,43,382786,200771,381016,201635,1969.6182371210925,TRUE,TRUE
505,024E,2013,2014,38,39,38,39,382076,201048,380906,200398,1338.43191832831,TRUE,TRUE
506,024E,2014,2015,39,40,39,40,380906,200398,381314,201301,990.8950499422227,TRUE,TRUE
507,024E,2015,2016,40,41,40,41,381314,201301,380936,199687,1657.6730678876338,TRUE,TRUE
508,024G,2003,2004,28,29,28,29,380834,201150,382049,201493,1262.4872276581652,TRUE,TRUE
509,024G,2004,2005,29,30,29,30,382049,201493,382931,200706,1182.0714868399457,TRUE,TRUE
510,024G,2005,2006,30,31,30,31,382931,200706,380649,201388,2381.7321427902007,TRUE,TRUE
511,024G,2006,2007,31,32,31,32,380649,201388,380279,201409,370.59546678285204,TRUE,TRUE
512,024P,2008,2009,33,34,33,34,382399,200920,383126,200958,727.9924450157433,TRUE,TRUE
513,024P,2009,2010,34,35,34,35,383126,200958,383135,202599,1641.0246798875392,TRUE,TRUE
514,024P,2010,2011,35,36,35,36,383135,202599,381314,201015,2413.523772412445,TRUE,TRUE
515,024P,2011,2012,36,37,36,37,381314,201015,383237,202222,2270.4136187047507,TRUE,TRUE
516,024P,2012,2013,37,38,37,38,383237,202222,382076,201048,1651.119922961382,TRUE,TRUE
517,024P,2013,2014,38,39,38,39,382076,201048,380906,200398,1338.43191832831,TRUE,TRUE
518,024P,2014,2015,39,40,39,40,380906,200398,381314,201301,990.8950499422227,TRUE,TRUE
519,024P,2015,2016,40,41,40,41,381314,201301,380936,199687,1657.6730678876338,TRUE,TRUE
520,024T,2017,2018,42,43,42,43,382786,200771,381016,201635,1969.6182371210925,TRUE,TRUE
521,024T,2018,2019,43,44,43,44,381016,201635,382420,201405,1422.7143072310757,TRUE,TRUE
522,024T,2019,2020,44,45,44,45,382420,201405,380583,201265,1842.3270610833463,TRUE,TRUE
523,024T,2020,2021,45,46,45,46,380583,201265,382734,202283,2379.7321277824526,TRUE,TRUE
524,024V,2015,2016,40,41,40,41,381314,201301,380936,199687,1657.6730678876338,TRUE,TRUE
525,024V,2016,2017,41,42,41,42,380936,199687,382786,200771,2144.191222815726,TRUE,TRUE
526,024Y,2007,2008,32,33,32,33,380279,201409,382399,200920,2175.6656452681327,TRUE,TRUE
527,024Y,2008,2009,33,34,33,34,382399,200920,383126,200958,727.9924450157433,TRUE,TRUE
528,024Y,2009,2010,34,35,34,35,383126,200958,383135,202599,1641.0246798875392,TRUE,TRUE
529,024Y,2010,2011,35,36,35,36,383135,202599,381314,201015,2413.523772412445,TRUE,TRUE
530,024Y,2011,2012,36,37,36,37,381314,201015,383237,202222,2270.4136187047507,TRUE,TRUE
531,024Y,2012,2013,37,38,37,38,383237,202222,382076,201048,1651.119922961382,TRUE,TRUE
532,024Z,2019,2020,44,45,44,45,382420,201405,380583,201265,1842.3270610833463,TRUE,TRUE
533,024Z,2020,2021,45,46,45,46,380583,201265,382734,202283,2379.7321277824526,TRUE,TRUE
534,025B,2006,2007,31,32,31,32,380649,201388,380279,201409,370.59546678285204,TRUE,TRUE
535,025B,2007,2008,32,33,32,33,380279,201409,382399,200920,2175.6656452681327,TRUE,TRUE
536,025B,2008,2009,33,34,33,34,382399,200920,383126,200958,727.9924450157433,TRUE,TRUE
537,025E,2013,2014,38,39,38,39,382076,201048,380906,200398,1338.43191832831,TRUE,TRUE
538,025E,2014,2015,39,40,39,40,380906,200398,381314,201301,990.8950499422227,TRUE,TRUE
539,025E,2015,2016,40,41,40,41,381314,201301,380936,199687,1657.6730678876338,TRUE,TRUE
540,025E,2016,2017,41,42,41,42,380936,199687,382786,200771,2144.191222815726,TRUE,TRUE
541,025E,2017,2018,42,43,42,43,382786,200771,381016,201635,1969.6182371210925,TRUE,TRUE
542,025E,2018,2019,43,44,43,44,381016,201635,382420,201405,1422.7143072310757,TRUE,TRUE
543,025E,2019,2020,44,45,44,45,382420,201405,380583,201265,1842.3270610833463,TRUE,TRUE
544,025E,2020,2021,45,46,45,46,380583,201265,382734,202283,2379.7321277824526,TRUE,TRUE
545,025F,2010,2011,35,36,35,36,383135,202599,381314,201015,2413.523772412445,TRUE,TRUE
546,025F,2011,2012,36,37,36,37,381314,201015,383237,202222,2270.4136187047507,TRUE,TRUE
547,025N,2009,2010,34,35,34,35,383126,200958,383135,202599,1641.0246798875392,TRUE,TRUE
548,025N,2010,2011,35,36,35,36,383135,202599,381314,201015,2413.523772412445,TRUE,TRUE
549,025N,2011,2012,36,37,36,37,381314,201015,383237,202222,2270.4136187047507,TRUE,TRUE
550,025N,2012,2013,37,38,37,38,383237,202222,382076,201048,1651.119922961382,TRUE,TRUE
551,025W,2005,2006,30,31,30,31,382931,200706,380649,201388,2381.7321427902007,TRUE,TRUE
552,025W,2006,2007,31,32,31,32,380649,201388,380279,201409,370.59546678285204,TRUE,TRUE
553,025W,2007,2008,32,33,32,33,380279,201409,382399,200920,2175.6656452681327,TRUE,TRUE
554,026A,2014,2015,39,40,39,40,380906,200398,381314,201301,990.8950499422227,TRUE,TRUE
555,026A,2015,2016,40,41,40,41,381314,201301,380936,199687,1657.6730678876338,TRUE,TRUE
556,026A,2016,2017,41,42,41,42,380936,199687,382786,200771,2144.191222815726,TRUE,TRUE
557,026C,2016,2017,41,42,41,42,380936,199687,382786,200771,2144.191222815726,TRUE,TRUE
558,026C,2017,2018,42,43,42,43,382786,200771,381016,201635,1969.6182371210925,TRUE,TRUE
559,026E,2013,2014,38,39,38,39,382076,201048,380906,200398,1338.43191832831,TRUE,TRUE
560,026E,2014,2015,39,40,39,40,380906,200398,381314,201301,990.8950499422227,TRUE,TRUE
561,026F,2010,2011,35,36,35,36,383135,202599,381314,201015,2413.523772412445,TRUE,TRUE
562,026F,2011,2012,36,37,36,37,381314,201015,383237,202222,2270.4136187047507,TRUE,TRUE
563,026F,2012,2013,37,38,37,38,383237,202222,382076,201048,1651.119922961382,TRUE,TRUE
564,026M,2018,2019,43,44,43,44,381016,201635,382420,201405,1422.7143072310757,TRUE,TRUE
565,026M,2019,2020,44,45,44,45,382420,201405,380583,201265,1842.3270610833463,TRUE,TRUE
566,026N,2009,2010,34,35,34,35,383126,200958,383135,202599,1641.0246798875392,TRUE,TRUE
567,026N,2010,2011,35,36,35,36,383135,202599,381314,201015,2413.523772412445,TRUE,TRUE
568,026N,2011,2012,36,37,36,37,381314,201015,383237,202222,2270.4136187047507,TRUE,TRUE
569,026Y,2007,2008,32,33,32,33,380279,201409,382399,200920,2175.6656452681327,TRUE,TRUE
570,026Y,2008,2009,33,34,33,34,382399,200920,383126,200958,727.9924450157433,TRUE,TRUE
571,026Y,2009,2010,34,35,34,35,383126,200958,383135,202599,1641.0246798875392,TRUE,TRUE
572,026Z,2019,2020,44,45,44,45,382420,201405,380583,201265,1842.3270610833463,TRUE,TRUE
573,026Z,2020,2021,45,46,45,46,380583,201265,382734,202283,2379.7321277824526,TRUE,TRUE
574,027A,2014,2015,39,40,39,40,380906,200398,381314,201301,990.8950499422227,TRUE,TRUE
575,027A,2015,2016,40,41,40,41,381314,201301,380936,199687,1657.6730678876338,TRUE,TRUE
576,027A,2016,2017,41,42,41,42,380936,199687,382786,200771,2144.191222815726,TRUE,TRUE
577,027E,2013,2014,38,39,38,39,382076,201048,380906,200398,1338.43191832831,TRUE,TRUE
578,027E,2014,2015,39,40,39,40,380906,200398,381314,201301,990.8950499422227,TRUE,TRUE
579,027E,2015,2016,40,41,40,41,381314,201301,380936,199687,1657.6730678876338,TRUE,TRUE
580,027G,2003,2004,28,29,28,29,380834,201150,382049,201493,1262.4872276581652,TRUE,TRUE
581,027G,2004,2005,29,30,29,30,382049,201493,382931,200706,1182.0714868399457,TRUE,TRUE
582,027G,2005,2006,30,31,30,31,382931,200706,380649,201388,2381.7321427902007,TRUE,TRUE
583,027G,2006,2007,31,32,31,32,380649,201388,380279,201409,370.59546678285204,TRUE,TRUE
584,027G,2007,2008,32,33,32,33,380279,201409,382399,200920,2175.6656452681327,TRUE,TRUE
585,027G,2008,2009,33,34,33,34,382399,200920,383126,200958,727.9924450157433,TRUE,TRUE
586,027T,2017,2018,42,43,42,43,382786,200771,381016,201635,1969.6182371210925,TRUE,TRUE
587,027T,2018,2019,43,44,43,44,381016,201635,382420,201405,1422.7143072310757,TRUE,TRUE
588,027T,2019,2020,44,45,44,45,382420,201405,380583,201265,1842.3270610833463,TRUE,TRUE
589,027Y,2007,2008,32,33,32,33,380279,201409,382399,200920,2175.6656452681327,TRUE,TRUE
590,027Y,2008,2009,33,34,33,34,382399,200920,383126,200958,727.9924450157433,TRUE,TRUE
591,028A,2014,2015,39,40,39,40,380906,200398,381314,201301,990.8950499422227,TRUE,TRUE
592,028A,2015,2016,40,41,40,41,381314,201301,380936,199687,1657.6730678876338,TRUE,TRUE
593,028A,2016,2017,41,42,41,42,380936,199687,382786,200771,2144.191222815726,TRUE,TRUE
594,028A,2017,2018,42,43,42,43,382786,200771,381016,201635,1969.6182371210925,TRUE,TRUE
595,028F,2010,2011,35,36,35,36,383135,202599,381314,201015,2413.523772412445,TRUE,TRUE
596,028F,2011,2012,36,37,36,37,381314,201015,383237,202222,2270.4136187047507,TRUE,TRUE
597,028F,2012,2013,37,38,37,38,383237,202222,382076,201048,1651.119922961382,TRUE,TRUE
598,028F,2013,2014,38,39,38,39,382076,201048,380906,200398,1338.43191832831,TRUE,TRUE
599,028F,2014,2015,39,40,39,40,380906,200398,381314,201301,990.8950499422227,TRUE,TRUE
600,028F,2015,2016,40,41,40,41,381314,201301,380936,199687,1657.6730678876338,TRUE,TRUE
601,028F,2016,2017,41,42,41,42,380936,199687,382786,200771,2144.191222815726,TRUE,TRUE
602,028F,2017,2018,42,43,42,43,382786,200771,381016,201635,1969.6182371210925,TRUE,TRUE
603,028K,2012,2013,37,38,37,38,383237,202222,382076,201048,1651.119922961382,TRUE,TRUE
604,028K,2013,2014,38,39,38,39,382076,201048,380906,200398,1338.43191832831,TRUE,TRUE
605,028K,2014,2015,39,40,39,40,380906,200398,381314,201301,990.8950499422227,TRUE,TRUE
606,028K,2015,2016,40,41,40,41,381314,201301,380936,199687,1657.6730678876338,TRUE,TRUE
607,028K,2016,2017,41,42,41,42,380936,199687,382786,200771,2144.191222815726,TRUE,TRUE
608,028L,2011,2012,36,37,36,37,381314,201015,383237,202222,2270.4136187047507,TRUE,TRUE
609,028L,2012,2013,37,38,37,38,383237,202222,382076,201048,1651.119922961382,TRUE,TRUE
610,028L,2013,2014,38,39,38,39,382076,201048,380906,200398,1338.43191832831,TRUE,TRUE
611,028L,2014,2015,39,40,39,40,380906,200398,381314,201301,990.8950499422227,TRUE,TRUE
612,028M,2018,2019,43,44,43,44,381016,201635,382420,201405,1422.7143072310757,TRUE,TRUE
613,028M,2019,2020,44,45,44,45,382420,201405,380583,201265,1842.3270610833463,TRUE,TRUE
614,028M,2020,2021,45,46,45,46,380583,201265,382734,202283,2379.7321277824526,TRUE,TRUE
615,028N,2009,2010,34,35,34,35,383126,200958,383135,202599,1641.0246798875392,TRUE,TRUE
616,028N,2010,2011,35,36,35,36,383135,202599,381314,201015,2413.523772412445,TRUE,TRUE
617,028S,2021,2022,46,47,46,47,382734,202283,381350,200278,2436.2842609186637,TRUE,TRUE
618,028S,2022,2023,47,48,47,48,381350,200278,382627,200053,1296.6703513229568,TRUE,TRUE
619,029B,2006,2007,31,32,31,32,380649,201388,380279,201409,370.59546678285204,TRUE,TRUE
620,029B,2007,2008,32,33,32,33,380279,201409,382399,200920,2175.6656452681327,TRUE,TRUE
621,029B,2008,2009,33,34,33,34,382399,200920,383126,200958,727.9924450157433,TRUE,TRUE
622,029F,2010,2011,35,36,35,36,383135,202599,381314,201015,2413.523772412445,TRUE,TRUE
623,029F,2011,2012,36,37,36,37,381314,201015,383237,202222,2270.4136187047507,TRUE,TRUE
624,029G,2003,2004,28,29,28,29,380834,201150,382049,201493,1262.4872276581652,TRUE,TRUE
625,029G,2004,2005,29,30,29,30,382049,201493,382931,200706,1182.0714868399457,TRUE,TRUE
626,029G,2005,2006,30,31,30,31,382931,200706,380649,201388,2381.7321427902007,TRUE,TRUE
627,029N,2009,2010,34,35,34,35,383126,200958,383135,202599,1641.0246798875392,TRUE,TRUE
628,029N,2010,2011,35,36,35,36,383135,202599,381314,201015,2413.523772412445,TRUE,TRUE
629,029N,2011,2012,36,37,36,37,381314,201015,383237,202222,2270.4136187047507,TRUE,TRUE
630,029N,2012,2013,37,38,37,38,383237,202222,382076,201048,1651.119922961382,TRUE,TRUE
631,029N,2013,2014,38,39,38,39,382076,201048,380906,200398,1338.43191832831,TRUE,TRUE
632,029N,2014,2015,39,40,39,40,380906,200398,381314,201301,990.8950499422227,TRUE,TRUE
633,029N,2015,2016,40,41,40,41,381314,201301,380936,199687,1657.6730678876338,TRUE,TRUE
634,029N,2016,2017,41,42,41,42,380936,199687,382786,200771,2144.191222815726,TRUE,TRUE
635,029N,2017,2018,42,43,42,43,382786,200771,381016,201635,1969.6182371210925,TRUE,TRUE
636,029T,2017,2018,42,43,42,43,382786,200771,381016,201635,1969.6182371210925,TRUE,TRUE
637,029T,2018,2019,43,44,43,44,381016,201635,382420,201405,1422.7143072310757,TRUE,TRUE
638,029T,2019,2020,44,45,44,45,382420,201405,380583,201265,1842.3270610833463,TRUE,TRUE
639,029T,2020,2021,45,46,45,46,380583,201265,382734,202283,2379.7321277824526,TRUE,TRUE
640,029T,2021,2022,46,47,46,47,382734,202283,381350,200278,2436.2842609186637,TRUE,TRUE
641,029T,2022,2023,47,48,47,48,381350,200278,382627,200053,1296.6703513229568,TRUE,TRUE
642,029W,2005,2006,30,31,30,31,382931,200706,380649,201388,2381.7321427902007,TRUE,TRUE
643,029W,2006,2007,31,32,31,32,380649,201388,380279,201409,370.59546678285204,TRUE,TRUE
644,029Y,2007,2008,32,33,32,33,380279,201409,382399,200920,2175.6656452681327,TRUE,TRUE
645,029Y,2008,2009,33,34,33,34,382399,200920,383126,200958,727.9924450157433,TRUE,TRUE
646,029Y,2009,2010,34,35,34,35,383126,200958,383135,202599,1641.0246798875392,TRUE,TRUE
647,029Y,2010,2011,35,36,35,36,383135,202599,381314,201015,2413.523772412445,TRUE,TRUE
648,030B,2006,2007,31,32,31,32,380649,201388,380279,201409,370.59546678285204,TRUE,TRUE
649,030B,2007,2008,32,33,32,33,380279,201409,382399,200920,2175.6656452681327,TRUE,TRUE
650,030B,2008,2009,33,34,33,34,382399,200920,383126,200958,727.9924450157433,TRUE,TRUE
651,030L,2011,2012,36,37,36,37,381314,201015,383237,202222,2270.4136187047507,TRUE,TRUE
652,030L,2012,2013,37,38,37,38,383237,202222,382076,201048,1651.119922961382,TRUE,TRUE
653,030L,2013,2014,38,39,38,39,382076,201048,380906,200398,1338.43191832831,TRUE,TRUE
654,030L,2014,2015,39,40,39,40,380906,200398,381314,201301,990.8950499422227,TRUE,TRUE
655,030M,2018,2019,43,44,43,44,381016,201635,382420,201405,1422.7143072310757,TRUE,TRUE
656,030M,2019,2020,44,45,44,45,382420,201405,380583,201265,1842.3270610833463,TRUE,TRUE
657,030M,2020,2021,45,46,45,46,380583,201265,382734,202283,2379.7321277824526,TRUE,TRUE
658,030M,2021,2022,46,47,46,47,382734,202283,381350,200278,2436.2842609186637,TRUE,TRUE
659,030M,2022,2023,47,48,47,48,381350,200278,382627,200053,1296.6703513229568,TRUE,TRUE
660,030M,2023,2024,48,49,48,49,382627,200053,382930,201326,1308.563334348017,TRUE,TRUE
661,030N,2009,2010,34,35,34,35,383126,200958,383135,202599,1641.0246798875392,TRUE,TRUE
662,030N,2010,2011,35,36,35,36,383135,202599,381314,201015,2413.523772412445,TRUE,TRUE
663,030N,2011,2012,36,37,36,37,381314,201015,383237,202222,2270.4136187047507,TRUE,TRUE
664,030N,2012,2013,37,38,37,38,383237,202222,382076,201048,1651.119922961382,TRUE,TRUE
665,030N,2013,2014,38,39,38,39,382076,201048,380906,200398,1338.43191832831,TRUE,TRUE
666,030P,2008,2009,33,34,33,34,382399,200920,383126,200958,727.9924450157433,TRUE,TRUE
667,030P,2009,2010,34,35,34,35,383126,200958,383135,202599,1641.0246798875392,TRUE,TRUE
668,030S,2021,2022,46,47,46,47,382734,202283,381350,200278,2436.2842609186637,TRUE,TRUE
669,030S,2022,2023,47,48,47,48,381350,200278,382627,200053,1296.6703513229568,TRUE,TRUE
670,030S,2023,2024,48,49,48,49,382627,200053,382930,201326,1308.563334348017,TRUE,TRUE
671,030T,2017,2018,42,43,42,43,382786,200771,381016,201635,1969.6182371210925,TRUE,TRUE
672,030T,2018,2019,43,44,43,44,381016,201635,382420,201405,1422.7143072310757,TRUE,TRUE
673,030T,2019,2020,44,45,44,45,382420,201405,380583,201265,1842.3270610833463,TRUE,TRUE
674,030T,2020,2021,45,46,45,46,380583,201265,382734,202283,2379.7321277824526,TRUE,TRUE
675,030Z,2019,2020,44,45,44,45,382420,201405,380583,201265,1842.3270610833463,TRUE,TRUE
676,030Z,2020,2021,45,46,45,46,380583,201265,382734,202283,2379.7321277824526,TRUE,TRUE
677,031E,2013,2014,38,39,38,39,382076,201048,380906,200398,1338.43191832831,TRUE,TRUE
678,031E,2014,2015,39,40,39,40,380906,200398,381314,201301,990.8950499422227,TRUE,TRUE
679,031E,2015,2016,40,41,40,41,381314,201301,380936,199687,1657.6730678876338,TRUE,TRUE
680,031E,2016,2017,41,42,41,42,380936,199687,382786,200771,2144.191222815726,TRUE,TRUE
681,031L,2011,2012,36,37,36,37,381314,201015,383237,202222,2270.4136187047507,TRUE,TRUE
682,031L,2012,2013,37,38,37,38,383237,202222,382076,201048,1651.119922961382,TRUE,TRUE
683,031N,2009,2010,34,35,34,35,383126,200958,383135,202599,1641.0246798875392,TRUE,TRUE
684,031N,2010,2011,35,36,35,36,383135,202599,381314,201015,2413.523772412445,TRUE,TRUE
685,031Y,2007,2008,32,33,32,33,380279,201409,382399,200920,2175.6656452681327,TRUE,TRUE
686,031Y,2008,2009,33,34,33,34,382399,200920,383126,200958,727.9924450157433,TRUE,TRUE
687,031Y,2009,2010,34,35,34,35,383126,200958,383135,202599,1641.0246798875392,TRUE,TRUE
688,031Y,2010,2011,35,36,35,36,383135,202599,381314,201015,2413.523772412445,TRUE,TRUE
689,032L,2011,2012,36,37,36,37,381314,201015,383237,202222,2270.4136187047507,TRUE,TRUE
690,032L,2012,2013,37,38,37,38,383237,202222,382076,201048,1651.119922961382,TRUE,TRUE
691,032M,2018,2019,43,44,43,44,381016,201635,382420,201405,1422.7143072310757,TRUE,TRUE
692,032M,2019,2020,44,45,44,45,382420,201405,380583,201265,1842.3270610833463,TRUE,TRUE
693,032M,2020,2021,45,46,45,46,380583,201265,382734,202283,2379.7321277824526,TRUE,TRUE
694,032M,2021,2022,46,47,46,47,382734,202283,381350,200278,2436.2842609186637,TRUE,TRUE
695,032M,2022,2023,47,48,47,48,381350,200278,382627,200053,1296.6703513229568,TRUE,TRUE
696,032M,2023,2024,48,49,48,49,382627,200053,382930,201326,1308.563334348017,TRUE,TRUE
697,032M,2024,2025,49,50,49,50,382930,201326,381353,199891,2132.1711938772646,TRUE,TRUE
698,032N,2009,2010,34,35,34,35,383126,200958,383135,202599,1641.0246798875392,TRUE,TRUE
699,032N,2010,2011,35,36,35,36,383135,202599,381314,201015,2413.523772412445,TRUE,TRUE
700,032N,2011,2012,36,37,36,37,381314,201015,383237,202222,2270.4136187047507,TRUE,TRUE
701,032N,2012,2013,37,38,37,38,383237,202222,382076,201048,1651.119922961382,TRUE,TRUE
702,032N,2013,2014,38,39,38,39,382076,201048,380906,200398,1338.43191832831,TRUE,TRUE
703,032N,2014,2015,39,40,39,40,380906,200398,381314,201301,990.8950499422227,TRUE,TRUE
704,032N,2015,2016,40,41,40,41,381314,201301,380936,199687,1657.6730678876338,TRUE,TRUE
705,032N,2016,2017,41,42,41,42,380936,199687,382786,200771,2144.191222815726,TRUE,TRUE
706,032P,2008,2009,33,34,33,34,382399,200920,383126,200958,727.9924450157433,TRUE,TRUE
707,032P,2009,2010,34,35,34,35,383126,200958,383135,202599,1641.0246798875392,TRUE,TRUE
708,032T,2017,2018,42,43,42,43,382786,200771,381016,201635,1969.6182371210925,TRUE,TRUE
709,032T,2018,2019,43,44,43,44,381016,201635,382420,201405,1422.7143072310757,TRUE,TRUE
710,032T,2019,2020,44,45,44,45,382420,201405,380583,201265,1842.3270610833463,TRUE,TRUE
711,032T,2020,2021,45,46,45,46,380583,201265,382734,202283,2379.7321277824526,TRUE,TRUE
712,032V,2015,2016,40,41,40,41,381314,201301,380936,199687,1657.6730678876338,TRUE,TRUE
713,032V,2016,2017,41,42,41,42,380936,199687,382786,200771,2144.191222815726,TRUE,TRUE
714,032Y,2007,2008,32,33,32,33,380279,201409,382399,200920,2175.6656452681327,TRUE,TRUE
715,032Y,2008,2009,33,34,33,34,382399,200920,383126,200958,727.9924450157433,TRUE,TRUE
716,032Z,2019,2020,44,45,44,45,382420,201405,380583,201265,1842.3270610833463,TRUE,TRUE
717,032Z,2020,2021,45,46,45,46,380583,201265,382734,202283,2379.7321277824526,TRUE,TRUE
718,033E,2013,2014,38,39,38,39,382076,201048,380906,200398,1338.43191832831,TRUE,TRUE
719,033E,2014,2015,39,40,39,40,380906,200398,381314,201301,990.8950499422227,TRUE,TRUE
720,033E,2015,2016,40,41,40,41,381314,201301,380936,199687,1657.6730678876338,TRUE,TRUE
721,033E,2016,2017,41,42,41,42,380936,199687,382786,200771,2144.191222815726,TRUE,TRUE
722,033E,2017,2018,42,43,42,43,382786,200771,381016,201635,1969.6182371210925,TRUE,TRUE
723,033E,2018,2019,43,44,43,44,381016,201635,382420,201405,1422.7143072310757,TRUE,TRUE
724,033K,2012,2013,37,38,37,38,383237,202222,382076,201048,1651.119922961382,TRUE,TRUE
725,033K,2013,2014,38,39,38,39,382076,201048,380906,200398,1338.43191832831,TRUE,TRUE
726,033L,2011,2012,36,37,36,37,381314,201015,383237,202222,2270.4136187047507,TRUE,TRUE
727,033L,2012,2013,37,38,37,38,383237,202222,382076,201048,1651.119922961382,TRUE,TRUE
728,033M,2018,2019,43,44,43,44,381016,201635,382420,201405,1422.7143072310757,TRUE,TRUE
729,033M,2019,2020,44,45,44,45,382420,201405,380583,201265,1842.3270610833463,TRUE,TRUE
730,033N,2009,2010,34,35,34,35,383126,200958,383135,202599,1641.0246798875392,TRUE,TRUE
731,033N,2010,2011,35,36,35,36,383135,202599,381314,201015,2413.523772412445,TRUE,TRUE
732,033N,2011,2012,36,37,36,37,381314,201015,383237,202222,2270.4136187047507,TRUE,TRUE
733,033N,2012,2013,37,38,37,38,383237,202222,382076,201048,1651.119922961382,TRUE,TRUE
734,033P,2008,2009,33,34,33,34,382399,200920,383126,200958,727.9924450157433,TRUE,TRUE
735,033P,2009,2010,34,35,34,35,383126,200958,383135,202599,1641.0246798875392,TRUE,TRUE
736,033P,2010,2011,35,36,35,36,383135,202599,381314,201015,2413.523772412445,TRUE,TRUE
737,033R,2004,2005,29,30,29,30,382049,201493,382931,200706,1182.0714868399457,TRUE,TRUE
738,033R,2005,2006,30,31,30,31,382931,200706,380649,201388,2381.7321427902007,TRUE,TRUE
739,033T,2017,2018,42,43,42,43,382786,200771,381016,201635,1969.6182371210925,TRUE,TRUE
740,033T,2018,2019,43,44,43,44,381016,201635,382420,201405,1422.7143072310757,TRUE,TRUE
741,033Y,2007,2008,32,33,32,33,380279,201409,382399,200920,2175.6656452681327,TRUE,TRUE
742,033Y,2008,2009,33,34,33,34,382399,200920,383126,200958,727.9924450157433,TRUE,TRUE
743,033Y,2009,2010,34,35,34,35,383126,200958,383135,202599,1641.0246798875392,TRUE,TRUE
744,033Y,2010,2011,35,36,35,36,383135,202599,381314,201015,2413.523772412445,TRUE,TRUE
745,033Y,2011,2012,36,37,36,37,381314,201015,383237,202222,2270.4136187047507,TRUE,TRUE
746,034A,2014,2015,39,40,39,40,380906,200398,381314,201301,990.8950499422227,TRUE,TRUE
747,034A,2015,2016,40,41,40,41,381314,201301,380936,199687,1657.6730678876338,TRUE,TRUE
748,034A,2016,2017,41,42,41,42,380936,199687,382786,200771,2144.191222815726,TRUE,TRUE
749,034A,2017,2018,42,43,42,43,382786,200771,381016,201635,1969.6182371210925,TRUE,TRUE
750,034A,2018,2019,43,44,43,44,381016,201635,382420,201405,1422.7143072310757,TRUE,TRUE
751,034G,2003,2004,28,29,28,29,380834,201150,382049,201493,1262.4872276581652,TRUE,TRUE
752,034G,2004,2005,29,30,29,30,382049,201493,382931,200706,1182.0714868399457,TRUE,TRUE
753,034G,2005,2006,30,31,30,31,382931,200706,380649,201388,2381.7321427902007,TRUE,TRUE
754,034G,2006,2007,31,32,31,32,380649,201388,380279,201409,370.59546678285204,TRUE,TRUE
755,034G,2007,2008,32,33,32,33,380279,201409,382399,200920,2175.6656452681327,TRUE,TRUE
756,034G,2008,2009,33,34,33,34,382399,200920,383126,200958,727.9924450157433,TRUE,TRUE
757,034L,2011,2012,36,37,36,37,381314,201015,383237,202222,2270.4136187047507,TRUE,TRUE
758,034L,2012,2013,37,38,37,38,383237,202222,382076,201048,1651.119922961382,TRUE,TRUE
759,034M,2018,2019,43,44,43,44,381016,201635,382420,201405,1422.7143072310757,TRUE,TRUE
760,034M,2019,2020,44,45,44,45,382420,201405,380583,201265,1842.3270610833463,TRUE,TRUE
761,034P,2008,2009,33,34,33,34,382399,200920,383126,200958,727.9924450157433,TRUE,TRUE
762,034P,2009,2010,34,35,34,35,383126,200958,383135,202599,1641.0246798875392,TRUE,TRUE
763,034P,2010,2011,35,36,35,36,383135,202599,381314,201015,2413.523772412445,TRUE,TRUE
764,034P,2011,2012,36,37,36,37,381314,201015,383237,202222,2270.4136187047507,TRUE,TRUE
765,034T,2017,2018,42,43,42,43,382786,200771,381016,201635,1969.6182371210925,TRUE,TRUE
766,034T,2018,2019,43,44,43,44,381016,201635,382420,201405,1422.7143072310757,TRUE,TRUE
767,034T,2019,2020,44,45,44,45,382420,201405,380583,201265,1842.3270610833463,TRUE,TRUE
768,034T,2020,2021,45,46,45,46,380583,201265,382734,202283,2379.7321277824526,TRUE,TRUE
769,034T,2021,2022,46,47,46,47,382734,202283,381350,200278,2436.2842609186637,TRUE,TRUE
770,034T,2022,2023,47,48,47,48,381350,200278,382627,200053,1296.6703513229568,TRUE,TRUE
771,034T,2023,2024,48,49,48,49,382627,200053,382930,201326,1308.563334348017,TRUE,TRUE
772,034T,2024,2025,49,50,49,50,382930,201326,381353,199891,2132.1711938772646,TRUE,TRUE
773,034Y,2007,2008,32,33,32,33,380279,201409,382399,200920,2175.6656452681327,TRUE,TRUE
774,034Y,2008,2009,33,34,33,34,382399,200920,383126,200958,727.9924450157433,TRUE,TRUE
775,034Y,2009,2010,34,35,34,35,383126,200958,383135,202599,1641.0246798875392,TRUE,TRUE
776,034Y,2010,2011,35,36,35,36,383135,202599,381314,201015,2413.523772412445,TRUE,TRUE
777,034Y,2011,2012,36,37,36,37,381314,201015,383237,202222,2270.4136187047507,TRUE,TRUE
778,034Z,2019,2020,44,45,44,45,382420,201405,380583,201265,1842.3270610833463,TRUE,TRUE
779,034Z,2020,2021,45,46,45,46,380583,201265,382734,202283,2379.7321277824526,TRUE,TRUE
780,035B,2006,2007,31,32,31,32,380649,201388,380279,201409,370.59546678285204,TRUE,TRUE
781,035B,2007,2008,32,33,32,33,380279,201409,382399,200920,2175.6656452681327,TRUE,TRUE
782,035B,2008,2009,33,34,33,34,382399,200920,383126,200958,727.9924450157433,TRUE,TRUE
783,035B,2009,2010,34,35,34,35,383126,200958,383135,202599,1641.0246798875392,TRUE,TRUE
784,035B,2010,2011,35,36,35,36,383135,202599,381314,201015,2413.523772412445,TRUE,TRUE
785,035B,2011,2012,36,37,36,37,381314,201015,383237,202222,2270.4136187047507,TRUE,TRUE
786,035B,2012,2013,37,38,37,38,383237,202222,382076,201048,1651.119922961382,TRUE,TRUE
787,035B,2013,2014,38,39,38,39,382076,201048,380906,200398,1338.43191832831,TRUE,TRUE
788,035B,2014,2015,39,40,39,40,380906,200398,381314,201301,990.8950499422227,TRUE,TRUE
789,035G,2003,2004,28,29,28,29,380834,201150,382049,201493,1262.4872276581652,TRUE,TRUE
790,035G,2004,2005,29,30,29,30,382049,201493,382931,200706,1182.0714868399457,TRUE,TRUE
791,035G,2005,2006,30,31,30,31,382931,200706,380649,201388,2381.7321427902007,TRUE,TRUE
792,035K,2012,2013,37,38,37,38,383237,202222,382076,201048,1651.119922961382,TRUE,TRUE
793,035K,2013,2014,38,39,38,39,382076,201048,380906,200398,1338.43191832831,TRUE,TRUE
794,035L,2011,2012,36,37,36,37,381314,201015,383237,202222,2270.4136187047507,TRUE,TRUE
795,035L,2012,2013,37,38,37,38,383237,202222,382076,201048,1651.119922961382,TRUE,TRUE
796,035L,2013,2014,38,39,38,39,382076,201048,380906,200398,1338.43191832831,TRUE,TRUE
797,035L,2014,2015,39,40,39,40,380906,200398,381314,201301,990.8950499422227,TRUE,TRUE
798,035N,2009,2010,34,35,34,35,383126,200958,383135,202599,1641.0246798875392,TRUE,TRUE
799,035N,2010,2011,35,36,35,36,383135,202599,381314,201015,2413.523772412445,TRUE,TRUE
800,035N,2011,2012,36,37,36,37,381314,201015,383237,202222,2270.4136187047507,TRUE,TRUE
801,035N,2012,2013,37,38,37,38,383237,202222,382076,201048,1651.119922961382,TRUE,TRUE
802,035P,2008,2009,33,34,33,34,382399,200920,383126,200958,727.9924450157433,TRUE,TRUE
803,035P,2009,2010,34,35,34,35,383126,200958,383135,202599,1641.0246798875392,TRUE,TRUE
804,035P,2010,2011,35,36,35,36,383135,202599,381314,201015,2413.523772412445,TRUE,TRUE
805,035P,2011,2012,36,37,36,37,381314,201015,383237,202222,2270.4136187047507,TRUE,TRUE
806,035R,2004,2005,29,30,29,30,382049,201493,382931,200706,1182.0714868399457,TRUE,TRUE
807,035R,2005,2006,30,31,30,31,382931,200706,380649,201388,2381.7321427902007,TRUE,TRUE
808,035W,2005,2006,30,31,30,31,382931,200706,380649,201388,2381.7321427902007,TRUE,TRUE
809,035W,2006,2007,31,32,31,32,380649,201388,380279,201409,370.59546678285204,TRUE,TRUE
810,035W,2007,2008,32,33,32,33,380279,201409,382399,200920,2175.6656452681327,TRUE,TRUE
811,035Y,2007,2008,32,33,32,33,380279,201409,382399,200920,2175.6656452681327,TRUE,TRUE
812,035Y,2008,2009,33,34,33,34,382399,200920,383126,200958,727.9924450157433,TRUE,TRUE
813,035Y,2009,2010,34,35,34,35,383126,200958,383135,202599,1641.0246798875392,TRUE,TRUE
814,036E,2013,2014,38,39,38,39,382076,201048,380906,200398,1338.43191832831,TRUE,TRUE
815,036E,2014,2015,39,40,39,40,380906,200398,381314,201301,990.8950499422227,TRUE,TRUE
816,036E,2015,2016,40,41,40,41,381314,201301,380936,199687,1657.6730678876338,TRUE,TRUE
817,036E,2016,2017,41,42,41,42,380936,199687,382786,200771,2144.191222815726,TRUE,TRUE
818,036E,2017,2018,42,43,42,43,382786,200771,381016,201635,1969.6182371210925,TRUE,TRUE
819,036K,2012,2013,37,38,37,38,383237,202222,382076,201048,1651.119922961382,TRUE,TRUE
820,036K,2013,2014,38,39,38,39,382076,201048,380906,200398,1338.43191832831,TRUE,TRUE
821,036L,2011,2012,36,37,36,37,381314,201015,383237,202222,2270.4136187047507,TRUE,TRUE
822,036L,2012,2013,37,38,37,38,383237,202222,382076,201048,1651.119922961382,TRUE,TRUE
823,036L,2013,2014,38,39,38,39,382076,201048,380906,200398,1338.43191832831,TRUE,TRUE
824,036R,2004,2005,29,30,29,30,382049,201493,382931,200706,1182.0714868399457,TRUE,TRUE
825,036R,2005,2006,30,31,30,31,382931,200706,380649,201388,2381.7321427902007,TRUE,TRUE
826,036R,2006,2007,31,32,31,32,380649,201388,380279,201409,370.59546678285204,TRUE,TRUE
827,036R,2007,2008,32,33,32,33,380279,201409,382399,200920,2175.6656452681327,TRUE,TRUE
828,036R,2008,2009,33,34,33,34,382399,200920,383126,200958,727.9924450157433,TRUE,TRUE
829,036R,2009,2010,34,35,34,35,383126,200958,383135,202599,1641.0246798875392,TRUE,TRUE
830,036Y,2007,2008,32,33,32,33,380279,201409,382399,200920,2175.6656452681327,TRUE,TRUE
831,036Y,2008,2009,33,34,33,34,382399,200920,383126,200958,727.9924450157433,TRUE,TRUE
832,036Y,2009,2010,34,35,34,35,383126,200958,383135,202599,1641.0246798875392,TRUE,TRUE
833,036Z,2019,2020,44,45,44,45,382420,201405,380583,201265,1842.3270610833463,TRUE,TRUE
834,036Z,2020,2021,45,46,45,46,380583,201265,382734,202283,2379.7321277824526,TRUE,TRUE
835,037E,2013,2014,38,39,38,39,382076,201048,380906,200398,1338.43191832831,TRUE,TRUE
836,037E,2014,2015,39,40,39,40,380906,200398,381314,201301,990.8950499422227,TRUE,TRUE
837,037M,2018,2019,43,44,43,44,381016,201635,382420,201405,1422.7143072310757,TRUE,TRUE
838,037M,2019,2020,44,45,44,45,382420,201405,380583,201265,1842.3270610833463,TRUE,TRUE
839,037M,2020,2021,45,46,45,46,380583,201265,382734,202283,2379.7321277824526,TRUE,TRUE
840,037N,2009,2010,34,35,34,35,383126,200958,383135,202599,1641.0246798875392,TRUE,TRUE
841,037N,2010,2011,35,36,35,36,383135,202599,381314,201015,2413.523772412445,TRUE,TRUE
842,037N,2011,2012,36,37,36,37,381314,201015,383237,202222,2270.4136187047507,TRUE,TRUE
843,037N,2012,2013,37,38,37,38,383237,202222,382076,201048,1651.119922961382,TRUE,TRUE
844,037W,2005,2006,30,31,30,31,382931,200706,380649,201388,2381.7321427902007,TRUE,TRUE
845,037W,2006,2007,31,32,31,32,380649,201388,380279,201409,370.59546678285204,TRUE,TRUE
846,037W,2007,2008,32,33,32,33,380279,201409,382399,200920,2175.6656452681327,TRUE,TRUE
847,037W,2008,2009,33,34,33,34,382399,200920,383126,200958,727.9924450157433,TRUE,TRUE
848,037W,2009,2010,34,35,34,35,383126,200958,383135,202599,1641.0246798875392,TRUE,TRUE
849,037W,2010,2011,35,36,35,36,383135,202599,381314,201015,2413.523772412445,TRUE,TRUE
850,038B,2006,2007,31,32,31,32,380649,201388,380279,201409,370.59546678285204,TRUE,TRUE
851,038B,2007,2008,32,33,32,33,380279,201409,382399,200920,2175.6656452681327,TRUE,TRUE
852,038B,2008,2009,33,34,33,34,382399,200920,383126,200958,727.9924450157433,TRUE,TRUE
853,038B,2009,2010,34,35,34,35,383126,200958,383135,202599,1641.0246798875392,TRUE,TRUE
854,038B,2010,2011,35,36,35,36,383135,202599,381314,201015,2413.523772412445,TRUE,TRUE
855,038N,2009,2010,34,35,34,35,383126,200958,383135,202599,1641.0246798875392,TRUE,TRUE
856,038N,2010,2011,35,36,35,36,383135,202599,381314,201015,2413.523772412445,TRUE,TRUE
857,038P,2008,2009,33,34,33,34,382399,200920,383126,200958,727.9924450157433,TRUE,TRUE
858,038P,2009,2010,34,35,34,35,383126,200958,383135,202599,1641.0246798875392,TRUE,TRUE
859,038P,2010,2011,35,36,35,36,383135,202599,381314,201015,2413.523772412445,TRUE,TRUE
860,038R,2004,2005,29,30,29,30,382049,201493,382931,200706,1182.0714868399457,TRUE,TRUE
861,038R,2005,2006,30,31,30,31,382931,200706,380649,201388,2381.7321427902007,TRUE,TRUE
862,038R,2006,2007,31,32,31,32,380649,201388,380279,201409,370.59546678285204,TRUE,TRUE
863,038R,2007,2008,32,33,32,33,380279,201409,382399,200920,2175.6656452681327,TRUE,TRUE
864,038R,2008,2009,33,34,33,34,382399,200920,383126,200958,727.9924450157433,TRUE,TRUE
865,038Y,2007,2008,32,33,32,33,380279,201409,382399,200920,2175.6656452681327,TRUE,TRUE
866,038Y,2008,2009,33,34,33,34,382399,200920,383126,200958,727.9924450157433,TRUE,TRUE
867,038Y,2009,2010,34,35,34,35,383126,200958,383135,202599,1641.0246798875392,TRUE,TRUE
868,038Y,2010,2011,35,36,35,36,383135,202599,381314,201015,2413.523772412445,TRUE,TRUE
869,038Y,2011,2012,36,37,36,37,381314,201015,383237,202222,2270.4136187047507,TRUE,TRUE
870,038Y,2012,2013,37,38,37,38,383237,202222,382076,201048,1651.119922961382,TRUE,TRUE
871,039A,2014,2015,39,40,39,40,380906,200398,381314,201301,990.8950499422227,TRUE,TRUE
872,039A,2015,2016,40,41,40,41,381314,201301,380936,199687,1657.6730678876338,TRUE,TRUE
873,039A,2016,2017,41,42,41,42,380936,199687,382786,200771,2144.191222815726,TRUE,TRUE
874,039B,2006,2007,31,32,31,32,380649,201388,380279,201409,370.59546678285204,TRUE,TRUE
875,039B,2007,2008,32,33,32,33,380279,201409,382399,200920,2175.6656452681327,TRUE,TRUE
876,039G,2003,2004,28,29,28,29,380834,201150,382049,201493,1262.4872276581652,TRUE,TRUE
877,039G,2004,2005,29,30,29,30,382049,201493,382931,200706,1182.0714868399457,TRUE,TRUE
878,039K,2012,2013,37,38,37,38,383237,202222,382076,201048,1651.119922961382,TRUE,TRUE
879,039K,2013,2014,38,39,38,39,382076,201048,380906,200398,1338.43191832831,TRUE,TRUE
880,039M,2018,2019,43,44,43,44,381016,201635,382420,201405,1422.7143072310757,TRUE,TRUE
881,039M,2019,2020,44,45,44,45,382420,201405,380583,201265,1842.3270610833463,TRUE,TRUE
882,039M,2020,2021,45,46,45,46,380583,201265,382734,202283,2379.7321277824526,TRUE,TRUE
883,039N,2009,2010,34,35,34,35,383126,200958,383135,202599,1641.0246798875392,TRUE,TRUE
884,039N,2010,2011,35,36,35,36,383135,202599,381314,201015,2413.523772412445,TRUE,TRUE
885,039N,2011,2012,36,37,36,37,381314,201015,383237,202222,2270.4136187047507,TRUE,TRUE
886,039N,2012,2013,37,38,37,38,383237,202222,382076,201048,1651.119922961382,TRUE,TRUE
887,039N,2013,2014,38,39,38,39,382076,201048,380906,200398,1338.43191832831,TRUE,TRUE
888,039N,2014,2015,39,40,39,40,380906,200398,381314,201301,990.8950499422227,TRUE,TRUE
889,039N,2015,2016,40,41,40,41,381314,201301,380936,199687,1657.6730678876338,TRUE,TRUE
890,039V,2015,2016,40,41,40,41,381314,201301,380936,199687,1657.6730678876338,TRUE,TRUE
891,039V,2016,2017,41,42,41,42,380936,199687,382786,200771,2144.191222815726,TRUE,TRUE
892,039V,2017,2018,42,43,42,43,382786,200771,381016,201635,1969.6182371210925,TRUE,TRUE
893,039V,2018,2019,43,44,43,44,381016,201635,382420,201405,1422.7143072310757,TRUE,TRUE
894,039W,2005,2006,30,31,30,31,382931,200706,380649,201388,2381.7321427902007,TRUE,TRUE
895,039W,2006,2007,31,32,31,32,380649,201388,380279,201409,370.59546678285204,TRUE,TRUE
896,039W,2007,2008,32,33,32,33,380279,201409,382399,200920,2175.6656452681327,TRUE,TRUE
897,039W,2008,2009,33,34,33,34,382399,200920,383126,200958,727.9924450157433,TRUE,TRUE
898,039W,2009,2010,34,35,34,35,383126,200958,383135,202599,1641.0246798875392,TRUE,TRUE
899,039W,2010,2011,35,36,35,36,383135,202599,381314,201015,2413.523772412445,TRUE,TRUE
900,040L,2011,2012,36,37,36,37,381314,201015,383237,202222,2270.4136187047507,TRUE,TRUE
901,040L,2012,2013,37,38,37,38,383237,202222,382076,201048,1651.119922961382,TRUE,TRUE
902,040M,2018,2019,43,44,43,44,381016,201635,382420,201405,1422.7143072310757,TRUE,TRUE
903,040M,2019,2020,44,45,44,45,382420,201405,380583,201265,1842.3270610833463,TRUE,TRUE
904,040R,2004,2005,29,30,29,30,382049,201493,382931,200706,1182.0714868399457,TRUE,TRUE
905,040R,2005,2006,30,31,30,31,382931,200706,380649,201388,2381.7321427902007,TRUE,TRUE
906,040R,2006,2007,31,32,31,32,380649,201388,380279,201409,370.59546678285204,TRUE,TRUE
907,040R,2007,2008,32,33,32,33,380279,201409,382399,200920,2175.6656452681327,TRUE,TRUE
908,040R,2008,2009,33,34,33,34,382399,200920,383126,200958,727.9924450157433,TRUE,TRUE
909,040Y,2007,2008,32,33,32,33,380279,201409,382399,200920,2175.6656452681327,TRUE,TRUE
910,040Y,2008,2009,33,34,33,34,382399,200920,383126,200958,727.9924450157433,TRUE,TRUE
911,040Z,2019,2020,44,45,44,45,382420,201405,380583,201265,1842.3270610833463,TRUE,TRUE
912,040Z,2020,2021,45,46,45,46,380583,201265,382734,202283,2379.7321277824526,TRUE,TRUE
913,041G,2003,2004,28,29,28,29,380834,201150,382049,201493,1262.4872276581652,TRUE,TRUE
914,041G,2004,2005,29,30,29,30,382049,201493,382931,200706,1182.0714868399457,TRUE,TRUE
915,041G,2005,2006,30,31,30,31,382931,200706,380649,201388,2381.7321427902007,TRUE,TRUE
916,041G,2006,2007,31,32,31,32,380649,201388,380279,201409,370.59546678285204,TRUE,TRUE
917,041G,2007,2008,32,33,32,33,380279,201409,382399,200920,2175.6656452681327,TRUE,TRUE
918,041G,2008,2009,33,34,33,34,382399,200920,383126,200958,727.9924450157433,TRUE,TRUE
919,041G,2009,2010,34,35,34,35,383126,200958,383135,202599,1641.0246798875392,TRUE,TRUE
920,041G,2010,2011,35,36,35,36,383135,202599,381314,201015,2413.523772412445,TRUE,TRUE
921,041L,2011,2012,36,37,36,37,381314,201015,383237,202222,2270.4136187047507,TRUE,TRUE
922,041L,2012,2013,37,38,37,38,383237,202222,382076,201048,1651.119922961382,TRUE,TRUE
923,041L,2013,2014,38,39,38,39,382076,201048,380906,200398,1338.43191832831,TRUE,TRUE
924,041L,2014,2015,39,40,39,40,380906,200398,381314,201301,990.8950499422227,TRUE,TRUE
925,041L,2015,2016,40,41,40,41,381314,201301,380936,199687,1657.6730678876338,TRUE,TRUE
926,041L,2016,2017,41,42,41,42,380936,199687,382786,200771,2144.191222815726,TRUE,TRUE
927,041W,2005,2006,30,31,30,31,382931,200706,380649,201388,2381.7321427902007,TRUE,TRUE
928,041W,2006,2007,31,32,31,32,380649,201388,380279,201409,370.59546678285204,TRUE,TRUE
929,041W,2007,2008,32,33,32,33,380279,201409,382399,200920,2175.6656452681327,TRUE,TRUE
930,041Y,2007,2008,32,33,32,33,380279,201409,382399,200920,2175.6656452681327,TRUE,TRUE
931,041Y,2008,2009,33,34,33,34,382399,200920,383126,200958,727.9924450157433,TRUE,TRUE
932,041Y,2009,2010,34,35,34,35,383126,200958,383135,202599,1641.0246798875392,TRUE,TRUE
933,042A,2014,2015,39,40,39,40,380906,200398,381314,201301,990.8950499422227,TRUE,TRUE
934,042A,2015,2016,40,41,40,41,381314,201301,380936,199687,1657.6730678876338,TRUE,TRUE
935,042A,2016,2017,41,42,41,42,380936,199687,382786,200771,2144.191222815726,TRUE,TRUE
936,042A,2017,2018,42,43,42,43,382786,200771,381016,201635,1969.6182371210925,TRUE,TRUE
937,042A,2018,2019,43,44,43,44,381016,201635,382420,201405,1422.7143072310757,TRUE,TRUE
938,042A,2019,2020,44,45,44,45,382420,201405,380583,201265,1842.3270610833463,TRUE,TRUE
939,042A,2020,2021,45,46,45,46,380583,201265,382734,202283,2379.7321277824526,TRUE,TRUE
940,042A,2021,2022,46,47,46,47,382734,202283,381350,200278,2436.2842609186637,TRUE,TRUE
941,042A,2022,2023,47,48,47,48,381350,200278,382627,200053,1296.6703513229568,TRUE,TRUE
942,042A,2023,2024,48,49,48,49,382627,200053,382930,201326,1308.563334348017,TRUE,TRUE
943,042E,2013,2014,38,39,38,39,382076,201048,380906,200398,1338.43191832831,TRUE,TRUE
944,042E,2014,2015,39,40,39,40,380906,200398,381314,201301,990.8950499422227,TRUE,TRUE
945,042G,2003,2004,28,29,28,29,380834,201150,382049,201493,1262.4872276581652,TRUE,TRUE
946,042G,2004,2005,29,30,29,30,382049,201493,382931,200706,1182.0714868399457,TRUE,TRUE
947,042G,2005,2006,30,31,30,31,382931,200706,380649,201388,2381.7321427902007,TRUE,TRUE
948,042G,2006,2007,31,32,31,32,380649,201388,380279,201409,370.59546678285204,TRUE,TRUE
949,042G,2007,2008,32,33,32,33,380279,201409,382399,200920,2175.6656452681327,TRUE,TRUE
950,042G,2008,2009,33,34,33,34,382399,200920,383126,200958,727.9924450157433,TRUE,TRUE
951,042G,2009,2010,34,35,34,35,383126,200958,383135,202599,1641.0246798875392,TRUE,TRUE
952,042G,2010,2011,35,36,35,36,383135,202599,381314,201015,2413.523772412445,TRUE,TRUE
953,042R,2004,2005,29,30,29,30,382049,201493,382931,200706,1182.0714868399457,TRUE,TRUE
954,042R,2005,2006,30,31,30,31,382931,200706,380649,201388,2381.7321427902007,TRUE,TRUE
955,042R,2006,2007,31,32,31,32,380649,201388,380279,201409,370.59546678285204,TRUE,TRUE
956,042R,2007,2008,32,33,32,33,380279,201409,382399,200920,2175.6656452681327,TRUE,TRUE
957,042V,2015,2016,40,41,40,41,381314,201301,380936,199687,1657.6730678876338,TRUE,TRUE
958,042V,2016,2017,41,42,41,42,380936,199687,382786,200771,2144.191222815726,TRUE,TRUE
959,042V,2017,2018,42,43,42,43,382786,200771,381016,201635,1969.6182371210925,TRUE,TRUE
960,042V,2018,2019,43,44,43,44,381016,201635,382420,201405,1422.7143072310757,TRUE,TRUE
961,042W,2005,2006,30,31,30,31,382931,200706,380649,201388,2381.7321427902007,TRUE,TRUE
962,042W,2006,2007,31,32,31,32,380649,201388,380279,201409,370.59546678285204,TRUE,TRUE
963,043A,2014,2015,39,40,39,40,380906,200398,381314,201301,990.8950499422227,TRUE,TRUE
964,043A,2015,2016,40,41,40,41,381314,201301,380936,199687,1657.6730678876338,TRUE,TRUE
965,043A,2016,2017,41,42,41,42,380936,199687,382786,200771,2144.191222815726,TRUE,TRUE
966,043A,2017,2018,42,43,42,43,382786,200771,381016,201635,1969.6182371210925,TRUE,TRUE
967,043A,2018,2019,43,44,43,44,381016,201635,382420,201405,1422.7143072310757,TRUE,TRUE
968,043P,2008,2009,33,34,33,34,382399,200920,383126,200958,727.9924450157433,TRUE,TRUE
969,043P,2009,2010,34,35,34,35,383126,200958,383135,202599,1641.0246798875392,TRUE,TRUE
970,043P,2010,2011,35,36,35,36,383135,202599,381314,201015,2413.523772412445,TRUE,TRUE
971,043P,2011,2012,36,37,36,37,381314,201015,383237,202222,2270.4136187047507,TRUE,TRUE
972,043V,2015,2016,40,41,40,41,381314,201301,380936,199687,1657.6730678876338,TRUE,TRUE
973,043V,2016,2017,41,42,41,42,380936,199687,382786,200771,2144.191222815726,TRUE,TRUE
974,043V,2017,2018,42,43,42,43,382786,200771,381016,201635,1969.6182371210925,TRUE,TRUE
975,043W,2005,2006,30,31,30,31,382931,200706,380649,201388,2381.7321427902007,TRUE,TRUE
976,043W,2006,2007,31,32,31,32,380649,201388,380279,201409,370.59546678285204,TRUE,TRUE
977,043W,2007,2008,32,33,32,33,380279,201409,382399,200920,2175.6656452681327,TRUE,TRUE
978,043W,2008,2009,33,34,33,34,382399,200920,383126,200958,727.9924450157433,TRUE,TRUE
979,043W,2009,2010,34,35,34,35,383126,200958,383135,202599,1641.0246798875392,TRUE,TRUE
980,043W,2010,2011,35,36,35,36,383135,202599,381314,201015,2413.523772412445,TRUE,TRUE
981,043W,2011,2012,36,37,36,37,381314,201015,383237,202222,2270.4136187047507,TRUE,TRUE
982,043Y,2007,2008,32,33,32,33,380279,201409,382399,200920,2175.6656452681327,TRUE,TRUE
983,043Y,2008,2009,33,34,33,34,382399,200920,383126,200958,727.9924450157433,TRUE,TRUE
984,043Y,2009,2010,34,35,34,35,383126,200958,383135,202599,1641.0246798875392,TRUE,TRUE
985,044E,2013,2014,38,39,38,39,382076,201048,380906,200398,1338.43191832831,TRUE,TRUE
986,044E,2014,2015,39,40,39,40,380906,200398,381314,201301,990.8950499422227,TRUE,TRUE
987,044G,2003,2004,28,29,28,29,380834,201150,382049,201493,1262.4872276581652,TRUE,TRUE
988,044G,2004,2005,29,30,29,30,382049,201493,382931,200706,1182.0714868399457,TRUE,TRUE
989,044G,2005,2006,30,31,30,31,382931,200706,380649,201388,2381.7321427902007,TRUE,TRUE
990,044G,2006,2007,31,32,31,32,380649,201388,380279,201409,370.59546678285204,TRUE,TRUE
991,044G,2007,2008,32,33,32,33,380279,201409,382399,200920,2175.6656452681327,TRUE,TRUE
992,044G,2008,2009,33,34,33,34,382399,200920,383126,200958,727.9924450157433,TRUE,TRUE
993,044P,2008,2009,33,34,33,34,382399,200920,383126,200958,727.9924450157433,TRUE,TRUE
994,044P,2009,2010,34,35,34,35,383126,200958,383135,202599,1641.0246798875392,TRUE,TRUE
995,044P,2010,2011,35,36,35,36,383135,202599,381314,201015,2413.523772412445,TRUE,TRUE
996,044R,2004,2005,29,30,29,30,382049,201493,382931,200706,1182.0714868399457,TRUE,TRUE
997,044R,2005,2006,30,31,30,31,382931,200706,380649,201388,2381.7321427902007,TRUE,TRUE
998,044R,2006,2007,31,32,31,32,380649,201388,380279,201409,370.59546678285204,TRUE,TRUE
999,044Y,2007,2008,32,33,32,33,380279,201409,382399,200920,2175.6656452681327,TRUE,TRUE
1000,044Y,2008,2009,33,34,33,34,382399,200920,383126,200958,727.9924450157433,TRUE,TRUE
1001,044Y,2009,2010,34,35,34,35,383126,200958,383135,202599,1641.0246798875392,TRUE,TRUE
1002,044Z,2019,2020,44,45,44,45,382420,201405,380583,201265,1842.3270610833463,TRUE,TRUE
1003,044Z,2020,2021,45,46,45,46,380583,201265,382734,202283,2379.7321277824526,TRUE,TRUE
1004,045A,2014,2015,39,40,39,40,380906,200398,381314,201301,990.8950499422227,TRUE,TRUE
1005,045A,2015,2016,40,41,40,41,381314,201301,380936,199687,1657.6730678876338,TRUE,TRUE
1006,045A,2016,2017,41,42,41,42,380936,199687,382786,200771,2144.191222815726,TRUE,TRUE
1007,045A,2017,2018,42,43,42,43,382786,200771,381016,201635,1969.6182371210925,TRUE,TRUE
1008,045A,2018,2019,43,44,43,44,381016,201635,382420,201405,1422.7143072310757,TRUE,TRUE
1009,045B,2006,2007,31,32,31,32,380649,201388,380279,201409,370.59546678285204,TRUE,TRUE
1010,045B,2007,2008,32,33,32,33,380279,201409,382399,200920,2175.6656452681327,TRUE,TRUE
1011,045B,2008,2009,33,34,33,34,382399,200920,383126,200958,727.9924450157433,TRUE,TRUE
1012,045B,2009,2010,34,35,34,35,383126,200958,383135,202599,1641.0246798875392,TRUE,TRUE
1013,045B,2010,2011,35,36,35,36,383135,202599,381314,201015,2413.523772412445,TRUE,TRUE
1014,045B,2011,2012,36,37,36,37,381314,201015,383237,202222,2270.4136187047507,TRUE,TRUE
1015,045B,2012,2013,37,38,37,38,383237,202222,382076,201048,1651.119922961382,TRUE,TRUE
1016,045B,2013,2014,38,39,38,39,382076,201048,380906,200398,1338.43191832831,TRUE,TRUE
1017,045B,2014,2015,39,40,39,40,380906,200398,381314,201301,990.8950499422227,TRUE,TRUE
1018,045E,2013,2014,38,39,38,39,382076,201048,380906,200398,1338.43191832831,TRUE,TRUE
1019,045E,2014,2015,39,40,39,40,380906,200398,381314,201301,990.8950499422227,TRUE,TRUE
1020,045P,2008,2009,33,34,33,34,382399,200920,383126,200958,727.9924450157433,TRUE,TRUE
1021,045P,2009,2010,34,35,34,35,383126,200958,383135,202599,1641.0246798875392,TRUE,TRUE
1022,045P,2010,2011,35,36,35,36,383135,202599,381314,201015,2413.523772412445,TRUE,TRUE
1023,045P,2011,2012,36,37,36,37,381314,201015,383237,202222,2270.4136187047507,TRUE,TRUE
1024,045R,2004,2005,29,30,29,30,382049,201493,382931,200706,1182.0714868399457,TRUE,TRUE
1025,045R,2005,2006,30,31,30,31,382931,200706,380649,201388,2381.7321427902007,TRUE,TRUE
1026,045R,2006,2007,31,32,31,32,380649,201388,380279,201409,370.59546678285204,TRUE,TRUE
1027,045R,2007,2008,32,33,32,33,380279,201409,382399,200920,2175.6656452681327,TRUE,TRUE
1028,045R,2008,2009,33,34,33,34,382399,200920,383126,200958,727.9924450157433,TRUE,TRUE
1029,045R,2009,2010,34,35,34,35,383126,200958,383135,202599,1641.0246798875392,TRUE,TRUE
1030,045R,2010,2011,35,36,35,36,383135,202599,381314,201015,2413.523772412445,TRUE,TRUE
1031,045R,2011,2012,36,37,36,37,381314,201015,383237,202222,2270.4136187047507,TRUE,TRUE
1032,045R,2012,2013,37,38,37,38,383237,202222,382076,201048,1651.119922961382,TRUE,TRUE
1033,045R,2013,2014,38,39,38,39,382076,201048,380906,200398,1338.43191832831,TRUE,TRUE
1034,045V,2015,2016,40,41,40,41,381314,201301,380936,199687,1657.6730678876338,TRUE,TRUE
1035,045V,2016,2017,41,42,41,42,380936,199687,382786,200771,2144.191222815726,TRUE,TRUE
1036,045Y,2007,2008,32,33,32,33,380279,201409,382399,200920,2175.6656452681327,TRUE,TRUE
1037,045Y,2008,2009,33,34,33,34,382399,200920,383126,200958,727.9924450157433,TRUE,TRUE
1038,045Y,2009,2010,34,35,34,35,383126,200958,383135,202599,1641.0246798875392,TRUE,TRUE
1039,045Y,2010,2011,35,36,35,36,383135,202599,381314,201015,2413.523772412445,TRUE,TRUE
1040,046A,2014,2015,39,40,39,40,380906,200398,381314,201301,990.8950499422227,TRUE,TRUE
1041,046A,2015,2016,40,41,40,41,381314,201301,380936,199687,1657.6730678876338,TRUE,TRUE
1042,046A,2016,2017,41,42,41,42,380936,199687,382786,200771,2144.191222815726,TRUE,TRUE
1043,046A,2017,2018,42,43,42,43,382786,200771,381016,201635,1969.6182371210925,TRUE,TRUE
1044,046B,2006,2007,31,32,31,32,380649,201388,380279,201409,370.59546678285204,TRUE,TRUE
1045,046B,2007,2008,32,33,32,33,380279,201409,382399,200920,2175.6656452681327,TRUE,TRUE
1046,046M,2018,2019,43,44,43,44,381016,201635,382420,201405,1422.7143072310757,TRUE,TRUE
1047,046M,2019,2020,44,45,44,45,382420,201405,380583,201265,1842.3270610833463,TRUE,TRUE
1048,046P,2008,2009,33,34,33,34,382399,200920,383126,200958,727.9924450157433,TRUE,TRUE
1049,046P,2009,2010,34,35,34,35,383126,200958,383135,202599,1641.0246798875392,TRUE,TRUE
1050,046P,2010,2011,35,36,35,36,383135,202599,381314,201015,2413.523772412445,TRUE,TRUE
1051,046P,2011,2012,36,37,36,37,381314,201015,383237,202222,2270.4136187047507,TRUE,TRUE
1052,046P,2012,2013,37,38,37,38,383237,202222,382076,201048,1651.119922961382,TRUE,TRUE
1053,047E,2013,2014,38,39,38,39,382076,201048,380906,200398,1338.43191832831,TRUE,TRUE
1054,047E,2014,2015,39,40,39,40,380906,200398,381314,201301,990.8950499422227,TRUE,TRUE
1055,047G,2003,2004,28,29,28,29,380834,201150,382049,201493,1262.4872276581652,TRUE,TRUE
1056,047G,2004,2005,29,30,29,30,382049,201493,382931,200706,1182.0714868399457,TRUE,TRUE
1057,047P,2008,2009,33,34,33,34,382399,200920,383126,200958,727.9924450157433,TRUE,TRUE
1058,047P,2009,2010,34,35,34,35,383126,200958,383135,202599,1641.0246798875392,TRUE,TRUE
1059,047W,2005,2006,30,31,30,31,382931,200706,380649,201388,2381.7321427902007,TRUE,TRUE
1060,047W,2006,2007,31,32,31,32,380649,201388,380279,201409,370.59546678285204,TRUE,TRUE
1061,047W,2007,2008,32,33,32,33,380279,201409,382399,200920,2175.6656452681327,TRUE,TRUE
1062,047W,2008,2009,33,34,33,34,382399,200920,383126,200958,727.9924450157433,TRUE,TRUE
1063,047W,2009,2010,34,35,34,35,383126,200958,383135,202599,1641.0246798875392,TRUE,TRUE
1064,048A,2014,2015,39,40,39,40,380906,200398,381314,201301,990.8950499422227,TRUE,TRUE
1065,048A,2015,2016,40,41,40,41,381314,201301,380936,199687,1657.6730678876338,TRUE,TRUE
1066,048A,2016,2017,41,42,41,42,380936,199687,382786,200771,2144.191222815726,TRUE,TRUE
1067,048A,2017,2018,42,43,42,43,382786,200771,381016,201635,1969.6182371210925,TRUE,TRUE
1068,048A,2018,2019,43,44,43,44,381016,201635,382420,201405,1422.7143072310757,TRUE,TRUE
1069,048A,2019,2020,44,45,44,45,382420,201405,380583,201265,1842.3270610833463,TRUE,TRUE
1070,048B,2006,2007,31,32,31,32,380649,201388,380279,201409,370.59546678285204,TRUE,TRUE
1071,048B,2007,2008,32,33,32,33,380279,201409,382399,200920,2175.6656452681327,TRUE,TRUE
1072,048V,2015,2016,40,41,40,41,381314,201301,380936,199687,1657.6730678876338,TRUE,TRUE
1073,048V,2016,2017,41,42,41,42,380936,199687,382786,200771,2144.191222815726,TRUE,TRUE
1074,048V,2017,2018,42,43,42,43,382786,200771,381016,201635,1969.6182371210925,TRUE,TRUE
1075,048V,2018,2019,43,44,43,44,381016,201635,382420,201405,1422.7143072310757,TRUE,TRUE
1076,048W,2005,2006,30,31,30,31,382931,200706,380649,201388,2381.7321427902007,TRUE,TRUE
1077,048W,2006,2007,31,32,31,32,380649,201388,380279,201409,370.59546678285204,TRUE,TRUE
1078,048W,2007,2008,32,33,32,33,380279,201409,382399,200920,2175.6656452681327,TRUE,TRUE
1079,049A,2014,2015,39,40,39,40,380906,200398,381314,201301,990.8950499422227,TRUE,TRUE
1080,049A,2015,2016,40,41,40,41,381314,201301,380936,199687,1657.6730678876338,TRUE,TRUE
1081,049A,2016,2017,41,42,41,42,380936,199687,382786,200771,2144.191222815726,TRUE,TRUE
1082,049B,2006,2007,31,32,31,32,380649,201388,380279,201409,370.59546678285204,TRUE,TRUE
1083,049B,2007,2008,32,33,32,33,380279,201409,382399,200920,2175.6656452681327,TRUE,TRUE
1084,049B,2008,2009,33,34,33,34,382399,200920,383126,200958,727.9924450157433,TRUE,TRUE
1085,049B,2009,2010,34,35,34,35,383126,200958,383135,202599,1641.0246798875392,TRUE,TRUE
1086,049B,2010,2011,35,36,35,36,383135,202599,381314,201015,2413.523772412445,TRUE,TRUE
1087,049B,2011,2012,36,37,36,37,381314,201015,383237,202222,2270.4136187047507,TRUE,TRUE
1088,049B,2012,2013,37,38,37,38,383237,202222,382076,201048,1651.119922961382,TRUE,TRUE
1089,049B,2013,2014,38,39,38,39,382076,201048,380906,200398,1338.43191832831,TRUE,TRUE
1090,049B,2014,2015,39,40,39,40,380906,200398,381314,201301,990.8950499422227,TRUE,TRUE
1091,049E,2013,2014,38,39,38,39,382076,201048,380906,200398,1338.43191832831,TRUE,TRUE
1092,049E,2014,2015,39,40,39,40,380906,200398,381314,201301,990.8950499422227,TRUE,TRUE
1093,049E,2015,2016,40,41,40,41,381314,201301,380936,199687,1657.6730678876338,TRUE,TRUE
1094,049M,2018,2019,43,44,43,44,381016,201635,382420,201405,1422.7143072310757,TRUE,TRUE
1095,049M,2019,2020,44,45,44,45,382420,201405,380583,201265,1842.3270610833463,TRUE,TRUE
1096,049P,2008,2009,33,34,33,34,382399,200920,383126,200958,727.9924450157433,TRUE,TRUE
1097,049P,2009,2010,34,35,34,35,383126,200958,383135,202599,1641.0246798875392,TRUE,TRUE
1098,049P,2010,2011,35,36,35,36,383135,202599,381314,201015,2413.523772412445,TRUE,TRUE
1099,049P,2011,2012,36,37,36,37,381314,201015,383237,202222,2270.4136187047507,TRUE,TRUE
1100,049P,2012,2013,37,38,37,38,383237,202222,382076,201048,1651.119922961382,TRUE,TRUE
1101,049V,2015,2016,40,41,40,41,381314,201301,380936,199687,1657.6730678876338,TRUE,TRUE
1102,049V,2016,2017,41,42,41,42,380936,199687,382786,200771,2144.191222815726,TRUE,TRUE
1103,049V,2017,2018,42,43,42,43,382786,200771,381016,201635,1969.6182371210925,TRUE,TRUE
1104,049W,2005,2006,30,31,30,31,382931,200706,380649,201388,2381.7321427902007,TRUE,TRUE
1105,049W,2006,2007,31,32,31,32,380649,201388,380279,201409,370.59546678285204,TRUE,TRUE
1106,049W,2007,2008,32,33,32,33,380279,201409,382399,200920,2175.6656452681327,TRUE,TRUE
1107,049W,2008,2009,33,34,33,34,382399,200920,383126,200958,727.9924450157433,TRUE,TRUE
1108,049W,2009,2010,34,35,34,35,383126,200958,383135,202599,1641.0246798875392,TRUE,TRUE
1109,049Y,2007,2008,32,33,32,33,380279,201409,382399,200920,2175.6656452681327,TRUE,TRUE
1110,049Y,2008,2009,33,34,33,34,382399,200920,383126,200958,727.9924450157433,TRUE,TRUE
1111,049Y,2009,2010,34,35,34,35,383126,200958,383135,202599,1641.0246798875392,TRUE,TRUE
1112,049Y,2010,2011,35,36,35,36,383135,202599,381314,201015,2413.523772412445,TRUE,TRUE
1113,049Y,2011,2012,36,37,36,37,381314,201015,383237,202222,2270.4136187047507,TRUE,TRUE
1114,049Y,2012,2013,37,38,37,38,383237,202222,382076,201048,1651.119922961382,TRUE,TRUE
1115,049Y,2013,2014,38,39,38,39,382076,201048,380906,200398,1338.43191832831,TRUE,TRUE
1116,049Y,2014,2015,39,40,39,40,380906,200398,381314,201301,990.8950499422227,TRUE,TRUE
1117,050A,2014,2015,39,40,39,40,380906,200398,381314,201301,990.8950499422227,TRUE,TRUE
1118,050A,2015,2016,40,41,40,41,381314,201301,380936,199687,1657.6730678876338,TRUE,TRUE
1119,050A,2016,2017,41,42,41,42,380936,199687,382786,200771,2144.191222815726,TRUE,TRUE
1120,050G,2003,2004,28,29,28,29,380834,201150,382049,201493,1262.4872276581652,TRUE,TRUE
1121,050G,2004,2005,29,30,29,30,382049,201493,382931,200706,1182.0714868399457,TRUE,TRUE
1122,050G,2005,2006,30,31,30,31,382931,200706,380649,201388,2381.7321427902007,TRUE,TRUE
1123,050G,2006,2007,31,32,31,32,380649,201388,380279,201409,370.59546678285204,TRUE,TRUE
1124,050G,2007,2008,32,33,32,33,380279,201409,382399,200920,2175.6656452681327,TRUE,TRUE
1125,050G,2008,2009,33,34,33,34,382399,200920,383126,200958,727.9924450157433,TRUE,TRUE
1126,050G,2009,2010,34,35,34,35,383126,200958,383135,202599,1641.0246798875392,TRUE,TRUE
1127,050G,2010,2011,35,36,35,36,383135,202599,381314,201015,2413.523772412445,TRUE,TRUE
1128,050K,2012,2013,37,38,37,38,383237,202222,382076,201048,1651.119922961382,TRUE,TRUE
1129,050K,2013,2014,38,39,38,39,382076,201048,380906,200398,1338.43191832831,TRUE,TRUE
1130,050K,2014,2015,39,40,39,40,380906,200398,381314,201301,990.8950499422227,TRUE,TRUE
1131,050M,2018,2019,43,44,43,44,381016,201635,382420,201405,1422.7143072310757,TRUE,TRUE
1132,050M,2019,2020,44,45,44,45,382420,201405,380583,201265,1842.3270610833463,TRUE,TRUE
1133,050N,2009,2010,34,35,34,35,383126,200958,383135,202599,1641.0246798875392,TRUE,TRUE
1134,050N,2010,2011,35,36,35,36,383135,202599,381314,201015,2413.523772412445,TRUE,TRUE
1135,050N,2011,2012,36,37,36,37,381314,201015,383237,202222,2270.4136187047507,TRUE,TRUE
1136,050W,2005,2006,30,31,30,31,382931,200706,380649,201388,2381.7321427902007,TRUE,TRUE
1137,050W,2006,2007,31,32,31,32,380649,201388,380279,201409,370.59546678285204,TRUE,TRUE
1138,050Y,2007,2008,32,33,32,33,380279,201409,382399,200920,2175.6656452681327,TRUE,TRUE
1139,050Y,2008,2009,33,34,33,34,382399,200920,383126,200958,727.9924450157433,TRUE,TRUE
1140,051B,2006,2007,31,32,31,32,380649,201388,380279,201409,370.59546678285204,TRUE,TRUE
1141,051B,2007,2008,32,33,32,33,380279,201409,382399,200920,2175.6656452681327,TRUE,TRUE
1142,051B,2008,2009,33,34,33,34,382399,200920,383126,200958,727.9924450157433,TRUE,TRUE
1143,051K,2012,2013,37,38,37,38,383237,202222,382076,201048,1651.119922961382,TRUE,TRUE
1144,051K,2013,2014,38,39,38,39,382076,201048,380906,200398,1338.43191832831,TRUE,TRUE
1145,051K,2014,2015,39,40,39,40,380906,200398,381314,201301,990.8950499422227,TRUE,TRUE
1146,051M,2018,2019,43,44,43,44,381016,201635,382420,201405,1422.7143072310757,TRUE,TRUE
1147,051M,2019,2020,44,45,44,45,382420,201405,380583,201265,1842.3270610833463,TRUE,TRUE
1148,051M,2020,2021,45,46,45,46,380583,201265,382734,202283,2379.7321277824526,TRUE,TRUE
1149,051N,2009,2010,34,35,34,35,383126,200958,383135,202599,1641.0246798875392,TRUE,TRUE
1150,051N,2010,2011,35,36,35,36,383135,202599,381314,201015,2413.523772412445,TRUE,TRUE
1151,051R,2004,2005,29,30,29,30,382049,201493,382931,200706,1182.0714868399457,TRUE,TRUE
1152,051R,2005,2006,30,31,30,31,382931,200706,380649,201388,2381.7321427902007,TRUE,TRUE
1153,051R,2006,2007,31,32,31,32,380649,201388,380279,201409,370.59546678285204,TRUE,TRUE
1154,051R,2007,2008,32,33,32,33,380279,201409,382399,200920,2175.6656452681327,TRUE,TRUE
1155,051R,2008,2009,33,34,33,34,382399,200920,383126,200958,727.9924450157433,TRUE,TRUE
1156,052A,2014,2015,39,40,39,40,380906,200398,381314,201301,990.8950499422227,TRUE,TRUE
1157,052A,2015,2016,40,41,40,41,381314,201301,380936,199687,1657.6730678876338,TRUE,TRUE
1158,052E,2013,2014,38,39,38,39,382076,201048,380906,200398,1338.43191832831,TRUE,TRUE
1159,052E,2014,2015,39,40,39,40,380906,200398,381314,201301,990.8950499422227,TRUE,TRUE
1160,052K,2012,2013,37,38,37,38,383237,202222,382076,201048,1651.119922961382,TRUE,TRUE
1161,052K,2013,2014,38,39,38,39,382076,201048,380906,200398,1338.43191832831,TRUE,TRUE
1162,052N,2009,2010,34,35,34,35,383126,200958,383135,202599,1641.0246798875392,TRUE,TRUE
1163,052N,2010,2011,35,36,35,36,383135,202599,381314,201015,2413.523772412445,TRUE,TRUE
1164,052W,2005,2006,30,31,30,31,382931,200706,380649,201388,2381.7321427902007,TRUE,TRUE
1165,052W,2006,2007,31,32,31,32,380649,201388,380279,201409,370.59546678285204,TRUE,TRUE
1166,052W,2007,2008,32,33,32,33,380279,201409,382399,200920,2175.6656452681327,TRUE,TRUE
1167,052W,2008,2009,33,34,33,34,382399,200920,383126,200958,727.9924450157433,TRUE,TRUE
1168,052W,2009,2010,34,35,34,35,383126,200958,383135,202599,1641.0246798875392,TRUE,TRUE
1169,052Y,2007,2008,32,33,32,33,380279,201409,382399,200920,2175.6656452681327,TRUE,TRUE
1170,052Y,2008,2009,33,34,33,34,382399,200920,383126,200958,727.9924450157433,TRUE,TRUE
1171,052Y,2009,2010,34,35,34,35,383126,200958,383135,202599,1641.0246798875392,TRUE,TRUE
1172,053K,2012,2013,37,38,37,38,383237,202222,382076,201048,1651.119922961382,TRUE,TRUE
1173,053K,2013,2014,38,39,38,39,382076,201048,380906,200398,1338.43191832831,TRUE,TRUE
1174,053K,2014,2015,39,40,39,40,380906,200398,381314,201301,990.8950499422227,TRUE,TRUE
1175,053K,2015,2016,40,41,40,41,381314,201301,380936,199687,1657.6730678876338,TRUE,TRUE
1176,053K,2016,2017,41,42,41,42,380936,199687,382786,200771,2144.191222815726,TRUE,TRUE
1177,053K,2017,2018,42,43,42,43,382786,200771,381016,201635,1969.6182371210925,TRUE,TRUE
1178,053K,2018,2019,43,44,43,44,381016,201635,382420,201405,1422.7143072310757,TRUE,TRUE
1179,053M,2018,2019,43,44,43,44,381016,201635,382420,201405,1422.7143072310757,TRUE,TRUE
1180,053M,2019,2020,44,45,44,45,382420,201405,380583,201265,1842.3270610833463,TRUE,TRUE
1181,053M,2020,2021,45,46,45,46,380583,201265,382734,202283,2379.7321277824526,TRUE,TRUE
1182,053R,2004,2005,29,30,29,30,382049,201493,382931,200706,1182.0714868399457,TRUE,TRUE
1183,053R,2005,2006,30,31,30,31,382931,200706,380649,201388,2381.7321427902007,TRUE,TRUE
1184,053Y,2007,2008,32,33,32,33,380279,201409,382399,200920,2175.6656452681327,TRUE,TRUE
1185,053Y,2008,2009,33,34,33,34,382399,200920,383126,200958,727.9924450157433,TRUE,TRUE
1186,053Y,2009,2010,34,35,34,35,383126,200958,383135,202599,1641.0246798875392,TRUE,TRUE
1187,054A,2014,2015,39,40,39,40,380906,200398,381314,201301,990.8950499422227,TRUE,TRUE
1188,054A,2015,2016,40,41,40,41,381314,201301,380936,199687,1657.6730678876338,TRUE,TRUE
1189,054A,2016,2017,41,42,41,42,380936,199687,382786,200771,2144.191222815726,TRUE,TRUE
1190,054G,2003,2004,28,29,28,29,380834,201150,382049,201493,1262.4872276581652,TRUE,TRUE
1191,054G,2004,2005,29,30,29,30,382049,201493,382931,200706,1182.0714868399457,TRUE,TRUE
1192,054G,2005,2006,30,31,30,31,382931,200706,380649,201388,2381.7321427902007,TRUE,TRUE
1193,054G,2006,2007,31,32,31,32,380649,201388,380279,201409,370.59546678285204,TRUE,TRUE
1194,054G,2007,2008,32,33,32,33,380279,201409,382399,200920,2175.6656452681327,TRUE,TRUE
1195,054G,2008,2009,33,34,33,34,382399,200920,383126,200958,727.9924450157433,TRUE,TRUE
1196,054G,2009,2010,34,35,34,35,383126,200958,383135,202599,1641.0246798875392,TRUE,TRUE
1197,054K,2012,2013,37,38,37,38,383237,202222,382076,201048,1651.119922961382,TRUE,TRUE
1198,054K,2013,2014,38,39,38,39,382076,201048,380906,200398,1338.43191832831,TRUE,TRUE
1199,054K,2014,2015,39,40,39,40,380906,200398,381314,201301,990.8950499422227,TRUE,TRUE
1200,054K,2015,2016,40,41,40,41,381314,201301,380936,199687,1657.6730678876338,TRUE,TRUE
1201,054P,2008,2009,33,34,33,34,382399,200920,383126,200958,727.9924450157433,TRUE,TRUE
1202,054P,2009,2010,34,35,34,35,383126,200958,383135,202599,1641.0246798875392,TRUE,TRUE
1203,054W,2005,2006,30,31,30,31,382931,200706,380649,201388,2381.7321427902007,TRUE,TRUE
1204,054W,2006,2007,31,32,31,32,380649,201388,380279,201409,370.59546678285204,TRUE,TRUE
1205,054W,2007,2008,32,33,32,33,380279,201409,382399,200920,2175.6656452681327,TRUE,TRUE
1206,054W,2008,2009,33,34,33,34,382399,200920,383126,200958,727.9924450157433,TRUE,TRUE
1207,055A,2014,2015,39,40,39,40,380906,200398,381314,201301,990.8950499422227,TRUE,TRUE
1208,055A,2015,2016,40,41,40,41,381314,201301,380936,199687,1657.6730678876338,TRUE,TRUE
1209,055A,2016,2017,41,42,41,42,380936,199687,382786,200771,2144.191222815726,TRUE,TRUE
1210,055A,2017,2018,42,43,42,43,382786,200771,381016,201635,1969.6182371210925,TRUE,TRUE
1211,055B,2006,2007,31,32,31,32,380649,201388,380279,201409,370.59546678285204,TRUE,TRUE
1212,055B,2007,2008,32,33,32,33,380279,201409,382399,200920,2175.6656452681327,TRUE,TRUE
1213,055B,2008,2009,33,34,33,34,382399,200920,383126,200958,727.9924450157433,TRUE,TRUE
1214,055G,2003,2004,28,29,28,29,380834,201150,382049,201493,1262.4872276581652,TRUE,TRUE
1215,055G,2004,2005,29,30,29,30,382049,201493,382931,200706,1182.0714868399457,TRUE,TRUE
1216,055G,2005,2006,30,31,30,31,382931,200706,380649,201388,2381.7321427902007,TRUE,TRUE
1217,055G,2006,2007,31,32,31,32,380649,201388,380279,201409,370.59546678285204,TRUE,TRUE
1218,055R,2004,2005,29,30,29,30,382049,201493,382931,200706,1182.0714868399457,TRUE,TRUE
1219,055R,2005,2006,30,31,30,31,382931,200706,380649,201388,2381.7321427902007,TRUE,TRUE
1220,055R,2006,2007,31,32,31,32,380649,201388,380279,201409,370.59546678285204,TRUE,TRUE
1221,055R,2007,2008,32,33,32,33,380279,201409,382399,200920,2175.6656452681327,TRUE,TRUE
1222,055R,2008,2009,33,34,33,34,382399,200920,383126,200958,727.9924450157433,TRUE,TRUE
1223,055R,2009,2010,34,35,34,35,383126,200958,383135,202599,1641.0246798875392,TRUE,TRUE
1224,055Y,2007,2008,32,33,32,33,380279,201409,382399,200920,2175.6656452681327,TRUE,TRUE
1225,055Y,2008,2009,33,34,33,34,382399,200920,383126,200958,727.9924450157433,TRUE,TRUE
1226,055Y,2009,2010,34,35,34,35,383126,200958,383135,202599,1641.0246798875392,TRUE,TRUE
1227,055Y,2010,2011,35,36,35,36,383135,202599,381314,201015,2413.523772412445,TRUE,TRUE
1228,055Y,2011,2012,36,37,36,37,381314,201015,383237,202222,2270.4136187047507,TRUE,TRUE
1229,056B,2006,2007,31,32,31,32,380649,201388,380279,201409,370.59546678285204,TRUE,TRUE
1230,056B,2007,2008,32,33,32,33,380279,201409,382399,200920,2175.6656452681327,TRUE,TRUE
1231,056B,2008,2009,33,34,33,34,382399,200920,383126,200958,727.9924450157433,TRUE,TRUE
1232,056B,2009,2010,34,35,34,35,383126,200958,383135,202599,1641.0246798875392,TRUE,TRUE
1233,056B,2010,2011,35,36,35,36,383135,202599,381314,201015,2413.523772412445,TRUE,TRUE
1234,056P,2008,2009,33,34,33,34,382399,200920,383126,200958,727.9924450157433,TRUE,TRUE
1235,056P,2009,2010,34,35,34,35,383126,200958,383135,202599,1641.0246798875392,TRUE,TRUE
1236,056W,2005,2006,30,31,30,31,382931,200706,380649,201388,2381.7321427902007,TRUE,TRUE
1237,056W,2006,2007,31,32,31,32,380649,201388,380279,201409,370.59546678285204,TRUE,TRUE
1238,056W,2007,2008,32,33,32,33,380279,201409,382399,200920,2175.6656452681327,TRUE,TRUE
1239,056W,2008,2009,33,34,33,34,382399,200920,383126,200958,727.9924450157433,TRUE,TRUE
1240,056W,2009,2010,34,35,34,35,383126,200958,383135,202599,1641.0246798875392,TRUE,TRUE
1241,056Y,2007,2008,32,33,32,33,380279,201409,382399,200920,2175.6656452681327,TRUE,TRUE
1242,056Y,2008,2009,33,34,33,34,382399,200920,383126,200958,727.9924450157433,TRUE,TRUE
1243,057B,2006,2007,31,32,31,32,380649,201388,380279,201409,370.59546678285204,TRUE,TRUE
1244,057B,2007,2008,32,33,32,33,380279,201409,382399,200920,2175.6656452681327,TRUE,TRUE
1245,057P,2008,2009,33,34,33,34,382399,200920,383126,200958,727.9924450157433,TRUE,TRUE
1246,057P,2009,2010,34,35,34,35,383126,200958,383135,202599,1641.0246798875392,TRUE,TRUE
1247,057Y,2007,2008,32,33,32,33,380279,201409,382399,200920,2175.6656452681327,TRUE,TRUE
1248,057Y,2008,2009,33,34,33,34,382399,200920,383126,200958,727.9924450157433,TRUE,TRUE
1249,057Y,2009,2010,34,35,34,35,383126,200958,383135,202599,1641.0246798875392,TRUE,TRUE
1250,057Y,2010,2011,35,36,35,36,383135,202599,381314,201015,2413.523772412445,TRUE,TRUE
1251,057Y,2011,2012,36,37,36,37,381314,201015,383237,202222,2270.4136187047507,TRUE,TRUE
1252,057Y,2012,2013,37,38,37,38,383237,202222,382076,201048,1651.119922961382,TRUE,TRUE
1253,058B,2006,2007,31,32,31,32,380649,201388,380279,201409,370.59546678285204,TRUE,TRUE
1254,058B,2007,2008,32,33,32,33,380279,201409,382399,200920,2175.6656452681327,TRUE,TRUE
1255,058R,2004,2005,29,30,29,30,382049,201493,382931,200706,1182.0714868399457,TRUE,TRUE
1256,058R,2005,2006,30,31,30,31,382931,200706,380649,201388,2381.7321427902007,TRUE,TRUE
1257,058R,2006,2007,31,32,31,32,380649,201388,380279,201409,370.59546678285204,TRUE,TRUE
1258,058R,2007,2008,32,33,32,33,380279,201409,382399,200920,2175.6656452681327,TRUE,TRUE
1259,058R,2008,2009,33,34,33,34,382399,200920,383126,200958,727.9924450157433,TRUE,TRUE
1260,058R,2009,2010,34,35,34,35,383126,200958,383135,202599,1641.0246798875392,TRUE,TRUE
1261,058R,2010,2011,35,36,35,36,383135,202599,381314,201015,2413.523772412445,TRUE,TRUE
1262,058R,2011,2012,36,37,36,37,381314,201015,383237,202222,2270.4136187047507,TRUE,TRUE
1263,058Y,2007,2008,32,33,32,33,380279,201409,382399,200920,2175.6656452681327,TRUE,TRUE
1264,058Y,2008,2009,33,34,33,34,382399,200920,383126,200958,727.9924450157433,TRUE,TRUE
1265,058Y,2009,2010,34,35,34,35,383126,200958,383135,202599,1641.0246798875392,TRUE,TRUE
1266,058Y,2010,2011,35,36,35,36,383135,202599,381314,201015,2413.523772412445,TRUE,TRUE
1267,058Y,2011,2012,36,37,36,37,381314,201015,383237,202222,2270.4136187047507,TRUE,TRUE
1268,058Y,2012,2013,37,38,37,38,383237,202222,382076,201048,1651.119922961382,TRUE,TRUE
1269,058Y,2013,2014,38,39,38,39,382076,201048,380906,200398,1338.43191832831,TRUE,TRUE
1270,059B,2006,2007,31,32,31,32,380649,201388,380279,201409,370.59546678285204,TRUE,TRUE
1271,059B,2007,2008,32,33,32,33,380279,201409,382399,200920,2175.6656452681327,TRUE,TRUE
1272,059B,2008,2009,33,34,33,34,382399,200920,383126,200958,727.9924450157433,TRUE,TRUE
1273,059B,2009,2010,34,35,34,35,383126,200958,383135,202599,1641.0246798875392,TRUE,TRUE
1274,059B,2010,2011,35,36,35,36,383135,202599,381314,201015,2413.523772412445,TRUE,TRUE
1275,059B,2011,2012,36,37,36,37,381314,201015,383237,202222,2270.4136187047507,TRUE,TRUE
1276,059R,2004,2005,29,30,29,30,382049,201493,382931,200706,1182.0714868399457,TRUE,TRUE
1277,059R,2005,2006,30,31,30,31,382931,200706,380649,201388,2381.7321427902007,TRUE,TRUE
1278,059R,2006,2007,31,32,31,32,380649,201388,380279,201409,370.59546678285204,TRUE,TRUE
1279,059Y,2007,2008,32,33,32,33,380279,201409,382399,200920,2175.6656452681327,TRUE,TRUE
1280,059Y,2008,2009,33,34,33,34,382399,200920,383126,200958,727.9924450157433,TRUE,TRUE
1281,060B,2006,2007,31,32,31,32,380649,201388,380279,201409,370.59546678285204,TRUE,TRUE
1282,060B,2007,2008,32,33,32,33,380279,201409,382399,200920,2175.6656452681327,TRUE,TRUE
1283,060B,2008,2009,33,34,33,34,382399,200920,383126,200958,727.9924450157433,TRUE,TRUE
1284,060B,2009,2010,34,35,34,35,383126,200958,383135,202599,1641.0246798875392,TRUE,TRUE
1285,060B,2010,2011,35,36,35,36,383135,202599,381314,201015,2413.523772412445,TRUE,TRUE
1286,060P,2008,2009,33,34,33,34,382399,200920,383126,200958,727.9924450157433,TRUE,TRUE
1287,060P,2009,2010,34,35,34,35,383126,200958,383135,202599,1641.0246798875392,TRUE,TRUE
1288,060P,2010,2011,35,36,35,36,383135,202599,381314,201015,2413.523772412445,TRUE,TRUE
1289,060R,2004,2005,29,30,29,30,382049,201493,382931,200706,1182.0714868399457,TRUE,TRUE
1290,060R,2005,2006,30,31,30,31,382931,200706,380649,201388,2381.7321427902007,TRUE,TRUE
1291,060R,2006,2007,31,32,31,32,380649,201388,380279,201409,370.59546678285204,TRUE,TRUE
1292,060R,2007,2008,32,33,32,33,380279,201409,382399,200920,2175.6656452681327,TRUE,TRUE
1293,060R,2008,2009,33,34,33,34,382399,200920,383126,200958,727.9924450157433,TRUE,TRUE
1294,060R,2009,2010,34,35,34,35,383126,200958,383135,202599,1641.0246798875392,TRUE,TRUE
1295,061B,2006,2007,31,32,31,32,380649,201388,380279,201409,370.59546678285204,TRUE,TRUE
1296,061B,2007,2008,32,33,32,33,380279,201409,382399,200920,2175.6656452681327,TRUE,TRUE
1297,061B,2008,2009,33,34,33,34,382399,200920,383126,200958,727.9924450157433,TRUE,TRUE
1298,061Y,2007,2008,32,33,32,33,380279,201409,382399,200920,2175.6656452681327,TRUE,TRUE
1299,061Y,2008,2009,33,34,33,34,382399,200920,383126,200958,727.9924450157433,TRUE,TRUE
1300,061Y,2009,2010,34,35,34,35,383126,200958,383135,202599,1641.0246798875392,TRUE,TRUE
1301,061Y,2010,2011,35,36,35,36,383135,202599,381314,201015,2413.523772412445,TRUE,TRUE
1302,062G,2003,2004,28,29,28,29,380834,201150,382049,201493,1262.4872276581652,TRUE,TRUE
1303,062G,2004,2005,29,30,29,30,382049,201493,382931,200706,1182.0714868399457,TRUE,TRUE
1304,062G,2005,2006,30,31,30,31,382931,200706,380649,201388,2381.7321427902007,TRUE,TRUE
1305,062G,2006,2007,31,32,31,32,380649,201388,380279,201409,370.59546678285204,TRUE,TRUE
1306,062G,2007,2008,32,33,32,33,380279,201409,382399,200920,2175.6656452681327,TRUE,TRUE
1307,062G,2008,2009,33,34,33,34,382399,200920,383126,200958,727.9924450157433,TRUE,TRUE
1308,062G,2009,2010,34,35,34,35,383126,200958,383135,202599,1641.0246798875392,TRUE,TRUE
1309,062G,2010,2011,35,36,35,36,383135,202599,381314,201015,2413.523772412445,TRUE,TRUE
1310,062G,2011,2012,36,37,36,37,381314,201015,383237,202222,2270.4136187047507,TRUE,TRUE
1311,062W,2005,2006,30,31,30,31,382931,200706,380649,201388,2381.7321427902007,TRUE,TRUE
1312,062W,2006,2007,31,32,31,32,380649,201388,380279,201409,370.59546678285204,TRUE,TRUE
1313,062W,2007,2008,32,33,32,33,380279,201409,382399,200920,2175.6656452681327,TRUE,TRUE
1314,062W,2008,2009,33,34,33,34,382399,200920,383126,200958,727.9924450157433,TRUE,TRUE
1315,062W,2009,2010,34,35,34,35,383126,200958,383135,202599,1641.0246798875392,TRUE,TRUE
1316,062W,2010,2011,35,36,35,36,383135,202599,381314,201015,2413.523772412445,TRUE,TRUE
1317,062W,2011,2012,36,37,36,37,381314,201015,383237,202222,2270.4136187047507,TRUE,TRUE
1318,062W,2012,2013,37,38,37,38,383237,202222,382076,201048,1651.119922961382,TRUE,TRUE
1319,062W,2013,2014,38,39,38,39,382076,201048,380906,200398,1338.43191832831,TRUE,TRUE
1320,062W,2014,2015,39,40,39,40,380906,200398,381314,201301,990.8950499422227,TRUE,TRUE
1321,062W,2015,2016,40,41,40,41,381314,201301,380936,199687,1657.6730678876338,TRUE,TRUE
1322,063R,2004,2005,29,30,29,30,382049,201493,382931,200706,1182.0714868399457,TRUE,TRUE
1323,063R,2005,2006,30,31,30,31,382931,200706,380649,201388,2381.7321427902007,TRUE,TRUE
1324,063W,2005,2006,30,31,30,31,382931,200706,380649,201388,2381.7321427902007,TRUE,TRUE
1325,063W,2006,2007,31,32,31,32,380649,201388,380279,201409,370.59546678285204,TRUE,TRUE
1326,063W,2007,2008,32,33,32,33,380279,201409,382399,200920,2175.6656452681327,TRUE,TRUE
1327,063W,2008,2009,33,34,33,34,382399,200920,383126,200958,727.9924450157433,TRUE,TRUE
1328,063W,2009,2010,34,35,34,35,383126,200958,383135,202599,1641.0246798875392,TRUE,TRUE
1329,063W,2010,2011,35,36,35,36,383135,202599,381314,201015,2413.523772412445,TRUE,TRUE
1330,063W,2011,2012,36,37,36,37,381314,201015,383237,202222,2270.4136187047507,TRUE,TRUE
1331,063W,2012,2013,37,38,37,38,383237,202222,382076,201048,1651.119922961382,TRUE,TRUE
1332,063W,2013,2014,38,39,38,39,382076,201048,380906,200398,1338.43191832831,TRUE,TRUE
1333,063Y,2007,2008,32,33,32,33,380279,201409,382399,200920,2175.6656452681327,TRUE,TRUE
1334,063Y,2008,2009,33,34,33,34,382399,200920,383126,200958,727.9924450157433,TRUE,TRUE
1335,063Y,2009,2010,34,35,34,35,383126,200958,383135,202599,1641.0246798875392,TRUE,TRUE
1336,063Y,2010,2011,35,36,35,36,383135,202599,381314,201015,2413.523772412445,TRUE,TRUE
1337,063Y,2011,2012,36,37,36,37,381314,201015,383237,202222,2270.4136187047507,TRUE,TRUE
1338,063Y,2012,2013,37,38,37,38,383237,202222,382076,201048,1651.119922961382,TRUE,TRUE
1339,063Y,2013,2014,38,39,38,39,382076,201048,380906,200398,1338.43191832831,TRUE,TRUE
1340,063Y,2014,2015,39,40,39,40,380906,200398,381314,201301,990.8950499422227,TRUE,TRUE
1341,063Y,2015,2016,40,41,40,41,381314,201301,380936,199687,1657.6730678876338,TRUE,TRUE
1342,063Y,2016,2017,41,42,41,42,380936,199687,382786,200771,2144.191222815726,TRUE,TRUE
1343,064G,2003,2004,28,29,28,29,380834,201150,382049,201493,1262.4872276581652,TRUE,TRUE
1344,064G,2004,2005,29,30,29,30,382049,201493,382931,200706,1182.0714868399457,TRUE,TRUE
1345,064P,2008,2009,33,34,33,34,382399,200920,383126,200958,727.9924450157433,TRUE,TRUE
1346,064P,2009,2010,34,35,34,35,383126,200958,383135,202599,1641.0246798875392,TRUE,TRUE
1347,064P,2010,2011,35,36,35,36,383135,202599,381314,201015,2413.523772412445,TRUE,TRUE
1348,064W,2005,2006,30,31,30,31,382931,200706,380649,201388,2381.7321427902007,TRUE,TRUE
1349,064W,2006,2007,31,32,31,32,380649,201388,380279,201409,370.59546678285204,TRUE,TRUE
1350,064Y,2007,2008,32,33,32,33,380279,201409,382399,200920,2175.6656452681327,TRUE,TRUE
1351,064Y,2008,2009,33,34,33,34,382399,200920,383126,200958,727.9924450157433,TRUE,TRUE
1352,065B,2006,2007,31,32,31,32,380649,201388,380279,201409,370.59546678285204,TRUE,TRUE
1353,065B,2007,2008,32,33,32,33,380279,201409,382399,200920,2175.6656452681327,TRUE,TRUE
1354,065B,2008,2009,33,34,33,34,382399,200920,383126,200958,727.9924450157433,TRUE,TRUE
1355,065B,2009,2010,34,35,34,35,383126,200958,383135,202599,1641.0246798875392,TRUE,TRUE
1356,065B,2010,2011,35,36,35,36,383135,202599,381314,201015,2413.523772412445,TRUE,TRUE
1357,065W,2005,2006,30,31,30,31,382931,200706,380649,201388,2381.7321427902007,TRUE,TRUE
1358,065W,2006,2007,31,32,31,32,380649,201388,380279,201409,370.59546678285204,TRUE,TRUE
1359,065W,2007,2008,32,33,32,33,380279,201409,382399,200920,2175.6656452681327,TRUE,TRUE
1360,065W,2008,2009,33,34,33,34,382399,200920,383126,200958,727.9924450157433,TRUE,TRUE
1361,065Y,2007,2008,32,33,32,33,380279,201409,382399,200920,2175.6656452681327,TRUE,TRUE
1362,065Y,2008,2009,33,34,33,34,382399,200920,383126,200958,727.9924450157433,TRUE,TRUE
1363,065Y,2009,2010,34,35,34,35,383126,200958,383135,202599,1641.0246798875392,TRUE,TRUE
1364,065Y,2010,2011,35,36,35,36,383135,202599,381314,201015,2413.523772412445,TRUE,TRUE
1365,066B,2006,2007,31,32,31,32,380649,201388,380279,201409,370.59546678285204,TRUE,TRUE
1366,066B,2007,2008,32,33,32,33,380279,201409,382399,200920,2175.6656452681327,TRUE,TRUE
1367,066B,2008,2009,33,34,33,34,382399,200920,383126,200958,727.9924450157433,TRUE,TRUE
1368,066B,2009,2010,34,35,34,35,383126,200958,383135,202599,1641.0246798875392,TRUE,TRUE
1369,066B,2010,2011,35,36,35,36,383135,202599,381314,201015,2413.523772412445,TRUE,TRUE
1370,066B,2011,2012,36,37,36,37,381314,201015,383237,202222,2270.4136187047507,TRUE,TRUE
1371,066R,2004,2005,29,30,29,30,382049,201493,382931,200706,1182.0714868399457,TRUE,TRUE
1372,066R,2005,2006,30,31,30,31,382931,200706,380649,201388,2381.7321427902007,TRUE,TRUE
1373,066R,2006,2007,31,32,31,32,380649,201388,380279,201409,370.59546678285204,TRUE,TRUE
1374,066R,2007,2008,32,33,32,33,380279,201409,382399,200920,2175.6656452681327,TRUE,TRUE
1375,066R,2008,2009,33,34,33,34,382399,200920,383126,200958,727.9924450157433,TRUE,TRUE
1376,066R,2009,2010,34,35,34,35,383126,200958,383135,202599,1641.0246798875392,TRUE,TRUE
1377,066R,2010,2011,35,36,35,36,383135,202599,381314,201015,2413.523772412445,TRUE,TRUE
1378,066R,2011,2012,36,37,36,37,381314,201015,383237,202222,2270.4136187047507,TRUE,TRUE
1379,066R,2012,2013,37,38,37,38,383237,202222,382076,201048,1651.119922961382,TRUE,TRUE
1380,066W,2005,2006,30,31,30,31,382931,200706,380649,201388,2381.7321427902007,TRUE,TRUE
1381,066W,2006,2007,31,32,31,32,380649,201388,380279,201409,370.59546678285204,TRUE,TRUE
1382,067P,2008,2009,33,34,33,34,382399,200920,383126,200958,727.9924450157433,TRUE,TRUE
1383,067P,2009,2010,34,35,34,35,383126,200958,383135,202599,1641.0246798875392,TRUE,TRUE
1384,067P,2010,2011,35,36,35,36,383135,202599,381314,201015,2413.523772412445,TRUE,TRUE
1385,067P,2011,2012,36,37,36,37,381314,201015,383237,202222,2270.4136187047507,TRUE,TRUE
1386,067P,2012,2013,37,38,37,38,383237,202222,382076,201048,1651.119922961382,TRUE,TRUE
1387,067R,2004,2005,29,30,29,30,382049,201493,382931,200706,1182.0714868399457,TRUE,TRUE
1388,067R,2005,2006,30,31,30,31,382931,200706,380649,201388,2381.7321427902007,TRUE,TRUE
1389,067R,2006,2007,31,32,31,32,380649,201388,380279,201409,370.59546678285204,TRUE,TRUE
1390,067R,2007,2008,32,33,32,33,380279,201409,382399,200920,2175.6656452681327,TRUE,TRUE
1391,067W,2005,2006,30,31,30,31,382931,200706,380649,201388,2381.7321427902007,TRUE,TRUE
1392,067W,2006,2007,31,32,31,32,380649,201388,380279,201409,370.59546678285204,TRUE,TRUE
1393,067W,2007,2008,32,33,32,33,380279,201409,382399,200920,2175.6656452681327,TRUE,TRUE
1394,067Y,2007,2008,32,33,32,33,380279,201409,382399,200920,2175.6656452681327,TRUE,TRUE
1395,067Y,2008,2009,33,34,33,34,382399,200920,383126,200958,727.9924450157433,TRUE,TRUE
1396,067Y,2009,2010,34,35,34,35,383126,200958,383135,202599,1641.0246798875392,TRUE,TRUE
1397,067Y,2010,2011,35,36,35,36,383135,202599,381314,201015,2413.523772412445,TRUE,TRUE
1398,067Y,2011,2012,36,37,36,37,381314,201015,383237,202222,2270.4136187047507,TRUE,TRUE
1399,069P,2008,2009,33,34,33,34,382399,200920,383126,200958,727.9924450157433,TRUE,TRUE
1400,069P,2009,2010,34,35,34,35,383126,200958,383135,202599,1641.0246798875392,TRUE,TRUE
1401,069P,2010,2011,35,36,35,36,383135,202599,381314,201015,2413.523772412445,TRUE,TRUE
1402,069P,2011,2012,36,37,36,37,381314,201015,383237,202222,2270.4136187047507,TRUE,TRUE
1403,069P,2012,2013,37,38,37,38,383237,202222,382076,201048,1651.119922961382,TRUE,TRUE
1404,069P,2013,2014,38,39,38,39,382076,201048,380906,200398,1338.43191832831,TRUE,TRUE
1405,069P,2014,2015,39,40,39,40,380906,200398,381314,201301,990.8950499422227,TRUE,TRUE
1406,069R,2004,2005,29,30,29,30,382049,201493,382931,200706,1182.0714868399457,TRUE,TRUE
1407,069R,2005,2006,30,31,30,31,382931,200706,380649,201388,2381.7321427902007,TRUE,TRUE
1408,069R,2006,2007,31,32,31,32,380649,201388,380279,201409,370.59546678285204,TRUE,TRUE
1409,069R,2007,2008,32,33,32,33,380279,201409,382399,200920,2175.6656452681327,TRUE,TRUE
1410,069R,2008,2009,33,34,33,34,382399,200920,383126,200958,727.9924450157433,TRUE,TRUE
1411,069R,2009,2010,34,35,34,35,383126,200958,383135,202599,1641.0246798875392,TRUE,TRUE
1412,069R,2010,2011,35,36,35,36,383135,202599,381314,201015,2413.523772412445,TRUE,TRUE
1413,069R,2011,2012,36,37,36,37,381314,201015,383237,202222,2270.4136187047507,TRUE,TRUE
1414,069R,2012,2013,37,38,37,38,383237,202222,382076,201048,1651.119922961382,TRUE,TRUE
1415,069W,2005,2006,30,31,30,31,382931,200706,380649,201388,2381.7321427902007,TRUE,TRUE
1416,069W,2006,2007,31,32,31,32,380649,201388,380279,201409,370.59546678285204,TRUE,TRUE
1417,069W,2007,2008,32,33,32,33,380279,201409,382399,200920,2175.6656452681327,TRUE,TRUE
1418,069W,2008,2009,33,34,33,34,382399,200920,383126,200958,727.9924450157433,TRUE,TRUE
1419,070P,2008,2009,33,34,33,34,382399,200920,383126,200958,727.9924450157433,TRUE,TRUE
1420,070P,2009,2010,34,35,34,35,383126,200958,383135,202599,1641.0246798875392,TRUE,TRUE
1421,070P,2010,2011,35,36,35,36,383135,202599,381314,201015,2413.523772412445,TRUE,TRUE
1422,070P,2011,2012,36,37,36,37,381314,201015,383237,202222,2270.4136187047507,TRUE,TRUE
1423,070P,2012,2013,37,38,37,38,383237,202222,382076,201048,1651.119922961382,TRUE,TRUE
1424,070P,2013,2014,38,39,38,39,382076,201048,380906,200398,1338.43191832831,TRUE,TRUE
1425,070P,2014,2015,39,40,39,40,380906,200398,381314,201301,990.8950499422227,TRUE,TRUE
1426,070P,2015,2016,40,41,40,41,381314,201301,380936,199687,1657.6730678876338,TRUE,TRUE
1427,070P,2016,2017,41,42,41,42,380936,199687,382786,200771,2144.191222815726,TRUE,TRUE
1428,070P,2017,2018,42,43,42,43,382786,200771,381016,201635,1969.6182371210925,TRUE,TRUE
1429,070P,2018,2019,43,44,43,44,381016,201635,382420,201405,1422.7143072310757,TRUE,TRUE
1430,070P,2019,2020,44,45,44,45,382420,201405,380583,201265,1842.3270610833463,TRUE,TRUE
1431,070P,2020,2021,45,46,45,46,380583,201265,382734,202283,2379.7321277824526,TRUE,TRUE
1432,070Y,2007,2008,32,33,32,33,380279,201409,382399,200920,2175.6656452681327,TRUE,TRUE
1433,070Y,2008,2009,33,34,33,34,382399,200920,383126,200958,727.9924450157433,TRUE,TRUE
1434,070Y,2009,2010,34,35,34,35,383126,200958,383135,202599,1641.0246798875392,TRUE,TRUE
1435,071R,2004,2005,29,30,29,30,382049,201493,382931,200706,1182.0714868399457,TRUE,TRUE
1436,071R,2005,2006,30,31,30,31,382931,200706,380649,201388,2381.7321427902007,TRUE,TRUE
1437,071R,2006,2007,31,32,31,32,380649,201388,380279,201409,370.59546678285204,TRUE,TRUE
1438,071R,2007,2008,32,33,32,33,380279,201409,382399,200920,2175.6656452681327,TRUE,TRUE
1439,072W,2005,2006,30,31,30,31,382931,200706,380649,201388,2381.7321427902007,TRUE,TRUE
1440,072W,2006,2007,31,32,31,32,380649,201388,380279,201409,370.59546678285204,TRUE,TRUE
1441,073R,2004,2005,29,30,29,30,382049,201493,382931,200706,1182.0714868399457,TRUE,TRUE
1442,073R,2005,2006,30,31,30,31,382931,200706,380649,201388,2381.7321427902007,TRUE,TRUE
1443,076R,2004,2005,29,30,29,30,382049,201493,382931,200706,1182.0714868399457,TRUE,TRUE
1444,076R,2005,2006,30,31,30,31,382931,200706,380649,201388,2381.7321427902007,TRUE,TRUE
1445,076R,2006,2007,31,32,31,32,380649,201388,380279,201409,370.59546678285204,TRUE,TRUE
1446,077W,2005,2006,30,31,30,31,382931,200706,380649,201388,2381.7321427902007,TRUE,TRUE
1447,077W,2006,2007,31,32,31,32,380649,201388,380279,201409,370.59546678285204,TRUE,TRUE
1448,077W,2007,2008,32,33,32,33,380279,201409,382399,200920,2175.6656452681327,TRUE,TRUE
1449,077W,2008,2009,33,34,33,34,382399,200920,383126,200958,727.9924450157433,TRUE,TRUE
1450,077W,2009,2010,34,35,34,35,383126,200958,383135,202599,1641.0246798875392,TRUE,TRUE
1451,080W,2005,2006,30,31,30,31,382931,200706,380649,201388,2381.7321427902007,TRUE,TRUE
1452,080W,2006,2007,31,32,31,32,380649,201388,380279,201409,370.59546678285204,TRUE,TRUE
1453,081W,2005,2006,30,31,30,31,382931,200706,380649,201388,2381.7321427902007,TRUE,TRUE
1454,081W,2006,2007,31,32,31,32,380649,201388,380279,201409,370.59546678285204,TRUE,TRUE
1455,081W,2007,2008,32,33,32,33,380279,201409,382399,200920,2175.6656452681327,TRUE,TRUE
1456,081W,2008,2009,33,34,33,34,382399,200920,383126,200958,727.9924450157433,TRUE,TRUE
1457,081W,2009,2010,34,35,34,35,383126,200958,383135,202599,1641.0246798875392,TRUE,TRUE
1458,081W,2010,2011,35,36,35,36,383135,202599,381314,201015,2413.523772412445,TRUE,TRUE
1459,082W,2005,2006,30,31,30,31,382931,200706,380649,201388,2381.7321427902007,TRUE,TRUE
1460,082W,2006,2007,31,32,31,32,380649,201388,380279,201409,370.59546678285204,TRUE,TRUE
1461,082W,2007,2008,32,33,32,33,380279,201409,382399,200920,2175.6656452681327,TRUE,TRUE
1462,082W,2008,2009,33,34,33,34,382399,200920,383126,200958,727.9924450157433,TRUE,TRUE
1463,082W,2009,2010,34,35,34,35,383126,200958,383135,202599,1641.0246798875392,TRUE,TRUE
1464,082W,2010,2011,35,36,35,36,383135,202599,381314,201015,2413.523772412445,TRUE,TRUE
1465,082W,2011,2012,36,37,36,37,381314,201015,383237,202222,2270.4136187047507,TRUE,TRUE
1466,089W,2005,2006,30,31,30,31,382931,200706,380649,201388,2381.7321427902007,TRUE,TRUE
1467,089W,2006,2007,31,32,31,32,380649,201388,380279,201409,370.59546678285204,TRUE,TRUE
1468,089W,2007,2008,32,33,32,33,380279,201409,382399,200920,2175.6656452681327,TRUE,TRUE
1469,093W,2005,2006,30,31,30,31,382931,200706,380649,201388,2381.7321427902007,TRUE,TRUE
1470,093W,2006,2007,31,32,31,32,380649,201388,380279,201409,370.59546678285204,TRUE,TRUE
1471,094W,2005,2006,30,31,30,31,382931,200706,380649,201388,2381.7321427902007,TRUE,TRUE
1472,094W,2006,2007,31,32,31,32,380649,201388,380279,201409,370.59546678285204,TRUE,TRUE
1473,096W,2005,2006,30,31,30,31,382931,200706,380649,201388,2381.7321427902007,TRUE,TRUE
1474,096W,2006,2007,31,32,31,32,380649,201388,380279,201409,370.59546678285204,TRUE,TRUE
1475,096W,2007,2008,32,33,32,33,380279,201409,382399,200920,2175.6656452681327,TRUE,TRUE
1476,096W,2008,2009,33,34,33,34,382399,200920,383126,200958,727.9924450157433,TRUE,TRUE
1477,097W,2005,2006,30,31,30,31,382931,200706,380649,201388,2381.7321427902007,TRUE,TRUE
1478,097W,2006,2007,31,32,31,32,380649,201388,380279,201409,370.59546678285204,TRUE,TRUE
1479,097W,2007,2008,32,33,32,33,380279,201409,382399,200920,2175.6656452681327,TRUE,TRUE
1480,098W,2005,2006,30,31,30,31,382931,200706,380649,201388,2381.7321427902007,TRUE,TRUE
1481,098W,2006,2007,31,32,31,32,380649,201388,380279,201409,370.59546678285204,TRUE,TRUE
1482,099W,2005,2006,30,31,30,31,382931,200706,380649,201388,2381.7321427902007,TRUE,TRUE
1483,099W,2006,2007,31,32,31,32,380649,201388,380279,201409,370.59546678285204,TRUE,TRUE
1484,101W,2005,2006,30,31,30,31,382931,200706,380649,201388,2381.7321427902007,TRUE,TRUE
1485,101W,2006,2007,31,32,31,32,380649,201388,380279,201409,370.59546678285204,TRUE,TRUE
1486,101W,2007,2008,32,33,32,33,380279,201409,382399,200920,2175.6656452681327,TRUE,TRUE
1487,101W,2008,2009,33,34,33,34,382399,200920,383126,200958,727.9924450157433,TRUE,TRUE
1488,103W,2005,2006,30,31,30,31,382931,200706,380649,201388,2381.7321427902007,TRUE,TRUE
1489,103W,2006,2007,31,32,31,32,380649,201388,380279,201409,370.59546678285204,TRUE,TRUE
1490,103W,2007,2008,32,33,32,33,380279,201409,382399,200920,2175.6656452681327,TRUE,TRUE
1491,103W,2008,2009,33,34,33,34,382399,200920,383126,200958,727.9924450157433,TRUE,TRUE
1492,103W,2009,2010,34,35,34,35,383126,200958,383135,202599,1641.0246798875392,TRUE,TRUE
1493,103W,2010,2011,35,36,35,36,383135,202599,381314,201015,2413.523772412445,TRUE,TRUE
1494,104W,2005,2006,30,31,30,31,382931,200706,380649,201388,2381.7321427902007,TRUE,TRUE
1495,104W,2006,2007,31,32,31,32,380649,201388,380279,201409,370.59546678285204,TRUE,TRUE
1496,104W,2007,2008,32,33,32,33,380279,201409,382399,200920,2175.6656452681327,TRUE,TRUE
1497,104W,2008,2009,33,34,33,34,382399,200920,383126,200958,727.9924450157433,TRUE,TRUE
1498,A002,1989,1990,14,15,14,15,380597,201427,381241,201774,731.5360551606462,TRUE,TRUE
1499,A002,1990,1991,15,16,15,16,381241,201774,381157,201365,417.53682472328114,TRUE,TRUE
1500,A002,1991,1992,16,17,16,17,381157,201365,380625,200466,1044.6171547509643,TRUE,TRUE
1501,A002,1992,1993,17,18,17,18,380625,200466,381370,201620,1373.5869102463084,TRUE,TRUE
1502,A002,1993,1994,18,19,18,19,381370,201620,379874,201435,1507.3954358428978,TRUE,TRUE
1503,A002,1994,1995,19,20,19,20,379874,201435,381230,201693,1380.3260484392808,TRUE,TRUE
1504,A002,1995,1996,20,21,20,21,381230,201693,383675,202710,2648.077415786782,TRUE,TRUE
1505,A002,1996,1997,21,22,21,22,383675,202710,380707,200454,3728.0772524184636,TRUE,TRUE
1506,A002,1997,1998,22,23,22,23,380707,200454,379814,201477,1357.931515209806,TRUE,TRUE
1507,A002,1998,1999,23,24,23,24,379814,201477,380580,201391,770.8125582785999,TRUE,TRUE
1508,A003,1989,1990,14,15,14,15,380597,201427,381241,201774,731.5360551606462,TRUE,TRUE
1509,A003,1990,1991,15,16,15,16,381241,201774,381157,201365,417.53682472328114,TRUE,TRUE
1510,A003,1991,1992,16,17,16,17,381157,201365,380625,200466,1044.6171547509643,TRUE,TRUE
1511,A003,1992,1993,17,18,17,18,380625,200466,381370,201620,1373.5869102463084,TRUE,TRUE
1512,A003,1993,1994,18,19,18,19,381370,201620,379874,201435,1507.3954358428978,TRUE,TRUE
1513,A007,1989,1990,14,15,14,15,380597,201427,381241,201774,731.5360551606462,TRUE,TRUE
1514,A007,1990,1991,15,16,15,16,381241,201774,381157,201365,417.53682472328114,TRUE,TRUE
1515,A007,1991,1992,16,17,16,17,381157,201365,380625,200466,1044.6171547509643,TRUE,TRUE
1516,A007,1992,1993,17,18,17,18,380625,200466,381370,201620,1373.5869102463084,TRUE,TRUE
1517,A007,1993,1994,18,19,18,19,381370,201620,379874,201435,1507.3954358428978,TRUE,TRUE
1518,A011,1989,1990,14,15,14,15,380597,201427,381241,201774,731.5360551606462,TRUE,TRUE
1519,A011,1990,1991,15,16,15,16,381241,201774,381157,201365,417.53682472328114,TRUE,TRUE
1520,A014,1989,1990,14,15,14,15,380597,201427,381241,201774,731.5360551606462,TRUE,TRUE
1521,A014,1990,1991,15,16,15,16,381241,201774,381157,201365,417.53682472328114,TRUE,TRUE
1522,A014,1991,1992,16,17,16,17,381157,201365,380625,200466,1044.6171547509643,TRUE,TRUE
1523,A014,1992,1993,17,18,17,18,380625,200466,381370,201620,1373.5869102463084,TRUE,TRUE
1524,A021,1989,1990,14,15,14,15,380597,201427,381241,201774,731.5360551606462,TRUE,TRUE
1525,A021,1990,1991,15,16,15,16,381241,201774,381157,201365,417.53682472328114,TRUE,TRUE
1526,A021,1991,1992,16,17,16,17,381157,201365,380625,200466,1044.6171547509643,TRUE,TRUE
1527,A021,1992,1993,17,18,17,18,380625,200466,381370,201620,1373.5869102463084,TRUE,TRUE
1528,A030,1989,1990,14,15,14,15,380597,201427,381241,201774,731.5360551606462,TRUE,TRUE
1529,A030,1990,1991,15,16,15,16,381241,201774,381157,201365,417.53682472328114,TRUE,TRUE
1530,A037,1989,1990,14,15,14,15,380597,201427,381241,201774,731.5360551606462,TRUE,TRUE
1531,A037,1990,1991,15,16,15,16,381241,201774,381157,201365,417.53682472328114,TRUE,TRUE
1532,A037,1991,1992,16,17,16,17,381157,201365,380625,200466,1044.6171547509643,TRUE,TRUE
1533,A037,1992,1993,17,18,17,18,380625,200466,381370,201620,1373.5869102463084,TRUE,TRUE
1534,A037,1993,1994,18,19,18,19,381370,201620,379874,201435,1507.3954358428978,TRUE,TRUE
1535,A037,1994,1995,19,20,19,20,379874,201435,381230,201693,1380.3260484392808,TRUE,TRUE
1536,A037,1995,1996,20,21,20,21,381230,201693,383675,202710,2648.077415786782,TRUE,TRUE
1537,A038,1989,1990,14,15,14,15,380597,201427,381241,201774,731.5360551606462,TRUE,TRUE
1538,A038,1990,1991,15,16,15,16,381241,201774,381157,201365,417.53682472328114,TRUE,TRUE
1539,A038,1991,1992,16,17,16,17,381157,201365,380625,200466,1044.6171547509643,TRUE,TRUE
1540,A039,1989,1990,14,15,14,15,380597,201427,381241,201774,731.5360551606462,TRUE,TRUE
1541,A039,1990,1991,15,16,15,16,381241,201774,381157,201365,417.53682472328114,TRUE,TRUE
1542,A039,1991,1992,16,17,16,17,381157,201365,380625,200466,1044.6171547509643,TRUE,TRUE
1543,A041,1989,1990,14,15,14,15,380597,201427,381241,201774,731.5360551606462,TRUE,TRUE
1544,A041,1990,1991,15,16,15,16,381241,201774,381157,201365,417.53682472328114,TRUE,TRUE
1545,A041,1991,1992,16,17,16,17,381157,201365,380625,200466,1044.6171547509643,TRUE,TRUE
1546,A041,1992,1993,17,18,17,18,380625,200466,381370,201620,1373.5869102463084,TRUE,TRUE
1547,A042,1989,1990,14,15,14,15,380597,201427,381241,201774,731.5360551606462,TRUE,TRUE
1548,A042,1990,1991,15,16,15,16,381241,201774,381157,201365,417.53682472328114,TRUE,TRUE
1549,A042,1991,1992,16,17,16,17,381157,201365,380625,200466,1044.6171547509643,TRUE,TRUE
1550,A042,1992,1993,17,18,17,18,380625,200466,381370,201620,1373.5869102463084,TRUE,TRUE
1551,A042,1993,1994,18,19,18,19,381370,201620,379874,201435,1507.3954358428978,TRUE,TRUE
1552,A042,1994,1995,19,20,19,20,379874,201435,381230,201693,1380.3260484392808,TRUE,TRUE
1553,A045,1989,1990,14,15,14,15,380597,201427,381241,201774,731.5360551606462,TRUE,TRUE
1554,A045,1990,1991,15,16,15,16,381241,201774,381157,201365,417.53682472328114,TRUE,TRUE
1555,A046,1989,1990,14,15,14,15,380597,201427,381241,201774,731.5360551606462,TRUE,TRUE
1556,A046,1990,1991,15,16,15,16,381241,201774,381157,201365,417.53682472328114,TRUE,TRUE
1557,A047,1989,1990,14,15,14,15,380597,201427,381241,201774,731.5360551606462,TRUE,TRUE
1558,A047,1990,1991,15,16,15,16,381241,201774,381157,201365,417.53682472328114,TRUE,TRUE
1559,A047,1991,1992,16,17,16,17,381157,201365,380625,200466,1044.6171547509643,TRUE,TRUE
1560,A049,1989,1990,14,15,14,15,380597,201427,381241,201774,731.5360551606462,TRUE,TRUE
1561,A049,1990,1991,15,16,15,16,381241,201774,381157,201365,417.53682472328114,TRUE,TRUE
1562,A049,1991,1992,16,17,16,17,381157,201365,380625,200466,1044.6171547509643,TRUE,TRUE
1563,A049,1992,1993,17,18,17,18,380625,200466,381370,201620,1373.5869102463084,TRUE,TRUE
1564,A049,1993,1994,18,19,18,19,381370,201620,379874,201435,1507.3954358428978,TRUE,TRUE
1565,A049,1994,1995,19,20,19,20,379874,201435,381230,201693,1380.3260484392808,TRUE,TRUE
1566,A049,1995,1996,20,21,20,21,381230,201693,383675,202710,2648.077415786782,TRUE,TRUE
1567,A051,1989,1990,14,15,14,15,380597,201427,381241,201774,731.5360551606462,TRUE,TRUE
1568,A051,1990,1991,15,16,15,16,381241,201774,381157,201365,417.53682472328114,TRUE,TRUE
1569,A051,1991,1992,16,17,16,17,381157,201365,380625,200466,1044.6171547509643,TRUE,TRUE
1570,A051,1992,1993,17,18,17,18,380625,200466,381370,201620,1373.5869102463084,TRUE,TRUE
1571,A051,1993,1994,18,19,18,19,381370,201620,379874,201435,1507.3954358428978,TRUE,TRUE
1572,A051,1994,1995,19,20,19,20,379874,201435,381230,201693,1380.3260484392808,TRUE,TRUE
1573,A051,1995,1996,20,21,20,21,381230,201693,383675,202710,2648.077415786782,TRUE,TRUE
1574,A051,1996,1997,21,22,21,22,383675,202710,380707,200454,3728.0772524184636,TRUE,TRUE
1575,A051,1997,1998,22,23,22,23,380707,200454,379814,201477,1357.931515209806,TRUE,TRUE
1576,A051,1998,1999,23,24,23,24,379814,201477,380580,201391,770.8125582785999,TRUE,TRUE
1577,A051,1999,2000,24,25,24,25,380580,201391,381022,201589,484.3222068003903,TRUE,TRUE
1578,A052,1989,1990,14,15,14,15,380597,201427,381241,201774,731.5360551606462,TRUE,TRUE
1579,A052,1990,1991,15,16,15,16,381241,201774,381157,201365,417.53682472328114,TRUE,TRUE
1580,A053,1989,1990,14,15,14,15,380597,201427,381241,201774,731.5360551606462,TRUE,TRUE
1581,A053,1990,1991,15,16,15,16,381241,201774,381157,201365,417.53682472328114,TRUE,TRUE
1582,A054,1989,1990,14,15,14,15,380597,201427,381241,201774,731.5360551606462,TRUE,TRUE
1583,A054,1990,1991,15,16,15,16,381241,201774,381157,201365,417.53682472328114,TRUE,TRUE
1584,A054,1991,1992,16,17,16,17,381157,201365,380625,200466,1044.6171547509643,TRUE,TRUE
1585,A054,1992,1993,17,18,17,18,380625,200466,381370,201620,1373.5869102463084,TRUE,TRUE
1586,A054,1993,1994,18,19,18,19,381370,201620,379874,201435,1507.3954358428978,TRUE,TRUE
1587,A054,1994,1995,19,20,19,20,379874,201435,381230,201693,1380.3260484392808,TRUE,TRUE
1588,A054,1995,1996,20,21,20,21,381230,201693,383675,202710,2648.077415786782,TRUE,TRUE
1589,A055,1989,1990,14,15,14,15,380597,201427,381241,201774,731.5360551606462,TRUE,TRUE
1590,A055,1990,1991,15,16,15,16,381241,201774,381157,201365,417.53682472328114,TRUE,TRUE
1591,A056,1989,1990,14,15,14,15,380597,201427,381241,201774,731.5360551606462,TRUE,TRUE
1592,A056,1990,1991,15,16,15,16,381241,201774,381157,201365,417.53682472328114,TRUE,TRUE
1593,A056,1991,1992,16,17,16,17,381157,201365,380625,200466,1044.6171547509643,TRUE,TRUE
1594,A056,1992,1993,17,18,17,18,380625,200466,381370,201620,1373.5869102463084,TRUE,TRUE
1595,A056,1993,1994,18,19,18,19,381370,201620,379874,201435,1507.3954358428978,TRUE,TRUE
1596,A057,1989,1990,14,15,14,15,380597,201427,381241,201774,731.5360551606462,TRUE,TRUE
1597,A057,1990,1991,15,16,15,16,381241,201774,381157,201365,417.53682472328114,TRUE,TRUE
1598,A057,1991,1992,16,17,16,17,381157,201365,380625,200466,1044.6171547509643,TRUE,TRUE
1599,A057,1992,1993,17,18,17,18,380625,200466,381370,201620,1373.5869102463084,TRUE,TRUE
1600,A057,1993,1994,18,19,18,19,381370,201620,379874,201435,1507.3954358428978,TRUE,TRUE
1601,A058,1989,1990,14,15,14,15,380597,201427,381241,201774,731.5360551606462,TRUE,TRUE
1602,A058,1990,1991,15,16,15,16,381241,201774,381157,201365,417.53682472328114,TRUE,TRUE
1603,A058,1991,1992,16,17,16,17,381157,201365,380625,200466,1044.6171547509643,TRUE,TRUE
1604,A059,1989,1990,14,15,14,15,380597,201427,381241,201774,731.5360551606462,TRUE,TRUE
1605,A059,1990,1991,15,16,15,16,381241,201774,381157,201365,417.53682472328114,TRUE,TRUE
1606,A062,1989,1990,14,15,14,15,380597,201427,381241,201774,731.5360551606462,TRUE,TRUE
1607,A062,1990,1991,15,16,15,16,381241,201774,381157,201365,417.53682472328114,TRUE,TRUE
1608,A062,1991,1992,16,17,16,17,381157,201365,380625,200466,1044.6171547509643,TRUE,TRUE
1609,A062,1992,1993,17,18,17,18,380625,200466,381370,201620,1373.5869102463084,TRUE,TRUE
1610,A064,1989,1990,14,15,14,15,380597,201427,381241,201774,731.5360551606462,TRUE,TRUE
1611,A064,1990,1991,15,16,15,16,381241,201774,381157,201365,417.53682472328114,TRUE,TRUE
1612,A064,1991,1992,16,17,16,17,381157,201365,380625,200466,1044.6171547509643,TRUE,TRUE
1613,A064,1992,1993,17,18,17,18,380625,200466,381370,201620,1373.5869102463084,TRUE,TRUE
1614,A064,1993,1994,18,19,18,19,381370,201620,379874,201435,1507.3954358428978,TRUE,TRUE
1615,A066,1989,1990,14,15,14,15,380597,201427,381241,201774,731.5360551606462,TRUE,TRUE
1616,A066,1990,1991,15,16,15,16,381241,201774,381157,201365,417.53682472328114,TRUE,TRUE
1617,A068,1989,1990,14,15,14,15,380597,201427,381241,201774,731.5360551606462,TRUE,TRUE
1618,A068,1990,1991,15,16,15,16,381241,201774,381157,201365,417.53682472328114,TRUE,TRUE
1619,A068,1991,1992,16,17,16,17,381157,201365,380625,200466,1044.6171547509643,TRUE,TRUE
1620,A068,1992,1993,17,18,17,18,380625,200466,381370,201620,1373.5869102463084,TRUE,TRUE
1621,A068,1993,1994,18,19,18,19,381370,201620,379874,201435,1507.3954358428978,TRUE,TRUE
1622,A073,1989,1990,14,15,14,15,380597,201427,381241,201774,731.5360551606462,TRUE,TRUE
1623,A073,1990,1991,15,16,15,16,381241,201774,381157,201365,417.53682472328114,TRUE,TRUE
1624,A073,1991,1992,16,17,16,17,381157,201365,380625,200466,1044.6171547509643,TRUE,TRUE
1625,A073,1992,1993,17,18,17,18,380625,200466,381370,201620,1373.5869102463084,TRUE,TRUE
1626,A074,1989,1990,14,15,14,15,380597,201427,381241,201774,731.5360551606462,TRUE,TRUE
1627,A074,1990,1991,15,16,15,16,381241,201774,381157,201365,417.53682472328114,TRUE,TRUE
1628,A074,1991,1992,16,17,16,17,381157,201365,380625,200466,1044.6171547509643,TRUE,TRUE
1629,A074,1992,1993,17,18,17,18,380625,200466,381370,201620,1373.5869102463084,TRUE,TRUE
1630,A074,1993,1994,18,19,18,19,381370,201620,379874,201435,1507.3954358428978,TRUE,TRUE
1631,A074,1994,1995,19,20,19,20,379874,201435,381230,201693,1380.3260484392808,TRUE,TRUE
1632,A074,1995,1996,20,21,20,21,381230,201693,383675,202710,2648.077415786782,TRUE,TRUE
1633,A074,1996,1997,21,22,21,22,383675,202710,380707,200454,3728.0772524184636,TRUE,TRUE
1634,A074,1997,1998,22,23,22,23,380707,200454,379814,201477,1357.931515209806,TRUE,TRUE
1635,A074,1998,1999,23,24,23,24,379814,201477,380580,201391,770.8125582785999,TRUE,TRUE
1636,A076,1989,1990,14,15,14,15,380597,201427,381241,201774,731.5360551606462,TRUE,TRUE
1637,A076,1990,1991,15,16,15,16,381241,201774,381157,201365,417.53682472328114,TRUE,TRUE
1638,A077,1989,1990,14,15,14,15,380597,201427,381241,201774,731.5360551606462,TRUE,TRUE
1639,A077,1990,1991,15,16,15,16,381241,201774,381157,201365,417.53682472328114,TRUE,TRUE
1640,A077,1991,1992,16,17,16,17,381157,201365,380625,200466,1044.6171547509643,TRUE,TRUE
1641,A077,1992,1993,17,18,17,18,380625,200466,381370,201620,1373.5869102463084,TRUE,TRUE
1642,A077,1993,1994,18,19,18,19,381370,201620,379874,201435,1507.3954358428978,TRUE,TRUE
1643,A079,1989,1990,14,15,14,15,380597,201427,381241,201774,731.5360551606462,TRUE,TRUE
1644,A079,1990,1991,15,16,15,16,381241,201774,381157,201365,417.53682472328114,TRUE,TRUE
1645,A079,1991,1992,16,17,16,17,381157,201365,380625,200466,1044.6171547509643,TRUE,TRUE
1646,A079,1992,1993,17,18,17,18,380625,200466,381370,201620,1373.5869102463084,TRUE,TRUE
1647,A079,1993,1994,18,19,18,19,381370,201620,379874,201435,1507.3954358428978,TRUE,TRUE
1648,A079,1994,1995,19,20,19,20,379874,201435,381230,201693,1380.3260484392808,TRUE,TRUE
1649,B001,1980,1981,5,6,5,6,383699,201850,380563,200499,3414.6298481680265,TRUE,TRUE
1650,B001,1981,1982,6,7,6,7,380563,200499,380931,201164,760.0322361584408,TRUE,TRUE
1651,B001,1982,1983,7,8,7,8,380931,201164,380417,201488,607.595260021011,TRUE,TRUE
1652,B002,1980,1981,5,6,5,6,383699,201850,380563,200499,3414.6298481680265,TRUE,TRUE
1653,B002,1981,1982,6,7,6,7,380563,200499,380931,201164,760.0322361584408,TRUE,TRUE
1654,B002,1982,1983,7,8,7,8,380931,201164,380417,201488,607.595260021011,TRUE,TRUE
1655,B007,1980,1981,5,6,5,6,383699,201850,380563,200499,3414.6298481680265,TRUE,TRUE
1656,B007,1981,1982,6,7,6,7,380563,200499,380931,201164,760.0322361584408,TRUE,TRUE
1657,B009,1980,1981,5,6,5,6,383699,201850,380563,200499,3414.6298481680265,TRUE,TRUE
1658,B009,1981,1982,6,7,6,7,380563,200499,380931,201164,760.0322361584408,TRUE,TRUE
1659,B012,1980,1981,5,6,5,6,383699,201850,380563,200499,3414.6298481680265,TRUE,TRUE
1660,B012,1981,1982,6,7,6,7,380563,200499,380931,201164,760.0322361584408,TRUE,TRUE
1661,B012,1982,1983,7,8,7,8,380931,201164,380417,201488,607.595260021011,TRUE,TRUE
1662,B012,1983,1984,8,9,8,9,380417,201488,381942,201770,1550.8542807111182,TRUE,TRUE
1663,B015,1980,1981,5,6,5,6,383699,201850,380563,200499,3414.6298481680265,TRUE,TRUE
1664,B015,1981,1982,6,7,6,7,380563,200499,380931,201164,760.0322361584408,TRUE,TRUE
1665,B015,1982,1983,7,8,7,8,380931,201164,380417,201488,607.595260021011,TRUE,TRUE
1666,B015,1983,1984,8,9,8,9,380417,201488,381942,201770,1550.8542807111182,TRUE,TRUE
1667,B015,1984,1985,9,10,9,10,381942,201770,382099,200773,1009.28588615912,TRUE,TRUE
1668,B017,1980,1981,5,6,5,6,383699,201850,380563,200499,3414.6298481680265,TRUE,TRUE
1669,B017,1981,1982,6,7,6,7,380563,200499,380931,201164,760.0322361584408,TRUE,TRUE
1670,B017,1982,1983,7,8,7,8,380931,201164,380417,201488,607.595260021011,TRUE,TRUE
1671,B017,1983,1984,8,9,8,9,380417,201488,381942,201770,1550.8542807111182,TRUE,TRUE
1672,B017,1984,1985,9,10,9,10,381942,201770,382099,200773,1009.28588615912,TRUE,TRUE
1673,B017,1985,1986,10,11,10,11,382099,200773,380449,201388,1760.8875602945238,TRUE,TRUE
1674,B018,1980,1981,5,6,5,6,383699,201850,380563,200499,3414.6298481680265,TRUE,TRUE
1675,B018,1981,1982,6,7,6,7,380563,200499,380931,201164,760.0322361584408,TRUE,TRUE
1676,B018,1982,1983,7,8,7,8,380931,201164,380417,201488,607.595260021011,TRUE,TRUE
1677,B022,1980,1981,5,6,5,6,383699,201850,380563,200499,3414.6298481680265,TRUE,TRUE
1678,B022,1981,1982,6,7,6,7,380563,200499,380931,201164,760.0322361584408,TRUE,TRUE
1679,B023,1980,1981,5,6,5,6,383699,201850,380563,200499,3414.6298481680265,TRUE,TRUE
1680,B023,1981,1982,6,7,6,7,380563,200499,380931,201164,760.0322361584408,TRUE,TRUE
1681,B023,1982,1983,7,8,7,8,380931,201164,380417,201488,607.595260021011,TRUE,TRUE
1682,B026,1980,1981,5,6,5,6,383699,201850,380563,200499,3414.6298481680265,TRUE,TRUE
1683,B026,1981,1982,6,7,6,7,380563,200499,380931,201164,760.0322361584408,TRUE,TRUE
1684,B026,1982,1983,7,8,7,8,380931,201164,380417,201488,607.595260021011,TRUE,TRUE
1685,B026,1983,1984,8,9,8,9,380417,201488,381942,201770,1550.8542807111182,TRUE,TRUE
1686,B026,1984,1985,9,10,9,10,381942,201770,382099,200773,1009.28588615912,TRUE,TRUE
1687,B026,1985,1986,10,11,10,11,382099,200773,380449,201388,1760.8875602945238,TRUE,TRUE
1688,B026,1986,1987,11,12,11,12,380449,201388,382916,202222,2604.1591733225523,TRUE,TRUE
1689,B026,1987,1988,12,13,12,13,382916,202222,380621,201409,2434.747214804855,TRUE,TRUE
1690,B026,1988,1989,13,14,13,14,380621,201409,380597,201427,30,TRUE,TRUE
1691,B026,1989,1990,14,15,14,15,380597,201427,381241,201774,731.5360551606462,TRUE,TRUE
1692,B031,1980,1981,5,6,5,6,383699,201850,380563,200499,3414.6298481680265,TRUE,TRUE
1693,B031,1981,1982,6,7,6,7,380563,200499,380931,201164,760.0322361584408,TRUE,TRUE
1694,B031,1982,1983,7,8,7,8,380931,201164,380417,201488,607.595260021011,TRUE,TRUE
1695,B031,1983,1984,8,9,8,9,380417,201488,381942,201770,1550.8542807111182,TRUE,TRUE
1696,B033,1980,1981,5,6,5,6,383699,201850,380563,200499,3414.6298481680265,TRUE,TRUE
1697,B033,1981,1982,6,7,6,7,380563,200499,380931,201164,760.0322361584408,TRUE,TRUE
1698,B034,1980,1981,5,6,5,6,383699,201850,380563,200499,3414.6298481680265,TRUE,TRUE
1699,B034,1981,1982,6,7,6,7,380563,200499,380931,201164,760.0322361584408,TRUE,TRUE
1700,B034,1982,1983,7,8,7,8,380931,201164,380417,201488,607.595260021011,TRUE,TRUE
1701,B034,1983,1984,8,9,8,9,380417,201488,381942,201770,1550.8542807111182,TRUE,TRUE
1702,B034,1984,1985,9,10,9,10,381942,201770,382099,200773,1009.28588615912,TRUE,TRUE
1703,B034,1985,1986,10,11,10,11,382099,200773,380449,201388,1760.8875602945238,TRUE,TRUE
1704,B034,1986,1987,11,12,11,12,380449,201388,382916,202222,2604.1591733225523,TRUE,TRUE
1705,B034,1987,1988,12,13,12,13,382916,202222,380621,201409,2434.747214804855,TRUE,TRUE
1706,B034,1988,1989,13,14,13,14,380621,201409,380597,201427,30,TRUE,TRUE
1707,B034,1989,1990,14,15,14,15,380597,201427,381241,201774,731.5360551606462,TRUE,TRUE
1708,B034,1990,1991,15,16,15,16,381241,201774,381157,201365,417.53682472328114,TRUE,TRUE
1709,B034,1991,1992,16,17,16,17,381157,201365,380625,200466,1044.6171547509643,TRUE,TRUE
1710,B034,1992,1993,17,18,17,18,380625,200466,381370,201620,1373.5869102463084,TRUE,TRUE
1711,B035,1980,1981,5,6,5,6,383699,201850,380563,200499,3414.6298481680265,TRUE,TRUE
1712,B035,1981,1982,6,7,6,7,380563,200499,380931,201164,760.0322361584408,TRUE,TRUE
1713,B035,1982,1983,7,8,7,8,380931,201164,380417,201488,607.595260021011,TRUE,TRUE
1714,B035,1983,1984,8,9,8,9,380417,201488,381942,201770,1550.8542807111182,TRUE,TRUE
1715,B035,1984,1985,9,10,9,10,381942,201770,382099,200773,1009.28588615912,TRUE,TRUE
1716,B035,1985,1986,10,11,10,11,382099,200773,380449,201388,1760.8875602945238,TRUE,TRUE
1717,B035,1986,1987,11,12,11,12,380449,201388,382916,202222,2604.1591733225523,TRUE,TRUE
1718,B035,1987,1988,12,13,12,13,382916,202222,380621,201409,2434.747214804855,TRUE,TRUE
1719,B035,1988,1989,13,14,13,14,380621,201409,380597,201427,30,TRUE,TRUE
1720,B035,1989,1990,14,15,14,15,380597,201427,381241,201774,731.5360551606462,TRUE,TRUE
1721,B036,1980,1981,5,6,5,6,383699,201850,380563,200499,3414.6298481680265,TRUE,TRUE
1722,B036,1981,1982,6,7,6,7,380563,200499,380931,201164,760.0322361584408,TRUE,TRUE
1723,B036,1982,1983,7,8,7,8,380931,201164,380417,201488,607.595260021011,TRUE,TRUE
1724,B036,1983,1984,8,9,8,9,380417,201488,381942,201770,1550.8542807111182,TRUE,TRUE
1725,B036,1984,1985,9,10,9,10,381942,201770,382099,200773,1009.28588615912,TRUE,TRUE
1726,B039,1980,1981,5,6,5,6,383699,201850,380563,200499,3414.6298481680265,TRUE,TRUE
1727,B039,1981,1982,6,7,6,7,380563,200499,380931,201164,760.0322361584408,TRUE,TRUE
1728,B040,1980,1981,5,6,5,6,383699,201850,380563,200499,3414.6298481680265,TRUE,TRUE
1729,B040,1981,1982,6,7,6,7,380563,200499,380931,201164,760.0322361584408,TRUE,TRUE
1730,B040,1982,1983,7,8,7,8,380931,201164,380417,201488,607.595260021011,TRUE,TRUE
1731,B043,1980,1981,5,6,5,6,383699,201850,380563,200499,3414.6298481680265,TRUE,TRUE
1732,B043,1981,1982,6,7,6,7,380563,200499,380931,201164,760.0322361584408,TRUE,TRUE
1733,B043,1982,1983,7,8,7,8,380931,201164,380417,201488,607.595260021011,TRUE,TRUE
1734,C001,1991,1992,16,17,16,17,381157,201365,380625,200466,1044.6171547509643,TRUE,TRUE
1735,C001,1992,1993,17,18,17,18,380625,200466,381370,201620,1373.5869102463084,TRUE,TRUE
1736,C003,1991,1992,16,17,16,17,381157,201365,380625,200466,1044.6171547509643,TRUE,TRUE
1737,C003,1992,1993,17,18,17,18,380625,200466,381370,201620,1373.5869102463084,TRUE,TRUE
1738,C003,1993,1994,18,19,18,19,381370,201620,379874,201435,1507.3954358428978,TRUE,TRUE
1739,C003,1994,1995,19,20,19,20,379874,201435,381230,201693,1380.3260484392808,TRUE,TRUE
1740,C003,1995,1996,20,21,20,21,381230,201693,383675,202710,2648.077415786782,TRUE,TRUE
1741,C003,1996,1997,21,22,21,22,383675,202710,380707,200454,3728.0772524184636,TRUE,TRUE
1742,C003,1997,1998,22,23,22,23,380707,200454,379814,201477,1357.931515209806,TRUE,TRUE
1743,C005,1991,1992,16,17,16,17,381157,201365,380625,200466,1044.6171547509643,TRUE,TRUE
1744,C005,1992,1993,17,18,17,18,380625,200466,381370,201620,1373.5869102463084,TRUE,TRUE
1745,C005,1993,1994,18,19,18,19,381370,201620,379874,201435,1507.3954358428978,TRUE,TRUE
1746,C005,1994,1995,19,20,19,20,379874,201435,381230,201693,1380.3260484392808,TRUE,TRUE
1747,C005,1995,1996,20,21,20,21,381230,201693,383675,202710,2648.077415786782,TRUE,TRUE
1748,C005,1996,1997,21,22,21,22,383675,202710,380707,200454,3728.0772524184636,TRUE,TRUE
1749,C006,1991,1992,16,17,16,17,381157,201365,380625,200466,1044.6171547509643,TRUE,TRUE
1750,C006,1992,1993,17,18,17,18,380625,200466,381370,201620,1373.5869102463084,TRUE,TRUE
1751,C006,1993,1994,18,19,18,19,381370,201620,379874,201435,1507.3954358428978,TRUE,TRUE
1752,C007,1991,1992,16,17,16,17,381157,201365,380625,200466,1044.6171547509643,TRUE,TRUE
1753,C007,1992,1993,17,18,17,18,380625,200466,381370,201620,1373.5869102463084,TRUE,TRUE
1754,C007,1993,1994,18,19,18,19,381370,201620,379874,201435,1507.3954358428978,TRUE,TRUE
1755,C009,1991,1992,16,17,16,17,381157,201365,380625,200466,1044.6171547509643,TRUE,TRUE
1756,C009,1992,1993,17,18,17,18,380625,200466,381370,201620,1373.5869102463084,TRUE,TRUE
1757,C010,1991,1992,16,17,16,17,381157,201365,380625,200466,1044.6171547509643,TRUE,TRUE
1758,C010,1992,1993,17,18,17,18,380625,200466,381370,201620,1373.5869102463084,TRUE,TRUE
1759,C010,1993,1994,18,19,18,19,381370,201620,379874,201435,1507.3954358428978,TRUE,TRUE
1760,C012,1991,1992,16,17,16,17,381157,201365,380625,200466,1044.6171547509643,TRUE,TRUE
1761,C012,1992,1993,17,18,17,18,380625,200466,381370,201620,1373.5869102463084,TRUE,TRUE
1762,C012,1993,1994,18,19,18,19,381370,201620,379874,201435,1507.3954358428978,TRUE,TRUE
1763,C012,1994,1995,19,20,19,20,379874,201435,381230,201693,1380.3260484392808,TRUE,TRUE
1764,C012,1995,1996,20,21,20,21,381230,201693,383675,202710,2648.077415786782,TRUE,TRUE
1765,C012,1996,1997,21,22,21,22,383675,202710,380707,200454,3728.0772524184636,TRUE,TRUE
1766,C012,1997,1998,22,23,22,23,380707,200454,379814,201477,1357.931515209806,TRUE,TRUE
1767,C012,1998,1999,23,24,23,24,379814,201477,380580,201391,770.8125582785999,TRUE,TRUE
1768,C013,1991,1992,16,17,16,17,381157,201365,380625,200466,1044.6171547509643,TRUE,TRUE
1769,C013,1992,1993,17,18,17,18,380625,200466,381370,201620,1373.5869102463084,TRUE,TRUE
1770,C013,1993,1994,18,19,18,19,381370,201620,379874,201435,1507.3954358428978,TRUE,TRUE
1771,C013,1994,1995,19,20,19,20,379874,201435,381230,201693,1380.3260484392808,TRUE,TRUE
1772,C013,1995,1996,20,21,20,21,381230,201693,383675,202710,2648.077415786782,TRUE,TRUE
1773,C013,1996,1997,21,22,21,22,383675,202710,380707,200454,3728.0772524184636,TRUE,TRUE
1774,C014,1991,1992,16,17,16,17,381157,201365,380625,200466,1044.6171547509643,TRUE,TRUE
1775,C014,1992,1993,17,18,17,18,380625,200466,381370,201620,1373.5869102463084,TRUE,TRUE
1776,C014,1993,1994,18,19,18,19,381370,201620,379874,201435,1507.3954358428978,TRUE,TRUE
1777,C016,1991,1992,16,17,16,17,381157,201365,380625,200466,1044.6171547509643,TRUE,TRUE
1778,C016,1992,1993,17,18,17,18,380625,200466,381370,201620,1373.5869102463084,TRUE,TRUE
1779,C016,1993,1994,18,19,18,19,381370,201620,379874,201435,1507.3954358428978,TRUE,TRUE
1780,C016,1994,1995,19,20,19,20,379874,201435,381230,201693,1380.3260484392808,TRUE,TRUE
1781,C016,1995,1996,20,21,20,21,381230,201693,383675,202710,2648.077415786782,TRUE,TRUE
1782,C016,1996,1997,21,22,21,22,383675,202710,380707,200454,3728.0772524184636,TRUE,TRUE
1783,C016,1997,1998,22,23,22,23,380707,200454,379814,201477,1357.931515209806,TRUE,TRUE
1784,C016,1998,1999,23,24,23,24,379814,201477,380580,201391,770.8125582785999,TRUE,TRUE
1785,C017,1991,1992,16,17,16,17,381157,201365,380625,200466,1044.6171547509643,TRUE,TRUE
1786,C017,1992,1993,17,18,17,18,380625,200466,381370,201620,1373.5869102463084,TRUE,TRUE
1787,C017,1993,1994,18,19,18,19,381370,201620,379874,201435,1507.3954358428978,TRUE,TRUE
1788,C023,1991,1992,16,17,16,17,381157,201365,380625,200466,1044.6171547509643,TRUE,TRUE
1789,C023,1992,1993,17,18,17,18,380625,200466,381370,201620,1373.5869102463084,TRUE,TRUE
1790,C023,1993,1994,18,19,18,19,381370,201620,379874,201435,1507.3954358428978,TRUE,TRUE
1791,C023,1994,1995,19,20,19,20,379874,201435,381230,201693,1380.3260484392808,TRUE,TRUE
1792,C023,1995,1996,20,21,20,21,381230,201693,383675,202710,2648.077415786782,TRUE,TRUE
1793,C023,1996,1997,21,22,21,22,383675,202710,380707,200454,3728.0772524184636,TRUE,TRUE
1794,C023,1997,1998,22,23,22,23,380707,200454,379814,201477,1357.931515209806,TRUE,TRUE
1795,C023,1998,1999,23,24,23,24,379814,201477,380580,201391,770.8125582785999,TRUE,TRUE
1796,C024,1991,1992,16,17,16,17,381157,201365,380625,200466,1044.6171547509643,TRUE,TRUE
1797,C024,1992,1993,17,18,17,18,380625,200466,381370,201620,1373.5869102463084,TRUE,TRUE
1798,C024,1993,1994,18,19,18,19,381370,201620,379874,201435,1507.3954358428978,TRUE,TRUE
1799,C024,1994,1995,19,20,19,20,379874,201435,381230,201693,1380.3260484392808,TRUE,TRUE
1800,C024,1995,1996,20,21,20,21,381230,201693,383675,202710,2648.077415786782,TRUE,TRUE
1801,C024,1996,1997,21,22,21,22,383675,202710,380707,200454,3728.0772524184636,TRUE,TRUE
1802,C024,1997,1998,22,23,22,23,380707,200454,379814,201477,1357.931515209806,TRUE,TRUE
1803,C024,1998,1999,23,24,23,24,379814,201477,380580,201391,770.8125582785999,TRUE,TRUE
1804,C025,1991,1992,16,17,16,17,381157,201365,380625,200466,1044.6171547509643,TRUE,TRUE
1805,C025,1992,1993,17,18,17,18,380625,200466,381370,201620,1373.5869102463084,TRUE,TRUE
1806,C025,1993,1994,18,19,18,19,381370,201620,379874,201435,1507.3954358428978,TRUE,TRUE
1807,C025,1994,1995,19,20,19,20,379874,201435,381230,201693,1380.3260484392808,TRUE,TRUE
1808,C034,1991,1992,16,17,16,17,381157,201365,380625,200466,1044.6171547509643,TRUE,TRUE
1809,C034,1992,1993,17,18,17,18,380625,200466,381370,201620,1373.5869102463084,TRUE,TRUE
1810,C036,1991,1992,16,17,16,17,381157,201365,380625,200466,1044.6171547509643,TRUE,TRUE
1811,C036,1992,1993,17,18,17,18,380625,200466,381370,201620,1373.5869102463084,TRUE,TRUE
1812,C038,1991,1992,16,17,16,17,381157,201365,380625,200466,1044.6171547509643,TRUE,TRUE
1813,C038,1992,1993,17,18,17,18,380625,200466,381370,201620,1373.5869102463084,TRUE,TRUE
1814,C038,1993,1994,18,19,18,19,381370,201620,379874,201435,1507.3954358428978,TRUE,TRUE
1815,C038,1994,1995,19,20,19,20,379874,201435,381230,201693,1380.3260484392808,TRUE,TRUE
1816,C039,1991,1992,16,17,16,17,381157,201365,380625,200466,1044.6171547509643,TRUE,TRUE
1817,C039,1992,1993,17,18,17,18,380625,200466,381370,201620,1373.5869102463084,TRUE,TRUE
1818,C039,1993,1994,18,19,18,19,381370,201620,379874,201435,1507.3954358428978,TRUE,TRUE
1819,C039,1994,1995,19,20,19,20,379874,201435,381230,201693,1380.3260484392808,TRUE,TRUE
1820,C040,1991,1992,16,17,16,17,381157,201365,380625,200466,1044.6171547509643,TRUE,TRUE
1821,C040,1992,1993,17,18,17,18,380625,200466,381370,201620,1373.5869102463084,TRUE,TRUE
1822,C040,1993,1994,18,19,18,19,381370,201620,379874,201435,1507.3954358428978,TRUE,TRUE
1823,C040,1994,1995,19,20,19,20,379874,201435,381230,201693,1380.3260484392808,TRUE,TRUE
1824,C040,1995,1996,20,21,20,21,381230,201693,383675,202710,2648.077415786782,TRUE,TRUE
1825,C040,1996,1997,21,22,21,22,383675,202710,380707,200454,3728.0772524184636,TRUE,TRUE
1826,C040,1997,1998,22,23,22,23,380707,200454,379814,201477,1357.931515209806,TRUE,TRUE
1827,C040,1998,1999,23,24,23,24,379814,201477,380580,201391,770.8125582785999,TRUE,TRUE
1828,C044,1991,1992,16,17,16,17,381157,201365,380625,200466,1044.6171547509643,TRUE,TRUE
1829,C044,1992,1993,17,18,17,18,380625,200466,381370,201620,1373.5869102463084,TRUE,TRUE
1830,C044,1993,1994,18,19,18,19,381370,201620,379874,201435,1507.3954358428978,TRUE,TRUE
1831,C044,1994,1995,19,20,19,20,379874,201435,381230,201693,1380.3260484392808,TRUE,TRUE
1832,C044,1995,1996,20,21,20,21,381230,201693,383675,202710,2648.077415786782,TRUE,TRUE
1833,C045,1991,1992,16,17,16,17,381157,201365,380625,200466,1044.6171547509643,TRUE,TRUE
1834,C045,1992,1993,17,18,17,18,380625,200466,381370,201620,1373.5869102463084,TRUE,TRUE
1835,C045,1993,1994,18,19,18,19,381370,201620,379874,201435,1507.3954358428978,TRUE,TRUE
1836,C045,1994,1995,19,20,19,20,379874,201435,381230,201693,1380.3260484392808,TRUE,TRUE
1837,C046,1991,1992,16,17,16,17,381157,201365,380625,200466,1044.6171547509643,TRUE,TRUE
1838,C046,1992,1993,17,18,17,18,380625,200466,381370,201620,1373.5869102463084,TRUE,TRUE
1839,C046,1993,1994,18,19,18,19,381370,201620,379874,201435,1507.3954358428978,TRUE,TRUE
1840,C046,1994,1995,19,20,19,20,379874,201435,381230,201693,1380.3260484392808,TRUE,TRUE
1841,C046,1995,1996,20,21,20,21,381230,201693,383675,202710,2648.077415786782,TRUE,TRUE
1842,C046,1996,1997,21,22,21,22,383675,202710,380707,200454,3728.0772524184636,TRUE,TRUE
1843,C046,1997,1998,22,23,22,23,380707,200454,379814,201477,1357.931515209806,TRUE,TRUE
1844,C046,1998,1999,23,24,23,24,379814,201477,380580,201391,770.8125582785999,TRUE,TRUE
1845,C047,1991,1992,16,17,16,17,381157,201365,380625,200466,1044.6171547509643,TRUE,TRUE
1846,C047,1992,1993,17,18,17,18,380625,200466,381370,201620,1373.5869102463084,TRUE,TRUE
1847,C047,1993,1994,18,19,18,19,381370,201620,379874,201435,1507.3954358428978,TRUE,TRUE
1848,C047,1994,1995,19,20,19,20,379874,201435,381230,201693,1380.3260484392808,TRUE,TRUE
1849,C049,1991,1992,16,17,16,17,381157,201365,380625,200466,1044.6171547509643,TRUE,TRUE
1850,C049,1992,1993,17,18,17,18,380625,200466,381370,201620,1373.5869102463084,TRUE,TRUE
1851,C049,1993,1994,18,19,18,19,381370,201620,379874,201435,1507.3954358428978,TRUE,TRUE
1852,C049,1994,1995,19,20,19,20,379874,201435,381230,201693,1380.3260484392808,TRUE,TRUE
1853,C049,1995,1996,20,21,20,21,381230,201693,383675,202710,2648.077415786782,TRUE,TRUE
1854,C051,1991,1992,16,17,16,17,381157,201365,380625,200466,1044.6171547509643,TRUE,TRUE
1855,C051,1992,1993,17,18,17,18,380625,200466,381370,201620,1373.5869102463084,TRUE,TRUE
1856,C051,1993,1994,18,19,18,19,381370,201620,379874,201435,1507.3954358428978,TRUE,TRUE
1857,C052,1991,1992,16,17,16,17,381157,201365,380625,200466,1044.6171547509643,TRUE,TRUE
1858,C052,1992,1993,17,18,17,18,380625,200466,381370,201620,1373.5869102463084,TRUE,TRUE
1859,C053,1991,1992,16,17,16,17,381157,201365,380625,200466,1044.6171547509643,TRUE,TRUE
1860,C053,1992,1993,17,18,17,18,380625,200466,381370,201620,1373.5869102463084,TRUE,TRUE
1861,C053,1993,1994,18,19,18,19,381370,201620,379874,201435,1507.3954358428978,TRUE,TRUE
1862,C053,1994,1995,19,20,19,20,379874,201435,381230,201693,1380.3260484392808,TRUE,TRUE
1863,C053,1995,1996,20,21,20,21,381230,201693,383675,202710,2648.077415786782,TRUE,TRUE
1864,C053,1996,1997,21,22,21,22,383675,202710,380707,200454,3728.0772524184636,TRUE,TRUE
1865,C053,1997,1998,22,23,22,23,380707,200454,379814,201477,1357.931515209806,TRUE,TRUE
1866,C054,1991,1992,16,17,16,17,381157,201365,380625,200466,1044.6171547509643,TRUE,TRUE
1867,C054,1992,1993,17,18,17,18,380625,200466,381370,201620,1373.5869102463084,TRUE,TRUE
1868,C054,1993,1994,18,19,18,19,381370,201620,379874,201435,1507.3954358428978,TRUE,TRUE
1869,C056,1991,1992,16,17,16,17,381157,201365,380625,200466,1044.6171547509643,TRUE,TRUE
1870,C056,1992,1993,17,18,17,18,380625,200466,381370,201620,1373.5869102463084,TRUE,TRUE
1871,C057,1991,1992,16,17,16,17,381157,201365,380625,200466,1044.6171547509643,TRUE,TRUE
1872,C057,1992,1993,17,18,17,18,380625,200466,381370,201620,1373.5869102463084,TRUE,TRUE
1873,C057,1993,1994,18,19,18,19,381370,201620,379874,201435,1507.3954358428978,TRUE,TRUE
1874,C057,1994,1995,19,20,19,20,379874,201435,381230,201693,1380.3260484392808,TRUE,TRUE
1875,C057,1995,1996,20,21,20,21,381230,201693,383675,202710,2648.077415786782,TRUE,TRUE
1876,C057,1996,1997,21,22,21,22,383675,202710,380707,200454,3728.0772524184636,TRUE,TRUE
1877,C058,1991,1992,16,17,16,17,381157,201365,380625,200466,1044.6171547509643,TRUE,TRUE
1878,C058,1992,1993,17,18,17,18,380625,200466,381370,201620,1373.5869102463084,TRUE,TRUE
1879,C060,1991,1992,16,17,16,17,381157,201365,380625,200466,1044.6171547509643,TRUE,TRUE
1880,C060,1992,1993,17,18,17,18,380625,200466,381370,201620,1373.5869102463084,TRUE,TRUE
1881,C060,1993,1994,18,19,18,19,381370,201620,379874,201435,1507.3954358428978,TRUE,TRUE
1882,C060,1994,1995,19,20,19,20,379874,201435,381230,201693,1380.3260484392808,TRUE,TRUE
1883,C061,1991,1992,16,17,16,17,381157,201365,380625,200466,1044.6171547509643,TRUE,TRUE
1884,C061,1992,1993,17,18,17,18,380625,200466,381370,201620,1373.5869102463084,TRUE,TRUE
1885,C062,1991,1992,16,17,16,17,381157,201365,380625,200466,1044.6171547509643,TRUE,TRUE
1886,C062,1992,1993,17,18,17,18,380625,200466,381370,201620,1373.5869102463084,TRUE,TRUE
1887,C062,1993,1994,18,19,18,19,381370,201620,379874,201435,1507.3954358428978,TRUE,TRUE
1888,C062,1994,1995,19,20,19,20,379874,201435,381230,201693,1380.3260484392808,TRUE,TRUE
1889,C062,1995,1996,20,21,20,21,381230,201693,383675,202710,2648.077415786782,TRUE,TRUE
1890,C062,1996,1997,21,22,21,22,383675,202710,380707,200454,3728.0772524184636,TRUE,TRUE
1891,C062,1997,1998,22,23,22,23,380707,200454,379814,201477,1357.931515209806,TRUE,TRUE
1892,C062,1998,1999,23,24,23,24,379814,201477,380580,201391,770.8125582785999,TRUE,TRUE
1893,C062,1999,2000,24,25,24,25,380580,201391,381022,201589,484.3222068003903,TRUE,TRUE
1894,C064,1991,1992,16,17,16,17,381157,201365,380625,200466,1044.6171547509643,TRUE,TRUE
1895,C064,1992,1993,17,18,17,18,380625,200466,381370,201620,1373.5869102463084,TRUE,TRUE
1896,C064,1993,1994,18,19,18,19,381370,201620,379874,201435,1507.3954358428978,TRUE,TRUE
1897,C064,1994,1995,19,20,19,20,379874,201435,381230,201693,1380.3260484392808,TRUE,TRUE
1898,C064,1995,1996,20,21,20,21,381230,201693,383675,202710,2648.077415786782,TRUE,TRUE
1899,C064,1996,1997,21,22,21,22,383675,202710,380707,200454,3728.0772524184636,TRUE,TRUE
1900,C064,1997,1998,22,23,22,23,380707,200454,379814,201477,1357.931515209806,TRUE,TRUE
1901,C064,1998,1999,23,24,23,24,379814,201477,380580,201391,770.8125582785999,TRUE,TRUE
1902,C065,1991,1992,16,17,16,17,381157,201365,380625,200466,1044.6171547509643,TRUE,TRUE
1903,C065,1992,1993,17,18,17,18,380625,200466,381370,201620,1373.5869102463084,TRUE,TRUE
1904,C065,1993,1994,18,19,18,19,381370,201620,379874,201435,1507.3954358428978,TRUE,TRUE
1905,C065,1994,1995,19,20,19,20,379874,201435,381230,201693,1380.3260484392808,TRUE,TRUE
1906,C065,1995,1996,20,21,20,21,381230,201693,383675,202710,2648.077415786782,TRUE,TRUE
1907,C065,1996,1997,21,22,21,22,383675,202710,380707,200454,3728.0772524184636,TRUE,TRUE
1908,C065,1997,1998,22,23,22,23,380707,200454,379814,201477,1357.931515209806,TRUE,TRUE
1909,C065,1998,1999,23,24,23,24,379814,201477,380580,201391,770.8125582785999,TRUE,TRUE
1910,C065,1999,2000,24,25,24,25,380580,201391,381022,201589,484.3222068003903,TRUE,TRUE
1911,C065,2000,2001,25,26,25,26,381022,201589,381946,201669,927.4567375355036,TRUE,TRUE
1912,C065,2001,2002,26,27,26,27,381946,201669,381841,201313,371.16168983342016,TRUE,TRUE
1913,C066,1991,1992,16,17,16,17,381157,201365,380625,200466,1044.6171547509643,TRUE,TRUE
1914,C066,1992,1993,17,18,17,18,380625,200466,381370,201620,1373.5869102463084,TRUE,TRUE
1915,C066,1993,1994,18,19,18,19,381370,201620,379874,201435,1507.3954358428978,TRUE,TRUE
1916,C066,1994,1995,19,20,19,20,379874,201435,381230,201693,1380.3260484392808,TRUE,TRUE
1917,C066,1995,1996,20,21,20,21,381230,201693,383675,202710,2648.077415786782,TRUE,TRUE
1918,C067,1991,1992,16,17,16,17,381157,201365,380625,200466,1044.6171547509643,TRUE,TRUE
1919,C067,1992,1993,17,18,17,18,380625,200466,381370,201620,1373.5869102463084,TRUE,TRUE
1920,C067,1993,1994,18,19,18,19,381370,201620,379874,201435,1507.3954358428978,TRUE,TRUE
1921,C067,1994,1995,19,20,19,20,379874,201435,381230,201693,1380.3260484392808,TRUE,TRUE
1922,C068,1991,1992,16,17,16,17,381157,201365,380625,200466,1044.6171547509643,TRUE,TRUE
1923,C068,1992,1993,17,18,17,18,380625,200466,381370,201620,1373.5869102463084,TRUE,TRUE
1924,C069,1991,1992,16,17,16,17,381157,201365,380625,200466,1044.6171547509643,TRUE,TRUE
1925,C069,1992,1993,17,18,17,18,380625,200466,381370,201620,1373.5869102463084,TRUE,TRUE
1926,C069,1993,1994,18,19,18,19,381370,201620,379874,201435,1507.3954358428978,TRUE,TRUE
1927,C069,1994,1995,19,20,19,20,379874,201435,381230,201693,1380.3260484392808,TRUE,TRUE
1928,C069,1995,1996,20,21,20,21,381230,201693,383675,202710,2648.077415786782,TRUE,TRUE
1929,C069,1996,1997,21,22,21,22,383675,202710,380707,200454,3728.0772524184636,TRUE,TRUE
1930,C069,1997,1998,22,23,22,23,380707,200454,379814,201477,1357.931515209806,TRUE,TRUE
1931,C069,1998,1999,23,24,23,24,379814,201477,380580,201391,770.8125582785999,TRUE,TRUE
1932,C069,1999,2000,24,25,24,25,380580,201391,381022,201589,484.3222068003903,TRUE,TRUE
1933,C069,2000,2001,25,26,25,26,381022,201589,381946,201669,927.4567375355036,TRUE,TRUE
1934,C072,1991,1992,16,17,16,17,381157,201365,380625,200466,1044.6171547509643,TRUE,TRUE
1935,C072,1992,1993,17,18,17,18,380625,200466,381370,201620,1373.5869102463084,TRUE,TRUE
1936,C072,1993,1994,18,19,18,19,381370,201620,379874,201435,1507.3954358428978,TRUE,TRUE
1937,C073,1991,1992,16,17,16,17,381157,201365,380625,200466,1044.6171547509643,TRUE,TRUE
1938,C073,1992,1993,17,18,17,18,380625,200466,381370,201620,1373.5869102463084,TRUE,TRUE
1939,C074,1991,1992,16,17,16,17,381157,201365,380625,200466,1044.6171547509643,TRUE,TRUE
1940,C074,1992,1993,17,18,17,18,380625,200466,381370,201620,1373.5869102463084,TRUE,TRUE
1941,C074,1993,1994,18,19,18,19,381370,201620,379874,201435,1507.3954358428978,TRUE,TRUE
1942,C074,1994,1995,19,20,19,20,379874,201435,381230,201693,1380.3260484392808,TRUE,TRUE
1943,C078,1991,1992,16,17,16,17,381157,201365,380625,200466,1044.6171547509643,TRUE,TRUE
1944,C078,1992,1993,17,18,17,18,380625,200466,381370,201620,1373.5869102463084,TRUE,TRUE
1945,C078,1993,1994,18,19,18,19,381370,201620,379874,201435,1507.3954358428978,TRUE,TRUE
1946,C078,1994,1995,19,20,19,20,379874,201435,381230,201693,1380.3260484392808,TRUE,TRUE
1947,C078,1995,1996,20,21,20,21,381230,201693,383675,202710,2648.077415786782,TRUE,TRUE
1948,C080,1991,1992,16,17,16,17,381157,201365,380625,200466,1044.6171547509643,TRUE,TRUE
1949,C080,1992,1993,17,18,17,18,380625,200466,381370,201620,1373.5869102463084,TRUE,TRUE
1950,C080,1993,1994,18,19,18,19,381370,201620,379874,201435,1507.3954358428978,TRUE,TRUE
1951,C081,1991,1992,16,17,16,17,381157,201365,380625,200466,1044.6171547509643,TRUE,TRUE
1952,C081,1992,1993,17,18,17,18,380625,200466,381370,201620,1373.5869102463084,TRUE,TRUE
1953,C081,1993,1994,18,19,18,19,381370,201620,379874,201435,1507.3954358428978,TRUE,TRUE
1954,C083,1991,1992,16,17,16,17,381157,201365,380625,200466,1044.6171547509643,TRUE,TRUE
1955,C083,1992,1993,17,18,17,18,380625,200466,381370,201620,1373.5869102463084,TRUE,TRUE
1956,C083,1993,1994,18,19,18,19,381370,201620,379874,201435,1507.3954358428978,TRUE,TRUE
1957,C083,1994,1995,19,20,19,20,379874,201435,381230,201693,1380.3260484392808,TRUE,TRUE
1958,C083,1995,1996,20,21,20,21,381230,201693,383675,202710,2648.077415786782,TRUE,TRUE
1959,C083,1996,1997,21,22,21,22,383675,202710,380707,200454,3728.0772524184636,TRUE,TRUE
1960,C086,1991,1992,16,17,16,17,381157,201365,380625,200466,1044.6171547509643,TRUE,TRUE
1961,C086,1992,1993,17,18,17,18,380625,200466,381370,201620,1373.5869102463084,TRUE,TRUE
1962,C086,1993,1994,18,19,18,19,381370,201620,379874,201435,1507.3954358428978,TRUE,TRUE
1963,C086,1994,1995,19,20,19,20,379874,201435,381230,201693,1380.3260484392808,TRUE,TRUE
1964,C086,1995,1996,20,21,20,21,381230,201693,383675,202710,2648.077415786782,TRUE,TRUE
1965,C089,1991,1992,16,17,16,17,381157,201365,380625,200466,1044.6171547509643,TRUE,TRUE
1966,C089,1992,1993,17,18,17,18,380625,200466,381370,201620,1373.5869102463084,TRUE,TRUE
1967,C089,1993,1994,18,19,18,19,381370,201620,379874,201435,1507.3954358428978,TRUE,TRUE
1968,C092,1991,1992,16,17,16,17,381157,201365,380625,200466,1044.6171547509643,TRUE,TRUE
1969,C092,1992,1993,17,18,17,18,380625,200466,381370,201620,1373.5869102463084,TRUE,TRUE
1970,C092,1993,1994,18,19,18,19,381370,201620,379874,201435,1507.3954358428978,TRUE,TRUE
1971,C092,1994,1995,19,20,19,20,379874,201435,381230,201693,1380.3260484392808,TRUE,TRUE
1972,C092,1995,1996,20,21,20,21,381230,201693,383675,202710,2648.077415786782,TRUE,TRUE
1973,C092,1996,1997,21,22,21,22,383675,202710,380707,200454,3728.0772524184636,TRUE,TRUE
1974,C092,1997,1998,22,23,22,23,380707,200454,379814,201477,1357.931515209806,TRUE,TRUE
1975,C092,1998,1999,23,24,23,24,379814,201477,380580,201391,770.8125582785999,TRUE,TRUE
1976,C092,1999,2000,24,25,24,25,380580,201391,381022,201589,484.3222068003903,TRUE,TRUE
1977,C092,2000,2001,25,26,25,26,381022,201589,381946,201669,927.4567375355036,TRUE,TRUE
1978,C100,1991,1992,16,17,16,17,381157,201365,380625,200466,1044.6171547509643,TRUE,TRUE
1979,C100,1992,1993,17,18,17,18,380625,200466,381370,201620,1373.5869102463084,TRUE,TRUE
1980,C102,1991,1992,16,17,16,17,381157,201365,380625,200466,1044.6171547509643,TRUE,TRUE
1981,C102,1992,1993,17,18,17,18,380625,200466,381370,201620,1373.5869102463084,TRUE,TRUE
1982,C102,1993,1994,18,19,18,19,381370,201620,379874,201435,1507.3954358428978,TRUE,TRUE
1983,C110,1991,1992,16,17,16,17,381157,201365,380625,200466,1044.6171547509643,TRUE,TRUE
1984,C110,1992,1993,17,18,17,18,380625,200466,381370,201620,1373.5869102463084,TRUE,TRUE
1985,C114,1991,1992,16,17,16,17,381157,201365,380625,200466,1044.6171547509643,TRUE,TRUE
1986,C114,1992,1993,17,18,17,18,380625,200466,381370,201620,1373.5869102463084,TRUE,TRUE
1987,C114,1993,1994,18,19,18,19,381370,201620,379874,201435,1507.3954358428978,TRUE,TRUE
1988,C114,1994,1995,19,20,19,20,379874,201435,381230,201693,1380.3260484392808,TRUE,TRUE
1989,C115,1991,1992,16,17,16,17,381157,201365,380625,200466,1044.6171547509643,TRUE,TRUE
1990,C115,1992,1993,17,18,17,18,380625,200466,381370,201620,1373.5869102463084,TRUE,TRUE
1991,C115,1993,1994,18,19,18,19,381370,201620,379874,201435,1507.3954358428978,TRUE,TRUE
1992,C115,1994,1995,19,20,19,20,379874,201435,381230,201693,1380.3260484392808,TRUE,TRUE
1993,C122,1991,1992,16,17,16,17,381157,201365,380625,200466,1044.6171547509643,TRUE,TRUE
1994,C122,1992,1993,17,18,17,18,380625,200466,381370,201620,1373.5869102463084,TRUE,TRUE
1995,C123,1991,1992,16,17,16,17,381157,201365,380625,200466,1044.6171547509643,TRUE,TRUE
1996,C123,1992,1993,17,18,17,18,380625,200466,381370,201620,1373.5869102463084,TRUE,TRUE
1997,C123,1993,1994,18,19,18,19,381370,201620,379874,201435,1507.3954358428978,TRUE,TRUE
1998,C123,1994,1995,19,20,19,20,379874,201435,381230,201693,1380.3260484392808,TRUE,TRUE
1999,C123,1995,1996,20,21,20,21,381230,201693,383675,202710,2648.077415786782,TRUE,TRUE
2000,C123,1996,1997,21,22,21,22,383675,202710,380707,200454,3728.0772524184636,TRUE,TRUE
2001,C123,1997,1998,22,23,22,23,380707,200454,379814,201477,1357.931515209806,TRUE,TRUE
2002,C123,1998,1999,23,24,23,24,379814,201477,380580,201391,770.8125582785999,TRUE,TRUE
2003,C123,1999,2000,24,25,24,25,380580,201391,381022,201589,484.3222068003903,TRUE,TRUE
2004,C123,2000,2001,25,26,25,26,381022,201589,381946,201669,927.4567375355036,TRUE,TRUE
2005,C123,2001,2002,26,27,26,27,381946,201669,381841,201313,371.16168983342016,TRUE,TRUE
2006,C127,1991,1992,16,17,16,17,381157,201365,380625,200466,1044.6171547509643,TRUE,TRUE
2007,C127,1992,1993,17,18,17,18,380625,200466,381370,201620,1373.5869102463084,TRUE,TRUE
2008,C127,1993,1994,18,19,18,19,381370,201620,379874,201435,1507.3954358428978,TRUE,TRUE
2009,C128,1991,1992,16,17,16,17,381157,201365,380625,200466,1044.6171547509643,TRUE,TRUE
2010,C128,1992,1993,17,18,17,18,380625,200466,381370,201620,1373.5869102463084,TRUE,TRUE
2011,C128,1993,1994,18,19,18,19,381370,201620,379874,201435,1507.3954358428978,TRUE,TRUE
2012,C128,1994,1995,19,20,19,20,379874,201435,381230,201693,1380.3260484392808,TRUE,TRUE
2013,C128,1995,1996,20,21,20,21,381230,201693,383675,202710,2648.077415786782,TRUE,TRUE
2014,C128,1996,1997,21,22,21,22,383675,202710,380707,200454,3728.0772524184636,TRUE,TRUE
2015,C128,1997,1998,22,23,22,23,380707,200454,379814,201477,1357.931515209806,TRUE,TRUE
2016,C128,1998,1999,23,24,23,24,379814,201477,380580,201391,770.8125582785999,TRUE,TRUE
2017,C130,1991,1992,16,17,16,17,381157,201365,380625,200466,1044.6171547509643,TRUE,TRUE
2018,C130,1992,1993,17,18,17,18,380625,200466,381370,201620,1373.5869102463084,TRUE,TRUE
2019,C131,1991,1992,16,17,16,17,381157,201365,380625,200466,1044.6171547509643,TRUE,TRUE
2020,C131,1992,1993,17,18,17,18,380625,200466,381370,201620,1373.5869102463084,TRUE,TRUE
2021,C131,1993,1994,18,19,18,19,381370,201620,379874,201435,1507.3954358428978,TRUE,TRUE
2022,C133,1991,1992,16,17,16,17,381157,201365,380625,200466,1044.6171547509643,TRUE,TRUE
2023,C133,1992,1993,17,18,17,18,380625,200466,381370,201620,1373.5869102463084,TRUE,TRUE
2024,C133,1993,1994,18,19,18,19,381370,201620,379874,201435,1507.3954358428978,TRUE,TRUE
2025,C135,1991,1992,16,17,16,17,381157,201365,380625,200466,1044.6171547509643,TRUE,TRUE
2026,C135,1992,1993,17,18,17,18,380625,200466,381370,201620,1373.5869102463084,TRUE,TRUE
2027,C135,1993,1994,18,19,18,19,381370,201620,379874,201435,1507.3954358428978,TRUE,TRUE
2028,C138,1991,1992,16,17,16,17,381157,201365,380625,200466,1044.6171547509643,TRUE,TRUE
2029,C138,1992,1993,17,18,17,18,380625,200466,381370,201620,1373.5869102463084,TRUE,TRUE
2030,C138,1993,1994,18,19,18,19,381370,201620,379874,201435,1507.3954358428978,TRUE,TRUE
2031,C138,1994,1995,19,20,19,20,379874,201435,381230,201693,1380.3260484392808,TRUE,TRUE
2032,C138,1995,1996,20,21,20,21,381230,201693,383675,202710,2648.077415786782,TRUE,TRUE
2033,C138,1996,1997,21,22,21,22,383675,202710,380707,200454,3728.0772524184636,TRUE,TRUE
2034,D003,1997,1998,22,23,22,23,380707,200454,379814,201477,1357.931515209806,TRUE,TRUE
2035,D003,1998,1999,23,24,23,24,379814,201477,380580,201391,770.8125582785999,TRUE,TRUE
2036,D003,1999,2000,24,25,24,25,380580,201391,381022,201589,484.3222068003903,TRUE,TRUE
2037,D003,2000,2001,25,26,25,26,381022,201589,381946,201669,927.4567375355036,TRUE,TRUE
2038,D004,1997,1998,22,23,22,23,380707,200454,379814,201477,1357.931515209806,TRUE,TRUE
2039,D004,1998,1999,23,24,23,24,379814,201477,380580,201391,770.8125582785999,TRUE,TRUE
2040,D005,1997,1998,22,23,22,23,380707,200454,379814,201477,1357.931515209806,TRUE,TRUE
2041,D005,1998,1999,23,24,23,24,379814,201477,380580,201391,770.8125582785999,TRUE,TRUE
2042,D005,1999,2000,24,25,24,25,380580,201391,381022,201589,484.3222068003903,TRUE,TRUE
2043,D005,2000,2001,25,26,25,26,381022,201589,381946,201669,927.4567375355036,TRUE,TRUE
2044,D007,1997,1998,22,23,22,23,380707,200454,379814,201477,1357.931515209806,TRUE,TRUE
2045,D007,1998,1999,23,24,23,24,379814,201477,380580,201391,770.8125582785999,TRUE,TRUE
2046,D008,1997,1998,22,23,22,23,380707,200454,379814,201477,1357.931515209806,TRUE,TRUE
2047,D008,1998,1999,23,24,23,24,379814,201477,380580,201391,770.8125582785999,TRUE,TRUE
2048,D009,1997,1998,22,23,22,23,380707,200454,379814,201477,1357.931515209806,TRUE,TRUE
2049,D009,1998,1999,23,24,23,24,379814,201477,380580,201391,770.8125582785999,TRUE,TRUE
2050,D010,1997,1998,22,23,22,23,380707,200454,379814,201477,1357.931515209806,TRUE,TRUE
2051,D010,1998,1999,23,24,23,24,379814,201477,380580,201391,770.8125582785999,TRUE,TRUE
2052,D010,1999,2000,24,25,24,25,380580,201391,381022,201589,484.3222068003903,TRUE,TRUE
2053,D010,2000,2001,25,26,25,26,381022,201589,381946,201669,927.4567375355036,TRUE,TRUE
2054,D017,1997,1998,22,23,22,23,380707,200454,379814,201477,1357.931515209806,TRUE,TRUE
2055,D017,1998,1999,23,24,23,24,379814,201477,380580,201391,770.8125582785999,TRUE,TRUE
2056,D017,1999,2000,24,25,24,25,380580,201391,381022,201589,484.3222068003903,TRUE,TRUE
2057,D017,2000,2001,25,26,25,26,381022,201589,381946,201669,927.4567375355036,TRUE,TRUE
2058,D019,1997,1998,22,23,22,23,380707,200454,379814,201477,1357.931515209806,TRUE,TRUE
2059,D019,1998,1999,23,24,23,24,379814,201477,380580,201391,770.8125582785999,TRUE,TRUE
2060,D019,1999,2000,24,25,24,25,380580,201391,381022,201589,484.3222068003903,TRUE,TRUE
2061,D019,2000,2001,25,26,25,26,381022,201589,381946,201669,927.4567375355036,TRUE,TRUE
2062,D019,2001,2002,26,27,26,27,381946,201669,381841,201313,371.16168983342016,TRUE,TRUE
2063,D019,2002,2003,27,28,27,28,381841,201313,380834,201150,1020.1068571478186,TRUE,TRUE
2064,D019,2003,2004,28,29,28,29,380834,201150,382049,201493,1262.4872276581652,TRUE,TRUE
2065,D019,2004,2005,29,30,29,30,382049,201493,382931,200706,1182.0714868399457,TRUE,TRUE
2066,D019,2005,2006,30,31,30,31,382931,200706,380649,201388,2381.7321427902007,TRUE,TRUE
2067,D019,2006,2007,31,32,31,32,380649,201388,380279,201409,370.59546678285204,TRUE,TRUE
2068,D019,2007,2008,32,33,32,33,380279,201409,382399,200920,2175.6656452681327,TRUE,TRUE
2069,D019,2008,2009,33,34,33,34,382399,200920,383126,200958,727.9924450157433,TRUE,TRUE
2070,D020,1997,1998,22,23,22,23,380707,200454,379814,201477,1357.931515209806,TRUE,TRUE
2071,D020,1998,1999,23,24,23,24,379814,201477,380580,201391,770.8125582785999,TRUE,TRUE
2072,D020,1999,2000,24,25,24,25,380580,201391,381022,201589,484.3222068003903,TRUE,TRUE
2073,D020,2000,2001,25,26,25,26,381022,201589,381946,201669,927.4567375355036,TRUE,TRUE
2074,D020,2001,2002,26,27,26,27,381946,201669,381841,201313,371.16168983342016,TRUE,TRUE
2075,D020,2002,2003,27,28,27,28,381841,201313,380834,201150,1020.1068571478186,TRUE,TRUE
2076,D020,2003,2004,28,29,28,29,380834,201150,382049,201493,1262.4872276581652,TRUE,TRUE
2077,D020,2004,2005,29,30,29,30,382049,201493,382931,200706,1182.0714868399457,TRUE,TRUE
2078,D020,2005,2006,30,31,30,31,382931,200706,380649,201388,2381.7321427902007,TRUE,TRUE
2079,D020,2006,2007,31,32,31,32,380649,201388,380279,201409,370.59546678285204,TRUE,TRUE
2080,D020,2007,2008,32,33,32,33,380279,201409,382399,200920,2175.6656452681327,TRUE,TRUE
2081,D024,1997,1998,22,23,22,23,380707,200454,379814,201477,1357.931515209806,TRUE,TRUE
2082,D024,1998,1999,23,24,23,24,379814,201477,380580,201391,770.8125582785999,TRUE,TRUE
2083,D024,1999,2000,24,25,24,25,380580,201391,381022,201589,484.3222068003903,TRUE,TRUE
2084,D024,2000,2001,25,26,25,26,381022,201589,381946,201669,927.4567375355036,TRUE,TRUE
2085,D026,1997,1998,22,23,22,23,380707,200454,379814,201477,1357.931515209806,TRUE,TRUE
2086,D026,1998,1999,23,24,23,24,379814,201477,380580,201391,770.8125582785999,TRUE,TRUE
2087,D026,1999,2000,24,25,24,25,380580,201391,381022,201589,484.3222068003903,TRUE,TRUE
2088,D027,1997,1998,22,23,22,23,380707,200454,379814,201477,1357.931515209806,TRUE,TRUE
2089,D027,1998,1999,23,24,23,24,379814,201477,380580,201391,770.8125582785999,TRUE,TRUE
2090,D027,1999,2000,24,25,24,25,380580,201391,381022,201589,484.3222068003903,TRUE,TRUE
2091,D027,2000,2001,25,26,25,26,381022,201589,381946,201669,927.4567375355036,TRUE,TRUE
2092,D027,2001,2002,26,27,26,27,381946,201669,381841,201313,371.16168983342016,TRUE,TRUE
2093,D028,1997,1998,22,23,22,23,380707,200454,379814,201477,1357.931515209806,TRUE,TRUE
2094,D028,1998,1999,23,24,23,24,379814,201477,380580,201391,770.8125582785999,TRUE,TRUE
2095,D028,1999,2000,24,25,24,25,380580,201391,381022,201589,484.3222068003903,TRUE,TRUE
2096,D030,1997,1998,22,23,22,23,380707,200454,379814,201477,1357.931515209806,TRUE,TRUE
2097,D030,1998,1999,23,24,23,24,379814,201477,380580,201391,770.8125582785999,TRUE,TRUE
2098,D030,1999,2000,24,25,24,25,380580,201391,381022,201589,484.3222068003903,TRUE,TRUE
2099,D031,1997,1998,22,23,22,23,380707,200454,379814,201477,1357.931515209806,TRUE,TRUE
2100,D031,1998,1999,23,24,23,24,379814,201477,380580,201391,770.8125582785999,TRUE,TRUE
2101,D031,1999,2000,24,25,24,25,380580,201391,381022,201589,484.3222068003903,TRUE,TRUE
2102,D033,1997,1998,22,23,22,23,380707,200454,379814,201477,1357.931515209806,TRUE,TRUE
2103,D033,1998,1999,23,24,23,24,379814,201477,380580,201391,770.8125582785999,TRUE,TRUE
2104,D033,1999,2000,24,25,24,25,380580,201391,381022,201589,484.3222068003903,TRUE,TRUE
2105,D035,1997,1998,22,23,22,23,380707,200454,379814,201477,1357.931515209806,TRUE,TRUE
2106,D035,1998,1999,23,24,23,24,379814,201477,380580,201391,770.8125582785999,TRUE,TRUE
2107,D035,1999,2000,24,25,24,25,380580,201391,381022,201589,484.3222068003903,TRUE,TRUE
2108,D035,2000,2001,25,26,25,26,381022,201589,381946,201669,927.4567375355036,TRUE,TRUE
2109,D035,2001,2002,26,27,26,27,381946,201669,381841,201313,371.16168983342016,TRUE,TRUE
2110,D036,1997,1998,22,23,22,23,380707,200454,379814,201477,1357.931515209806,TRUE,TRUE
2111,D036,1998,1999,23,24,23,24,379814,201477,380580,201391,770.8125582785999,TRUE,TRUE
2112,D036,1999,2000,24,25,24,25,380580,201391,381022,201589,484.3222068003903,TRUE,TRUE
2113,D036,2000,2001,25,26,25,26,381022,201589,381946,201669,927.4567375355036,TRUE,TRUE
2114,D036,2001,2002,26,27,26,27,381946,201669,381841,201313,371.16168983342016,TRUE,TRUE
2115,D038,1997,1998,22,23,22,23,380707,200454,379814,201477,1357.931515209806,TRUE,TRUE
2116,D038,1998,1999,23,24,23,24,379814,201477,380580,201391,770.8125582785999,TRUE,TRUE
2117,D038,1999,2000,24,25,24,25,380580,201391,381022,201589,484.3222068003903,TRUE,TRUE
2118,D039,1997,1998,22,23,22,23,380707,200454,379814,201477,1357.931515209806,TRUE,TRUE
2119,D039,1998,1999,23,24,23,24,379814,201477,380580,201391,770.8125582785999,TRUE,TRUE
2120,D041,1997,1998,22,23,22,23,380707,200454,379814,201477,1357.931515209806,TRUE,TRUE
2121,D041,1998,1999,23,24,23,24,379814,201477,380580,201391,770.8125582785999,TRUE,TRUE
2122,D041,1999,2000,24,25,24,25,380580,201391,381022,201589,484.3222068003903,TRUE,TRUE
2123,D044,1997,1998,22,23,22,23,380707,200454,379814,201477,1357.931515209806,TRUE,TRUE
2124,D044,1998,1999,23,24,23,24,379814,201477,380580,201391,770.8125582785999,TRUE,TRUE
2125,D051,1997,1998,22,23,22,23,380707,200454,379814,201477,1357.931515209806,TRUE,TRUE
2126,D051,1998,1999,23,24,23,24,379814,201477,380580,201391,770.8125582785999,TRUE,TRUE
2127,D051,1999,2000,24,25,24,25,380580,201391,381022,201589,484.3222068003903,TRUE,TRUE
2128,D052,1997,1998,22,23,22,23,380707,200454,379814,201477,1357.931515209806,TRUE,TRUE
2129,D052,1998,1999,23,24,23,24,379814,201477,380580,201391,770.8125582785999,TRUE,TRUE
2130,D052,1999,2000,24,25,24,25,380580,201391,381022,201589,484.3222068003903,TRUE,TRUE
2131,D058,1997,1998,22,23,22,23,380707,200454,379814,201477,1357.931515209806,TRUE,TRUE
2132,D058,1998,1999,23,24,23,24,379814,201477,380580,201391,770.8125582785999,TRUE,TRUE
2133,D059,1997,1998,22,23,22,23,380707,200454,379814,201477,1357.931515209806,TRUE,TRUE
2134,D059,1998,1999,23,24,23,24,379814,201477,380580,201391,770.8125582785999,TRUE,TRUE
2135,D059,1999,2000,24,25,24,25,380580,201391,381022,201589,484.3222068003903,TRUE,TRUE
2136,D059,2000,2001,25,26,25,26,381022,201589,381946,201669,927.4567375355036,TRUE,TRUE
2137,D059,2001,2002,26,27,26,27,381946,201669,381841,201313,371.16168983342016,TRUE,TRUE
2138,D059,2002,2003,27,28,27,28,381841,201313,380834,201150,1020.1068571478186,TRUE,TRUE
2139,D059,2003,2004,28,29,28,29,380834,201150,382049,201493,1262.4872276581652,TRUE,TRUE
2140,D059,2004,2005,29,30,29,30,382049,201493,382931,200706,1182.0714868399457,TRUE,TRUE
2141,D059,2005,2006,30,31,30,31,382931,200706,380649,201388,2381.7321427902007,TRUE,TRUE
2142,D059,2006,2007,31,32,31,32,380649,201388,380279,201409,370.59546678285204,TRUE,TRUE
2143,D059,2007,2008,32,33,32,33,380279,201409,382399,200920,2175.6656452681327,TRUE,TRUE
2144,D059,2008,2009,33,34,33,34,382399,200920,383126,200958,727.9924450157433,TRUE,TRUE
2145,D060,1997,1998,22,23,22,23,380707,200454,379814,201477,1357.931515209806,TRUE,TRUE
2146,D060,1998,1999,23,24,23,24,379814,201477,380580,201391,770.8125582785999,TRUE,TRUE
2147,D060,1999,2000,24,25,24,25,380580,201391,381022,201589,484.3222068003903,TRUE,TRUE
2148,D060,2000,2001,25,26,25,26,381022,201589,381946,201669,927.4567375355036,TRUE,TRUE
2149,D060,2001,2002,26,27,26,27,381946,201669,381841,201313,371.16168983342016,TRUE,TRUE
2150,D061,1997,1998,22,23,22,23,380707,200454,379814,201477,1357.931515209806,TRUE,TRUE
2151,D061,1998,1999,23,24,23,24,379814,201477,380580,201391,770.8125582785999,TRUE,TRUE
2152,D061,1999,2000,24,25,24,25,380580,201391,381022,201589,484.3222068003903,TRUE,TRUE
2153,D061,2000,2001,25,26,25,26,381022,201589,381946,201669,927.4567375355036,TRUE,TRUE
2154,D063,1997,1998,22,23,22,23,380707,200454,379814,201477,1357.931515209806,TRUE,TRUE
2155,D063,1998,1999,23,24,23,24,379814,201477,380580,201391,770.8125582785999,TRUE,TRUE
2156,D064,1997,1998,22,23,22,23,380707,200454,379814,201477,1357.931515209806,TRUE,TRUE
2157,D064,1998,1999,23,24,23,24,379814,201477,380580,201391,770.8125582785999,TRUE,TRUE
2158,D064,1999,2000,24,25,24,25,380580,201391,381022,201589,484.3222068003903,TRUE,TRUE
2159,D066,1997,1998,22,23,22,23,380707,200454,379814,201477,1357.931515209806,TRUE,TRUE
2160,D066,1998,1999,23,24,23,24,379814,201477,380580,201391,770.8125582785999,TRUE,TRUE
2161,D068,1997,1998,22,23,22,23,380707,200454,379814,201477,1357.931515209806,TRUE,TRUE
2162,D068,1998,1999,23,24,23,24,379814,201477,380580,201391,770.8125582785999,TRUE,TRUE
2163,D070,1997,1998,22,23,22,23,380707,200454,379814,201477,1357.931515209806,TRUE,TRUE
2164,D070,1998,1999,23,24,23,24,379814,201477,380580,201391,770.8125582785999,TRUE,TRUE
2165,D071,1997,1998,22,23,22,23,380707,200454,379814,201477,1357.931515209806,TRUE,TRUE
2166,D071,1998,1999,23,24,23,24,379814,201477,380580,201391,770.8125582785999,TRUE,TRUE
2167,D071,1999,2000,24,25,24,25,380580,201391,381022,201589,484.3222068003903,TRUE,TRUE
2168,D071,2000,2001,25,26,25,26,381022,201589,381946,201669,927.4567375355036,TRUE,TRUE
2169,D071,2001,2002,26,27,26,27,381946,201669,381841,201313,371.16168983342016,TRUE,TRUE
2170,D071,2002,2003,27,28,27,28,381841,201313,380834,201150,1020.1068571478186,TRUE,TRUE
2171,D071,2003,2004,28,29,28,29,380834,201150,382049,201493,1262.4872276581652,TRUE,TRUE
2172,D073,1997,1998,22,23,22,23,380707,200454,379814,201477,1357.931515209806,TRUE,TRUE
2173,D073,1998,1999,23,24,23,24,379814,201477,380580,201391,770.8125582785999,TRUE,TRUE
2174,D073,1999,2000,24,25,24,25,380580,201391,381022,201589,484.3222068003903,TRUE,TRUE
2175,D073,2000,2001,25,26,25,26,381022,201589,381946,201669,927.4567375355036,TRUE,TRUE
2176,D073,2001,2002,26,27,26,27,381946,201669,381841,201313,371.16168983342016,TRUE,TRUE
2177,D073,2002,2003,27,28,27,28,381841,201313,380834,201150,1020.1068571478186,TRUE,TRUE
2178,D073,2003,2004,28,29,28,29,380834,201150,382049,201493,1262.4872276581652,TRUE,TRUE
2179,D074,1997,1998,22,23,22,23,380707,200454,379814,201477,1357.931515209806,TRUE,TRUE
2180,D074,1998,1999,23,24,23,24,379814,201477,380580,201391,770.8125582785999,TRUE,TRUE
2181,D077,1997,1998,22,23,22,23,380707,200454,379814,201477,1357.931515209806,TRUE,TRUE
2182,D077,1998,1999,23,24,23,24,379814,201477,380580,201391,770.8125582785999,TRUE,TRUE
2183,D077,1999,2000,24,25,24,25,380580,201391,381022,201589,484.3222068003903,TRUE,TRUE
2184,D077,2000,2001,25,26,25,26,381022,201589,381946,201669,927.4567375355036,TRUE,TRUE
2185,D077,2001,2002,26,27,26,27,381946,201669,381841,201313,371.16168983342016,TRUE,TRUE
2186,D077,2002,2003,27,28,27,28,381841,201313,380834,201150,1020.1068571478186,TRUE,TRUE
2187,D077,2003,2004,28,29,28,29,380834,201150,382049,201493,1262.4872276581652,TRUE,TRUE
2188,D077,2004,2005,29,30,29,30,382049,201493,382931,200706,1182.0714868399457,TRUE,TRUE
2189,D077,2005,2006,30,31,30,31,382931,200706,380649,201388,2381.7321427902007,TRUE,TRUE
2190,D077,2006,2007,31,32,31,32,380649,201388,380279,201409,370.59546678285204,TRUE,TRUE
2191,D077,2007,2008,32,33,32,33,380279,201409,382399,200920,2175.6656452681327,TRUE,TRUE
2192,D077,2008,2009,33,34,33,34,382399,200920,383126,200958,727.9924450157433,TRUE,TRUE
2193,D079,1997,1998,22,23,22,23,380707,200454,379814,201477,1357.931515209806,TRUE,TRUE
2194,D079,1998,1999,23,24,23,24,379814,201477,380580,201391,770.8125582785999,TRUE,TRUE
2195,D080,1997,1998,22,23,22,23,380707,200454,379814,201477,1357.931515209806,TRUE,TRUE
2196,D080,1998,1999,23,24,23,24,379814,201477,380580,201391,770.8125582785999,TRUE,TRUE
2197,D081,1997,1998,22,23,22,23,380707,200454,379814,201477,1357.931515209806,TRUE,TRUE
2198,D081,1998,1999,23,24,23,24,379814,201477,380580,201391,770.8125582785999,TRUE,TRUE
2199,D081,1999,2000,24,25,24,25,380580,201391,381022,201589,484.3222068003903,TRUE,TRUE
2200,D082,1997,1998,22,23,22,23,380707,200454,379814,201477,1357.931515209806,TRUE,TRUE
2201,D082,1998,1999,23,24,23,24,379814,201477,380580,201391,770.8125582785999,TRUE,TRUE
2202,D083,1997,1998,22,23,22,23,380707,200454,379814,201477,1357.931515209806,TRUE,TRUE
2203,D083,1998,1999,23,24,23,24,379814,201477,380580,201391,770.8125582785999,TRUE,TRUE
2204,D084,1997,1998,22,23,22,23,380707,200454,379814,201477,1357.931515209806,TRUE,TRUE
2205,D084,1998,1999,23,24,23,24,379814,201477,380580,201391,770.8125582785999,TRUE,TRUE
2206,D084,1999,2000,24,25,24,25,380580,201391,381022,201589,484.3222068003903,TRUE,TRUE
2207,D084,2000,2001,25,26,25,26,381022,201589,381946,201669,927.4567375355036,TRUE,TRUE
2208,E004,1988,1989,13,14,13,14,380621,201409,380597,201427,30,TRUE,TRUE
2209,E004,1989,1990,14,15,14,15,380597,201427,381241,201774,731.5360551606462,TRUE,TRUE
2210,E004,1990,1991,15,16,15,16,381241,201774,381157,201365,417.53682472328114,TRUE,TRUE
2211,E004,1991,1992,16,17,16,17,381157,201365,380625,200466,1044.6171547509643,TRUE,TRUE
2212,E004,1992,1993,17,18,17,18,380625,200466,381370,201620,1373.5869102463084,TRUE,TRUE
2213,E004,1993,1994,18,19,18,19,381370,201620,379874,201435,1507.3954358428978,TRUE,TRUE
2214,E004,1994,1995,19,20,19,20,379874,201435,381230,201693,1380.3260484392808,TRUE,TRUE
2215,E004,1995,1996,20,21,20,21,381230,201693,383675,202710,2648.077415786782,TRUE,TRUE
2216,E008,1988,1989,13,14,13,14,380621,201409,380597,201427,30,TRUE,TRUE
2217,E008,1989,1990,14,15,14,15,380597,201427,381241,201774,731.5360551606462,TRUE,TRUE
2218,E008,1990,1991,15,16,15,16,381241,201774,381157,201365,417.53682472328114,TRUE,TRUE
2219,E008,1991,1992,16,17,16,17,381157,201365,380625,200466,1044.6171547509643,TRUE,TRUE
2220,E008,1992,1993,17,18,17,18,380625,200466,381370,201620,1373.5869102463084,TRUE,TRUE
2221,E014,1988,1989,13,14,13,14,380621,201409,380597,201427,30,TRUE,TRUE
2222,E014,1989,1990,14,15,14,15,380597,201427,381241,201774,731.5360551606462,TRUE,TRUE
2223,E014,1990,1991,15,16,15,16,381241,201774,381157,201365,417.53682472328114,TRUE,TRUE
2224,E014,1991,1992,16,17,16,17,381157,201365,380625,200466,1044.6171547509643,TRUE,TRUE
2225,E014,1992,1993,17,18,17,18,380625,200466,381370,201620,1373.5869102463084,TRUE,TRUE
2226,E014,1993,1994,18,19,18,19,381370,201620,379874,201435,1507.3954358428978,TRUE,TRUE
2227,E014,1994,1995,19,20,19,20,379874,201435,381230,201693,1380.3260484392808,TRUE,TRUE
2228,E014,1995,1996,20,21,20,21,381230,201693,383675,202710,2648.077415786782,TRUE,TRUE
2229,E014,1996,1997,21,22,21,22,383675,202710,380707,200454,3728.0772524184636,TRUE,TRUE
2230,E016,1988,1989,13,14,13,14,380621,201409,380597,201427,30,TRUE,TRUE
2231,E016,1989,1990,14,15,14,15,380597,201427,381241,201774,731.5360551606462,TRUE,TRUE
2232,E016,1990,1991,15,16,15,16,381241,201774,381157,201365,417.53682472328114,TRUE,TRUE
2233,E016,1991,1992,16,17,16,17,381157,201365,380625,200466,1044.6171547509643,TRUE,TRUE
2234,E016,1992,1993,17,18,17,18,380625,200466,381370,201620,1373.5869102463084,TRUE,TRUE
2235,E016,1993,1994,18,19,18,19,381370,201620,379874,201435,1507.3954358428978,TRUE,TRUE
2236,E020,1988,1989,13,14,13,14,380621,201409,380597,201427,30,TRUE,TRUE
2237,E020,1989,1990,14,15,14,15,380597,201427,381241,201774,731.5360551606462,TRUE,TRUE
2238,E020,1990,1991,15,16,15,16,381241,201774,381157,201365,417.53682472328114,TRUE,TRUE
2239,E020,1991,1992,16,17,16,17,381157,201365,380625,200466,1044.6171547509643,TRUE,TRUE
2240,E020,1992,1993,17,18,17,18,380625,200466,381370,201620,1373.5869102463084,TRUE,TRUE
2241,E020,1993,1994,18,19,18,19,381370,201620,379874,201435,1507.3954358428978,TRUE,TRUE
2242,E022,1988,1989,13,14,13,14,380621,201409,380597,201427,30,TRUE,TRUE
2243,E022,1989,1990,14,15,14,15,380597,201427,381241,201774,731.5360551606462,TRUE,TRUE
2244,E022,1990,1991,15,16,15,16,381241,201774,381157,201365,417.53682472328114,TRUE,TRUE
2245,E023,1988,1989,13,14,13,14,380621,201409,380597,201427,30,TRUE,TRUE
2246,E023,1989,1990,14,15,14,15,380597,201427,381241,201774,731.5360551606462,TRUE,TRUE
2247,E023,1990,1991,15,16,15,16,381241,201774,381157,201365,417.53682472328114,TRUE,TRUE
2248,E023,1991,1992,16,17,16,17,381157,201365,380625,200466,1044.6171547509643,TRUE,TRUE
2249,E023,1992,1993,17,18,17,18,380625,200466,381370,201620,1373.5869102463084,TRUE,TRUE
2250,E023,1993,1994,18,19,18,19,381370,201620,379874,201435,1507.3954358428978,TRUE,TRUE
2251,E023,1994,1995,19,20,19,20,379874,201435,381230,201693,1380.3260484392808,TRUE,TRUE
2252,E023,1995,1996,20,21,20,21,381230,201693,383675,202710,2648.077415786782,TRUE,TRUE
2253,E024,1988,1989,13,14,13,14,380621,201409,380597,201427,30,TRUE,TRUE
2254,E024,1989,1990,14,15,14,15,380597,201427,381241,201774,731.5360551606462,TRUE,TRUE
2255,E027,1988,1989,13,14,13,14,380621,201409,380597,201427,30,TRUE,TRUE
2256,E027,1989,1990,14,15,14,15,380597,201427,381241,201774,731.5360551606462,TRUE,TRUE
2257,E027,1990,1991,15,16,15,16,381241,201774,381157,201365,417.53682472328114,TRUE,TRUE
2258,E027,1991,1992,16,17,16,17,381157,201365,380625,200466,1044.6171547509643,TRUE,TRUE
2259,E027,1992,1993,17,18,17,18,380625,200466,381370,201620,1373.5869102463084,TRUE,TRUE
2260,E027,1993,1994,18,19,18,19,381370,201620,379874,201435,1507.3954358428978,TRUE,TRUE
2261,E030,1988,1989,13,14,13,14,380621,201409,380597,201427,30,TRUE,TRUE
2262,E030,1989,1990,14,15,14,15,380597,201427,381241,201774,731.5360551606462,TRUE,TRUE
2263,E030,1990,1991,15,16,15,16,381241,201774,381157,201365,417.53682472328114,TRUE,TRUE
2264,E030,1991,1992,16,17,16,17,381157,201365,380625,200466,1044.6171547509643,TRUE,TRUE
2265,E030,1992,1993,17,18,17,18,380625,200466,381370,201620,1373.5869102463084,TRUE,TRUE
2266,E030,1993,1994,18,19,18,19,381370,201620,379874,201435,1507.3954358428978,TRUE,TRUE
2267,E032,1988,1989,13,14,13,14,380621,201409,380597,201427,30,TRUE,TRUE
2268,E032,1989,1990,14,15,14,15,380597,201427,381241,201774,731.5360551606462,TRUE,TRUE
2269,E032,1990,1991,15,16,15,16,381241,201774,381157,201365,417.53682472328114,TRUE,TRUE
2270,E032,1991,1992,16,17,16,17,381157,201365,380625,200466,1044.6171547509643,TRUE,TRUE
2271,E032,1992,1993,17,18,17,18,380625,200466,381370,201620,1373.5869102463084,TRUE,TRUE
2272,E032,1993,1994,18,19,18,19,381370,201620,379874,201435,1507.3954358428978,TRUE,TRUE
2273,E032,1994,1995,19,20,19,20,379874,201435,381230,201693,1380.3260484392808,TRUE,TRUE
2274,E033,1988,1989,13,14,13,14,380621,201409,380597,201427,30,TRUE,TRUE
2275,E033,1989,1990,14,15,14,15,380597,201427,381241,201774,731.5360551606462,TRUE,TRUE
2276,E034,1988,1989,13,14,13,14,380621,201409,380597,201427,30,TRUE,TRUE
2277,E034,1989,1990,14,15,14,15,380597,201427,381241,201774,731.5360551606462,TRUE,TRUE
2278,E034,1990,1991,15,16,15,16,381241,201774,381157,201365,417.53682472328114,TRUE,TRUE
2279,E034,1991,1992,16,17,16,17,381157,201365,380625,200466,1044.6171547509643,TRUE,TRUE
2280,E034,1992,1993,17,18,17,18,380625,200466,381370,201620,1373.5869102463084,TRUE,TRUE
2281,E034,1993,1994,18,19,18,19,381370,201620,379874,201435,1507.3954358428978,TRUE,TRUE
2282,E034,1994,1995,19,20,19,20,379874,201435,381230,201693,1380.3260484392808,TRUE,TRUE
2283,E034,1995,1996,20,21,20,21,381230,201693,383675,202710,2648.077415786782,TRUE,TRUE
2284,E036,1988,1989,13,14,13,14,380621,201409,380597,201427,30,TRUE,TRUE
2285,E036,1989,1990,14,15,14,15,380597,201427,381241,201774,731.5360551606462,TRUE,TRUE
2286,E036,1990,1991,15,16,15,16,381241,201774,381157,201365,417.53682472328114,TRUE,TRUE
2287,E038,1988,1989,13,14,13,14,380621,201409,380597,201427,30,TRUE,TRUE
2288,E038,1989,1990,14,15,14,15,380597,201427,381241,201774,731.5360551606462,TRUE,TRUE
2289,E038,1990,1991,15,16,15,16,381241,201774,381157,201365,417.53682472328114,TRUE,TRUE
2290,E039,1988,1989,13,14,13,14,380621,201409,380597,201427,30,TRUE,TRUE
2291,E039,1989,1990,14,15,14,15,380597,201427,381241,201774,731.5360551606462,TRUE,TRUE
2292,E039,1990,1991,15,16,15,16,381241,201774,381157,201365,417.53682472328114,TRUE,TRUE
2293,E041,1988,1989,13,14,13,14,380621,201409,380597,201427,30,TRUE,TRUE
2294,E041,1989,1990,14,15,14,15,380597,201427,381241,201774,731.5360551606462,TRUE,TRUE
2295,E041,1990,1991,15,16,15,16,381241,201774,381157,201365,417.53682472328114,TRUE,TRUE
2296,E042,1988,1989,13,14,13,14,380621,201409,380597,201427,30,TRUE,TRUE
2297,E042,1989,1990,14,15,14,15,380597,201427,381241,201774,731.5360551606462,TRUE,TRUE
2298,E042,1990,1991,15,16,15,16,381241,201774,381157,201365,417.53682472328114,TRUE,TRUE
2299,E042,1991,1992,16,17,16,17,381157,201365,380625,200466,1044.6171547509643,TRUE,TRUE
2300,E042,1992,1993,17,18,17,18,380625,200466,381370,201620,1373.5869102463084,TRUE,TRUE
2301,E044,1988,1989,13,14,13,14,380621,201409,380597,201427,30,TRUE,TRUE
2302,E044,1989,1990,14,15,14,15,380597,201427,381241,201774,731.5360551606462,TRUE,TRUE
2303,E044,1990,1991,15,16,15,16,381241,201774,381157,201365,417.53682472328114,TRUE,TRUE
2304,E044,1991,1992,16,17,16,17,381157,201365,380625,200466,1044.6171547509643,TRUE,TRUE
2305,E050,1988,1989,13,14,13,14,380621,201409,380597,201427,30,TRUE,TRUE
2306,E050,1989,1990,14,15,14,15,380597,201427,381241,201774,731.5360551606462,TRUE,TRUE
2307,E051,1988,1989,13,14,13,14,380621,201409,380597,201427,30,TRUE,TRUE
2308,E051,1989,1990,14,15,14,15,380597,201427,381241,201774,731.5360551606462,TRUE,TRUE
2309,E052,1988,1989,13,14,13,14,380621,201409,380597,201427,30,TRUE,TRUE
2310,E052,1989,1990,14,15,14,15,380597,201427,381241,201774,731.5360551606462,TRUE,TRUE
2311,E052,1990,1991,15,16,15,16,381241,201774,381157,201365,417.53682472328114,TRUE,TRUE
2312,E052,1991,1992,16,17,16,17,381157,201365,380625,200466,1044.6171547509643,TRUE,TRUE
2313,E053,1988,1989,13,14,13,14,380621,201409,380597,201427,30,TRUE,TRUE
2314,E053,1989,1990,14,15,14,15,380597,201427,381241,201774,731.5360551606462,TRUE,TRUE
2315,E053,1990,1991,15,16,15,16,381241,201774,381157,201365,417.53682472328114,TRUE,TRUE
2316,E053,1991,1992,16,17,16,17,381157,201365,380625,200466,1044.6171547509643,TRUE,TRUE
2317,E053,1992,1993,17,18,17,18,380625,200466,381370,201620,1373.5869102463084,TRUE,TRUE
2318,E053,1993,1994,18,19,18,19,381370,201620,379874,201435,1507.3954358428978,TRUE,TRUE
2319,E054,1988,1989,13,14,13,14,380621,201409,380597,201427,30,TRUE,TRUE
2320,E054,1989,1990,14,15,14,15,380597,201427,381241,201774,731.5360551606462,TRUE,TRUE
2321,E055,1988,1989,13,14,13,14,380621,201409,380597,201427,30,TRUE,TRUE
2322,E055,1989,1990,14,15,14,15,380597,201427,381241,201774,731.5360551606462,TRUE,TRUE
2323,E058,1988,1989,13,14,13,14,380621,201409,380597,201427,30,TRUE,TRUE
2324,E058,1989,1990,14,15,14,15,380597,201427,381241,201774,731.5360551606462,TRUE,TRUE
2325,E058,1990,1991,15,16,15,16,381241,201774,381157,201365,417.53682472328114,TRUE,TRUE
2326,E058,1991,1992,16,17,16,17,381157,201365,380625,200466,1044.6171547509643,TRUE,TRUE
2327,E058,1992,1993,17,18,17,18,380625,200466,381370,201620,1373.5869102463084,TRUE,TRUE
2328,E058,1993,1994,18,19,18,19,381370,201620,379874,201435,1507.3954358428978,TRUE,TRUE
2329,E058,1994,1995,19,20,19,20,379874,201435,381230,201693,1380.3260484392808,TRUE,TRUE
2330,E058,1995,1996,20,21,20,21,381230,201693,383675,202710,2648.077415786782,TRUE,TRUE
2331,E059,1988,1989,13,14,13,14,380621,201409,380597,201427,30,TRUE,TRUE
2332,E059,1989,1990,14,15,14,15,380597,201427,381241,201774,731.5360551606462,TRUE,TRUE
2333,E059,1990,1991,15,16,15,16,381241,201774,381157,201365,417.53682472328114,TRUE,TRUE
2334,E059,1991,1992,16,17,16,17,381157,201365,380625,200466,1044.6171547509643,TRUE,TRUE
2335,E059,1992,1993,17,18,17,18,380625,200466,381370,201620,1373.5869102463084,TRUE,TRUE
2336,E059,1993,1994,18,19,18,19,381370,201620,379874,201435,1507.3954358428978,TRUE,TRUE
2337,E060,1988,1989,13,14,13,14,380621,201409,380597,201427,30,TRUE,TRUE
2338,E060,1989,1990,14,15,14,15,380597,201427,381241,201774,731.5360551606462,TRUE,TRUE
2339,E060,1990,1991,15,16,15,16,381241,201774,381157,201365,417.53682472328114,TRUE,TRUE
2340,E060,1991,1992,16,17,16,17,381157,201365,380625,200466,1044.6171547509643,TRUE,TRUE
2341,E060,1992,1993,17,18,17,18,380625,200466,381370,201620,1373.5869102463084,TRUE,TRUE
2342,E060,1993,1994,18,19,18,19,381370,201620,379874,201435,1507.3954358428978,TRUE,TRUE
2343,E061,1988,1989,13,14,13,14,380621,201409,380597,201427,30,TRUE,TRUE
2344,E061,1989,1990,14,15,14,15,380597,201427,381241,201774,731.5360551606462,TRUE,TRUE
2345,E061,1990,1991,15,16,15,16,381241,201774,381157,201365,417.53682472328114,TRUE,TRUE
2346,E061,1991,1992,16,17,16,17,381157,201365,380625,200466,1044.6171547509643,TRUE,TRUE
2347,E061,1992,1993,17,18,17,18,380625,200466,381370,201620,1373.5869102463084,TRUE,TRUE
2348,E063,1988,1989,13,14,13,14,380621,201409,380597,201427,30,TRUE,TRUE
2349,E063,1989,1990,14,15,14,15,380597,201427,381241,201774,731.5360551606462,TRUE,TRUE
2350,E063,1990,1991,15,16,15,16,381241,201774,381157,201365,417.53682472328114,TRUE,TRUE
2351,E063,1991,1992,16,17,16,17,381157,201365,380625,200466,1044.6171547509643,TRUE,TRUE
2352,E063,1992,1993,17,18,17,18,380625,200466,381370,201620,1373.5869102463084,TRUE,TRUE
2353,E064,1988,1989,13,14,13,14,380621,201409,380597,201427,30,TRUE,TRUE
2354,E064,1989,1990,14,15,14,15,380597,201427,381241,201774,731.5360551606462,TRUE,TRUE
2355,E064,1990,1991,15,16,15,16,381241,201774,381157,201365,417.53682472328114,TRUE,TRUE
2356,E064,1991,1992,16,17,16,17,381157,201365,380625,200466,1044.6171547509643,TRUE,TRUE
2357,E065,1988,1989,13,14,13,14,380621,201409,380597,201427,30,TRUE,TRUE
2358,E065,1989,1990,14,15,14,15,380597,201427,381241,201774,731.5360551606462,TRUE,TRUE
2359,E065,1990,1991,15,16,15,16,381241,201774,381157,201365,417.53682472328114,TRUE,TRUE
2360,E065,1991,1992,16,17,16,17,381157,201365,380625,200466,1044.6171547509643,TRUE,TRUE
2361,E065,1992,1993,17,18,17,18,380625,200466,381370,201620,1373.5869102463084,TRUE,TRUE
2362,E065,1993,1994,18,19,18,19,381370,201620,379874,201435,1507.3954358428978,TRUE,TRUE
2363,E066,1988,1989,13,14,13,14,380621,201409,380597,201427,30,TRUE,TRUE
2364,E066,1989,1990,14,15,14,15,380597,201427,381241,201774,731.5360551606462,TRUE,TRUE
2365,E067,1988,1989,13,14,13,14,380621,201409,380597,201427,30,TRUE,TRUE
2366,E067,1989,1990,14,15,14,15,380597,201427,381241,201774,731.5360551606462,TRUE,TRUE
2367,E067,1990,1991,15,16,15,16,381241,201774,381157,201365,417.53682472328114,TRUE,TRUE
2368,E067,1991,1992,16,17,16,17,381157,201365,380625,200466,1044.6171547509643,TRUE,TRUE
2369,E067,1992,1993,17,18,17,18,380625,200466,381370,201620,1373.5869102463084,TRUE,TRUE
2370,E068,1988,1989,13,14,13,14,380621,201409,380597,201427,30,TRUE,TRUE
2371,E068,1989,1990,14,15,14,15,380597,201427,381241,201774,731.5360551606462,TRUE,TRUE
2372,E068,1990,1991,15,16,15,16,381241,201774,381157,201365,417.53682472328114,TRUE,TRUE
2373,E068,1991,1992,16,17,16,17,381157,201365,380625,200466,1044.6171547509643,TRUE,TRUE
2374,E068,1992,1993,17,18,17,18,380625,200466,381370,201620,1373.5869102463084,TRUE,TRUE
2375,E068,1993,1994,18,19,18,19,381370,201620,379874,201435,1507.3954358428978,TRUE,TRUE
2376,E068,1994,1995,19,20,19,20,379874,201435,381230,201693,1380.3260484392808,TRUE,TRUE
2377,E068,1995,1996,20,21,20,21,381230,201693,383675,202710,2648.077415786782,TRUE,TRUE
2378,E071,1988,1989,13,14,13,14,380621,201409,380597,201427,30,TRUE,TRUE
2379,E071,1989,1990,14,15,14,15,380597,201427,381241,201774,731.5360551606462,TRUE,TRUE
2380,E071,1990,1991,15,16,15,16,381241,201774,381157,201365,417.53682472328114,TRUE,TRUE
2381,E071,1991,1992,16,17,16,17,381157,201365,380625,200466,1044.6171547509643,TRUE,TRUE
2382,E072,1988,1989,13,14,13,14,380621,201409,380597,201427,30,TRUE,TRUE
2383,E072,1989,1990,14,15,14,15,380597,201427,381241,201774,731.5360551606462,TRUE,TRUE
2384,E072,1990,1991,15,16,15,16,381241,201774,381157,201365,417.53682472328114,TRUE,TRUE
2385,E072,1991,1992,16,17,16,17,381157,201365,380625,200466,1044.6171547509643,TRUE,TRUE
2386,E072,1992,1993,17,18,17,18,380625,200466,381370,201620,1373.5869102463084,TRUE,TRUE
2387,E072,1993,1994,18,19,18,19,381370,201620,379874,201435,1507.3954358428978,TRUE,TRUE
2388,E073,1988,1989,13,14,13,14,380621,201409,380597,201427,30,TRUE,TRUE
2389,E073,1989,1990,14,15,14,15,380597,201427,381241,201774,731.5360551606462,TRUE,TRUE
2390,E073,1990,1991,15,16,15,16,381241,201774,381157,201365,417.53682472328114,TRUE,TRUE
2391,E073,1991,1992,16,17,16,17,381157,201365,380625,200466,1044.6171547509643,TRUE,TRUE
2392,E073,1992,1993,17,18,17,18,380625,200466,381370,201620,1373.5869102463084,TRUE,TRUE
2393,E073,1993,1994,18,19,18,19,381370,201620,379874,201435,1507.3954358428978,TRUE,TRUE
2394,E073,1994,1995,19,20,19,20,379874,201435,381230,201693,1380.3260484392808,TRUE,TRUE
2395,E074,1988,1989,13,14,13,14,380621,201409,380597,201427,30,TRUE,TRUE
2396,E074,1989,1990,14,15,14,15,380597,201427,381241,201774,731.5360551606462,TRUE,TRUE
2397,E074,1990,1991,15,16,15,16,381241,201774,381157,201365,417.53682472328114,TRUE,TRUE
2398,E076,1988,1989,13,14,13,14,380621,201409,380597,201427,30,TRUE,TRUE
2399,E076,1989,1990,14,15,14,15,380597,201427,381241,201774,731.5360551606462,TRUE,TRUE
2400,E076,1990,1991,15,16,15,16,381241,201774,381157,201365,417.53682472328114,TRUE,TRUE
2401,E076,1991,1992,16,17,16,17,381157,201365,380625,200466,1044.6171547509643,TRUE,TRUE
2402,E076,1992,1993,17,18,17,18,380625,200466,381370,201620,1373.5869102463084,TRUE,TRUE
2403,E077,1988,1989,13,14,13,14,380621,201409,380597,201427,30,TRUE,TRUE
2404,E077,1989,1990,14,15,14,15,380597,201427,381241,201774,731.5360551606462,TRUE,TRUE
2405,E077,1990,1991,15,16,15,16,381241,201774,381157,201365,417.53682472328114,TRUE,TRUE
2406,E077,1991,1992,16,17,16,17,381157,201365,380625,200466,1044.6171547509643,TRUE,TRUE
2407,E079,1988,1989,13,14,13,14,380621,201409,380597,201427,30,TRUE,TRUE
2408,E079,1989,1990,14,15,14,15,380597,201427,381241,201774,731.5360551606462,TRUE,TRUE
2409,E079,1990,1991,15,16,15,16,381241,201774,381157,201365,417.53682472328114,TRUE,TRUE
2410,E080,1988,1989,13,14,13,14,380621,201409,380597,201427,30,TRUE,TRUE
2411,E080,1989,1990,14,15,14,15,380597,201427,381241,201774,731.5360551606462,TRUE,TRUE
2412,E080,1990,1991,15,16,15,16,381241,201774,381157,201365,417.53682472328114,TRUE,TRUE
2413,E080,1991,1992,16,17,16,17,381157,201365,380625,200466,1044.6171547509643,TRUE,TRUE
2414,E080,1992,1993,17,18,17,18,380625,200466,381370,201620,1373.5869102463084,TRUE,TRUE
2415,E082,1988,1989,13,14,13,14,380621,201409,380597,201427,30,TRUE,TRUE
2416,E082,1989,1990,14,15,14,15,380597,201427,381241,201774,731.5360551606462,TRUE,TRUE
2417,E083,1988,1989,13,14,13,14,380621,201409,380597,201427,30,TRUE,TRUE
2418,E083,1989,1990,14,15,14,15,380597,201427,381241,201774,731.5360551606462,TRUE,TRUE
2419,E083,1990,1991,15,16,15,16,381241,201774,381157,201365,417.53682472328114,TRUE,TRUE
2420,E083,1991,1992,16,17,16,17,381157,201365,380625,200466,1044.6171547509643,TRUE,TRUE
2421,E083,1992,1993,17,18,17,18,380625,200466,381370,201620,1373.5869102463084,TRUE,TRUE
2422,E083,1993,1994,18,19,18,19,381370,201620,379874,201435,1507.3954358428978,TRUE,TRUE
2423,E083,1994,1995,19,20,19,20,379874,201435,381230,201693,1380.3260484392808,TRUE,TRUE
2424,E083,1995,1996,20,21,20,21,381230,201693,383675,202710,2648.077415786782,TRUE,TRUE
2425,E083,1996,1997,21,22,21,22,383675,202710,380707,200454,3728.0772524184636,TRUE,TRUE
2426,E083,1997,1998,22,23,22,23,380707,200454,379814,201477,1357.931515209806,TRUE,TRUE
2427,E083,1998,1999,23,24,23,24,379814,201477,380580,201391,770.8125582785999,TRUE,TRUE
2428,E086,1988,1989,13,14,13,14,380621,201409,380597,201427,30,TRUE,TRUE
2429,E086,1989,1990,14,15,14,15,380597,201427,381241,201774,731.5360551606462,TRUE,TRUE
2430,E086,1990,1991,15,16,15,16,381241,201774,381157,201365,417.53682472328114,TRUE,TRUE
2431,E086,1991,1992,16,17,16,17,381157,201365,380625,200466,1044.6171547509643,TRUE,TRUE
2432,E086,1992,1993,17,18,17,18,380625,200466,381370,201620,1373.5869102463084,TRUE,TRUE
2433,E087,1988,1989,13,14,13,14,380621,201409,380597,201427,30,TRUE,TRUE
2434,E087,1989,1990,14,15,14,15,380597,201427,381241,201774,731.5360551606462,TRUE,TRUE
2435,E087,1990,1991,15,16,15,16,381241,201774,381157,201365,417.53682472328114,TRUE,TRUE
2436,E087,1991,1992,16,17,16,17,381157,201365,380625,200466,1044.6171547509643,TRUE,TRUE
2437,E087,1992,1993,17,18,17,18,380625,200466,381370,201620,1373.5869102463084,TRUE,TRUE
2438,E087,1993,1994,18,19,18,19,381370,201620,379874,201435,1507.3954358428978,TRUE,TRUE
2439,E088,1988,1989,13,14,13,14,380621,201409,380597,201427,30,TRUE,TRUE
2440,E088,1989,1990,14,15,14,15,380597,201427,381241,201774,731.5360551606462,TRUE,TRUE
2441,E088,1990,1991,15,16,15,16,381241,201774,381157,201365,417.53682472328114,TRUE,TRUE
2442,E088,1991,1992,16,17,16,17,381157,201365,380625,200466,1044.6171547509643,TRUE,TRUE
2443,E088,1992,1993,17,18,17,18,380625,200466,381370,201620,1373.5869102463084,TRUE,TRUE
2444,E088,1993,1994,18,19,18,19,381370,201620,379874,201435,1507.3954358428978,TRUE,TRUE
2445,E089,1988,1989,13,14,13,14,380621,201409,380597,201427,30,TRUE,TRUE
2446,E089,1989,1990,14,15,14,15,380597,201427,381241,201774,731.5360551606462,TRUE,TRUE
2447,E089,1990,1991,15,16,15,16,381241,201774,381157,201365,417.53682472328114,TRUE,TRUE
2448,E089,1991,1992,16,17,16,17,381157,201365,380625,200466,1044.6171547509643,TRUE,TRUE
2449,E089,1992,1993,17,18,17,18,380625,200466,381370,201620,1373.5869102463084,TRUE,TRUE
2450,E092,1988,1989,13,14,13,14,380621,201409,380597,201427,30,TRUE,TRUE
2451,E092,1989,1990,14,15,14,15,380597,201427,381241,201774,731.5360551606462,TRUE,TRUE
2452,E092,1990,1991,15,16,15,16,381241,201774,381157,201365,417.53682472328114,TRUE,TRUE
2453,E092,1991,1992,16,17,16,17,381157,201365,380625,200466,1044.6171547509643,TRUE,TRUE
2454,E092,1992,1993,17,18,17,18,380625,200466,381370,201620,1373.5869102463084,TRUE,TRUE
2455,E092,1993,1994,18,19,18,19,381370,201620,379874,201435,1507.3954358428978,TRUE,TRUE
2456,E092,1994,1995,19,20,19,20,379874,201435,381230,201693,1380.3260484392808,TRUE,TRUE
2457,E092,1995,1996,20,21,20,21,381230,201693,383675,202710,2648.077415786782,TRUE,TRUE
2458,E092,1996,1997,21,22,21,22,383675,202710,380707,200454,3728.0772524184636,TRUE,TRUE
2459,E092,1997,1998,22,23,22,23,380707,200454,379814,201477,1357.931515209806,TRUE,TRUE
2460,E093,1988,1989,13,14,13,14,380621,201409,380597,201427,30,TRUE,TRUE
2461,E093,1989,1990,14,15,14,15,380597,201427,381241,201774,731.5360551606462,TRUE,TRUE
2462,E094,1988,1989,13,14,13,14,380621,201409,380597,201427,30,TRUE,TRUE
2463,E094,1989,1990,14,15,14,15,380597,201427,381241,201774,731.5360551606462,TRUE,TRUE
2464,E094,1990,1991,15,16,15,16,381241,201774,381157,201365,417.53682472328114,TRUE,TRUE
2465,E097,1988,1989,13,14,13,14,380621,201409,380597,201427,30,TRUE,TRUE
2466,E097,1989,1990,14,15,14,15,380597,201427,381241,201774,731.5360551606462,TRUE,TRUE
2467,E097,1990,1991,15,16,15,16,381241,201774,381157,201365,417.53682472328114,TRUE,TRUE
2468,E097,1991,1992,16,17,16,17,381157,201365,380625,200466,1044.6171547509643,TRUE,TRUE
2469,E098,1988,1989,13,14,13,14,380621,201409,380597,201427,30,TRUE,TRUE
2470,E098,1989,1990,14,15,14,15,380597,201427,381241,201774,731.5360551606462,TRUE,TRUE
2471,E098,1990,1991,15,16,15,16,381241,201774,381157,201365,417.53682472328114,TRUE,TRUE
2472,E100,1988,1989,13,14,13,14,380621,201409,380597,201427,30,TRUE,TRUE
2473,E100,1989,1990,14,15,14,15,380597,201427,381241,201774,731.5360551606462,TRUE,TRUE
2474,E101,1988,1989,13,14,13,14,380621,201409,380597,201427,30,TRUE,TRUE
2475,E101,1989,1990,14,15,14,15,380597,201427,381241,201774,731.5360551606462,TRUE,TRUE
2476,E103,1988,1989,13,14,13,14,380621,201409,380597,201427,30,TRUE,TRUE
2477,E103,1989,1990,14,15,14,15,380597,201427,381241,201774,731.5360551606462,TRUE,TRUE
2478,E103,1990,1991,15,16,15,16,381241,201774,381157,201365,417.53682472328114,TRUE,TRUE
2479,E103,1991,1992,16,17,16,17,381157,201365,380625,200466,1044.6171547509643,TRUE,TRUE
2480,E103,1992,1993,17,18,17,18,380625,200466,381370,201620,1373.5869102463084,TRUE,TRUE
2481,E103,1993,1994,18,19,18,19,381370,201620,379874,201435,1507.3954358428978,TRUE,TRUE
2482,E106,1988,1989,13,14,13,14,380621,201409,380597,201427,30,TRUE,TRUE
2483,E106,1989,1990,14,15,14,15,380597,201427,381241,201774,731.5360551606462,TRUE,TRUE
2484,E106,1990,1991,15,16,15,16,381241,201774,381157,201365,417.53682472328114,TRUE,TRUE
2485,E106,1991,1992,16,17,16,17,381157,201365,380625,200466,1044.6171547509643,TRUE,TRUE
2486,E106,1992,1993,17,18,17,18,380625,200466,381370,201620,1373.5869102463084,TRUE,TRUE
2487,F001,1985,1986,10,11,10,11,382099,200773,380449,201388,1760.8875602945238,TRUE,TRUE
2488,F001,1986,1987,11,12,11,12,380449,201388,382916,202222,2604.1591733225523,TRUE,TRUE
2489,F001,1987,1988,12,13,12,13,382916,202222,380621,201409,2434.747214804855,TRUE,TRUE
2490,F002,1985,1986,10,11,10,11,382099,200773,380449,201388,1760.8875602945238,TRUE,TRUE
2491,F002,1986,1987,11,12,11,12,380449,201388,382916,202222,2604.1591733225523,TRUE,TRUE
2492,F004,1985,1986,10,11,10,11,382099,200773,380449,201388,1760.8875602945238,TRUE,TRUE
2493,F004,1986,1987,11,12,11,12,380449,201388,382916,202222,2604.1591733225523,TRUE,TRUE
2494,F004,1987,1988,12,13,12,13,382916,202222,380621,201409,2434.747214804855,TRUE,TRUE
2495,F005,1985,1986,10,11,10,11,382099,200773,380449,201388,1760.8875602945238,TRUE,TRUE
2496,F005,1986,1987,11,12,11,12,380449,201388,382916,202222,2604.1591733225523,TRUE,TRUE
2497,F005,1987,1988,12,13,12,13,382916,202222,380621,201409,2434.747214804855,TRUE,TRUE
2498,F005,1988,1989,13,14,13,14,380621,201409,380597,201427,30,TRUE,TRUE
2499,F005,1989,1990,14,15,14,15,380597,201427,381241,201774,731.5360551606462,TRUE,TRUE
2500,F005,1990,1991,15,16,15,16,381241,201774,381157,201365,417.53682472328114,TRUE,TRUE
2501,F005,1991,1992,16,17,16,17,381157,201365,380625,200466,1044.6171547509643,TRUE,TRUE
2502,F005,1992,1993,17,18,17,18,380625,200466,381370,201620,1373.5869102463084,TRUE,TRUE
2503,F007,1985,1986,10,11,10,11,382099,200773,380449,201388,1760.8875602945238,TRUE,TRUE
2504,F007,1986,1987,11,12,11,12,380449,201388,382916,202222,2604.1591733225523,TRUE,TRUE
2505,F007,1987,1988,12,13,12,13,382916,202222,380621,201409,2434.747214804855,TRUE,TRUE
2506,F007,1988,1989,13,14,13,14,380621,201409,380597,201427,30,TRUE,TRUE
2507,F007,1989,1990,14,15,14,15,380597,201427,381241,201774,731.5360551606462,TRUE,TRUE
2508,F007,1990,1991,15,16,15,16,381241,201774,381157,201365,417.53682472328114,TRUE,TRUE
2509,F007,1991,1992,16,17,16,17,381157,201365,380625,200466,1044.6171547509643,TRUE,TRUE
2510,F007,1992,1993,17,18,17,18,380625,200466,381370,201620,1373.5869102463084,TRUE,TRUE
2511,F009,1985,1986,10,11,10,11,382099,200773,380449,201388,1760.8875602945238,TRUE,TRUE
2512,F009,1986,1987,11,12,11,12,380449,201388,382916,202222,2604.1591733225523,TRUE,TRUE
2513,F009,1987,1988,12,13,12,13,382916,202222,380621,201409,2434.747214804855,TRUE,TRUE
2514,F011,1985,1986,10,11,10,11,382099,200773,380449,201388,1760.8875602945238,TRUE,TRUE
2515,F011,1986,1987,11,12,11,12,380449,201388,382916,202222,2604.1591733225523,TRUE,TRUE
2516,F013,1985,1986,10,11,10,11,382099,200773,380449,201388,1760.8875602945238,TRUE,TRUE
2517,F013,1986,1987,11,12,11,12,380449,201388,382916,202222,2604.1591733225523,TRUE,TRUE
2518,F013,1987,1988,12,13,12,13,382916,202222,380621,201409,2434.747214804855,TRUE,TRUE
2519,F013,1988,1989,13,14,13,14,380621,201409,380597,201427,30,TRUE,TRUE
2520,F013,1989,1990,14,15,14,15,380597,201427,381241,201774,731.5360551606462,TRUE,TRUE
2521,F013,1990,1991,15,16,15,16,381241,201774,381157,201365,417.53682472328114,TRUE,TRUE
2522,F013,1991,1992,16,17,16,17,381157,201365,380625,200466,1044.6171547509643,TRUE,TRUE
2523,F013,1992,1993,17,18,17,18,380625,200466,381370,201620,1373.5869102463084,TRUE,TRUE
2524,F013,1993,1994,18,19,18,19,381370,201620,379874,201435,1507.3954358428978,TRUE,TRUE
2525,F013,1994,1995,19,20,19,20,379874,201435,381230,201693,1380.3260484392808,TRUE,TRUE
2526,F020,1985,1986,10,11,10,11,382099,200773,380449,201388,1760.8875602945238,TRUE,TRUE
2527,F020,1986,1987,11,12,11,12,380449,201388,382916,202222,2604.1591733225523,TRUE,TRUE
2528,F020,1987,1988,12,13,12,13,382916,202222,380621,201409,2434.747214804855,TRUE,TRUE
2529,F022,1985,1986,10,11,10,11,382099,200773,380449,201388,1760.8875602945238,TRUE,TRUE
2530,F022,1986,1987,11,12,11,12,380449,201388,382916,202222,2604.1591733225523,TRUE,TRUE
2531,F022,1987,1988,12,13,12,13,382916,202222,380621,201409,2434.747214804855,TRUE,TRUE
2532,F023,1985,1986,10,11,10,11,382099,200773,380449,201388,1760.8875602945238,TRUE,TRUE
2533,F023,1986,1987,11,12,11,12,380449,201388,382916,202222,2604.1591733225523,TRUE,TRUE
2534,F023,1987,1988,12,13,12,13,382916,202222,380621,201409,2434.747214804855,TRUE,TRUE
2535,F023,1988,1989,13,14,13,14,380621,201409,380597,201427,30,TRUE,TRUE
2536,F023,1989,1990,14,15,14,15,380597,201427,381241,201774,731.5360551606462,TRUE,TRUE
2537,F023,1990,1991,15,16,15,16,381241,201774,381157,201365,417.53682472328114,TRUE,TRUE
2538,F023,1991,1992,16,17,16,17,381157,201365,380625,200466,1044.6171547509643,TRUE,TRUE
2539,F023,1992,1993,17,18,17,18,380625,200466,381370,201620,1373.5869102463084,TRUE,TRUE
2540,F025,1985,1986,10,11,10,11,382099,200773,380449,201388,1760.8875602945238,TRUE,TRUE
2541,F025,1986,1987,11,12,11,12,380449,201388,382916,202222,2604.1591733225523,TRUE,TRUE
2542,F027,1985,1986,10,11,10,11,382099,200773,380449,201388,1760.8875602945238,TRUE,TRUE
2543,F027,1986,1987,11,12,11,12,380449,201388,382916,202222,2604.1591733225523,TRUE,TRUE
2544,F027,1987,1988,12,13,12,13,382916,202222,380621,201409,2434.747214804855,TRUE,TRUE
2545,F028,1985,1986,10,11,10,11,382099,200773,380449,201388,1760.8875602945238,TRUE,TRUE
2546,F028,1986,1987,11,12,11,12,380449,201388,382916,202222,2604.1591733225523,TRUE,TRUE
2547,F033,1985,1986,10,11,10,11,382099,200773,380449,201388,1760.8875602945238,TRUE,TRUE
2548,F033,1986,1987,11,12,11,12,380449,201388,382916,202222,2604.1591733225523,TRUE,TRUE
2549,F033,1987,1988,12,13,12,13,382916,202222,380621,201409,2434.747214804855,TRUE,TRUE
2550,F033,1988,1989,13,14,13,14,380621,201409,380597,201427,30,TRUE,TRUE
2551,F033,1989,1990,14,15,14,15,380597,201427,381241,201774,731.5360551606462,TRUE,TRUE
2552,F038,1985,1986,10,11,10,11,382099,200773,380449,201388,1760.8875602945238,TRUE,TRUE
2553,F038,1986,1987,11,12,11,12,380449,201388,382916,202222,2604.1591733225523,TRUE,TRUE
2554,F038,1987,1988,12,13,12,13,382916,202222,380621,201409,2434.747214804855,TRUE,TRUE
2555,F038,1988,1989,13,14,13,14,380621,201409,380597,201427,30,TRUE,TRUE
2556,F038,1989,1990,14,15,14,15,380597,201427,381241,201774,731.5360551606462,TRUE,TRUE
2557,F042,1985,1986,10,11,10,11,382099,200773,380449,201388,1760.8875602945238,TRUE,TRUE
2558,F042,1986,1987,11,12,11,12,380449,201388,382916,202222,2604.1591733225523,TRUE,TRUE
2559,F042,1987,1988,12,13,12,13,382916,202222,380621,201409,2434.747214804855,TRUE,TRUE
2560,F042,1988,1989,13,14,13,14,380621,201409,380597,201427,30,TRUE,TRUE
2561,F043,1985,1986,10,11,10,11,382099,200773,380449,201388,1760.8875602945238,TRUE,TRUE
2562,F043,1986,1987,11,12,11,12,380449,201388,382916,202222,2604.1591733225523,TRUE,TRUE
2563,F043,1987,1988,12,13,12,13,382916,202222,380621,201409,2434.747214804855,TRUE,TRUE
2564,F043,1988,1989,13,14,13,14,380621,201409,380597,201427,30,TRUE,TRUE
2565,F043,1989,1990,14,15,14,15,380597,201427,381241,201774,731.5360551606462,TRUE,TRUE
2566,F043,1990,1991,15,16,15,16,381241,201774,381157,201365,417.53682472328114,TRUE,TRUE
2567,F043,1991,1992,16,17,16,17,381157,201365,380625,200466,1044.6171547509643,TRUE,TRUE
2568,F043,1992,1993,17,18,17,18,380625,200466,381370,201620,1373.5869102463084,TRUE,TRUE
2569,F043,1993,1994,18,19,18,19,381370,201620,379874,201435,1507.3954358428978,TRUE,TRUE
2570,F043,1994,1995,19,20,19,20,379874,201435,381230,201693,1380.3260484392808,TRUE,TRUE
2571,F045,1985,1986,10,11,10,11,382099,200773,380449,201388,1760.8875602945238,TRUE,TRUE
2572,F045,1986,1987,11,12,11,12,380449,201388,382916,202222,2604.1591733225523,TRUE,TRUE
2573,F045,1987,1988,12,13,12,13,382916,202222,380621,201409,2434.747214804855,TRUE,TRUE
2574,F045,1988,1989,13,14,13,14,380621,201409,380597,201427,30,TRUE,TRUE
2575,F045,1989,1990,14,15,14,15,380597,201427,381241,201774,731.5360551606462,TRUE,TRUE
2576,F045,1990,1991,15,16,15,16,381241,201774,381157,201365,417.53682472328114,TRUE,TRUE
2577,F045,1991,1992,16,17,16,17,381157,201365,380625,200466,1044.6171547509643,TRUE,TRUE
2578,F045,1992,1993,17,18,17,18,380625,200466,381370,201620,1373.5869102463084,TRUE,TRUE
2579,F046,1988,1989,13,14,13,14,380621,201409,380597,201427,30,TRUE,TRUE
2580,F046,1989,1990,14,15,14,15,380597,201427,381241,201774,731.5360551606462,TRUE,TRUE
2581,F046,1990,1991,15,16,15,16,381241,201774,381157,201365,417.53682472328114,TRUE,TRUE
2582,F046,1991,1992,16,17,16,17,381157,201365,380625,200466,1044.6171547509643,TRUE,TRUE
2583,F046,1992,1993,17,18,17,18,380625,200466,381370,201620,1373.5869102463084,TRUE,TRUE
2584,F046,1993,1994,18,19,18,19,381370,201620,379874,201435,1507.3954358428978,TRUE,TRUE
2585,F046,1994,1995,19,20,19,20,379874,201435,381230,201693,1380.3260484392808,TRUE,TRUE
2586,F047,1985,1986,10,11,10,11,382099,200773,380449,201388,1760.8875602945238,TRUE,TRUE
2587,F047,1986,1987,11,12,11,12,380449,201388,382916,202222,2604.1591733225523,TRUE,TRUE
2588,F047,1987,1988,12,13,12,13,382916,202222,380621,201409,2434.747214804855,TRUE,TRUE
2589,F047,1988,1989,13,14,13,14,380621,201409,380597,201427,30,TRUE,TRUE
2590,F047,1989,1990,14,15,14,15,380597,201427,381241,201774,731.5360551606462,TRUE,TRUE
2591,F048,1985,1986,10,11,10,11,382099,200773,380449,201388,1760.8875602945238,TRUE,TRUE
2592,F048,1986,1987,11,12,11,12,380449,201388,382916,202222,2604.1591733225523,TRUE,TRUE
2593,F048,1987,1988,12,13,12,13,382916,202222,380621,201409,2434.747214804855,TRUE,TRUE
2594,F048,1988,1989,13,14,13,14,380621,201409,380597,201427,30,TRUE,TRUE
2595,F048,1989,1990,14,15,14,15,380597,201427,381241,201774,731.5360551606462,TRUE,TRUE
2596,F048,1990,1991,15,16,15,16,381241,201774,381157,201365,417.53682472328114,TRUE,TRUE
2597,F048,1991,1992,16,17,16,17,381157,201365,380625,200466,1044.6171547509643,TRUE,TRUE
2598,F048,1992,1993,17,18,17,18,380625,200466,381370,201620,1373.5869102463084,TRUE,TRUE
2599,F049,1985,1986,10,11,10,11,382099,200773,380449,201388,1760.8875602945238,TRUE,TRUE
2600,F049,1986,1987,11,12,11,12,380449,201388,382916,202222,2604.1591733225523,TRUE,TRUE
2601,F049,1987,1988,12,13,12,13,382916,202222,380621,201409,2434.747214804855,TRUE,TRUE
2602,F049,1988,1989,13,14,13,14,380621,201409,380597,201427,30,TRUE,TRUE
2603,F049,1989,1990,14,15,14,15,380597,201427,381241,201774,731.5360551606462,TRUE,TRUE
2604,F050,1985,1986,10,11,10,11,382099,200773,380449,201388,1760.8875602945238,TRUE,TRUE
2605,F050,1986,1987,11,12,11,12,380449,201388,382916,202222,2604.1591733225523,TRUE,TRUE
2606,F050,1987,1988,12,13,12,13,382916,202222,380621,201409,2434.747214804855,TRUE,TRUE
2607,F050,1988,1989,13,14,13,14,380621,201409,380597,201427,30,TRUE,TRUE
2608,F050,1989,1990,14,15,14,15,380597,201427,381241,201774,731.5360551606462,TRUE,TRUE
2609,F050,1990,1991,15,16,15,16,381241,201774,381157,201365,417.53682472328114,TRUE,TRUE
2610,F050,1991,1992,16,17,16,17,381157,201365,380625,200466,1044.6171547509643,TRUE,TRUE
2611,F050,1992,1993,17,18,17,18,380625,200466,381370,201620,1373.5869102463084,TRUE,TRUE
2612,F051,1985,1986,10,11,10,11,382099,200773,380449,201388,1760.8875602945238,TRUE,TRUE
2613,F051,1986,1987,11,12,11,12,380449,201388,382916,202222,2604.1591733225523,TRUE,TRUE
2614,F051,1987,1988,12,13,12,13,382916,202222,380621,201409,2434.747214804855,TRUE,TRUE
2615,F051,1988,1989,13,14,13,14,380621,201409,380597,201427,30,TRUE,TRUE
2616,F051,1989,1990,14,15,14,15,380597,201427,381241,201774,731.5360551606462,TRUE,TRUE
2617,F051,1990,1991,15,16,15,16,381241,201774,381157,201365,417.53682472328114,TRUE,TRUE
2618,F051,1991,1992,16,17,16,17,381157,201365,380625,200466,1044.6171547509643,TRUE,TRUE
2619,F052,1985,1986,10,11,10,11,382099,200773,380449,201388,1760.8875602945238,TRUE,TRUE
2620,F052,1986,1987,11,12,11,12,380449,201388,382916,202222,2604.1591733225523,TRUE,TRUE
2621,F052,1987,1988,12,13,12,13,382916,202222,380621,201409,2434.747214804855,TRUE,TRUE
2622,F052,1988,1989,13,14,13,14,380621,201409,380597,201427,30,TRUE,TRUE
2623,F052,1989,1990,14,15,14,15,380597,201427,381241,201774,731.5360551606462,TRUE,TRUE
2624,F052,1990,1991,15,16,15,16,381241,201774,381157,201365,417.53682472328114,TRUE,TRUE
2625,F052,1991,1992,16,17,16,17,381157,201365,380625,200466,1044.6171547509643,TRUE,TRUE
2626,F052,1992,1993,17,18,17,18,380625,200466,381370,201620,1373.5869102463084,TRUE,TRUE
2627,F052,1993,1994,18,19,18,19,381370,201620,379874,201435,1507.3954358428978,TRUE,TRUE
2628,F052,1994,1995,19,20,19,20,379874,201435,381230,201693,1380.3260484392808,TRUE,TRUE
2629,F053,1985,1986,10,11,10,11,382099,200773,380449,201388,1760.8875602945238,TRUE,TRUE
2630,F053,1986,1987,11,12,11,12,380449,201388,382916,202222,2604.1591733225523,TRUE,TRUE
2631,F056,1985,1986,10,11,10,11,382099,200773,380449,201388,1760.8875602945238,TRUE,TRUE
2632,F056,1986,1987,11,12,11,12,380449,201388,382916,202222,2604.1591733225523,TRUE,TRUE
2633,F056,1987,1988,12,13,12,13,382916,202222,380621,201409,2434.747214804855,TRUE,TRUE
2634,F056,1988,1989,13,14,13,14,380621,201409,380597,201427,30,TRUE,TRUE
2635,F056,1989,1990,14,15,14,15,380597,201427,381241,201774,731.5360551606462,TRUE,TRUE
2636,F056,1990,1991,15,16,15,16,381241,201774,381157,201365,417.53682472328114,TRUE,TRUE
2637,F056,1991,1992,16,17,16,17,381157,201365,380625,200466,1044.6171547509643,TRUE,TRUE
2638,F056,1992,1993,17,18,17,18,380625,200466,381370,201620,1373.5869102463084,TRUE,TRUE
2639,F056,1993,1994,18,19,18,19,381370,201620,379874,201435,1507.3954358428978,TRUE,TRUE
2640,F057,1985,1986,10,11,10,11,382099,200773,380449,201388,1760.8875602945238,TRUE,TRUE
2641,F057,1986,1987,11,12,11,12,380449,201388,382916,202222,2604.1591733225523,TRUE,TRUE
2642,F057,1987,1988,12,13,12,13,382916,202222,380621,201409,2434.747214804855,TRUE,TRUE
2643,F058,1985,1986,10,11,10,11,382099,200773,380449,201388,1760.8875602945238,TRUE,TRUE
2644,F058,1986,1987,11,12,11,12,380449,201388,382916,202222,2604.1591733225523,TRUE,TRUE
2645,F058,1987,1988,12,13,12,13,382916,202222,380621,201409,2434.747214804855,TRUE,TRUE
2646,F059,1985,1986,10,11,10,11,382099,200773,380449,201388,1760.8875602945238,TRUE,TRUE
2647,F059,1986,1987,11,12,11,12,380449,201388,382916,202222,2604.1591733225523,TRUE,TRUE
2648,F060,1985,1986,10,11,10,11,382099,200773,380449,201388,1760.8875602945238,TRUE,TRUE
2649,F060,1986,1987,11,12,11,12,380449,201388,382916,202222,2604.1591733225523,TRUE,TRUE
2650,F063,1985,1986,10,11,10,11,382099,200773,380449,201388,1760.8875602945238,TRUE,TRUE
2651,F063,1986,1987,11,12,11,12,380449,201388,382916,202222,2604.1591733225523,TRUE,TRUE
2652,F063,1987,1988,12,13,12,13,382916,202222,380621,201409,2434.747214804855,TRUE,TRUE
2653,F063,1988,1989,13,14,13,14,380621,201409,380597,201427,30,TRUE,TRUE
2654,F063,1989,1990,14,15,14,15,380597,201427,381241,201774,731.5360551606462,TRUE,TRUE
2655,F063,1990,1991,15,16,15,16,381241,201774,381157,201365,417.53682472328114,TRUE,TRUE
2656,F063,1991,1992,16,17,16,17,381157,201365,380625,200466,1044.6171547509643,TRUE,TRUE
2657,F063,1992,1993,17,18,17,18,380625,200466,381370,201620,1373.5869102463084,TRUE,TRUE
2658,F067,1985,1986,10,11,10,11,382099,200773,380449,201388,1760.8875602945238,TRUE,TRUE
2659,F067,1986,1987,11,12,11,12,380449,201388,382916,202222,2604.1591733225523,TRUE,TRUE
2660,F067,1987,1988,12,13,12,13,382916,202222,380621,201409,2434.747214804855,TRUE,TRUE
2661,F069,1985,1986,10,11,10,11,382099,200773,380449,201388,1760.8875602945238,TRUE,TRUE
2662,F069,1986,1987,11,12,11,12,380449,201388,382916,202222,2604.1591733225523,TRUE,TRUE
2663,F069,1987,1988,12,13,12,13,382916,202222,380621,201409,2434.747214804855,TRUE,TRUE
2664,F069,1988,1989,13,14,13,14,380621,201409,380597,201427,30,TRUE,TRUE
2665,F072,1985,1986,10,11,10,11,382099,200773,380449,201388,1760.8875602945238,TRUE,TRUE
2666,F072,1986,1987,11,12,11,12,380449,201388,382916,202222,2604.1591733225523,TRUE,TRUE
2667,F072,1987,1988,12,13,12,13,382916,202222,380621,201409,2434.747214804855,TRUE,TRUE
2668,F073,1985,1986,10,11,10,11,382099,200773,380449,201388,1760.8875602945238,TRUE,TRUE
2669,F073,1986,1987,11,12,11,12,380449,201388,382916,202222,2604.1591733225523,TRUE,TRUE
2670,F073,1987,1988,12,13,12,13,382916,202222,380621,201409,2434.747214804855,TRUE,TRUE
2671,F073,1988,1989,13,14,13,14,380621,201409,380597,201427,30,TRUE,TRUE
2672,F073,1989,1990,14,15,14,15,380597,201427,381241,201774,731.5360551606462,TRUE,TRUE
2673,F074,1985,1986,10,11,10,11,382099,200773,380449,201388,1760.8875602945238,TRUE,TRUE
2674,F074,1986,1987,11,12,11,12,380449,201388,382916,202222,2604.1591733225523,TRUE,TRUE
2675,F074,1987,1988,12,13,12,13,382916,202222,380621,201409,2434.747214804855,TRUE,TRUE
2676,F074,1988,1989,13,14,13,14,380621,201409,380597,201427,30,TRUE,TRUE
2677,F075,1985,1986,10,11,10,11,382099,200773,380449,201388,1760.8875602945238,TRUE,TRUE
2678,F075,1986,1987,11,12,11,12,380449,201388,382916,202222,2604.1591733225523,TRUE,TRUE
2679,F075,1987,1988,12,13,12,13,382916,202222,380621,201409,2434.747214804855,TRUE,TRUE
2680,F075,1988,1989,13,14,13,14,380621,201409,380597,201427,30,TRUE,TRUE
2681,F075,1989,1990,14,15,14,15,380597,201427,381241,201774,731.5360551606462,TRUE,TRUE
2682,F075,1990,1991,15,16,15,16,381241,201774,381157,201365,417.53682472328114,TRUE,TRUE
2683,F075,1991,1992,16,17,16,17,381157,201365,380625,200466,1044.6171547509643,TRUE,TRUE
2684,F075,1992,1993,17,18,17,18,380625,200466,381370,201620,1373.5869102463084,TRUE,TRUE
2685,F075,1993,1994,18,19,18,19,381370,201620,379874,201435,1507.3954358428978,TRUE,TRUE
2686,F077,1985,1986,10,11,10,11,382099,200773,380449,201388,1760.8875602945238,TRUE,TRUE
2687,F077,1986,1987,11,12,11,12,380449,201388,382916,202222,2604.1591733225523,TRUE,TRUE
2688,F077,1987,1988,12,13,12,13,382916,202222,380621,201409,2434.747214804855,TRUE,TRUE
2689,F077,1988,1989,13,14,13,14,380621,201409,380597,201427,30,TRUE,TRUE
2690,F077,1989,1990,14,15,14,15,380597,201427,381241,201774,731.5360551606462,TRUE,TRUE
2691,F077,1990,1991,15,16,15,16,381241,201774,381157,201365,417.53682472328114,TRUE,TRUE
2692,F077,1991,1992,16,17,16,17,381157,201365,380625,200466,1044.6171547509643,TRUE,TRUE
2693,F077,1992,1993,17,18,17,18,380625,200466,381370,201620,1373.5869102463084,TRUE,TRUE
2694,F077,1993,1994,18,19,18,19,381370,201620,379874,201435,1507.3954358428978,TRUE,TRUE
2695,F078,1985,1986,10,11,10,11,382099,200773,380449,201388,1760.8875602945238,TRUE,TRUE
2696,F078,1986,1987,11,12,11,12,380449,201388,382916,202222,2604.1591733225523,TRUE,TRUE
2697,F079,1985,1986,10,11,10,11,382099,200773,380449,201388,1760.8875602945238,TRUE,TRUE
2698,F079,1986,1987,11,12,11,12,380449,201388,382916,202222,2604.1591733225523,TRUE,TRUE
2699,F079,1987,1988,12,13,12,13,382916,202222,380621,201409,2434.747214804855,TRUE,TRUE
2700,F079,1988,1989,13,14,13,14,380621,201409,380597,201427,30,TRUE,TRUE
2701,F079,1989,1990,14,15,14,15,380597,201427,381241,201774,731.5360551606462,TRUE,TRUE
2702,F079,1990,1991,15,16,15,16,381241,201774,381157,201365,417.53682472328114,TRUE,TRUE
2703,F079,1991,1992,16,17,16,17,381157,201365,380625,200466,1044.6171547509643,TRUE,TRUE
2704,F094,1984,1985,9,10,9,10,381942,201770,382099,200773,1009.28588615912,TRUE,TRUE
2705,F094,1985,1986,10,11,10,11,382099,200773,380449,201388,1760.8875602945238,TRUE,TRUE
2706,F094,1986,1987,11,12,11,12,380449,201388,382916,202222,2604.1591733225523,TRUE,TRUE
2707,F094,1987,1988,12,13,12,13,382916,202222,380621,201409,2434.747214804855,TRUE,TRUE
2708,F094,1988,1989,13,14,13,14,380621,201409,380597,201427,30,TRUE,TRUE
2709,F098,1984,1985,9,10,9,10,381942,201770,382099,200773,1009.28588615912,TRUE,TRUE
2710,F098,1985,1986,10,11,10,11,382099,200773,380449,201388,1760.8875602945238,TRUE,TRUE
2711,F098,1986,1987,11,12,11,12,380449,201388,382916,202222,2604.1591733225523,TRUE,TRUE
2712,F098,1987,1988,12,13,12,13,382916,202222,380621,201409,2434.747214804855,TRUE,TRUE
2713,F098,1988,1989,13,14,13,14,380621,201409,380597,201427,30,TRUE,TRUE
2714,F098,1989,1990,14,15,14,15,380597,201427,381241,201774,731.5360551606462,TRUE,TRUE
2715,F098,1990,1991,15,16,15,16,381241,201774,381157,201365,417.53682472328114,TRUE,TRUE
2716,F098,1991,1992,16,17,16,17,381157,201365,380625,200466,1044.6171547509643,TRUE,TRUE
2717,G011,1977,1978,2,3,2,3,381604,201121,383696,201502,2126.4112960572797,TRUE,TRUE
2718,G011,1978,1979,3,4,3,4,383696,201502,383375,201417,332.06324698767855,TRUE,TRUE
2719,G011,1979,1980,4,5,4,5,383375,201417,383699,201850,540.8003328401343,TRUE,TRUE
2720,G011,1980,1981,5,6,5,6,383699,201850,380563,200499,3414.6298481680265,TRUE,TRUE
2721,G013,1977,1978,2,3,2,3,381604,201121,383696,201502,2126.4112960572797,TRUE,TRUE
2722,G013,1978,1979,3,4,3,4,383696,201502,383375,201417,332.06324698767855,TRUE,TRUE
2723,G013,1979,1980,4,5,4,5,383375,201417,383699,201850,540.8003328401343,TRUE,TRUE
2724,G013,1980,1981,5,6,5,6,383699,201850,380563,200499,3414.6298481680265,TRUE,TRUE
2725,G017,1977,1978,2,3,2,3,381604,201121,383696,201502,2126.4112960572797,TRUE,TRUE
2726,G017,1978,1979,3,4,3,4,383696,201502,383375,201417,332.06324698767855,TRUE,TRUE
2727,G017,1979,1980,4,5,4,5,383375,201417,383699,201850,540.8003328401343,TRUE,TRUE
2728,G017,1980,1981,5,6,5,6,383699,201850,380563,200499,3414.6298481680265,TRUE,TRUE
2729,G017,1981,1982,6,7,6,7,380563,200499,380931,201164,760.0322361584408,TRUE,TRUE
2730,G017,1982,1983,7,8,7,8,380931,201164,380417,201488,607.595260021011,TRUE,TRUE
2731,G017,1983,1984,8,9,8,9,380417,201488,381942,201770,1550.8542807111182,TRUE,TRUE
2732,G017,1984,1985,9,10,9,10,381942,201770,382099,200773,1009.28588615912,TRUE,TRUE
2733,G017,1985,1986,10,11,10,11,382099,200773,380449,201388,1760.8875602945238,TRUE,TRUE
2734,G017,1986,1987,11,12,11,12,380449,201388,382916,202222,2604.1591733225523,TRUE,TRUE
2735,G017,1987,1988,12,13,12,13,382916,202222,380621,201409,2434.747214804855,TRUE,TRUE
2736,G019,1978,1979,3,4,3,4,383696,201502,383375,201417,332.06324698767855,TRUE,TRUE
2737,G019,1979,1980,4,5,4,5,383375,201417,383699,201850,540.8003328401343,TRUE,TRUE
2738,G019,1980,1981,5,6,5,6,383699,201850,380563,200499,3414.6298481680265,TRUE,TRUE
2739,G019,1981,1982,6,7,6,7,380563,200499,380931,201164,760.0322361584408,TRUE,TRUE
2740,G019,1982,1983,7,8,7,8,380931,201164,380417,201488,607.595260021011,TRUE,TRUE
2741,G020,1977,1978,2,3,2,3,381604,201121,383696,201502,2126.4112960572797,TRUE,TRUE
2742,G020,1978,1979,3,4,3,4,383696,201502,383375,201417,332.06324698767855,TRUE,TRUE
2743,G020,1979,1980,4,5,4,5,383375,201417,383699,201850,540.8003328401343,TRUE,TRUE
2744,G020,1980,1981,5,6,5,6,383699,201850,380563,200499,3414.6298481680265,TRUE,TRUE
2745,G020,1981,1982,6,7,6,7,380563,200499,380931,201164,760.0322361584408,TRUE,TRUE
2746,G020,1982,1983,7,8,7,8,380931,201164,380417,201488,607.595260021011,TRUE,TRUE
2747,G024,1977,1978,2,3,2,3,381604,201121,383696,201502,2126.4112960572797,TRUE,TRUE
2748,G024,1978,1979,3,4,3,4,383696,201502,383375,201417,332.06324698767855,TRUE,TRUE
2749,G025,1977,1978,2,3,2,3,381604,201121,383696,201502,2126.4112960572797,TRUE,TRUE
2750,G025,1978,1979,3,4,3,4,383696,201502,383375,201417,332.06324698767855,TRUE,TRUE
2751,G030,1977,1978,2,3,2,3,381604,201121,383696,201502,2126.4112960572797,TRUE,TRUE
2752,G030,1978,1979,3,4,3,4,383696,201502,383375,201417,332.06324698767855,TRUE,TRUE
2753,G031,1977,1978,2,3,2,3,381604,201121,383696,201502,2126.4112960572797,TRUE,TRUE
2754,G031,1978,1979,3,4,3,4,383696,201502,383375,201417,332.06324698767855,TRUE,TRUE
2755,G031,1979,1980,4,5,4,5,383375,201417,383699,201850,540.8003328401343,TRUE,TRUE
2756,G031,1980,1981,5,6,5,6,383699,201850,380563,200499,3414.6298481680265,TRUE,TRUE
2757,G031,1981,1982,6,7,6,7,380563,200499,380931,201164,760.0322361584408,TRUE,TRUE
2758,G044,1978,1979,3,4,3,4,383696,201502,383375,201417,332.06324698767855,TRUE,TRUE
2759,G044,1979,1980,4,5,4,5,383375,201417,383699,201850,540.8003328401343,TRUE,TRUE
2760,G044,1980,1981,5,6,5,6,383699,201850,380563,200499,3414.6298481680265,TRUE,TRUE
2761,G046,1977,1978,2,3,2,3,381604,201121,383696,201502,2126.4112960572797,TRUE,TRUE
2762,G046,1978,1979,3,4,3,4,383696,201502,383375,201417,332.06324698767855,TRUE,TRUE
2763,G046,1979,1980,4,5,4,5,383375,201417,383699,201850,540.8003328401343,TRUE,TRUE
2764,G046,1980,1981,5,6,5,6,383699,201850,380563,200499,3414.6298481680265,TRUE,TRUE
2765,G073,1985,1986,10,11,10,11,382099,200773,380449,201388,1760.8875602945238,TRUE,TRUE
2766,G073,1986,1987,11,12,11,12,380449,201388,382916,202222,2604.1591733225523,TRUE,TRUE
2767,G073,1987,1988,12,13,12,13,382916,202222,380621,201409,2434.747214804855,TRUE,TRUE
2768,G073,1988,1989,13,14,13,14,380621,201409,380597,201427,30,TRUE,TRUE
2769,G073,1989,1990,14,15,14,15,380597,201427,381241,201774,731.5360551606462,TRUE,TRUE
2770,G073,1990,1991,15,16,15,16,381241,201774,381157,201365,417.53682472328114,TRUE,TRUE
2771,G073,1991,1992,16,17,16,17,381157,201365,380625,200466,1044.6171547509643,TRUE,TRUE
2772,G073,1992,1993,17,18,17,18,380625,200466,381370,201620,1373.5869102463084,TRUE,TRUE
2773,G073,1993,1994,18,19,18,19,381370,201620,379874,201435,1507.3954358428978,TRUE,TRUE
2774,G073,1994,1995,19,20,19,20,379874,201435,381230,201693,1380.3260484392808,TRUE,TRUE
2775,G073,1995,1996,20,21,20,21,381230,201693,383675,202710,2648.077415786782,TRUE,TRUE
2776,H001,1979,1980,4,5,4,5,383375,201417,383699,201850,540.8003328401343,TRUE,TRUE
2777,H001,1980,1981,5,6,5,6,383699,201850,380563,200499,3414.6298481680265,TRUE,TRUE
2778,H006,1995,1996,20,21,20,21,381230,201693,383675,202710,2648.077415786782,TRUE,TRUE
2779,H006,1996,1997,21,22,21,22,383675,202710,380707,200454,3728.0772524184636,TRUE,TRUE
2780,H008,1995,1996,20,21,20,21,381230,201693,383675,202710,2648.077415786782,TRUE,TRUE
2781,H008,1996,1997,21,22,21,22,383675,202710,380707,200454,3728.0772524184636,TRUE,TRUE
2782,H008,1997,1998,22,23,22,23,380707,200454,379814,201477,1357.931515209806,TRUE,TRUE
2783,H008,1998,1999,23,24,23,24,379814,201477,380580,201391,770.8125582785999,TRUE,TRUE
2784,H014,1995,1996,20,21,20,21,381230,201693,383675,202710,2648.077415786782,TRUE,TRUE
2785,H014,1996,1997,21,22,21,22,383675,202710,380707,200454,3728.0772524184636,TRUE,TRUE
2786,H014,1997,1998,22,23,22,23,380707,200454,379814,201477,1357.931515209806,TRUE,TRUE
2787,H014,1998,1999,23,24,23,24,379814,201477,380580,201391,770.8125582785999,TRUE,TRUE
2788,H014,1999,2000,24,25,24,25,380580,201391,381022,201589,484.3222068003903,TRUE,TRUE
2789,H014,2000,2001,25,26,25,26,381022,201589,381946,201669,927.4567375355036,TRUE,TRUE
2790,H014,2001,2002,26,27,26,27,381946,201669,381841,201313,371.16168983342016,TRUE,TRUE
2791,H015,1995,1996,20,21,20,21,381230,201693,383675,202710,2648.077415786782,TRUE,TRUE
2792,H015,1996,1997,21,22,21,22,383675,202710,380707,200454,3728.0772524184636,TRUE,TRUE
2793,H015,1997,1998,22,23,22,23,380707,200454,379814,201477,1357.931515209806,TRUE,TRUE
2794,H015,1998,1999,23,24,23,24,379814,201477,380580,201391,770.8125582785999,TRUE,TRUE
2795,H015,1999,2000,24,25,24,25,380580,201391,381022,201589,484.3222068003903,TRUE,TRUE
2796,H015,2000,2001,25,26,25,26,381022,201589,381946,201669,927.4567375355036,TRUE,TRUE
2797,H015,2001,2002,26,27,26,27,381946,201669,381841,201313,371.16168983342016,TRUE,TRUE
2798,H016,1995,1996,20,21,20,21,381230,201693,383675,202710,2648.077415786782,TRUE,TRUE
2799,H016,1996,1997,21,22,21,22,383675,202710,380707,200454,3728.0772524184636,TRUE,TRUE
2800,H020,1995,1996,20,21,20,21,381230,201693,383675,202710,2648.077415786782,TRUE,TRUE
2801,H020,1996,1997,21,22,21,22,383675,202710,380707,200454,3728.0772524184636,TRUE,TRUE
2802,H027,1995,1996,20,21,20,21,381230,201693,383675,202710,2648.077415786782,TRUE,TRUE
2803,H027,1996,1997,21,22,21,22,383675,202710,380707,200454,3728.0772524184636,TRUE,TRUE
2804,H027,1997,1998,22,23,22,23,380707,200454,379814,201477,1357.931515209806,TRUE,TRUE
2805,H027,1998,1999,23,24,23,24,379814,201477,380580,201391,770.8125582785999,TRUE,TRUE
2806,H027,1999,2000,24,25,24,25,380580,201391,381022,201589,484.3222068003903,TRUE,TRUE
2807,H027,2000,2001,25,26,25,26,381022,201589,381946,201669,927.4567375355036,TRUE,TRUE
2808,H027,2001,2002,26,27,26,27,381946,201669,381841,201313,371.16168983342016,TRUE,TRUE
2809,H027,2002,2003,27,28,27,28,381841,201313,380834,201150,1020.1068571478186,TRUE,TRUE
2810,H027,2003,2004,28,29,28,29,380834,201150,382049,201493,1262.4872276581652,TRUE,TRUE
2811,H027,2004,2005,29,30,29,30,382049,201493,382931,200706,1182.0714868399457,TRUE,TRUE
2812,H027,2005,2006,30,31,30,31,382931,200706,380649,201388,2381.7321427902007,TRUE,TRUE
2813,H027,2006,2007,31,32,31,32,380649,201388,380279,201409,370.59546678285204,TRUE,TRUE
2814,H028,1995,1996,20,21,20,21,381230,201693,383675,202710,2648.077415786782,TRUE,TRUE
2815,H028,1996,1997,21,22,21,22,383675,202710,380707,200454,3728.0772524184636,TRUE,TRUE
2816,H028,1997,1998,22,23,22,23,380707,200454,379814,201477,1357.931515209806,TRUE,TRUE
2817,H028,1998,1999,23,24,23,24,379814,201477,380580,201391,770.8125582785999,TRUE,TRUE
2818,H028,1999,2000,24,25,24,25,380580,201391,381022,201589,484.3222068003903,TRUE,TRUE
2819,H029,1995,1996,20,21,20,21,381230,201693,383675,202710,2648.077415786782,TRUE,TRUE
2820,H029,1996,1997,21,22,21,22,383675,202710,380707,200454,3728.0772524184636,TRUE,TRUE
2821,H029,1997,1998,22,23,22,23,380707,200454,379814,201477,1357.931515209806,TRUE,TRUE
2822,H029,1998,1999,23,24,23,24,379814,201477,380580,201391,770.8125582785999,TRUE,TRUE
2823,H031,1995,1996,20,21,20,21,381230,201693,383675,202710,2648.077415786782,TRUE,TRUE
2824,H031,1996,1997,21,22,21,22,383675,202710,380707,200454,3728.0772524184636,TRUE,TRUE
2825,H031,1997,1998,22,23,22,23,380707,200454,379814,201477,1357.931515209806,TRUE,TRUE
2826,H031,1998,1999,23,24,23,24,379814,201477,380580,201391,770.8125582785999,TRUE,TRUE
2827,H031,1999,2000,24,25,24,25,380580,201391,381022,201589,484.3222068003903,TRUE,TRUE
2828,H032,1995,1996,20,21,20,21,381230,201693,383675,202710,2648.077415786782,TRUE,TRUE
2829,H032,1996,1997,21,22,21,22,383675,202710,380707,200454,3728.0772524184636,TRUE,TRUE
2830,H032,1997,1998,22,23,22,23,380707,200454,379814,201477,1357.931515209806,TRUE,TRUE
2831,H033,1995,1996,20,21,20,21,381230,201693,383675,202710,2648.077415786782,TRUE,TRUE
2832,H033,1996,1997,21,22,21,22,383675,202710,380707,200454,3728.0772524184636,TRUE,TRUE
2833,H041,1995,1996,20,21,20,21,381230,201693,383675,202710,2648.077415786782,TRUE,TRUE
2834,H041,1996,1997,21,22,21,22,383675,202710,380707,200454,3728.0772524184636,TRUE,TRUE
2835,H043,1995,1996,20,21,20,21,381230,201693,383675,202710,2648.077415786782,TRUE,TRUE
2836,H043,1996,1997,21,22,21,22,383675,202710,380707,200454,3728.0772524184636,TRUE,TRUE
2837,H043,1997,1998,22,23,22,23,380707,200454,379814,201477,1357.931515209806,TRUE,TRUE
2838,H043,1998,1999,23,24,23,24,379814,201477,380580,201391,770.8125582785999,TRUE,TRUE
2839,H043,1999,2000,24,25,24,25,380580,201391,381022,201589,484.3222068003903,TRUE,TRUE
2840,H043,2000,2001,25,26,25,26,381022,201589,381946,201669,927.4567375355036,TRUE,TRUE
2841,H043,2001,2002,26,27,26,27,381946,201669,381841,201313,371.16168983342016,TRUE,TRUE
2842,H043,2002,2003,27,28,27,28,381841,201313,380834,201150,1020.1068571478186,TRUE,TRUE
2843,H043,2003,2004,28,29,28,29,380834,201150,382049,201493,1262.4872276581652,TRUE,TRUE
2844,H043,2004,2005,29,30,29,30,382049,201493,382931,200706,1182.0714868399457,TRUE,TRUE
2845,H044,1995,1996,20,21,20,21,381230,201693,383675,202710,2648.077415786782,TRUE,TRUE
2846,H044,1996,1997,21,22,21,22,383675,202710,380707,200454,3728.0772524184636,TRUE,TRUE
2847,H044,1997,1998,22,23,22,23,380707,200454,379814,201477,1357.931515209806,TRUE,TRUE
2848,H044,1998,1999,23,24,23,24,379814,201477,380580,201391,770.8125582785999,TRUE,TRUE
2849,H044,1999,2000,24,25,24,25,380580,201391,381022,201589,484.3222068003903,TRUE,TRUE
2850,H046,1995,1996,20,21,20,21,381230,201693,383675,202710,2648.077415786782,TRUE,TRUE
2851,H046,1996,1997,21,22,21,22,383675,202710,380707,200454,3728.0772524184636,TRUE,TRUE
2852,H046,1997,1998,22,23,22,23,380707,200454,379814,201477,1357.931515209806,TRUE,TRUE
2853,H046,1998,1999,23,24,23,24,379814,201477,380580,201391,770.8125582785999,TRUE,TRUE
2854,H046,1999,2000,24,25,24,25,380580,201391,381022,201589,484.3222068003903,TRUE,TRUE
2855,H046,2000,2001,25,26,25,26,381022,201589,381946,201669,927.4567375355036,TRUE,TRUE
2856,H047,1995,1996,20,21,20,21,381230,201693,383675,202710,2648.077415786782,TRUE,TRUE
2857,H047,1996,1997,21,22,21,22,383675,202710,380707,200454,3728.0772524184636,TRUE,TRUE
2858,H047,1997,1998,22,23,22,23,380707,200454,379814,201477,1357.931515209806,TRUE,TRUE
2859,H051,1995,1996,20,21,20,21,381230,201693,383675,202710,2648.077415786782,TRUE,TRUE
2860,H051,1996,1997,21,22,21,22,383675,202710,380707,200454,3728.0772524184636,TRUE,TRUE
2861,H051,1997,1998,22,23,22,23,380707,200454,379814,201477,1357.931515209806,TRUE,TRUE
2862,H051,1998,1999,23,24,23,24,379814,201477,380580,201391,770.8125582785999,TRUE,TRUE
2863,H051,1999,2000,24,25,24,25,380580,201391,381022,201589,484.3222068003903,TRUE,TRUE
2864,H051,2000,2001,25,26,25,26,381022,201589,381946,201669,927.4567375355036,TRUE,TRUE
2865,H051,2001,2002,26,27,26,27,381946,201669,381841,201313,371.16168983342016,TRUE,TRUE
2866,H051,2002,2003,27,28,27,28,381841,201313,380834,201150,1020.1068571478186,TRUE,TRUE
2867,H053,1995,1996,20,21,20,21,381230,201693,383675,202710,2648.077415786782,TRUE,TRUE
2868,H053,1996,1997,21,22,21,22,383675,202710,380707,200454,3728.0772524184636,TRUE,TRUE
2869,H053,1997,1998,22,23,22,23,380707,200454,379814,201477,1357.931515209806,TRUE,TRUE
2870,H053,1998,1999,23,24,23,24,379814,201477,380580,201391,770.8125582785999,TRUE,TRUE
2871,H054,1995,1996,20,21,20,21,381230,201693,383675,202710,2648.077415786782,TRUE,TRUE
2872,H054,1996,1997,21,22,21,22,383675,202710,380707,200454,3728.0772524184636,TRUE,TRUE
2873,H054,1997,1998,22,23,22,23,380707,200454,379814,201477,1357.931515209806,TRUE,TRUE
2874,H054,1998,1999,23,24,23,24,379814,201477,380580,201391,770.8125582785999,TRUE,TRUE
2875,H054,1999,2000,24,25,24,25,380580,201391,381022,201589,484.3222068003903,TRUE,TRUE
2876,H054,2000,2001,25,26,25,26,381022,201589,381946,201669,927.4567375355036,TRUE,TRUE
2877,H054,2001,2002,26,27,26,27,381946,201669,381841,201313,371.16168983342016,TRUE,TRUE
2878,H055,1995,1996,20,21,20,21,381230,201693,383675,202710,2648.077415786782,TRUE,TRUE
2879,H055,1996,1997,21,22,21,22,383675,202710,380707,200454,3728.0772524184636,TRUE,TRUE
2880,H057,1995,1996,20,21,20,21,381230,201693,383675,202710,2648.077415786782,TRUE,TRUE
2881,H057,1996,1997,21,22,21,22,383675,202710,380707,200454,3728.0772524184636,TRUE,TRUE
2882,H057,1997,1998,22,23,22,23,380707,200454,379814,201477,1357.931515209806,TRUE,TRUE
2883,H057,1998,1999,23,24,23,24,379814,201477,380580,201391,770.8125582785999,TRUE,TRUE
2884,H057,1999,2000,24,25,24,25,380580,201391,381022,201589,484.3222068003903,TRUE,TRUE
2885,H057,2000,2001,25,26,25,26,381022,201589,381946,201669,927.4567375355036,TRUE,TRUE
2886,H057,2001,2002,26,27,26,27,381946,201669,381841,201313,371.16168983342016,TRUE,TRUE
2887,H057,2002,2003,27,28,27,28,381841,201313,380834,201150,1020.1068571478186,TRUE,TRUE
2888,H057,2003,2004,28,29,28,29,380834,201150,382049,201493,1262.4872276581652,TRUE,TRUE
2889,H057,2004,2005,29,30,29,30,382049,201493,382931,200706,1182.0714868399457,TRUE,TRUE
2890,H061,1995,1996,20,21,20,21,381230,201693,383675,202710,2648.077415786782,TRUE,TRUE
2891,H061,1996,1997,21,22,21,22,383675,202710,380707,200454,3728.0772524184636,TRUE,TRUE
2892,H061,1997,1998,22,23,22,23,380707,200454,379814,201477,1357.931515209806,TRUE,TRUE
2893,H061,1998,1999,23,24,23,24,379814,201477,380580,201391,770.8125582785999,TRUE,TRUE
2894,H061,1999,2000,24,25,24,25,380580,201391,381022,201589,484.3222068003903,TRUE,TRUE
2895,H061,2000,2001,25,26,25,26,381022,201589,381946,201669,927.4567375355036,TRUE,TRUE
2896,H061,2001,2002,26,27,26,27,381946,201669,381841,201313,371.16168983342016,TRUE,TRUE
2897,H061,2002,2003,27,28,27,28,381841,201313,380834,201150,1020.1068571478186,TRUE,TRUE
2898,H061,2003,2004,28,29,28,29,380834,201150,382049,201493,1262.4872276581652,TRUE,TRUE
2899,H061,2004,2005,29,30,29,30,382049,201493,382931,200706,1182.0714868399457,TRUE,TRUE
2900,H061,2005,2006,30,31,30,31,382931,200706,380649,201388,2381.7321427902007,TRUE,TRUE
2901,H062,1995,1996,20,21,20,21,381230,201693,383675,202710,2648.077415786782,TRUE,TRUE
2902,H062,1996,1997,21,22,21,22,383675,202710,380707,200454,3728.0772524184636,TRUE,TRUE
2903,H063,1995,1996,20,21,20,21,381230,201693,383675,202710,2648.077415786782,TRUE,TRUE
2904,H063,1996,1997,21,22,21,22,383675,202710,380707,200454,3728.0772524184636,TRUE,TRUE
2905,H063,1997,1998,22,23,22,23,380707,200454,379814,201477,1357.931515209806,TRUE,TRUE
2906,H063,1998,1999,23,24,23,24,379814,201477,380580,201391,770.8125582785999,TRUE,TRUE
2907,H063,1999,2000,24,25,24,25,380580,201391,381022,201589,484.3222068003903,TRUE,TRUE
2908,H063,2000,2001,25,26,25,26,381022,201589,381946,201669,927.4567375355036,TRUE,TRUE
2909,H063,2001,2002,26,27,26,27,381946,201669,381841,201313,371.16168983342016,TRUE,TRUE
2910,H063,2002,2003,27,28,27,28,381841,201313,380834,201150,1020.1068571478186,TRUE,TRUE
2911,H063,2003,2004,28,29,28,29,380834,201150,382049,201493,1262.4872276581652,TRUE,TRUE
2912,H063,2004,2005,29,30,29,30,382049,201493,382931,200706,1182.0714868399457,TRUE,TRUE
2913,H066,1995,1996,20,21,20,21,381230,201693,383675,202710,2648.077415786782,TRUE,TRUE
2914,H066,1996,1997,21,22,21,22,383675,202710,380707,200454,3728.0772524184636,TRUE,TRUE
2915,H066,1997,1998,22,23,22,23,380707,200454,379814,201477,1357.931515209806,TRUE,TRUE
2916,H066,1998,1999,23,24,23,24,379814,201477,380580,201391,770.8125582785999,TRUE,TRUE
2917,H067,1995,1996,20,21,20,21,381230,201693,383675,202710,2648.077415786782,TRUE,TRUE
2918,H067,1996,1997,21,22,21,22,383675,202710,380707,200454,3728.0772524184636,TRUE,TRUE
2919,H069,1995,1996,20,21,20,21,381230,201693,383675,202710,2648.077415786782,TRUE,TRUE
2920,H069,1996,1997,21,22,21,22,383675,202710,380707,200454,3728.0772524184636,TRUE,TRUE
2921,H069,1997,1998,22,23,22,23,380707,200454,379814,201477,1357.931515209806,TRUE,TRUE
2922,H069,1998,1999,23,24,23,24,379814,201477,380580,201391,770.8125582785999,TRUE,TRUE
2923,H069,1999,2000,24,25,24,25,380580,201391,381022,201589,484.3222068003903,TRUE,TRUE
2924,H069,2000,2001,25,26,25,26,381022,201589,381946,201669,927.4567375355036,TRUE,TRUE
2925,H069,2001,2002,26,27,26,27,381946,201669,381841,201313,371.16168983342016,TRUE,TRUE
2926,H069,2002,2003,27,28,27,28,381841,201313,380834,201150,1020.1068571478186,TRUE,TRUE
2927,H069,2003,2004,28,29,28,29,380834,201150,382049,201493,1262.4872276581652,TRUE,TRUE
2928,H069,2004,2005,29,30,29,30,382049,201493,382931,200706,1182.0714868399457,TRUE,TRUE
2929,H069,2005,2006,30,31,30,31,382931,200706,380649,201388,2381.7321427902007,TRUE,TRUE
2930,H070,1995,1996,20,21,20,21,381230,201693,383675,202710,2648.077415786782,TRUE,TRUE
2931,H070,1996,1997,21,22,21,22,383675,202710,380707,200454,3728.0772524184636,TRUE,TRUE
2932,H070,1997,1998,22,23,22,23,380707,200454,379814,201477,1357.931515209806,TRUE,TRUE
2933,H071,1995,1996,20,21,20,21,381230,201693,383675,202710,2648.077415786782,TRUE,TRUE
2934,H071,1996,1997,21,22,21,22,383675,202710,380707,200454,3728.0772524184636,TRUE,TRUE
2935,H077,1995,1996,20,21,20,21,381230,201693,383675,202710,2648.077415786782,TRUE,TRUE
2936,H077,1996,1997,21,22,21,22,383675,202710,380707,200454,3728.0772524184636,TRUE,TRUE
2937,H077,1997,1998,22,23,22,23,380707,200454,379814,201477,1357.931515209806,TRUE,TRUE
2938,H078,1995,1996,20,21,20,21,381230,201693,383675,202710,2648.077415786782,TRUE,TRUE
2939,H078,1996,1997,21,22,21,22,383675,202710,380707,200454,3728.0772524184636,TRUE,TRUE
2940,I002,2002,2003,27,28,27,28,381841,201313,380834,201150,1020.1068571478186,TRUE,TRUE
2941,I002,2003,2004,28,29,28,29,380834,201150,382049,201493,1262.4872276581652,TRUE,TRUE
2942,I007,2002,2003,27,28,27,28,381841,201313,380834,201150,1020.1068571478186,TRUE,TRUE
2943,I007,2003,2004,28,29,28,29,380834,201150,382049,201493,1262.4872276581652,TRUE,TRUE
2944,I007,2004,2005,29,30,29,30,382049,201493,382931,200706,1182.0714868399457,TRUE,TRUE
2945,I007,2005,2006,30,31,30,31,382931,200706,380649,201388,2381.7321427902007,TRUE,TRUE
2946,I007,2006,2007,31,32,31,32,380649,201388,380279,201409,370.59546678285204,TRUE,TRUE
2947,I008,2002,2003,27,28,27,28,381841,201313,380834,201150,1020.1068571478186,TRUE,TRUE
2948,I008,2003,2004,28,29,28,29,380834,201150,382049,201493,1262.4872276581652,TRUE,TRUE
2949,I008,2004,2005,29,30,29,30,382049,201493,382931,200706,1182.0714868399457,TRUE,TRUE
2950,I008,2005,2006,30,31,30,31,382931,200706,380649,201388,2381.7321427902007,TRUE,TRUE
2951,I008,2006,2007,31,32,31,32,380649,201388,380279,201409,370.59546678285204,TRUE,TRUE
2952,I008,2007,2008,32,33,32,33,380279,201409,382399,200920,2175.6656452681327,TRUE,TRUE
2953,I008,2008,2009,33,34,33,34,382399,200920,383126,200958,727.9924450157433,TRUE,TRUE
2954,I008,2009,2010,34,35,34,35,383126,200958,383135,202599,1641.0246798875392,TRUE,TRUE
2955,I008,2010,2011,35,36,35,36,383135,202599,381314,201015,2413.523772412445,TRUE,TRUE
2956,I008,2011,2012,36,37,36,37,381314,201015,383237,202222,2270.4136187047507,TRUE,TRUE
2957,I014,2002,2003,27,28,27,28,381841,201313,380834,201150,1020.1068571478186,TRUE,TRUE
2958,I014,2003,2004,28,29,28,29,380834,201150,382049,201493,1262.4872276581652,TRUE,TRUE
2959,I016,2002,2003,27,28,27,28,381841,201313,380834,201150,1020.1068571478186,TRUE,TRUE
2960,I016,2003,2004,28,29,28,29,380834,201150,382049,201493,1262.4872276581652,TRUE,TRUE
2961,I016,2004,2005,29,30,29,30,382049,201493,382931,200706,1182.0714868399457,TRUE,TRUE
2962,I016,2005,2006,30,31,30,31,382931,200706,380649,201388,2381.7321427902007,TRUE,TRUE
2963,I018,2002,2003,27,28,27,28,381841,201313,380834,201150,1020.1068571478186,TRUE,TRUE
2964,I018,2003,2004,28,29,28,29,380834,201150,382049,201493,1262.4872276581652,TRUE,TRUE
2965,I019,2002,2003,27,28,27,28,381841,201313,380834,201150,1020.1068571478186,TRUE,TRUE
2966,I019,2003,2004,28,29,28,29,380834,201150,382049,201493,1262.4872276581652,TRUE,TRUE
2967,I019,2004,2005,29,30,29,30,382049,201493,382931,200706,1182.0714868399457,TRUE,TRUE
2968,I019,2005,2006,30,31,30,31,382931,200706,380649,201388,2381.7321427902007,TRUE,TRUE
2969,I019,2006,2007,31,32,31,32,380649,201388,380279,201409,370.59546678285204,TRUE,TRUE
2970,I019,2007,2008,32,33,32,33,380279,201409,382399,200920,2175.6656452681327,TRUE,TRUE
2971,I020,2002,2003,27,28,27,28,381841,201313,380834,201150,1020.1068571478186,TRUE,TRUE
2972,I020,2003,2004,28,29,28,29,380834,201150,382049,201493,1262.4872276581652,TRUE,TRUE
2973,I024,2002,2003,27,28,27,28,381841,201313,380834,201150,1020.1068571478186,TRUE,TRUE
2974,I024,2003,2004,28,29,28,29,380834,201150,382049,201493,1262.4872276581652,TRUE,TRUE
2975,I027,2002,2003,27,28,27,28,381841,201313,380834,201150,1020.1068571478186,TRUE,TRUE
2976,I027,2003,2004,28,29,28,29,380834,201150,382049,201493,1262.4872276581652,TRUE,TRUE
2977,I030,2002,2003,27,28,27,28,381841,201313,380834,201150,1020.1068571478186,TRUE,TRUE
2978,I030,2003,2004,28,29,28,29,380834,201150,382049,201493,1262.4872276581652,TRUE,TRUE
2979,I035,2002,2003,27,28,27,28,381841,201313,380834,201150,1020.1068571478186,TRUE,TRUE
2980,I035,2003,2004,28,29,28,29,380834,201150,382049,201493,1262.4872276581652,TRUE,TRUE
2981,I035,2004,2005,29,30,29,30,382049,201493,382931,200706,1182.0714868399457,TRUE,TRUE
2982,I035,2005,2006,30,31,30,31,382931,200706,380649,201388,2381.7321427902007,TRUE,TRUE
2983,I035,2006,2007,31,32,31,32,380649,201388,380279,201409,370.59546678285204,TRUE,TRUE
2984,I035,2007,2008,32,33,32,33,380279,201409,382399,200920,2175.6656452681327,TRUE,TRUE
2985,I035,2008,2009,33,34,33,34,382399,200920,383126,200958,727.9924450157433,TRUE,TRUE
2986,I035,2009,2010,34,35,34,35,383126,200958,383135,202599,1641.0246798875392,TRUE,TRUE
2987,I042,2002,2003,27,28,27,28,381841,201313,380834,201150,1020.1068571478186,TRUE,TRUE
2988,I042,2003,2004,28,29,28,29,380834,201150,382049,201493,1262.4872276581652,TRUE,TRUE
2989,I045,2002,2003,27,28,27,28,381841,201313,380834,201150,1020.1068571478186,TRUE,TRUE
2990,I045,2003,2004,28,29,28,29,380834,201150,382049,201493,1262.4872276581652,TRUE,TRUE
2991,I045,2004,2005,29,30,29,30,382049,201493,382931,200706,1182.0714868399457,TRUE,TRUE
2992,I045,2005,2006,30,31,30,31,382931,200706,380649,201388,2381.7321427902007,TRUE,TRUE
2993,I049,2002,2003,27,28,27,28,381841,201313,380834,201150,1020.1068571478186,TRUE,TRUE
2994,I049,2003,2004,28,29,28,29,380834,201150,382049,201493,1262.4872276581652,TRUE,TRUE
2995,I052,2002,2003,27,28,27,28,381841,201313,380834,201150,1020.1068571478186,TRUE,TRUE
2996,I052,2003,2004,28,29,28,29,380834,201150,382049,201493,1262.4872276581652,TRUE,TRUE
2997,I052,2004,2005,29,30,29,30,382049,201493,382931,200706,1182.0714868399457,TRUE,TRUE
2998,J003,1998,1999,23,24,23,24,379814,201477,380580,201391,770.8125582785999,TRUE,TRUE
2999,J003,1999,2000,24,25,24,25,380580,201391,381022,201589,484.3222068003903,TRUE,TRUE
3000,J003,2000,2001,25,26,25,26,381022,201589,381946,201669,927.4567375355036,TRUE,TRUE
3001,J003,2001,2002,26,27,26,27,381946,201669,381841,201313,371.16168983342016,TRUE,TRUE
3002,J003,2002,2003,27,28,27,28,381841,201313,380834,201150,1020.1068571478186,TRUE,TRUE
3003,J005,1998,1999,23,24,23,24,379814,201477,380580,201391,770.8125582785999,TRUE,TRUE
3004,J005,1999,2000,24,25,24,25,380580,201391,381022,201589,484.3222068003903,TRUE,TRUE
3005,J005,2000,2001,25,26,25,26,381022,201589,381946,201669,927.4567375355036,TRUE,TRUE
3006,J008,1998,1999,23,24,23,24,379814,201477,380580,201391,770.8125582785999,TRUE,TRUE
3007,J008,1999,2000,24,25,24,25,380580,201391,381022,201589,484.3222068003903,TRUE,TRUE
3008,J008,2000,2001,25,26,25,26,381022,201589,381946,201669,927.4567375355036,TRUE,TRUE
3009,J010,1998,1999,23,24,23,24,379814,201477,380580,201391,770.8125582785999,TRUE,TRUE
3010,J010,1999,2000,24,25,24,25,380580,201391,381022,201589,484.3222068003903,TRUE,TRUE
3011,J012,1998,1999,23,24,23,24,379814,201477,380580,201391,770.8125582785999,TRUE,TRUE
3012,J012,1999,2000,24,25,24,25,380580,201391,381022,201589,484.3222068003903,TRUE,TRUE
3013,J013,1998,1999,23,24,23,24,379814,201477,380580,201391,770.8125582785999,TRUE,TRUE
3014,J013,1999,2000,24,25,24,25,380580,201391,381022,201589,484.3222068003903,TRUE,TRUE
3015,J013,2000,2001,25,26,25,26,381022,201589,381946,201669,927.4567375355036,TRUE,TRUE
3016,J015,1998,1999,23,24,23,24,379814,201477,380580,201391,770.8125582785999,TRUE,TRUE
3017,J015,1999,2000,24,25,24,25,380580,201391,381022,201589,484.3222068003903,TRUE,TRUE
3018,J015,2000,2001,25,26,25,26,381022,201589,381946,201669,927.4567375355036,TRUE,TRUE
3019,J015,2001,2002,26,27,26,27,381946,201669,381841,201313,371.16168983342016,TRUE,TRUE
3020,J015,2002,2003,27,28,27,28,381841,201313,380834,201150,1020.1068571478186,TRUE,TRUE
3021,J015,2003,2004,28,29,28,29,380834,201150,382049,201493,1262.4872276581652,TRUE,TRUE
3022,J015,2004,2005,29,30,29,30,382049,201493,382931,200706,1182.0714868399457,TRUE,TRUE
3023,J017,1998,1999,23,24,23,24,379814,201477,380580,201391,770.8125582785999,TRUE,TRUE
3024,J017,1999,2000,24,25,24,25,380580,201391,381022,201589,484.3222068003903,TRUE,TRUE
3025,J017,2000,2001,25,26,25,26,381022,201589,381946,201669,927.4567375355036,TRUE,TRUE
3026,J017,2001,2002,26,27,26,27,381946,201669,381841,201313,371.16168983342016,TRUE,TRUE
3027,J017,2002,2003,27,28,27,28,381841,201313,380834,201150,1020.1068571478186,TRUE,TRUE
3028,J022,1998,1999,23,24,23,24,379814,201477,380580,201391,770.8125582785999,TRUE,TRUE
3029,J022,1999,2000,24,25,24,25,380580,201391,381022,201589,484.3222068003903,TRUE,TRUE
3030,J022,2000,2001,25,26,25,26,381022,201589,381946,201669,927.4567375355036,TRUE,TRUE
3031,J023,1998,1999,23,24,23,24,379814,201477,380580,201391,770.8125582785999,TRUE,TRUE
3032,J023,1999,2000,24,25,24,25,380580,201391,381022,201589,484.3222068003903,TRUE,TRUE
3033,J023,2000,2001,25,26,25,26,381022,201589,381946,201669,927.4567375355036,TRUE,TRUE
3034,J028,1998,1999,23,24,23,24,379814,201477,380580,201391,770.8125582785999,TRUE,TRUE
3035,J028,1999,2000,24,25,24,25,380580,201391,381022,201589,484.3222068003903,TRUE,TRUE
3036,J028,2000,2001,25,26,25,26,381022,201589,381946,201669,927.4567375355036,TRUE,TRUE
3037,J029,1998,1999,23,24,23,24,379814,201477,380580,201391,770.8125582785999,TRUE,TRUE
3038,J029,1999,2000,24,25,24,25,380580,201391,381022,201589,484.3222068003903,TRUE,TRUE
3039,J029,2000,2001,25,26,25,26,381022,201589,381946,201669,927.4567375355036,TRUE,TRUE
3040,J033,1998,1999,23,24,23,24,379814,201477,380580,201391,770.8125582785999,TRUE,TRUE
3041,J033,1999,2000,24,25,24,25,380580,201391,381022,201589,484.3222068003903,TRUE,TRUE
3042,J034,1998,1999,23,24,23,24,379814,201477,380580,201391,770.8125582785999,TRUE,TRUE
3043,J034,1999,2000,24,25,24,25,380580,201391,381022,201589,484.3222068003903,TRUE,TRUE
3044,J034,2000,2001,25,26,25,26,381022,201589,381946,201669,927.4567375355036,TRUE,TRUE
3045,J034,2001,2002,26,27,26,27,381946,201669,381841,201313,371.16168983342016,TRUE,TRUE
3046,J035,1998,1999,23,24,23,24,379814,201477,380580,201391,770.8125582785999,TRUE,TRUE
3047,J035,1999,2000,24,25,24,25,380580,201391,381022,201589,484.3222068003903,TRUE,TRUE
3048,J035,2000,2001,25,26,25,26,381022,201589,381946,201669,927.4567375355036,TRUE,TRUE
3049,J035,2001,2002,26,27,26,27,381946,201669,381841,201313,371.16168983342016,TRUE,TRUE
3050,J035,2002,2003,27,28,27,28,381841,201313,380834,201150,1020.1068571478186,TRUE,TRUE
3051,J037,1998,1999,23,24,23,24,379814,201477,380580,201391,770.8125582785999,TRUE,TRUE
3052,J037,1999,2000,24,25,24,25,380580,201391,381022,201589,484.3222068003903,TRUE,TRUE
3053,J037,2000,2001,25,26,25,26,381022,201589,381946,201669,927.4567375355036,TRUE,TRUE
3054,J037,2001,2002,26,27,26,27,381946,201669,381841,201313,371.16168983342016,TRUE,TRUE
3055,J039,1998,1999,23,24,23,24,379814,201477,380580,201391,770.8125582785999,TRUE,TRUE
3056,J039,1999,2000,24,25,24,25,380580,201391,381022,201589,484.3222068003903,TRUE,TRUE
3057,J039,2000,2001,25,26,25,26,381022,201589,381946,201669,927.4567375355036,TRUE,TRUE
3058,J040,1998,1999,23,24,23,24,379814,201477,380580,201391,770.8125582785999,TRUE,TRUE
3059,J040,1999,2000,24,25,24,25,380580,201391,381022,201589,484.3222068003903,TRUE,TRUE
3060,J040,2000,2001,25,26,25,26,381022,201589,381946,201669,927.4567375355036,TRUE,TRUE
3061,J041,1998,1999,23,24,23,24,379814,201477,380580,201391,770.8125582785999,TRUE,TRUE
3062,J041,1999,2000,24,25,24,25,380580,201391,381022,201589,484.3222068003903,TRUE,TRUE
3063,J042,1998,1999,23,24,23,24,379814,201477,380580,201391,770.8125582785999,TRUE,TRUE
3064,J042,1999,2000,24,25,24,25,380580,201391,381022,201589,484.3222068003903,TRUE,TRUE
3065,J042,2000,2001,25,26,25,26,381022,201589,381946,201669,927.4567375355036,TRUE,TRUE
3066,J044,1998,1999,23,24,23,24,379814,201477,380580,201391,770.8125582785999,TRUE,TRUE
3067,J044,1999,2000,24,25,24,25,380580,201391,381022,201589,484.3222068003903,TRUE,TRUE
3068,J044,2000,2001,25,26,25,26,381022,201589,381946,201669,927.4567375355036,TRUE,TRUE
3069,J044,2001,2002,26,27,26,27,381946,201669,381841,201313,371.16168983342016,TRUE,TRUE
3070,J044,2002,2003,27,28,27,28,381841,201313,380834,201150,1020.1068571478186,TRUE,TRUE
3071,J050,1998,1999,23,24,23,24,379814,201477,380580,201391,770.8125582785999,TRUE,TRUE
3072,J050,1999,2000,24,25,24,25,380580,201391,381022,201589,484.3222068003903,TRUE,TRUE
3073,J051,1998,1999,23,24,23,24,379814,201477,380580,201391,770.8125582785999,TRUE,TRUE
3074,J051,1999,2000,24,25,24,25,380580,201391,381022,201589,484.3222068003903,TRUE,TRUE
3075,J053,1998,1999,23,24,23,24,379814,201477,380580,201391,770.8125582785999,TRUE,TRUE
3076,J053,1999,2000,24,25,24,25,380580,201391,381022,201589,484.3222068003903,TRUE,TRUE
3077,J053,2000,2001,25,26,25,26,381022,201589,381946,201669,927.4567375355036,TRUE,TRUE
3078,J053,2001,2002,26,27,26,27,381946,201669,381841,201313,371.16168983342016,TRUE,TRUE
3079,J054,1998,1999,23,24,23,24,379814,201477,380580,201391,770.8125582785999,TRUE,TRUE
3080,J054,1999,2000,24,25,24,25,380580,201391,381022,201589,484.3222068003903,TRUE,TRUE
3081,J054,2000,2001,25,26,25,26,381022,201589,381946,201669,927.4567375355036,TRUE,TRUE
3082,J054,2001,2002,26,27,26,27,381946,201669,381841,201313,371.16168983342016,TRUE,TRUE
3083,J054,2002,2003,27,28,27,28,381841,201313,380834,201150,1020.1068571478186,TRUE,TRUE
3084,J054,2003,2004,28,29,28,29,380834,201150,382049,201493,1262.4872276581652,TRUE,TRUE
3085,J054,2004,2005,29,30,29,30,382049,201493,382931,200706,1182.0714868399457,TRUE,TRUE
3086,J054,2005,2006,30,31,30,31,382931,200706,380649,201388,2381.7321427902007,TRUE,TRUE
3087,J054,2006,2007,31,32,31,32,380649,201388,380279,201409,370.59546678285204,TRUE,TRUE
3088,J054,2007,2008,32,33,32,33,380279,201409,382399,200920,2175.6656452681327,TRUE,TRUE
3089,J055,1998,1999,23,24,23,24,379814,201477,380580,201391,770.8125582785999,TRUE,TRUE
3090,J055,1999,2000,24,25,24,25,380580,201391,381022,201589,484.3222068003903,TRUE,TRUE
3091,J056,1998,1999,23,24,23,24,379814,201477,380580,201391,770.8125582785999,TRUE,TRUE
3092,J056,1999,2000,24,25,24,25,380580,201391,381022,201589,484.3222068003903,TRUE,TRUE
3093,J056,2000,2001,25,26,25,26,381022,201589,381946,201669,927.4567375355036,TRUE,TRUE
3094,J056,2001,2002,26,27,26,27,381946,201669,381841,201313,371.16168983342016,TRUE,TRUE
3095,J056,2002,2003,27,28,27,28,381841,201313,380834,201150,1020.1068571478186,TRUE,TRUE
3096,J056,2003,2004,28,29,28,29,380834,201150,382049,201493,1262.4872276581652,TRUE,TRUE
3097,J058,1998,1999,23,24,23,24,379814,201477,380580,201391,770.8125582785999,TRUE,TRUE
3098,J058,1999,2000,24,25,24,25,380580,201391,381022,201589,484.3222068003903,TRUE,TRUE
3099,J058,2000,2001,25,26,25,26,381022,201589,381946,201669,927.4567375355036,TRUE,TRUE
3100,J058,2001,2002,26,27,26,27,381946,201669,381841,201313,371.16168983342016,TRUE,TRUE
3101,J058,2002,2003,27,28,27,28,381841,201313,380834,201150,1020.1068571478186,TRUE,TRUE
3102,J058,2003,2004,28,29,28,29,380834,201150,382049,201493,1262.4872276581652,TRUE,TRUE
3103,J058,2004,2005,29,30,29,30,382049,201493,382931,200706,1182.0714868399457,TRUE,TRUE
3104,J060,1998,1999,23,24,23,24,379814,201477,380580,201391,770.8125582785999,TRUE,TRUE
3105,J060,1999,2000,24,25,24,25,380580,201391,381022,201589,484.3222068003903,TRUE,TRUE
3106,J060,2000,2001,25,26,25,26,381022,201589,381946,201669,927.4567375355036,TRUE,TRUE
3107,J060,2001,2002,26,27,26,27,381946,201669,381841,201313,371.16168983342016,TRUE,TRUE
3108,J060,2002,2003,27,28,27,28,381841,201313,380834,201150,1020.1068571478186,TRUE,TRUE
3109,J060,2003,2004,28,29,28,29,380834,201150,382049,201493,1262.4872276581652,TRUE,TRUE
3110,J062,1998,1999,23,24,23,24,379814,201477,380580,201391,770.8125582785999,TRUE,TRUE
3111,J062,1999,2000,24,25,24,25,380580,201391,381022,201589,484.3222068003903,TRUE,TRUE
3112,J062,2000,2001,25,26,25,26,381022,201589,381946,201669,927.4567375355036,TRUE,TRUE
3113,J063,1998,1999,23,24,23,24,379814,201477,380580,201391,770.8125582785999,TRUE,TRUE
3114,J063,1999,2000,24,25,24,25,380580,201391,381022,201589,484.3222068003903,TRUE,TRUE
3115,J063,2000,2001,25,26,25,26,381022,201589,381946,201669,927.4567375355036,TRUE,TRUE
3116,J063,2001,2002,26,27,26,27,381946,201669,381841,201313,371.16168983342016,TRUE,TRUE
3117,J063,2002,2003,27,28,27,28,381841,201313,380834,201150,1020.1068571478186,TRUE,TRUE
3118,J066,1998,1999,23,24,23,24,379814,201477,380580,201391,770.8125582785999,TRUE,TRUE
3119,J066,1999,2000,24,25,24,25,380580,201391,381022,201589,484.3222068003903,TRUE,TRUE
3120,J067,1998,1999,23,24,23,24,379814,201477,380580,201391,770.8125582785999,TRUE,TRUE
3121,J067,1999,2000,24,25,24,25,380580,201391,381022,201589,484.3222068003903,TRUE,TRUE
3122,J068,1998,1999,23,24,23,24,379814,201477,380580,201391,770.8125582785999,TRUE,TRUE
3123,J068,1999,2000,24,25,24,25,380580,201391,381022,201589,484.3222068003903,TRUE,TRUE
3124,J068,2000,2001,25,26,25,26,381022,201589,381946,201669,927.4567375355036,TRUE,TRUE
3125,J068,2001,2002,26,27,26,27,381946,201669,381841,201313,371.16168983342016,TRUE,TRUE
3126,J069,1998,1999,23,24,23,24,379814,201477,380580,201391,770.8125582785999,TRUE,TRUE
3127,J069,1999,2000,24,25,24,25,380580,201391,381022,201589,484.3222068003903,TRUE,TRUE
3128,J069,2000,2001,25,26,25,26,381022,201589,381946,201669,927.4567375355036,TRUE,TRUE
3129,J069,2001,2002,26,27,26,27,381946,201669,381841,201313,371.16168983342016,TRUE,TRUE
3130,J070,1998,1999,23,24,23,24,379814,201477,380580,201391,770.8125582785999,TRUE,TRUE
3131,J070,1999,2000,24,25,24,25,380580,201391,381022,201589,484.3222068003903,TRUE,TRUE
3132,J070,2000,2001,25,26,25,26,381022,201589,381946,201669,927.4567375355036,TRUE,TRUE
3133,J070,2001,2002,26,27,26,27,381946,201669,381841,201313,371.16168983342016,TRUE,TRUE
3134,J071,1998,1999,23,24,23,24,379814,201477,380580,201391,770.8125582785999,TRUE,TRUE
3135,J071,1999,2000,24,25,24,25,380580,201391,381022,201589,484.3222068003903,TRUE,TRUE
3136,J071,2000,2001,25,26,25,26,381022,201589,381946,201669,927.4567375355036,TRUE,TRUE
3137,J071,2001,2002,26,27,26,27,381946,201669,381841,201313,371.16168983342016,TRUE,TRUE
3138,J078,1998,1999,23,24,23,24,379814,201477,380580,201391,770.8125582785999,TRUE,TRUE
3139,J078,1999,2000,24,25,24,25,380580,201391,381022,201589,484.3222068003903,TRUE,TRUE
3140,J078,2000,2001,25,26,25,26,381022,201589,381946,201669,927.4567375355036,TRUE,TRUE
3141,J079,1998,1999,23,24,23,24,379814,201477,380580,201391,770.8125582785999,TRUE,TRUE
3142,J079,1999,2000,24,25,24,25,380580,201391,381022,201589,484.3222068003903,TRUE,TRUE
3143,J079,2000,2001,25,26,25,26,381022,201589,381946,201669,927.4567375355036,TRUE,TRUE
3144,J079,2001,2002,26,27,26,27,381946,201669,381841,201313,371.16168983342016,TRUE,TRUE
3145,J080,1998,1999,23,24,23,24,379814,201477,380580,201391,770.8125582785999,TRUE,TRUE
3146,J080,1999,2000,24,25,24,25,380580,201391,381022,201589,484.3222068003903,TRUE,TRUE
3147,J080,2000,2001,25,26,25,26,381022,201589,381946,201669,927.4567375355036,TRUE,TRUE
3148,J080,2001,2002,26,27,26,27,381946,201669,381841,201313,371.16168983342016,TRUE,TRUE
3149,J083,1998,1999,23,24,23,24,379814,201477,380580,201391,770.8125582785999,TRUE,TRUE
3150,J083,1999,2000,24,25,24,25,380580,201391,381022,201589,484.3222068003903,TRUE,TRUE
3151,J083,2000,2001,25,26,25,26,381022,201589,381946,201669,927.4567375355036,TRUE,TRUE
3152,J083,2001,2002,26,27,26,27,381946,201669,381841,201313,371.16168983342016,TRUE,TRUE
3153,J083,2002,2003,27,28,27,28,381841,201313,380834,201150,1020.1068571478186,TRUE,TRUE
3154,J083,2003,2004,28,29,28,29,380834,201150,382049,201493,1262.4872276581652,TRUE,TRUE
3155,J085,1998,1999,23,24,23,24,379814,201477,380580,201391,770.8125582785999,TRUE,TRUE
3156,J085,1999,2000,24,25,24,25,380580,201391,381022,201589,484.3222068003903,TRUE,TRUE
3157,J085,2000,2001,25,26,25,26,381022,201589,381946,201669,927.4567375355036,TRUE,TRUE
3158,J087,1998,1999,23,24,23,24,379814,201477,380580,201391,770.8125582785999,TRUE,TRUE
3159,J087,1999,2000,24,25,24,25,380580,201391,381022,201589,484.3222068003903,TRUE,TRUE
3160,J087,2000,2001,25,26,25,26,381022,201589,381946,201669,927.4567375355036,TRUE,TRUE
3161,J087,2001,2002,26,27,26,27,381946,201669,381841,201313,371.16168983342016,TRUE,TRUE
3162,J087,2002,2003,27,28,27,28,381841,201313,380834,201150,1020.1068571478186,TRUE,TRUE
3163,J087,2003,2004,28,29,28,29,380834,201150,382049,201493,1262.4872276581652,TRUE,TRUE
3164,J087,2004,2005,29,30,29,30,382049,201493,382931,200706,1182.0714868399457,TRUE,TRUE
3165,J088,1998,1999,23,24,23,24,379814,201477,380580,201391,770.8125582785999,TRUE,TRUE
3166,J088,1999,2000,24,25,24,25,380580,201391,381022,201589,484.3222068003903,TRUE,TRUE
3167,J090,1998,1999,23,24,23,24,379814,201477,380580,201391,770.8125582785999,TRUE,TRUE
3168,J090,1999,2000,24,25,24,25,380580,201391,381022,201589,484.3222068003903,TRUE,TRUE
3169,J090,2000,2001,25,26,25,26,381022,201589,381946,201669,927.4567375355036,TRUE,TRUE
3170,J091,1998,1999,23,24,23,24,379814,201477,380580,201391,770.8125582785999,TRUE,TRUE
3171,J091,1999,2000,24,25,24,25,380580,201391,381022,201589,484.3222068003903,TRUE,TRUE
3172,J091,2000,2001,25,26,25,26,381022,201589,381946,201669,927.4567375355036,TRUE,TRUE
3173,J091,2001,2002,26,27,26,27,381946,201669,381841,201313,371.16168983342016,TRUE,TRUE
3174,J091,2002,2003,27,28,27,28,381841,201313,380834,201150,1020.1068571478186,TRUE,TRUE
3175,J091,2003,2004,28,29,28,29,380834,201150,382049,201493,1262.4872276581652,TRUE,TRUE
3176,J091,2004,2005,29,30,29,30,382049,201493,382931,200706,1182.0714868399457,TRUE,TRUE
3177,J091,2005,2006,30,31,30,31,382931,200706,380649,201388,2381.7321427902007,TRUE,TRUE
3178,J093,1998,1999,23,24,23,24,379814,201477,380580,201391,770.8125582785999,TRUE,TRUE
3179,J093,1999,2000,24,25,24,25,380580,201391,381022,201589,484.3222068003903,TRUE,TRUE
3180,J093,2000,2001,25,26,25,26,381022,201589,381946,201669,927.4567375355036,TRUE,TRUE
3181,J093,2001,2002,26,27,26,27,381946,201669,381841,201313,371.16168983342016,TRUE,TRUE
3182,J093,2002,2003,27,28,27,28,381841,201313,380834,201150,1020.1068571478186,TRUE,TRUE
3183,J093,2003,2004,28,29,28,29,380834,201150,382049,201493,1262.4872276581652,TRUE,TRUE
3184,J093,2004,2005,29,30,29,30,382049,201493,382931,200706,1182.0714868399457,TRUE,TRUE
3185,J094,1998,1999,23,24,23,24,379814,201477,380580,201391,770.8125582785999,TRUE,TRUE
3186,J094,1999,2000,24,25,24,25,380580,201391,381022,201589,484.3222068003903,TRUE,TRUE
3187,J099,1998,1999,23,24,23,24,379814,201477,380580,201391,770.8125582785999,TRUE,TRUE
3188,J099,1999,2000,24,25,24,25,380580,201391,381022,201589,484.3222068003903,TRUE,TRUE
3189,J099,2000,2001,25,26,25,26,381022,201589,381946,201669,927.4567375355036,TRUE,TRUE
3190,K002,1987,1988,12,13,12,13,382916,202222,380621,201409,2434.747214804855,TRUE,TRUE
3191,K002,1988,1989,13,14,13,14,380621,201409,380597,201427,30,TRUE,TRUE
3192,K002,1989,1990,14,15,14,15,380597,201427,381241,201774,731.5360551606462,TRUE,TRUE
3193,K002,1990,1991,15,16,15,16,381241,201774,381157,201365,417.53682472328114,TRUE,TRUE
3194,K002,1991,1992,16,17,16,17,381157,201365,380625,200466,1044.6171547509643,TRUE,TRUE
3195,K002,1992,1993,17,18,17,18,380625,200466,381370,201620,1373.5869102463084,TRUE,TRUE
3196,K002,1993,1994,18,19,18,19,381370,201620,379874,201435,1507.3954358428978,TRUE,TRUE
3197,K002,1994,1995,19,20,19,20,379874,201435,381230,201693,1380.3260484392808,TRUE,TRUE
3198,K002,1995,1996,20,21,20,21,381230,201693,383675,202710,2648.077415786782,TRUE,TRUE
3199,K002,1996,1997,21,22,21,22,383675,202710,380707,200454,3728.0772524184636,TRUE,TRUE
3200,K002,1997,1998,22,23,22,23,380707,200454,379814,201477,1357.931515209806,TRUE,TRUE
3201,K004,1987,1988,12,13,12,13,382916,202222,380621,201409,2434.747214804855,TRUE,TRUE
3202,K004,1988,1989,13,14,13,14,380621,201409,380597,201427,30,TRUE,TRUE
3203,K004,1989,1990,14,15,14,15,380597,201427,381241,201774,731.5360551606462,TRUE,TRUE
3204,K004,1990,1991,15,16,15,16,381241,201774,381157,201365,417.53682472328114,TRUE,TRUE
3205,K004,1991,1992,16,17,16,17,381157,201365,380625,200466,1044.6171547509643,TRUE,TRUE
3206,K004,1992,1993,17,18,17,18,380625,200466,381370,201620,1373.5869102463084,TRUE,TRUE
3207,K004,1993,1994,18,19,18,19,381370,201620,379874,201435,1507.3954358428978,TRUE,TRUE
3208,K005,1987,1988,12,13,12,13,382916,202222,380621,201409,2434.747214804855,TRUE,TRUE
3209,K005,1988,1989,13,14,13,14,380621,201409,380597,201427,30,TRUE,TRUE
3210,K005,1989,1990,14,15,14,15,380597,201427,381241,201774,731.5360551606462,TRUE,TRUE
3211,K005,1990,1991,15,16,15,16,381241,201774,381157,201365,417.53682472328114,TRUE,TRUE
3212,K005,1991,1992,16,17,16,17,381157,201365,380625,200466,1044.6171547509643,TRUE,TRUE
3213,K005,1992,1993,17,18,17,18,380625,200466,381370,201620,1373.5869102463084,TRUE,TRUE
3214,K005,1993,1994,18,19,18,19,381370,201620,379874,201435,1507.3954358428978,TRUE,TRUE
3215,K005,1994,1995,19,20,19,20,379874,201435,381230,201693,1380.3260484392808,TRUE,TRUE
3216,K007,1987,1988,12,13,12,13,382916,202222,380621,201409,2434.747214804855,TRUE,TRUE
3217,K007,1988,1989,13,14,13,14,380621,201409,380597,201427,30,TRUE,TRUE
3218,K007,1989,1990,14,15,14,15,380597,201427,381241,201774,731.5360551606462,TRUE,TRUE
3219,K007,1990,1991,15,16,15,16,381241,201774,381157,201365,417.53682472328114,TRUE,TRUE
3220,K007,1991,1992,16,17,16,17,381157,201365,380625,200466,1044.6171547509643,TRUE,TRUE
3221,K007,1992,1993,17,18,17,18,380625,200466,381370,201620,1373.5869102463084,TRUE,TRUE
3222,K007,1993,1994,18,19,18,19,381370,201620,379874,201435,1507.3954358428978,TRUE,TRUE
3223,K007,1994,1995,19,20,19,20,379874,201435,381230,201693,1380.3260484392808,TRUE,TRUE
3224,K011,1987,1988,12,13,12,13,382916,202222,380621,201409,2434.747214804855,TRUE,TRUE
3225,K011,1988,1989,13,14,13,14,380621,201409,380597,201427,30,TRUE,TRUE
3226,K011,1989,1990,14,15,14,15,380597,201427,381241,201774,731.5360551606462,TRUE,TRUE
3227,K012,1987,1988,12,13,12,13,382916,202222,380621,201409,2434.747214804855,TRUE,TRUE
3228,K012,1988,1989,13,14,13,14,380621,201409,380597,201427,30,TRUE,TRUE
3229,K012,1989,1990,14,15,14,15,380597,201427,381241,201774,731.5360551606462,TRUE,TRUE
3230,K015,1987,1988,12,13,12,13,382916,202222,380621,201409,2434.747214804855,TRUE,TRUE
3231,K015,1988,1989,13,14,13,14,380621,201409,380597,201427,30,TRUE,TRUE
3232,K017,1987,1988,12,13,12,13,382916,202222,380621,201409,2434.747214804855,TRUE,TRUE
3233,K017,1988,1989,13,14,13,14,380621,201409,380597,201427,30,TRUE,TRUE
3234,K017,1989,1990,14,15,14,15,380597,201427,381241,201774,731.5360551606462,TRUE,TRUE
3235,K017,1990,1991,15,16,15,16,381241,201774,381157,201365,417.53682472328114,TRUE,TRUE
3236,K017,1991,1992,16,17,16,17,381157,201365,380625,200466,1044.6171547509643,TRUE,TRUE
3237,K017,1992,1993,17,18,17,18,380625,200466,381370,201620,1373.5869102463084,TRUE,TRUE
3238,K017,1993,1994,18,19,18,19,381370,201620,379874,201435,1507.3954358428978,TRUE,TRUE
3239,K019,1987,1988,12,13,12,13,382916,202222,380621,201409,2434.747214804855,TRUE,TRUE
3240,K019,1988,1989,13,14,13,14,380621,201409,380597,201427,30,TRUE,TRUE
3241,K019,1989,1990,14,15,14,15,380597,201427,381241,201774,731.5360551606462,TRUE,TRUE
3242,K019,1990,1991,15,16,15,16,381241,201774,381157,201365,417.53682472328114,TRUE,TRUE
3243,K019,1991,1992,16,17,16,17,381157,201365,380625,200466,1044.6171547509643,TRUE,TRUE
3244,K019,1992,1993,17,18,17,18,380625,200466,381370,201620,1373.5869102463084,TRUE,TRUE
3245,K020,1987,1988,12,13,12,13,382916,202222,380621,201409,2434.747214804855,TRUE,TRUE
3246,K020,1988,1989,13,14,13,14,380621,201409,380597,201427,30,TRUE,TRUE
3247,K020,1989,1990,14,15,14,15,380597,201427,381241,201774,731.5360551606462,TRUE,TRUE
3248,K020,1990,1991,15,16,15,16,381241,201774,381157,201365,417.53682472328114,TRUE,TRUE
3249,K020,1991,1992,16,17,16,17,381157,201365,380625,200466,1044.6171547509643,TRUE,TRUE
3250,K032,1987,1988,12,13,12,13,382916,202222,380621,201409,2434.747214804855,TRUE,TRUE
3251,K032,1988,1989,13,14,13,14,380621,201409,380597,201427,30,TRUE,TRUE
3252,K032,1989,1990,14,15,14,15,380597,201427,381241,201774,731.5360551606462,TRUE,TRUE
3253,K032,1990,1991,15,16,15,16,381241,201774,381157,201365,417.53682472328114,TRUE,TRUE
3254,K032,1991,1992,16,17,16,17,381157,201365,380625,200466,1044.6171547509643,TRUE,TRUE
3255,K032,1992,1993,17,18,17,18,380625,200466,381370,201620,1373.5869102463084,TRUE,TRUE
3256,K032,1993,1994,18,19,18,19,381370,201620,379874,201435,1507.3954358428978,TRUE,TRUE
3257,K032,1994,1995,19,20,19,20,379874,201435,381230,201693,1380.3260484392808,TRUE,TRUE
3258,K032,1995,1996,20,21,20,21,381230,201693,383675,202710,2648.077415786782,TRUE,TRUE
3259,K032,1996,1997,21,22,21,22,383675,202710,380707,200454,3728.0772524184636,TRUE,TRUE
3260,K032,1997,1998,22,23,22,23,380707,200454,379814,201477,1357.931515209806,TRUE,TRUE
3261,K033,1987,1988,12,13,12,13,382916,202222,380621,201409,2434.747214804855,TRUE,TRUE
3262,K033,1988,1989,13,14,13,14,380621,201409,380597,201427,30,TRUE,TRUE
3263,K033,1989,1990,14,15,14,15,380597,201427,381241,201774,731.5360551606462,TRUE,TRUE
3264,K033,1990,1991,15,16,15,16,381241,201774,381157,201365,417.53682472328114,TRUE,TRUE
3265,K033,1991,1992,16,17,16,17,381157,201365,380625,200466,1044.6171547509643,TRUE,TRUE
3266,K033,1992,1993,17,18,17,18,380625,200466,381370,201620,1373.5869102463084,TRUE,TRUE
3267,K033,1993,1994,18,19,18,19,381370,201620,379874,201435,1507.3954358428978,TRUE,TRUE
3268,K033,1994,1995,19,20,19,20,379874,201435,381230,201693,1380.3260484392808,TRUE,TRUE
3269,K033,1995,1996,20,21,20,21,381230,201693,383675,202710,2648.077415786782,TRUE,TRUE
3270,K033,1996,1997,21,22,21,22,383675,202710,380707,200454,3728.0772524184636,TRUE,TRUE
3271,K033,1997,1998,22,23,22,23,380707,200454,379814,201477,1357.931515209806,TRUE,TRUE
3272,K037,1987,1988,12,13,12,13,382916,202222,380621,201409,2434.747214804855,TRUE,TRUE
3273,K037,1988,1989,13,14,13,14,380621,201409,380597,201427,30,TRUE,TRUE
3274,K037,1989,1990,14,15,14,15,380597,201427,381241,201774,731.5360551606462,TRUE,TRUE
3275,K037,1990,1991,15,16,15,16,381241,201774,381157,201365,417.53682472328114,TRUE,TRUE
3276,K037,1991,1992,16,17,16,17,381157,201365,380625,200466,1044.6171547509643,TRUE,TRUE
3277,K037,1992,1993,17,18,17,18,380625,200466,381370,201620,1373.5869102463084,TRUE,TRUE
3278,K038,1987,1988,12,13,12,13,382916,202222,380621,201409,2434.747214804855,TRUE,TRUE
3279,K038,1988,1989,13,14,13,14,380621,201409,380597,201427,30,TRUE,TRUE
3280,K038,1989,1990,14,15,14,15,380597,201427,381241,201774,731.5360551606462,TRUE,TRUE
3281,K038,1990,1991,15,16,15,16,381241,201774,381157,201365,417.53682472328114,TRUE,TRUE
3282,K038,1991,1992,16,17,16,17,381157,201365,380625,200466,1044.6171547509643,TRUE,TRUE
3283,K039,1987,1988,12,13,12,13,382916,202222,380621,201409,2434.747214804855,TRUE,TRUE
3284,K039,1988,1989,13,14,13,14,380621,201409,380597,201427,30,TRUE,TRUE
3285,K039,1989,1990,14,15,14,15,380597,201427,381241,201774,731.5360551606462,TRUE,TRUE
3286,K039,1990,1991,15,16,15,16,381241,201774,381157,201365,417.53682472328114,TRUE,TRUE
3287,K039,1991,1992,16,17,16,17,381157,201365,380625,200466,1044.6171547509643,TRUE,TRUE
3288,K040,1987,1988,12,13,12,13,382916,202222,380621,201409,2434.747214804855,TRUE,TRUE
3289,K040,1988,1989,13,14,13,14,380621,201409,380597,201427,30,TRUE,TRUE
3290,K040,1989,1990,14,15,14,15,380597,201427,381241,201774,731.5360551606462,TRUE,TRUE
3291,K040,1990,1991,15,16,15,16,381241,201774,381157,201365,417.53682472328114,TRUE,TRUE
3292,K041,1987,1988,12,13,12,13,382916,202222,380621,201409,2434.747214804855,TRUE,TRUE
3293,K041,1988,1989,13,14,13,14,380621,201409,380597,201427,30,TRUE,TRUE
3294,K042,1987,1988,12,13,12,13,382916,202222,380621,201409,2434.747214804855,TRUE,TRUE
3295,K042,1988,1989,13,14,13,14,380621,201409,380597,201427,30,TRUE,TRUE
3296,K042,1989,1990,14,15,14,15,380597,201427,381241,201774,731.5360551606462,TRUE,TRUE
3297,K042,1990,1991,15,16,15,16,381241,201774,381157,201365,417.53682472328114,TRUE,TRUE
3298,K042,1991,1992,16,17,16,17,381157,201365,380625,200466,1044.6171547509643,TRUE,TRUE
3299,K042,1992,1993,17,18,17,18,380625,200466,381370,201620,1373.5869102463084,TRUE,TRUE
3300,K042,1993,1994,18,19,18,19,381370,201620,379874,201435,1507.3954358428978,TRUE,TRUE
3301,K043,1987,1988,12,13,12,13,382916,202222,380621,201409,2434.747214804855,TRUE,TRUE
3302,K043,1988,1989,13,14,13,14,380621,201409,380597,201427,30,TRUE,TRUE
3303,K043,1989,1990,14,15,14,15,380597,201427,381241,201774,731.5360551606462,TRUE,TRUE
3304,K043,1990,1991,15,16,15,16,381241,201774,381157,201365,417.53682472328114,TRUE,TRUE
3305,K043,1991,1992,16,17,16,17,381157,201365,380625,200466,1044.6171547509643,TRUE,TRUE
3306,K043,1992,1993,17,18,17,18,380625,200466,381370,201620,1373.5869102463084,TRUE,TRUE
3307,K044,1987,1988,12,13,12,13,382916,202222,380621,201409,2434.747214804855,TRUE,TRUE
3308,K044,1988,1989,13,14,13,14,380621,201409,380597,201427,30,TRUE,TRUE
3309,K044,1989,1990,14,15,14,15,380597,201427,381241,201774,731.5360551606462,TRUE,TRUE
3310,K044,1990,1991,15,16,15,16,381241,201774,381157,201365,417.53682472328114,TRUE,TRUE
3311,K044,1991,1992,16,17,16,17,381157,201365,380625,200466,1044.6171547509643,TRUE,TRUE
3312,K044,1992,1993,17,18,17,18,380625,200466,381370,201620,1373.5869102463084,TRUE,TRUE
3313,K046,1987,1988,12,13,12,13,382916,202222,380621,201409,2434.747214804855,TRUE,TRUE
3314,K046,1988,1989,13,14,13,14,380621,201409,380597,201427,30,TRUE,TRUE
3315,K046,1989,1990,14,15,14,15,380597,201427,381241,201774,731.5360551606462,TRUE,TRUE
3316,K046,1990,1991,15,16,15,16,381241,201774,381157,201365,417.53682472328114,TRUE,TRUE
3317,K046,1991,1992,16,17,16,17,381157,201365,380625,200466,1044.6171547509643,TRUE,TRUE
3318,K048,1987,1988,12,13,12,13,382916,202222,380621,201409,2434.747214804855,TRUE,TRUE
3319,K048,1988,1989,13,14,13,14,380621,201409,380597,201427,30,TRUE,TRUE
3320,K048,1989,1990,14,15,14,15,380597,201427,381241,201774,731.5360551606462,TRUE,TRUE
3321,K050,1987,1988,12,13,12,13,382916,202222,380621,201409,2434.747214804855,TRUE,TRUE
3322,K050,1988,1989,13,14,13,14,380621,201409,380597,201427,30,TRUE,TRUE
3323,K050,1989,1990,14,15,14,15,380597,201427,381241,201774,731.5360551606462,TRUE,TRUE
3324,K051,1987,1988,12,13,12,13,382916,202222,380621,201409,2434.747214804855,TRUE,TRUE
3325,K051,1988,1989,13,14,13,14,380621,201409,380597,201427,30,TRUE,TRUE
3326,K051,1989,1990,14,15,14,15,380597,201427,381241,201774,731.5360551606462,TRUE,TRUE
3327,K051,1990,1991,15,16,15,16,381241,201774,381157,201365,417.53682472328114,TRUE,TRUE
3328,K051,1991,1992,16,17,16,17,381157,201365,380625,200466,1044.6171547509643,TRUE,TRUE
3329,K051,1992,1993,17,18,17,18,380625,200466,381370,201620,1373.5869102463084,TRUE,TRUE
3330,K051,1993,1994,18,19,18,19,381370,201620,379874,201435,1507.3954358428978,TRUE,TRUE
3331,K051,1994,1995,19,20,19,20,379874,201435,381230,201693,1380.3260484392808,TRUE,TRUE
3332,K051,1995,1996,20,21,20,21,381230,201693,383675,202710,2648.077415786782,TRUE,TRUE
3333,K051,1996,1997,21,22,21,22,383675,202710,380707,200454,3728.0772524184636,TRUE,TRUE
3334,K051,1997,1998,22,23,22,23,380707,200454,379814,201477,1357.931515209806,TRUE,TRUE
3335,K051,1998,1999,23,24,23,24,379814,201477,380580,201391,770.8125582785999,TRUE,TRUE
3336,K052,1987,1988,12,13,12,13,382916,202222,380621,201409,2434.747214804855,TRUE,TRUE
3337,K052,1988,1989,13,14,13,14,380621,201409,380597,201427,30,TRUE,TRUE
3338,K052,1989,1990,14,15,14,15,380597,201427,381241,201774,731.5360551606462,TRUE,TRUE
3339,K052,1990,1991,15,16,15,16,381241,201774,381157,201365,417.53682472328114,TRUE,TRUE
3340,K054,1987,1988,12,13,12,13,382916,202222,380621,201409,2434.747214804855,TRUE,TRUE
3341,K054,1988,1989,13,14,13,14,380621,201409,380597,201427,30,TRUE,TRUE
3342,K056,1987,1988,12,13,12,13,382916,202222,380621,201409,2434.747214804855,TRUE,TRUE
3343,K056,1988,1989,13,14,13,14,380621,201409,380597,201427,30,TRUE,TRUE
3344,K056,1989,1990,14,15,14,15,380597,201427,381241,201774,731.5360551606462,TRUE,TRUE
3345,K056,1990,1991,15,16,15,16,381241,201774,381157,201365,417.53682472328114,TRUE,TRUE
3346,K057,1987,1988,12,13,12,13,382916,202222,380621,201409,2434.747214804855,TRUE,TRUE
3347,K057,1988,1989,13,14,13,14,380621,201409,380597,201427,30,TRUE,TRUE
3348,K057,1989,1990,14,15,14,15,380597,201427,381241,201774,731.5360551606462,TRUE,TRUE
3349,K062,1987,1988,12,13,12,13,382916,202222,380621,201409,2434.747214804855,TRUE,TRUE
3350,K062,1988,1989,13,14,13,14,380621,201409,380597,201427,30,TRUE,TRUE
3351,K062,1989,1990,14,15,14,15,380597,201427,381241,201774,731.5360551606462,TRUE,TRUE
3352,K062,1990,1991,15,16,15,16,381241,201774,381157,201365,417.53682472328114,TRUE,TRUE
3353,K062,1991,1992,16,17,16,17,381157,201365,380625,200466,1044.6171547509643,TRUE,TRUE
3354,K062,1992,1993,17,18,17,18,380625,200466,381370,201620,1373.5869102463084,TRUE,TRUE
3355,K062,1993,1994,18,19,18,19,381370,201620,379874,201435,1507.3954358428978,TRUE,TRUE
3356,K064,1987,1988,12,13,12,13,382916,202222,380621,201409,2434.747214804855,TRUE,TRUE
3357,K064,1988,1989,13,14,13,14,380621,201409,380597,201427,30,TRUE,TRUE
3358,K064,1989,1990,14,15,14,15,380597,201427,381241,201774,731.5360551606462,TRUE,TRUE
3359,K064,1990,1991,15,16,15,16,381241,201774,381157,201365,417.53682472328114,TRUE,TRUE
3360,K064,1991,1992,16,17,16,17,381157,201365,380625,200466,1044.6171547509643,TRUE,TRUE
3361,K064,1992,1993,17,18,17,18,380625,200466,381370,201620,1373.5869102463084,TRUE,TRUE
3362,K064,1993,1994,18,19,18,19,381370,201620,379874,201435,1507.3954358428978,TRUE,TRUE
3363,K064,1994,1995,19,20,19,20,379874,201435,381230,201693,1380.3260484392808,TRUE,TRUE
3364,K064,1995,1996,20,21,20,21,381230,201693,383675,202710,2648.077415786782,TRUE,TRUE
3365,K064,1996,1997,21,22,21,22,383675,202710,380707,200454,3728.0772524184636,TRUE,TRUE
3366,K064,1997,1998,22,23,22,23,380707,200454,379814,201477,1357.931515209806,TRUE,TRUE
3367,K064,1998,1999,23,24,23,24,379814,201477,380580,201391,770.8125582785999,TRUE,TRUE
3368,K064,1999,2000,24,25,24,25,380580,201391,381022,201589,484.3222068003903,TRUE,TRUE
3369,K064,2000,2001,25,26,25,26,381022,201589,381946,201669,927.4567375355036,TRUE,TRUE
3370,K065,1987,1988,12,13,12,13,382916,202222,380621,201409,2434.747214804855,TRUE,TRUE
3371,K065,1988,1989,13,14,13,14,380621,201409,380597,201427,30,TRUE,TRUE
3372,K065,1989,1990,14,15,14,15,380597,201427,381241,201774,731.5360551606462,TRUE,TRUE
3373,K066,1987,1988,12,13,12,13,382916,202222,380621,201409,2434.747214804855,TRUE,TRUE
3374,K066,1988,1989,13,14,13,14,380621,201409,380597,201427,30,TRUE,TRUE
3375,K066,1989,1990,14,15,14,15,380597,201427,381241,201774,731.5360551606462,TRUE,TRUE
3376,K066,1990,1991,15,16,15,16,381241,201774,381157,201365,417.53682472328114,TRUE,TRUE
3377,K066,1991,1992,16,17,16,17,381157,201365,380625,200466,1044.6171547509643,TRUE,TRUE
3378,K066,1992,1993,17,18,17,18,380625,200466,381370,201620,1373.5869102463084,TRUE,TRUE
3379,K066,1993,1994,18,19,18,19,381370,201620,379874,201435,1507.3954358428978,TRUE,TRUE
3380,K066,1994,1995,19,20,19,20,379874,201435,381230,201693,1380.3260484392808,TRUE,TRUE
3381,K069,1987,1988,12,13,12,13,382916,202222,380621,201409,2434.747214804855,TRUE,TRUE
3382,K069,1988,1989,13,14,13,14,380621,201409,380597,201427,30,TRUE,TRUE
3383,K071,1987,1988,12,13,12,13,382916,202222,380621,201409,2434.747214804855,TRUE,TRUE
3384,K071,1988,1989,13,14,13,14,380621,201409,380597,201427,30,TRUE,TRUE
3385,K071,1989,1990,14,15,14,15,380597,201427,381241,201774,731.5360551606462,TRUE,TRUE
3386,K071,1990,1991,15,16,15,16,381241,201774,381157,201365,417.53682472328114,TRUE,TRUE
3387,K071,1991,1992,16,17,16,17,381157,201365,380625,200466,1044.6171547509643,TRUE,TRUE
3388,K071,1992,1993,17,18,17,18,380625,200466,381370,201620,1373.5869102463084,TRUE,TRUE
3389,K071,1993,1994,18,19,18,19,381370,201620,379874,201435,1507.3954358428978,TRUE,TRUE
3390,K071,1994,1995,19,20,19,20,379874,201435,381230,201693,1380.3260484392808,TRUE,TRUE
3391,K072,1987,1988,12,13,12,13,382916,202222,380621,201409,2434.747214804855,TRUE,TRUE
3392,K072,1988,1989,13,14,13,14,380621,201409,380597,201427,30,TRUE,TRUE
3393,K072,1989,1990,14,15,14,15,380597,201427,381241,201774,731.5360551606462,TRUE,TRUE
3394,K072,1990,1991,15,16,15,16,381241,201774,381157,201365,417.53682472328114,TRUE,TRUE
3395,K072,1991,1992,16,17,16,17,381157,201365,380625,200466,1044.6171547509643,TRUE,TRUE
3396,K073,1987,1988,12,13,12,13,382916,202222,380621,201409,2434.747214804855,TRUE,TRUE
3397,K073,1988,1989,13,14,13,14,380621,201409,380597,201427,30,TRUE,TRUE
3398,K073,1989,1990,14,15,14,15,380597,201427,381241,201774,731.5360551606462,TRUE,TRUE
3399,K073,1990,1991,15,16,15,16,381241,201774,381157,201365,417.53682472328114,TRUE,TRUE
3400,K073,1991,1992,16,17,16,17,381157,201365,380625,200466,1044.6171547509643,TRUE,TRUE
3401,K073,1992,1993,17,18,17,18,380625,200466,381370,201620,1373.5869102463084,TRUE,TRUE
3402,K073,1993,1994,18,19,18,19,381370,201620,379874,201435,1507.3954358428978,TRUE,TRUE
3403,K073,1994,1995,19,20,19,20,379874,201435,381230,201693,1380.3260484392808,TRUE,TRUE
3404,K073,1995,1996,20,21,20,21,381230,201693,383675,202710,2648.077415786782,TRUE,TRUE
3405,K073,1996,1997,21,22,21,22,383675,202710,380707,200454,3728.0772524184636,TRUE,TRUE
3406,K074,1987,1988,12,13,12,13,382916,202222,380621,201409,2434.747214804855,TRUE,TRUE
3407,K074,1988,1989,13,14,13,14,380621,201409,380597,201427,30,TRUE,TRUE
3408,K074,1989,1990,14,15,14,15,380597,201427,381241,201774,731.5360551606462,TRUE,TRUE
3409,K075,1987,1988,12,13,12,13,382916,202222,380621,201409,2434.747214804855,TRUE,TRUE
3410,K075,1988,1989,13,14,13,14,380621,201409,380597,201427,30,TRUE,TRUE
3411,K075,1989,1990,14,15,14,15,380597,201427,381241,201774,731.5360551606462,TRUE,TRUE
3412,K075,1990,1991,15,16,15,16,381241,201774,381157,201365,417.53682472328114,TRUE,TRUE
3413,K075,1991,1992,16,17,16,17,381157,201365,380625,200466,1044.6171547509643,TRUE,TRUE
3414,K077,1987,1988,12,13,12,13,382916,202222,380621,201409,2434.747214804855,TRUE,TRUE
3415,K077,1988,1989,13,14,13,14,380621,201409,380597,201427,30,TRUE,TRUE
3416,K077,1989,1990,14,15,14,15,380597,201427,381241,201774,731.5360551606462,TRUE,TRUE
3417,K077,1990,1991,15,16,15,16,381241,201774,381157,201365,417.53682472328114,TRUE,TRUE
3418,K077,1991,1992,16,17,16,17,381157,201365,380625,200466,1044.6171547509643,TRUE,TRUE
3419,K077,1992,1993,17,18,17,18,380625,200466,381370,201620,1373.5869102463084,TRUE,TRUE
3420,K077,1993,1994,18,19,18,19,381370,201620,379874,201435,1507.3954358428978,TRUE,TRUE
3421,K078,1987,1988,12,13,12,13,382916,202222,380621,201409,2434.747214804855,TRUE,TRUE
3422,K078,1988,1989,13,14,13,14,380621,201409,380597,201427,30,TRUE,TRUE
3423,K078,1989,1990,14,15,14,15,380597,201427,381241,201774,731.5360551606462,TRUE,TRUE
3424,K078,1990,1991,15,16,15,16,381241,201774,381157,201365,417.53682472328114,TRUE,TRUE
3425,K078,1991,1992,16,17,16,17,381157,201365,380625,200466,1044.6171547509643,TRUE,TRUE
3426,K079,1989,1990,14,15,14,15,380597,201427,381241,201774,731.5360551606462,TRUE,TRUE
3427,K079,1990,1991,15,16,15,16,381241,201774,381157,201365,417.53682472328114,TRUE,TRUE
3428,K079,1991,1992,16,17,16,17,381157,201365,380625,200466,1044.6171547509643,TRUE,TRUE
3429,K079,1992,1993,17,18,17,18,380625,200466,381370,201620,1373.5869102463084,TRUE,TRUE
3430,K085,1987,1988,12,13,12,13,382916,202222,380621,201409,2434.747214804855,TRUE,TRUE
3431,K085,1988,1989,13,14,13,14,380621,201409,380597,201427,30,TRUE,TRUE
3432,K085,1989,1990,14,15,14,15,380597,201427,381241,201774,731.5360551606462,TRUE,TRUE
3433,K085,1990,1991,15,16,15,16,381241,201774,381157,201365,417.53682472328114,TRUE,TRUE
3434,K085,1991,1992,16,17,16,17,381157,201365,380625,200466,1044.6171547509643,TRUE,TRUE
3435,K085,1992,1993,17,18,17,18,380625,200466,381370,201620,1373.5869102463084,TRUE,TRUE
3436,K085,1993,1994,18,19,18,19,381370,201620,379874,201435,1507.3954358428978,TRUE,TRUE
3437,K085,1994,1995,19,20,19,20,379874,201435,381230,201693,1380.3260484392808,TRUE,TRUE
3438,K085,1995,1996,20,21,20,21,381230,201693,383675,202710,2648.077415786782,TRUE,TRUE
3439,K085,1996,1997,21,22,21,22,383675,202710,380707,200454,3728.0772524184636,TRUE,TRUE
3440,K085,1997,1998,22,23,22,23,380707,200454,379814,201477,1357.931515209806,TRUE,TRUE
3441,K085,1998,1999,23,24,23,24,379814,201477,380580,201391,770.8125582785999,TRUE,TRUE
3442,K087,1987,1988,12,13,12,13,382916,202222,380621,201409,2434.747214804855,TRUE,TRUE
3443,K087,1988,1989,13,14,13,14,380621,201409,380597,201427,30,TRUE,TRUE
3444,K087,1989,1990,14,15,14,15,380597,201427,381241,201774,731.5360551606462,TRUE,TRUE
3445,K087,1990,1991,15,16,15,16,381241,201774,381157,201365,417.53682472328114,TRUE,TRUE
3446,K088,1987,1988,12,13,12,13,382916,202222,380621,201409,2434.747214804855,TRUE,TRUE
3447,K088,1988,1989,13,14,13,14,380621,201409,380597,201427,30,TRUE,TRUE
3448,K088,1989,1990,14,15,14,15,380597,201427,381241,201774,731.5360551606462,TRUE,TRUE
3449,K090,1987,1988,12,13,12,13,382916,202222,380621,201409,2434.747214804855,TRUE,TRUE
3450,K090,1988,1989,13,14,13,14,380621,201409,380597,201427,30,TRUE,TRUE
3451,K091,1987,1988,12,13,12,13,382916,202222,380621,201409,2434.747214804855,TRUE,TRUE
3452,K091,1988,1989,13,14,13,14,380621,201409,380597,201427,30,TRUE,TRUE
3453,K092,1987,1988,12,13,12,13,382916,202222,380621,201409,2434.747214804855,TRUE,TRUE
3454,K092,1988,1989,13,14,13,14,380621,201409,380597,201427,30,TRUE,TRUE
3455,K092,1989,1990,14,15,14,15,380597,201427,381241,201774,731.5360551606462,TRUE,TRUE
3456,K092,1990,1991,15,16,15,16,381241,201774,381157,201365,417.53682472328114,TRUE,TRUE
3457,K092,1991,1992,16,17,16,17,381157,201365,380625,200466,1044.6171547509643,TRUE,TRUE
3458,K092,1992,1993,17,18,17,18,380625,200466,381370,201620,1373.5869102463084,TRUE,TRUE
3459,K092,1993,1994,18,19,18,19,381370,201620,379874,201435,1507.3954358428978,TRUE,TRUE
3460,K092,1994,1995,19,20,19,20,379874,201435,381230,201693,1380.3260484392808,TRUE,TRUE
3461,L001,1986,1987,11,12,11,12,380449,201388,382916,202222,2604.1591733225523,TRUE,TRUE
3462,L001,1987,1988,12,13,12,13,382916,202222,380621,201409,2434.747214804855,TRUE,TRUE
3463,L001,1988,1989,13,14,13,14,380621,201409,380597,201427,30,TRUE,TRUE
3464,L002,1986,1987,11,12,11,12,380449,201388,382916,202222,2604.1591733225523,TRUE,TRUE
3465,L002,1987,1988,12,13,12,13,382916,202222,380621,201409,2434.747214804855,TRUE,TRUE
3466,L002,1988,1989,13,14,13,14,380621,201409,380597,201427,30,TRUE,TRUE
3467,L010,1986,1987,11,12,11,12,380449,201388,382916,202222,2604.1591733225523,TRUE,TRUE
3468,L010,1987,1988,12,13,12,13,382916,202222,380621,201409,2434.747214804855,TRUE,TRUE
3469,L010,1988,1989,13,14,13,14,380621,201409,380597,201427,30,TRUE,TRUE
3470,L010,1989,1990,14,15,14,15,380597,201427,381241,201774,731.5360551606462,TRUE,TRUE
3471,L010,1990,1991,15,16,15,16,381241,201774,381157,201365,417.53682472328114,TRUE,TRUE
3472,L010,1991,1992,16,17,16,17,381157,201365,380625,200466,1044.6171547509643,TRUE,TRUE
3473,L010,1992,1993,17,18,17,18,380625,200466,381370,201620,1373.5869102463084,TRUE,TRUE
3474,L010,1993,1994,18,19,18,19,381370,201620,379874,201435,1507.3954358428978,TRUE,TRUE
3475,L011,1986,1987,11,12,11,12,380449,201388,382916,202222,2604.1591733225523,TRUE,TRUE
3476,L011,1987,1988,12,13,12,13,382916,202222,380621,201409,2434.747214804855,TRUE,TRUE
3477,L011,1988,1989,13,14,13,14,380621,201409,380597,201427,30,TRUE,TRUE
3478,L011,1989,1990,14,15,14,15,380597,201427,381241,201774,731.5360551606462,TRUE,TRUE
3479,L011,1990,1991,15,16,15,16,381241,201774,381157,201365,417.53682472328114,TRUE,TRUE
3480,L012,1986,1987,11,12,11,12,380449,201388,382916,202222,2604.1591733225523,TRUE,TRUE
3481,L012,1987,1988,12,13,12,13,382916,202222,380621,201409,2434.747214804855,TRUE,TRUE
3482,L016,1986,1987,11,12,11,12,380449,201388,382916,202222,2604.1591733225523,TRUE,TRUE
3483,L016,1987,1988,12,13,12,13,382916,202222,380621,201409,2434.747214804855,TRUE,TRUE
3484,L016,1988,1989,13,14,13,14,380621,201409,380597,201427,30,TRUE,TRUE
3485,L016,1989,1990,14,15,14,15,380597,201427,381241,201774,731.5360551606462,TRUE,TRUE
3486,L016,1990,1991,15,16,15,16,381241,201774,381157,201365,417.53682472328114,TRUE,TRUE
3487,L016,1991,1992,16,17,16,17,381157,201365,380625,200466,1044.6171547509643,TRUE,TRUE
3488,L016,1992,1993,17,18,17,18,380625,200466,381370,201620,1373.5869102463084,TRUE,TRUE
3489,L016,1993,1994,18,19,18,19,381370,201620,379874,201435,1507.3954358428978,TRUE,TRUE
3490,L018,1986,1987,11,12,11,12,380449,201388,382916,202222,2604.1591733225523,TRUE,TRUE
3491,L018,1987,1988,12,13,12,13,382916,202222,380621,201409,2434.747214804855,TRUE,TRUE
3492,L018,1988,1989,13,14,13,14,380621,201409,380597,201427,30,TRUE,TRUE
3493,L018,1989,1990,14,15,14,15,380597,201427,381241,201774,731.5360551606462,TRUE,TRUE
3494,L021,1986,1987,11,12,11,12,380449,201388,382916,202222,2604.1591733225523,TRUE,TRUE
3495,L021,1987,1988,12,13,12,13,382916,202222,380621,201409,2434.747214804855,TRUE,TRUE
3496,L021,1988,1989,13,14,13,14,380621,201409,380597,201427,30,TRUE,TRUE
3497,L021,1989,1990,14,15,14,15,380597,201427,381241,201774,731.5360551606462,TRUE,TRUE
3498,L021,1990,1991,15,16,15,16,381241,201774,381157,201365,417.53682472328114,TRUE,TRUE
3499,L021,1991,1992,16,17,16,17,381157,201365,380625,200466,1044.6171547509643,TRUE,TRUE
3500,L022,1986,1987,11,12,11,12,380449,201388,382916,202222,2604.1591733225523,TRUE,TRUE
3501,L022,1987,1988,12,13,12,13,382916,202222,380621,201409,2434.747214804855,TRUE,TRUE
3502,L022,1988,1989,13,14,13,14,380621,201409,380597,201427,30,TRUE,TRUE
3503,L022,1989,1990,14,15,14,15,380597,201427,381241,201774,731.5360551606462,TRUE,TRUE
3504,L022,1990,1991,15,16,15,16,381241,201774,381157,201365,417.53682472328114,TRUE,TRUE
3505,L022,1991,1992,16,17,16,17,381157,201365,380625,200466,1044.6171547509643,TRUE,TRUE
3506,L022,1992,1993,17,18,17,18,380625,200466,381370,201620,1373.5869102463084,TRUE,TRUE
3507,L026,1986,1987,11,12,11,12,380449,201388,382916,202222,2604.1591733225523,TRUE,TRUE
3508,L026,1987,1988,12,13,12,13,382916,202222,380621,201409,2434.747214804855,TRUE,TRUE
3509,L026,1988,1989,13,14,13,14,380621,201409,380597,201427,30,TRUE,TRUE
3510,L026,1989,1990,14,15,14,15,380597,201427,381241,201774,731.5360551606462,TRUE,TRUE
3511,L026,1990,1991,15,16,15,16,381241,201774,381157,201365,417.53682472328114,TRUE,TRUE
3512,L026,1991,1992,16,17,16,17,381157,201365,380625,200466,1044.6171547509643,TRUE,TRUE
3513,L026,1992,1993,17,18,17,18,380625,200466,381370,201620,1373.5869102463084,TRUE,TRUE
3514,L026,1993,1994,18,19,18,19,381370,201620,379874,201435,1507.3954358428978,TRUE,TRUE
3515,L028,1986,1987,11,12,11,12,380449,201388,382916,202222,2604.1591733225523,TRUE,TRUE
3516,L028,1987,1988,12,13,12,13,382916,202222,380621,201409,2434.747214804855,TRUE,TRUE
3517,L028,1988,1989,13,14,13,14,380621,201409,380597,201427,30,TRUE,TRUE
3518,L028,1989,1990,14,15,14,15,380597,201427,381241,201774,731.5360551606462,TRUE,TRUE
3519,L030,1986,1987,11,12,11,12,380449,201388,382916,202222,2604.1591733225523,TRUE,TRUE
3520,L030,1987,1988,12,13,12,13,382916,202222,380621,201409,2434.747214804855,TRUE,TRUE
3521,L030,1988,1989,13,14,13,14,380621,201409,380597,201427,30,TRUE,TRUE
3522,L030,1989,1990,14,15,14,15,380597,201427,381241,201774,731.5360551606462,TRUE,TRUE
3523,L030,1990,1991,15,16,15,16,381241,201774,381157,201365,417.53682472328114,TRUE,TRUE
3524,L031,1986,1987,11,12,11,12,380449,201388,382916,202222,2604.1591733225523,TRUE,TRUE
3525,L031,1987,1988,12,13,12,13,382916,202222,380621,201409,2434.747214804855,TRUE,TRUE
3526,L031,1988,1989,13,14,13,14,380621,201409,380597,201427,30,TRUE,TRUE
3527,L031,1989,1990,14,15,14,15,380597,201427,381241,201774,731.5360551606462,TRUE,TRUE
3528,L031,1990,1991,15,16,15,16,381241,201774,381157,201365,417.53682472328114,TRUE,TRUE
3529,L031,1991,1992,16,17,16,17,381157,201365,380625,200466,1044.6171547509643,TRUE,TRUE
3530,L031,1992,1993,17,18,17,18,380625,200466,381370,201620,1373.5869102463084,TRUE,TRUE
3531,L032,1986,1987,11,12,11,12,380449,201388,382916,202222,2604.1591733225523,TRUE,TRUE
3532,L032,1987,1988,12,13,12,13,382916,202222,380621,201409,2434.747214804855,TRUE,TRUE
3533,L032,1988,1989,13,14,13,14,380621,201409,380597,201427,30,TRUE,TRUE
3534,L032,1989,1990,14,15,14,15,380597,201427,381241,201774,731.5360551606462,TRUE,TRUE
3535,L032,1990,1991,15,16,15,16,381241,201774,381157,201365,417.53682472328114,TRUE,TRUE
3536,L032,1991,1992,16,17,16,17,381157,201365,380625,200466,1044.6171547509643,TRUE,TRUE
3537,L032,1992,1993,17,18,17,18,380625,200466,381370,201620,1373.5869102463084,TRUE,TRUE
3538,L032,1993,1994,18,19,18,19,381370,201620,379874,201435,1507.3954358428978,TRUE,TRUE
3539,L032,1994,1995,19,20,19,20,379874,201435,381230,201693,1380.3260484392808,TRUE,TRUE
3540,L032,1995,1996,20,21,20,21,381230,201693,383675,202710,2648.077415786782,TRUE,TRUE
3541,L033,1986,1987,11,12,11,12,380449,201388,382916,202222,2604.1591733225523,TRUE,TRUE
3542,L033,1987,1988,12,13,12,13,382916,202222,380621,201409,2434.747214804855,TRUE,TRUE
3543,L034,1986,1987,11,12,11,12,380449,201388,382916,202222,2604.1591733225523,TRUE,TRUE
3544,L034,1987,1988,12,13,12,13,382916,202222,380621,201409,2434.747214804855,TRUE,TRUE
3545,L038,1986,1987,11,12,11,12,380449,201388,382916,202222,2604.1591733225523,TRUE,TRUE
3546,L038,1987,1988,12,13,12,13,382916,202222,380621,201409,2434.747214804855,TRUE,TRUE
3547,L039,1986,1987,11,12,11,12,380449,201388,382916,202222,2604.1591733225523,TRUE,TRUE
3548,L039,1987,1988,12,13,12,13,382916,202222,380621,201409,2434.747214804855,TRUE,TRUE
3549,L039,1988,1989,13,14,13,14,380621,201409,380597,201427,30,TRUE,TRUE
3550,L039,1989,1990,14,15,14,15,380597,201427,381241,201774,731.5360551606462,TRUE,TRUE
3551,L039,1990,1991,15,16,15,16,381241,201774,381157,201365,417.53682472328114,TRUE,TRUE
3552,L039,1991,1992,16,17,16,17,381157,201365,380625,200466,1044.6171547509643,TRUE,TRUE
3553,L039,1992,1993,17,18,17,18,380625,200466,381370,201620,1373.5869102463084,TRUE,TRUE
3554,L040,1986,1987,11,12,11,12,380449,201388,382916,202222,2604.1591733225523,TRUE,TRUE
3555,L040,1987,1988,12,13,12,13,382916,202222,380621,201409,2434.747214804855,TRUE,TRUE
3556,L041,1987,1988,12,13,12,13,382916,202222,380621,201409,2434.747214804855,TRUE,TRUE
3557,L041,1988,1989,13,14,13,14,380621,201409,380597,201427,30,TRUE,TRUE
3558,L041,1989,1990,14,15,14,15,380597,201427,381241,201774,731.5360551606462,TRUE,TRUE
3559,L042,1986,1987,11,12,11,12,380449,201388,382916,202222,2604.1591733225523,TRUE,TRUE
3560,L042,1987,1988,12,13,12,13,382916,202222,380621,201409,2434.747214804855,TRUE,TRUE
3561,L042,1988,1989,13,14,13,14,380621,201409,380597,201427,30,TRUE,TRUE
3562,L042,1989,1990,14,15,14,15,380597,201427,381241,201774,731.5360551606462,TRUE,TRUE
3563,L042,1990,1991,15,16,15,16,381241,201774,381157,201365,417.53682472328114,TRUE,TRUE
3564,L043,1986,1987,11,12,11,12,380449,201388,382916,202222,2604.1591733225523,TRUE,TRUE
3565,L043,1987,1988,12,13,12,13,382916,202222,380621,201409,2434.747214804855,TRUE,TRUE
3566,L043,1988,1989,13,14,13,14,380621,201409,380597,201427,30,TRUE,TRUE
3567,L043,1989,1990,14,15,14,15,380597,201427,381241,201774,731.5360551606462,TRUE,TRUE
3568,L043,1990,1991,15,16,15,16,381241,201774,381157,201365,417.53682472328114,TRUE,TRUE
3569,L043,1991,1992,16,17,16,17,381157,201365,380625,200466,1044.6171547509643,TRUE,TRUE
3570,L043,1992,1993,17,18,17,18,380625,200466,381370,201620,1373.5869102463084,TRUE,TRUE
3571,L043,1993,1994,18,19,18,19,381370,201620,379874,201435,1507.3954358428978,TRUE,TRUE
3572,L049,1986,1987,11,12,11,12,380449,201388,382916,202222,2604.1591733225523,TRUE,TRUE
3573,L049,1987,1988,12,13,12,13,382916,202222,380621,201409,2434.747214804855,TRUE,TRUE
3574,L049,1988,1989,13,14,13,14,380621,201409,380597,201427,30,TRUE,TRUE
3575,L049,1989,1990,14,15,14,15,380597,201427,381241,201774,731.5360551606462,TRUE,TRUE
3576,L049,1990,1991,15,16,15,16,381241,201774,381157,201365,417.53682472328114,TRUE,TRUE
3577,L049,1991,1992,16,17,16,17,381157,201365,380625,200466,1044.6171547509643,TRUE,TRUE
3578,L049,1992,1993,17,18,17,18,380625,200466,381370,201620,1373.5869102463084,TRUE,TRUE
3579,L049,1993,1994,18,19,18,19,381370,201620,379874,201435,1507.3954358428978,TRUE,TRUE
3580,L049,1994,1995,19,20,19,20,379874,201435,381230,201693,1380.3260484392808,TRUE,TRUE
3581,L049,1995,1996,20,21,20,21,381230,201693,383675,202710,2648.077415786782,TRUE,TRUE
3582,L050,1986,1987,11,12,11,12,380449,201388,382916,202222,2604.1591733225523,TRUE,TRUE
3583,L050,1987,1988,12,13,12,13,382916,202222,380621,201409,2434.747214804855,TRUE,TRUE
3584,L050,1988,1989,13,14,13,14,380621,201409,380597,201427,30,TRUE,TRUE
3585,L050,1989,1990,14,15,14,15,380597,201427,381241,201774,731.5360551606462,TRUE,TRUE
3586,L050,1990,1991,15,16,15,16,381241,201774,381157,201365,417.53682472328114,TRUE,TRUE
3587,L050,1991,1992,16,17,16,17,381157,201365,380625,200466,1044.6171547509643,TRUE,TRUE
3588,L053,1986,1987,11,12,11,12,380449,201388,382916,202222,2604.1591733225523,TRUE,TRUE
3589,L053,1987,1988,12,13,12,13,382916,202222,380621,201409,2434.747214804855,TRUE,TRUE
3590,L053,1988,1989,13,14,13,14,380621,201409,380597,201427,30,TRUE,TRUE
3591,L053,1989,1990,14,15,14,15,380597,201427,381241,201774,731.5360551606462,TRUE,TRUE
3592,L053,1990,1991,15,16,15,16,381241,201774,381157,201365,417.53682472328114,TRUE,TRUE
3593,L053,1991,1992,16,17,16,17,381157,201365,380625,200466,1044.6171547509643,TRUE,TRUE
3594,L053,1992,1993,17,18,17,18,380625,200466,381370,201620,1373.5869102463084,TRUE,TRUE
3595,L053,1993,1994,18,19,18,19,381370,201620,379874,201435,1507.3954358428978,TRUE,TRUE
3596,L053,1994,1995,19,20,19,20,379874,201435,381230,201693,1380.3260484392808,TRUE,TRUE
3597,L054,1986,1987,11,12,11,12,380449,201388,382916,202222,2604.1591733225523,TRUE,TRUE
3598,L054,1987,1988,12,13,12,13,382916,202222,380621,201409,2434.747214804855,TRUE,TRUE
3599,L054,1988,1989,13,14,13,14,380621,201409,380597,201427,30,TRUE,TRUE
3600,L054,1989,1990,14,15,14,15,380597,201427,381241,201774,731.5360551606462,TRUE,TRUE
3601,L054,1990,1991,15,16,15,16,381241,201774,381157,201365,417.53682472328114,TRUE,TRUE
3602,L054,1991,1992,16,17,16,17,381157,201365,380625,200466,1044.6171547509643,TRUE,TRUE
3603,L054,1992,1993,17,18,17,18,380625,200466,381370,201620,1373.5869102463084,TRUE,TRUE
3604,L054,1993,1994,18,19,18,19,381370,201620,379874,201435,1507.3954358428978,TRUE,TRUE
3605,L054,1994,1995,19,20,19,20,379874,201435,381230,201693,1380.3260484392808,TRUE,TRUE
3606,L054,1995,1996,20,21,20,21,381230,201693,383675,202710,2648.077415786782,TRUE,TRUE
3607,L054,1996,1997,21,22,21,22,383675,202710,380707,200454,3728.0772524184636,TRUE,TRUE
3608,L054,1997,1998,22,23,22,23,380707,200454,379814,201477,1357.931515209806,TRUE,TRUE
3609,L054,1998,1999,23,24,23,24,379814,201477,380580,201391,770.8125582785999,TRUE,TRUE
3610,L054,1999,2000,24,25,24,25,380580,201391,381022,201589,484.3222068003903,TRUE,TRUE
3611,L056,1986,1987,11,12,11,12,380449,201388,382916,202222,2604.1591733225523,TRUE,TRUE
3612,L056,1987,1988,12,13,12,13,382916,202222,380621,201409,2434.747214804855,TRUE,TRUE
3613,L056,1988,1989,13,14,13,14,380621,201409,380597,201427,30,TRUE,TRUE
3614,L056,1989,1990,14,15,14,15,380597,201427,381241,201774,731.5360551606462,TRUE,TRUE
3615,L056,1990,1991,15,16,15,16,381241,201774,381157,201365,417.53682472328114,TRUE,TRUE
3616,L056,1991,1992,16,17,16,17,381157,201365,380625,200466,1044.6171547509643,TRUE,TRUE
3617,L056,1992,1993,17,18,17,18,380625,200466,381370,201620,1373.5869102463084,TRUE,TRUE
3618,L056,1993,1994,18,19,18,19,381370,201620,379874,201435,1507.3954358428978,TRUE,TRUE
3619,L056,1994,1995,19,20,19,20,379874,201435,381230,201693,1380.3260484392808,TRUE,TRUE
3620,L056,1995,1996,20,21,20,21,381230,201693,383675,202710,2648.077415786782,TRUE,TRUE
3621,L056,1996,1997,21,22,21,22,383675,202710,380707,200454,3728.0772524184636,TRUE,TRUE
3622,L056,1997,1998,22,23,22,23,380707,200454,379814,201477,1357.931515209806,TRUE,TRUE
3623,L056,1998,1999,23,24,23,24,379814,201477,380580,201391,770.8125582785999,TRUE,TRUE
3624,L057,1986,1987,11,12,11,12,380449,201388,382916,202222,2604.1591733225523,TRUE,TRUE
3625,L057,1987,1988,12,13,12,13,382916,202222,380621,201409,2434.747214804855,TRUE,TRUE
3626,L057,1988,1989,13,14,13,14,380621,201409,380597,201427,30,TRUE,TRUE
3627,L059,1986,1987,11,12,11,12,380449,201388,382916,202222,2604.1591733225523,TRUE,TRUE
3628,L059,1987,1988,12,13,12,13,382916,202222,380621,201409,2434.747214804855,TRUE,TRUE
3629,L059,1988,1989,13,14,13,14,380621,201409,380597,201427,30,TRUE,TRUE
3630,L061,1986,1987,11,12,11,12,380449,201388,382916,202222,2604.1591733225523,TRUE,TRUE
3631,L061,1987,1988,12,13,12,13,382916,202222,380621,201409,2434.747214804855,TRUE,TRUE
3632,L061,1988,1989,13,14,13,14,380621,201409,380597,201427,30,TRUE,TRUE
3633,L063,1986,1987,11,12,11,12,380449,201388,382916,202222,2604.1591733225523,TRUE,TRUE
3634,L063,1987,1988,12,13,12,13,382916,202222,380621,201409,2434.747214804855,TRUE,TRUE
3635,L063,1988,1989,13,14,13,14,380621,201409,380597,201427,30,TRUE,TRUE
3636,L064,1986,1987,11,12,11,12,380449,201388,382916,202222,2604.1591733225523,TRUE,TRUE
3637,L064,1987,1988,12,13,12,13,382916,202222,380621,201409,2434.747214804855,TRUE,TRUE
3638,L065,1986,1987,11,12,11,12,380449,201388,382916,202222,2604.1591733225523,TRUE,TRUE
3639,L065,1987,1988,12,13,12,13,382916,202222,380621,201409,2434.747214804855,TRUE,TRUE
3640,L065,1988,1989,13,14,13,14,380621,201409,380597,201427,30,TRUE,TRUE
3641,L065,1989,1990,14,15,14,15,380597,201427,381241,201774,731.5360551606462,TRUE,TRUE
3642,L065,1990,1991,15,16,15,16,381241,201774,381157,201365,417.53682472328114,TRUE,TRUE
3643,L065,1991,1992,16,17,16,17,381157,201365,380625,200466,1044.6171547509643,TRUE,TRUE
3644,L065,1992,1993,17,18,17,18,380625,200466,381370,201620,1373.5869102463084,TRUE,TRUE
3645,L065,1993,1994,18,19,18,19,381370,201620,379874,201435,1507.3954358428978,TRUE,TRUE
3646,L065,1994,1995,19,20,19,20,379874,201435,381230,201693,1380.3260484392808,TRUE,TRUE
3647,L065,1995,1996,20,21,20,21,381230,201693,383675,202710,2648.077415786782,TRUE,TRUE
3648,L066,1986,1987,11,12,11,12,380449,201388,382916,202222,2604.1591733225523,TRUE,TRUE
3649,L066,1987,1988,12,13,12,13,382916,202222,380621,201409,2434.747214804855,TRUE,TRUE
3650,L066,1988,1989,13,14,13,14,380621,201409,380597,201427,30,TRUE,TRUE
3651,L066,1989,1990,14,15,14,15,380597,201427,381241,201774,731.5360551606462,TRUE,TRUE
3652,L066,1990,1991,15,16,15,16,381241,201774,381157,201365,417.53682472328114,TRUE,TRUE
3653,L066,1991,1992,16,17,16,17,381157,201365,380625,200466,1044.6171547509643,TRUE,TRUE
3654,L070,1986,1987,11,12,11,12,380449,201388,382916,202222,2604.1591733225523,TRUE,TRUE
3655,L070,1987,1988,12,13,12,13,382916,202222,380621,201409,2434.747214804855,TRUE,TRUE
3656,L070,1988,1989,13,14,13,14,380621,201409,380597,201427,30,TRUE,TRUE
3657,L071,1986,1987,11,12,11,12,380449,201388,382916,202222,2604.1591733225523,TRUE,TRUE
3658,L071,1987,1988,12,13,12,13,382916,202222,380621,201409,2434.747214804855,TRUE,TRUE
3659,L071,1988,1989,13,14,13,14,380621,201409,380597,201427,30,TRUE,TRUE
3660,L071,1989,1990,14,15,14,15,380597,201427,381241,201774,731.5360551606462,TRUE,TRUE
3661,L071,1990,1991,15,16,15,16,381241,201774,381157,201365,417.53682472328114,TRUE,TRUE
3662,L071,1991,1992,16,17,16,17,381157,201365,380625,200466,1044.6171547509643,TRUE,TRUE
3663,L071,1992,1993,17,18,17,18,380625,200466,381370,201620,1373.5869102463084,TRUE,TRUE
3664,L073,1986,1987,11,12,11,12,380449,201388,382916,202222,2604.1591733225523,TRUE,TRUE
3665,L073,1987,1988,12,13,12,13,382916,202222,380621,201409,2434.747214804855,TRUE,TRUE
3666,L073,1988,1989,13,14,13,14,380621,201409,380597,201427,30,TRUE,TRUE
3667,L073,1989,1990,14,15,14,15,380597,201427,381241,201774,731.5360551606462,TRUE,TRUE
3668,L073,1990,1991,15,16,15,16,381241,201774,381157,201365,417.53682472328114,TRUE,TRUE
3669,L073,1991,1992,16,17,16,17,381157,201365,380625,200466,1044.6171547509643,TRUE,TRUE
3670,L073,1992,1993,17,18,17,18,380625,200466,381370,201620,1373.5869102463084,TRUE,TRUE
3671,L074,1986,1987,11,12,11,12,380449,201388,382916,202222,2604.1591733225523,TRUE,TRUE
3672,L074,1987,1988,12,13,12,13,382916,202222,380621,201409,2434.747214804855,TRUE,TRUE
3673,L080,1986,1987,11,12,11,12,380449,201388,382916,202222,2604.1591733225523,TRUE,TRUE
3674,L080,1987,1988,12,13,12,13,382916,202222,380621,201409,2434.747214804855,TRUE,TRUE
3675,L080,1988,1989,13,14,13,14,380621,201409,380597,201427,30,TRUE,TRUE
3676,L080,1989,1990,14,15,14,15,380597,201427,381241,201774,731.5360551606462,TRUE,TRUE
3677,L080,1990,1991,15,16,15,16,381241,201774,381157,201365,417.53682472328114,TRUE,TRUE
3678,L080,1991,1992,16,17,16,17,381157,201365,380625,200466,1044.6171547509643,TRUE,TRUE
3679,L080,1992,1993,17,18,17,18,380625,200466,381370,201620,1373.5869102463084,TRUE,TRUE
3680,L080,1993,1994,18,19,18,19,381370,201620,379874,201435,1507.3954358428978,TRUE,TRUE
3681,L080,1994,1995,19,20,19,20,379874,201435,381230,201693,1380.3260484392808,TRUE,TRUE
3682,L080,1995,1996,20,21,20,21,381230,201693,383675,202710,2648.077415786782,TRUE,TRUE
3683,L080,1996,1997,21,22,21,22,383675,202710,380707,200454,3728.0772524184636,TRUE,TRUE
3684,M001,1993,1994,18,19,18,19,381370,201620,379874,201435,1507.3954358428978,TRUE,TRUE
3685,M001,1994,1995,19,20,19,20,379874,201435,381230,201693,1380.3260484392808,TRUE,TRUE
3686,M001,1995,1996,20,21,20,21,381230,201693,383675,202710,2648.077415786782,TRUE,TRUE
3687,M001,1996,1997,21,22,21,22,383675,202710,380707,200454,3728.0772524184636,TRUE,TRUE
3688,M001,1997,1998,22,23,22,23,380707,200454,379814,201477,1357.931515209806,TRUE,TRUE
3689,M001,1998,1999,23,24,23,24,379814,201477,380580,201391,770.8125582785999,TRUE,TRUE
3690,M001,1999,2000,24,25,24,25,380580,201391,381022,201589,484.3222068003903,TRUE,TRUE
3691,M001,2000,2001,25,26,25,26,381022,201589,381946,201669,927.4567375355036,TRUE,TRUE
3692,M001,2001,2002,26,27,26,27,381946,201669,381841,201313,371.16168983342016,TRUE,TRUE
3693,M001,2002,2003,27,28,27,28,381841,201313,380834,201150,1020.1068571478186,TRUE,TRUE
3694,M001,2003,2004,28,29,28,29,380834,201150,382049,201493,1262.4872276581652,TRUE,TRUE
3695,M002,1993,1994,18,19,18,19,381370,201620,379874,201435,1507.3954358428978,TRUE,TRUE
3696,M002,1994,1995,19,20,19,20,379874,201435,381230,201693,1380.3260484392808,TRUE,TRUE
3697,M002,1995,1996,20,21,20,21,381230,201693,383675,202710,2648.077415786782,TRUE,TRUE
3698,M002,1996,1997,21,22,21,22,383675,202710,380707,200454,3728.0772524184636,TRUE,TRUE
3699,M002,1997,1998,22,23,22,23,380707,200454,379814,201477,1357.931515209806,TRUE,TRUE
3700,M002,1998,1999,23,24,23,24,379814,201477,380580,201391,770.8125582785999,TRUE,TRUE
3701,M002,1999,2000,24,25,24,25,380580,201391,381022,201589,484.3222068003903,TRUE,TRUE
3702,M002,2000,2001,25,26,25,26,381022,201589,381946,201669,927.4567375355036,TRUE,TRUE
3703,M002,2001,2002,26,27,26,27,381946,201669,381841,201313,371.16168983342016,TRUE,TRUE
3704,M003,1993,1994,18,19,18,19,381370,201620,379874,201435,1507.3954358428978,TRUE,TRUE
3705,M003,1994,1995,19,20,19,20,379874,201435,381230,201693,1380.3260484392808,TRUE,TRUE
3706,M003,1995,1996,20,21,20,21,381230,201693,383675,202710,2648.077415786782,TRUE,TRUE
3707,M003,1996,1997,21,22,21,22,383675,202710,380707,200454,3728.0772524184636,TRUE,TRUE
3708,M003,1997,1998,22,23,22,23,380707,200454,379814,201477,1357.931515209806,TRUE,TRUE
3709,M009,1993,1994,18,19,18,19,381370,201620,379874,201435,1507.3954358428978,TRUE,TRUE
3710,M009,1994,1995,19,20,19,20,379874,201435,381230,201693,1380.3260484392808,TRUE,TRUE
3711,M009,1995,1996,20,21,20,21,381230,201693,383675,202710,2648.077415786782,TRUE,TRUE
3712,M009,1996,1997,21,22,21,22,383675,202710,380707,200454,3728.0772524184636,TRUE,TRUE
3713,M009,1997,1998,22,23,22,23,380707,200454,379814,201477,1357.931515209806,TRUE,TRUE
3714,M010,1993,1994,18,19,18,19,381370,201620,379874,201435,1507.3954358428978,TRUE,TRUE
3715,M010,1994,1995,19,20,19,20,379874,201435,381230,201693,1380.3260484392808,TRUE,TRUE
3716,M010,1995,1996,20,21,20,21,381230,201693,383675,202710,2648.077415786782,TRUE,TRUE
3717,M012,1993,1994,18,19,18,19,381370,201620,379874,201435,1507.3954358428978,TRUE,TRUE
3718,M012,1994,1995,19,20,19,20,379874,201435,381230,201693,1380.3260484392808,TRUE,TRUE
3719,M012,1995,1996,20,21,20,21,381230,201693,383675,202710,2648.077415786782,TRUE,TRUE
3720,M012,1996,1997,21,22,21,22,383675,202710,380707,200454,3728.0772524184636,TRUE,TRUE
3721,M012,1997,1998,22,23,22,23,380707,200454,379814,201477,1357.931515209806,TRUE,TRUE
3722,M012,1998,1999,23,24,23,24,379814,201477,380580,201391,770.8125582785999,TRUE,TRUE
3723,M012,1999,2000,24,25,24,25,380580,201391,381022,201589,484.3222068003903,TRUE,TRUE
3724,M013,1993,1994,18,19,18,19,381370,201620,379874,201435,1507.3954358428978,TRUE,TRUE
3725,M013,1994,1995,19,20,19,20,379874,201435,381230,201693,1380.3260484392808,TRUE,TRUE
3726,M013,1995,1996,20,21,20,21,381230,201693,383675,202710,2648.077415786782,TRUE,TRUE
3727,M013,1996,1997,21,22,21,22,383675,202710,380707,200454,3728.0772524184636,TRUE,TRUE
3728,M013,1997,1998,22,23,22,23,380707,200454,379814,201477,1357.931515209806,TRUE,TRUE
3729,M015,1993,1994,18,19,18,19,381370,201620,379874,201435,1507.3954358428978,TRUE,TRUE
3730,M015,1994,1995,19,20,19,20,379874,201435,381230,201693,1380.3260484392808,TRUE,TRUE
3731,M015,1995,1996,20,21,20,21,381230,201693,383675,202710,2648.077415786782,TRUE,TRUE
3732,M015,1996,1997,21,22,21,22,383675,202710,380707,200454,3728.0772524184636,TRUE,TRUE
3733,M021,1993,1994,18,19,18,19,381370,201620,379874,201435,1507.3954358428978,TRUE,TRUE
3734,M021,1994,1995,19,20,19,20,379874,201435,381230,201693,1380.3260484392808,TRUE,TRUE
3735,M021,1995,1996,20,21,20,21,381230,201693,383675,202710,2648.077415786782,TRUE,TRUE
3736,M021,1996,1997,21,22,21,22,383675,202710,380707,200454,3728.0772524184636,TRUE,TRUE
3737,M021,1997,1998,22,23,22,23,380707,200454,379814,201477,1357.931515209806,TRUE,TRUE
3738,M021,1998,1999,23,24,23,24,379814,201477,380580,201391,770.8125582785999,TRUE,TRUE
3739,M023,1993,1994,18,19,18,19,381370,201620,379874,201435,1507.3954358428978,TRUE,TRUE
3740,M023,1994,1995,19,20,19,20,379874,201435,381230,201693,1380.3260484392808,TRUE,TRUE
3741,M023,1995,1996,20,21,20,21,381230,201693,383675,202710,2648.077415786782,TRUE,TRUE
3742,M024,1993,1994,18,19,18,19,381370,201620,379874,201435,1507.3954358428978,TRUE,TRUE
3743,M024,1994,1995,19,20,19,20,379874,201435,381230,201693,1380.3260484392808,TRUE,TRUE
3744,M024,1995,1996,20,21,20,21,381230,201693,383675,202710,2648.077415786782,TRUE,TRUE
3745,M024,1996,1997,21,22,21,22,383675,202710,380707,200454,3728.0772524184636,TRUE,TRUE
3746,M026,1993,1994,18,19,18,19,381370,201620,379874,201435,1507.3954358428978,TRUE,TRUE
3747,M026,1994,1995,19,20,19,20,379874,201435,381230,201693,1380.3260484392808,TRUE,TRUE
3748,M026,1995,1996,20,21,20,21,381230,201693,383675,202710,2648.077415786782,TRUE,TRUE
3749,M027,1993,1994,18,19,18,19,381370,201620,379874,201435,1507.3954358428978,TRUE,TRUE
3750,M027,1994,1995,19,20,19,20,379874,201435,381230,201693,1380.3260484392808,TRUE,TRUE
3751,M027,1995,1996,20,21,20,21,381230,201693,383675,202710,2648.077415786782,TRUE,TRUE
3752,M027,1996,1997,21,22,21,22,383675,202710,380707,200454,3728.0772524184636,TRUE,TRUE
3753,M027,1997,1998,22,23,22,23,380707,200454,379814,201477,1357.931515209806,TRUE,TRUE
3754,M027,1998,1999,23,24,23,24,379814,201477,380580,201391,770.8125582785999,TRUE,TRUE
3755,M027,1999,2000,24,25,24,25,380580,201391,381022,201589,484.3222068003903,TRUE,TRUE
3756,M027,2000,2001,25,26,25,26,381022,201589,381946,201669,927.4567375355036,TRUE,TRUE
3757,M027,2001,2002,26,27,26,27,381946,201669,381841,201313,371.16168983342016,TRUE,TRUE
3758,M029,1993,1994,18,19,18,19,381370,201620,379874,201435,1507.3954358428978,TRUE,TRUE
3759,M029,1994,1995,19,20,19,20,379874,201435,381230,201693,1380.3260484392808,TRUE,TRUE
3760,M030,1993,1994,18,19,18,19,381370,201620,379874,201435,1507.3954358428978,TRUE,TRUE
3761,M030,1994,1995,19,20,19,20,379874,201435,381230,201693,1380.3260484392808,TRUE,TRUE
3762,M030,1995,1996,20,21,20,21,381230,201693,383675,202710,2648.077415786782,TRUE,TRUE
3763,M030,1996,1997,21,22,21,22,383675,202710,380707,200454,3728.0772524184636,TRUE,TRUE
3764,M030,1997,1998,22,23,22,23,380707,200454,379814,201477,1357.931515209806,TRUE,TRUE
3765,M030,1998,1999,23,24,23,24,379814,201477,380580,201391,770.8125582785999,TRUE,TRUE
3766,M030,1999,2000,24,25,24,25,380580,201391,381022,201589,484.3222068003903,TRUE,TRUE
3767,M031,1993,1994,18,19,18,19,381370,201620,379874,201435,1507.3954358428978,TRUE,TRUE
3768,M031,1994,1995,19,20,19,20,379874,201435,381230,201693,1380.3260484392808,TRUE,TRUE
3769,M031,1995,1996,20,21,20,21,381230,201693,383675,202710,2648.077415786782,TRUE,TRUE
3770,M031,1996,1997,21,22,21,22,383675,202710,380707,200454,3728.0772524184636,TRUE,TRUE
3771,M031,1997,1998,22,23,22,23,380707,200454,379814,201477,1357.931515209806,TRUE,TRUE
3772,M032,1993,1994,18,19,18,19,381370,201620,379874,201435,1507.3954358428978,TRUE,TRUE
3773,M032,1994,1995,19,20,19,20,379874,201435,381230,201693,1380.3260484392808,TRUE,TRUE
3774,M032,1995,1996,20,21,20,21,381230,201693,383675,202710,2648.077415786782,TRUE,TRUE
3775,M034,1993,1994,18,19,18,19,381370,201620,379874,201435,1507.3954358428978,TRUE,TRUE
3776,M034,1994,1995,19,20,19,20,379874,201435,381230,201693,1380.3260484392808,TRUE,TRUE
3777,M034,1995,1996,20,21,20,21,381230,201693,383675,202710,2648.077415786782,TRUE,TRUE
3778,M034,1996,1997,21,22,21,22,383675,202710,380707,200454,3728.0772524184636,TRUE,TRUE
3779,M034,1997,1998,22,23,22,23,380707,200454,379814,201477,1357.931515209806,TRUE,TRUE
3780,M035,1993,1994,18,19,18,19,381370,201620,379874,201435,1507.3954358428978,TRUE,TRUE
3781,M035,1994,1995,19,20,19,20,379874,201435,381230,201693,1380.3260484392808,TRUE,TRUE
3782,M035,1995,1996,20,21,20,21,381230,201693,383675,202710,2648.077415786782,TRUE,TRUE
3783,M035,1996,1997,21,22,21,22,383675,202710,380707,200454,3728.0772524184636,TRUE,TRUE
3784,M035,1997,1998,22,23,22,23,380707,200454,379814,201477,1357.931515209806,TRUE,TRUE
3785,M035,1998,1999,23,24,23,24,379814,201477,380580,201391,770.8125582785999,TRUE,TRUE
3786,M035,1999,2000,24,25,24,25,380580,201391,381022,201589,484.3222068003903,TRUE,TRUE
3787,M035,2000,2001,25,26,25,26,381022,201589,381946,201669,927.4567375355036,TRUE,TRUE
3788,M035,2001,2002,26,27,26,27,381946,201669,381841,201313,371.16168983342016,TRUE,TRUE
3789,M036,1993,1994,18,19,18,19,381370,201620,379874,201435,1507.3954358428978,TRUE,TRUE
3790,M036,1994,1995,19,20,19,20,379874,201435,381230,201693,1380.3260484392808,TRUE,TRUE
3791,M036,1995,1996,20,21,20,21,381230,201693,383675,202710,2648.077415786782,TRUE,TRUE
3792,M036,1996,1997,21,22,21,22,383675,202710,380707,200454,3728.0772524184636,TRUE,TRUE
3793,M037,1993,1994,18,19,18,19,381370,201620,379874,201435,1507.3954358428978,TRUE,TRUE
3794,M037,1994,1995,19,20,19,20,379874,201435,381230,201693,1380.3260484392808,TRUE,TRUE
3795,M037,1995,1996,20,21,20,21,381230,201693,383675,202710,2648.077415786782,TRUE,TRUE
3796,M037,1996,1997,21,22,21,22,383675,202710,380707,200454,3728.0772524184636,TRUE,TRUE
3797,M037,1997,1998,22,23,22,23,380707,200454,379814,201477,1357.931515209806,TRUE,TRUE
3798,M037,1998,1999,23,24,23,24,379814,201477,380580,201391,770.8125582785999,TRUE,TRUE
3799,M037,1999,2000,24,25,24,25,380580,201391,381022,201589,484.3222068003903,TRUE,TRUE
3800,M042,1993,1994,18,19,18,19,381370,201620,379874,201435,1507.3954358428978,TRUE,TRUE
3801,M042,1994,1995,19,20,19,20,379874,201435,381230,201693,1380.3260484392808,TRUE,TRUE
3802,M042,1995,1996,20,21,20,21,381230,201693,383675,202710,2648.077415786782,TRUE,TRUE
3803,M043,1993,1994,18,19,18,19,381370,201620,379874,201435,1507.3954358428978,TRUE,TRUE
3804,M043,1994,1995,19,20,19,20,379874,201435,381230,201693,1380.3260484392808,TRUE,TRUE
3805,M043,1995,1996,20,21,20,21,381230,201693,383675,202710,2648.077415786782,TRUE,TRUE
3806,M043,1996,1997,21,22,21,22,383675,202710,380707,200454,3728.0772524184636,TRUE,TRUE
3807,M043,1997,1998,22,23,22,23,380707,200454,379814,201477,1357.931515209806,TRUE,TRUE
3808,M045,1993,1994,18,19,18,19,381370,201620,379874,201435,1507.3954358428978,TRUE,TRUE
3809,M045,1994,1995,19,20,19,20,379874,201435,381230,201693,1380.3260484392808,TRUE,TRUE
3810,M045,1995,1996,20,21,20,21,381230,201693,383675,202710,2648.077415786782,TRUE,TRUE
3811,M045,1996,1997,21,22,21,22,383675,202710,380707,200454,3728.0772524184636,TRUE,TRUE
3812,M047,1993,1994,18,19,18,19,381370,201620,379874,201435,1507.3954358428978,TRUE,TRUE
3813,M047,1994,1995,19,20,19,20,379874,201435,381230,201693,1380.3260484392808,TRUE,TRUE
3814,M047,1995,1996,20,21,20,21,381230,201693,383675,202710,2648.077415786782,TRUE,TRUE
3815,M050,1993,1994,18,19,18,19,381370,201620,379874,201435,1507.3954358428978,TRUE,TRUE
3816,M050,1994,1995,19,20,19,20,379874,201435,381230,201693,1380.3260484392808,TRUE,TRUE
3817,M052,1993,1994,18,19,18,19,381370,201620,379874,201435,1507.3954358428978,TRUE,TRUE
3818,M052,1994,1995,19,20,19,20,379874,201435,381230,201693,1380.3260484392808,TRUE,TRUE
3819,M052,1995,1996,20,21,20,21,381230,201693,383675,202710,2648.077415786782,TRUE,TRUE
3820,M052,1996,1997,21,22,21,22,383675,202710,380707,200454,3728.0772524184636,TRUE,TRUE
3821,M052,1997,1998,22,23,22,23,380707,200454,379814,201477,1357.931515209806,TRUE,TRUE
3822,M055,1993,1994,18,19,18,19,381370,201620,379874,201435,1507.3954358428978,TRUE,TRUE
3823,M055,1994,1995,19,20,19,20,379874,201435,381230,201693,1380.3260484392808,TRUE,TRUE
3824,M055,1995,1996,20,21,20,21,381230,201693,383675,202710,2648.077415786782,TRUE,TRUE
3825,M055,1996,1997,21,22,21,22,383675,202710,380707,200454,3728.0772524184636,TRUE,TRUE
3826,M055,1997,1998,22,23,22,23,380707,200454,379814,201477,1357.931515209806,TRUE,TRUE
3827,M056,1993,1994,18,19,18,19,381370,201620,379874,201435,1507.3954358428978,TRUE,TRUE
3828,M056,1994,1995,19,20,19,20,379874,201435,381230,201693,1380.3260484392808,TRUE,TRUE
3829,M058,1993,1994,18,19,18,19,381370,201620,379874,201435,1507.3954358428978,TRUE,TRUE
3830,M058,1994,1995,19,20,19,20,379874,201435,381230,201693,1380.3260484392808,TRUE,TRUE
3831,M058,1995,1996,20,21,20,21,381230,201693,383675,202710,2648.077415786782,TRUE,TRUE
3832,M058,1996,1997,21,22,21,22,383675,202710,380707,200454,3728.0772524184636,TRUE,TRUE
3833,M058,1997,1998,22,23,22,23,380707,200454,379814,201477,1357.931515209806,TRUE,TRUE
3834,M058,1998,1999,23,24,23,24,379814,201477,380580,201391,770.8125582785999,TRUE,TRUE
3835,M058,1999,2000,24,25,24,25,380580,201391,381022,201589,484.3222068003903,TRUE,TRUE
3836,M058,2000,2001,25,26,25,26,381022,201589,381946,201669,927.4567375355036,TRUE,TRUE
3837,M059,1993,1994,18,19,18,19,381370,201620,379874,201435,1507.3954358428978,TRUE,TRUE
3838,M059,1994,1995,19,20,19,20,379874,201435,381230,201693,1380.3260484392808,TRUE,TRUE
3839,M059,1995,1996,20,21,20,21,381230,201693,383675,202710,2648.077415786782,TRUE,TRUE
3840,M059,1996,1997,21,22,21,22,383675,202710,380707,200454,3728.0772524184636,TRUE,TRUE
3841,M059,1997,1998,22,23,22,23,380707,200454,379814,201477,1357.931515209806,TRUE,TRUE
3842,M059,1998,1999,23,24,23,24,379814,201477,380580,201391,770.8125582785999,TRUE,TRUE
3843,M059,1999,2000,24,25,24,25,380580,201391,381022,201589,484.3222068003903,TRUE,TRUE
3844,M059,2000,2001,25,26,25,26,381022,201589,381946,201669,927.4567375355036,TRUE,TRUE
3845,M060,1993,1994,18,19,18,19,381370,201620,379874,201435,1507.3954358428978,TRUE,TRUE
3846,M060,1994,1995,19,20,19,20,379874,201435,381230,201693,1380.3260484392808,TRUE,TRUE
3847,M061,1993,1994,18,19,18,19,381370,201620,379874,201435,1507.3954358428978,TRUE,TRUE
3848,M061,1994,1995,19,20,19,20,379874,201435,381230,201693,1380.3260484392808,TRUE,TRUE
3849,M061,1995,1996,20,21,20,21,381230,201693,383675,202710,2648.077415786782,TRUE,TRUE
3850,M061,1996,1997,21,22,21,22,383675,202710,380707,200454,3728.0772524184636,TRUE,TRUE
3851,M061,1997,1998,22,23,22,23,380707,200454,379814,201477,1357.931515209806,TRUE,TRUE
3852,M061,1998,1999,23,24,23,24,379814,201477,380580,201391,770.8125582785999,TRUE,TRUE
3853,M061,1999,2000,24,25,24,25,380580,201391,381022,201589,484.3222068003903,TRUE,TRUE
3854,M061,2000,2001,25,26,25,26,381022,201589,381946,201669,927.4567375355036,TRUE,TRUE
3855,M064,1993,1994,18,19,18,19,381370,201620,379874,201435,1507.3954358428978,TRUE,TRUE
3856,M064,1994,1995,19,20,19,20,379874,201435,381230,201693,1380.3260484392808,TRUE,TRUE
3857,M064,1995,1996,20,21,20,21,381230,201693,383675,202710,2648.077415786782,TRUE,TRUE
3858,M064,1996,1997,21,22,21,22,383675,202710,380707,200454,3728.0772524184636,TRUE,TRUE
3859,M064,1997,1998,22,23,22,23,380707,200454,379814,201477,1357.931515209806,TRUE,TRUE
3860,M064,1998,1999,23,24,23,24,379814,201477,380580,201391,770.8125582785999,TRUE,TRUE
3861,M064,1999,2000,24,25,24,25,380580,201391,381022,201589,484.3222068003903,TRUE,TRUE
3862,M064,2000,2001,25,26,25,26,381022,201589,381946,201669,927.4567375355036,TRUE,TRUE
3863,M064,2001,2002,26,27,26,27,381946,201669,381841,201313,371.16168983342016,TRUE,TRUE
3864,M064,2002,2003,27,28,27,28,381841,201313,380834,201150,1020.1068571478186,TRUE,TRUE
3865,M068,1993,1994,18,19,18,19,381370,201620,379874,201435,1507.3954358428978,TRUE,TRUE
3866,M068,1994,1995,19,20,19,20,379874,201435,381230,201693,1380.3260484392808,TRUE,TRUE
3867,M068,1995,1996,20,21,20,21,381230,201693,383675,202710,2648.077415786782,TRUE,TRUE
3868,M068,1996,1997,21,22,21,22,383675,202710,380707,200454,3728.0772524184636,TRUE,TRUE
3869,M068,1997,1998,22,23,22,23,380707,200454,379814,201477,1357.931515209806,TRUE,TRUE
3870,M068,1998,1999,23,24,23,24,379814,201477,380580,201391,770.8125582785999,TRUE,TRUE
3871,M072,1993,1994,18,19,18,19,381370,201620,379874,201435,1507.3954358428978,TRUE,TRUE
3872,M072,1994,1995,19,20,19,20,379874,201435,381230,201693,1380.3260484392808,TRUE,TRUE
3873,M072,1995,1996,20,21,20,21,381230,201693,383675,202710,2648.077415786782,TRUE,TRUE
3874,M072,1996,1997,21,22,21,22,383675,202710,380707,200454,3728.0772524184636,TRUE,TRUE
3875,M072,1997,1998,22,23,22,23,380707,200454,379814,201477,1357.931515209806,TRUE,TRUE
3876,M072,1998,1999,23,24,23,24,379814,201477,380580,201391,770.8125582785999,TRUE,TRUE
3877,M072,1999,2000,24,25,24,25,380580,201391,381022,201589,484.3222068003903,TRUE,TRUE
3878,M072,2000,2001,25,26,25,26,381022,201589,381946,201669,927.4567375355036,TRUE,TRUE
3879,M072,2001,2002,26,27,26,27,381946,201669,381841,201313,371.16168983342016,TRUE,TRUE
3880,M072,2002,2003,27,28,27,28,381841,201313,380834,201150,1020.1068571478186,TRUE,TRUE
3881,M072,2003,2004,28,29,28,29,380834,201150,382049,201493,1262.4872276581652,TRUE,TRUE
3882,M073,1994,1995,19,20,19,20,379874,201435,381230,201693,1380.3260484392808,TRUE,TRUE
3883,M073,1995,1996,20,21,20,21,381230,201693,383675,202710,2648.077415786782,TRUE,TRUE
3884,M073,1996,1997,21,22,21,22,383675,202710,380707,200454,3728.0772524184636,TRUE,TRUE
3885,M078,1993,1994,18,19,18,19,381370,201620,379874,201435,1507.3954358428978,TRUE,TRUE
3886,M078,1994,1995,19,20,19,20,379874,201435,381230,201693,1380.3260484392808,TRUE,TRUE
3887,M078,1995,1996,20,21,20,21,381230,201693,383675,202710,2648.077415786782,TRUE,TRUE
3888,M078,1996,1997,21,22,21,22,383675,202710,380707,200454,3728.0772524184636,TRUE,TRUE
3889,M083,1993,1994,18,19,18,19,381370,201620,379874,201435,1507.3954358428978,TRUE,TRUE
3890,M083,1994,1995,19,20,19,20,379874,201435,381230,201693,1380.3260484392808,TRUE,TRUE
3891,M083,1995,1996,20,21,20,21,381230,201693,383675,202710,2648.077415786782,TRUE,TRUE
3892,M091,1993,1994,18,19,18,19,381370,201620,379874,201435,1507.3954358428978,TRUE,TRUE
3893,M091,1994,1995,19,20,19,20,379874,201435,381230,201693,1380.3260484392808,TRUE,TRUE
3894,M091,1995,1996,20,21,20,21,381230,201693,383675,202710,2648.077415786782,TRUE,TRUE
3895,M091,1996,1997,21,22,21,22,383675,202710,380707,200454,3728.0772524184636,TRUE,TRUE
3896,M091,1997,1998,22,23,22,23,380707,200454,379814,201477,1357.931515209806,TRUE,TRUE
3897,M091,1998,1999,23,24,23,24,379814,201477,380580,201391,770.8125582785999,TRUE,TRUE
3898,M091,1999,2000,24,25,24,25,380580,201391,381022,201589,484.3222068003903,TRUE,TRUE
3899,M091,2000,2001,25,26,25,26,381022,201589,381946,201669,927.4567375355036,TRUE,TRUE
3900,M091,2001,2002,26,27,26,27,381946,201669,381841,201313,371.16168983342016,TRUE,TRUE
3901,M091,2002,2003,27,28,27,28,381841,201313,380834,201150,1020.1068571478186,TRUE,TRUE
3902,M092,1993,1994,18,19,18,19,381370,201620,379874,201435,1507.3954358428978,TRUE,TRUE
3903,M092,1994,1995,19,20,19,20,379874,201435,381230,201693,1380.3260484392808,TRUE,TRUE
3904,M092,1995,1996,20,21,20,21,381230,201693,383675,202710,2648.077415786782,TRUE,TRUE
3905,M092,1996,1997,21,22,21,22,383675,202710,380707,200454,3728.0772524184636,TRUE,TRUE
3906,M092,1997,1998,22,23,22,23,380707,200454,379814,201477,1357.931515209806,TRUE,TRUE
3907,M093,1993,1994,18,19,18,19,381370,201620,379874,201435,1507.3954358428978,TRUE,TRUE
3908,M093,1994,1995,19,20,19,20,379874,201435,381230,201693,1380.3260484392808,TRUE,TRUE
3909,M094,1993,1994,18,19,18,19,381370,201620,379874,201435,1507.3954358428978,TRUE,TRUE
3910,M094,1994,1995,19,20,19,20,379874,201435,381230,201693,1380.3260484392808,TRUE,TRUE
3911,M094,1995,1996,20,21,20,21,381230,201693,383675,202710,2648.077415786782,TRUE,TRUE
3912,M094,1996,1997,21,22,21,22,383675,202710,380707,200454,3728.0772524184636,TRUE,TRUE
3913,M094,1997,1998,22,23,22,23,380707,200454,379814,201477,1357.931515209806,TRUE,TRUE
3914,M094,1998,1999,23,24,23,24,379814,201477,380580,201391,770.8125582785999,TRUE,TRUE
3915,M094,1999,2000,24,25,24,25,380580,201391,381022,201589,484.3222068003903,TRUE,TRUE
3916,M094,2000,2001,25,26,25,26,381022,201589,381946,201669,927.4567375355036,TRUE,TRUE
3917,M094,2001,2002,26,27,26,27,381946,201669,381841,201313,371.16168983342016,TRUE,TRUE
3918,M094,2002,2003,27,28,27,28,381841,201313,380834,201150,1020.1068571478186,TRUE,TRUE
3919,M094,2003,2004,28,29,28,29,380834,201150,382049,201493,1262.4872276581652,TRUE,TRUE
3920,M096,1993,1994,18,19,18,19,381370,201620,379874,201435,1507.3954358428978,TRUE,TRUE
3921,M096,1994,1995,19,20,19,20,379874,201435,381230,201693,1380.3260484392808,TRUE,TRUE
3922,M097,1993,1994,18,19,18,19,381370,201620,379874,201435,1507.3954358428978,TRUE,TRUE
3923,M097,1994,1995,19,20,19,20,379874,201435,381230,201693,1380.3260484392808,TRUE,TRUE
3924,M097,1995,1996,20,21,20,21,381230,201693,383675,202710,2648.077415786782,TRUE,TRUE
3925,M097,1996,1997,21,22,21,22,383675,202710,380707,200454,3728.0772524184636,TRUE,TRUE
3926,M099,1993,1994,18,19,18,19,381370,201620,379874,201435,1507.3954358428978,TRUE,TRUE
3927,M099,1994,1995,19,20,19,20,379874,201435,381230,201693,1380.3260484392808,TRUE,TRUE
3928,M099,1995,1996,20,21,20,21,381230,201693,383675,202710,2648.077415786782,TRUE,TRUE
3929,M099,1996,1997,21,22,21,22,383675,202710,380707,200454,3728.0772524184636,TRUE,TRUE
3930,M099,1997,1998,22,23,22,23,380707,200454,379814,201477,1357.931515209806,TRUE,TRUE
3931,M104,1993,1994,18,19,18,19,381370,201620,379874,201435,1507.3954358428978,TRUE,TRUE
3932,M104,1994,1995,19,20,19,20,379874,201435,381230,201693,1380.3260484392808,TRUE,TRUE
3933,M104,1995,1996,20,21,20,21,381230,201693,383675,202710,2648.077415786782,TRUE,TRUE
3934,M104,1996,1997,21,22,21,22,383675,202710,380707,200454,3728.0772524184636,TRUE,TRUE
3935,M104,1997,1998,22,23,22,23,380707,200454,379814,201477,1357.931515209806,TRUE,TRUE
3936,M104,1998,1999,23,24,23,24,379814,201477,380580,201391,770.8125582785999,TRUE,TRUE
3937,M105,1993,1994,18,19,18,19,381370,201620,379874,201435,1507.3954358428978,TRUE,TRUE
3938,M105,1994,1995,19,20,19,20,379874,201435,381230,201693,1380.3260484392808,TRUE,TRUE
3939,M105,1995,1996,20,21,20,21,381230,201693,383675,202710,2648.077415786782,TRUE,TRUE
3940,M106,1993,1994,18,19,18,19,381370,201620,379874,201435,1507.3954358428978,TRUE,TRUE
3941,M106,1994,1995,19,20,19,20,379874,201435,381230,201693,1380.3260484392808,TRUE,TRUE
3942,M106,1995,1996,20,21,20,21,381230,201693,383675,202710,2648.077415786782,TRUE,TRUE
3943,M106,1996,1997,21,22,21,22,383675,202710,380707,200454,3728.0772524184636,TRUE,TRUE
3944,M107,1993,1994,18,19,18,19,381370,201620,379874,201435,1507.3954358428978,TRUE,TRUE
3945,M107,1994,1995,19,20,19,20,379874,201435,381230,201693,1380.3260484392808,TRUE,TRUE
3946,M107,1995,1996,20,21,20,21,381230,201693,383675,202710,2648.077415786782,TRUE,TRUE
3947,M107,1996,1997,21,22,21,22,383675,202710,380707,200454,3728.0772524184636,TRUE,TRUE
3948,M107,1997,1998,22,23,22,23,380707,200454,379814,201477,1357.931515209806,TRUE,TRUE
3949,M107,1998,1999,23,24,23,24,379814,201477,380580,201391,770.8125582785999,TRUE,TRUE
3950,M107,1999,2000,24,25,24,25,380580,201391,381022,201589,484.3222068003903,TRUE,TRUE
3951,M108,1993,1994,18,19,18,19,381370,201620,379874,201435,1507.3954358428978,TRUE,TRUE
3952,M108,1994,1995,19,20,19,20,379874,201435,381230,201693,1380.3260484392808,TRUE,TRUE
3953,M108,1995,1996,20,21,20,21,381230,201693,383675,202710,2648.077415786782,TRUE,TRUE
3954,M108,1996,1997,21,22,21,22,383675,202710,380707,200454,3728.0772524184636,TRUE,TRUE
3955,M108,1997,1998,22,23,22,23,380707,200454,379814,201477,1357.931515209806,TRUE,TRUE
3956,M108,1998,1999,23,24,23,24,379814,201477,380580,201391,770.8125582785999,TRUE,TRUE
3957,M109,1993,1994,18,19,18,19,381370,201620,379874,201435,1507.3954358428978,TRUE,TRUE
3958,M109,1994,1995,19,20,19,20,379874,201435,381230,201693,1380.3260484392808,TRUE,TRUE
3959,M109,1995,1996,20,21,20,21,381230,201693,383675,202710,2648.077415786782,TRUE,TRUE
3960,M109,1996,1997,21,22,21,22,383675,202710,380707,200454,3728.0772524184636,TRUE,TRUE
3961,M109,1997,1998,22,23,22,23,380707,200454,379814,201477,1357.931515209806,TRUE,TRUE
3962,M109,1998,1999,23,24,23,24,379814,201477,380580,201391,770.8125582785999,TRUE,TRUE
3963,M109,1999,2000,24,25,24,25,380580,201391,381022,201589,484.3222068003903,TRUE,TRUE
3964,M109,2000,2001,25,26,25,26,381022,201589,381946,201669,927.4567375355036,TRUE,TRUE
3965,M109,2001,2002,26,27,26,27,381946,201669,381841,201313,371.16168983342016,TRUE,TRUE
3966,M109,2002,2003,27,28,27,28,381841,201313,380834,201150,1020.1068571478186,TRUE,TRUE
3967,M110,1993,1994,18,19,18,19,381370,201620,379874,201435,1507.3954358428978,TRUE,TRUE
3968,M110,1994,1995,19,20,19,20,379874,201435,381230,201693,1380.3260484392808,TRUE,TRUE
3969,M110,1995,1996,20,21,20,21,381230,201693,383675,202710,2648.077415786782,TRUE,TRUE
3970,M110,1996,1997,21,22,21,22,383675,202710,380707,200454,3728.0772524184636,TRUE,TRUE
3971,M110,1997,1998,22,23,22,23,380707,200454,379814,201477,1357.931515209806,TRUE,TRUE
3972,M110,1998,1999,23,24,23,24,379814,201477,380580,201391,770.8125582785999,TRUE,TRUE
3973,M110,1999,2000,24,25,24,25,380580,201391,381022,201589,484.3222068003903,TRUE,TRUE
3974,M115,1993,1994,18,19,18,19,381370,201620,379874,201435,1507.3954358428978,TRUE,TRUE
3975,M115,1994,1995,19,20,19,20,379874,201435,381230,201693,1380.3260484392808,TRUE,TRUE
3976,M115,1995,1996,20,21,20,21,381230,201693,383675,202710,2648.077415786782,TRUE,TRUE
3977,M115,1996,1997,21,22,21,22,383675,202710,380707,200454,3728.0772524184636,TRUE,TRUE
3978,M115,1997,1998,22,23,22,23,380707,200454,379814,201477,1357.931515209806,TRUE,TRUE
3979,N003,1984,1985,9,10,9,10,381942,201770,382099,200773,1009.28588615912,TRUE,TRUE
3980,N003,1985,1986,10,11,10,11,382099,200773,380449,201388,1760.8875602945238,TRUE,TRUE
3981,N003,1986,1987,11,12,11,12,380449,201388,382916,202222,2604.1591733225523,TRUE,TRUE
3982,N003,1987,1988,12,13,12,13,382916,202222,380621,201409,2434.747214804855,TRUE,TRUE
3983,N003,1988,1989,13,14,13,14,380621,201409,380597,201427,30,TRUE,TRUE
3984,N003,1989,1990,14,15,14,15,380597,201427,381241,201774,731.5360551606462,TRUE,TRUE
3985,N003,1990,1991,15,16,15,16,381241,201774,381157,201365,417.53682472328114,TRUE,TRUE
3986,N003,1991,1992,16,17,16,17,381157,201365,380625,200466,1044.6171547509643,TRUE,TRUE
3987,N003,1992,1993,17,18,17,18,380625,200466,381370,201620,1373.5869102463084,TRUE,TRUE
3988,N004,1984,1985,9,10,9,10,381942,201770,382099,200773,1009.28588615912,TRUE,TRUE
3989,N004,1985,1986,10,11,10,11,382099,200773,380449,201388,1760.8875602945238,TRUE,TRUE
3990,N004,1986,1987,11,12,11,12,380449,201388,382916,202222,2604.1591733225523,TRUE,TRUE
3991,N004,1987,1988,12,13,12,13,382916,202222,380621,201409,2434.747214804855,TRUE,TRUE
3992,N004,1988,1989,13,14,13,14,380621,201409,380597,201427,30,TRUE,TRUE
3993,N004,1989,1990,14,15,14,15,380597,201427,381241,201774,731.5360551606462,TRUE,TRUE
3994,N004,1990,1991,15,16,15,16,381241,201774,381157,201365,417.53682472328114,TRUE,TRUE
3995,N004,1991,1992,16,17,16,17,381157,201365,380625,200466,1044.6171547509643,TRUE,TRUE
3996,N004,1992,1993,17,18,17,18,380625,200466,381370,201620,1373.5869102463084,TRUE,TRUE
3997,N004,1993,1994,18,19,18,19,381370,201620,379874,201435,1507.3954358428978,TRUE,TRUE
3998,N005,1984,1985,9,10,9,10,381942,201770,382099,200773,1009.28588615912,TRUE,TRUE
3999,N005,1985,1986,10,11,10,11,382099,200773,380449,201388,1760.8875602945238,TRUE,TRUE
4000,N007,1984,1985,9,10,9,10,381942,201770,382099,200773,1009.28588615912,TRUE,TRUE
4001,N007,1985,1986,10,11,10,11,382099,200773,380449,201388,1760.8875602945238,TRUE,TRUE
4002,N007,1986,1987,11,12,11,12,380449,201388,382916,202222,2604.1591733225523,TRUE,TRUE
4003,N007,1987,1988,12,13,12,13,382916,202222,380621,201409,2434.747214804855,TRUE,TRUE
4004,N007,1988,1989,13,14,13,14,380621,201409,380597,201427,30,TRUE,TRUE
4005,N007,1989,1990,14,15,14,15,380597,201427,381241,201774,731.5360551606462,TRUE,TRUE
4006,N007,1990,1991,15,16,15,16,381241,201774,381157,201365,417.53682472328114,TRUE,TRUE
4007,N007,1991,1992,16,17,16,17,381157,201365,380625,200466,1044.6171547509643,TRUE,TRUE
4008,N007,1992,1993,17,18,17,18,380625,200466,381370,201620,1373.5869102463084,TRUE,TRUE
4009,N007,1993,1994,18,19,18,19,381370,201620,379874,201435,1507.3954358428978,TRUE,TRUE
4010,N008,1984,1985,9,10,9,10,381942,201770,382099,200773,1009.28588615912,TRUE,TRUE
4011,N008,1985,1986,10,11,10,11,382099,200773,380449,201388,1760.8875602945238,TRUE,TRUE
4012,N016,1984,1985,9,10,9,10,381942,201770,382099,200773,1009.28588615912,TRUE,TRUE
4013,N016,1985,1986,10,11,10,11,382099,200773,380449,201388,1760.8875602945238,TRUE,TRUE
4014,N016,1986,1987,11,12,11,12,380449,201388,382916,202222,2604.1591733225523,TRUE,TRUE
4015,N016,1987,1988,12,13,12,13,382916,202222,380621,201409,2434.747214804855,TRUE,TRUE
4016,N016,1988,1989,13,14,13,14,380621,201409,380597,201427,30,TRUE,TRUE
4017,N016,1989,1990,14,15,14,15,380597,201427,381241,201774,731.5360551606462,TRUE,TRUE
4018,N016,1990,1991,15,16,15,16,381241,201774,381157,201365,417.53682472328114,TRUE,TRUE
4019,N018,1984,1985,9,10,9,10,381942,201770,382099,200773,1009.28588615912,TRUE,TRUE
4020,N018,1985,1986,10,11,10,11,382099,200773,380449,201388,1760.8875602945238,TRUE,TRUE
4021,N019,1984,1985,9,10,9,10,381942,201770,382099,200773,1009.28588615912,TRUE,TRUE
4022,N019,1985,1986,10,11,10,11,382099,200773,380449,201388,1760.8875602945238,TRUE,TRUE
4023,N019,1986,1987,11,12,11,12,380449,201388,382916,202222,2604.1591733225523,TRUE,TRUE
4024,N019,1987,1988,12,13,12,13,382916,202222,380621,201409,2434.747214804855,TRUE,TRUE
4025,N019,1988,1989,13,14,13,14,380621,201409,380597,201427,30,TRUE,TRUE
4026,N019,1989,1990,14,15,14,15,380597,201427,381241,201774,731.5360551606462,TRUE,TRUE
4027,N020,1984,1985,9,10,9,10,381942,201770,382099,200773,1009.28588615912,TRUE,TRUE
4028,N020,1985,1986,10,11,10,11,382099,200773,380449,201388,1760.8875602945238,TRUE,TRUE
4029,N020,1986,1987,11,12,11,12,380449,201388,382916,202222,2604.1591733225523,TRUE,TRUE
4030,N020,1987,1988,12,13,12,13,382916,202222,380621,201409,2434.747214804855,TRUE,TRUE
4031,N020,1988,1989,13,14,13,14,380621,201409,380597,201427,30,TRUE,TRUE
4032,N020,1989,1990,14,15,14,15,380597,201427,381241,201774,731.5360551606462,TRUE,TRUE
4033,N020,1990,1991,15,16,15,16,381241,201774,381157,201365,417.53682472328114,TRUE,TRUE
4034,N020,1991,1992,16,17,16,17,381157,201365,380625,200466,1044.6171547509643,TRUE,TRUE
4035,N020,1992,1993,17,18,17,18,380625,200466,381370,201620,1373.5869102463084,TRUE,TRUE
4036,N026,1984,1985,9,10,9,10,381942,201770,382099,200773,1009.28588615912,TRUE,TRUE
4037,N026,1985,1986,10,11,10,11,382099,200773,380449,201388,1760.8875602945238,TRUE,TRUE
4038,N026,1986,1987,11,12,11,12,380449,201388,382916,202222,2604.1591733225523,TRUE,TRUE
4039,N026,1987,1988,12,13,12,13,382916,202222,380621,201409,2434.747214804855,TRUE,TRUE
4040,N026,1988,1989,13,14,13,14,380621,201409,380597,201427,30,TRUE,TRUE
4041,N026,1989,1990,14,15,14,15,380597,201427,381241,201774,731.5360551606462,TRUE,TRUE
4042,N028,1984,1985,9,10,9,10,381942,201770,382099,200773,1009.28588615912,TRUE,TRUE
4043,N028,1985,1986,10,11,10,11,382099,200773,380449,201388,1760.8875602945238,TRUE,TRUE
4044,N028,1986,1987,11,12,11,12,380449,201388,382916,202222,2604.1591733225523,TRUE,TRUE
4045,N028,1987,1988,12,13,12,13,382916,202222,380621,201409,2434.747214804855,TRUE,TRUE
4046,N028,1988,1989,13,14,13,14,380621,201409,380597,201427,30,TRUE,TRUE
4047,N031,1984,1985,9,10,9,10,381942,201770,382099,200773,1009.28588615912,TRUE,TRUE
4048,N031,1985,1986,10,11,10,11,382099,200773,380449,201388,1760.8875602945238,TRUE,TRUE
4049,N031,1986,1987,11,12,11,12,380449,201388,382916,202222,2604.1591733225523,TRUE,TRUE
4050,N031,1987,1988,12,13,12,13,382916,202222,380621,201409,2434.747214804855,TRUE,TRUE
4051,N035,1984,1985,9,10,9,10,381942,201770,382099,200773,1009.28588615912,TRUE,TRUE
4052,N035,1985,1986,10,11,10,11,382099,200773,380449,201388,1760.8875602945238,TRUE,TRUE
4053,N035,1986,1987,11,12,11,12,380449,201388,382916,202222,2604.1591733225523,TRUE,TRUE
4054,N035,1987,1988,12,13,12,13,382916,202222,380621,201409,2434.747214804855,TRUE,TRUE
4055,N035,1988,1989,13,14,13,14,380621,201409,380597,201427,30,TRUE,TRUE
4056,N035,1989,1990,14,15,14,15,380597,201427,381241,201774,731.5360551606462,TRUE,TRUE
4057,N035,1990,1991,15,16,15,16,381241,201774,381157,201365,417.53682472328114,TRUE,TRUE
4058,N035,1991,1992,16,17,16,17,381157,201365,380625,200466,1044.6171547509643,TRUE,TRUE
4059,N035,1992,1993,17,18,17,18,380625,200466,381370,201620,1373.5869102463084,TRUE,TRUE
4060,N035,1993,1994,18,19,18,19,381370,201620,379874,201435,1507.3954358428978,TRUE,TRUE
4061,N035,1994,1995,19,20,19,20,379874,201435,381230,201693,1380.3260484392808,TRUE,TRUE
4062,N037,1984,1985,9,10,9,10,381942,201770,382099,200773,1009.28588615912,TRUE,TRUE
4063,N037,1985,1986,10,11,10,11,382099,200773,380449,201388,1760.8875602945238,TRUE,TRUE
4064,N037,1986,1987,11,12,11,12,380449,201388,382916,202222,2604.1591733225523,TRUE,TRUE
4065,N037,1987,1988,12,13,12,13,382916,202222,380621,201409,2434.747214804855,TRUE,TRUE
4066,N037,1988,1989,13,14,13,14,380621,201409,380597,201427,30,TRUE,TRUE
4067,N042,1984,1985,9,10,9,10,381942,201770,382099,200773,1009.28588615912,TRUE,TRUE
4068,N042,1985,1986,10,11,10,11,382099,200773,380449,201388,1760.8875602945238,TRUE,TRUE
4069,N042,1986,1987,11,12,11,12,380449,201388,382916,202222,2604.1591733225523,TRUE,TRUE
4070,N042,1987,1988,12,13,12,13,382916,202222,380621,201409,2434.747214804855,TRUE,TRUE
4071,N042,1988,1989,13,14,13,14,380621,201409,380597,201427,30,TRUE,TRUE
4072,N042,1989,1990,14,15,14,15,380597,201427,381241,201774,731.5360551606462,TRUE,TRUE
4073,N042,1990,1991,15,16,15,16,381241,201774,381157,201365,417.53682472328114,TRUE,TRUE
4074,N044,1984,1985,9,10,9,10,381942,201770,382099,200773,1009.28588615912,TRUE,TRUE
4075,N044,1985,1986,10,11,10,11,382099,200773,380449,201388,1760.8875602945238,TRUE,TRUE
4076,N044,1986,1987,11,12,11,12,380449,201388,382916,202222,2604.1591733225523,TRUE,TRUE
4077,N044,1987,1988,12,13,12,13,382916,202222,380621,201409,2434.747214804855,TRUE,TRUE
4078,N044,1988,1989,13,14,13,14,380621,201409,380597,201427,30,TRUE,TRUE
4079,N045,1984,1985,9,10,9,10,381942,201770,382099,200773,1009.28588615912,TRUE,TRUE
4080,N045,1985,1986,10,11,10,11,382099,200773,380449,201388,1760.8875602945238,TRUE,TRUE
4081,N046,1984,1985,9,10,9,10,381942,201770,382099,200773,1009.28588615912,TRUE,TRUE
4082,N046,1985,1986,10,11,10,11,382099,200773,380449,201388,1760.8875602945238,TRUE,TRUE
4083,N046,1986,1987,11,12,11,12,380449,201388,382916,202222,2604.1591733225523,TRUE,TRUE
4084,N046,1987,1988,12,13,12,13,382916,202222,380621,201409,2434.747214804855,TRUE,TRUE
4085,N047,1984,1985,9,10,9,10,381942,201770,382099,200773,1009.28588615912,TRUE,TRUE
4086,N047,1985,1986,10,11,10,11,382099,200773,380449,201388,1760.8875602945238,TRUE,TRUE
4087,N047,1986,1987,11,12,11,12,380449,201388,382916,202222,2604.1591733225523,TRUE,TRUE
4088,N047,1987,1988,12,13,12,13,382916,202222,380621,201409,2434.747214804855,TRUE,TRUE
4089,N047,1988,1989,13,14,13,14,380621,201409,380597,201427,30,TRUE,TRUE
4090,N047,1989,1990,14,15,14,15,380597,201427,381241,201774,731.5360551606462,TRUE,TRUE
4091,N047,1990,1991,15,16,15,16,381241,201774,381157,201365,417.53682472328114,TRUE,TRUE
4092,N047,1991,1992,16,17,16,17,381157,201365,380625,200466,1044.6171547509643,TRUE,TRUE
4093,N047,1992,1993,17,18,17,18,380625,200466,381370,201620,1373.5869102463084,TRUE,TRUE
4094,N047,1993,1994,18,19,18,19,381370,201620,379874,201435,1507.3954358428978,TRUE,TRUE
4095,N048,1984,1985,9,10,9,10,381942,201770,382099,200773,1009.28588615912,TRUE,TRUE
4096,N048,1985,1986,10,11,10,11,382099,200773,380449,201388,1760.8875602945238,TRUE,TRUE
4097,N048,1986,1987,11,12,11,12,380449,201388,382916,202222,2604.1591733225523,TRUE,TRUE
4098,N048,1987,1988,12,13,12,13,382916,202222,380621,201409,2434.747214804855,TRUE,TRUE
4099,N048,1988,1989,13,14,13,14,380621,201409,380597,201427,30,TRUE,TRUE
4100,N048,1989,1990,14,15,14,15,380597,201427,381241,201774,731.5360551606462,TRUE,TRUE
4101,N048,1990,1991,15,16,15,16,381241,201774,381157,201365,417.53682472328114,TRUE,TRUE
4102,N048,1991,1992,16,17,16,17,381157,201365,380625,200466,1044.6171547509643,TRUE,TRUE
4103,N048,1992,1993,17,18,17,18,380625,200466,381370,201620,1373.5869102463084,TRUE,TRUE
4104,N048,1993,1994,18,19,18,19,381370,201620,379874,201435,1507.3954358428978,TRUE,TRUE
4105,N049,1984,1985,9,10,9,10,381942,201770,382099,200773,1009.28588615912,TRUE,TRUE
4106,N049,1985,1986,10,11,10,11,382099,200773,380449,201388,1760.8875602945238,TRUE,TRUE
4107,N049,1986,1987,11,12,11,12,380449,201388,382916,202222,2604.1591733225523,TRUE,TRUE
4108,N049,1987,1988,12,13,12,13,382916,202222,380621,201409,2434.747214804855,TRUE,TRUE
4109,N049,1988,1989,13,14,13,14,380621,201409,380597,201427,30,TRUE,TRUE
4110,N049,1989,1990,14,15,14,15,380597,201427,381241,201774,731.5360551606462,TRUE,TRUE
4111,N050,1984,1985,9,10,9,10,381942,201770,382099,200773,1009.28588615912,TRUE,TRUE
4112,N050,1985,1986,10,11,10,11,382099,200773,380449,201388,1760.8875602945238,TRUE,TRUE
4113,N050,1986,1987,11,12,11,12,380449,201388,382916,202222,2604.1591733225523,TRUE,TRUE
4114,N050,1987,1988,12,13,12,13,382916,202222,380621,201409,2434.747214804855,TRUE,TRUE
4115,N051,1984,1985,9,10,9,10,381942,201770,382099,200773,1009.28588615912,TRUE,TRUE
4116,N051,1985,1986,10,11,10,11,382099,200773,380449,201388,1760.8875602945238,TRUE,TRUE
4117,N051,1986,1987,11,12,11,12,380449,201388,382916,202222,2604.1591733225523,TRUE,TRUE
4118,N051,1987,1988,12,13,12,13,382916,202222,380621,201409,2434.747214804855,TRUE,TRUE
4119,N053,1984,1985,9,10,9,10,381942,201770,382099,200773,1009.28588615912,TRUE,TRUE
4120,N053,1985,1986,10,11,10,11,382099,200773,380449,201388,1760.8875602945238,TRUE,TRUE
4121,N053,1986,1987,11,12,11,12,380449,201388,382916,202222,2604.1591733225523,TRUE,TRUE
4122,N053,1987,1988,12,13,12,13,382916,202222,380621,201409,2434.747214804855,TRUE,TRUE
4123,N054,1984,1985,9,10,9,10,381942,201770,382099,200773,1009.28588615912,TRUE,TRUE
4124,N054,1985,1986,10,11,10,11,382099,200773,380449,201388,1760.8875602945238,TRUE,TRUE
4125,N054,1986,1987,11,12,11,12,380449,201388,382916,202222,2604.1591733225523,TRUE,TRUE
4126,N058,1984,1985,9,10,9,10,381942,201770,382099,200773,1009.28588615912,TRUE,TRUE
4127,N058,1985,1986,10,11,10,11,382099,200773,380449,201388,1760.8875602945238,TRUE,TRUE
4128,N058,1986,1987,11,12,11,12,380449,201388,382916,202222,2604.1591733225523,TRUE,TRUE
4129,N059,1984,1985,9,10,9,10,381942,201770,382099,200773,1009.28588615912,TRUE,TRUE
4130,N059,1985,1986,10,11,10,11,382099,200773,380449,201388,1760.8875602945238,TRUE,TRUE
4131,N059,1986,1987,11,12,11,12,380449,201388,382916,202222,2604.1591733225523,TRUE,TRUE
4132,N059,1987,1988,12,13,12,13,382916,202222,380621,201409,2434.747214804855,TRUE,TRUE
4133,N059,1988,1989,13,14,13,14,380621,201409,380597,201427,30,TRUE,TRUE
4134,N059,1989,1990,14,15,14,15,380597,201427,381241,201774,731.5360551606462,TRUE,TRUE
4135,N059,1990,1991,15,16,15,16,381241,201774,381157,201365,417.53682472328114,TRUE,TRUE
4136,N060,1984,1985,9,10,9,10,381942,201770,382099,200773,1009.28588615912,TRUE,TRUE
4137,N060,1985,1986,10,11,10,11,382099,200773,380449,201388,1760.8875602945238,TRUE,TRUE
4138,N060,1986,1987,11,12,11,12,380449,201388,382916,202222,2604.1591733225523,TRUE,TRUE
4139,N060,1987,1988,12,13,12,13,382916,202222,380621,201409,2434.747214804855,TRUE,TRUE
4140,N060,1988,1989,13,14,13,14,380621,201409,380597,201427,30,TRUE,TRUE
4141,N060,1989,1990,14,15,14,15,380597,201427,381241,201774,731.5360551606462,TRUE,TRUE
4142,N061,1984,1985,9,10,9,10,381942,201770,382099,200773,1009.28588615912,TRUE,TRUE
4143,N061,1985,1986,10,11,10,11,382099,200773,380449,201388,1760.8875602945238,TRUE,TRUE
4144,N062,1984,1985,9,10,9,10,381942,201770,382099,200773,1009.28588615912,TRUE,TRUE
4145,N062,1985,1986,10,11,10,11,382099,200773,380449,201388,1760.8875602945238,TRUE,TRUE
4146,N062,1986,1987,11,12,11,12,380449,201388,382916,202222,2604.1591733225523,TRUE,TRUE
4147,N063,1984,1985,9,10,9,10,381942,201770,382099,200773,1009.28588615912,TRUE,TRUE
4148,N063,1985,1986,10,11,10,11,382099,200773,380449,201388,1760.8875602945238,TRUE,TRUE
4149,N063,1986,1987,11,12,11,12,380449,201388,382916,202222,2604.1591733225523,TRUE,TRUE
4150,N063,1987,1988,12,13,12,13,382916,202222,380621,201409,2434.747214804855,TRUE,TRUE
4151,N063,1988,1989,13,14,13,14,380621,201409,380597,201427,30,TRUE,TRUE
4152,N064,1984,1985,9,10,9,10,381942,201770,382099,200773,1009.28588615912,TRUE,TRUE
4153,N064,1985,1986,10,11,10,11,382099,200773,380449,201388,1760.8875602945238,TRUE,TRUE
4154,N064,1986,1987,11,12,11,12,380449,201388,382916,202222,2604.1591733225523,TRUE,TRUE
4155,N064,1987,1988,12,13,12,13,382916,202222,380621,201409,2434.747214804855,TRUE,TRUE
4156,N070,1984,1985,9,10,9,10,381942,201770,382099,200773,1009.28588615912,TRUE,TRUE
4157,N070,1985,1986,10,11,10,11,382099,200773,380449,201388,1760.8875602945238,TRUE,TRUE
4158,N070,1986,1987,11,12,11,12,380449,201388,382916,202222,2604.1591733225523,TRUE,TRUE
4159,N073,1984,1985,9,10,9,10,381942,201770,382099,200773,1009.28588615912,TRUE,TRUE
4160,N073,1985,1986,10,11,10,11,382099,200773,380449,201388,1760.8875602945238,TRUE,TRUE
4161,N073,1986,1987,11,12,11,12,380449,201388,382916,202222,2604.1591733225523,TRUE,TRUE
4162,N073,1987,1988,12,13,12,13,382916,202222,380621,201409,2434.747214804855,TRUE,TRUE
4163,N073,1988,1989,13,14,13,14,380621,201409,380597,201427,30,TRUE,TRUE
4164,N073,1989,1990,14,15,14,15,380597,201427,381241,201774,731.5360551606462,TRUE,TRUE
4165,N073,1990,1991,15,16,15,16,381241,201774,381157,201365,417.53682472328114,TRUE,TRUE
4166,N073,1991,1992,16,17,16,17,381157,201365,380625,200466,1044.6171547509643,TRUE,TRUE
4167,N076,1984,1985,9,10,9,10,381942,201770,382099,200773,1009.28588615912,TRUE,TRUE
4168,N076,1985,1986,10,11,10,11,382099,200773,380449,201388,1760.8875602945238,TRUE,TRUE
4169,N076,1986,1987,11,12,11,12,380449,201388,382916,202222,2604.1591733225523,TRUE,TRUE
4170,O001,1982,1983,7,8,7,8,380931,201164,380417,201488,607.595260021011,TRUE,TRUE
4171,O001,1983,1984,8,9,8,9,380417,201488,381942,201770,1550.8542807111182,TRUE,TRUE
4172,O001,1984,1985,9,10,9,10,381942,201770,382099,200773,1009.28588615912,TRUE,TRUE
4173,O008,1982,1983,7,8,7,8,380931,201164,380417,201488,607.595260021011,TRUE,TRUE
4174,O008,1983,1984,8,9,8,9,380417,201488,381942,201770,1550.8542807111182,TRUE,TRUE
4175,O008,1984,1985,9,10,9,10,381942,201770,382099,200773,1009.28588615912,TRUE,TRUE
4176,O008,1985,1986,10,11,10,11,382099,200773,380449,201388,1760.8875602945238,TRUE,TRUE
4177,O008,1986,1987,11,12,11,12,380449,201388,382916,202222,2604.1591733225523,TRUE,TRUE
4178,O009,1982,1983,7,8,7,8,380931,201164,380417,201488,607.595260021011,TRUE,TRUE
4179,O009,1983,1984,8,9,8,9,380417,201488,381942,201770,1550.8542807111182,TRUE,TRUE
4180,O009,1984,1985,9,10,9,10,381942,201770,382099,200773,1009.28588615912,TRUE,TRUE
4181,O009,1985,1986,10,11,10,11,382099,200773,380449,201388,1760.8875602945238,TRUE,TRUE
4182,O009,1986,1987,11,12,11,12,380449,201388,382916,202222,2604.1591733225523,TRUE,TRUE
4183,O011,1982,1983,7,8,7,8,380931,201164,380417,201488,607.595260021011,TRUE,TRUE
4184,O011,1983,1984,8,9,8,9,380417,201488,381942,201770,1550.8542807111182,TRUE,TRUE
4185,O011,1984,1985,9,10,9,10,381942,201770,382099,200773,1009.28588615912,TRUE,TRUE
4186,O011,1985,1986,10,11,10,11,382099,200773,380449,201388,1760.8875602945238,TRUE,TRUE
4187,O011,1986,1987,11,12,11,12,380449,201388,382916,202222,2604.1591733225523,TRUE,TRUE
4188,O011,1987,1988,12,13,12,13,382916,202222,380621,201409,2434.747214804855,TRUE,TRUE
4189,O011,1988,1989,13,14,13,14,380621,201409,380597,201427,30,TRUE,TRUE
4190,O015,1982,1983,7,8,7,8,380931,201164,380417,201488,607.595260021011,TRUE,TRUE
4191,O015,1983,1984,8,9,8,9,380417,201488,381942,201770,1550.8542807111182,TRUE,TRUE
4192,O018,1982,1983,7,8,7,8,380931,201164,380417,201488,607.595260021011,TRUE,TRUE
4193,O018,1983,1984,8,9,8,9,380417,201488,381942,201770,1550.8542807111182,TRUE,TRUE
4194,O018,1984,1985,9,10,9,10,381942,201770,382099,200773,1009.28588615912,TRUE,TRUE
4195,O024,1982,1983,7,8,7,8,380931,201164,380417,201488,607.595260021011,TRUE,TRUE
4196,O024,1983,1984,8,9,8,9,380417,201488,381942,201770,1550.8542807111182,TRUE,TRUE
4197,O024,1984,1985,9,10,9,10,381942,201770,382099,200773,1009.28588615912,TRUE,TRUE
4198,O024,1985,1986,10,11,10,11,382099,200773,380449,201388,1760.8875602945238,TRUE,TRUE
4199,O024,1986,1987,11,12,11,12,380449,201388,382916,202222,2604.1591733225523,TRUE,TRUE
4200,O024,1987,1988,12,13,12,13,382916,202222,380621,201409,2434.747214804855,TRUE,TRUE
4201,O024,1988,1989,13,14,13,14,380621,201409,380597,201427,30,TRUE,TRUE
4202,O026,1982,1983,7,8,7,8,380931,201164,380417,201488,607.595260021011,TRUE,TRUE
4203,O026,1983,1984,8,9,8,9,380417,201488,381942,201770,1550.8542807111182,TRUE,TRUE
4204,O026,1984,1985,9,10,9,10,381942,201770,382099,200773,1009.28588615912,TRUE,TRUE
4205,O026,1985,1986,10,11,10,11,382099,200773,380449,201388,1760.8875602945238,TRUE,TRUE
4206,O026,1986,1987,11,12,11,12,380449,201388,382916,202222,2604.1591733225523,TRUE,TRUE
4207,O026,1987,1988,12,13,12,13,382916,202222,380621,201409,2434.747214804855,TRUE,TRUE
4208,O026,1988,1989,13,14,13,14,380621,201409,380597,201427,30,TRUE,TRUE
4209,O026,1989,1990,14,15,14,15,380597,201427,381241,201774,731.5360551606462,TRUE,TRUE
4210,O026,1990,1991,15,16,15,16,381241,201774,381157,201365,417.53682472328114,TRUE,TRUE
4211,O029,1982,1983,7,8,7,8,380931,201164,380417,201488,607.595260021011,TRUE,TRUE
4212,O029,1983,1984,8,9,8,9,380417,201488,381942,201770,1550.8542807111182,TRUE,TRUE
4213,O029,1984,1985,9,10,9,10,381942,201770,382099,200773,1009.28588615912,TRUE,TRUE
4214,O029,1985,1986,10,11,10,11,382099,200773,380449,201388,1760.8875602945238,TRUE,TRUE
4215,O029,1986,1987,11,12,11,12,380449,201388,382916,202222,2604.1591733225523,TRUE,TRUE
4216,O029,1987,1988,12,13,12,13,382916,202222,380621,201409,2434.747214804855,TRUE,TRUE
4217,O029,1988,1989,13,14,13,14,380621,201409,380597,201427,30,TRUE,TRUE
4218,O030,1982,1983,7,8,7,8,380931,201164,380417,201488,607.595260021011,TRUE,TRUE
4219,O030,1983,1984,8,9,8,9,380417,201488,381942,201770,1550.8542807111182,TRUE,TRUE
4220,O030,1984,1985,9,10,9,10,381942,201770,382099,200773,1009.28588615912,TRUE,TRUE
4221,O030,1985,1986,10,11,10,11,382099,200773,380449,201388,1760.8875602945238,TRUE,TRUE
4222,O030,1986,1987,11,12,11,12,380449,201388,382916,202222,2604.1591733225523,TRUE,TRUE
4223,O031,1982,1983,7,8,7,8,380931,201164,380417,201488,607.595260021011,TRUE,TRUE
4224,O031,1983,1984,8,9,8,9,380417,201488,381942,201770,1550.8542807111182,TRUE,TRUE
4225,O031,1984,1985,9,10,9,10,381942,201770,382099,200773,1009.28588615912,TRUE,TRUE
4226,O031,1985,1986,10,11,10,11,382099,200773,380449,201388,1760.8875602945238,TRUE,TRUE
4227,O031,1986,1987,11,12,11,12,380449,201388,382916,202222,2604.1591733225523,TRUE,TRUE
4228,O031,1987,1988,12,13,12,13,382916,202222,380621,201409,2434.747214804855,TRUE,TRUE
4229,O031,1988,1989,13,14,13,14,380621,201409,380597,201427,30,TRUE,TRUE
4230,O031,1989,1990,14,15,14,15,380597,201427,381241,201774,731.5360551606462,TRUE,TRUE
4231,O031,1990,1991,15,16,15,16,381241,201774,381157,201365,417.53682472328114,TRUE,TRUE
4232,O034,1982,1983,7,8,7,8,380931,201164,380417,201488,607.595260021011,TRUE,TRUE
4233,O034,1983,1984,8,9,8,9,380417,201488,381942,201770,1550.8542807111182,TRUE,TRUE
4234,O034,1984,1985,9,10,9,10,381942,201770,382099,200773,1009.28588615912,TRUE,TRUE
4235,O034,1985,1986,10,11,10,11,382099,200773,380449,201388,1760.8875602945238,TRUE,TRUE
4236,O034,1986,1987,11,12,11,12,380449,201388,382916,202222,2604.1591733225523,TRUE,TRUE
4237,O034,1987,1988,12,13,12,13,382916,202222,380621,201409,2434.747214804855,TRUE,TRUE
4238,O034,1988,1989,13,14,13,14,380621,201409,380597,201427,30,TRUE,TRUE
4239,O034,1989,1990,14,15,14,15,380597,201427,381241,201774,731.5360551606462,TRUE,TRUE
4240,O034,1990,1991,15,16,15,16,381241,201774,381157,201365,417.53682472328114,TRUE,TRUE
4241,O034,1991,1992,16,17,16,17,381157,201365,380625,200466,1044.6171547509643,TRUE,TRUE
4242,O034,1992,1993,17,18,17,18,380625,200466,381370,201620,1373.5869102463084,TRUE,TRUE
4243,O034,1993,1994,18,19,18,19,381370,201620,379874,201435,1507.3954358428978,TRUE,TRUE
4244,O035,1982,1983,7,8,7,8,380931,201164,380417,201488,607.595260021011,TRUE,TRUE
4245,O035,1983,1984,8,9,8,9,380417,201488,381942,201770,1550.8542807111182,TRUE,TRUE
4246,O035,1984,1985,9,10,9,10,381942,201770,382099,200773,1009.28588615912,TRUE,TRUE
4247,O035,1985,1986,10,11,10,11,382099,200773,380449,201388,1760.8875602945238,TRUE,TRUE
4248,O035,1986,1987,11,12,11,12,380449,201388,382916,202222,2604.1591733225523,TRUE,TRUE
4249,O035,1987,1988,12,13,12,13,382916,202222,380621,201409,2434.747214804855,TRUE,TRUE
4250,O035,1988,1989,13,14,13,14,380621,201409,380597,201427,30,TRUE,TRUE
4251,O035,1989,1990,14,15,14,15,380597,201427,381241,201774,731.5360551606462,TRUE,TRUE
4252,O035,1990,1991,15,16,15,16,381241,201774,381157,201365,417.53682472328114,TRUE,TRUE
4253,O035,1991,1992,16,17,16,17,381157,201365,380625,200466,1044.6171547509643,TRUE,TRUE
4254,O035,1992,1993,17,18,17,18,380625,200466,381370,201620,1373.5869102463084,TRUE,TRUE
4255,O035,1993,1994,18,19,18,19,381370,201620,379874,201435,1507.3954358428978,TRUE,TRUE
4256,O035,1994,1995,19,20,19,20,379874,201435,381230,201693,1380.3260484392808,TRUE,TRUE
4257,P002,1983,1984,8,9,8,9,380417,201488,381942,201770,1550.8542807111182,TRUE,TRUE
4258,P002,1984,1985,9,10,9,10,381942,201770,382099,200773,1009.28588615912,TRUE,TRUE
4259,P002,1985,1986,10,11,10,11,382099,200773,380449,201388,1760.8875602945238,TRUE,TRUE
4260,P002,1986,1987,11,12,11,12,380449,201388,382916,202222,2604.1591733225523,TRUE,TRUE
4261,P003,1983,1984,8,9,8,9,380417,201488,381942,201770,1550.8542807111182,TRUE,TRUE
4262,P003,1984,1985,9,10,9,10,381942,201770,382099,200773,1009.28588615912,TRUE,TRUE
4263,P003,1985,1986,10,11,10,11,382099,200773,380449,201388,1760.8875602945238,TRUE,TRUE
4264,P003,1986,1987,11,12,11,12,380449,201388,382916,202222,2604.1591733225523,TRUE,TRUE
4265,P003,1987,1988,12,13,12,13,382916,202222,380621,201409,2434.747214804855,TRUE,TRUE
4266,P003,1988,1989,13,14,13,14,380621,201409,380597,201427,30,TRUE,TRUE
4267,P003,1989,1990,14,15,14,15,380597,201427,381241,201774,731.5360551606462,TRUE,TRUE
4268,P003,1990,1991,15,16,15,16,381241,201774,381157,201365,417.53682472328114,TRUE,TRUE
4269,P005,1983,1984,8,9,8,9,380417,201488,381942,201770,1550.8542807111182,TRUE,TRUE
4270,P005,1984,1985,9,10,9,10,381942,201770,382099,200773,1009.28588615912,TRUE,TRUE
4271,P005,1985,1986,10,11,10,11,382099,200773,380449,201388,1760.8875602945238,TRUE,TRUE
4272,P005,1986,1987,11,12,11,12,380449,201388,382916,202222,2604.1591733225523,TRUE,TRUE
4273,P005,1987,1988,12,13,12,13,382916,202222,380621,201409,2434.747214804855,TRUE,TRUE
4274,P005,1988,1989,13,14,13,14,380621,201409,380597,201427,30,TRUE,TRUE
4275,P005,1989,1990,14,15,14,15,380597,201427,381241,201774,731.5360551606462,TRUE,TRUE
4276,P005,1990,1991,15,16,15,16,381241,201774,381157,201365,417.53682472328114,TRUE,TRUE
4277,P005,1991,1992,16,17,16,17,381157,201365,380625,200466,1044.6171547509643,TRUE,TRUE
4278,P005,1992,1993,17,18,17,18,380625,200466,381370,201620,1373.5869102463084,TRUE,TRUE
4279,P009,1983,1984,8,9,8,9,380417,201488,381942,201770,1550.8542807111182,TRUE,TRUE
4280,P009,1984,1985,9,10,9,10,381942,201770,382099,200773,1009.28588615912,TRUE,TRUE
4281,P009,1985,1986,10,11,10,11,382099,200773,380449,201388,1760.8875602945238,TRUE,TRUE
4282,P009,1986,1987,11,12,11,12,380449,201388,382916,202222,2604.1591733225523,TRUE,TRUE
4283,P009,1987,1988,12,13,12,13,382916,202222,380621,201409,2434.747214804855,TRUE,TRUE
4284,P009,1988,1989,13,14,13,14,380621,201409,380597,201427,30,TRUE,TRUE
4285,P009,1989,1990,14,15,14,15,380597,201427,381241,201774,731.5360551606462,TRUE,TRUE
4286,P009,1990,1991,15,16,15,16,381241,201774,381157,201365,417.53682472328114,TRUE,TRUE
4287,P011,1983,1984,8,9,8,9,380417,201488,381942,201770,1550.8542807111182,TRUE,TRUE
4288,P011,1984,1985,9,10,9,10,381942,201770,382099,200773,1009.28588615912,TRUE,TRUE
4289,P011,1985,1986,10,11,10,11,382099,200773,380449,201388,1760.8875602945238,TRUE,TRUE
4290,P011,1986,1987,11,12,11,12,380449,201388,382916,202222,2604.1591733225523,TRUE,TRUE
4291,P012,1983,1984,8,9,8,9,380417,201488,381942,201770,1550.8542807111182,TRUE,TRUE
4292,P012,1984,1985,9,10,9,10,381942,201770,382099,200773,1009.28588615912,TRUE,TRUE
4293,P012,1985,1986,10,11,10,11,382099,200773,380449,201388,1760.8875602945238,TRUE,TRUE
4294,P012,1986,1987,11,12,11,12,380449,201388,382916,202222,2604.1591733225523,TRUE,TRUE
4295,P013,1983,1984,8,9,8,9,380417,201488,381942,201770,1550.8542807111182,TRUE,TRUE
4296,P013,1984,1985,9,10,9,10,381942,201770,382099,200773,1009.28588615912,TRUE,TRUE
4297,P013,1985,1986,10,11,10,11,382099,200773,380449,201388,1760.8875602945238,TRUE,TRUE
4298,P013,1986,1987,11,12,11,12,380449,201388,382916,202222,2604.1591733225523,TRUE,TRUE
4299,P013,1987,1988,12,13,12,13,382916,202222,380621,201409,2434.747214804855,TRUE,TRUE
4300,P013,1988,1989,13,14,13,14,380621,201409,380597,201427,30,TRUE,TRUE
4301,P016,1983,1984,8,9,8,9,380417,201488,381942,201770,1550.8542807111182,TRUE,TRUE
4302,P016,1984,1985,9,10,9,10,381942,201770,382099,200773,1009.28588615912,TRUE,TRUE
4303,P016,1985,1986,10,11,10,11,382099,200773,380449,201388,1760.8875602945238,TRUE,TRUE
4304,P016,1986,1987,11,12,11,12,380449,201388,382916,202222,2604.1591733225523,TRUE,TRUE
4305,P016,1987,1988,12,13,12,13,382916,202222,380621,201409,2434.747214804855,TRUE,TRUE
4306,P016,1988,1989,13,14,13,14,380621,201409,380597,201427,30,TRUE,TRUE
4307,P016,1989,1990,14,15,14,15,380597,201427,381241,201774,731.5360551606462,TRUE,TRUE
4308,P016,1990,1991,15,16,15,16,381241,201774,381157,201365,417.53682472328114,TRUE,TRUE
4309,P018,1983,1984,8,9,8,9,380417,201488,381942,201770,1550.8542807111182,TRUE,TRUE
4310,P018,1984,1985,9,10,9,10,381942,201770,382099,200773,1009.28588615912,TRUE,TRUE
4311,P018,1985,1986,10,11,10,11,382099,200773,380449,201388,1760.8875602945238,TRUE,TRUE
4312,P018,1986,1987,11,12,11,12,380449,201388,382916,202222,2604.1591733225523,TRUE,TRUE
4313,P018,1987,1988,12,13,12,13,382916,202222,380621,201409,2434.747214804855,TRUE,TRUE
4314,P018,1988,1989,13,14,13,14,380621,201409,380597,201427,30,TRUE,TRUE
4315,P018,1989,1990,14,15,14,15,380597,201427,381241,201774,731.5360551606462,TRUE,TRUE
4316,P018,1990,1991,15,16,15,16,381241,201774,381157,201365,417.53682472328114,TRUE,TRUE
4317,P020,1983,1984,8,9,8,9,380417,201488,381942,201770,1550.8542807111182,TRUE,TRUE
4318,P020,1984,1985,9,10,9,10,381942,201770,382099,200773,1009.28588615912,TRUE,TRUE
4319,P020,1985,1986,10,11,10,11,382099,200773,380449,201388,1760.8875602945238,TRUE,TRUE
4320,P020,1986,1987,11,12,11,12,380449,201388,382916,202222,2604.1591733225523,TRUE,TRUE
4321,P020,1987,1988,12,13,12,13,382916,202222,380621,201409,2434.747214804855,TRUE,TRUE
4322,P020,1988,1989,13,14,13,14,380621,201409,380597,201427,30,TRUE,TRUE
4323,P020,1989,1990,14,15,14,15,380597,201427,381241,201774,731.5360551606462,TRUE,TRUE
4324,P020,1990,1991,15,16,15,16,381241,201774,381157,201365,417.53682472328114,TRUE,TRUE
4325,P020,1991,1992,16,17,16,17,381157,201365,380625,200466,1044.6171547509643,TRUE,TRUE
4326,P020,1992,1993,17,18,17,18,380625,200466,381370,201620,1373.5869102463084,TRUE,TRUE
4327,P020,1993,1994,18,19,18,19,381370,201620,379874,201435,1507.3954358428978,TRUE,TRUE
4328,P028,1983,1984,8,9,8,9,380417,201488,381942,201770,1550.8542807111182,TRUE,TRUE
4329,P028,1984,1985,9,10,9,10,381942,201770,382099,200773,1009.28588615912,TRUE,TRUE
4330,P028,1985,1986,10,11,10,11,382099,200773,380449,201388,1760.8875602945238,TRUE,TRUE
4331,P028,1986,1987,11,12,11,12,380449,201388,382916,202222,2604.1591733225523,TRUE,TRUE
4332,P028,1987,1988,12,13,12,13,382916,202222,380621,201409,2434.747214804855,TRUE,TRUE
4333,P028,1988,1989,13,14,13,14,380621,201409,380597,201427,30,TRUE,TRUE
4334,P028,1989,1990,14,15,14,15,380597,201427,381241,201774,731.5360551606462,TRUE,TRUE
4335,P028,1990,1991,15,16,15,16,381241,201774,381157,201365,417.53682472328114,TRUE,TRUE
4336,P028,1991,1992,16,17,16,17,381157,201365,380625,200466,1044.6171547509643,TRUE,TRUE
4337,P028,1992,1993,17,18,17,18,380625,200466,381370,201620,1373.5869102463084,TRUE,TRUE
4338,P028,1993,1994,18,19,18,19,381370,201620,379874,201435,1507.3954358428978,TRUE,TRUE
4339,P028,1994,1995,19,20,19,20,379874,201435,381230,201693,1380.3260484392808,TRUE,TRUE
4340,P035,1983,1984,8,9,8,9,380417,201488,381942,201770,1550.8542807111182,TRUE,TRUE
4341,P035,1984,1985,9,10,9,10,381942,201770,382099,200773,1009.28588615912,TRUE,TRUE
4342,P035,1985,1986,10,11,10,11,382099,200773,380449,201388,1760.8875602945238,TRUE,TRUE
4343,P035,1986,1987,11,12,11,12,380449,201388,382916,202222,2604.1591733225523,TRUE,TRUE
4344,P037,1983,1984,8,9,8,9,380417,201488,381942,201770,1550.8542807111182,TRUE,TRUE
4345,P037,1984,1985,9,10,9,10,381942,201770,382099,200773,1009.28588615912,TRUE,TRUE
4346,P037,1985,1986,10,11,10,11,382099,200773,380449,201388,1760.8875602945238,TRUE,TRUE
4347,P038,1986,1987,11,12,11,12,380449,201388,382916,202222,2604.1591733225523,TRUE,TRUE
4348,P038,1987,1988,12,13,12,13,382916,202222,380621,201409,2434.747214804855,TRUE,TRUE
4349,P038,1988,1989,13,14,13,14,380621,201409,380597,201427,30,TRUE,TRUE
4350,P038,1989,1990,14,15,14,15,380597,201427,381241,201774,731.5360551606462,TRUE,TRUE
4351,P038,1990,1991,15,16,15,16,381241,201774,381157,201365,417.53682472328114,TRUE,TRUE
4352,P042,1986,1987,11,12,11,12,380449,201388,382916,202222,2604.1591733225523,TRUE,TRUE
4353,P042,1987,1988,12,13,12,13,382916,202222,380621,201409,2434.747214804855,TRUE,TRUE
4354,P042,1988,1989,13,14,13,14,380621,201409,380597,201427,30,TRUE,TRUE
4355,P042,1989,1990,14,15,14,15,380597,201427,381241,201774,731.5360551606462,TRUE,TRUE
4356,P042,1990,1991,15,16,15,16,381241,201774,381157,201365,417.53682472328114,TRUE,TRUE
4357,P042,1991,1992,16,17,16,17,381157,201365,380625,200466,1044.6171547509643,TRUE,TRUE
4358,P043,1983,1984,8,9,8,9,380417,201488,381942,201770,1550.8542807111182,TRUE,TRUE
4359,P043,1984,1985,9,10,9,10,381942,201770,382099,200773,1009.28588615912,TRUE,TRUE
4360,P043,1985,1986,10,11,10,11,382099,200773,380449,201388,1760.8875602945238,TRUE,TRUE
4361,P043,1986,1987,11,12,11,12,380449,201388,382916,202222,2604.1591733225523,TRUE,TRUE
4362,P043,1987,1988,12,13,12,13,382916,202222,380621,201409,2434.747214804855,TRUE,TRUE
4363,P043,1988,1989,13,14,13,14,380621,201409,380597,201427,30,TRUE,TRUE
4364,P043,1989,1990,14,15,14,15,380597,201427,381241,201774,731.5360551606462,TRUE,TRUE
4365,P049,1983,1984,8,9,8,9,380417,201488,381942,201770,1550.8542807111182,TRUE,TRUE
4366,P049,1984,1985,9,10,9,10,381942,201770,382099,200773,1009.28588615912,TRUE,TRUE
4367,P049,1985,1986,10,11,10,11,382099,200773,380449,201388,1760.8875602945238,TRUE,TRUE
4368,P049,1986,1987,11,12,11,12,380449,201388,382916,202222,2604.1591733225523,TRUE,TRUE
4369,P049,1987,1988,12,13,12,13,382916,202222,380621,201409,2434.747214804855,TRUE,TRUE
4370,P049,1988,1989,13,14,13,14,380621,201409,380597,201427,30,TRUE,TRUE
4371,P049,1989,1990,14,15,14,15,380597,201427,381241,201774,731.5360551606462,TRUE,TRUE
4372,P051,1983,1984,8,9,8,9,380417,201488,381942,201770,1550.8542807111182,TRUE,TRUE
4373,P051,1984,1985,9,10,9,10,381942,201770,382099,200773,1009.28588615912,TRUE,TRUE
4374,P051,1985,1986,10,11,10,11,382099,200773,380449,201388,1760.8875602945238,TRUE,TRUE
4375,P052,1983,1984,8,9,8,9,380417,201488,381942,201770,1550.8542807111182,TRUE,TRUE
4376,P052,1984,1985,9,10,9,10,381942,201770,382099,200773,1009.28588615912,TRUE,TRUE
4377,P052,1985,1986,10,11,10,11,382099,200773,380449,201388,1760.8875602945238,TRUE,TRUE
4378,P052,1986,1987,11,12,11,12,380449,201388,382916,202222,2604.1591733225523,TRUE,TRUE
4379,P052,1987,1988,12,13,12,13,382916,202222,380621,201409,2434.747214804855,TRUE,TRUE
4380,P052,1988,1989,13,14,13,14,380621,201409,380597,201427,30,TRUE,TRUE
4381,P052,1989,1990,14,15,14,15,380597,201427,381241,201774,731.5360551606462,TRUE,TRUE
4382,P052,1990,1991,15,16,15,16,381241,201774,381157,201365,417.53682472328114,TRUE,TRUE
4383,P052,1991,1992,16,17,16,17,381157,201365,380625,200466,1044.6171547509643,TRUE,TRUE
4384,P053,1983,1984,8,9,8,9,380417,201488,381942,201770,1550.8542807111182,TRUE,TRUE
4385,P053,1984,1985,9,10,9,10,381942,201770,382099,200773,1009.28588615912,TRUE,TRUE
4386,P054,1983,1984,8,9,8,9,380417,201488,381942,201770,1550.8542807111182,TRUE,TRUE
4387,P054,1984,1985,9,10,9,10,381942,201770,382099,200773,1009.28588615912,TRUE,TRUE
4388,P054,1985,1986,10,11,10,11,382099,200773,380449,201388,1760.8875602945238,TRUE,TRUE
4389,P054,1986,1987,11,12,11,12,380449,201388,382916,202222,2604.1591733225523,TRUE,TRUE
4390,P054,1987,1988,12,13,12,13,382916,202222,380621,201409,2434.747214804855,TRUE,TRUE
4391,P054,1988,1989,13,14,13,14,380621,201409,380597,201427,30,TRUE,TRUE
4392,P054,1989,1990,14,15,14,15,380597,201427,381241,201774,731.5360551606462,TRUE,TRUE
4393,P054,1990,1991,15,16,15,16,381241,201774,381157,201365,417.53682472328114,TRUE,TRUE
4394,P054,1991,1992,16,17,16,17,381157,201365,380625,200466,1044.6171547509643,TRUE,TRUE
4395,P054,1992,1993,17,18,17,18,380625,200466,381370,201620,1373.5869102463084,TRUE,TRUE
4396,P059,1983,1984,8,9,8,9,380417,201488,381942,201770,1550.8542807111182,TRUE,TRUE
4397,P059,1984,1985,9,10,9,10,381942,201770,382099,200773,1009.28588615912,TRUE,TRUE
4398,P059,1985,1986,10,11,10,11,382099,200773,380449,201388,1760.8875602945238,TRUE,TRUE
4399,Q001,1999,2000,24,25,24,25,380580,201391,381022,201589,484.3222068003903,TRUE,TRUE
4400,Q001,2000,2001,25,26,25,26,381022,201589,381946,201669,927.4567375355036,TRUE,TRUE
4401,Q007,1999,2000,24,25,24,25,380580,201391,381022,201589,484.3222068003903,TRUE,TRUE
4402,Q007,2000,2001,25,26,25,26,381022,201589,381946,201669,927.4567375355036,TRUE,TRUE
4403,Q007,2001,2002,26,27,26,27,381946,201669,381841,201313,371.16168983342016,TRUE,TRUE
4404,Q007,2002,2003,27,28,27,28,381841,201313,380834,201150,1020.1068571478186,TRUE,TRUE
4405,Q007,2003,2004,28,29,28,29,380834,201150,382049,201493,1262.4872276581652,TRUE,TRUE
4406,Q007,2004,2005,29,30,29,30,382049,201493,382931,200706,1182.0714868399457,TRUE,TRUE
4407,Q007,2005,2006,30,31,30,31,382931,200706,380649,201388,2381.7321427902007,TRUE,TRUE
4408,Q007,2006,2007,31,32,31,32,380649,201388,380279,201409,370.59546678285204,TRUE,TRUE
4409,Q007,2007,2008,32,33,32,33,380279,201409,382399,200920,2175.6656452681327,TRUE,TRUE
4410,Q007,2008,2009,33,34,33,34,382399,200920,383126,200958,727.9924450157433,TRUE,TRUE
4411,Q008,1999,2000,24,25,24,25,380580,201391,381022,201589,484.3222068003903,TRUE,TRUE
4412,Q008,2000,2001,25,26,25,26,381022,201589,381946,201669,927.4567375355036,TRUE,TRUE
4413,Q008,2001,2002,26,27,26,27,381946,201669,381841,201313,371.16168983342016,TRUE,TRUE
4414,Q008,2002,2003,27,28,27,28,381841,201313,380834,201150,1020.1068571478186,TRUE,TRUE
4415,Q008,2003,2004,28,29,28,29,380834,201150,382049,201493,1262.4872276581652,TRUE,TRUE
4416,Q008,2004,2005,29,30,29,30,382049,201493,382931,200706,1182.0714868399457,TRUE,TRUE
4417,Q012,1999,2000,24,25,24,25,380580,201391,381022,201589,484.3222068003903,TRUE,TRUE
4418,Q012,2000,2001,25,26,25,26,381022,201589,381946,201669,927.4567375355036,TRUE,TRUE
4419,Q012,2001,2002,26,27,26,27,381946,201669,381841,201313,371.16168983342016,TRUE,TRUE
4420,Q012,2002,2003,27,28,27,28,381841,201313,380834,201150,1020.1068571478186,TRUE,TRUE
4421,Q015,1999,2000,24,25,24,25,380580,201391,381022,201589,484.3222068003903,TRUE,TRUE
4422,Q015,2000,2001,25,26,25,26,381022,201589,381946,201669,927.4567375355036,TRUE,TRUE
4423,Q015,2001,2002,26,27,26,27,381946,201669,381841,201313,371.16168983342016,TRUE,TRUE
4424,Q015,2002,2003,27,28,27,28,381841,201313,380834,201150,1020.1068571478186,TRUE,TRUE
4425,Q015,2003,2004,28,29,28,29,380834,201150,382049,201493,1262.4872276581652,TRUE,TRUE
4426,Q026,1999,2000,24,25,24,25,380580,201391,381022,201589,484.3222068003903,TRUE,TRUE
4427,Q026,2000,2001,25,26,25,26,381022,201589,381946,201669,927.4567375355036,TRUE,TRUE
4428,Q026,2001,2002,26,27,26,27,381946,201669,381841,201313,371.16168983342016,TRUE,TRUE
4429,Q028,1999,2000,24,25,24,25,380580,201391,381022,201589,484.3222068003903,TRUE,TRUE
4430,Q028,2000,2001,25,26,25,26,381022,201589,381946,201669,927.4567375355036,TRUE,TRUE
4431,Q028,2001,2002,26,27,26,27,381946,201669,381841,201313,371.16168983342016,TRUE,TRUE
4432,Q028,2002,2003,27,28,27,28,381841,201313,380834,201150,1020.1068571478186,TRUE,TRUE
4433,Q028,2003,2004,28,29,28,29,380834,201150,382049,201493,1262.4872276581652,TRUE,TRUE
4434,Q028,2004,2005,29,30,29,30,382049,201493,382931,200706,1182.0714868399457,TRUE,TRUE
4435,Q028,2005,2006,30,31,30,31,382931,200706,380649,201388,2381.7321427902007,TRUE,TRUE
4436,Q028,2006,2007,31,32,31,32,380649,201388,380279,201409,370.59546678285204,TRUE,TRUE
4437,Q028,2007,2008,32,33,32,33,380279,201409,382399,200920,2175.6656452681327,TRUE,TRUE
4438,Q028,2008,2009,33,34,33,34,382399,200920,383126,200958,727.9924450157433,TRUE,TRUE
4439,Q028,2009,2010,34,35,34,35,383126,200958,383135,202599,1641.0246798875392,TRUE,TRUE
4440,Q028,2010,2011,35,36,35,36,383135,202599,381314,201015,2413.523772412445,TRUE,TRUE
4441,Q029,1999,2000,24,25,24,25,380580,201391,381022,201589,484.3222068003903,TRUE,TRUE
4442,Q029,2000,2001,25,26,25,26,381022,201589,381946,201669,927.4567375355036,TRUE,TRUE
4443,Q031,1999,2000,24,25,24,25,380580,201391,381022,201589,484.3222068003903,TRUE,TRUE
4444,Q031,2000,2001,25,26,25,26,381022,201589,381946,201669,927.4567375355036,TRUE,TRUE
4445,Q031,2001,2002,26,27,26,27,381946,201669,381841,201313,371.16168983342016,TRUE,TRUE
4446,Q031,2002,2003,27,28,27,28,381841,201313,380834,201150,1020.1068571478186,TRUE,TRUE
4447,Q031,2003,2004,28,29,28,29,380834,201150,382049,201493,1262.4872276581652,TRUE,TRUE
4448,Q032,1999,2000,24,25,24,25,380580,201391,381022,201589,484.3222068003903,TRUE,TRUE
4449,Q032,2000,2001,25,26,25,26,381022,201589,381946,201669,927.4567375355036,TRUE,TRUE
4450,Q032,2001,2002,26,27,26,27,381946,201669,381841,201313,371.16168983342016,TRUE,TRUE
4451,Q033,1999,2000,24,25,24,25,380580,201391,381022,201589,484.3222068003903,TRUE,TRUE
4452,Q033,2000,2001,25,26,25,26,381022,201589,381946,201669,927.4567375355036,TRUE,TRUE
4453,Q033,2001,2002,26,27,26,27,381946,201669,381841,201313,371.16168983342016,TRUE,TRUE
4454,Q033,2002,2003,27,28,27,28,381841,201313,380834,201150,1020.1068571478186,TRUE,TRUE
4455,Q033,2003,2004,28,29,28,29,380834,201150,382049,201493,1262.4872276581652,TRUE,TRUE
4456,Q033,2004,2005,29,30,29,30,382049,201493,382931,200706,1182.0714868399457,TRUE,TRUE
4457,Q033,2005,2006,30,31,30,31,382931,200706,380649,201388,2381.7321427902007,TRUE,TRUE
4458,Q036,1999,2000,24,25,24,25,380580,201391,381022,201589,484.3222068003903,TRUE,TRUE
4459,Q036,2000,2001,25,26,25,26,381022,201589,381946,201669,927.4567375355036,TRUE,TRUE
4460,Q036,2001,2002,26,27,26,27,381946,201669,381841,201313,371.16168983342016,TRUE,TRUE
4461,Q036,2002,2003,27,28,27,28,381841,201313,380834,201150,1020.1068571478186,TRUE,TRUE
4462,Q036,2003,2004,28,29,28,29,380834,201150,382049,201493,1262.4872276581652,TRUE,TRUE
4463,Q036,2004,2005,29,30,29,30,382049,201493,382931,200706,1182.0714868399457,TRUE,TRUE
4464,Q036,2005,2006,30,31,30,31,382931,200706,380649,201388,2381.7321427902007,TRUE,TRUE
4465,Q036,2006,2007,31,32,31,32,380649,201388,380279,201409,370.59546678285204,TRUE,TRUE
4466,Q039,1999,2000,24,25,24,25,380580,201391,381022,201589,484.3222068003903,TRUE,TRUE
4467,Q039,2000,2001,25,26,25,26,381022,201589,381946,201669,927.4567375355036,TRUE,TRUE
4468,Q039,2001,2002,26,27,26,27,381946,201669,381841,201313,371.16168983342016,TRUE,TRUE
4469,Q046,1999,2000,24,25,24,25,380580,201391,381022,201589,484.3222068003903,TRUE,TRUE
4470,Q046,2000,2001,25,26,25,26,381022,201589,381946,201669,927.4567375355036,TRUE,TRUE
4471,Q048,1999,2000,24,25,24,25,380580,201391,381022,201589,484.3222068003903,TRUE,TRUE
4472,Q048,2000,2001,25,26,25,26,381022,201589,381946,201669,927.4567375355036,TRUE,TRUE
4473,Q049,1999,2000,24,25,24,25,380580,201391,381022,201589,484.3222068003903,TRUE,TRUE
4474,Q049,2000,2001,25,26,25,26,381022,201589,381946,201669,927.4567375355036,TRUE,TRUE
4475,Q052,1999,2000,24,25,24,25,380580,201391,381022,201589,484.3222068003903,TRUE,TRUE
4476,Q052,2000,2001,25,26,25,26,381022,201589,381946,201669,927.4567375355036,TRUE,TRUE
4477,Q059,1999,2000,24,25,24,25,380580,201391,381022,201589,484.3222068003903,TRUE,TRUE
4478,Q059,2000,2001,25,26,25,26,381022,201589,381946,201669,927.4567375355036,TRUE,TRUE
4479,Q060,1999,2000,24,25,24,25,380580,201391,381022,201589,484.3222068003903,TRUE,TRUE
4480,Q060,2000,2001,25,26,25,26,381022,201589,381946,201669,927.4567375355036,TRUE,TRUE
4481,Q060,2001,2002,26,27,26,27,381946,201669,381841,201313,371.16168983342016,TRUE,TRUE
4482,Q060,2002,2003,27,28,27,28,381841,201313,380834,201150,1020.1068571478186,TRUE,TRUE
4483,Q060,2003,2004,28,29,28,29,380834,201150,382049,201493,1262.4872276581652,TRUE,TRUE
4484,Q065,1999,2000,24,25,24,25,380580,201391,381022,201589,484.3222068003903,TRUE,TRUE
4485,Q065,2000,2001,25,26,25,26,381022,201589,381946,201669,927.4567375355036,TRUE,TRUE
4486,Q065,2001,2002,26,27,26,27,381946,201669,381841,201313,371.16168983342016,TRUE,TRUE
4487,Q065,2002,2003,27,28,27,28,381841,201313,380834,201150,1020.1068571478186,TRUE,TRUE
4488,Q065,2003,2004,28,29,28,29,380834,201150,382049,201493,1262.4872276581652,TRUE,TRUE
4489,Q065,2004,2005,29,30,29,30,382049,201493,382931,200706,1182.0714868399457,TRUE,TRUE
4490,Q065,2005,2006,30,31,30,31,382931,200706,380649,201388,2381.7321427902007,TRUE,TRUE
4491,Q065,2006,2007,31,32,31,32,380649,201388,380279,201409,370.59546678285204,TRUE,TRUE
4492,Q066,1999,2000,24,25,24,25,380580,201391,381022,201589,484.3222068003903,TRUE,TRUE
4493,Q066,2000,2001,25,26,25,26,381022,201589,381946,201669,927.4567375355036,TRUE,TRUE
4494,Q066,2001,2002,26,27,26,27,381946,201669,381841,201313,371.16168983342016,TRUE,TRUE
4495,Q066,2002,2003,27,28,27,28,381841,201313,380834,201150,1020.1068571478186,TRUE,TRUE
4496,Q066,2003,2004,28,29,28,29,380834,201150,382049,201493,1262.4872276581652,TRUE,TRUE
4497,Q066,2004,2005,29,30,29,30,382049,201493,382931,200706,1182.0714868399457,TRUE,TRUE
4498,Q066,2005,2006,30,31,30,31,382931,200706,380649,201388,2381.7321427902007,TRUE,TRUE
4499,Q066,2006,2007,31,32,31,32,380649,201388,380279,201409,370.59546678285204,TRUE,TRUE
4500,Q066,2007,2008,32,33,32,33,380279,201409,382399,200920,2175.6656452681327,TRUE,TRUE
4501,Q067,1999,2000,24,25,24,25,380580,201391,381022,201589,484.3222068003903,TRUE,TRUE
4502,Q067,2000,2001,25,26,25,26,381022,201589,381946,201669,927.4567375355036,TRUE,TRUE
4503,Q070,1999,2000,24,25,24,25,380580,201391,381022,201589,484.3222068003903,TRUE,TRUE
4504,Q070,2000,2001,25,26,25,26,381022,201589,381946,201669,927.4567375355036,TRUE,TRUE
4505,Q072,1999,2000,24,25,24,25,380580,201391,381022,201589,484.3222068003903,TRUE,TRUE
4506,Q072,2000,2001,25,26,25,26,381022,201589,381946,201669,927.4567375355036,TRUE,TRUE
4507,Q072,2001,2002,26,27,26,27,381946,201669,381841,201313,371.16168983342016,TRUE,TRUE
4508,Q072,2002,2003,27,28,27,28,381841,201313,380834,201150,1020.1068571478186,TRUE,TRUE
4509,Q072,2003,2004,28,29,28,29,380834,201150,382049,201493,1262.4872276581652,TRUE,TRUE
4510,Q072,2004,2005,29,30,29,30,382049,201493,382931,200706,1182.0714868399457,TRUE,TRUE
4511,Q072,2005,2006,30,31,30,31,382931,200706,380649,201388,2381.7321427902007,TRUE,TRUE
4512,Q074,1999,2000,24,25,24,25,380580,201391,381022,201589,484.3222068003903,TRUE,TRUE
4513,Q074,2000,2001,25,26,25,26,381022,201589,381946,201669,927.4567375355036,TRUE,TRUE
4514,Q074,2001,2002,26,27,26,27,381946,201669,381841,201313,371.16168983342016,TRUE,TRUE
4515,Q074,2002,2003,27,28,27,28,381841,201313,380834,201150,1020.1068571478186,TRUE,TRUE
4516,Q074,2003,2004,28,29,28,29,380834,201150,382049,201493,1262.4872276581652,TRUE,TRUE
4517,Q074,2004,2005,29,30,29,30,382049,201493,382931,200706,1182.0714868399457,TRUE,TRUE
4518,Q074,2005,2006,30,31,30,31,382931,200706,380649,201388,2381.7321427902007,TRUE,TRUE
4519,Q074,2006,2007,31,32,31,32,380649,201388,380279,201409,370.59546678285204,TRUE,TRUE
4520,Q074,2007,2008,32,33,32,33,380279,201409,382399,200920,2175.6656452681327,TRUE,TRUE
4521,Q077,1999,2000,24,25,24,25,380580,201391,381022,201589,484.3222068003903,TRUE,TRUE
4522,Q077,2000,2001,25,26,25,26,381022,201589,381946,201669,927.4567375355036,TRUE,TRUE
4523,Q077,2001,2002,26,27,26,27,381946,201669,381841,201313,371.16168983342016,TRUE,TRUE
4524,Q077,2002,2003,27,28,27,28,381841,201313,380834,201150,1020.1068571478186,TRUE,TRUE
4525,Q077,2003,2004,28,29,28,29,380834,201150,382049,201493,1262.4872276581652,TRUE,TRUE
4526,Q078,1999,2000,24,25,24,25,380580,201391,381022,201589,484.3222068003903,TRUE,TRUE
4527,Q078,2000,2001,25,26,25,26,381022,201589,381946,201669,927.4567375355036,TRUE,TRUE
4528,Q078,2001,2002,26,27,26,27,381946,201669,381841,201313,371.16168983342016,TRUE,TRUE
4529,Q079,1999,2000,24,25,24,25,380580,201391,381022,201589,484.3222068003903,TRUE,TRUE
4530,Q079,2000,2001,25,26,25,26,381022,201589,381946,201669,927.4567375355036,TRUE,TRUE
4531,Q081,1999,2000,24,25,24,25,380580,201391,381022,201589,484.3222068003903,TRUE,TRUE
4532,Q081,2000,2001,25,26,25,26,381022,201589,381946,201669,927.4567375355036,TRUE,TRUE
4533,Q081,2001,2002,26,27,26,27,381946,201669,381841,201313,371.16168983342016,TRUE,TRUE
4534,Q081,2002,2003,27,28,27,28,381841,201313,380834,201150,1020.1068571478186,TRUE,TRUE
4535,Q081,2003,2004,28,29,28,29,380834,201150,382049,201493,1262.4872276581652,TRUE,TRUE
4536,Q081,2004,2005,29,30,29,30,382049,201493,382931,200706,1182.0714868399457,TRUE,TRUE
4537,Q081,2005,2006,30,31,30,31,382931,200706,380649,201388,2381.7321427902007,TRUE,TRUE
4538,Q081,2006,2007,31,32,31,32,380649,201388,380279,201409,370.59546678285204,TRUE,TRUE
4539,Q081,2007,2008,32,33,32,33,380279,201409,382399,200920,2175.6656452681327,TRUE,TRUE
4540,Q081,2008,2009,33,34,33,34,382399,200920,383126,200958,727.9924450157433,TRUE,TRUE
4541,Q081,2009,2010,34,35,34,35,383126,200958,383135,202599,1641.0246798875392,TRUE,TRUE
4542,Q083,1999,2000,24,25,24,25,380580,201391,381022,201589,484.3222068003903,TRUE,TRUE
4543,Q083,2000,2001,25,26,25,26,381022,201589,381946,201669,927.4567375355036,TRUE,TRUE
4544,Q084,1999,2000,24,25,24,25,380580,201391,381022,201589,484.3222068003903,TRUE,TRUE
4545,Q084,2000,2001,25,26,25,26,381022,201589,381946,201669,927.4567375355036,TRUE,TRUE
4546,Q084,2001,2002,26,27,26,27,381946,201669,381841,201313,371.16168983342016,TRUE,TRUE
4547,Q085,1999,2000,24,25,24,25,380580,201391,381022,201589,484.3222068003903,TRUE,TRUE
4548,Q085,2000,2001,25,26,25,26,381022,201589,381946,201669,927.4567375355036,TRUE,TRUE
4549,Q086,1999,2000,24,25,24,25,380580,201391,381022,201589,484.3222068003903,TRUE,TRUE
4550,Q086,2000,2001,25,26,25,26,381022,201589,381946,201669,927.4567375355036,TRUE,TRUE
4551,Q087,1999,2000,24,25,24,25,380580,201391,381022,201589,484.3222068003903,TRUE,TRUE
4552,Q087,2000,2001,25,26,25,26,381022,201589,381946,201669,927.4567375355036,TRUE,TRUE
4553,Q087,2001,2002,26,27,26,27,381946,201669,381841,201313,371.16168983342016,TRUE,TRUE
4554,Q087,2002,2003,27,28,27,28,381841,201313,380834,201150,1020.1068571478186,TRUE,TRUE
4555,Q087,2003,2004,28,29,28,29,380834,201150,382049,201493,1262.4872276581652,TRUE,TRUE
4556,Q087,2004,2005,29,30,29,30,382049,201493,382931,200706,1182.0714868399457,TRUE,TRUE
4557,Q090,1999,2000,24,25,24,25,380580,201391,381022,201589,484.3222068003903,TRUE,TRUE
4558,Q090,2000,2001,25,26,25,26,381022,201589,381946,201669,927.4567375355036,TRUE,TRUE
4559,Q090,2001,2002,26,27,26,27,381946,201669,381841,201313,371.16168983342016,TRUE,TRUE
4560,Q090,2002,2003,27,28,27,28,381841,201313,380834,201150,1020.1068571478186,TRUE,TRUE
4561,Q093,1999,2000,24,25,24,25,380580,201391,381022,201589,484.3222068003903,TRUE,TRUE
4562,Q093,2000,2001,25,26,25,26,381022,201589,381946,201669,927.4567375355036,TRUE,TRUE
4563,Q094,1999,2000,24,25,24,25,380580,201391,381022,201589,484.3222068003903,TRUE,TRUE
4564,Q094,2000,2001,25,26,25,26,381022,201589,381946,201669,927.4567375355036,TRUE,TRUE
4565,Q094,2001,2002,26,27,26,27,381946,201669,381841,201313,371.16168983342016,TRUE,TRUE
4566,Q094,2002,2003,27,28,27,28,381841,201313,380834,201150,1020.1068571478186,TRUE,TRUE
4567,Q094,2003,2004,28,29,28,29,380834,201150,382049,201493,1262.4872276581652,TRUE,TRUE
4568,Q094,2004,2005,29,30,29,30,382049,201493,382931,200706,1182.0714868399457,TRUE,TRUE
4569,Q094,2005,2006,30,31,30,31,382931,200706,380649,201388,2381.7321427902007,TRUE,TRUE
4570,Q094,2006,2007,31,32,31,32,380649,201388,380279,201409,370.59546678285204,TRUE,TRUE
4571,Q094,2007,2008,32,33,32,33,380279,201409,382399,200920,2175.6656452681327,TRUE,TRUE
4572,Q096,1999,2000,24,25,24,25,380580,201391,381022,201589,484.3222068003903,TRUE,TRUE
4573,Q096,2000,2001,25,26,25,26,381022,201589,381946,201669,927.4567375355036,TRUE,TRUE
4574,Q096,2001,2002,26,27,26,27,381946,201669,381841,201313,371.16168983342016,TRUE,TRUE
4575,Q098,1999,2000,24,25,24,25,380580,201391,381022,201589,484.3222068003903,TRUE,TRUE
4576,Q098,2000,2001,25,26,25,26,381022,201589,381946,201669,927.4567375355036,TRUE,TRUE
4577,R010,1978,1979,3,4,3,4,383696,201502,383375,201417,332.06324698767855,TRUE,TRUE
4578,R010,1979,1980,4,5,4,5,383375,201417,383699,201850,540.8003328401343,TRUE,TRUE
4579,R010,1980,1981,5,6,5,6,383699,201850,380563,200499,3414.6298481680265,TRUE,TRUE
4580,R010,1981,1982,6,7,6,7,380563,200499,380931,201164,760.0322361584408,TRUE,TRUE
4581,R013,1978,1979,3,4,3,4,383696,201502,383375,201417,332.06324698767855,TRUE,TRUE
4582,R013,1979,1980,4,5,4,5,383375,201417,383699,201850,540.8003328401343,TRUE,TRUE
4583,R013,1980,1981,5,6,5,6,383699,201850,380563,200499,3414.6298481680265,TRUE,TRUE
4584,R013,1981,1982,6,7,6,7,380563,200499,380931,201164,760.0322361584408,TRUE,TRUE
4585,R013,1982,1983,7,8,7,8,380931,201164,380417,201488,607.595260021011,TRUE,TRUE
4586,R013,1983,1984,8,9,8,9,380417,201488,381942,201770,1550.8542807111182,TRUE,TRUE
4587,R013,1984,1985,9,10,9,10,381942,201770,382099,200773,1009.28588615912,TRUE,TRUE
4588,R013,1985,1986,10,11,10,11,382099,200773,380449,201388,1760.8875602945238,TRUE,TRUE
4589,R013,1986,1987,11,12,11,12,380449,201388,382916,202222,2604.1591733225523,TRUE,TRUE
4590,R013,1987,1988,12,13,12,13,382916,202222,380621,201409,2434.747214804855,TRUE,TRUE
4591,R013,1988,1989,13,14,13,14,380621,201409,380597,201427,30,TRUE,TRUE
4592,R014,1978,1979,3,4,3,4,383696,201502,383375,201417,332.06324698767855,TRUE,TRUE
4593,R014,1979,1980,4,5,4,5,383375,201417,383699,201850,540.8003328401343,TRUE,TRUE
4594,R015,1978,1979,3,4,3,4,383696,201502,383375,201417,332.06324698767855,TRUE,TRUE
4595,R015,1979,1980,4,5,4,5,383375,201417,383699,201850,540.8003328401343,TRUE,TRUE
4596,R016,1978,1979,3,4,3,4,383696,201502,383375,201417,332.06324698767855,TRUE,TRUE
4597,R016,1979,1980,4,5,4,5,383375,201417,383699,201850,540.8003328401343,TRUE,TRUE
4598,R016,1980,1981,5,6,5,6,383699,201850,380563,200499,3414.6298481680265,TRUE,TRUE
4599,R016,1981,1982,6,7,6,7,380563,200499,380931,201164,760.0322361584408,TRUE,TRUE
4600,R016,1982,1983,7,8,7,8,380931,201164,380417,201488,607.595260021011,TRUE,TRUE
4601,R016,1983,1984,8,9,8,9,380417,201488,381942,201770,1550.8542807111182,TRUE,TRUE
4602,R019,1978,1979,3,4,3,4,383696,201502,383375,201417,332.06324698767855,TRUE,TRUE
4603,R019,1979,1980,4,5,4,5,383375,201417,383699,201850,540.8003328401343,TRUE,TRUE
4604,R019,1980,1981,5,6,5,6,383699,201850,380563,200499,3414.6298481680265,TRUE,TRUE
4605,R019,1981,1982,6,7,6,7,380563,200499,380931,201164,760.0322361584408,TRUE,TRUE
4606,R019,1982,1983,7,8,7,8,380931,201164,380417,201488,607.595260021011,TRUE,TRUE
4607,R022,1978,1979,3,4,3,4,383696,201502,383375,201417,332.06324698767855,TRUE,TRUE
4608,R022,1979,1980,4,5,4,5,383375,201417,383699,201850,540.8003328401343,TRUE,TRUE
4609,R022,1980,1981,5,6,5,6,383699,201850,380563,200499,3414.6298481680265,TRUE,TRUE
4610,R022,1981,1982,6,7,6,7,380563,200499,380931,201164,760.0322361584408,TRUE,TRUE
4611,R022,1982,1983,7,8,7,8,380931,201164,380417,201488,607.595260021011,TRUE,TRUE
4612,R022,1983,1984,8,9,8,9,380417,201488,381942,201770,1550.8542807111182,TRUE,TRUE
4613,R025,1978,1979,3,4,3,4,383696,201502,383375,201417,332.06324698767855,TRUE,TRUE
4614,R025,1979,1980,4,5,4,5,383375,201417,383699,201850,540.8003328401343,TRUE,TRUE
4615,R025,1980,1981,5,6,5,6,383699,201850,380563,200499,3414.6298481680265,TRUE,TRUE
4616,R028,1978,1979,3,4,3,4,383696,201502,383375,201417,332.06324698767855,TRUE,TRUE
4617,R028,1979,1980,4,5,4,5,383375,201417,383699,201850,540.8003328401343,TRUE,TRUE
4618,R028,1980,1981,5,6,5,6,383699,201850,380563,200499,3414.6298481680265,TRUE,TRUE
4619,R029,1978,1979,3,4,3,4,383696,201502,383375,201417,332.06324698767855,TRUE,TRUE
4620,R029,1979,1980,4,5,4,5,383375,201417,383699,201850,540.8003328401343,TRUE,TRUE
4621,R029,1980,1981,5,6,5,6,383699,201850,380563,200499,3414.6298481680265,TRUE,TRUE
4622,R032,1978,1979,3,4,3,4,383696,201502,383375,201417,332.06324698767855,TRUE,TRUE
4623,R032,1979,1980,4,5,4,5,383375,201417,383699,201850,540.8003328401343,TRUE,TRUE
4624,R032,1980,1981,5,6,5,6,383699,201850,380563,200499,3414.6298481680265,TRUE,TRUE
4625,R039,1978,1979,3,4,3,4,383696,201502,383375,201417,332.06324698767855,TRUE,TRUE
4626,R039,1979,1980,4,5,4,5,383375,201417,383699,201850,540.8003328401343,TRUE,TRUE
4627,R039,1980,1981,5,6,5,6,383699,201850,380563,200499,3414.6298481680265,TRUE,TRUE
4628,R039,1981,1982,6,7,6,7,380563,200499,380931,201164,760.0322361584408,TRUE,TRUE
4629,R039,1982,1983,7,8,7,8,380931,201164,380417,201488,607.595260021011,TRUE,TRUE
4630,R048,1978,1979,3,4,3,4,383696,201502,383375,201417,332.06324698767855,TRUE,TRUE
4631,R048,1979,1980,4,5,4,5,383375,201417,383699,201850,540.8003328401343,TRUE,TRUE
4632,R048,1980,1981,5,6,5,6,383699,201850,380563,200499,3414.6298481680265,TRUE,TRUE
4633,R048,1981,1982,6,7,6,7,380563,200499,380931,201164,760.0322361584408,TRUE,TRUE
4634,R048,1982,1983,7,8,7,8,380931,201164,380417,201488,607.595260021011,TRUE,TRUE
4635,R048,1983,1984,8,9,8,9,380417,201488,381942,201770,1550.8542807111182,TRUE,TRUE
4636,R048,1984,1985,9,10,9,10,381942,201770,382099,200773,1009.28588615912,TRUE,TRUE
4637,R048,1985,1986,10,11,10,11,382099,200773,380449,201388,1760.8875602945238,TRUE,TRUE
4638,R048,1986,1987,11,12,11,12,380449,201388,382916,202222,2604.1591733225523,TRUE,TRUE
4639,R048,1987,1988,12,13,12,13,382916,202222,380621,201409,2434.747214804855,TRUE,TRUE
4640,R048,1988,1989,13,14,13,14,380621,201409,380597,201427,30,TRUE,TRUE
4641,R048,1989,1990,14,15,14,15,380597,201427,381241,201774,731.5360551606462,TRUE,TRUE
4642,R054,1978,1979,3,4,3,4,383696,201502,383375,201417,332.06324698767855,TRUE,TRUE
4643,R054,1979,1980,4,5,4,5,383375,201417,383699,201850,540.8003328401343,TRUE,TRUE
4644,R063,1978,1979,3,4,3,4,383696,201502,383375,201417,332.06324698767855,TRUE,TRUE
4645,R063,1979,1980,4,5,4,5,383375,201417,383699,201850,540.8003328401343,TRUE,TRUE
4646,R063,1980,1981,5,6,5,6,383699,201850,380563,200499,3414.6298481680265,TRUE,TRUE
4647,R065,1982,1983,7,8,7,8,380931,201164,380417,201488,607.595260021011,TRUE,TRUE
4648,R065,1983,1984,8,9,8,9,380417,201488,381942,201770,1550.8542807111182,TRUE,TRUE
4649,R065,1984,1985,9,10,9,10,381942,201770,382099,200773,1009.28588615912,TRUE,TRUE
4650,R091,1980,1981,5,6,5,6,383699,201850,380563,200499,3414.6298481680265,TRUE,TRUE
4651,R091,1981,1982,6,7,6,7,380563,200499,380931,201164,760.0322361584408,TRUE,TRUE
4652,R091,1982,1983,7,8,7,8,380931,201164,380417,201488,607.595260021011,TRUE,TRUE
4653,R091,1983,1984,8,9,8,9,380417,201488,381942,201770,1550.8542807111182,TRUE,TRUE
4654,R091,1984,1985,9,10,9,10,381942,201770,382099,200773,1009.28588615912,TRUE,TRUE
4655,S006,1996,1997,21,22,21,22,383675,202710,380707,200454,3728.0772524184636,TRUE,TRUE
4656,S006,1997,1998,22,23,22,23,380707,200454,379814,201477,1357.931515209806,TRUE,TRUE
4657,S006,1998,1999,23,24,23,24,379814,201477,380580,201391,770.8125582785999,TRUE,TRUE
4658,S011,1996,1997,21,22,21,22,383675,202710,380707,200454,3728.0772524184636,TRUE,TRUE
4659,S011,1997,1998,22,23,22,23,380707,200454,379814,201477,1357.931515209806,TRUE,TRUE
4660,S011,1998,1999,23,24,23,24,379814,201477,380580,201391,770.8125582785999,TRUE,TRUE
4661,S011,1999,2000,24,25,24,25,380580,201391,381022,201589,484.3222068003903,TRUE,TRUE
4662,S014,1996,1997,21,22,21,22,383675,202710,380707,200454,3728.0772524184636,TRUE,TRUE
4663,S014,1997,1998,22,23,22,23,380707,200454,379814,201477,1357.931515209806,TRUE,TRUE
4664,S014,1998,1999,23,24,23,24,379814,201477,380580,201391,770.8125582785999,TRUE,TRUE
4665,S014,1999,2000,24,25,24,25,380580,201391,381022,201589,484.3222068003903,TRUE,TRUE
4666,S016,1996,1997,21,22,21,22,383675,202710,380707,200454,3728.0772524184636,TRUE,TRUE
4667,S016,1997,1998,22,23,22,23,380707,200454,379814,201477,1357.931515209806,TRUE,TRUE
4668,S016,1998,1999,23,24,23,24,379814,201477,380580,201391,770.8125582785999,TRUE,TRUE
4669,S023,1996,1997,21,22,21,22,383675,202710,380707,200454,3728.0772524184636,TRUE,TRUE
4670,S023,1997,1998,22,23,22,23,380707,200454,379814,201477,1357.931515209806,TRUE,TRUE
4671,S023,1998,1999,23,24,23,24,379814,201477,380580,201391,770.8125582785999,TRUE,TRUE
4672,S024,1996,1997,21,22,21,22,383675,202710,380707,200454,3728.0772524184636,TRUE,TRUE
4673,S024,1997,1998,22,23,22,23,380707,200454,379814,201477,1357.931515209806,TRUE,TRUE
4674,S024,1998,1999,23,24,23,24,379814,201477,380580,201391,770.8125582785999,TRUE,TRUE
4675,S024,1999,2000,24,25,24,25,380580,201391,381022,201589,484.3222068003903,TRUE,TRUE
4676,S024,2000,2001,25,26,25,26,381022,201589,381946,201669,927.4567375355036,TRUE,TRUE
4677,S024,2001,2002,26,27,26,27,381946,201669,381841,201313,371.16168983342016,TRUE,TRUE
4678,S026,1996,1997,21,22,21,22,383675,202710,380707,200454,3728.0772524184636,TRUE,TRUE
4679,S026,1997,1998,22,23,22,23,380707,200454,379814,201477,1357.931515209806,TRUE,TRUE
4680,S026,1998,1999,23,24,23,24,379814,201477,380580,201391,770.8125582785999,TRUE,TRUE
4681,S026,1999,2000,24,25,24,25,380580,201391,381022,201589,484.3222068003903,TRUE,TRUE
4682,S027,1996,1997,21,22,21,22,383675,202710,380707,200454,3728.0772524184636,TRUE,TRUE
4683,S027,1997,1998,22,23,22,23,380707,200454,379814,201477,1357.931515209806,TRUE,TRUE
4684,S027,1998,1999,23,24,23,24,379814,201477,380580,201391,770.8125582785999,TRUE,TRUE
4685,S031,1996,1997,21,22,21,22,383675,202710,380707,200454,3728.0772524184636,TRUE,TRUE
4686,S031,1997,1998,22,23,22,23,380707,200454,379814,201477,1357.931515209806,TRUE,TRUE
4687,S031,1998,1999,23,24,23,24,379814,201477,380580,201391,770.8125582785999,TRUE,TRUE
4688,S037,1996,1997,21,22,21,22,383675,202710,380707,200454,3728.0772524184636,TRUE,TRUE
4689,S037,1997,1998,22,23,22,23,380707,200454,379814,201477,1357.931515209806,TRUE,TRUE
4690,S037,1998,1999,23,24,23,24,379814,201477,380580,201391,770.8125582785999,TRUE,TRUE
4691,S037,1999,2000,24,25,24,25,380580,201391,381022,201589,484.3222068003903,TRUE,TRUE
4692,S037,2000,2001,25,26,25,26,381022,201589,381946,201669,927.4567375355036,TRUE,TRUE
4693,S038,1996,1997,21,22,21,22,383675,202710,380707,200454,3728.0772524184636,TRUE,TRUE
4694,S038,1997,1998,22,23,22,23,380707,200454,379814,201477,1357.931515209806,TRUE,TRUE
4695,S038,1998,1999,23,24,23,24,379814,201477,380580,201391,770.8125582785999,TRUE,TRUE
4696,S042,1996,1997,21,22,21,22,383675,202710,380707,200454,3728.0772524184636,TRUE,TRUE
4697,S042,1997,1998,22,23,22,23,380707,200454,379814,201477,1357.931515209806,TRUE,TRUE
4698,S042,1998,1999,23,24,23,24,379814,201477,380580,201391,770.8125582785999,TRUE,TRUE
4699,S042,1999,2000,24,25,24,25,380580,201391,381022,201589,484.3222068003903,TRUE,TRUE
4700,S042,2000,2001,25,26,25,26,381022,201589,381946,201669,927.4567375355036,TRUE,TRUE
4701,S042,2001,2002,26,27,26,27,381946,201669,381841,201313,371.16168983342016,TRUE,TRUE
4702,S042,2002,2003,27,28,27,28,381841,201313,380834,201150,1020.1068571478186,TRUE,TRUE
4703,S043,1996,1997,21,22,21,22,383675,202710,380707,200454,3728.0772524184636,TRUE,TRUE
4704,S043,1997,1998,22,23,22,23,380707,200454,379814,201477,1357.931515209806,TRUE,TRUE
4705,S043,1998,1999,23,24,23,24,379814,201477,380580,201391,770.8125582785999,TRUE,TRUE
4706,S043,1999,2000,24,25,24,25,380580,201391,381022,201589,484.3222068003903,TRUE,TRUE
4707,S044,1996,1997,21,22,21,22,383675,202710,380707,200454,3728.0772524184636,TRUE,TRUE
4708,S044,1997,1998,22,23,22,23,380707,200454,379814,201477,1357.931515209806,TRUE,TRUE
4709,S044,1998,1999,23,24,23,24,379814,201477,380580,201391,770.8125582785999,TRUE,TRUE
4710,S044,1999,2000,24,25,24,25,380580,201391,381022,201589,484.3222068003903,TRUE,TRUE
4711,S044,2000,2001,25,26,25,26,381022,201589,381946,201669,927.4567375355036,TRUE,TRUE
4712,S044,2001,2002,26,27,26,27,381946,201669,381841,201313,371.16168983342016,TRUE,TRUE
4713,S044,2002,2003,27,28,27,28,381841,201313,380834,201150,1020.1068571478186,TRUE,TRUE
4714,S044,2003,2004,28,29,28,29,380834,201150,382049,201493,1262.4872276581652,TRUE,TRUE
4715,S044,2004,2005,29,30,29,30,382049,201493,382931,200706,1182.0714868399457,TRUE,TRUE
4716,T001,1992,1993,17,18,17,18,380625,200466,381370,201620,1373.5869102463084,TRUE,TRUE
4717,T001,1993,1994,18,19,18,19,381370,201620,379874,201435,1507.3954358428978,TRUE,TRUE
4718,T008,1992,1993,17,18,17,18,380625,200466,381370,201620,1373.5869102463084,TRUE,TRUE
4719,T008,1993,1994,18,19,18,19,381370,201620,379874,201435,1507.3954358428978,TRUE,TRUE
4720,T013,1992,1993,17,18,17,18,380625,200466,381370,201620,1373.5869102463084,TRUE,TRUE
4721,T013,1993,1994,18,19,18,19,381370,201620,379874,201435,1507.3954358428978,TRUE,TRUE
4722,T016,1992,1993,17,18,17,18,380625,200466,381370,201620,1373.5869102463084,TRUE,TRUE
4723,T016,1993,1994,18,19,18,19,381370,201620,379874,201435,1507.3954358428978,TRUE,TRUE
4724,T016,1994,1995,19,20,19,20,379874,201435,381230,201693,1380.3260484392808,TRUE,TRUE
4725,T016,1995,1996,20,21,20,21,381230,201693,383675,202710,2648.077415786782,TRUE,TRUE
4726,T017,1992,1993,17,18,17,18,380625,200466,381370,201620,1373.5869102463084,TRUE,TRUE
4727,T017,1993,1994,18,19,18,19,381370,201620,379874,201435,1507.3954358428978,TRUE,TRUE
4728,T017,1994,1995,19,20,19,20,379874,201435,381230,201693,1380.3260484392808,TRUE,TRUE
4729,T017,1995,1996,20,21,20,21,381230,201693,383675,202710,2648.077415786782,TRUE,TRUE
4730,T017,1996,1997,21,22,21,22,383675,202710,380707,200454,3728.0772524184636,TRUE,TRUE
4731,T022,1992,1993,17,18,17,18,380625,200466,381370,201620,1373.5869102463084,TRUE,TRUE
4732,T022,1993,1994,18,19,18,19,381370,201620,379874,201435,1507.3954358428978,TRUE,TRUE
4733,T022,1994,1995,19,20,19,20,379874,201435,381230,201693,1380.3260484392808,TRUE,TRUE
4734,T024,1992,1993,17,18,17,18,380625,200466,381370,201620,1373.5869102463084,TRUE,TRUE
4735,T024,1993,1994,18,19,18,19,381370,201620,379874,201435,1507.3954358428978,TRUE,TRUE
4736,T024,1994,1995,19,20,19,20,379874,201435,381230,201693,1380.3260484392808,TRUE,TRUE
4737,T025,1992,1993,17,18,17,18,380625,200466,381370,201620,1373.5869102463084,TRUE,TRUE
4738,T025,1993,1994,18,19,18,19,381370,201620,379874,201435,1507.3954358428978,TRUE,TRUE
4739,T025,1994,1995,19,20,19,20,379874,201435,381230,201693,1380.3260484392808,TRUE,TRUE
4740,T025,1995,1996,20,21,20,21,381230,201693,383675,202710,2648.077415786782,TRUE,TRUE
4741,T025,1996,1997,21,22,21,22,383675,202710,380707,200454,3728.0772524184636,TRUE,TRUE
4742,T025,1997,1998,22,23,22,23,380707,200454,379814,201477,1357.931515209806,TRUE,TRUE
4743,T025,1998,1999,23,24,23,24,379814,201477,380580,201391,770.8125582785999,TRUE,TRUE
4744,T030,1992,1993,17,18,17,18,380625,200466,381370,201620,1373.5869102463084,TRUE,TRUE
4745,T030,1993,1994,18,19,18,19,381370,201620,379874,201435,1507.3954358428978,TRUE,TRUE
4746,T030,1994,1995,19,20,19,20,379874,201435,381230,201693,1380.3260484392808,TRUE,TRUE
4747,T031,1992,1993,17,18,17,18,380625,200466,381370,201620,1373.5869102463084,TRUE,TRUE
4748,T031,1993,1994,18,19,18,19,381370,201620,379874,201435,1507.3954358428978,TRUE,TRUE
4749,T032,1992,1993,17,18,17,18,380625,200466,381370,201620,1373.5869102463084,TRUE,TRUE
4750,T032,1993,1994,18,19,18,19,381370,201620,379874,201435,1507.3954358428978,TRUE,TRUE
4751,T032,1994,1995,19,20,19,20,379874,201435,381230,201693,1380.3260484392808,TRUE,TRUE
4752,T032,1995,1996,20,21,20,21,381230,201693,383675,202710,2648.077415786782,TRUE,TRUE
4753,T032,1996,1997,21,22,21,22,383675,202710,380707,200454,3728.0772524184636,TRUE,TRUE
4754,T032,1997,1998,22,23,22,23,380707,200454,379814,201477,1357.931515209806,TRUE,TRUE
4755,T032,1998,1999,23,24,23,24,379814,201477,380580,201391,770.8125582785999,TRUE,TRUE
4756,T032,1999,2000,24,25,24,25,380580,201391,381022,201589,484.3222068003903,TRUE,TRUE
4757,T033,1992,1993,17,18,17,18,380625,200466,381370,201620,1373.5869102463084,TRUE,TRUE
4758,T033,1993,1994,18,19,18,19,381370,201620,379874,201435,1507.3954358428978,TRUE,TRUE
4759,T033,1994,1995,19,20,19,20,379874,201435,381230,201693,1380.3260484392808,TRUE,TRUE
4760,T033,1995,1996,20,21,20,21,381230,201693,383675,202710,2648.077415786782,TRUE,TRUE
4761,T033,1996,1997,21,22,21,22,383675,202710,380707,200454,3728.0772524184636,TRUE,TRUE
4762,T033,1997,1998,22,23,22,23,380707,200454,379814,201477,1357.931515209806,TRUE,TRUE
4763,T033,1998,1999,23,24,23,24,379814,201477,380580,201391,770.8125582785999,TRUE,TRUE
4764,T047,1992,1993,17,18,17,18,380625,200466,381370,201620,1373.5869102463084,TRUE,TRUE
4765,T047,1993,1994,18,19,18,19,381370,201620,379874,201435,1507.3954358428978,TRUE,TRUE
4766,T047,1994,1995,19,20,19,20,379874,201435,381230,201693,1380.3260484392808,TRUE,TRUE
4767,T047,1995,1996,20,21,20,21,381230,201693,383675,202710,2648.077415786782,TRUE,TRUE
4768,T047,1996,1997,21,22,21,22,383675,202710,380707,200454,3728.0772524184636,TRUE,TRUE
4769,T047,1997,1998,22,23,22,23,380707,200454,379814,201477,1357.931515209806,TRUE,TRUE
4770,T047,1998,1999,23,24,23,24,379814,201477,380580,201391,770.8125582785999,TRUE,TRUE
4771,T047,1999,2000,24,25,24,25,380580,201391,381022,201589,484.3222068003903,TRUE,TRUE
4772,T047,2000,2001,25,26,25,26,381022,201589,381946,201669,927.4567375355036,TRUE,TRUE
4773,T047,2001,2002,26,27,26,27,381946,201669,381841,201313,371.16168983342016,TRUE,TRUE
4774,T047,2002,2003,27,28,27,28,381841,201313,380834,201150,1020.1068571478186,TRUE,TRUE
4775,T048,1992,1993,17,18,17,18,380625,200466,381370,201620,1373.5869102463084,TRUE,TRUE
4776,T048,1993,1994,18,19,18,19,381370,201620,379874,201435,1507.3954358428978,TRUE,TRUE
4777,T048,1994,1995,19,20,19,20,379874,201435,381230,201693,1380.3260484392808,TRUE,TRUE
4778,T048,1995,1996,20,21,20,21,381230,201693,383675,202710,2648.077415786782,TRUE,TRUE
4779,T048,1996,1997,21,22,21,22,383675,202710,380707,200454,3728.0772524184636,TRUE,TRUE
4780,T048,1997,1998,22,23,22,23,380707,200454,379814,201477,1357.931515209806,TRUE,TRUE
4781,T050,1992,1993,17,18,17,18,380625,200466,381370,201620,1373.5869102463084,TRUE,TRUE
4782,T050,1993,1994,18,19,18,19,381370,201620,379874,201435,1507.3954358428978,TRUE,TRUE
4783,T050,1994,1995,19,20,19,20,379874,201435,381230,201693,1380.3260484392808,TRUE,TRUE
4784,T050,1995,1996,20,21,20,21,381230,201693,383675,202710,2648.077415786782,TRUE,TRUE
4785,T050,1996,1997,21,22,21,22,383675,202710,380707,200454,3728.0772524184636,TRUE,TRUE
4786,T050,1997,1998,22,23,22,23,380707,200454,379814,201477,1357.931515209806,TRUE,TRUE
4787,T050,1998,1999,23,24,23,24,379814,201477,380580,201391,770.8125582785999,TRUE,TRUE
4788,T050,1999,2000,24,25,24,25,380580,201391,381022,201589,484.3222068003903,TRUE,TRUE
4789,T050,2000,2001,25,26,25,26,381022,201589,381946,201669,927.4567375355036,TRUE,TRUE
4790,T051,1992,1993,17,18,17,18,380625,200466,381370,201620,1373.5869102463084,TRUE,TRUE
4791,T051,1993,1994,18,19,18,19,381370,201620,379874,201435,1507.3954358428978,TRUE,TRUE
4792,T051,1994,1995,19,20,19,20,379874,201435,381230,201693,1380.3260484392808,TRUE,TRUE
4793,T051,1995,1996,20,21,20,21,381230,201693,383675,202710,2648.077415786782,TRUE,TRUE
4794,T055,1992,1993,17,18,17,18,380625,200466,381370,201620,1373.5869102463084,TRUE,TRUE
4795,T055,1993,1994,18,19,18,19,381370,201620,379874,201435,1507.3954358428978,TRUE,TRUE
4796,T060,1992,1993,17,18,17,18,380625,200466,381370,201620,1373.5869102463084,TRUE,TRUE
4797,T060,1993,1994,18,19,18,19,381370,201620,379874,201435,1507.3954358428978,TRUE,TRUE
4798,T062,1992,1993,17,18,17,18,380625,200466,381370,201620,1373.5869102463084,TRUE,TRUE
4799,T062,1993,1994,18,19,18,19,381370,201620,379874,201435,1507.3954358428978,TRUE,TRUE
4800,T064,1992,1993,17,18,17,18,380625,200466,381370,201620,1373.5869102463084,TRUE,TRUE
4801,T064,1993,1994,18,19,18,19,381370,201620,379874,201435,1507.3954358428978,TRUE,TRUE
4802,T065,1992,1993,17,18,17,18,380625,200466,381370,201620,1373.5869102463084,TRUE,TRUE
4803,T065,1993,1994,18,19,18,19,381370,201620,379874,201435,1507.3954358428978,TRUE,TRUE
4804,T066,1992,1993,17,18,17,18,380625,200466,381370,201620,1373.5869102463084,TRUE,TRUE
4805,T066,1993,1994,18,19,18,19,381370,201620,379874,201435,1507.3954358428978,TRUE,TRUE
4806,T066,1994,1995,19,20,19,20,379874,201435,381230,201693,1380.3260484392808,TRUE,TRUE
4807,T068,1992,1993,17,18,17,18,380625,200466,381370,201620,1373.5869102463084,TRUE,TRUE
4808,T068,1993,1994,18,19,18,19,381370,201620,379874,201435,1507.3954358428978,TRUE,TRUE
4809,T071,1992,1993,17,18,17,18,380625,200466,381370,201620,1373.5869102463084,TRUE,TRUE
4810,T071,1993,1994,18,19,18,19,381370,201620,379874,201435,1507.3954358428978,TRUE,TRUE
4811,T071,1994,1995,19,20,19,20,379874,201435,381230,201693,1380.3260484392808,TRUE,TRUE
4812,T072,1992,1993,17,18,17,18,380625,200466,381370,201620,1373.5869102463084,TRUE,TRUE
4813,T072,1993,1994,18,19,18,19,381370,201620,379874,201435,1507.3954358428978,TRUE,TRUE
4814,T072,1994,1995,19,20,19,20,379874,201435,381230,201693,1380.3260484392808,TRUE,TRUE
4815,T072,1995,1996,20,21,20,21,381230,201693,383675,202710,2648.077415786782,TRUE,TRUE
4816,T073,1993,1994,18,19,18,19,381370,201620,379874,201435,1507.3954358428978,TRUE,TRUE
4817,T073,1994,1995,19,20,19,20,379874,201435,381230,201693,1380.3260484392808,TRUE,TRUE
4818,T073,1995,1996,20,21,20,21,381230,201693,383675,202710,2648.077415786782,TRUE,TRUE
4819,T073,1996,1997,21,22,21,22,383675,202710,380707,200454,3728.0772524184636,TRUE,TRUE
4820,T073,1997,1998,22,23,22,23,380707,200454,379814,201477,1357.931515209806,TRUE,TRUE
4821,T073,1998,1999,23,24,23,24,379814,201477,380580,201391,770.8125582785999,TRUE,TRUE
4822,T075,1992,1993,17,18,17,18,380625,200466,381370,201620,1373.5869102463084,TRUE,TRUE
4823,T075,1993,1994,18,19,18,19,381370,201620,379874,201435,1507.3954358428978,TRUE,TRUE
4824,T076,1992,1993,17,18,17,18,380625,200466,381370,201620,1373.5869102463084,TRUE,TRUE
4825,T076,1993,1994,18,19,18,19,381370,201620,379874,201435,1507.3954358428978,TRUE,TRUE
4826,T077,1992,1993,17,18,17,18,380625,200466,381370,201620,1373.5869102463084,TRUE,TRUE
4827,T077,1993,1994,18,19,18,19,381370,201620,379874,201435,1507.3954358428978,TRUE,TRUE
4828,T077,1994,1995,19,20,19,20,379874,201435,381230,201693,1380.3260484392808,TRUE,TRUE
4829,T077,1995,1996,20,21,20,21,381230,201693,383675,202710,2648.077415786782,TRUE,TRUE
4830,T079,1992,1993,17,18,17,18,380625,200466,381370,201620,1373.5869102463084,TRUE,TRUE
4831,T079,1993,1994,18,19,18,19,381370,201620,379874,201435,1507.3954358428978,TRUE,TRUE
4832,T079,1994,1995,19,20,19,20,379874,201435,381230,201693,1380.3260484392808,TRUE,TRUE
4833,T079,1995,1996,20,21,20,21,381230,201693,383675,202710,2648.077415786782,TRUE,TRUE
4834,T079,1996,1997,21,22,21,22,383675,202710,380707,200454,3728.0772524184636,TRUE,TRUE
4835,T079,1997,1998,22,23,22,23,380707,200454,379814,201477,1357.931515209806,TRUE,TRUE
4836,T079,1998,1999,23,24,23,24,379814,201477,380580,201391,770.8125582785999,TRUE,TRUE
4837,T080,1992,1993,17,18,17,18,380625,200466,381370,201620,1373.5869102463084,TRUE,TRUE
4838,T080,1993,1994,18,19,18,19,381370,201620,379874,201435,1507.3954358428978,TRUE,TRUE
4839,T080,1994,1995,19,20,19,20,379874,201435,381230,201693,1380.3260484392808,TRUE,TRUE
4840,T081,1992,1993,17,18,17,18,380625,200466,381370,201620,1373.5869102463084,TRUE,TRUE
4841,T081,1993,1994,18,19,18,19,381370,201620,379874,201435,1507.3954358428978,TRUE,TRUE
4842,T081,1994,1995,19,20,19,20,379874,201435,381230,201693,1380.3260484392808,TRUE,TRUE
4843,T081,1995,1996,20,21,20,21,381230,201693,383675,202710,2648.077415786782,TRUE,TRUE
4844,T082,1992,1993,17,18,17,18,380625,200466,381370,201620,1373.5869102463084,TRUE,TRUE
4845,T082,1993,1994,18,19,18,19,381370,201620,379874,201435,1507.3954358428978,TRUE,TRUE
4846,T082,1994,1995,19,20,19,20,379874,201435,381230,201693,1380.3260484392808,TRUE,TRUE
4847,T082,1995,1996,20,21,20,21,381230,201693,383675,202710,2648.077415786782,TRUE,TRUE
4848,T083,1992,1993,17,18,17,18,380625,200466,381370,201620,1373.5869102463084,TRUE,TRUE
4849,T083,1993,1994,18,19,18,19,381370,201620,379874,201435,1507.3954358428978,TRUE,TRUE
4850,T083,1994,1995,19,20,19,20,379874,201435,381230,201693,1380.3260484392808,TRUE,TRUE
4851,T084,1992,1993,17,18,17,18,380625,200466,381370,201620,1373.5869102463084,TRUE,TRUE
4852,T084,1993,1994,18,19,18,19,381370,201620,379874,201435,1507.3954358428978,TRUE,TRUE
4853,T084,1994,1995,19,20,19,20,379874,201435,381230,201693,1380.3260484392808,TRUE,TRUE
4854,T085,1992,1993,17,18,17,18,380625,200466,381370,201620,1373.5869102463084,TRUE,TRUE
4855,T085,1993,1994,18,19,18,19,381370,201620,379874,201435,1507.3954358428978,TRUE,TRUE
4856,T085,1994,1995,19,20,19,20,379874,201435,381230,201693,1380.3260484392808,TRUE,TRUE
4857,T086,1992,1993,17,18,17,18,380625,200466,381370,201620,1373.5869102463084,TRUE,TRUE
4858,T086,1993,1994,18,19,18,19,381370,201620,379874,201435,1507.3954358428978,TRUE,TRUE
4859,T086,1994,1995,19,20,19,20,379874,201435,381230,201693,1380.3260484392808,TRUE,TRUE
4860,T086,1995,1996,20,21,20,21,381230,201693,383675,202710,2648.077415786782,TRUE,TRUE
4861,T086,1996,1997,21,22,21,22,383675,202710,380707,200454,3728.0772524184636,TRUE,TRUE
4862,T086,1997,1998,22,23,22,23,380707,200454,379814,201477,1357.931515209806,TRUE,TRUE
4863,T087,1992,1993,17,18,17,18,380625,200466,381370,201620,1373.5869102463084,TRUE,TRUE
4864,T087,1993,1994,18,19,18,19,381370,201620,379874,201435,1507.3954358428978,TRUE,TRUE
4865,T087,1994,1995,19,20,19,20,379874,201435,381230,201693,1380.3260484392808,TRUE,TRUE
4866,T087,1995,1996,20,21,20,21,381230,201693,383675,202710,2648.077415786782,TRUE,TRUE
4867,T087,1996,1997,21,22,21,22,383675,202710,380707,200454,3728.0772524184636,TRUE,TRUE
4868,T087,1997,1998,22,23,22,23,380707,200454,379814,201477,1357.931515209806,TRUE,TRUE
4869,T089,1992,1993,17,18,17,18,380625,200466,381370,201620,1373.5869102463084,TRUE,TRUE
4870,T089,1993,1994,18,19,18,19,381370,201620,379874,201435,1507.3954358428978,TRUE,TRUE
4871,T089,1994,1995,19,20,19,20,379874,201435,381230,201693,1380.3260484392808,TRUE,TRUE
4872,T089,1995,1996,20,21,20,21,381230,201693,383675,202710,2648.077415786782,TRUE,TRUE
4873,T093,1992,1993,17,18,17,18,380625,200466,381370,201620,1373.5869102463084,TRUE,TRUE
4874,T093,1993,1994,18,19,18,19,381370,201620,379874,201435,1507.3954358428978,TRUE,TRUE
4875,T096,1992,1993,17,18,17,18,380625,200466,381370,201620,1373.5869102463084,TRUE,TRUE
4876,T096,1993,1994,18,19,18,19,381370,201620,379874,201435,1507.3954358428978,TRUE,TRUE
4877,T097,1992,1993,17,18,17,18,380625,200466,381370,201620,1373.5869102463084,TRUE,TRUE
4878,T097,1993,1994,18,19,18,19,381370,201620,379874,201435,1507.3954358428978,TRUE,TRUE
4879,T097,1994,1995,19,20,19,20,379874,201435,381230,201693,1380.3260484392808,TRUE,TRUE
4880,T098,1992,1993,17,18,17,18,380625,200466,381370,201620,1373.5869102463084,TRUE,TRUE
4881,T098,1993,1994,18,19,18,19,381370,201620,379874,201435,1507.3954358428978,TRUE,TRUE
4882,T101,1992,1993,17,18,17,18,380625,200466,381370,201620,1373.5869102463084,TRUE,TRUE
4883,T101,1993,1994,18,19,18,19,381370,201620,379874,201435,1507.3954358428978,TRUE,TRUE
4884,T101,1994,1995,19,20,19,20,379874,201435,381230,201693,1380.3260484392808,TRUE,TRUE
4885,T101,1995,1996,20,21,20,21,381230,201693,383675,202710,2648.077415786782,TRUE,TRUE
4886,T102,1992,1993,17,18,17,18,380625,200466,381370,201620,1373.5869102463084,TRUE,TRUE
4887,T102,1993,1994,18,19,18,19,381370,201620,379874,201435,1507.3954358428978,TRUE,TRUE
4888,T102,1994,1995,19,20,19,20,379874,201435,381230,201693,1380.3260484392808,TRUE,TRUE
4889,T102,1995,1996,20,21,20,21,381230,201693,383675,202710,2648.077415786782,TRUE,TRUE
4890,T102,1996,1997,21,22,21,22,383675,202710,380707,200454,3728.0772524184636,TRUE,TRUE
4891,T102,1997,1998,22,23,22,23,380707,200454,379814,201477,1357.931515209806,TRUE,TRUE
4892,T102,1998,1999,23,24,23,24,379814,201477,380580,201391,770.8125582785999,TRUE,TRUE
4893,T102,1999,2000,24,25,24,25,380580,201391,381022,201589,484.3222068003903,TRUE,TRUE
4894,T106,1992,1993,17,18,17,18,380625,200466,381370,201620,1373.5869102463084,TRUE,TRUE
4895,T106,1993,1994,18,19,18,19,381370,201620,379874,201435,1507.3954358428978,TRUE,TRUE
4896,T106,1994,1995,19,20,19,20,379874,201435,381230,201693,1380.3260484392808,TRUE,TRUE
4897,T106,1995,1996,20,21,20,21,381230,201693,383675,202710,2648.077415786782,TRUE,TRUE
4898,T106,1996,1997,21,22,21,22,383675,202710,380707,200454,3728.0772524184636,TRUE,TRUE
4899,T106,1997,1998,22,23,22,23,380707,200454,379814,201477,1357.931515209806,TRUE,TRUE
4900,T108,1992,1993,17,18,17,18,380625,200466,381370,201620,1373.5869102463084,TRUE,TRUE
4901,T108,1993,1994,18,19,18,19,381370,201620,379874,201435,1507.3954358428978,TRUE,TRUE
4902,T108,1994,1995,19,20,19,20,379874,201435,381230,201693,1380.3260484392808,TRUE,TRUE
4903,T108,1995,1996,20,21,20,21,381230,201693,383675,202710,2648.077415786782,TRUE,TRUE
4904,T108,1996,1997,21,22,21,22,383675,202710,380707,200454,3728.0772524184636,TRUE,TRUE
4905,T108,1997,1998,22,23,22,23,380707,200454,379814,201477,1357.931515209806,TRUE,TRUE
4906,U003,2001,2002,26,27,26,27,381946,201669,381841,201313,371.16168983342016,TRUE,TRUE
4907,U003,2002,2003,27,28,27,28,381841,201313,380834,201150,1020.1068571478186,TRUE,TRUE
4908,U005,2001,2002,26,27,26,27,381946,201669,381841,201313,371.16168983342016,TRUE,TRUE
4909,U005,2002,2003,27,28,27,28,381841,201313,380834,201150,1020.1068571478186,TRUE,TRUE
4910,U008,2001,2002,26,27,26,27,381946,201669,381841,201313,371.16168983342016,TRUE,TRUE
4911,U008,2002,2003,27,28,27,28,381841,201313,380834,201150,1020.1068571478186,TRUE,TRUE
4912,U008,2003,2004,28,29,28,29,380834,201150,382049,201493,1262.4872276581652,TRUE,TRUE
4913,U008,2004,2005,29,30,29,30,382049,201493,382931,200706,1182.0714868399457,TRUE,TRUE
4914,U008,2005,2006,30,31,30,31,382931,200706,380649,201388,2381.7321427902007,TRUE,TRUE
4915,U008,2006,2007,31,32,31,32,380649,201388,380279,201409,370.59546678285204,TRUE,TRUE
4916,U008,2007,2008,32,33,32,33,380279,201409,382399,200920,2175.6656452681327,TRUE,TRUE
4917,U008,2008,2009,33,34,33,34,382399,200920,383126,200958,727.9924450157433,TRUE,TRUE
4918,U009,2001,2002,26,27,26,27,381946,201669,381841,201313,371.16168983342016,TRUE,TRUE
4919,U009,2002,2003,27,28,27,28,381841,201313,380834,201150,1020.1068571478186,TRUE,TRUE
4920,U009,2003,2004,28,29,28,29,380834,201150,382049,201493,1262.4872276581652,TRUE,TRUE
4921,U012,2001,2002,26,27,26,27,381946,201669,381841,201313,371.16168983342016,TRUE,TRUE
4922,U012,2002,2003,27,28,27,28,381841,201313,380834,201150,1020.1068571478186,TRUE,TRUE
4923,U012,2003,2004,28,29,28,29,380834,201150,382049,201493,1262.4872276581652,TRUE,TRUE
4924,U012,2004,2005,29,30,29,30,382049,201493,382931,200706,1182.0714868399457,TRUE,TRUE
4925,U012,2005,2006,30,31,30,31,382931,200706,380649,201388,2381.7321427902007,TRUE,TRUE
4926,U012,2006,2007,31,32,31,32,380649,201388,380279,201409,370.59546678285204,TRUE,TRUE
4927,U012,2007,2008,32,33,32,33,380279,201409,382399,200920,2175.6656452681327,TRUE,TRUE
4928,U020,2001,2002,26,27,26,27,381946,201669,381841,201313,371.16168983342016,TRUE,TRUE
4929,U020,2002,2003,27,28,27,28,381841,201313,380834,201150,1020.1068571478186,TRUE,TRUE
4930,U031,2001,2002,26,27,26,27,381946,201669,381841,201313,371.16168983342016,TRUE,TRUE
4931,U031,2002,2003,27,28,27,28,381841,201313,380834,201150,1020.1068571478186,TRUE,TRUE
4932,U031,2003,2004,28,29,28,29,380834,201150,382049,201493,1262.4872276581652,TRUE,TRUE
4933,U031,2004,2005,29,30,29,30,382049,201493,382931,200706,1182.0714868399457,TRUE,TRUE
4934,U032,2001,2002,26,27,26,27,381946,201669,381841,201313,371.16168983342016,TRUE,TRUE
4935,U032,2002,2003,27,28,27,28,381841,201313,380834,201150,1020.1068571478186,TRUE,TRUE
4936,U032,2003,2004,28,29,28,29,380834,201150,382049,201493,1262.4872276581652,TRUE,TRUE
4937,U034,2001,2002,26,27,26,27,381946,201669,381841,201313,371.16168983342016,TRUE,TRUE
4938,U034,2002,2003,27,28,27,28,381841,201313,380834,201150,1020.1068571478186,TRUE,TRUE
4939,U035,2001,2002,26,27,26,27,381946,201669,381841,201313,371.16168983342016,TRUE,TRUE
4940,U035,2002,2003,27,28,27,28,381841,201313,380834,201150,1020.1068571478186,TRUE,TRUE
4941,U035,2003,2004,28,29,28,29,380834,201150,382049,201493,1262.4872276581652,TRUE,TRUE
4942,U035,2004,2005,29,30,29,30,382049,201493,382931,200706,1182.0714868399457,TRUE,TRUE
4943,U041,2001,2002,26,27,26,27,381946,201669,381841,201313,371.16168983342016,TRUE,TRUE
4944,U041,2002,2003,27,28,27,28,381841,201313,380834,201150,1020.1068571478186,TRUE,TRUE
4945,U041,2003,2004,28,29,28,29,380834,201150,382049,201493,1262.4872276581652,TRUE,TRUE
4946,U041,2004,2005,29,30,29,30,382049,201493,382931,200706,1182.0714868399457,TRUE,TRUE
4947,U043,2001,2002,26,27,26,27,381946,201669,381841,201313,371.16168983342016,TRUE,TRUE
4948,U043,2002,2003,27,28,27,28,381841,201313,380834,201150,1020.1068571478186,TRUE,TRUE
4949,U044,2001,2002,26,27,26,27,381946,201669,381841,201313,371.16168983342016,TRUE,TRUE
4950,U044,2002,2003,27,28,27,28,381841,201313,380834,201150,1020.1068571478186,TRUE,TRUE
4951,U044,2003,2004,28,29,28,29,380834,201150,382049,201493,1262.4872276581652,TRUE,TRUE
4952,U046,2001,2002,26,27,26,27,381946,201669,381841,201313,371.16168983342016,TRUE,TRUE
4953,U046,2002,2003,27,28,27,28,381841,201313,380834,201150,1020.1068571478186,TRUE,TRUE
4954,U046,2003,2004,28,29,28,29,380834,201150,382049,201493,1262.4872276581652,TRUE,TRUE
4955,U047,2001,2002,26,27,26,27,381946,201669,381841,201313,371.16168983342016,TRUE,TRUE
4956,U047,2002,2003,27,28,27,28,381841,201313,380834,201150,1020.1068571478186,TRUE,TRUE
4957,U048,2001,2002,26,27,26,27,381946,201669,381841,201313,371.16168983342016,TRUE,TRUE
4958,U048,2002,2003,27,28,27,28,381841,201313,380834,201150,1020.1068571478186,TRUE,TRUE
4959,U049,2001,2002,26,27,26,27,381946,201669,381841,201313,371.16168983342016,TRUE,TRUE
4960,U049,2002,2003,27,28,27,28,381841,201313,380834,201150,1020.1068571478186,TRUE,TRUE
4961,U050,2001,2002,26,27,26,27,381946,201669,381841,201313,371.16168983342016,TRUE,TRUE
4962,U050,2002,2003,27,28,27,28,381841,201313,380834,201150,1020.1068571478186,TRUE,TRUE
4963,U050,2003,2004,28,29,28,29,380834,201150,382049,201493,1262.4872276581652,TRUE,TRUE
4964,U050,2004,2005,29,30,29,30,382049,201493,382931,200706,1182.0714868399457,TRUE,TRUE
4965,U051,2001,2002,26,27,26,27,381946,201669,381841,201313,371.16168983342016,TRUE,TRUE
4966,U051,2002,2003,27,28,27,28,381841,201313,380834,201150,1020.1068571478186,TRUE,TRUE
4967,U051,2003,2004,28,29,28,29,380834,201150,382049,201493,1262.4872276581652,TRUE,TRUE
4968,U052,2001,2002,26,27,26,27,381946,201669,381841,201313,371.16168983342016,TRUE,TRUE
4969,U052,2002,2003,27,28,27,28,381841,201313,380834,201150,1020.1068571478186,TRUE,TRUE
4970,U053,2001,2002,26,27,26,27,381946,201669,381841,201313,371.16168983342016,TRUE,TRUE
4971,U053,2002,2003,27,28,27,28,381841,201313,380834,201150,1020.1068571478186,TRUE,TRUE
4972,U053,2003,2004,28,29,28,29,380834,201150,382049,201493,1262.4872276581652,TRUE,TRUE
4973,U053,2004,2005,29,30,29,30,382049,201493,382931,200706,1182.0714868399457,TRUE,TRUE
4974,U054,2001,2002,26,27,26,27,381946,201669,381841,201313,371.16168983342016,TRUE,TRUE
4975,U054,2002,2003,27,28,27,28,381841,201313,380834,201150,1020.1068571478186,TRUE,TRUE
4976,U057,2001,2002,26,27,26,27,381946,201669,381841,201313,371.16168983342016,TRUE,TRUE
4977,U057,2002,2003,27,28,27,28,381841,201313,380834,201150,1020.1068571478186,TRUE,TRUE
4978,U057,2003,2004,28,29,28,29,380834,201150,382049,201493,1262.4872276581652,TRUE,TRUE
4979,U057,2004,2005,29,30,29,30,382049,201493,382931,200706,1182.0714868399457,TRUE,TRUE
4980,U057,2005,2006,30,31,30,31,382931,200706,380649,201388,2381.7321427902007,TRUE,TRUE
4981,U057,2006,2007,31,32,31,32,380649,201388,380279,201409,370.59546678285204,TRUE,TRUE
4982,U060,2001,2002,26,27,26,27,381946,201669,381841,201313,371.16168983342016,TRUE,TRUE
4983,U060,2002,2003,27,28,27,28,381841,201313,380834,201150,1020.1068571478186,TRUE,TRUE
4984,U061,2001,2002,26,27,26,27,381946,201669,381841,201313,371.16168983342016,TRUE,TRUE
4985,U061,2002,2003,27,28,27,28,381841,201313,380834,201150,1020.1068571478186,TRUE,TRUE
4986,U061,2003,2004,28,29,28,29,380834,201150,382049,201493,1262.4872276581652,TRUE,TRUE
4987,U061,2004,2005,29,30,29,30,382049,201493,382931,200706,1182.0714868399457,TRUE,TRUE
4988,U062,2001,2002,26,27,26,27,381946,201669,381841,201313,371.16168983342016,TRUE,TRUE
4989,U062,2002,2003,27,28,27,28,381841,201313,380834,201150,1020.1068571478186,TRUE,TRUE
4990,U062,2003,2004,28,29,28,29,380834,201150,382049,201493,1262.4872276581652,TRUE,TRUE
4991,U064,2001,2002,26,27,26,27,381946,201669,381841,201313,371.16168983342016,TRUE,TRUE
4992,U064,2002,2003,27,28,27,28,381841,201313,380834,201150,1020.1068571478186,TRUE,TRUE
4993,U064,2003,2004,28,29,28,29,380834,201150,382049,201493,1262.4872276581652,TRUE,TRUE
4994,U064,2004,2005,29,30,29,30,382049,201493,382931,200706,1182.0714868399457,TRUE,TRUE
4995,U064,2005,2006,30,31,30,31,382931,200706,380649,201388,2381.7321427902007,TRUE,TRUE
4996,U064,2006,2007,31,32,31,32,380649,201388,380279,201409,370.59546678285204,TRUE,TRUE
4997,U064,2007,2008,32,33,32,33,380279,201409,382399,200920,2175.6656452681327,TRUE,TRUE
4998,U064,2008,2009,33,34,33,34,382399,200920,383126,200958,727.9924450157433,TRUE,TRUE
4999,U067,2001,2002,26,27,26,27,381946,201669,381841,201313,371.16168983342016,TRUE,TRUE
5000,U067,2002,2003,27,28,27,28,381841,201313,380834,201150,1020.1068571478186,TRUE,TRUE
5001,U067,2003,2004,28,29,28,29,380834,201150,382049,201493,1262.4872276581652,TRUE,TRUE
5002,U067,2004,2005,29,30,29,30,382049,201493,382931,200706,1182.0714868399457,TRUE,TRUE
5003,U068,2001,2002,26,27,26,27,381946,201669,381841,201313,371.16168983342016,TRUE,TRUE
5004,U068,2002,2003,27,28,27,28,381841,201313,380834,201150,1020.1068571478186,TRUE,TRUE
5005,U068,2003,2004,28,29,28,29,380834,201150,382049,201493,1262.4872276581652,TRUE,TRUE
5006,U068,2004,2005,29,30,29,30,382049,201493,382931,200706,1182.0714868399457,TRUE,TRUE
5007,U068,2005,2006,30,31,30,31,382931,200706,380649,201388,2381.7321427902007,TRUE,TRUE
5008,U068,2006,2007,31,32,31,32,380649,201388,380279,201409,370.59546678285204,TRUE,TRUE
5009,U069,2001,2002,26,27,26,27,381946,201669,381841,201313,371.16168983342016,TRUE,TRUE
5010,U069,2002,2003,27,28,27,28,381841,201313,380834,201150,1020.1068571478186,TRUE,TRUE
5011,U069,2003,2004,28,29,28,29,380834,201150,382049,201493,1262.4872276581652,TRUE,TRUE
5012,U069,2004,2005,29,30,29,30,382049,201493,382931,200706,1182.0714868399457,TRUE,TRUE
5013,U069,2005,2006,30,31,30,31,382931,200706,380649,201388,2381.7321427902007,TRUE,TRUE
5014,U069,2006,2007,31,32,31,32,380649,201388,380279,201409,370.59546678285204,TRUE,TRUE
5015,U069,2007,2008,32,33,32,33,380279,201409,382399,200920,2175.6656452681327,TRUE,TRUE
5016,U070,2001,2002,26,27,26,27,381946,201669,381841,201313,371.16168983342016,TRUE,TRUE
5017,U070,2002,2003,27,28,27,28,381841,201313,380834,201150,1020.1068571478186,TRUE,TRUE
5018,U070,2003,2004,28,29,28,29,380834,201150,382049,201493,1262.4872276581652,TRUE,TRUE
5019,U070,2004,2005,29,30,29,30,382049,201493,382931,200706,1182.0714868399457,TRUE,TRUE
5020,U072,2001,2002,26,27,26,27,381946,201669,381841,201313,371.16168983342016,TRUE,TRUE
5021,U072,2002,2003,27,28,27,28,381841,201313,380834,201150,1020.1068571478186,TRUE,TRUE
5022,U072,2003,2004,28,29,28,29,380834,201150,382049,201493,1262.4872276581652,TRUE,TRUE
5023,U072,2004,2005,29,30,29,30,382049,201493,382931,200706,1182.0714868399457,TRUE,TRUE
5024,U072,2005,2006,30,31,30,31,382931,200706,380649,201388,2381.7321427902007,TRUE,TRUE
5025,U072,2006,2007,31,32,31,32,380649,201388,380279,201409,370.59546678285204,TRUE,TRUE
5026,U072,2007,2008,32,33,32,33,380279,201409,382399,200920,2175.6656452681327,TRUE,TRUE
5027,U073,2001,2002,26,27,26,27,381946,201669,381841,201313,371.16168983342016,TRUE,TRUE
5028,U073,2002,2003,27,28,27,28,381841,201313,380834,201150,1020.1068571478186,TRUE,TRUE
5029,U076,2001,2002,26,27,26,27,381946,201669,381841,201313,371.16168983342016,TRUE,TRUE
5030,U076,2002,2003,27,28,27,28,381841,201313,380834,201150,1020.1068571478186,TRUE,TRUE
5031,V007,1990,1991,15,16,15,16,381241,201774,381157,201365,417.53682472328114,TRUE,TRUE
5032,V007,1991,1992,16,17,16,17,381157,201365,380625,200466,1044.6171547509643,TRUE,TRUE
5033,V010,1990,1991,15,16,15,16,381241,201774,381157,201365,417.53682472328114,TRUE,TRUE
5034,V010,1991,1992,16,17,16,17,381157,201365,380625,200466,1044.6171547509643,TRUE,TRUE
5035,V016,1990,1991,15,16,15,16,381241,201774,381157,201365,417.53682472328114,TRUE,TRUE
5036,V016,1991,1992,16,17,16,17,381157,201365,380625,200466,1044.6171547509643,TRUE,TRUE
5037,V019,1990,1991,15,16,15,16,381241,201774,381157,201365,417.53682472328114,TRUE,TRUE
5038,V019,1991,1992,16,17,16,17,381157,201365,380625,200466,1044.6171547509643,TRUE,TRUE
5039,V019,1992,1993,17,18,17,18,380625,200466,381370,201620,1373.5869102463084,TRUE,TRUE
5040,V019,1993,1994,18,19,18,19,381370,201620,379874,201435,1507.3954358428978,TRUE,TRUE
5041,V021,1990,1991,15,16,15,16,381241,201774,381157,201365,417.53682472328114,TRUE,TRUE
5042,V021,1991,1992,16,17,16,17,381157,201365,380625,200466,1044.6171547509643,TRUE,TRUE
5043,V021,1992,1993,17,18,17,18,380625,200466,381370,201620,1373.5869102463084,TRUE,TRUE
5044,V034,1990,1991,15,16,15,16,381241,201774,381157,201365,417.53682472328114,TRUE,TRUE
5045,V034,1991,1992,16,17,16,17,381157,201365,380625,200466,1044.6171547509643,TRUE,TRUE
5046,V035,1990,1991,15,16,15,16,381241,201774,381157,201365,417.53682472328114,TRUE,TRUE
5047,V035,1991,1992,16,17,16,17,381157,201365,380625,200466,1044.6171547509643,TRUE,TRUE
5048,V035,1992,1993,17,18,17,18,380625,200466,381370,201620,1373.5869102463084,TRUE,TRUE
5049,V035,1993,1994,18,19,18,19,381370,201620,379874,201435,1507.3954358428978,TRUE,TRUE
5050,V035,1994,1995,19,20,19,20,379874,201435,381230,201693,1380.3260484392808,TRUE,TRUE
5051,V035,1995,1996,20,21,20,21,381230,201693,383675,202710,2648.077415786782,TRUE,TRUE
5052,V035,1996,1997,21,22,21,22,383675,202710,380707,200454,3728.0772524184636,TRUE,TRUE
5053,V035,1997,1998,22,23,22,23,380707,200454,379814,201477,1357.931515209806,TRUE,TRUE
5054,V036,1990,1991,15,16,15,16,381241,201774,381157,201365,417.53682472328114,TRUE,TRUE
5055,V036,1991,1992,16,17,16,17,381157,201365,380625,200466,1044.6171547509643,TRUE,TRUE
5056,V036,1992,1993,17,18,17,18,380625,200466,381370,201620,1373.5869102463084,TRUE,TRUE
5057,V036,1993,1994,18,19,18,19,381370,201620,379874,201435,1507.3954358428978,TRUE,TRUE
5058,V038,1990,1991,15,16,15,16,381241,201774,381157,201365,417.53682472328114,TRUE,TRUE
5059,V038,1991,1992,16,17,16,17,381157,201365,380625,200466,1044.6171547509643,TRUE,TRUE
5060,V038,1992,1993,17,18,17,18,380625,200466,381370,201620,1373.5869102463084,TRUE,TRUE
5061,V038,1993,1994,18,19,18,19,381370,201620,379874,201435,1507.3954358428978,TRUE,TRUE
5062,V038,1994,1995,19,20,19,20,379874,201435,381230,201693,1380.3260484392808,TRUE,TRUE
5063,V038,1995,1996,20,21,20,21,381230,201693,383675,202710,2648.077415786782,TRUE,TRUE
5064,V038,1996,1997,21,22,21,22,383675,202710,380707,200454,3728.0772524184636,TRUE,TRUE
5065,V038,1997,1998,22,23,22,23,380707,200454,379814,201477,1357.931515209806,TRUE,TRUE
5066,V038,1998,1999,23,24,23,24,379814,201477,380580,201391,770.8125582785999,TRUE,TRUE
5067,V039,1990,1991,15,16,15,16,381241,201774,381157,201365,417.53682472328114,TRUE,TRUE
5068,V039,1991,1992,16,17,16,17,381157,201365,380625,200466,1044.6171547509643,TRUE,TRUE
5069,V040,1990,1991,15,16,15,16,381241,201774,381157,201365,417.53682472328114,TRUE,TRUE
5070,V040,1991,1992,16,17,16,17,381157,201365,380625,200466,1044.6171547509643,TRUE,TRUE
5071,V040,1992,1993,17,18,17,18,380625,200466,381370,201620,1373.5869102463084,TRUE,TRUE
5072,V040,1993,1994,18,19,18,19,381370,201620,379874,201435,1507.3954358428978,TRUE,TRUE
5073,V040,1994,1995,19,20,19,20,379874,201435,381230,201693,1380.3260484392808,TRUE,TRUE
5074,V040,1995,1996,20,21,20,21,381230,201693,383675,202710,2648.077415786782,TRUE,TRUE
5075,V040,1996,1997,21,22,21,22,383675,202710,380707,200454,3728.0772524184636,TRUE,TRUE
5076,V041,1990,1991,15,16,15,16,381241,201774,381157,201365,417.53682472328114,TRUE,TRUE
5077,V041,1991,1992,16,17,16,17,381157,201365,380625,200466,1044.6171547509643,TRUE,TRUE
5078,V041,1992,1993,17,18,17,18,380625,200466,381370,201620,1373.5869102463084,TRUE,TRUE
5079,V041,1993,1994,18,19,18,19,381370,201620,379874,201435,1507.3954358428978,TRUE,TRUE
5080,V041,1994,1995,19,20,19,20,379874,201435,381230,201693,1380.3260484392808,TRUE,TRUE
5081,V041,1995,1996,20,21,20,21,381230,201693,383675,202710,2648.077415786782,TRUE,TRUE
5082,V041,1996,1997,21,22,21,22,383675,202710,380707,200454,3728.0772524184636,TRUE,TRUE
5083,V041,1997,1998,22,23,22,23,380707,200454,379814,201477,1357.931515209806,TRUE,TRUE
5084,V043,1990,1991,15,16,15,16,381241,201774,381157,201365,417.53682472328114,TRUE,TRUE
5085,V043,1991,1992,16,17,16,17,381157,201365,380625,200466,1044.6171547509643,TRUE,TRUE
5086,V043,1992,1993,17,18,17,18,380625,200466,381370,201620,1373.5869102463084,TRUE,TRUE
5087,V043,1993,1994,18,19,18,19,381370,201620,379874,201435,1507.3954358428978,TRUE,TRUE
5088,V043,1994,1995,19,20,19,20,379874,201435,381230,201693,1380.3260484392808,TRUE,TRUE
5089,V043,1995,1996,20,21,20,21,381230,201693,383675,202710,2648.077415786782,TRUE,TRUE
5090,V043,1996,1997,21,22,21,22,383675,202710,380707,200454,3728.0772524184636,TRUE,TRUE
5091,V044,1990,1991,15,16,15,16,381241,201774,381157,201365,417.53682472328114,TRUE,TRUE
5092,V044,1991,1992,16,17,16,17,381157,201365,380625,200466,1044.6171547509643,TRUE,TRUE
5093,V044,1992,1993,17,18,17,18,380625,200466,381370,201620,1373.5869102463084,TRUE,TRUE
5094,V044,1993,1994,18,19,18,19,381370,201620,379874,201435,1507.3954358428978,TRUE,TRUE
5095,V044,1994,1995,19,20,19,20,379874,201435,381230,201693,1380.3260484392808,TRUE,TRUE
5096,V045,1990,1991,15,16,15,16,381241,201774,381157,201365,417.53682472328114,TRUE,TRUE
5097,V045,1991,1992,16,17,16,17,381157,201365,380625,200466,1044.6171547509643,TRUE,TRUE
5098,V051,1990,1991,15,16,15,16,381241,201774,381157,201365,417.53682472328114,TRUE,TRUE
5099,V051,1991,1992,16,17,16,17,381157,201365,380625,200466,1044.6171547509643,TRUE,TRUE
5100,V054,1990,1991,15,16,15,16,381241,201774,381157,201365,417.53682472328114,TRUE,TRUE
5101,V054,1991,1992,16,17,16,17,381157,201365,380625,200466,1044.6171547509643,TRUE,TRUE
5102,V054,1992,1993,17,18,17,18,380625,200466,381370,201620,1373.5869102463084,TRUE,TRUE
5103,V054,1993,1994,18,19,18,19,381370,201620,379874,201435,1507.3954358428978,TRUE,TRUE
5104,V055,1990,1991,15,16,15,16,381241,201774,381157,201365,417.53682472328114,TRUE,TRUE
5105,V055,1991,1992,16,17,16,17,381157,201365,380625,200466,1044.6171547509643,TRUE,TRUE
5106,V058,1990,1991,15,16,15,16,381241,201774,381157,201365,417.53682472328114,TRUE,TRUE
5107,V058,1991,1992,16,17,16,17,381157,201365,380625,200466,1044.6171547509643,TRUE,TRUE
5108,V058,1992,1993,17,18,17,18,380625,200466,381370,201620,1373.5869102463084,TRUE,TRUE
5109,V058,1993,1994,18,19,18,19,381370,201620,379874,201435,1507.3954358428978,TRUE,TRUE
5110,V064,1990,1991,15,16,15,16,381241,201774,381157,201365,417.53682472328114,TRUE,TRUE
5111,V064,1991,1992,16,17,16,17,381157,201365,380625,200466,1044.6171547509643,TRUE,TRUE
5112,V064,1992,1993,17,18,17,18,380625,200466,381370,201620,1373.5869102463084,TRUE,TRUE
5113,V064,1993,1994,18,19,18,19,381370,201620,379874,201435,1507.3954358428978,TRUE,TRUE
5114,V064,1994,1995,19,20,19,20,379874,201435,381230,201693,1380.3260484392808,TRUE,TRUE
5115,V064,1995,1996,20,21,20,21,381230,201693,383675,202710,2648.077415786782,TRUE,TRUE
5116,V067,1990,1991,15,16,15,16,381241,201774,381157,201365,417.53682472328114,TRUE,TRUE
5117,V067,1991,1992,16,17,16,17,381157,201365,380625,200466,1044.6171547509643,TRUE,TRUE
5118,V068,1990,1991,15,16,15,16,381241,201774,381157,201365,417.53682472328114,TRUE,TRUE
5119,V068,1991,1992,16,17,16,17,381157,201365,380625,200466,1044.6171547509643,TRUE,TRUE
5120,V068,1992,1993,17,18,17,18,380625,200466,381370,201620,1373.5869102463084,TRUE,TRUE
5121,V071,1990,1991,15,16,15,16,381241,201774,381157,201365,417.53682472328114,TRUE,TRUE
5122,V071,1991,1992,16,17,16,17,381157,201365,380625,200466,1044.6171547509643,TRUE,TRUE
5123,V073,1990,1991,15,16,15,16,381241,201774,381157,201365,417.53682472328114,TRUE,TRUE
5124,V073,1991,1992,16,17,16,17,381157,201365,380625,200466,1044.6171547509643,TRUE,TRUE
5125,V074,1990,1991,15,16,15,16,381241,201774,381157,201365,417.53682472328114,TRUE,TRUE
5126,V074,1991,1992,16,17,16,17,381157,201365,380625,200466,1044.6171547509643,TRUE,TRUE
5127,V074,1992,1993,17,18,17,18,380625,200466,381370,201620,1373.5869102463084,TRUE,TRUE
5128,V074,1993,1994,18,19,18,19,381370,201620,379874,201435,1507.3954358428978,TRUE,TRUE
5129,V075,1990,1991,15,16,15,16,381241,201774,381157,201365,417.53682472328114,TRUE,TRUE
5130,V075,1991,1992,16,17,16,17,381157,201365,380625,200466,1044.6171547509643,TRUE,TRUE
5131,V075,1992,1993,17,18,17,18,380625,200466,381370,201620,1373.5869102463084,TRUE,TRUE
5132,V075,1993,1994,18,19,18,19,381370,201620,379874,201435,1507.3954358428978,TRUE,TRUE
5133,V075,1994,1995,19,20,19,20,379874,201435,381230,201693,1380.3260484392808,TRUE,TRUE
5134,V076,1990,1991,15,16,15,16,381241,201774,381157,201365,417.53682472328114,TRUE,TRUE
5135,V076,1991,1992,16,17,16,17,381157,201365,380625,200466,1044.6171547509643,TRUE,TRUE
5136,V076,1992,1993,17,18,17,18,380625,200466,381370,201620,1373.5869102463084,TRUE,TRUE
5137,V076,1993,1994,18,19,18,19,381370,201620,379874,201435,1507.3954358428978,TRUE,TRUE
5138,V076,1994,1995,19,20,19,20,379874,201435,381230,201693,1380.3260484392808,TRUE,TRUE
5139,V077,1990,1991,15,16,15,16,381241,201774,381157,201365,417.53682472328114,TRUE,TRUE
5140,V077,1991,1992,16,17,16,17,381157,201365,380625,200466,1044.6171547509643,TRUE,TRUE
5141,V077,1992,1993,17,18,17,18,380625,200466,381370,201620,1373.5869102463084,TRUE,TRUE
5142,V077,1993,1994,18,19,18,19,381370,201620,379874,201435,1507.3954358428978,TRUE,TRUE
5143,V080,1990,1991,15,16,15,16,381241,201774,381157,201365,417.53682472328114,TRUE,TRUE
5144,V080,1991,1992,16,17,16,17,381157,201365,380625,200466,1044.6171547509643,TRUE,TRUE
5145,V080,1992,1993,17,18,17,18,380625,200466,381370,201620,1373.5869102463084,TRUE,TRUE
5146,V080,1993,1994,18,19,18,19,381370,201620,379874,201435,1507.3954358428978,TRUE,TRUE
5147,V080,1994,1995,19,20,19,20,379874,201435,381230,201693,1380.3260484392808,TRUE,TRUE
5148,V081,1990,1991,15,16,15,16,381241,201774,381157,201365,417.53682472328114,TRUE,TRUE
5149,V081,1991,1992,16,17,16,17,381157,201365,380625,200466,1044.6171547509643,TRUE,TRUE
5150,V081,1992,1993,17,18,17,18,380625,200466,381370,201620,1373.5869102463084,TRUE,TRUE
5151,V081,1993,1994,18,19,18,19,381370,201620,379874,201435,1507.3954358428978,TRUE,TRUE
5152,V081,1994,1995,19,20,19,20,379874,201435,381230,201693,1380.3260484392808,TRUE,TRUE
5153,V081,1995,1996,20,21,20,21,381230,201693,383675,202710,2648.077415786782,TRUE,TRUE
5154,V081,1996,1997,21,22,21,22,383675,202710,380707,200454,3728.0772524184636,TRUE,TRUE
5155,V081,1997,1998,22,23,22,23,380707,200454,379814,201477,1357.931515209806,TRUE,TRUE
5156,V084,1990,1991,15,16,15,16,381241,201774,381157,201365,417.53682472328114,TRUE,TRUE
5157,V084,1991,1992,16,17,16,17,381157,201365,380625,200466,1044.6171547509643,TRUE,TRUE
5158,V084,1992,1993,17,18,17,18,380625,200466,381370,201620,1373.5869102463084,TRUE,TRUE
5159,V085,1990,1991,15,16,15,16,381241,201774,381157,201365,417.53682472328114,TRUE,TRUE
5160,V085,1991,1992,16,17,16,17,381157,201365,380625,200466,1044.6171547509643,TRUE,TRUE
5161,V085,1992,1993,17,18,17,18,380625,200466,381370,201620,1373.5869102463084,TRUE,TRUE
5162,V087,1990,1991,15,16,15,16,381241,201774,381157,201365,417.53682472328114,TRUE,TRUE
5163,V087,1991,1992,16,17,16,17,381157,201365,380625,200466,1044.6171547509643,TRUE,TRUE
5164,V087,1992,1993,17,18,17,18,380625,200466,381370,201620,1373.5869102463084,TRUE,TRUE
5165,V088,1990,1991,15,16,15,16,381241,201774,381157,201365,417.53682472328114,TRUE,TRUE
5166,V088,1991,1992,16,17,16,17,381157,201365,380625,200466,1044.6171547509643,TRUE,TRUE
5167,V089,1990,1991,15,16,15,16,381241,201774,381157,201365,417.53682472328114,TRUE,TRUE
5168,V089,1991,1992,16,17,16,17,381157,201365,380625,200466,1044.6171547509643,TRUE,TRUE
5169,V089,1992,1993,17,18,17,18,380625,200466,381370,201620,1373.5869102463084,TRUE,TRUE
5170,V089,1993,1994,18,19,18,19,381370,201620,379874,201435,1507.3954358428978,TRUE,TRUE
5171,V089,1994,1995,19,20,19,20,379874,201435,381230,201693,1380.3260484392808,TRUE,TRUE
5172,V089,1995,1996,20,21,20,21,381230,201693,383675,202710,2648.077415786782,TRUE,TRUE
5173,V089,1996,1997,21,22,21,22,383675,202710,380707,200454,3728.0772524184636,TRUE,TRUE
5174,V089,1997,1998,22,23,22,23,380707,200454,379814,201477,1357.931515209806,TRUE,TRUE
5175,V089,1998,1999,23,24,23,24,379814,201477,380580,201391,770.8125582785999,TRUE,TRUE
5176,V089,1999,2000,24,25,24,25,380580,201391,381022,201589,484.3222068003903,TRUE,TRUE
5177,V089,2000,2001,25,26,25,26,381022,201589,381946,201669,927.4567375355036,TRUE,TRUE
5178,V089,2001,2002,26,27,26,27,381946,201669,381841,201313,371.16168983342016,TRUE,TRUE
5179,V089,2002,2003,27,28,27,28,381841,201313,380834,201150,1020.1068571478186,TRUE,TRUE
5180,V090,1990,1991,15,16,15,16,381241,201774,381157,201365,417.53682472328114,TRUE,TRUE
5181,V090,1991,1992,16,17,16,17,381157,201365,380625,200466,1044.6171547509643,TRUE,TRUE
5182,V090,1992,1993,17,18,17,18,380625,200466,381370,201620,1373.5869102463084,TRUE,TRUE
5183,V090,1993,1994,18,19,18,19,381370,201620,379874,201435,1507.3954358428978,TRUE,TRUE
5184,V095,1990,1991,15,16,15,16,381241,201774,381157,201365,417.53682472328114,TRUE,TRUE
5185,V095,1991,1992,16,17,16,17,381157,201365,380625,200466,1044.6171547509643,TRUE,TRUE
5186,V095,1992,1993,17,18,17,18,380625,200466,381370,201620,1373.5869102463084,TRUE,TRUE
5187,V098,1990,1991,15,16,15,16,381241,201774,381157,201365,417.53682472328114,TRUE,TRUE
5188,V098,1991,1992,16,17,16,17,381157,201365,380625,200466,1044.6171547509643,TRUE,TRUE
5189,V098,1992,1993,17,18,17,18,380625,200466,381370,201620,1373.5869102463084,TRUE,TRUE
5190,V098,1993,1994,18,19,18,19,381370,201620,379874,201435,1507.3954358428978,TRUE,TRUE
5191,V099,1990,1991,15,16,15,16,381241,201774,381157,201365,417.53682472328114,TRUE,TRUE
5192,V099,1991,1992,16,17,16,17,381157,201365,380625,200466,1044.6171547509643,TRUE,TRUE
5193,V099,1992,1993,17,18,17,18,380625,200466,381370,201620,1373.5869102463084,TRUE,TRUE
5194,V099,1993,1994,18,19,18,19,381370,201620,379874,201435,1507.3954358428978,TRUE,TRUE
5195,V099,1994,1995,19,20,19,20,379874,201435,381230,201693,1380.3260484392808,TRUE,TRUE
5196,V099,1995,1996,20,21,20,21,381230,201693,383675,202710,2648.077415786782,TRUE,TRUE
5197,W011,1979,1980,4,5,4,5,383375,201417,383699,201850,540.8003328401343,TRUE,TRUE
5198,W011,1980,1981,5,6,5,6,383699,201850,380563,200499,3414.6298481680265,TRUE,TRUE
5199,W011,1981,1982,6,7,6,7,380563,200499,380931,201164,760.0322361584408,TRUE,TRUE
5200,W011,1982,1983,7,8,7,8,380931,201164,380417,201488,607.595260021011,TRUE,TRUE
5201,W011,1983,1984,8,9,8,9,380417,201488,381942,201770,1550.8542807111182,TRUE,TRUE
5202,W011,1984,1985,9,10,9,10,381942,201770,382099,200773,1009.28588615912,TRUE,TRUE
5203,W011,1985,1986,10,11,10,11,382099,200773,380449,201388,1760.8875602945238,TRUE,TRUE
5204,W011,1986,1987,11,12,11,12,380449,201388,382916,202222,2604.1591733225523,TRUE,TRUE
5205,W011,1987,1988,12,13,12,13,382916,202222,380621,201409,2434.747214804855,TRUE,TRUE
5206,W011,1988,1989,13,14,13,14,380621,201409,380597,201427,30,TRUE,TRUE
5207,W011,1989,1990,14,15,14,15,380597,201427,381241,201774,731.5360551606462,TRUE,TRUE
5208,W011,1990,1991,15,16,15,16,381241,201774,381157,201365,417.53682472328114,TRUE,TRUE
5209,W014,1979,1980,4,5,4,5,383375,201417,383699,201850,540.8003328401343,TRUE,TRUE
5210,W014,1980,1981,5,6,5,6,383699,201850,380563,200499,3414.6298481680265,TRUE,TRUE
5211,W014,1981,1982,6,7,6,7,380563,200499,380931,201164,760.0322361584408,TRUE,TRUE
5212,W014,1982,1983,7,8,7,8,380931,201164,380417,201488,607.595260021011,TRUE,TRUE
5213,W014,1983,1984,8,9,8,9,380417,201488,381942,201770,1550.8542807111182,TRUE,TRUE
5214,W014,1984,1985,9,10,9,10,381942,201770,382099,200773,1009.28588615912,TRUE,TRUE
5215,W014,1985,1986,10,11,10,11,382099,200773,380449,201388,1760.8875602945238,TRUE,TRUE
5216,W014,1986,1987,11,12,11,12,380449,201388,382916,202222,2604.1591733225523,TRUE,TRUE
5217,W014,1987,1988,12,13,12,13,382916,202222,380621,201409,2434.747214804855,TRUE,TRUE
5218,W014,1988,1989,13,14,13,14,380621,201409,380597,201427,30,TRUE,TRUE
5219,W014,1989,1990,14,15,14,15,380597,201427,381241,201774,731.5360551606462,TRUE,TRUE
5220,W016,1979,1980,4,5,4,5,383375,201417,383699,201850,540.8003328401343,TRUE,TRUE
5221,W016,1980,1981,5,6,5,6,383699,201850,380563,200499,3414.6298481680265,TRUE,TRUE
5222,W016,1981,1982,6,7,6,7,380563,200499,380931,201164,760.0322361584408,TRUE,TRUE
5223,W016,1982,1983,7,8,7,8,380931,201164,380417,201488,607.595260021011,TRUE,TRUE
5224,W016,1983,1984,8,9,8,9,380417,201488,381942,201770,1550.8542807111182,TRUE,TRUE
5225,W016,1984,1985,9,10,9,10,381942,201770,382099,200773,1009.28588615912,TRUE,TRUE
5226,W016,1985,1986,10,11,10,11,382099,200773,380449,201388,1760.8875602945238,TRUE,TRUE
5227,W016,1986,1987,11,12,11,12,380449,201388,382916,202222,2604.1591733225523,TRUE,TRUE
5228,W016,1987,1988,12,13,12,13,382916,202222,380621,201409,2434.747214804855,TRUE,TRUE
5229,W016,1988,1989,13,14,13,14,380621,201409,380597,201427,30,TRUE,TRUE
5230,W017,1979,1980,4,5,4,5,383375,201417,383699,201850,540.8003328401343,TRUE,TRUE
5231,W017,1980,1981,5,6,5,6,383699,201850,380563,200499,3414.6298481680265,TRUE,TRUE
5232,W021,1979,1980,4,5,4,5,383375,201417,383699,201850,540.8003328401343,TRUE,TRUE
5233,W021,1980,1981,5,6,5,6,383699,201850,380563,200499,3414.6298481680265,TRUE,TRUE
5234,W021,1981,1982,6,7,6,7,380563,200499,380931,201164,760.0322361584408,TRUE,TRUE
5235,W024,1979,1980,4,5,4,5,383375,201417,383699,201850,540.8003328401343,TRUE,TRUE
5236,W024,1980,1981,5,6,5,6,383699,201850,380563,200499,3414.6298481680265,TRUE,TRUE
5237,W024,1981,1982,6,7,6,7,380563,200499,380931,201164,760.0322361584408,TRUE,TRUE
5238,W024,1982,1983,7,8,7,8,380931,201164,380417,201488,607.595260021011,TRUE,TRUE
5239,W024,1983,1984,8,9,8,9,380417,201488,381942,201770,1550.8542807111182,TRUE,TRUE
5240,W024,1984,1985,9,10,9,10,381942,201770,382099,200773,1009.28588615912,TRUE,TRUE
5241,W024,1985,1986,10,11,10,11,382099,200773,380449,201388,1760.8875602945238,TRUE,TRUE
5242,W024,1986,1987,11,12,11,12,380449,201388,382916,202222,2604.1591733225523,TRUE,TRUE
5243,W024,1987,1988,12,13,12,13,382916,202222,380621,201409,2434.747214804855,TRUE,TRUE
5244,W025,1979,1980,4,5,4,5,383375,201417,383699,201850,540.8003328401343,TRUE,TRUE
5245,W025,1980,1981,5,6,5,6,383699,201850,380563,200499,3414.6298481680265,TRUE,TRUE
5246,W025,1981,1982,6,7,6,7,380563,200499,380931,201164,760.0322361584408,TRUE,TRUE
5247,W025,1982,1983,7,8,7,8,380931,201164,380417,201488,607.595260021011,TRUE,TRUE
5248,W025,1983,1984,8,9,8,9,380417,201488,381942,201770,1550.8542807111182,TRUE,TRUE
5249,W026,1980,1981,5,6,5,6,383699,201850,380563,200499,3414.6298481680265,TRUE,TRUE
5250,W026,1981,1982,6,7,6,7,380563,200499,380931,201164,760.0322361584408,TRUE,TRUE
5251,W026,1982,1983,7,8,7,8,380931,201164,380417,201488,607.595260021011,TRUE,TRUE
5252,W026,1983,1984,8,9,8,9,380417,201488,381942,201770,1550.8542807111182,TRUE,TRUE
5253,W026,1984,1985,9,10,9,10,381942,201770,382099,200773,1009.28588615912,TRUE,TRUE
5254,W026,1985,1986,10,11,10,11,382099,200773,380449,201388,1760.8875602945238,TRUE,TRUE
5255,W027,1979,1980,4,5,4,5,383375,201417,383699,201850,540.8003328401343,TRUE,TRUE
5256,W027,1980,1981,5,6,5,6,383699,201850,380563,200499,3414.6298481680265,TRUE,TRUE
5257,W032,1980,1981,5,6,5,6,383699,201850,380563,200499,3414.6298481680265,TRUE,TRUE
5258,W032,1981,1982,6,7,6,7,380563,200499,380931,201164,760.0322361584408,TRUE,TRUE
5259,W032,1982,1983,7,8,7,8,380931,201164,380417,201488,607.595260021011,TRUE,TRUE
5260,W032,1983,1984,8,9,8,9,380417,201488,381942,201770,1550.8542807111182,TRUE,TRUE
5261,W032,1984,1985,9,10,9,10,381942,201770,382099,200773,1009.28588615912,TRUE,TRUE
5262,W032,1985,1986,10,11,10,11,382099,200773,380449,201388,1760.8875602945238,TRUE,TRUE
5263,W032,1986,1987,11,12,11,12,380449,201388,382916,202222,2604.1591733225523,TRUE,TRUE
5264,W032,1987,1988,12,13,12,13,382916,202222,380621,201409,2434.747214804855,TRUE,TRUE
5265,W033,1979,1980,4,5,4,5,383375,201417,383699,201850,540.8003328401343,TRUE,TRUE
5266,W033,1980,1981,5,6,5,6,383699,201850,380563,200499,3414.6298481680265,TRUE,TRUE
5267,W035,1979,1980,4,5,4,5,383375,201417,383699,201850,540.8003328401343,TRUE,TRUE
5268,W035,1980,1981,5,6,5,6,383699,201850,380563,200499,3414.6298481680265,TRUE,TRUE
5269,W035,1981,1982,6,7,6,7,380563,200499,380931,201164,760.0322361584408,TRUE,TRUE
5270,W035,1982,1983,7,8,7,8,380931,201164,380417,201488,607.595260021011,TRUE,TRUE
5271,W036,1979,1980,4,5,4,5,383375,201417,383699,201850,540.8003328401343,TRUE,TRUE
5272,W036,1980,1981,5,6,5,6,383699,201850,380563,200499,3414.6298481680265,TRUE,TRUE
5273,W036,1981,1982,6,7,6,7,380563,200499,380931,201164,760.0322361584408,TRUE,TRUE
5274,W036,1982,1983,7,8,7,8,380931,201164,380417,201488,607.595260021011,TRUE,TRUE
5275,W036,1983,1984,8,9,8,9,380417,201488,381942,201770,1550.8542807111182,TRUE,TRUE
5276,W038,1979,1980,4,5,4,5,383375,201417,383699,201850,540.8003328401343,TRUE,TRUE
5277,W038,1980,1981,5,6,5,6,383699,201850,380563,200499,3414.6298481680265,TRUE,TRUE
5278,W038,1981,1982,6,7,6,7,380563,200499,380931,201164,760.0322361584408,TRUE,TRUE
5279,W038,1982,1983,7,8,7,8,380931,201164,380417,201488,607.595260021011,TRUE,TRUE
5280,W038,1983,1984,8,9,8,9,380417,201488,381942,201770,1550.8542807111182,TRUE,TRUE
5281,W038,1984,1985,9,10,9,10,381942,201770,382099,200773,1009.28588615912,TRUE,TRUE
5282,W038,1985,1986,10,11,10,11,382099,200773,380449,201388,1760.8875602945238,TRUE,TRUE
5283,W040,1979,1980,4,5,4,5,383375,201417,383699,201850,540.8003328401343,TRUE,TRUE
5284,W040,1980,1981,5,6,5,6,383699,201850,380563,200499,3414.6298481680265,TRUE,TRUE
5285,W040,1981,1982,6,7,6,7,380563,200499,380931,201164,760.0322361584408,TRUE,TRUE
5286,W047,1979,1980,4,5,4,5,383375,201417,383699,201850,540.8003328401343,TRUE,TRUE
5287,W047,1980,1981,5,6,5,6,383699,201850,380563,200499,3414.6298481680265,TRUE,TRUE
5288,W047,1981,1982,6,7,6,7,380563,200499,380931,201164,760.0322361584408,TRUE,TRUE
5289,W054,1979,1980,4,5,4,5,383375,201417,383699,201850,540.8003328401343,TRUE,TRUE
5290,W054,1980,1981,5,6,5,6,383699,201850,380563,200499,3414.6298481680265,TRUE,TRUE
5291,W054,1981,1982,6,7,6,7,380563,200499,380931,201164,760.0322361584408,TRUE,TRUE
5292,W054,1982,1983,7,8,7,8,380931,201164,380417,201488,607.595260021011,TRUE,TRUE
5293,W054,1983,1984,8,9,8,9,380417,201488,381942,201770,1550.8542807111182,TRUE,TRUE
5294,W058,1979,1980,4,5,4,5,383375,201417,383699,201850,540.8003328401343,TRUE,TRUE
5295,W058,1980,1981,5,6,5,6,383699,201850,380563,200499,3414.6298481680265,TRUE,TRUE
5296,W058,1981,1982,6,7,6,7,380563,200499,380931,201164,760.0322361584408,TRUE,TRUE
5297,W058,1982,1983,7,8,7,8,380931,201164,380417,201488,607.595260021011,TRUE,TRUE
5298,W065,1979,1980,4,5,4,5,383375,201417,383699,201850,540.8003328401343,TRUE,TRUE
5299,W065,1980,1981,5,6,5,6,383699,201850,380563,200499,3414.6298481680265,TRUE,TRUE
5300,W065,1981,1982,6,7,6,7,380563,200499,380931,201164,760.0322361584408,TRUE,TRUE
5301,W065,1982,1983,7,8,7,8,380931,201164,380417,201488,607.595260021011,TRUE,TRUE
5302,W068,1979,1980,4,5,4,5,383375,201417,383699,201850,540.8003328401343,TRUE,TRUE
5303,W068,1980,1981,5,6,5,6,383699,201850,380563,200499,3414.6298481680265,TRUE,TRUE
5304,X003,2000,2001,25,26,25,26,381022,201589,381946,201669,927.4567375355036,TRUE,TRUE
5305,X003,2001,2002,26,27,26,27,381946,201669,381841,201313,371.16168983342016,TRUE,TRUE
5306,X004,2000,2001,25,26,25,26,381022,201589,381946,201669,927.4567375355036,TRUE,TRUE
5307,X004,2001,2002,26,27,26,27,381946,201669,381841,201313,371.16168983342016,TRUE,TRUE
5308,X004,2002,2003,27,28,27,28,381841,201313,380834,201150,1020.1068571478186,TRUE,TRUE
5309,X005,2000,2001,25,26,25,26,381022,201589,381946,201669,927.4567375355036,TRUE,TRUE
5310,X005,2001,2002,26,27,26,27,381946,201669,381841,201313,371.16168983342016,TRUE,TRUE
5311,X005,2002,2003,27,28,27,28,381841,201313,380834,201150,1020.1068571478186,TRUE,TRUE
5312,X005,2003,2004,28,29,28,29,380834,201150,382049,201493,1262.4872276581652,TRUE,TRUE
5313,X005,2004,2005,29,30,29,30,382049,201493,382931,200706,1182.0714868399457,TRUE,TRUE
5314,X005,2005,2006,30,31,30,31,382931,200706,380649,201388,2381.7321427902007,TRUE,TRUE
5315,X006,2000,2001,25,26,25,26,381022,201589,381946,201669,927.4567375355036,TRUE,TRUE
5316,X006,2001,2002,26,27,26,27,381946,201669,381841,201313,371.16168983342016,TRUE,TRUE
5317,X006,2002,2003,27,28,27,28,381841,201313,380834,201150,1020.1068571478186,TRUE,TRUE
5318,X006,2003,2004,28,29,28,29,380834,201150,382049,201493,1262.4872276581652,TRUE,TRUE
5319,X007,2000,2001,25,26,25,26,381022,201589,381946,201669,927.4567375355036,TRUE,TRUE
5320,X007,2001,2002,26,27,26,27,381946,201669,381841,201313,371.16168983342016,TRUE,TRUE
5321,X007,2002,2003,27,28,27,28,381841,201313,380834,201150,1020.1068571478186,TRUE,TRUE
5322,X008,2000,2001,25,26,25,26,381022,201589,381946,201669,927.4567375355036,TRUE,TRUE
5323,X008,2001,2002,26,27,26,27,381946,201669,381841,201313,371.16168983342016,TRUE,TRUE
5324,X010,2000,2001,25,26,25,26,381022,201589,381946,201669,927.4567375355036,TRUE,TRUE
5325,X010,2001,2002,26,27,26,27,381946,201669,381841,201313,371.16168983342016,TRUE,TRUE
5326,X011,2000,2001,25,26,25,26,381022,201589,381946,201669,927.4567375355036,TRUE,TRUE
5327,X011,2001,2002,26,27,26,27,381946,201669,381841,201313,371.16168983342016,TRUE,TRUE
5328,X011,2002,2003,27,28,27,28,381841,201313,380834,201150,1020.1068571478186,TRUE,TRUE
5329,X012,2000,2001,25,26,25,26,381022,201589,381946,201669,927.4567375355036,TRUE,TRUE
5330,X012,2001,2002,26,27,26,27,381946,201669,381841,201313,371.16168983342016,TRUE,TRUE
5331,X012,2002,2003,27,28,27,28,381841,201313,380834,201150,1020.1068571478186,TRUE,TRUE
5332,X012,2003,2004,28,29,28,29,380834,201150,382049,201493,1262.4872276581652,TRUE,TRUE
5333,X015,2000,2001,25,26,25,26,381022,201589,381946,201669,927.4567375355036,TRUE,TRUE
5334,X015,2001,2002,26,27,26,27,381946,201669,381841,201313,371.16168983342016,TRUE,TRUE
5335,X024,2000,2001,25,26,25,26,381022,201589,381946,201669,927.4567375355036,TRUE,TRUE
5336,X024,2001,2002,26,27,26,27,381946,201669,381841,201313,371.16168983342016,TRUE,TRUE
5337,X024,2002,2003,27,28,27,28,381841,201313,380834,201150,1020.1068571478186,TRUE,TRUE
5338,X024,2003,2004,28,29,28,29,380834,201150,382049,201493,1262.4872276581652,TRUE,TRUE
5339,X030,2000,2001,25,26,25,26,381022,201589,381946,201669,927.4567375355036,TRUE,TRUE
5340,X030,2001,2002,26,27,26,27,381946,201669,381841,201313,371.16168983342016,TRUE,TRUE
5341,X030,2002,2003,27,28,27,28,381841,201313,380834,201150,1020.1068571478186,TRUE,TRUE
5342,X035,2000,2001,25,26,25,26,381022,201589,381946,201669,927.4567375355036,TRUE,TRUE
5343,X035,2001,2002,26,27,26,27,381946,201669,381841,201313,371.16168983342016,TRUE,TRUE
5344,X035,2002,2003,27,28,27,28,381841,201313,380834,201150,1020.1068571478186,TRUE,TRUE
5345,X035,2003,2004,28,29,28,29,380834,201150,382049,201493,1262.4872276581652,TRUE,TRUE
5346,X041,2000,2001,25,26,25,26,381022,201589,381946,201669,927.4567375355036,TRUE,TRUE
5347,X041,2001,2002,26,27,26,27,381946,201669,381841,201313,371.16168983342016,TRUE,TRUE
5348,X041,2002,2003,27,28,27,28,381841,201313,380834,201150,1020.1068571478186,TRUE,TRUE
5349,X041,2003,2004,28,29,28,29,380834,201150,382049,201493,1262.4872276581652,TRUE,TRUE
5350,X044,2000,2001,25,26,25,26,381022,201589,381946,201669,927.4567375355036,TRUE,TRUE
5351,X044,2001,2002,26,27,26,27,381946,201669,381841,201313,371.16168983342016,TRUE,TRUE
5352,X044,2002,2003,27,28,27,28,381841,201313,380834,201150,1020.1068571478186,TRUE,TRUE
5353,X049,2000,2001,25,26,25,26,381022,201589,381946,201669,927.4567375355036,TRUE,TRUE
5354,X049,2001,2002,26,27,26,27,381946,201669,381841,201313,371.16168983342016,TRUE,TRUE
5355,X051,2000,2001,25,26,25,26,381022,201589,381946,201669,927.4567375355036,TRUE,TRUE
5356,X051,2001,2002,26,27,26,27,381946,201669,381841,201313,371.16168983342016,TRUE,TRUE
5357,X055,2000,2001,25,26,25,26,381022,201589,381946,201669,927.4567375355036,TRUE,TRUE
5358,X055,2001,2002,26,27,26,27,381946,201669,381841,201313,371.16168983342016,TRUE,TRUE
5359,X065,2000,2001,25,26,25,26,381022,201589,381946,201669,927.4567375355036,TRUE,TRUE
5360,X065,2001,2002,26,27,26,27,381946,201669,381841,201313,371.16168983342016,TRUE,TRUE
5361,X068,2000,2001,25,26,25,26,381022,201589,381946,201669,927.4567375355036,TRUE,TRUE
5362,X068,2001,2002,26,27,26,27,381946,201669,381841,201313,371.16168983342016,TRUE,TRUE
5363,X070,2000,2001,25,26,25,26,381022,201589,381946,201669,927.4567375355036,TRUE,TRUE
5364,X070,2001,2002,26,27,26,27,381946,201669,381841,201313,371.16168983342016,TRUE,TRUE
5365,X070,2002,2003,27,28,27,28,381841,201313,380834,201150,1020.1068571478186,TRUE,TRUE
5366,X070,2003,2004,28,29,28,29,380834,201150,382049,201493,1262.4872276581652,TRUE,TRUE
5367,X070,2004,2005,29,30,29,30,382049,201493,382931,200706,1182.0714868399457,TRUE,TRUE
5368,X073,2000,2001,25,26,25,26,381022,201589,381946,201669,927.4567375355036,TRUE,TRUE
5369,X073,2001,2002,26,27,26,27,381946,201669,381841,201313,371.16168983342016,TRUE,TRUE
5370,X075,2000,2001,25,26,25,26,381022,201589,381946,201669,927.4567375355036,TRUE,TRUE
5371,X075,2001,2002,26,27,26,27,381946,201669,381841,201313,371.16168983342016,TRUE,TRUE
5372,X076,2000,2001,25,26,25,26,381022,201589,381946,201669,927.4567375355036,TRUE,TRUE
5373,X076,2001,2002,26,27,26,27,381946,201669,381841,201313,371.16168983342016,TRUE,TRUE
5374,X076,2002,2003,27,28,27,28,381841,201313,380834,201150,1020.1068571478186,TRUE,TRUE
5375,X076,2003,2004,28,29,28,29,380834,201150,382049,201493,1262.4872276581652,TRUE,TRUE
5376,X078,2000,2001,25,26,25,26,381022,201589,381946,201669,927.4567375355036,TRUE,TRUE
5377,X078,2001,2002,26,27,26,27,381946,201669,381841,201313,371.16168983342016,TRUE,TRUE
5378,X078,2002,2003,27,28,27,28,381841,201313,380834,201150,1020.1068571478186,TRUE,TRUE
5379,X078,2003,2004,28,29,28,29,380834,201150,382049,201493,1262.4872276581652,TRUE,TRUE
5380,X078,2004,2005,29,30,29,30,382049,201493,382931,200706,1182.0714868399457,TRUE,TRUE
5381,X078,2005,2006,30,31,30,31,382931,200706,380649,201388,2381.7321427902007,TRUE,TRUE
5382,X078,2006,2007,31,32,31,32,380649,201388,380279,201409,370.59546678285204,TRUE,TRUE
5383,X078,2007,2008,32,33,32,33,380279,201409,382399,200920,2175.6656452681327,TRUE,TRUE
5384,X080,2000,2001,25,26,25,26,381022,201589,381946,201669,927.4567375355036,TRUE,TRUE
5385,X080,2001,2002,26,27,26,27,381946,201669,381841,201313,371.16168983342016,TRUE,TRUE
5386,X080,2002,2003,27,28,27,28,381841,201313,380834,201150,1020.1068571478186,TRUE,TRUE
5387,X080,2003,2004,28,29,28,29,380834,201150,382049,201493,1262.4872276581652,TRUE,TRUE
5388,X082,2000,2001,25,26,25,26,381022,201589,381946,201669,927.4567375355036,TRUE,TRUE
5389,X082,2001,2002,26,27,26,27,381946,201669,381841,201313,371.16168983342016,TRUE,TRUE
5390,X083,2000,2001,25,26,25,26,381022,201589,381946,201669,927.4567375355036,TRUE,TRUE
5391,X083,2001,2002,26,27,26,27,381946,201669,381841,201313,371.16168983342016,TRUE,TRUE
5392,X084,2000,2001,25,26,25,26,381022,201589,381946,201669,927.4567375355036,TRUE,TRUE
5393,X084,2001,2002,26,27,26,27,381946,201669,381841,201313,371.16168983342016,TRUE,TRUE
5394,X086,2000,2001,25,26,25,26,381022,201589,381946,201669,927.4567375355036,TRUE,TRUE
5395,X086,2001,2002,26,27,26,27,381946,201669,381841,201313,371.16168983342016,TRUE,TRUE
5396,X086,2002,2003,27,28,27,28,381841,201313,380834,201150,1020.1068571478186,TRUE,TRUE
5397,X086,2003,2004,28,29,28,29,380834,201150,382049,201493,1262.4872276581652,TRUE,TRUE
5398,X086,2004,2005,29,30,29,30,382049,201493,382931,200706,1182.0714868399457,TRUE,TRUE
5399,X086,2005,2006,30,31,30,31,382931,200706,380649,201388,2381.7321427902007,TRUE,TRUE
5400,X086,2006,2007,31,32,31,32,380649,201388,380279,201409,370.59546678285204,TRUE,TRUE
5401,X086,2007,2008,32,33,32,33,380279,201409,382399,200920,2175.6656452681327,TRUE,TRUE
5402,X088,2000,2001,25,26,25,26,381022,201589,381946,201669,927.4567375355036,TRUE,TRUE
5403,X088,2001,2002,26,27,26,27,381946,201669,381841,201313,371.16168983342016,TRUE,TRUE
5404,X088,2002,2003,27,28,27,28,381841,201313,380834,201150,1020.1068571478186,TRUE,TRUE
5405,X088,2003,2004,28,29,28,29,380834,201150,382049,201493,1262.4872276581652,TRUE,TRUE
5406,X088,2004,2005,29,30,29,30,382049,201493,382931,200706,1182.0714868399457,TRUE,TRUE
5407,Z066,1994,1995,19,20,19,20,379874,201435,381230,201693,1380.3260484392808,TRUE,TRUE
5408,Z066,1995,1996,20,21,20,21,381230,201693,383675,202710,2648.077415786782,TRUE,TRUE
5409,Z066,1996,1997,21,22,21,22,383675,202710,380707,200454,3728.0772524184636,TRUE,TRUE
5410,X092,2000,2001,25,26,25,26,381022,201589,381946,201669,927.4567375355036,TRUE,TRUE
5411,X092,2001,2002,26,27,26,27,381946,201669,381841,201313,371.16168983342016,TRUE,TRUE
5412,Y001,1981,1982,6,7,6,7,380563,200499,380931,201164,760.0322361584408,TRUE,TRUE
5413,Y001,1982,1983,7,8,7,8,380931,201164,380417,201488,607.595260021011,TRUE,TRUE
5414,Y001,1983,1984,8,9,8,9,380417,201488,381942,201770,1550.8542807111182,TRUE,TRUE
5415,Y001,1984,1985,9,10,9,10,381942,201770,382099,200773,1009.28588615912,TRUE,TRUE
5416,Y004,1981,1982,6,7,6,7,380563,200499,380931,201164,760.0322361584408,TRUE,TRUE
5417,Y004,1982,1983,7,8,7,8,380931,201164,380417,201488,607.595260021011,TRUE,TRUE
5418,Y004,1983,1984,8,9,8,9,380417,201488,381942,201770,1550.8542807111182,TRUE,TRUE
5419,Y004,1984,1985,9,10,9,10,381942,201770,382099,200773,1009.28588615912,TRUE,TRUE
5420,Y004,1985,1986,10,11,10,11,382099,200773,380449,201388,1760.8875602945238,TRUE,TRUE
5421,Y004,1986,1987,11,12,11,12,380449,201388,382916,202222,2604.1591733225523,TRUE,TRUE
5422,Y004,1987,1988,12,13,12,13,382916,202222,380621,201409,2434.747214804855,TRUE,TRUE
5423,Y004,1988,1989,13,14,13,14,380621,201409,380597,201427,30,TRUE,TRUE
5424,Y005,1981,1982,6,7,6,7,380563,200499,380931,201164,760.0322361584408,TRUE,TRUE
5425,Y005,1982,1983,7,8,7,8,380931,201164,380417,201488,607.595260021011,TRUE,TRUE
5426,Y005,1983,1984,8,9,8,9,380417,201488,381942,201770,1550.8542807111182,TRUE,TRUE
5427,Y006,1981,1982,6,7,6,7,380563,200499,380931,201164,760.0322361584408,TRUE,TRUE
5428,Y006,1982,1983,7,8,7,8,380931,201164,380417,201488,607.595260021011,TRUE,TRUE
5429,Y006,1983,1984,8,9,8,9,380417,201488,381942,201770,1550.8542807111182,TRUE,TRUE
5430,Y010,1981,1982,6,7,6,7,380563,200499,380931,201164,760.0322361584408,TRUE,TRUE
5431,Y010,1982,1983,7,8,7,8,380931,201164,380417,201488,607.595260021011,TRUE,TRUE
5432,Y010,1983,1984,8,9,8,9,380417,201488,381942,201770,1550.8542807111182,TRUE,TRUE
5433,Y010,1984,1985,9,10,9,10,381942,201770,382099,200773,1009.28588615912,TRUE,TRUE
5434,Y010,1985,1986,10,11,10,11,382099,200773,380449,201388,1760.8875602945238,TRUE,TRUE
5435,Y010,1986,1987,11,12,11,12,380449,201388,382916,202222,2604.1591733225523,TRUE,TRUE
5436,Y011,1981,1982,6,7,6,7,380563,200499,380931,201164,760.0322361584408,TRUE,TRUE
5437,Y011,1982,1983,7,8,7,8,380931,201164,380417,201488,607.595260021011,TRUE,TRUE
5438,Y011,1983,1984,8,9,8,9,380417,201488,381942,201770,1550.8542807111182,TRUE,TRUE
5439,Y012,1981,1982,6,7,6,7,380563,200499,380931,201164,760.0322361584408,TRUE,TRUE
5440,Y012,1982,1983,7,8,7,8,380931,201164,380417,201488,607.595260021011,TRUE,TRUE
5441,Y015,1981,1982,6,7,6,7,380563,200499,380931,201164,760.0322361584408,TRUE,TRUE
5442,Y015,1982,1983,7,8,7,8,380931,201164,380417,201488,607.595260021011,TRUE,TRUE
5443,Y015,1983,1984,8,9,8,9,380417,201488,381942,201770,1550.8542807111182,TRUE,TRUE
5444,Y016,1981,1982,6,7,6,7,380563,200499,380931,201164,760.0322361584408,TRUE,TRUE
5445,Y016,1982,1983,7,8,7,8,380931,201164,380417,201488,607.595260021011,TRUE,TRUE
5446,Y016,1983,1984,8,9,8,9,380417,201488,381942,201770,1550.8542807111182,TRUE,TRUE
5447,Y016,1984,1985,9,10,9,10,381942,201770,382099,200773,1009.28588615912,TRUE,TRUE
5448,Y017,1981,1982,6,7,6,7,380563,200499,380931,201164,760.0322361584408,TRUE,TRUE
5449,Y017,1982,1983,7,8,7,8,380931,201164,380417,201488,607.595260021011,TRUE,TRUE
5450,Y017,1983,1984,8,9,8,9,380417,201488,381942,201770,1550.8542807111182,TRUE,TRUE
5451,Y018,1981,1982,6,7,6,7,380563,200499,380931,201164,760.0322361584408,TRUE,TRUE
5452,Y018,1982,1983,7,8,7,8,380931,201164,380417,201488,607.595260021011,TRUE,TRUE
5453,Y018,1983,1984,8,9,8,9,380417,201488,381942,201770,1550.8542807111182,TRUE,TRUE
5454,Y018,1984,1985,9,10,9,10,381942,201770,382099,200773,1009.28588615912,TRUE,TRUE
5455,Y018,1985,1986,10,11,10,11,382099,200773,380449,201388,1760.8875602945238,TRUE,TRUE
5456,Y018,1986,1987,11,12,11,12,380449,201388,382916,202222,2604.1591733225523,TRUE,TRUE
5457,Y018,1987,1988,12,13,12,13,382916,202222,380621,201409,2434.747214804855,TRUE,TRUE
5458,Y018,1988,1989,13,14,13,14,380621,201409,380597,201427,30,TRUE,TRUE
5459,Y019,1981,1982,6,7,6,7,380563,200499,380931,201164,760.0322361584408,TRUE,TRUE
5460,Y019,1982,1983,7,8,7,8,380931,201164,380417,201488,607.595260021011,TRUE,TRUE
5461,Y019,1983,1984,8,9,8,9,380417,201488,381942,201770,1550.8542807111182,TRUE,TRUE
5462,Y019,1984,1985,9,10,9,10,381942,201770,382099,200773,1009.28588615912,TRUE,TRUE
5463,Y023,1981,1982,6,7,6,7,380563,200499,380931,201164,760.0322361584408,TRUE,TRUE
5464,Y023,1982,1983,7,8,7,8,380931,201164,380417,201488,607.595260021011,TRUE,TRUE
5465,Y023,1983,1984,8,9,8,9,380417,201488,381942,201770,1550.8542807111182,TRUE,TRUE
5466,Y023,1984,1985,9,10,9,10,381942,201770,382099,200773,1009.28588615912,TRUE,TRUE
5467,Y023,1985,1986,10,11,10,11,382099,200773,380449,201388,1760.8875602945238,TRUE,TRUE
5468,Y023,1986,1987,11,12,11,12,380449,201388,382916,202222,2604.1591733225523,TRUE,TRUE
5469,Y023,1987,1988,12,13,12,13,382916,202222,380621,201409,2434.747214804855,TRUE,TRUE
5470,Y023,1988,1989,13,14,13,14,380621,201409,380597,201427,30,TRUE,TRUE
5471,Y023,1989,1990,14,15,14,15,380597,201427,381241,201774,731.5360551606462,TRUE,TRUE
5472,Y023,1990,1991,15,16,15,16,381241,201774,381157,201365,417.53682472328114,TRUE,TRUE
5473,Y026,1981,1982,6,7,6,7,380563,200499,380931,201164,760.0322361584408,TRUE,TRUE
5474,Y026,1982,1983,7,8,7,8,380931,201164,380417,201488,607.595260021011,TRUE,TRUE
5475,Y026,1983,1984,8,9,8,9,380417,201488,381942,201770,1550.8542807111182,TRUE,TRUE
5476,Y026,1984,1985,9,10,9,10,381942,201770,382099,200773,1009.28588615912,TRUE,TRUE
5477,Y026,1985,1986,10,11,10,11,382099,200773,380449,201388,1760.8875602945238,TRUE,TRUE
5478,Y026,1986,1987,11,12,11,12,380449,201388,382916,202222,2604.1591733225523,TRUE,TRUE
5479,Y026,1987,1988,12,13,12,13,382916,202222,380621,201409,2434.747214804855,TRUE,TRUE
5480,Y026,1988,1989,13,14,13,14,380621,201409,380597,201427,30,TRUE,TRUE
5481,Y026,1989,1990,14,15,14,15,380597,201427,381241,201774,731.5360551606462,TRUE,TRUE
5482,Y029,1981,1982,6,7,6,7,380563,200499,380931,201164,760.0322361584408,TRUE,TRUE
5483,Y029,1982,1983,7,8,7,8,380931,201164,380417,201488,607.595260021011,TRUE,TRUE
5484,Y029,1983,1984,8,9,8,9,380417,201488,381942,201770,1550.8542807111182,TRUE,TRUE
5485,Y029,1984,1985,9,10,9,10,381942,201770,382099,200773,1009.28588615912,TRUE,TRUE
5486,Y033,1981,1982,6,7,6,7,380563,200499,380931,201164,760.0322361584408,TRUE,TRUE
5487,Y033,1982,1983,7,8,7,8,380931,201164,380417,201488,607.595260021011,TRUE,TRUE
5488,Y033,1983,1984,8,9,8,9,380417,201488,381942,201770,1550.8542807111182,TRUE,TRUE
5489,Y033,1984,1985,9,10,9,10,381942,201770,382099,200773,1009.28588615912,TRUE,TRUE
5490,Y033,1985,1986,10,11,10,11,382099,200773,380449,201388,1760.8875602945238,TRUE,TRUE
5491,Y035,1981,1982,6,7,6,7,380563,200499,380931,201164,760.0322361584408,TRUE,TRUE
5492,Y035,1982,1983,7,8,7,8,380931,201164,380417,201488,607.595260021011,TRUE,TRUE
5493,Y035,1983,1984,8,9,8,9,380417,201488,381942,201770,1550.8542807111182,TRUE,TRUE
5494,Y036,1981,1982,6,7,6,7,380563,200499,380931,201164,760.0322361584408,TRUE,TRUE
5495,Y036,1982,1983,7,8,7,8,380931,201164,380417,201488,607.595260021011,TRUE,TRUE
5496,Y038,1981,1982,6,7,6,7,380563,200499,380931,201164,760.0322361584408,TRUE,TRUE
5497,Y038,1982,1983,7,8,7,8,380931,201164,380417,201488,607.595260021011,TRUE,TRUE
5498,Y038,1983,1984,8,9,8,9,380417,201488,381942,201770,1550.8542807111182,TRUE,TRUE
5499,Y039,1981,1982,6,7,6,7,380563,200499,380931,201164,760.0322361584408,TRUE,TRUE
5500,Y039,1982,1983,7,8,7,8,380931,201164,380417,201488,607.595260021011,TRUE,TRUE
5501,Y039,1983,1984,8,9,8,9,380417,201488,381942,201770,1550.8542807111182,TRUE,TRUE
5502,Y039,1984,1985,9,10,9,10,381942,201770,382099,200773,1009.28588615912,TRUE,TRUE
5503,Y039,1985,1986,10,11,10,11,382099,200773,380449,201388,1760.8875602945238,TRUE,TRUE
5504,Y039,1986,1987,11,12,11,12,380449,201388,382916,202222,2604.1591733225523,TRUE,TRUE
5505,Y043,1985,1986,10,11,10,11,382099,200773,380449,201388,1760.8875602945238,TRUE,TRUE
5506,Y043,1986,1987,11,12,11,12,380449,201388,382916,202222,2604.1591733225523,TRUE,TRUE
5507,Y046,1981,1982,6,7,6,7,380563,200499,380931,201164,760.0322361584408,TRUE,TRUE
5508,Y046,1982,1983,7,8,7,8,380931,201164,380417,201488,607.595260021011,TRUE,TRUE
5509,Y046,1983,1984,8,9,8,9,380417,201488,381942,201770,1550.8542807111182,TRUE,TRUE
5510,Y047,1983,1984,8,9,8,9,380417,201488,381942,201770,1550.8542807111182,TRUE,TRUE
5511,Y047,1984,1985,9,10,9,10,381942,201770,382099,200773,1009.28588615912,TRUE,TRUE
5512,Y047,1985,1986,10,11,10,11,382099,200773,380449,201388,1760.8875602945238,TRUE,TRUE
5513,Y047,1986,1987,11,12,11,12,380449,201388,382916,202222,2604.1591733225523,TRUE,TRUE
5514,Y047,1987,1988,12,13,12,13,382916,202222,380621,201409,2434.747214804855,TRUE,TRUE
5515,Y047,1988,1989,13,14,13,14,380621,201409,380597,201427,30,TRUE,TRUE
5516,Y047,1989,1990,14,15,14,15,380597,201427,381241,201774,731.5360551606462,TRUE,TRUE
5517,Y047,1990,1991,15,16,15,16,381241,201774,381157,201365,417.53682472328114,TRUE,TRUE
5518,Y049,1984,1985,9,10,9,10,381942,201770,382099,200773,1009.28588615912,TRUE,TRUE
5519,Y049,1985,1986,10,11,10,11,382099,200773,380449,201388,1760.8875602945238,TRUE,TRUE
5520,Z003,1994,1995,19,20,19,20,379874,201435,381230,201693,1380.3260484392808,TRUE,TRUE
5521,Z003,1995,1996,20,21,20,21,381230,201693,383675,202710,2648.077415786782,TRUE,TRUE
5522,Z003,1996,1997,21,22,21,22,383675,202710,380707,200454,3728.0772524184636,TRUE,TRUE
5523,Z015,1994,1995,19,20,19,20,379874,201435,381230,201693,1380.3260484392808,TRUE,TRUE
5524,Z015,1995,1996,20,21,20,21,381230,201693,383675,202710,2648.077415786782,TRUE,TRUE
5525,Z015,1996,1997,21,22,21,22,383675,202710,380707,200454,3728.0772524184636,TRUE,TRUE
5526,Z015,1997,1998,22,23,22,23,380707,200454,379814,201477,1357.931515209806,TRUE,TRUE
5527,Z016,1994,1995,19,20,19,20,379874,201435,381230,201693,1380.3260484392808,TRUE,TRUE
5528,Z016,1995,1996,20,21,20,21,381230,201693,383675,202710,2648.077415786782,TRUE,TRUE
5529,Z016,1996,1997,21,22,21,22,383675,202710,380707,200454,3728.0772524184636,TRUE,TRUE
5530,Z016,1997,1998,22,23,22,23,380707,200454,379814,201477,1357.931515209806,TRUE,TRUE
5531,Z019,1994,1995,19,20,19,20,379874,201435,381230,201693,1380.3260484392808,TRUE,TRUE
5532,Z019,1995,1996,20,21,20,21,381230,201693,383675,202710,2648.077415786782,TRUE,TRUE
5533,Z021,1994,1995,19,20,19,20,379874,201435,381230,201693,1380.3260484392808,TRUE,TRUE
5534,Z021,1995,1996,20,21,20,21,381230,201693,383675,202710,2648.077415786782,TRUE,TRUE
5535,Z021,1996,1997,21,22,21,22,383675,202710,380707,200454,3728.0772524184636,TRUE,TRUE
5536,Z021,1997,1998,22,23,22,23,380707,200454,379814,201477,1357.931515209806,TRUE,TRUE
5537,Z021,1998,1999,23,24,23,24,379814,201477,380580,201391,770.8125582785999,TRUE,TRUE
5538,Z021,1999,2000,24,25,24,25,380580,201391,381022,201589,484.3222068003903,TRUE,TRUE
5539,Z021,2000,2001,25,26,25,26,381022,201589,381946,201669,927.4567375355036,TRUE,TRUE
5540,Z026,1994,1995,19,20,19,20,379874,201435,381230,201693,1380.3260484392808,TRUE,TRUE
5541,Z026,1995,1996,20,21,20,21,381230,201693,383675,202710,2648.077415786782,TRUE,TRUE
5542,Z028,1994,1995,19,20,19,20,379874,201435,381230,201693,1380.3260484392808,TRUE,TRUE
5543,Z028,1995,1996,20,21,20,21,381230,201693,383675,202710,2648.077415786782,TRUE,TRUE
5544,Z028,1996,1997,21,22,21,22,383675,202710,380707,200454,3728.0772524184636,TRUE,TRUE
5545,Z028,1997,1998,22,23,22,23,380707,200454,379814,201477,1357.931515209806,TRUE,TRUE
5546,Z044,1994,1995,19,20,19,20,379874,201435,381230,201693,1380.3260484392808,TRUE,TRUE
5547,Z044,1995,1996,20,21,20,21,381230,201693,383675,202710,2648.077415786782,TRUE,TRUE
5548,Z044,1996,1997,21,22,21,22,383675,202710,380707,200454,3728.0772524184636,TRUE,TRUE
5549,Z044,1997,1998,22,23,22,23,380707,200454,379814,201477,1357.931515209806,TRUE,TRUE
5550,Z044,1998,1999,23,24,23,24,379814,201477,380580,201391,770.8125582785999,TRUE,TRUE
5551,Z044,1999,2000,24,25,24,25,380580,201391,381022,201589,484.3222068003903,TRUE,TRUE
5552,Z044,2000,2001,25,26,25,26,381022,201589,381946,201669,927.4567375355036,TRUE,TRUE
5553,Z044,2001,2002,26,27,26,27,381946,201669,381841,201313,371.16168983342016,TRUE,TRUE
5554,Z044,2002,2003,27,28,27,28,381841,201313,380834,201150,1020.1068571478186,TRUE,TRUE
5555,Z044,2003,2004,28,29,28,29,380834,201150,382049,201493,1262.4872276581652,TRUE,TRUE
5556,Z044,2004,2005,29,30,29,30,382049,201493,382931,200706,1182.0714868399457,TRUE,TRUE
5557,Z045,1994,1995,19,20,19,20,379874,201435,381230,201693,1380.3260484392808,TRUE,TRUE
5558,Z045,1995,1996,20,21,20,21,381230,201693,383675,202710,2648.077415786782,TRUE,TRUE
5559,Z045,1996,1997,21,22,21,22,383675,202710,380707,200454,3728.0772524184636,TRUE,TRUE
5560,Z045,1997,1998,22,23,22,23,380707,200454,379814,201477,1357.931515209806,TRUE,TRUE
5561,Z048,1994,1995,19,20,19,20,379874,201435,381230,201693,1380.3260484392808,TRUE,TRUE
5562,Z048,1995,1996,20,21,20,21,381230,201693,383675,202710,2648.077415786782,TRUE,TRUE
5563,Z048,1996,1997,21,22,21,22,383675,202710,380707,200454,3728.0772524184636,TRUE,TRUE
5564,Z048,1997,1998,22,23,22,23,380707,200454,379814,201477,1357.931515209806,TRUE,TRUE
5565,Z048,1998,1999,23,24,23,24,379814,201477,380580,201391,770.8125582785999,TRUE,TRUE
5566,Z048,1999,2000,24,25,24,25,380580,201391,381022,201589,484.3222068003903,TRUE,TRUE
5567,Z053,1994,1995,19,20,19,20,379874,201435,381230,201693,1380.3260484392808,TRUE,TRUE
5568,Z053,1995,1996,20,21,20,21,381230,201693,383675,202710,2648.077415786782,TRUE,TRUE
5569,Z053,1996,1997,21,22,21,22,383675,202710,380707,200454,3728.0772524184636,TRUE,TRUE
5570,Z053,1997,1998,22,23,22,23,380707,200454,379814,201477,1357.931515209806,TRUE,TRUE
5571,Z053,1998,1999,23,24,23,24,379814,201477,380580,201391,770.8125582785999,TRUE,TRUE
5572,Z053,1999,2000,24,25,24,25,380580,201391,381022,201589,484.3222068003903,TRUE,TRUE
5573,Z053,2000,2001,25,26,25,26,381022,201589,381946,201669,927.4567375355036,TRUE,TRUE
5574,Z056,1994,1995,19,20,19,20,379874,201435,381230,201693,1380.3260484392808,TRUE,TRUE
5575,Z056,1995,1996,20,21,20,21,381230,201693,383675,202710,2648.077415786782,TRUE,TRUE
5576,Z056,1996,1997,21,22,21,22,383675,202710,380707,200454,3728.0772524184636,TRUE,TRUE
5577,Z056,1997,1998,22,23,22,23,380707,200454,379814,201477,1357.931515209806,TRUE,TRUE
5578,Z056,1998,1999,23,24,23,24,379814,201477,380580,201391,770.8125582785999,TRUE,TRUE
5579,Z056,1999,2000,24,25,24,25,380580,201391,381022,201589,484.3222068003903,TRUE,TRUE
5580,Z056,2000,2001,25,26,25,26,381022,201589,381946,201669,927.4567375355036,TRUE,TRUE
5581,Z056,2001,2002,26,27,26,27,381946,201669,381841,201313,371.16168983342016,TRUE,TRUE
5582,Z056,2002,2003,27,28,27,28,381841,201313,380834,201150,1020.1068571478186,TRUE,TRUE
5583,Z056,2003,2004,28,29,28,29,380834,201150,382049,201493,1262.4872276581652,TRUE,TRUE
5584,Z057,1994,1995,19,20,19,20,379874,201435,381230,201693,1380.3260484392808,TRUE,TRUE
5585,Z057,1995,1996,20,21,20,21,381230,201693,383675,202710,2648.077415786782,TRUE,TRUE
5586,Z057,1996,1997,21,22,21,22,383675,202710,380707,200454,3728.0772524184636,TRUE,TRUE
5587,Z057,1997,1998,22,23,22,23,380707,200454,379814,201477,1357.931515209806,TRUE,TRUE
5588,Z057,1998,1999,23,24,23,24,379814,201477,380580,201391,770.8125582785999,TRUE,TRUE
5589,Z060,1994,1995,19,20,19,20,379874,201435,381230,201693,1380.3260484392808,TRUE,TRUE
5590,Z060,1995,1996,20,21,20,21,381230,201693,383675,202710,2648.077415786782,TRUE,TRUE
5591,Z060,1996,1997,21,22,21,22,383675,202710,380707,200454,3728.0772524184636,TRUE,TRUE
5592,Z060,1997,1998,22,23,22,23,380707,200454,379814,201477,1357.931515209806,TRUE,TRUE
5593,Z061,1994,1995,19,20,19,20,379874,201435,381230,201693,1380.3260484392808,TRUE,TRUE
5594,Z061,1995,1996,20,21,20,21,381230,201693,383675,202710,2648.077415786782,TRUE,TRUE
5595,Z061,1996,1997,21,22,21,22,383675,202710,380707,200454,3728.0772524184636,TRUE,TRUE
5596,Z061,1997,1998,22,23,22,23,380707,200454,379814,201477,1357.931515209806,TRUE,TRUE
5597,Z061,1998,1999,23,24,23,24,379814,201477,380580,201391,770.8125582785999,TRUE,TRUE
5598,Z061,1999,2000,24,25,24,25,380580,201391,381022,201589,484.3222068003903,TRUE,TRUE
5599,Z062,1994,1995,19,20,19,20,379874,201435,381230,201693,1380.3260484392808,TRUE,TRUE
5600,Z062,1995,1996,20,21,20,21,381230,201693,383675,202710,2648.077415786782,TRUE,TRUE
5601,Z063,1994,1995,19,20,19,20,379874,201435,381230,201693,1380.3260484392808,TRUE,TRUE
5602,Z063,1995,1996,20,21,20,21,381230,201693,383675,202710,2648.077415786782,TRUE,TRUE
5603,Z064,1994,1995,19,20,19,20,379874,201435,381230,201693,1380.3260484392808,TRUE,TRUE
5604,Z064,1995,1996,20,21,20,21,381230,201693,383675,202710,2648.077415786782,TRUE,TRUE
5605,Z065,1994,1995,19,20,19,20,379874,201435,381230,201693,1380.3260484392808,TRUE,TRUE
5606,Z065,1995,1996,20,21,20,21,381230,201693,383675,202710,2648.077415786782,TRUE,TRUE
5607,Z071,1994,1995,19,20,19,20,379874,201435,381230,201693,1380.3260484392808,TRUE,TRUE
5608,Z071,1995,1996,20,21,20,21,381230,201693,383675,202710,2648.077415786782,TRUE,TRUE
5609,Z071,1996,1997,21,22,21,22,383675,202710,380707,200454,3728.0772524184636,TRUE,TRUE
5610,Z072,1994,1995,19,20,19,20,379874,201435,381230,201693,1380.3260484392808,TRUE,TRUE
5611,Z072,1995,1996,20,21,20,21,381230,201693,383675,202710,2648.077415786782,TRUE,TRUE
5612,Z073,1994,1995,19,20,19,20,379874,201435,381230,201693,1380.3260484392808,TRUE,TRUE
5613,Z073,1995,1996,20,21,20,21,381230,201693,383675,202710,2648.077415786782,TRUE,TRUE
5614,Z075,1994,1995,19,20,19,20,379874,201435,381230,201693,1380.3260484392808,TRUE,TRUE
5615,Z075,1995,1996,20,21,20,21,381230,201693,383675,202710,2648.077415786782,TRUE,TRUE
5616,Z078,1994,1995,19,20,19,20,379874,201435,381230,201693,1380.3260484392808,TRUE,TRUE
5617,Z078,1995,1996,20,21,20,21,381230,201693,383675,202710,2648.077415786782,TRUE,TRUE
5618,Z085,1994,1995,19,20,19,20,379874,201435,381230,201693,1380.3260484392808,TRUE,TRUE
5619,Z085,1995,1996,20,21,20,21,381230,201693,383675,202710,2648.077415786782,TRUE,TRUE
5620,Z085,1996,1997,21,22,21,22,383675,202710,380707,200454,3728.0772524184636,TRUE,TRUE
5621,Z085,1997,1998,22,23,22,23,380707,200454,379814,201477,1357.931515209806,TRUE,TRUE
5622,Z085,1998,1999,23,24,23,24,379814,201477,380580,201391,770.8125582785999,TRUE,TRUE
5623,Z086,1994,1995,19,20,19,20,379874,201435,381230,201693,1380.3260484392808,TRUE,TRUE
5624,Z086,1995,1996,20,21,20,21,381230,201693,383675,202710,2648.077415786782,TRUE,TRUE
5625,Z087,1994,1995,19,20,19,20,379874,201435,381230,201693,1380.3260484392808,TRUE,TRUE
5626,Z087,1995,1996,20,21,20,21,381230,201693,383675,202710,2648.077415786782,TRUE,TRUE
5627,Z088,1994,1995,19,20,19,20,379874,201435,381230,201693,1380.3260484392808,TRUE,TRUE
5628,Z088,1995,1996,20,21,20,21,381230,201693,383675,202710,2648.077415786782,TRUE,TRUE
5629,Z088,1996,1997,21,22,21,22,383675,202710,380707,200454,3728.0772524184636,TRUE,TRUE
5630,Z088,1997,1998,22,23,22,23,380707,200454,379814,201477,1357.931515209806,TRUE,TRUE
5631,Z088,1998,1999,23,24,23,24,379814,201477,380580,201391,770.8125582785999,TRUE,TRUE
5632,Z089,1994,1995,19,20,19,20,379874,201435,381230,201693,1380.3260484392808,TRUE,TRUE
5633,Z089,1995,1996,20,21,20,21,381230,201693,383675,202710,2648.077415786782,TRUE,TRUE
5634,Z089,1996,1997,21,22,21,22,383675,202710,380707,200454,3728.0772524184636,TRUE,TRUE
5635,Z089,1997,1998,22,23,22,23,380707,200454,379814,201477,1357.931515209806,TRUE,TRUE
5636,Z089,1998,1999,23,24,23,24,379814,201477,380580,201391,770.8125582785999,TRUE,TRUE
5637,Z089,1999,2000,24,25,24,25,380580,201391,381022,201589,484.3222068003903,TRUE,TRUE
5638,Z089,2000,2001,25,26,25,26,381022,201589,381946,201669,927.4567375355036,TRUE,TRUE
5639,Z089,2001,2002,26,27,26,27,381946,201669,381841,201313,371.16168983342016,TRUE,TRUE
5640,Z089,2002,2003,27,28,27,28,381841,201313,380834,201150,1020.1068571478186,TRUE,TRUE
5641,Z089,2003,2004,28,29,28,29,380834,201150,382049,201493,1262.4872276581652,TRUE,TRUE
5642,Z089,2004,2005,29,30,29,30,382049,201493,382931,200706,1182.0714868399457,TRUE,TRUE
5643,Z090,1994,1995,19,20,19,20,379874,201435,381230,201693,1380.3260484392808,TRUE,TRUE
5644,Z090,1995,1996,20,21,20,21,381230,201693,383675,202710,2648.077415786782,TRUE,TRUE
5645,Z090,1996,1997,21,22,21,22,383675,202710,380707,200454,3728.0772524184636,TRUE,TRUE
5646,Z090,1997,1998,22,23,22,23,380707,200454,379814,201477,1357.931515209806,TRUE,TRUE
5647,Z090,1998,1999,23,24,23,24,379814,201477,380580,201391,770.8125582785999,TRUE,TRUE
5648,Z092,1994,1995,19,20,19,20,379874,201435,381230,201693,1380.3260484392808,TRUE,TRUE
5649,Z092,1995,1996,20,21,20,21,381230,201693,383675,202710,2648.077415786782,TRUE,TRUE
5650,Z092,1996,1997,21,22,21,22,383675,202710,380707,200454,3728.0772524184636,TRUE,TRUE
5651,Z092,1997,1998,22,23,22,23,380707,200454,379814,201477,1357.931515209806,TRUE,TRUE
5652,Z092,1998,1999,23,24,23,24,379814,201477,380580,201391,770.8125582785999,TRUE,TRUE
5653,Z092,1999,2000,24,25,24,25,380580,201391,381022,201589,484.3222068003903,TRUE,TRUE
5654,Z092,2000,2001,25,26,25,26,381022,201589,381946,201669,927.4567375355036,TRUE,TRUE
5655,Z093,1994,1995,19,20,19,20,379874,201435,381230,201693,1380.3260484392808,TRUE,TRUE
5656,Z093,1995,1996,20,21,20,21,381230,201693,383675,202710,2648.077415786782,TRUE,TRUE
5657,Z093,1996,1997,21,22,21,22,383675,202710,380707,200454,3728.0772524184636,TRUE,TRUE
5658,Z093,1997,1998,22,23,22,23,380707,200454,379814,201477,1357.931515209806,TRUE,TRUE
5659,Z093,1998,1999,23,24,23,24,379814,201477,380580,201391,770.8125582785999,TRUE,TRUE
5660,Z093,1999,2000,24,25,24,25,380580,201391,381022,201589,484.3222068003903,TRUE,TRUE
5661,Z093,2000,2001,25,26,25,26,381022,201589,381946,201669,927.4567375355036,TRUE,TRUE
5662,Z093,2001,2002,26,27,26,27,381946,201669,381841,201313,371.16168983342016,TRUE,TRUE
5663,Z094,1994,1995,19,20,19,20,379874,201435,381230,201693,1380.3260484392808,TRUE,TRUE
5664,Z094,1995,1996,20,21,20,21,381230,201693,383675,202710,2648.077415786782,TRUE,TRUE
5665,Z094,1996,1997,21,22,21,22,383675,202710,380707,200454,3728.0772524184636,TRUE,TRUE
5666,Z094,1997,1998,22,23,22,23,380707,200454,379814,201477,1357.931515209806,TRUE,TRUE
5667,Z094,1998,1999,23,24,23,24,379814,201477,380580,201391,770.8125582785999,TRUE,TRUE
