individual_id,tattoo,year,quarter,q_index,n_capture_rows,p_min,p_max,p_mean,p_range
1,001A,2014,2,8057,1,0.008363962,0.008363962,0.008363962,0
2,001B,2006,1,8024,1,2.16e-4,2.16e-4,2.16e-4,0
2,001B,2006,2,8025,1,5.8e-4,5.8e-4,5.8e-4,0
2,001B,2009,2,8037,1,0.014018878,0.014018878,0.014018878,0
3,001C,2016,1,8064,1,0.010430666,0.010430666,0.010430666,0
4,001D,2022,2,8089,1,0.002480628,0.002480628,0.002480628,0
5,001E,2013,2,8053,1,0.339180137,0.339180137,0.339180137,0
5,001E,2015,3,8062,1,0.349295901,0.349295901,0.349295901,0
6,001F,2010,1,8040,1,0.100270221,0.100270221,0.100270221,0
6,001F,2010,2,8041,1,0.883955367,0.883955367,0.883955367,0
6,001F,2010,3,8042,1,0.92341148,0.92341148,0.92341148,0
7,001G,2003,1,8012,1,0.013312603,0.013312603,0.013312603,0
8,001H,2020,1,8080,1,0.002918063,0.002918063,0.002918063,0
9,001J,2023,2,8093,1,0.691146789,0.691146789,0.691146789,0
9,001J,2023,3,8094,1,0.722826835,0.722826835,0.722826835,0
10,001K,2012,1,8048,1,0.006737782,0.006737782,0.006737782,0
10,001K,2012,2,8049,1,0.025578636,0.025578636,0.025578636,0
10,001K,2013,3,8054,1,0.756420212,0.756420212,0.756420212,0
10,001K,2014,2,8057,1,0.92617927,0.92617927,0.92617927,0
11,001L,2011,1,8044,1,0.852377578,0.852377578,0.852377578,0
11,001L,2012,2,8049,1,0.921263944,0.921263944,0.921263944,0
11,001L,2013,3,8054,1,0.947627218,0.947627218,0.947627218,0
11,001L,2014,3,8058,1,0.955416489,0.955416489,0.955416489,0
12,001M,2018,1,8072,1,0.030277476,0.030277476,0.030277476,0
13,001N,2009,1,8036,1,0.593482322,0.593482322,0.593482322,0
14,001P,2008,1,8032,1,3.44e-4,3.44e-4,3.44e-4,0
14,001P,2008,2,8033,1,4.95e-4,4.95e-4,4.95e-4,0
14,001P,2008,3,8034,1,0.00306107,0.00306107,0.00306107,0
14,001P,2011,4,8047,1,0.849581015,0.849581015,0.849581015,0
14,001P,2012,3,8050,1,0.998135385,0.998135385,0.998135385,0
14,001P,2012,4,8051,1,0.998773147,0.998773147,0.998773147,0
14,001P,2013,2,8053,1,0.999981373,0.999981373,0.999981373,0
14,001P,2013,4,8055,1,0.999999342,0.999999342,0.999999342,0
14,001P,2014,2,8057,1,1,1,1,0
15,001Q,2024,2,8097,1,0.001309665,0.001309665,0.001309665,0
15,001Q,2024,3,8098,1,0.007214738,0.007214738,0.007214738,0
16,001R,2004,1,8016,2,0.003247228,0.003247228,0.003247228,0
17,001S,2021,1,8084,1,4.44e-5,4.44e-5,4.44e-5,0
17,001S,2021,2,8085,1,3.1e-4,3.1e-4,3.1e-4,0
17,001S,2021,3,8086,1,0.001632492,0.001632492,0.001632492,0
18,001T,2017,1,8068,1,0.008317102,0.008317102,0.008317102,0
20,001V,2015,1,8060,1,0.006208396,0.006208396,0.006208396,0
21,001W,2005,1,8020,1,0.568808651,0.568808651,0.568808651,0
21,001W,2005,2,8021,1,0.619923968,0.619923968,0.619923968,0
22,001X,2025,2,8101,1,0.151748379,0.151748379,0.151748379,0
23,001Y,2007,1,8028,1,0.090339611,0.090339611,0.090339611,0
24,001Z,2019,2,8077,1,8.86e-7,8.86e-7,8.86e-7,0
24,001Z,2019,3,8078,2,1.44e-6,1.44e-6,1.44e-6,0
24,001Z,2019,4,8079,1,5.48e-6,5.48e-6,5.48e-6,0
24,001Z,2020,3,8082,1,3.49e-5,3.49e-5,3.49e-5,0
24,001Z,2020,4,8083,1,7.31e-5,7.31e-5,7.31e-5,0
24,001Z,2021,3,8086,1,1.61e-4,1.61e-4,1.61e-4,0
24,001Z,2021,4,8087,1,2.76e-4,2.76e-4,2.76e-4,0
24,001Z,2022,2,8089,1,0.003866141,0.003866141,0.003866141,0
25,002A,2014,2,8057,1,0.999999999,0.999999999,0.999999999,0
25,002A,2014,3,8058,2,1,1,1,0
25,002A,2014,4,8059,2,1,1,1,0
25,002A,2015,2,8061,1,1,1,1,0
25,002A,2015,3,8062,1,1,1,1,0
25,002A,2015,4,8063,2,1,1,1,0
25,002A,2017,3,8070,1,1,1,1,0
25,002A,2018,2,8073,1,1,1,1,0
26,002B,2006,2,8025,1,2.07e-4,2.07e-4,2.07e-4,0
26,002B,2006,3,8026,1,2.18e-4,2.18e-4,2.18e-4,0
26,002B,2006,4,8027,2,4.18e-4,4.18e-4,4.18e-4,0
26,002B,2007,2,8029,1,0.033990483,0.033990483,0.033990483,0
26,002B,2008,2,8033,1,0.037998159,0.037998159,0.037998159,0
27,002C,2016,1,8064,1,0.200723195,0.200723195,0.200723195,0
27,002C,2016,2,8065,1,0.785736253,0.785736253,0.785736253,0
27,002C,2016,3,8066,1,0.95287772,0.95287772,0.95287772,0
27,002C,2016,4,8067,1,0.999999998,0.999999998,0.999999998,0
28,002D,2022,2,8089,1,0.004664686,0.004664686,0.004664686,0
29,002E,2013,2,8053,1,0.360677632,0.360677632,0.360677632,0
29,002E,2013,3,8054,2,1,1,1,0
29,002E,2014,3,8058,1,1,1,1,0
30,002F,2010,1,8040,1,0.001707732,0.001707732,0.001707732,0
30,002F,2010,2,8041,1,0.01505491,0.01505491,0.01505491,0
30,002F,2010,4,8043,1,0.034040066,0.034040066,0.034040066,0
30,002F,2012,2,8049,1,1,1,1,0
31,002G,2003,1,8012,1,8.12e-7,8.12e-7,8.12e-7,0
31,002G,2005,1,8020,1,9.52e-6,9.52e-6,9.52e-6,0
31,002G,2005,3,8022,1,1.99e-5,1.99e-5,1.99e-5,0
31,002G,2005,4,8023,1,3.11e-5,3.11e-5,3.11e-5,0
31,002G,2007,2,8029,1,5.66e-4,5.66e-4,5.66e-4,0
31,002G,2007,3,8030,1,0.001454243,0.001454243,0.001454243,0
32,002H,2020,1,8080,1,0.002918063,0.002918063,0.002918063,0
33,002J,2023,2,8093,1,0.008228513,0.008228513,0.008228513,0
33,002J,2023,3,8094,1,0.014745696,0.014745696,0.014745696,0
34,002K,2012,1,8048,1,6.85e-6,6.85e-6,6.85e-6,0
34,002K,2012,2,8049,1,2.6e-5,2.6e-5,2.6e-5,0
34,002K,2013,2,8053,1,6.39e-4,6.39e-4,6.39e-4,0
34,002K,2014,1,8056,1,0.004733719,0.004733719,0.004733719,0
34,002K,2014,4,8059,1,0.050243278,0.050243278,0.050243278,0
34,002K,2015,1,8060,1,0.052588859,0.052588859,0.052588859,0
34,002K,2015,2,8061,1,0.05500708,0.05500708,0.05500708,0
34,002K,2015,3,8062,1,0.055084162,0.055084162,0.055084162,0
34,002K,2016,2,8065,1,0.055255225,0.055255225,0.055255225,0
34,002K,2016,4,8067,1,0.055827219,0.055827219,0.055827219,0
34,002K,2017,1,8068,1,0.058604489,0.058604489,0.058604489,0
35,002L,2011,1,8044,1,0.672533776,0.672533776,0.672533776,0
36,002M,2018,1,8072,1,0.006046906,0.006046906,0.006046906,0
37,002N,2009,2,8037,1,1.13e-5,1.13e-5,1.13e-5,0
37,002N,2009,4,8039,1,1.15e-4,1.15e-4,1.15e-4,0
37,002N,2010,2,8041,1,0.004761573,0.004761573,0.004761573,0
37,002N,2010,3,8042,1,0.006968249,0.006968249,0.006968249,0
37,002N,2011,1,8044,1,0.013397704,0.013397704,0.013397704,0
37,002N,2011,2,8045,1,0.021263883,0.021263883,0.021263883,0
37,002N,2011,3,8046,2,0.080440745,0.080440745,0.080440745,0
38,002P,2008,2,8033,1,5.14e-6,5.14e-6,5.14e-6,0
38,002P,2008,3,8034,1,3.45e-5,3.45e-5,3.45e-5,0
38,002P,2008,4,8035,1,5.3e-4,5.3e-4,5.3e-4,0
38,002P,2009,2,8037,1,0.003248358,0.003248358,0.003248358,0
38,002P,2009,3,8038,1,0.004543958,0.004543958,0.004543958,0
38,002P,2010,2,8041,1,0.01048867,0.01048867,0.01048867,0
38,002P,2012,2,8049,1,0.402012341,0.402012341,0.402012341,0
39,002Q,2024,2,8097,1,1.77e-4,1.77e-4,1.77e-4,0
39,002Q,2024,3,8098,1,9.75e-4,9.75e-4,9.75e-4,0
39,002Q,2025,2,8101,1,0.004960917,0.004960917,0.004960917,0
40,002R,2004,1,8016,1,0.013775535,0.013775535,0.013775535,0
41,002S,2021,1,8084,1,3.39e-4,3.39e-4,3.39e-4,0
41,002S,2021,3,8086,1,0.003680884,0.003680884,0.003680884,0
42,002T,2017,1,8068,1,0.060488918,0.060488918,0.060488918,0
42,002T,2017,3,8070,1,0.38657237,0.38657237,0.38657237,0
42,002T,2019,4,8079,1,0.770701422,0.770701422,0.770701422,0
44,002V,2015,1,8060,1,4.51e-13,4.51e-13,4.51e-13,0
44,002V,2015,2,8061,1,3.34e-12,3.34e-12,3.34e-12,0
44,002V,2015,3,8062,1,4.44e-11,4.44e-11,4.44e-11,0
44,002V,2016,1,8064,1,1.42e-9,1.42e-9,1.42e-9,0
44,002V,2017,2,8069,1,2.78e-8,2.78e-8,2.78e-8,0
44,002V,2018,2,8073,1,1.44e-7,1.44e-7,1.44e-7,0
44,002V,2018,3,8074,2,3.26e-7,3.26e-7,3.26e-7,0
44,002V,2018,4,8075,1,7.12e-6,7.12e-6,7.12e-6,0
44,002V,2019,2,8077,1,1.76e-4,1.76e-4,1.76e-4,0
44,002V,2019,3,8078,1,6.41e-4,6.41e-4,6.41e-4,0
44,002V,2019,4,8079,1,0.002915906,0.002915906,0.002915906,0
44,002V,2020,3,8082,1,0.087811147,0.087811147,0.087811147,0
45,002W,2005,2,8021,1,0.01599487,0.01599487,0.01599487,0
46,002X,2025,2,8101,1,0.151748379,0.151748379,0.151748379,0
47,002Y,2007,1,8028,1,3.74e-4,3.74e-4,3.74e-4,0
47,002Y,2007,2,8029,1,5.46e-4,5.46e-4,5.46e-4,0
47,002Y,2011,2,8045,1,0.046529596,0.046529596,0.046529596,0
48,002Z,2019,2,8077,1,0.019379451,0.019379451,0.019379451,0
49,003A,2014,2,8057,1,2.6e-15,2.6e-15,2.6e-15,0
49,003A,2014,3,8058,2,1.22e-14,1.22e-14,1.22e-14,0
49,003A,2014,4,8059,1,5.9e-13,5.9e-13,5.9e-13,0
49,003A,2015,2,8061,2,4.44e-11,4.44e-11,4.44e-11,0
49,003A,2015,3,8062,2,7.57e-9,7.57e-9,7.57e-9,0
49,003A,2015,4,8063,1,2.35e-6,2.35e-6,2.35e-6,0
49,003A,2016,3,8066,1,2.18e-4,2.18e-4,2.18e-4,0
49,003A,2018,2,8073,1,0.002849877,0.002849877,0.002849877,0
49,003A,2019,2,8077,1,0.010816433,0.010816433,0.010816433,0
50,003B,2006,2,8025,1,0.007088862,0.007088862,0.007088862,0
50,003B,2006,3,8026,1,0.01503389,0.01503389,0.01503389,0
50,003B,2006,4,8027,1,0.14944682,0.14944682,0.14944682,0
50,003B,2007,2,8029,1,1,1,1,0
50,003B,2007,3,8030,1,1,1,1,0
51,003C,2016,2,8065,1,0.001402464,0.001402464,0.001402464,0
51,003C,2016,3,8066,1,0.004126978,0.004126978,0.004126978,0
52,003D,2022,2,8089,1,5.8e-6,5.8e-6,5.8e-6,0
52,003D,2022,4,8091,2,4.38e-5,4.38e-5,4.38e-5,0
52,003D,2023,2,8093,1,0.00356974,0.00356974,0.00356974,0
53,003E,2013,2,8053,1,0.360677632,0.360677632,0.360677632,0
53,003E,2013,3,8054,2,1,1,1,0
53,003E,2014,2,8057,1,1,1,1,0
53,003E,2014,3,8058,1,1,1,1,0
54,003F,2010,2,8041,1,0.005015805,0.005015805,0.005015805,0
55,003G,2003,2,8013,1,4.28e-5,4.28e-5,4.28e-5,0
55,003G,2003,3,8014,1,9.79e-5,9.79e-5,9.79e-5,0
55,003G,2003,4,8015,1,2.49e-4,2.49e-4,2.49e-4,0
55,003G,2004,1,8016,1,0.00145632,0.00145632,0.00145632,0
55,003G,2004,2,8017,1,0.00776517,0.00776517,0.00776517,0
56,003H,2020,1,8080,1,0.048135135,0.048135135,0.048135135,0
57,003J,2023,2,8093,1,0.03980635,0.03980635,0.03980635,0
58,003K,2012,2,8049,1,0.016947677,0.016947677,0.016947677,0
59,003L,2011,1,8044,1,1,1,1,0
60,003M,2018,1,8072,1,8.23e-4,8.23e-4,8.23e-4,0
60,003M,2018,3,8074,1,0.006046092,0.006046092,0.006046092,0
61,003N,2009,2,8037,1,0.004401149,0.004401149,0.004401149,0
61,003N,2009,4,8039,1,0.045092024,0.045092024,0.045092024,0
61,003N,2010,2,8041,1,0.137797896,0.137797896,0.137797896,0
61,003N,2010,3,8042,1,1,1,1,0
61,003N,2010,4,8043,1,1,1,1,0
61,003N,2011,1,8044,1,1,1,1,0
61,003N,2011,2,8045,1,1,1,1,0
61,003N,2011,3,8046,2,1,1,1,0
61,003N,2012,2,8049,1,1,1,1,0
62,003P,2008,2,8033,1,0.0017534,0.0017534,0.0017534,0
62,003P,2008,3,8034,1,0.002264387,0.002264387,0.002264387,0
62,003P,2008,4,8035,2,0.010884853,0.010884853,0.010884853,0
63,003Q,2024,2,8097,1,0.001943076,0.001943076,0.001943076,0
64,003R,2004,1,8016,1,0.013775535,0.013775535,0.013775535,0
65,003S,2021,1,8084,1,0.011481987,0.011481987,0.011481987,0
65,003S,2021,2,8085,1,0.080000056,0.080000056,0.080000056,0
65,003S,2022,2,8089,1,0.16451614,0.16451614,0.16451614,0
66,003T,2017,1,8068,1,0.008317102,0.008317102,0.008317102,0
68,003V,2015,1,8060,1,5.15e-7,5.15e-7,5.15e-7,0
68,003V,2015,2,8061,1,3.81e-6,3.81e-6,3.81e-6,0
68,003V,2015,3,8062,1,5.07e-5,5.07e-5,5.07e-5,0
68,003V,2015,4,8063,1,7.09e-4,7.09e-4,7.09e-4,0
68,003V,2016,1,8064,1,0.007699254,0.007699254,0.007699254,0
68,003V,2016,3,8066,1,0.114366636,0.114366636,0.114366636,0
69,003W,2005,2,8021,1,0.01599487,0.01599487,0.01599487,0
70,003X,2025,2,8101,1,0.001363662,0.001363662,0.001363662,0
70,003X,2025,3,8102,1,0.002540754,0.002540754,0.002540754,0
71,003Y,2007,1,8028,1,0.008620108,0.008620108,0.008620108,0
72,003Z,2019,2,8077,1,0.013152247,0.013152247,0.013152247,0
72,003Z,2019,3,8078,1,0.021386181,0.021386181,0.021386181,0
73,004A,2014,2,8057,1,1.43e-5,1.43e-5,1.43e-5,0
73,004A,2014,3,8058,1,2.46e-5,2.46e-5,2.46e-5,0
73,004A,2015,3,8062,1,8.37e-4,8.37e-4,8.37e-4,0
73,004A,2016,2,8065,1,0.010757,0.010757,0.010757,0
74,004B,2006,2,8025,1,3.74e-4,3.74e-4,3.74e-4,0
74,004B,2006,3,8026,1,7.94e-4,7.94e-4,7.94e-4,0
74,004B,2006,4,8027,2,0.007893875,0.007893875,0.007893875,0
75,004C,2016,2,8065,1,4.76e-7,4.76e-7,4.76e-7,0
75,004C,2016,3,8066,1,1.4e-6,1.4e-6,1.4e-6,0
75,004C,2016,4,8067,1,5.91e-6,5.91e-6,5.91e-6,0
75,004C,2017,1,8068,1,6.21e-5,6.21e-5,6.21e-5,0
75,004C,2017,3,8070,1,9.23e-4,9.23e-4,9.23e-4,0
75,004C,2018,3,8074,1,0.010353859,0.010353859,0.010353859,0
76,004D,2022,2,8089,1,5.67e-6,5.67e-6,5.67e-6,0
76,004D,2022,3,8090,1,2.83e-5,2.83e-5,2.83e-5,0
76,004D,2022,4,8091,2,1.39e-4,1.39e-4,1.39e-4,0
77,004E,2013,2,8053,1,6.18e-7,6.18e-7,6.18e-7,0
77,004E,2013,3,8054,1,1.71e-6,1.71e-6,1.71e-6,0
77,004E,2013,4,8055,1,9.84e-6,9.84e-6,9.84e-6,0
77,004E,2014,1,8056,1,1.66e-4,1.66e-4,1.66e-4,0
77,004E,2014,2,8057,1,0.002356666,0.002356666,0.002356666,0
78,004F,2010,2,8041,1,0.999334568,0.999334568,0.999334568,0
78,004F,2010,3,8042,1,0.999932796,0.999932796,0.999932796,0
79,004G,2003,2,8013,1,0.013312603,0.013312603,0.013312603,0
80,004H,2020,3,8082,1,0.002918063,0.002918063,0.002918063,0
81,004J,2023,2,8093,1,0.00239348,0.00239348,0.00239348,0
82,004K,2012,2,8049,1,0.484649983,0.484649983,0.484649983,0
82,004K,2012,3,8050,1,0.519879054,0.519879054,0.519879054,0
83,004L,2011,1,8044,1,0.00867597,0.00867597,0.00867597,0
83,004L,2011,2,8045,1,0.070330224,0.070330224,0.070330224,0
84,004M,2018,2,8073,1,0.021010477,0.021010477,0.021010477,0
84,004M,2019,3,8078,1,0.067864122,0.067864122,0.067864122,0
85,004N,2009,2,8037,1,0.004296131,0.004296131,0.004296131,0
86,004P,2008,2,8033,1,0.00304705,0.00304705,0.00304705,0
86,004P,2009,2,8037,1,0.007287493,0.007287493,0.007287493,0
87,004Q,2024,2,8097,1,3e-6,3e-6,3e-6,0
87,004Q,2024,3,8098,1,1.65e-5,1.65e-5,1.65e-5,0
87,004Q,2024,4,8099,2,8.29e-5,8.29e-5,8.29e-5,0
87,004Q,2025,2,8101,1,0.016428552,0.016428552,0.016428552,0
88,004R,2004,1,8016,1,0.00352428,0.00352428,0.00352428,0
88,004R,2005,2,8021,1,0.029476784,0.029476784,0.029476784,0
89,004S,2021,2,8085,1,5.91e-6,5.91e-6,5.91e-6,0
89,004S,2021,3,8086,1,2.93e-5,2.93e-5,2.93e-5,0
89,004S,2021,4,8087,1,1.44e-4,1.44e-4,1.44e-4,0
89,004S,2022,2,8089,1,0.003734633,0.003734633,0.003734633,0
90,004T,2017,1,8068,1,0.126574978,0.126574978,0.126574978,0
92,004V,2015,1,8060,1,0.031065846,0.031065846,0.031065846,0
93,004W,2005,2,8021,1,2.66e-7,2.66e-7,2.66e-7,0
93,004W,2005,3,8022,1,5.77e-7,5.77e-7,5.77e-7,0
93,004W,2005,4,8023,1,1.43e-6,1.43e-6,1.43e-6,0
93,004W,2006,2,8025,1,1.69e-5,1.69e-5,1.69e-5,0
93,004W,2006,4,8027,1,1.89e-5,1.89e-5,1.89e-5,0
93,004W,2007,2,8029,1,1.14e-4,1.14e-4,1.14e-4,0
93,004W,2007,3,8030,1,0.001002141,0.001002141,0.001002141,0
94,004X,2025,3,8102,2,1.78e-4,1.78e-4,1.78e-4,0
94,004X,2025,4,8103,1,9.4e-4,9.4e-4,9.4e-4,0
95,004Y,2007,2,8029,1,0.003835037,0.003835037,0.003835037,0
96,004Z,2019,2,8077,1,3.14e-5,3.14e-5,3.14e-5,0
96,004Z,2019,3,8078,1,5.11e-5,5.11e-5,5.11e-5,0
96,004Z,2019,4,8079,2,1.48e-4,1.48e-4,1.48e-4,0
96,004Z,2020,3,8082,1,0.005504005,0.005504005,0.005504005,0
97,005A,2014,2,8057,1,2.77e-5,2.77e-5,2.77e-5,0
97,005A,2014,3,8058,2,4.75e-5,4.75e-5,4.75e-5,0
97,005A,2014,4,8059,1,2.86e-4,2.86e-4,2.86e-4,0
97,005A,2015,3,8062,1,0.005053923,0.005053923,0.005053923,0
98,005B,2006,2,8025,1,1.51e-5,1.51e-5,1.51e-5,0
98,005B,2006,3,8026,1,3.21e-5,3.21e-5,3.21e-5,0
98,005B,2006,4,8027,2,3.19e-4,3.19e-4,3.19e-4,0
98,005B,2007,2,8029,1,0.002775497,0.002775497,0.002775497,0
99,005C,2016,2,8065,1,2.76e-5,2.76e-5,2.76e-5,0
99,005C,2016,4,8067,1,1.15e-4,1.15e-4,1.15e-4,0
99,005C,2017,1,8068,1,5.42e-4,5.42e-4,5.42e-4,0
99,005C,2018,3,8074,1,0.016453632,0.016453632,0.016453632,0
100,005D,2022,2,8089,1,3.96e-6,3.96e-6,3.96e-6,0
100,005D,2022,4,8091,2,9.02e-6,9.02e-6,9.02e-6,0
100,005D,2023,2,8093,1,4.78e-4,4.78e-4,4.78e-4,0
100,005D,2023,4,8095,1,0.002602733,0.002602733,0.002602733,0
101,005E,2013,2,8053,1,1.47e-4,1.47e-4,1.47e-4,0
101,005E,2013,3,8054,1,4.09e-4,4.09e-4,4.09e-4,0
101,005E,2013,4,8055,1,0.002348642,0.002348642,0.002348642,0
102,005F,2010,2,8041,1,0.005015805,0.005015805,0.005015805,0
103,005G,2003,2,8013,1,0.013312603,0.013312603,0.013312603,0
104,005H,2020,3,8082,2,2.32e-5,2.32e-5,2.32e-5,0
104,005H,2020,4,8083,1,4.46e-4,4.46e-4,4.46e-4,0
104,005H,2021,2,8085,1,0.012868343,0.012868343,0.012868343,0
104,005H,2021,3,8086,1,0.019536082,0.019536082,0.019536082,0
105,005J,2023,3,8094,1,4.23e-5,4.23e-5,4.23e-5,0
105,005J,2024,2,8097,2,5.7e-4,5.7e-4,5.7e-4,0
106,005K,2012,2,8049,1,0.016947677,0.016947677,0.016947677,0
107,005L,2011,2,8045,1,1.37e-12,1.37e-12,1.37e-12,0
107,005L,2011,3,8046,1,4.25e-12,4.25e-12,4.25e-12,0
107,005L,2011,4,8047,1,2.57e-11,2.57e-11,2.57e-11,0
107,005L,2012,1,8048,1,5.36e-10,5.36e-10,5.36e-10,0
107,005L,2012,2,8049,1,7.68e-9,7.68e-9,7.68e-9,0
107,005L,2012,3,8050,1,6.12e-8,6.12e-8,6.12e-8,0
107,005L,2012,4,8051,1,4.59e-7,4.59e-7,4.59e-7,0
107,005L,2013,2,8053,1,1.21e-6,1.21e-6,1.21e-6,0
107,005L,2013,3,8054,1,4.27e-6,4.27e-6,4.27e-6,0
107,005L,2013,4,8055,1,2.7e-5,2.7e-5,2.7e-5,0
107,005L,2014,2,8057,1,9.85e-4,9.85e-4,9.85e-4,0
107,005L,2014,3,8058,1,0.008355223,0.008355223,0.008355223,0
108,005M,2018,2,8073,1,0.004330462,0.004330462,0.004330462,0
108,005M,2019,3,8078,1,0.013987451,0.013987451,0.013987451,0
109,005N,2009,2,8037,1,3e-12,3e-12,3e-12,0
109,005N,2009,3,8038,1,1.99e-11,1.99e-11,1.99e-11,0
109,005N,2009,4,8039,2,3.06e-10,3.06e-10,3.06e-10,0
109,005N,2010,2,8041,1,8.7e-7,8.7e-7,8.7e-7,0
109,005N,2010,3,8042,1,8.96e-6,8.96e-6,8.96e-6,0
109,005N,2010,4,8043,1,1.45e-4,1.45e-4,1.45e-4,0
109,005N,2011,2,8045,1,0.007137495,0.007137495,0.007137495,0
110,005P,2008,2,8033,1,2.02e-4,2.02e-4,2.02e-4,0
110,005P,2010,3,8042,1,0.0106603,0.0106603,0.0106603,0
111,005Q,2024,2,8097,1,0.001943076,0.001943076,0.001943076,0
112,005R,2004,1,8016,1,0.013775535,0.013775535,0.013775535,0
113,005S,2021,2,8085,1,2.96e-5,2.96e-5,2.96e-5,0
113,005S,2021,3,8086,1,5.25e-5,5.25e-5,5.25e-5,0
113,005S,2021,4,8087,2,1.64e-4,1.64e-4,1.64e-4,0
114,005T,2017,2,8069,1,2.17e-6,2.17e-6,2.17e-6,0
114,005T,2017,3,8070,1,6.9e-6,6.9e-6,6.9e-6,0
114,005T,2017,4,8071,1,3e-5,3e-5,3e-5,0
114,005T,2018,1,8072,1,3.06e-4,3.06e-4,3.06e-4,0
114,005T,2018,2,8073,1,0.002879828,0.002879828,0.002879828,0
114,005T,2018,3,8074,1,0.005368454,0.005368454,0.005368454,0
114,005T,2018,4,8075,1,0.017531393,0.017531393,0.017531393,0
114,005T,2019,1,8076,1,0.153539208,0.153539208,0.153539208,0
114,005T,2019,2,8077,1,0.227419573,0.227419573,0.227419573,0
114,005T,2019,3,8078,1,0.248702252,0.248702252,0.248702252,0
116,005V,2015,1,8060,1,1.36e-5,1.36e-5,1.36e-5,0
116,005V,2015,2,8061,1,1.01e-4,1.01e-4,1.01e-4,0
116,005V,2015,3,8062,1,0.001342561,0.001342561,0.001342561,0
117,005W,2005,2,8021,1,5.17e-5,5.17e-5,5.17e-5,0
117,005W,2005,3,8022,2,1.12e-4,1.12e-4,1.12e-4,0
117,005W,2005,4,8023,1,8.23e-4,8.23e-4,8.23e-4,0
117,005W,2006,2,8025,1,0.013748715,0.013748715,0.013748715,0
118,005X,2025,3,8102,2,9.11e-4,9.11e-4,9.11e-4,0
118,005X,2025,4,8103,1,0.004805476,0.004805476,0.004805476,0
119,005Y,2007,2,8029,1,0.003835037,0.003835037,0.003835037,0
120,005Z,2019,2,8077,1,0.001758442,0.001758442,0.001758442,0
120,005Z,2019,3,8078,1,0.002859311,0.002859311,0.002859311,0
120,005Z,2019,4,8079,1,0.00825102,0.00825102,0.00825102,0
121,006A,2014,2,8057,1,8.84e-7,8.84e-7,8.84e-7,0
121,006A,2014,3,8058,1,4.14e-6,4.14e-6,4.14e-6,0
121,006A,2014,4,8059,1,4.98e-5,4.98e-5,4.98e-5,0
121,006A,2015,2,8061,1,0.001886974,0.001886974,0.001886974,0
121,006A,2016,2,8065,1,0.003867659,0.003867659,0.003867659,0
121,006A,2017,3,8070,1,0.017765831,0.017765831,0.017765831,0
122,006B,2006,2,8025,1,0.017462245,0.017462245,0.017462245,0
123,006C,2016,2,8065,1,6.34e-8,6.34e-8,6.34e-8,0
123,006C,2016,3,8066,1,1.87e-7,1.87e-7,1.87e-7,0
123,006C,2016,4,8067,1,7.87e-7,7.87e-7,7.87e-7,0
123,006C,2017,1,8068,1,8.27e-6,8.27e-6,8.27e-6,0
123,006C,2017,4,8071,1,1.52e-4,1.52e-4,1.52e-4,0
123,006C,2018,3,8074,1,0.001188463,0.001188463,0.001188463,0
123,006C,2018,4,8075,1,0.002521778,0.002521778,0.002521778,0
124,006D,2022,2,8089,1,0.002480628,0.002480628,0.002480628,0
125,006E,2013,2,8053,1,3.39e-7,3.39e-7,3.39e-7,0
125,006E,2013,3,8054,1,9.39e-7,9.39e-7,9.39e-7,0
125,006E,2013,4,8055,1,5.39e-6,5.39e-6,5.39e-6,0
125,006E,2014,2,8057,1,1.93e-4,1.93e-4,1.93e-4,0
125,006E,2014,3,8058,1,0.001639122,0.001639122,0.001639122,0
126,006F,2010,2,8041,1,0.005015805,0.005015805,0.005015805,0
127,006G,2003,2,8013,1,7.82e-4,7.82e-4,7.82e-4,0
127,006G,2003,4,8015,1,0.002430846,0.002430846,0.002430846,0
127,006G,2004,2,8017,1,0.01384697,0.01384697,0.01384697,0
128,006H,2020,3,8082,1,0.002918063,0.002918063,0.002918063,0
129,006J,2023,3,8094,1,0.012163552,0.012163552,0.012163552,0
130,006K,2012,2,8049,1,0.22966795,0.22966795,0.22966795,0
130,006K,2012,3,8050,1,0.66032745,0.66032745,0.66032745,0
131,006L,2011,3,8046,2,0.136561168,0.136561168,0.136561168,0
131,006L,2011,4,8047,1,0.222048672,0.222048672,0.222048672,0
131,006L,2012,2,8049,1,0.232041263,0.232041263,0.232041263,0
131,006L,2012,3,8050,2,0.272764849,0.272764849,0.272764849,0
131,006L,2013,2,8053,1,0.983607941,0.983607941,0.983607941,0
131,006L,2013,3,8054,1,0.988831396,0.988831396,0.988831396,0
131,006L,2014,2,8057,1,0.999127596,0.999127596,0.999127596,0
132,006M,2018,2,8073,1,0.886978064,0.886978064,0.886978064,0
132,006M,2018,3,8074,2,0.91256217,0.91256217,0.91256217,0
132,006M,2019,3,8078,1,0.91322212,0.91322212,0.91322212,0
133,006N,2009,2,8037,1,0.100155621,0.100155621,0.100155621,0
134,006P,2008,2,8033,1,1.21e-4,1.21e-4,1.21e-4,0
134,006P,2008,3,8034,1,8.12e-4,8.12e-4,8.12e-4,0
134,006P,2008,4,8035,1,0.012471127,0.012471127,0.012471127,0
135,006Q,2024,2,8097,1,3.54e-8,3.54e-8,3.54e-8,0
135,006Q,2024,3,8098,1,1.95e-7,1.95e-7,1.95e-7,0
135,006Q,2024,4,8099,1,9.79e-7,9.79e-7,9.79e-7,0
135,006Q,2025,2,8101,2,2.63e-5,2.63e-5,2.63e-5,0
135,006Q,2025,3,8102,2,5.59e-4,5.59e-4,5.59e-4,0
135,006Q,2025,4,8103,1,0.004455239,0.004455239,0.004455239,0
136,006R,2004,2,8017,1,0.013775535,0.013775535,0.013775535,0
137,006S,2021,2,8085,1,0.001150377,0.001150377,0.001150377,0
137,006S,2021,3,8086,1,0.005701651,0.005701651,0.005701651,0
137,006S,2021,4,8087,1,0.01005164,0.01005164,0.01005164,0
138,006T,2017,2,8069,1,3.51e-7,3.51e-7,3.51e-7,0
138,006T,2017,3,8070,1,1.12e-6,1.12e-6,1.12e-6,0
138,006T,2017,4,8071,1,4.85e-6,4.85e-6,4.85e-6,0
138,006T,2018,1,8072,1,4.94e-5,4.94e-5,4.94e-5,0
138,006T,2018,2,8073,1,4.65e-4,4.65e-4,4.65e-4,0
138,006T,2018,3,8074,1,0.002528751,0.002528751,0.002528751,0
140,006V,2015,1,8060,1,0.138788787,0.138788787,0.138788787,0
141,006W,2005,2,8021,1,0.01599487,0.01599487,0.01599487,0
142,006X,2025,3,8102,1,0.006918778,0.006918778,0.006918778,0
142,006X,2025,4,8103,1,0.010789903,0.010789903,0.010789903,0
143,006Y,2007,2,8029,1,8.75e-5,8.75e-5,8.75e-5,0
143,006Y,2007,4,8031,1,9.45e-4,9.45e-4,9.45e-4,0
143,006Y,2008,1,8032,1,0.001807908,0.001807908,0.001807908,0
143,006Y,2008,2,8033,1,0.003218037,0.003218037,0.003218037,0
144,006Z,2019,2,8077,1,0.002607585,0.002607585,0.002607585,0
144,006Z,2019,3,8078,1,0.004240057,0.004240057,0.004240057,0
145,007A,2014,2,8057,1,0.167592542,0.167592542,0.167592542,0
145,007A,2014,3,8058,1,0.784754479,0.784754479,0.784754479,0
145,007A,2015,2,8061,1,0.801494383,0.801494383,0.801494383,0
145,007A,2016,2,8065,1,0.804216786,0.804216786,0.804216786,0
146,007B,2006,2,8025,1,3.74e-4,3.74e-4,3.74e-4,0
146,007B,2006,3,8026,1,7.94e-4,7.94e-4,7.94e-4,0
146,007B,2006,4,8027,2,0.007893875,0.007893875,0.007893875,0
147,007C,2016,2,8065,1,3.04e-7,3.04e-7,3.04e-7,0
147,007C,2016,3,8066,1,8.95e-7,8.95e-7,8.95e-7,0
147,007C,2016,4,8067,1,3.77e-6,3.77e-6,3.77e-6,0
147,007C,2017,1,8068,1,3.97e-5,3.97e-5,3.97e-5,0
147,007C,2017,3,8070,2,5.9e-4,5.9e-4,5.9e-4,0
147,007C,2017,4,8071,1,0.002160073,0.002160073,0.002160073,0
148,007D,2022,3,8090,2,3.9e-6,3.9e-6,3.9e-6,0
148,007D,2022,4,8091,1,1.89e-5,1.89e-5,1.89e-5,0
148,007D,2023,2,8093,1,4.86e-4,4.86e-4,4.86e-4,0
148,007D,2023,3,8094,1,0.001772336,0.001772336,0.001772336,0
149,007E,2013,2,8053,1,0.001689626,0.001689626,0.001689626,0
149,007E,2013,3,8054,1,0.004684587,0.004684587,0.004684587,0
150,007F,2010,2,8041,1,0.00184383,0.00184383,0.00184383,0
150,007F,2011,2,8045,1,0.044335211,0.044335211,0.044335211,0
150,007F,2013,2,8053,1,0.98796795,0.98796795,0.98796795,0
150,007F,2014,3,8058,1,1,1,1,0
151,007G,2003,2,8013,1,1.95e-6,1.95e-6,1.95e-6,0
151,007G,2003,4,8015,1,6.07e-6,6.07e-6,6.07e-6,0
151,007G,2004,2,8017,1,3.46e-5,3.46e-5,3.46e-5,0
151,007G,2004,3,8018,1,7.81e-5,7.81e-5,7.81e-5,0
151,007G,2005,3,8022,1,9.05e-4,9.05e-4,9.05e-4,0
151,007G,2006,3,8026,1,0.004327879,0.004327879,0.004327879,0
152,007H,2020,3,8082,2,3.83e-4,3.83e-4,3.83e-4,0
153,007J,2023,3,8094,1,0.00239348,0.00239348,0.00239348,0
154,007K,2012,2,8049,1,0.016947677,0.016947677,0.016947677,0
155,007L,2011,3,8046,1,0.00118629,0.00118629,0.00118629,0
155,007L,2011,4,8047,1,0.002817381,0.002817381,0.002817381,0
156,007M,2018,2,8073,1,8.85e-7,8.85e-7,8.85e-7,0
156,007M,2018,3,8074,2,3.15e-6,3.15e-6,3.15e-6,0
156,007M,2018,4,8075,1,8.77e-5,8.77e-5,8.77e-5,0
156,007M,2019,2,8077,1,0.002195487,0.002195487,0.002195487,0
156,007M,2019,3,8078,1,0.003322358,0.003322358,0.003322358,0
156,007M,2021,2,8085,1,0.057964463,0.057964463,0.057964463,0
157,007N,2009,2,8037,1,1.67e-4,1.67e-4,1.67e-4,0
157,007N,2009,3,8038,1,0.001107743,0.001107743,0.001107743,0
158,007P,2008,2,8033,1,0.003147182,0.003147182,0.003147182,0
158,007P,2008,4,8035,1,0.032529401,0.032529401,0.032529401,0
159,007Q,2024,2,8097,1,4.43e-6,4.43e-6,4.43e-6,0
159,007Q,2024,3,8098,1,2.44e-5,2.44e-5,2.44e-5,0
159,007Q,2024,4,8099,2,1.22e-4,1.22e-4,1.22e-4,0
160,007R,2004,2,8017,1,0.013775535,0.013775535,0.013775535,0
161,007S,2021,2,8085,1,0.001704394,0.001704394,0.001704394,0
161,007S,2021,3,8086,1,0.008447541,0.008447541,0.008447541,0
162,007T,2017,2,8069,1,1.53e-4,1.53e-4,1.53e-4,0
162,007T,2017,3,8070,1,4.87e-4,4.87e-4,4.87e-4,0
162,007T,2018,2,8073,1,0.007774814,0.007774814,0.007774814,0
164,007V,2015,2,8061,1,0.735773489,0.735773489,0.735773489,0
165,007W,2005,2,8021,1,0.003832652,0.003832652,0.003832652,0
165,007W,2005,3,8022,1,0.008324816,0.008324816,0.008324816,0
166,007X,2025,3,8102,1,0.002013243,0.002013243,0.002013243,0
167,007Y,2007,2,8029,1,1.73e-7,1.73e-7,1.73e-7,0
167,007Y,2007,3,8030,1,1.21e-6,1.21e-6,1.21e-6,0
167,007Y,2008,1,8032,1,5.21e-5,5.21e-5,5.21e-5,0
167,007Y,2008,2,8033,1,1.07e-4,1.07e-4,1.07e-4,0
167,007Y,2008,3,8034,1,0.001038817,0.001038817,0.001038817,0
168,007Z,2019,2,8077,1,0.002590112,0.002590112,0.002590112,0
168,007Z,2019,3,8078,1,0.010912173,0.010912173,0.010912173,0
169,008A,2014,2,8057,1,4.54e-4,4.54e-4,4.54e-4,0
169,008A,2014,3,8058,1,0.002125042,0.002125042,0.002125042,0
169,008A,2014,4,8059,1,0.0255414,0.0255414,0.0255414,0
169,008A,2015,1,8060,1,0.83269015,0.83269015,0.83269015,0
169,008A,2015,2,8061,1,0.994831716,0.994831716,0.994831716,0
169,008A,2015,3,8062,1,1,1,1,0
169,008A,2015,4,8063,1,1,1,1,0
170,008B,2006,2,8025,1,2.85e-9,2.85e-9,2.85e-9,0
170,008B,2006,3,8026,1,3.01e-9,3.01e-9,3.01e-9,0
170,008B,2006,4,8027,1,5.77e-9,5.77e-9,5.77e-9,0
170,008B,2007,2,8029,1,2.32e-8,2.32e-8,2.32e-8,0
170,008B,2008,2,8033,1,7.28e-7,7.28e-7,7.28e-7,0
170,008B,2009,2,8037,1,1.79e-5,1.79e-5,1.79e-5,0
170,008B,2010,3,8042,1,5.44e-4,5.44e-4,5.44e-4,0
170,008B,2011,2,8045,1,0.00911891,0.00911891,0.00911891,0
171,008C,2016,2,8065,1,1.86e-4,1.86e-4,1.86e-4,0
171,008C,2016,3,8066,1,5.48e-4,5.48e-4,5.48e-4,0
171,008C,2016,4,8067,1,0.00231202,0.00231202,0.00231202,0
172,008D,2022,3,8090,1,0.002480628,0.002480628,0.002480628,0
173,008E,2013,2,8053,1,0.001689626,0.001689626,0.001689626,0
173,008E,2013,3,8054,1,0.004684587,0.004684587,0.004684587,0
174,008F,2010,2,8041,1,0.005015805,0.005015805,0.005015805,0
175,008G,2003,2,8013,1,0.003206712,0.003206712,0.003206712,0
175,008G,2003,4,8015,1,0.009968541,0.009968541,0.009968541,0
176,008H,2020,3,8082,1,0.002918063,0.002918063,0.002918063,0
177,008J,2023,3,8094,1,0.012163552,0.012163552,0.012163552,0
178,008K,2012,2,8049,1,0.016947677,0.016947677,0.016947677,0
179,008L,2011,3,8046,2,6.5e-4,6.5e-4,6.5e-4,0
179,008L,2012,2,8049,1,0.057694121,0.057694121,0.057694121,0
179,008L,2013,2,8053,1,0.866686189,0.866686189,0.866686189,0
180,008M,2018,2,8073,1,2.28e-5,2.28e-5,2.28e-5,0
180,008M,2018,3,8074,2,3.41e-5,3.41e-5,3.41e-5,0
180,008M,2018,4,8075,1,4.58e-4,4.58e-4,4.58e-4,0
180,008M,2019,2,8077,1,0.01101566,0.01101566,0.01101566,0
180,008M,2019,3,8078,1,0.016660227,0.016660227,0.016660227,0
180,008M,2020,3,8082,1,0.048352942,0.048352942,0.048352942,0
181,008N,2009,2,8037,1,0.068140612,0.068140612,0.068140612,0
181,008N,2009,3,8038,1,0.083069472,0.083069472,0.083069472,0
182,008P,2008,2,8033,1,6.23e-6,6.23e-6,6.23e-6,0
182,008P,2008,3,8034,1,7.61e-6,7.61e-6,7.61e-6,0
182,008P,2009,1,8036,1,1.1e-5,1.1e-5,1.1e-5,0
182,008P,2009,2,8037,1,1.11e-5,1.11e-5,1.11e-5,0
182,008P,2009,4,8039,2,1.11e-5,1.11e-5,1.11e-5,0
182,008P,2010,2,8041,1,2.14e-5,2.14e-5,2.14e-5,0
182,008P,2011,1,8044,1,2.97e-4,2.97e-4,2.97e-4,0
182,008P,2011,2,8045,1,0.004119697,0.004119697,0.004119697,0
183,008Q,2024,2,8097,1,3.07e-6,3.07e-6,3.07e-6,0
183,008Q,2024,3,8098,1,1.69e-5,1.69e-5,1.69e-5,0
183,008Q,2024,4,8099,1,8.49e-5,8.49e-5,8.49e-5,0
183,008Q,2025,3,8102,1,0.003068497,0.003068497,0.003068497,0
183,008Q,2025,4,8103,1,0.006954632,0.006954632,0.006954632,0
184,008R,2004,2,8017,1,0.013775535,0.013775535,0.013775535,0
185,008S,2021,2,8085,1,0.01283606,0.01283606,0.01283606,0
186,008T,2017,2,8069,1,0.00569133,0.00569133,0.00569133,0
186,008T,2017,3,8070,1,0.008107181,0.008107181,0.008107181,0
188,008V,2015,2,8061,1,0.006208396,0.006208396,0.006208396,0
189,008W,2005,2,8021,1,2.08e-4,2.08e-4,2.08e-4,0
189,008W,2005,3,8022,1,4.53e-4,4.53e-4,4.53e-4,0
189,008W,2009,2,8037,1,0.017348945,0.017348945,0.017348945,0
190,008X,2025,3,8102,1,9.12e-4,9.12e-4,9.12e-4,0
190,008X,2025,4,8103,2,0.003531208,0.003531208,0.003531208,0
191,008Y,2007,2,8029,1,0.002851026,0.002851026,0.002851026,0
191,008Y,2007,3,8030,1,0.019916242,0.019916242,0.019916242,0
192,008Z,2019,2,8077,1,0.013152247,0.013152247,0.013152247,0
192,008Z,2019,3,8078,1,0.021386181,0.021386181,0.021386181,0
193,009A,2014,2,8057,1,0.001999499,0.001999499,0.001999499,0
193,009A,2014,3,8058,1,0.009362681,0.009362681,0.009362681,0
194,009B,2006,2,8025,1,3.5e-5,3.5e-5,3.5e-5,0
194,009B,2006,3,8026,1,3.7e-5,3.7e-5,3.7e-5,0
194,009B,2006,4,8027,1,5.2e-5,5.2e-5,5.2e-5,0
194,009B,2007,2,8029,1,1.47e-4,1.47e-4,1.47e-4,0
194,009B,2007,3,8030,1,0.001035246,0.001035246,0.001035246,0
195,009C,2016,2,8065,1,2.49e-5,2.49e-5,2.49e-5,0
195,009C,2016,3,8066,1,7.33e-5,7.33e-5,7.33e-5,0
195,009C,2016,4,8067,1,3.09e-4,3.09e-4,3.09e-4,0
195,009C,2017,1,8068,1,0.003249677,0.003249677,0.003249677,0
196,009D,2022,3,8090,1,0.001676834,0.001676834,0.001676834,0
196,009D,2022,4,8091,1,0.002522807,0.002522807,0.002522807,0
197,009E,2013,2,8053,1,0.018893448,0.018893448,0.018893448,0
198,009F,2010,2,8041,1,0.046087786,0.046087786,0.046087786,0
198,009F,2010,4,8043,2,0.439830546,0.439830546,0.439830546,0
198,009F,2011,1,8044,1,0.997904006,0.997904006,0.997904006,0
198,009F,2011,2,8045,1,0.999935334,0.999935334,0.999935334,0
198,009F,2011,3,8046,1,0.999969617,0.999969617,0.999969617,0
199,009G,2003,2,8013,1,0.013312603,0.013312603,0.013312603,0
200,009H,2020,3,8082,2,3.83e-4,3.83e-4,3.83e-4,0
201,009J,2023,4,8095,2,0.001608839,0.001608839,0.001608839,0
202,009K,2012,2,8049,1,0.051151562,0.051151562,0.051151562,0
202,009K,2012,3,8050,1,0.054869755,0.054869755,0.054869755,0
202,009K,2012,4,8051,2,0.082490443,0.082490443,0.082490443,0
202,009K,2013,2,8053,2,1,1,1,0
202,009K,2013,3,8054,2,1,1,1,0
203,009L,2011,3,8046,2,0.002224884,0.002224884,0.002224884,0
203,009L,2012,2,8049,1,0.197541067,0.197541067,0.197541067,0
203,009L,2012,3,8050,1,0.235133346,0.235133346,0.235133346,0
204,009M,2018,2,8073,1,1,1,1,0
204,009M,2018,3,8074,2,1,1,1,0
204,009M,2018,4,8075,1,1,1,1,0
204,009M,2019,2,8077,1,1,1,1,0
205,009N,2009,2,8037,1,1.1e-12,1.1e-12,1.1e-12,0
205,009N,2009,3,8038,1,7.31e-12,7.31e-12,7.31e-12,0
205,009N,2010,2,8041,1,3.58e-11,3.58e-11,3.58e-11,0
205,009N,2010,3,8042,1,2.51e-10,2.51e-10,2.51e-10,0
205,009N,2010,4,8043,2,3.88e-9,3.88e-9,3.88e-9,0
205,009N,2011,2,8045,1,4.94e-6,4.94e-6,4.94e-6,0
205,009N,2011,3,8046,2,2.52e-5,2.52e-5,2.52e-5,0
205,009N,2012,2,8049,1,0.009651764,0.009651764,0.009651764,0
206,009P,2008,2,8033,1,7.78e-20,7.78e-20,7.78e-20,0
206,009P,2008,3,8034,1,2.74e-19,2.74e-19,2.74e-19,0
206,009P,2008,4,8035,1,3.59e-18,3.59e-18,3.59e-18,0
206,009P,2009,1,8036,1,1.18e-17,1.18e-17,1.18e-17,0
206,009P,2009,2,8037,2,2.53e-17,2.53e-17,2.53e-17,0
206,009P,2009,4,8039,2,2.51e-16,2.51e-16,2.51e-16,0
206,009P,2010,1,8040,1,1.22e-13,1.22e-13,1.22e-13,0
206,009P,2010,2,8041,1,3.99e-12,3.99e-12,3.99e-12,0
206,009P,2010,3,8042,1,7.36e-12,7.36e-12,7.36e-12,0
206,009P,2010,4,8043,1,6.41e-11,6.41e-11,6.41e-11,0
206,009P,2011,2,8045,1,6.64e-9,6.64e-9,6.64e-9,0
206,009P,2011,3,8046,2,7.69e-9,7.69e-9,7.69e-9,0
206,009P,2012,2,8049,1,5.05e-7,5.05e-7,5.05e-7,0
206,009P,2012,3,8050,1,5.69e-7,5.69e-7,5.69e-7,0
206,009P,2012,4,8051,1,5.87e-7,5.87e-7,5.87e-7,0
206,009P,2013,2,8053,1,1.49e-6,1.49e-6,1.49e-6,0
206,009P,2013,3,8054,1,5.15e-6,5.15e-6,5.15e-6,0
206,009P,2013,4,8055,1,3.23e-5,3.23e-5,3.23e-5,0
206,009P,2014,2,8057,1,0.00117856,0.00117856,0.00117856,0
206,009P,2014,3,8058,1,0.001245201,0.001245201,0.001245201,0
206,009P,2014,4,8059,1,0.002178944,0.002178944,0.002178944,0
207,009Q,2024,2,8097,1,5.29e-8,5.29e-8,5.29e-8,0
207,009Q,2024,3,8098,1,2.91e-7,2.91e-7,2.91e-7,0
207,009Q,2024,4,8099,2,1.46e-6,1.46e-6,1.46e-6,0
207,009Q,2025,2,8101,1,2.9e-4,2.9e-4,2.9e-4,0
207,009Q,2025,3,8102,1,0.001085542,0.001085542,0.001085542,0
207,009Q,2025,4,8103,1,0.001846641,0.001846641,0.001846641,0
208,009R,2004,2,8017,1,0.002351969,0.002351969,0.002351969,0
208,009R,2004,3,8018,1,0.005326141,0.005326141,0.005326141,0
208,009R,2004,4,8019,1,0.013471037,0.013471037,0.013471037,0
208,009R,2005,3,8022,1,0.220908073,0.220908073,0.220908073,0
208,009R,2006,2,8025,1,0.999999997,0.999999997,0.999999997,0
209,009S,2021,2,8085,1,0.008780177,0.008780177,0.008780177,0
209,009S,2022,2,8089,1,0.037693406,0.037693406,0.037693406,0
210,009T,2017,2,8069,1,0.126574978,0.126574978,0.126574978,0
212,009V,2015,2,8061,1,0.157534568,0.157534568,0.157534568,0
212,009V,2015,3,8062,1,0.183713376,0.183713376,0.183713376,0
213,009W,2005,2,8021,1,0.01599487,0.01599487,0.01599487,0
214,009X,2025,3,8102,1,0.107448628,0.107448628,0.107448628,0
214,009X,2025,4,8103,1,0.110927879,0.110927879,0.110927879,0
215,009Y,2007,2,8029,1,0.003835037,0.003835037,0.003835037,0
216,009Z,2019,2,8077,1,8.59e-7,8.59e-7,8.59e-7,0
216,009Z,2019,3,8078,1,3.62e-6,3.62e-6,3.62e-6,0
216,009Z,2019,4,8079,2,6.26e-6,6.26e-6,6.26e-6,0
216,009Z,2020,3,8082,1,4.97e-5,4.97e-5,4.97e-5,0
216,009Z,2020,4,8083,1,1.06e-4,1.06e-4,1.06e-4,0
216,009Z,2021,2,8085,1,0.001763378,0.001763378,0.001763378,0
216,009Z,2021,3,8086,1,0.002652902,0.002652902,0.002652902,0
216,009Z,2021,4,8087,1,0.007016229,0.007016229,0.007016229,0
217,010A,2014,2,8057,1,0.558327599,0.558327599,0.558327599,0
217,010A,2014,3,8058,1,0.638030273,0.638030273,0.638030273,0
217,010A,2015,2,8061,1,0.675385361,0.675385361,0.675385361,0
218,010B,2006,2,8025,1,6.83e-4,6.83e-4,6.83e-4,0
218,010B,2006,3,8026,1,0.001447676,0.001447676,0.001447676,0
219,010C,2016,3,8066,2,0.001377538,0.001377538,0.001377538,0
220,010D,2022,3,8090,1,0.180684001,0.180684001,0.180684001,0
221,010E,2013,2,8053,1,0.001746744,0.001746744,0.001746744,0
221,010E,2013,3,8054,1,0.00484295,0.00484295,0.00484295,0
221,010E,2013,4,8055,1,0.027815095,0.027815095,0.027815095,0
221,010E,2014,2,8057,1,0.996580533,0.996580533,0.996580533,0
221,010E,2014,3,8058,1,0.999840142,0.999840142,0.999840142,0
221,010E,2014,4,8059,1,0.999860107,0.999860107,0.999860107,0
221,010E,2015,2,8061,1,0.99987155,0.99987155,0.99987155,0
222,010F,2010,2,8041,1,1.78e-4,1.78e-4,1.78e-4,0
222,010F,2011,2,8045,1,3.36e-4,3.36e-4,3.36e-4,0
222,010F,2011,3,8046,1,7.46e-4,7.46e-4,7.46e-4,0
222,010F,2011,4,8047,1,0.003795794,0.003795794,0.003795794,0
222,010F,2018,2,8073,1,0.999999993,0.999999993,0.999999993,0
223,010G,2003,2,8013,1,0.013312603,0.013312603,0.013312603,0
224,010H,2020,3,8082,1,0.002918063,0.002918063,0.002918063,0
225,010K,2012,2,8049,1,0.016947677,0.016947677,0.016947677,0
226,010L,2011,3,8046,2,1.13e-4,1.13e-4,1.13e-4,0
226,010L,2012,3,8050,1,0.01283701,0.01283701,0.01283701,0
227,010M,2018,2,8073,1,0.00410371,0.00410371,0.00410371,0
227,010M,2018,4,8075,1,0.02131457,0.02131457,0.02131457,0
228,010N,2009,2,8037,1,8.28e-8,8.28e-8,8.28e-8,0
228,010N,2009,4,8039,1,8.48e-7,8.48e-7,8.48e-7,0
228,010N,2010,2,8041,1,2.59e-6,2.59e-6,2.59e-6,0
228,010N,2010,4,8043,1,2.91e-5,2.91e-5,2.91e-5,0
228,010N,2011,3,8046,1,1.22e-4,1.22e-4,1.22e-4,0
228,010N,2012,2,8049,1,0.001098399,0.001098399,0.001098399,0
228,010N,2013,3,8054,1,0.017896474,0.017896474,0.017896474,0
229,010P,2008,2,8033,1,2.74e-13,2.74e-13,2.74e-13,0
229,010P,2008,3,8034,1,1.83e-12,1.83e-12,1.83e-12,0
229,010P,2008,4,8035,1,2.82e-11,2.82e-11,2.82e-11,0
229,010P,2009,2,8037,1,2.86e-9,2.86e-9,2.86e-9,0
229,010P,2010,2,8041,1,8.78e-9,8.78e-9,8.78e-9,0
229,010P,2011,2,8045,1,1.61e-7,1.61e-7,1.61e-7,0
229,010P,2013,3,8054,1,3.89e-6,3.89e-6,3.89e-6,0
229,010P,2014,2,8057,1,1.58e-5,1.58e-5,1.58e-5,0
229,010P,2014,3,8058,1,8.73e-5,8.73e-5,8.73e-5,0
229,010P,2015,2,8061,1,0.004528031,0.004528031,0.004528031,0
230,010Q,2024,2,8097,1,2.92e-5,2.92e-5,2.92e-5,0
230,010Q,2024,3,8098,1,1.61e-4,1.61e-4,1.61e-4,0
230,010Q,2024,4,8099,1,8.07e-4,8.07e-4,8.07e-4,0
230,010Q,2025,2,8101,1,0.011869345,0.011869345,0.011869345,0
230,010Q,2025,3,8102,1,0.017817908,0.017817908,0.017817908,0
231,010R,2004,2,8017,1,0.013775535,0.013775535,0.013775535,0
232,010S,2021,3,8086,2,3.61e-4,3.61e-4,3.61e-4,0
232,010S,2021,4,8087,1,6.29e-4,6.29e-4,6.29e-4,0
232,010S,2022,2,8089,1,0.002265986,0.002265986,0.002265986,0
232,010S,2022,3,8090,2,0.003144802,0.003144802,0.003144802,0
233,010T,2017,2,8069,1,0.334466069,0.334466069,0.334466069,0
233,010T,2017,3,8070,1,0.342682543,0.342682543,0.342682543,0
235,010V,2015,2,8061,1,1.23e-5,1.23e-5,1.23e-5,0
235,010V,2015,4,8063,1,9.88e-5,9.88e-5,9.88e-5,0
235,010V,2016,2,8065,1,2.31e-4,2.31e-4,2.31e-4,0
235,010V,2016,3,8066,2,5.89e-4,5.89e-4,5.89e-4,0
236,010W,2005,2,8021,1,0.01599487,0.01599487,0.01599487,0
237,010X,2025,3,8102,1,2.65e-4,2.65e-4,2.65e-4,0
237,010X,2025,4,8103,1,0.001026992,0.001026992,0.001026992,0
238,010Y,2007,2,8029,1,5.97e-15,5.97e-15,5.97e-15,0
238,010Y,2007,3,8030,1,4.17e-14,4.17e-14,4.17e-14,0
238,010Y,2007,4,8031,1,6.45e-13,6.45e-13,6.45e-13,0
238,010Y,2008,2,8033,1,6.81e-11,6.81e-11,6.81e-11,0
238,010Y,2008,3,8034,1,6.97e-10,6.97e-10,6.97e-10,0
238,010Y,2008,4,8035,1,1.13e-8,1.13e-8,1.13e-8,0
238,010Y,2009,2,8037,1,7.74e-8,7.74e-8,7.74e-8,0
238,010Y,2009,3,8038,1,6.94e-7,6.94e-7,6.94e-7,0
238,010Y,2009,4,8039,1,1.3e-6,1.3e-6,1.3e-6,0
238,010Y,2012,3,8050,2,3.04e-4,3.04e-4,3.04e-4,0
238,010Y,2013,2,8053,1,0.010615242,0.010615242,0.010615242,0
239,010Z,2019,2,8077,1,0.001536979,0.001536979,0.001536979,0
239,010Z,2019,3,8078,1,0.006475308,0.006475308,0.006475308,0
239,010Z,2019,4,8079,1,0.030661695,0.030661695,0.030661695,0
239,010Z,2020,3,8082,1,0.933217546,0.933217546,0.933217546,0
239,010Z,2021,2,8085,1,0.997187254,0.997187254,0.997187254,0
239,010Z,2021,3,8086,1,0.998764064,0.998764064,0.998764064,0
239,010Z,2021,4,8087,1,0.998851284,0.998851284,0.998851284,0
240,011A,2014,2,8057,1,0.002767921,0.002767921,0.002767921,0
240,011A,2014,3,8058,1,0.012960828,0.012960828,0.012960828,0
240,011A,2014,4,8059,1,0.040788683,0.040788683,0.040788683,0
240,011A,2015,1,8060,1,0.999999291,0.999999291,0.999999291,0
241,011B,2006,2,8025,1,7.43e-8,7.43e-8,7.43e-8,0
241,011B,2006,3,8026,1,1.58e-7,1.58e-7,1.58e-7,0
241,011B,2006,4,8027,1,1.57e-6,1.57e-6,1.57e-6,0
241,011B,2007,2,8029,1,1.05e-5,1.05e-5,1.05e-5,0
241,011B,2007,3,8030,1,9.38e-5,9.38e-5,9.38e-5,0
241,011B,2008,3,8034,1,0.009519996,0.009519996,0.009519996,0
242,011C,2016,3,8066,3,4.18e-7,4.18e-7,4.18e-7,0
242,011C,2016,4,8067,2,3.13e-5,3.13e-5,3.13e-5,0
242,011C,2017,1,8068,1,0.002972676,0.002972676,0.002972676,0
243,011D,2022,3,8090,1,0.002480628,0.002480628,0.002480628,0
244,011E,2013,2,8053,1,1.3e-5,1.3e-5,1.3e-5,0
244,011E,2013,3,8054,1,3.61e-5,3.61e-5,3.61e-5,0
244,011E,2013,4,8055,1,2.07e-4,2.07e-4,2.07e-4,0
244,011E,2014,1,8056,1,0.00350189,0.00350189,0.00350189,0
245,011F,2010,2,8041,1,0.088499627,0.088499627,0.088499627,0
245,011F,2010,4,8043,1,0.117809067,0.117809067,0.117809067,0
246,011G,2003,2,8013,1,0.012043782,0.012043782,0.012043782,0
246,011G,2003,3,8014,1,0.027540071,0.027540071,0.027540071,0
246,011G,2003,4,8015,1,0.029707657,0.029707657,0.029707657,0
246,011G,2004,2,8017,1,0.068206261,0.068206261,0.068206261,0
246,011G,2005,2,8021,1,0.328939577,0.328939577,0.328939577,0
247,011H,2020,3,8082,1,0.002918063,0.002918063,0.002918063,0
248,011K,2012,2,8049,1,0.016947677,0.016947677,0.016947677,0
249,011L,2011,3,8046,2,0.001165857,0.001165857,0.001165857,0
250,011M,2018,2,8073,1,1.11e-4,1.11e-4,1.11e-4,0
250,011M,2018,3,8074,1,3.95e-4,3.95e-4,3.95e-4,0
250,011M,2019,3,8078,1,0.007939957,0.007939957,0.007939957,0
251,011N,2009,2,8037,1,0.004296131,0.004296131,0.004296131,0
252,011P,2008,2,8033,1,4.66e-6,4.66e-6,4.66e-6,0
252,011P,2008,3,8034,1,3.12e-5,3.12e-5,3.12e-5,0
252,011P,2008,4,8035,1,4.8e-4,4.8e-4,4.8e-4,0
252,011P,2009,1,8036,1,0.022329865,0.022329865,0.022329865,0
253,011Q,2024,2,8097,1,0.001943076,0.001943076,0.001943076,0
254,011R,2004,2,8017,1,8.84e-4,8.84e-4,8.84e-4,0
254,011R,2004,3,8018,1,0.002002176,0.002002176,0.002002176,0
254,011R,2004,4,8019,1,0.005063963,0.005063963,0.005063963,0
254,011R,2005,2,8021,1,0.008002774,0.008002774,0.008002774,0
254,011R,2005,3,8022,1,0.012476132,0.012476132,0.012476132,0
255,011S,2021,3,8086,2,3.31e-4,3.31e-4,3.31e-4,0
256,011T,2017,2,8069,1,0.042050174,0.042050174,0.042050174,0
256,011T,2017,3,8070,1,0.047351763,0.047351763,0.047351763,0
256,011T,2017,4,8071,1,0.048848632,0.048848632,0.048848632,0
257,011V,2015,2,8061,1,2.9e-4,2.9e-4,2.9e-4,0
257,011V,2015,3,8062,1,0.001530878,0.001530878,0.001530878,0
258,011W,2005,2,8021,1,0.003832652,0.003832652,0.003832652,0
258,011W,2005,3,8022,1,0.008324816,0.008324816,0.008324816,0
259,011X,2025,3,8102,1,9.12e-4,9.12e-4,9.12e-4,0
259,011X,2025,4,8103,2,0.003531208,0.003531208,0.003531208,0
260,011Y,2007,2,8029,1,1.07e-20,1.07e-20,1.07e-20,0
260,011Y,2007,3,8030,1,7.48e-20,7.48e-20,7.48e-20,0
260,011Y,2007,4,8031,2,1.16e-18,1.16e-18,1.16e-18,0
260,011Y,2008,2,8033,1,1.06e-17,1.06e-17,1.06e-17,0
260,011Y,2008,3,8034,1,9.92e-17,9.92e-17,9.92e-17,0
260,011Y,2008,4,8035,1,1.75e-16,1.75e-16,1.75e-16,0
260,011Y,2009,1,8036,1,3.65e-16,3.65e-16,3.65e-16,0
260,011Y,2009,2,8037,1,6.44e-15,6.44e-15,6.44e-15,0
260,011Y,2009,4,8039,2,1.76e-13,1.76e-13,1.76e-13,0
260,011Y,2010,2,8041,1,2.01e-10,2.01e-10,2.01e-10,0
260,011Y,2010,3,8042,1,2.96e-10,2.96e-10,2.96e-10,0
260,011Y,2010,4,8043,1,1.9e-9,1.9e-9,1.9e-9,0
260,011Y,2011,1,8044,1,8.66e-8,8.66e-8,8.66e-8,0
260,011Y,2011,2,8045,1,2.78e-6,2.78e-6,2.78e-6,0
260,011Y,2011,3,8046,2,2.3e-5,2.3e-5,2.3e-5,0
260,011Y,2012,2,8049,1,0.00964962,0.00964962,0.00964962,0
261,011Z,2019,3,8078,1,6.92e-5,6.92e-5,6.92e-5,0
261,011Z,2020,3,8082,2,9.18e-4,9.18e-4,9.18e-4,0
262,012A,2014,2,8057,1,0.213560478,0.213560478,0.213560478,0
262,012A,2014,3,8058,1,1,1,1,0
262,012A,2014,4,8059,1,1,1,1,0
263,012B,2006,2,8025,1,7.12e-7,7.12e-7,7.12e-7,0
263,012B,2006,3,8026,1,1.51e-6,1.51e-6,1.51e-6,0
263,012B,2006,4,8027,1,1.5e-5,1.5e-5,1.5e-5,0
263,012B,2007,1,8028,1,5.37e-5,5.37e-5,5.37e-5,0
263,012B,2007,2,8029,1,1.17e-4,1.17e-4,1.17e-4,0
263,012B,2007,4,8031,1,0.001888752,0.001888752,0.001888752,0
263,012B,2008,2,8033,1,0.003862438,0.003862438,0.003862438,0
263,012B,2009,4,8039,1,0.108835286,0.108835286,0.108835286,0
264,012C,2016,3,8066,2,1.32e-4,1.32e-4,1.32e-4,0
264,012C,2016,4,8067,1,2.06e-4,2.06e-4,2.06e-4,0
264,012C,2017,2,8069,1,3.25e-4,3.25e-4,3.25e-4,0
264,012C,2017,3,8070,1,6.47e-4,6.47e-4,6.47e-4,0
264,012C,2017,4,8071,1,0.002217052,0.002217052,0.002217052,0
265,012D,2022,3,8090,1,1.25e-6,1.25e-6,1.25e-6,0
265,012D,2022,4,8091,2,4.49e-6,4.49e-6,4.49e-6,0
265,012D,2023,3,8094,1,0.001050605,0.001050605,0.001050605,0
265,012D,2024,2,8097,1,0.002303812,0.002303812,0.002303812,0
265,012D,2024,3,8098,1,0.002835322,0.002835322,0.002835322,0
265,012D,2025,2,8101,1,0.016455192,0.016455192,0.016455192,0
265,012D,2025,3,8102,1,0.022376148,0.022376148,0.022376148,0
266,012E,2013,2,8053,1,0.045943603,0.045943603,0.045943603,0
266,012E,2013,3,8054,3,0.127381349,0.127381349,0.127381349,0
266,012E,2014,2,8057,1,0.985765518,0.985765518,0.985765518,0
266,012E,2014,3,8058,2,0.997359463,0.997359463,0.997359463,0
266,012E,2015,2,8061,1,0.997412038,0.997412038,0.997412038,0
266,012E,2016,3,8066,1,0.997415067,0.997415067,0.997415067,0
266,012E,2017,3,8070,1,0.997415882,0.997415882,0.997415882,0
266,012E,2018,2,8073,1,0.997419755,0.997419755,0.997419755,0
266,012E,2019,2,8077,1,0.997450326,0.997450326,0.997450326,0
266,012E,2020,3,8082,1,0.997674396,0.997674396,0.997674396,0
266,012E,2021,2,8085,1,0.997727869,0.997727869,0.997727869,0
267,012F,2010,2,8041,1,6.47e-4,6.47e-4,6.47e-4,0
267,012F,2010,4,8043,2,0.006170709,0.006170709,0.006170709,0
267,012F,2011,2,8045,1,0.155358347,0.155358347,0.155358347,0
267,012F,2011,3,8046,1,0.190756228,0.190756228,0.190756228,0
268,012G,2003,2,8013,1,2.71e-5,2.71e-5,2.71e-5,0
268,012G,2003,3,8014,1,6.19e-5,6.19e-5,6.19e-5,0
268,012G,2003,4,8015,1,1.57e-4,1.57e-4,1.57e-4,0
268,012G,2004,1,8016,1,9.22e-4,9.22e-4,9.22e-4,0
268,012G,2004,2,8017,1,0.004914485,0.004914485,0.004914485,0
268,012G,2005,2,8021,1,0.054148737,0.054148737,0.054148737,0
268,012G,2006,2,8025,1,0.259481558,0.259481558,0.259481558,0
268,012G,2007,2,8029,1,0.305311895,0.305311895,0.305311895,0
269,012H,2020,3,8082,2,0.015759719,0.015759719,0.015759719,0
269,012H,2022,2,8089,1,0.02612669,0.02612669,0.02612669,0
270,012K,2012,2,8049,1,0.016947677,0.016947677,0.016947677,0
271,012L,2011,3,8046,2,3.46e-5,3.46e-5,3.46e-5,0
271,012L,2012,2,8049,1,1.52e-4,1.52e-4,1.52e-4,0
271,012L,2012,3,8050,2,1.68e-4,1.68e-4,1.68e-4,0
271,012L,2013,2,8053,1,0.007007348,0.007007348,0.007007348,0
271,012L,2013,3,8054,1,0.029410326,0.029410326,0.029410326,0
271,012L,2014,3,8058,1,1,1,1,0
271,012L,2014,4,8059,1,1,1,1,0
272,012M,2018,2,8073,1,0.144037585,0.144037585,0.144037585,0
272,012M,2018,3,8074,2,0.148192224,0.148192224,0.148192224,0
272,012M,2019,3,8078,1,0.180190024,0.180190024,0.180190024,0
273,012N,2009,2,8037,1,0.004296131,0.004296131,0.004296131,0
274,012P,2008,2,8033,1,1.67e-13,1.67e-13,1.67e-13,0
274,012P,2008,3,8034,1,1.12e-12,1.12e-12,1.12e-12,0
274,012P,2008,4,8035,1,1.72e-11,1.72e-11,1.72e-11,0
274,012P,2010,3,8042,1,5.01e-9,5.01e-9,5.01e-9,0
274,012P,2011,2,8045,1,5.81e-8,5.81e-8,5.81e-8,0
274,012P,2011,3,8046,1,2.35e-7,2.35e-7,2.35e-7,0
274,012P,2012,2,8049,1,7.41e-6,7.41e-6,7.41e-6,0
274,012P,2012,3,8050,1,3.13e-5,3.13e-5,3.13e-5,0
274,012P,2013,2,8053,1,9.46e-4,9.46e-4,9.46e-4,0
274,012P,2013,3,8054,1,0.003943524,0.003943524,0.003943524,0
275,012Q,2024,2,8097,1,0.001943076,0.001943076,0.001943076,0
276,012R,2004,2,8017,1,4.57e-6,4.57e-6,4.57e-6,0
276,012R,2004,3,8018,1,1.03e-5,1.03e-5,1.03e-5,0
276,012R,2004,4,8019,1,2.62e-5,2.62e-5,2.62e-5,0
276,012R,2005,2,8021,1,3.24e-4,3.24e-4,3.24e-4,0
276,012R,2006,3,8026,2,4.46e-4,4.46e-4,4.46e-4,0
276,012R,2007,1,8028,1,0.00202924,0.00202924,0.00202924,0
277,012S,2021,3,8086,1,3.41e-4,3.41e-4,3.41e-4,0
277,012S,2022,2,8089,1,0.004803608,0.004803608,0.004803608,0
278,012T,2017,2,8069,1,0.00569133,0.00569133,0.00569133,0
278,012T,2017,3,8070,1,0.008107181,0.008107181,0.008107181,0
279,012V,2015,2,8061,1,0.006208396,0.006208396,0.006208396,0
280,012W,2005,2,8021,1,0.01599487,0.01599487,0.01599487,0
281,012X,2025,3,8102,1,0.001355659,0.001355659,0.001355659,0
281,012X,2025,4,8103,1,0.005248471,0.005248471,0.005248471,0
282,012Y,2007,2,8029,1,1.28e-7,1.28e-7,1.28e-7,0
282,012Y,2007,3,8030,1,8.93e-7,8.93e-7,8.93e-7,0
282,012Y,2007,4,8031,2,1.38e-5,1.38e-5,1.38e-5,0
282,012Y,2008,2,8033,1,1.14e-4,1.14e-4,1.14e-4,0
282,012Y,2008,3,8034,1,0.001045761,0.001045761,0.001045761,0
283,012Z,2019,3,8078,1,0.132545408,0.132545408,0.132545408,0
283,012Z,2020,3,8082,1,0.449392026,0.449392026,0.449392026,0
284,013A,2014,2,8057,1,0.001999499,0.001999499,0.001999499,0
284,013A,2014,3,8058,1,0.009362681,0.009362681,0.009362681,0
285,013B,2006,2,8025,1,0.017462245,0.017462245,0.017462245,0
286,013C,2016,3,8066,1,0.019477623,0.019477623,0.019477623,0
287,013D,2022,3,8090,1,6.17e-9,6.17e-9,6.17e-9,0
287,013D,2022,4,8091,2,2.22e-8,2.22e-8,2.22e-8,0
287,013D,2023,2,8093,1,7.61e-7,7.61e-7,7.61e-7,0
287,013D,2023,3,8094,1,2.8e-6,2.8e-6,2.8e-6,0
287,013D,2023,4,8095,1,1.28e-5,1.28e-5,1.28e-5,0
287,013D,2024,2,8097,1,2.97e-4,2.97e-4,2.97e-4,0
287,013D,2024,3,8098,1,0.001082441,0.001082441,0.001082441,0
287,013D,2025,2,8101,1,0.021203621,0.021203621,0.021203621,0
288,013E,2013,2,8053,1,1.09e-10,1.09e-10,1.09e-10,0
288,013E,2013,3,8054,1,3.01e-10,3.01e-10,3.01e-10,0
288,013E,2013,4,8055,1,1.73e-9,1.73e-9,1.73e-9,0
288,013E,2014,2,8057,1,6.2e-8,6.2e-8,6.2e-8,0
288,013E,2014,3,8058,1,5.25e-7,5.25e-7,5.25e-7,0
288,013E,2014,4,8059,1,7.02e-6,7.02e-6,7.02e-6,0
288,013E,2015,2,8061,1,5e-4,5e-4,5e-4,0
288,013E,2016,2,8065,1,0.014207542,0.014207542,0.014207542,0
289,013F,2010,2,8041,1,1.43e-7,1.43e-7,1.43e-7,0
289,013F,2010,4,8043,2,1.37e-6,1.37e-6,1.37e-6,0
289,013F,2011,2,8045,1,7.59e-5,7.59e-5,7.59e-5,0
289,013F,2011,3,8046,1,3.82e-4,3.82e-4,3.82e-4,0
289,013F,2011,4,8047,1,0.002656942,0.002656942,0.002656942,0
289,013F,2012,1,8048,1,0.056758934,0.056758934,0.056758934,0
289,013F,2012,2,8049,1,0.813766261,0.813766261,0.813766261,0
289,013F,2012,3,8050,1,0.826497106,0.826497106,0.826497106,0
290,013G,2003,2,8013,1,1.06e-5,1.06e-5,1.06e-5,0
290,013G,2003,3,8014,1,1.13e-5,1.13e-5,1.13e-5,0
290,013G,2003,4,8015,1,1.32e-5,1.32e-5,1.32e-5,0
290,013G,2004,2,8017,1,4.71e-5,4.71e-5,4.71e-5,0
290,013G,2004,3,8018,1,9.89e-5,9.89e-5,9.89e-5,0
290,013G,2005,3,8022,1,0.00108235,0.00108235,0.00108235,0
290,013G,2008,2,8033,1,0.012544342,0.012544342,0.012544342,0
291,013H,2020,3,8082,1,0.002918063,0.002918063,0.002918063,0
292,013K,2012,2,8049,1,0.016947677,0.016947677,0.016947677,0
293,013L,2011,3,8046,2,0.001164776,0.001164776,0.001164776,0
293,013L,2011,4,8047,1,0.019974321,0.019974321,0.019974321,0
293,013L,2012,2,8049,1,1,1,1,0
293,013L,2012,3,8050,2,1,1,1,0
294,013M,2018,2,8073,1,0.002236462,0.002236462,0.002236462,0
294,013M,2018,3,8074,2,0.002300971,0.002300971,0.002300971,0
294,013M,2018,4,8075,1,0.002392435,0.002392435,0.002392435,0
294,013M,2019,2,8077,1,0.00283651,0.00283651,0.00283651,0
294,013M,2019,3,8078,2,0.003073927,0.003073927,0.003073927,0
294,013M,2019,4,8079,1,0.003411259,0.003411259,0.003411259,0
294,013M,2020,3,8082,1,0.005864017,0.005864017,0.005864017,0
294,013M,2020,4,8083,1,0.006484327,0.006484327,0.006484327,0
294,013M,2021,2,8085,1,0.024697504,0.024697504,0.024697504,0
295,013N,2009,2,8037,1,2.03e-10,2.03e-10,2.03e-10,0
295,013N,2009,3,8038,1,1.35e-9,1.35e-9,1.35e-9,0
295,013N,2009,4,8039,2,2.07e-8,2.07e-8,2.07e-8,0
295,013N,2010,2,8041,1,3.03e-6,3.03e-6,3.03e-6,0
295,013N,2010,3,8042,1,3.11e-6,3.11e-6,3.11e-6,0
295,013N,2010,4,8043,2,3.18e-6,3.18e-6,3.18e-6,0
295,013N,2011,2,8045,1,8.13e-6,8.13e-6,8.13e-6,0
295,013N,2011,3,8046,1,2.84e-5,2.84e-5,2.84e-5,0
295,013N,2011,4,8047,1,1.79e-4,1.79e-4,1.79e-4,0
295,013N,2012,2,8049,1,0.008047896,0.008047896,0.008047896,0
296,013P,2008,2,8033,1,2.08e-7,2.08e-7,2.08e-7,0
296,013P,2008,3,8034,1,1.39e-6,1.39e-6,1.39e-6,0
296,013P,2009,2,8037,2,1.02e-4,1.02e-4,1.02e-4,0
296,013P,2010,2,8041,1,0.004597834,0.004597834,0.004597834,0
297,013Q,2024,2,8097,1,1.04e-5,1.04e-5,1.04e-5,0
297,013Q,2024,3,8098,1,5.75e-5,5.75e-5,5.75e-5,0
297,013Q,2024,4,8099,2,2.88e-4,2.88e-4,2.88e-4,0
297,013Q,2025,2,8101,1,0.011376833,0.011376833,0.011376833,0
297,013Q,2025,4,8103,1,0.021170138,0.021170138,0.021170138,0
298,013R,2004,2,8017,1,0.003291664,0.003291664,0.003291664,0
298,013R,2004,3,8018,1,0.007454122,0.007454122,0.007454122,0
299,013S,2021,3,8086,2,0.001144066,0.001144066,0.001144066,0
299,013S,2021,4,8087,1,0.005513994,0.005513994,0.005513994,0
300,013T,2017,2,8069,1,0.00569133,0.00569133,0.00569133,0
300,013T,2017,3,8070,1,0.008107181,0.008107181,0.008107181,0
301,013V,2015,2,8061,1,2.9e-4,2.9e-4,2.9e-4,0
301,013V,2015,3,8062,1,0.001530878,0.001530878,0.001530878,0
302,013W,2005,2,8021,1,0.01599487,0.01599487,0.01599487,0
303,013X,2025,4,8103,1,0.002013243,0.002013243,0.002013243,0
304,013Y,2007,2,8029,1,0.986180708,0.986180708,0.986180708,0
304,013Y,2007,3,8030,1,0.999423615,0.999423615,0.999423615,0
304,013Y,2007,4,8031,1,0.999866211,0.999866211,0.999866211,0
304,013Y,2008,3,8034,1,0.999998623,0.999998623,0.999998623,0
304,013Y,2008,4,8035,1,0.999999774,0.999999774,0.999999774,0
304,013Y,2009,1,8036,1,0.999999885,0.999999885,0.999999885,0
304,013Y,2011,3,8046,1,0.999999935,0.999999935,0.999999935,0
305,013Z,2019,3,8078,1,3.11e-6,3.11e-6,3.11e-6,0
305,013Z,2020,1,8080,1,6.41e-6,6.41e-6,6.41e-6,0
305,013Z,2020,3,8082,1,3.8e-5,3.8e-5,3.8e-5,0
305,013Z,2021,2,8085,1,3.34e-4,3.34e-4,3.34e-4,0
305,013Z,2021,3,8086,1,4.61e-4,4.61e-4,4.61e-4,0
305,013Z,2022,4,8091,1,0.001368044,0.001368044,0.001368044,0
305,013Z,2023,3,8094,1,0.006200163,0.006200163,0.006200163,0
306,014A,2014,2,8057,1,4.29e-4,4.29e-4,4.29e-4,0
306,014A,2015,1,8060,1,0.001233789,0.001233789,0.001233789,0
306,014A,2015,2,8061,1,0.001294681,0.001294681,0.001294681,0
306,014A,2015,3,8062,1,0.001463256,0.001463256,0.001463256,0
306,014A,2016,1,8064,1,0.007122252,0.007122252,0.007122252,0
307,014B,2006,2,8025,1,3.45e-8,3.45e-8,3.45e-8,0
307,014B,2006,3,8026,1,7.32e-8,7.32e-8,7.32e-8,0
307,014B,2006,4,8027,1,7.28e-7,7.28e-7,7.28e-7,0
307,014B,2007,1,8028,1,2.6e-6,2.6e-6,2.6e-6,0
307,014B,2007,2,8029,1,6.27e-5,6.27e-5,6.27e-5,0
307,014B,2009,1,8036,1,0.007218549,0.007218549,0.007218549,0
308,014C,2016,3,8066,1,1.86e-4,1.86e-4,1.86e-4,0
308,014C,2016,4,8067,1,4.22e-4,4.22e-4,4.22e-4,0
308,014C,2017,1,8068,1,0.003362461,0.003362461,0.003362461,0
309,014D,2022,4,8091,1,5.32e-7,5.32e-7,5.32e-7,0
309,014D,2023,2,8093,1,6.16e-6,6.16e-6,6.16e-6,0
309,014D,2023,3,8094,1,2.17e-5,2.17e-5,2.17e-5,0
309,014D,2023,4,8095,1,9.78e-5,9.78e-5,9.78e-5,0
309,014D,2024,3,8098,1,0.003050692,0.003050692,0.003050692,0
309,014D,2025,2,8101,1,0.023132225,0.023132225,0.023132225,0
310,014E,2013,2,8053,1,1.47e-4,1.47e-4,1.47e-4,0
310,014E,2013,3,8054,1,4.09e-4,4.09e-4,4.09e-4,0
310,014E,2013,4,8055,1,0.002348642,0.002348642,0.002348642,0
311,014F,2010,2,8041,1,0.005015805,0.005015805,0.005015805,0
312,014G,2003,2,8013,1,0.172088867,0.172088867,0.172088867,0
312,014G,2003,3,8014,1,0.393509236,0.393509236,0.393509236,0
312,014G,2003,4,8015,1,0.999999995,0.999999995,0.999999995,0
312,014G,2004,1,8016,1,1,1,1,0
312,014G,2004,2,8017,1,1,1,1,0
313,014H,2020,3,8082,2,0.102618068,0.102618068,0.102618068,0
314,014K,2012,2,8049,1,0.307828052,0.307828052,0.307828052,0
315,014L,2011,3,8046,2,1.35e-5,1.35e-5,1.35e-5,0
315,014L,2011,4,8047,1,2.32e-4,2.32e-4,2.32e-4,0
315,014L,2012,2,8049,1,0.011593276,0.011593276,0.011593276,0
315,014L,2012,3,8050,1,0.057896532,0.057896532,0.057896532,0
316,014M,2018,2,8073,1,0.278696581,0.278696581,0.278696581,0
316,014M,2018,3,8074,2,0.991577412,0.991577412,0.991577412,0
316,014M,2018,4,8075,1,0.99496276,0.99496276,0.99496276,0
316,014M,2019,2,8077,1,0.999844678,0.999844678,0.999844678,0
316,014M,2019,3,8078,2,0.999995729,0.999995729,0.999995729,0
316,014M,2019,4,8079,1,0.999996447,0.999996447,0.999996447,0
316,014M,2020,3,8082,1,0.99999675,0.99999675,0.99999675,0
317,014N,2009,2,8037,1,0.024693544,0.024693544,0.024693544,0
317,014N,2009,3,8038,1,0.030103628,0.030103628,0.030103628,0
317,014N,2009,4,8039,2,0.121358872,0.121358872,0.121358872,0
317,014N,2010,2,8041,1,0.942479582,0.942479582,0.942479582,0
317,014N,2010,3,8042,1,0.957597436,0.957597436,0.957597436,0
317,014N,2010,4,8043,1,0.967469667,0.967469667,0.967469667,0
317,014N,2011,3,8046,2,0.993970689,0.993970689,0.993970689,0
317,014N,2012,2,8049,1,0.998869388,0.998869388,0.998869388,0
318,014P,2008,2,8033,1,2.26e-16,2.26e-16,2.26e-16,0
318,014P,2008,3,8034,1,1.52e-15,1.52e-15,1.52e-15,0
318,014P,2008,4,8035,1,2.33e-14,2.33e-14,2.33e-14,0
318,014P,2009,1,8036,1,7.75e-14,7.75e-14,7.75e-14,0
318,014P,2009,2,8037,1,1.66e-13,1.66e-13,1.66e-13,0
318,014P,2009,4,8039,2,2.64e-12,2.64e-12,2.64e-12,0
318,014P,2010,1,8040,1,1.33e-9,1.33e-9,1.33e-9,0
318,014P,2010,2,8041,1,4.37e-8,4.37e-8,4.37e-8,0
318,014P,2010,3,8042,1,7.65e-7,7.65e-7,7.65e-7,0
318,014P,2010,4,8043,1,1.29e-5,1.29e-5,1.29e-5,0
318,014P,2011,2,8045,1,9.45e-5,9.45e-5,9.45e-5,0
318,014P,2011,3,8046,2,4.29e-4,4.29e-4,4.29e-4,0
318,014P,2012,1,8048,1,0.005547556,0.005547556,0.005547556,0
319,014Q,2024,3,8098,1,8.96e-4,8.96e-4,8.96e-4,0
319,014Q,2025,2,8101,1,0.014568112,0.014568112,0.014568112,0
319,014Q,2025,4,8103,1,0.024329804,0.024329804,0.024329804,0
320,014R,2004,2,8017,1,0.013775535,0.013775535,0.013775535,0
321,014S,2021,3,8086,1,0.01283606,0.01283606,0.01283606,0
322,014T,2017,2,8069,1,0.008317102,0.008317102,0.008317102,0
323,014V,2015,2,8061,1,0.93460346,0.93460346,0.93460346,0
324,014W,2005,2,8021,1,0.828091198,0.828091198,0.828091198,0
324,014W,2005,3,8022,2,0.877656331,0.877656331,0.877656331,0
325,014X,2025,4,8103,2,0.006905709,0.006905709,0.006905709,0
326,014Y,2007,2,8029,1,1.48e-4,1.48e-4,1.48e-4,0
326,014Y,2007,3,8030,1,0.001036658,0.001036658,0.001036658,0
327,014Z,2019,3,8078,1,0.002263847,0.002263847,0.002263847,0
327,014Z,2019,4,8079,1,0.006984406,0.006984406,0.006984406,0
327,014Z,2020,1,8080,1,0.01829454,0.01829454,0.01829454,0
327,014Z,2020,3,8082,1,0.194145116,0.194145116,0.194145116,0
327,014Z,2021,3,8086,1,0.218051803,0.218051803,0.218051803,0
328,015A,2014,2,8057,1,0.009654197,0.009654197,0.009654197,0
328,015A,2014,4,8059,1,0.067711267,0.067711267,0.067711267,0
329,015B,2006,2,8025,1,1.11e-6,1.11e-6,1.11e-6,0
329,015B,2006,3,8026,1,1.66e-6,1.66e-6,1.66e-6,0
329,015B,2007,1,8028,1,3.07e-5,3.07e-5,3.07e-5,0
329,015B,2007,2,8029,1,6.63e-4,6.63e-4,6.63e-4,0
329,015B,2007,3,8030,1,9.39e-4,9.39e-4,9.39e-4,0
329,015B,2008,2,8033,1,0.002349001,0.002349001,0.002349001,0
329,015B,2008,3,8034,1,0.002964586,0.002964586,0.002964586,0
329,015B,2009,1,8036,1,0.032431151,0.032431151,0.032431151,0
330,015C,2016,3,8066,1,1.06e-11,1.06e-11,1.06e-11,0
330,015C,2016,4,8067,1,1.78e-11,1.78e-11,1.78e-11,0
330,015C,2017,1,8068,1,1.07e-10,1.07e-10,1.07e-10,0
330,015C,2017,2,8069,1,1.55e-10,1.55e-10,1.55e-10,0
330,015C,2017,3,8070,1,3.92e-10,3.92e-10,3.92e-10,0
330,015C,2017,4,8071,1,1.55e-9,1.55e-9,1.55e-9,0
330,015C,2018,1,8072,1,1.54e-8,1.54e-8,1.54e-8,0
330,015C,2018,2,8073,1,1.44e-7,1.44e-7,1.44e-7,0
330,015C,2018,3,8074,2,7.85e-7,7.85e-7,7.85e-7,0
330,015C,2018,4,8075,1,2.47e-5,2.47e-5,2.47e-5,0
330,015C,2019,2,8077,1,6.21e-4,6.21e-4,6.21e-4,0
330,015C,2019,3,8078,1,0.002256576,0.002256576,0.002256576,0
331,015D,2022,4,8091,2,3.25e-4,3.25e-4,3.25e-4,0
332,015E,2013,2,8053,1,0.99360521,0.99360521,0.99360521,0
332,015E,2013,3,8054,1,0.997556427,0.997556427,0.997556427,0
332,015E,2013,4,8055,1,0.998692855,0.998692855,0.998692855,0
332,015E,2014,1,8056,1,0.999539743,0.999539743,0.999539743,0
332,015E,2014,2,8057,1,1,1,1,0
333,015F,2010,2,8041,1,0.005015805,0.005015805,0.005015805,0
334,015G,2003,2,8013,1,0.029388971,0.029388971,0.029388971,0
334,015G,2003,3,8014,1,0.067202671,0.067202671,0.067202671,0
334,015G,2003,4,8015,1,0.170777873,0.170777873,0.170777873,0
334,015G,2004,1,8016,1,0.999999818,0.999999818,0.999999818,0
335,015H,2020,3,8082,1,0.002918063,0.002918063,0.002918063,0
336,015K,2012,2,8049,1,0.016947677,0.016947677,0.016947677,0
337,015L,2011,3,8046,2,0.002585258,0.002585258,0.002585258,0
337,015L,2012,2,8049,1,0.22953769,0.22953769,0.22953769,0
337,015L,2012,3,8050,2,0.984314088,0.984314088,0.984314088,0
338,015M,2018,2,8073,1,1.89e-6,1.89e-6,1.89e-6,0
338,015M,2018,3,8074,2,6.71e-6,6.71e-6,6.71e-6,0
338,015M,2018,4,8075,1,1.87e-4,1.87e-4,1.87e-4,0
338,015M,2019,2,8077,1,0.004674818,0.004674818,0.004674818,0
339,015N,2009,2,8037,1,0.004278342,0.004278342,0.004278342,0
339,015N,2009,3,8038,1,0.00521568,0.00521568,0.00521568,0
340,015P,2008,2,8033,1,3.4e-25,3.4e-25,3.4e-25,0
340,015P,2008,3,8034,1,2.28e-24,2.28e-24,2.28e-24,0
340,015P,2008,4,8035,2,3.5e-23,3.5e-23,3.5e-23,0
340,015P,2009,1,8036,1,1.45e-22,1.45e-22,1.45e-22,0
340,015P,2009,2,8037,1,3.25e-22,3.25e-22,3.25e-22,0
340,015P,2009,4,8039,2,5.35e-21,5.35e-21,5.35e-21,0
340,015P,2010,1,8040,1,2.71e-18,2.71e-18,2.71e-18,0
340,015P,2010,2,8041,1,8.89e-17,8.89e-17,8.89e-17,0
340,015P,2010,3,8042,1,1.56e-15,1.56e-15,1.56e-15,0
340,015P,2010,4,8043,1,2.63e-14,2.63e-14,2.63e-14,0
340,015P,2011,2,8045,1,2.89e-12,2.89e-12,2.89e-12,0
340,015P,2011,3,8046,2,1.46e-11,1.46e-11,1.46e-11,0
340,015P,2012,1,8048,1,3.12e-9,3.12e-9,3.12e-9,0
340,015P,2012,2,8049,1,3.22e-8,3.22e-8,3.22e-8,0
340,015P,2012,3,8050,1,2.5e-7,2.5e-7,2.5e-7,0
340,015P,2012,4,8051,1,1.87e-6,1.87e-6,1.87e-6,0
340,015P,2013,2,8053,1,8.11e-5,8.11e-5,8.11e-5,0
340,015P,2013,4,8055,1,6.06e-4,6.06e-4,6.06e-4,0
340,015P,2014,2,8057,1,0.009181294,0.009181294,0.009181294,0
340,015P,2014,3,8058,1,0.075184995,0.075184995,0.075184995,0
340,015P,2014,4,8059,1,0.999999922,0.999999922,0.999999922,0
340,015P,2015,2,8061,1,1,1,1,0
341,015Q,2024,3,8098,1,0.001943076,0.001943076,0.001943076,0
342,015R,2004,2,8017,1,0.013775535,0.013775535,0.013775535,0
343,015S,2021,3,8086,1,0.01283606,0.01283606,0.01283606,0
344,015T,2017,2,8069,1,4.74e-5,4.74e-5,4.74e-5,0
344,015T,2017,3,8070,1,1.51e-4,1.51e-4,1.51e-4,0
344,015T,2017,4,8071,1,6.55e-4,6.55e-4,6.55e-4,0
344,015T,2018,2,8073,1,0.0140228,0.0140228,0.0140228,0
344,015T,2018,3,8074,1,0.021131246,0.021131246,0.021131246,0
344,015T,2019,3,8078,1,0.057902038,0.057902038,0.057902038,0
345,015V,2015,2,8061,1,6.75e-5,6.75e-5,6.75e-5,0
345,015V,2015,3,8062,1,3.57e-4,3.57e-4,3.57e-4,0
345,015V,2015,4,8063,1,0.004419787,0.004419787,0.004419787,0
345,015V,2016,1,8064,1,0.047544074,0.047544074,0.047544074,0
345,015V,2016,2,8065,1,0.070681076,0.070681076,0.070681076,0
345,015V,2016,3,8066,1,0.077291446,0.077291446,0.077291446,0
345,015V,2016,4,8067,1,0.10949404,0.10949404,0.10949404,0
345,015V,2017,2,8069,1,1,1,1,0
345,015V,2017,3,8070,1,1,1,1,0
345,015V,2018,2,8073,1,1,1,1,0
345,015V,2018,3,8074,2,1,1,1,0
346,015W,2005,2,8021,1,0.01599487,0.01599487,0.01599487,0
347,015X,2025,4,8103,2,0.006905709,0.006905709,0.006905709,0
348,015Y,2007,2,8029,1,1.21e-4,1.21e-4,1.21e-4,0
348,015Y,2007,3,8030,1,1.23e-4,1.23e-4,1.23e-4,0
348,015Y,2007,4,8031,1,1.5e-4,1.5e-4,1.5e-4,0
348,015Y,2010,1,8040,1,0.010584629,0.010584629,0.010584629,0
349,015Z,2019,3,8078,2,3.41e-4,3.41e-4,3.41e-4,0
349,015Z,2019,4,8079,1,0.001398548,0.001398548,0.001398548,0
350,016A,2014,2,8057,1,1.51e-5,1.51e-5,1.51e-5,0
350,016A,2014,4,8059,1,1.06e-4,1.06e-4,1.06e-4,0
350,016A,2015,3,8062,1,8.07e-4,8.07e-4,8.07e-4,0
350,016A,2017,1,8068,1,0.018669673,0.018669673,0.018669673,0
351,016B,2006,2,8025,1,1.12e-9,1.12e-9,1.12e-9,0
351,016B,2006,3,8026,1,2.37e-9,2.37e-9,2.37e-9,0
351,016B,2006,4,8027,1,2.36e-8,2.36e-8,2.36e-8,0
351,016B,2007,1,8028,1,8.44e-8,8.44e-8,8.44e-8,0
351,016B,2007,2,8029,1,2.03e-6,2.03e-6,2.03e-6,0
351,016B,2008,2,8033,1,9.38e-6,9.38e-6,9.38e-6,0
351,016B,2009,2,8037,1,1.89e-4,1.89e-4,1.89e-4,0
351,016B,2010,2,8041,1,0.004683852,0.004683852,0.004683852,0
352,016C,2016,3,8066,1,4.7e-7,4.7e-7,4.7e-7,0
352,016C,2016,4,8067,1,1.06e-6,1.06e-6,1.06e-6,0
352,016C,2017,2,8069,1,1.75e-5,1.75e-5,1.75e-5,0
352,016C,2017,3,8070,1,6.21e-5,6.21e-5,6.21e-5,0
352,016C,2018,2,8073,1,0.001035446,0.001035446,0.001035446,0
352,016C,2018,3,8074,1,0.003097752,0.003097752,0.003097752,0
353,016D,2022,4,8091,1,0.002480628,0.002480628,0.002480628,0
354,016E,2013,2,8053,1,0.335853578,0.335853578,0.335853578,0
354,016E,2013,3,8054,1,0.931173845,0.931173845,0.931173845,0
354,016E,2013,4,8055,1,0.941083046,0.941083046,0.941083046,0
354,016E,2018,2,8073,1,0.945367256,0.945367256,0.945367256,0
355,016F,2010,2,8041,1,0.977778453,0.977778453,0.977778453,0
356,016G,2003,2,8013,1,2.75e-6,2.75e-6,2.75e-6,0
356,016G,2003,3,8014,1,2.93e-6,2.93e-6,2.93e-6,0
356,016G,2003,4,8015,1,3.43e-6,3.43e-6,3.43e-6,0
356,016G,2004,1,8016,1,7.39e-6,7.39e-6,7.39e-6,0
356,016G,2004,2,8017,1,2.81e-5,2.81e-5,2.81e-5,0
356,016G,2005,1,8020,1,1.95e-4,1.95e-4,1.95e-4,0
356,016G,2005,2,8021,2,5.74e-4,5.74e-4,5.74e-4,0
356,016G,2005,3,8022,1,0.005080826,0.005080826,0.005080826,0
357,016H,2020,3,8082,1,3.85e-4,3.85e-4,3.85e-4,0
357,016H,2020,4,8083,1,0.001305327,0.001305327,0.001305327,0
358,016K,2012,2,8049,1,0.307828052,0.307828052,0.307828052,0
359,016L,2011,3,8046,2,0.001165857,0.001165857,0.001165857,0
360,016M,2018,2,8073,1,6.13e-7,6.13e-7,6.13e-7,0
360,016M,2018,3,8074,2,9.19e-7,9.19e-7,9.19e-7,0
360,016M,2019,2,8077,1,4.96e-5,4.96e-5,4.96e-5,0
360,016M,2019,3,8078,1,6.95e-5,6.95e-5,6.95e-5,0
360,016M,2019,4,8079,1,8.84e-5,8.84e-5,8.84e-5,0
360,016M,2020,3,8082,1,7.97e-4,7.97e-4,7.97e-4,0
360,016M,2020,4,8083,1,0.001716812,0.001716812,0.001716812,0
361,016N,2009,2,8037,1,0.001512358,0.001512358,0.001512358,0
361,016N,2009,4,8039,1,0.015494882,0.015494882,0.015494882,0
361,016N,2010,4,8043,1,0.996910413,0.996910413,0.996910413,0
361,016N,2011,2,8045,1,0.998755173,0.998755173,0.998755173,0
361,016N,2011,3,8046,2,0.999048361,0.999048361,0.999048361,0
361,016N,2011,4,8047,1,0.99908689,0.99908689,0.99908689,0
362,016P,2008,2,8033,1,1.07e-8,1.07e-8,1.07e-8,0
362,016P,2008,3,8034,1,7.17e-8,7.17e-8,7.17e-8,0
362,016P,2008,4,8035,2,1.1e-6,1.1e-6,1.1e-6,0
362,016P,2009,2,8037,1,8.75e-6,8.75e-6,8.75e-6,0
362,016P,2009,3,8038,1,8.02e-5,8.02e-5,8.02e-5,0
362,016P,2009,4,8039,1,0.001284821,0.001284821,0.001284821,0
362,016P,2010,2,8041,1,0.00155853,0.00155853,0.00155853,0
362,016P,2010,3,8042,1,0.001558822,0.001558822,0.001558822,0
362,016P,2011,2,8045,2,0.001559845,0.001559845,0.001559845,0
362,016P,2012,3,8050,3,0.001568269,0.001568269,0.001568269,0
362,016P,2013,2,8053,1,0.0018791,0.0018791,0.0018791,0
362,016P,2013,3,8054,1,0.002897202,0.002897202,0.002897202,0
362,016P,2014,3,8058,1,0.004607064,0.004607064,0.004607064,0
362,016P,2015,2,8061,1,0.009027677,0.009027677,0.009027677,0
363,016Q,2024,3,8098,1,0.001943076,0.001943076,0.001943076,0
364,016R,2004,2,8017,1,0.003504228,0.003504228,0.003504228,0
364,016R,2005,3,8022,1,0.027578321,0.027578321,0.027578321,0
365,016S,2021,3,8086,1,0.01283606,0.01283606,0.01283606,0
366,016T,2017,2,8069,1,0.426523367,0.426523367,0.426523367,0
367,016V,2015,2,8061,1,0.003135605,0.003135605,0.003135605,0
367,016V,2015,3,8062,1,0.016577359,0.016577359,0.016577359,0
367,016V,2015,4,8063,1,0.027508588,0.027508588,0.027508588,0
367,016V,2016,1,8064,1,0.034222903,0.034222903,0.034222903,0
367,016V,2016,2,8065,1,0.037825261,0.037825261,0.037825261,0
367,016V,2016,3,8066,1,0.055609226,0.055609226,0.055609226,0
367,016V,2016,4,8067,1,0.142244289,0.142244289,0.142244289,0
367,016V,2017,1,8068,1,0.204773745,0.204773745,0.204773745,0
367,016V,2017,2,8069,1,0.786420609,0.786420609,0.786420609,0
367,016V,2017,3,8070,1,0.95297458,0.95297458,0.95297458,0
367,016V,2017,4,8071,1,0.999999999,0.999999999,0.999999999,0
367,016V,2018,2,8073,1,1,1,1,0
367,016V,2018,3,8074,2,1,1,1,0
367,016V,2019,2,8077,1,1,1,1,0
367,016V,2019,3,8078,2,1,1,1,0
367,016V,2020,3,8082,1,1,1,1,0
367,016V,2020,4,8083,1,1,1,1,0
368,016W,2005,2,8021,1,0.003832652,0.003832652,0.003832652,0
368,016W,2005,3,8022,1,0.008324816,0.008324816,0.008324816,0
369,016X,2025,4,8103,1,0.002013243,0.002013243,0.002013243,0
370,016Y,2007,2,8029,1,0.037201817,0.037201817,0.037201817,0
370,016Y,2007,3,8030,1,0.259878457,0.259878457,0.259878457,0
371,016Z,2019,3,8078,1,0.019379451,0.019379451,0.019379451,0
372,017A,2014,2,8057,1,0.545559476,0.545559476,0.545559476,0
372,017A,2014,3,8058,1,0.937014325,0.937014325,0.937014325,0
372,017A,2014,4,8059,1,0.998864411,0.998864411,0.998864411,0
372,017A,2015,1,8060,1,0.999796346,0.999796346,0.999796346,0
372,017A,2015,2,8061,1,0.999983555,0.999983555,0.999983555,0
372,017A,2015,4,8063,1,0.999993311,0.999993311,0.999993311,0
372,017A,2016,1,8064,1,0.999995638,0.999995638,0.999995638,0
372,017A,2016,3,8066,1,0.999997693,0.999997693,0.999997693,0
372,017A,2018,2,8073,1,0.999999871,0.999999871,0.999999871,0
372,017A,2018,3,8074,1,0.999999891,0.999999891,0.999999891,0
373,017B,2006,2,8025,1,7.41e-12,7.41e-12,7.41e-12,0
373,017B,2006,3,8026,1,1.57e-11,1.57e-11,1.57e-11,0
373,017B,2006,4,8027,1,1.56e-10,1.56e-10,1.56e-10,0
373,017B,2007,3,8030,1,2.37e-8,2.37e-8,2.37e-8,0
373,017B,2008,2,8033,1,5.64e-7,5.64e-7,5.64e-7,0
373,017B,2009,2,8037,1,1.77e-5,1.77e-5,1.77e-5,0
373,017B,2010,2,8041,1,4.48e-4,4.48e-4,4.48e-4,0
373,017B,2011,2,8045,1,0.011510473,0.011510473,0.011510473,0
374,017C,2016,3,8066,1,0.010430666,0.010430666,0.010430666,0
375,017D,2022,4,8091,1,0.002480628,0.002480628,0.002480628,0
376,017E,2013,2,8053,1,1.47e-4,1.47e-4,1.47e-4,0
376,017E,2013,3,8054,1,4.09e-4,4.09e-4,4.09e-4,0
376,017E,2013,4,8055,1,0.002348642,0.002348642,0.002348642,0
377,017F,2010,2,8041,1,0.043155644,0.043155644,0.043155644,0
377,017F,2010,4,8043,2,0.057447995,0.057447995,0.057447995,0
377,017F,2011,1,8044,1,0.454128181,0.454128181,0.454128181,0
377,017F,2011,2,8045,1,0.455572055,0.455572055,0.455572055,0
377,017F,2011,3,8046,1,0.455993127,0.455993127,0.455993127,0
377,017F,2011,4,8047,1,0.459128361,0.459128361,0.459128361,0
377,017F,2012,2,8049,1,0.622482128,0.622482128,0.622482128,0
377,017F,2012,3,8050,1,0.648289063,0.648289063,0.648289063,0
378,017G,2003,2,8013,1,0.208989208,0.208989208,0.208989208,0
379,017H,2020,3,8082,1,0.002918063,0.002918063,0.002918063,0
380,017K,2012,2,8049,1,0.016947677,0.016947677,0.016947677,0
381,017L,2011,3,8046,2,2.13e-5,2.13e-5,2.13e-5,0
381,017L,2011,4,8047,1,3.66e-4,3.66e-4,3.66e-4,0
381,017L,2012,2,8049,1,0.001060758,0.001060758,0.001060758,0
381,017L,2012,3,8050,1,0.003894077,0.003894077,0.003894077,0
382,017M,2018,2,8073,1,4.91e-5,4.91e-5,4.91e-5,0
382,017M,2018,3,8074,2,1.75e-4,1.75e-4,1.75e-4,0
382,017M,2019,2,8077,1,0.020155809,0.020155809,0.020155809,0
382,017M,2019,3,8078,1,0.028331307,0.028331307,0.028331307,0
383,017N,2009,3,8038,1,0.003188205,0.003188205,0.003188205,0
383,017N,2009,4,8039,1,0.014932311,0.014932311,0.014932311,0
384,017P,2008,2,8033,1,5.33e-7,5.33e-7,5.33e-7,0
384,017P,2008,3,8034,1,1.88e-6,1.88e-6,1.88e-6,0
384,017P,2008,4,8035,2,2.46e-5,2.46e-5,2.46e-5,0
385,017Q,2024,3,8098,1,0.001322536,0.001322536,0.001322536,0
385,017Q,2025,3,8102,1,0.027387491,0.027387491,0.027387491,0
386,017R,2004,2,8017,1,2.49e-4,2.49e-4,2.49e-4,0
386,017R,2004,3,8018,1,5.63e-4,5.63e-4,5.63e-4,0
386,017R,2004,4,8019,1,0.001424053,0.001424053,0.001424053,0
386,017R,2005,2,8021,1,0.017607277,0.017607277,0.017607277,0
386,017R,2005,3,8022,1,0.018865244,0.018865244,0.018865244,0
386,017R,2005,4,8023,1,0.020389138,0.020389138,0.020389138,0
386,017R,2006,3,8026,1,0.057906705,0.057906705,0.057906705,0
386,017R,2007,2,8029,1,0.999999987,0.999999987,0.999999987,0
386,017R,2007,4,8031,1,1,1,1,0
386,017R,2008,2,8033,1,1,1,1,0
386,017R,2008,3,8034,1,1,1,1,0
386,017R,2008,4,8035,2,1,1,1,0
386,017R,2009,2,8037,1,1,1,1,0
386,017R,2009,3,8038,1,1,1,1,0
386,017R,2009,4,8039,1,1,1,1,0
387,017S,2021,3,8086,2,3.31e-4,3.31e-4,3.31e-4,0
388,017T,2017,2,8069,1,0.008317102,0.008317102,0.008317102,0
389,017V,2015,2,8061,1,0.964254089,0.964254089,0.964254089,0
389,017V,2015,3,8062,1,0.973527563,0.973527563,0.973527563,0
389,017V,2016,2,8065,1,0.994107826,0.994107826,0.994107826,0
389,017V,2016,3,8066,1,0.996539883,0.996539883,0.996539883,0
389,017V,2017,2,8069,1,0.999706962,0.999706962,0.999706962,0
389,017V,2018,2,8073,1,1,1,1,0
390,017W,2005,2,8021,1,0.01599487,0.01599487,0.01599487,0
391,017X,2025,4,8103,1,0.002013243,0.002013243,0.002013243,0
392,017Y,2007,2,8029,1,0.019741334,0.019741334,0.019741334,0
392,017Y,2009,2,8037,1,1,1,1,0
393,017Z,2019,3,8078,2,4.8e-8,4.8e-8,4.8e-8,0
393,017Z,2019,4,8079,1,1.97e-7,1.97e-7,1.97e-7,0
393,017Z,2020,1,8080,1,2.03e-6,2.03e-6,2.03e-6,0
393,017Z,2020,3,8082,2,3.05e-5,3.05e-5,3.05e-5,0
393,017Z,2020,4,8083,1,4.52e-4,4.52e-4,4.52e-4,0
393,017Z,2021,2,8085,2,0.012833873,0.012833873,0.012833873,0
394,018A,2014,2,8057,1,0.001354533,0.001354533,0.001354533,0
394,018A,2014,4,8059,1,0.001670301,0.001670301,0.001670301,0
394,018A,2015,2,8061,1,0.010959177,0.010959177,0.010959177,0
394,018A,2017,1,8068,1,0.02614195,0.02614195,0.02614195,0
394,018A,2018,4,8075,1,0.107154568,0.107154568,0.107154568,0
395,018B,2006,2,8025,1,2.79e-13,2.79e-13,2.79e-13,0
395,018B,2006,3,8026,1,5.92e-13,5.92e-13,5.92e-13,0
395,018B,2006,4,8027,1,5.89e-12,5.89e-12,5.89e-12,0
395,018B,2007,3,8030,1,8.93e-10,8.93e-10,8.93e-10,0
395,018B,2007,4,8031,1,4.8e-9,4.8e-9,4.8e-9,0
395,018B,2009,2,8037,1,1.09e-6,1.09e-6,1.09e-6,0
395,018B,2009,4,8039,1,7.14e-6,7.14e-6,7.14e-6,0
395,018B,2010,2,8041,1,2.77e-4,2.77e-4,2.77e-4,0
395,018B,2011,2,8045,1,0.011341453,0.011341453,0.011341453,0
396,018C,2016,3,8066,1,0.010430666,0.010430666,0.010430666,0
397,018D,2022,4,8091,1,0.002480628,0.002480628,0.002480628,0
398,018E,2013,2,8053,1,0.331894857,0.331894857,0.331894857,0
399,018F,2010,2,8041,1,0.005015805,0.005015805,0.005015805,0
400,018G,2003,2,8013,1,6.63e-4,6.63e-4,6.63e-4,0
400,018G,2003,3,8014,1,7.07e-4,7.07e-4,7.07e-4,0
400,018G,2003,4,8015,1,8.26e-4,8.26e-4,8.26e-4,0
400,018G,2004,2,8017,1,9.34e-4,9.34e-4,9.34e-4,0
400,018G,2004,4,8019,1,9.48e-4,9.48e-4,9.48e-4,0
400,018G,2007,4,8031,1,0.001424224,0.001424224,0.001424224,0
400,018G,2008,2,8033,1,0.004001185,0.004001185,0.004001185,0
401,018H,2020,3,8082,1,0.014797697,0.014797697,0.014797697,0
402,018K,2012,2,8049,1,0.307828052,0.307828052,0.307828052,0
403,018L,2011,3,8046,1,9.23e-7,9.23e-7,9.23e-7,0
403,018L,2012,2,8049,1,7.82e-6,7.82e-6,7.82e-6,0
403,018L,2012,3,8050,1,3.08e-5,3.08e-5,3.08e-5,0
403,018L,2012,4,8051,1,2.01e-4,2.01e-4,2.01e-4,0
403,018L,2013,2,8053,1,0.008531735,0.008531735,0.008531735,0
404,018M,2018,2,8073,1,2.6e-4,2.6e-4,2.6e-4,0
404,018M,2018,3,8074,1,3.9e-4,3.9e-4,3.9e-4,0
404,018M,2018,4,8075,1,0.001023873,0.001023873,0.001023873,0
404,018M,2019,3,8078,1,0.022492008,0.022492008,0.022492008,0
404,018M,2021,2,8085,1,0.076083151,0.076083151,0.076083151,0
405,018N,2009,3,8038,1,8.22e-6,8.22e-6,8.22e-6,0
405,018N,2009,4,8039,2,3.85e-5,3.85e-5,3.85e-5,0
405,018N,2010,2,8041,1,3.9e-5,3.9e-5,3.9e-5,0
405,018N,2010,3,8042,1,3.93e-5,3.93e-5,3.93e-5,0
405,018N,2010,4,8043,1,3.93e-5,3.93e-5,3.93e-5,0
405,018N,2011,2,8045,1,3.97e-5,3.97e-5,3.97e-5,0
405,018N,2011,3,8046,1,4.15e-5,4.15e-5,4.15e-5,0
405,018N,2011,4,8047,1,5.49e-5,5.49e-5,5.49e-5,0
405,018N,2012,3,8050,2,9.94e-4,9.94e-4,9.94e-4,0
406,018P,2008,2,8033,1,6.15e-17,6.15e-17,6.15e-17,0
406,018P,2008,3,8034,1,4.12e-16,4.12e-16,4.12e-16,0
406,018P,2008,4,8035,1,6.33e-15,6.33e-15,6.33e-15,0
406,018P,2009,1,8036,1,2.11e-14,2.11e-14,2.11e-14,0
406,018P,2009,2,8037,1,4.51e-14,4.51e-14,4.51e-14,0
406,018P,2009,4,8039,2,7.17e-13,7.17e-13,7.17e-13,0
406,018P,2010,1,8040,1,3.62e-10,3.62e-10,3.62e-10,0
406,018P,2010,2,8041,1,1.19e-8,1.19e-8,1.19e-8,0
406,018P,2010,3,8042,1,2.08e-7,2.08e-7,2.08e-7,0
406,018P,2010,4,8043,1,3.51e-6,3.51e-6,3.51e-6,0
406,018P,2011,1,8044,1,1.78e-4,1.78e-4,1.78e-4,0
406,018P,2011,2,8045,1,0.005716794,0.005716794,0.005716794,0
406,018P,2011,3,8046,1,0.047385967,0.047385967,0.047385967,0
407,018Q,2024,3,8098,1,0.001322536,0.001322536,0.001322536,0
407,018Q,2025,3,8102,1,0.027387491,0.027387491,0.027387491,0
408,018R,2004,2,8017,1,7.18e-4,7.18e-4,7.18e-4,0
408,018R,2004,3,8018,1,0.001625388,0.001625388,0.001625388,0
408,018R,2005,1,8020,1,0.009028318,0.009028318,0.009028318,0
408,018R,2007,2,8029,1,0.017766448,0.017766448,0.017766448,0
409,018S,2021,3,8086,1,0.002527194,0.002527194,0.002527194,0
410,018T,2017,2,8069,1,0.008317102,0.008317102,0.008317102,0
411,018V,2015,2,8061,1,0.061070424,0.061070424,0.061070424,0
411,018V,2016,2,8065,1,0.999999996,0.999999996,0.999999996,0
412,018W,2005,2,8021,1,0.01599487,0.01599487,0.01599487,0
413,018Y,2007,2,8029,1,2.34e-7,2.34e-7,2.34e-7,0
413,018Y,2007,4,8031,1,2.53e-6,2.53e-6,2.53e-6,0
413,018Y,2008,2,8033,1,1.02e-4,1.02e-4,1.02e-4,0
413,018Y,2008,3,8034,1,0.0010345,0.0010345,0.0010345,0
414,018Z,2019,3,8078,1,2.38e-4,2.38e-4,2.38e-4,0
414,018Z,2019,4,8079,1,3.35e-4,3.35e-4,3.35e-4,0
414,018Z,2020,3,8082,1,0.003946572,0.003946572,0.003946572,0
414,018Z,2020,4,8083,1,0.008634238,0.008634238,0.008634238,0
415,019A,2014,2,8057,1,2.41e-9,2.41e-9,2.41e-9,0
415,019A,2014,3,8058,1,1.13e-8,1.13e-8,1.13e-8,0
415,019A,2014,4,8059,1,3.55e-8,3.55e-8,3.55e-8,0
415,019A,2015,1,8060,1,6.79e-8,6.79e-8,6.79e-8,0
415,019A,2015,2,8061,1,9.29e-7,9.29e-7,9.29e-7,0
415,019A,2016,1,8064,1,3.17e-5,3.17e-5,3.17e-5,0
415,019A,2016,3,8066,1,1.96e-4,1.96e-4,1.96e-4,0
415,019A,2016,4,8067,1,2.14e-4,2.14e-4,2.14e-4,0
415,019A,2017,1,8068,1,4.42e-4,4.42e-4,4.42e-4,0
415,019A,2017,3,8070,1,6.43e-4,6.43e-4,6.43e-4,0
415,019A,2018,1,8072,1,0.001632419,0.001632419,0.001632419,0
415,019A,2018,2,8073,1,0.007267787,0.007267787,0.007267787,0
415,019A,2018,3,8074,1,0.022104071,0.022104071,0.022104071,0
415,019A,2019,3,8078,1,0.415979052,0.415979052,0.415979052,0
416,019B,2006,2,8025,1,1.91e-5,1.91e-5,1.91e-5,0
416,019B,2006,3,8026,1,4.06e-5,4.06e-5,4.06e-5,0
416,019B,2006,4,8027,1,5.91e-5,5.91e-5,5.91e-5,0
416,019B,2007,1,8028,1,1.12e-4,1.12e-4,1.12e-4,0
416,019B,2007,2,8029,1,1.99e-4,1.99e-4,1.99e-4,0
416,019B,2007,3,8030,1,0.001685008,0.001685008,0.001685008,0
416,019B,2007,4,8031,1,0.012791733,0.012791733,0.012791733,0
417,019C,2016,3,8066,1,1.91e-4,1.91e-4,1.91e-4,0
417,019C,2016,4,8067,1,4.32e-4,4.32e-4,4.32e-4,0
417,019C,2017,2,8069,1,0.00711076,0.00711076,0.00711076,0
418,019D,2022,4,8091,1,0.002480628,0.002480628,0.002480628,0
419,019E,2013,2,8053,1,0.004443301,0.004443301,0.004443301,0
419,019E,2013,3,8054,1,0.004748614,0.004748614,0.004748614,0
419,019E,2014,2,8057,1,0.005151728,0.005151728,0.005151728,0
419,019E,2015,2,8061,1,0.005221449,0.005221449,0.005221449,0
419,019E,2016,2,8065,1,0.005264341,0.005264341,0.005264341,0
419,019E,2016,3,8066,1,0.005327505,0.005327505,0.005327505,0
419,019E,2018,2,8073,1,0.008274943,0.008274943,0.008274943,0
419,019E,2022,2,8089,1,0.036016179,0.036016179,0.036016179,0
420,019F,2010,2,8041,1,0.080126401,0.080126401,0.080126401,0
421,019G,2003,2,8013,1,0.055883384,0.055883384,0.055883384,0
421,019G,2003,3,8014,1,0.127786465,0.127786465,0.127786465,0
421,019G,2003,4,8015,1,0.137844104,0.137844104,0.137844104,0
421,019G,2004,2,8017,1,0.316478375,0.316478375,0.316478375,0
421,019G,2004,3,8018,1,0.589035538,0.589035538,0.589035538,0
421,019G,2005,3,8022,2,0.853571319,0.853571319,0.853571319,0
422,019H,2020,3,8082,1,4.07e-7,4.07e-7,4.07e-7,0
422,019H,2020,4,8083,1,1.38e-6,1.38e-6,1.38e-6,0
422,019H,2021,1,8084,1,1.42e-5,1.42e-5,1.42e-5,0
422,019H,2021,2,8085,2,1.35e-4,1.35e-4,1.35e-4,0
422,019H,2021,3,8086,1,3.09e-4,3.09e-4,3.09e-4,0
422,019H,2021,4,8087,1,0.001164152,0.001164152,0.001164152,0
423,019K,2012,2,8049,1,0.307828052,0.307828052,0.307828052,0
424,019L,2011,3,8046,1,3.85e-4,3.85e-4,3.85e-4,0
424,019L,2012,3,8050,1,0.004074429,0.004074429,0.004074429,0
424,019L,2014,3,8058,1,0.076110288,0.076110288,0.076110288,0
425,019M,2018,2,8073,1,1.29e-6,1.29e-6,1.29e-6,0
425,019M,2018,3,8074,1,4.57e-6,4.57e-6,4.57e-6,0
425,019M,2018,4,8075,2,2.06e-5,2.06e-5,2.06e-5,0
425,019M,2019,2,8077,1,6.17e-4,6.17e-4,6.17e-4,0
425,019M,2019,3,8078,1,0.002252517,0.002252517,0.002252517,0
426,019N,2009,3,8038,1,1.91e-7,1.91e-7,1.91e-7,0
426,019N,2009,4,8039,2,8.96e-7,8.96e-7,8.96e-7,0
426,019N,2010,2,8041,1,1.1e-4,1.1e-4,1.1e-4,0
426,019N,2010,3,8042,1,0.001129116,0.001129116,0.001129116,0
427,019P,2008,2,8033,1,4.12e-10,4.12e-10,4.12e-10,0
427,019P,2008,3,8034,1,1.45e-9,1.45e-9,1.45e-9,0
427,019P,2008,4,8035,1,1.9e-8,1.9e-8,1.9e-8,0
427,019P,2009,1,8036,1,6.28e-8,6.28e-8,6.28e-8,0
427,019P,2010,2,8041,1,5.41e-6,5.41e-6,5.41e-6,0
427,019P,2010,3,8042,1,2.84e-5,2.84e-5,2.84e-5,0
427,019P,2011,2,8045,1,0.002112531,0.002112531,0.002112531,0
427,019P,2011,3,8046,1,0.009065932,0.009065932,0.009065932,0
427,019P,2014,3,8058,1,0.970549583,0.970549583,0.970549583,0
427,019P,2015,2,8061,1,0.997371653,0.997371653,0.997371653,0
428,019Q,2024,3,8098,1,0.032545288,0.032545288,0.032545288,0
429,019R,2004,2,8017,1,0.040435048,0.040435048,0.040435048,0
429,019R,2004,3,8018,1,0.043046213,0.043046213,0.043046213,0
429,019R,2004,4,8019,1,0.050197,0.050197,0.050197,0
429,019R,2007,2,8029,1,0.603117899,0.603117899,0.603117899,0
429,019R,2008,3,8034,1,0.991447875,0.991447875,0.991447875,0
430,019S,2021,3,8086,1,0.002527194,0.002527194,0.002527194,0
431,019T,2017,3,8070,1,0.001149403,0.001149403,0.001149403,0
431,019T,2018,2,8073,1,0.008432052,0.008432052,0.008432052,0
432,019V,2015,2,8061,1,0.003931238,0.003931238,0.003931238,0
432,019V,2016,2,8065,1,0.064372206,0.064372206,0.064372206,0
432,019V,2016,3,8066,1,0.153377847,0.153377847,0.153377847,0
432,019V,2016,4,8067,1,0.178471252,0.178471252,0.178471252,0
433,019W,2005,2,8021,1,0.01599487,0.01599487,0.01599487,0
434,019Y,2007,2,8029,1,1.1e-4,1.1e-4,1.1e-4,0
434,019Y,2007,3,8030,1,7.68e-4,7.68e-4,7.68e-4,0
434,019Y,2007,4,8031,1,0.011885411,0.011885411,0.011885411,0
435,019Z,2019,3,8078,1,0.019379451,0.019379451,0.019379451,0
436,020A,2014,2,8057,1,4.77e-8,4.77e-8,4.77e-8,0
436,020A,2014,3,8058,1,2.23e-7,2.23e-7,2.23e-7,0
436,020A,2014,4,8059,1,2.68e-6,2.68e-6,2.68e-6,0
436,020A,2015,1,8060,1,5.97e-6,5.97e-6,5.97e-6,0
436,020A,2015,2,8061,1,9.34e-5,9.34e-5,9.34e-5,0
436,020A,2015,3,8062,1,0.001334908,0.001334908,0.001334908,0
437,020B,2006,2,8025,1,1.81e-12,1.81e-12,1.81e-12,0
437,020B,2006,3,8026,1,3.83e-12,3.83e-12,3.83e-12,0
437,020B,2006,4,8027,1,5.58e-12,5.58e-12,5.58e-12,0
437,020B,2007,1,8028,1,1.04e-10,1.04e-10,1.04e-10,0
437,020B,2007,3,8030,1,5.28e-9,5.28e-9,5.28e-9,0
437,020B,2007,4,8031,2,3.95e-8,3.95e-8,3.95e-8,0
437,020B,2008,3,8034,1,1.37e-4,1.37e-4,1.37e-4,0
437,020B,2008,4,8035,1,7.4e-4,7.4e-4,7.4e-4,0
438,020C,2016,3,8066,1,6.16e-8,6.16e-8,6.16e-8,0
438,020C,2016,4,8067,1,1.4e-7,1.4e-7,1.4e-7,0
438,020C,2017,2,8069,1,2.29e-6,2.29e-6,2.29e-6,0
438,020C,2017,3,8070,1,8.15e-6,8.15e-6,8.15e-6,0
438,020C,2018,2,8073,1,1.36e-4,1.36e-4,1.36e-4,0
438,020C,2018,3,8074,2,4.06e-4,4.06e-4,4.06e-4,0
439,020D,2022,4,8091,2,1.77e-6,1.77e-6,1.77e-6,0
439,020D,2023,2,8093,1,1.45e-4,1.45e-4,1.45e-4,0
439,020D,2023,4,8095,1,7.95e-4,7.95e-4,7.95e-4,0
439,020D,2024,2,8097,1,0.001213965,0.001213965,0.001213965,0
439,020D,2024,3,8098,1,0.002370169,0.002370169,0.002370169,0
440,020E,2013,2,8053,1,0.019543421,0.019543421,0.019543421,0
440,020E,2013,3,8054,1,0.020886312,0.020886312,0.020886312,0
440,020E,2013,4,8055,1,0.021462931,0.021462931,0.021462931,0
440,020E,2014,2,8057,1,0.022405571,0.022405571,0.022405571,0
440,020E,2014,3,8058,1,0.023819332,0.023819332,0.023819332,0
441,020F,2010,4,8043,3,7.39e-10,7.39e-10,7.39e-10,0
441,020F,2011,1,8044,1,1.59e-6,1.59e-6,1.59e-6,0
441,020F,2011,2,8045,1,4.17e-6,4.17e-6,4.17e-6,0
441,020F,2011,3,8046,1,2.36e-5,2.36e-5,2.36e-5,0
441,020F,2011,4,8047,1,1.68e-4,1.68e-4,1.68e-4,0
441,020F,2012,1,8048,1,0.003600861,0.003600861,0.003600861,0
442,020G,2003,2,8013,1,7.66e-4,7.66e-4,7.66e-4,0
442,020G,2003,4,8015,1,0.00238175,0.00238175,0.00238175,0
442,020G,2004,1,8016,1,0.00742376,0.00742376,0.00742376,0
443,020H,2020,3,8082,1,1.04e-8,1.04e-8,1.04e-8,0
443,020H,2020,4,8083,1,3.52e-8,3.52e-8,3.52e-8,0
443,020H,2021,1,8084,1,3.61e-7,3.61e-7,3.61e-7,0
443,020H,2021,2,8085,2,3.43e-6,3.43e-6,3.43e-6,0
443,020H,2021,3,8086,2,1.21e-4,1.21e-4,1.21e-4,0
443,020H,2021,4,8087,1,9.76e-4,9.76e-4,9.76e-4,0
444,020K,2012,2,8049,1,0.016947677,0.016947677,0.016947677,0
445,020L,2011,3,8046,2,1.67e-19,1.67e-19,1.67e-19,0
445,020L,2012,1,8048,1,8.3e-18,8.3e-18,8.3e-18,0
445,020L,2012,2,8049,1,8.45e-17,8.45e-17,8.45e-17,0
445,020L,2012,3,8050,1,6.56e-16,6.56e-16,6.56e-16,0
445,020L,2013,2,8053,1,2.26e-14,2.26e-14,2.26e-14,0
445,020L,2013,3,8054,2,9.43e-14,9.43e-14,9.43e-14,0
445,020L,2014,3,8058,1,3.66e-11,3.66e-11,3.66e-11,0
445,020L,2014,4,8059,1,1.46e-10,1.46e-10,1.46e-10,0
445,020L,2015,2,8061,1,8.45e-9,8.45e-9,8.45e-9,0
445,020L,2015,3,8062,1,7.28e-8,7.28e-8,7.28e-8,0
445,020L,2016,2,8065,1,3.76e-6,3.76e-6,3.76e-6,0
445,020L,2016,3,8066,1,1.13e-5,1.13e-5,1.13e-5,0
445,020L,2017,2,8069,1,1.81e-4,1.81e-4,1.81e-4,0
445,020L,2019,2,8077,1,0.002632174,0.002632174,0.002632174,0
445,020L,2019,3,8078,1,0.004264606,0.004264606,0.004264606,0
446,020M,2018,2,8073,1,1.34e-6,1.34e-6,1.34e-6,0
446,020M,2018,4,8075,2,6.98e-6,6.98e-6,6.98e-6,0
446,020M,2019,2,8077,1,8.85e-5,8.85e-5,8.85e-5,0
446,020M,2019,3,8078,1,3.12e-4,3.12e-4,3.12e-4,0
446,020M,2020,3,8082,1,0.006757322,0.006757322,0.006757322,0
447,020N,2009,3,8038,1,4.48e-7,4.48e-7,4.48e-7,0
447,020N,2009,4,8039,2,2.1e-6,2.1e-6,2.1e-6,0
447,020N,2010,2,8041,1,2.58e-4,2.58e-4,2.58e-4,0
447,020N,2011,2,8045,1,0.010773364,0.010773364,0.010773364,0
447,020N,2011,3,8046,2,0.037901327,0.037901327,0.037901327,0
447,020N,2012,3,8050,2,0.99560785,0.99560785,0.99560785,0
448,020P,2008,2,8033,1,3.11e-6,3.11e-6,3.11e-6,0
448,020P,2009,1,8036,1,5.29e-5,5.29e-5,5.29e-5,0
448,020P,2009,2,8037,2,7.16e-4,7.16e-4,7.16e-4,0
448,020P,2009,4,8039,1,0.491891536,0.491891536,0.491891536,0
448,020P,2010,1,8040,1,1,1,1,0
449,020Q,2024,3,8098,1,2.56e-4,2.56e-4,2.56e-4,0
449,020Q,2024,4,8099,1,0.00100408,0.00100408,0.00100408,0
450,020R,2004,2,8017,1,0.007365367,0.007365367,0.007365367,0
450,020R,2004,3,8018,1,0.016679209,0.016679209,0.016679209,0
451,020S,2021,3,8086,1,0.005983111,0.005983111,0.005983111,0
451,020S,2022,3,8090,1,0.025643904,0.025643904,0.025643904,0
451,020S,2022,4,8091,1,0.029866596,0.029866596,0.029866596,0
452,020T,2017,3,8070,3,1.96e-15,1.96e-15,1.96e-15,0
452,020T,2017,4,8071,2,1.64e-13,1.64e-13,1.64e-13,0
452,020T,2018,1,8072,2,1.49e-11,1.49e-11,1.49e-11,0
452,020T,2018,2,8073,2,1.07e-9,1.07e-9,1.07e-9,0
452,020T,2018,3,8074,1,4.11e-8,4.11e-8,4.11e-8,0
452,020T,2018,4,8075,1,2.37e-7,2.37e-7,2.37e-7,0
452,020T,2019,2,8077,1,1.19e-6,1.19e-6,1.19e-6,0
452,020T,2019,3,8078,1,3.79e-6,3.79e-6,3.79e-6,0
452,020T,2019,4,8079,1,1.65e-5,1.65e-5,1.65e-5,0
452,020T,2020,1,8080,1,4.71e-5,4.71e-5,4.71e-5,0
452,020T,2020,3,8082,1,5.22e-4,5.22e-4,5.22e-4,0
452,020T,2020,4,8083,1,0.00144237,0.00144237,0.00144237,0
453,020V,2015,2,8061,1,0.046834462,0.046834462,0.046834462,0
453,020V,2016,2,8065,1,0.07474749,0.07474749,0.07474749,0
453,020V,2016,4,8067,1,0.142057982,0.142057982,0.142057982,0
454,020W,2005,2,8021,1,0.241449325,0.241449325,0.241449325,0
455,020Y,2007,2,8029,1,4.47e-14,4.47e-14,4.47e-14,0
455,020Y,2007,3,8030,1,3.12e-13,3.12e-13,3.12e-13,0
455,020Y,2007,4,8031,1,4.83e-12,4.83e-12,4.83e-12,0
455,020Y,2008,2,8033,1,3.06e-11,3.06e-11,3.06e-11,0
455,020Y,2008,3,8034,1,2.72e-10,2.72e-10,2.72e-10,0
455,020Y,2008,4,8035,1,4.34e-9,4.34e-9,4.34e-9,0
455,020Y,2009,1,8036,1,1.44e-8,1.44e-8,1.44e-8,0
455,020Y,2009,2,8037,2,3.38e-7,3.38e-7,3.38e-7,0
455,020Y,2009,4,8039,1,2.4e-4,2.4e-4,2.4e-4,0
455,020Y,2010,1,8040,1,0.005095195,0.005095195,0.005095195,0
455,020Y,2010,2,8041,1,0.159950808,0.159950808,0.159950808,0
455,020Y,2010,3,8042,1,0.294667893,0.294667893,0.294667893,0
455,020Y,2011,2,8045,1,1,1,1,0
455,020Y,2011,3,8046,1,1,1,1,0
456,020Z,2019,3,8078,1,6.65e-5,6.65e-5,6.65e-5,0
456,020Z,2019,4,8079,2,2.05e-4,2.05e-4,2.05e-4,0
457,021A,2014,2,8057,1,0.965054929,0.965054929,0.965054929,0
457,021A,2014,3,8058,1,0.991897923,0.991897923,0.991897923,0
458,021B,2006,2,8025,1,5.97e-10,5.97e-10,5.97e-10,0
458,021B,2006,3,8026,1,8.93e-10,8.93e-10,8.93e-10,0
458,021B,2006,4,8027,1,1.15e-9,1.15e-9,1.15e-9,0
458,021B,2007,1,8028,1,1.88e-9,1.88e-9,1.88e-9,0
458,021B,2007,3,8030,1,3.85e-9,3.85e-9,3.85e-9,0
458,021B,2007,4,8031,1,1.69e-8,1.69e-8,1.69e-8,0
458,021B,2009,2,8037,1,3.64e-6,3.64e-6,3.64e-6,0
458,021B,2010,2,8041,1,5.78e-5,5.78e-5,5.78e-5,0
458,021B,2010,4,8043,1,5.75e-4,5.75e-4,5.75e-4,0
458,021B,2011,2,8045,1,0.023845912,0.023845912,0.023845912,0
458,021B,2011,3,8046,1,0.024059956,0.024059956,0.024059956,0
458,021B,2011,4,8047,1,0.025653694,0.025653694,0.025653694,0
459,021C,2016,3,8066,1,0.002778858,0.002778858,0.002778858,0
459,021C,2016,4,8067,1,0.006292445,0.006292445,0.006292445,0
459,021C,2017,2,8069,1,0.103454509,0.103454509,0.103454509,0
459,021C,2017,3,8070,2,0.367388131,0.367388131,0.367388131,0
459,021C,2017,4,8071,2,0.400342483,0.400342483,0.400342483,0
459,021C,2018,2,8073,1,0.422718573,0.422718573,0.422718573,0
459,021C,2018,3,8074,1,0.48378317,0.48378317,0.48378317,0
459,021C,2018,4,8075,1,0.501055272,0.501055272,0.501055272,0
459,021C,2019,2,8077,1,0.525962901,0.525962901,0.525962901,0
459,021C,2019,3,8078,1,0.529918111,0.529918111,0.529918111,0
460,021D,2022,4,8091,1,3.33e-4,3.33e-4,3.33e-4,0
460,021D,2023,2,8093,1,0.003857857,0.003857857,0.003857857,0
461,021E,2013,2,8053,1,2.6e-4,2.6e-4,2.6e-4,0
461,021E,2013,3,8054,1,7.22e-4,7.22e-4,7.22e-4,0
461,021E,2013,4,8055,1,0.004145935,0.004145935,0.004145935,0
461,021E,2014,1,8056,1,0.069970568,0.069970568,0.069970568,0
461,021E,2014,2,8057,1,0.992803169,0.992803169,0.992803169,0
461,021E,2014,3,8058,1,0.998509488,0.998509488,0.998509488,0
461,021E,2015,1,8060,1,0.998598867,0.998598867,0.998598867,0
462,021F,2010,3,8042,1,0.009031474,0.009031474,0.009031474,0
462,021F,2010,4,8043,1,0.03981029,0.03981029,0.03981029,0
462,021F,2011,2,8045,1,0.222031973,0.222031973,0.222031973,0
462,021F,2011,3,8046,2,0.969112689,0.969112689,0.969112689,0
462,021F,2012,2,8049,1,0.999999996,0.999999996,0.999999996,0
463,021G,2003,2,8013,1,7.52e-4,7.52e-4,7.52e-4,0
463,021G,2003,3,8014,1,0.001719901,0.001719901,0.001719901,0
463,021G,2003,4,8015,1,0.004370675,0.004370675,0.004370675,0
464,021H,2020,3,8082,1,9.82e-7,9.82e-7,9.82e-7,0
464,021H,2020,4,8083,1,3.33e-6,3.33e-6,3.33e-6,0
464,021H,2021,1,8084,1,3.42e-5,3.42e-5,3.42e-5,0
464,021H,2023,3,8094,1,0.002069304,0.002069304,0.002069304,0
464,021H,2023,4,8095,1,0.002899679,0.002899679,0.002899679,0
465,021K,2012,2,8049,1,0.993557254,0.993557254,0.993557254,0
465,021K,2012,3,8050,1,0.997736932,0.997736932,0.997736932,0
465,021K,2012,4,8051,1,0.997806588,0.997806588,0.997806588,0
466,021L,2011,3,8046,2,6.74e-12,6.74e-12,6.74e-12,0
466,021L,2012,1,8048,1,3.36e-10,3.36e-10,3.36e-10,0
466,021L,2012,2,8049,1,3.42e-9,3.42e-9,3.42e-9,0
466,021L,2012,3,8050,1,2.65e-8,2.65e-8,2.65e-8,0
466,021L,2012,4,8051,2,1.98e-7,1.98e-7,1.98e-7,0
466,021L,2013,3,8054,1,1.33e-4,1.33e-4,1.33e-4,0
466,021L,2014,3,8058,1,0.001610414,0.001610414,0.001610414,0
466,021L,2015,3,8062,1,0.02653244,0.02653244,0.02653244,0
466,021L,2016,4,8067,1,0.464156729,0.464156729,0.464156729,0
466,021L,2017,2,8069,1,0.547155554,0.547155554,0.547155554,0
466,021L,2017,4,8071,1,0.55132117,0.55132117,0.55132117,0
466,021L,2018,1,8072,1,0.552442646,0.552442646,0.552442646,0
467,021M,2018,2,8073,1,0.02064331,0.02064331,0.02064331,0
467,021M,2018,3,8074,1,0.030931992,0.030931992,0.030931992,0
468,021N,2009,3,8038,1,0.824195768,0.824195768,0.824195768,0
468,021N,2009,4,8039,2,0.999899519,0.999899519,0.999899519,0
469,021P,2008,2,8033,1,1.86e-7,1.86e-7,1.86e-7,0
469,021P,2008,3,8034,1,1.25e-6,1.25e-6,1.25e-6,0
469,021P,2008,4,8035,1,1.91e-5,1.91e-5,1.91e-5,0
469,021P,2009,1,8036,1,8.92e-4,8.92e-4,8.92e-4,0
469,021P,2009,2,8037,1,0.00231684,0.00231684,0.00231684,0
470,021Q,2024,3,8098,1,1.54e-5,1.54e-5,1.54e-5,0
470,021Q,2024,4,8099,2,6.04e-5,6.04e-5,6.04e-5,0
470,021Q,2025,2,8101,1,0.011151323,0.011151323,0.011151323,0
470,021Q,2025,4,8103,1,0.020946862,0.020946862,0.020946862,0
471,021R,2004,2,8017,1,0.013775535,0.013775535,0.013775535,0
472,021S,2021,3,8086,1,1.55e-4,1.55e-4,1.55e-4,0
472,021S,2021,4,8087,1,2.32e-4,2.32e-4,2.32e-4,0
472,021S,2022,2,8089,2,7.03e-4,7.03e-4,7.03e-4,0
473,021T,2017,3,8070,2,2.13e-14,2.13e-14,2.13e-14,0
473,021T,2017,4,8071,1,2.51e-13,2.51e-13,2.51e-13,0
473,021T,2018,1,8072,1,3e-12,3e-12,3e-12,0
473,021T,2018,2,8073,2,2.87e-11,2.87e-11,2.87e-11,0
473,021T,2018,3,8074,2,1e-9,1e-9,1e-9,0
473,021T,2018,4,8075,3,3.74e-8,3.74e-8,3.74e-8,0
473,021T,2019,2,8077,1,1.03e-5,1.03e-5,1.03e-5,0
473,021T,2019,3,8078,2,3.86e-5,3.86e-5,3.86e-5,0
473,021T,2019,4,8079,1,0.001096756,0.001096756,0.001096756,0
474,021V,2015,2,8061,1,0.638484975,0.638484975,0.638484975,0
474,021V,2015,3,8062,1,0.644625445,0.644625445,0.644625445,0
474,021V,2015,4,8063,1,0.649619055,0.649619055,0.649619055,0
474,021V,2016,2,8065,1,0.656407572,0.656407572,0.656407572,0
474,021V,2016,3,8066,1,0.657470762,0.657470762,0.657470762,0
474,021V,2016,4,8067,1,0.657770507,0.657770507,0.657770507,0
474,021V,2017,1,8068,1,0.657986851,0.657986851,0.657986851,0
474,021V,2017,2,8069,1,0.659999271,0.659999271,0.659999271,0
474,021V,2017,3,8070,2,0.661939408,0.661939408,0.661939408,0
474,021V,2018,2,8073,1,0.674219371,0.674219371,0.674219371,0
475,021W,2005,2,8021,1,0.003832652,0.003832652,0.003832652,0
475,021W,2005,3,8022,1,0.008324816,0.008324816,0.008324816,0
476,021Y,2007,2,8029,1,0.742347469,0.742347469,0.742347469,0
476,021Y,2007,3,8030,1,0.99950231,0.99950231,0.99950231,0
476,021Y,2007,4,8031,2,0.999999699,0.999999699,0.999999699,0
477,021Z,2019,3,8078,1,1.13e-7,1.13e-7,1.13e-7,0
477,021Z,2019,4,8079,1,3.49e-7,3.49e-7,3.49e-7,0
477,021Z,2020,3,8082,1,2.06e-6,2.06e-6,2.06e-6,0
477,021Z,2020,4,8083,1,4.29e-6,4.29e-6,4.29e-6,0
477,021Z,2021,2,8085,1,6.97e-5,6.97e-5,6.97e-5,0
477,021Z,2021,3,8086,1,2.5e-4,2.5e-4,2.5e-4,0
477,021Z,2022,3,8090,1,0.006055744,0.006055744,0.006055744,0
478,022A,2014,2,8057,1,0.914765667,0.914765667,0.914765667,0
478,022A,2014,3,8058,1,0.940209866,0.940209866,0.940209866,0
478,022A,2015,1,8060,1,0.947096259,0.947096259,0.947096259,0
478,022A,2015,2,8061,1,0.947938669,0.947938669,0.947938669,0
478,022A,2015,3,8062,1,0.948402649,0.948402649,0.948402649,0
478,022A,2015,4,8063,1,0.948655388,0.948655388,0.948655388,0
478,022A,2016,2,8065,1,0.954592254,0.954592254,0.954592254,0
479,022B,2006,2,8025,1,0.034567919,0.034567919,0.034567919,0
479,022B,2006,3,8026,1,0.073310819,0.073310819,0.073310819,0
479,022B,2006,4,8027,1,0.106782668,0.106782668,0.106782668,0
479,022B,2007,2,8029,1,0.31858958,0.31858958,0.31858958,0
479,022B,2010,4,8043,2,0.998857554,0.998857554,0.998857554,0
479,022B,2012,1,8048,1,0.999504997,0.999504997,0.999504997,0
479,022B,2012,3,8050,1,0.999632696,0.999632696,0.999632696,0
479,022B,2013,4,8055,1,0.999740283,0.999740283,0.999740283,0
480,022C,2016,3,8066,1,3.6e-6,3.6e-6,3.6e-6,0
480,022C,2016,4,8067,1,8.15e-6,8.15e-6,8.15e-6,0
480,022C,2017,3,8070,2,1.79e-4,1.79e-4,1.79e-4,0
480,022C,2018,4,8075,1,0.011021205,0.011021205,0.011021205,0
481,022E,2013,2,8053,1,0.04306313,0.04306313,0.04306313,0
481,022E,2013,3,8054,1,0.046022134,0.046022134,0.046022134,0
481,022E,2013,4,8055,1,0.067976319,0.067976319,0.067976319,0
481,022E,2014,2,8057,1,0.993813036,0.993813036,0.993813036,0
481,022E,2014,4,8059,1,0.998900199,0.998900199,0.998900199,0
481,022E,2015,1,8060,1,0.999413622,0.999413622,0.999413622,0
481,022E,2015,2,8061,1,0.999942945,0.999942945,0.999942945,0
481,022E,2016,1,8064,1,0.999985407,0.999985407,0.999985407,0
481,022E,2016,3,8066,1,0.999998546,0.999998546,0.999998546,0
481,022E,2016,4,8067,1,1,1,1,0
481,022E,2017,1,8068,1,1,1,1,0
482,022F,2010,3,8042,1,1.91e-5,1.91e-5,1.91e-5,0
482,022F,2010,4,8043,1,8.42e-5,8.42e-5,8.42e-5,0
482,022F,2011,1,8044,1,2.6e-4,2.6e-4,2.6e-4,0
482,022F,2011,2,8045,1,0.002727545,0.002727545,0.002727545,0
482,022F,2011,3,8046,2,0.021293214,0.021293214,0.021293214,0
482,022F,2012,3,8050,1,0.676722548,0.676722548,0.676722548,0
482,022F,2013,2,8053,1,0.997641804,0.997641804,0.997641804,0
482,022F,2013,3,8054,1,1,1,1,0
483,022G,2003,2,8013,1,2.99e-8,2.99e-8,2.99e-8,0
483,022G,2003,3,8014,1,6.83e-8,6.83e-8,6.83e-8,0
483,022G,2003,4,8015,1,1.74e-7,1.74e-7,1.74e-7,0
483,022G,2004,1,8016,1,1.02e-6,1.02e-6,1.02e-6,0
483,022G,2004,3,8018,1,8.27e-6,8.27e-6,8.27e-6,0
483,022G,2005,1,8020,1,3.15e-5,3.15e-5,3.15e-5,0
483,022G,2005,2,8021,1,1.12e-4,1.12e-4,1.12e-4,0
483,022G,2005,3,8022,1,3.36e-4,3.36e-4,3.36e-4,0
483,022G,2006,1,8024,1,0.002118225,0.002118225,0.002118225,0
483,022G,2006,3,8026,1,0.012155285,0.012155285,0.012155285,0
483,022G,2008,3,8034,1,0.968131052,0.968131052,0.968131052,0
483,022G,2009,2,8037,1,0.987954417,0.987954417,0.987954417,0
484,022H,2020,3,8082,1,0.002918063,0.002918063,0.002918063,0
485,022K,2012,2,8049,1,0.307828052,0.307828052,0.307828052,0
486,022L,2011,3,8046,2,9.38e-6,9.38e-6,9.38e-6,0
486,022L,2012,1,8048,1,4.68e-4,4.68e-4,4.68e-4,0
486,022L,2012,2,8049,1,0.004759587,0.004759587,0.004759587,0
487,022M,2018,2,8073,1,0.030277476,0.030277476,0.030277476,0
488,022N,2009,3,8038,1,0.564278502,0.564278502,0.564278502,0
488,022N,2010,2,8041,1,0.993489449,0.993489449,0.993489449,0
488,022N,2010,3,8042,1,0.99990825,0.99990825,0.99990825,0
488,022N,2011,2,8045,1,0.999974778,0.999974778,0.999974778,0
488,022N,2011,3,8046,1,0.999983383,0.999983383,0.999983383,0
488,022N,2012,2,8049,1,0.999996884,0.999996884,0.999996884,0
489,022P,2008,2,8033,1,0.001565757,0.001565757,0.001565757,0
489,022P,2009,2,8037,1,0.03921699,0.03921699,0.03921699,0
489,022P,2010,2,8041,1,0.982197779,0.982197779,0.982197779,0
489,022P,2010,4,8043,2,0.999999707,0.999999707,0.999999707,0
489,022P,2011,2,8045,1,0.999999986,0.999999986,0.999999986,0
489,022P,2012,3,8050,1,1,1,1,0
490,022Q,2024,3,8098,1,0.002088411,0.002088411,0.002088411,0
490,022Q,2025,2,8101,2,0.008295718,0.008295718,0.008295718,0
490,022Q,2025,3,8102,2,0.012313447,0.012313447,0.012313447,0
491,022R,2004,2,8017,1,0.013775535,0.013775535,0.013775535,0
492,022S,2021,3,8086,1,2.02e-5,2.02e-5,2.02e-5,0
492,022S,2021,4,8087,2,7.21e-5,7.21e-5,7.21e-5,0
492,022S,2022,2,8089,2,5.44e-4,5.44e-4,5.44e-4,0
493,022T,2017,3,8070,1,0.001107804,0.001107804,0.001107804,0
493,022T,2017,4,8071,1,0.002677334,0.002677334,0.002677334,0
494,022V,2015,2,8061,1,0.006208396,0.006208396,0.006208396,0
495,022W,2005,2,8021,1,0.003832652,0.003832652,0.003832652,0
495,022W,2005,3,8022,1,0.008324816,0.008324816,0.008324816,0
496,022Y,2007,2,8029,1,1.48e-4,1.48e-4,1.48e-4,0
496,022Y,2007,3,8030,1,0.001036658,0.001036658,0.001036658,0
497,022Z,2019,3,8078,2,1.56e-7,1.56e-7,1.56e-7,0
497,022Z,2019,4,8079,1,2.65e-6,2.65e-6,2.65e-6,0
497,022Z,2020,3,8082,1,9.55e-5,9.55e-5,9.55e-5,0
497,022Z,2020,4,8083,2,2.16e-4,2.16e-4,2.16e-4,0
498,023A,2014,2,8057,1,2.14e-6,2.14e-6,2.14e-6,0
498,023A,2015,1,8060,1,6.15e-6,6.15e-6,6.15e-6,0
498,023A,2015,2,8061,1,7.71e-6,7.71e-6,7.71e-6,0
498,023A,2015,3,8062,1,2.98e-5,2.98e-5,2.98e-5,0
498,023A,2015,4,8063,1,3.41e-4,3.41e-4,3.41e-4,0
498,023A,2016,1,8064,1,0.003642661,0.003642661,0.003642661,0
499,023B,2006,2,8025,1,5.97e-15,5.97e-15,5.97e-15,0
499,023B,2006,3,8026,1,8.93e-15,8.93e-15,8.93e-15,0
499,023B,2007,1,8028,1,1.65e-13,1.65e-13,1.65e-13,0
499,023B,2007,2,8029,1,3.56e-12,3.56e-12,3.56e-12,0
499,023B,2007,3,8030,1,6.17e-11,6.17e-11,6.17e-11,0
499,023B,2007,4,8031,1,1.04e-9,1.04e-9,1.04e-9,0
499,023B,2008,1,8032,1,3.58e-9,3.58e-9,3.58e-9,0
499,023B,2008,2,8033,1,8.48e-8,8.48e-8,8.48e-8,0
499,023B,2008,3,8034,1,1.47e-6,1.47e-6,1.47e-6,0
499,023B,2008,4,8035,1,2.49e-5,2.49e-5,2.49e-5,0
499,023B,2009,1,8036,1,0.001164851,0.001164851,0.001164851,0
500,023C,2016,3,8066,1,5.85e-5,5.85e-5,5.85e-5,0
500,023C,2016,4,8067,1,1.33e-4,1.33e-4,1.33e-4,0
500,023C,2017,1,8068,1,1.86e-4,1.86e-4,1.86e-4,0
500,023C,2017,3,8070,1,0.001004597,0.001004597,0.001004597,0
500,023C,2017,4,8071,1,0.00257429,0.00257429,0.00257429,0
501,023E,2013,2,8053,1,0.001785325,0.001785325,0.001785325,0
501,023E,2014,1,8056,1,0.01022123,0.01022123,0.01022123,0
502,023F,2010,3,8042,1,0.999607348,0.999607348,0.999607348,0
502,023F,2010,4,8043,1,0.999997633,0.999997633,0.999997633,0
502,023F,2011,1,8044,1,0.999999991,0.999999991,0.999999991,0
502,023F,2011,2,8045,1,1,1,1,0
502,023F,2011,3,8046,2,1,1,1,0
503,023G,2003,2,8013,1,0.013312603,0.013312603,0.013312603,0
504,023H,2020,3,8082,1,3.99e-5,3.99e-5,3.99e-5,0
504,023H,2023,4,8095,1,0.001791342,0.001791342,0.001791342,0
504,023H,2024,2,8097,1,0.003945632,0.003945632,0.003945632,0
504,023H,2025,2,8101,1,0.029836482,0.029836482,0.029836482,0
505,023K,2012,2,8049,1,0.307828052,0.307828052,0.307828052,0
506,023L,2011,3,8046,2,0.987805537,0.987805537,0.987805537,0
506,023L,2012,1,8048,1,0.992001237,0.992001237,0.992001237,0
506,023L,2012,2,8049,1,0.993524549,0.993524549,0.993524549,0
506,023L,2012,3,8050,1,0.993967207,0.993967207,0.993967207,0
507,023M,2018,2,8073,1,2.68e-10,2.68e-10,2.68e-10,0
507,023M,2018,3,8074,1,9.53e-10,9.53e-10,9.53e-10,0
507,023M,2018,4,8075,3,4.3e-9,4.3e-9,4.3e-9,0
507,023M,2019,2,8077,1,9.53e-7,9.53e-7,9.53e-7,0
507,023M,2019,3,8078,2,3.56e-6,3.56e-6,3.56e-6,0
507,023M,2019,4,8079,1,1.01e-4,1.01e-4,1.01e-4,0
507,023M,2020,3,8082,1,8.1e-4,8.1e-4,8.1e-4,0
507,023M,2020,4,8083,1,0.001729366,0.001729366,0.001729366,0
508,023N,2009,4,8039,2,3.02e-4,3.02e-4,3.02e-4,0
508,023N,2010,1,8040,1,0.003311001,0.003311001,0.003311001,0
508,023N,2010,2,8041,1,0.003594633,0.003594633,0.003594633,0
508,023N,2010,4,8043,1,0.003610272,0.003610272,0.003610272,0
508,023N,2011,1,8044,1,0.003626635,0.003626635,0.003626635,0
508,023N,2011,2,8045,1,0.004146516,0.004146516,0.004146516,0
508,023N,2011,4,8047,1,0.004394243,0.004394243,0.004394243,0
508,023N,2012,2,8049,1,0.009402131,0.009402131,0.009402131,0
508,023N,2012,3,8050,1,0.010193287,0.010193287,0.010193287,0
508,023N,2014,2,8057,1,0.073515287,0.073515287,0.073515287,0
509,023P,2008,2,8033,1,2.91e-10,2.91e-10,2.91e-10,0
509,023P,2008,3,8034,1,1.95e-9,1.95e-9,1.95e-9,0
509,023P,2008,4,8035,1,3e-8,3e-8,3e-8,0
509,023P,2009,1,8036,1,1.4e-6,1.4e-6,1.4e-6,0
509,023P,2009,2,8037,1,3.63e-6,3.63e-6,3.63e-6,0
509,023P,2009,4,8039,1,6.6e-5,6.6e-5,6.6e-5,0
509,023P,2010,4,8043,3,2.89e-4,2.89e-4,2.89e-4,0
509,023P,2011,1,8044,1,0.001644822,0.001644822,0.001644822,0
510,023Q,2024,3,8098,1,2.27e-5,2.27e-5,2.27e-5,0
510,023Q,2024,4,8099,2,8.9e-5,8.9e-5,8.9e-5,0
510,023Q,2025,2,8101,1,0.01643464,0.01643464,0.01643464,0
511,023R,2004,2,8017,1,0.01309901,0.01309901,0.01309901,0
511,023R,2004,3,8018,1,0.029663304,0.029663304,0.029663304,0
511,023R,2005,1,8020,1,0.164766649,0.164766649,0.164766649,0
512,023S,2021,3,8086,1,0.01283606,0.01283606,0.01283606,0
513,023T,2017,3,8070,1,0.933316518,0.933316518,0.933316518,0
513,023T,2018,2,8073,1,1,1,1,0
513,023T,2018,3,8074,1,1,1,1,0
514,023V,2015,2,8061,1,7.84e-5,7.84e-5,7.84e-5,0
514,023V,2015,3,8062,1,4.14e-4,4.14e-4,4.14e-4,0
514,023V,2015,4,8063,1,0.005134887,0.005134887,0.005134887,0
514,023V,2016,4,8067,1,0.180329335,0.180329335,0.180329335,0
515,023W,2005,2,8021,1,0.01599487,0.01599487,0.01599487,0
516,023Y,2007,2,8029,1,0.996390254,0.996390254,0.996390254,0
516,023Y,2008,3,8034,1,0.999985898,0.999985898,0.999985898,0
516,023Y,2010,2,8041,1,0.999999995,0.999999995,0.999999995,0
516,023Y,2010,3,8042,1,1,1,1,0
516,023Y,2010,4,8043,1,1,1,1,0
517,023Z,2019,3,8078,2,4.93e-8,4.93e-8,4.93e-8,0
517,023Z,2019,4,8079,1,2.02e-7,2.02e-7,2.02e-7,0
517,023Z,2020,3,8082,1,5.91e-6,5.91e-6,5.91e-6,0
517,023Z,2020,4,8083,2,1.33e-5,1.33e-5,1.33e-5,0
517,023Z,2021,2,8085,1,0.00167652,0.00167652,0.00167652,0
517,023Z,2021,3,8086,1,0.002569264,0.002569264,0.002569264,0
517,023Z,2021,4,8087,1,0.003422524,0.003422524,0.003422524,0
518,024A,2014,2,8057,1,0.049422651,0.049422651,0.049422651,0
518,024A,2014,3,8058,1,0.050797341,0.050797341,0.050797341,0
519,024B,2006,2,8025,1,0.006083784,0.006083784,0.006083784,0
519,024B,2006,3,8026,1,0.012902345,0.012902345,0.012902345,0
519,024B,2006,4,8027,1,0.018793226,0.018793226,0.018793226,0
519,024B,2007,1,8028,1,0.035672312,0.035672312,0.035672312,0
519,024B,2007,2,8029,1,0.576760863,0.576760863,0.576760863,0
519,024B,2007,3,8030,1,0.813752394,0.813752394,0.813752394,0
519,024B,2007,4,8031,1,0.821672972,0.821672972,0.821672972,0
519,024B,2008,1,8032,1,0.999345329,0.999345329,0.999345329,0
519,024B,2008,2,8033,1,0.999996744,0.999996744,0.999996744,0
519,024B,2008,4,8035,1,0.999998828,0.999998828,0.999998828,0
519,024B,2012,3,8050,1,0.999999833,0.999999833,0.999999833,0
519,024B,2013,2,8053,1,0.999999915,0.999999915,0.999999915,0
519,024B,2014,2,8057,1,0.999999956,0.999999956,0.999999956,0
520,024C,2016,3,8066,1,1.02e-6,1.02e-6,1.02e-6,0
520,024C,2016,4,8067,1,2.31e-6,2.31e-6,2.31e-6,0
520,024C,2017,1,8068,1,3.25e-6,3.25e-6,3.25e-6,0
520,024C,2017,3,8070,2,1.75e-5,1.75e-5,1.75e-5,0
520,024C,2017,4,8071,1,2.27e-4,2.27e-4,2.27e-4,0
520,024C,2018,1,8072,1,0.002725797,0.002725797,0.002725797,0
521,024E,2013,2,8053,1,5.5e-8,5.5e-8,5.5e-8,0
521,024E,2013,3,8054,1,1.52e-7,1.52e-7,1.52e-7,0
521,024E,2014,1,8056,1,2.06e-6,2.06e-6,2.06e-6,0
521,024E,2015,2,8061,1,5.9e-5,5.9e-5,5.9e-5,0
521,024E,2015,3,8062,1,2.38e-4,2.38e-4,2.38e-4,0
521,024E,2016,4,8067,1,0.014931296,0.014931296,0.014931296,0
522,024F,2010,3,8042,1,3.05e-5,3.05e-5,3.05e-5,0
522,024F,2010,4,8043,1,1.34e-4,1.34e-4,1.34e-4,0
522,024F,2011,2,8045,1,7.5e-4,7.5e-4,7.5e-4,0
522,024F,2011,3,8046,1,0.003273089,0.003273089,0.003273089,0
523,024G,2003,2,8013,1,7.57e-4,7.57e-4,7.57e-4,0
523,024G,2004,1,8016,1,0.003515338,0.003515338,0.003515338,0
523,024G,2006,1,8024,1,0.038225241,0.038225241,0.038225241,0
523,024G,2007,4,8031,1,0.044696768,0.044696768,0.044696768,0
524,024H,2020,3,8082,1,1.28e-5,1.28e-5,1.28e-5,0
524,024H,2020,4,8083,1,4.33e-5,4.33e-5,4.33e-5,0
524,024H,2021,1,8084,1,4.44e-4,4.44e-4,4.44e-4,0
524,024H,2021,2,8085,1,0.002448272,0.002448272,0.002448272,0
525,024K,2012,2,8049,1,0.035173414,0.035173414,0.035173414,0
525,024K,2012,3,8050,1,0.10112848,0.10112848,0.10112848,0
526,024L,2011,3,8046,2,9.38e-6,9.38e-6,9.38e-6,0
526,024L,2012,1,8048,1,4.68e-4,4.68e-4,4.68e-4,0
526,024L,2012,2,8049,1,0.004759587,0.004759587,0.004759587,0
527,024M,2018,2,8073,1,6.54e-6,6.54e-6,6.54e-6,0
527,024M,2018,3,8074,1,2.33e-5,2.33e-5,2.33e-5,0
527,024M,2018,4,8075,2,1.05e-4,1.05e-4,1.05e-4,0
527,024M,2019,2,8077,1,0.003136289,0.003136289,0.003136289,0
527,024M,2019,3,8078,1,0.011453792,0.011453792,0.011453792,0
528,024N,2009,4,8039,2,0.05870894,0.05870894,0.05870894,0
529,024P,2008,2,8033,1,0.986410126,0.986410126,0.986410126,0
529,024P,2008,3,8034,1,0.987055041,0.987055041,0.987055041,0
529,024P,2010,4,8043,1,0.987071941,0.987071941,0.987071941,0
529,024P,2012,2,8049,1,0.987394071,0.987394071,0.987394071,0
529,024P,2012,4,8051,1,0.987441783,0.987441783,0.987441783,0
529,024P,2013,2,8053,1,0.987476802,0.987476802,0.987476802,0
529,024P,2013,3,8054,1,0.987619074,0.987619074,0.987619074,0
529,024P,2016,1,8064,1,1,1,1,0
530,024Q,2024,3,8098,1,1.17e-4,1.17e-4,1.17e-4,0
530,024Q,2024,4,8099,1,4.61e-4,4.61e-4,4.61e-4,0
530,024Q,2025,2,8101,1,0.011526359,0.011526359,0.011526359,0
530,024Q,2025,3,8102,1,0.017476987,0.017476987,0.017476987,0
531,024R,2004,2,8017,1,0.013775535,0.013775535,0.013775535,0
532,024S,2021,3,8086,1,0.001708429,0.001708429,0.001708429,0
532,024S,2021,4,8087,1,0.002562426,0.002562426,0.002562426,0
533,024T,2017,3,8070,1,1.34e-9,1.34e-9,1.34e-9,0
533,024T,2018,1,8072,1,6.22e-9,6.22e-9,6.22e-9,0
533,024T,2018,2,8073,1,3.4e-8,3.4e-8,3.4e-8,0
533,024T,2018,3,8074,1,1.72e-7,1.72e-7,1.72e-7,0
533,024T,2018,4,8075,1,8.46e-7,8.46e-7,8.46e-7,0
533,024T,2019,1,8076,1,8.38e-6,8.38e-6,8.38e-6,0
533,024T,2019,2,8077,1,7.91e-5,7.91e-5,7.91e-5,0
533,024T,2019,3,8078,1,4.31e-4,4.31e-4,4.31e-4,0
533,024T,2020,3,8082,1,0.002407357,0.002407357,0.002407357,0
533,024T,2021,3,8086,2,0.015667192,0.015667192,0.015667192,0
534,024V,2015,2,8061,1,3.85e-6,3.85e-6,3.85e-6,0
534,024V,2015,3,8062,1,2.03e-5,2.03e-5,2.03e-5,0
534,024V,2015,4,8063,1,2.52e-4,2.52e-4,2.52e-4,0
534,024V,2016,1,8064,1,0.002712999,0.002712999,0.002712999,0
534,024V,2016,2,8065,1,0.004033261,0.004033261,0.004033261,0
534,024V,2016,4,8067,1,0.004650948,0.004650948,0.004650948,0
534,024V,2017,2,8069,1,0.011301024,0.011301024,0.011301024,0
535,024W,2005,2,8021,1,0.01599487,0.01599487,0.01599487,0
536,024Y,2007,2,8029,1,7.4e-14,7.4e-14,7.4e-14,0
536,024Y,2007,3,8030,1,5.17e-13,5.17e-13,5.17e-13,0
536,024Y,2007,4,8031,2,8.98e-13,8.98e-13,8.98e-13,0
536,024Y,2008,2,8033,1,5.87e-11,5.87e-11,5.87e-11,0
536,024Y,2008,3,8034,1,5.98e-10,5.98e-10,5.98e-10,0
536,024Y,2008,4,8035,1,9.7e-9,9.7e-9,9.7e-9,0
536,024Y,2009,1,8036,1,4.53e-7,4.53e-7,4.53e-7,0
536,024Y,2009,2,8037,2,1.46e-5,1.46e-5,1.46e-5,0
536,024Y,2010,1,8040,1,0.018558121,0.018558121,0.018558121,0
536,024Y,2011,2,8045,1,0.999999998,0.999999998,0.999999998,0
536,024Y,2011,3,8046,1,1,1,1,0
536,024Y,2013,3,8054,1,1,1,1,0
536,024Y,2014,3,8058,1,1,1,1,0
537,024Z,2019,3,8078,1,8.27e-7,8.27e-7,8.27e-7,0
537,024Z,2019,4,8079,2,2.55e-6,2.55e-6,2.55e-6,0
537,024Z,2020,3,8082,2,9.84e-5,9.84e-5,9.84e-5,0
537,024Z,2021,3,8086,1,0.00601968,0.00601968,0.00601968,0
538,025A,2014,2,8057,1,0.064059841,0.064059841,0.064059841,0
538,025A,2014,3,8058,1,0.065841665,0.065841665,0.065841665,0
538,025A,2014,4,8059,1,0.070706257,0.070706257,0.070706257,0
538,025A,2015,1,8060,1,0.103378264,0.103378264,0.103378264,0
538,025A,2015,2,8061,1,0.972302909,0.972302909,0.972302909,0
538,025A,2015,3,8062,1,1,1,1,0
538,025A,2015,4,8063,1,1,1,1,0
539,025B,2006,2,8025,1,3.64e-11,3.64e-11,3.64e-11,0
539,025B,2006,3,8026,1,7.72e-11,7.72e-11,7.72e-11,0
539,025B,2006,4,8027,1,7.67e-10,7.67e-10,7.67e-10,0
539,025B,2007,1,8028,1,2.74e-9,2.74e-9,2.74e-9,0
539,025B,2007,2,8029,1,6.61e-8,6.61e-8,6.61e-8,0
539,025B,2007,3,8030,1,1.21e-7,1.21e-7,1.21e-7,0
539,025B,2008,2,8033,1,4.99e-6,4.99e-6,4.99e-6,0
539,025B,2008,3,8034,1,4.17e-5,4.17e-5,4.17e-5,0
539,025B,2009,1,8036,1,0.001801054,0.001801054,0.001801054,0
540,025C,2016,3,8066,1,0.001420797,0.001420797,0.001420797,0
540,025C,2017,1,8068,1,0.006149274,0.006149274,0.006149274,0
541,025E,2013,2,8053,1,1.05e-8,1.05e-8,1.05e-8,0
541,025E,2013,3,8054,1,2.9e-8,2.9e-8,2.9e-8,0
541,025E,2013,4,8055,1,1.67e-7,1.67e-7,1.67e-7,0
541,025E,2014,2,8057,1,5.98e-6,5.98e-6,5.98e-6,0
541,025E,2014,3,8058,1,1.47e-5,1.47e-5,1.47e-5,0
541,025E,2015,2,8061,1,5.55e-4,5.55e-4,5.55e-4,0
541,025E,2015,3,8062,1,6.81e-4,6.81e-4,6.81e-4,0
541,025E,2016,2,8065,1,9.61e-4,9.61e-4,9.61e-4,0
541,025E,2016,3,8066,1,0.001530936,0.001530936,0.001530936,0
541,025E,2017,2,8069,1,0.014363729,0.014363729,0.014363729,0
541,025E,2019,3,8078,1,0.216411127,0.216411127,0.216411127,0
541,025E,2021,3,8086,2,0.387186884,0.387186884,0.387186884,0
542,025F,2010,4,8043,1,0.00868093,0.00868093,0.00868093,0
542,025F,2012,3,8050,1,0.38923949,0.38923949,0.38923949,0
543,025G,2003,2,8013,1,7.65e-4,7.65e-4,7.65e-4,0
543,025G,2003,3,8014,1,0.001748351,0.001748351,0.001748351,0
543,025G,2004,1,8016,1,0.009474565,0.009474565,0.009474565,0
544,025H,2020,4,8083,1,0.002918063,0.002918063,0.002918063,0
545,025K,2012,2,8049,1,0.016947677,0.016947677,0.016947677,0
546,025L,2011,3,8046,2,9.38e-6,9.38e-6,9.38e-6,0
546,025L,2012,1,8048,1,4.68e-4,4.68e-4,4.68e-4,0
546,025L,2012,2,8049,1,0.004759587,0.004759587,0.004759587,0
547,025M,2018,2,8073,1,8.14e-4,8.14e-4,8.14e-4,0
547,025M,2018,4,8075,1,0.004225611,0.004225611,0.004225611,0
548,025N,2009,4,8039,1,0.012329416,0.012329416,0.012329416,0
548,025N,2010,2,8041,1,0.212011129,0.212011129,0.212011129,0
548,025N,2012,2,8049,1,0.839642928,0.839642928,0.839642928,0
548,025N,2013,3,8054,1,1,1,1,0
549,025P,2008,3,8034,1,4.93e-6,4.93e-6,4.93e-6,0
549,025P,2008,4,8035,1,2.33e-5,2.33e-5,2.33e-5,0
549,025P,2009,2,8037,1,0.00199471,0.00199471,0.00199471,0
549,025P,2009,3,8038,1,0.002934198,0.002934198,0.002934198,0
550,025Q,2024,4,8099,1,0.001943076,0.001943076,0.001943076,0
551,025R,2004,2,8017,1,0.013775535,0.013775535,0.013775535,0
552,025S,2021,3,8086,1,0.01283606,0.01283606,0.01283606,0
553,025T,2017,3,8070,1,0.028373217,0.028373217,0.028373217,0
553,025T,2018,1,8072,1,0.048443065,0.048443065,0.048443065,0
554,025V,2015,2,8061,1,8.41e-4,8.41e-4,8.41e-4,0
554,025V,2015,3,8062,1,0.004444713,0.004444713,0.004444713,0
554,025V,2015,4,8063,1,0.055087823,0.055087823,0.055087823,0
554,025V,2016,1,8064,1,0.159817868,0.159817868,0.159817868,0
554,025V,2016,2,8065,1,0.216007537,0.216007537,0.216007537,0
555,025W,2005,2,8021,1,6.48e-11,6.48e-11,6.48e-11,0
555,025W,2006,4,8027,1,5.14e-10,5.14e-10,5.14e-10,0
555,025W,2007,4,8031,1,9.59e-9,9.59e-9,9.59e-9,0
555,025W,2008,2,8033,1,1.54e-7,1.54e-7,1.54e-7,0
555,025W,2008,3,8034,1,1.5e-6,1.5e-6,1.5e-6,0
555,025W,2008,4,8035,2,2.42e-5,2.42e-5,2.42e-5,0
556,025Y,2007,2,8029,1,0.980421625,0.980421625,0.980421625,0
556,025Y,2007,3,8030,1,0.997765347,0.997765347,0.997765347,0
557,025Z,2019,3,8078,1,0.005847253,0.005847253,0.005847253,0
557,025Z,2019,4,8079,2,0.008222964,0.008222964,0.008222964,0
558,026A,2014,2,8057,1,7.08e-7,7.08e-7,7.08e-7,0
558,026A,2014,4,8059,1,1.54e-6,1.54e-6,1.54e-6,0
558,026A,2015,1,8060,1,1.26e-5,1.26e-5,1.26e-5,0
558,026A,2015,3,8062,1,4.97e-4,4.97e-4,4.97e-4,0
558,026A,2017,3,8070,1,0.02512382,0.02512382,0.02512382,0
559,026B,2006,2,8025,1,0.002782965,0.002782965,0.002782965,0
559,026B,2006,3,8026,1,0.005902046,0.005902046,0.005902046,0
559,026B,2006,4,8027,1,0.058670247,0.058670247,0.058670247,0
559,026B,2007,1,8028,1,0.209866465,0.209866465,0.209866465,0
559,026B,2007,2,8029,1,0.45738191499999997,0.45738191499999997,0.45738191499999997,0
560,026C,2016,3,8066,1,3.63e-5,3.63e-5,3.63e-5,0
560,026C,2016,4,8067,1,8.21e-5,8.21e-5,8.21e-5,0
560,026C,2017,2,8069,1,0.00135008,0.00135008,0.00135008,0
560,026C,2017,3,8070,1,0.00479441,0.00479441,0.00479441,0
560,026C,2017,4,8071,1,0.021598133,0.021598133,0.021598133,0
560,026C,2018,2,8073,1,0.047399134,0.047399134,0.047399134,0
560,026C,2018,3,8074,1,0.117810351,0.117810351,0.117810351,0
560,026C,2018,4,8075,1,0.137726142,0.137726142,0.137726142,0
561,026E,2013,2,8053,1,7.59e-10,7.59e-10,7.59e-10,0
561,026E,2013,3,8054,1,2.11e-9,2.11e-9,2.11e-9,0
561,026E,2014,1,8056,1,2.84e-8,2.84e-8,2.84e-8,0
561,026E,2014,2,8057,1,2.58e-7,2.58e-7,2.58e-7,0
561,026E,2014,3,8058,1,3.5e-6,3.5e-6,3.5e-6,0
561,026E,2015,1,8060,1,1.2e-4,1.2e-4,1.2e-4,0
561,026E,2015,2,8061,1,0.002000754,0.002000754,0.002000754,0
562,026F,2010,4,8043,1,4.4e-4,4.4e-4,4.4e-4,0
562,026F,2011,1,8044,1,0.003476312,0.003476312,0.003476312,0
562,026F,2013,2,8053,1,0.035560823,0.035560823,0.035560823,0
563,026G,2003,2,8013,1,0.003179163,0.003179163,0.003179163,0
563,026G,2003,3,8014,1,0.007269675,0.007269675,0.007269675,0
564,026H,2020,4,8083,1,0.106528607,0.106528607,0.106528607,0
564,026H,2021,2,8085,1,0.117632344,0.117632344,0.117632344,0
564,026H,2021,3,8086,1,0.123592437,0.123592437,0.123592437,0
565,026K,2012,2,8049,1,0.016947677,0.016947677,0.016947677,0
566,026L,2011,3,8046,2,0.001165857,0.001165857,0.001165857,0
567,026M,2018,2,8073,1,2e-6,2e-6,2e-6,0
567,026M,2018,3,8074,1,7.11e-6,7.11e-6,7.11e-6,0
567,026M,2018,4,8075,1,3.21e-5,3.21e-5,3.21e-5,0
567,026M,2019,3,8078,1,8.78e-4,8.78e-4,8.78e-4,0
567,026M,2020,3,8082,1,0.007319675,0.007319675,0.007319675,0
568,026N,2009,4,8039,2,3.85e-11,3.85e-11,3.85e-11,0
568,026N,2010,2,8041,1,1.66e-8,1.66e-8,1.66e-8,0
568,026N,2010,4,8043,2,2.68e-7,2.68e-7,2.68e-7,0
568,026N,2011,2,8045,1,7.06e-6,7.06e-6,7.06e-6,0
568,026N,2011,3,8046,1,3.49e-5,3.49e-5,3.49e-5,0
568,026N,2011,4,8047,1,2.42e-4,2.42e-4,2.42e-4,0
568,026N,2012,1,8048,1,0.005172855,0.005172855,0.005172855,0
568,026N,2012,2,8049,1,0.074162533,0.074162533,0.074162533,0
569,026P,2008,3,8034,1,9.65e-5,9.65e-5,9.65e-5,0
569,026P,2008,4,8035,1,4.55e-4,4.55e-4,4.55e-4,0
569,026P,2009,2,8037,1,0.002425985,0.002425985,0.002425985,0
569,026P,2009,3,8038,1,0.003365066,0.003365066,0.003365066,0
570,026R,2004,2,8017,1,0.013775535,0.013775535,0.013775535,0
571,026S,2021,3,8086,1,0.01283606,0.01283606,0.01283606,0
572,026T,2017,3,8070,1,3.48e-7,3.48e-7,3.48e-7,0
572,026T,2017,4,8071,1,8.42e-7,8.42e-7,8.42e-7,0
572,026T,2018,1,8072,1,6.73e-6,6.73e-6,6.73e-6,0
572,026T,2018,2,8073,1,6.18e-5,6.18e-5,6.18e-5,0
572,026T,2018,3,8074,1,3.35e-4,3.35e-4,3.35e-4,0
572,026T,2018,4,8075,1,0.001669258,0.001669258,0.001669258,0
573,026V,2015,2,8061,1,3.98e-4,3.98e-4,3.98e-4,0
573,026V,2015,4,8063,1,5.06e-4,5.06e-4,5.06e-4,0
573,026V,2016,1,8064,1,9.51e-4,9.51e-4,9.51e-4,0
573,026V,2016,2,8065,1,0.005077484,0.005077484,0.005077484,0
574,026W,2005,2,8021,1,0.01599487,0.01599487,0.01599487,0
575,026Y,2007,2,8029,1,7.69e-6,7.69e-6,7.69e-6,0
575,026Y,2007,3,8030,1,1.04e-5,1.04e-5,1.04e-5,0
575,026Y,2007,4,8031,1,3.03e-5,3.03e-5,3.03e-5,0
575,026Y,2008,1,8032,1,0.00103875,0.00103875,0.00103875,0
575,026Y,2008,2,8033,1,0.002686894,0.002686894,0.002686894,0
575,026Y,2008,3,8034,1,0.003777737,0.003777737,0.003777737,0
575,026Y,2010,2,8041,1,0.011845311,0.011845311,0.011845311,0
576,026Z,2019,3,8078,1,3.18e-5,3.18e-5,3.18e-5,0
576,026Z,2019,4,8079,1,9.82e-5,9.82e-5,9.82e-5,0
576,026Z,2020,3,8082,1,0.002575613,0.002575613,0.002575613,0
576,026Z,2021,2,8085,1,0.018146809,0.018146809,0.018146809,0
576,026Z,2021,3,8086,1,0.024778893,0.024778893,0.024778893,0
577,027A,2014,2,8057,1,1.43e-9,1.43e-9,1.43e-9,0
577,027A,2014,3,8058,1,2.46e-9,2.46e-9,2.46e-9,0
577,027A,2014,4,8059,1,5.28e-9,5.28e-9,5.28e-9,0
577,027A,2015,1,8060,1,1.02e-7,1.02e-7,1.02e-7,0
577,027A,2015,2,8061,1,2.68e-6,2.68e-6,2.68e-6,0
577,027A,2015,3,8062,1,3.93e-5,3.93e-5,3.93e-5,0
577,027A,2016,1,8064,1,0.001268345,0.001268345,0.001268345,0
577,027A,2016,2,8065,1,0.002559138,0.002559138,0.002559138,0
577,027A,2016,4,8067,1,0.003163037,0.003163037,0.003163037,0
577,027A,2017,1,8068,1,0.006095217,0.006095217,0.006095217,0
578,027B,2006,2,8025,1,0.017462245,0.017462245,0.017462245,0
579,027C,2016,3,8066,1,0.010430666,0.010430666,0.010430666,0
580,027E,2013,2,8053,1,3.37e-7,3.37e-7,3.37e-7,0
580,027E,2014,1,8056,1,3.98e-7,3.98e-7,3.98e-7,0
580,027E,2014,2,8057,1,7.34e-7,7.34e-7,7.34e-7,0
580,027E,2014,3,8058,1,5.48e-6,5.48e-6,5.48e-6,0
580,027E,2015,2,8061,1,3e-4,3e-4,3e-4,0
580,027E,2016,2,8065,1,5.46e-4,5.46e-4,5.46e-4,0
580,027E,2016,3,8066,1,9.08e-4,9.08e-4,9.08e-4,0
580,027E,2016,4,8067,1,0.002670573,0.002670573,0.002670573,0
581,027F,2010,4,8043,1,3.42e-4,3.42e-4,3.42e-4,0
581,027F,2011,1,8044,1,4.62e-4,4.62e-4,4.62e-4,0
581,027F,2011,2,8045,1,0.004283488,0.004283488,0.004283488,0
582,027G,2003,2,8013,1,4.53e-5,4.53e-5,4.53e-5,0
582,027G,2003,3,8014,1,1.04e-4,1.04e-4,1.04e-4,0
582,027G,2003,4,8015,1,2.63e-4,2.63e-4,2.63e-4,0
582,027G,2009,1,8036,1,0.023415887,0.023415887,0.023415887,0
583,027K,2012,2,8049,1,0.016947677,0.016947677,0.016947677,0
584,027L,2011,3,8046,1,0.013523452,0.013523452,0.013523452,0
585,027M,2018,2,8073,1,9.8e-6,9.8e-6,9.8e-6,0
585,027M,2018,3,8074,1,3.49e-5,3.49e-5,3.49e-5,0
585,027M,2018,4,8075,1,1.57e-4,1.57e-4,1.57e-4,0
585,027M,2019,2,8077,1,0.003208927,0.003208927,0.003208927,0
585,027M,2019,3,8078,1,0.004840415,0.004840415,0.004840415,0
586,027N,2009,4,8039,2,0.044367871,0.044367871,0.044367871,0
586,027N,2010,1,8040,1,0.066938351,0.066938351,0.066938351,0
587,027P,2008,3,8034,1,0.038008582,0.038008582,0.038008582,0
587,027P,2008,4,8035,1,0.17936813,0.17936813,0.17936813,0
587,027P,2009,2,8037,1,0.955537294,0.955537294,0.955537294,0
587,027P,2009,3,8038,1,0.969875744,0.969875744,0.969875744,0
588,027R,2004,2,8017,1,0.054663192,0.054663192,0.054663192,0
588,027R,2004,4,8019,1,0.167938383,0.167938383,0.167938383,0
589,027S,2021,3,8086,1,0.008752176,0.008752176,0.008752176,0
589,027S,2022,2,8089,1,0.031049809,0.031049809,0.031049809,0
590,027T,2017,3,8070,1,1.46e-11,1.46e-11,1.46e-11,0
590,027T,2017,4,8071,1,3.54e-11,3.54e-11,3.54e-11,0
590,027T,2018,1,8072,1,2.83e-10,2.83e-10,2.83e-10,0
590,027T,2018,2,8073,1,2.59e-9,2.59e-9,2.59e-9,0
590,027T,2018,3,8074,2,1.41e-8,1.41e-8,1.41e-8,0
590,027T,2018,4,8075,2,4.42e-7,4.42e-7,4.42e-7,0
590,027T,2019,3,8078,2,1.11e-4,1.11e-4,1.11e-4,0
590,027T,2020,3,8082,1,0.006557711,0.006557711,0.006557711,0
591,027V,2015,2,8061,1,0.021911623,0.021911623,0.021911623,0
591,027V,2016,1,8064,1,0.03107533,0.03107533,0.03107533,0
592,027W,2005,2,8021,1,0.01599487,0.01599487,0.01599487,0
593,027Y,2007,2,8029,1,0.976049399,0.976049399,0.976049399,0
593,027Y,2007,4,8031,1,0.99749803,0.99749803,0.99749803,0
593,027Y,2008,3,8034,1,0.999993646,0.999993646,0.999993646,0
593,027Y,2009,2,8037,1,0.999999991,0.999999991,0.999999991,0
593,027Y,2009,4,8039,1,1,1,1,0
594,027Z,2019,3,8078,1,0.019379451,0.019379451,0.019379451,0
595,028A,2014,2,8057,1,2.42e-4,2.42e-4,2.42e-4,0
595,028A,2015,3,8062,1,4e-4,4e-4,4e-4,0
595,028A,2016,3,8066,1,0.002304915,0.002304915,0.002304915,0
595,028A,2018,2,8073,1,0.021053741,0.021053741,0.021053741,0
596,028B,2006,2,8025,1,0.017462245,0.017462245,0.017462245,0
597,028C,2016,4,8067,1,0.001461595,0.001461595,0.001461595,0
597,028C,2017,3,8070,1,0.010649557,0.010649557,0.010649557,0
598,028E,2013,3,8054,2,1,1,1,0
599,028F,2010,4,8043,2,2.85e-8,2.85e-8,2.85e-8,0
599,028F,2011,1,8044,1,2.95e-7,2.95e-7,2.95e-7,0
599,028F,2011,2,8045,1,8.76e-6,8.76e-6,8.76e-6,0
599,028F,2011,3,8046,1,7.24e-5,7.24e-5,7.24e-5,0
599,028F,2011,4,8047,1,5.47e-4,5.47e-4,5.47e-4,0
599,028F,2012,1,8048,1,0.011820157,0.011820157,0.011820157,0
599,028F,2012,2,8049,1,0.16956251,0.16956251,0.16956251,0
599,028F,2012,3,8050,1,0.215400814,0.215400814,0.215400814,0
599,028F,2013,1,8052,1,0.253703308,0.253703308,0.253703308,0
599,028F,2013,3,8054,1,0.827105987,0.827105987,0.827105987,0
599,028F,2014,1,8056,1,0.996330769,0.996330769,0.996330769,0
599,028F,2014,2,8057,1,0.999634719,0.999634719,0.999634719,0
599,028F,2014,3,8058,1,0.999987731,0.999987731,0.999987731,0
599,028F,2015,3,8062,1,0.999999903,0.999999903,0.999999903,0
599,028F,2016,1,8064,1,0.999999941,0.999999941,0.999999941,0
599,028F,2018,1,8072,1,1,1,1,0
600,028G,2003,2,8013,1,0.011027617,0.011027617,0.011027617,0
600,028G,2003,3,8014,1,0.025216444,0.025216444,0.025216444,0
600,028G,2003,4,8015,1,0.064080945,0.064080945,0.064080945,0
600,028G,2004,3,8018,1,0.999999999,0.999999999,0.999999999,0
600,028G,2004,4,8019,1,1,1,1,0
601,028K,2012,2,8049,1,0.001672216,0.001672216,0.001672216,0
601,028K,2012,3,8050,1,0.004807854,0.004807854,0.004807854,0
601,028K,2013,1,8052,1,0.072398277,0.072398277,0.072398277,0
601,028K,2013,2,8053,1,0.690490533,0.690490533,0.690490533,0
601,028K,2013,4,8055,1,0.983017913,0.983017913,0.983017913,0
601,028K,2014,4,8059,1,0.999817362,0.999817362,0.999817362,0
601,028K,2016,1,8064,1,0.999964593,0.999964593,0.999964593,0
601,028K,2017,1,8068,1,1,1,1,0
602,028L,2011,3,8046,1,0.001040064,0.001040064,0.001040064,0
602,028L,2015,3,8062,1,0.033230269,0.033230269,0.033230269,0
603,028M,2018,2,8073,1,3.57e-5,3.57e-5,3.57e-5,0
603,028M,2018,3,8074,1,1.27e-4,1.27e-4,1.27e-4,0
603,028M,2018,4,8075,1,2.14e-4,2.14e-4,2.14e-4,0
603,028M,2019,3,8078,1,0.003162798,0.003162798,0.003162798,0
603,028M,2020,3,8082,1,0.007536902,0.007536902,0.007536902,0
603,028M,2021,2,8085,1,0.030356824,0.030356824,0.030356824,0
604,028N,2009,4,8039,2,1.68e-4,1.68e-4,1.68e-4,0
604,028N,2010,1,8040,1,0.001840153,0.001840153,0.001840153,0
604,028N,2010,2,8041,1,0.001997787,0.001997787,0.001997787,0
604,028N,2010,4,8043,1,0.002222007,0.002222007,0.002222007,0
604,028N,2011,2,8045,1,0.012318124,0.012318124,0.012318124,0
604,028N,2011,3,8046,1,0.053710643,0.053710643,0.053710643,0
605,028P,2008,3,8034,1,0.002317736,0.002317736,0.002317736,0
605,028P,2008,4,8035,2,0.010937742,0.010937742,0.010937742,0
606,028R,2004,2,8017,1,0.013775535,0.013775535,0.013775535,0
607,028S,2021,3,8086,1,7.11e-8,7.11e-8,7.11e-8,0
607,028S,2021,4,8087,1,1.07e-7,1.07e-7,1.07e-7,0
607,028S,2022,2,8089,1,1.22e-6,1.22e-6,1.22e-6,0
607,028S,2022,3,8090,1,4.28e-6,4.28e-6,4.28e-6,0
607,028S,2022,4,8091,1,1.93e-5,1.93e-5,1.93e-5,0
607,028S,2023,2,8093,1,4.86e-4,4.86e-4,4.86e-4,0
607,028S,2023,3,8094,1,0.00177272,0.00177272,0.00177272,0
608,028T,2017,3,8070,1,0.126574978,0.126574978,0.126574978,0
609,028V,2015,2,8061,1,0.006208396,0.006208396,0.006208396,0
610,028W,2005,2,8021,1,0.016999685,0.016999685,0.016999685,0
610,028W,2005,3,8022,2,0.036924625,0.036924625,0.036924625,0
611,028Y,2007,2,8029,1,8.28e-5,8.28e-5,8.28e-5,0
611,028Y,2007,3,8030,1,5.79e-4,5.79e-4,5.79e-4,0
611,028Y,2007,4,8031,1,0.008950382,0.008950382,0.008950382,0
611,028Y,2008,2,8033,1,0.056740527,0.056740527,0.056740527,0
612,028Z,2019,3,8078,1,0.003835893,0.003835893,0.003835893,0
613,029A,2014,2,8057,1,0.010177766,0.010177766,0.010177766,0
613,029A,2014,3,8058,1,0.017480609,0.017480609,0.017480609,0
614,029B,2006,2,8025,1,4.87e-8,4.87e-8,4.87e-8,0
614,029B,2006,3,8026,1,1.03e-7,1.03e-7,1.03e-7,0
614,029B,2007,3,8030,1,6.86e-6,6.86e-6,6.86e-6,0
614,029B,2008,2,8033,1,1.41e-4,1.41e-4,1.41e-4,0
614,029B,2009,2,8037,1,0.004393427,0.004393427,0.004393427,0
615,029C,2016,4,8067,1,0.001404411,0.001404411,0.001404411,0
615,029C,2017,1,8068,1,0.004341764,0.004341764,0.004341764,0
616,029E,2013,3,8054,2,0.925366443,0.925366443,0.925366443,0
616,029E,2013,4,8055,1,0.953633842,0.953633842,0.953633842,0
616,029E,2014,2,8057,1,0.999844515,0.999844515,0.999844515,0
616,029E,2014,3,8058,2,1,1,1,0
617,029F,2010,4,8043,1,7.72e-5,7.72e-5,7.72e-5,0
617,029F,2011,2,8045,1,1.37e-4,1.37e-4,1.37e-4,0
617,029F,2011,3,8046,1,3.82e-4,3.82e-4,3.82e-4,0
617,029F,2012,3,8050,1,0.013102477,0.013102477,0.013102477,0
618,029G,2003,2,8013,1,4.9e-5,4.9e-5,4.9e-5,0
618,029G,2003,3,8014,1,1.12e-4,1.12e-4,1.12e-4,0
618,029G,2004,1,8016,1,6.07e-4,6.07e-4,6.07e-4,0
618,029G,2004,3,8018,1,0.003383419,0.003383419,0.003383419,0
618,029G,2006,2,8025,1,0.039682973,0.039682973,0.039682973,0
619,029K,2012,2,8049,1,0.016947677,0.016947677,0.016947677,0
620,029L,2011,3,8046,1,0.013523452,0.013523452,0.013523452,0
621,029M,2018,2,8073,1,0.192869608,0.192869608,0.192869608,0
621,029M,2018,3,8074,1,0.221420919,0.221420919,0.221420919,0
621,029M,2018,4,8075,1,0.229496649,0.229496649,0.229496649,0
621,029M,2019,3,8078,1,0.50298477,0.50298477,0.50298477,0
622,029N,2009,4,8039,2,2.07e-23,2.07e-23,2.07e-23,0
622,029N,2010,1,8040,1,4.06e-21,4.06e-21,4.06e-21,0
622,029N,2010,2,8041,1,1.06e-20,1.06e-20,1.06e-20,0
622,029N,2010,4,8043,2,1.94e-19,1.94e-19,1.94e-19,0
622,029N,2011,1,8044,1,9.9900000000000006e-17,9.9900000000000006e-17,9.9900000000000006e-17,0
622,029N,2011,2,8045,1,2.62e-16,2.62e-16,2.62e-16,0
622,029N,2011,3,8046,1,3.09e-16,3.09e-16,3.09e-16,0
622,029N,2011,4,8047,1,6.6e-16,6.6e-16,6.6e-16,0
622,029N,2012,1,8048,1,9.01e-15,9.01e-15,9.01e-15,0
622,029N,2012,2,8049,1,1.26e-13,1.26e-13,1.26e-13,0
622,029N,2012,3,8050,1,1e-12,1e-12,1e-12,0
622,029N,2012,4,8051,1,1.25e-12,1.25e-12,1.25e-12,0
622,029N,2013,1,8052,1,1.47e-12,1.47e-12,1.47e-12,0
622,029N,2013,3,8054,1,1.67e-12,1.67e-12,1.67e-12,0
622,029N,2014,1,8056,1,3.14e-12,3.14e-12,3.14e-12,0
622,029N,2015,1,8060,1,3.74e-11,3.74e-11,3.74e-11,0
622,029N,2015,3,8062,1,3.9e-10,3.9e-10,3.9e-10,0
622,029N,2016,4,8067,1,1.17e-8,1.17e-8,1.17e-8,0
622,029N,2017,1,8068,1,2.85e-8,2.85e-8,2.85e-8,0
622,029N,2017,3,8070,2,2.85e-7,2.85e-7,2.85e-7,0
622,029N,2017,4,8071,1,4.05e-6,4.05e-6,4.05e-6,0
622,029N,2018,1,8072,1,4.9e-5,4.9e-5,4.9e-5,0
622,029N,2018,2,8073,1,4.69e-4,4.69e-4,4.69e-4,0
622,029N,2018,4,8075,1,0.003881771,0.003881771,0.003881771,0
623,029P,2008,3,8034,1,0.002317736,0.002317736,0.002317736,0
623,029P,2008,4,8035,2,0.010937742,0.010937742,0.010937742,0
624,029R,2004,2,8017,1,0.013775535,0.013775535,0.013775535,0
625,029S,2021,3,8086,1,2.29e-4,2.29e-4,2.29e-4,0
625,029S,2021,4,8087,1,3.44e-4,3.44e-4,3.44e-4,0
625,029S,2022,2,8089,1,0.003934019,0.003934019,0.003934019,0
626,029T,2017,3,8070,1,5.78e-4,5.78e-4,5.78e-4,0
626,029T,2017,4,8071,1,0.001396204,0.001396204,0.001396204,0
626,029T,2022,4,8091,1,0.119610095,0.119610095,0.119610095,0
626,029T,2023,3,8094,1,0.141044635,0.141044635,0.141044635,0
627,029V,2015,2,8061,1,4.04e-5,4.04e-5,4.04e-5,0
627,029V,2015,3,8062,1,2.14e-4,2.14e-4,2.14e-4,0
627,029V,2016,2,8065,1,0.010140221,0.010140221,0.010140221,0
628,029W,2005,2,8021,1,0.009915225,0.009915225,0.009915225,0
628,029W,2005,3,8022,1,0.010508698,0.010508698,0.010508698,0
628,029W,2005,4,8023,1,0.012132453,0.012132453,0.012132453,0
628,029W,2007,2,8029,1,0.016106417,0.016106417,0.016106417,0
628,029W,2007,3,8030,1,0.030994535,0.030994535,0.030994535,0
629,029Y,2007,2,8029,1,7.41e-4,7.41e-4,7.41e-4,0
629,029Y,2007,3,8030,1,0.005174677,0.005174677,0.005174677,0
629,029Y,2007,4,8031,1,0.005322864,0.005322864,0.005322864,0
629,029Y,2008,2,8033,1,0.005965013,0.005965013,0.005965013,0
629,029Y,2010,1,8040,1,0.046909587,0.046909587,0.046909587,0
629,029Y,2011,2,8045,1,0.87701688,0.87701688,0.87701688,0
630,029Z,2019,3,8078,1,0.001808826,0.001808826,0.001808826,0
630,029Z,2019,4,8079,1,0.002543743,0.002543743,0.002543743,0
630,029Z,2020,3,8082,1,0.007887374,0.007887374,0.007887374,0
631,030A,2014,3,8058,1,0.427909754,0.427909754,0.427909754,0
632,030B,2006,2,8025,1,7.16e-6,7.16e-6,7.16e-6,0
632,030B,2006,3,8026,1,7.57e-6,7.57e-6,7.57e-6,0
632,030B,2006,4,8027,1,1.45e-5,1.45e-5,1.45e-5,0
632,030B,2007,1,8028,1,3.44e-5,3.44e-5,3.44e-5,0
632,030B,2007,3,8030,1,8.79e-5,8.79e-5,8.79e-5,0
632,030B,2007,4,8031,1,4.42e-4,4.42e-4,4.42e-4,0
632,030B,2008,1,8032,1,0.018373365,0.018373365,0.018373365,0
632,030B,2008,3,8034,1,0.961575909,0.961575909,0.961575909,0
632,030B,2009,1,8036,1,0.99657567,0.99657567,0.99657567,0
632,030B,2009,2,8037,1,0.99801101,0.99801101,0.99801101,0
633,030E,2013,3,8054,2,0.929533258,0.929533258,0.929533258,0
633,030E,2013,4,8055,1,0.948552773,0.948552773,0.948552773,0
633,030E,2014,2,8057,1,0.994971527,0.994971527,0.994971527,0
634,030F,2010,4,8043,1,0.0112575,0.0112575,0.0112575,0
635,030G,2003,2,8013,1,0.013312603,0.013312603,0.013312603,0
636,030K,2012,2,8049,1,0.016947677,0.016947677,0.016947677,0
637,030L,2011,3,8046,1,7.68e-11,7.68e-11,7.68e-11,0
637,030L,2011,4,8047,1,1.83e-10,1.83e-10,1.83e-10,0
637,030L,2012,2,8049,1,5.69e-9,5.69e-9,5.69e-9,0
637,030L,2012,3,8050,2,2.81e-8,2.81e-8,2.81e-8,0
637,030L,2013,2,8053,1,1.01e-5,1.01e-5,1.01e-5,0
637,030L,2013,3,8054,1,4.32e-5,4.32e-5,4.32e-5,0
637,030L,2013,4,8055,1,2.89e-4,2.89e-4,2.89e-4,0
637,030L,2014,3,8058,2,0.014243208,0.014243208,0.014243208,0
637,030L,2014,4,8059,1,0.017983263,0.017983263,0.017983263,0
637,030L,2015,2,8061,1,0.073284848,0.073284848,0.073284848,0
638,030M,2018,2,8073,1,2.02e-4,2.02e-4,2.02e-4,0
638,030M,2018,3,8074,1,7.18e-4,7.18e-4,7.18e-4,0
638,030M,2018,4,8075,2,0.001209815,0.001209815,0.001209815,0
638,030M,2024,2,8097,1,0.037972305,0.037972305,0.037972305,0
639,030N,2009,4,8039,2,3.89e-6,3.89e-6,3.89e-6,0
639,030N,2010,2,8041,1,8.92e-5,8.92e-5,8.92e-5,0
639,030N,2010,4,8043,1,1.56e-4,1.56e-4,1.56e-4,0
639,030N,2011,1,8044,1,2.25e-4,2.25e-4,2.25e-4,0
639,030N,2011,2,8045,1,0.002428027,0.002428027,0.002428027,0
639,030N,2011,3,8046,1,0.01900234,0.01900234,0.01900234,0
639,030N,2012,4,8051,1,1,1,1,0
639,030N,2013,2,8053,1,1,1,1,0
639,030N,2013,3,8054,1,1,1,1,0
639,030N,2014,1,8056,1,1,1,1,0
639,030N,2014,3,8058,1,1,1,1,0
639,030N,2014,4,8059,1,1,1,1,0
640,030P,2008,3,8034,1,6.67e-4,6.67e-4,6.67e-4,0
640,030P,2008,4,8035,1,0.003149724,0.003149724,0.003149724,0
640,030P,2009,2,8037,1,0.270045504,0.270045504,0.270045504,0
640,030P,2009,3,8038,1,0.397234096,0.397234096,0.397234096,0
640,030P,2010,2,8041,1,0.980824528,0.980824528,0.980824528,0
641,030R,2004,2,8017,1,7.79e-4,7.79e-4,7.79e-4,0
641,030R,2004,3,8018,1,0.001764059,0.001764059,0.001764059,0
641,030R,2004,4,8019,1,0.004461711,0.004461711,0.004461711,0
642,030S,2021,3,8086,1,7.3900000000000007e-08,7.3900000000000007e-08,7.3900000000000007e-08,0
642,030S,2021,4,8087,2,2.63e-7,2.63e-7,2.63e-7,0
642,030S,2022,2,8089,1,9.1e-6,9.1e-6,9.1e-6,0
642,030S,2022,4,8091,1,4.91e-5,4.91e-5,4.91e-5,0
642,030S,2024,2,8097,1,0.00124039,0.00124039,0.00124039,0
642,030S,2024,3,8098,1,0.002396564,0.002396564,0.002396564,0
643,030T,2017,3,8070,1,1.07e-4,1.07e-4,1.07e-4,0
643,030T,2018,1,8072,1,4.94e-4,4.94e-4,4.94e-4,0
643,030T,2018,2,8073,1,0.002698634,0.002698634,0.002698634,0
643,030T,2021,2,8085,1,0.103638,0.103638,0.103638,0
644,030V,2015,2,8061,1,0.006208396,0.006208396,0.006208396,0
645,030W,2005,2,8021,1,7.23e-4,7.23e-4,7.23e-4,0
645,030W,2005,3,8022,1,7.67e-4,7.67e-4,7.67e-4,0
645,030W,2005,4,8023,1,8.85e-4,8.85e-4,8.85e-4,0
645,030W,2006,3,8026,1,0.003801424,0.003801424,0.003801424,0
646,030Y,2007,2,8029,1,8.39e-4,8.39e-4,8.39e-4,0
646,030Y,2007,3,8030,1,0.001034107,0.001034107,0.001034107,0
646,030Y,2007,4,8031,1,0.001161567,0.001161567,0.001161567,0
646,030Y,2008,1,8032,1,0.00149134,0.00149134,0.00149134,0
646,030Y,2008,2,8033,1,0.0021021,0.0021021,0.0021021,0
646,030Y,2008,3,8034,1,0.01253005,0.01253005,0.01253005,0
646,030Y,2008,4,8035,1,0.0227112,0.0227112,0.0227112,0
647,030Z,2019,3,8078,2,2.86e-6,2.86e-6,2.86e-6,0
647,030Z,2019,4,8079,1,4.6e-6,4.6e-6,4.6e-6,0
647,030Z,2020,3,8082,1,1.72e-5,1.72e-5,1.72e-5,0
647,030Z,2020,4,8083,1,3.35e-5,3.35e-5,3.35e-5,0
647,030Z,2021,2,8085,1,5.14e-4,5.14e-4,5.14e-4,0
647,030Z,2021,3,8086,1,0.00183632,0.00183632,0.00183632,0
648,031A,2014,3,8058,2,1,1,1,0
649,031B,2006,2,8025,1,3.03e-8,3.03e-8,3.03e-8,0
649,031B,2006,3,8026,1,6.43e-8,6.43e-8,6.43e-8,0
649,031B,2007,1,8028,1,1.85e-6,1.85e-6,1.85e-6,0
649,031B,2007,2,8029,1,3.84e-6,3.84e-6,3.84e-6,0
649,031B,2007,3,8030,1,3.79e-5,3.79e-5,3.79e-5,0
649,031B,2007,4,8031,1,6.12e-4,6.12e-4,6.12e-4,0
650,031E,2013,3,8054,2,0.908476718,0.908476718,0.908476718,0
650,031E,2014,2,8057,1,0.993810066,0.993810066,0.993810066,0
650,031E,2014,3,8058,1,0.997690556,0.997690556,0.997690556,0
650,031E,2015,2,8061,1,0.999509265,0.999509265,0.999509265,0
650,031E,2017,2,8069,1,0.999663902,0.999663902,0.999663902,0
651,031G,2003,2,8013,1,0.013312603,0.013312603,0.013312603,0
652,031K,2012,2,8049,1,0.016947677,0.016947677,0.016947677,0
653,031L,2011,3,8046,1,1.31e-9,1.31e-9,1.31e-9,0
653,031L,2011,4,8047,1,3.1e-9,3.1e-9,3.1e-9,0
653,031L,2012,2,8049,1,9.67e-8,9.67e-8,9.67e-8,0
653,031L,2012,3,8050,2,1.11e-7,1.11e-7,1.11e-7,0
653,031L,2013,1,8052,1,3.85e-6,3.85e-6,3.85e-6,0
653,031L,2013,2,8053,1,3.81e-5,3.81e-5,3.81e-5,0
653,031L,2013,3,8054,2,2.94e-4,2.94e-4,2.94e-4,0
654,031M,2018,2,8073,1,0.006046906,0.006046906,0.006046906,0
655,031N,2009,4,8039,2,2.11e-7,2.11e-7,2.11e-7,0
655,031N,2010,1,8040,1,4.13e-5,4.13e-5,4.13e-5,0
655,031N,2010,2,8041,1,1.08e-4,1.08e-4,1.08e-4,0
655,031N,2010,4,8043,1,0.001971813,0.001971813,0.001971813,0
655,031N,2011,1,8044,1,0.003921704,0.003921704,0.003921704,0
655,031N,2011,2,8045,1,0.065871645,0.065871645,0.065871645,0
656,031P,2008,3,8034,1,0.002317736,0.002317736,0.002317736,0
656,031P,2008,4,8035,2,0.010937742,0.010937742,0.010937742,0
657,031R,2004,2,8017,1,0.013775535,0.013775535,0.013775535,0
658,031S,2021,3,8086,1,0.002527194,0.002527194,0.002527194,0
659,031T,2017,3,8070,1,0.001126143,0.001126143,0.001126143,0
659,031T,2018,1,8072,1,0.00521436,0.00521436,0.00521436,0
660,031V,2015,2,8061,1,0.007196584,0.007196584,0.007196584,0
660,031V,2015,3,8062,1,0.038047001,0.038047001,0.038047001,0
661,031W,2005,2,8021,1,0.003832652,0.003832652,0.003832652,0
661,031W,2005,3,8022,1,0.008324816,0.008324816,0.008324816,0
662,031Y,2007,2,8029,1,0.003412688,0.003412688,0.003412688,0
662,031Y,2007,3,8030,1,0.023839806,0.023839806,0.023839806,0
662,031Y,2007,4,8031,1,0.041451122,0.041451122,0.041451122,0
662,031Y,2008,2,8033,1,0.141986332,0.141986332,0.141986332,0
662,031Y,2008,3,8034,1,0.189915246,0.189915246,0.189915246,0
662,031Y,2009,2,8037,1,0.190383358,0.190383358,0.190383358,0
662,031Y,2009,4,8039,1,0.190394705,0.190394705,0.190394705,0
662,031Y,2010,2,8041,1,0.190900934,0.190900934,0.190900934,0
662,031Y,2011,2,8045,1,0.191705887,0.191705887,0.191705887,0
662,031Y,2011,4,8047,1,0.195099199,0.195099199,0.195099199,0
663,031Z,2019,3,8078,2,0.020358251,0.020358251,0.020358251,0
663,031Z,2019,4,8079,1,0.032673426,0.032673426,0.032673426,0
663,031Z,2020,3,8082,1,0.037855645,0.037855645,0.037855645,0
664,032A,2014,3,8058,1,0.009702174,0.009702174,0.009702174,0
664,032A,2014,4,8059,1,0.03304438,0.03304438,0.03304438,0
665,032B,2006,2,8025,1,1.51e-5,1.51e-5,1.51e-5,0
665,032B,2006,3,8026,1,3.21e-5,3.21e-5,3.21e-5,0
665,032B,2006,4,8027,1,3.19e-4,3.19e-4,3.19e-4,0
665,032B,2007,1,8028,1,0.001140216,0.001140216,0.001140216,0
665,032B,2007,2,8029,1,0.002484981,0.002484981,0.002484981,0
666,032E,2013,3,8054,1,8.22e-5,8.22e-5,8.22e-5,0
666,032E,2013,4,8055,1,1.77e-4,1.77e-4,1.77e-4,0
666,032E,2014,2,8057,1,0.004195779,0.004195779,0.004195779,0
667,032G,2003,2,8013,1,7.65e-4,7.65e-4,7.65e-4,0
667,032G,2003,3,8014,1,0.001748351,0.001748351,0.001748351,0
667,032G,2004,1,8016,1,0.009474565,0.009474565,0.009474565,0
668,032K,2012,2,8049,1,0.016947677,0.016947677,0.016947677,0
669,032L,2011,3,8046,1,1.03e-5,1.03e-5,1.03e-5,0
669,032L,2011,4,8047,1,2.45e-5,2.45e-5,2.45e-5,0
669,032L,2012,3,8050,1,0.001019468,0.001019468,0.001019468,0
669,032L,2013,1,8052,1,0.00654441,0.00654441,0.00654441,0
670,032M,2018,2,8073,1,0.037018591000000003,0.037018591000000003,0.037018591000000003,0
670,032M,2019,3,8078,1,0.460692984,0.460692984,0.460692984,0
670,032M,2020,3,8082,1,0.858885344,0.858885344,0.858885344,0
670,032M,2021,2,8085,1,0.979110391,0.979110391,0.979110391,0
670,032M,2021,3,8086,1,0.994319537,0.994319537,0.994319537,0
670,032M,2022,2,8089,1,0.998607194,0.998607194,0.998607194,0
670,032M,2024,2,8097,1,0.999468725,0.999468725,0.999468725,0
670,032M,2025,2,8101,1,0.999636395,0.999636395,0.999636395,0
671,032N,2009,4,8039,2,1.08e-10,1.08e-10,1.08e-10,0
671,032N,2010,1,8040,1,1.64e-10,1.64e-10,1.64e-10,0
671,032N,2010,2,8041,1,2.54e-10,2.54e-10,2.54e-10,0
671,032N,2010,4,8043,2,3.81e-10,3.81e-10,3.81e-10,0
671,032N,2011,1,8044,1,1.95e-9,1.95e-9,1.95e-9,0
671,032N,2011,2,8045,1,5.19e-8,5.19e-8,5.19e-8,0
671,032N,2011,3,8046,1,4.27e-7,4.27e-7,4.27e-7,0
671,032N,2012,2,8049,1,1.56e-5,1.56e-5,1.56e-5,0
671,032N,2013,2,8053,1,2.31e-4,2.31e-4,2.31e-4,0
671,032N,2015,1,8060,1,0.003456089,0.003456089,0.003456089,0
671,032N,2015,2,8061,1,0.014635495,0.014635495,0.014635495,0
671,032N,2016,2,8065,1,0.584303591,0.584303591,0.584303591,0
671,032N,2017,3,8070,1,0.815638404,0.815638404,0.815638404,0
672,032P,2008,3,8034,1,0.009715035,0.009715035,0.009715035,0
672,032P,2008,4,8035,2,0.045846692,0.045846692,0.045846692,0
672,032P,2009,2,8037,1,0.314593992,0.314593992,0.314593992,0
672,032P,2010,3,8042,1,1,1,1,0
672,032P,2010,4,8043,1,1,1,1,0
673,032R,2004,2,8017,1,1,1,1,0
673,032R,2004,3,8018,1,1,1,1,0
673,032R,2004,4,8019,1,1,1,1,0
673,032R,2005,1,8020,1,1,1,1,0
674,032S,2021,3,8086,1,2.24e-4,2.24e-4,2.24e-4,0
674,032S,2021,4,8087,2,7.99e-4,7.99e-4,7.99e-4,0
675,032T,2017,3,8070,1,1.53e-5,1.53e-5,1.53e-5,0
675,032T,2018,3,8074,2,1.39e-4,1.39e-4,1.39e-4,0
675,032T,2018,4,8075,1,0.001140536,0.001140536,0.001140536,0
675,032T,2019,3,8078,1,0.007750436,0.007750436,0.007750436,0
675,032T,2019,4,8079,1,0.008245445,0.008245445,0.008245445,0
675,032T,2021,2,8085,1,0.041911845,0.041911845,0.041911845,0
675,032T,2021,3,8086,1,0.048383404,0.048383404,0.048383404,0
676,032V,2015,2,8061,1,1.73e-9,1.73e-9,1.73e-9,0
676,032V,2015,3,8062,1,9.13e-9,9.13e-9,9.13e-9,0
676,032V,2016,1,8064,1,2.58e-7,2.58e-7,2.58e-7,0
676,032V,2016,2,8065,1,1.6e-6,1.6e-6,1.6e-6,0
676,032V,2016,3,8066,1,8.21e-6,8.21e-6,8.21e-6,0
676,032V,2016,4,8067,1,4.04e-5,4.04e-5,4.04e-5,0
676,032V,2017,1,8068,1,4.42e-4,4.42e-4,4.42e-4,0
676,032V,2017,3,8070,1,0.00659823,0.00659823,0.00659823,0
677,032W,2005,2,8021,1,0.035412713,0.035412713,0.035412713,0
678,032Y,2007,2,8029,1,4e-6,4e-6,4e-6,0
678,032Y,2007,4,8031,1,4.32e-5,4.32e-5,4.32e-5,0
678,032Y,2008,1,8032,1,8.15e-4,8.15e-4,8.15e-4,0
678,032Y,2009,2,8037,1,0.092494395,0.092494395,0.092494395,0
679,032Z,2019,3,8078,1,0.001783694,0.001783694,0.001783694,0
679,032Z,2019,4,8079,1,0.005503042,0.005503042,0.005503042,0
679,032Z,2021,2,8085,1,0.054791542,0.054791542,0.054791542,0
680,033A,2014,3,8058,1,0.52756003,0.52756003,0.52756003,0
681,033B,2006,2,8025,1,2.05e-5,2.05e-5,2.05e-5,0
681,033B,2006,3,8026,1,4.34e-5,4.34e-5,4.34e-5,0
681,033B,2007,1,8028,1,0.00125312,0.00125312,0.00125312,0
681,033B,2007,2,8029,1,0.002597733,0.002597733,0.002597733,0
682,033E,2013,3,8054,1,2.14e-9,2.14e-9,2.14e-9,0
682,033E,2013,4,8055,1,4.62e-9,4.62e-9,4.62e-9,0
682,033E,2014,1,8056,1,5.23e-8,5.23e-8,5.23e-8,0
682,033E,2014,3,8058,1,1.15e-6,1.15e-6,1.15e-6,0
682,033E,2016,1,8064,1,9.83e-6,9.83e-6,9.83e-6,0
682,033E,2016,2,8065,1,2.13e-5,2.13e-5,2.13e-5,0
682,033E,2016,4,8067,1,1.14e-4,1.14e-4,1.14e-4,0
682,033E,2017,2,8069,1,0.001110119,0.001110119,0.001110119,0
682,033E,2019,3,8078,1,0.021130935,0.021130935,0.021130935,0
683,033G,2003,2,8013,1,0.003179163,0.003179163,0.003179163,0
683,033G,2003,3,8014,1,0.007269675,0.007269675,0.007269675,0
684,033K,2012,2,8049,1,1.85e-9,1.85e-9,1.85e-9,0
684,033K,2012,3,8050,2,5.32e-9,5.32e-9,5.32e-9,0
684,033K,2012,4,8051,1,3.08e-7,3.08e-7,3.08e-7,0
684,033K,2013,1,8052,1,7.07e-6,7.07e-6,7.07e-6,0
684,033K,2013,2,8053,1,1.01e-4,1.01e-4,1.01e-4,0
684,033K,2013,3,8054,1,8.07e-4,8.07e-4,8.07e-4,0
684,033K,2013,4,8055,1,0.006045125,0.006045125,0.006045125,0
684,033K,2014,2,8057,1,0.226928114,0.226928114,0.226928114,0
684,033K,2014,3,8058,1,0.558206253,0.558206253,0.558206253,0
684,033K,2014,4,8059,1,0.568619727,0.568619727,0.568619727,0
685,033L,2011,3,8046,1,5.93e-10,5.93e-10,5.93e-10,0
685,033L,2012,1,8048,1,3.06e-9,3.06e-9,3.06e-9,0
685,033L,2012,2,8049,1,2.61e-8,2.61e-8,2.61e-8,0
685,033L,2012,3,8050,1,1.99e-7,1.99e-7,1.99e-7,0
685,033L,2012,4,8051,2,1.48e-6,1.48e-6,1.48e-6,0
685,033L,2013,2,8053,1,7.39e-4,7.39e-4,7.39e-4,0
685,033L,2013,3,8054,1,0.003737203,0.003737203,0.003737203,0
686,033M,2018,2,8073,1,9.98e-6,9.98e-6,9.98e-6,0
686,033M,2018,4,8075,1,5.19e-5,5.19e-5,5.19e-5,0
686,033M,2019,2,8077,1,4.59e-4,4.59e-4,4.59e-4,0
686,033M,2019,3,8078,1,0.001575538,0.001575538,0.001575538,0
686,033M,2020,3,8082,1,0.033754428,0.033754428,0.033754428,0
687,033N,2009,4,8039,2,0.004648796,0.004648796,0.004648796,0
687,033N,2010,1,8040,1,0.911484823,0.911484823,0.911484823,0
687,033N,2010,2,8041,1,0.996965774,0.996965774,0.996965774,0
687,033N,2010,3,8042,1,0.999848507,0.999848507,0.999848507,0
687,033N,2010,4,8043,1,0.99994464,0.99994464,0.99994464,0
687,033N,2011,2,8045,1,0.999966702,0.999966702,0.999966702,0
687,033N,2013,3,8054,1,1,1,1,0
687,033N,2013,4,8055,1,1,1,1,0
688,033P,2008,3,8034,1,0.999573733,0.999573733,0.999573733,0
688,033P,2008,4,8035,2,0.999999641,0.999999641,0.999999641,0
688,033P,2009,2,8037,1,0.999999917,0.999999917,0.999999917,0
688,033P,2009,3,8038,1,0.999999922,0.999999922,0.999999922,0
688,033P,2010,2,8041,1,0.99999994,0.99999994,0.99999994,0
688,033P,2011,2,8045,1,0.999999963,0.999999963,0.999999963,0
688,033P,2011,3,8046,1,0.999999965,0.999999965,0.999999965,0
689,033R,2004,2,8017,1,0.441589721,0.441589721,0.441589721,0
689,033R,2004,3,8018,1,1,1,1,0
689,033R,2004,4,8019,1,1,1,1,0
689,033R,2005,1,8020,1,1,1,1,0
689,033R,2005,2,8021,1,1,1,1,0
689,033R,2006,2,8025,1,1,1,1,0
689,033R,2006,3,8026,1,1,1,1,0
690,033S,2021,3,8086,1,0.004752055,0.004752055,0.004752055,0
691,033T,2017,4,8071,1,0.033143259,0.033143259,0.033143259,0
691,033T,2018,1,8072,1,0.107387651,0.107387651,0.107387651,0
691,033T,2018,2,8073,1,0.800873122,0.800873122,0.800873122,0
691,033T,2018,3,8074,1,1,1,1,0
691,033T,2018,4,8075,1,1,1,1,0
691,033T,2019,1,8076,1,1,1,1,0
691,033T,2019,2,8077,1,1,1,1,0
692,033V,2015,3,8062,1,2.87e-4,2.87e-4,2.87e-4,0
692,033V,2015,4,8063,1,0.001089368,0.001089368,0.001089368,0
693,033W,2005,2,8021,1,0.01599487,0.01599487,0.01599487,0
694,033Y,2007,2,8029,1,3.54e-5,3.54e-5,3.54e-5,0
694,033Y,2007,3,8030,1,4.08e-5,4.08e-5,4.08e-5,0
694,033Y,2007,4,8031,1,4.44e-5,4.44e-5,4.44e-5,0
694,033Y,2008,1,8032,1,5.13e-5,5.13e-5,5.13e-5,0
694,033Y,2009,2,8037,1,8.8e-4,8.8e-4,8.8e-4,0
694,033Y,2009,4,8039,1,0.001099299,0.001099299,0.001099299,0
694,033Y,2011,2,8045,1,0.026000813,0.026000813,0.026000813,0
694,033Y,2012,2,8049,1,0.199472065,0.199472065,0.199472065,0
695,033Z,2019,3,8078,1,0.003835893,0.003835893,0.003835893,0
696,034A,2014,3,8058,2,1.58e-9,1.58e-9,1.58e-9,0
696,034A,2014,4,8059,1,1.79e-8,1.79e-8,1.79e-8,0
696,034A,2015,2,8061,1,6.61e-8,6.61e-8,6.61e-8,0
696,034A,2015,3,8062,1,4.39e-7,4.39e-7,4.39e-7,0
696,034A,2015,4,8063,1,5.68e-6,5.68e-6,5.68e-6,0
696,034A,2016,2,8065,1,3.62e-4,3.62e-4,3.62e-4,0
696,034A,2017,2,8069,1,0.004170928,0.004170928,0.004170928,0
696,034A,2017,3,8070,1,0.004521111,0.004521111,0.004521111,0
696,034A,2019,2,8077,1,0.020053491,0.020053491,0.020053491,0
697,034B,2006,2,8025,1,6.83e-4,6.83e-4,6.83e-4,0
697,034B,2006,3,8026,1,0.001447676,0.001447676,0.001447676,0
698,034E,2013,3,8054,1,0.001671022,0.001671022,0.001671022,0
698,034E,2013,4,8055,1,0.003608288,0.003608288,0.003608288,0
699,034G,2003,2,8013,1,0.999999999,0.999999999,0.999999999,0
699,034G,2003,3,8014,1,1,1,1,0
699,034G,2007,3,8030,1,1,1,1,0
699,034G,2008,2,8033,1,1,1,1,0
699,034G,2008,3,8034,1,1,1,1,0
699,034G,2009,1,8036,1,1,1,1,0
700,034K,2012,2,8049,1,0.884852705,0.884852705,0.884852705,0
701,034L,2011,3,8046,1,9.78e-4,9.78e-4,9.78e-4,0
701,034L,2012,1,8048,1,0.005047427,0.005047427,0.005047427,0
701,034L,2012,3,8050,1,0.067479437,0.067479437,0.067479437,0
701,034L,2013,2,8053,1,0.999999996,0.999999996,0.999999996,0
702,034M,2018,2,8073,1,1.35e-6,1.35e-6,1.35e-6,0
702,034M,2018,3,8074,1,4.8e-6,4.8e-6,4.8e-6,0
702,034M,2018,4,8075,1,2.17e-5,2.17e-5,2.17e-5,0
702,034M,2019,2,8077,1,4.42e-4,4.42e-4,4.42e-4,0
702,034M,2020,3,8082,2,0.001515015,0.001515015,0.001515015,0
703,034N,2009,4,8039,2,5.46e-5,5.46e-5,5.46e-5,0
703,034N,2010,1,8040,1,5.99e-4,5.99e-4,5.99e-4,0
703,034N,2010,2,8041,1,0.017950044,0.017950044,0.017950044,0
703,034N,2010,4,8043,1,0.045920184,0.045920184,0.045920184,0
704,034P,2008,3,8034,1,0.007285112,0.007285112,0.007285112,0
704,034P,2008,4,8035,1,0.00885315,0.00885315,0.00885315,0
704,034P,2009,2,8037,1,0.008872465,0.008872465,0.008872465,0
704,034P,2009,3,8038,1,0.00888167,0.00888167,0.00888167,0
704,034P,2009,4,8039,1,0.008887689,0.008887689,0.008887689,0
704,034P,2011,2,8045,1,0.010646686,0.010646686,0.010646686,0
704,034P,2012,2,8049,1,0.022900374,0.022900374,0.022900374,0
705,034R,2004,2,8017,1,1.92e-4,1.92e-4,1.92e-4,0
705,034R,2004,3,8018,1,4.36e-4,4.36e-4,4.36e-4,0
705,034R,2004,4,8019,1,0.001102475,0.001102475,0.001102475,0
705,034R,2005,3,8022,1,0.018079204,0.018079204,0.018079204,0
706,034S,2021,3,8086,1,0.01283606,0.01283606,0.01283606,0
707,034T,2017,4,8071,1,1.78e-5,1.78e-5,1.78e-5,0
707,034T,2019,3,8078,1,2.49e-4,2.49e-4,2.49e-4,0
707,034T,2021,3,8086,1,4.99e-4,4.99e-4,4.99e-4,0
707,034T,2022,2,8089,1,0.00115029,0.00115029,0.00115029,0
707,034T,2025,2,8101,1,0.017861824,0.017861824,0.017861824,0
708,034V,2015,3,8062,1,0.020966383,0.020966383,0.020966383,0
708,034V,2015,4,8063,1,0.023239184,0.023239184,0.023239184,0
709,034W,2005,2,8021,1,0.008566573,0.008566573,0.008566573,0
709,034W,2005,3,8022,1,0.018607256,0.018607256,0.018607256,0
710,034Y,2007,2,8029,1,3.79e-12,3.79e-12,3.79e-12,0
710,034Y,2007,3,8030,1,4.37e-12,4.37e-12,4.37e-12,0
710,034Y,2007,4,8031,1,4.94e-12,4.94e-12,4.94e-12,0
710,034Y,2008,3,8034,1,9.08e-11,9.08e-11,9.08e-11,0
710,034Y,2009,2,8037,1,2e-9,2e-9,2e-9,0
710,034Y,2009,4,8039,1,2.53e-8,2.53e-8,2.53e-8,0
710,034Y,2010,2,8041,1,1.07e-6,1.07e-6,1.07e-6,0
710,034Y,2010,3,8042,1,1.07e-5,1.07e-5,1.07e-5,0
710,034Y,2011,2,8045,1,8.87e-4,8.87e-4,8.87e-4,0
710,034Y,2012,4,8051,1,0.018536577,0.018536577,0.018536577,0
711,034Z,2019,3,8078,1,0.811162306,0.811162306,0.811162306,0
711,034Z,2021,2,8085,1,1,1,1,0
712,035A,2014,3,8058,1,0.002486624,0.002486624,0.002486624,0
712,035A,2014,4,8059,1,0.003652301,0.003652301,0.003652301,0
712,035A,2015,2,8061,1,0.007081415,0.007081415,0.007081415,0
713,035B,2006,2,8025,1,2.3e-15,2.3e-15,2.3e-15,0
713,035B,2006,3,8026,1,4.87e-15,4.87e-15,4.87e-15,0
713,035B,2006,4,8027,1,4.85e-14,4.85e-14,4.85e-14,0
713,035B,2007,1,8028,1,1.73e-13,1.73e-13,1.73e-13,0
713,035B,2007,3,8030,1,5.09e-13,5.09e-13,5.09e-13,0
713,035B,2007,4,8031,1,2.73e-12,2.73e-12,2.73e-12,0
713,035B,2009,2,8037,1,6.2e-10,6.2e-10,6.2e-10,0
713,035B,2009,4,8039,1,4.06e-9,4.06e-9,4.06e-9,0
713,035B,2010,2,8041,1,1.58e-7,1.58e-7,1.58e-7,0
713,035B,2011,2,8045,1,6.46e-6,6.46e-6,6.46e-6,0
713,035B,2012,3,8050,1,9.46e-5,9.46e-5,9.46e-5,0
713,035B,2013,3,8054,1,8.72e-4,8.72e-4,8.72e-4,0
713,035B,2015,2,8061,1,0.012624349,0.012624349,0.012624349,0
714,035E,2013,3,8054,1,0.680463193,0.680463193,0.680463193,0
714,035E,2014,4,8059,1,0.983142509,0.983142509,0.983142509,0
715,035G,2003,2,8013,1,0.437318495,0.437318495,0.437318495,0
715,035G,2003,3,8014,1,1,1,1,0
715,035G,2003,4,8015,1,1,1,1,0
715,035G,2004,3,8018,1,1,1,1,0
715,035G,2006,4,8027,1,1,1,1,0
716,035K,2012,2,8049,1,3.77e-5,3.77e-5,3.77e-5,0
716,035K,2013,2,8053,1,3.39e-4,3.39e-4,3.39e-4,0
716,035K,2013,3,8054,1,0.001095946,0.001095946,0.001095946,0
716,035K,2014,2,8057,1,0.026862135,0.026862135,0.026862135,0
717,035L,2011,3,8046,1,0.074482743,0.074482743,0.074482743,0
717,035L,2012,1,8048,1,0.384213442,0.384213442,0.384213442,0
717,035L,2012,3,8050,1,0.659247724,0.659247724,0.659247724,0
717,035L,2012,4,8051,1,0.690103766,0.690103766,0.690103766,0
717,035L,2013,3,8054,1,0.768780039,0.768780039,0.768780039,0
717,035L,2015,2,8061,1,0.823096184,0.823096184,0.823096184,0
718,035M,2018,2,8073,1,0.030277476,0.030277476,0.030277476,0
719,035N,2009,4,8039,2,0.999187851,0.999187851,0.999187851,0
719,035N,2010,1,8040,1,0.999951684,0.999951684,0.999951684,0
719,035N,2010,2,8041,2,0.999999912,0.999999912,0.999999912,0
719,035N,2010,3,8042,1,0.999999997,0.999999997,0.999999997,0
719,035N,2010,4,8043,2,1,1,1,0
719,035N,2011,2,8045,1,1,1,1,0
719,035N,2011,3,8046,2,1,1,1,0
719,035N,2012,2,8049,1,1,1,1,0
719,035N,2012,3,8050,1,1,1,1,0
719,035N,2012,4,8051,2,1,1,1,0
719,035N,2013,2,8053,1,1,1,1,0
719,035N,2013,3,8054,1,1,1,1,0
720,035P,2008,3,8034,1,1.19e-10,1.19e-10,1.19e-10,0
720,035P,2008,4,8035,2,5.63e-10,5.63e-10,5.63e-10,0
720,035P,2009,2,8037,1,6.52e-8,6.52e-8,6.52e-8,0
720,035P,2009,3,8038,1,6.68e-7,6.68e-7,6.68e-7,0
720,035P,2010,2,8041,1,3.43e-6,3.43e-6,3.43e-6,0
720,035P,2011,2,8045,1,9.56e-5,9.56e-5,9.56e-5,0
720,035P,2011,3,8046,1,3.33e-4,3.33e-4,3.33e-4,0
720,035P,2012,2,8049,1,0.009956949,0.009956949,0.009956949,0
721,035R,2004,2,8017,1,1.2e-4,1.2e-4,1.2e-4,0
721,035R,2004,3,8018,1,2.73e-4,2.73e-4,2.73e-4,0
721,035R,2004,4,8019,1,6.89e-4,6.89e-4,6.89e-4,0
721,035R,2006,3,8026,1,0.023275141,0.023275141,0.023275141,0
721,035R,2009,4,8039,1,1,1,1,0
722,035S,2021,3,8086,1,0.002527194,0.002527194,0.002527194,0
723,035V,2015,3,8062,1,3.95e-5,3.95e-5,3.95e-5,0
723,035V,2015,4,8063,1,1.5e-4,1.5e-4,1.5e-4,0
723,035V,2016,2,8065,1,0.007658526,0.007658526,0.007658526,0
724,035W,2005,2,8021,1,3.52e-9,3.52e-9,3.52e-9,0
724,035W,2005,3,8022,2,7.64e-9,7.64e-9,7.64e-9,0
724,035W,2005,4,8023,1,5.6e-8,5.6e-8,5.6e-8,0
724,035W,2006,2,8025,1,9.35e-7,9.35e-7,9.35e-7,0
724,035W,2007,2,8029,1,7.1e-6,7.1e-6,7.1e-6,0
724,035W,2008,2,8033,1,1.68e-4,1.68e-4,1.68e-4,0
724,035W,2008,3,8034,1,0.001099922,0.001099922,0.001099922,0
725,035Y,2007,2,8029,1,0.003050344,0.003050344,0.003050344,0
725,035Y,2007,4,8031,1,0.016279311,0.016279311,0.016279311,0
725,035Y,2008,1,8032,1,0.029590718,0.029590718,0.029590718,0
725,035Y,2008,4,8035,1,0.904148777,0.904148777,0.904148777,0
725,035Y,2010,2,8041,1,0.998546847,0.998546847,0.998546847,0
726,035Z,2019,3,8078,1,6.93e-5,6.93e-5,6.93e-5,0
726,035Z,2019,4,8079,1,2.14e-4,2.14e-4,2.14e-4,0
726,035Z,2020,4,8083,1,0.006517668,0.006517668,0.006517668,0
727,036A,2014,3,8058,1,0.008363962,0.008363962,0.008363962,0
728,036B,2006,3,8026,1,0.068990595,0.068990595,0.068990595,0
729,036E,2013,3,8054,1,3.65e-7,3.65e-7,3.65e-7,0
729,036E,2013,4,8055,1,7.87e-7,7.87e-7,7.87e-7,0
729,036E,2014,3,8058,1,2.48e-5,2.48e-5,2.48e-5,0
729,036E,2014,4,8059,1,1.12e-4,1.12e-4,1.12e-4,0
729,036E,2015,1,8060,1,2.28e-4,2.28e-4,2.28e-4,0
729,036E,2015,3,8062,1,2.66e-4,2.66e-4,2.66e-4,0
729,036E,2016,1,8064,1,5.32e-4,5.32e-4,5.32e-4,0
729,036E,2016,2,8065,1,0.001969048,0.001969048,0.001969048,0
729,036E,2017,2,8069,1,0.003588107,0.003588107,0.003588107,0
729,036E,2018,3,8074,1,0.015541736,0.015541736,0.015541736,0
730,036G,2003,2,8013,1,0.05298016,0.05298016,0.05298016,0
730,036G,2003,4,8015,1,0.164696677,0.164696677,0.164696677,0
731,036K,2012,2,8049,1,4.42e-4,4.42e-4,4.42e-4,0
731,036K,2012,3,8050,1,4.74e-4,4.74e-4,4.74e-4,0
731,036K,2013,1,8052,1,0.001167374,0.001167374,0.001167374,0
731,036K,2013,3,8054,1,0.011541312,0.011541312,0.011541312,0
731,036K,2014,4,8059,1,0.019239072,0.019239072,0.019239072,0
732,036L,2011,3,8046,1,0.002554349,0.002554349,0.002554349,0
732,036L,2012,2,8049,1,0.021646832,0.021646832,0.021646832,0
732,036L,2013,3,8054,1,0.350216651,0.350216651,0.350216651,0
732,036L,2014,2,8057,1,0.426536478,0.426536478,0.426536478,0
733,036M,2018,2,8073,1,8.06e-4,8.06e-4,8.06e-4,0
733,036M,2018,3,8074,1,0.002869211,0.002869211,0.002869211,0
734,036N,2009,4,8039,2,0.020514041,0.020514041,0.020514041,0
734,036N,2010,1,8040,1,0.030949785,0.030949785,0.030949785,0
734,036N,2010,2,8041,1,0.363797118,0.363797118,0.363797118,0
735,036P,2008,3,8034,1,0.003127575,0.003127575,0.003127575,0
735,036P,2008,4,8035,1,0.014759488,0.014759488,0.014759488,0
736,036R,2004,2,8017,1,1.14e-17,1.14e-17,1.14e-17,0
736,036R,2004,3,8018,1,2.57e-17,2.57e-17,2.57e-17,0
736,036R,2005,3,8022,2,2.99e-16,2.99e-16,2.99e-16,0
736,036R,2006,2,8025,1,4.06e-15,4.06e-15,4.06e-15,0
736,036R,2006,3,8026,1,8.7e-15,8.7e-15,8.7e-15,0
736,036R,2006,4,8027,1,8.7e-14,8.7e-14,8.7e-14,0
736,036R,2007,1,8028,1,4.48e-12,4.48e-12,4.48e-12,0
736,036R,2007,2,8029,1,1.45e-10,1.45e-10,1.45e-10,0
736,036R,2007,3,8030,1,2.55e-9,2.55e-9,2.55e-9,0
736,036R,2007,4,8031,2,4.32e-8,4.32e-8,4.32e-8,0
736,036R,2008,3,8034,1,1.63e-4,1.63e-4,1.63e-4,0
736,036R,2010,2,8041,1,0.008259922,0.008259922,0.008259922,0
737,036S,2021,3,8086,1,0.231112687,0.231112687,0.231112687,0
737,036S,2022,3,8090,1,0.990560193,0.990560193,0.990560193,0
737,036S,2022,4,8091,2,0.999999999,0.999999999,0.999999999,0
738,036V,2015,3,8062,1,0.971716035,0.971716035,0.971716035,0
738,036V,2015,4,8063,1,0.972903851,0.972903851,0.972903851,0
738,036V,2016,2,8065,1,0.97603692,0.97603692,0.97603692,0
739,036W,2005,2,8021,1,0.01599487,0.01599487,0.01599487,0
740,036Y,2007,2,8029,1,1.8e-4,1.8e-4,1.8e-4,0
740,036Y,2007,3,8030,1,6.58e-4,6.58e-4,6.58e-4,0
740,036Y,2007,4,8031,1,0.001069817,0.001069817,0.001069817,0
740,036Y,2008,2,8033,1,0.003420922,0.003420922,0.003420922,0
740,036Y,2010,2,8041,1,0.01260317,0.01260317,0.01260317,0
741,036Z,2019,3,8078,1,4.25e-6,4.25e-6,4.25e-6,0
741,036Z,2019,4,8079,3,5.98e-6,5.98e-6,5.98e-6,0
741,036Z,2021,1,8084,1,0.001078795,0.001078795,0.001078795,0
741,036Z,2021,3,8086,1,0.004418389,0.004418389,0.004418389,0
742,037A,2014,3,8058,1,0.041491631,0.041491631,0.041491631,0
743,037B,2006,3,8026,1,0.990842255,0.990842255,0.990842255,0
743,037B,2006,4,8027,2,0.999693024,0.999693024,0.999693024,0
743,037B,2007,2,8029,1,0.999863233,0.999863233,0.999863233,0
744,037E,2013,3,8054,1,0.994327304,0.994327304,0.994327304,0
744,037E,2013,4,8055,1,0.996913449,0.996913449,0.996913449,0
744,037E,2014,1,8056,1,0.998840694,0.998840694,0.998840694,0
744,037E,2014,2,8057,1,0.99988809,0.99988809,0.99988809,0
744,037E,2014,3,8058,3,1,1,1,0
744,037E,2014,4,8059,1,1,1,1,0
744,037E,2015,2,8061,1,1,1,1,0
745,037G,2003,2,8013,1,0.013312603,0.013312603,0.013312603,0
746,037K,2012,2,8049,1,0.884852705,0.884852705,0.884852705,0
747,037L,2011,3,8046,1,0.013523452,0.013523452,0.013523452,0
748,037M,2018,2,8073,1,7.16e-6,7.16e-6,7.16e-6,0
748,037M,2018,4,8075,2,1.3e-5,1.3e-5,1.3e-5,0
748,037M,2019,2,8077,1,9.77e-5,9.77e-5,9.77e-5,0
748,037M,2019,3,8078,1,3.3e-4,3.3e-4,3.3e-4,0
748,037M,2021,3,8086,1,0.012907169,0.012907169,0.012907169,0
749,037N,2009,4,8039,2,1.27e-10,1.27e-10,1.27e-10,0
749,037N,2010,1,8040,1,2.5e-8,2.5e-8,2.5e-8,0
749,037N,2010,2,8041,1,8.17e-7,8.17e-7,8.17e-7,0
749,037N,2010,3,8042,1,1.51e-6,1.51e-6,1.51e-6,0
749,037N,2010,4,8043,1,2.1e-6,2.1e-6,2.1e-6,0
749,037N,2011,2,8045,1,7.08e-5,7.08e-5,7.08e-5,0
749,037N,2012,1,8048,1,8.93e-4,8.93e-4,8.93e-4,0
749,037N,2013,3,8054,1,0.022670902,0.022670902,0.022670902,0
750,037P,2008,3,8034,1,0.38909859,0.38909859,0.38909859,0
750,037P,2008,4,8035,2,0.39234512,0.39234512,0.39234512,0
750,037P,2009,2,8037,1,0.393928874,0.393928874,0.393928874,0
751,037R,2004,2,8017,1,1.06e-5,1.06e-5,1.06e-5,0
751,037R,2004,3,8018,1,2.4e-5,2.4e-5,2.4e-5,0
751,037R,2004,4,8019,1,6.07e-5,6.07e-5,6.07e-5,0
751,037R,2005,1,8020,1,3.72e-4,3.72e-4,3.72e-4,0
751,037R,2005,2,8021,1,0.001994211,0.001994211,0.001994211,0
751,037R,2005,3,8022,1,0.006494665,0.006494665,0.006494665,0
752,037S,2021,3,8086,1,3.33e-4,3.33e-4,3.33e-4,0
752,037S,2021,4,8087,1,0.001188515,0.001188515,0.001188515,0
753,037V,2015,3,8062,1,0.006208396,0.006208396,0.006208396,0
754,037W,2005,2,8021,1,7.5e-9,7.5e-9,7.5e-9,0
754,037W,2005,3,8022,1,1.63e-8,1.63e-8,1.63e-8,0
754,037W,2006,2,8025,1,1.42e-7,1.42e-7,1.42e-7,0
754,037W,2006,3,8026,1,2.97e-7,2.97e-7,2.97e-7,0
754,037W,2009,2,8037,1,5.1e-5,5.1e-5,5.1e-5,0
754,037W,2010,2,8041,1,4.81e-4,4.81e-4,4.81e-4,0
754,037W,2011,2,8045,1,0.011543333,0.011543333,0.011543333,0
755,037Y,2007,2,8029,1,0.008620108,0.008620108,0.008620108,0
756,037Z,2019,3,8078,1,0.019379451,0.019379451,0.019379451,0
757,038A,2014,3,8058,1,4.38e-6,4.38e-6,4.38e-6,0
757,038A,2014,4,8059,1,6.43e-6,6.43e-6,6.43e-6,0
757,038A,2015,1,8060,1,7.72e-5,7.72e-5,7.72e-5,0
757,038A,2015,2,8061,1,0.001958349,0.001958349,0.001958349,0
758,038B,2006,3,8026,1,2.13e-13,2.13e-13,2.13e-13,0
758,038B,2006,4,8027,2,1.17e-12,1.17e-12,1.17e-12,0
758,038B,2007,2,8029,1,9.41e-12,9.41e-12,9.41e-12,0
758,038B,2007,4,8031,1,1.35e-10,1.35e-10,1.35e-10,0
758,038B,2008,3,8034,1,5.14e-10,5.14e-10,5.14e-10,0
758,038B,2009,3,8038,1,5.28e-9,5.28e-9,5.28e-9,0
758,038B,2010,3,8042,1,1.26e-7,1.26e-7,1.26e-7,0
758,038B,2010,4,8043,2,5.78e-7,5.78e-7,5.78e-7,0
758,038B,2011,2,8045,1,6.16e-4,6.16e-4,6.16e-4,0
758,038B,2011,3,8046,1,0.003139632,0.003139632,0.003139632,0
759,038E,2013,3,8054,1,0.956991481,0.956991481,0.956991481,0
759,038E,2013,4,8055,1,1,1,1,0
759,038E,2014,2,8057,1,1,1,1,0
760,038G,2003,2,8013,1,0.054845668,0.054845668,0.054845668,0
760,038G,2003,3,8014,1,0.125413557,0.125413557,0.125413557,0
761,038K,2012,2,8049,1,0.016947677,0.016947677,0.016947677,0
762,038L,2011,4,8047,1,3.46e-4,3.46e-4,3.46e-4,0
762,038L,2012,1,8048,1,0.001329084,0.001329084,0.001329084,0
762,038L,2012,2,8049,1,0.015079148,0.015079148,0.015079148,0
762,038L,2012,3,8050,1,0.021044314,0.021044314,0.021044314,0
762,038L,2012,4,8051,1,0.065356698,0.065356698,0.065356698,0
763,038M,2018,3,8074,1,0.350440436,0.350440436,0.350440436,0
764,038N,2009,4,8039,1,1e-4,1e-4,1e-4,0
764,038N,2010,1,8040,1,8.37e-4,8.37e-4,8.37e-4,0
764,038N,2010,4,8043,1,0.003296336,0.003296336,0.003296336,0
764,038N,2011,1,8044,1,0.029107653,0.029107653,0.029107653,0
765,038P,2008,3,8034,1,1.77e-5,1.77e-5,1.77e-5,0
765,038P,2008,4,8035,1,8.34e-5,8.34e-5,8.34e-5,0
765,038P,2009,2,8037,1,4.44e-4,4.44e-4,4.44e-4,0
765,038P,2009,3,8038,1,0.003812257,0.003812257,0.003812257,0
765,038P,2010,2,8041,1,0.306421793,0.306421793,0.306421793,0
765,038P,2011,2,8045,1,0.889925594,0.889925594,0.889925594,0
765,038P,2011,3,8046,1,0.948282741,0.948282741,0.948282741,0
766,038R,2004,2,8017,1,3.95e-9,3.95e-9,3.95e-9,0
766,038R,2004,3,8018,1,8.95e-9,8.95e-9,8.95e-9,0
766,038R,2004,4,8019,1,2.26e-8,2.26e-8,2.26e-8,0
766,038R,2005,1,8020,1,1.39e-7,1.39e-7,1.39e-7,0
766,038R,2005,3,8022,1,1.14e-6,1.14e-6,1.14e-6,0
766,038R,2006,2,8025,1,6.75e-6,6.75e-6,6.75e-6,0
766,038R,2007,2,8029,1,3.86e-5,3.86e-5,3.86e-5,0
766,038R,2007,3,8030,1,2.31e-4,2.31e-4,2.31e-4,0
766,038R,2007,4,8031,1,4.19e-4,4.19e-4,4.19e-4,0
766,038R,2008,2,8033,1,0.001634223,0.001634223,0.001634223,0
766,038R,2008,3,8034,1,0.002290899,0.002290899,0.002290899,0
766,038R,2009,2,8037,1,0.005530729,0.005530729,0.005530729,0
767,038S,2021,3,8086,1,6.28e-4,6.28e-4,6.28e-4,0
767,038S,2021,4,8087,1,0.001482943,0.001482943,0.001482943,0
768,038V,2015,3,8062,1,0.735773489,0.735773489,0.735773489,0
769,038W,2005,2,8021,1,1.69e-4,1.69e-4,1.69e-4,0
769,038W,2005,3,8022,1,3.67e-4,3.67e-4,3.67e-4,0
769,038W,2006,1,8024,1,0.001944844,0.001944844,0.001944844,0
769,038W,2006,2,8025,1,0.002220453,0.002220453,0.002220453,0
769,038W,2006,3,8026,1,0.002984336,0.002984336,0.002984336,0
770,038Y,2007,2,8029,1,2.23e-11,2.23e-11,2.23e-11,0
770,038Y,2007,4,8031,1,1.19e-10,1.19e-10,1.19e-10,0
770,038Y,2008,1,8032,1,2.03e-9,2.03e-9,2.03e-9,0
770,038Y,2008,3,8034,1,1.02e-7,1.02e-7,1.02e-7,0
770,038Y,2009,4,8039,1,2.27e-6,2.27e-6,2.27e-6,0
770,038Y,2010,2,8041,1,3.45e-6,3.45e-6,3.45e-6,0
770,038Y,2010,4,8043,1,2.15e-5,2.15e-5,2.15e-5,0
770,038Y,2012,2,8049,1,0.002090091,0.002090091,0.002090091,0
770,038Y,2013,3,8054,1,0.018871489,0.018871489,0.018871489,0
771,038Z,2019,3,8078,1,0.019379451,0.019379451,0.019379451,0
772,039A,2014,3,8058,1,1,1,1,0
772,039A,2015,2,8061,1,1,1,1,0
772,039A,2017,4,8071,1,1,1,1,0
773,039B,2006,3,8026,1,6.03e-10,6.03e-10,6.03e-10,0
773,039B,2006,4,8027,1,3.33e-9,3.33e-9,3.33e-9,0
773,039B,2007,2,8029,1,3.41e-7,3.41e-7,3.41e-7,0
773,039B,2007,4,8031,1,5.5e-6,5.5e-6,5.5e-6,0
773,039B,2008,1,8032,1,1.07e-4,1.07e-4,1.07e-4,0
773,039B,2008,3,8034,1,0.005459572,0.005459572,0.005459572,0
774,039E,2013,3,8054,1,0.018893448,0.018893448,0.018893448,0
775,039G,2003,3,8014,1,1.95e-4,1.95e-4,1.95e-4,0
775,039G,2003,4,8015,1,3.57e-4,3.57e-4,3.57e-4,0
775,039G,2004,1,8016,1,0.001659813,0.001659813,0.001659813,0
775,039G,2005,3,8022,1,0.032419175,0.032419175,0.032419175,0
776,039K,2012,2,8049,1,0.242542648,0.242542648,0.242542648,0
776,039K,2012,4,8051,1,0.985001446,0.985001446,0.985001446,0
776,039K,2013,1,8052,1,0.999415591,0.999415591,0.999415591,0
776,039K,2013,2,8053,1,0.999866804,0.999866804,0.999866804,0
776,039K,2013,3,8054,1,0.999997677,0.999997677,0.999997677,0
776,039K,2013,4,8055,1,0.999999855,0.999999855,0.999999855,0
776,039K,2014,1,8056,1,0.999999949,0.999999949,0.999999949,0
776,039K,2014,2,8057,1,1,1,1,0
776,039K,2014,3,8058,1,1,1,1,0
776,039K,2014,4,8059,1,1,1,1,0
777,039L,2011,4,8047,1,0.013523452,0.013523452,0.013523452,0
778,039M,2018,3,8074,1,0.009400033,0.009400033,0.009400033,0
778,039M,2019,4,8079,1,0.105983631,0.105983631,0.105983631,0
778,039M,2021,2,8085,1,0.114975878,0.114975878,0.114975878,0
779,039N,2009,4,8039,2,1.25e-5,1.25e-5,1.25e-5,0
779,039N,2010,1,8040,1,0.002456398,0.002456398,0.002456398,0
779,039N,2010,2,8041,1,0.006436935,0.006436935,0.006436935,0
779,039N,2013,2,8053,1,0.87100844,0.87100844,0.87100844,0
779,039N,2013,3,8054,1,0.897580929,0.897580929,0.897580929,0
779,039N,2016,3,8066,1,1,1,1,0
780,039P,2008,3,8034,1,1.33e-4,1.33e-4,1.33e-4,0
780,039P,2009,2,8037,1,0.002627107,0.002627107,0.002627107,0
780,039P,2009,4,8039,1,0.004186849,0.004186849,0.004186849,0
781,039R,2004,2,8017,1,0.013775535,0.013775535,0.013775535,0
782,039S,2021,3,8086,1,0.01283606,0.01283606,0.01283606,0
783,039V,2015,3,8062,1,0.007850682,0.007850682,0.007850682,0
783,039V,2015,4,8063,2,0.029804291,0.029804291,0.029804291,0
783,039V,2016,2,8065,1,0.031286276,0.031286276,0.031286276,0
783,039V,2016,3,8066,1,0.035296816,0.035296816,0.035296816,0
783,039V,2017,2,8069,1,0.125539328,0.125539328,0.125539328,0
783,039V,2018,1,8072,1,0.631813869,0.631813869,0.631813869,0
783,039V,2018,2,8073,1,0.980492017,0.980492017,0.980492017,0
783,039V,2018,3,8074,1,1,1,1,0
783,039V,2019,1,8076,1,1,1,1,0
783,039V,2019,2,8077,1,1,1,1,0
784,039W,2005,2,8021,1,6.53e-13,6.53e-13,6.53e-13,0
784,039W,2005,3,8022,2,1.42e-12,1.42e-12,1.42e-12,0
784,039W,2006,1,8024,1,2.75e-12,2.75e-12,2.75e-12,0
784,039W,2006,2,8025,1,7.32e-12,7.32e-12,7.32e-12,0
784,039W,2006,3,8026,1,2e-11,2e-11,2e-11,0
784,039W,2006,4,8027,1,2.34e-10,2.34e-10,2.34e-10,0
784,039W,2007,2,8029,1,2.68e-8,2.68e-8,2.68e-8,0
784,039W,2007,3,8030,1,2.75e-7,2.75e-7,2.75e-7,0
784,039W,2008,2,8033,1,2.21e-5,2.21e-5,2.21e-5,0
784,039W,2010,2,8041,1,0.001372705,0.001372705,0.001372705,0
784,039W,2011,2,8045,1,0.002349143,0.002349143,0.002349143,0
784,039W,2011,3,8046,1,0.004868301,0.004868301,0.004868301,0
785,039Y,2007,2,8029,1,9.75e-6,9.75e-6,9.75e-6,0
785,039Y,2007,3,8030,1,3.56e-5,3.56e-5,3.56e-5,0
785,039Y,2007,4,8031,1,4.72e-4,4.72e-4,4.72e-4,0
785,039Y,2008,1,8032,1,0.001600134,0.001600134,0.001600134,0
786,039Z,2019,3,8078,1,0.019379451,0.019379451,0.019379451,0
787,040A,2014,3,8058,1,4.17e-4,4.17e-4,4.17e-4,0
787,040A,2015,2,8061,1,0.00485588,0.00485588,0.00485588,0
788,040B,2006,3,8026,1,0.001467285,0.001467285,0.001467285,0
788,040B,2006,4,8027,1,0.008088074,0.008088074,0.008088074,0
788,040B,2008,2,8033,1,0.113778185,0.113778185,0.113778185,0
789,040E,2013,3,8054,1,1.48e-4,1.48e-4,1.48e-4,0
789,040E,2013,4,8055,1,3.19e-4,3.19e-4,3.19e-4,0
789,040E,2014,1,8056,1,0.003613176,0.003613176,0.003613176,0
790,040G,2003,3,8014,1,0.013312603,0.013312603,0.013312603,0
791,040K,2012,2,8049,1,0.229518952,0.229518952,0.229518952,0
792,040L,2011,1,8044,1,0.999999998,0.999999998,0.999999998,0
792,040L,2011,4,8047,1,1,1,1,0
792,040L,2012,2,8049,1,1,1,1,0
792,040L,2012,3,8050,2,1,1,1,0
792,040L,2013,1,8052,1,1,1,1,0
792,040L,2013,2,8053,1,1,1,1,0
792,040L,2013,3,8054,2,1,1,1,0
792,040L,2013,4,8055,1,1,1,1,0
793,040M,2018,3,8074,1,1.5e-5,1.5e-5,1.5e-5,0
793,040M,2018,4,8075,1,4.01e-5,4.01e-5,4.01e-5,0
793,040M,2019,4,8079,1,0.001030333,0.001030333,0.001030333,0
793,040M,2020,3,8082,1,0.006382072,0.006382072,0.006382072,0
794,040N,2009,4,8039,2,4.85e-6,4.85e-6,4.85e-6,0
794,040N,2010,1,8040,1,9.52e-4,9.52e-4,9.52e-4,0
794,040N,2010,2,8041,1,0.002494143,0.002494143,0.002494143,0
795,040P,2008,3,8034,1,0.002317736,0.002317736,0.002317736,0
795,040P,2008,4,8035,2,0.010937742,0.010937742,0.010937742,0
796,040R,2004,2,8017,1,8.69e-13,8.69e-13,8.69e-13,0
796,040R,2004,3,8018,1,1.97e-12,1.97e-12,1.97e-12,0
796,040R,2004,4,8019,1,4.98e-12,4.98e-12,4.98e-12,0
796,040R,2005,1,8020,1,3.05e-11,3.05e-11,3.05e-11,0
796,040R,2005,2,8021,1,1.64e-10,1.64e-10,1.64e-10,0
796,040R,2005,3,8022,1,1.83e-10,1.83e-10,1.83e-10,0
796,040R,2006,3,8026,1,5.3e-10,5.3e-10,5.3e-10,0
796,040R,2007,2,8029,1,7.97e-9,7.97e-9,7.97e-9,0
796,040R,2007,3,8030,1,1.13e-8,1.13e-8,1.13e-8,0
796,040R,2007,4,8031,1,6.73e-8,6.73e-8,6.73e-8,0
796,040R,2008,2,8033,1,4.3e-7,4.3e-7,4.3e-7,0
796,040R,2008,3,8034,1,3.81e-6,3.81e-6,3.81e-6,0
796,040R,2009,2,8037,1,2.92e-4,2.92e-4,2.92e-4,0
796,040R,2009,4,8039,1,0.001855579,0.001855579,0.001855579,0
797,040S,2021,4,8087,1,0.001739239,0.001739239,0.001739239,0
797,040S,2022,2,8089,1,0.005324144,0.005324144,0.005324144,0
798,040V,2015,3,8062,1,0.168220769,0.168220769,0.168220769,0
798,040V,2015,4,8063,2,0.638632507,0.638632507,0.638632507,0
798,040V,2016,2,8065,1,0.644819949,0.644819949,0.644819949,0
798,040V,2016,3,8066,1,0.645789001,0.645789001,0.645789001,0
799,040W,2005,2,8021,1,2.12e-4,2.12e-4,2.12e-4,0
799,040W,2005,3,8022,2,4.61e-4,4.61e-4,4.61e-4,0
799,040W,2005,4,8023,1,0.003377886,0.003377886,0.003377886,0
800,040Y,2007,2,8029,1,2.19e-4,2.19e-4,2.19e-4,0
800,040Y,2007,3,8030,1,8e-4,8e-4,8e-4,0
800,040Y,2008,2,8033,1,0.003410784,0.003410784,0.003410784,0
800,040Y,2009,2,8037,1,0.007649681,0.007649681,0.007649681,0
801,040Z,2019,3,8078,1,2.84e-6,2.84e-6,2.84e-6,0
801,040Z,2019,4,8079,1,8.75e-6,8.75e-6,8.75e-6,0
801,040Z,2020,3,8082,1,2.3e-4,2.3e-4,2.3e-4,0
801,040Z,2020,4,8083,1,5.16e-4,5.16e-4,5.16e-4,0
801,040Z,2021,2,8085,1,0.008929101,0.008929101,0.008929101,0
801,040Z,2021,3,8086,1,0.013444931,0.013444931,0.013444931,0
801,040Z,2021,4,8087,1,0.017761043,0.017761043,0.017761043,0
802,041A,2014,3,8058,1,0.008363962,0.008363962,0.008363962,0
803,041B,2006,3,8026,1,0.002123261,0.002123261,0.002123261,0
803,041B,2006,4,8027,1,0.011703988,0.011703988,0.011703988,0
804,041E,2013,3,8054,1,0.0055542330000000004,0.0055542330000000004,0.0055542330000000004,0
804,041E,2014,1,8056,1,0.022533102,0.022533102,0.022533102,0
804,041E,2014,3,8058,1,0.264727477,0.264727477,0.264727477,0
805,041G,2003,3,8014,1,1.27e-4,1.27e-4,1.27e-4,0
805,041G,2003,4,8015,1,2.33e-4,2.33e-4,2.33e-4,0
805,041G,2004,1,8016,1,0.001081662,0.001081662,0.001081662,0
805,041G,2011,3,8046,1,0.090778581,0.090778581,0.090778581,0
806,041K,2012,2,8049,1,0.016947677,0.016947677,0.016947677,0
807,041L,2011,4,8047,1,5.23e-7,5.23e-7,5.23e-7,0
807,041L,2012,2,8049,1,3.77e-6,3.77e-6,3.77e-6,0
807,041L,2012,3,8050,2,1.7e-5,1.7e-5,1.7e-5,0
807,041L,2013,2,8053,1,0.005984325,0.005984325,0.005984325,0
807,041L,2013,3,8054,2,0.02552977,0.02552977,0.02552977,0
807,041L,2014,3,8058,1,0.411064554,0.411064554,0.411064554,0
807,041L,2017,2,8069,1,0.515863421,0.515863421,0.515863421,0
808,041M,2018,3,8074,1,5.48e-4,5.48e-4,5.48e-4,0
808,041M,2018,4,8075,1,0.001457556,0.001457556,0.001457556,0
808,041M,2019,3,8078,1,0.032275073,0.032275073,0.032275073,0
809,041N,2009,4,8039,2,1.42e-7,1.42e-7,1.42e-7,0
809,041N,2010,1,8040,1,2.77e-5,2.77e-5,2.77e-5,0
809,041N,2010,2,8041,1,7.27e-5,7.27e-5,7.27e-5,0
809,041N,2010,4,8043,2,1.37e-4,1.37e-4,1.37e-4,0
810,041P,2008,3,8034,1,1.2e-4,1.2e-4,1.2e-4,0
810,041P,2008,4,8035,2,5.64e-4,5.64e-4,5.64e-4,0
811,041R,2004,2,8017,1,0.014782544,0.014782544,0.014782544,0
811,041R,2005,2,8021,1,0.097756606,0.097756606,0.097756606,0
811,041R,2005,3,8022,1,0.101825225,0.101825225,0.101825225,0
812,041S,2021,4,8087,1,0.183460542,0.183460542,0.183460542,0
813,041V,2015,3,8062,1,6.06e-4,6.06e-4,6.06e-4,0
813,041V,2015,4,8063,1,0.002301724,0.002301724,0.002301724,0
813,041V,2016,2,8065,1,0.117663394,0.117663394,0.117663394,0
814,041W,2005,2,8021,1,2.09e-11,2.09e-11,2.09e-11,0
814,041W,2005,3,8022,2,4.54e-11,4.54e-11,4.54e-11,0
814,041W,2006,1,8024,1,8.82e-10,8.82e-10,8.82e-10,0
814,041W,2006,3,8026,1,5.59e-9,5.59e-9,5.59e-9,0
814,041W,2007,2,8029,1,1.83e-7,1.83e-7,1.83e-7,0
814,041W,2007,3,8030,1,1.55e-6,1.55e-6,1.55e-6,0
814,041W,2007,4,8031,1,2.46e-5,2.46e-5,2.46e-5,0
814,041W,2008,2,8033,1,0.002605209,0.002605209,0.002605209,0
815,041Y,2007,2,8029,1,0.149296539,0.149296539,0.149296539,0
815,041Y,2007,4,8031,1,0.18676828,0.18676828,0.18676828,0
815,041Y,2008,1,8032,1,0.925114227,0.925114227,0.925114227,0
815,041Y,2008,2,8033,1,0.99494687,0.99494687,0.99494687,0
815,041Y,2008,3,8034,1,0.998470622,0.998470622,0.998470622,0
815,041Y,2010,2,8041,1,0.999978836,0.999978836,0.999978836,0
816,041Z,2019,3,8078,1,0.019379451,0.019379451,0.019379451,0
817,042A,2014,3,8058,1,2.98e-8,2.98e-8,2.98e-8,0
817,042A,2014,4,8059,1,4.38e-8,4.38e-8,4.38e-8,0
817,042A,2015,1,8060,1,4.74e-8,4.74e-8,4.74e-8,0
817,042A,2015,2,8061,1,1.44e-7,1.44e-7,1.44e-7,0
817,042A,2015,3,8062,1,1.52e-6,1.52e-6,1.52e-6,0
817,042A,2016,3,8066,1,1.01e-4,1.01e-4,1.01e-4,0
817,042A,2016,4,8067,1,2.04e-4,2.04e-4,2.04e-4,0
817,042A,2017,1,8068,1,0.001481069,0.001481069,0.001481069,0
817,042A,2017,3,8070,2,0.002614031,0.002614031,0.002614031,0
817,042A,2018,2,8073,1,0.076849852,0.076849852,0.076849852,0
817,042A,2019,3,8078,1,0.780612528,0.780612528,0.780612528,0
817,042A,2020,3,8082,1,0.81889182,0.81889182,0.81889182,0
817,042A,2021,2,8085,1,0.830449374,0.830449374,0.830449374,0
817,042A,2021,3,8086,1,0.83073426,0.83073426,0.83073426,0
817,042A,2021,4,8087,1,0.832131693,0.832131693,0.832131693,0
817,042A,2022,2,8089,1,0.840655159,0.840655159,0.840655159,0
817,042A,2023,2,8093,1,0.893615316,0.893615316,0.893615316,0
817,042A,2023,3,8094,1,0.911067651,0.911067651,0.911067651,0
817,042A,2024,2,8097,1,0.934494413,0.934494413,0.934494413,0
818,042B,2006,3,8026,1,1.1e-4,1.1e-4,1.1e-4,0
818,042B,2006,4,8027,1,6.04e-4,6.04e-4,6.04e-4,0
819,042E,2013,3,8054,1,8.61e-9,8.61e-9,8.61e-9,0
819,042E,2013,4,8055,1,1.86e-8,1.86e-8,1.86e-8,0
819,042E,2014,2,8057,1,4.4e-7,4.4e-7,4.4e-7,0
819,042E,2014,3,8058,1,3.68e-6,3.68e-6,3.68e-6,0
819,042E,2015,1,8060,1,1.2e-4,1.2e-4,1.2e-4,0
819,042E,2015,2,8061,1,0.002000936,0.002000936,0.002000936,0
820,042G,2003,3,8014,1,2.39e-12,2.39e-12,2.39e-12,0
820,042G,2003,4,8015,1,4.38e-12,4.38e-12,4.38e-12,0
820,042G,2004,1,8016,1,2.04e-11,2.04e-11,2.04e-11,0
820,042G,2004,2,8017,1,1.04e-10,1.04e-10,1.04e-10,0
820,042G,2007,2,8029,1,3.15e-9,3.15e-9,3.15e-9,0
820,042G,2007,4,8031,1,1.32e-8,1.32e-8,1.32e-8,0
820,042G,2008,3,8034,1,6.06e-7,6.06e-7,6.06e-7,0
820,042G,2009,2,8037,1,1.38e-5,1.38e-5,1.38e-5,0
820,042G,2010,4,8043,1,6.01e-4,6.01e-4,6.01e-4,0
820,042G,2011,2,8045,1,0.007589863,0.007589863,0.007589863,0
821,042K,2012,3,8050,1,0.307828052,0.307828052,0.307828052,0
822,042M,2018,3,8074,2,1.09e-4,1.09e-4,1.09e-4,0
822,042M,2019,3,8078,1,0.007656228,0.007656228,0.007656228,0
823,042N,2009,4,8039,1,0.004296131,0.004296131,0.004296131,0
824,042P,2008,3,8034,1,2.7e-4,2.7e-4,2.7e-4,0
824,042P,2008,4,8035,2,0.001273875,0.001273875,0.001273875,0
825,042R,2004,2,8017,1,1.52e-4,1.52e-4,1.52e-4,0
825,042R,2004,3,8018,1,1.61e-4,1.61e-4,1.61e-4,0
825,042R,2004,4,8019,1,1.88e-4,1.88e-4,1.88e-4,0
825,042R,2005,2,8021,1,6.92e-4,6.92e-4,6.92e-4,0
825,042R,2005,3,8022,1,7.31e-4,7.31e-4,7.31e-4,0
825,042R,2006,2,8025,1,0.001291964,0.001291964,0.001291964,0
825,042R,2007,2,8029,1,0.001454674,0.001454674,0.001454674,0
825,042R,2008,3,8034,1,0.0066224,0.0066224,0.0066224,0
826,042V,2015,3,8062,1,6.08e-4,6.08e-4,6.08e-4,0
826,042V,2016,3,8066,1,0.009392204,0.009392204,0.009392204,0
826,042V,2017,2,8069,1,0.011804302,0.011804302,0.011804302,0
826,042V,2018,2,8073,1,0.031596199,0.031596199,0.031596199,0
826,042V,2019,4,8079,1,0.185466217,0.185466217,0.185466217,0
827,042W,2005,2,8021,1,0.0096654,0.0096654,0.0096654,0
827,042W,2005,3,8022,2,0.020993994,0.020993994,0.020993994,0
827,042W,2006,1,8024,1,0.040773484,0.040773484,0.040773484,0
827,042W,2006,2,8025,1,0.108417998,0.108417998,0.108417998,0
827,042W,2007,2,8029,1,0.974025968,0.974025968,0.974025968,0
828,042Y,2007,2,8029,1,0.629990342,0.629990342,0.629990342,0
828,042Y,2007,4,8031,1,0.788110783,0.788110783,0.788110783,0
829,042Z,2019,3,8078,1,0.019379451,0.019379451,0.019379451,0
830,043A,2014,3,8058,1,1.2e-10,1.2e-10,1.2e-10,0
830,043A,2014,4,8059,1,1.3100000000000001e-10,1.3100000000000001e-10,1.3100000000000001e-10,0
830,043A,2015,1,8060,1,2.06e-10,2.06e-10,2.06e-10,0
830,043A,2015,2,8061,1,2.83e-10,2.83e-10,2.83e-10,0
830,043A,2015,3,8062,1,1.38e-9,1.38e-9,1.38e-9,0
830,043A,2016,1,8064,1,3.82e-8,3.82e-8,3.82e-8,0
830,043A,2016,2,8065,1,2.37e-7,2.37e-7,2.37e-7,0
830,043A,2016,3,8066,1,1.22e-6,1.22e-6,1.22e-6,0
830,043A,2017,1,8068,1,1.38e-5,1.38e-5,1.38e-5,0
830,043A,2018,2,8073,1,2.67e-4,2.67e-4,2.67e-4,0
830,043A,2018,3,8074,1,5.52e-4,5.52e-4,5.52e-4,0
830,043A,2019,3,8078,1,0.008095035,0.008095035,0.008095035,0
831,043B,2006,3,8026,1,8.1e-5,8.1e-5,8.1e-5,0
831,043B,2006,4,8027,2,4.46e-4,4.46e-4,4.46e-4,0
832,043E,2013,3,8054,1,0.895657074,0.895657074,0.895657074,0
833,043G,2003,3,8014,1,0.003164276,0.003164276,0.003164276,0
833,043G,2003,4,8015,1,0.005811215,0.005811215,0.005811215,0
834,043K,2012,3,8050,1,0.016947677,0.016947677,0.016947677,0
835,043M,2018,3,8074,2,1.05e-4,1.05e-4,1.05e-4,0
835,043M,2018,4,8075,1,0.001439867,0.001439867,0.001439867,0
836,043N,2009,4,8039,1,0.004296131,0.004296131,0.004296131,0
837,043P,2008,3,8034,1,9.39e-10,9.39e-10,9.39e-10,0
837,043P,2008,4,8035,2,4.43e-9,4.43e-9,4.43e-9,0
837,043P,2009,2,8037,1,9.97e-6,9.97e-6,9.97e-6,0
837,043P,2009,3,8038,1,1.47e-5,1.47e-5,1.47e-5,0
837,043P,2010,2,8041,1,3.65e-5,3.65e-5,3.65e-5,0
837,043P,2010,3,8042,1,4.6e-5,4.6e-5,4.6e-5,0
837,043P,2011,3,8046,1,0.001152235,0.001152235,0.001152235,0
837,043P,2012,3,8050,1,0.013863063,0.013863063,0.013863063,0
838,043R,2004,2,8017,1,0.003291664,0.003291664,0.003291664,0
838,043R,2004,3,8018,1,0.007454122,0.007454122,0.007454122,0
839,043V,2015,3,8062,1,1.55e-12,1.55e-12,1.55e-12,0
839,043V,2016,1,8064,1,1.96e-12,1.96e-12,1.96e-12,0
839,043V,2016,2,8065,1,2.08e-12,2.08e-12,2.08e-12,0
839,043V,2016,3,8066,1,2.7e-12,2.7e-12,2.7e-12,0
839,043V,2016,4,8067,1,5.72e-12,5.72e-12,5.72e-12,0
839,043V,2017,1,8068,2,4.34e-11,4.34e-11,4.34e-11,0
839,043V,2017,2,8069,1,2.72e-9,2.72e-9,2.72e-9,0
839,043V,2017,3,8070,1,1.6e-8,1.6e-8,1.6e-8,0
839,043V,2017,4,8071,1,8.06e-8,8.06e-8,8.06e-8,0
839,043V,2018,1,8072,1,8.52e-7,8.52e-7,8.52e-7,0
839,043V,2018,2,8073,1,8.06e-6,8.06e-6,8.06e-6,0
839,043V,2018,3,8074,2,4.38e-5,4.38e-5,4.38e-5,0
839,043V,2018,4,8075,1,0.001378641,0.001378641,0.001378641,0
840,043W,2005,2,8021,1,2.6200000000000003e-10,2.6200000000000003e-10,2.6200000000000003e-10,0
840,043W,2005,3,8022,2,5.69e-10,5.69e-10,5.69e-10,0
840,043W,2006,1,8024,1,1.1e-9,1.1e-9,1.1e-9,0
840,043W,2007,4,8031,1,1.04e-8,1.04e-8,1.04e-8,0
840,043W,2008,3,8034,1,1.3e-7,1.3e-7,1.3e-7,0
840,043W,2008,4,8035,1,1.61e-7,1.61e-7,1.61e-7,0
840,043W,2009,2,8037,1,3.5e-7,3.5e-7,3.5e-7,0
840,043W,2009,3,8038,1,2.12e-6,2.12e-6,2.12e-6,0
840,043W,2010,2,8041,1,1.61e-4,1.61e-4,1.61e-4,0
840,043W,2011,2,8045,1,4.67e-4,4.67e-4,4.67e-4,0
840,043W,2011,3,8046,2,0.001256797,0.001256797,0.001256797,0
840,043W,2011,4,8047,1,0.005253961,0.005253961,0.005253961,0
840,043W,2012,3,8050,2,0.285781875,0.285781875,0.285781875,0
840,043W,2013,2,8053,1,0.394768351,0.394768351,0.394768351,0
841,043Y,2007,3,8030,1,1.45e-5,1.45e-5,1.45e-5,0
841,043Y,2007,4,8031,1,7.12e-5,7.12e-5,7.12e-5,0
841,043Y,2008,1,8032,1,2.18e-4,2.18e-4,2.18e-4,0
841,043Y,2008,2,8033,1,4.58e-4,4.58e-4,4.58e-4,0
841,043Y,2008,3,8034,1,0.004550628,0.004550628,0.004550628,0
841,043Y,2010,2,8041,1,0.785424882,0.785424882,0.785424882,0
842,043Z,2019,3,8078,1,0.019379451,0.019379451,0.019379451,0
843,044A,2014,3,8058,1,9.3e-5,9.3e-5,9.3e-5,0
843,044A,2014,4,8059,1,1.37e-4,1.37e-4,1.37e-4,0
843,044A,2015,1,8060,1,0.001640055,0.001640055,0.001640055,0
844,044B,2006,3,8026,1,0.002123261,0.002123261,0.002123261,0
844,044B,2006,4,8027,1,0.011703988,0.011703988,0.011703988,0
845,044E,2013,3,8054,1,0.026558298,0.026558298,0.026558298,0
845,044E,2014,2,8057,1,0.167902433,0.167902433,0.167902433,0
845,044E,2015,2,8061,1,0.798533235,0.798533235,0.798533235,0
845,044E,2015,3,8062,1,0.804793622,0.804793622,0.804793622,0
846,044G,2003,3,8014,1,0.008230049,0.008230049,0.008230049,0
846,044G,2003,4,8015,1,0.015114542,0.015114542,0.015114542,0
846,044G,2005,3,8022,1,0.373791367,0.373791367,0.373791367,0
846,044G,2006,2,8025,1,0.405456105,0.405456105,0.405456105,0
846,044G,2009,2,8037,1,0.924599707,0.924599707,0.924599707,0
847,044K,2012,3,8050,1,0.999999935,0.999999935,0.999999935,0
848,044M,2018,3,8074,1,0.004143893,0.004143893,0.004143893,0
848,044M,2019,3,8078,1,0.041552809,0.041552809,0.041552809,0
849,044N,2009,4,8039,1,0.00320149,0.00320149,0.00320149,0
849,044N,2010,1,8040,1,0.026744254,0.026744254,0.026744254,0
850,044P,2008,3,8034,1,1.77e-16,1.77e-16,1.77e-16,0
850,044P,2008,4,8035,2,8.34e-16,8.34e-16,8.34e-16,0
850,044P,2009,2,8037,1,1.88e-12,1.88e-12,1.88e-12,0
850,044P,2009,3,8038,1,1.94e-11,1.94e-11,1.94e-11,0
850,044P,2009,4,8039,2,3.15e-10,3.15e-10,3.15e-10,0
850,044P,2010,2,8041,1,8.99e-7,8.99e-7,8.99e-7,0
850,044P,2010,3,8042,1,9.26e-6,9.26e-6,9.26e-6,0
850,044P,2011,2,8045,1,7.66e-4,7.66e-4,7.66e-4,0
850,044P,2011,3,8046,1,0.003288659,0.003288659,0.003288659,0
851,044R,2004,2,8017,1,0.004167029,0.004167029,0.004167029,0
851,044R,2004,3,8018,1,0.009436426,0.009436426,0.009436426,0
851,044R,2005,1,8020,1,0.052415207,0.052415207,0.052415207,0
851,044R,2005,3,8022,2,0.297533545,0.297533545,0.297533545,0
851,044R,2007,2,8029,1,1,1,1,0
852,044V,2015,3,8062,1,0.735773489,0.735773489,0.735773489,0
853,044W,2005,2,8021,1,0.004119238,0.004119238,0.004119238,0
853,044W,2005,3,8022,2,0.008947302,0.008947302,0.008947302,0
853,044W,2005,4,8023,1,0.011839594,0.011839594,0.011839594,0
854,044Y,2007,3,8030,1,0.813812547,0.813812547,0.813812547,0
854,044Y,2007,4,8031,1,0.997464833,0.997464833,0.997464833,0
854,044Y,2008,2,8033,1,0.999816842,0.999816842,0.999816842,0
854,044Y,2009,2,8037,1,1,1,1,0
854,044Y,2010,2,8041,1,1,1,1,0
855,044Z,2019,3,8078,1,0.00409985,0.00409985,0.00409985,0
855,044Z,2020,3,8082,1,0.013900442,0.013900442,0.013900442,0
855,044Z,2020,4,8083,1,0.024459086,0.024459086,0.024459086,0
855,044Z,2021,3,8086,1,0.048868975,0.048868975,0.048868975,0
856,045A,2014,3,8058,1,9e-12,9e-12,9e-12,0
856,045A,2014,4,8059,1,3.07e-11,3.07e-11,3.07e-11,0
856,045A,2015,2,8061,1,1.67e-9,1.67e-9,1.67e-9,0
856,045A,2015,3,8062,1,1.44e-8,1.44e-8,1.44e-8,0
856,045A,2016,1,8064,1,4.42e-7,4.42e-7,4.42e-7,0
856,045A,2016,2,8065,1,2.75e-6,2.75e-6,2.75e-6,0
856,045A,2016,3,8066,1,1.41e-5,1.41e-5,1.41e-5,0
856,045A,2016,4,8067,1,6.96e-5,6.96e-5,6.96e-5,0
856,045A,2017,3,8070,1,0.002148781,0.002148781,0.002148781,0
856,045A,2018,2,8073,1,0.004466891,0.004466891,0.004466891,0
856,045A,2018,3,8074,1,0.005423897,0.005423897,0.005423897,0
856,045A,2019,3,8078,2,0.030830587,0.030830587,0.030830587,0
857,045B,2006,3,8026,1,3.54e-8,3.54e-8,3.54e-8,0
857,045B,2006,4,8027,1,1.95e-7,1.95e-7,1.95e-7,0
857,045B,2007,2,8029,1,1.21e-6,1.21e-6,1.21e-6,0
857,045B,2008,2,8033,1,4.21e-5,4.21e-5,4.21e-5,0
857,045B,2011,3,8046,1,2.19e-4,2.19e-4,2.19e-4,0
857,045B,2013,2,8053,1,0.001256848,0.001256848,0.001256848,0
857,045B,2014,2,8057,1,0.006808861,0.006808861,0.006808861,0
857,045B,2015,3,8062,1,0.120240957,0.120240957,0.120240957,0
858,045E,2013,3,8054,1,0.021344826,0.021344826,0.021344826,0
858,045E,2015,1,8060,1,0.21586216,0.21586216,0.21586216,0
859,045G,2003,3,8014,1,7.69e-4,7.69e-4,7.69e-4,0
859,045G,2003,4,8015,1,0.00141259,0.00141259,0.00141259,0
859,045G,2004,2,8017,1,0.012840366,0.012840366,0.012840366,0
860,045K,2012,3,8050,1,0.229518952,0.229518952,0.229518952,0
861,045M,2018,3,8074,1,1.45e-5,1.45e-5,1.45e-5,0
861,045M,2018,4,8075,1,3.86e-5,3.86e-5,3.86e-5,0
861,045M,2019,3,8078,1,8.56e-4,8.56e-4,8.56e-4,0
861,045M,2019,4,8079,1,0.001912966,0.001912966,0.001912966,0
862,045N,2009,4,8039,1,0.004296131,0.004296131,0.004296131,0
863,045P,2008,3,8034,1,1.87e-9,1.87e-9,1.87e-9,0
863,045P,2008,4,8035,1,8.84e-9,8.84e-9,8.84e-9,0
863,045P,2009,2,8037,1,4.71e-8,4.71e-8,4.71e-8,0
863,045P,2009,4,8039,1,6.31e-7,6.31e-7,6.31e-7,0
863,045P,2010,2,8041,1,2.67e-5,2.67e-5,2.67e-5,0
863,045P,2010,3,8042,1,1.34e-4,1.34e-4,1.34e-4,0
863,045P,2012,2,8049,1,0.022106825,0.022106825,0.022106825,0
864,045R,2004,3,8018,1,8.33e-8,8.33e-8,8.33e-8,0
864,045R,2004,4,8019,1,1.52e-7,1.52e-7,1.52e-7,0
864,045R,2009,2,8037,1,9.27e-6,9.27e-6,9.27e-6,0
864,045R,2010,2,8041,1,5.51e-5,5.51e-5,5.51e-5,0
864,045R,2011,2,8045,1,1.23e-4,1.23e-4,1.23e-4,0
864,045R,2012,2,8049,1,9.07e-4,9.07e-4,9.07e-4,0
864,045R,2014,4,8059,1,0.019055643,0.019055643,0.019055643,0
865,045V,2015,3,8062,1,2.08e-6,2.08e-6,2.08e-6,0
865,045V,2015,4,8063,1,7.88e-6,7.88e-6,7.88e-6,0
865,045V,2016,2,8065,1,1.44e-4,1.44e-4,1.44e-4,0
865,045V,2016,3,8066,1,5.13e-4,5.13e-4,5.13e-4,0
865,045V,2017,1,8068,1,0.005246149,0.005246149,0.005246149,0
866,045W,2005,2,8021,1,0.46038877,0.46038877,0.46038877,0
866,045W,2005,3,8022,1,0.999999867,0.999999867,0.999999867,0
867,045Y,2007,3,8030,1,1e-9,1e-9,1e-9,0
867,045Y,2008,3,8034,1,2.72e-8,2.72e-8,2.72e-8,0
867,045Y,2008,4,8035,1,1.25e-7,1.25e-7,1.25e-7,0
867,045Y,2009,3,8038,1,1.43e-5,1.43e-5,1.43e-5,0
867,045Y,2010,2,8041,1,3.46e-4,3.46e-4,3.46e-4,0
867,045Y,2011,2,8045,1,0.011410194,0.011410194,0.011410194,0
868,045Z,2019,4,8079,2,5.04e-4,5.04e-4,5.04e-4,0
869,046A,2014,3,8058,1,2.77e-11,2.77e-11,2.77e-11,0
869,046A,2014,4,8059,1,9.42e-11,9.42e-11,9.42e-11,0
869,046A,2015,2,8061,1,5.14e-9,5.14e-9,5.14e-9,0
869,046A,2015,3,8062,1,4.43e-8,4.43e-8,4.43e-8,0
869,046A,2016,2,8065,1,2.29e-6,2.29e-6,2.29e-6,0
869,046A,2016,3,8066,1,6.86e-6,6.86e-6,6.86e-6,0
869,046A,2016,4,8067,1,2.92e-5,2.92e-5,2.92e-5,0
869,046A,2017,3,8070,1,8.65e-4,8.65e-4,8.65e-4,0
869,046A,2017,4,8071,1,0.001934761,0.001934761,0.001934761,0
869,046A,2018,2,8073,1,0.030312893,0.030312893,0.030312893,0
870,046B,2006,3,8026,1,5.09e-6,5.09e-6,5.09e-6,0
870,046B,2008,3,8034,1,3.34e-4,3.34e-4,3.34e-4,0
870,046B,2008,4,8035,1,9.37e-4,9.37e-4,9.37e-4,0
871,046E,2013,3,8054,1,0.002106326,0.002106326,0.002106326,0
871,046E,2014,1,8056,1,0.008545206,0.008545206,0.008545206,0
871,046E,2014,2,8057,1,0.010717421,0.010717421,0.010717421,0
872,046G,2003,3,8014,1,0.013312603,0.013312603,0.013312603,0
873,046K,2012,3,8050,1,0.016947677,0.016947677,0.016947677,0
874,046M,2018,3,8074,2,3.06e-9,3.06e-9,3.06e-9,0
874,046M,2018,4,8075,3,4.2e-8,4.2e-8,4.2e-8,0
874,046M,2019,2,8077,1,1.11e-5,1.11e-5,1.11e-5,0
874,046M,2019,3,8078,1,4.13e-5,4.13e-5,4.13e-5,0
874,046M,2019,4,8079,1,7.02e-5,7.02e-5,7.02e-5,0
874,046M,2020,1,8080,1,7.42e-5,7.42e-5,7.42e-5,0
874,046M,2020,3,8082,1,1.36e-4,1.36e-4,1.36e-4,0
874,046M,2020,4,8083,2,2.57e-4,2.57e-4,2.57e-4,0
875,046N,2009,4,8039,1,0.077907588,0.077907588,0.077907588,0
876,046P,2008,3,8034,1,0.838739008,0.838739008,0.838739008,0
876,046P,2008,4,8035,1,0.998037725,0.998037725,0.998037725,0
876,046P,2009,2,8037,1,1,1,1,0
876,046P,2009,4,8039,1,1,1,1,0
876,046P,2010,1,8040,1,1,1,1,0
876,046P,2010,2,8041,2,1,1,1,0
876,046P,2010,3,8042,1,1,1,1,0
876,046P,2011,2,8045,2,1,1,1,0
876,046P,2011,3,8046,1,1,1,1,0
876,046P,2012,2,8049,1,1,1,1,0
876,046P,2013,3,8054,1,1,1,1,0
877,046R,2004,3,8018,1,0.014688236,0.014688236,0.014688236,0
877,046R,2004,4,8019,2,0.026765143,0.026765143,0.026765143,0
877,046R,2005,2,8021,1,0.999999996,0.999999996,0.999999996,0
878,046V,2015,3,8062,1,0.001562064,0.001562064,0.001562064,0
878,046V,2015,4,8063,1,0.003879912,0.003879912,0.003879912,0
879,046W,2005,2,8021,1,0.999999999,0.999999999,0.999999999,0
879,046W,2005,3,8022,1,1,1,1,0
880,046Y,2007,3,8030,1,0.176151385,0.176151385,0.176151385,0
880,046Y,2007,4,8031,1,0.863031685,0.863031685,0.863031685,0
881,046Z,2019,4,8079,1,9.04e-6,9.04e-6,9.04e-6,0
881,046Z,2020,1,8080,1,3.96e-5,3.96e-5,3.96e-5,0
881,046Z,2020,3,8082,1,5.15e-4,5.15e-4,5.15e-4,0
881,046Z,2020,4,8083,1,0.001434868,0.001434868,0.001434868,0
882,047A,2014,3,8058,1,0.008363962,0.008363962,0.008363962,0
883,047B,2006,3,8026,1,8.6e-5,8.6e-5,8.6e-5,0
883,047B,2006,4,8027,1,4.74e-4,4.74e-4,4.74e-4,0
883,047B,2007,2,8029,1,0.002930672,0.002930672,0.002930672,0
884,047E,2013,3,8054,1,9.77e-7,9.77e-7,9.77e-7,0
884,047E,2013,4,8055,1,2.11e-6,2.11e-6,2.11e-6,0
884,047E,2014,2,8057,1,4.99e-5,4.99e-5,4.99e-5,0
884,047E,2014,4,8059,1,1.67e-4,1.67e-4,1.67e-4,0
884,047E,2015,2,8061,1,0.003607959,0.003607959,0.003607959,0
885,047G,2003,3,8014,1,4.39e-4,4.39e-4,4.39e-4,0
885,047G,2003,4,8015,1,8.06e-4,8.06e-4,8.06e-4,0
885,047G,2004,1,8016,1,0.002108438,0.002108438,0.002108438,0
885,047G,2005,3,8022,1,0.032853977,0.032853977,0.032853977,0
886,047K,2012,3,8050,1,0.884852705,0.884852705,0.884852705,0
887,047M,2018,3,8074,1,8.03e-4,8.03e-4,8.03e-4,0
887,047M,2018,4,8075,1,0.00213641,0.00213641,0.00213641,0
888,047N,2009,4,8039,1,0.004296131,0.004296131,0.004296131,0
889,047P,2008,3,8034,1,0.544928496,0.544928496,0.544928496,0
889,047P,2009,1,8036,1,0.557829387,0.557829387,0.557829387,0
889,047P,2009,2,8037,2,0.557860006,0.557860006,0.557860006,0
889,047P,2009,4,8039,2,0.557862298,0.557862298,0.557862298,0
889,047P,2010,1,8040,1,0.558407797,0.558407797,0.558407797,0
890,047R,2004,3,8018,1,1.04e-5,1.04e-5,1.04e-5,0
890,047R,2004,4,8019,2,1.9e-5,1.9e-5,1.9e-5,0
890,047R,2005,1,8020,1,3.3e-4,3.3e-4,3.3e-4,0
890,047R,2005,2,8021,1,0.001952576,0.001952576,0.001952576,0
890,047R,2005,3,8022,1,0.006453218,0.006453218,0.006453218,0
891,047V,2015,3,8062,1,1.11e-4,1.11e-4,1.11e-4,0
891,047V,2015,4,8063,1,4.22e-4,4.22e-4,4.22e-4,0
891,047V,2016,1,8064,1,0.003723756,0.003723756,0.003723756,0
892,047W,2005,2,8021,1,1.73e-4,1.73e-4,1.73e-4,0
892,047W,2005,3,8022,1,3.75e-4,3.75e-4,3.75e-4,0
892,047W,2007,2,8029,1,7.2e-4,7.2e-4,7.2e-4,0
892,047W,2010,2,8041,1,0.014995471,0.014995471,0.014995471,0
893,047Y,2007,3,8030,1,4.48e-6,4.48e-6,4.48e-6,0
893,047Y,2007,4,8031,1,2.19e-5,2.19e-5,2.19e-5,0
893,047Y,2008,1,8032,1,6.71e-5,6.71e-5,6.71e-5,0
893,047Y,2008,3,8034,1,0.002444095,0.002444095,0.002444095,0
894,048A,2014,3,8058,1,2.04e-10,2.04e-10,2.04e-10,0
894,048A,2014,4,8059,1,6.96e-10,6.96e-10,6.96e-10,0
894,048A,2015,2,8061,1,3.8e-8,3.8e-8,3.8e-8,0
894,048A,2015,3,8062,1,4.92e-8,4.92e-8,4.92e-8,0
894,048A,2016,2,8065,1,6.92e-7,6.92e-7,6.92e-7,0
894,048A,2016,3,8066,1,2e-6,2e-6,2e-6,0
894,048A,2018,2,8073,1,3.45e-5,3.45e-5,3.45e-5,0
894,048A,2018,3,8074,1,6.09e-5,6.09e-5,6.09e-5,0
894,048A,2019,3,8078,1,7.61e-4,7.61e-4,7.61e-4,0
894,048A,2020,3,8082,2,0.001609189,0.001609189,0.001609189,0
895,048B,2006,3,8026,1,2.23e-6,2.23e-6,2.23e-6,0
895,048B,2006,4,8027,1,1.23e-5,1.23e-5,1.23e-5,0
895,048B,2007,2,8029,1,7.59e-5,7.59e-5,7.59e-5,0
895,048B,2007,3,8030,1,6.71e-4,6.71e-4,6.71e-4,0
895,048B,2008,2,8033,1,0.05305192,0.05305192,0.05305192,0
896,048E,2013,3,8054,1,0.018893448,0.018893448,0.018893448,0
897,048G,2003,3,8014,1,0.013312603,0.013312603,0.013312603,0
898,048K,2012,3,8050,1,0.016947677,0.016947677,0.016947677,0
899,048M,2018,3,8074,1,0.004105399,0.004105399,0.004105399,0
899,048M,2018,4,8075,1,0.00543482,0.00543482,0.00543482,0
900,048N,2009,4,8039,1,0.004296131,0.004296131,0.004296131,0
901,048P,2008,3,8034,1,0.002491864,0.002491864,0.002491864,0
901,048P,2008,4,8035,1,0.002965135,0.002965135,0.002965135,0
901,048P,2009,2,8037,1,0.005563744,0.005563744,0.005563744,0
902,048R,2004,3,8018,1,0.004753466,0.004753466,0.004753466,0
902,048R,2004,4,8019,1,0.008661844,0.008661844,0.008661844,0
902,048R,2005,1,8020,1,0.041813403,0.041813403,0.041813403,0
902,048R,2005,2,8021,1,0.214637231,0.214637231,0.214637231,0
902,048R,2005,4,8023,1,0.999999884,0.999999884,0.999999884,0
903,048V,2015,4,8063,1,2.6e-7,2.6e-7,2.6e-7,0
903,048V,2016,3,8066,1,3.34e-6,3.34e-6,3.34e-6,0
903,048V,2016,4,8067,1,7.26e-6,7.26e-6,7.26e-6,0
903,048V,2017,2,8069,1,1.16e-4,1.16e-4,1.16e-4,0
903,048V,2017,3,8070,1,4.1e-4,4.1e-4,4.1e-4,0
903,048V,2018,2,8073,1,0.006840535,0.006840535,0.006840535,0
903,048V,2018,3,8074,1,0.020464416,0.020464416,0.020464416,0
903,048V,2019,1,8076,1,0.184490857,0.184490857,0.184490857,0
903,048V,2019,3,8078,1,0.201522545,0.201522545,0.201522545,0
904,048W,2005,2,8021,1,4.76e-8,4.76e-8,4.76e-8,0
904,048W,2005,3,8022,1,1.03e-7,1.03e-7,1.03e-7,0
904,048W,2006,2,8025,1,9.03e-7,9.03e-7,9.03e-7,0
904,048W,2006,3,8026,1,1.89e-6,1.89e-6,1.89e-6,0
904,048W,2007,2,8029,1,9.62e-5,9.62e-5,9.62e-5,0
904,048W,2008,2,8033,1,0.003234543,0.003234543,0.003234543,0
904,048W,2008,3,8034,1,0.004163745,0.004163745,0.004163745,0
905,048Y,2007,3,8030,1,1.2e-4,1.2e-4,1.2e-4,0
905,048Y,2007,4,8031,1,5.9e-4,5.9e-4,5.9e-4,0
905,048Y,2008,4,8035,1,0.004814281,0.004814281,0.004814281,0
906,049A,2014,3,8058,1,3.85e-7,3.85e-7,3.85e-7,0
906,049A,2015,2,8061,1,4.49e-6,4.49e-6,4.49e-6,0
906,049A,2015,4,8063,1,4.47e-5,4.47e-5,4.47e-5,0
906,049A,2016,2,8065,1,0.001108578,0.001108578,0.001108578,0
906,049A,2017,2,8069,1,0.012465157,0.012465157,0.012465157,0
907,049B,2006,3,8026,1,0.028233667,0.028233667,0.028233667,0
907,049B,2006,4,8027,2,0.155631624,0.155631624,0.155631624,0
907,049B,2007,2,8029,1,0.984613969,0.984613969,0.984613969,0
907,049B,2007,3,8030,1,0.999963426,0.999963426,0.999963426,0
907,049B,2007,4,8031,1,0.999993115,0.999993115,0.999993115,0
907,049B,2008,2,8033,1,0.99999968400000006,0.99999968400000006,0.99999968400000006,0
907,049B,2008,3,8034,1,0.999999822,0.999999822,0.999999822,0
907,049B,2008,4,8035,1,0.999999956,0.999999956,0.999999956,0
907,049B,2009,2,8037,1,0.999999999,0.999999999,0.999999999,0
907,049B,2009,3,8038,1,1,1,1,0
907,049B,2010,2,8041,1,1,1,1,0
907,049B,2011,2,8045,1,1,1,1,0
907,049B,2011,3,8046,1,1,1,1,0
907,049B,2012,3,8050,2,1,1,1,0
907,049B,2013,3,8054,1,1,1,1,0
907,049B,2014,3,8058,1,1,1,1,0
907,049B,2015,2,8061,1,1,1,1,0
908,049E,2013,4,8055,1,1.36e-5,1.36e-5,1.36e-5,0
908,049E,2014,3,8058,1,9.15e-5,9.15e-5,9.15e-5,0
908,049E,2014,4,8059,1,3.73e-4,3.73e-4,3.73e-4,0
908,049E,2015,4,8063,1,0.03399762,0.03399762,0.03399762,0
908,049E,2016,2,8065,1,0.145694364,0.145694364,0.145694364,0
909,049G,2003,3,8014,1,0.013312603,0.013312603,0.013312603,0
910,049K,2012,3,8050,1,0.016947677,0.016947677,0.016947677,0
911,049M,2018,3,8074,1,5.17e-5,5.17e-5,5.17e-5,0
911,049M,2018,4,8075,1,1.38e-4,1.38e-4,1.38e-4,0
911,049M,2019,1,8076,1,1.48e-4,1.48e-4,1.48e-4,0
911,049M,2019,2,8077,1,1.54e-4,1.54e-4,1.54e-4,0
911,049M,2019,3,8078,2,1.84e-4,1.84e-4,1.84e-4,0
911,049M,2020,3,8082,1,0.006629506,0.006629506,0.006629506,0
912,049N,2009,4,8039,1,0.974133975,0.974133975,0.974133975,0
913,049P,2008,3,8034,1,8.39e-11,8.39e-11,8.39e-11,0
913,049P,2009,1,8036,1,9.7e-10,9.7e-10,9.7e-10,0
913,049P,2009,2,8037,2,1.93e-8,1.93e-8,1.93e-8,0
913,049P,2010,1,8040,1,1.24e-6,1.24e-6,1.24e-6,0
913,049P,2010,2,8041,1,1.81e-5,1.81e-5,1.81e-5,0
913,049P,2010,3,8042,1,3.06e-4,3.06e-4,3.06e-4,0
913,049P,2010,4,8043,1,0.005157402,0.005157402,0.005157402,0
913,049P,2011,2,8045,1,0.567578381,0.567578381,0.567578381,0
913,049P,2011,3,8046,1,0.656964141,0.656964141,0.656964141,0
913,049P,2012,3,8050,1,0.836932957,0.836932957,0.836932957,0
913,049P,2013,2,8053,1,0.895957081,0.895957081,0.895957081,0
913,049P,2013,3,8054,1,0.903451479,0.903451479,0.903451479,0
914,049R,2004,3,8018,1,7.99e-4,7.99e-4,7.99e-4,0
914,049R,2004,4,8019,1,0.001455466,0.001455466,0.001455466,0
914,049R,2005,2,8021,1,0.013799092,0.013799092,0.013799092,0
916,049V,2015,4,8063,1,3.01e-7,3.01e-7,3.01e-7,0
916,049V,2016,2,8065,1,2.93e-6,2.93e-6,2.93e-6,0
916,049V,2016,3,8066,1,1e-5,1e-5,1e-5,0
916,049V,2017,2,8069,1,1.7e-4,1.7e-4,1.7e-4,0
916,049V,2018,2,8073,1,0.001483795,0.001483795,0.001483795,0
916,049V,2018,3,8074,1,0.003545175,0.003545175,0.003545175,0
917,049W,2005,2,8021,1,1.12e-10,1.12e-10,1.12e-10,0
917,049W,2005,3,8022,2,2.43e-10,2.43e-10,2.43e-10,0
917,049W,2007,1,8028,1,1.52e-8,1.52e-8,1.52e-8,0
917,049W,2007,3,8030,1,1.8e-7,1.8e-7,1.8e-7,0
917,049W,2009,2,8037,1,1.26e-5,1.26e-5,1.26e-5,0
917,049W,2010,2,8041,2,1.83e-4,1.83e-4,1.83e-4,0
918,049Y,2007,3,8030,1,3.47e-6,3.47e-6,3.47e-6,0
918,049Y,2008,2,8033,1,3.47e-5,3.47e-5,3.47e-5,0
918,049Y,2009,2,8037,1,0.001027534,0.001027534,0.001027534,0
918,049Y,2011,2,8045,1,0.050006478,0.050006478,0.050006478,0
918,049Y,2015,3,8062,1,0.999999984,0.999999984,0.999999984,0
919,050A,2014,3,8058,1,1.99e-7,1.99e-7,1.99e-7,0
919,050A,2014,4,8059,1,2.92e-7,2.92e-7,2.92e-7,0
919,050A,2015,3,8062,1,6.62e-7,6.62e-7,6.62e-7,0
919,050A,2015,4,8063,2,2.01e-6,2.01e-6,2.01e-6,0
919,050A,2016,3,8066,1,9.53e-4,9.53e-4,9.53e-4,0
919,050A,2016,4,8067,1,0.002163631,0.002163631,0.002163631,0
919,050A,2017,3,8070,1,0.047559044,0.047559044,0.047559044,0
920,050B,2006,3,8026,1,0.002864372,0.002864372,0.002864372,0
921,050E,2013,4,8055,1,0.018893448,0.018893448,0.018893448,0
922,050G,2003,3,8014,1,1.44e-16,1.44e-16,1.44e-16,0
922,050G,2003,4,8015,1,2.64e-16,2.64e-16,2.64e-16,0
922,050G,2004,1,8016,1,3.13e-16,3.13e-16,3.13e-16,0
922,050G,2004,2,8017,1,5.69e-16,5.69e-16,5.69e-16,0
922,050G,2006,4,8027,1,7.92e-15,7.92e-15,7.92e-15,0
922,050G,2007,2,8029,1,6.16e-14,6.16e-14,6.16e-14,0
922,050G,2007,4,8031,1,8.83e-13,8.83e-13,8.83e-13,0
922,050G,2008,3,8034,1,4.92e-11,4.92e-11,4.92e-11,0
922,050G,2008,4,8035,1,2.61e-10,2.61e-10,2.61e-10,0
922,050G,2009,2,8037,1,1.58e-9,1.58e-9,1.58e-9,0
922,050G,2009,3,8038,1,1.39e-8,1.39e-8,1.39e-8,0
922,050G,2010,2,8041,1,1.12e-6,1.12e-6,1.12e-6,0
922,050G,2010,3,8042,1,9.48e-6,9.48e-6,9.48e-6,0
922,050G,2011,2,8045,1,7.66e-4,7.66e-4,7.66e-4,0
922,050G,2011,3,8046,1,0.00328888,0.00328888,0.00328888,0
923,050K,2012,3,8050,1,3.17e-8,3.17e-8,3.17e-8,0
923,050K,2012,4,8051,1,7.05e-8,7.05e-8,7.05e-8,0
923,050K,2013,2,8053,1,1.97e-6,1.97e-6,1.97e-6,0
923,050K,2013,3,8054,1,9.68e-6,9.68e-6,9.68e-6,0
923,050K,2014,2,8057,1,2.72e-4,2.72e-4,2.72e-4,0
923,050K,2015,2,8061,1,0.006286418,0.006286418,0.006286418,0
924,050M,2018,3,8074,1,1.38e-5,1.38e-5,1.38e-5,0
924,050M,2018,4,8075,1,3.68e-5,3.68e-5,3.68e-5,0
924,050M,2019,1,8076,1,2.94e-4,2.94e-4,2.94e-4,0
924,050M,2019,2,8077,1,0.002704336,0.002704336,0.002704336,0
924,050M,2019,3,8078,2,0.005042422,0.005042422,0.005042422,0
924,050M,2020,3,8082,1,0.105354388,0.105354388,0.105354388,0
925,050N,2009,4,8039,1,0.968902902,0.968902902,0.968902902,0
925,050N,2010,2,8041,1,0.999966901,0.999966901,0.999966901,0
925,050N,2010,3,8042,1,1,1,1,0
925,050N,2012,2,8049,1,1,1,1,0
926,050P,2008,3,8034,1,0.653573506,0.653573506,0.653573506,0
927,050R,2004,3,8018,1,0.003408289,0.003408289,0.003408289,0
927,050R,2005,2,8021,1,0.018495485,0.018495485,0.018495485,0
928,050V,2015,4,8063,1,0.238201775,0.238201775,0.238201775,0
929,050W,2005,2,8021,1,1.14e-6,1.14e-6,1.14e-6,0
929,050W,2005,3,8022,1,2.47e-6,2.47e-6,2.47e-6,0
929,050W,2006,1,8024,1,1.31e-5,1.31e-5,1.31e-5,0
929,050W,2006,3,8026,1,1.62e-5,1.62e-5,1.62e-5,0
929,050W,2007,2,8029,1,1.31e-4,1.31e-4,1.31e-4,0
929,050W,2007,3,8030,1,0.001019753,0.001019753,0.001019753,0
930,050Y,2007,3,8030,1,1.17e-4,1.17e-4,1.17e-4,0
930,050Y,2008,3,8034,1,2.93e-4,2.93e-4,2.93e-4,0
930,050Y,2009,3,8038,1,0.004554614,0.004554614,0.004554614,0
931,051A,2014,4,8059,1,0.013385655,0.013385655,0.013385655,0
931,051A,2015,2,8061,1,0.126084395,0.126084395,0.126084395,0
931,051A,2015,3,8062,1,1,1,1,0
932,051B,2006,3,8026,1,0.001769148,0.001769148,0.001769148,0
932,051B,2006,4,8027,1,0.009752022,0.009752022,0.009752022,0
932,051B,2007,2,8029,1,0.998937504,0.998937504,0.998937504,0
932,051B,2007,3,8030,1,0.999997496,0.999997496,0.999997496,0
932,051B,2007,4,8031,1,0.999999546,0.999999546,0.999999546,0
932,051B,2008,2,8033,1,1,1,1,0
932,051B,2008,3,8034,1,1,1,1,0
932,051B,2009,2,8037,1,1,1,1,0
933,051E,2013,4,8055,1,0.026294488,0.026294488,0.026294488,0
933,051E,2014,2,8057,1,0.138250098,0.138250098,0.138250098,0
933,051E,2014,3,8058,1,1,1,1,0
934,051G,2003,3,8014,1,0.003164276,0.003164276,0.003164276,0
934,051G,2003,4,8015,1,0.005811215,0.005811215,0.005811215,0
935,051K,2012,3,8050,1,9.22e-6,9.22e-6,9.22e-6,0
935,051K,2012,4,8051,1,9.66e-6,9.66e-6,9.66e-6,0
935,051K,2013,2,8053,1,1.05e-5,1.05e-5,1.05e-5,0
935,051K,2013,3,8054,1,1.39e-5,1.39e-5,1.39e-5,0
935,051K,2013,4,8055,1,3.89e-5,3.89e-5,3.89e-5,0
935,051K,2014,3,8058,1,0.001460387,0.001460387,0.001460387,0
935,051K,2015,2,8061,1,0.005894975,0.005894975,0.005894975,0
936,051M,2018,3,8074,1,1.79e-7,1.79e-7,1.79e-7,0
936,051M,2018,4,8075,1,4.77e-7,4.77e-7,4.77e-7,0
936,051M,2019,1,8076,1,3.81e-6,3.81e-6,3.81e-6,0
936,051M,2019,2,8077,1,3.51e-5,3.51e-5,3.51e-5,0
936,051M,2019,3,8078,1,1.91e-4,1.91e-4,1.91e-4,0
936,051M,2020,3,8082,1,0.001064771,0.001064771,0.001064771,0
936,051M,2021,2,8085,1,0.005624591,0.005624591,0.005624591,0
937,051N,2009,4,8039,2,1.77e-4,1.77e-4,1.77e-4,0
937,051N,2010,2,8041,1,0.004064228,0.004064228,0.004064228,0
937,051N,2010,3,8042,1,0.005910367,0.005910367,0.005910367,0
937,051N,2011,2,8045,1,0.014439411,0.014439411,0.014439411,0
938,051P,2008,3,8034,1,1.24e-4,1.24e-4,1.24e-4,0
938,051P,2009,1,8036,1,0.00143604,0.00143604,0.00143604,0
938,051P,2009,2,8037,1,0.028610142,0.028610142,0.028610142,0
939,051R,2004,3,8018,1,0.00169024,0.00169024,0.00169024,0
939,051R,2007,3,8030,1,0.030322049,0.030322049,0.030322049,0
939,051R,2008,1,8032,1,0.13736516,0.13736516,0.13736516,0
939,051R,2008,2,8033,1,0.267486686,0.267486686,0.267486686,0
939,051R,2009,4,8039,1,1,1,1,0
940,051V,2015,4,8063,1,0.017774331,0.017774331,0.017774331,0
941,051W,2005,2,8021,1,0.01599487,0.01599487,0.01599487,0
942,051Y,2007,3,8030,1,0.971100898,0.971100898,0.971100898,0
943,052A,2014,4,8059,1,1.39e-5,1.39e-5,1.39e-5,0
943,052A,2015,2,8061,1,3.66e-5,3.66e-5,3.66e-5,0
943,052A,2015,3,8062,1,2.13e-4,2.13e-4,2.13e-4,0
943,052A,2016,3,8066,1,0.013017762,0.013017762,0.013017762,0
944,052B,2006,3,8026,1,8.6e-5,8.6e-5,8.6e-5,0
944,052B,2006,4,8027,1,4.74e-4,4.74e-4,4.74e-4,0
944,052B,2007,2,8029,1,0.002930672,0.002930672,0.002930672,0
945,052E,2013,4,8055,1,0.358701664,0.358701664,0.358701664,0
945,052E,2015,3,8062,1,0.511867109,0.511867109,0.511867109,0
946,052G,2003,3,8014,1,0.013312603,0.013312603,0.013312603,0
947,052K,2012,3,8050,1,7.27e-6,7.27e-6,7.27e-6,0
947,052K,2013,2,8053,1,5.33e-5,5.33e-5,5.33e-5,0
947,052K,2013,3,8054,1,2.04e-4,2.04e-4,2.04e-4,0
947,052K,2014,2,8057,1,0.00533547,0.00533547,0.00533547,0
948,052M,2018,3,8074,1,1.07e-4,1.07e-4,1.07e-4,0
948,052M,2018,4,8075,1,2.84e-4,2.84e-4,2.84e-4,0
948,052M,2019,1,8076,1,0.00226508,0.00226508,0.00226508,0
949,052N,2009,4,8039,1,0.443347718,0.443347718,0.443347718,0
949,052N,2010,2,8041,2,0.810023504,0.810023504,0.810023504,0
949,052N,2010,3,8042,1,0.989104054,0.989104054,0.989104054,0
949,052N,2010,4,8043,1,0.995075995,0.995075995,0.995075995,0
949,052N,2011,2,8045,1,0.996446571,0.996446571,0.996446571,0
949,052N,2011,3,8046,1,0.996664397,0.996664397,0.996664397,0
950,052P,2008,3,8034,1,0.337884891,0.337884891,0.337884891,0
950,052P,2008,4,8035,1,0.894273135,0.894273135,0.894273135,0
951,052R,2004,3,8018,1,0.013775535,0.013775535,0.013775535,0
952,052W,2005,2,8021,1,3.47e-14,3.47e-14,3.47e-14,0
952,052W,2005,3,8022,2,7.53e-14,7.53e-14,7.53e-14,0
952,052W,2006,1,8024,1,1.46e-12,1.46e-12,1.46e-12,0
952,052W,2006,2,8025,1,1.71e-12,1.71e-12,1.71e-12,0
952,052W,2006,3,8026,1,2.38e-12,2.38e-12,2.38e-12,0
952,052W,2006,4,8027,1,1.38e-11,1.38e-11,1.38e-11,0
952,052W,2007,1,8028,1,6.52e-10,6.52e-10,6.52e-10,0
952,052W,2007,2,8029,1,2.11e-8,2.11e-8,2.11e-8,0
952,052W,2007,3,8030,1,3.47e-8,3.47e-8,3.47e-8,0
952,052W,2007,4,8031,2,2.63e-7,2.63e-7,2.63e-7,0
952,052W,2008,2,8033,1,3.49e-5,3.49e-5,3.49e-5,0
952,052W,2008,3,8034,1,4.75e-5,4.75e-5,4.75e-5,0
952,052W,2008,4,8035,1,2.59e-4,2.59e-4,2.59e-4,0
952,052W,2009,1,8036,1,0.010570221,0.010570221,0.010570221,0
952,052W,2009,2,8037,1,0.029660487,0.029660487,0.029660487,0
952,052W,2009,4,8039,1,0.05032504,0.05032504,0.05032504,0
952,052W,2010,2,8041,1,0.972247206,0.972247206,0.972247206,0
952,052W,2010,4,8043,3,0.999999983,0.999999983,0.999999983,0
953,052Y,2007,3,8030,1,2.81e-6,2.81e-6,2.81e-6,0
953,052Y,2007,4,8031,1,1.38e-5,1.38e-5,1.38e-5,0
953,052Y,2008,1,8032,1,4.21e-5,4.21e-5,4.21e-5,0
953,052Y,2008,3,8034,1,1.18e-4,1.18e-4,1.18e-4,0
953,052Y,2009,4,8039,1,0.003833294,0.003833294,0.003833294,0
953,052Y,2010,2,8041,1,0.056177506,0.056177506,0.056177506,0
954,053A,2014,4,8059,1,0.52756003,0.52756003,0.52756003,0
955,053B,2006,3,8026,1,0.001443668,0.001443668,0.001443668,0
955,053B,2006,4,8027,2,0.001820666,0.001820666,0.001820666,0
955,053B,2007,2,8029,1,0.004273806,0.004273806,0.004273806,0
956,053G,2003,3,8014,1,7.54e-4,7.54e-4,7.54e-4,0
956,053G,2003,4,8015,1,0.001384031,0.001384031,0.001384031,0
956,053G,2004,1,8016,1,0.006431083,0.006431083,0.006431083,0
957,053K,2012,3,8050,1,3.19e-14,3.19e-14,3.19e-14,0
957,053K,2013,1,8052,1,1.45e-13,1.45e-13,1.45e-13,0
957,053K,2013,3,8054,1,1.84e-12,1.84e-12,1.84e-12,0
957,053K,2014,2,8057,1,2.43e-11,2.43e-11,2.43e-11,0
957,053K,2014,3,8058,1,1.6e-10,1.6e-10,1.6e-10,0
957,053K,2014,4,8059,1,2.06e-9,2.06e-9,2.06e-9,0
957,053K,2015,2,8061,2,1.46e-7,1.46e-7,1.46e-7,0
957,053K,2016,2,8065,1,8.16e-7,8.16e-7,8.16e-7,0
957,053K,2016,4,8067,1,2.43e-6,2.43e-6,2.43e-6,0
957,053K,2017,2,8069,1,1.98e-5,1.98e-5,1.98e-5,0
957,053K,2017,3,8070,1,6.71e-5,6.71e-5,6.71e-5,0
957,053K,2019,3,8078,2,0.002376398,0.002376398,0.002376398,0
958,053M,2018,3,8074,1,2.37e-5,2.37e-5,2.37e-5,0
958,053M,2018,4,8075,1,6.31e-5,6.31e-5,6.31e-5,0
958,053M,2019,2,8077,1,2.54e-4,2.54e-4,2.54e-4,0
958,053M,2019,3,8078,2,3.57e-4,3.57e-4,3.57e-4,0
958,053M,2020,3,8082,1,0.004742977,0.004742977,0.004742977,0
958,053M,2021,2,8085,1,0.02762714,0.02762714,0.02762714,0
959,053N,2009,4,8039,1,0.449184212,0.449184212,0.449184212,0
959,053N,2010,1,8040,1,0.458946433,0.458946433,0.458946433,0
959,053N,2010,2,8041,1,0.474846988,0.474846988,0.474846988,0
960,053P,2008,3,8034,1,0.20549989,0.20549989,0.20549989,0
960,053P,2008,4,8035,1,0.249731426,0.249731426,0.249731426,0
960,053P,2009,1,8036,1,0.3744972,0.3744972,0.3744972,0
960,053P,2009,2,8037,1,0.578324719,0.578324719,0.578324719,0
961,053R,2004,3,8018,1,0.00272169,0.00272169,0.00272169,0
961,053R,2004,4,8019,1,0.004959509,0.004959509,0.004959509,0
961,053R,2005,2,8021,1,0.047020484,0.047020484,0.047020484,0
961,053R,2006,2,8025,1,0.32510056,0.32510056,0.32510056,0
962,053W,2005,2,8021,1,0.081915513,0.081915513,0.081915513,0
962,053W,2005,3,8022,2,0.177926802,0.177926802,0.177926802,0
962,053W,2006,1,8024,1,0.345560528,0.345560528,0.345560528,0
962,053W,2006,2,8025,1,0.918856499,0.918856499,0.918856499,0
962,053W,2006,3,8026,1,1,1,1,0
963,053Y,2007,3,8030,1,1.47e-4,1.47e-4,1.47e-4,0
963,053Y,2007,4,8031,1,7.19e-4,7.19e-4,7.19e-4,0
963,053Y,2010,3,8042,1,0.014402382,0.014402382,0.014402382,0
964,054A,2014,4,8059,1,0.005524855,0.005524855,0.005524855,0
964,054A,2015,2,8061,1,0.0058762,0.0058762,0.0058762,0
964,054A,2015,4,8063,1,0.005909844,0.005909844,0.005909844,0
964,054A,2016,2,8065,1,0.00621673,0.00621673,0.00621673,0
964,054A,2016,3,8066,1,0.007047224,0.007047224,0.007047224,0
964,054A,2016,4,8067,1,0.007281366,0.007281366,0.007281366,0
964,054A,2017,1,8068,1,0.010201432,0.010201432,0.010201432,0
965,054B,2006,3,8026,1,0.002157504,0.002157504,0.002157504,0
965,054B,2007,2,8029,1,0.057368746,0.057368746,0.057368746,0
966,054G,2003,3,8014,1,0.007106594,0.007106594,0.007106594,0
966,054G,2003,4,8015,1,0.013051309,0.013051309,0.013051309,0
966,054G,2004,1,8016,1,0.060644635,0.060644635,0.060644635,0
966,054G,2004,2,8017,1,0.309283239,0.309283239,0.309283239,0
966,054G,2004,3,8018,1,0.999999974,0.999999974,0.999999974,0
966,054G,2006,2,8025,1,1,1,1,0
966,054G,2006,3,8026,1,1,1,1,0
966,054G,2007,2,8029,1,1,1,1,0
966,054G,2007,3,8030,1,1,1,1,0
966,054G,2007,4,8031,1,1,1,1,0
966,054G,2008,2,8033,1,1,1,1,0
966,054G,2010,2,8041,1,1,1,1,0
967,054K,2012,3,8050,1,3.13e-8,3.13e-8,3.13e-8,0
967,054K,2012,4,8051,1,6.97e-8,6.97e-8,6.97e-8,0
967,054K,2013,1,8052,1,9.27e-7,9.27e-7,9.27e-7,0
967,054K,2013,2,8053,1,1.29e-5,1.29e-5,1.29e-5,0
967,054K,2013,3,8054,1,1.02e-4,1.02e-4,1.02e-4,0
967,054K,2013,4,8055,1,7.66e-4,7.66e-4,7.66e-4,0
967,054K,2014,2,8057,1,0.028767148,0.028767148,0.028767148,0
967,054K,2014,3,8058,1,0.037122121,0.037122121,0.037122121,0
967,054K,2014,4,8059,1,0.041660188,0.041660188,0.041660188,0
967,054K,2015,1,8060,1,0.047723984,0.047723984,0.047723984,0
967,054K,2015,2,8061,1,0.053975569,0.053975569,0.053975569,0
967,054K,2015,3,8062,1,0.05911604,0.05911604,0.05911604,0
967,054K,2015,4,8063,1,0.131349583,0.131349583,0.131349583,0
967,054K,2016,3,8066,1,0.264323998,0.264323998,0.264323998,0
968,054M,2018,3,8074,2,7.96e-4,7.96e-4,7.96e-4,0
969,054N,2009,4,8039,1,0.041751888,0.041751888,0.041751888,0
969,054N,2010,1,8040,1,0.042659291,0.042659291,0.042659291,0
969,054N,2010,2,8041,1,0.044137255,0.044137255,0.044137255,0
970,054P,2008,3,8034,1,0.956962,0.956962,0.956962,0
970,054P,2009,2,8037,1,0.997310514,0.997310514,0.997310514,0
970,054P,2010,2,8041,1,0.999933461,0.999933461,0.999933461,0
971,054R,2004,3,8018,1,4.37e-5,4.37e-5,4.37e-5,0
971,054R,2004,4,8019,2,7.96e-5,7.96e-5,7.96e-5,0
971,054R,2005,1,8020,1,0.00138624,0.00138624,0.00138624,0
971,054R,2005,2,8021,1,0.008197816,0.008197816,0.008197816,0
972,054W,2005,2,8021,1,6.57e-9,6.57e-9,6.57e-9,0
972,054W,2005,3,8022,2,1.43e-8,1.43e-8,1.43e-8,0
972,054W,2006,2,8025,1,3.84e-8,3.84e-8,3.84e-8,0
972,054W,2006,3,8026,1,3.99e-8,3.99e-8,3.99e-8,0
972,054W,2007,1,8028,1,1.2e-7,1.2e-7,1.2e-7,0
972,054W,2007,2,8029,1,2.09e-7,2.09e-7,2.09e-7,0
972,054W,2007,3,8030,1,1.73e-6,1.73e-6,1.73e-6,0
972,054W,2008,2,8033,1,1.35e-4,1.35e-4,1.35e-4,0
972,054W,2009,2,8037,1,0.004388323,0.004388323,0.004388323,0
973,054Y,2007,3,8030,1,1.19e-4,1.19e-4,1.19e-4,0
973,054Y,2008,2,8033,1,0.002532,0.002532,0.002532,0
973,054Y,2008,3,8034,1,0.003461857,0.003461857,0.003461857,0
974,055A,2014,4,8059,1,1.04e-7,1.04e-7,1.04e-7,0
974,055A,2015,2,8061,1,9.79e-7,9.79e-7,9.79e-7,0
974,055A,2015,3,8062,1,7.77e-6,7.77e-6,7.77e-6,0
974,055A,2016,3,8066,1,5e-4,5e-4,5e-4,0
974,055A,2016,4,8067,1,0.001005869,0.001005869,0.001005869,0
974,055A,2017,3,8070,1,0.019964058,0.019964058,0.019964058,0
974,055A,2018,3,8074,1,0.158521909,0.158521909,0.158521909,0
975,055B,2006,3,8026,1,2.1e-12,2.1e-12,2.1e-12,0
975,055B,2007,1,8028,1,3.16e-11,3.16e-11,3.16e-11,0
975,055B,2007,2,8029,1,6.74e-10,6.74e-10,6.74e-10,0
975,055B,2007,3,8030,1,1.16e-8,1.16e-8,1.16e-8,0
975,055B,2007,4,8031,2,1.97e-7,1.97e-7,1.97e-7,0
975,055B,2008,3,8034,1,7.43e-4,7.43e-4,7.43e-4,0
975,055B,2009,2,8037,1,0.00804196,0.00804196,0.00804196,0
976,055G,2003,3,8014,1,4.72e-8,4.72e-8,4.72e-8,0
976,055G,2003,4,8015,1,8.68e-8,8.68e-8,8.68e-8,0
976,055G,2004,1,8016,1,4.03e-7,4.03e-7,4.03e-7,0
976,055G,2004,2,8017,1,2.06e-6,2.06e-6,2.06e-6,0
976,055G,2004,3,8018,1,6.65e-6,6.65e-6,6.65e-6,0
976,055G,2005,2,8021,1,7.43e-5,7.43e-5,7.43e-5,0
976,055G,2005,3,8022,1,1.58e-4,1.58e-4,1.58e-4,0
976,055G,2006,3,8026,1,0.001706093,0.001706093,0.001706093,0
976,055G,2007,3,8030,1,0.044422417,0.044422417,0.044422417,0
976,055G,2007,4,8031,1,0.053815713,0.053815713,0.053815713,0
977,055M,2018,4,8075,1,0.001042475,0.001042475,0.001042475,0
977,055M,2019,2,8077,1,0.00407096,0.00407096,0.00407096,0
977,055M,2019,3,8078,1,0.012380665,0.012380665,0.012380665,0
978,055N,2009,4,8039,1,1.7e-4,1.7e-4,1.7e-4,0
978,055N,2010,1,8040,1,2.18e-4,2.18e-4,2.18e-4,0
978,055N,2010,2,8041,1,0.001761639,0.001761639,0.001761639,0
979,055P,2008,3,8034,1,5.02e-6,5.02e-6,5.02e-6,0
979,055P,2009,1,8036,1,7.73e-6,7.73e-6,7.73e-6,0
979,055P,2009,4,8039,2,1.23e-4,1.23e-4,1.23e-4,0
980,055R,2004,3,8018,1,1.11e-6,1.11e-6,1.11e-6,0
980,055R,2004,4,8019,2,2.01e-6,2.01e-6,2.01e-6,0
980,055R,2005,2,8021,1,7.52e-5,7.52e-5,7.52e-5,0
980,055R,2005,4,8023,1,8.46e-5,8.46e-5,8.46e-5,0
980,055R,2006,3,8026,1,8.91e-5,8.91e-5,8.91e-5,0
980,055R,2007,2,8029,1,9.5e-5,9.5e-5,9.5e-5,0
980,055R,2009,2,8037,1,4.69e-4,4.69e-4,4.69e-4,0
980,055R,2010,2,8041,1,0.004962961,0.004962961,0.004962961,0
981,055W,2005,2,8021,1,9e-4,9e-4,9e-4,0
981,055W,2005,3,8022,2,0.001954107,0.001954107,0.001954107,0
982,055Y,2007,3,8030,1,0.007169667,0.007169667,0.007169667,0
982,055Y,2007,4,8031,2,0.035126887,0.035126887,0.035126887,0
982,055Y,2008,2,8033,1,0.251321749,0.251321749,0.251321749,0
982,055Y,2008,3,8034,1,0.329560545,0.329560545,0.329560545,0
982,055Y,2010,2,8041,1,0.35910968,0.35910968,0.35910968,0
982,055Y,2011,2,8045,1,0.779576006,0.779576006,0.779576006,0
982,055Y,2012,2,8049,1,0.966551737,0.966551737,0.966551737,0
983,056A,2014,4,8059,1,7.7e-4,7.7e-4,7.7e-4,0
983,056A,2015,2,8061,1,0.00420882,0.00420882,0.00420882,0
984,056B,2006,3,8026,1,1.56e-11,1.56e-11,1.56e-11,0
984,056B,2006,4,8027,1,8.62e-11,8.62e-11,8.62e-11,0
984,056B,2007,1,8028,1,4.05e-9,4.05e-9,4.05e-9,0
984,056B,2007,2,8029,1,1.05e-8,1.05e-8,1.05e-8,0
984,056B,2007,3,8030,1,1.21e-7,1.21e-7,1.21e-7,0
984,056B,2007,4,8031,1,1.99e-6,1.99e-6,1.99e-6,0
984,056B,2008,2,8033,1,1.41e-5,1.41e-5,1.41e-5,0
984,056B,2008,3,8034,1,2.06e-5,2.06e-5,2.06e-5,0
984,056B,2008,4,8035,1,2.7e-5,2.7e-5,2.7e-5,0
984,056B,2009,2,8037,1,6.67e-5,6.67e-5,6.67e-5,0
984,056B,2009,4,8039,1,6.73e-4,6.73e-4,6.73e-4,0
984,056B,2010,3,8042,1,0.037208498,0.037208498,0.037208498,0
984,056B,2011,2,8045,1,0.895230493,0.895230493,0.895230493,0
984,056B,2011,3,8046,1,0.901652889,0.901652889,0.901652889,0
985,056E,2013,4,8055,1,9.43e-4,9.43e-4,9.43e-4,0
985,056E,2014,2,8057,1,0.004958264,0.004958264,0.004958264,0
986,056G,2003,3,8014,2,0.003136978,0.003136978,0.003136978,0
987,056M,2018,4,8075,1,8.19e-4,8.19e-4,8.19e-4,0
987,056M,2019,2,8077,1,0.005304389,0.005304389,0.005304389,0
988,056N,2009,4,8039,1,0.004296131,0.004296131,0.004296131,0
989,056P,2008,3,8034,1,6.75e-9,6.75e-9,6.75e-9,0
989,056P,2008,4,8035,1,3.19e-8,3.19e-8,3.19e-8,0
989,056P,2009,2,8037,1,2.73e-6,2.73e-6,2.73e-6,0
989,056P,2009,4,8039,2,4.4e-5,4.4e-5,4.4e-5,0
989,056P,2010,2,8041,1,0.00286802,0.00286802,0.00286802,0
990,056R,2004,3,8018,1,0.057744994,0.057744994,0.057744994,0
990,056R,2004,4,8019,1,0.10522387,0.10522387,0.10522387,0
991,056W,2005,2,8021,1,5.35e-5,5.35e-5,5.35e-5,0
991,056W,2005,3,8022,2,1.16e-4,1.16e-4,1.16e-4,0
991,056W,2006,1,8024,1,0.002261051,0.002261051,0.002261051,0
991,056W,2006,3,8026,1,0.014337757,0.014337757,0.014337757,0
991,056W,2007,2,8029,1,0.040666641,0.040666641,0.040666641,0
991,056W,2008,2,8033,1,0.916622549,0.916622549,0.916622549,0
991,056W,2010,2,8041,1,0.998985313,0.998985313,0.998985313,0
992,056Y,2007,3,8030,1,9.76e-9,9.76e-9,9.76e-9,0
992,056Y,2007,4,8031,1,4.78e-8,4.78e-8,4.78e-8,0
992,056Y,2008,3,8034,1,5.8e-6,5.8e-6,5.8e-6,0
992,056Y,2009,2,8037,1,1.34e-4,1.34e-4,1.34e-4,0
992,056Y,2009,4,8039,1,0.001697143,0.001697143,0.001697143,0
993,057B,2006,3,8026,1,7.83e-4,7.83e-4,7.83e-4,0
993,057B,2006,4,8027,1,0.004317758,0.004317758,0.004317758,0
993,057B,2007,1,8028,1,0.202630022,0.202630022,0.202630022,0
993,057B,2008,2,8033,1,0.273700722,0.273700722,0.273700722,0
994,057G,2003,3,8014,1,0.007166203,0.007166203,0.007166203,0
994,057G,2004,1,8016,1,0.02435429,0.02435429,0.02435429,0
995,057M,2018,4,8075,1,0.006046906,0.006046906,0.006046906,0
996,057N,2009,4,8039,1,0.68548965,0.68548965,0.68548965,0
997,057P,2008,3,8034,1,3.33e-11,3.33e-11,3.33e-11,0
997,057P,2008,4,8035,1,1.57e-10,1.57e-10,1.57e-10,0
997,057P,2009,1,8036,1,6.19e-9,6.19e-9,6.19e-9,0
997,057P,2009,2,8037,1,1.99e-7,1.99e-7,1.99e-7,0
997,057P,2009,4,8039,1,5.58e-6,5.58e-6,5.58e-6,0
997,057P,2010,1,8040,1,1.15e-4,1.15e-4,1.15e-4,0
997,057P,2010,2,8041,1,0.003594359,0.003594359,0.003594359,0
998,057R,2004,3,8018,1,0.003490268,0.003490268,0.003490268,0
998,057R,2005,4,8023,1,0.026256737,0.026256737,0.026256737,0
999,057W,2005,2,8021,1,0.823636163,0.823636163,0.823636163,0
999,057W,2005,3,8022,1,0.872934642,0.872934642,0.872934642,0
999,057W,2005,4,8023,1,0.879822677,0.879822677,0.879822677,0
1000,057Y,2007,3,8030,1,6.22e-15,6.22e-15,6.22e-15,0
1000,057Y,2007,4,8031,1,3.05e-14,3.05e-14,3.05e-14,0
1000,057Y,2008,2,8033,1,2.74e-12,2.74e-12,2.74e-12,0
1000,057Y,2010,2,8041,1,2.1e-10,2.1e-10,2.1e-10,0
1000,057Y,2010,3,8042,1,4.7e-10,4.7e-10,4.7e-10,0
1000,057Y,2011,1,8044,1,1.36e-8,1.36e-8,1.36e-8,0
1000,057Y,2011,2,8045,1,2.9e-7,2.9e-7,2.9e-7,0
1000,057Y,2011,3,8046,1,2.37e-6,2.37e-6,2.37e-6,0
1000,057Y,2012,2,8049,1,8.66e-5,8.66e-5,8.66e-5,0
1000,057Y,2013,2,8053,1,0.001281607,0.001281607,0.001281607,0
1000,057Y,2013,3,8054,1,0.004277792,0.004277792,0.004277792,0
1001,058B,2006,3,8026,1,0.372250258,0.372250258,0.372250258,0
1001,058B,2007,3,8030,1,1,1,1,0
1001,058B,2007,4,8031,1,1,1,1,0
1001,058B,2008,2,8033,1,1,1,1,0
1002,058G,2003,3,8014,1,0.999999996,0.999999996,0.999999996,0
1003,058M,2018,4,8075,1,0.006046906,0.006046906,0.006046906,0
1004,058P,2008,3,8034,1,0.9916749,0.9916749,0.9916749,0
1004,058P,2008,4,8035,1,0.999949159,0.999949159,0.999949159,0
1004,058P,2009,1,8036,1,0.999995362,0.999995362,0.999995362,0
1005,058R,2004,3,8018,1,6.68e-9,6.68e-9,6.68e-9,0
1005,058R,2004,4,8019,2,1.22e-8,1.22e-8,1.22e-8,0
1005,058R,2005,1,8020,1,1.01e-7,1.01e-7,1.01e-7,0
1005,058R,2005,2,8021,1,5.62e-7,5.62e-7,5.62e-7,0
1005,058R,2006,3,8026,1,7.35e-6,7.35e-6,7.35e-6,0
1005,058R,2007,3,8030,1,1.59e-4,1.59e-4,1.59e-4,0
1005,058R,2007,4,8031,1,1.93e-4,1.93e-4,1.93e-4,0
1005,058R,2008,2,8033,1,3.83e-4,3.83e-4,3.83e-4,0
1005,058R,2008,3,8034,1,0.002163547,0.002163547,0.002163547,0
1005,058R,2009,1,8036,1,0.087377272,0.087377272,0.087377272,0
1005,058R,2010,2,8041,1,0.477956862,0.477956862,0.477956862,0
1005,058R,2011,1,8044,1,0.760077901,0.760077901,0.760077901,0
1005,058R,2011,2,8045,1,0.986133792,0.986133792,0.986133792,0
1005,058R,2012,1,8048,1,0.997264215,0.997264215,0.997264215,0
1005,058R,2012,2,8049,1,0.999920107,0.999920107,0.999920107,0
1005,058R,2012,3,8050,1,0.999964772,0.999964772,0.999964772,0
1006,058W,2005,2,8021,1,0.594428057,0.594428057,0.594428057,0
1006,058W,2005,3,8022,1,0.630007358,0.630007358,0.630007358,0
1006,058W,2005,4,8023,1,0.634978536,0.634978536,0.634978536,0
1006,058W,2006,1,8024,1,0.637062416,0.637062416,0.637062416,0
1007,058Y,2007,3,8030,1,5.15e-10,5.15e-10,5.15e-10,0
1007,058Y,2007,4,8031,1,2.52e-9,2.52e-9,2.52e-9,0
1007,058Y,2008,2,8033,1,1.4e-8,1.4e-8,1.4e-8,0
1007,058Y,2008,4,8035,1,2.29e-8,2.29e-8,2.29e-8,0
1007,058Y,2009,2,8037,1,3.97e-7,3.97e-7,3.97e-7,0
1007,058Y,2009,3,8038,1,3.89e-6,3.89e-6,3.89e-6,0
1007,058Y,2010,2,8041,1,3.17e-4,3.17e-4,3.17e-4,0
1007,058Y,2011,2,8045,1,0.010763894,0.010763894,0.010763894,0
1007,058Y,2011,3,8046,1,0.011808663,0.011808663,0.011808663,0
1007,058Y,2012,3,8050,1,0.066072392,0.066072392,0.066072392,0
1007,058Y,2013,2,8053,1,0.525167405,0.525167405,0.525167405,0
1007,058Y,2014,2,8057,1,0.752504837,0.752504837,0.752504837,0
1008,059B,2006,3,8026,1,0.359157377,0.359157377,0.359157377,0
1008,059B,2006,4,8027,1,0.441917654,0.441917654,0.441917654,0
1008,059B,2007,2,8029,1,0.9656174,0.9656174,0.9656174,0
1008,059B,2007,3,8030,1,0.975314237,0.975314237,0.975314237,0
1008,059B,2007,4,8031,1,0.975332993,0.975332993,0.975332993,0
1008,059B,2008,3,8034,1,0.975333318,0.975333318,0.975333318,0
1008,059B,2009,4,8039,1,0.975337981,0.975337981,0.975337981,0
1008,059B,2010,2,8041,1,0.97540369,0.97540369,0.97540369,0
1008,059B,2011,2,8045,1,0.976597047,0.976597047,0.976597047,0
1008,059B,2011,4,8047,1,0.976792059,0.976792059,0.976792059,0
1008,059B,2012,2,8049,1,0.980734312,0.980734312,0.980734312,0
1009,059G,2003,3,8014,1,0.754459091,0.754459091,0.754459091,0
1009,059G,2004,1,8016,1,0.846868483,0.846868483,0.846868483,0
1009,059G,2004,3,8018,1,0.873326448,0.873326448,0.873326448,0
1010,059M,2018,4,8075,1,0.006046906,0.006046906,0.006046906,0
1011,059P,2008,3,8034,1,0.753847177,0.753847177,0.753847177,0
1011,059P,2008,4,8035,1,0.916104291,0.916104291,0.916104291,0
1011,059P,2009,1,8036,1,0.939477005,0.939477005,0.939477005,0
1012,059R,2004,3,8018,1,4e-6,4e-6,4e-6,0
1012,059R,2004,4,8019,1,7.29e-6,7.29e-6,7.29e-6,0
1012,059R,2005,1,8020,1,3.52e-5,3.52e-5,3.52e-5,0
1012,059R,2005,2,8021,1,1.81e-4,1.81e-4,1.81e-4,0
1012,059R,2005,3,8022,1,5.84e-4,5.84e-4,5.84e-4,0
1012,059R,2006,2,8025,1,0.006366481,0.006366481,0.006366481,0
1012,059R,2006,3,8026,1,0.013477869,0.013477869,0.013477869,0
1012,059R,2007,2,8029,1,0.695786262,0.695786262,0.695786262,0
1012,059R,2007,3,8030,1,1,1,1,0
1012,059R,2007,4,8031,1,1,1,1,0
1013,059W,2005,2,8021,1,0.01599487,0.01599487,0.01599487,0
1014,059Y,2007,3,8030,1,1.13e-4,1.13e-4,1.13e-4,0
1014,059Y,2008,2,8033,1,0.002419521,0.002419521,0.002419521,0
1014,059Y,2009,2,8037,1,0.006662634,0.006662634,0.006662634,0
1015,060B,2006,3,8026,1,4.26e-7,4.26e-7,4.26e-7,0
1015,060B,2006,4,8027,1,2.35e-6,2.35e-6,2.35e-6,0
1015,060B,2008,1,8032,1,2.67e-5,2.67e-5,2.67e-5,0
1015,060B,2009,4,8039,1,8.05e-4,8.05e-4,8.05e-4,0
1015,060B,2011,2,8045,1,0.01888561,0.01888561,0.01888561,0
1016,060G,2003,4,8015,1,7.64e-4,7.64e-4,7.64e-4,0
1016,060G,2004,1,8016,1,0.001970997,0.001970997,0.001970997,0
1016,060G,2004,2,8017,1,0.008276596,0.008276596,0.008276596,0
1017,060M,2018,4,8075,1,8.28e-4,8.28e-4,8.28e-4,0
1017,060M,2019,3,8078,1,0.006989703,0.006989703,0.006989703,0
1018,060P,2008,3,8034,1,3.13e-10,3.13e-10,3.13e-10,0
1018,060P,2008,4,8035,1,1.48e-9,1.48e-9,1.48e-9,0
1018,060P,2009,2,8037,1,7.86e-9,7.86e-9,7.86e-9,0
1018,060P,2009,4,8039,2,1.05e-7,1.05e-7,1.05e-7,0
1018,060P,2010,4,8043,1,1.82e-4,1.82e-4,1.82e-4,0
1018,060P,2011,1,8044,1,0.001537221,0.001537221,0.001537221,0
1019,060R,2004,3,8018,1,9.97e-7,9.97e-7,9.97e-7,0
1019,060R,2004,4,8019,2,1.82e-6,1.82e-6,1.82e-6,0
1019,060R,2005,3,8022,1,9.13e-5,9.13e-5,9.13e-5,0
1019,060R,2005,4,8023,1,9.46e-5,9.46e-5,9.46e-5,0
1019,060R,2006,2,8025,1,1.54e-4,1.54e-4,1.54e-4,0
1019,060R,2007,4,8031,1,0.001815755,0.001815755,0.001815755,0
1019,060R,2009,1,8036,1,0.001892847,0.001892847,0.001892847,0
1019,060R,2009,2,8037,2,0.001922387,0.001922387,0.001922387,0
1019,060R,2009,4,8039,1,0.02380348,0.02380348,0.02380348,0
1019,060R,2010,2,8041,2,1,1,1,0
1019,060R,2010,4,8043,2,1,1,1,0
1020,060W,2005,2,8021,1,0.003832652,0.003832652,0.003832652,0
1020,060W,2005,3,8022,1,0.008324816,0.008324816,0.008324816,0
1021,060Y,2007,3,8030,1,1.09e-4,1.09e-4,1.09e-4,0
1021,060Y,2007,4,8031,2,5.33e-4,5.33e-4,5.33e-4,0
1022,061B,2006,3,8026,1,2.95e-6,2.95e-6,2.95e-6,0
1022,061B,2006,4,8027,1,3.62e-6,3.62e-6,3.62e-6,0
1022,061B,2007,2,8029,1,8.77e-5,8.77e-5,8.77e-5,0
1022,061B,2007,3,8030,1,1.28e-4,1.28e-4,1.28e-4,0
1022,061B,2009,2,8037,1,0.00790157,0.00790157,0.00790157,0
1023,061G,2003,4,8015,1,7.64e-4,7.64e-4,7.64e-4,0
1023,061G,2004,1,8016,1,0.001970997,0.001970997,0.001970997,0
1023,061G,2004,2,8017,1,0.008276596,0.008276596,0.008276596,0
1024,061P,2008,3,8034,1,0.588836811,0.588836811,0.588836811,0
1025,061R,2004,3,8018,1,0.003275983,0.003275983,0.003275983,0
1025,061R,2004,4,8019,1,0.005969549,0.005969549,0.005969549,0
1026,061W,2005,2,8021,1,8.75e-4,8.75e-4,8.75e-4,0
1026,061W,2005,3,8022,1,0.001901055,0.001901055,0.001901055,0
1026,061W,2005,4,8023,1,0.004707752,0.004707752,0.004707752,0
1026,061W,2006,1,8024,1,0.027746939,0.027746939,0.027746939,0
1026,061W,2006,2,8025,1,0.147694191,0.147694191,0.147694191,0
1027,061Y,2007,3,8030,1,1.34e-12,1.34e-12,1.34e-12,0
1027,061Y,2007,4,8031,1,1.61e-12,1.61e-12,1.61e-12,0
1027,061Y,2008,2,8033,1,3.14e-12,3.14e-12,3.14e-12,0
1027,061Y,2008,3,8034,1,1.74e-11,1.74e-11,1.74e-11,0
1027,061Y,2008,4,8035,1,2.58e-10,2.58e-10,2.58e-10,0
1027,061Y,2009,2,8037,1,2.61e-8,2.61e-8,2.61e-8,0
1027,061Y,2009,3,8038,1,2.67e-7,2.67e-7,2.67e-7,0
1027,061Y,2010,2,8041,1,1.37e-6,1.37e-6,1.37e-6,0
1027,061Y,2010,3,8042,1,9.73e-6,9.73e-6,9.73e-6,0
1027,061Y,2011,2,8045,1,7.66e-4,7.66e-4,7.66e-4,0
1027,061Y,2011,3,8046,1,0.003289132,0.003289132,0.003289132,0
1028,062B,2006,3,8026,1,9.6e-6,9.6e-6,9.6e-6,0
1028,062B,2006,4,8027,1,2.88e-5,2.88e-5,2.88e-5,0
1028,062B,2007,1,8028,1,0.00110462,0.00110462,0.00110462,0
1029,062G,2003,4,8015,1,2.56e-8,2.56e-8,2.56e-8,0
1029,062G,2004,1,8016,1,6.6e-8,6.6e-8,6.6e-8,0
1029,062G,2007,4,8031,1,2.3e-6,2.3e-6,2.3e-6,0
1029,062G,2008,2,8033,1,1.2e-5,1.2e-5,1.2e-5,0
1029,062G,2008,3,8034,1,1.67e-5,1.67e-5,1.67e-5,0
1029,062G,2008,4,8035,1,9.51e-5,9.51e-5,9.51e-5,0
1029,062G,2012,3,8050,1,0.049178241,0.049178241,0.049178241,0
1030,062P,2008,4,8035,2,2.48e-5,2.48e-5,2.48e-5,0
1030,062P,2009,2,8037,1,2.52e-4,2.52e-4,2.52e-4,0
1030,062P,2009,3,8038,1,0.00237537,0.00237537,0.00237537,0
1031,062R,2004,3,8018,1,0.013775535,0.013775535,0.013775535,0
1032,062W,2005,2,8021,1,6.92e-12,6.92e-12,6.92e-12,0
1032,062W,2005,3,8022,1,1.5e-11,1.5e-11,1.5e-11,0
1032,062W,2005,4,8023,1,3.72e-11,3.72e-11,3.72e-11,0
1032,062W,2006,1,8024,1,2.19e-10,2.19e-10,2.19e-10,0
1032,062W,2006,2,8025,1,1.17e-9,1.17e-9,1.17e-9,0
1032,062W,2007,2,8029,1,3.63e-8,3.63e-8,3.63e-8,0
1032,062W,2007,3,8030,1,2.48e-7,2.48e-7,2.48e-7,0
1032,062W,2009,2,8037,1,4.13e-5,4.13e-5,4.13e-5,0
1032,062W,2010,2,8041,2,6.01e-4,6.01e-4,6.01e-4,0
1032,062W,2012,3,8050,1,0.00340681,0.00340681,0.00340681,0
1032,062W,2016,2,8065,1,0.004844345,0.004844345,0.004844345,0
1032,062W,2016,3,8066,1,0.005204687,0.005204687,0.005204687,0
1032,062W,2016,4,8067,1,0.006960105,0.006960105,0.006960105,0
1033,062Y,2007,3,8030,1,8.56e-5,8.56e-5,8.56e-5,0
1033,062Y,2007,4,8031,2,1.03e-4,1.03e-4,1.03e-4,0
1033,062Y,2008,2,8033,1,0.002682985,0.002682985,0.002682985,0
1034,063B,2006,4,8027,2,0.0145544,0.0145544,0.0145544,0
1034,063B,2007,1,8028,1,0.024290077,0.024290077,0.024290077,0
1034,063B,2007,2,8029,1,0.040227848,0.040227848,0.040227848,0
1034,063B,2007,3,8030,1,0.312654378,0.312654378,0.312654378,0
1035,063G,2003,4,8015,1,7.64e-4,7.64e-4,7.64e-4,0
1035,063G,2004,1,8016,1,0.001970997,0.001970997,0.001970997,0
1035,063G,2004,2,8017,1,0.008276596,0.008276596,0.008276596,0
1036,063P,2008,4,8035,2,0.00185729,0.00185729,0.00185729,0
1036,063P,2009,2,8037,1,0.003825119,0.003825119,0.003825119,0
1036,063P,2009,3,8038,1,0.004762883,0.004762883,0.004762883,0
1037,063R,2004,3,8018,1,3.38e-5,3.38e-5,3.38e-5,0
1037,063R,2004,4,8019,1,6.15e-5,6.15e-5,6.15e-5,0
1037,063R,2005,1,8020,1,2.97e-4,2.97e-4,2.97e-4,0
1037,063R,2006,3,8026,1,0.005736668,0.005736668,0.005736668,0
1038,063W,2005,2,8021,1,5.4e-15,5.4e-15,5.4e-15,0
1038,063W,2005,3,8022,1,1.17e-14,1.17e-14,1.17e-14,0
1038,063W,2005,4,8023,1,1.94e-14,1.94e-14,1.94e-14,0
1038,063W,2006,1,8024,1,8.24e-14,8.24e-14,8.24e-14,0
1038,063W,2006,2,8025,1,4.1e-13,4.1e-13,4.1e-13,0
1038,063W,2006,3,8026,1,3.04e-12,3.04e-12,3.04e-12,0
1038,063W,2007,2,8029,1,2.56e-10,2.56e-10,2.56e-10,0
1038,063W,2007,3,8030,1,3.31e-10,3.31e-10,3.31e-10,0
1038,063W,2007,4,8031,1,1.6e-9,1.6e-9,1.6e-9,0
1038,063W,2008,2,8033,1,1.44e-7,1.44e-7,1.44e-7,0
1038,063W,2009,1,8036,1,3.87e-6,3.87e-6,3.87e-6,0
1038,063W,2010,4,8043,1,2.44e-4,2.44e-4,2.44e-4,0
1038,063W,2011,1,8044,1,0.001277104,0.001277104,0.001277104,0
1038,063W,2011,2,8045,1,0.002549239,0.002549239,0.002549239,0
1038,063W,2012,3,8050,1,0.004560823,0.004560823,0.004560823,0
1038,063W,2013,4,8055,1,0.005343735,0.005343735,0.005343735,0
1038,063W,2014,2,8057,1,0.009341276,0.009341276,0.009341276,0
1039,063Y,2007,3,8030,1,7.2e-9,7.2e-9,7.2e-9,0
1039,063Y,2007,4,8031,1,3.53e-8,3.53e-8,3.53e-8,0
1039,063Y,2008,1,8032,1,1.46e-6,1.46e-6,1.46e-6,0
1039,063Y,2008,2,8033,1,4.7e-5,4.7e-5,4.7e-5,0
1039,063Y,2008,3,8034,1,9.2e-5,9.2e-5,9.2e-5,0
1039,063Y,2008,4,8035,1,9.42e-5,9.42e-5,9.42e-5,0
1039,063Y,2009,2,8037,1,1.08e-4,1.08e-4,1.08e-4,0
1039,063Y,2009,4,8039,2,3.21e-4,3.21e-4,3.21e-4,0
1039,063Y,2010,4,8043,2,0.397141328,0.397141328,0.397141328,0
1039,063Y,2012,2,8049,1,0.973893372,0.973893372,0.973893372,0
1039,063Y,2013,2,8053,1,0.982543372,0.982543372,0.982543372,0
1039,063Y,2013,3,8054,1,0.98338412,0.98338412,0.98338412,0
1039,063Y,2013,4,8055,1,0.983625931,0.983625931,0.983625931,0
1039,063Y,2014,4,8059,1,0.999614554,0.999614554,0.999614554,0
1039,063Y,2015,2,8061,1,0.99999674,0.99999674,0.99999674,0
1039,063Y,2016,1,8064,1,1,1,1,0
1039,063Y,2016,3,8066,1,1,1,1,0
1039,063Y,2017,3,8070,2,1,1,1,0
1040,064B,2006,4,8027,1,0.053255678,0.053255678,0.053255678,0
1041,064G,2003,4,8015,1,0.00354134,0.00354134,0.00354134,0
1041,064G,2005,4,8023,1,0.04275064,0.04275064,0.04275064,0
1042,064P,2008,4,8035,2,1.26e-6,1.26e-6,1.26e-6,0
1042,064P,2009,2,8037,1,2.73e-5,2.73e-5,2.73e-5,0
1042,064P,2009,3,8038,1,2.71e-4,2.71e-4,2.71e-4,0
1042,064P,2009,4,8039,2,0.004372961,0.004372961,0.004372961,0
1042,064P,2010,2,8041,1,0.642215104,0.642215104,0.642215104,0
1042,064P,2010,3,8042,1,0.985529491,0.985529491,0.985529491,0
1042,064P,2010,4,8043,1,0.996978269,0.996978269,0.996978269,0
1042,064P,2011,2,8045,1,0.998296669,0.998296669,0.998296669,0
1042,064P,2011,3,8046,1,0.998506203,0.998506203,0.998506203,0
1042,064P,2011,4,8047,1,0.998566682,0.998566682,0.998566682,0
1043,064R,2004,3,8018,1,0.003275983,0.003275983,0.003275983,0
1043,064R,2004,4,8019,1,0.005969549,0.005969549,0.005969549,0
1044,064W,2005,2,8021,1,4.62e-5,4.62e-5,4.62e-5,0
1044,064W,2005,3,8022,1,1e-4,1e-4,1e-4,0
1044,064W,2006,1,8024,1,2.92e-4,2.92e-4,2.92e-4,0
1044,064W,2006,2,8025,1,3.25e-4,3.25e-4,3.25e-4,0
1044,064W,2006,3,8026,1,5.93e-4,5.93e-4,5.93e-4,0
1044,064W,2007,1,8028,1,0.001315412,0.001315412,0.001315412,0
1044,064W,2007,3,8030,1,0.002810924,0.002810924,0.002810924,0
1044,064W,2007,4,8031,1,0.003383518,0.003383518,0.003383518,0
1045,064Y,2007,4,8031,1,9.22e-9,9.22e-9,9.22e-9,0
1045,064Y,2008,2,8033,2,1.63e-7,1.63e-7,1.63e-7,0
1045,064Y,2008,3,8034,1,3.83e-5,3.83e-5,3.83e-5,0
1045,064Y,2009,2,8037,1,0.003285398,0.003285398,0.003285398,0
1046,065B,2006,4,8027,2,1.41e-9,1.41e-9,1.41e-9,0
1046,065B,2008,2,8033,1,1.04e-7,1.04e-7,1.04e-7,0
1046,065B,2008,3,8034,1,4.64e-7,4.64e-7,4.64e-7,0
1046,065B,2010,2,8041,1,6.92e-5,6.92e-5,6.92e-5,0
1046,065B,2011,2,8045,1,0.001046887,0.001046887,0.001046887,0
1046,065B,2011,3,8046,1,0.003569334,0.003569334,0.003569334,0
1047,065G,2003,4,8015,1,0.013312603,0.013312603,0.013312603,0
1048,065P,2008,4,8035,1,0.998171736,0.998171736,0.998171736,0
1048,065P,2009,2,8037,1,0.999923211,0.999923211,0.999923211,0
1049,065R,2004,3,8018,1,0.947944934,0.947944934,0.947944934,0
1049,065R,2004,4,8019,2,0.987747508,0.987747508,0.987747508,0
1049,065R,2005,1,8020,1,0.991522447,0.991522447,0.991522447,0
1049,065R,2005,2,8021,1,0.992527413,0.992527413,0.992527413,0
1050,065W,2005,2,8021,1,2.17e-9,2.17e-9,2.17e-9,0
1050,065W,2005,3,8022,1,4.71e-9,4.71e-9,4.71e-9,0
1050,065W,2005,4,8023,1,1.17e-8,1.17e-8,1.17e-8,0
1050,065W,2006,1,8024,1,1.46e-8,1.46e-8,1.46e-8,0
1050,065W,2006,2,8025,1,1.53e-8,1.53e-8,1.53e-8,0
1050,065W,2006,3,8026,1,1.75e-8,1.75e-8,1.75e-8,0
1050,065W,2007,2,8029,1,2.23e-7,2.23e-7,2.23e-7,0
1050,065W,2008,2,8033,1,7.08e-6,7.08e-6,7.08e-6,0
1050,065W,2009,2,8037,1,1.75e-4,1.75e-4,1.75e-4,0
1050,065W,2009,4,8039,1,0.001738082,0.001738082,0.001738082,0
1051,065Y,2007,4,8031,1,3.74e-7,3.74e-7,3.74e-7,0
1051,065Y,2008,1,8032,1,5.18e-7,5.18e-7,5.18e-7,0
1051,065Y,2008,2,8033,1,7.54e-7,7.54e-7,7.54e-7,0
1051,065Y,2008,3,8034,1,4.78e-6,4.78e-6,4.78e-6,0
1051,065Y,2009,2,8037,1,3.48e-4,3.48e-4,3.48e-4,0
1051,065Y,2011,2,8045,1,0.022567568,0.022567568,0.022567568,0
1052,066B,2006,4,8027,2,1.11e-5,1.11e-5,1.11e-5,0
1052,066B,2007,2,8029,1,2.75e-5,2.75e-5,2.75e-5,0
1052,066B,2007,3,8030,1,3.53e-5,3.53e-5,3.53e-5,0
1052,066B,2008,3,8034,1,9.21e-4,9.21e-4,9.21e-4,0
1052,066B,2011,2,8045,1,0.058388417,0.058388417,0.058388417,0
1052,066B,2012,2,8049,1,0.288550071,0.288550071,0.288550071,0
1053,066G,2003,4,8015,1,0.013312603,0.013312603,0.013312603,0
1054,066P,2008,4,8035,1,0.004214687,0.004214687,0.004214687,0
1055,066R,2004,3,8018,1,1.4e-12,1.4e-12,1.4e-12,0
1055,066R,2004,4,8019,1,2.55e-12,2.55e-12,2.55e-12,0
1055,066R,2005,2,8021,1,3.65e-12,3.65e-12,3.65e-12,0
1055,066R,2005,3,8022,1,5.33e-12,5.33e-12,5.33e-12,0
1055,066R,2006,2,8025,1,2.94e-11,2.94e-11,2.94e-11,0
1055,066R,2006,3,8026,1,1.15e-10,1.15e-10,1.15e-10,0
1055,066R,2007,3,8030,1,7.29e-10,7.29e-10,7.29e-10,0
1055,066R,2010,1,8040,1,3.65e-8,3.65e-8,3.65e-8,0
1055,066R,2010,2,8041,1,1.62e-7,1.62e-7,1.62e-7,0
1055,066R,2011,2,8045,1,9.56e-6,9.56e-6,9.56e-6,0
1055,066R,2011,4,8047,1,4.92e-5,4.92e-5,4.92e-5,0
1055,066R,2012,4,8051,1,0.001303314,0.001303314,0.001303314,0
1055,066R,2013,3,8054,1,0.012860926,0.012860926,0.012860926,0
1056,066W,2005,2,8021,1,3.16e-9,3.16e-9,3.16e-9,0
1056,066W,2005,3,8022,1,6.87e-9,6.87e-9,6.87e-9,0
1056,066W,2005,4,8023,1,1.7e-8,1.7e-8,1.7e-8,0
1056,066W,2006,1,8024,1,1e-7,1e-7,1e-7,0
1056,066W,2006,2,8025,1,5.34e-7,5.34e-7,5.34e-7,0
1056,066W,2006,3,8026,1,1.74e-6,1.74e-6,1.74e-6,0
1056,066W,2007,2,8029,1,1.17e-4,1.17e-4,1.17e-4,0
1056,066W,2007,3,8030,1,0.001005324,0.001005324,0.001005324,0
1057,066Y,2007,4,8031,1,0.047828385,0.047828385,0.047828385,0
1057,066Y,2008,2,8033,1,0.088575142,0.088575142,0.088575142,0
1058,067B,2006,4,8027,1,0.002864372,0.002864372,0.002864372,0
1059,067G,2003,4,8015,1,0.013312603,0.013312603,0.013312603,0
1060,067P,2008,4,8035,1,6.5e-16,6.5e-16,6.5e-16,0
1060,067P,2009,1,8036,1,5.16e-15,5.16e-15,5.16e-15,0
1060,067P,2009,4,8039,1,2.03e-14,2.03e-14,2.03e-14,0
1060,067P,2010,2,8041,1,3.67e-13,3.67e-13,3.67e-13,0
1060,067P,2010,3,8042,1,5.31e-13,5.31e-13,5.31e-13,0
1060,067P,2010,4,8043,1,3.3e-12,3.3e-12,3.3e-12,0
1060,067P,2011,2,8045,1,3.25e-10,3.25e-10,3.25e-10,0
1060,067P,2011,3,8046,2,1.64e-9,1.64e-9,1.64e-9,0
1060,067P,2012,3,8050,1,8.05e-7,8.05e-7,8.05e-7,0
1060,067P,2012,4,8051,1,2.12e-6,2.12e-6,2.12e-6,0
1060,067P,2013,2,8053,1,6.65e-5,6.65e-5,6.65e-5,0
1060,067P,2013,3,8054,1,3.28e-4,3.28e-4,3.28e-4,0
1060,067P,2013,4,8055,1,0.002267809,0.002267809,0.002267809,0
1061,067R,2004,3,8018,1,0.015249013,0.015249013,0.015249013,0
1061,067R,2005,1,8020,1,0.052591351,0.052591351,0.052591351,0
1061,067R,2007,3,8030,1,1,1,1,0
1061,067R,2008,2,8033,1,1,1,1,0
1062,067W,2005,2,8021,1,0.0495703,0.0495703,0.0495703,0
1062,067W,2008,3,8034,1,0.867172923,0.867172923,0.867172923,0
1063,067Y,2007,4,8031,1,2.44e-4,2.44e-4,2.44e-4,0
1063,067Y,2009,2,8037,1,7.6e-4,7.6e-4,7.6e-4,0
1063,067Y,2010,2,8041,1,0.008475097,0.008475097,0.008475097,0
1063,067Y,2012,2,8049,1,0.400795486,0.400795486,0.400795486,0
1064,068G,2003,4,8015,1,0.013312603,0.013312603,0.013312603,0
1065,068P,2008,4,8035,1,0.004214687,0.004214687,0.004214687,0
1066,068R,2004,3,8018,1,1.91e-4,1.91e-4,1.91e-4,0
1066,068R,2005,1,8020,1,6.6e-4,6.6e-4,6.6e-4,0
1066,068R,2005,2,8021,1,0.002281495,0.002281495,0.002281495,0
1066,068R,2005,3,8022,1,0.006780653,0.006780653,0.006780653,0
1067,068W,2005,2,8021,1,0.003832652,0.003832652,0.003832652,0
1067,068W,2005,3,8022,1,0.008324816,0.008324816,0.008324816,0
1068,068Y,2007,4,8031,1,0.070102184,0.070102184,0.070102184,0
1069,069G,2003,4,8015,1,0.208989208,0.208989208,0.208989208,0
1070,069P,2008,4,8035,1,0.997134122,0.997134122,0.997134122,0
1070,069P,2009,4,8039,1,0.99989067,0.99989067,0.99989067,0
1070,069P,2010,2,8041,1,0.999979597,0.999979597,0.999979597,0
1070,069P,2011,2,8045,1,0.999987781,0.999987781,0.999987781,0
1070,069P,2015,2,8061,1,0.999999842,0.999999842,0.999999842,0
1071,069R,2004,3,8018,1,1.19e-4,1.19e-4,1.19e-4,0
1071,069R,2004,4,8019,1,2.16e-4,2.16e-4,2.16e-4,0
1071,069R,2005,2,8021,1,3.1e-4,3.1e-4,3.1e-4,0
1071,069R,2005,3,8022,1,4.52e-4,4.52e-4,4.52e-4,0
1071,069R,2005,4,8023,1,8.42e-4,8.42e-4,8.42e-4,0
1071,069R,2006,1,8024,1,0.004041503,0.004041503,0.004041503,0
1071,069R,2006,2,8025,1,0.020699185,0.020699185,0.020699185,0
1071,069R,2006,3,8026,1,0.154434281,0.154434281,0.154434281,0
1071,069R,2007,3,8030,1,1,1,1,0
1071,069R,2007,4,8031,1,1,1,1,0
1071,069R,2008,1,8032,1,1,1,1,0
1071,069R,2008,3,8034,1,1,1,1,0
1071,069R,2008,4,8035,1,1,1,1,0
1071,069R,2009,1,8036,1,1,1,1,0
1071,069R,2009,2,8037,1,1,1,1,0
1071,069R,2010,2,8041,1,1,1,1,0
1071,069R,2011,2,8045,1,1,1,1,0
1071,069R,2013,3,8054,1,1,1,1,0
1072,069W,2005,2,8021,1,1.18e-5,1.18e-5,1.18e-5,0
1072,069W,2005,3,8022,1,2.57e-5,2.57e-5,2.57e-5,0
1072,069W,2005,4,8023,1,6.35e-5,6.35e-5,6.35e-5,0
1072,069W,2006,1,8024,1,3.74e-4,3.74e-4,3.74e-4,0
1072,069W,2009,4,8039,1,0.017480004,0.017480004,0.017480004,0
1073,069Y,2007,4,8031,1,0.003835037,0.003835037,0.003835037,0
1074,070G,2003,4,8015,1,0.013312603,0.013312603,0.013312603,0
1075,070P,2008,4,8035,1,5.13e-7,5.13e-7,5.13e-7,0
1075,070P,2009,2,8037,1,9.14e-7,9.14e-7,9.14e-7,0
1075,070P,2010,2,8041,1,1.75e-6,1.75e-6,1.75e-6,0
1075,070P,2013,2,8053,1,6.41e-5,6.41e-5,6.41e-5,0
1075,070P,2014,2,8057,1,2.57e-4,2.57e-4,2.57e-4,0
1075,070P,2015,2,8061,1,0.003539435,0.003539435,0.003539435,0
1075,070P,2019,2,8077,1,0.151268836,0.151268836,0.151268836,0
1075,070P,2021,2,8085,1,0.204671039,0.204671039,0.204671039,0
1076,070R,2004,3,8018,1,7.99e-4,7.99e-4,7.99e-4,0
1076,070R,2004,4,8019,1,0.001455466,0.001455466,0.001455466,0
1076,070R,2005,2,8021,1,0.013799092,0.013799092,0.013799092,0
1077,070W,2005,2,8021,1,5.2e-5,5.2e-5,5.2e-5,0
1077,070W,2005,3,8022,1,1.13e-4,1.13e-4,1.13e-4,0
1077,070W,2005,4,8023,1,2.8e-4,2.8e-4,2.8e-4,0
1077,070W,2006,1,8024,1,0.001647917,0.001647917,0.001647917,0
1077,070W,2006,2,8025,1,0.008771697,0.008771697,0.008771697,0
1078,070Y,2007,4,8031,1,6.79e-12,6.79e-12,6.79e-12,0
1078,070Y,2008,2,8033,1,1.2e-10,1.2e-10,1.2e-10,0
1078,070Y,2008,3,8034,1,1.18e-9,1.18e-9,1.18e-9,0
1078,070Y,2008,4,8035,1,2.09e-9,2.09e-9,2.09e-9,0
1078,070Y,2009,1,8036,1,4.66e-9,4.66e-9,4.66e-9,0
1078,070Y,2009,2,8037,1,8.69e-8,8.69e-8,8.69e-8,0
1078,070Y,2009,4,8039,2,2.38e-6,2.38e-6,2.38e-6,0
1078,070Y,2010,1,8040,1,0.001236156,0.001236156,0.001236156,0
1079,071G,2003,4,8015,1,0.029572022,0.029572022,0.029572022,0
1080,071R,2004,3,8018,1,9.99e-6,9.99e-6,9.99e-6,0
1080,071R,2004,4,8019,1,1.82e-5,1.82e-5,1.82e-5,0
1080,071R,2005,1,8020,1,8.79e-5,8.79e-5,8.79e-5,0
1080,071R,2005,2,8021,1,4.51e-4,4.51e-4,4.51e-4,0
1080,071R,2005,3,8022,2,5.03e-4,5.03e-4,5.03e-4,0
1080,071R,2008,2,8033,1,0.01197133,0.01197133,0.01197133,0
1081,071W,2005,2,8021,1,9.25e-4,9.25e-4,9.25e-4,0
1081,071W,2005,3,8022,1,0.00200966,0.00200966,0.00200966,0
1081,071W,2006,1,8024,1,0.010657215,0.010657215,0.010657215,0
1082,072G,2003,4,8015,1,0.013312603,0.013312603,0.013312603,0
1083,072R,2004,3,8018,1,0.012448785,0.012448785,0.012448785,0
1083,072R,2004,4,8019,1,0.022684378,0.022684378,0.022684378,0
1083,072R,2005,2,8021,1,0.215067763,0.215067763,0.215067763,0
1084,072W,2005,2,8021,1,3.81e-4,3.81e-4,3.81e-4,0
1084,072W,2005,3,8022,1,8.28e-4,8.28e-4,8.28e-4,0
1084,072W,2005,4,8023,1,0.002049696,0.002049696,0.002049696,0
1084,072W,2006,1,8024,1,0.012080665,0.012080665,0.012080665,0
1084,072W,2006,2,8025,1,0.014747573,0.014747573,0.014747573,0
1084,072W,2007,3,8030,1,0.019451534,0.019451534,0.019451534,0
1085,073R,2004,3,8018,1,1.9e-5,1.9e-5,1.9e-5,0
1085,073R,2005,1,8020,1,3.97e-5,3.97e-5,3.97e-5,0
1085,073R,2005,2,8021,1,1.11e-4,1.11e-4,1.11e-4,0
1085,073R,2005,3,8022,2,1.21e-4,1.21e-4,1.21e-4,0
1085,073R,2006,2,8025,1,7.43e-4,7.43e-4,7.43e-4,0
1085,073R,2006,3,8026,1,0.001508298,0.001508298,0.001508298,0
1086,073W,2005,2,8021,1,0.003438864,0.003438864,0.003438864,0
1086,073W,2005,3,8022,1,0.007469478,0.007469478,0.007469478,0
1086,073W,2005,4,8023,1,0.018497333,0.018497333,0.018497333,0
1086,073W,2006,2,8025,1,0.21894153,0.21894153,0.21894153,0
1087,074R,2004,3,8018,1,0.003275983,0.003275983,0.003275983,0
1087,074R,2004,4,8019,1,0.005969549,0.005969549,0.005969549,0
1088,074W,2005,2,8021,1,0.003761829,0.003761829,0.003761829,0
1088,074W,2005,3,8022,1,0.008170982,0.008170982,0.008170982,0
1088,074W,2005,4,8023,1,0.02023453,0.02023453,0.02023453,0
1088,074W,2006,1,8024,1,0.119259941,0.119259941,0.119259941,0
1089,075R,2004,3,8018,1,0.057744994,0.057744994,0.057744994,0
1089,075R,2004,4,8019,1,0.10522387,0.10522387,0.10522387,0
1090,075W,2005,2,8021,1,0.003761829,0.003761829,0.003761829,0
1090,075W,2005,3,8022,1,0.008170982,0.008170982,0.008170982,0
1090,075W,2005,4,8023,1,0.02023453,0.02023453,0.02023453,0
1090,075W,2006,1,8024,1,0.119259941,0.119259941,0.119259941,0
1091,076R,2004,4,8019,1,0.0068456,0.0068456,0.0068456,0
1091,076R,2005,1,8020,1,0.018110161,0.018110161,0.018110161,0
1091,076R,2007,4,8031,1,0.041325977,0.041325977,0.041325977,0
1092,076W,2005,2,8021,1,0.01599487,0.01599487,0.01599487,0
1093,077R,2004,4,8019,1,0.214775445,0.214775445,0.214775445,0
1094,077W,2005,2,8021,1,0.003484937,0.003484937,0.003484937,0
1094,077W,2005,3,8022,1,0.007569553,0.007569553,0.007569553,0
1094,077W,2005,4,8023,1,0.012517632,0.012517632,0.012517632,0
1094,077W,2006,2,8025,1,0.102454789,0.102454789,0.102454789,0
1094,077W,2007,4,8031,1,0.968560468,0.968560468,0.968560468,0
1094,077W,2008,3,8034,1,0.995901662,0.995901662,0.995901662,0
1094,077W,2009,2,8037,1,0.997102802,0.997102802,0.997102802,0
1094,077W,2010,2,8041,1,0.999117064,0.999117064,0.999117064,0
1095,078R,2004,4,8019,1,0.214775445,0.214775445,0.214775445,0
1096,078W,2005,2,8021,1,0.064996691,0.064996691,0.064996691,0
1096,078W,2005,3,8022,1,0.141177818,0.141177818,0.141177818,0
1097,079W,2005,2,8021,1,1.62e-4,1.62e-4,1.62e-4,0
1097,079W,2005,3,8022,1,3.52e-4,3.52e-4,3.52e-4,0
1097,079W,2005,4,8023,1,8.73e-4,8.73e-4,8.73e-4,0
1097,079W,2006,1,8024,1,0.005144651,0.005144651,0.005144651,0
1097,079W,2006,3,8026,1,0.041761074,0.041761074,0.041761074,0
1098,080W,2005,2,8021,1,0.005739801,0.005739801,0.005739801,0
1098,080W,2005,3,8022,1,0.01246729,0.01246729,0.01246729,0
1098,080W,2006,1,8024,1,0.066113953,0.066113953,0.066113953,0
1098,080W,2006,2,8025,1,0.075483146,0.075483146,0.075483146,0
1098,080W,2007,2,8029,1,0.195375321,0.195375321,0.195375321,0
1099,081W,2005,2,8021,1,4.83e-4,4.83e-4,4.83e-4,0
1099,081W,2005,3,8022,1,5.12e-4,5.12e-4,5.12e-4,0
1099,081W,2005,4,8023,1,5.91e-4,5.91e-4,5.91e-4,0
1099,081W,2006,1,8024,1,0.001240661,0.001240661,0.001240661,0
1099,081W,2010,2,8041,1,0.003341735,0.003341735,0.003341735,0
1099,081W,2011,3,8046,1,0.01715632,0.01715632,0.01715632,0
1100,082W,2005,3,8022,2,6.26e-19,6.26e-19,6.26e-19,0
1100,082W,2005,4,8023,1,7.31e-19,7.31e-19,7.31e-19,0
1100,082W,2006,2,8025,1,2.63e-18,2.63e-18,2.63e-18,0
1100,082W,2006,3,8026,1,2.78e-18,2.78e-18,2.78e-18,0
1100,082W,2006,4,8027,2,5.28e-18,5.28e-18,5.28e-18,0
1100,082W,2007,2,8029,1,2.15e-17,2.15e-17,2.15e-17,0
1100,082W,2007,4,8031,1,2.7e-16,2.7e-16,2.7e-16,0
1100,082W,2008,3,8034,1,1.49e-14,1.49e-14,1.49e-14,0
1100,082W,2008,4,8035,2,7.9e-14,7.9e-14,7.9e-14,0
1100,082W,2009,2,8037,1,1.83e-10,1.83e-10,1.83e-10,0
1100,082W,2009,3,8038,1,1.89e-9,1.89e-9,1.89e-9,0
1100,082W,2010,2,8041,1,1.08e-8,1.08e-8,1.08e-8,0
1100,082W,2010,3,8042,1,7.79e-8,7.79e-8,7.79e-8,0
1100,082W,2011,2,8045,1,6.15e-6,6.15e-6,6.15e-6,0
1100,082W,2011,3,8046,2,2.64e-5,2.64e-5,2.64e-5,0
1100,082W,2012,2,8049,1,0.009652957,0.009652957,0.009652957,0
1101,083W,2005,3,8022,2,0.076069316,0.076069316,0.076069316,0
1101,083W,2005,4,8023,1,0.088768666,0.088768666,0.088768666,0
1101,083W,2006,2,8025,1,0.10055628,0.10055628,0.10055628,0
1102,084W,2005,3,8022,2,0.00093000000000000005,0.00093000000000000005,0.00093000000000000005,0
1102,084W,2006,2,8025,1,0.01685359,0.01685359,0.01685359,0
1103,085W,2005,3,8022,2,1.57e-4,1.57e-4,1.57e-4,0
1103,085W,2006,4,8027,1,0.00411845,0.00411845,0.00411845,0
1104,086W,2005,3,8022,1,0.035412713,0.035412713,0.035412713,0
1105,087W,2005,3,8022,1,0.01599487,0.01599487,0.01599487,0
1106,088W,2005,3,8022,1,0.01599487,0.01599487,0.01599487,0
1107,089W,2005,3,8022,1,1.46e-6,1.46e-6,1.46e-6,0
1107,089W,2006,2,8025,1,4.05e-6,4.05e-6,4.05e-6,0
1107,089W,2006,4,8027,2,9.27e-6,9.27e-6,9.27e-6,0
1107,089W,2007,2,8029,1,0.006683018,0.006683018,0.006683018,0
1107,089W,2007,4,8031,1,0.108832805,0.108832805,0.108832805,0
1107,089W,2008,1,8032,1,0.999999998,0.999999998,0.999999998,0
1107,089W,2008,2,8033,1,1,1,1,0
1108,090W,2005,3,8022,1,0.01599487,0.01599487,0.01599487,0
1109,091W,2005,3,8022,2,0.003776875,0.003776875,0.003776875,0
1110,092W,2005,3,8022,1,0.035412713,0.035412713,0.035412713,0
1111,093W,2005,3,8022,1,1.71e-4,1.71e-4,1.71e-4,0
1111,093W,2006,1,8024,1,5.52e-4,5.52e-4,5.52e-4,0
1111,093W,2007,3,8030,1,0.006617801,0.006617801,0.006617801,0
1112,094W,2005,3,8022,1,0.001693259,0.001693259,0.001693259,0
1112,094W,2005,4,8023,1,0.002984318,0.002984318,0.002984318,0
1112,094W,2006,1,8024,1,0.013582166,0.013582166,0.013582166,0
1112,094W,2007,2,8029,1,0.02480917,0.02480917,0.02480917,0
1113,095W,2005,3,8022,1,0.962522096,0.962522096,0.962522096,0
1113,095W,2005,4,8023,1,0.999999999,0.999999999,0.999999999,0
1114,096W,2005,3,8022,1,3.27e-10,3.27e-10,3.27e-10,0
1114,096W,2006,2,8025,1,1.63e-9,1.63e-9,1.63e-9,0
1114,096W,2006,3,8026,1,6.28e-9,6.28e-9,6.28e-9,0
1114,096W,2007,2,8029,1,4.52e-7,4.52e-7,4.52e-7,0
1114,096W,2007,3,8030,1,1.97e-6,1.97e-6,1.97e-6,0
1114,096W,2008,3,8034,1,1.74e-4,1.74e-4,1.74e-4,0
1114,096W,2009,2,8037,1,0.003420659,0.003420659,0.003420659,0
1115,097W,2005,3,8022,1,4.42e-6,4.42e-6,4.42e-6,0
1115,097W,2006,2,8025,1,2.21e-5,2.21e-5,2.21e-5,0
1115,097W,2006,4,8027,1,5.76e-5,5.76e-5,5.76e-5,0
1115,097W,2007,4,8031,1,0.002762176,0.002762176,0.002762176,0
1115,097W,2008,3,8034,1,0.060924916,0.060924916,0.060924916,0
1116,098W,2005,3,8022,1,0.003230627,0.003230627,0.003230627,0
1116,098W,2006,2,8025,1,0.016136383,0.016136383,0.016136383,0
1116,098W,2007,2,8029,1,0.019878524,0.019878524,0.019878524,0
1117,099W,2005,3,8022,1,0.036130651,0.036130651,0.036130651,0
1117,099W,2006,2,8025,1,0.180465898,0.180465898,0.180465898,0
1117,099W,2007,2,8029,1,1,1,1,0
1118,100W,2005,3,8022,1,0.003973993,0.003973993,0.003973993,0
1118,100W,2006,2,8025,1,0.019849356,0.019849356,0.019849356,0
1119,101W,2005,3,8022,1,0.0035773,0.0035773,0.0035773,0
1119,101W,2005,4,8023,1,0.00371659,0.00371659,0.00371659,0
1119,101W,2006,2,8025,1,0.006248349,0.006248349,0.006248349,0
1119,101W,2006,3,8026,1,0.010096394,0.010096394,0.010096394,0
1119,101W,2008,2,8033,1,0.842356157,0.842356157,0.842356157,0
1119,101W,2008,3,8034,1,0.997730769,0.997730769,0.997730769,0
1119,101W,2009,4,8039,1,0.999948763,0.999948763,0.999948763,0
1120,102W,2005,4,8023,1,0.003936862,0.003936862,0.003936862,0
1120,102W,2006,2,8025,1,0.016821854,0.016821854,0.016821854,0
1121,103W,2005,4,8023,1,0.027696445,0.027696445,0.027696445,0
1121,103W,2006,1,8024,1,0.029787036,0.029787036,0.029787036,0
1121,103W,2006,3,8026,1,0.030702158,0.030702158,0.030702158,0
1121,103W,2007,2,8029,1,0.032462625,0.032462625,0.032462625,0
1121,103W,2007,3,8030,1,0.033155238,0.033155238,0.033155238,0
1121,103W,2007,4,8031,1,0.033752378,0.033752378,0.033752378,0
1121,103W,2009,2,8037,1,0.04221622,0.04221622,0.04221622,0
1121,103W,2009,4,8039,1,0.06311787,0.06311787,0.06311787,0
1121,103W,2010,2,8041,1,0.995617809,0.995617809,0.995617809,0
1121,103W,2011,2,8045,1,1,1,1,0
1122,104W,2005,4,8023,1,3.31e-5,3.31e-5,3.31e-5,0
1122,104W,2008,3,8034,1,5.31e-4,5.31e-4,5.31e-4,0
1122,104W,2009,2,8037,1,0.003776485,0.003776485,0.003776485,0
1123,A001,1989,1,7956,1,0.004916761,0.004916761,0.004916761,0
1124,A002,1989,1,7956,1,4.36e-5,4.36e-5,4.36e-5,0
1124,A002,1989,2,7957,1,1.76e-4,1.76e-4,1.76e-4,0
1124,A002,1990,3,7962,1,0.001710929,0.001710929,0.001710929,0
1124,A002,1993,2,7973,1,0.010782075,0.010782075,0.010782075,0
1124,A002,1994,3,7978,1,0.027444387,0.027444387,0.027444387,0
1124,A002,1996,1,7984,1,0.155377731,0.155377731,0.155377731,0
1124,A002,1996,4,7987,1,0.526649025,0.526649025,0.526649025,0
1124,A002,1999,3,7998,1,1,1,1,0
1125,A003,1989,1,7956,1,4.38e-6,4.38e-6,4.38e-6,0
1125,A003,1989,3,7958,1,2.63e-5,2.63e-5,2.63e-5,0
1125,A003,1990,2,7961,1,1.09e-4,1.09e-4,1.09e-4,0
1125,A003,1992,2,7969,1,7.61e-4,7.61e-4,7.61e-4,0
1125,A003,1993,3,7974,1,0.002113816,0.002113816,0.002113816,0
1125,A003,1994,4,7979,1,0.008317744,0.008317744,0.008317744,0
1126,A004,1989,1,7956,1,1,1,1,0
1126,A004,1989,2,7957,1,1,1,1,0
1126,A004,1989,3,7958,1,1,1,1,0
1126,A004,1989,4,7959,1,1,1,1,0
1126,A004,1990,2,7961,1,1,1,1,0
1126,A004,1990,4,7963,1,1,1,1,0
1127,A005,1989,2,7957,1,0.009894403,0.009894403,0.009894403,0
1128,A006,1989,2,7957,1,0.004916761,0.004916761,0.004916761,0
1129,A007,1989,2,7957,1,1.64e-5,1.64e-5,1.64e-5,0
1129,A007,1990,2,7961,1,1.31e-4,1.31e-4,1.31e-4,0
1129,A007,1992,4,7971,1,8.78e-4,8.78e-4,8.78e-4,0
1129,A007,1993,4,7975,1,0.001926676,0.001926676,0.001926676,0
1129,A007,1994,1,7976,1,0.003454273,0.003454273,0.003454273,0
1130,A008,1989,2,7957,1,0.004916761,0.004916761,0.004916761,0
1131,A009,1989,2,7957,1,0.004916761,0.004916761,0.004916761,0
1132,A010,1989,2,7957,1,0.004916761,0.004916761,0.004916761,0
1133,A011,1989,2,7957,1,9.47e-7,9.47e-7,9.47e-7,0
1133,A011,1989,3,7958,1,2.85e-6,2.85e-6,2.85e-6,0
1133,A011,1989,4,7959,1,7.54e-6,7.54e-6,7.54e-6,0
1133,A011,1990,2,7961,1,6.52e-5,6.52e-5,6.52e-5,0
1133,A011,1990,3,7962,1,1.55e-4,1.55e-4,1.55e-4,0
1133,A011,1991,2,7965,1,0.001213942,0.001213942,0.001213942,0
1133,A011,1991,3,7966,1,0.002479116,0.002479116,0.002479116,0
1134,A012,1989,2,7957,1,0.317816027,0.317816027,0.317816027,0
1134,A012,1989,3,7958,1,0.956000116,0.956000116,0.956000116,0
1134,A012,1990,1,7960,1,1,1,1,0
1134,A012,1990,2,7961,1,1,1,1,0
1135,A013,1989,2,7957,1,0.975258963,0.975258963,0.975258963,0
1135,A013,1989,3,7958,1,0.999274115,0.999274115,0.999274115,0
1135,A013,1989,4,7959,1,1,1,1,0
1135,A013,1990,1,7960,2,1,1,1,0
1135,A013,1990,2,7961,1,1,1,1,0
1135,A013,1990,3,7962,1,1,1,1,0
1135,A013,1990,4,7963,1,1,1,1,0
1136,A014,1989,2,7957,1,0.125667863,0.125667863,0.125667863,0
1136,A014,1989,3,7958,1,0.378012691,0.378012691,0.378012691,0
1136,A014,1989,4,7959,1,0.999999996,0.999999996,0.999999996,0
1136,A014,1990,1,7960,1,1,1,1,0
1136,A014,1990,2,7961,1,1,1,1,0
1136,A014,1990,3,7962,1,1,1,1,0
1136,A014,1990,4,7963,1,1,1,1,0
1136,A014,1991,2,7965,1,1,1,1,0
1136,A014,1993,2,7973,1,1,1,1,0
1136,A014,1993,3,7974,1,1,1,1,0
1136,A014,1993,4,7975,1,1,1,1,0
1136,A014,1994,2,7977,1,1,1,1,0
1136,A014,1994,3,7978,1,1,1,1,0
1137,A015,1989,2,7957,1,0.004916761,0.004916761,0.004916761,0
1138,A016,1989,2,7957,1,0.004916761,0.004916761,0.004916761,0
1139,A017,1989,2,7957,1,0.004916761,0.004916761,0.004916761,0
1140,A018,1989,2,7957,1,0.004916761,0.004916761,0.004916761,0
1141,A019,1989,2,7957,1,0.287203641,0.287203641,0.287203641,0
1142,A020,1989,2,7957,1,0.004916761,0.004916761,0.004916761,0
1143,A021,1989,2,7957,1,5.68e-8,5.68e-8,5.68e-8,0
1143,A021,1989,3,7958,1,1.71e-7,1.71e-7,1.71e-7,0
1143,A021,1989,4,7959,1,4.52e-7,4.52e-7,4.52e-7,0
1143,A021,1990,1,7960,1,5.31e-7,5.31e-7,5.31e-7,0
1143,A021,1990,2,7961,1,9.5e-7,9.5e-7,9.5e-7,0
1143,A021,1990,3,7962,1,2.13e-6,2.13e-6,2.13e-6,0
1143,A021,1990,4,7963,1,5.37e-6,5.37e-6,5.37e-6,0
1143,A021,1991,3,7966,1,6.77e-5,6.77e-5,6.77e-5,0
1143,A021,1991,4,7967,1,1.14e-4,1.14e-4,1.14e-4,0
1143,A021,1992,3,7970,1,0.001105503,0.001105503,0.001105503,0
1143,A021,1993,2,7973,1,0.004606172,0.004606172,0.004606172,0
1144,A022,1989,2,7957,1,0.004916761,0.004916761,0.004916761,0
1145,A023,1989,2,7957,1,0.004916761,0.004916761,0.004916761,0
1146,A024,1989,2,7957,1,3.04e-4,3.04e-4,3.04e-4,0
1146,A024,1989,3,7958,1,9.16e-4,9.16e-4,9.16e-4,0
1146,A024,1989,4,7959,1,0.002422183,0.002422183,0.002422183,0
1147,A025,1989,2,7957,1,0.004916761,0.004916761,0.004916761,0
1148,A026,1989,2,7957,1,0.004916761,0.004916761,0.004916761,0
1149,A027,1989,2,7957,1,0.004916761,0.004916761,0.004916761,0
1150,A028,1989,2,7957,1,0.004916761,0.004916761,0.004916761,0
1151,A029,1989,2,7957,1,0.287203641,0.287203641,0.287203641,0
1152,A030,1989,2,7957,1,1,1,1,0
1152,A030,1989,3,7958,1,1,1,1,0
1152,A030,1989,4,7959,1,1,1,1,0
1152,A030,1990,1,7960,1,1,1,1,0
1152,A030,1990,2,7961,1,1,1,1,0
1152,A030,1991,2,7965,1,1,1,1,0
1152,A030,1991,3,7966,1,1,1,1,0
1153,A031,1989,2,7957,1,0.004916761,0.004916761,0.004916761,0
1154,A032,1989,2,7957,1,0.004916761,0.004916761,0.004916761,0
1155,A033,1989,2,7957,1,0.004916761,0.004916761,0.004916761,0
1156,A034,1989,2,7957,1,0.001294774,0.001294774,0.001294774,0
1156,A034,1989,3,7958,1,0.003894719,0.003894719,0.003894719,0
1157,A035,1989,2,7957,1,0.004916761,0.004916761,0.004916761,0
1158,A036,1989,2,7957,1,0.004916761,0.004916761,0.004916761,0
1159,A037,1989,2,7957,1,1.18e-12,1.18e-12,1.18e-12,0
1159,A037,1989,3,7958,1,3.56e-12,3.56e-12,3.56e-12,0
1159,A037,1990,1,7960,2,1.69e-11,1.69e-11,1.69e-11,0
1159,A037,1990,2,7961,1,1.88e-10,1.88e-10,1.88e-10,0
1159,A037,1991,1,7964,1,7.37e-10,7.37e-10,7.37e-10,0
1159,A037,1991,2,7965,1,1.8e-9,1.8e-9,1.8e-9,0
1159,A037,1991,3,7966,1,4.8e-9,4.8e-9,4.8e-9,0
1159,A037,1992,2,7969,1,4.37e-8,4.37e-8,4.37e-8,0
1159,A037,1992,3,7970,1,9.15e-8,9.15e-8,9.15e-8,0
1159,A037,1993,1,7972,1,4.47e-7,4.47e-7,4.47e-7,0
1159,A037,1994,1,7976,1,4.09e-6,4.09e-6,4.09e-6,0
1159,A037,1994,3,7978,2,1.44e-5,1.44e-5,1.44e-5,0
1159,A037,1995,3,7982,1,4.5e-4,4.5e-4,4.5e-4,0
1159,A037,1996,4,7987,2,0.003498822,0.003498822,0.003498822,0
1160,A038,1989,2,7957,1,9.58e-7,9.58e-7,9.58e-7,0
1160,A038,1989,3,7958,1,2.88e-6,2.88e-6,2.88e-6,0
1160,A038,1990,1,7960,1,1.37e-5,1.37e-5,1.37e-5,0
1160,A038,1990,2,7961,1,4.6e-5,4.6e-5,4.6e-5,0
1160,A038,1990,4,7963,1,1.95e-4,1.95e-4,1.95e-4,0
1160,A038,1991,1,7964,1,5.61e-4,5.61e-4,5.61e-4,0
1160,A038,1992,2,7969,1,0.007663841,0.007663841,0.007663841,0
1161,A039,1989,2,7957,1,2.57e-9,2.57e-9,2.57e-9,0
1161,A039,1989,4,7959,1,1.1e-8,1.1e-8,1.1e-8,0
1161,A039,1990,1,7960,1,2.92e-8,2.92e-8,2.92e-8,0
1161,A039,1990,2,7961,1,1.26e-7,1.26e-7,1.26e-7,0
1161,A039,1990,3,7962,1,3.97e-7,3.97e-7,3.97e-7,0
1161,A039,1990,4,7963,1,1.14e-6,1.14e-6,1.14e-6,0
1161,A039,1991,1,7964,1,5.84e-6,5.84e-6,5.84e-6,0
1161,A039,1991,2,7965,1,3.09e-5,3.09e-5,3.09e-5,0
1161,A039,1991,4,7967,1,1.46e-4,1.46e-4,1.46e-4,0
1161,A039,1992,2,7969,1,8.65e-4,8.65e-4,8.65e-4,0
1161,A039,1992,3,7970,1,0.001985371,0.001985371,0.001985371,0
1162,A040,1989,2,7957,1,0.004916761,0.004916761,0.004916761,0
1163,A041,1989,2,7957,1,2.92e-9,2.92e-9,2.92e-9,0
1163,A041,1989,3,7958,1,8.78e-9,8.78e-9,8.78e-9,0
1163,A041,1989,4,7959,1,2.32e-8,2.32e-8,2.32e-8,0
1163,A041,1990,1,7960,1,1.03e-7,1.03e-7,1.03e-7,0
1163,A041,1990,2,7961,1,5.24e-7,5.24e-7,5.24e-7,0
1163,A041,1990,3,7962,1,1.71e-6,1.71e-6,1.71e-6,0
1163,A041,1991,3,7966,1,1.96e-5,1.96e-5,1.96e-5,0
1163,A041,1992,3,7970,1,8.46e-5,8.46e-5,8.46e-5,0
1163,A041,1992,4,7971,1,1.25e-4,1.25e-4,1.25e-4,0
1163,A041,1993,1,7972,1,4.14e-4,4.14e-4,4.14e-4,0
1163,A041,1993,3,7974,1,0.002973176,0.002973176,0.002973176,0
1164,A042,1989,2,7957,1,8.88e-11,8.88e-11,8.88e-11,0
1164,A042,1989,3,7958,1,2.67e-10,2.67e-10,2.67e-10,0
1164,A042,1989,4,7959,1,7.07e-10,7.07e-10,7.07e-10,0
1164,A042,1990,2,7961,1,6.11e-9,6.11e-9,6.11e-9,0
1164,A042,1990,3,7962,1,1.45e-8,1.45e-8,1.45e-8,0
1164,A042,1990,4,7963,1,3.77e-8,3.77e-8,3.77e-8,0
1164,A042,1991,3,7966,1,4.83e-7,4.83e-7,4.83e-7,0
1164,A042,1992,4,7971,1,2.75e-6,2.75e-6,2.75e-6,0
1164,A042,1993,2,7973,1,7.36e-6,7.36e-6,7.36e-6,0
1164,A042,1993,3,7974,1,1.46e-5,1.46e-5,1.46e-5,0
1164,A042,1994,3,7978,1,1.75e-4,1.75e-4,1.75e-4,0
1164,A042,1995,1,7980,1,5.53e-4,5.53e-4,5.53e-4,0
1164,A042,1995,3,7982,1,0.001616222,0.001616222,0.001616222,0
1164,A042,1995,4,7983,1,0.002776107,0.002776107,0.002776107,0
1165,A043,1989,2,7957,1,0.004405107,0.004405107,0.004405107,0
1166,A044,1989,2,7957,1,0.009894403,0.009894403,0.009894403,0
1167,A045,1989,2,7957,1,1.55e-5,1.55e-5,1.55e-5,0
1167,A045,1989,3,7958,1,5.03e-5,5.03e-5,5.03e-5,0
1167,A045,1990,1,7960,1,2.46e-4,2.46e-4,2.46e-4,0
1167,A045,1990,2,7961,1,8.28592e-4,8.28592e-4,8.28592e-4,0
1167,A045,1991,3,7966,1,0.008238669,0.008238669,0.008238669,0
1168,A046,1989,2,7957,1,1.98e-7,1.98e-7,1.98e-7,0
1168,A046,1989,3,7958,1,6.42e-7,6.42e-7,6.42e-7,0
1168,A046,1989,4,7959,1,1.74e-6,1.74e-6,1.74e-6,0
1168,A046,1990,1,7960,1,7.75e-6,7.75e-6,7.75e-6,0
1168,A046,1990,2,7961,1,3.97e-5,3.97e-5,3.97e-5,0
1168,A046,1990,3,7962,1,1.29e-4,1.29e-4,1.29e-4,0
1168,A046,1991,3,7966,2,0.001484959,0.001484959,0.001484959,0
1169,A047,1989,2,7957,1,2e-7,2e-7,2e-7,0
1169,A047,1989,3,7958,1,6.48e-7,6.48e-7,6.48e-7,0
1169,A047,1989,4,7959,1,1.75e-6,1.75e-6,1.75e-6,0
1169,A047,1991,1,7964,1,2.81e-5,2.81e-5,2.81e-5,0
1169,A047,1991,3,7966,2,6.9e-5,6.9e-5,6.9e-5,0
1169,A047,1991,4,7967,1,2.61e-4,2.61e-4,2.61e-4,0
1169,A047,1992,1,7968,1,0.001618558,0.001618558,0.001618558,0
1170,A048,1989,2,7957,1,0.009894403,0.009894403,0.009894403,0
1171,A049,1989,2,7957,1,1.23e-8,1.23e-8,1.23e-8,0
1171,A049,1989,3,7958,1,4e-8,4e-8,4e-8,0
1171,A049,1989,4,7959,1,1.08e-7,1.08e-7,1.08e-7,0
1171,A049,1990,1,7960,1,4.82e-7,4.82e-7,4.82e-7,0
1171,A049,1990,2,7961,1,2.47e-6,2.47e-6,2.47e-6,0
1171,A049,1991,1,7964,1,1.69e-5,1.69e-5,1.69e-5,0
1171,A049,1992,3,7970,1,1.35e-4,1.35e-4,1.35e-4,0
1171,A049,1993,1,7972,1,2.53e-4,2.53e-4,2.53e-4,0
1171,A049,1995,3,7982,1,0.004109129,0.004109129,0.004109129,0
1171,A049,1996,4,7987,1,0.017002427,0.017002427,0.017002427,0
1172,A050,1989,2,7957,1,0.001159596,0.001159596,0.001159596,0
1172,A050,1989,3,7958,1,0.003759893,0.003759893,0.003759893,0
1173,A051,1989,3,7958,2,4.9e-18,4.9e-18,4.9e-18,0
1173,A051,1989,4,7959,1,3.55e-17,3.55e-17,3.55e-17,0
1173,A051,1990,1,7960,1,2.03e-16,2.03e-16,2.03e-16,0
1173,A051,1990,3,7962,1,1.68e-15,1.68e-15,1.68e-15,0
1173,A051,1990,4,7963,1,3.29e-15,3.29e-15,3.29e-15,0
1173,A051,1991,3,7966,2,3.42e-14,3.42e-14,3.42e-14,0
1173,A051,1992,1,7968,1,2.93e-13,2.93e-13,2.93e-13,0
1173,A051,1992,2,7969,1,1.15e-12,1.15e-12,1.15e-12,0
1173,A051,1992,3,7970,1,3.57e-12,3.57e-12,3.57e-12,0
1173,A051,1992,4,7971,1,1.02e-11,1.02e-11,1.02e-11,0
1173,A051,1993,3,7974,2,1.58e-10,1.58e-10,1.58e-10,0
1173,A051,1993,4,7975,1,6.26e-10,6.26e-10,6.26e-10,0
1173,A051,1994,3,7978,1,1.48e-8,1.48e-8,1.48e-8,0
1173,A051,1995,3,7982,2,1.09e-7,1.09e-7,1.09e-7,0
1173,A051,1995,4,7983,1,3.73e-7,3.73e-7,3.73e-7,0
1173,A051,1996,3,7986,1,9.79e-6,9.79e-6,9.79e-6,0
1173,A051,1997,3,7990,1,7.59e-5,7.59e-5,7.59e-5,0
1173,A051,1998,3,7994,1,3.94e-4,3.94e-4,3.94e-4,0
1173,A051,1999,1,7996,1,9.17e-4,9.17e-4,9.17e-4,0
1173,A051,1999,3,7998,1,0.003721973,0.003721973,0.003721973,0
1173,A051,2000,3,8002,1,0.021725775,0.021725775,0.021725775,0
1174,A052,1989,3,7958,2,1.76e-7,1.76e-7,1.76e-7,0
1174,A052,1989,4,7959,1,1.27e-6,1.27e-6,1.27e-6,0
1174,A052,1990,3,7962,2,1.96e-5,1.96e-5,1.96e-5,0
1174,A052,1990,4,7963,1,7.73e-5,7.73e-5,7.73e-5,0
1174,A052,1991,3,7966,2,0.001185968,0.001185968,0.001185968,0
1175,A053,1989,3,7958,2,5.67e-4,5.67e-4,5.67e-4,0
1175,A053,1991,3,7966,1,0.013990853,0.013990853,0.013990853,0
1176,A054,1989,3,7958,1,7.85e-17,7.85e-17,7.85e-17,0
1176,A054,1989,4,7959,1,1.93e-16,1.93e-16,1.93e-16,0
1176,A054,1990,1,7960,1,8.2e-16,8.2e-16,8.2e-16,0
1176,A054,1990,3,7962,2,6.33e-15,6.33e-15,6.33e-15,0
1176,A054,1991,3,7966,1,6.89e-14,6.89e-14,6.89e-14,0
1176,A054,1991,4,7967,2,1.07e-13,1.07e-13,1.07e-13,0
1176,A054,1992,1,7968,1,1.25e-12,1.25e-12,1.25e-12,0
1176,A054,1992,3,7970,2,1.13e-11,1.13e-11,1.13e-11,0
1176,A054,1992,4,7971,2,5.86e-11,5.86e-11,5.86e-11,0
1176,A054,1993,1,7972,1,1.53e-9,1.53e-9,1.53e-9,0
1176,A054,1993,3,7974,3,1.45e-8,1.45e-8,1.45e-8,0
1176,A054,1994,3,7978,3,9.49e-7,9.49e-7,9.49e-7,0
1176,A054,1994,4,7979,1,1.2e-5,1.2e-5,1.2e-5,0
1176,A054,1995,3,7982,1,3.94e-4,3.94e-4,3.94e-4,0
1176,A054,1995,4,7983,1,6.74e-4,6.74e-4,6.74e-4,0
1176,A054,1996,3,7986,1,0.010660377,0.010660377,0.010660377,0
1177,A055,1989,3,7958,2,4.16e-8,4.16e-8,4.16e-8,0
1177,A055,1989,4,7959,1,3.01e-7,3.01e-7,3.01e-7,0
1177,A055,1990,1,7960,1,1.72e-6,1.72e-6,1.72e-6,0
1177,A055,1990,3,7962,1,1.42e-5,1.42e-5,1.42e-5,0
1177,A055,1991,3,7966,1,8.91e-5,8.91e-5,8.91e-5,0
1177,A055,1991,4,7967,2,1.34e-4,1.34e-4,1.34e-4,0
1177,A055,1992,2,7969,1,0.003196086,0.003196086,0.003196086,0
1178,A056,1989,3,7958,2,2.08e-14,2.08e-14,2.08e-14,0
1178,A056,1989,4,7959,1,1.5e-13,1.5e-13,1.5e-13,0
1178,A056,1990,1,7960,1,8.63e-13,8.63e-13,8.63e-13,0
1178,A056,1990,3,7962,1,7.12e-12,7.12e-12,7.12e-12,0
1178,A056,1990,4,7963,1,1.4e-11,1.4e-11,1.4e-11,0
1178,A056,1991,1,7964,1,5.69e-11,5.69e-11,5.69e-11,0
1178,A056,1991,3,7966,1,4.36e-10,4.36e-10,4.36e-10,0
1178,A056,1991,4,7967,1,8.5e-10,8.5e-10,8.5e-10,0
1178,A056,1992,2,7969,1,7.42e-9,7.42e-9,7.42e-9,0
1178,A056,1992,3,7970,2,1.77e-8,1.77e-8,1.77e-8,0
1178,A056,1993,1,7972,1,3.44e-7,3.44e-7,3.44e-7,0
1178,A056,1993,3,7974,2,2.16e-6,2.16e-6,2.16e-6,0
1178,A056,1993,4,7975,1,1.07e-5,1.07e-5,1.07e-5,0
1178,A056,1994,1,7976,1,9.51e-5,9.51e-5,9.51e-5,0
1178,A056,1994,3,7978,2,8.4e-4,8.4e-4,8.4e-4,0
1179,A057,1989,3,7958,1,4.3e-8,4.3e-8,4.3e-8,0
1179,A057,1990,1,7960,1,1.85e-7,1.85e-7,1.85e-7,0
1179,A057,1990,3,7962,1,8.89e-7,8.89e-7,8.89e-7,0
1179,A057,1991,3,7966,1,5.1e-6,5.1e-6,5.1e-6,0
1179,A057,1991,4,7967,1,7.63e-6,7.63e-6,7.63e-6,0
1179,A057,1992,2,7969,2,4.78e-5,4.78e-5,4.78e-5,0
1179,A057,1993,3,7974,1,0.001383551,0.001383551,0.001383551,0
1179,A057,1994,1,7976,1,0.003570272,0.003570272,0.003570272,0
1180,A058,1989,3,7958,2,2.36e-9,2.36e-9,2.36e-9,0
1180,A058,1989,4,7959,1,1.71e-8,1.71e-8,1.71e-8,0
1180,A058,1990,1,7960,1,9.79e-8,9.79e-8,9.79e-8,0
1180,A058,1990,4,7963,1,9.9e-7,9.9e-7,9.9e-7,0
1180,A058,1991,1,7964,1,2.13e-6,2.13e-6,2.13e-6,0
1180,A058,1991,3,7966,1,1.22e-5,1.22e-5,1.22e-5,0
1180,A058,1991,4,7967,1,2.31e-5,2.31e-5,2.31e-5,0
1180,A058,1992,3,7970,1,2.6e-4,2.6e-4,2.6e-4,0
1180,A058,1993,3,7974,1,0.001338852,0.001338852,0.001338852,0
1180,A058,1994,3,7978,1,0.006721679,0.006721679,0.006721679,0
1181,A059,1989,3,7958,2,2.49e-4,2.49e-4,2.49e-4,0
1181,A059,1991,1,7964,1,0.010413036,0.010413036,0.010413036,0
1182,A060,1989,3,7958,1,0.004405107,0.004405107,0.004405107,0
1183,A061,1989,3,7958,1,2.72e-4,2.72e-4,2.72e-4,0
1183,A061,1989,4,7959,1,6.26e-4,6.26e-4,6.26e-4,0
1183,A061,1990,1,7960,1,0.0025721,0.0025721,0.0025721,0
1184,A062,1989,3,7958,1,4.76e-8,4.76e-8,4.76e-8,0
1184,A062,1989,4,7959,1,1.1e-7,1.1e-7,1.1e-7,0
1184,A062,1990,1,7960,1,4.5e-7,4.5e-7,4.5e-7,0
1184,A062,1990,3,7962,1,3.44e-6,3.44e-6,3.44e-6,0
1184,A062,1991,3,7966,1,2.14e-5,2.14e-5,2.14e-5,0
1184,A062,1992,3,7970,1,8.65e-5,8.65e-5,8.65e-5,0
1184,A062,1993,1,7972,1,1.94e-4,1.94e-4,1.94e-4,0
1184,A062,1993,2,7973,1,5.55e-4,5.55e-4,5.55e-4,0
1184,A062,1993,3,7974,1,0.001570682,0.001570682,0.001570682,0
1185,A063,1989,3,7958,1,6.49e-5,6.49e-5,6.49e-5,0
1185,A063,1989,4,7959,1,1.49e-4,1.49e-4,1.49e-4,0
1185,A063,1990,3,7962,1,0.001563886,0.001563886,0.001563886,0
1185,A063,1990,4,7963,1,0.002601799,0.002601799,0.002601799,0
1186,A064,1989,3,7958,1,5.2100000000000003e-08,5.2100000000000003e-08,5.2100000000000003e-08,0
1186,A064,1989,4,7959,1,1.2e-7,1.2e-7,1.2e-7,0
1186,A064,1990,3,7962,1,1.78e-7,1.78e-7,1.78e-7,0
1186,A064,1991,2,7965,1,3.61e-7,3.61e-7,3.61e-7,0
1186,A064,1991,3,7966,1,5.79e-7,5.79e-7,5.79e-7,0
1186,A064,1992,2,7969,1,3.41e-6,3.41e-6,3.41e-6,0
1186,A064,1993,3,7974,2,2.07e-5,2.07e-5,2.07e-5,0
1186,A064,1994,2,7977,1,2.47e-4,2.47e-4,2.47e-4,0
1186,A064,1994,3,7978,1,5.43e-4,5.43e-4,5.43e-4,0
1186,A064,1994,4,7979,1,0.001359521,0.001359521,0.001359521,0
1187,A065,1989,3,7958,1,0.002603985,0.002603985,0.002603985,0
1187,A065,1989,4,7959,1,0.005994492,0.005994492,0.005994492,0
1188,A066,1989,3,7958,1,2.8e-4,2.8e-4,2.8e-4,0
1188,A066,1989,4,7959,1,6.44e-4,6.44e-4,6.44e-4,0
1188,A066,1991,2,7965,1,0.011223367,0.011223367,0.011223367,0
1189,A067,1989,3,7958,1,6.36e-5,6.36e-5,6.36e-5,0
1189,A067,1989,4,7959,1,1.46e-4,1.46e-4,1.46e-4,0
1189,A067,1990,1,7960,2,6.01e-4,6.01e-4,6.01e-4,0
1190,A068,1989,3,7958,1,1.14e-8,1.14e-8,1.14e-8,0
1190,A068,1989,4,7959,1,2.61e-8,2.61e-8,2.61e-8,0
1190,A068,1990,1,7960,1,1.07e-7,1.07e-7,1.07e-7,0
1190,A068,1990,4,7963,1,1e-6,1e-6,1e-6,0
1190,A068,1991,3,7966,1,4.5e-6,4.5e-6,4.5e-6,0
1190,A068,1992,3,7970,1,2e-5,2e-5,2e-5,0
1190,A068,1993,3,7974,2,7.9e-5,7.9e-5,7.9e-5,0
1190,A068,1994,2,7977,1,0.001045512,0.001045512,0.001045512,0
1190,A068,1994,3,7978,1,0.002308117,0.002308117,0.002308117,0
1191,A069,1989,3,7958,1,0.004916761,0.004916761,0.004916761,0
1192,A070,1989,3,7958,1,0.004916761,0.004916761,0.004916761,0
1193,A071,1989,3,7958,1,0.001156797,0.001156797,0.001156797,0
1193,A071,1989,4,7959,1,0.002663001,0.002663001,0.002663001,0
1194,A072,1989,3,7958,1,0.001156797,0.001156797,0.001156797,0
1194,A072,1989,4,7959,1,0.002663001,0.002663001,0.002663001,0
1195,A073,1989,3,7958,1,2.57e-9,2.57e-9,2.57e-9,0
1195,A073,1989,4,7959,1,5.93e-9,5.93e-9,5.93e-9,0
1195,A073,1990,2,7961,1,4.71e-8,4.71e-8,4.71e-8,0
1195,A073,1990,3,7962,1,1.11e-7,1.11e-7,1.11e-7,0
1195,A073,1990,4,7963,1,2.88e-7,2.88e-7,2.88e-7,0
1195,A073,1991,1,7964,1,1.4e-6,1.4e-6,1.4e-6,0
1195,A073,1991,2,7965,1,7.31e-6,7.31e-6,7.31e-6,0
1195,A073,1991,3,7966,1,2.39e-5,2.39e-5,2.39e-5,0
1195,A073,1992,2,7969,1,2.4e-4,2.4e-4,2.4e-4,0
1195,A073,1992,4,7971,1,6.75e-4,6.75e-4,6.75e-4,0
1195,A073,1993,2,7973,1,0.003448416,0.003448416,0.003448416,0
1196,A074,1989,3,7958,1,0.05264038,0.05264038,0.05264038,0
1196,A074,1989,4,7959,1,0.053480886,0.053480886,0.053480886,0
1196,A074,1990,2,7961,2,0.054008644,0.054008644,0.054008644,0
1196,A074,1990,3,7962,2,0.055565555,0.055565555,0.055565555,0
1196,A074,1990,4,7963,1,0.073976407,0.073976407,0.073976407,0
1196,A074,1991,2,7965,1,0.087228288,0.087228288,0.087228288,0
1196,A074,1991,3,7966,1,0.088282519,0.088282519,0.088282519,0
1196,A074,1991,4,7967,1,0.088431143,0.088431143,0.088431143,0
1196,A074,1993,4,7975,1,0.088794458,0.088794458,0.088794458,0
1196,A074,1994,3,7978,1,0.089555688,0.089555688,0.089555688,0
1196,A074,1996,2,7985,1,0.090094507,0.090094507,0.090094507,0
1196,A074,1996,3,7986,1,0.090465678,0.090465678,0.090465678,0
1196,A074,1996,4,7987,1,0.091486406,0.091486406,0.091486406,0
1196,A074,1997,3,7990,2,0.129342554,0.129342554,0.129342554,0
1196,A074,1998,3,7994,2,1,1,1,0
1196,A074,1999,3,7998,1,1,1,1,0
1197,A075,1989,3,7958,1,3.51e-6,3.51e-6,3.51e-6,0
1197,A075,1989,4,7959,2,8.09e-6,8.09e-6,8.09e-6,0
1197,A075,1990,1,7960,1,1.16e-4,1.16e-4,1.16e-4,0
1197,A075,1990,2,7961,1,6.88e-4,6.88e-4,6.88e-4,0
1197,A075,1990,3,7962,1,0.002294741,0.002294741,0.002294741,0
1198,A076,1989,3,7958,1,1.42e-4,1.42e-4,1.42e-4,0
1198,A076,1989,4,7959,1,3.26e-4,3.26e-4,3.26e-4,0
1198,A076,1990,1,7960,1,0.001340492,0.001340492,0.001340492,0
1198,A076,1990,2,7961,1,0.003725053,0.003725053,0.003725053,0
1198,A076,1990,3,7962,1,0.010422213,0.010422213,0.010422213,0
1198,A076,1991,3,7966,1,0.111678161,0.111678161,0.111678161,0
1199,A077,1989,3,7958,1,6.63e-4,6.63e-4,6.63e-4,0
1199,A077,1992,2,7969,1,0.010155205,0.010155205,0.010155205,0
1199,A077,1994,1,7976,1,0.017954817,0.017954817,0.017954817,0
1200,A078,1989,3,7958,1,2.47e-4,2.47e-4,2.47e-4,0
1200,A078,1989,4,7959,1,6.06e-4,6.06e-4,6.06e-4,0
1200,A078,1990,3,7962,1,0.006619718,0.006619718,0.006619718,0
1201,A079,1989,3,7958,1,1.92e-7,1.92e-7,1.92e-7,0
1201,A079,1989,4,7959,1,4.72e-7,4.72e-7,4.72e-7,0
1201,A079,1991,3,7966,1,9.55e-6,9.55e-6,9.55e-6,0
1201,A079,1992,2,7969,1,2.2e-5,2.2e-5,2.2e-5,0
1201,A079,1992,3,7970,1,3.72e-5,3.72e-5,3.72e-5,0
1201,A079,1993,4,7975,1,3.34e-4,3.34e-4,3.34e-4,0
1201,A079,1995,1,7980,1,0.002180327,0.002180327,0.002180327,0
1201,A079,1995,3,7982,1,0.006700154,0.006700154,0.006700154,0
1202,A080,1989,3,7958,1,0.00103601,0.00103601,0.00103601,0
1202,A080,1989,4,7959,1,0.002542395,0.002542395,0.002542395,0
1203,A081,1989,3,7958,1,6e-5,6e-5,6e-5,0
1203,A081,1990,1,7960,1,2.59e-4,2.59e-4,2.59e-4,0
1203,A081,1990,3,7962,1,0.0012406,0.0012406,0.0012406,0
1203,A081,1992,3,7970,1,0.012097968,0.012097968,0.012097968,0
1204,B001,1980,2,7921,1,2.36e-6,2.36e-6,2.36e-6,0
1204,B001,1981,3,7926,3,1.75e-5,1.75e-5,1.75e-5,0
1204,B001,1981,4,7927,1,6.69e-5,6.69e-5,6.69e-5,0
1204,B001,1982,3,7930,1,0.001124489,0.001124489,0.001124489,0
1204,B001,1983,1,7932,1,0.002070316,0.002070316,0.002070316,0
1204,B001,1983,2,7933,1,0.004935352,0.004935352,0.004935352,0
1205,B002,1980,2,7921,1,4.78e-4,4.78e-4,4.78e-4,0
1205,B002,1981,3,7926,1,0.003534301,0.003534301,0.003534301,0
1205,B002,1983,3,7934,1,0.020843275,0.020843275,0.020843275,0
1206,B003,1980,2,7921,1,0.006417981,0.006417981,0.006417981,0
1207,B004,1980,2,7921,1,0.006417981,0.006417981,0.006417981,0
1208,B005,1980,2,7921,1,0.006417981,0.006417981,0.006417981,0
1209,B006,1980,2,7921,1,0.006417981,0.006417981,0.006417981,0
1210,B007,1980,2,7921,1,0.160414882,0.160414882,0.160414882,0
1210,B007,1981,2,7925,1,1,1,1,0
1210,B007,1981,3,7926,1,1,1,1,0
1210,B007,1981,4,7927,1,1,1,1,0
1210,B007,1982,2,7929,1,1,1,1,0
1211,B008,1980,2,7921,1,0.006417981,0.006417981,0.006417981,0
1212,B009,1980,2,7921,1,0.001878501,0.001878501,0.001878501,0
1212,B009,1982,2,7929,2,0.021036939,0.021036939,0.021036939,0
1213,B010,1980,2,7921,1,0.006417981,0.006417981,0.006417981,0
1214,B011,1980,2,7921,1,0.006417981,0.006417981,0.006417981,0
1215,B012,1980,2,7921,1,1.3e-4,1.3e-4,1.3e-4,0
1215,B012,1983,3,7934,2,0.002188428,0.002188428,0.002188428,0
1215,B012,1984,3,7938,1,0.011039205,0.011039205,0.011039205,0
1216,B013,1980,2,7921,1,2.43e-4,2.43e-4,2.43e-4,0
1216,B013,1981,4,7927,1,0.001982151,0.001982151,0.001982151,0
1216,B013,1982,1,7928,2,0.003259503,0.003259503,0.003259503,0
1217,B014,1980,2,7921,1,0.003458523,0.003458523,0.003458523,0
1217,B014,1981,3,7926,1,0.025575885,0.025575885,0.025575885,0
1218,B015,1980,3,7922,1,2.33e-6,2.33e-6,2.33e-6,0
1218,B015,1981,4,7927,1,1.62e-5,1.62e-5,1.62e-5,0
1218,B015,1982,1,7928,1,2.86e-5,2.86e-5,2.86e-5,0
1218,B015,1983,3,7934,1,2.82e-4,2.82e-4,2.82e-4,0
1218,B015,1984,3,7938,1,8.96e-4,8.96e-4,8.96e-4,0
1218,B015,1984,4,7939,1,0.001242233,0.001242233,0.001242233,0
1218,B015,1985,1,7940,1,0.003950775,0.003950775,0.003950775,0
1219,B016,1980,3,7922,2,0.115522254,0.115522254,0.115522254,0
1219,B016,1981,2,7925,1,0.99999993,0.99999993,0.99999993,0
1220,B017,1980,3,7922,1,9.28e-6,9.28e-6,9.28e-6,0
1220,B017,1981,2,7925,1,4.67e-5,4.67e-5,4.67e-5,0
1220,B017,1982,2,7929,1,2.25e-4,2.25e-4,2.25e-4,0
1220,B017,1984,1,7936,1,0.001270675,0.001270675,0.001270675,0
1220,B017,1984,3,7938,1,0.002680986,0.002680986,0.002680986,0
1220,B017,1986,2,7945,1,0.020774339,0.020774339,0.020774339,0
1221,B018,1980,3,7922,1,4.74e-4,4.74e-4,4.74e-4,0
1221,B018,1982,2,7929,1,0.004761509,0.004761509,0.004761509,0
1221,B018,1983,2,7933,1,0.013235293,0.013235293,0.013235293,0
1222,B019,1980,3,7922,1,0.006417981,0.006417981,0.006417981,0
1223,B020,1980,3,7922,1,0.006417981,0.006417981,0.006417981,0
1224,B021,1980,3,7922,1,0.006417981,0.006417981,0.006417981,0
1225,B022,1980,3,7922,1,0.161194108,0.161194108,0.161194108,0
1225,B022,1981,3,7926,1,0.999999999,0.999999999,0.999999999,0
1225,B022,1982,1,7928,1,1,1,1,0
1225,B022,1982,2,7929,1,1,1,1,0
1226,B023,1980,3,7922,1,0.003521274,0.003521274,0.003521274,0
1226,B023,1983,1,7932,1,0.046237153,0.046237153,0.046237153,0
1227,B024,1980,3,7922,1,0.006417981,0.006417981,0.006417981,0
1228,B025,1980,3,7922,1,0.161194108,0.161194108,0.161194108,0
1228,B025,1981,3,7926,1,0.999999999,0.999999999,0.999999999,0
1229,B026,1980,3,7922,1,3.88e-14,3.88e-14,3.88e-14,0
1229,B026,1982,1,7928,1,3.23e-13,3.23e-13,3.23e-13,0
1229,B026,1983,1,7932,1,1.04e-12,1.04e-12,1.04e-12,0
1229,B026,1983,3,7934,1,2.51e-12,2.51e-12,2.51e-12,0
1229,B026,1984,1,7936,1,6.83e-12,6.83e-12,6.83e-12,0
1229,B026,1984,2,7937,1,2.05e-11,2.05e-11,2.05e-11,0
1229,B026,1984,3,7938,1,5.49e-11,5.49e-11,5.49e-11,0
1229,B026,1985,2,7941,1,5.26e-10,5.26e-10,5.26e-10,0
1229,B026,1987,2,7949,1,5.61e-9,5.61e-9,5.61e-9,0
1229,B026,1987,3,7950,1,8.2e-9,8.2e-9,8.2e-9,0
1229,B026,1988,3,7954,1,5.23e-8,5.23e-8,5.23e-8,0
1229,B026,1988,4,7955,1,7.68e-8,7.68e-8,7.68e-8,0
1229,B026,1989,2,7957,1,4.28e-7,4.28e-7,4.28e-7,0
1229,B026,1989,3,7958,2,9.14e-7,9.14e-7,9.14e-7,0
1229,B026,1989,4,7959,1,5.51e-6,5.51e-6,5.51e-6,0
1229,B026,1990,1,7960,1,3.08e-5,3.08e-5,3.08e-5,0
1229,B026,1990,2,7961,1,1.65e-4,1.65e-4,1.65e-4,0
1229,B026,1990,3,7962,1,5.42e-4,5.42e-4,5.42e-4,0
1229,B026,1990,4,7963,1,0.001580577,0.001580577,0.001580577,0
1230,B027,1980,3,7922,1,0.003433329,0.003433329,0.003433329,0
1230,B027,1981,2,7925,1,0.017280581,0.017280581,0.017280581,0
1231,B028,1980,3,7922,1,0.006417981,0.006417981,0.006417981,0
1232,B029,1980,3,7922,1,0.006417981,0.006417981,0.006417981,0
1233,B030,1980,3,7922,1,0.006417981,0.006417981,0.006417981,0
1234,B031,1980,3,7922,1,2.69e-4,2.69e-4,2.69e-4,0
1234,B031,1981,2,7925,1,0.001351816,0.001351816,0.001351816,0
1234,B031,1981,3,7926,1,0.001948611,0.001948611,0.001948611,0
1234,B031,1982,3,7930,1,0.006739404,0.006739404,0.006739404,0
1234,B031,1984,2,7937,1,0.037028117,0.037028117,0.037028117,0
1235,B032,1980,3,7922,1,0.006417981,0.006417981,0.006417981,0
1236,B033,1980,3,7922,1,0.11999447,0.11999447,0.11999447,0
1236,B033,1982,1,7928,1,0.999999999,0.999999999,0.999999999,0
1236,B033,1982,2,7929,1,1,1,1,0
1237,B034,1980,3,7922,1,1.85e-9,1.85e-9,1.85e-9,0
1237,B034,1981,2,7925,1,9.3e-9,9.3e-9,9.3e-9,0
1237,B034,1981,4,7927,1,1.61e-8,1.61e-8,1.61e-8,0
1237,B034,1982,2,7929,1,5.76e-8,5.76e-8,5.76e-8,0
1237,B034,1983,3,7934,1,2.03e-7,2.03e-7,2.03e-7,0
1237,B034,1989,3,7958,1,3.24e-6,3.24e-6,3.24e-6,0
1237,B034,1989,4,7959,1,3.51e-6,3.51e-6,3.51e-6,0
1237,B034,1990,3,7962,1,7.94e-6,7.94e-6,7.94e-6,0
1237,B034,1990,4,7963,1,1.12e-5,1.12e-5,1.12e-5,0
1237,B034,1991,3,7966,1,7.37e-5,7.37e-5,7.37e-5,0
1237,B034,1991,4,7967,1,1.2e-4,1.2e-4,1.2e-4,0
1237,B034,1992,3,7970,1,0.001114981,0.001114981,0.001114981,0
1237,B034,1993,3,7974,1,0.005638871,0.005638871,0.005638871,0
1238,B035,1980,3,7922,1,2.52e-9,2.52e-9,2.52e-9,0
1238,B035,1982,3,7930,1,2.81e-8,2.81e-8,2.81e-8,0
1238,B035,1984,3,7938,1,1.17e-7,1.17e-7,1.17e-7,0
1238,B035,1985,4,7943,1,3.26e-7,3.26e-7,3.26e-7,0
1238,B035,1986,4,7947,1,1.08e-6,1.08e-6,1.08e-6,0
1238,B035,1988,2,7953,1,6.07e-6,6.07e-6,6.07e-6,0
1238,B035,1988,3,7954,1,8.74e-6,8.74e-6,8.74e-6,0
1238,B035,1989,1,7956,1,2.63e-5,2.63e-5,2.63e-5,0
1238,B035,1989,3,7958,1,1.12e-4,1.12e-4,1.12e-4,0
1238,B035,1989,4,7959,1,1.95e-4,1.95e-4,1.95e-4,0
1238,B035,1990,1,7960,1,6.54e-4,6.54e-4,6.54e-4,0
1238,B035,1990,2,7961,1,0.003087945,0.003087945,0.003087945,0
1239,B036,1980,3,7922,1,5.02e-4,5.02e-4,5.02e-4,0
1239,B036,1983,2,7933,1,0.007376057,0.007376057,0.007376057,0
1239,B036,1985,2,7941,1,0.025633724,0.025633724,0.025633724,0
1240,B037,1980,3,7922,1,0.003399417,0.003399417,0.003399417,0
1240,B037,1980,4,7923,1,0.006114854,0.006114854,0.006114854,0
1241,B038,1980,3,7922,1,0.006417981,0.006417981,0.006417981,0
1242,B039,1980,3,7922,1,0.001765057,0.001765057,0.001765057,0
1242,B039,1982,3,7930,1,0.019686541,0.019686541,0.019686541,0
1243,B040,1980,3,7922,1,2.51e-4,2.51e-4,2.51e-4,0
1243,B040,1981,3,7926,1,0.001557657,0.001557657,0.001557657,0
1243,B040,1982,2,7929,1,0.00525396,0.00525396,0.00525396,0
1243,B040,1983,3,7934,1,0.015638122,0.015638122,0.015638122,0
1244,B041,1980,3,7922,1,0.006417981,0.006417981,0.006417981,0
1245,B042,1980,3,7922,1,0.006417981,0.006417981,0.006417981,0
1246,B043,1980,3,7922,1,0.003550266,0.003550266,0.003550266,0
1246,B043,1983,3,7934,1,0.055782992000000003,0.055782992000000003,0.055782992000000003,0
1247,B044,1980,3,7922,1,0.006417981,0.006417981,0.006417981,0
1248,B045,1980,3,7922,1,1.25e-4,1.25e-4,1.25e-4,0
1248,B045,1982,3,7930,1,0.001399633,0.001399633,0.001399633,0
1248,B045,1983,2,7933,1,0.00310392,0.00310392,0.00310392,0
1248,B045,1983,3,7934,1,0.004993514,0.004993514,0.004993514,0
1249,B046,1980,3,7922,1,0.006417981,0.006417981,0.006417981,0
1250,C001,1991,1,7964,1,3.24e-4,3.24e-4,3.24e-4,0
1250,C001,1993,4,7975,1,0.013854043,0.013854043,0.013854043,0
1251,C002,1991,1,7964,1,0.001328097,0.001328097,0.001328097,0
1252,C003,1991,1,7964,1,0.001357557,0.001357557,0.001357557,0
1252,C003,1991,2,7965,1,0.00970507,0.00970507,0.00970507,0
1252,C003,1998,1,7992,1,0.999999984,0.999999984,0.999999984,0
1253,C004,1991,1,7964,1,0.001328097,0.001328097,0.001328097,0
1254,C005,1991,2,7965,2,6.19e-13,6.19e-13,6.19e-13,0
1254,C005,1991,3,7966,1,6.47e-13,6.47e-13,6.47e-13,0
1254,C005,1991,4,7967,1,7.25e-13,7.25e-13,7.25e-13,0
1254,C005,1993,2,7973,1,3.79e-12,3.79e-12,3.79e-12,0
1254,C005,1993,3,7974,1,5.5e-12,5.5e-12,5.5e-12,0
1254,C005,1994,1,7976,1,2.12e-11,2.12e-11,2.12e-11,0
1254,C005,1994,2,7977,1,7.94e-11,7.94e-11,7.94e-11,0
1254,C005,1994,3,7978,1,2.43e-10,2.43e-10,2.43e-10,0
1254,C005,1995,1,7980,1,1.89e-9,1.89e-9,1.89e-9,0
1254,C005,1995,2,7981,1,8.23e-9,8.23e-9,8.23e-9,0
1254,C005,1995,3,7982,2,2.6e-8,2.6e-8,2.6e-8,0
1254,C005,1996,2,7985,1,1.52e-6,1.52e-6,1.52e-6,0
1254,C005,1996,3,7986,1,3.5e-6,3.5e-6,3.5e-6,0
1254,C005,1996,4,7987,1,8.96e-6,8.96e-6,8.96e-6,0
1254,C005,1997,2,7989,1,1.58e-4,1.58e-4,1.58e-4,0
1254,C005,1997,3,7990,3,3.86e-4,3.86e-4,3.86e-4,0
1255,C006,1991,2,7965,1,5.17e-7,5.17e-7,5.17e-7,0
1255,C006,1991,3,7966,1,2.62e-6,2.62e-6,2.62e-6,0
1255,C006,1991,4,7967,1,8.42e-6,8.42e-6,8.42e-6,0
1255,C006,1992,1,7968,1,4.95e-5,4.95e-5,4.95e-5,0
1255,C006,1992,2,7969,1,2.68e-4,2.68e-4,2.68e-4,0
1255,C006,1994,1,7976,1,0.002140858,0.002140858,0.002140858,0
1255,C006,1994,4,7979,1,0.006139704,0.006139704,0.006139704,0
1256,C007,1991,2,7965,1,5.29e-8,5.29e-8,5.29e-8,0
1256,C007,1991,3,7966,1,2.68e-7,2.68e-7,2.68e-7,0
1256,C007,1991,4,7967,1,8.63e-7,8.63e-7,8.63e-7,0
1256,C007,1992,1,7968,1,5.07e-6,5.07e-6,5.07e-6,0
1256,C007,1992,2,7969,1,2.75e-5,2.75e-5,2.75e-5,0
1256,C007,1992,3,7970,1,9.05e-5,9.05e-5,9.05e-5,0
1256,C007,1993,3,7974,1,0.001164701,0.001164701,0.001164701,0
1256,C007,1994,2,7977,1,0.005274223,0.005274223,0.005274223,0
1257,C008,1991,2,7965,1,7.03e-4,7.03e-4,7.03e-4,0
1257,C008,1991,3,7966,1,0.001968785,0.001968785,0.001968785,0
1258,C009,1991,2,7965,1,2.23e-7,2.23e-7,2.23e-7,0
1258,C009,1991,3,7966,1,1.13e-6,1.13e-6,1.13e-6,0
1258,C009,1991,4,7967,1,3.64e-6,3.64e-6,3.64e-6,0
1258,C009,1992,1,7968,1,2.14e-5,2.14e-5,2.14e-5,0
1258,C009,1992,2,7969,1,1.16e-4,1.16e-4,1.16e-4,0
1258,C009,1992,3,7970,1,3.81e-4,3.81e-4,3.81e-4,0
1258,C009,1993,3,7974,1,0.004908582,0.004908582,0.004908582,0
1259,C010,1991,2,7965,1,1.54e-9,1.54e-9,1.54e-9,0
1259,C010,1991,3,7966,1,7.78e-9,7.78e-9,7.78e-9,0
1259,C010,1991,4,7967,1,2.5e-8,2.5e-8,2.5e-8,0
1259,C010,1992,1,7968,1,1.47e-7,1.47e-7,1.47e-7,0
1259,C010,1992,2,7969,1,7.96e-7,7.96e-7,7.96e-7,0
1259,C010,1992,3,7970,2,2.62e-6,2.62e-6,2.62e-6,0
1259,C010,1993,3,7974,2,1.36e-4,1.36e-4,1.36e-4,0
1259,C010,1994,3,7978,1,0.00140177,0.00140177,0.00140177,0
1259,C010,1994,4,7979,1,0.002217667,0.002217667,0.002217667,0
1260,C011,1991,2,7965,1,3.11e-4,3.11e-4,3.11e-4,0
1260,C011,1991,3,7966,1,0.001577681,0.001577681,0.001577681,0
1261,C012,1991,2,7965,1,3.18e-11,3.18e-11,3.18e-11,0
1261,C012,1991,3,7966,1,1.61e-10,1.61e-10,1.61e-10,0
1261,C012,1991,4,7967,1,5.19e-10,5.19e-10,5.19e-10,0
1261,C012,1992,1,7968,1,3.05e-9,3.05e-9,3.05e-9,0
1261,C012,1992,2,7969,1,1.65e-8,1.65e-8,1.65e-8,0
1261,C012,1992,3,7970,2,5.44e-8,5.44e-8,5.44e-8,0
1261,C012,1993,2,7973,1,2.2e-6,2.2e-6,2.2e-6,0
1261,C012,1993,3,7974,1,4.86e-6,4.86e-6,4.86e-6,0
1261,C012,1994,1,7976,1,2.92e-5,2.92e-5,2.92e-5,0
1261,C012,1994,4,7979,1,2.17e-4,2.17e-4,2.17e-4,0
1261,C012,1997,4,7991,2,0.00716527,0.00716527,0.00716527,0
1261,C012,1998,1,7992,1,0.025452432,0.025452432,0.025452432,0
1261,C012,1999,3,7998,1,0.416342109,0.416342109,0.416342109,0
1262,C013,1991,2,7965,1,1.34e-8,1.34e-8,1.34e-8,0
1262,C013,1991,3,7966,1,6.81e-8,6.81e-8,6.81e-8,0
1262,C013,1991,4,7967,1,2.19e-7,2.19e-7,2.19e-7,0
1262,C013,1992,1,7968,1,1.29e-6,1.29e-6,1.29e-6,0
1262,C013,1992,2,7969,1,6.98e-6,6.98e-6,6.98e-6,0
1262,C013,1992,3,7970,2,2.3e-5,2.3e-5,2.3e-5,0
1262,C013,1993,3,7974,1,0.001193257,0.001193257,0.001193257,0
1262,C013,1997,1,7988,1,0.032846341,0.032846341,0.032846341,0
1263,C014,1991,2,7965,2,4.79e-6,4.79e-6,4.79e-6,0
1263,C014,1991,4,7967,1,5.15e-6,5.15e-6,5.15e-6,0
1263,C014,1992,4,7971,1,8.71e-6,8.71e-6,8.71e-6,0
1263,C014,1993,2,7973,1,1.72e-5,1.72e-5,1.72e-5,0
1263,C014,1993,3,7974,1,3.04e-5,3.04e-5,3.04e-5,0
1263,C014,1993,4,7975,1,6.7e-5,6.7e-5,6.7e-5,0
1263,C014,1994,3,7978,1,0.00117614,0.00117614,0.00117614,0
1263,C014,1994,4,7979,1,0.001992221,0.001992221,0.001992221,0
1264,C015,1991,2,7965,1,1.85e-5,1.85e-5,1.85e-5,0
1264,C015,1991,3,7966,1,2.23e-5,2.23e-5,2.23e-5,0
1264,C015,1991,4,7967,1,3.29e-5,3.29e-5,3.29e-5,0
1264,C015,1992,1,7968,1,1.08e-4,1.08e-4,1.08e-4,0
1264,C015,1992,3,7970,1,7.7e-4,7.7e-4,7.7e-4,0
1264,C015,1992,4,7971,1,0.001494018,0.001494018,0.001494018,0
1265,C016,1991,2,7965,1,3.8e-9,3.8e-9,3.8e-9,0
1265,C016,1991,3,7966,1,1.93e-8,1.93e-8,1.93e-8,0
1265,C016,1991,4,7967,1,6.19e-8,6.19e-8,6.19e-8,0
1265,C016,1992,1,7968,1,3.64e-7,3.64e-7,3.64e-7,0
1265,C016,1993,2,7973,1,6.28e-6,6.28e-6,6.28e-6,0
1265,C016,1993,4,7975,1,1.29e-5,1.29e-5,1.29e-5,0
1265,C016,1996,2,7985,1,3.46e-4,3.46e-4,3.46e-4,0
1265,C016,1996,3,7986,1,5.21e-4,5.21e-4,5.21e-4,0
1265,C016,1997,4,7991,1,0.005867221,0.005867221,0.005867221,0
1265,C016,1999,2,7997,1,0.040315357,0.040315357,0.040315357,0
1266,C017,1991,2,7965,1,3.1e-9,3.1e-9,3.1e-9,0
1266,C017,1991,3,7966,1,1.57e-8,1.57e-8,1.57e-8,0
1266,C017,1991,4,7967,1,5.05e-8,5.05e-8,5.05e-8,0
1266,C017,1992,1,7968,1,2.97e-7,2.97e-7,2.97e-7,0
1266,C017,1992,2,7969,1,1.61e-6,1.61e-6,1.61e-6,0
1266,C017,1992,3,7970,1,5.3e-6,5.3e-6,5.3e-6,0
1266,C017,1992,4,7971,1,1.55e-5,1.55e-5,1.55e-5,0
1266,C017,1993,1,7972,1,8.93e-5,8.93e-5,8.93e-5,0
1266,C017,1993,2,7973,1,4.83e-4,4.83e-4,4.83e-4,0
1266,C017,1993,3,7974,1,0.001591783,0.001591783,0.001591783,0
1266,C017,1994,3,7978,1,0.002855515,0.002855515,0.002855515,0
1266,C017,1994,4,7979,1,0.003670225,0.003670225,0.003670225,0
1267,C018,1991,2,7965,1,0.001328097,0.001328097,0.001328097,0
1268,C019,1991,2,7965,1,3.11e-4,3.11e-4,3.11e-4,0
1268,C019,1991,3,7966,1,0.001577681,0.001577681,0.001577681,0
1269,C020,1991,2,7965,1,0.025380489,0.025380489,0.025380489,0
1270,C021,1991,2,7965,1,3.11e-4,3.11e-4,3.11e-4,0
1270,C021,1991,3,7966,1,0.001577681,0.001577681,0.001577681,0
1271,C022,1991,2,7965,1,7.29e-5,7.29e-5,7.29e-5,0
1271,C022,1991,3,7966,1,3.69e-4,3.69e-4,3.69e-4,0
1271,C022,1991,4,7967,1,0.001187948,0.001187948,0.001187948,0
1272,C023,1991,2,7965,1,3.87e-8,3.87e-8,3.87e-8,0
1272,C023,1991,3,7966,1,1.96e-7,1.96e-7,1.96e-7,0
1272,C023,1992,1,7968,1,1.35e-6,1.35e-6,1.35e-6,0
1272,C023,1992,2,7969,1,5.16e-6,5.16e-6,5.16e-6,0
1272,C023,1994,4,7979,1,1.16e-4,1.16e-4,1.16e-4,0
1272,C023,1995,3,7982,2,3.74e-4,3.74e-4,3.74e-4,0
1272,C023,1996,2,7985,1,0.006139492,0.006139492,0.006139492,0
1272,C023,1997,4,7991,1,0.068201792,0.068201792,0.068201792,0
1272,C023,1998,4,7995,1,0.298026351,0.298026351,0.298026351,0
1272,C023,1999,3,7998,1,0.999999998,0.999999998,0.999999998,0
1273,C024,1991,2,7965,1,1.65e-8,1.65e-8,1.65e-8,0
1273,C024,1991,3,7966,1,8.37e-8,8.37e-8,8.37e-8,0
1273,C024,1992,2,7969,1,9.55e-7,9.55e-7,9.55e-7,0
1273,C024,1992,3,7970,1,2.03e-6,2.03e-6,2.03e-6,0
1273,C024,1992,4,7971,1,4.98e-6,4.98e-6,4.98e-6,0
1273,C024,1994,3,7978,1,1.62e-4,1.62e-4,1.62e-4,0
1273,C024,1996,3,7986,1,0.001444629,0.001444629,0.001444629,0
1273,C024,1998,3,7994,1,0.011444173,0.011444173,0.011444173,0
1273,C024,1999,2,7997,1,0.026752172,0.026752172,0.026752172,0
1274,C025,1991,2,7965,1,1.37e-8,1.37e-8,1.37e-8,0
1274,C025,1991,4,7967,1,1.05e-7,1.05e-7,1.05e-7,0
1274,C025,1992,2,7969,1,6.73e-7,6.73e-7,6.73e-7,0
1274,C025,1992,3,7970,1,7.19e-7,7.19e-7,7.19e-7,0
1274,C025,1992,4,7971,1,8.44e-7,8.44e-7,8.44e-7,0
1274,C025,1993,3,7974,1,3.61e-6,3.61e-6,3.61e-6,0
1274,C025,1993,4,7975,1,5.66e-6,5.66e-6,5.66e-6,0
1274,C025,1994,2,7977,1,5.11e-5,5.11e-5,5.11e-5,0
1274,C025,1994,3,7978,1,1.22e-4,1.22e-4,1.22e-4,0
1274,C025,1995,2,7981,1,0.001473736,0.001473736,0.001473736,0
1274,C025,1995,3,7982,1,0.00326794,0.00326794,0.00326794,0
1275,C026,1991,2,7965,1,7.86e-5,7.86e-5,7.86e-5,0
1275,C026,1991,3,7966,1,9.49e-5,9.49e-5,9.49e-5,0
1275,C026,1991,4,7967,1,1.4e-4,1.4e-4,1.4e-4,0
1275,C026,1992,1,7968,1,4.59e-4,4.59e-4,4.59e-4,0
1275,C026,1992,2,7969,1,0.002157174,0.002157174,0.002157174,0
1276,C027,1991,2,7965,1,4.05e-6,4.05e-6,4.05e-6,0
1276,C027,1991,3,7966,1,2.05e-5,2.05e-5,2.05e-5,0
1276,C027,1992,2,7969,1,2.34e-4,2.34e-4,2.34e-4,0
1276,C027,1992,3,7970,1,4.97e-4,4.97e-4,4.97e-4,0
1276,C027,1992,4,7971,1,0.001221042,0.001221042,0.001221042,0
1277,C028,1991,2,7965,1,3.11e-4,3.11e-4,3.11e-4,0
1277,C028,1991,3,7966,1,0.001577681,0.001577681,0.001577681,0
1278,C029,1991,2,7965,1,1.73e-5,1.73e-5,1.73e-5,0
1278,C029,1991,3,7966,1,8.75e-5,8.75e-5,8.75e-5,0
1278,C029,1992,1,7968,1,6.01e-4,6.01e-4,6.01e-4,0
1278,C029,1992,3,7970,1,0.003424538,0.003424538,0.003424538,0
1279,C030,1991,2,7965,1,1.74e-5,1.74e-5,1.74e-5,0
1279,C030,1991,3,7966,1,8.79e-5,8.79e-5,8.79e-5,0
1279,C030,1992,3,7970,1,0.00126555,0.00126555,0.00126555,0
1279,C030,1992,4,7971,1,0.001989491,0.001989491,0.001989491,0
1280,C031,1991,2,7965,1,3.11e-4,3.11e-4,3.11e-4,0
1280,C031,1991,3,7966,1,0.001577681,0.001577681,0.001577681,0
1281,C032,1991,2,7965,1,7.39e-5,7.39e-5,7.39e-5,0
1281,C032,1991,3,7966,1,3.74e-4,3.74e-4,3.74e-4,0
1281,C032,1992,3,7970,1,0.005390829,0.005390829,0.005390829,0
1282,C033,1991,2,7965,1,1.71e-5,1.71e-5,1.71e-5,0
1282,C033,1991,3,7966,1,8.66e-5,8.66e-5,8.66e-5,0
1282,C033,1991,4,7967,1,2.79e-4,2.79e-4,2.79e-4,0
1282,C033,1992,1,7968,1,0.00163615,0.00163615,0.00163615,0
1283,C034,1991,2,7965,1,1.22e-8,1.22e-8,1.22e-8,0
1283,C034,1991,3,7966,1,6.17e-8,6.17e-8,6.17e-8,0
1283,C034,1991,4,7967,1,1.98e-7,1.98e-7,1.98e-7,0
1283,C034,1992,2,7969,1,2.37e-6,2.37e-6,2.37e-6,0
1283,C034,1992,3,7970,1,5.75e-6,5.75e-6,5.75e-6,0
1283,C034,1992,4,7971,1,1.51e-5,1.51e-5,1.51e-5,0
1283,C034,1993,1,7972,1,8.28e-5,8.28e-5,8.28e-5,0
1283,C034,1993,2,7973,1,4.44e-4,4.44e-4,4.44e-4,0
1283,C034,1993,3,7974,1,0.001459398,0.001459398,0.001459398,0
1284,C035,1991,2,7965,1,7.29e-5,7.29e-5,7.29e-5,0
1284,C035,1991,3,7966,1,3.69e-4,3.69e-4,3.69e-4,0
1284,C035,1991,4,7967,1,0.001187948,0.001187948,0.001187948,0
1285,C036,1991,2,7965,1,1.75e-5,1.75e-5,1.75e-5,0
1285,C036,1991,3,7966,1,8.88e-5,8.88e-5,8.88e-5,0
1285,C036,1992,1,7968,1,6.1e-4,6.1e-4,6.1e-4,0
1285,C036,1993,3,7974,1,0.007988549,0.007988549,0.007988549,0
1286,C037,1991,2,7965,1,3.11e-4,3.11e-4,3.11e-4,0
1286,C037,1991,3,7966,1,0.001577681,0.001577681,0.001577681,0
1287,C038,1991,2,7965,1,5.5e-8,5.5e-8,5.5e-8,0
1287,C038,1991,4,7967,1,4.23e-7,4.23e-7,4.23e-7,0
1287,C038,1992,1,7968,1,1.44e-6,1.44e-6,1.44e-6,0
1287,C038,1992,2,7969,1,6.87e-6,6.87e-6,6.87e-6,0
1287,C038,1993,4,7975,1,9.17e-5,9.17e-5,9.17e-5,0
1287,C038,1994,2,7977,1,2.87e-4,2.87e-4,2.87e-4,0
1287,C038,1995,2,7981,1,0.001941369,0.001941369,0.001941369,0
1287,C038,1995,3,7982,1,0.003734733,0.003734733,0.003734733,0
1288,C039,1991,2,7965,1,5.83e-8,5.83e-8,5.83e-8,0
1288,C039,1991,3,7966,1,2.95e-7,2.95e-7,2.95e-7,0
1288,C039,1991,4,7967,1,9.5e-7,9.5e-7,9.5e-7,0
1288,C039,1992,3,7970,1,1.67e-6,1.67e-6,1.67e-6,0
1288,C039,1992,4,7971,1,2.2e-6,2.2e-6,2.2e-6,0
1288,C039,1993,1,7972,1,6.06e-6,6.06e-6,6.06e-6,0
1288,C039,1993,3,7974,1,4.01e-5,4.01e-5,4.01e-5,0
1288,C039,1993,4,7975,1,7.74e-5,7.74e-5,7.74e-5,0
1288,C039,1994,2,7977,1,9.08e-4,9.08e-4,9.08e-4,0
1288,C039,1995,3,7982,1,0.009742771,0.009742771,0.009742771,0
1289,C040,1991,2,7965,1,3.17e-6,3.17e-6,3.17e-6,0
1289,C040,1991,3,7966,1,1.61e-5,1.61e-5,1.61e-5,0
1289,C040,1991,4,7967,1,5.17e-5,5.17e-5,5.17e-5,0
1289,C040,1993,4,7975,1,0.001757545,0.001757545,0.001757545,0
1289,C040,1994,2,7977,1,0.004379123,0.004379123,0.004379123,0
1289,C040,1995,2,7981,1,0.026634406,0.026634406,0.026634406,0
1289,C040,1996,2,7985,1,0.161127454,0.161127454,0.161127454,0
1289,C040,1997,2,7989,1,0.999999999,0.999999999,0.999999999,0
1289,C040,1997,3,7990,1,1,1,1,0
1289,C040,1999,2,7997,1,1,1,1,0
1289,C040,1999,3,7998,1,1,1,1,0
1290,C041,1991,2,7965,1,4.05e-6,4.05e-6,4.05e-6,0
1290,C041,1991,3,7966,1,2.05e-5,2.05e-5,2.05e-5,0
1290,C041,1991,4,7967,1,6.6e-5,6.6e-5,6.6e-5,0
1290,C041,1992,3,7970,1,0.001048997,0.001048997,0.001048997,0
1290,C041,1992,4,7971,1,0.001773095,0.001773095,0.001773095,0
1291,C042,1991,2,7965,1,0.001328097,0.001328097,0.001328097,0
1292,C043,1991,2,7965,1,3.92e-5,3.92e-5,3.92e-5,0
1292,C043,1991,4,7967,1,1.55e-4,1.55e-4,1.55e-4,0
1292,C043,1992,3,7970,1,0.001138163,0.001138163,0.001138163,0
1292,C043,1992,4,7971,1,0.001862195,0.001862195,0.001862195,0
1293,C044,1991,2,7965,1,5.07e-13,5.07e-13,5.07e-13,0
1293,C044,1991,3,7966,1,2.57e-12,2.57e-12,2.57e-12,0
1293,C044,1991,4,7967,1,8.26e-12,8.26e-12,8.26e-12,0
1293,C044,1992,3,7970,1,1.3100000000000001e-10,1.3100000000000001e-10,1.3100000000000001e-10,0
1293,C044,1992,4,7971,1,2.22e-10,2.22e-10,2.22e-10,0
1293,C044,1993,1,7972,1,8.79e-10,8.79e-10,8.79e-10,0
1293,C044,1993,2,7973,1,4.38e-9,4.38e-9,4.38e-9,0
1293,C044,1993,3,7974,1,1.42e-8,1.42e-8,1.42e-8,0
1293,C044,1993,4,7975,1,4.15e-8,4.15e-8,4.15e-8,0
1293,C044,1994,2,7977,1,6.48e-7,6.48e-7,6.48e-7,0
1293,C044,1995,1,7980,1,3.81e-6,3.81e-6,3.81e-6,0
1293,C044,1995,2,7981,1,1.23e-5,1.23e-5,1.23e-5,0
1293,C044,1995,3,7982,1,3.62e-5,3.62e-5,3.62e-5,0
1293,C044,1996,2,7985,1,5.06e-4,5.06e-4,5.06e-4,0
1293,C044,1996,3,7986,2,0.001127671,0.001127671,0.001127671,0
1294,C045,1991,2,7965,1,0.020315663,0.020315663,0.020315663,0
1294,C045,1991,4,7967,1,0.156139096,0.156139096,0.156139096,0
1294,C045,1992,2,7969,1,0.999999999,0.999999999,0.999999999,0
1294,C045,1992,3,7970,1,1,1,1,0
1294,C045,1993,4,7975,1,1,1,1,0
1294,C045,1994,1,7976,1,1,1,1,0
1294,C045,1994,3,7978,1,1,1,1,0
1294,C045,1995,1,7980,1,1,1,1,0
1294,C045,1995,3,7982,1,1,1,1,0
1295,C046,1991,2,7965,1,8.85e-8,8.85e-8,8.85e-8,0
1295,C046,1991,3,7966,1,4.49e-7,4.49e-7,4.49e-7,0
1295,C046,1992,4,7971,1,7.32e-6,7.32e-6,7.32e-6,0
1295,C046,1993,3,7974,1,2.64e-5,2.64e-5,2.64e-5,0
1295,C046,1994,3,7978,1,1.4e-4,1.4e-4,1.4e-4,0
1295,C046,1995,2,7981,1,6.47e-4,6.47e-4,6.47e-4,0
1295,C046,1995,3,7982,2,0.001319587,0.001319587,0.001319587,0
1295,C046,1996,2,7985,1,0.057904909,0.057904909,0.057904909,0
1295,C046,1998,2,7993,1,1,1,1,0
1295,C046,1998,3,7994,1,1,1,1,0
1295,C046,1999,1,7996,1,1,1,1,0
1296,C047,1991,2,7965,1,5.76e-8,5.76e-8,5.76e-8,0
1296,C047,1991,3,7966,1,6.96e-8,6.96e-8,6.96e-8,0
1296,C047,1991,4,7967,1,1.03e-7,1.03e-7,1.03e-7,0
1296,C047,1992,1,7968,1,3.36e-7,3.36e-7,3.36e-7,0
1296,C047,1992,2,7969,1,1.58e-6,1.58e-6,1.58e-6,0
1296,C047,1992,3,7970,1,5.09e-6,5.09e-6,5.09e-6,0
1296,C047,1992,4,7971,1,1.48e-5,1.48e-5,1.48e-5,0
1296,C047,1993,2,7973,1,1.72e-4,1.72e-4,1.72e-4,0
1296,C047,1993,4,7975,1,5.76e-4,5.76e-4,5.76e-4,0
1296,C047,1994,3,7978,2,0.005377341,0.005377341,0.005377341,0
1296,C047,1994,4,7979,1,0.020524094,0.020524094,0.020524094,0
1296,C047,1995,2,7981,1,0.404343478,0.404343478,0.404343478,0
1296,C047,1995,3,7982,1,0.999999632,0.999999632,0.999999632,0
1297,C048,1991,2,7965,1,3.11e-4,3.11e-4,3.11e-4,0
1297,C048,1991,3,7966,1,0.001577681,0.001577681,0.001577681,0
1298,C049,1991,2,7965,1,1.6e-9,1.6e-9,1.6e-9,0
1298,C049,1991,3,7966,1,8.12e-9,8.12e-9,8.12e-9,0
1298,C049,1991,4,7967,1,2.61e-8,2.61e-8,2.61e-8,0
1298,C049,1992,1,7968,1,1.53e-7,1.53e-7,1.53e-7,0
1298,C049,1992,2,7969,1,8.31e-7,8.31e-7,8.31e-7,0
1298,C049,1992,3,7970,1,1.68e-6,1.68e-6,1.68e-6,0
1298,C049,1992,4,7971,1,4.01e-6,4.01e-6,4.01e-6,0
1298,C049,1993,2,7973,1,4.19e-5,4.19e-5,4.19e-5,0
1298,C049,1994,3,7978,1,4.09e-4,4.09e-4,4.09e-4,0
1298,C049,1995,3,7982,1,0.002206957,0.002206957,0.002206957,0
1298,C049,1996,1,7984,1,0.006591657,0.006591657,0.006591657,0
1299,C050,1991,2,7965,1,3.12e-4,3.12e-4,3.12e-4,0
1299,C050,1991,4,7967,1,0.00239947,0.00239947,0.00239947,0
1300,C051,1991,2,7965,1,6.8e-10,6.8e-10,6.8e-10,0
1300,C051,1991,3,7966,1,3.45e-9,3.45e-9,3.45e-9,0
1300,C051,1991,4,7967,1,1.11e-8,1.11e-8,1.11e-8,0
1300,C051,1992,2,7969,1,1.32e-7,1.32e-7,1.32e-7,0
1300,C051,1992,3,7970,1,3.21e-7,3.21e-7,3.21e-7,0
1300,C051,1992,4,7971,1,8.43e-7,8.43e-7,8.43e-7,0
1300,C051,1993,3,7974,1,1.24e-5,1.24e-5,1.24e-5,0
1300,C051,1993,4,7975,1,2.09e-5,2.09e-5,2.09e-5,0
1300,C051,1994,2,7977,1,2.11e-4,2.11e-4,2.11e-4,0
1300,C051,1994,3,7978,1,5.07e-4,5.07e-4,5.07e-4,0
1300,C051,1994,4,7979,1,0.001323257,0.001323257,0.001323257,0
1301,C052,1991,2,7965,1,1.8e-5,1.8e-5,1.8e-5,0
1301,C052,1991,3,7966,1,9.1e-5,9.1e-5,9.1e-5,0
1301,C052,1992,2,7969,1,0.001038272,0.001038272,0.001038272,0
1301,C052,1992,3,7970,1,0.002201194,0.002201194,0.002201194,0
1301,C052,1993,2,7973,1,0.017588951,0.017588951,0.017588951,0
1301,C052,1993,4,7975,1,0.048834559,0.048834559,0.048834559,0
1302,C053,1991,2,7965,1,4.56e-15,4.56e-15,4.56e-15,0
1302,C053,1992,1,7968,1,5.48e-14,5.48e-14,5.48e-14,0
1302,C053,1992,2,7969,1,1.6e-13,1.6e-13,1.6e-13,0
1302,C053,1992,3,7970,1,4.55e-13,4.55e-13,4.55e-13,0
1302,C053,1992,4,7971,1,1.27e-12,1.27e-12,1.27e-12,0
1302,C053,1993,1,7972,1,7.18e-12,7.18e-12,7.18e-12,0
1302,C053,1993,2,7973,1,2.11e-11,2.11e-11,2.11e-11,0
1302,C053,1993,3,7974,1,6.04e-11,6.04e-11,6.04e-11,0
1302,C053,1993,4,7975,1,1.69e-10,1.69e-10,1.69e-10,0
1302,C053,1994,2,7977,1,2.59e-9,2.59e-9,2.59e-9,0
1302,C053,1994,3,7978,1,6.35e-9,6.35e-9,6.35e-9,0
1302,C053,1994,4,7979,1,1.67e-8,1.67e-8,1.67e-8,0
1302,C053,1995,3,7982,2,3.75e-7,3.75e-7,3.75e-7,0
1302,C053,1995,4,7983,1,1.5e-6,1.5e-6,1.5e-6,0
1302,C053,1996,3,7986,2,4.17e-5,4.17e-5,4.17e-5,0
1302,C053,1996,4,7987,1,1.67e-4,1.67e-4,1.67e-4,0
1302,C053,1997,2,7989,1,0.001685032,0.001685032,0.001685032,0
1302,C053,1997,3,7990,1,0.002710582,0.002710582,0.002710582,0
1302,C053,1998,2,7993,1,0.018924286,0.018924286,0.018924286,0
1303,C054,1991,2,7965,1,1.47e-8,1.47e-8,1.47e-8,0
1303,C054,1991,3,7966,1,7.45e-8,7.45e-8,7.45e-8,0
1303,C054,1991,4,7967,1,1.48e-7,1.48e-7,1.48e-7,0
1303,C054,1992,1,7968,1,6.65e-7,6.65e-7,6.65e-7,0
1303,C054,1992,2,7969,1,3.42e-6,3.42e-6,3.42e-6,0
1303,C054,1992,3,7970,1,6.85e-6,6.85e-6,6.85e-6,0
1303,C054,1992,4,7971,1,1.63e-5,1.63e-5,1.63e-5,0
1303,C054,1993,3,7974,1,2.27e-4,2.27e-4,2.27e-4,0
1303,C054,1993,4,7975,1,3.82e-4,3.82e-4,3.82e-4,0
1303,C054,1994,2,7977,1,0.003832507,0.003832507,0.003832507,0
1304,C055,1991,2,7965,1,0.001328097,0.001328097,0.001328097,0
1305,C056,1991,2,7965,1,2.24e-7,2.24e-7,2.24e-7,0
1305,C056,1991,3,7966,1,1.14e-6,1.14e-6,1.14e-6,0
1305,C056,1991,4,7967,1,3.66e-6,3.66e-6,3.66e-6,0
1305,C056,1992,1,7968,1,2.15e-5,2.15e-5,2.15e-5,0
1305,C056,1993,1,7972,1,2.87e-4,2.87e-4,2.87e-4,0
1305,C056,1993,3,7974,1,8.86e-4,8.86e-4,8.86e-4,0
1305,C056,1993,4,7975,1,0.001542488,0.001542488,0.001542488,0
1306,C057,1991,2,7965,1,9.58e-7,9.58e-7,9.58e-7,0
1306,C057,1991,3,7966,1,4.86e-6,4.86e-6,4.86e-6,0
1306,C057,1991,4,7967,1,1.56e-5,1.56e-5,1.56e-5,0
1306,C057,1992,1,7968,1,9.17e-5,9.17e-5,9.17e-5,0
1306,C057,1992,2,7969,1,4.97e-4,4.97e-4,4.97e-4,0
1306,C057,1992,3,7970,1,0.001638053,0.001638053,0.001638053,0
1306,C057,1993,1,7972,1,0.010113894,0.010113894,0.010113894,0
1306,C057,1993,4,7975,1,0.069157762,0.069157762,0.069157762,0
1306,C057,1995,3,7982,2,1,1,1,0
1306,C057,1996,3,7986,1,1,1,1,0
1306,C057,1997,3,7990,1,1,1,1,0
1307,C058,1991,2,7965,1,2.23e-7,2.23e-7,2.23e-7,0
1307,C058,1991,3,7966,1,1.13e-6,1.13e-6,1.13e-6,0
1307,C058,1991,4,7967,1,3.64e-6,3.64e-6,3.64e-6,0
1307,C058,1992,1,7968,1,2.14e-5,2.14e-5,2.14e-5,0
1307,C058,1992,3,7970,1,1.78e-4,1.78e-4,1.78e-4,0
1307,C058,1992,4,7971,1,3.49e-4,3.49e-4,3.49e-4,0
1307,C058,1993,3,7974,1,0.004145563,0.004145563,0.004145563,0
1308,C059,1991,2,7965,1,0.001328097,0.001328097,0.001328097,0
1309,C060,1991,2,7965,1,8.91e-12,8.91e-12,8.91e-12,0
1309,C060,1991,3,7966,3,4.51e-11,4.51e-11,4.51e-11,0
1309,C060,1991,4,7967,1,1.88e-9,1.88e-9,1.88e-9,0
1309,C060,1992,1,7968,1,1.49e-8,1.49e-8,1.49e-8,0
1309,C060,1992,3,7970,1,1.3e-7,1.3e-7,1.3e-7,0
1309,C060,1993,1,7972,1,4.68e-7,4.68e-7,4.68e-7,0
1309,C060,1993,3,7974,2,2.34e-6,2.34e-6,2.34e-6,0
1309,C060,1994,1,7976,1,3.15e-5,3.15e-5,3.15e-5,0
1309,C060,1994,3,7978,1,2.11e-4,2.11e-4,2.11e-4,0
1309,C060,1995,3,7982,1,0.00199057,0.00199057,0.00199057,0
1309,C060,1995,4,7983,1,0.00315002,0.00315002,0.00315002,0
1310,C061,1991,2,7965,1,2.75e-8,2.75e-8,2.75e-8,0
1310,C061,1991,3,7966,1,1.39e-7,1.39e-7,1.39e-7,0
1310,C061,1991,4,7967,1,4.48e-7,4.48e-7,4.48e-7,0
1310,C061,1992,1,7968,2,2.63e-6,2.63e-6,2.63e-6,0
1310,C061,1992,2,7969,1,2.47e-5,2.47e-5,2.47e-5,0
1310,C061,1992,3,7970,1,8.69e-5,8.69e-5,8.69e-5,0
1310,C061,1993,1,7972,1,5.49e-4,5.49e-4,5.49e-4,0
1310,C061,1993,4,7975,1,0.003767892,0.003767892,0.003767892,0
1311,C062,1991,2,7965,1,1.36e-17,1.36e-17,1.36e-17,0
1311,C062,1991,3,7966,1,6.88e-17,6.88e-17,6.88e-17,0
1311,C062,1991,4,7967,1,2.21e-16,2.21e-16,2.21e-16,0
1311,C062,1992,1,7968,1,1.3e-15,1.3e-15,1.3e-15,0
1311,C062,1992,3,7970,1,1.08e-14,1.08e-14,1.08e-14,0
1311,C062,1993,2,7973,1,6.07e-14,6.07e-14,6.07e-14,0
1311,C062,1993,3,7974,1,1.22e-13,1.22e-13,1.22e-13,0
1311,C062,1993,4,7975,1,2.93e-13,2.93e-13,2.93e-13,0
1311,C062,1994,2,7977,1,4.08e-12,4.08e-12,4.08e-12,0
1311,C062,1994,3,7978,1,9.99e-12,9.99e-12,9.99e-12,0
1311,C062,1994,4,7979,1,2.63e-11,2.63e-11,2.63e-11,0
1311,C062,1995,1,7980,1,2.11e-10,2.11e-10,2.11e-10,0
1311,C062,1995,3,7982,2,1.83e-9,1.83e-9,1.83e-9,0
1311,C062,1995,4,7983,1,9.41e-9,9.41e-9,9.41e-9,0
1311,C062,1996,1,7984,1,9.85e-8,9.85e-8,9.85e-8,0
1311,C062,1996,3,7986,2,8.75e-7,8.75e-7,8.75e-7,0
1311,C062,1997,3,7990,1,3.58e-5,3.58e-5,3.58e-5,0
1311,C062,1998,3,7994,1,1.1e-4,1.1e-4,1.1e-4,0
1311,C062,1998,4,7995,1,1.56e-4,1.56e-4,1.56e-4,0
1311,C062,1999,2,7997,1,8.81e-4,8.81e-4,8.81e-4,0
1311,C062,1999,3,7998,1,0.001984966,0.001984966,0.001984966,0
1311,C062,2000,3,8002,1,0.020020158,0.020020158,0.020020158,0
1312,C063,1991,2,7965,1,0.001328097,0.001328097,0.001328097,0
1313,C064,1991,2,7965,1,1.89e-15,1.89e-15,1.89e-15,0
1313,C064,1991,3,7966,1,9.6e-15,9.6e-15,9.6e-15,0
1313,C064,1991,4,7967,1,3.09e-14,3.09e-14,3.09e-14,0
1313,C064,1992,1,7968,1,1.81e-13,1.81e-13,1.81e-13,0
1313,C064,1992,3,7970,1,1.51e-12,1.51e-12,1.51e-12,0
1313,C064,1992,4,7971,1,2.96e-12,2.96e-12,2.96e-12,0
1313,C064,1993,1,7972,1,1.35e-11,1.35e-11,1.35e-11,0
1313,C064,1993,2,7973,1,6.96e-11,6.96e-11,6.96e-11,0
1313,C064,1993,3,7974,1,2.28e-10,2.28e-10,2.28e-10,0
1313,C064,1994,2,7977,1,2.93e-9,2.93e-9,2.93e-9,0
1313,C064,1994,3,7978,1,6.46e-9,6.46e-9,6.46e-9,0
1313,C064,1995,3,7982,2,9.47e-8,9.47e-8,9.47e-8,0
1313,C064,1996,1,7984,1,1.02e-6,1.02e-6,1.02e-6,0
1313,C064,1996,3,7986,2,6.91e-6,6.91e-6,6.91e-6,0
1313,C064,1996,4,7987,1,3.43e-5,3.43e-5,3.43e-5,0
1313,C064,1997,3,7990,1,0.001051212,0.001051212,0.001051212,0
1313,C064,1999,2,7997,1,0.010190281,0.010190281,0.010190281,0
1313,C064,1999,3,7998,1,0.014601775000000001,0.014601775000000001,0.014601775000000001,0
1314,C065,1991,2,7965,1,2.09e-20,2.09e-20,2.09e-20,0
1314,C065,1991,3,7966,1,1.06e-19,1.06e-19,1.06e-19,0
1314,C065,1991,4,7967,1,3.4e-19,3.4e-19,3.4e-19,0
1314,C065,1992,2,7969,1,4.06e-18,4.06e-18,4.06e-18,0
1314,C065,1992,3,7970,1,9.86e-18,9.86e-18,9.86e-18,0
1314,C065,1992,4,7971,1,2.59e-17,2.59e-17,2.59e-17,0
1314,C065,1993,3,7974,2,3.81e-16,3.81e-16,3.81e-16,0
1314,C065,1993,4,7975,1,1.5e-15,1.5e-15,1.5e-15,0
1314,C065,1994,2,7977,1,2.65e-14,2.65e-14,2.65e-14,0
1314,C065,1994,3,7978,1,6.54e-14,6.54e-14,6.54e-14,0
1314,C065,1995,3,7982,2,1.04e-12,1.04e-12,1.04e-12,0
1314,C065,1995,4,7983,1,3.76e-12,3.76e-12,3.76e-12,0
1314,C065,1996,3,7986,2,1.01e-10,1.01e-10,1.01e-10,0
1314,C065,1997,2,7989,1,2.33e-9,2.33e-9,2.33e-9,0
1314,C065,1998,2,7993,1,1.61e-8,1.61e-8,1.61e-8,0
1314,C065,1998,3,7994,3,2.97e-8,2.97e-8,2.97e-8,0
1314,C065,1998,4,7995,1,7.14e-7,7.14e-7,7.14e-7,0
1314,C065,1999,4,7999,1,1.78e-5,1.78e-5,1.78e-5,0
1314,C065,2000,1,8000,1,3.51e-5,3.51e-5,3.51e-5,0
1314,C065,2000,3,8002,1,1.84e-4,1.84e-4,1.84e-4,0
1314,C065,2002,2,8009,1,0.001907313,0.001907313,0.001907313,0
1314,C065,2002,3,8010,2,0.002842482,0.002842482,0.002842482,0
1315,C066,1991,2,7965,1,0.169150469,0.169150469,0.169150469,0
1315,C066,1991,3,7966,1,0.85708424,0.85708424,0.85708424,0
1315,C066,1991,4,7967,1,0.954068525,0.954068525,0.954068525,0
1315,C066,1992,1,7968,1,0.989099226,0.989099226,0.989099226,0
1315,C066,1992,2,7969,1,0.998630179,0.998630179,0.998630179,0
1315,C066,1992,3,7970,1,1,1,1,0
1315,C066,1992,4,7971,1,1,1,1,0
1315,C066,1993,3,7974,1,1,1,1,0
1315,C066,1993,4,7975,1,1,1,1,0
1315,C066,1994,1,7976,1,1,1,1,0
1315,C066,1994,2,7977,1,1,1,1,0
1315,C066,1994,3,7978,1,1,1,1,0
1315,C066,1994,4,7979,1,1,1,1,0
1315,C066,1995,1,7980,1,1,1,1,0
1315,C066,1995,4,7983,1,1,1,1,0
1315,C066,1996,1,7984,1,1,1,1,0
1315,C066,1996,3,7986,1,1,1,1,0
1316,C067,1991,2,7965,1,6.92e-10,6.92e-10,6.92e-10,0
1316,C067,1991,3,7966,2,3.5e-9,3.5e-9,3.5e-9,0
1316,C067,1991,4,7967,1,3.68e-8,3.68e-8,3.68e-8,0
1316,C067,1992,1,7968,1,2.72e-7,2.72e-7,2.72e-7,0
1316,C067,1992,2,7969,1,1.53e-6,1.53e-6,1.53e-6,0
1316,C067,1992,3,7970,1,5.06e-6,5.06e-6,5.06e-6,0
1316,C067,1993,1,7972,1,3.13e-5,3.13e-5,3.13e-5,0
1316,C067,1993,2,7973,1,1.19e-4,1.19e-4,1.19e-4,0
1316,C067,1993,3,7974,1,3.66e-4,3.66e-4,3.66e-4,0
1316,C067,1995,3,7982,1,0.013400348,0.013400348,0.013400348,0
1317,C068,1991,2,7965,1,0.008524144,0.008524144,0.008524144,0
1317,C068,1991,3,7966,1,0.043191779,0.043191779,0.043191779,0
1317,C068,1991,4,7967,1,0.138897298,0.138897298,0.138897298,0
1317,C068,1992,1,7968,1,0.815825302,0.815825302,0.815825302,0
1317,C068,1992,2,7969,2,1,1,1,0
1317,C068,1992,3,7970,1,1,1,1,0
1317,C068,1992,4,7971,1,1,1,1,0
1317,C068,1993,1,7972,1,1,1,1,0
1317,C068,1993,2,7973,1,1,1,1,0
1317,C068,1993,3,7974,1,1,1,1,0
1318,C069,1991,2,7965,1,2.13e-15,2.13e-15,2.13e-15,0
1318,C069,1991,3,7966,1,1.08e-14,1.08e-14,1.08e-14,0
1318,C069,1991,4,7967,1,3.48e-14,3.48e-14,3.48e-14,0
1318,C069,1992,1,7968,1,2.04e-13,2.04e-13,2.04e-13,0
1318,C069,1992,2,7969,1,1.11e-12,1.11e-12,1.11e-12,0
1318,C069,1992,4,7971,1,5.28e-12,5.28e-12,5.28e-12,0
1318,C069,1993,1,7972,1,1.71e-11,1.71e-11,1.71e-11,0
1318,C069,1993,3,7974,1,1.22e-10,1.22e-10,1.22e-10,0
1318,C069,1994,2,7977,1,8.32e-10,8.32e-10,8.32e-10,0
1318,C069,1994,3,7978,1,1.76e-9,1.76e-9,1.76e-9,0
1318,C069,1995,3,7982,1,2.49e-8,2.49e-8,2.49e-8,0
1318,C069,1995,4,7983,1,4e-8,4e-8,4e-8,0
1318,C069,1996,3,7986,2,5.79e-7,5.79e-7,5.79e-7,0
1318,C069,1996,4,7987,1,2.26e-6,2.26e-6,2.26e-6,0
1318,C069,1997,2,7989,1,4.82e-5,4.82e-5,4.82e-5,0
1318,C069,1998,3,7994,1,4.53e-4,4.53e-4,4.53e-4,0
1318,C069,1998,4,7995,1,6.59e-4,6.59e-4,6.59e-4,0
1318,C069,1999,3,7998,1,0.005080887,0.005080887,0.005080887,0
1318,C069,2001,3,8006,1,0.040022415,0.040022415,0.040022415,0
1319,C070,1991,2,7965,1,4.04e-6,4.04e-6,4.04e-6,0
1319,C070,1991,3,7966,1,2.05e-5,2.05e-5,2.05e-5,0
1319,C070,1991,4,7967,1,6.58e-5,6.58e-5,6.58e-5,0
1319,C070,1992,1,7968,1,3.87e-4,3.87e-4,3.87e-4,0
1319,C070,1992,4,7971,1,0.003939582,0.003939582,0.003939582,0
1320,C071,1991,2,7965,1,7.29e-5,7.29e-5,7.29e-5,0
1320,C071,1991,3,7966,1,3.69e-4,3.69e-4,3.69e-4,0
1320,C071,1991,4,7967,1,0.001187948,0.001187948,0.001187948,0
1321,C072,1991,2,7965,1,4.8e-6,4.8e-6,4.8e-6,0
1321,C072,1991,3,7966,1,5.79e-6,5.79e-6,5.79e-6,0
1321,C072,1991,4,7967,1,8.54e-6,8.54e-6,8.54e-6,0
1321,C072,1992,2,7969,1,1.08e-5,1.08e-5,1.08e-5,0
1321,C072,1993,4,7975,1,3e-5,3e-5,3e-5,0
1321,C072,1994,1,7976,1,4.98e-5,4.98e-5,4.98e-5,0
1321,C072,1994,2,7977,1,1.55e-4,1.55e-4,1.55e-4,0
1321,C072,1994,3,7978,1,4.51e-4,4.51e-4,4.51e-4,0
1321,C072,1994,4,7979,1,0.001267469,0.001267469,0.001267469,0
1322,C073,1991,3,7966,1,4.07e-6,4.07e-6,4.07e-6,0
1322,C073,1991,4,7967,1,1.48e-5,1.48e-5,1.48e-5,0
1322,C073,1992,3,7970,1,2.46e-4,2.46e-4,2.46e-4,0
1322,C073,1992,4,7971,1,4.17e-4,4.17e-4,4.17e-4,0
1322,C073,1993,2,7973,1,0.00319107,0.00319107,0.00319107,0
1323,C074,1991,3,7966,1,1.01e-6,1.01e-6,1.01e-6,0
1323,C074,1991,4,7967,1,3.66e-6,3.66e-6,3.66e-6,0
1323,C074,1992,2,7969,1,4.57e-5,4.57e-5,4.57e-5,0
1323,C074,1993,2,7973,1,3.14e-4,3.14e-4,3.14e-4,0
1323,C074,1995,3,7982,2,0.003633374,0.003633374,0.003633374,0
1324,C075,1991,3,7966,2,4.28e-6,4.28e-6,4.28e-6,0
1324,C075,1991,4,7967,1,5.26e-5,5.26e-5,5.26e-5,0
1324,C075,1992,1,7968,1,7.01e-5,7.01e-5,7.01e-5,0
1324,C075,1992,2,7969,1,1.63e-4,1.63e-4,1.63e-4,0
1324,C075,1992,3,7970,2,4.25e-4,4.25e-4,4.25e-4,0
1325,C076,1991,3,7966,1,0.001328097,0.001328097,0.001328097,0
1326,C077,1991,3,7966,1,0.001328097,0.001328097,0.001328097,0
1327,C078,1991,3,7966,2,2.63e-13,2.63e-13,2.63e-13,0
1327,C078,1991,4,7967,1,3.23e-12,3.23e-12,3.23e-12,0
1327,C078,1992,1,7968,1,2.42e-11,2.42e-11,2.42e-11,0
1327,C078,1992,2,7969,1,1.36e-10,1.36e-10,1.36e-10,0
1327,C078,1992,3,7970,1,4.5e-10,4.5e-10,4.5e-10,0
1327,C078,1992,4,7971,1,1.32e-9,1.32e-9,1.32e-9,0
1327,C078,1993,1,7972,1,7.61e-9,7.61e-9,7.61e-9,0
1327,C078,1993,2,7973,1,4.12e-8,4.12e-8,4.12e-8,0
1327,C078,1993,3,7974,1,1.36e-7,1.36e-7,1.36e-7,0
1327,C078,1994,1,7976,1,5.19e-7,5.19e-7,5.19e-7,0
1327,C078,1994,3,7978,2,2.88e-6,2.88e-6,2.88e-6,0
1327,C078,1995,1,7980,1,4.32e-5,4.32e-5,4.32e-5,0
1327,C078,1995,3,7982,2,3e-4,3e-4,3e-4,0
1327,C078,1996,3,7986,1,0.01147716,0.01147716,0.01147716,0
1328,C079,1991,3,7966,2,7e-4,7e-4,7e-4,0
1329,C080,1991,3,7966,2,6.5e-9,6.5e-9,6.5e-9,0
1329,C080,1991,4,7967,1,7.98e-8,7.98e-8,7.98e-8,0
1329,C080,1992,1,7968,1,5.99e-7,5.99e-7,5.99e-7,0
1329,C080,1992,2,7969,1,3.36e-6,3.36e-6,3.36e-6,0
1329,C080,1992,3,7970,1,1.11e-5,1.11e-5,1.11e-5,0
1329,C080,1992,4,7971,1,3.26e-5,3.26e-5,3.26e-5,0
1329,C080,1993,2,7973,1,3.82e-4,3.82e-4,3.82e-4,0
1329,C080,1993,3,7974,1,9.27e-4,9.27e-4,9.27e-4,0
1329,C080,1994,3,7978,1,0.006311727,0.006311727,0.006311727,0
1330,C081,1991,3,7966,2,5.24e-8,5.24e-8,5.24e-8,0
1330,C081,1991,4,7967,1,6.43e-7,6.43e-7,6.43e-7,0
1330,C081,1992,1,7968,1,4.82e-6,4.82e-6,4.82e-6,0
1330,C081,1992,2,7969,1,2.71e-5,2.71e-5,2.71e-5,0
1330,C081,1993,2,7973,1,2.83e-4,2.83e-4,2.83e-4,0
1330,C081,1993,3,7974,1,5.22e-4,5.22e-4,5.22e-4,0
1330,C081,1994,1,7976,1,0.002710666,0.002710666,0.002710666,0
1331,C082,1991,3,7966,1,0.001328097,0.001328097,0.001328097,0
1332,C083,1991,3,7966,2,7.52e-9,7.52e-9,7.52e-9,0
1332,C083,1991,4,7967,1,9.24e-8,9.24e-8,9.24e-8,0
1332,C083,1992,1,7968,1,1.23e-7,1.23e-7,1.23e-7,0
1332,C083,1992,2,7969,1,2.86e-7,2.86e-7,2.86e-7,0
1332,C083,1992,3,7970,1,7.46e-7,7.46e-7,7.46e-7,0
1332,C083,1992,4,7971,1,2.01e-6,2.01e-6,2.01e-6,0
1332,C083,1994,1,7976,1,4.62e-5,4.62e-5,4.62e-5,0
1332,C083,1994,3,7978,1,1.45e-4,1.45e-4,1.45e-4,0
1332,C083,1995,3,7982,2,0.001122746,0.001122746,0.001122746,0
1332,C083,1995,4,7983,1,0.003854565,0.003854565,0.003854565,0
1332,C083,1996,1,7984,1,0.035981537,0.035981537,0.035981537,0
1332,C083,1997,3,7990,1,1,1,1,0
1332,C083,1997,4,7991,2,1,1,1,0
1333,C084,1991,3,7966,1,0.001328097,0.001328097,0.001328097,0
1334,C085,1991,3,7966,1,0.001328097,0.001328097,0.001328097,0
1335,C086,1991,3,7966,1,8.07e-5,8.07e-5,8.07e-5,0
1335,C086,1992,1,7968,1,6.44e-4,6.44e-4,6.44e-4,0
1335,C086,1996,3,7986,1,0.032942216,0.032942216,0.032942216,0
1336,C087,1991,3,7966,1,0.001328097,0.001328097,0.001328097,0
1337,C088,1991,3,7966,1,0.001328097,0.001328097,0.001328097,0
1338,C089,1991,3,7966,1,2.26e-7,2.26e-7,2.26e-7,0
1338,C089,1991,4,7967,2,8.22e-7,8.22e-7,8.22e-7,0
1338,C089,1992,2,7969,1,4.13e-5,4.13e-5,4.13e-5,0
1338,C089,1992,4,7971,1,1.45e-4,1.45e-4,1.45e-4,0
1338,C089,1993,1,7972,1,4.4e-4,4.4e-4,4.4e-4,0
1338,C089,1994,3,7978,1,0.008417652,0.008417652,0.008417652,0
1339,C090,1991,3,7966,1,7.36e-5,7.36e-5,7.36e-5,0
1339,C090,1991,4,7967,1,2.67e-4,2.67e-4,2.67e-4,0
1339,C090,1992,3,7970,1,0.004457757,0.004457757,0.004457757,0
1340,C091,1991,3,7966,1,0.001328097,0.001328097,0.001328097,0
1341,C092,1991,3,7966,1,2.42e-10,2.42e-10,2.42e-10,0
1341,C092,1991,4,7967,1,8.78e-10,8.78e-10,8.78e-10,0
1341,C092,1993,1,7972,1,2.1e-8,2.1e-8,2.1e-8,0
1341,C092,1993,3,7974,2,5.63e-8,5.63e-8,5.63e-8,0
1341,C092,1994,3,7978,1,1.4e-6,1.4e-6,1.4e-6,0
1341,C092,1995,3,7982,1,9.21e-6,9.21e-6,9.21e-6,0
1341,C092,1996,3,7986,1,5.67e-5,5.67e-5,5.67e-5,0
1341,C092,1997,4,7991,1,3.99e-4,3.99e-4,3.99e-4,0
1341,C092,1998,3,7994,1,0.001637325,0.001637325,0.001637325,0
1341,C092,1999,3,7998,1,0.006935632,0.006935632,0.006935632,0
1341,C092,2001,3,8006,1,0.041812021,0.041812021,0.041812021,0
1342,C093,1991,3,7966,1,0.001328097,0.001328097,0.001328097,0
1343,C094,1991,3,7966,1,0.001328097,0.001328097,0.001328097,0
1344,C095,1991,3,7966,1,0.001328097,0.001328097,0.001328097,0
1345,C096,1991,3,7966,1,0.001328097,0.001328097,0.001328097,0
1346,C097,1991,3,7966,1,0.001328097,0.001328097,0.001328097,0
1347,C098,1991,3,7966,1,4.02e-6,4.02e-6,4.02e-6,0
1347,C098,1991,4,7967,1,1.46e-5,1.46e-5,1.46e-5,0
1347,C098,1992,2,7969,2,1.82e-4,1.82e-4,1.82e-4,0
1347,C098,1992,3,7970,1,0.001303446,0.001303446,0.001303446,0
1348,C099,1991,3,7966,1,0.001328097,0.001328097,0.001328097,0
1349,C100,1991,3,7966,1,1.22e-8,1.22e-8,1.22e-8,0
1349,C100,1991,4,7967,2,4.42e-8,4.42e-8,4.42e-8,0
1349,C100,1992,2,7969,1,2.22e-6,2.22e-6,2.22e-6,0
1349,C100,1992,3,7970,1,5.61e-6,5.61e-6,5.61e-6,0
1349,C100,1993,1,7972,1,3.08e-5,3.08e-5,3.08e-5,0
1349,C100,1993,3,7974,2,1.71e-4,1.71e-4,1.71e-4,0
1349,C100,1993,4,7975,1,8.28e-4,8.28e-4,8.28e-4,0
1350,C101,1991,3,7966,1,0.001328097,0.001328097,0.001328097,0
1351,C102,1991,3,7966,1,6.73e-10,6.73e-10,6.73e-10,0
1351,C102,1991,4,7967,2,2.44e-9,2.44e-9,2.44e-9,0
1351,C102,1992,2,7969,2,1.23e-7,1.23e-7,1.23e-7,0
1351,C102,1992,3,7970,1,9.28e-7,9.28e-7,9.28e-7,0
1351,C102,1993,2,7973,1,1.16e-5,1.16e-5,1.16e-5,0
1351,C102,1993,3,7974,2,2.47e-5,2.47e-5,2.47e-5,0
1351,C102,1994,1,7976,1,5.42e-4,5.42e-4,5.42e-4,0
1351,C102,1994,3,7978,1,0.003724406,0.003724406,0.003724406,0
1352,C103,1991,3,7966,1,0.001328097,0.001328097,0.001328097,0
1353,C104,1991,3,7966,1,0.002994599,0.002994599,0.002994599,0
1354,C105,1991,3,7966,1,0.002994599,0.002994599,0.002994599,0
1355,C106,1991,3,7966,1,1.71e-5,1.71e-5,1.71e-5,0
1355,C106,1991,4,7967,2,6.21e-5,6.21e-5,6.21e-5,0
1355,C106,1992,2,7969,1,0.003124331,0.003124331,0.003124331,0
1356,C107,1991,3,7966,1,0.001328097,0.001328097,0.001328097,0
1357,C108,1991,3,7966,1,0.001328097,0.001328097,0.001328097,0
1358,C109,1991,3,7966,1,0.001328097,0.001328097,0.001328097,0
1359,C110,1991,3,7966,1,9.54e-7,9.54e-7,9.54e-7,0
1359,C110,1991,4,7967,1,3.47e-6,3.47e-6,3.47e-6,0
1359,C110,1992,1,7968,1,2.12e-5,2.12e-5,2.12e-5,0
1359,C110,1992,2,7969,1,1.16e-4,1.16e-4,1.16e-4,0
1359,C110,1993,2,7973,1,0.001204225,0.001204225,0.001204225,0
1359,C110,1993,3,7974,1,0.002219303,0.002219303,0.002219303,0
1360,C111,1991,3,7966,1,0.001328097,0.001328097,0.001328097,0
1361,C112,1991,3,7966,1,0.001328097,0.001328097,0.001328097,0
1362,C113,1991,3,7966,1,0.001328097,0.001328097,0.001328097,0
1363,C114,1991,3,7966,1,1.82e-5,1.82e-5,1.82e-5,0
1363,C114,1991,4,7967,1,6.61e-5,6.61e-5,6.61e-5,0
1363,C114,1992,1,7968,1,4.05e-4,4.05e-4,4.05e-4,0
1363,C114,1992,4,7971,1,0.004157106,0.004157106,0.004157106,0
1363,C114,1993,3,7974,1,0.021074667,0.021074667,0.021074667,0
1363,C114,1993,4,7975,1,0.033546446,0.033546446,0.033546446,0
1363,C114,1995,3,7982,1,0.999999962,0.999999962,0.999999962,0
1364,C115,1991,3,7966,1,1.01e-6,1.01e-6,1.01e-6,0
1364,C115,1991,4,7967,1,3.66e-6,3.66e-6,3.66e-6,0
1364,C115,1992,2,7969,1,4.57e-5,4.57e-5,4.57e-5,0
1364,C115,1993,3,7974,1,3.72e-4,3.72e-4,3.72e-4,0
1364,C115,1995,3,7982,2,0.00344249,0.00344249,0.00344249,0
1365,C116,1991,3,7966,1,0.001328097,0.001328097,0.001328097,0
1366,C117,1991,3,7966,1,0.001328097,0.001328097,0.001328097,0
1367,C118,1991,3,7966,1,0.001328097,0.001328097,0.001328097,0
1368,C119,1991,3,7966,1,0.001328097,0.001328097,0.001328097,0
1369,C120,1991,3,7966,1,0.002994599,0.002994599,0.002994599,0
1370,C121,1991,3,7966,1,0.001328097,0.001328097,0.001328097,0
1371,C122,1991,3,7966,1,4.1e-6,4.1e-6,4.1e-6,0
1371,C122,1991,4,7967,1,1.49e-5,1.49e-5,1.49e-5,0
1371,C122,1992,1,7968,1,9.13e-5,9.13e-5,9.13e-5,0
1371,C122,1993,3,7974,1,0.001826548,0.001826548,0.001826548,0
1371,C122,1993,4,7975,1,0.002482261,0.002482261,0.002482261,0
1372,C123,1991,3,7966,1,7.58e-13,7.58e-13,7.58e-13,0
1372,C123,1991,4,7967,1,2.75e-12,2.75e-12,2.75e-12,0
1372,C123,1992,1,7968,1,1.69e-11,1.69e-11,1.69e-11,0
1372,C123,1992,2,7969,1,9.2e-11,9.2e-11,9.2e-11,0
1372,C123,1992,4,7971,1,4.4e-10,4.4e-10,4.4e-10,0
1372,C123,1993,2,7973,1,2.66e-9,2.66e-9,2.66e-9,0
1372,C123,1993,3,7974,1,6.11e-9,6.11e-9,6.11e-9,0
1372,C123,1994,2,7977,1,6.53e-8,6.53e-8,6.53e-8,0
1372,C123,1995,3,7982,1,5.93e-7,5.93e-7,5.93e-7,0
1372,C123,1996,2,7985,1,2.68e-6,2.68e-6,2.68e-6,0
1372,C123,1997,2,7989,1,1.86e-5,1.86e-5,1.86e-5,0
1372,C123,1997,3,7990,1,3.58e-5,3.58e-5,3.58e-5,0
1372,C123,1997,4,7991,1,8.32e-5,8.32e-5,8.32e-5,0
1372,C123,1999,2,7997,1,0.002417633,0.002417633,0.002417633,0
1372,C123,1999,3,7998,1,0.003642458,0.003642458,0.003642458,0
1372,C123,2002,3,8010,1,0.05738135,0.05738135,0.05738135,0
1373,C124,1991,3,7966,1,3.15e-4,3.15e-4,3.15e-4,0
1373,C124,1992,3,7970,1,0.005331824,0.005331824,0.005331824,0
1374,C125,1991,3,7966,1,0.001328097,0.001328097,0.001328097,0
1375,C126,1991,3,7966,1,7.38e-5,7.38e-5,7.38e-5,0
1375,C126,1992,2,7969,1,9.86e-4,9.86e-4,9.86e-4,0
1375,C126,1992,3,7970,1,0.002106583,0.002106583,0.002106583,0
1376,C127,1991,4,7967,2,5.45e-8,5.45e-8,5.45e-8,0
1376,C127,1992,2,7969,1,2.34e-6,2.34e-6,2.34e-6,0
1376,C127,1992,3,7970,1,5.9e-6,5.9e-6,5.9e-6,0
1376,C127,1992,4,7971,1,1.57e-5,1.57e-5,1.57e-5,0
1376,C127,1993,3,7974,1,2.34e-4,2.34e-4,2.34e-4,0
1376,C127,1994,3,7978,1,0.001531968,0.001531968,0.001531968,0
1376,C127,1995,4,7983,1,0.010257328,0.010257328,0.010257328,0
1377,C128,1991,4,7967,1,2.9e-7,2.9e-7,2.9e-7,0
1377,C128,1992,2,7969,1,3.13e-6,3.13e-6,3.13e-6,0
1377,C128,1993,3,7974,1,2.51e-5,2.51e-5,2.51e-5,0
1377,C128,1995,3,7982,1,2.32e-4,2.32e-4,2.32e-4,0
1377,C128,1997,1,7988,1,0.0013830960000000001,0.0013830960000000001,0.0013830960000000001,0
1377,C128,1997,3,7990,1,0.004102454,0.004102454,0.004102454,0
1377,C128,1999,1,7996,1,0.03434382,0.03434382,0.03434382,0
1378,C129,1991,4,7967,1,6.51e-9,6.51e-9,6.51e-9,0
1378,C129,1992,2,7969,2,7.01e-8,7.01e-8,7.01e-8,0
1378,C129,1992,3,7970,1,4.95e-7,4.95e-7,4.95e-7,0
1378,C129,1992,4,7971,1,1.67e-6,1.67e-6,1.67e-6,0
1378,C129,1993,3,7974,2,2.77e-5,2.77e-5,2.77e-5,0
1378,C129,1993,4,7975,1,6.42e-5,6.42e-5,6.42e-5,0
1378,C129,1994,3,7978,2,0.001170378,0.001170378,0.001170378,0
1379,C130,1991,4,7967,1,1.75e-5,1.75e-5,1.75e-5,0
1379,C130,1992,1,7968,1,9.37e-5,9.37e-5,9.37e-5,0
1379,C130,1993,3,7974,2,0.001825232,0.001825232,0.001825232,0
1380,C131,1991,4,7967,1,4.16e-6,4.16e-6,4.16e-6,0
1380,C131,1992,1,7968,1,2.23e-5,2.23e-5,2.23e-5,0
1380,C131,1992,2,7969,1,1.19e-4,1.19e-4,1.19e-4,0
1380,C131,1994,2,7977,1,0.002438103,0.002438103,0.002438103,0
1380,C131,1994,3,7978,1,0.003698947,0.003698947,0.003698947,0
1381,C132,1991,4,7967,1,0.104365712,0.104365712,0.104365712,0
1381,C132,1992,1,7968,1,0.127596037,0.127596037,0.127596037,0
1382,C133,1991,4,7967,1,8.96e-4,8.96e-4,8.96e-4,0
1382,C133,1992,1,7968,1,0.001095122,0.001095122,0.001095122,0
1382,C133,1992,2,7969,1,0.001149368,0.001149368,0.001149368,0
1382,C133,1992,3,7970,1,0.001302038,0.001302038,0.001302038,0
1382,C133,1992,4,7971,1,0.00132357,0.00132357,0.00132357,0
1382,C133,1993,2,7973,1,0.001478532,0.001478532,0.001478532,0
1382,C133,1993,4,7975,1,0.001876188,0.001876188,0.001876188,0
1382,C133,1994,4,7979,1,0.00741766,0.00741766,0.00741766,0
1383,C134,1991,4,7967,1,0.001328097,0.001328097,0.001328097,0
1384,C135,1991,4,7967,1,9.66e-7,9.66e-7,9.66e-7,0
1384,C135,1992,3,7970,1,1.38e-5,1.38e-5,1.38e-5,0
1384,C135,1992,4,7971,1,2.33e-5,2.33e-5,2.33e-5,0
1384,C135,1993,3,7974,1,2.34e-4,2.34e-4,2.34e-4,0
1384,C135,1993,4,7975,1,3.89e-4,3.89e-4,3.89e-4,0
1384,C135,1994,2,7977,1,0.003839467,0.003839467,0.003839467,0
1385,C136,1991,4,7967,1,0.001328097,0.001328097,0.001328097,0
1386,C137,1991,4,7967,1,0.001328097,0.001328097,0.001328097,0
1387,C138,1991,4,7967,1,3.25e-9,3.25e-9,3.25e-9,0
1387,C138,1992,1,7968,1,1.74e-8,1.74e-8,1.74e-8,0
1387,C138,1992,2,7969,1,9.3e-8,9.3e-8,9.3e-8,0
1387,C138,1992,3,7970,1,3.06e-7,3.06e-7,3.06e-7,0
1387,C138,1993,2,7973,1,3.12e-6,3.12e-6,3.12e-6,0
1387,C138,1993,3,7974,1,6.6e-6,6.6e-6,6.6e-6,0
1387,C138,1994,3,7978,1,8.42e-5,8.42e-5,8.42e-5,0
1387,C138,1996,3,7986,2,0.001177784,0.001177784,0.001177784,0
1387,C138,1997,2,7989,1,0.014349927,0.014349927,0.014349927,0
1388,CP001,1979,3,7918,1,0.006481373,0.006481373,0.006481373,0
1389,D001,1997,1,7988,1,0.013722162,0.013722162,0.013722162,0
1390,D002,1997,1,7988,1,0.013722162,0.013722162,0.013722162,0
1391,D003,1997,1,7988,1,0.001011773,0.001011773,0.001011773,0
1391,D003,1998,2,7993,1,0.008787715,0.008787715,0.008787715,0
1391,D003,2001,3,8006,1,0.070435049,0.070435049,0.070435049,0
1392,D004,1997,2,7989,1,1,1,1,0
1392,D004,1997,4,7991,1,1,1,1,0
1392,D004,1998,1,7992,1,1,1,1,0
1392,D004,1998,2,7993,1,1,1,1,0
1392,D004,1998,3,7994,1,1,1,1,0
1392,D004,1998,4,7995,1,1,1,1,0
1392,D004,1999,1,7996,2,1,1,1,0
1393,D005,1997,2,7989,1,4.89e-7,4.89e-7,4.89e-7,0
1393,D005,1997,3,7990,2,7.64e-7,7.64e-7,7.64e-7,0
1393,D005,1997,4,7991,2,3.99e-6,3.99e-6,3.99e-6,0
1393,D005,1998,1,7992,1,6.06e-5,6.06e-5,6.06e-5,0
1393,D005,1998,2,7993,1,7.56e-5,7.56e-5,7.56e-5,0
1393,D005,1998,3,7994,3,1.17e-4,1.17e-4,1.17e-4,0
1393,D005,1998,4,7995,2,0.002207547,0.002207547,0.002207547,0
1393,D005,1999,2,7997,1,0.143621826,0.143621826,0.143621826,0
1393,D005,2000,2,8001,1,1,1,1,0
1393,D005,2001,3,8006,2,1,1,1,0
1394,D006,1997,2,7989,1,2.56e-5,2.56e-5,2.56e-5,0
1394,D006,1997,3,7990,3,2.73e-5,2.73e-5,2.73e-5,0
1394,D006,1997,4,7991,2,6.42e-5,6.42e-5,6.42e-5,0
1394,D006,1998,3,7994,2,0.004450936,0.004450936,0.004450936,0
1395,D007,1997,2,7989,1,1,1,1,0
1395,D007,1997,3,7990,1,1,1,1,0
1395,D007,1997,4,7991,1,1,1,1,0
1395,D007,1998,1,7992,1,1,1,1,0
1395,D007,1998,2,7993,1,1,1,1,0
1395,D007,1998,3,7994,1,1,1,1,0
1395,D007,1999,3,7998,2,1,1,1,0
1396,D008,1997,2,7989,1,0.999999996,0.999999996,0.999999996,0
1396,D008,1998,1,7992,1,1,1,1,0
1396,D008,1998,4,7995,1,1,1,1,0
1396,D008,1999,3,7998,1,1,1,1,0
1397,D009,1997,2,7989,1,6.28e-7,6.28e-7,6.28e-7,0
1397,D009,1997,3,7990,1,1.42e-6,1.42e-6,1.42e-6,0
1397,D009,1997,4,7991,1,3.6e-6,3.6e-6,3.6e-6,0
1397,D009,1998,2,7993,1,4.82e-5,4.82e-5,4.82e-5,0
1397,D009,1998,3,7994,1,1.16e-4,1.16e-4,1.16e-4,0
1397,D009,1998,4,7995,1,3.01e-4,3.01e-4,3.01e-4,0
1397,D009,1999,2,7997,1,0.003218227,0.003218227,0.003218227,0
1397,D009,1999,3,7998,1,0.007660795,0.007660795,0.007660795,0
1398,D010,1997,2,7989,1,2.7e-9,2.7e-9,2.7e-9,0
1398,D010,1997,3,7990,3,4.21e-9,4.21e-9,4.21e-9,0
1398,D010,1997,4,7991,2,5.94e-9,5.94e-9,5.94e-9,0
1398,D010,1998,2,7993,1,1.57e-7,1.57e-7,1.57e-7,0
1398,D010,1998,3,7994,2,3.87e-7,3.87e-7,3.87e-7,0
1398,D010,1998,4,7995,1,3.08e-6,3.08e-6,3.08e-6,0
1398,D010,1999,3,7998,1,6.06e-5,6.06e-5,6.06e-5,0
1398,D010,1999,4,7999,2,1.02e-4,1.02e-4,1.02e-4,0
1398,D010,2000,2,8001,1,0.002879851,0.002879851,0.002879851,0
1398,D010,2001,4,8007,1,0.025842592,0.025842592,0.025842592,0
1399,D011,1997,2,7989,1,0.013722162,0.013722162,0.013722162,0
1400,D012,1997,2,7989,1,0.013722162,0.013722162,0.013722162,0
1401,D013,1997,2,7989,1,0.003278687,0.003278687,0.003278687,0
1401,D013,1997,3,7990,1,0.007432911,0.007432911,0.007432911,0
1402,D014,1997,2,7989,1,1.01e-5,1.01e-5,1.01e-5,0
1402,D014,1997,3,7990,3,2.28e-5,2.28e-5,2.28e-5,0
1402,D014,1997,4,7991,1,6.65e-4,6.65e-4,6.65e-4,0
1402,D014,1998,1,7992,1,0.006608837,0.006608837,0.006608837,0
1403,D015,1997,2,7989,1,1.01e-5,1.01e-5,1.01e-5,0
1403,D015,1997,3,7990,3,2.28e-5,2.28e-5,2.28e-5,0
1403,D015,1997,4,7991,1,6.65e-4,6.65e-4,6.65e-4,0
1403,D015,1998,1,7992,1,0.006608837,0.006608837,0.006608837,0
1404,D016,1997,2,7989,1,0.003278687,0.003278687,0.003278687,0
1404,D016,1997,3,7990,1,0.007432911,0.007432911,0.007432911,0
1405,D017,1997,2,7989,1,6.96e-7,6.96e-7,6.96e-7,0
1405,D017,1997,4,7991,1,2.14e-6,2.14e-6,2.14e-6,0
1405,D017,1998,1,7992,1,7.36e-6,7.36e-6,7.36e-6,0
1405,D017,1998,3,7994,1,5.2e-5,5.2e-5,5.2e-5,0
1405,D017,1999,1,7996,1,1.79e-4,1.79e-4,1.79e-4,0
1405,D017,2000,2,8001,1,0.001659901,0.001659901,0.001659901,0
1405,D017,2000,3,8002,1,0.002617812,0.002617812,0.002617812,0
1405,D017,2001,1,8004,1,0.009638015,0.009638015,0.009638015,0
1406,D018,1997,2,7989,1,0.013722162,0.013722162,0.013722162,0
1407,D019,1997,2,7989,1,5.06e-7,5.06e-7,5.06e-7,0
1407,D019,1997,3,7990,1,1.15e-6,1.15e-6,1.15e-6,0
1407,D019,1997,4,7991,1,2.9e-6,2.9e-6,2.9e-6,0
1407,D019,1998,1,7992,1,1.01e-5,1.01e-5,1.01e-5,0
1407,D019,1998,2,7993,1,4.75e-5,4.75e-5,4.75e-5,0
1407,D019,1998,3,7994,3,1.51e-4,1.51e-4,1.51e-4,0
1407,D019,1998,4,7995,1,0.005352976,0.005352976,0.005352976,0
1407,D019,1999,2,7997,1,0.08743231,0.08743231,0.08743231,0
1407,D019,1999,3,7998,1,0.212417461,0.212417461,0.212417461,0
1407,D019,1999,4,7999,1,0.22988305,0.22988305,0.22988305,0
1407,D019,2000,1,8000,1,0.353500795,0.353500795,0.353500795,0
1407,D019,2000,2,8001,1,1,1,1,0
1407,D019,2000,3,8002,1,1,1,1,0
1407,D019,2000,4,8003,1,1,1,1,0
1407,D019,2001,3,8006,2,1,1,1,0
1407,D019,2002,2,8009,1,1,1,1,0
1407,D019,2002,3,8010,1,1,1,1,0
1407,D019,2003,3,8014,1,1,1,1,0
1407,D019,2004,2,8017,1,1,1,1,0
1407,D019,2005,2,8021,1,1,1,1,0
1407,D019,2005,3,8022,1,1,1,1,0
1407,D019,2008,3,8034,1,1,1,1,0
1407,D019,2009,2,8037,1,1,1,1,0
1408,D020,1997,2,7989,1,5.7e-10,5.7e-10,5.7e-10,0
1408,D020,1997,3,7990,1,1.29e-9,1.29e-9,1.29e-9,0
1408,D020,1997,4,7991,1,3.27e-9,3.27e-9,3.27e-9,0
1408,D020,1998,1,7992,1,1.14e-8,1.14e-8,1.14e-8,0
1408,D020,1998,2,7993,1,5.35e-8,5.35e-8,5.35e-8,0
1408,D020,1998,3,7994,2,1.7e-7,1.7e-7,1.7e-7,0
1408,D020,1998,4,7995,1,1.54e-6,1.54e-6,1.54e-6,0
1408,D020,1999,3,7998,1,3.08e-5,3.08e-5,3.08e-5,0
1408,D020,1999,4,7999,1,5.17e-5,5.17e-5,5.17e-5,0
1408,D020,2000,3,8002,1,4.98e-4,4.98e-4,4.98e-4,0
1408,D020,2001,3,8006,1,0.002443454,0.002443454,0.002443454,0
1408,D020,2002,2,8009,1,0.008857962,0.008857962,0.008857962,0
1408,D020,2002,3,8010,1,0.01686659,0.01686659,0.01686659,0
1408,D020,2005,3,8022,1,0.436929097,0.436929097,0.436929097,0
1408,D020,2006,3,8026,1,1,1,1,0
1408,D020,2008,2,8033,1,1,1,1,0
1408,D020,2008,4,8035,1,1,1,1,0
1409,D021,1997,2,7989,1,0.013722162,0.013722162,0.013722162,0
1410,D022,1997,2,7989,1,0.013722162,0.013722162,0.013722162,0
1411,D023,1997,2,7989,1,0.013722162,0.013722162,0.013722162,0
1412,D024,1997,2,7989,1,3.71e-7,3.71e-7,3.71e-7,0
1412,D024,1997,3,7990,1,8.4e-7,8.4e-7,8.4e-7,0
1412,D024,1997,4,7991,1,2.13e-6,2.13e-6,2.13e-6,0
1412,D024,1998,1,7992,1,1.4e-5,1.4e-5,1.4e-5,0
1412,D024,1998,3,7994,1,1.16e-4,1.16e-4,1.16e-4,0
1412,D024,1999,1,7996,1,4.06e-4,4.06e-4,4.06e-4,0
1412,D024,1999,2,7997,1,0.001351794,0.001351794,0.001351794,0
1412,D024,2000,2,8001,1,0.005971103,0.005971103,0.005971103,0
1412,D024,2001,2,8005,1,0.022643623,0.022643623,0.022643623,0
1413,D025,1997,2,7989,1,7.91e-4,7.91e-4,7.91e-4,0
1413,D025,1997,3,7990,1,0.001793215,0.001793215,0.001793215,0
1413,D025,1998,1,7992,1,0.010458223000000001,0.010458223000000001,0.010458223000000001,0
1414,D026,1997,2,7989,1,1.56e-7,1.56e-7,1.56e-7,0
1414,D026,1997,3,7990,1,3.54e-7,3.54e-7,3.54e-7,0
1414,D026,1997,4,7991,1,8.95e-7,8.95e-7,8.95e-7,0
1414,D026,1998,2,7993,1,1.2e-5,1.2e-5,1.2e-5,0
1414,D026,1998,3,7994,1,2.88e-5,2.88e-5,2.88e-5,0
1414,D026,1998,4,7995,1,7.47e-5,7.47e-5,7.47e-5,0
1414,D026,1999,2,7997,1,8e-4,8e-4,8e-4,0
1414,D026,1999,3,7998,1,0.001903892,0.001903892,0.001903892,0
1414,D026,2000,3,8002,1,0.01994055,0.01994055,0.01994055,0
1415,D027,1997,2,7989,1,9.13e-9,9.13e-9,9.13e-9,0
1415,D027,1997,3,7990,1,2.07e-8,2.07e-8,2.07e-8,0
1415,D027,1997,4,7991,1,5.24e-8,5.24e-8,5.24e-8,0
1415,D027,1998,3,7994,3,4.41e-7,4.41e-7,4.41e-7,0
1415,D027,1998,4,7995,2,5.55e-6,5.55e-6,5.55e-6,0
1415,D027,1999,2,7997,1,3.51e-4,3.51e-4,3.51e-4,0
1415,D027,1999,3,7998,1,8.77e-4,8.77e-4,8.77e-4,0
1415,D027,1999,4,7999,1,0.002315645,0.002315645,0.002315645,0
1415,D027,2000,2,8001,1,0.02492279,0.02492279,0.02492279,0
1415,D027,2000,4,8003,1,0.081525979,0.081525979,0.081525979,0
1415,D027,2002,2,8009,1,0.999999999,0.999999999,0.999999999,0
1415,D027,2002,3,8010,1,1,1,1,0
1415,D027,2002,4,8011,1,1,1,1,0
1416,D028,1997,2,7989,1,2.46e-10,2.46e-10,2.46e-10,0
1416,D028,1997,3,7990,1,5.59e-10,5.59e-10,5.59e-10,0
1416,D028,1997,4,7991,1,1.41e-9,1.41e-9,1.41e-9,0
1416,D028,1998,1,7992,1,4.92e-9,4.92e-9,4.92e-9,0
1416,D028,1998,3,7994,3,3.49e-8,3.49e-8,3.49e-8,0
1416,D028,1998,4,7995,2,6.26e-7,6.26e-7,6.26e-7,0
1416,D028,1999,2,7997,1,4.06e-5,4.06e-5,4.06e-5,0
1416,D028,1999,3,7998,1,1.01e-4,1.01e-4,1.01e-4,0
1416,D028,1999,4,7999,1,2.68e-4,2.68e-4,2.68e-4,0
1416,D028,2000,2,8001,1,0.002884526,0.002884526,0.002884526,0
1416,D028,2000,3,8002,1,0.006881555,0.006881555,0.006881555,0
1417,D029,1997,2,7989,1,0.013722162,0.013722162,0.013722162,0
1418,D030,1997,2,7989,1,1.18e-5,1.18e-5,1.18e-5,0
1418,D030,1997,4,7991,1,3.64e-5,3.64e-5,3.64e-5,0
1418,D030,1998,2,7993,1,2.32e-4,2.32e-4,2.32e-4,0
1418,D030,1998,3,7994,1,5.29e-4,5.29e-4,5.29e-4,0
1418,D030,1999,2,7997,1,0.004329576,0.004329576,0.004329576,0
1418,D030,2000,1,8000,1,0.016578393,0.016578393,0.016578393,0
1419,D031,1997,2,7989,1,0.003941358,0.003941358,0.003941358,0
1419,D031,2000,3,8002,1,0.070414397,0.070414397,0.070414397,0
1420,D032,1997,2,7989,1,0.013722162,0.013722162,0.013722162,0
1421,D033,1997,2,7989,1,1.37e-5,1.37e-5,1.37e-5,0
1421,D033,1997,3,7990,1,2.14e-5,2.14e-5,2.14e-5,0
1421,D033,1998,2,7993,1,1.43e-4,1.43e-4,1.43e-4,0
1421,D033,1998,3,7994,3,2.96e-4,2.96e-4,2.96e-4,0
1421,D033,1998,4,7995,1,0.007967193,0.007967193,0.007967193,0
1421,D033,1999,2,7997,1,0.129010892,0.129010892,0.129010892,0
1421,D033,1999,3,7998,1,0.313328483,0.313328483,0.313328483,0
1421,D033,1999,4,7999,1,0.817698946,0.817698946,0.817698946,0
1421,D033,2000,1,8000,2,1,1,1,0
1421,D033,2000,3,8002,1,1,1,1,0
1422,D034,1997,3,7990,1,0.013494052,0.013494052,0.013494052,0
1422,D034,1997,4,7991,2,0.024610821,0.024610821,0.024610821,0
1422,D034,1998,2,7993,1,1,1,1,0
1422,D034,1998,3,7994,1,1,1,1,0
1422,D034,1998,4,7995,1,1,1,1,0
1423,D035,1997,3,7990,1,2.9e-9,2.9e-9,2.9e-9,0
1423,D035,1997,4,7991,2,5.29e-9,5.29e-9,5.29e-9,0
1423,D035,1998,1,7992,1,2.39e-8,2.39e-8,2.39e-8,0
1423,D035,1998,2,7993,1,1.2e-7,1.2e-7,1.2e-7,0
1423,D035,1998,3,7994,1,3.88e-7,3.88e-7,3.88e-7,0
1423,D035,1998,4,7995,1,1.12e-6,1.12e-6,1.12e-6,0
1423,D035,1999,1,7996,1,6.33e-6,6.33e-6,6.33e-6,0
1423,D035,1999,3,7998,2,5.1e-5,5.1e-5,5.1e-5,0
1423,D035,1999,4,7999,1,2.57e-4,2.57e-4,2.57e-4,0
1423,D035,2000,1,8000,1,0.001716209,0.001716209,0.001716209,0
1423,D035,2000,3,8002,2,0.014294102,0.014294102,0.014294102,0
1423,D035,2000,4,8003,1,0.072412054,0.072412054,0.072412054,0
1423,D035,2001,2,8005,1,0.999999998,0.999999998,0.999999998,0
1423,D035,2001,3,8006,2,1,1,1,0
1423,D035,2002,3,8010,1,1,1,1,0
1424,D036,1997,3,7990,1,1.86e-12,1.86e-12,1.86e-12,0
1424,D036,1997,4,7991,2,3.39e-12,3.39e-12,3.39e-12,0
1424,D036,1998,1,7992,1,1.53e-11,1.53e-11,1.53e-11,0
1424,D036,1998,2,7993,1,7.71e-11,7.71e-11,7.71e-11,0
1424,D036,1998,3,7994,1,2.48e-10,2.48e-10,2.48e-10,0
1424,D036,1999,1,7996,1,1.49e-9,1.49e-9,1.49e-9,0
1424,D036,1999,3,7998,2,8.17e-9,8.17e-9,8.17e-9,0
1424,D036,1999,4,7999,1,3.89e-8,3.89e-8,3.89e-8,0
1424,D036,2000,3,8002,2,6.94e-7,6.94e-7,6.94e-7,0
1424,D036,2000,4,8003,1,2.72e-6,2.72e-6,2.72e-6,0
1424,D036,2001,2,8005,1,3.5e-5,3.5e-5,3.5e-5,0
1424,D036,2001,3,8006,2,8.45e-5,8.45e-5,8.45e-5,0
1424,D036,2002,1,8008,1,0.001837495,0.001837495,0.001837495,0
1424,D036,2002,3,8010,1,0.011937912,0.011937912,0.011937912,0
1425,D037,1997,3,7990,1,9.27e-4,9.27e-4,9.27e-4,0
1425,D037,1997,4,7991,2,0.001690964,0.001690964,0.001690964,0
1425,D037,1998,1,7992,1,0.007628217,0.007628217,0.007628217,0
1426,D038,1997,3,7990,1,0.003011968,0.003011968,0.003011968,0
1426,D038,1997,4,7991,1,0.00549331,0.00549331,0.00549331,0
1426,D038,1998,1,7992,1,0.006665205,0.006665205,0.006665205,0
1426,D038,1998,3,7994,2,0.016694464,0.016694464,0.016694464,0
1426,D038,1999,3,7998,2,0.292807648,0.292807648,0.292807648,0
1426,D038,1999,4,7999,1,0.999999983,0.999999983,0.999999983,0
1426,D038,2000,3,8002,2,1,1,1,0
1426,D038,2000,4,8003,1,1,1,1,0
1427,D039,1997,3,7990,1,2.65e-6,2.65e-6,2.65e-6,0
1427,D039,1997,4,7991,1,4.83e-6,4.83e-6,4.83e-6,0
1427,D039,1998,1,7992,1,2.5e-5,2.5e-5,2.5e-5,0
1427,D039,1998,2,7993,1,1.3e-4,1.3e-4,1.3e-4,0
1427,D039,1998,3,7994,1,4.21e-4,4.21e-4,4.21e-4,0
1427,D039,1999,3,7998,2,0.005179138,0.005179138,0.005179138,0
1428,D040,1997,3,7990,1,1.91e-4,1.91e-4,1.91e-4,0
1428,D040,1997,4,7991,1,3.49e-4,3.49e-4,3.49e-4,0
1428,D040,1998,2,7993,1,0.003575838,0.003575838,0.003575838,0
1428,D040,1998,3,7994,1,0.008473345,0.008473345,0.008473345,0
1429,D041,1997,3,7990,1,7.76e-5,7.76e-5,7.76e-5,0
1429,D041,1997,4,7991,2,1.42e-4,1.42e-4,1.42e-4,0
1429,D041,1998,1,7992,1,0.001264562,0.001264562,0.001264562,0
1429,D041,1998,3,7994,2,0.010875009,0.010875009,0.010875009,0
1429,D041,1998,4,7995,1,0.055067099,0.055067099,0.055067099,0
1429,D041,1999,3,7998,2,1,1,1,0
1429,D041,1999,4,7999,1,1,1,1,0
1429,D041,2000,3,8002,1,1,1,1,0
1430,D042,1997,3,7990,1,0.21411237,0.21411237,0.21411237,0
1431,D043,1997,3,7990,1,0.013722162,0.013722162,0.013722162,0
1432,D044,1997,3,7990,1,5.68e-6,5.68e-6,5.68e-6,0
1432,D044,1997,4,7991,2,1.04e-5,1.04e-5,1.04e-5,0
1432,D044,1998,1,7992,1,9.26e-5,9.26e-5,9.26e-5,0
1432,D044,1998,3,7994,2,7.96e-4,7.96e-4,7.96e-4,0
1432,D044,1999,1,7996,1,0.009402818,0.009402818,0.009402818,0
1433,D045,1997,3,7990,1,0.003263098,0.003263098,0.003263098,0
1433,D045,1997,4,7991,1,0.005951328,0.005951328,0.005951328,0
1434,D046,1997,3,7990,1,1.01e-4,1.01e-4,1.01e-4,0
1434,D046,1997,4,7991,1,1.84e-4,1.84e-4,1.84e-4,0
1434,D046,1998,1,7992,1,9.53e-4,9.53e-4,9.53e-4,0
1434,D046,1998,2,7993,1,0.002722894,0.002722894,0.002722894,0
1434,D046,1998,3,7994,1,0.007624593,0.007624593,0.007624593,0
1435,D047,1997,3,7990,1,0.013722162,0.013722162,0.013722162,0
1436,D048,1997,3,7990,1,0.013722162,0.013722162,0.013722162,0
1437,D049,1997,3,7990,3,0.999999996,0.999999996,0.999999996,0
1438,D050,1997,3,7990,2,2.3e-5,2.3e-5,2.3e-5,0
1438,D050,1997,4,7991,2,1.04e-4,1.04e-4,1.04e-4,0
1438,D050,1998,1,7992,1,0.001531642,0.001531642,0.001531642,0
1438,D050,1998,2,7993,1,0.008953305,0.008953305,0.008953305,0
1439,D051,1997,3,7990,3,4.85e-4,4.85e-4,4.85e-4,0
1439,D051,1997,4,7991,1,6.52e-4,6.52e-4,6.52e-4,0
1439,D051,1998,2,7993,1,8.25e-4,8.25e-4,8.25e-4,0
1439,D051,1998,3,7994,1,0.001088816,0.001088816,0.001088816,0
1439,D051,1998,4,7995,1,0.001809233,0.001809233,0.001809233,0
1439,D051,1999,3,7998,1,0.017213487,0.017213487,0.017213487,0
1439,D051,1999,4,7999,1,0.028260681,0.028260681,0.028260681,0
1439,D051,2000,2,8001,1,0.201824228,0.201824228,0.201824228,0
1440,D052,1997,3,7990,2,0.002616726,0.002616726,0.002616726,0
1440,D052,1997,4,7991,2,0.011859491,0.011859491,0.011859491,0
1440,D052,1998,2,7993,1,0.370919421,0.370919421,0.370919421,0
1440,D052,1998,3,7994,3,0.915892812,0.915892812,0.915892812,0
1440,D052,1999,1,7996,1,1,1,1,0
1440,D052,1999,2,7997,1,1,1,1,0
1440,D052,1999,3,7998,2,1,1,1,0
1440,D052,1999,4,7999,1,1,1,1,0
1440,D052,2000,2,8001,1,1,1,1,0
1440,D052,2000,3,8002,2,1,1,1,0
1441,D053,1997,3,7990,1,0.013722162,0.013722162,0.013722162,0
1442,D054,1997,3,7990,1,0.013722162,0.013722162,0.013722162,0
1443,D055,1997,3,7990,1,0.013722162,0.013722162,0.013722162,0
1444,D056,1997,3,7990,1,0.013722162,0.013722162,0.013722162,0
1445,D057,1997,3,7990,1,0.013722162,0.013722162,0.013722162,0
1446,D058,1997,3,7990,2,4.85e-5,4.85e-5,4.85e-5,0
1446,D058,1998,3,7994,1,0.001327385,0.001327385,0.001327385,0
1446,D058,1999,2,7997,1,0.005030903,0.005030903,0.005030903,0
1446,D058,1999,3,7998,1,0.009465392,0.009465392,0.009465392,0
1447,D059,1997,3,7990,3,1.77e-14,1.77e-14,1.77e-14,0
1447,D059,1998,1,7992,1,8.64e-13,8.64e-13,8.64e-13,0
1447,D059,1998,3,7994,3,5.81e-12,5.81e-12,5.81e-12,0
1447,D059,1998,4,7995,1,1.03e-10,1.03e-10,1.03e-10,0
1447,D059,1999,2,7997,1,1.64e-9,1.64e-9,1.64e-9,0
1447,D059,1999,3,7998,1,3.98e-9,3.98e-9,3.98e-9,0
1447,D059,2000,3,8002,1,4.23e-8,4.23e-8,4.23e-8,0
1447,D059,2000,4,8003,1,6.52e-8,6.52e-8,6.52e-8,0
1447,D059,2002,3,8010,1,1.15e-6,1.15e-6,1.15e-6,0
1447,D059,2004,2,8017,1,5.37e-6,5.37e-6,5.37e-6,0
1447,D059,2004,3,8018,1,7.56e-6,7.56e-6,7.56e-6,0
1447,D059,2005,3,8022,1,4.92e-5,4.92e-5,4.92e-5,0
1447,D059,2008,3,8034,1,5.73e-4,5.73e-4,5.73e-4,0
1447,D059,2009,2,8037,1,0.003817983,0.003817983,0.003817983,0
1448,D060,1997,3,7990,1,4.32e-6,4.32e-6,4.32e-6,0
1448,D060,1997,4,7991,1,7.89e-6,7.89e-6,7.89e-6,0
1448,D060,1998,1,7992,1,4.08e-5,4.08e-5,4.08e-5,0
1448,D060,1998,2,7993,1,2.12e-4,2.12e-4,2.12e-4,0
1448,D060,1998,3,7994,1,6.87e-4,6.87e-4,6.87e-4,0
1448,D060,1998,4,7995,1,0.00198326,0.00198326,0.00198326,0
1448,D060,1999,3,7998,1,0.029708752,0.029708752,0.029708752,0
1448,D060,2001,2,8005,1,0.226751114,0.226751114,0.226751114,0
1448,D060,2002,3,8010,1,0.457893495,0.457893495,0.457893495,0
1449,D061,1997,3,7990,1,1.29e-5,1.29e-5,1.29e-5,0
1449,D061,1997,4,7991,1,2.36e-5,2.36e-5,2.36e-5,0
1449,D061,1998,1,7992,1,1.22e-4,1.22e-4,1.22e-4,0
1449,D061,1998,2,7993,1,6.35e-4,6.35e-4,6.35e-4,0
1449,D061,1998,3,7994,1,0.002055289,0.002055289,0.002055289,0
1449,D061,1998,4,7995,1,0.005936666,0.005936666,0.005936666,0
1449,D061,1999,3,7998,1,0.088929818,0.088929818,0.088929818,0
1449,D061,2000,2,8001,1,0.366547046,0.366547046,0.366547046,0
1449,D061,2000,3,8002,1,0.514059893,0.514059893,0.514059893,0
1449,D061,2001,2,8005,1,0.611528871,0.611528871,0.611528871,0
1450,D062,1997,3,7990,1,7.79e-4,7.79e-4,7.79e-4,0
1450,D062,1997,4,7991,1,0.001421642,0.001421642,0.001421642,0
1450,D062,1998,1,7992,1,0.007360497,0.007360497,0.007360497,0
1451,D063,1997,3,7990,1,2.63e-6,2.63e-6,2.63e-6,0
1451,D063,1997,4,7991,1,4.79e-6,4.79e-6,4.79e-6,0
1451,D063,1998,1,7992,1,2.48e-5,2.48e-5,2.48e-5,0
1451,D063,1998,2,7993,1,1.29e-4,1.29e-4,1.29e-4,0
1451,D063,1998,3,7994,1,4.17e-4,4.17e-4,4.17e-4,0
1451,D063,1999,1,7996,1,0.00251343,0.00251343,0.00251343,0
1451,D063,1999,3,7998,1,0.013751395,0.013751395,0.013751395,0
1452,D064,1997,3,7990,1,3.58e-8,3.58e-8,3.58e-8,0
1452,D064,1997,4,7991,1,6.53e-8,6.53e-8,6.53e-8,0
1452,D064,1998,1,7992,1,3.38e-7,3.38e-7,3.38e-7,0
1452,D064,1998,2,7993,1,1.76e-6,1.76e-6,1.76e-6,0
1452,D064,1998,4,7995,1,8.19e-6,8.19e-6,8.19e-6,0
1452,D064,1999,1,7996,1,2.6e-5,2.6e-5,2.6e-5,0
1452,D064,1999,2,7997,1,1.19e-4,1.19e-4,1.19e-4,0
1452,D064,1999,3,7998,2,3.77e-4,3.77e-4,3.77e-4,0
1452,D064,2000,3,8002,1,0.018441118,0.018441118,0.018441118,0
1453,D065,1997,3,7990,1,4.47e-5,4.47e-5,4.47e-5,0
1453,D065,1997,4,7991,1,8.15e-5,8.15e-5,8.15e-5,0
1453,D065,1998,1,7992,1,4.22e-4,4.22e-4,4.22e-4,0
1453,D065,1998,2,7993,1,0.002193074,0.002193074,0.002193074,0
1453,D065,1998,3,7994,1,0.007097377,0.007097377,0.007097377,0
1454,D066,1997,3,7990,1,1.13e-5,1.13e-5,1.13e-5,0
1454,D066,1997,4,7991,1,2.06e-5,2.06e-5,2.06e-5,0
1454,D066,1998,1,7992,1,1.07e-4,1.07e-4,1.07e-4,0
1454,D066,1998,2,7993,1,5.55e-4,5.55e-4,5.55e-4,0
1454,D066,1999,2,7997,1,0.005497545,0.005497545,0.005497545,0
1454,D066,1999,3,7998,1,0.009929955,0.009929955,0.009929955,0
1455,D067,1997,3,7990,1,1.93e-4,1.93e-4,1.93e-4,0
1455,D067,1997,4,7991,1,3.52698e-4,3.52698e-4,3.52698e-4,0
1455,D067,1998,2,7993,1,0.003612917,0.003612917,0.003612917,0
1455,D067,1998,4,7995,1,0.011715351,0.011715351,0.011715351,0
1456,D068,1997,3,7990,1,4.85e-5,4.85e-5,4.85e-5,0
1456,D068,1997,4,7991,1,8.84e-5,8.84e-5,8.84e-5,0
1456,D068,1998,2,7993,1,9.06e-4,9.06e-4,9.06e-4,0
1456,D068,1999,2,7997,1,0.005846612,0.005846612,0.005846612,0
1456,D068,1999,3,7998,1,0.010277466,0.010277466,0.010277466,0
1457,D069,1997,3,7990,1,7.98e-4,7.98e-4,7.98e-4,0
1457,D069,1997,4,7991,1,0.00145612,0.00145612,0.00145612,0
1457,D069,1998,2,7993,1,0.014916015,0.014916015,0.014916015,0
1458,D070,1997,3,7990,1,4.62e-5,4.62e-5,4.62e-5,0
1458,D070,1997,4,7991,1,8.43e-5,8.43e-5,8.43e-5,0
1458,D070,1998,2,7993,1,8.63e-4,8.63e-4,8.63e-4,0
1458,D070,1998,3,7994,1,0.002045413,0.002045413,0.002045413,0
1458,D070,1999,1,7996,1,0.010641378,0.010641378,0.010641378,0
1459,D071,1997,3,7990,1,6.68e-5,6.68e-5,6.68e-5,0
1459,D071,1998,1,7992,1,2.41e-4,2.41e-4,2.41e-4,0
1459,D071,1998,3,7994,1,0.001257171,0.001257171,0.001257171,0
1459,D071,1999,2,7997,1,0.006359323,0.006359323,0.006359323,0
1459,D071,2003,2,8013,1,0.089561255,0.089561255,0.089561255,0
1459,D071,2003,4,8015,1,0.091063637,0.091063637,0.091063637,0
1459,D071,2004,2,8017,1,0.101465452,0.101465452,0.101465452,0
1460,D072,1997,3,7990,2,1.01e-4,1.01e-4,1.01e-4,0
1460,D072,1997,4,7991,1,2.59e-4,2.59e-4,2.59e-4,0
1460,D072,1998,2,7993,1,0.00348558,0.00348558,0.00348558,0
1460,D072,1998,3,7994,1,0.00838353,0.00838353,0.00838353,0
1461,D073,1997,3,7990,1,7.19e-16,7.19e-16,7.19e-16,0
1461,D073,1997,4,7991,1,1.31e-15,1.31e-15,1.31e-15,0
1461,D073,1998,1,7992,1,3.74e-15,3.74e-15,3.74e-15,0
1461,D073,1998,2,7993,1,1.63e-14,1.63e-14,1.63e-14,0
1461,D073,1998,3,7994,1,5.13e-14,5.13e-14,5.13e-14,0
1461,D073,1998,4,7995,1,1.47e-13,1.47e-13,1.47e-13,0
1461,D073,1999,2,7997,1,1.65e-12,1.65e-12,1.65e-12,0
1461,D073,1999,3,7998,1,3.94e-12,3.94e-12,3.94e-12,0
1461,D073,1999,4,7999,1,1.02e-11,1.02e-11,1.02e-11,0
1461,D073,2000,1,8000,1,5.46e-11,5.46e-11,5.46e-11,0
1461,D073,2000,2,8001,1,2.87e-10,2.87e-10,2.87e-10,0
1461,D073,2001,2,8005,1,2.88e-9,2.88e-9,2.88e-9,0
1461,D073,2001,3,8006,1,5.23e-9,5.23e-9,5.23e-9,0
1461,D073,2002,1,8008,1,2.47e-8,2.47e-8,2.47e-8,0
1461,D073,2002,2,8009,1,9.26e-8,9.26e-8,9.26e-8,0
1461,D073,2002,3,8010,1,2.82e-7,2.82e-7,2.82e-7,0
1461,D073,2002,4,8011,1,3.08e-7,3.08e-7,3.08e-7,0
1461,D073,2003,1,8012,1,5.21e-7,5.21e-7,5.21e-7,0
1461,D073,2003,2,8013,1,1.64e-6,1.64e-6,1.64e-6,0
1461,D073,2003,3,8014,1,4.73e-6,4.73e-6,4.73e-6,0
1461,D073,2003,4,8015,1,1.32e-5,1.32e-5,1.32e-5,0
1461,D073,2004,1,8016,1,8.11e-5,8.11e-5,8.11e-5,0
1461,D073,2004,2,8017,1,4.36e-4,4.36e-4,4.36e-4,0
1461,D073,2004,3,8018,1,0.001421237,0.001421237,0.001421237,0
1461,D073,2004,4,8019,1,0.004119816,0.004119816,0.004119816,0
1462,D074,1997,4,7991,2,0.089095228,0.089095228,0.089095228,0
1462,D074,1998,3,7994,2,1,1,1,0
1462,D074,1999,1,7996,1,1,1,1,0
1462,D074,1999,3,7998,1,1,1,1,0
1463,D075,1997,4,7991,2,0.007275767,0.007275767,0.007275767,0
1464,D076,1997,4,7991,2,0.003891834,0.003891834,0.003891834,0
1464,D076,1998,1,7992,1,0.017172587,0.017172587,0.017172587,0
1465,D077,1997,4,7991,2,1.17e-10,1.17e-10,1.17e-10,0
1465,D077,1998,3,7994,1,1.32e-9,1.32e-9,1.32e-9,0
1465,D077,1999,3,7998,1,6.45e-9,6.45e-9,6.45e-9,0
1465,D077,2000,3,8002,1,2.48e-8,2.48e-8,2.48e-8,0
1465,D077,2005,2,8021,1,3.26e-7,3.26e-7,3.26e-7,0
1465,D077,2006,3,8026,1,6.26e-7,6.26e-7,6.26e-7,0
1465,D077,2007,2,8029,1,5.84e-6,5.84e-6,5.84e-6,0
1465,D077,2007,3,8030,1,4.6e-5,4.6e-5,4.6e-5,0
1465,D077,2009,2,8037,1,0.007820332,0.007820332,0.007820332,0
1466,D078,1997,3,7990,1,2.48e-6,2.48e-6,2.48e-6,0
1466,D078,1998,1,7992,1,8.93e-6,8.93e-6,8.93e-6,0
1466,D078,1998,2,7993,1,3.19e-5,3.19e-5,3.19e-5,0
1466,D078,1998,3,7994,2,9.53e-5,9.53e-5,9.53e-5,0
1466,D078,1998,4,7995,2,8.39e-4,8.39e-4,8.39e-4,0
1467,D079,1997,4,7991,1,0.010937609,0.010937609,0.010937609,0
1467,D079,1998,2,7993,1,0.05444367,0.05444367,0.05444367,0
1467,D079,1999,3,7998,1,0.372476845,0.372476845,0.372476845,0
1468,D080,1997,4,7991,1,0.00151438,0.00151438,0.00151438,0
1468,D080,1998,1,7992,1,0.004236644,0.004236644,0.004236644,0
1468,D080,1998,2,7993,1,0.018391597,0.018391597,0.018391597,0
1468,D080,1998,4,7995,1,0.082577309,0.082577309,0.082577309,0
1468,D080,1999,3,7998,1,0.616847173,0.616847173,0.616847173,0
1468,D080,1999,4,7999,1,0.999999935,0.999999935,0.999999935,0
1469,D081,1997,4,7991,1,2.16e-4,2.16e-4,2.16e-4,0
1469,D081,1998,4,7995,1,0.001572254,0.001572254,0.001572254,0
1469,D081,1999,3,7998,1,0.005715174,0.005715174,0.005715174,0
1469,D081,2000,2,8001,1,0.019573497,0.019573497,0.019573497,0
1470,D082,1997,4,7991,1,8.52e-4,8.52e-4,8.52e-4,0
1470,D082,1998,2,7993,1,0.00423966,0.00423966,0.00423966,0
1470,D082,1999,2,7997,1,0.02472171,0.02472171,0.02472171,0
1471,D083,1997,4,7991,1,8.64e-4,8.64e-4,8.64e-4,0
1471,D083,1998,2,7993,1,0.004300223,0.004300223,0.004300223,0
1471,D083,1999,3,7998,1,0.02942001,0.02942001,0.02942001,0
1472,D084,1997,4,7991,1,0.873305703,0.873305703,0.873305703,0
1472,D084,1998,1,7992,1,0.953474168,0.953474168,0.953474168,0
1472,D084,1998,3,7994,1,0.988511091,0.988511091,0.988511091,0
1472,D084,1999,3,7998,2,1,1,1,0
1472,D084,1999,4,7999,1,1,1,1,0
1472,D084,2000,3,8002,1,1,1,1,0
1472,D084,2001,2,8005,1,1,1,1,0
1472,D084,2001,3,8006,1,1,1,1,0
1473,D085,1997,4,7991,1,0.030466352,0.030466352,0.030466352,0
1474,E001,1988,1,7952,1,0.006041834,0.006041834,0.006041834,0
1475,E002,1988,1,7952,1,0.001621879,0.001621879,0.001621879,0
1475,E002,1988,4,7955,1,0.010794578,0.010794578,0.010794578,0
1476,E003,1988,1,7952,1,0.006041834,0.006041834,0.006041834,0
1477,E004,1988,1,7952,1,1.61e-8,1.61e-8,1.61e-8,0
1477,E004,1990,1,7960,1,2.37e-7,2.37e-7,2.37e-7,0
1477,E004,1990,3,7962,1,4.15e-7,4.15e-7,4.15e-7,0
1477,E004,1991,4,7967,1,1.63e-6,1.63e-6,1.63e-6,0
1477,E004,1992,3,7970,1,4.88e-6,4.88e-6,4.88e-6,0
1477,E004,1994,1,7976,1,2.67e-5,2.67e-5,2.67e-5,0
1477,E004,1994,2,7977,1,5.28e-5,5.28e-5,5.28e-5,0
1477,E004,1995,3,7982,2,5.56e-4,5.56e-4,5.56e-4,0
1477,E004,1996,3,7986,1,0.011730297,0.011730297,0.011730297,0
1478,E005,1988,1,7952,1,7.04e-6,7.04e-6,7.04e-6,0
1478,E005,1988,2,7953,1,2.63e-5,2.63e-5,2.63e-5,0
1478,E005,1988,4,7955,1,1.05e-4,1.05e-4,1.05e-4,0
1478,E005,1989,2,7957,1,5.47e-4,5.47e-4,5.47e-4,0
1478,E005,1989,3,7958,1,0.001157776,0.001157776,0.001157776,0
1478,E005,1989,4,7959,1,0.002663977,0.002663977,0.002663977,0
1479,E006,1988,1,7952,1,1.11e-4,1.11e-4,1.11e-4,0
1479,E006,1988,2,7953,1,4.14e-4,4.14e-4,4.14e-4,0
1479,E006,1988,3,7954,1,0.001172224,0.001172224,0.001172224,0
1479,E006,1988,4,7955,1,0.003040421,0.003040421,0.003040421,0
1480,E007,1988,1,7952,1,0.001600327,0.001600327,0.001600327,0
1480,E007,1988,2,7953,1,0.005971037,0.005971037,0.005971037,0
1481,E008,1988,1,7952,1,1.28e-6,1.28e-6,1.28e-6,0
1481,E008,1988,2,7953,1,4.78e-6,4.78e-6,4.78e-6,0
1481,E008,1989,2,7957,1,4.01e-5,4.01e-5,4.01e-5,0
1481,E008,1990,2,7961,1,1.53e-4,1.53e-4,1.53e-4,0
1481,E008,1991,3,7966,1,5.72e-4,5.72e-4,5.72e-4,0
1481,E008,1992,2,7969,1,0.001494266,0.001494266,0.001494266,0
1481,E008,1993,2,7973,1,0.006122191,0.006122191,0.006122191,0
1482,E009,1988,1,7952,1,0.006041834,0.006041834,0.006041834,0
1483,E010,1988,1,7952,1,0.001636235,0.001636235,0.001636235,0
1483,E010,1989,1,7956,1,0.014007382,0.014007382,0.014007382,0
1484,E011,1988,1,7952,1,3.94e-4,3.94e-4,3.94e-4,0
1484,E011,1988,3,7954,1,0.002170831,0.002170831,0.002170831,0
1484,E011,1989,4,7959,1,0.01413863,0.01413863,0.01413863,0
1485,E012,1988,2,7953,1,4.23e-4,4.23e-4,4.23e-4,0
1485,E012,1988,4,7955,1,0.001680924,0.001680924,0.001680924,0
1485,E012,1989,1,7956,1,0.004827208,0.004827208,0.004827208,0
1486,E013,1988,2,7953,1,0.006041834,0.006041834,0.006041834,0
1487,E014,1988,2,7953,1,0.999999998,0.999999998,0.999999998,0
1487,E014,1988,3,7954,1,1,1,1,0
1487,E014,1988,4,7955,1,1,1,1,0
1487,E014,1989,2,7957,1,1,1,1,0
1487,E014,1989,3,7958,1,1,1,1,0
1487,E014,1989,4,7959,1,1,1,1,0
1487,E014,1990,1,7960,1,1,1,1,0
1487,E014,1990,2,7961,1,1,1,1,0
1487,E014,1990,3,7962,1,1,1,1,0
1487,E014,1990,4,7963,1,1,1,1,0
1487,E014,1991,1,7964,1,1,1,1,0
1487,E014,1991,2,7965,1,1,1,1,0
1487,E014,1991,4,7967,1,1,1,1,0
1487,E014,1993,2,7973,1,1,1,1,0
1487,E014,1993,3,7974,1,1,1,1,0
1487,E014,1993,4,7975,1,1,1,1,0
1487,E014,1995,2,7981,1,1,1,1,0
1487,E014,1995,3,7982,1,1,1,1,0
1487,E014,1996,2,7985,1,1,1,1,0
1487,E014,1996,3,7986,2,1,1,1,0
1487,E014,1996,4,7987,1,1,1,1,0
1487,E014,1997,2,7989,1,1,1,1,0
1488,E015,1988,2,7953,1,0.359003821,0.359003821,0.359003821,0
1488,E015,1988,3,7954,1,0.366979408,0.366979408,0.366979408,0
1488,E015,1988,4,7955,1,0.386623838,0.386623838,0.386623838,0
1488,E015,1989,1,7956,1,0.512346943,0.512346943,0.512346943,0
1489,E016,1988,2,7953,1,6.76e-11,6.76e-11,6.76e-11,0
1489,E016,1988,3,7954,1,1.9e-10,1.9e-10,1.9e-10,0
1489,E016,1988,4,7955,1,4.92e-10,4.92e-10,4.92e-10,0
1489,E016,1989,1,7956,1,2.42e-9,2.42e-9,2.42e-9,0
1489,E016,1989,2,7957,1,1.16e-8,1.16e-8,1.16e-8,0
1489,E016,1989,4,7959,1,4.92e-8,4.92e-8,4.92e-8,0
1489,E016,1990,2,7961,1,2.3e-7,2.3e-7,2.3e-7,0
1489,E016,1991,3,7966,1,1.5e-6,1.5e-6,1.5e-6,0
1489,E016,1992,2,7969,1,4.3e-6,4.3e-6,4.3e-6,0
1489,E016,1992,3,7970,1,7.74e-6,7.74e-6,7.74e-6,0
1489,E016,1993,3,7974,1,6.63e-5,6.63e-5,6.63e-5,0
1489,E016,1993,4,7975,1,1.03e-4,1.03e-4,1.03e-4,0
1489,E016,1994,1,7976,1,4.62e-4,4.62e-4,4.62e-4,0
1489,E016,1994,2,7977,1,0.0023763,0.0023763,0.0023763,0
1490,E017,1988,2,7953,1,0.006041834,0.006041834,0.006041834,0
1491,E018,1988,2,7953,1,0.006041834,0.006041834,0.006041834,0
1492,E019,1988,2,7953,1,0.006041834,0.006041834,0.006041834,0
1493,E020,1988,2,7953,1,6.5e-5,6.5e-5,6.5e-5,0
1493,E020,1990,1,7960,1,7.89e-4,7.89e-4,7.89e-4,0
1493,E020,1990,2,7961,1,0.001232014,0.001232014,0.001232014,0
1493,E020,1991,2,7965,1,0.005905288,0.005905288,0.005905288,0
1493,E020,1991,4,7967,1,0.012639754,0.012639754,0.012639754,0
1493,E020,1993,3,7974,1,0.130190716,0.130190716,0.130190716,0
1493,E020,1994,2,7977,1,0.361610756,0.361610756,0.361610756,0
1493,E020,1994,3,7978,1,0.37704848,0.37704848,0.37704848,0
1494,E021,1988,2,7953,1,0.006041834,0.006041834,0.006041834,0
1495,E022,1988,2,7953,1,2.73e-10,2.73e-10,2.73e-10,0
1495,E022,1988,3,7954,1,7.69e-10,7.69e-10,7.69e-10,0
1495,E022,1988,4,7955,1,1.99e-9,1.99e-9,1.99e-9,0
1495,E022,1989,1,7956,1,9.8e-9,9.8e-9,9.8e-9,0
1495,E022,1989,3,7958,1,7.09e-8,7.09e-8,7.09e-8,0
1495,E022,1989,4,7959,1,1.3e-7,1.3e-7,1.3e-7,0
1495,E022,1990,1,7960,2,4.57e-7,4.57e-7,4.57e-7,0
1495,E022,1990,2,7961,1,7.9e-6,7.9e-6,7.9e-6,0
1495,E022,1990,3,7962,1,2.88e-5,2.88e-5,2.88e-5,0
1495,E022,1990,4,7963,1,8.64e-5,8.64e-5,8.64e-5,0
1495,E022,1991,2,7965,1,8.99e-4,8.99e-4,8.99e-4,0
1495,E022,1991,3,7966,1,0.002164409,0.002164409,0.002164409,0
1496,E023,1988,2,7953,1,4.96e-8,4.96e-8,4.96e-8,0
1496,E023,1988,3,7954,1,1.39e-7,1.39e-7,1.39e-7,0
1496,E023,1988,4,7955,1,3.61e-7,3.61e-7,3.61e-7,0
1496,E023,1989,3,7958,1,4.66e-6,4.66e-6,4.66e-6,0
1496,E023,1990,3,7962,1,1.85e-5,1.85e-5,1.85e-5,0
1496,E023,1990,4,7963,1,2.65e-5,2.65e-5,2.65e-5,0
1496,E023,1991,4,7967,1,2.08e-4,2.08e-4,2.08e-4,0
1496,E023,1992,2,7969,1,6.29e-4,6.29e-4,6.29e-4,0
1496,E023,1995,3,7982,1,0.005254087,0.005254087,0.005254087,0
1496,E023,1996,3,7986,1,0.016376127,0.016376127,0.016376127,0
1497,E024,1988,2,7953,1,4.7e-4,4.7e-4,4.7e-4,0
1497,E024,1988,3,7954,1,0.001321807,0.001321807,0.001321807,0
1497,E024,1988,4,7955,1,0.003419568,0.003419568,0.003419568,0
1497,E024,1989,1,7956,1,0.016845102,0.016845102,0.016845102,0
1497,E024,1989,2,7957,1,0.080398708,0.080398708,0.080398708,0
1497,E024,1989,4,7959,1,0.372578479,0.372578479,0.372578479,0
1497,E024,1990,1,7960,1,0.999999642,0.999999642,0.999999642,0
1498,E025,1988,2,7953,1,0.001593668,0.001593668,0.001593668,0
1498,E025,1988,3,7954,1,0.004480797,0.004480797,0.004480797,0
1499,E026,1988,2,7953,1,0.001593668,0.001593668,0.001593668,0
1499,E026,1988,3,7954,1,0.004480797,0.004480797,0.004480797,0
1500,E027,1988,2,7953,1,1.75e-11,1.75e-11,1.75e-11,0
1500,E027,1988,3,7954,1,4.92e-11,4.92e-11,4.92e-11,0
1500,E027,1988,4,7955,1,1.27e-10,1.27e-10,1.27e-10,0
1500,E027,1989,1,7956,1,6.27e-10,6.27e-10,6.27e-10,0
1500,E027,1989,2,7957,1,2.99e-9,2.99e-9,2.99e-9,0
1500,E027,1989,3,7958,1,8.92e-9,8.92e-9,8.92e-9,0
1500,E027,1989,4,7959,1,2.35e-8,2.35e-8,2.35e-8,0
1500,E027,1990,1,7960,1,1.04e-7,1.04e-7,1.04e-7,0
1500,E027,1990,3,7962,1,8.09e-7,8.09e-7,8.09e-7,0
1500,E027,1990,4,7963,1,1.58e-6,1.58e-6,1.58e-6,0
1500,E027,1991,2,7965,1,1.24e-5,1.24e-5,1.24e-5,0
1500,E027,1991,3,7966,1,2.94e-5,2.94e-5,2.94e-5,0
1500,E027,1992,3,7970,1,3.12e-4,3.12e-4,3.12e-4,0
1500,E027,1992,4,7971,1,4.85e-4,4.85e-4,4.85e-4,0
1500,E027,1994,2,7977,1,0.008428757,0.008428757,0.008428757,0
1501,E028,1988,2,7953,1,0.33140987,0.33140987,0.33140987,0
1502,E029,1988,2,7953,1,0.006041834,0.006041834,0.006041834,0
1503,E030,1988,2,7953,1,1.12e-9,1.12e-9,1.12e-9,0
1503,E030,1988,3,7954,1,3.15e-9,3.15e-9,3.15e-9,0
1503,E030,1988,4,7955,1,8.15e-9,8.15e-9,8.15e-9,0
1503,E030,1989,1,7956,1,4.01e-8,4.01e-8,4.01e-8,0
1503,E030,1989,4,7959,1,3.54e-7,3.54e-7,3.54e-7,0
1503,E030,1990,1,7960,1,7.03e-7,7.03e-7,7.03e-7,0
1503,E030,1990,3,7962,1,3.77e-6,3.77e-6,3.77e-6,0
1503,E030,1991,2,7965,1,1.81e-5,1.81e-5,1.81e-5,0
1503,E030,1991,3,7966,1,3.53e-5,3.53e-5,3.53e-5,0
1503,E030,1991,4,7967,1,8.26e-5,8.26e-5,8.26e-5,0
1503,E030,1994,3,7978,1,0.003453801,0.003453801,0.003453801,0
1503,E030,1994,4,7979,1,0.004268022,0.004268022,0.004268022,0
1504,E031,1988,2,7953,1,0.006041834,0.006041834,0.006041834,0
1505,E032,1988,2,7953,1,6.83e-16,6.83e-16,6.83e-16,0
1505,E032,1988,3,7954,1,1.92e-15,1.92e-15,1.92e-15,0
1505,E032,1988,4,7955,1,4.97e-15,4.97e-15,4.97e-15,0
1505,E032,1989,1,7956,1,2.45e-14,2.45e-14,2.45e-14,0
1505,E032,1989,2,7957,1,1.17e-13,1.17e-13,1.17e-13,0
1505,E032,1989,3,7958,1,3.48e-13,3.48e-13,3.48e-13,0
1505,E032,1989,4,7959,1,9.19e-13,9.19e-13,9.19e-13,0
1505,E032,1990,1,7960,1,4.05e-12,4.05e-12,4.05e-12,0
1505,E032,1990,2,7961,1,2.07e-11,2.07e-11,2.07e-11,0
1505,E032,1990,3,7962,1,6.74e-11,6.74e-11,6.74e-11,0
1505,E032,1990,4,7963,1,1.96e-10,1.96e-10,1.96e-10,0
1505,E032,1991,2,7965,1,2.01e-9,2.01e-9,2.01e-9,0
1505,E032,1991,3,7966,1,4.84e-9,4.84e-9,4.84e-9,0
1505,E032,1991,4,7967,1,1.27e-8,1.27e-8,1.27e-8,0
1505,E032,1992,2,7969,1,1.37e-7,1.37e-7,1.37e-7,0
1505,E032,1992,3,7970,1,3.3e-7,3.3e-7,3.3e-7,0
1505,E032,1992,4,7971,1,8.64e-7,8.64e-7,8.64e-7,0
1505,E032,1993,3,7974,1,1.27e-5,1.27e-5,1.27e-5,0
1505,E032,1994,2,7977,1,6.67e-5,6.67e-5,6.67e-5,0
1505,E032,1994,3,7978,1,1.37e-4,1.37e-4,1.37e-4,0
1505,E032,1994,4,7979,1,3.32e-4,3.32e-4,3.32e-4,0
1505,E032,1995,3,7982,1,0.007057636,0.007057636,0.007057636,0
1506,E033,1988,2,7953,1,2.36e-8,2.36e-8,2.36e-8,0
1506,E033,1988,3,7954,1,6.63e-8,6.63e-8,6.63e-8,0
1506,E033,1988,4,7955,1,1.72e-7,1.72e-7,1.72e-7,0
1506,E033,1989,1,7956,1,8.45e-7,8.45e-7,8.45e-7,0
1506,E033,1989,2,7957,1,4.04e-6,4.04e-6,4.04e-6,0
1506,E033,1989,3,7958,1,1.2e-5,1.2e-5,1.2e-5,0
1506,E033,1989,4,7959,1,3.17e-5,3.17e-5,3.17e-5,0
1506,E033,1990,2,7961,1,2.74e-4,2.74e-4,2.74e-4,0
1506,E033,1990,3,7962,1,6.51e-4,6.51e-4,6.51e-4,0
1506,E033,1990,4,7963,1,0.001689655,0.001689655,0.001689655,0
1507,E034,1988,2,7953,1,3.89e-17,3.89e-17,3.89e-17,0
1507,E034,1988,3,7954,1,1.09e-16,1.09e-16,1.09e-16,0
1507,E034,1988,4,7955,1,2.83e-16,2.83e-16,2.83e-16,0
1507,E034,1989,1,7956,1,1.39e-15,1.39e-15,1.39e-15,0
1507,E034,1989,2,7957,1,6.66e-15,6.66e-15,6.66e-15,0
1507,E034,1989,3,7958,1,1.98e-14,1.98e-14,1.98e-14,0
1507,E034,1989,4,7959,1,5.24e-14,5.24e-14,5.24e-14,0
1507,E034,1990,1,7960,1,2.31e-13,2.31e-13,2.31e-13,0
1507,E034,1990,4,7963,1,2.2e-12,2.2e-12,2.2e-12,0
1507,E034,1991,1,7964,1,4.71e-12,4.71e-12,4.71e-12,0
1507,E034,1991,2,7965,1,1.81e-11,1.81e-11,1.81e-11,0
1507,E034,1991,3,7966,2,5.57e-11,5.57e-11,5.57e-11,0
1507,E034,1991,4,7967,1,5.01e-10,5.01e-10,5.01e-10,0
1507,E034,1992,3,7970,1,1.01e-8,1.01e-8,1.01e-8,0
1507,E034,1992,4,7971,1,1.72e-8,1.72e-8,1.72e-8,0
1507,E034,1993,2,7973,1,1.33e-7,1.33e-7,1.33e-7,0
1507,E034,1993,3,7974,1,3.13e-7,3.13e-7,3.13e-7,0
1507,E034,1994,1,7976,1,1.96e-6,1.96e-6,1.96e-6,0
1507,E034,1994,3,7978,1,1.21e-5,1.21e-5,1.21e-5,0
1507,E034,1995,3,7982,2,1.13e-4,1.13e-4,1.13e-4,0
1507,E034,1996,1,7984,1,0.001163581,0.001163581,0.001163581,0
1507,E034,1996,3,7986,1,0.007875683,0.007875683,0.007875683,0
1508,E035,1988,2,7953,1,2.91e-5,2.91e-5,2.91e-5,0
1508,E035,1988,3,7954,1,8.19e-5,8.19e-5,8.19e-5,0
1508,E035,1988,4,7955,1,2.12e-4,2.12e-4,2.12e-4,0
1508,E035,1989,1,7956,1,0.001043662,0.001043662,0.001043662,0
1508,E035,1989,2,7957,1,0.004981217,0.004981217,0.004981217,0
1509,E036,1988,2,7953,1,7.96e-11,7.96e-11,7.96e-11,0
1509,E036,1988,3,7954,1,2.24e-10,2.24e-10,2.24e-10,0
1509,E036,1988,4,7955,1,5.79e-10,5.79e-10,5.79e-10,0
1509,E036,1989,1,7956,1,2.85e-9,2.85e-9,2.85e-9,0
1509,E036,1989,2,7957,2,1.36e-8,1.36e-8,1.36e-8,0
1509,E036,1989,3,7958,1,1.17e-7,1.17e-7,1.17e-7,0
1509,E036,1989,4,7959,1,3.73e-7,3.73e-7,3.73e-7,0
1509,E036,1990,1,7960,1,1.78e-6,1.78e-6,1.78e-6,0
1509,E036,1990,2,7961,1,9.23e-6,9.23e-6,9.23e-6,0
1509,E036,1990,3,7962,1,3.01e-5,3.01e-5,3.01e-5,0
1509,E036,1991,1,7964,1,1.72e-4,1.72e-4,1.72e-4,0
1509,E036,1991,3,7966,2,9.19e-4,9.19e-4,9.19e-4,0
1510,E037,1988,2,7953,1,7.67e-6,7.67e-6,7.67e-6,0
1510,E037,1988,3,7954,1,2.16e-5,2.16e-5,2.16e-5,0
1510,E037,1988,4,7955,1,5.58e-5,5.58e-5,5.58e-5,0
1510,E037,1989,1,7956,1,2.75e-4,2.75e-4,2.75e-4,0
1510,E037,1989,2,7957,1,0.00131181,0.00131181,0.00131181,0
1510,E037,1989,3,7958,1,0.003911711,0.003911711,0.003911711,0
1511,E038,1988,2,7953,1,1.9e-8,1.9e-8,1.9e-8,0
1511,E038,1988,3,7954,1,5.35e-8,5.35e-8,5.35e-8,0
1511,E038,1988,4,7955,1,1.39e-7,1.39e-7,1.39e-7,0
1511,E038,1989,1,7956,1,6.82e-7,6.82e-7,6.82e-7,0
1511,E038,1989,4,7959,1,6.02e-6,6.02e-6,6.02e-6,0
1511,E038,1990,1,7960,1,1.19e-5,1.19e-5,1.19e-5,0
1511,E038,1990,2,7961,1,4.34e-5,4.34e-5,4.34e-5,0
1511,E038,1990,3,7962,1,1.32e-4,1.32e-4,1.32e-4,0
1511,E038,1990,4,7963,1,3.76e-4,3.76e-4,3.76e-4,0
1511,E038,1991,1,7964,1,0.001909015,0.001909015,0.001909015,0
1512,E039,1988,2,7953,1,7.99e-11,7.99e-11,7.99e-11,0
1512,E039,1988,3,7954,1,2.25e-10,2.25e-10,2.25e-10,0
1512,E039,1988,4,7955,1,5.81e-10,5.81e-10,5.81e-10,0
1512,E039,1989,1,7956,2,2.86e-9,2.86e-9,2.86e-9,0
1512,E039,1989,2,7957,1,4.43e-8,4.43e-8,4.43e-8,0
1512,E039,1989,3,7958,1,1.48e-7,1.48e-7,1.48e-7,0
1512,E039,1989,4,7959,1,4.04e-7,4.04e-7,4.04e-7,0
1512,E039,1990,1,7960,1,1.81e-6,1.81e-6,1.81e-6,0
1512,E039,1990,3,7962,1,1.42e-5,1.42e-5,1.42e-5,0
1512,E039,1990,4,7963,1,2.77e-5,2.77e-5,2.77e-5,0
1512,E039,1991,2,7965,1,2.18e-4,2.18e-4,2.18e-4,0
1512,E039,1991,3,7966,1,5.14e-4,5.14e-4,5.14e-4,0
1512,E039,1991,4,7967,1,0.001332868,0.001332868,0.001332868,0
1513,E040,1988,2,7953,1,0.006041834,0.006041834,0.006041834,0
1514,E041,1988,2,7953,1,2.21e-5,2.21e-5,2.21e-5,0
1514,E041,1988,3,7954,1,6.21e-5,6.21e-5,6.21e-5,0
1514,E041,1988,4,7955,1,1.61e-4,1.61e-4,1.61e-4,0
1514,E041,1989,2,7957,1,0.001732595,0.001732595,0.001732595,0
1514,E041,1991,3,7966,1,0.017538192,0.017538192,0.017538192,0
1515,E042,1988,2,7953,1,6.01e-6,6.01e-6,6.01e-6,0
1515,E042,1988,3,7954,1,1.69e-5,1.69e-5,1.69e-5,0
1515,E042,1989,1,7956,1,8.84e-5,8.84e-5,8.84e-5,0
1515,E042,1989,2,7957,1,3e-4,3e-4,3e-4,0
1515,E042,1992,2,7969,1,0.005072809,0.005072809,0.005072809,0
1515,E042,1993,2,7973,1,0.009684148,0.009684148,0.009684148,0
1516,E043,1988,2,7953,1,0.001593668,0.001593668,0.001593668,0
1516,E043,1988,3,7954,1,0.004480797,0.004480797,0.004480797,0
1517,E044,1988,2,7953,1,2.89e-7,2.89e-7,2.89e-7,0
1517,E044,1988,3,7954,1,8.12e-7,8.12e-7,8.12e-7,0
1517,E044,1988,4,7955,1,2.1e-6,2.1e-6,2.1e-6,0
1517,E044,1989,3,7958,1,3.01e-5,3.01e-5,3.01e-5,0
1517,E044,1990,3,7962,1,1.3e-4,1.3e-4,1.3e-4,0
1517,E044,1991,3,7966,1,4.51e-4,4.51e-4,4.51e-4,0
1517,E044,1991,4,7967,1,6.44e-4,6.44e-4,6.44e-4,0
1517,E044,1992,2,7969,1,0.003704351,0.003704351,0.003704351,0
1518,E045,1988,2,7953,1,1.16e-6,1.16e-6,1.16e-6,0
1518,E045,1988,3,7954,1,3.26e-6,3.26e-6,3.26e-6,0
1518,E045,1988,4,7955,1,8.44e-6,8.44e-6,8.44e-6,0
1518,E045,1989,1,7956,1,4.54e-5,4.54e-5,4.54e-5,0
1518,E045,1989,3,7958,2,3.69e-4,3.69e-4,3.69e-4,0
1518,E045,1989,4,7959,1,0.001876151,0.001876151,0.001876151,0
1519,E046,1988,2,7953,1,0.001476609,0.001476609,0.001476609,0
1519,E046,1989,3,7958,1,0.014558747,0.014558747,0.014558747,0
1520,E047,1988,2,7953,1,0.001593668,0.001593668,0.001593668,0
1520,E047,1988,3,7954,1,0.004480797,0.004480797,0.004480797,0
1521,E048,1988,2,7953,1,8.85e-5,8.85e-5,8.85e-5,0
1521,E048,1988,3,7954,1,2.49e-4,2.49e-4,2.49e-4,0
1521,E048,1988,4,7955,1,6.43e-4,6.43e-4,6.43e-4,0
1521,E048,1989,1,7956,1,0.003464767,0.003464767,0.003464767,0
1522,E049,1988,2,7953,1,0.006041834,0.006041834,0.006041834,0
1523,E050,1988,2,7953,1,2.13e-5,2.13e-5,2.13e-5,0
1523,E050,1988,3,7954,1,6e-5,6e-5,6e-5,0
1523,E050,1988,4,7955,1,1.55e-4,1.55e-4,1.55e-4,0
1523,E050,1989,1,7956,1,8.35e-4,8.35e-4,8.35e-4,0
1523,E050,1990,1,7960,1,0.010216586,0.010216586,0.010216586,0
1524,E051,1988,2,7953,1,2.78e-7,2.78e-7,2.78e-7,0
1524,E051,1988,3,7954,1,7.81e-7,7.81e-7,7.81e-7,0
1524,E051,1988,4,7955,1,2.02e-6,2.02e-6,2.02e-6,0
1524,E051,1989,1,7956,1,1.09e-5,1.09e-5,1.09e-5,0
1524,E051,1989,3,7958,1,8.83e-5,8.83e-5,8.83e-5,0
1524,E051,1989,4,7959,1,1.72e-4,1.72e-4,1.72e-4,0
1524,E051,1990,3,7962,2,0.001582166,0.001582166,0.001582166,0
1525,E052,1988,2,7953,1,3.7e-4,3.7e-4,3.7e-4,0
1525,E052,1989,3,7958,1,0.003643141,0.003643141,0.003643141,0
1525,E052,1992,3,7970,1,0.022174832,0.022174832,0.022174832,0
1526,E053,1988,2,7953,1,3.59e-14,3.59e-14,3.59e-14,0
1526,E053,1988,3,7954,1,1.01e-13,1.01e-13,1.01e-13,0
1526,E053,1988,4,7955,1,2.61e-13,2.61e-13,2.61e-13,0
1526,E053,1989,1,7956,1,1.41e-12,1.41e-12,1.41e-12,0
1526,E053,1989,3,7958,2,1.14e-11,1.14e-11,1.14e-11,0
1526,E053,1990,1,7960,1,1.18e-10,1.18e-10,1.18e-10,0
1526,E053,1990,3,7962,2,6.43e-10,6.43e-10,6.43e-10,0
1526,E053,1991,3,7966,2,1.41e-8,1.41e-8,1.41e-8,0
1526,E053,1991,4,7967,1,4.89e-8,4.89e-8,4.89e-8,0
1526,E053,1992,2,7969,1,7.71e-8,7.71e-8,7.71e-8,0
1526,E053,1992,3,7970,1,1.21e-7,1.21e-7,1.21e-7,0
1526,E053,1992,4,7971,1,2.42e-7,2.42e-7,2.42e-7,0
1526,E053,1993,1,7972,1,1.12e-6,1.12e-6,1.12e-6,0
1526,E053,1993,2,7973,1,5.81e-6,5.81e-6,5.81e-6,0
1526,E053,1993,3,7974,1,1.9e-5,1.9e-5,1.9e-5,0
1526,E053,1993,4,7975,1,5.54e-5,5.54e-5,5.54e-5,0
1526,E053,1994,3,7978,2,0.001161675,0.001161675,0.001161675,0
1527,E054,1988,2,7953,1,1.18e-6,1.18e-6,1.18e-6,0
1527,E054,1988,3,7954,1,3.32e-6,3.32e-6,3.32e-6,0
1527,E054,1988,4,7955,1,8.59e-6,8.59e-6,8.59e-6,0
1527,E054,1989,3,7958,2,1.23e-4,1.23e-4,1.23e-4,0
1527,E054,1990,1,7960,1,9.39e-4,9.39e-4,9.39e-4,0
1527,E054,1990,2,7961,1,0.003372349,0.003372349,0.003372349,0
1528,E055,1988,2,7953,1,1.19e-6,1.19e-6,1.19e-6,0
1528,E055,1988,3,7954,1,3.36e-6,3.36e-6,3.36e-6,0
1528,E055,1988,4,7955,1,8.69e-6,8.69e-6,8.69e-6,0
1528,E055,1989,3,7958,1,1.24e-4,1.24e-4,1.24e-4,0
1528,E055,1989,4,7959,1,2.09e-4,2.09e-4,2.09e-4,0
1528,E055,1990,3,7962,1,0.001623384,0.001623384,0.001623384,0
1528,E055,1990,4,7963,1,0.002661235,0.002661235,0.002661235,0
1530,E057,1988,2,7953,1,8.85e-5,8.85e-5,8.85e-5,0
1530,E057,1988,3,7954,1,2.49e-4,2.49e-4,2.49e-4,0
1530,E057,1988,4,7955,1,6.43e-4,6.43e-4,6.43e-4,0
1530,E057,1989,1,7956,1,0.003464767,0.003464767,0.003464767,0
1531,E058,1988,2,7953,1,2.25e-10,2.25e-10,2.25e-10,0
1531,E058,1988,3,7954,1,6.31e-10,6.31e-10,6.31e-10,0
1531,E058,1988,4,7955,1,1.63e-9,1.63e-9,1.63e-9,0
1531,E058,1989,3,7958,1,2.34e-8,2.34e-8,2.34e-8,0
1531,E058,1990,1,7960,1,5.96e-8,5.96e-8,5.96e-8,0
1531,E058,1990,3,7962,1,2.38e-7,2.38e-7,2.38e-7,0
1531,E058,1991,3,7966,1,1.31e-6,1.31e-6,1.31e-6,0
1531,E058,1993,3,7974,3,8.64e-6,8.64e-6,8.64e-6,0
1531,E058,1995,3,7982,1,7.54e-4,7.54e-4,7.54e-4,0
1531,E058,1995,4,7983,1,0.001033726,0.001033726,0.001033726,0
1531,E058,1996,3,7986,1,0.011016289,0.011016289,0.011016289,0
1532,E059,1988,3,7954,2,2.02e-8,2.02e-8,2.02e-8,0
1532,E059,1989,1,7956,1,2.63e-7,2.63e-7,2.63e-7,0
1532,E059,1989,3,7958,1,1.45e-6,1.45e-6,1.45e-6,0
1532,E059,1989,4,7959,1,2.61e-6,2.61e-6,2.61e-6,0
1532,E059,1991,2,7965,1,3.63e-5,3.63e-5,3.63e-5,0
1532,E059,1991,3,7966,1,5.33e-5,5.33e-5,5.33e-5,0
1532,E059,1991,4,7967,1,1e-4,1e-4,1e-4,0
1532,E059,1993,2,7973,1,0.001951721,0.001951721,0.001951721,0
1532,E059,1994,3,7978,1,0.008357954,0.008357954,0.008357954,0
1533,E060,1988,3,7954,2,3.34e-7,3.34e-7,3.34e-7,0
1533,E060,1989,3,7958,1,9.48e-6,9.48e-6,9.48e-6,0
1533,E060,1989,4,7959,1,1.45e-5,1.45e-5,1.45e-5,0
1533,E060,1991,2,7965,1,1.59e-4,1.59e-4,1.59e-4,0
1533,E060,1993,3,7974,2,7.7e-4,7.7e-4,7.7e-4,0
1533,E060,1994,4,7979,1,0.006982542,0.006982542,0.006982542,0
1534,E061,1988,3,7954,2,0.076729956,0.076729956,0.076729956,0
1534,E061,1989,1,7956,1,0.999999987,0.999999987,0.999999987,0
1534,E061,1991,1,7964,1,1,1,1,0
1534,E061,1991,2,7965,1,1,1,1,0
1534,E061,1991,3,7966,1,1,1,1,0
1534,E061,1992,1,7968,1,1,1,1,0
1534,E061,1992,3,7970,2,1,1,1,0
1534,E061,1993,3,7974,1,1,1,1,0
1535,E062,1988,3,7954,2,4.26e-4,4.26e-4,4.26e-4,0
1535,E062,1989,3,7958,1,0.012076928,0.012076928,0.012076928,0
1536,E063,1988,3,7954,2,1.98e-8,1.98e-8,1.98e-8,0
1536,E063,1989,1,7956,2,2.59e-7,2.59e-7,2.59e-7,0
1536,E063,1989,3,7958,1,5.27e-6,5.27e-6,5.27e-6,0
1536,E063,1989,4,7959,1,1.01e-5,1.01e-5,1.01e-5,0
1536,E063,1990,3,7962,1,9.18e-5,9.18e-5,9.18e-5,0
1536,E063,1991,2,7965,1,3.49e-4,3.49e-4,3.49e-4,0
1536,E063,1993,2,7973,1,0.002671452,0.002671452,0.002671452,0
1536,E063,1993,3,7974,1,0.003685039,0.003685039,0.003685039,0
1537,E064,1988,3,7954,1,5.06e-5,5.06e-5,5.06e-5,0
1537,E064,1989,1,7956,1,2.09e-4,2.09e-4,2.09e-4,0
1537,E064,1989,4,7959,1,0.001180454,0.001180454,0.001180454,0
1537,E064,1991,1,7964,1,0.0058626,0.0058626,0.0058626,0
1537,E064,1992,3,7970,1,0.014060169,0.014060169,0.014060169,0
1538,E065,1988,3,7954,2,1.41e-6,1.41e-6,1.41e-6,0
1538,E065,1989,3,7958,1,4e-5,4e-5,4e-5,0
1538,E065,1989,4,7959,1,6.11e-5,6.11e-5,6.11e-5,0
1538,E065,1991,2,7965,1,6.73e-4,6.73e-4,6.73e-4,0
1538,E065,1991,4,7967,1,0.001180796,0.001180796,0.001180796,0
1538,E065,1994,2,7977,1,0.014124148,0.014124148,0.014124148,0
1539,E066,1988,3,7954,2,5.62e-6,5.62e-6,5.62e-6,0
1539,E066,1989,1,7956,1,7.32e-5,7.32e-5,7.32e-5,0
1539,E066,1989,3,7958,1,4.42e-4,4.42e-4,4.42e-4,0
1539,E066,1990,1,7960,1,0.001262288,0.001262288,0.001262288,0
1539,E066,1990,3,7962,1,0.005309799,0.005309799,0.005309799,0
1540,E067,1988,3,7954,1,6.63e-8,6.63e-8,6.63e-8,0
1540,E067,1989,1,7956,1,2.74e-7,2.74e-7,2.74e-7,0
1540,E067,1989,3,7958,1,1.41e-6,1.41e-6,1.41e-6,0
1540,E067,1989,4,7959,1,2.52e-6,2.52e-6,2.52e-6,0
1540,E067,1990,1,7960,1,8.59e-6,8.59e-6,8.59e-6,0
1540,E067,1990,3,7962,1,6.2e-5,6.2e-5,6.2e-5,0
1540,E067,1991,1,7964,1,2.06e-4,2.06e-4,2.06e-4,0
1540,E067,1991,3,7966,1,9.59e-4,9.59e-4,9.59e-4,0
1540,E067,1992,2,7969,1,0.004831508,0.004831508,0.004831508,0
1540,E067,1992,3,7970,1,0.009585225,0.009585225,0.009585225,0
1540,E067,1993,3,7974,1,0.090602855,0.090602855,0.090602855,0
1541,E068,1988,3,7954,1,2.16e-13,2.16e-13,2.16e-13,0
1541,E068,1988,4,7955,1,4.69e-13,4.69e-13,4.69e-13,0
1541,E068,1989,1,7956,1,2.09e-12,2.09e-12,2.09e-12,0
1541,E068,1989,2,7957,1,9.77e-12,9.77e-12,9.77e-12,0
1541,E068,1989,3,7958,1,2.9e-11,2.9e-11,2.9e-11,0
1541,E068,1989,4,7959,1,7.64e-11,7.64e-11,7.64e-11,0
1541,E068,1990,1,7960,1,3.37e-10,3.37e-10,3.37e-10,0
1541,E068,1990,2,7961,1,1.72e-9,1.72e-9,1.72e-9,0
1541,E068,1990,4,7963,1,8.11e-9,8.11e-9,8.11e-9,0
1541,E068,1991,2,7965,1,4.33e-8,4.33e-8,4.33e-8,0
1541,E068,1991,3,7966,1,9.82e-8,9.82e-8,9.82e-8,0
1541,E068,1991,4,7967,1,2.5e-7,2.5e-7,2.5e-7,0
1541,E068,1992,3,7970,1,3.53e-6,3.53e-6,3.53e-6,0
1541,E068,1995,3,7982,2,5.94e-5,5.94e-5,5.94e-5,0
1541,E068,1996,2,7985,1,5.29e-4,5.29e-4,5.29e-4,0
1541,E068,1996,3,7986,2,0.001150763,0.001150763,0.001150763,0
1542,E069,1988,3,7954,1,0.018700477,0.018700477,0.018700477,0
1542,E069,1988,4,7955,1,0.04067631,0.04067631,0.04067631,0
1542,E069,1989,3,7958,1,0.467968224,0.467968224,0.467968224,0
1543,E070,1988,3,7954,1,3.84e-4,3.84e-4,3.84e-4,0
1543,E070,1988,4,7955,1,8.36e-4,8.36e-4,8.36e-4,0
1543,E070,1989,4,7959,1,0.011106928,0.011106928,0.011106928,0
1544,E071,1988,3,7954,1,4.53e-9,4.53e-9,4.53e-9,0
1544,E071,1988,4,7955,1,9.86e-9,9.86e-9,9.86e-9,0
1544,E071,1989,2,7957,1,8.6e-8,8.6e-8,8.6e-8,0
1544,E071,1989,3,7958,1,1.91e-7,1.91e-7,1.91e-7,0
1544,E071,1989,4,7959,1,4.51e-7,4.51e-7,4.51e-7,0
1544,E071,1990,2,7961,1,3.65e-6,3.65e-6,3.65e-6,0
1544,E071,1990,3,7962,1,8.61e-6,8.61e-6,8.61e-6,0
1544,E071,1990,4,7963,1,2.23e-5,2.23e-5,2.23e-5,0
1544,E071,1991,3,7966,2,2.85e-4,2.85e-4,2.85e-4,0
1544,E071,1992,3,7970,1,0.005302167,0.005302167,0.005302167,0
1545,E072,1988,3,7954,1,1.07e-8,1.07e-8,1.07e-8,0
1545,E072,1988,4,7955,1,2.33e-8,2.33e-8,2.33e-8,0
1545,E072,1989,1,7956,1,1.04e-7,1.04e-7,1.04e-7,0
1545,E072,1989,3,7958,1,7.33e-7,7.33e-7,7.33e-7,0
1545,E072,1989,4,7959,1,1.35e-6,1.35e-6,1.35e-6,0
1545,E072,1990,3,7962,1,1.16e-5,1.16e-5,1.16e-5,0
1545,E072,1990,4,7963,1,1.49e-5,1.49e-5,1.49e-5,0
1545,E072,1991,2,7965,1,6.19e-5,6.19e-5,6.19e-5,0
1545,E072,1992,2,7969,1,3.57e-4,3.57e-4,3.57e-4,0
1545,E072,1993,3,7974,1,0.001709536,0.001709536,0.001709536,0
1545,E072,1994,4,7979,1,0.007915978,0.007915978,0.007915978,0
1546,E073,1988,3,7954,1,6.63e-11,6.63e-11,6.63e-11,0
1546,E073,1988,4,7955,1,1.44e-10,1.44e-10,1.44e-10,0
1546,E073,1989,2,7957,1,1.26e-9,1.26e-9,1.26e-9,0
1546,E073,1989,3,7958,1,2.8e-9,2.8e-9,2.8e-9,0
1546,E073,1989,4,7959,1,6.6e-9,6.6e-9,6.6e-9,0
1546,E073,1990,1,7960,1,2.75e-8,2.75e-8,2.75e-8,0
1546,E073,1990,2,7961,1,1.38e-7,1.38e-7,1.38e-7,0
1546,E073,1990,3,7962,1,4.49e-7,4.49e-7,4.49e-7,0
1546,E073,1991,3,7966,1,5.15e-6,5.15e-6,5.15e-6,0
1546,E073,1992,3,7970,1,2.23e-5,2.23e-5,2.23e-5,0
1546,E073,1993,1,7972,1,5.06e-5,5.06e-5,5.06e-5,0
1546,E073,1993,4,7975,1,2.48e-4,2.48e-4,2.48e-4,0
1546,E073,1994,3,7978,1,3.1e-4,3.1e-4,3.1e-4,0
1546,E073,1995,2,7981,1,6.26e-4,6.26e-4,6.26e-4,0
1546,E073,1995,3,7982,2,0.001045151,0.001045151,0.001045151,0
1547,E074,1988,3,7954,1,0.003769677,0.003769677,0.003769677,0
1547,E074,1988,4,7955,1,0.008199606,0.008199606,0.008199606,0
1547,E074,1989,1,7956,1,0.036550874,0.036550874,0.036550874,0
1547,E074,1989,2,7957,1,0.170759706,0.170759706,0.170759706,0
1547,E074,1990,1,7960,1,0.999999998,0.999999998,0.999999998,0
1547,E074,1990,2,7961,1,1,1,1,0
1547,E074,1990,3,7962,1,1,1,1,0
1547,E074,1990,4,7963,1,1,1,1,0
1547,E074,1991,1,7964,1,1,1,1,0
1547,E074,1991,2,7965,1,1,1,1,0
1548,E075,1988,3,7954,1,0.001589091,0.001589091,0.001589091,0
1548,E075,1988,4,7955,1,0.003456509,0.003456509,0.003456509,0
1549,E076,1988,3,7954,1,1.2e-9,1.2e-9,1.2e-9,0
1549,E076,1988,4,7955,1,2.6e-9,2.6e-9,2.6e-9,0
1549,E076,1989,1,7956,1,1.16e-8,1.16e-8,1.16e-8,0
1549,E076,1989,2,7957,1,5.42e-8,5.42e-8,5.42e-8,0
1549,E076,1989,3,7958,1,1.61e-7,1.61e-7,1.61e-7,0
1549,E076,1989,4,7959,1,4.24e-7,4.24e-7,4.24e-7,0
1549,E076,1990,1,7960,1,1.87e-6,1.87e-6,1.87e-6,0
1549,E076,1990,3,7962,1,1.46e-5,1.46e-5,1.46e-5,0
1549,E076,1990,4,7963,1,2.84e-5,2.84e-5,2.84e-5,0
1549,E076,1991,3,7966,1,2.95e-4,2.95e-4,2.95e-4,0
1549,E076,1992,1,7968,1,8.15e-4,8.15e-4,8.15e-4,0
1549,E076,1993,2,7973,1,0.007161318,0.007161318,0.007161318,0
1550,E077,1988,3,7954,1,0.00101467,0.00101467,0.00101467,0
1550,E077,1988,4,7955,1,0.002207057,0.002207057,0.002207057,0
1550,E077,1989,1,7956,1,0.009838262,0.009838262,0.009838262,0
1550,E077,1989,2,7957,1,0.045962751,0.045962751,0.045962751,0
1550,E077,1989,3,7958,1,0.136535233,0.136535233,0.136535233,0
1550,E077,1990,2,7961,1,0.999999998,0.999999998,0.999999998,0
1550,E077,1990,4,7963,1,1,1,1,0
1550,E077,1991,2,7965,1,1,1,1,0
1550,E077,1992,1,7968,1,1,1,1,0
1550,E077,1992,2,7969,1,1,1,1,0
1551,E078,1988,3,7954,1,0.025728179,0.025728179,0.025728179,0
1551,E078,1988,4,7955,1,0.055962606,0.055962606,0.055962606,0
1551,E078,1989,1,7956,1,0.249461017,0.249461017,0.249461017,0
1552,E079,1988,3,7954,1,0.441038361,0.441038361,0.441038361,0
1552,E079,1988,4,7955,1,0.959323842,0.959323842,0.959323842,0
1552,E079,1989,1,7956,1,1,1,1,0
1552,E079,1989,2,7957,1,1,1,1,0
1552,E079,1989,3,7958,1,1,1,1,0
1552,E079,1989,4,7959,1,1,1,1,0
1552,E079,1990,1,7960,1,1,1,1,0
1552,E079,1990,2,7961,1,1,1,1,0
1552,E079,1990,3,7962,1,1,1,1,0
1552,E079,1990,4,7963,1,1,1,1,0
1552,E079,1991,2,7965,1,1,1,1,0
1553,E080,1988,3,7954,1,1.08e-9,1.08e-9,1.08e-9,0
1553,E080,1988,4,7955,1,2.35e-9,2.35e-9,2.35e-9,0
1553,E080,1989,1,7956,1,1.05e-8,1.05e-8,1.05e-8,0
1553,E080,1989,3,7958,1,7.3900000000000007e-08,7.3900000000000007e-08,7.3900000000000007e-08,0
1553,E080,1989,4,7959,1,1.36e-7,1.36e-7,1.36e-7,0
1553,E080,1990,2,7961,1,8.95e-7,8.95e-7,8.95e-7,0
1553,E080,1990,4,7963,1,2.84e-6,2.84e-6,2.84e-6,0
1553,E080,1991,2,7965,1,1.35e-5,1.35e-5,1.35e-5,0
1553,E080,1991,3,7966,1,3.02e-5,3.02e-5,3.02e-5,0
1553,E080,1991,4,7967,1,7.63e-5,7.63e-5,7.63e-5,0
1553,E080,1992,4,7971,1,0.001243182,0.001243182,0.001243182,0
1553,E080,1993,3,7974,1,0.005036286,0.005036286,0.005036286,0
1554,E081,1988,3,7954,1,1.11e-4,1.11e-4,1.11e-4,0
1554,E081,1988,4,7955,1,2.41e-4,2.41e-4,2.41e-4,0
1554,E081,1989,1,7956,1,0.001072336,0.001072336,0.001072336,0
1554,E081,1989,2,7957,1,0.005009777,0.005009777,0.005009777,0
1555,E082,1988,3,7954,1,2.39e-5,2.39e-5,2.39e-5,0
1555,E082,1988,4,7955,1,5.2e-5,5.2e-5,5.2e-5,0
1555,E082,1989,1,7956,1,2.32e-4,2.32e-4,2.32e-4,0
1555,E082,1989,4,7959,1,0.001994376,0.001994376,0.001994376,0
1555,E082,1990,2,7961,1,0.006379156,0.006379156,0.006379156,0
1556,E083,1988,3,7954,1,1.4e-12,1.4e-12,1.4e-12,0
1556,E083,1988,4,7955,1,3.05e-12,3.05e-12,3.05e-12,0
1556,E083,1989,1,7956,1,1.36e-11,1.36e-11,1.36e-11,0
1556,E083,1989,2,7957,1,6.35e-11,6.35e-11,6.35e-11,0
1556,E083,1989,4,7959,1,2.69e-10,2.69e-10,2.69e-10,0
1556,E083,1990,2,7961,2,1.15e-9,1.15e-9,1.15e-9,0
1556,E083,1990,4,7963,1,5.44e-9,5.44e-9,5.44e-9,0
1556,E083,1992,3,7970,1,3.45e-8,3.45e-8,3.45e-8,0
1556,E083,1993,2,7973,1,7.81e-8,7.81e-8,7.81e-8,0
1556,E083,1994,2,7977,1,3.47e-7,3.47e-7,3.47e-7,0
1556,E083,1994,4,7979,1,8.08e-7,8.08e-7,8.08e-7,0
1556,E083,1995,2,7981,1,5.39e-6,5.39e-6,5.39e-6,0
1556,E083,1996,3,7986,1,5.51e-5,5.51e-5,5.51e-5,0
1556,E083,1997,1,7988,1,1.62e-4,1.62e-4,1.62e-4,0
1556,E083,1998,4,7995,1,0.002314949,0.002314949,0.002314949,0
1556,E083,1999,3,7998,2,0.006274125,0.006274125,0.006274125,0
1557,E084,1988,3,7954,1,0.001589091,0.001589091,0.001589091,0
1557,E084,1988,4,7955,1,0.003456509,0.003456509,0.003456509,0
1558,E085,1988,3,7954,1,1.11e-4,1.11e-4,1.11e-4,0
1558,E085,1988,4,7955,1,2.41e-4,2.41e-4,2.41e-4,0
1558,E085,1989,1,7956,1,0.001072336,0.001072336,0.001072336,0
1558,E085,1989,2,7957,1,0.005009777,0.005009777,0.005009777,0
1559,E086,1988,3,7954,1,1.08e-9,1.08e-9,1.08e-9,0
1559,E086,1988,4,7955,1,2.34e-9,2.34e-9,2.34e-9,0
1559,E086,1989,2,7957,1,2.04e-8,2.04e-8,2.04e-8,0
1559,E086,1989,3,7958,1,4.54e-8,4.54e-8,4.54e-8,0
1559,E086,1989,4,7959,2,1.07e-7,1.07e-7,1.07e-7,0
1559,E086,1990,1,7960,1,1.56e-6,1.56e-6,1.56e-6,0
1559,E086,1990,3,7962,1,1.43e-5,1.43e-5,1.43e-5,0
1559,E086,1991,1,7964,1,4.87e-5,4.87e-5,4.87e-5,0
1559,E086,1991,3,7966,1,2.29e-4,2.29e-4,2.29e-4,0
1559,E086,1993,1,7972,1,0.00187758,0.00187758,0.00187758,0
1559,E086,1993,2,7973,1,0.003414726,0.003414726,0.003414726,0
1560,E087,1988,3,7954,1,1.79e-13,1.79e-13,1.79e-13,0
1560,E087,1988,4,7955,1,3.89e-13,3.89e-13,3.89e-13,0
1560,E087,1989,1,7956,1,1.73e-12,1.73e-12,1.73e-12,0
1560,E087,1989,2,7957,1,8.1e-12,8.1e-12,8.1e-12,0
1560,E087,1989,4,7959,1,3.43e-11,3.43e-11,3.43e-11,0
1560,E087,1990,1,7960,1,9.05e-11,9.05e-11,9.05e-11,0
1560,E087,1990,3,7962,1,5.85e-10,5.85e-10,5.85e-10,0
1560,E087,1991,1,7964,1,1.92e-9,1.92e-9,1.92e-9,0
1560,E087,1991,2,7965,1,6.13e-9,6.13e-9,6.13e-9,0
1560,E087,1991,3,7966,1,1.8e-8,1.8e-8,1.8e-8,0
1560,E087,1991,4,7967,1,5.07e-8,5.07e-8,5.07e-8,0
1560,E087,1992,1,7968,1,2.82e-7,2.82e-7,2.82e-7,0
1560,E087,1992,4,7971,1,2.85e-6,2.85e-6,2.85e-6,0
1560,E087,1993,1,7972,1,6.62e-6,6.62e-6,6.62e-6,0
1560,E087,1993,2,7973,1,2.68e-5,2.68e-5,2.68e-5,0
1560,E087,1993,3,7974,1,8.35e-5,8.35e-5,8.35e-5,0
1560,E087,1994,3,7978,1,0.001349106,0.001349106,0.001349106,0
1560,E087,1994,4,7979,1,0.002165046,0.002165046,0.002165046,0
1561,E088,1988,3,7954,1,4.58e-14,4.58e-14,4.58e-14,0
1561,E088,1988,4,7955,1,9.96e-14,9.96e-14,9.96e-14,0
1561,E088,1989,1,7956,1,4.44e-13,4.44e-13,4.44e-13,0
1561,E088,1989,2,7957,1,2.07e-12,2.07e-12,2.07e-12,0
1561,E088,1989,3,7958,1,6.16e-12,6.16e-12,6.16e-12,0
1561,E088,1989,4,7959,1,1.62e-11,1.62e-11,1.62e-11,0
1561,E088,1990,1,7960,1,7.16e-11,7.16e-11,7.16e-11,0
1561,E088,1990,2,7961,1,3.65e-10,3.65e-10,3.65e-10,0
1561,E088,1990,3,7962,1,1.19e-9,1.19e-9,1.19e-9,0
1561,E088,1991,1,7964,1,6.8e-9,6.8e-9,6.8e-9,0
1561,E088,1991,2,7965,1,2.46e-8,2.46e-8,2.46e-8,0
1561,E088,1991,3,7966,1,7.45e-8,7.45e-8,7.45e-8,0
1561,E088,1991,4,7967,1,2.13e-7,2.13e-7,2.13e-7,0
1561,E088,1992,1,7968,1,1.19e-6,1.19e-6,1.19e-6,0
1561,E088,1992,3,7970,1,9.8e-6,9.8e-6,9.8e-6,0
1561,E088,1993,2,7973,1,5.5e-5,5.5e-5,5.5e-5,0
1561,E088,1993,3,7974,1,1.11e-4,1.11e-4,1.11e-4,0
1561,E088,1993,4,7975,1,2.65e-4,2.65e-4,2.65e-4,0
1561,E088,1994,1,7976,1,0.001794903,0.001794903,0.001794903,0
1562,E089,1988,3,7954,1,2.25e-5,2.25e-5,2.25e-5,0
1562,E089,1989,1,7956,1,9.3e-5,9.3e-5,9.3e-5,0
1562,E089,1989,2,7957,1,3.02e-4,3.02e-4,3.02e-4,0
1562,E089,1990,2,7961,1,0.002337212,0.002337212,0.002337212,0
1562,E089,1993,1,7972,1,0.016833823,0.016833823,0.016833823,0
1563,E090,1988,3,7954,1,0.006041834,0.006041834,0.006041834,0
1564,E091,1988,3,7954,1,0.001423508,0.001423508,0.001423508,0
1564,E091,1988,4,7955,1,0.003096341,0.003096341,0.003096341,0
1565,E092,1988,3,7954,1,3.26e-7,3.26e-7,3.26e-7,0
1565,E092,1989,1,7956,1,1.35e-6,1.35e-6,1.35e-6,0
1565,E092,1989,3,7958,1,6.94e-6,6.94e-6,6.94e-6,0
1565,E092,1990,1,7960,1,2.08e-5,2.08e-5,2.08e-5,0
1565,E092,1991,3,7966,1,1.85e-4,1.85e-4,1.85e-4,0
1565,E092,1993,3,7974,1,8.39e-4,8.39e-4,8.39e-4,0
1565,E092,1997,3,7990,1,0.011733505,0.011733505,0.011733505,0
1565,E092,1998,2,7993,1,0.027800517,0.027800517,0.027800517,0
1566,E093,1988,3,7954,1,0.241895062,0.241895062,0.241895062,0
1566,E093,1989,1,7956,2,0.999999982,0.999999982,0.999999982,0
1566,E093,1989,3,7958,1,1,1,1,0
1566,E093,1990,1,7960,1,1,1,1,0
1567,E094,1988,4,7955,1,2.7e-6,2.7e-6,2.7e-6,0
1567,E094,1989,2,7957,1,8.59e-6,8.59e-6,8.59e-6,0
1567,E094,1989,3,7958,1,1.67e-5,1.67e-5,1.67e-5,0
1567,E094,1989,4,7959,1,3.68e-5,3.68e-5,3.68e-5,0
1567,E094,1990,3,7962,1,3.73e-4,3.73e-4,3.73e-4,0
1567,E094,1990,4,7963,1,6.2e-4,6.2e-4,6.2e-4,0
1567,E094,1991,4,7967,1,0.006181192,0.006181192,0.006181192,0
1568,E095,1988,4,7955,1,0.006041834,0.006041834,0.006041834,0
1569,E096,1988,4,7955,1,0.001594832,0.001594832,0.001594832,0
1569,E096,1989,1,7956,1,0.004741387,0.004741387,0.004741387,0
1570,E097,1988,4,7955,1,3.23e-9,3.23e-9,3.23e-9,0
1570,E097,1989,1,7956,1,1.03e-8,1.03e-8,1.03e-8,0
1570,E097,1989,2,7957,1,4.4e-8,4.4e-8,4.4e-8,0
1570,E097,1989,4,7959,1,1.99e-7,1.99e-7,1.99e-7,0
1570,E097,1990,2,7961,1,9.43e-7,9.43e-7,9.43e-7,0
1570,E097,1990,3,7962,1,2.1e-6,2.1e-6,2.1e-6,0
1570,E097,1990,4,7963,1,5.29e-6,5.29e-6,5.29e-6,0
1570,E097,1991,3,7966,1,6.65e-5,6.65e-5,6.65e-5,0
1570,E097,1991,4,7967,1,1.12e-4,1.12e-4,1.12e-4,0
1570,E097,1992,1,7968,1,4.3e-4,4.3e-4,4.3e-4,0
1570,E097,1992,2,7969,1,0.002128847,0.002128847,0.002128847,0
1571,E098,1988,4,7955,1,1.07e-6,1.07e-6,1.07e-6,0
1571,E098,1989,1,7956,1,3.42e-6,3.42e-6,3.42e-6,0
1571,E098,1989,2,7957,1,1.46e-5,1.46e-5,1.46e-5,0
1571,E098,1989,4,7959,1,6.58e-5,6.58e-5,6.58e-5,0
1571,E098,1990,1,7960,1,1.76e-4,1.76e-4,1.76e-4,0
1571,E098,1990,4,7963,1,0.001388707,0.001388707,0.001388707,0
1571,E098,1991,3,7966,1,0.00611866,0.00611866,0.00611866,0
1572,E099,1988,4,7955,1,0.005413738,0.005413738,0.005413738,0
1573,E100,1988,4,7955,1,2.27e-5,2.27e-5,2.27e-5,0
1573,E100,1989,2,7957,1,7.22e-5,7.22e-5,7.22e-5,0
1573,E100,1989,3,7958,1,1.41e-4,1.41e-4,1.41e-4,0
1573,E100,1989,4,7959,1,2.24e-4,2.24e-4,2.24e-4,0
1573,E100,1990,1,7960,1,6.82e-4,6.82e-4,6.82e-4,0
1573,E100,1990,2,7961,1,0.003116536,0.003116536,0.003116536,0
1574,E101,1988,4,7955,1,1,1,1,0
1574,E101,1989,1,7956,1,1,1,1,0
1574,E101,1989,4,7959,1,1,1,1,0
1574,E101,1990,2,7961,1,1,1,1,0
1575,E102,1988,4,7955,1,0.894422804,0.894422804,0.894422804,0
1575,E102,1989,1,7956,1,0.916062857,0.916062857,0.916062857,0
1576,E103,1988,4,7955,1,1.61e-8,1.61e-8,1.61e-8,0
1576,E103,1989,3,7958,1,1.13e-7,1.13e-7,1.13e-7,0
1576,E103,1989,4,7959,1,1.76e-7,1.76e-7,1.76e-7,0
1576,E103,1990,2,7961,1,9.52e-7,9.52e-7,9.52e-7,0
1576,E103,1990,4,7963,1,2.93e-6,2.93e-6,2.93e-6,0
1576,E103,1991,2,7965,1,1.39e-5,1.39e-5,1.39e-5,0
1576,E103,1992,2,7969,1,8.24e-5,8.24e-5,8.24e-5,0
1576,E103,1992,3,7970,1,1.46e-4,1.46e-4,1.46e-4,0
1576,E103,1992,4,7971,1,3.2e-4,3.2e-4,3.2e-4,0
1576,E103,1994,4,7979,1,0.010385329,0.010385329,0.010385329,0
1577,E104,1988,4,7955,1,0.295072931,0.295072931,0.295072931,0
1577,E104,1989,2,7957,1,0.937821561,0.937821561,0.937821561,0
1577,E104,1989,3,7958,1,0.948733405,0.948733405,0.948733405,0
1578,E105,1988,4,7955,1,0.006041834,0.006041834,0.006041834,0
1579,E106,1988,4,7955,1,0.036196842,0.036196842,0.036196842,0
1579,E106,1989,2,7957,1,0.038152379,0.038152379,0.038152379,0
1579,E106,1989,3,7958,1,0.039490944,0.039490944,0.039490944,0
1579,E106,1990,4,7963,1,0.048586895,0.048586895,0.048586895,0
1579,E106,1991,2,7965,1,0.063960954,0.063960954,0.063960954,0
1579,E106,1993,3,7974,1,0.074156776,0.074156776,0.074156776,0
1580,F001,1985,2,7941,1,1.96e-10,1.96e-10,1.96e-10,0
1580,F001,1985,3,7942,1,7.04e-10,7.04e-10,7.04e-10,0
1580,F001,1985,4,7943,1,1.32e-9,1.32e-9,1.32e-9,0
1580,F001,1986,1,7944,1,6.23e-9,6.23e-9,6.23e-9,0
1580,F001,1986,2,7945,1,2.95e-8,2.95e-8,2.95e-8,0
1580,F001,1986,3,7946,1,8.78e-8,8.78e-8,8.78e-8,0
1580,F001,1986,4,7947,1,2.31e-7,2.31e-7,2.31e-7,0
1580,F001,1987,1,7948,1,1.36e-6,1.36e-6,1.36e-6,0
1580,F001,1987,2,7949,1,6.69e-6,6.69e-6,6.69e-6,0
1580,F001,1987,3,7950,1,2e-5,2e-5,2e-5,0
1580,F001,1987,4,7951,1,5.29e-5,5.29e-5,5.29e-5,0
1580,F001,1988,2,7953,1,6.02e-4,6.02e-4,6.02e-4,0
1580,F001,1988,3,7954,1,0.001360077,0.001360077,0.001360077,0
1580,F001,1988,4,7955,1,0.003227924,0.003227924,0.003227924,0
1581,F002,1985,2,7941,1,0.017432834,0.017432834,0.017432834,0
1581,F002,1985,3,7942,1,0.057982883,0.057982883,0.057982883,0
1581,F002,1985,4,7943,1,0.158021925,0.158021925,0.158021925,0
1581,F002,1986,1,7944,1,0.949726136,0.949726136,0.949726136,0
1581,F002,1986,2,7945,1,0.995714515,0.995714515,0.995714515,0
1581,F002,1987,1,7948,1,0.99989241,0.99989241,0.99989241,0
1581,F002,1987,2,7949,1,1,1,1,0
1581,F002,1987,3,7950,1,1,1,1,0
1582,F003,1985,2,7941,1,3.64e-4,3.64e-4,3.64e-4,0
1582,F003,1985,3,7942,1,0.001209497,0.001209497,0.001209497,0
1582,F003,1985,4,7943,1,0.003296268,0.003296268,0.003296268,0
1582,F003,1986,2,7945,1,0.040185822,0.040185822,0.040185822,0
1582,F003,1986,3,7946,1,0.04081254,0.04081254,0.04081254,0
1582,F003,1986,4,7947,1,0.042357727,0.042357727,0.042357727,0
1583,F004,1985,2,7941,1,6.69e-7,6.69e-7,6.69e-7,0
1583,F004,1985,3,7942,1,2.23e-6,2.23e-6,2.23e-6,0
1583,F004,1985,4,7943,1,6.07e-6,6.07e-6,6.07e-6,0
1583,F004,1986,2,7945,1,7.4e-5,7.4e-5,7.4e-5,0
1583,F004,1986,3,7946,1,1.68e-4,1.68e-4,1.68e-4,0
1583,F004,1986,4,7947,1,4e-4,4e-4,4e-4,0
1583,F004,1987,2,7949,1,0.004457559,0.004457559,0.004457559,0
1583,F004,1988,2,7953,1,0.029316501,0.029316501,0.029316501,0
1584,F005,1985,2,7941,1,9.96e-6,9.96e-6,9.96e-6,0
1584,F005,1985,3,7942,1,3.31e-5,3.31e-5,3.31e-5,0
1584,F005,1985,4,7943,1,9.03e-5,9.03e-5,9.03e-5,0
1584,F005,1986,2,7945,1,0.001101183,0.001101183,0.001101183,0
1584,F005,1988,1,7952,1,0.011768856,0.011768856,0.011768856,0
1584,F005,1993,1,7972,1,0.049855534,0.049855534,0.049855534,0
1585,F006,1985,2,7941,1,0.001943839,0.001943839,0.001943839,0
1585,F006,1985,3,7942,1,0.004179445,0.004179445,0.004179445,0
1586,F007,1985,2,7941,1,3.47e-6,3.47e-6,3.47e-6,0
1586,F007,1985,4,7943,1,1.67e-5,1.67e-5,1.67e-5,0
1586,F007,1986,4,7947,1,1.63e-4,1.63e-4,1.63e-4,0
1586,F007,1987,2,7949,1,5.35e-4,5.35e-4,5.35e-4,0
1586,F007,1988,4,7955,1,0.003663399,0.003663399,0.003663399,0
1586,F007,1989,3,7958,1,0.01010638,0.01010638,0.01010638,0
1586,F007,1989,4,7959,1,0.014315105,0.014315105,0.014315105,0
1586,F007,1991,2,7965,1,0.136550657,0.136550657,0.136550657,0
1586,F007,1991,3,7966,1,0.198340506,0.198340506,0.198340506,0
1586,F007,1992,2,7969,1,0.999999998,0.999999998,0.999999998,0
1586,F007,1992,4,7971,2,1,1,1,0
1586,F007,1993,3,7974,1,1,1,1,0
1586,F007,1993,4,7975,1,1,1,1,0
1587,F008,1985,2,7941,1,0.003660432,0.003660432,0.003660432,0
1588,F009,1985,2,7941,1,4.14e-10,4.14e-10,4.14e-10,0
1588,F009,1985,4,7943,1,1.99e-9,1.99e-9,1.99e-9,0
1588,F009,1986,1,7944,1,6.88e-9,6.88e-9,6.88e-9,0
1588,F009,1986,2,7945,1,3.01e-8,3.01e-8,3.01e-8,0
1588,F009,1986,3,7946,1,8.82e-8,8.82e-8,8.82e-8,0
1588,F009,1986,4,7947,1,2.31e-7,2.31e-7,2.31e-7,0
1588,F009,1987,1,7948,1,1.35e-6,1.35e-6,1.35e-6,0
1588,F009,1987,2,7949,1,6.67e-6,6.67e-6,6.67e-6,0
1588,F009,1987,3,7950,1,2e-5,2e-5,2e-5,0
1588,F009,1987,4,7951,1,5.28e-5,5.28e-5,5.28e-5,0
1588,F009,1988,1,7952,1,2.98e-4,2.98e-4,2.98e-4,0
1588,F009,1988,2,7953,1,0.001457097,0.001457097,0.001457097,0
1588,F009,1988,4,7955,1,0.006222147,0.006222147,0.006222147,0
1589,F010,1985,2,7941,1,2.52e-4,2.52e-4,2.52e-4,0
1589,F010,1985,3,7942,1,8.39e-4,8.39e-4,8.39e-4,0
1589,F010,1985,4,7943,1,0.002286108,0.002286108,0.002286108,0
1590,F011,1985,2,7941,1,1.85e-5,1.85e-5,1.85e-5,0
1590,F011,1985,4,7943,1,8.9e-5,8.9e-5,8.9e-5,0
1590,F011,1986,1,7944,1,3.07e-4,3.07e-4,3.07e-4,0
1590,F011,1987,2,7949,1,0.004428832,0.004428832,0.004428832,0
1590,F011,1987,3,7950,1,0.007164113,0.007164113,0.007164113,0
1591,F012,1985,2,7941,1,4.61e-6,4.61e-6,4.61e-6,0
1591,F012,1985,3,7942,1,1.53e-5,1.53e-5,1.53e-5,0
1591,F012,1985,4,7943,1,4.18e-5,4.18e-5,4.18e-5,0
1591,F012,1986,1,7944,1,2.51e-4,2.51e-4,2.51e-4,0
1591,F012,1986,2,7945,1,0.001243029,0.001243029,0.001243029,0
1591,F012,1986,3,7946,1,0.003730887,0.003730887,0.003730887,0
1592,F013,1985,2,7941,1,1.91e-12,1.91e-12,1.91e-12,0
1592,F013,1985,3,7942,1,6.34e-12,6.34e-12,6.34e-12,0
1592,F013,1985,4,7943,1,1.73e-11,1.73e-11,1.73e-11,0
1592,F013,1986,1,7944,1,1.04e-10,1.04e-10,1.04e-10,0
1592,F013,1987,2,7949,1,1.74e-9,1.74e-9,1.74e-9,0
1592,F013,1987,3,7950,1,2.82e-9,2.82e-9,2.82e-9,0
1592,F013,1988,3,7954,1,2.13e-8,2.13e-8,2.13e-8,0
1592,F013,1988,4,7955,1,3.16e-8,3.16e-8,3.16e-8,0
1592,F013,1989,3,7958,1,2.32e-7,2.32e-7,2.32e-7,0
1592,F013,1989,4,7959,1,2.96e-7,2.96e-7,2.96e-7,0
1592,F013,1990,2,7961,1,1.09e-6,1.09e-6,1.09e-6,0
1592,F013,1990,3,7962,1,2.33e-6,2.33e-6,2.33e-6,0
1592,F013,1991,2,7965,1,1.69e-5,1.69e-5,1.69e-5,0
1592,F013,1991,3,7966,1,3.44e-5,3.44e-5,3.44e-5,0
1592,F013,1992,3,7970,1,3.25e-4,3.25e-4,3.25e-4,0
1592,F013,1994,4,7979,1,0.002907657,0.002907657,0.002907657,0
1592,F013,1995,2,7981,1,0.00780421,0.00780421,0.00780421,0
1593,F014,1985,2,7941,1,1.3e-4,1.3e-4,1.3e-4,0
1593,F014,1985,4,7943,1,3.76e-4,3.76e-4,3.76e-4,0
1593,F014,1986,1,7944,1,0.001138461,0.001138461,0.001138461,0
1593,F014,1986,2,7945,1,0.005169396,0.005169396,0.005169396,0
1593,F014,1986,3,7946,1,0.010168572,0.010168572,0.010168572,0
1594,F015,1985,2,7941,1,1.34e-4,1.34e-4,1.34e-4,0
1594,F015,1985,3,7942,1,4.45e-4,4.45e-4,4.45e-4,0
1594,F015,1985,4,7943,1,0.001212151,0.001212151,0.001212151,0
1594,F015,1986,1,7944,1,0.007285136,0.007285136,0.007285136,0
1595,F016,1985,2,7941,1,9.62e-4,9.62e-4,9.62e-4,0
1595,F016,1985,3,7942,1,0.003199858,0.003199858,0.003199858,0
1596,F017,1985,2,7941,1,2.55e-4,2.55e-4,2.55e-4,0
1596,F017,1985,4,7943,1,0.001227505,0.001227505,0.001227505,0
1596,F017,1986,1,7944,1,0.00423943,0.00423943,0.00423943,0
1597,F018,1985,2,7941,1,0.007375617,0.007375617,0.007375617,0
1598,F019,1985,2,7941,1,0.026219151,0.026219151,0.026219151,0
1598,F019,1985,3,7942,1,0.087206818,0.087206818,0.087206818,0
1598,F019,1986,2,7945,1,0.930433816,0.930433816,0.930433816,0
1598,F019,1986,3,7946,1,0.942203283,0.942203283,0.942203283,0
1599,F020,1985,2,7941,1,0.016873535,0.016873535,0.016873535,0
1599,F020,1985,3,7942,1,0.056122615,0.056122615,0.056122615,0
1599,F020,1985,4,7943,1,0.152952099,0.152952099,0.152952099,0
1599,F020,1986,2,7945,2,0.999298086,0.999298086,0.999298086,0
1599,F020,1986,3,7946,1,0.999975063,0.999975063,0.999975063,0
1599,F020,1986,4,7947,1,0.999995531,0.999995531,0.999995531,0
1599,F020,1987,2,7949,1,0.999999923,0.999999923,0.999999923,0
1599,F020,1987,3,7950,1,0.999999998,0.999999998,0.999999998,0
1599,F020,1987,4,7951,1,1,1,1,0
1599,F020,1988,1,7952,1,1,1,1,0
1599,F020,1988,2,7953,1,1,1,1,0
1599,F020,1988,3,7954,1,1,1,1,0
1599,F020,1988,4,7955,1,1,1,1,0
1600,F021,1985,2,7941,1,0.003660432,0.003660432,0.003660432,0
1601,F022,1985,2,7941,1,0.09287945,0.09287945,0.09287945,0
1601,F022,1986,2,7945,1,0.584376457,0.584376457,0.584376457,0
1601,F022,1986,3,7946,1,0.800859738,0.800859738,0.800859738,0
1601,F022,1987,1,7948,1,0.820770537,0.820770537,0.820770537,0
1601,F022,1988,1,7952,1,0.911011504,0.911011504,0.911011504,0
1602,F023,1985,2,7941,1,1.91e-8,1.91e-8,1.91e-8,0
1602,F023,1985,3,7942,1,6.36e-8,6.36e-8,6.36e-8,0
1602,F023,1985,4,7943,1,1.73e-7,1.73e-7,1.73e-7,0
1602,F023,1986,3,7946,1,2.82e-6,2.82e-6,2.82e-6,0
1602,F023,1987,3,7950,1,1.52e-5,1.52e-5,1.52e-5,0
1602,F023,1988,3,7954,1,6.35e-5,6.35e-5,6.35e-5,0
1602,F023,1989,2,7957,1,1.91e-4,1.91e-4,1.91e-4,0
1602,F023,1990,2,7961,1,6.73e-4,6.73e-4,6.73e-4,0
1602,F023,1991,2,7965,1,0.002163868,0.002163868,0.002163868,0
1602,F023,1993,4,7975,1,0.013704369,0.013704369,0.013704369,0
1603,F024,1985,2,7941,1,0.001110756,0.001110756,0.001110756,0
1603,F024,1985,3,7942,1,0.002388234,0.002388234,0.002388234,0
1603,F024,1985,4,7943,1,0.003946506,0.003946506,0.003946506,0
1603,F024,1986,2,7945,1,0.017566708,0.017566708,0.017566708,0
1604,F025,1985,2,7941,1,7.91e-5,7.91e-5,7.91e-5,0
1604,F025,1985,3,7942,1,2.63e-4,2.63e-4,2.63e-4,0
1604,F025,1985,4,7943,1,4.88e-4,4.88e-4,4.88e-4,0
1604,F025,1986,2,7945,1,0.002450569,0.002450569,0.002450569,0
1604,F025,1986,3,7946,1,0.003795053,0.003795053,0.003795053,0
1604,F025,1987,2,7949,1,0.012903939,0.012903939,0.012903939,0
1605,F026,1985,2,7941,1,6.64e-5,6.64e-5,6.64e-5,0
1605,F026,1985,3,7942,1,2.21e-4,2.21e-4,2.21e-4,0
1605,F026,1985,4,7943,1,6.02e-4,6.02e-4,6.02e-4,0
1605,F026,1986,1,7944,1,0.003615362,0.003615362,0.003615362,0
1606,F027,1985,2,7941,1,1.58e-9,1.58e-9,1.58e-9,0
1606,F027,1985,3,7942,1,5.25e-9,5.25e-9,5.25e-9,0
1606,F027,1985,4,7943,1,1.43e-8,1.43e-8,1.43e-8,0
1606,F027,1986,2,7945,1,1.75e-7,1.75e-7,1.75e-7,0
1606,F027,1986,3,7946,1,3.96e-7,3.96e-7,3.96e-7,0
1606,F027,1986,4,7947,1,9.44e-7,9.44e-7,9.44e-7,0
1606,F027,1987,1,7948,1,5.23e-6,5.23e-6,5.23e-6,0
1606,F027,1987,2,7949,1,2.55e-5,2.55e-5,2.55e-5,0
1606,F027,1987,4,7951,1,1.09e-4,1.09e-4,1.09e-4,0
1606,F027,1988,1,7952,1,3.53e-4,3.53e-4,3.53e-4,0
1606,F027,1988,2,7953,1,0.00150585,0.00150585,0.00150585,0
1606,F027,1988,3,7954,1,0.004393233,0.004393233,0.004393233,0
1607,F028,1985,2,7941,1,1.82e-5,1.82e-5,1.82e-5,0
1607,F028,1985,3,7942,1,6.04e-5,6.04e-5,6.04e-5,0
1607,F028,1986,1,7944,1,3.79e-4,3.79e-4,3.79e-4,0
1607,F028,1986,2,7945,1,0.001396744,0.001396744,0.001396744,0
1607,F028,1987,2,7949,1,0.013056116,0.013056116,0.013056116,0
1608,F029,1985,2,7941,1,6.64e-5,6.64e-5,6.64e-5,0
1608,F029,1985,3,7942,1,2.21e-4,2.21e-4,2.21e-4,0
1608,F029,1985,4,7943,1,6.02e-4,6.02e-4,6.02e-4,0
1608,F029,1986,1,7944,1,0.003615362,0.003615362,0.003615362,0
1609,F030,1985,2,7941,1,2.91e-5,2.91e-5,2.91e-5,0
1609,F030,1985,3,7942,2,6.26e-5,6.26e-5,6.26e-5,0
1609,F030,1985,4,7943,1,4.58e-4,4.58e-4,4.58e-4,0
1609,F030,1986,1,7944,1,0.003586474,0.003586474,0.003586474,0
1609,F030,1986,2,7945,1,0.018406108,0.018406108,0.018406108,0
1609,F030,1986,3,7946,1,0.055578331,0.055578331,0.055578331,0
1609,F030,1988,1,7952,1,0.999999999,0.999999999,0.999999999,0
1610,F031,1985,2,7941,1,0.003660432,0.003660432,0.003660432,0
1611,F032,1985,2,7941,1,6.75e-5,6.75e-5,6.75e-5,0
1611,F032,1985,3,7942,1,2.25e-4,2.25e-4,2.25e-4,0
1611,F032,1985,4,7943,1,6.12e-4,6.12e-4,6.12e-4,0
1611,F032,1986,3,7946,1,0.009936311,0.009936311,0.009936311,0
1612,F033,1985,2,7941,1,1.72e-7,1.72e-7,1.72e-7,0
1612,F033,1985,3,7942,1,5.72e-7,5.72e-7,5.72e-7,0
1612,F033,1985,4,7943,1,1.56e-6,1.56e-6,1.56e-6,0
1612,F033,1986,4,7947,1,2.94e-5,2.94e-5,2.94e-5,0
1612,F033,1987,2,7949,1,1e-4,1e-4,1e-4,0
1612,F033,1988,3,7954,1,6.32e-4,6.32e-4,6.32e-4,0
1612,F033,1989,3,7958,1,0.002098981,0.002098981,0.002098981,0
1612,F033,1989,4,7959,1,0.002899259,0.002899259,0.002899259,0
1612,F033,1990,2,7961,1,0.012739218,0.012739218,0.012739218,0
1613,F034,1985,2,7941,1,5.5e-4,5.5e-4,5.5e-4,0
1613,F034,1985,3,7942,1,0.001827704,0.001827704,0.001827704,0
1613,F034,1985,4,7943,1,0.003386851,0.003386851,0.003386851,0
1613,F034,1986,2,7945,1,0.017014707,0.017014707,0.017014707,0
1614,F035,1985,2,7941,1,0.003660432,0.003660432,0.003660432,0
1615,F036,1985,2,7941,1,1.55e-4,1.55e-4,1.55e-4,0
1615,F036,1985,3,7942,1,5.15e-4,5.15e-4,5.15e-4,0
1615,F036,1985,4,7943,1,9.54e-4,9.54e-4,9.54e-4,0
1615,F036,1986,1,7944,1,0.002672433,0.002672433,0.002672433,0
1615,F036,1986,2,7945,1,0.006697178,0.006697178,0.006697178,0
1615,F036,1986,3,7946,1,0.011688677,0.011688677,0.011688677,0
1616,F037,1985,2,7941,1,4.61e-6,4.61e-6,4.61e-6,0
1616,F037,1985,3,7942,1,1.53e-5,1.53e-5,1.53e-5,0
1616,F037,1985,4,7943,1,4.18e-5,4.18e-5,4.18e-5,0
1616,F037,1986,1,7944,1,2.51e-4,2.51e-4,2.51e-4,0
1616,F037,1986,2,7945,1,0.001243029,0.001243029,0.001243029,0
1616,F037,1986,3,7946,1,0.003730887,0.003730887,0.003730887,0
1617,F038,1985,2,7941,1,2.97e-7,2.97e-7,2.97e-7,0
1617,F038,1985,3,7942,1,9.87e-7,9.87e-7,9.87e-7,0
1617,F038,1985,4,7943,1,2.69e-6,2.69e-6,2.69e-6,0
1617,F038,1986,2,7945,1,3.28e-5,3.28e-5,3.28e-5,0
1617,F038,1987,3,7950,1,2.67e-4,2.67e-4,2.67e-4,0
1617,F038,1989,2,7957,1,0.001529081,0.001529081,0.001529081,0
1617,F038,1990,2,7961,1,0.003479758,0.003479758,0.003479758,0
1617,F038,1990,3,7962,1,0.005082085,0.005082085,0.005082085,0
1618,F039,1985,2,7941,1,0.007375617,0.007375617,0.007375617,0
1619,F040,1985,2,7941,1,0.001036529,0.001036529,0.001036529,0
1619,F040,1985,4,7943,1,0.002994647,0.002994647,0.002994647,0
1619,F040,1986,1,7944,1,0.009056794,0.009056794,0.009056794,0
1620,F041,1985,2,7941,1,0.031215405,0.031215405,0.031215405,0
1620,F041,1985,3,7942,1,0.03210581,0.03210581,0.03210581,0
1620,F041,1985,4,7943,1,0.032132747,0.032132747,0.032132747,0
1620,F041,1986,2,7945,1,0.032608948,0.032608948,0.032608948,0
1620,F041,1986,3,7946,1,0.033268674,0.033268674,0.033268674,0
1620,F041,1988,1,7952,1,0.050030112,0.050030112,0.050030112,0
1621,F042,1985,2,7941,1,3.08e-4,3.08e-4,3.08e-4,0
1621,F042,1985,4,7943,1,8.91e-4,8.91e-4,8.91e-4,0
1621,F042,1986,2,7945,1,9.4e-4,9.4e-4,9.4e-4,0
1621,F042,1986,3,7946,1,9.74e-4,9.74e-4,9.74e-4,0
1621,F042,1986,4,7947,1,0.001015449,0.001015449,0.001015449,0
1621,F042,1987,3,7950,1,0.001500961,0.001500961,0.001500961,0
1621,F042,1987,4,7951,2,0.001657609,0.001657609,0.001657609,0
1621,F042,1988,3,7954,1,0.004992258,0.004992258,0.004992258,0
1621,F042,1989,2,7957,2,0.010067603,0.010067603,0.010067603,0
1621,F042,1989,3,7958,1,0.015265962,0.015265962,0.015265962,0
1622,F043,1985,3,7942,2,3.23e-11,3.23e-11,3.23e-11,0
1622,F043,1985,4,7943,1,2.19e-10,2.19e-10,2.19e-10,0
1622,F043,1986,1,7944,1,1.7e-9,1.7e-9,1.7e-9,0
1622,F043,1986,2,7945,1,8.71e-9,8.71e-9,8.71e-9,0
1622,F043,1988,3,7954,1,1.9e-7,1.9e-7,1.9e-7,0
1622,F043,1989,1,7956,1,3.12e-7,3.12e-7,3.12e-7,0
1622,F043,1989,4,7959,1,1.06e-6,1.06e-6,1.06e-6,0
1622,F043,1990,3,7962,1,3.6e-6,3.6e-6,3.6e-6,0
1622,F043,1990,4,7963,1,5.47e-6,5.47e-6,5.47e-6,0
1622,F043,1991,3,7966,1,4.13e-5,4.13e-5,4.13e-5,0
1622,F043,1991,4,7967,1,6.76e-5,6.76e-5,6.76e-5,0
1622,F043,1992,4,7971,1,7.36e-4,7.36e-4,7.36e-4,0
1622,F043,1993,1,7972,1,0.001445248,0.001445248,0.001445248,0
1622,F043,1993,2,7973,1,0.005228355,0.005228355,0.005228355,0
1622,F043,1993,4,7975,1,0.012983381,0.012983381,0.012983381,0
1622,F043,1995,1,7980,1,0.020637554,0.020637554,0.020637554,0
1623,F044,1985,3,7942,2,0.998605303,0.998605303,0.998605303,0
1623,F044,1985,4,7943,1,0.99947449,0.99947449,0.99947449,0
1623,F044,1986,2,7945,1,0.999662914,0.999662914,0.999662914,0
1624,F045,1985,3,7942,1,3.3e-8,3.3e-8,3.3e-8,0
1624,F045,1985,4,7943,1,5.77e-8,5.77e-8,5.77e-8,0
1624,F045,1986,1,7944,1,2.53e-7,2.53e-7,2.53e-7,0
1624,F045,1986,2,7945,1,7.09e-7,7.09e-7,7.09e-7,0
1624,F045,1987,4,7951,1,7.92e-6,7.92e-6,7.92e-6,0
1624,F045,1989,2,7957,1,3.96e-5,3.96e-5,3.96e-5,0
1624,F045,1991,3,7966,1,1.51e-4,1.51e-4,1.51e-4,0
1624,F045,1992,2,7969,1,2.02e-4,2.02e-4,2.02e-4,0
1624,F045,1992,3,7970,1,2.64e-4,2.64e-4,2.64e-4,0
1624,F045,1993,1,7972,1,7.25e-4,7.25e-4,7.25e-4,0
1624,F045,1993,3,7974,1,0.003282855,0.003282855,0.003282855,0
1625,F046,1985,3,7942,1,9.49e-6,9.49e-6,9.49e-6,0
1625,F046,1987,3,7950,1,2.23e-4,2.23e-4,2.23e-4,0
1625,F046,1988,2,7953,1,5.53e-4,5.53e-4,5.53e-4,0
1625,F046,1991,3,7966,1,0.004123182,0.004123182,0.004123182,0
1625,F046,1992,3,7970,1,0.006854476,0.006854476,0.006854476,0
1625,F046,1995,3,7982,1,0.045690357,0.045690357,0.045690357,0
1626,F047,1985,3,7942,1,0.001005292,0.001005292,0.001005292,0
1626,F047,1990,4,7963,1,0.053996975,0.053996975,0.053996975,0
1627,F048,1985,3,7942,1,1.18e-9,1.18e-9,1.18e-9,0
1627,F048,1985,4,7943,1,2.06e-9,2.06e-9,2.06e-9,0
1627,F048,1986,1,7944,1,5.49e-9,5.49e-9,5.49e-9,0
1627,F048,1986,3,7946,1,1.88e-8,1.88e-8,1.88e-8,0
1627,F048,1987,3,7950,1,6.5e-8,6.5e-8,6.5e-8,0
1627,F048,1988,1,7952,1,1.41e-7,1.41e-7,1.41e-7,0
1627,F048,1988,2,7953,1,3.8e-7,3.8e-7,3.8e-7,0
1627,F048,1988,3,7954,1,9.78e-7,9.78e-7,9.78e-7,0
1627,F048,1989,2,7957,1,7.93e-6,7.93e-6,7.93e-6,0
1627,F048,1991,1,7964,1,4.74e-5,4.74e-5,4.74e-5,0
1627,F048,1991,3,7966,1,8.95e-5,8.95e-5,8.95e-5,0
1627,F048,1992,2,7969,1,3.06e-4,3.06e-4,3.06e-4,0
1627,F048,1992,3,7970,1,5.71e-4,5.71e-4,5.71e-4,0
1627,F048,1993,3,7974,1,0.005097815,0.005097815,0.005097815,0
1628,F049,1985,3,7942,1,1.33e-9,1.33e-9,1.33e-9,0
1628,F049,1985,4,7943,1,3.34e-9,3.34e-9,3.34e-9,0
1628,F049,1986,2,7945,1,3.88e-8,3.88e-8,3.88e-8,0
1628,F049,1986,3,7946,1,8.8e-8,8.8e-8,8.8e-8,0
1628,F049,1986,4,7947,1,2.09e-7,2.09e-7,2.09e-7,0
1628,F049,1987,1,7948,1,1.16e-6,1.16e-6,1.16e-6,0
1628,F049,1987,2,7949,1,5.65e-6,5.65e-6,5.65e-6,0
1628,F049,1987,3,7950,1,1.69e-5,1.69e-5,1.69e-5,0
1628,F049,1987,4,7951,1,4.47e-5,4.47e-5,4.47e-5,0
1628,F049,1989,1,7956,1,9.59e-4,9.59e-4,9.59e-4,0
1628,F049,1989,4,7959,1,0.002706594,0.002706594,0.002706594,0
1628,F049,1990,1,7960,1,0.004648289,0.004648289,0.004648289,0
1629,F050,1985,3,7942,1,8.94e-13,8.94e-13,8.94e-13,0
1629,F050,1985,4,7943,1,2.24e-12,2.24e-12,2.24e-12,0
1629,F050,1986,2,7945,1,2.61e-11,2.61e-11,2.61e-11,0
1629,F050,1987,1,7948,1,1.24e-10,1.24e-10,1.24e-10,0
1629,F050,1987,2,7949,1,3.28e-10,3.28e-10,3.28e-10,0
1629,F050,1988,1,7952,1,1.81e-9,1.81e-9,1.81e-9,0
1629,F050,1988,2,7953,1,4.84e-9,4.84e-9,4.84e-9,0
1629,F050,1989,1,7956,1,2.54e-8,2.54e-8,2.54e-8,0
1629,F050,1989,2,7957,1,6.38e-8,6.38e-8,6.38e-8,0
1629,F050,1990,2,7961,1,3.99e-7,3.99e-7,3.99e-7,0
1629,F050,1990,3,7962,1,6.75e-7,6.75e-7,6.75e-7,0
1629,F050,1990,4,7963,1,1.44e-6,1.44e-6,1.44e-6,0
1629,F050,1991,3,7966,1,1.6e-5,1.6e-5,1.6e-5,0
1629,F050,1992,2,7969,1,6.66e-5,6.66e-5,6.66e-5,0
1629,F050,1992,3,7970,1,1.29e-4,1.29e-4,1.29e-4,0
1629,F050,1992,4,7971,1,3e-4,3e-4,3e-4,0
1629,F050,1993,3,7974,1,0.00409649,0.00409649,0.00409649,0
1630,F051,1985,3,7942,1,6.43e-17,6.43e-17,6.43e-17,0
1630,F051,1985,4,7943,1,1.61e-16,1.61e-16,1.61e-16,0
1630,F051,1986,1,7944,1,9.28e-16,9.28e-16,9.28e-16,0
1630,F051,1986,2,7945,1,4.56e-15,4.56e-15,4.56e-15,0
1630,F051,1986,3,7946,1,1.37e-14,1.37e-14,1.37e-14,0
1630,F051,1986,4,7947,1,3.61e-14,3.61e-14,3.61e-14,0
1630,F051,1987,1,7948,1,2.12e-13,2.12e-13,2.12e-13,0
1630,F051,1987,2,7949,1,1.05e-12,1.05e-12,1.05e-12,0
1630,F051,1987,3,7950,1,3.13e-12,3.13e-12,3.13e-12,0
1630,F051,1987,4,7951,1,8.27e-12,8.27e-12,8.27e-12,0
1630,F051,1988,3,7954,1,1.25e-10,1.25e-10,1.25e-10,0
1630,F051,1988,4,7955,1,2.01e-10,2.01e-10,2.01e-10,0
1630,F051,1989,1,7956,1,6.87e-10,6.87e-10,6.87e-10,0
1630,F051,1989,2,7957,1,2.99e-9,2.99e-9,2.99e-9,0
1630,F051,1989,3,7958,1,8.77e-9,8.77e-9,8.77e-9,0
1630,F051,1989,4,7959,1,2.3e-8,2.3e-8,2.3e-8,0
1630,F051,1990,2,7961,1,1.98e-7,1.98e-7,1.98e-7,0
1630,F051,1990,3,7962,1,4.7e-7,4.7e-7,4.7e-7,0
1630,F051,1990,4,7963,1,1.22e-6,1.22e-6,1.22e-6,0
1630,F051,1991,1,7964,1,5.94e-6,5.94e-6,5.94e-6,0
1630,F051,1991,4,7967,1,5.81e-5,5.81e-5,5.81e-5,0
1630,F051,1992,2,7969,1,2.26e-4,2.26e-4,2.26e-4,0
1630,F051,1992,3,7970,1,4.89e-4,4.89e-4,4.89e-4,0
1630,F051,1992,4,7971,1,0.001213181,0.001213181,0.001213181,0
1631,F052,1985,3,7942,1,1.62e-8,1.62e-8,1.62e-8,0
1631,F052,1985,4,7943,1,4.05e-8,4.05e-8,4.05e-8,0
1631,F052,1986,2,7945,1,4.71e-7,4.71e-7,4.71e-7,0
1631,F052,1988,3,7954,1,6.61e-6,6.61e-6,6.61e-6,0
1631,F052,1989,2,7957,1,1.39e-5,1.39e-5,1.39e-5,0
1631,F052,1990,2,7961,1,4.18e-5,4.18e-5,4.18e-5,0
1631,F052,1990,3,7962,1,6.47e-5,6.47e-5,6.47e-5,0
1631,F052,1992,3,7970,1,7.05e-4,7.05e-4,7.05e-4,0
1631,F052,1995,2,7981,1,0.004463705,0.004463705,0.004463705,0
1631,F052,1995,3,7982,1,0.006252536,0.006252536,0.006252536,0
1632,F053,1985,3,7942,1,7.02e-5,7.02e-5,7.02e-5,0
1632,F053,1985,4,7943,1,1.76e-4,1.76e-4,1.76e-4,0
1632,F053,1987,2,7949,1,0.005132379,0.005132379,0.005132379,0
1632,F053,1987,3,7950,1,0.007865728,0.007865728,0.007865728,0
1633,F054,1985,3,7942,1,0.003660432,0.003660432,0.003660432,0
1634,F055,1985,3,7942,1,1.76e-5,1.76e-5,1.76e-5,0
1634,F055,1985,4,7943,1,4.4e-5,4.4e-5,4.4e-5,0
1634,F055,1986,1,7944,1,2.53e-4,2.53e-4,2.53e-4,0
1634,F055,1986,2,7945,1,0.001245242,0.001245242,0.001245242,0
1634,F055,1986,3,7946,1,0.003733094,0.003733094,0.003733094,0
1635,F056,1985,3,7942,1,9.73e-17,9.73e-17,9.73e-17,0
1635,F056,1985,4,7943,1,2.44e-16,2.44e-16,2.44e-16,0
1635,F056,1986,1,7944,1,1.4e-15,1.4e-15,1.4e-15,0
1635,F056,1986,2,7945,1,6.9e-15,6.9e-15,6.9e-15,0
1635,F056,1986,4,7947,1,2.95e-14,2.95e-14,2.95e-14,0
1635,F056,1987,2,7949,1,1.84e-13,1.84e-13,1.84e-13,0
1635,F056,1988,2,7953,1,1.13e-12,1.13e-12,1.13e-12,0
1635,F056,1988,3,7954,1,1.96e-12,1.96e-12,1.96e-12,0
1635,F056,1988,4,7955,1,3.99e-12,3.99e-12,3.99e-12,0
1635,F056,1989,1,7956,1,1.7e-11,1.7e-11,1.7e-11,0
1635,F056,1989,3,7958,1,1.19e-10,1.19e-10,1.19e-10,0
1635,F056,1989,4,7959,1,2.18e-10,2.18e-10,2.18e-10,0
1635,F056,1990,2,7961,1,1.44e-9,1.44e-9,1.44e-9,0
1635,F056,1990,3,7962,1,3.33e-9,3.33e-9,3.33e-9,0
1635,F056,1990,4,7963,1,8.56e-9,8.56e-9,8.56e-9,0
1635,F056,1991,2,7965,1,8.22e-8,8.22e-8,8.22e-8,0
1635,F056,1991,3,7966,1,1.97e-7,1.97e-7,1.97e-7,0
1635,F056,1991,4,7967,1,5.14e-7,5.14e-7,5.14e-7,0
1635,F056,1992,1,7968,1,2.75e-6,2.75e-6,2.75e-6,0
1635,F056,1992,2,7969,1,1.47e-5,1.47e-5,1.47e-5,0
1635,F056,1992,4,7971,1,6.99e-5,6.99e-5,6.99e-5,0
1635,F056,1993,4,7975,1,6.32e-4,6.32e-4,6.32e-4,0
1635,F056,1994,3,7978,1,0.001740688,0.001740688,0.001740688,0
1635,F056,1994,4,7979,1,0.002556308,0.002556308,0.002556308,0
1636,F057,1985,3,7942,1,3.69e-5,3.69e-5,3.69e-5,0
1636,F057,1985,4,7943,1,9.25e-5,9.25e-5,9.25e-5,0
1636,F057,1986,1,7944,1,5.33e-4,5.33e-4,5.33e-4,0
1636,F057,1986,2,7945,1,0.002618546,0.002618546,0.002618546,0
1636,F057,1988,3,7954,1,0.056487418,0.056487418,0.056487418,0
1637,F058,1985,3,7942,1,8.32e-10,8.32e-10,8.32e-10,0
1637,F058,1985,4,7943,1,2.09e-9,2.09e-9,2.09e-9,0
1637,F058,1986,1,7944,1,1.2e-8,1.2e-8,1.2e-8,0
1637,F058,1986,2,7945,1,5.9e-8,5.9e-8,5.9e-8,0
1637,F058,1986,3,7946,1,1.77e-7,1.77e-7,1.77e-7,0
1637,F058,1986,4,7947,1,4.68e-7,4.68e-7,4.68e-7,0
1637,F058,1987,1,7948,1,2.75e-6,2.75e-6,2.75e-6,0
1637,F058,1987,2,7949,1,1.35e-5,1.35e-5,1.35e-5,0
1637,F058,1987,4,7951,1,3.55e-5,3.55e-5,3.55e-5,0
1637,F058,1988,1,7952,1,9.95e-5,9.95e-5,9.95e-5,0
1637,F058,1988,2,7953,1,4.02e-4,4.02e-4,4.02e-4,0
1637,F058,1988,3,7954,1,0.001160889,0.001160889,0.001160889,0
1637,F058,1988,4,7955,1,0.003029108,0.003029108,0.003029108,0
1638,F059,1985,3,7942,1,1.24e-6,1.24e-6,1.24e-6,0
1638,F059,1985,4,7943,1,3.12e-6,3.12e-6,3.12e-6,0
1638,F059,1986,1,7944,1,1.8e-5,1.8e-5,1.8e-5,0
1638,F059,1986,2,7945,1,8.82e-5,8.82e-5,8.82e-5,0
1638,F059,1986,3,7946,1,2.65e-4,2.65e-4,2.65e-4,0
1638,F059,1987,2,7949,1,0.002680304,0.002680304,0.002680304,0
1638,F059,1987,3,7950,1,0.00542039,0.00542039,0.00542039,0
1639,F060,1985,3,7942,1,3.02e-7,3.02e-7,3.02e-7,0
1639,F060,1985,4,7943,1,7.57e-7,7.57e-7,7.57e-7,0
1639,F060,1986,1,7944,1,4.36e-6,4.36e-6,4.36e-6,0
1639,F060,1986,2,7945,1,2.14e-5,2.14e-5,2.14e-5,0
1639,F060,1986,3,7946,1,6.42e-5,6.42e-5,6.42e-5,0
1639,F060,1986,4,7947,1,1.7e-4,1.7e-4,1.7e-4,0
1639,F060,1987,1,7948,1,9.97e-4,9.97e-4,9.97e-4,0
1639,F060,1988,4,7955,1,0.020427563,0.020427563,0.020427563,0
1640,F061,1985,3,7942,1,6.76e-5,6.76e-5,6.76e-5,0
1640,F061,1985,4,7943,1,1.7e-4,1.7e-4,1.7e-4,0
1640,F061,1986,2,7945,1,0.001972263,0.001972263,0.001972263,0
1640,F061,1986,4,7947,1,0.006073379,0.006073379,0.006073379,0
1641,F062,1985,3,7942,1,6.67e-5,6.67e-5,6.67e-5,0
1641,F062,1985,4,7943,1,1.67e-4,1.67e-4,1.67e-4,0
1641,F062,1986,1,7944,1,9.63e-4,9.63e-4,9.63e-4,0
1641,F062,1986,2,7945,1,0.004730816,0.004730816,0.004730816,0
1642,F063,1985,3,7942,1,5.25e-7,5.25e-7,5.25e-7,0
1642,F063,1985,4,7943,1,1.32e-6,1.32e-6,1.32e-6,0
1642,F063,1986,1,7944,1,7.58e-6,7.58e-6,7.58e-6,0
1642,F063,1986,2,7945,1,3.72e-5,3.72e-5,3.72e-5,0
1642,F063,1986,4,7947,1,1.59e-4,1.59e-4,1.59e-4,0
1642,F063,1987,2,7949,1,9.95e-4,9.95e-4,9.95e-4,0
1642,F063,1987,3,7950,1,0.002151817,0.002151817,0.002151817,0
1642,F063,1987,4,7951,1,0.005001014,0.005001014,0.005001014,0
1642,F063,1988,1,7952,1,0.026300522,0.026300522,0.026300522,0
1642,F063,1988,2,7953,1,0.126960445,0.126960445,0.126960445,0
1642,F063,1988,3,7954,1,0.379060321,0.379060321,0.379060321,0
1642,F063,1988,4,7955,1,0.99999999,0.99999999,0.99999999,0
1642,F063,1989,2,7957,1,1,1,1,0
1642,F063,1989,3,7958,1,1,1,1,0
1642,F063,1989,4,7959,1,1,1,1,0
1642,F063,1990,1,7960,1,1,1,1,0
1642,F063,1990,2,7961,1,1,1,1,0
1642,F063,1990,3,7962,1,1,1,1,0
1642,F063,1990,4,7963,1,1,1,1,0
1642,F063,1991,1,7964,1,1,1,1,0
1642,F063,1991,2,7965,1,1,1,1,0
1642,F063,1991,3,7966,1,1,1,1,0
1642,F063,1991,4,7967,1,1,1,1,0
1642,F063,1992,2,7969,1,1,1,1,0
1642,F063,1993,2,7973,1,1,1,1,0
1643,F064,1985,3,7942,1,1.33e-4,1.33e-4,1.33e-4,0
1643,F064,1985,4,7943,1,3.34e-4,3.34e-4,3.34e-4,0
1643,F064,1986,1,7944,2,0.001924548,0.001924548,0.001924548,0
1644,F065,1985,3,7942,1,0.001028907,0.001028907,0.001028907,0
1644,F065,1985,4,7943,1,0.001795835,0.001795835,0.001795835,0
1644,F065,1986,1,7944,1,0.007865272,0.007865272,0.007865272,0
1645,F066,1985,3,7942,1,2.53e-4,2.53e-4,2.53e-4,0
1645,F066,1985,4,7943,1,6.33e-4,6.33e-4,6.33e-4,0
1645,F066,1986,1,7944,1,0.003647133,0.003647133,0.003647133,0
1646,F067,1985,3,7942,1,0.001033178,0.001033178,0.001033178,0
1646,F067,1988,1,7952,1,0.029474112,0.029474112,0.029474112,0
1647,F068,1985,3,7942,1,9.85e-4,9.85e-4,9.85e-4,0
1647,F068,1986,3,7946,1,0.011777343,0.011777343,0.011777343,0
1648,F069,1985,3,7942,1,6.86e-5,6.86e-5,6.86e-5,0
1648,F069,1986,1,7944,1,3.85e-4,3.85e-4,3.85e-4,0
1648,F069,1989,2,7957,1,0.010305753,0.010305753,0.010305753,0
1648,F069,1989,3,7958,1,0.012613564,0.012613564,0.012613564,0
1649,F070,1985,3,7942,1,0.003660432,0.003660432,0.003660432,0
1650,F071,1985,3,7942,1,0.003660432,0.003660432,0.003660432,0
1651,F072,1985,3,7942,1,2.74e-4,2.74e-4,2.74e-4,0
1651,F072,1987,4,7951,1,0.006922237,0.006922237,0.006922237,0
1651,F072,1988,1,7952,1,0.010398538,0.010398538,0.010398538,0
1652,F073,1985,3,7942,1,2.64e-4,2.64e-4,2.64e-4,0
1652,F073,1986,3,7946,1,0.0031579,0.0031579,0.0031579,0
1652,F073,1990,4,7963,1,0.04551465,0.04551465,0.04551465,0
1653,F074,1985,4,7943,1,7.42e-5,7.42e-5,7.42e-5,0
1653,F074,1986,1,7944,1,3.06e-4,3.06e-4,3.06e-4,0
1653,F074,1988,3,7954,1,0.00879712,0.00879712,0.00879712,0
1653,F074,1989,1,7956,1,0.013785576,0.013785576,0.013785576,0
1654,F075,1985,4,7943,1,7.28e-4,7.28e-4,7.28e-4,0
1654,F075,1986,1,7944,1,0.00300324,0.00300324,0.00300324,0
1654,F075,1987,3,7950,1,0.053371987,0.053371987,0.053371987,0
1654,F075,1991,3,7966,1,0.057947149,0.057947149,0.057947149,0
1654,F075,1993,3,7974,1,0.062816473,0.062816473,0.062816473,0
1654,F075,1994,3,7978,1,0.067867933,0.067867933,0.067867933,0
1655,F076,1985,4,7943,1,0.001982646,0.001982646,0.001982646,0
1655,F076,1986,3,7946,1,0.011293936,0.011293936,0.011293936,0
1656,F077,1985,4,7943,1,1.77e-10,1.77e-10,1.77e-10,0
1656,F077,1986,3,7946,1,1.86e-9,1.86e-9,1.86e-9,0
1656,F077,1988,1,7952,1,1.32e-8,1.32e-8,1.32e-8,0
1656,F077,1989,3,7958,1,5.8e-8,5.8e-8,5.8e-8,0
1656,F077,1989,4,7959,1,7.28e-8,7.28e-8,7.28e-8,0
1656,F077,1990,4,7963,1,3.63e-7,3.63e-7,3.63e-7,0
1656,F077,1991,2,7965,1,9.6e-7,9.6e-7,9.6e-7,0
1656,F077,1991,3,7966,1,1.89e-6,1.89e-6,1.89e-6,0
1656,F077,1992,3,7970,1,1.74e-5,1.74e-5,1.74e-5,0
1656,F077,1993,2,7973,1,6.32e-5,6.32e-5,6.32e-5,0
1656,F077,1993,3,7974,1,1.2e-4,1.2e-4,1.2e-4,0
1656,F077,1994,2,7977,1,0.001086183,0.001086183,0.001086183,0
1656,F077,1994,3,7978,1,0.002348737,0.002348737,0.002348737,0
1657,F078,1985,4,7943,1,2.64e-4,2.64e-4,2.64e-4,0
1657,F078,1986,3,7946,1,0.002773822,0.002773822,0.002773822,0
1657,F078,1987,2,7949,1,0.011892046,0.011892046,0.011892046,0
1658,F079,1985,4,7943,1,1.24e-10,1.24e-10,1.24e-10,0
1658,F079,1986,1,7944,1,5.12e-10,5.12e-10,5.12e-10,0
1658,F079,1986,2,7945,1,2.35e-9,2.35e-9,2.35e-9,0
1658,F079,1986,3,7946,1,6.96e-9,6.96e-9,6.96e-9,0
1658,F079,1987,1,7948,1,4.15e-8,4.15e-8,4.15e-8,0
1658,F079,1989,2,7957,1,7.58e-7,7.58e-7,7.58e-7,0
1658,F079,1989,3,7958,1,9.96e-7,9.96e-7,9.96e-7,0
1658,F079,1990,2,7961,1,3.26e-6,3.26e-6,3.26e-6,0
1658,F079,1990,3,7962,1,5.87e-6,5.87e-6,5.87e-6,0
1658,F079,1990,4,7963,1,1.31e-5,1.31e-5,1.31e-5,0
1658,F079,1991,3,7966,1,1.51e-4,1.51e-4,1.51e-4,0
1658,F079,1991,4,7967,1,2.53e-4,2.53e-4,2.53e-4,0
1658,F079,1992,1,7968,1,9.73e-4,9.73e-4,9.73e-4,0
1658,F079,1992,3,7970,1,0.007324267,0.007324267,0.007324267,0
1659,F093,1984,3,7938,1,0.006131776,0.006131776,0.006131776,0
1660,F094,1984,3,7938,1,7.33e-10,7.33e-10,7.33e-10,0
1660,F094,1985,2,7941,1,4.06e-9,4.06e-9,4.06e-9,0
1660,F094,1985,3,7942,1,7.85e-9,7.85e-9,7.85e-9,0
1660,F094,1985,4,7943,2,1.72e-8,1.72e-8,1.72e-8,0
1660,F094,1986,3,7946,1,8.8e-7,8.8e-7,8.8e-7,0
1660,F094,1986,4,7947,1,1.44e-6,1.44e-6,1.44e-6,0
1660,F094,1987,3,7950,1,1.49e-5,1.49e-5,1.49e-5,0
1660,F094,1988,1,7952,1,4.07e-5,4.07e-5,4.07e-5,0
1660,F094,1988,2,7953,1,1.21e-4,1.21e-4,1.21e-4,0
1660,F094,1988,3,7954,1,3.23e-4,3.23e-4,3.23e-4,0
1660,F094,1988,4,7955,1,8.21e-4,8.21e-4,8.21e-4,0
1660,F094,1989,2,7957,1,0.007930886,0.007930886,0.007930886,0
1661,F095,1984,3,7938,1,0.02534845,0.02534845,0.02534845,0
1661,F095,1988,1,7952,1,0.575033346,0.575033346,0.575033346,0
1661,F095,1988,2,7953,1,0.687192546,0.687192546,0.687192546,0
1662,F096,1984,3,7938,2,0.003239479,0.003239479,0.003239479,0
1663,F097,1984,3,7938,1,0.006131776,0.006131776,0.006131776,0
1664,F098,1984,3,7938,1,6.13e-9,6.13e-9,6.13e-9,0
1664,F098,1987,2,7949,1,1.12e-7,1.12e-7,1.12e-7,0
1664,F098,1987,3,7950,1,1.48e-7,1.48e-7,1.48e-7,0
1664,F098,1988,3,7954,1,7.55e-7,7.55e-7,7.55e-7,0
1664,F098,1988,4,7955,1,1.09e-6,1.09e-6,1.09e-6,0
1664,F098,1989,4,7959,1,8.8e-6,8.8e-6,8.8e-6,0
1664,F098,1990,4,7963,1,3.08e-5,3.08e-5,3.08e-5,0
1664,F098,1991,2,7965,1,7.6e-5,7.6e-5,7.6e-5,0
1664,F098,1991,3,7966,1,1.47e-4,1.47e-4,1.47e-4,0
1664,F098,1992,2,7969,1,0.001061189,0.001061189,0.001061189,0
1664,F098,1992,4,7971,1,0.002907318,0.002907318,0.002907318,0
1665,G001,1976,4,7907,1,0.026088644,0.026088644,0.026088644,0
1666,G002,1976,4,7907,1,0.026088644,0.026088644,0.026088644,0
1667,G003,1977,3,7910,1,0.012643309,0.012643309,0.012643309,0
1668,G004,1977,1,7908,1,0.006789633,0.006789633,0.006789633,0
1668,G004,1977,3,7910,1,0.021632051,0.021632051,0.021632051,0
1669,G005,1977,1,7908,1,0.012643309,0.012643309,0.012643309,0
1670,G006,1977,1,7908,1,0.012643309,0.012643309,0.012643309,0
1671,G007,1977,2,7909,1,0.012643309,0.012643309,0.012643309,0
1672,G008,1977,2,7909,1,0.012643309,0.012643309,0.012643309,0
1673,G009,1977,2,7909,1,0.003733118,0.003733118,0.003733118,0
1673,G009,1981,4,7927,1,0.047064056,0.047064056,0.047064056,0
1674,G010,1977,2,7909,1,0.006735883,0.006735883,0.006735883,0
1674,G010,1977,3,7910,1,0.012648456,0.012648456,0.012648456,0
1675,G011,1977,2,7909,1,0.001060328,0.001060328,0.001060328,0
1675,G011,1979,2,7917,1,0.007325399,0.007325399,0.007325399,0
1675,G011,1980,2,7921,1,0.012323726,0.012323726,0.012323726,0
1675,G011,1981,4,7927,1,0.024609864,0.024609864,0.024609864,0
1676,G012,1977,2,7909,1,0.012643309,0.012643309,0.012643309,0
1677,G013,1977,2,7909,1,0.007187937,0.007187937,0.007187937,0
1677,G013,1981,3,7926,1,0.088203623,0.088203623,0.088203623,0
1678,G014,1977,2,7909,1,0.012643309,0.012643309,0.012643309,0
1679,G015,1977,2,7909,1,0.012643309,0.012643309,0.012643309,0
1680,G017,1977,2,7909,1,8.2e-5,8.2e-5,8.2e-5,0
1680,G017,1977,3,7910,1,1.54e-4,1.54e-4,1.54e-4,0
1680,G017,1978,2,7913,1,5.22e-4,5.22e-4,5.22e-4,0
1680,G017,1979,3,7918,1,0.001480091,0.001480091,0.001480091,0
1680,G017,1980,3,7922,1,0.002859861,0.002859861,0.002859861,0
1680,G017,1981,2,7925,1,0.004777469,0.004777469,0.004777469,0
1680,G017,1981,3,7926,1,0.005833951,0.005833951,0.005833951,0
1680,G017,1983,3,7934,1,0.038784656,0.038784656,0.038784656,0
1680,G017,1984,3,7938,1,0.100705565,0.100705565,0.100705565,0
1680,G017,1986,4,7947,1,0.659775574,0.659775574,0.659775574,0
1680,G017,1987,3,7950,1,0.671275522,0.671275522,0.671275522,0
1680,G017,1987,4,7951,1,0.678779817,0.678779817,0.678779817,0
1680,G017,1988,1,7952,1,0.734879061,0.734879061,0.734879061,0
1680,G017,1988,2,7953,1,0.999999999,0.999999999,0.999999999,0
1680,G017,1988,4,7955,1,1,1,1,0
1681,G018,1977,2,7909,1,0.012643309,0.012643309,0.012643309,0
1682,G019,1977,2,7909,1,1.32e-6,1.32e-6,1.32e-6,0
1682,G019,1978,2,7913,1,5.58e-6,5.58e-6,5.58e-6,0
1682,G019,1979,2,7917,1,1.22e-5,1.22e-5,1.22e-5,0
1682,G019,1980,2,7921,1,2.4e-5,2.4e-5,2.4e-5,0
1682,G019,1980,3,7922,1,2.9e-5,2.9e-5,2.9e-5,0
1682,G019,1981,3,7926,1,6.87e-5,6.87e-5,6.87e-5,0
1682,G019,1982,1,7928,1,1.31e-4,1.31e-4,1.31e-4,0
1682,G019,1982,2,7929,1,3.23e-4,3.23e-4,3.23e-4,0
1682,G019,1983,2,7933,1,0.002332183,0.002332183,0.002332183,0
1682,G019,1983,3,7934,1,0.004025915,0.004025915,0.004025915,0
1683,G020,1977,2,7909,1,0.004751796,0.004751796,0.004751796,0
1683,G020,1977,3,7910,1,0.008922792,0.008922792,0.008922792,0
1683,G020,1978,2,7913,1,0.030253521,0.030253521,0.030253521,0
1683,G020,1978,4,7915,1,0.048563281,0.048563281,0.048563281,0
1683,G020,1979,3,7918,1,0.119252483,0.119252483,0.119252483,0
1683,G020,1980,3,7922,1,0.271091057,0.271091057,0.271091057,0
1683,G020,1981,2,7925,1,0.482116843,0.482116843,0.482116843,0
1683,G020,1981,3,7926,1,0.598378841,0.598378841,0.598378841,0
1683,G020,1982,1,7928,1,0.999999999,0.999999999,0.999999999,0
1683,G020,1982,2,7929,1,1,1,1,0
1683,G020,1983,1,7932,1,1,1,1,0
1683,G020,1983,3,7934,2,1,1,1,0
1683,G020,1983,4,7935,1,1,1,1,0
1684,G021,1977,2,7909,1,0.012643309,0.012643309,0.012643309,0
1685,G024,1977,2,7909,1,0.006947376,0.006947376,0.006947376,0
1685,G024,1979,2,7917,1,0.047996757,0.047996757,0.047996757,0
1686,G025,1977,2,7909,1,0.001050196,0.001050196,0.001050196,0
1686,G025,1977,4,7911,1,0.002563323,0.002563323,0.002563323,0
1686,G025,1978,2,7913,1,0.006155163,0.006155163,0.006155163,0
1686,G025,1979,1,7916,1,0.012903989,0.012903989,0.012903989,0
1686,G025,1979,3,7918,1,0.023397395,0.023397395,0.023397395,0
1687,G026,1977,2,7909,1,0.012643309,0.012643309,0.012643309,0
1688,G027,1977,2,7909,1,0.012643309,0.012643309,0.012643309,0
1689,G028,1977,2,7909,1,0.001941434,0.001941434,0.001941434,0
1689,G028,1978,1,7912,1,0.006303496,0.006303496,0.006303496,0
1689,G028,1978,2,7913,1,0.009972929,0.009972929,0.009972929,0
1689,G028,1978,3,7914,1,0.014527442,0.014527442,0.014527442,0
1690,G029,1977,2,7909,1,0.006833666,0.006833666,0.006833666,0
1690,G029,1978,2,7913,1,0.028991592,0.028991592,0.028991592,0
1691,G030,1977,2,7909,1,0.064645755,0.064645755,0.064645755,0
1691,G030,1977,4,7911,1,0.157787581,0.157787581,0.157787581,0
1691,G030,1978,2,7913,1,0.378886429,0.378886429,0.378886429,0
1691,G030,1979,2,7917,1,0.999999964,0.999999964,0.999999964,0
1692,G031,1977,2,7909,1,0.081492541,0.081492541,0.081492541,0
1692,G031,1981,3,7926,1,1,1,1,0
1692,G031,1982,1,7928,1,1,1,1,0
1692,G031,1982,2,7929,1,1,1,1,0
1692,G031,1982,3,7930,1,1,1,1,0
1693,G032,1977,2,7909,1,0.012643309,0.012643309,0.012643309,0
1694,G033,1977,3,7910,1,0.012643309,0.012643309,0.012643309,0
1695,G034,1977,2,7909,1,0.006833666,0.006833666,0.006833666,0
1695,G034,1978,2,7913,1,0.028991592,0.028991592,0.028991592,0
1696,G035,1977,2,7909,1,0.003638017,0.003638017,0.003638017,0
1696,G035,1978,1,7912,1,0.011812,0.011812,0.011812,0
1696,G035,1978,2,7913,1,0.018688081,0.018688081,0.018688081,0
1697,G036,1977,2,7909,1,0.012643309,0.012643309,0.012643309,0
1698,G037,1977,3,7910,1,0.012643309,0.012643309,0.012643309,0
1699,G038,1977,3,7910,1,0.012643309,0.012643309,0.012643309,0
1700,G039,1977,3,7910,1,0.012643309,0.012643309,0.012643309,0
1701,G042,1977,3,7910,1,0.012643309,0.012643309,0.012643309,0
1702,G043,1977,3,7910,1,0.012643309,0.012643309,0.012643309,0
1703,G044,1976,4,7907,1,0.001253496,0.001253496,0.001253496,0
1703,G044,1977,3,7910,1,0.003181177,0.003181177,0.003181177,0
1703,G044,1978,3,7914,1,0.006507584,0.006507584,0.006507584,0
1703,G044,1979,3,7918,1,0.011936828,0.011936828,0.011936828,0
1703,G044,1980,3,7922,1,0.021717487,0.021717487,0.021717487,0
1703,G044,1981,2,7925,1,0.035310681,0.035310681,0.035310681,0
1704,G046,1977,3,7910,1,0.00392073,0.00392073,0.00392073,0
1704,G046,1981,3,7926,2,0.045133245,0.045133245,0.045133245,0
1705,G048,1977,3,7910,1,0.00684335,0.00684335,0.00684335,0
1705,G048,1978,4,7915,1,0.030610155,0.030610155,0.030610155,0
1706,G049,1977,4,7911,1,0.012643309,0.012643309,0.012643309,0
1707,G050,1978,1,7912,1,0.004061726,0.004061726,0.004061726,0
1707,G050,1978,2,7913,1,0.010991736,0.010991736,0.010991736,0
1708,G071,1985,4,7943,1,0.003660432,0.003660432,0.003660432,0
1709,G072,1985,4,7943,1,0.003660432,0.003660432,0.003660432,0
1710,G073,1985,4,7943,1,1.95e-7,1.95e-7,1.95e-7,0
1710,G073,1988,4,7955,1,6.93e-6,6.93e-6,6.93e-6,0
1710,G073,1990,2,7961,1,1.89e-5,1.89e-5,1.89e-5,0
1710,G073,1991,2,7965,1,3.95e-5,3.95e-5,3.95e-5,0
1710,G073,1991,4,7967,1,6.91e-5,6.91e-5,6.91e-5,0
1710,G073,1993,4,7975,1,6.25e-4,6.25e-4,6.25e-4,0
1710,G073,1994,4,7979,1,0.001990186,0.001990186,0.001990186,0
1710,G073,1996,2,7985,1,0.01728156,0.01728156,0.01728156,0
1711,GX001,1976,1,7904,1,0.026088644,0.026088644,0.026088644,0
1712,GX002,1976,1,7904,1,0.01444914,0.01444914,0.01444914,0
1712,GX002,1977,2,7909,1,0.057205105,0.057205105,0.057205105,0
1713,GX003,1976,1,7904,1,0.026088644,0.026088644,0.026088644,0
1714,GX004,1976,1,7904,1,0.026088644,0.026088644,0.026088644,0
1715,GX005,1976,2,7905,1,0.026088644,0.026088644,0.026088644,0
1716,GX006,1976,2,7905,1,0.026088644,0.026088644,0.026088644,0
1717,GX007,1976,2,7905,1,0.026088644,0.026088644,0.026088644,0
1718,GX009,1976,3,7906,1,0.026088644,0.026088644,0.026088644,0
1719,H001,1979,3,7918,1,1.24e-4,1.24e-4,1.24e-4,0
1719,H001,1980,3,7922,1,7.75e-4,7.75e-4,7.75e-4,0
1719,H001,1981,3,7926,1,0.003135549,0.003135549,0.003135549,0
1719,H001,1981,4,7927,1,0.004446398,0.004446398,0.004446398,0
1720,H002,1995,1,7980,1,0.002640522,0.002640522,0.002640522,0
1721,H003,1995,1,7980,1,0.123482101,0.123482101,0.123482101,0
1721,H003,2001,3,8006,1,0.999999993,0.999999993,0.999999993,0
1722,H004,1995,1,7980,1,0.002640522,0.002640522,0.002640522,0
1723,H005,1995,1,7980,1,1.47e-4,1.47e-4,1.47e-4,0
1723,H005,1995,3,7982,1,0.001211265,0.001211265,0.001211265,0
1723,H005,1995,4,7983,1,0.00237162,0.00237162,0.00237162,0
1724,H006,1995,1,7980,1,1.96e-5,1.96e-5,1.96e-5,0
1724,H006,1995,3,7982,1,1.61e-4,1.61e-4,1.61e-4,0
1724,H006,1996,3,7986,1,0.001600821,0.001600821,0.001600821,0
1724,H006,1996,4,7987,1,0.002535755,0.002535755,0.002535755,0
1724,H006,1997,3,7990,1,0.037210075,0.037210075,0.037210075,0
1725,H007,1995,2,7981,1,6.21e-4,6.21e-4,6.21e-4,0
1725,H007,1995,3,7982,1,0.00241649,0.00241649,0.00241649,0
1726,H008,1995,2,7981,1,1.06e-7,1.06e-7,1.06e-7,0
1726,H008,1995,3,7982,1,4.14e-7,4.14e-7,4.14e-7,0
1726,H008,1996,1,7984,1,3.59e-6,3.59e-6,3.59e-6,0
1726,H008,1996,2,7985,1,1.59e-5,1.59e-5,1.59e-5,0
1726,H008,1996,3,7986,2,5.02e-5,5.02e-5,5.02e-5,0
1726,H008,1996,4,7987,1,4.55e-4,4.55e-4,4.55e-4,0
1726,H008,1997,1,7988,1,0.00544447,0.00544447,0.00544447,0
1726,H008,1997,4,7991,1,0.05919214,0.05919214,0.05919214,0
1726,H008,1998,2,7993,1,0.279974027,0.279974027,0.279974027,0
1726,H008,1998,3,7994,1,0.615071998,0.615071998,0.615071998,0
1726,H008,1999,2,7997,1,0.833950426,0.833950426,0.833950426,0
1726,H008,1999,3,7998,1,0.847334062,0.847334062,0.847334062,0
1727,H009,1995,2,7981,1,0.002640522,0.002640522,0.002640522,0
1728,H010,1995,2,7981,1,0.002640522,0.002640522,0.002640522,0
1729,H011,1995,2,7981,1,0.002640522,0.002640522,0.002640522,0
1730,H012,1995,2,7981,1,0.00594406,0.00594406,0.00594406,0
1731,H013,1995,2,7981,1,0.002640522,0.002640522,0.002640522,0
1732,H014,1995,2,7981,1,1.13e-10,1.13e-10,1.13e-10,0
1732,H014,1995,3,7982,2,4.39e-10,4.39e-10,4.39e-10,0
1732,H014,1996,1,7984,1,1.49e-8,1.49e-8,1.49e-8,0
1732,H014,1998,2,7993,1,5.28e-7,5.28e-7,5.28e-7,0
1732,H014,1998,3,7994,1,7.74e-7,7.74e-7,7.74e-7,0
1732,H014,1999,3,7998,3,4.79e-6,4.79e-6,4.79e-6,0
1732,H014,1999,4,7999,1,4.89e-5,4.89e-5,4.89e-5,0
1732,H014,2000,3,8002,1,9.89e-4,9.89e-4,9.89e-4,0
1732,H014,2001,3,8006,1,0.005081681,0.005081681,0.005081681,0
1732,H014,2002,3,8010,1,0.022509833,0.022509833,0.022509833,0
1733,H015,1995,2,7981,1,2.47e-4,2.47e-4,2.47e-4,0
1733,H015,1995,3,7982,1,9.62e-4,9.62e-4,9.62e-4,0
1733,H015,1996,2,7985,1,0.014988822,0.014988822,0.014988822,0
1733,H015,1996,3,7986,1,0.033583334,0.033583334,0.033583334,0
1733,H015,1997,1,7988,1,0.231763265,0.231763265,0.231763265,0
1733,H015,1997,2,7989,1,0.999999986,0.999999986,0.999999986,0
1733,H015,1998,3,7994,1,1,1,1,0
1733,H015,1999,2,7997,1,1,1,1,0
1733,H015,1999,3,7998,1,1,1,1,0
1733,H015,2001,3,8006,1,1,1,1,0
1733,H015,2002,2,8009,1,1,1,1,0
1734,H016,1995,2,7981,1,2.6e-8,2.6e-8,2.6e-8,0
1734,H016,1995,3,7982,2,1.01e-7,1.01e-7,1.01e-7,0
1734,H016,1996,1,7984,1,3.44e-6,3.44e-6,3.44e-6,0
1734,H016,1996,2,7985,1,1.63e-5,1.63e-5,1.63e-5,0
1734,H016,1996,3,7986,1,5.24e-5,5.24e-5,5.24e-5,0
1734,H016,1996,4,7987,1,1.51e-4,1.51e-4,1.51e-4,0
1734,H016,1997,1,7988,1,0.001373098,0.001373098,0.001373098,0
1734,H016,1997,3,7990,1,0.011891229,0.011891229,0.011891229,0
1735,H017,1995,2,7981,1,0.002640522,0.002640522,0.002640522,0
1736,H018,1995,2,7981,1,0.002640522,0.002640522,0.002640522,0
1737,H019,1995,2,7981,1,0.013872341,0.013872341,0.013872341,0
1737,H019,1995,4,7983,1,0.079804056,0.079804056,0.079804056,0
1737,H019,1996,3,7986,1,0.999999899,0.999999899,0.999999899,0
1738,H020,1995,2,7981,1,9.15e-6,9.15e-6,9.15e-6,0
1738,H020,1995,3,7982,2,3.56e-5,3.56e-5,3.56e-5,0
1738,H020,1996,1,7984,1,0.001206927,0.001206927,0.001206927,0
1738,H020,1996,2,7985,1,0.005734841,0.005734841,0.005734841,0
1738,H020,1996,3,7986,1,0.018394587,0.018394587,0.018394587,0
1738,H020,1997,3,7990,1,0.035551224,0.035551224,0.035551224,0
1739,H021,1995,2,7981,1,0.002640522,0.002640522,0.002640522,0
1740,H022,1995,2,7981,1,0.002640522,0.002640522,0.002640522,0
1742,H024,1995,2,7981,1,6.21e-4,6.21e-4,6.21e-4,0
1742,H024,1995,3,7982,1,0.00241649,0.00241649,0.00241649,0
1743,H025,1995,2,7981,1,0.002640522,0.002640522,0.002640522,0
1744,H026,1995,2,7981,1,0.002640522,0.002640522,0.002640522,0
1745,H027,1995,2,7981,1,3.8e-25,3.8e-25,3.8e-25,0
1745,H027,1995,3,7982,2,1.48e-24,1.48e-24,1.48e-24,0
1745,H027,1996,1,7984,1,5.01e-23,5.01e-23,5.01e-23,0
1745,H027,1996,2,7985,1,2.38e-22,2.38e-22,2.38e-22,0
1745,H027,1996,3,7986,2,7.64e-22,7.64e-22,7.64e-22,0
1745,H027,1996,4,7987,1,6.96e-21,6.96e-21,6.96e-21,0
1745,H027,1997,2,7989,2,1.76e-19,1.76e-19,1.76e-19,0
1745,H027,1997,3,7990,1,1.29e-18,1.29e-18,1.29e-18,0
1745,H027,1997,4,7991,1,4.32e-18,4.32e-18,4.32e-18,0
1745,H027,1998,2,7993,1,6.65e-17,6.65e-17,6.65e-17,0
1745,H027,1998,3,7994,1,1.61e-16,1.61e-16,1.61e-16,0
1745,H027,1998,4,7995,1,2.75e-16,2.75e-16,2.75e-16,0
1745,H027,1999,2,7997,1,2.08e-15,2.08e-15,2.08e-15,0
1745,H027,2000,3,8002,1,1.53e-14,1.53e-14,1.53e-14,0
1745,H027,2000,4,8003,1,2.15e-14,2.15e-14,2.15e-14,0
1745,H027,2001,2,8005,1,6.58e-14,6.58e-14,6.58e-14,0
1745,H027,2001,3,8006,1,9.58e-14,9.58e-14,9.58e-14,0
1745,H027,2001,4,8007,1,1.78e-13,1.78e-13,1.78e-13,0
1745,H027,2002,3,8010,1,2.32e-12,2.32e-12,2.32e-12,0
1745,H027,2002,4,8011,1,3.86e-12,3.86e-12,3.86e-12,0
1745,H027,2003,3,8014,1,4.12e-11,4.12e-11,4.12e-11,0
1745,H027,2003,4,8015,1,6.81e-11,6.81e-11,6.81e-11,0
1745,H027,2004,2,8017,1,5.45e-10,5.45e-10,5.45e-10,0
1745,H027,2005,2,8021,1,3.78e-9,3.78e-9,3.78e-9,0
1745,H027,2005,3,8022,2,6.88e-9,6.88e-9,6.88e-9,0
1745,H027,2006,2,8025,1,1.98e-7,1.98e-7,1.98e-7,0
1745,H027,2006,3,8026,1,3.02e-7,3.02e-7,3.02e-7,0
1745,H027,2006,4,8027,1,2.06e-6,2.06e-6,2.06e-6,0
1745,H027,2007,3,8030,1,2.97e-4,2.97e-4,2.97e-4,0
1745,H027,2007,4,8031,1,8.71e-4,8.71e-4,8.71e-4,0
1746,H028,1995,2,7981,1,6.04e-4,6.04e-4,6.04e-4,0
1746,H028,1995,3,7982,2,0.002349707,0.002349707,0.002349707,0
1746,H028,1996,1,7984,1,0.079593399,0.079593399,0.079593399,0
1746,H028,1996,3,7986,1,0.572917699,0.572917699,0.572917699,0
1746,H028,1998,1,7992,1,0.962003933,0.962003933,0.962003933,0
1746,H028,1998,3,7994,2,0.999388698,0.999388698,0.999388698,0
1746,H028,1998,4,7995,1,0.99983701,0.99983701,0.99983701,0
1746,H028,1999,1,7996,1,1,1,1,0
1746,H028,1999,3,7998,2,1,1,1,0
1746,H028,2000,1,8000,1,1,1,1,0
1747,H029,1995,2,7981,1,7.36e-9,7.36e-9,7.36e-9,0
1747,H029,1995,3,7982,1,2.87e-8,2.87e-8,2.87e-8,0
1747,H029,1996,1,7984,1,2.48e-7,2.48e-7,2.48e-7,0
1747,H029,1996,2,7985,1,1.1e-6,1.1e-6,1.1e-6,0
1747,H029,1996,3,7986,1,3.47e-6,3.47e-6,3.47e-6,0
1747,H029,1996,4,7987,1,1e-5,1e-5,1e-5,0
1747,H029,1998,2,7993,1,4.87e-4,4.87e-4,4.87e-4,0
1747,H029,1999,2,7997,1,0.001659053,0.001659053,0.001659053,0
1747,H029,1999,3,7998,1,0.002710256,0.002710256,0.002710256,0
1747,H029,1999,4,7999,1,0.00558679,0.00558679,0.00558679,0
1748,H030,1995,2,7981,1,6.21e-4,6.21e-4,6.21e-4,0
1748,H030,1995,3,7982,1,0.00241649,0.00241649,0.00241649,0
1749,H031,1995,2,7981,1,7.94e-8,7.94e-8,7.94e-8,0
1749,H031,1995,3,7982,2,3.09e-7,3.09e-7,3.09e-7,0
1749,H031,1996,1,7984,1,8.28e-7,8.28e-7,8.28e-7,0
1749,H031,1996,2,7985,1,1.72e-6,1.72e-6,1.72e-6,0
1749,H031,1997,3,7990,1,1.96e-5,1.96e-5,1.96e-5,0
1749,H031,1998,3,7994,1,9.35e-5,9.35e-5,9.35e-5,0
1749,H031,1999,4,7999,2,4.06e-4,4.06e-4,4.06e-4,0
1749,H031,2000,1,8000,1,0.00156339,0.00156339,0.00156339,0
1749,H031,2000,2,8001,1,0.007618907,0.007618907,0.007618907,0
1750,H032,1995,2,7981,1,2.8e-7,2.8e-7,2.8e-7,0
1750,H032,1995,3,7982,2,1.09e-6,1.09e-6,1.09e-6,0
1750,H032,1996,1,7984,1,1.7e-5,1.7e-5,1.7e-5,0
1750,H032,1997,1,7988,1,2.18e-4,2.18e-4,2.18e-4,0
1750,H032,1997,3,7990,1,8.54e-4,8.54e-4,8.54e-4,0
1750,H032,1998,3,7994,1,0.005964782,0.005964782,0.005964782,0
1750,H032,1998,4,7995,1,0.009127186,0.009127186,0.009127186,0
1751,H033,1995,2,7981,1,3.22e-6,3.22e-6,3.22e-6,0
1751,H033,1995,3,7982,2,1.25e-5,1.25e-5,1.25e-5,0
1751,H033,1996,1,7984,1,4.25e-4,4.25e-4,4.25e-4,0
1751,H033,1996,2,7985,1,0.0020197,0.0020197,0.0020197,0
1751,H033,1996,3,7986,2,0.006478216,0.006478216,0.006478216,0
1751,H033,1997,1,7988,1,0.210216507,0.210216507,0.210216507,0
1751,H033,1997,2,7989,1,0.999999993,0.999999993,0.999999993,0
1752,H034,1995,2,7981,1,0.002640522,0.002640522,0.002640522,0
1753,H035,1995,2,7981,1,0.002640522,0.002640522,0.002640522,0
1754,H036,1995,2,7981,1,0.002640522,0.002640522,0.002640522,0
1755,H037,1995,2,7981,1,6.21e-4,6.21e-4,6.21e-4,0
1755,H037,1995,3,7982,1,0.00241649,0.00241649,0.00241649,0
1756,H038,1995,2,7981,1,3.43e-5,3.43e-5,3.43e-5,0
1756,H038,1995,3,7982,2,1.34e-4,1.34e-4,1.34e-4,0
1756,H038,1996,1,7984,1,0.004527468,0.004527468,0.004527468,0
1757,H039,1995,2,7981,1,6.2e-4,6.2e-4,6.2e-4,0
1757,H039,1995,3,7982,2,0.002414176,0.002414176,0.002414176,0
1757,H039,1996,1,7984,1,0.081777203,0.081777203,0.081777203,0
1758,H040,1995,2,7981,1,3.74e-5,3.74e-5,3.74e-5,0
1758,H040,1995,4,7983,1,2.15e-4,2.15e-4,2.15e-4,0
1758,H040,1996,3,7986,1,0.002698086,0.002698086,0.002698086,0
1758,H040,1997,3,7990,1,0.020129068,0.020129068,0.020129068,0
1759,H041,1995,3,7982,2,4.57e-7,4.57e-7,4.57e-7,0
1759,H041,1995,4,7983,1,4.13e-6,4.13e-6,4.13e-6,0
1759,H041,1996,1,7984,1,4.73e-5,4.73e-5,4.73e-5,0
1759,H041,1996,3,7986,2,4.23e-4,4.23e-4,4.23e-4,0
1759,H041,1997,1,7988,1,0.007206632,0.007206632,0.007206632,0
1760,H042,1995,3,7982,2,1.45e-4,1.45e-4,1.45e-4,0
1760,H042,1995,4,7983,1,0.001306144,0.001306144,0.001306144,0
1761,H043,1995,3,7982,2,2.35e-8,2.35e-8,2.35e-8,0
1761,H043,1995,4,7983,1,2.12e-7,2.12e-7,2.12e-7,0
1761,H043,1996,1,7984,1,2.43e-6,2.43e-6,2.43e-6,0
1761,H043,1996,3,7986,1,2.18e-5,2.18e-5,2.18e-5,0
1761,H043,1996,4,7987,1,4.27e-5,4.27e-5,4.27e-5,0
1761,H043,1997,2,7989,1,6.16e-4,6.16e-4,6.16e-4,0
1761,H043,1997,3,7990,1,0.001491927,0.001491927,0.001491927,0
1761,H043,1997,4,7991,1,0.003889457,0.003889457,0.003889457,0
1761,H043,1998,2,7993,1,0.052952673,0.052952673,0.052952673,0
1761,H043,1998,3,7994,2,0.127419761,0.127419761,0.127419761,0
1761,H043,1998,4,7995,2,0.999999934,0.999999934,0.999999934,0
1761,H043,1999,2,7997,1,1,1,1,0
1761,H043,1999,3,7998,1,1,1,1,0
1761,H043,1999,4,7999,2,1,1,1,0
1761,H043,2000,2,8001,1,1,1,1,0
1761,H043,2000,3,8002,2,1,1,1,0
1761,H043,2000,4,8003,1,1,1,1,0
1761,H043,2001,3,8006,1,1,1,1,0
1761,H043,2001,4,8007,1,1,1,1,0
1761,H043,2002,2,8009,1,1,1,1,0
1761,H043,2002,3,8010,1,1,1,1,0
1761,H043,2002,4,8011,1,1,1,1,0
1761,H043,2003,1,8012,1,1,1,1,0
1761,H043,2003,2,8013,1,1,1,1,0
1761,H043,2003,3,8014,1,1,1,1,0
1761,H043,2003,4,8015,1,1,1,1,0
1761,H043,2004,2,8017,1,1,1,1,0
1761,H043,2004,3,8018,1,1,1,1,0
1761,H043,2004,4,8019,1,1,1,1,0
1761,H043,2005,2,8021,1,1,1,1,0
1761,H043,2005,3,8022,1,1,1,1,0
1762,H044,1995,3,7982,3,2.94e-13,2.94e-13,2.94e-13,0
1762,H044,1995,4,7983,1,1.04e-11,1.04e-11,1.04e-11,0
1762,H044,1996,1,7984,1,1.3e-10,1.3e-10,1.3e-10,0
1762,H044,1996,3,7986,1,1.17e-9,1.17e-9,1.17e-9,0
1762,H044,1997,2,7989,1,9.5e-9,9.5e-9,9.5e-9,0
1762,H044,1997,3,7990,1,2.05e-8,2.05e-8,2.05e-8,0
1762,H044,1997,4,7991,1,5.06e-8,5.06e-8,5.06e-8,0
1762,H044,1998,2,7993,1,6.66e-7,6.66e-7,6.66e-7,0
1762,H044,1998,3,7994,1,1.6e-6,1.6e-6,1.6e-6,0
1762,H044,1998,4,7995,2,4.16e-6,4.16e-6,4.16e-6,0
1762,H044,1999,3,7998,1,2.38e-4,2.38e-4,2.38e-4,0
1762,H044,1999,4,7999,1,4.06e-4,4.06e-4,4.06e-4,0
1762,H044,2000,2,8001,1,0.003044571,0.003044571,0.003044571,0
1762,H044,2000,4,8003,1,0.009650352,0.009650352,0.009650352,0
1763,H045,1995,3,7982,1,0.002640522,0.002640522,0.002640522,0
1764,H046,1995,3,7982,2,2.78e-4,2.78e-4,2.78e-4,0
1764,H046,1995,4,7983,1,2.83e-4,2.83e-4,2.83e-4,0
1764,H046,1996,1,7984,1,2.87e-4,2.87e-4,2.87e-4,0
1764,H046,1996,3,7986,2,2.88e-4,2.88e-4,2.88e-4,0
1764,H046,1997,3,7990,1,3.58e-4,3.58e-4,3.58e-4,0
1764,H046,1998,3,7994,1,6.94e-4,6.94e-4,6.94e-4,0
1764,H046,1999,2,7997,1,0.001666393,0.001666393,0.001666393,0
1764,H046,1999,4,7999,1,0.003573721,0.003573721,0.003573721,0
1764,H046,2001,3,8006,1,0.035494155,0.035494155,0.035494155,0
1765,H047,1995,3,7982,2,2.72e-7,2.72e-7,2.72e-7,0
1765,H047,1995,4,7983,1,2.45e-6,2.45e-6,2.45e-6,0
1765,H047,1996,3,7986,2,8.03e-5,8.03e-5,8.03e-5,0
1765,H047,1997,3,7990,1,0.002423664,0.002423664,0.002423664,0
1765,H047,1998,1,7992,1,0.00719041,0.00719041,0.00719041,0
1765,H047,1998,3,7994,1,0.019531241,0.019531241,0.019531241,0
1766,H048,1995,3,7982,2,3.41e-5,3.41e-5,3.41e-5,0
1766,H048,1995,4,7983,1,3.08e-4,3.08e-4,3.08e-4,0
1766,H048,1996,1,7984,1,0.003531303,0.003531303,0.003531303,0
1767,H049,1995,3,7982,1,0.999999814,0.999999814,0.999999814,0
1768,H050,1995,3,7982,2,3.41e-5,3.41e-5,3.41e-5,0
1768,H050,1995,4,7983,1,3.08e-4,3.08e-4,3.08e-4,0
1768,H050,1996,1,7984,1,0.003531303,0.003531303,0.003531303,0
1769,H051,1995,3,7982,2,7.48e-10,7.48e-10,7.48e-10,0
1769,H051,1995,4,7983,1,6.76e-9,6.76e-9,6.76e-9,0
1769,H051,1996,1,7984,1,7.75e-8,7.75e-8,7.75e-8,0
1769,H051,1996,4,7987,1,8.5e-7,8.5e-7,8.5e-7,0
1769,H051,1997,1,7988,1,2.77e-6,2.77e-6,2.77e-6,0
1769,H051,1997,3,7990,1,1.93e-5,1.93e-5,1.93e-5,0
1769,H051,1997,4,7991,2,3.72e-5,3.72e-5,3.72e-5,0
1769,H051,1998,3,7994,1,9.75e-4,9.75e-4,9.75e-4,0
1769,H051,1999,3,7998,2,0.004987646,0.004987646,0.004987646,0
1769,H051,2000,3,8002,1,0.066341007,0.066341007,0.066341007,0
1769,H051,2001,3,8006,2,0.077702811,0.077702811,0.077702811,0
1769,H051,2003,2,8013,1,0.43976929,0.43976929,0.43976929,0
1770,H052,1995,3,7982,1,0.002640522,0.002640522,0.002640522,0
1771,H053,1995,3,7982,2,2.75e-13,2.75e-13,2.75e-13,0
1771,H053,1995,4,7983,1,2.48e-12,2.48e-12,2.48e-12,0
1771,H053,1996,1,7984,2,2.85e-11,2.85e-11,2.85e-11,0
1771,H053,1996,3,7986,2,9.99e-10,9.99e-10,9.99e-10,0
1771,H053,1996,4,7987,1,5.52e-9,5.52e-9,5.52e-9,0
1771,H053,1997,1,7988,1,6.12e-8,6.12e-8,6.12e-8,0
1771,H053,1997,3,7990,2,5.41e-7,5.41e-7,5.41e-7,0
1771,H053,1998,3,7994,3,1.71e-5,1.71e-5,1.71e-5,0
1771,H053,1999,3,7998,2,0.001141926,0.001141926,0.001141926,0
1771,H053,1999,4,7999,1,0.004022983,0.004022983,0.004022983,0
1772,H054,1995,3,7982,2,5.83e-11,5.83e-11,5.83e-11,0
1772,H054,1995,4,7983,1,5.26e-10,5.26e-10,5.26e-10,0
1772,H054,1996,1,7984,1,6.03e-9,6.03e-9,6.03e-9,0
1772,H054,1996,3,7986,1,5.4e-8,5.4e-8,5.4e-8,0
1772,H054,1996,4,7987,2,1.06e-7,1.06e-7,1.06e-7,0
1772,H054,1997,3,7990,1,8.39e-6,8.39e-6,8.39e-6,0
1772,H054,1997,4,7991,2,1.43e-5,1.43e-5,1.43e-5,0
1772,H054,1998,3,7994,2,3.27e-4,3.27e-4,3.27e-4,0
1772,H054,2001,2,8005,1,0.014001857,0.014001857,0.014001857,0
1772,H054,2002,3,8010,1,0.035013412,0.035013412,0.035013412,0
1773,H055,1995,3,7982,2,0.001147571,0.001147571,0.001147571,0
1773,H055,1996,1,7984,1,0.035664038,0.035664038,0.035664038,0
1773,H055,1996,4,7987,1,0.311915822,0.311915822,0.311915822,0
1773,H055,1997,1,7988,1,0.999999993,0.999999993,0.999999993,0
1773,H055,1997,3,7990,1,1,1,1,0
1773,H055,1997,4,7991,1,1,1,1,0
1774,H056,1995,3,7982,2,1.45e-4,1.45e-4,1.45e-4,0
1774,H056,1995,4,7983,1,0.001306144,0.001306144,0.001306144,0
1775,H057,1995,3,7982,2,7.7e-5,7.7e-5,7.7e-5,0
1775,H057,1996,3,7986,1,0.005843626,0.005843626,0.005843626,0
1775,H057,1997,3,7990,1,0.041984972,0.041984972,0.041984972,0
1775,H057,2000,3,8002,1,0.490814082,0.490814082,0.490814082,0
1775,H057,2001,2,8005,1,0.84421951,0.84421951,0.84421951,0
1775,H057,2002,3,8010,1,0.96448696,0.96448696,0.96448696,0
1775,H057,2003,2,8013,1,0.980563424,0.980563424,0.980563424,0
1775,H057,2005,2,8021,1,0.989122366,0.989122366,0.989122366,0
1776,H058,1995,3,7982,2,3.41e-5,3.41e-5,3.41e-5,0
1776,H058,1995,4,7983,1,3.08e-4,3.08e-4,3.08e-4,0
1776,H058,1996,1,7984,1,0.003531303,0.003531303,0.003531303,0
1777,H059,1995,3,7982,2,3.28e-4,3.28e-4,3.28e-4,0
1777,H059,1996,1,7984,1,0.010195302,0.010195302,0.010195302,0
1778,H060,1995,3,7982,1,3.53e-5,3.53e-5,3.53e-5,0
1778,H060,1995,4,7983,1,1.02e-4,1.02e-4,1.02e-4,0
1778,H060,1996,3,7986,1,0.002463262,0.002463262,0.002463262,0
1778,H060,1996,4,7987,1,0.004181496,0.004181496,0.004181496,0
1779,H061,1995,3,7982,2,9.37e-15,9.37e-15,9.37e-15,0
1779,H061,1996,1,7984,1,2.91e-13,2.91e-13,2.91e-13,0
1779,H061,1996,3,7986,1,2.09e-12,2.09e-12,2.09e-12,0
1779,H061,1996,4,7987,2,4.04e-12,4.04e-12,4.04e-12,0
1779,H061,1997,3,7990,1,1.42e-10,1.42e-10,1.42e-10,0
1779,H061,1997,4,7991,1,2.4e-10,2.4e-10,2.4e-10,0
1779,H061,1998,3,7994,2,2.98e-9,2.98e-9,2.98e-9,0
1779,H061,1998,4,7995,1,1.14e-8,1.14e-8,1.14e-8,0
1779,H061,1999,3,7998,1,1.91e-7,1.91e-7,1.91e-7,0
1779,H061,2000,3,8002,1,9.59e-7,9.59e-7,9.59e-7,0
1779,H061,2001,2,8005,1,3.13e-6,3.13e-6,3.13e-6,0
1779,H061,2001,3,8006,1,5.76e-6,5.76e-6,5.76e-6,0
1779,H061,2002,3,8010,2,5.66e-5,5.66e-5,5.66e-5,0
1779,H061,2005,2,8021,1,0.002448443,0.002448443,0.002448443,0
1779,H061,2006,4,8027,1,0.007200873,0.007200873,0.007200873,0
1780,H062,1995,3,7982,2,4.73e-7,4.73e-7,4.73e-7,0
1780,H062,1995,4,7983,1,4.27e-6,4.27e-6,4.27e-6,0
1780,H062,1996,1,7984,1,4.9e-5,4.9e-5,4.9e-5,0
1780,H062,1996,3,7986,1,4.39e-4,4.39e-4,4.39e-4,0
1780,H062,1996,4,7987,1,8.61e-4,8.61e-4,8.61e-4,0
1780,H062,1997,3,7990,1,0.016543202,0.016543202,0.016543202,0
1781,H063,1995,3,7982,1,9.13e-13,9.13e-13,9.13e-13,0
1781,H063,1995,4,7983,1,2.63e-12,2.63e-12,2.63e-12,0
1781,H063,1997,1,7988,1,1.04e-10,1.04e-10,1.04e-10,0
1781,H063,1997,3,7990,1,3.6e-10,3.6e-10,3.6e-10,0
1781,H063,1997,4,7991,1,6.37e-10,6.37e-10,6.37e-10,0
1781,H063,1998,2,7993,1,3.14e-9,3.14e-9,3.14e-9,0
1781,H063,1999,1,7996,1,1.34e-8,1.34e-8,1.34e-8,0
1781,H063,1999,4,7999,1,5.66e-8,5.66e-8,5.66e-8,0
1781,H063,2001,2,8005,1,3.87e-7,3.87e-7,3.87e-7,0
1781,H063,2001,3,8006,2,5.64e-7,5.64e-7,5.64e-7,0
1781,H063,2002,1,8008,1,6.82e-6,6.82e-6,6.82e-6,0
1781,H063,2002,4,8011,1,5.2e-5,5.2e-5,5.2e-5,0
1781,H063,2003,2,8013,1,2.14e-4,2.14e-4,2.14e-4,0
1781,H063,2003,4,8015,1,6.2e-4,6.2e-4,6.2e-4,0
1781,H063,2004,3,8018,1,0.004430173,0.004430173,0.004430173,0
1781,H063,2005,1,8020,1,0.012586587,0.012586587,0.012586587,0
1782,H064,1995,3,7982,1,1.49e-4,1.49e-4,1.49e-4,0
1782,H064,1995,4,7983,1,4.29e-4,4.29e-4,4.29e-4,0
1782,H064,1996,3,7986,1,0.0104181,0.0104181,0.0104181,0
1783,H065,1995,3,7982,2,1.46e-4,1.46e-4,1.46e-4,0
1783,H065,1996,1,7984,1,0.004539836,0.004539836,0.004539836,0
1784,H066,1995,3,7982,2,3.58e-8,3.58e-8,3.58e-8,0
1784,H066,1996,1,7984,1,5.13e-7,5.13e-7,5.13e-7,0
1784,H066,1996,2,7985,1,1.33e-6,1.33e-6,1.33e-6,0
1784,H066,1996,3,7986,2,3.61e-6,3.61e-6,3.61e-6,0
1784,H066,1997,1,7988,1,1.08e-4,1.08e-4,1.08e-4,0
1784,H066,1997,2,7989,1,5.12e-4,5.12e-4,5.12e-4,0
1784,H066,1997,4,7991,1,0.002352495,0.002352495,0.002352495,0
1784,H066,1999,4,7999,1,0.044822629,0.044822629,0.044822629,0
1785,H067,1995,3,7982,2,8.67e-6,8.67e-6,8.67e-6,0
1785,H067,1996,1,7984,1,2.69e-4,2.69e-4,2.69e-4,0
1785,H067,1996,3,7986,1,0.001934787,0.001934787,0.001934787,0
1785,H067,1997,3,7990,1,0.01937911,0.01937911,0.01937911,0
1786,H068,1995,3,7982,1,0.002640522,0.002640522,0.002640522,0
1787,H069,1995,3,7982,1,2.75e-17,2.75e-17,2.75e-17,0
1787,H069,1996,3,7986,1,5.08e-16,5.08e-16,5.08e-16,0
1787,H069,1998,2,7993,1,6.13e-15,6.13e-15,6.13e-15,0
1787,H069,1998,3,7994,1,9.41e-15,9.41e-15,9.41e-15,0
1787,H069,1999,2,7997,1,5.14e-14,5.14e-14,5.14e-14,0
1787,H069,1999,3,7998,1,1.02e-13,1.02e-13,1.02e-13,0
1787,H069,1999,4,7999,1,2.39e-13,2.39e-13,2.39e-13,0
1787,H069,2000,2,8001,1,2.4e-12,2.4e-12,2.4e-12,0
1787,H069,2000,3,8002,1,5.7e-12,5.7e-12,5.7e-12,0
1787,H069,2000,4,8003,1,1.47e-11,1.47e-11,1.47e-11,0
1787,H069,2001,2,8005,1,1.59e-10,1.59e-10,1.59e-10,0
1787,H069,2001,3,8006,1,3.8e-10,3.8e-10,3.8e-10,0
1787,H069,2001,4,8007,1,9.86e-10,9.86e-10,9.86e-10,0
1787,H069,2002,2,8009,1,1.26e-8,1.26e-8,1.26e-8,0
1787,H069,2002,4,8011,1,4.17e-8,4.17e-8,4.17e-8,0
1787,H069,2003,4,8015,1,3.63e-7,3.63e-7,3.63e-7,0
1787,H069,2004,2,8017,1,1.18e-6,1.18e-6,1.18e-6,0
1787,H069,2004,3,8018,1,2.43e-6,2.43e-6,2.43e-6,0
1787,H069,2004,4,8019,1,5.86e-6,5.86e-6,5.86e-6,0
1787,H069,2005,3,8022,2,9.31e-5,9.31e-5,9.31e-5,0
1787,H069,2006,2,8025,1,7.15e-4,7.15e-4,7.15e-4,0
1787,H069,2006,3,8026,1,0.00148022,0.00148022,0.00148022,0
1788,H070,1995,3,7982,1,2.85e-8,2.85e-8,2.85e-8,0
1788,H070,1995,4,7983,1,8.21e-8,8.21e-8,8.21e-8,0
1788,H070,1996,3,7986,1,1.99e-6,1.99e-6,1.99e-6,0
1788,H070,1996,4,7987,1,3.38e-6,3.38e-6,3.38e-6,0
1788,H070,1997,3,7990,2,5.49e-5,5.49e-5,5.49e-5,0
1788,H070,1998,2,7993,1,9.71e-4,9.71e-4,9.71e-4,0
1788,H070,1998,3,7994,2,0.002120557,0.002120557,0.002120557,0
1789,H071,1995,3,7982,1,1.11e-7,1.11e-7,1.11e-7,0
1789,H071,1995,4,7983,1,3.2e-7,3.2e-7,3.2e-7,0
1789,H071,1996,1,7984,1,2.78e-6,2.78e-6,2.78e-6,0
1789,H071,1996,3,7986,2,2.42e-5,2.42e-5,2.42e-5,0
1789,H071,1997,1,7988,1,4.1e-4,4.1e-4,4.1e-4,0
1789,H071,1997,2,7989,1,0.001907884,0.001907884,0.001907884,0
1789,H071,1997,3,7990,1,0.006067821,0.006067821,0.006067821,0
1790,H072,1995,3,7982,1,6.19e-4,6.19e-4,6.19e-4,0
1790,H072,1995,4,7983,1,0.001780508,0.001780508,0.001780508,0
1791,H073,1995,3,7982,1,0.002640522,0.002640522,0.002640522,0
1792,H074,1995,3,7982,1,6.19e-4,6.19e-4,6.19e-4,0
1792,H074,1995,4,7983,1,0.001780508,0.001780508,0.001780508,0
1793,H075,1995,3,7982,1,0.002640522,0.002640522,0.002640522,0
1794,H076,1995,4,7983,1,0.791238207,0.791238207,0.791238207,0
1794,H076,1996,1,7984,1,1,1,1,0
1794,H076,1996,3,7986,1,1,1,1,0
1795,H077,1995,4,7983,1,5.28e-7,5.28e-7,5.28e-7,0
1795,H077,1996,1,7984,1,3.26e-6,3.26e-6,3.26e-6,0
1795,H077,1996,3,7986,1,2.7e-5,2.7e-5,2.7e-5,0
1795,H077,1997,3,7990,1,2.76e-4,2.76e-4,2.76e-4,0
1795,H077,1998,3,7994,2,0.001473442,0.001473442,0.001473442,0
1795,H077,1998,4,7995,1,0.004650134,0.004650134,0.004650134,0
1796,H078,1995,4,7983,1,3.72e-5,3.72e-5,3.72e-5,0
1796,H078,1996,3,7986,1,6.21e-4,6.21e-4,6.21e-4,0
1796,H078,1997,1,7988,1,0.00226567,0.00226567,0.00226567,0
1796,H078,1997,3,7990,1,0.012774401,0.012774401,0.012774401,0
1797,I001,2002,1,8008,1,0.01269594,0.01269594,0.01269594,0
1798,I002,2002,1,8008,1,1.99e-4,1.99e-4,1.99e-4,0
1798,I002,2003,4,8015,1,0.002093776,0.002093776,0.002093776,0
1798,I002,2004,3,8018,1,0.005831647,0.005831647,0.005831647,0
1798,I002,2004,4,8019,1,0.008518307,0.008518307,0.008518307,0
1799,I003,2002,2,8009,1,0.365137389,0.365137389,0.365137389,0
1799,I003,2002,3,8010,1,0.389712863,0.389712863,0.389712863,0
1799,I003,2002,4,8011,1,0.45704569,0.45704569,0.45704569,0
1799,I003,2003,1,8012,1,0.999999997,0.999999997,0.999999997,0
1799,I003,2003,2,8013,1,1,1,1,0
1800,I004,2002,2,8009,1,8.08572e-4,8.08572e-4,8.08572e-4,0
1800,I004,2002,3,8010,1,0.001874241,0.001874241,0.001874241,0
1800,I004,2002,4,8011,1,0.004794003,0.004794003,0.004794003,0
1800,I004,2003,2,8013,1,0.007462029,0.007462029,0.007462029,0
1800,I004,2003,3,8014,1,0.011534966,0.011534966,0.011534966,0
1801,I005,2002,2,8009,1,1.67e-4,1.67e-4,1.67e-4,0
1801,I005,2002,3,8010,2,3.88e-4,3.88e-4,3.88e-4,0
1801,I005,2002,4,8011,1,0.002978228,0.002978228,0.002978228,0
1802,I006,2002,2,8009,1,3.78e-4,3.78e-4,3.78e-4,0
1802,I006,2002,3,8010,2,8.76e-4,8.76e-4,8.76e-4,0
1802,I006,2002,4,8011,1,0.003464645,0.003464645,0.003464645,0
1803,I007,2002,2,8009,1,1.06e-12,1.06e-12,1.06e-12,0
1803,I007,2002,3,8010,1,2.47e-12,2.47e-12,2.47e-12,0
1803,I007,2002,4,8011,1,6.31e-12,6.31e-12,6.31e-12,0
1803,I007,2003,1,8012,1,3.73e-11,3.73e-11,3.73e-11,0
1803,I007,2003,2,8013,1,1.09e-10,1.09e-10,1.09e-10,0
1803,I007,2003,3,8014,1,3.08e-10,3.08e-10,3.08e-10,0
1803,I007,2003,4,8015,1,8.54e-10,8.54e-10,8.54e-10,0
1803,I007,2004,4,8019,1,1.62e-8,1.62e-8,1.62e-8,0
1803,I007,2005,2,8021,1,5.76e-8,5.76e-8,5.76e-8,0
1803,I007,2005,4,8023,2,1.61e-7,1.61e-7,1.61e-7,0
1803,I007,2006,1,8024,1,1.58e-6,1.58e-6,1.58e-6,0
1803,I007,2006,2,8025,1,8.95e-6,8.95e-6,8.95e-6,0
1803,I007,2006,3,8026,1,2.94e-5,2.94e-5,2.94e-5,0
1803,I007,2007,2,8029,1,0.001989602,0.001989602,0.001989602,0
1803,I007,2007,3,8030,1,0.017091334,0.017091334,0.017091334,0
1804,I008,2002,2,8009,1,7.18e-26,7.18e-26,7.18e-26,0
1804,I008,2002,4,8011,1,2.27e-25,2.27e-25,2.27e-25,0
1804,I008,2003,1,8012,1,7.15e-25,7.15e-25,7.15e-25,0
1804,I008,2003,4,8015,1,5.97e-24,5.97e-24,5.97e-24,0
1804,I008,2004,2,8017,1,2.47e-23,2.47e-23,2.47e-23,0
1804,I008,2004,3,8018,1,3.74e-23,3.74e-23,3.74e-23,0
1804,I008,2004,4,8019,1,7.21e-23,7.21e-23,7.21e-23,0
1804,I008,2005,2,8021,1,7.24e-22,7.24e-22,7.24e-22,0
1804,I008,2005,3,8022,2,1.72e-21,1.72e-21,1.72e-21,0
1804,I008,2006,3,8026,1,3.65e-20,3.65e-20,3.65e-20,0
1804,I008,2006,4,8027,1,1.68e-19,1.68e-19,1.68e-19,0
1804,I008,2007,3,8030,1,2.21e-17,2.21e-17,2.21e-17,0
1804,I008,2007,4,8031,1,1.19e-16,1.19e-16,1.19e-16,0
1804,I008,2008,3,8034,1,1.47e-14,1.47e-14,1.47e-14,0
1804,I008,2008,4,8035,1,1.84e-14,1.84e-14,1.84e-14,0
1804,I008,2009,2,8037,1,4.18e-13,4.18e-13,4.18e-13,0
1804,I008,2009,3,8038,1,4.14e-12,4.14e-12,4.14e-12,0
1804,I008,2010,2,8041,1,3.39e-10,3.39e-10,3.39e-10,0
1804,I008,2010,3,8042,1,2.87e-9,2.87e-9,2.87e-9,0
1804,I008,2010,4,8043,1,4.55e-8,4.55e-8,4.55e-8,0
1804,I008,2011,2,8045,1,4.98e-6,4.98e-6,4.98e-6,0
1804,I008,2011,3,8046,2,2.52e-5,2.52e-5,2.52e-5,0
1804,I008,2012,2,8049,1,0.009651805,0.009651805,0.009651805,0
1805,I009,2002,2,8009,1,0.009238163,0.009238163,0.009238163,0
1805,I009,2002,3,8010,1,0.021413731,0.021413731,0.021413731,0
1805,I009,2002,4,8011,1,0.054772821,0.054772821,0.054772821,0
1805,I009,2003,4,8015,1,0.999999997,0.999999997,0.999999997,0
1806,I010,2002,2,8009,1,0.01269594,0.01269594,0.01269594,0
1807,I011,2002,2,8009,1,0.003319183,0.003319183,0.003319183,0
1807,I011,2002,3,8010,2,0.003542579,0.003542579,0.003542579,0
1807,I011,2003,1,8012,1,0.011102432,0.011102432,0.011102432,0
1808,I012,2002,2,8009,1,1.74e-4,1.74e-4,1.74e-4,0
1808,I012,2002,3,8010,1,4.03e-4,4.03e-4,4.03e-4,0
1808,I012,2002,4,8011,1,0.001030676,0.001030676,0.001030676,0
1808,I012,2003,2,8013,1,0.012263059,0.012263059,0.012263059,0
1809,I013,2002,2,8009,1,9.69e-6,9.69e-6,9.69e-6,0
1809,I013,2002,3,8010,1,2.25e-5,2.25e-5,2.25e-5,0
1809,I013,2002,4,8011,1,5.74e-5,5.74e-5,5.74e-5,0
1809,I013,2003,1,8012,1,3.39e-4,3.39e-4,3.39e-4,0
1809,I013,2003,2,8013,1,0.001813478,0.001813478,0.001813478,0
1809,I013,2003,3,8014,1,0.005909594,0.005909594,0.005909594,0
1810,I014,2002,2,8009,1,0.865642626,0.865642626,0.865642626,0
1810,I014,2002,4,8011,1,0.96113522,0.96113522,0.96113522,0
1810,I014,2003,2,8013,1,0.995156017,0.995156017,0.995156017,0
1810,I014,2003,3,8014,1,0.997808204,0.997808204,0.997808204,0
1810,I014,2003,4,8015,1,0.998179185,0.998179185,0.998179185,0
1810,I014,2004,2,8017,1,0.998515669,0.998515669,0.998515669,0
1811,I015,2002,2,8009,1,0.01269594,0.01269594,0.01269594,0
1812,I016,2002,2,8009,1,1.72e-4,1.72e-4,1.72e-4,0
1812,I016,2002,3,8010,1,3.98e-4,3.98e-4,3.98e-4,0
1812,I016,2002,4,8011,1,0.001018637,0.001018637,0.001018637,0
1812,I016,2003,2,8013,1,0.012119817,0.012119817,0.012119817,0
1812,I016,2003,4,8015,1,0.039893025,0.039893025,0.039893025,0
1812,I016,2004,3,8018,1,0.053207165,0.053207165,0.053207165,0
1812,I016,2006,4,8027,1,0.060336294,0.060336294,0.060336294,0
1813,I017,2002,2,8009,1,0.014175676,0.014175676,0.014175676,0
1813,I017,2002,3,8010,1,0.032858709,0.032858709,0.032858709,0
1813,I017,2002,4,8011,1,0.084047203,0.084047203,0.084047203,0
1813,I017,2003,2,8013,1,1,1,1,0
1813,I017,2003,3,8014,1,1,1,1,0
1813,I017,2003,4,8015,1,1,1,1,0
1814,I018,2002,2,8009,1,5.17e-5,5.17e-5,5.17e-5,0
1814,I018,2002,3,8010,1,1.2e-4,1.2e-4,1.2e-4,0
1814,I018,2002,4,8011,1,3.07e-4,3.07e-4,3.07e-4,0
1814,I018,2003,4,8015,1,0.002650571,0.002650571,0.002650571,0
1814,I018,2004,1,8016,1,0.005345996,0.005345996,0.005345996,0
1814,I018,2004,2,8017,1,0.019427523,0.019427523,0.019427523,0
1815,I019,2002,2,8009,1,1.17e-12,1.17e-12,1.17e-12,0
1815,I019,2002,3,8010,1,2.7e-12,2.7e-12,2.7e-12,0
1815,I019,2003,1,8012,1,1.48e-11,1.48e-11,1.48e-11,0
1815,I019,2003,4,8015,1,1e-10,1e-10,1e-10,0
1815,I019,2004,2,8017,1,4.05e-10,4.05e-10,4.05e-10,0
1815,I019,2004,4,8019,1,1.17e-9,1.17e-9,1.17e-9,0
1815,I019,2006,3,8026,1,1.72e-8,1.72e-8,1.72e-8,0
1815,I019,2006,4,8027,1,4.94e-8,4.94e-8,4.94e-8,0
1815,I019,2007,2,8029,1,4.03e-6,4.03e-6,4.03e-6,0
1815,I019,2008,2,8033,1,1.65e-4,1.65e-4,1.65e-4,0
1815,I019,2008,3,8034,1,0.001096852,0.001096852,0.001096852,0
1816,I020,2002,2,8009,1,4.32e-5,4.32e-5,4.32e-5,0
1816,I020,2002,3,8010,1,1e-4,1e-4,1e-4,0
1816,I020,2002,4,8011,1,2.56e-4,2.56e-4,2.56e-4,0
1816,I020,2003,1,8012,1,0.001513315,0.001513315,0.001513315,0
1816,I020,2004,2,8017,1,0.026336464,0.026336464,0.026336464,0
1817,I021,2002,2,8009,1,0.01269594,0.01269594,0.01269594,0
1818,I022,2002,2,8009,1,5.65e-4,5.65e-4,5.65e-4,0
1818,I022,2002,3,8010,1,0.00131065,0.00131065,0.00131065,0
1818,I022,2002,4,8011,1,0.003352429,0.003352429,0.003352429,0
1818,I022,2003,1,8012,1,0.019816796,0.019816796,0.019816796,0
1818,I022,2003,2,8013,1,0.105870369,0.105870369,0.105870369,0
1818,I022,2003,3,8014,1,0.34500052,0.34500052,0.34500052,0
1818,I022,2003,4,8015,1,0.999999999,0.999999999,0.999999999,0
1818,I022,2004,2,8017,1,1,1,1,0
1819,I023,2002,2,8009,1,0.201156361,0.201156361,0.201156361,0
1820,I024,2002,2,8009,1,7.99e-4,7.99e-4,7.99e-4,0
1820,I024,2003,3,8014,1,0.006330126,0.006330126,0.006330126,0
1820,I024,2004,2,8017,1,0.020407825,0.020407825,0.020407825,0
1821,I025,2002,2,8009,1,0.01269594,0.01269594,0.01269594,0
1822,I026,2002,2,8009,1,0.01269594,0.01269594,0.01269594,0
1823,I027,2002,2,8009,1,2.37e-5,2.37e-5,2.37e-5,0
1823,I027,2002,3,8010,1,5.5e-5,5.5e-5,5.5e-5,0
1823,I027,2002,4,8011,1,1.41e-4,1.41e-4,1.41e-4,0
1823,I027,2003,1,8012,1,4.47e-4,4.47e-4,4.47e-4,0
1823,I027,2004,2,8017,1,0.006488471,0.006488471,0.006488471,0
1823,I027,2004,4,8019,1,0.013347859,0.013347859,0.013347859,0
1824,I028,2002,2,8009,1,0.01269594,0.01269594,0.01269594,0
1825,I029,2002,3,8010,1,0.01269594,0.01269594,0.01269594,0
1826,I030,2002,3,8010,2,6.99e-8,6.99e-8,6.99e-8,0
1826,I030,2002,4,8011,1,1.84e-7,1.84e-7,1.84e-7,0
1826,I030,2003,1,8012,1,1.1e-6,1.1e-6,1.1e-6,0
1826,I030,2003,2,8013,1,5.89e-6,5.89e-6,5.89e-6,0
1826,I030,2003,3,8014,1,1.92e-5,1.92e-5,1.92e-5,0
1826,I030,2004,1,8016,1,1.24e-4,1.24e-4,1.24e-4,0
1826,I030,2004,3,8018,1,7.1e-4,7.1e-4,7.1e-4,0
1826,I030,2004,4,8019,2,0.001341094,0.001341094,0.001341094,0
1827,I031,2002,3,8010,1,0.01269594,0.01269594,0.01269594,0
1828,I032,2002,3,8010,1,0.01269594,0.01269594,0.01269594,0
1829,I033,2002,3,8010,1,0.201156361,0.201156361,0.201156361,0
1830,I034,2002,3,8010,2,0.948869449,0.948869449,0.948869449,0
1830,I034,2002,4,8011,1,0.957959001,0.957959001,0.957959001,0
1830,I034,2003,1,8012,1,0.961702009,0.961702009,0.961702009,0
1831,I035,2002,3,8010,2,9.56e-12,9.56e-12,9.56e-12,0
1831,I035,2002,4,8011,1,2.51e-11,2.51e-11,2.51e-11,0
1831,I035,2003,2,8013,1,3.03e-10,3.03e-10,3.03e-10,0
1831,I035,2003,3,8014,1,4.91e-10,4.91e-10,4.91e-10,0
1831,I035,2004,3,8018,1,3.9e-9,3.9e-9,3.9e-9,0
1831,I035,2005,2,8021,1,1.51e-8,1.51e-8,1.51e-8,0
1831,I035,2005,3,8022,1,2.9e-8,2.9e-8,2.9e-8,0
1831,I035,2005,4,8023,1,6.69e-8,6.69e-8,6.69e-8,0
1831,I035,2006,2,8025,1,7.57e-7,7.57e-7,7.57e-7,0
1831,I035,2007,2,8029,1,5.6e-6,5.6e-6,5.6e-6,0
1831,I035,2007,4,8031,1,5.34e-5,5.34e-5,5.34e-5,0
1831,I035,2009,2,8037,1,0.00521412,0.00521412,0.00521412,0
1831,I035,2009,4,8039,1,0.033998516,0.033998516,0.033998516,0
1831,I035,2010,2,8041,1,0.602577843,0.602577843,0.602577843,0
1832,I036,2002,3,8010,1,0.01269594,0.01269594,0.01269594,0
1833,I037,2002,3,8010,2,7.58e-4,7.58e-4,7.58e-4,0
1833,I037,2002,4,8011,1,0.003542811,0.003542811,0.003542811,0
1833,I037,2003,2,8013,1,0.053371619,0.053371619,0.053371619,0
1833,I037,2003,3,8014,1,0.057256163,0.057256163,0.057256163,0
1834,I038,2002,3,8010,1,0.01269594,0.01269594,0.01269594,0
1835,I039,2002,3,8010,2,1.86e-4,1.86e-4,1.86e-4,0
1835,I039,2002,4,8011,1,8.71e-4,8.71e-4,8.71e-4,0
1835,I039,2003,1,8012,1,0.001152394,0.001152394,0.001152394,0
1835,I039,2003,2,8013,1,0.002625227,0.002625227,0.002625227,0
1835,I039,2003,3,8014,1,0.006718012,0.006718012,0.006718012,0
1836,I040,2002,3,8010,2,0.014204217,0.014204217,0.014204217,0
1836,I040,2002,4,8011,1,0.066380049,0.066380049,0.066380049,0
1836,I040,2003,2,8013,1,1,1,1,0
1836,I040,2003,3,8014,1,1,1,1,0
1837,I041,2002,3,8010,1,0.201156361,0.201156361,0.201156361,0
1838,I042,2002,3,8010,1,5.41e-6,5.41e-6,5.41e-6,0
1838,I042,2002,4,8011,1,1.01e-5,1.01e-5,1.01e-5,0
1838,I042,2003,2,8013,1,9.3e-5,9.3e-5,9.3e-5,0
1838,I042,2003,3,8014,1,2.2e-4,2.2e-4,2.2e-4,0
1838,I042,2003,4,8015,1,3.73e-4,3.73e-4,3.73e-4,0
1838,I042,2004,2,8017,1,0.003101937,0.003101937,0.003101937,0
1838,I042,2004,3,8018,1,0.007265187,0.007265187,0.007265187,0
1839,I043,2002,3,8010,1,0.003064592,0.003064592,0.003064592,0
1839,I043,2003,1,8012,1,0.010628072,0.010628072,0.010628072,0
1840,I044,2002,3,8010,1,0.01269594,0.01269594,0.01269594,0
1841,I045,2002,3,8010,1,9.01e-6,9.01e-6,9.01e-6,0
1841,I045,2002,4,8011,1,1.67e-5,1.67e-5,1.67e-5,0
1841,I045,2003,2,8013,1,2.38e-5,2.38e-5,2.38e-5,0
1841,I045,2003,3,8014,1,3.46e-5,3.46e-5,3.46e-5,0
1841,I045,2003,4,8015,1,6.41e-5,6.41e-5,6.41e-5,0
1841,I045,2005,3,8022,1,0.001601438,0.001601438,0.001601438,0
1841,I045,2006,3,8026,1,0.005021467,0.005021467,0.005021467,0
1842,I046,2002,3,8010,1,0.01269594,0.01269594,0.01269594,0
1843,I047,2002,3,8010,1,7.32e-4,7.32e-4,7.32e-4,0
1843,I047,2002,4,8011,1,0.00135998,0.00135998,0.00135998,0
1843,I047,2003,2,8013,1,0.01258866,0.01258866,0.01258866,0
1844,I048,2002,3,8010,1,0.011623938,0.011623938,0.011623938,0
1844,I048,2002,4,8011,1,0.02158253,0.02158253,0.02158253,0
1844,I048,2003,2,8013,1,0.199778836,0.199778836,0.199778836,0
1845,I049,2002,3,8010,1,0.003355999,0.003355999,0.003355999,0
1845,I049,2004,3,8018,1,0.040562564,0.040562564,0.040562564,0
1846,I050,2002,4,8011,1,0.012383271,0.012383271,0.012383271,0
1846,I050,2003,1,8012,1,0.03255858,0.03255858,0.03255858,0
1846,I050,2003,2,8013,1,0.138007969,0.138007969,0.138007969,0
1847,I051,2002,4,8011,1,0.01269594,0.01269594,0.01269594,0
1848,I052,2002,4,8011,1,0.008529055,0.008529055,0.008529055,0
1848,I052,2003,1,8012,1,0.022424925,0.022424925,0.022424925,0
1848,I052,2005,2,8021,1,0.493549014,0.493549014,0.493549014,0
1849,J001,1998,1,7992,1,0.583170508,0.583170508,0.583170508,0
1849,J001,1998,2,7993,1,1,1,1,0
1849,J001,1998,3,7994,1,1,1,1,0
1850,J002,1998,2,7993,1,6.16e-5,6.16e-5,6.16e-5,0
1850,J002,1998,3,7994,1,1.28e-4,1.28e-4,1.28e-4,0
1850,J002,1998,4,7995,1,3.09e-4,3.09e-4,3.09e-4,0
1850,J002,1999,1,7996,1,0.001599996,0.001599996,0.001599996,0
1850,J002,1999,2,7997,1,0.008330958,0.008330958,0.008330958,0
1851,J003,1998,2,7993,1,2.28e-8,2.28e-8,2.28e-8,0
1851,J003,1998,3,7994,1,4.74e-8,4.74e-8,4.74e-8,0
1851,J003,1998,4,7995,1,7.71e-8,7.71e-8,7.71e-8,0
1851,J003,1999,2,7997,1,5.46e-7,5.46e-7,5.46e-7,0
1851,J003,1999,3,7998,2,1.26e-6,1.26e-6,1.26e-6,0
1851,J003,2000,2,8001,1,4.04e-5,4.04e-5,4.04e-5,0
1851,J003,2000,4,8003,1,1.17e-4,1.17e-4,1.17e-4,0
1851,J003,2001,3,8006,2,7.67e-4,7.67e-4,7.67e-4,0
1851,J003,2001,4,8007,1,0.002776392,0.002776392,0.002776392,0
1851,J003,2002,2,8009,1,0.04131866,0.04131866,0.04131866,0
1851,J003,2003,2,8013,1,0.294848548,0.294848548,0.294848548,0
1852,J004,1998,2,7993,1,0.018906132,0.018906132,0.018906132,0
1853,J005,1998,2,7993,1,9.09e-7,9.09e-7,9.09e-7,0
1853,J005,1998,3,7994,1,1.89e-6,1.89e-6,1.89e-6,0
1853,J005,1998,4,7995,1,4.56e-6,4.56e-6,4.56e-6,0
1853,J005,1999,1,7996,1,2.36e-5,2.36e-5,2.36e-5,0
1853,J005,1999,3,7998,2,1.87e-4,1.87e-4,1.87e-4,0
1853,J005,2000,1,8000,1,0.002185,0.002185,0.002185,0
1853,J005,2001,4,8007,1,0.031520823,0.031520823,0.031520823,0
1854,J006,1998,2,7993,1,1.48e-5,1.48e-5,1.48e-5,0
1854,J006,1999,1,7996,1,5.76e-5,5.76e-5,5.76e-5,0
1854,J006,1999,2,7997,1,1.45e-4,1.45e-4,1.45e-4,0
1854,J006,1999,3,7998,3,3.89e-4,3.89e-4,3.89e-4,0
1855,J007,1998,2,7993,1,2.63e-4,2.63e-4,2.63e-4,0
1855,J007,1998,3,7994,1,5.46e-4,5.46e-4,5.46e-4,0
1855,J007,1998,4,7995,1,0.001319093,0.001319093,0.001319093,0
1855,J007,1999,2,7997,1,0.013519882,0.013519882,0.013519882,0
1856,J008,1998,2,7993,1,0.071248132,0.071248132,0.071248132,0
1856,J008,1998,3,7994,1,0.147923897,0.147923897,0.147923897,0
1856,J008,1998,4,7995,1,0.357475839,0.357475839,0.357475839,0
1856,J008,1999,3,7998,1,0.58629378,0.58629378,0.58629378,0
1856,J008,1999,4,7999,1,0.594673767,0.594673767,0.594673767,0
1856,J008,2001,3,8006,1,0.754060072,0.754060072,0.754060072,0
1857,J009,1998,2,7993,1,0.018906132,0.018906132,0.018906132,0
1858,J010,1998,2,7993,1,3.33e-5,3.33e-5,3.33e-5,0
1858,J010,1998,3,7994,1,6.91e-5,6.91e-5,6.91e-5,0
1858,J010,1998,4,7995,1,1.67e-4,1.67e-4,1.67e-4,0
1858,J010,1999,1,7996,1,8.64e-4,8.64e-4,8.64e-4,0
1858,J010,1999,3,7998,2,0.006850233,0.006850233,0.006850233,0
1858,J010,2000,2,8001,1,0.063838008,0.063838008,0.063838008,0
1858,J010,2000,3,8002,1,0.132229083,0.132229083,0.132229083,0
1859,J011,1998,2,7993,1,2.57e-4,2.57e-4,2.57e-4,0
1859,J011,1998,3,7994,1,5.34e-4,5.34e-4,5.34e-4,0
1859,J011,1998,4,7995,1,0.001290682,0.001290682,0.001290682,0
1859,J011,1999,1,7996,1,0.006677159,0.006677159,0.006677159,0
1860,J012,1998,2,7993,1,0.22221788,0.22221788,0.22221788,0
1860,J012,1998,3,7994,2,0.461364161,0.461364161,0.461364161,0
1860,J012,1998,4,7995,2,0.604466445,0.604466445,0.604466445,0
1860,J012,1999,1,7996,1,0.827534146,0.827534146,0.827534146,0
1860,J012,1999,2,7997,1,0.886939244,0.886939244,0.886939244,0
1860,J012,1999,3,7998,1,0.895356673,0.895356673,0.895356673,0
1860,J012,1999,4,7999,1,0.896532936,0.896532936,0.896532936,0
1860,J012,2000,2,8001,1,0.915013314,0.915013314,0.915013314,0
1861,J013,1998,2,7993,1,2.15e-4,2.15e-4,2.15e-4,0
1861,J013,1998,3,7994,2,4.47e-4,4.47e-4,4.47e-4,0
1861,J013,1999,1,7996,2,8.16e-4,8.16e-4,8.16e-4,0
1861,J013,1999,3,7998,2,0.009298693,0.009298693,0.009298693,0
1861,J013,2001,4,8007,1,0.467904467,0.467904467,0.467904467,0
1861,J013,2002,2,8009,1,0.999999997,0.999999997,0.999999997,0
1862,J014,1998,2,7993,1,6.29e-5,6.29e-5,6.29e-5,0
1862,J014,1998,4,7995,1,1.74e-4,1.74e-4,1.74e-4,0
1862,J014,1999,1,7996,1,4.81e-4,4.81e-4,4.81e-4,0
1862,J014,1999,2,7997,1,0.00208415,0.00208415,0.00208415,0
1862,J014,1999,3,7998,1,0.006531773,0.006531773,0.006531773,0
1863,J015,1998,2,7993,1,2.59e-6,2.59e-6,2.59e-6,0
1863,J015,1998,3,7994,1,5.38e-6,5.38e-6,5.38e-6,0
1863,J015,1998,4,7995,1,1.3e-5,1.3e-5,1.3e-5,0
1863,J015,1999,1,7996,1,6.73e-5,6.73e-5,6.73e-5,0
1863,J015,1999,2,7997,1,3.5e-4,3.5e-4,3.5e-4,0
1863,J015,1999,3,7998,1,0.001136149,0.001136149,0.001136149,0
1863,J015,2000,2,8001,1,0.011164316,0.011164316,0.011164316,0
1863,J015,2000,3,8002,1,0.0117789,0.0117789,0.0117789,0
1863,J015,2001,3,8006,2,0.02196987,0.02196987,0.02196987,0
1863,J015,2002,2,8009,1,0.085765546,0.085765546,0.085765546,0
1863,J015,2003,2,8013,1,0.237617608,0.237617608,0.237617608,0
1863,J015,2004,3,8018,2,0.988094168,0.988094168,0.988094168,0
1863,J015,2004,4,8019,1,0.992234517,0.992234517,0.992234517,0
1863,J015,2005,2,8021,1,0.996208568,0.996208568,0.996208568,0
1863,J015,2005,3,8022,1,0.996517482,0.996517482,0.996517482,0
1864,J016,1998,2,7993,1,0.001079252,0.001079252,0.001079252,0
1864,J016,1998,3,7994,1,0.002240722,0.002240722,0.002240722,0
1864,J016,1998,4,7995,1,0.005414973,0.005414973,0.005414973,0
1865,J017,1998,2,7993,1,1.72e-10,1.72e-10,1.72e-10,0
1865,J017,1998,3,7994,1,3.58e-10,3.58e-10,3.58e-10,0
1865,J017,1998,4,7995,1,8.64e-10,8.64e-10,8.64e-10,0
1865,J017,1999,1,7996,1,4.47e-9,4.47e-9,4.47e-9,0
1865,J017,1999,2,7997,1,2.33e-8,2.33e-8,2.33e-8,0
1865,J017,1999,3,7998,2,7.55e-8,7.55e-8,7.55e-8,0
1865,J017,2000,3,8002,1,3.73e-6,3.73e-6,3.73e-6,0
1865,J017,2000,4,8003,1,5.92e-6,5.92e-6,5.92e-6,0
1865,J017,2001,3,8006,2,5.34e-5,5.34e-5,5.34e-5,0
1865,J017,2002,3,8010,1,0.00109117,0.00109117,0.00109117,0
1865,J017,2003,2,8013,1,0.004408659,0.004408659,0.004408659,0
1865,J017,2003,3,8014,1,0.008494126,0.008494126,0.008494126,0
1866,J018,1998,2,7993,1,0.004546395,0.004546395,0.004546395,0
1866,J018,1998,3,7994,1,0.009439132,0.009439132,0.009439132,0
1867,J019,1998,2,7993,1,0.001098283,0.001098283,0.001098283,0
1867,J019,1998,3,7994,1,0.002280233,0.002280233,0.002280233,0
1867,J019,1999,1,7996,1,0.010874176,0.010874176,0.010874176,0
1868,J020,1998,2,7993,1,2.69e-4,2.69e-4,2.69e-4,0
1868,J020,1998,3,7994,1,5.59e-4,5.59e-4,5.59e-4,0
1868,J020,1999,2,7997,1,0.004265402,0.004265402,0.004265402,0
1868,J020,1999,3,7998,1,0.008703303,0.008703303,0.008703303,0
1869,J021,1998,2,7993,1,0.001125203,0.001125203,0.001125203,0
1869,J021,1998,4,7995,1,0.003107989,0.003107989,0.003107989,0
1869,J021,1999,2,7997,1,0.015286923,0.015286923,0.015286923,0
1870,J022,1998,2,7993,1,1.67e-5,1.67e-5,1.67e-5,0
1870,J022,1998,4,7995,1,4.61e-5,4.61e-5,4.61e-5,0
1870,J022,1999,1,7996,1,1.28e-4,1.28e-4,1.28e-4,0
1870,J022,1999,2,7997,1,5.53e-4,5.53e-4,5.53e-4,0
1870,J022,2000,3,8002,1,0.006228495,0.006228495,0.006228495,0
1870,J022,2001,3,8006,1,0.0225313,0.0225313,0.0225313,0
1871,J023,1998,2,7993,1,5.12e-7,5.12e-7,5.12e-7,0
1871,J023,1998,3,7994,1,1.06e-6,1.06e-6,1.06e-6,0
1871,J023,1998,4,7995,1,2.57e-6,2.57e-6,2.57e-6,0
1871,J023,1999,1,7996,1,1.33e-5,1.33e-5,1.33e-5,0
1871,J023,1999,3,7998,3,1.8e-5,1.8e-5,1.8e-5,0
1871,J023,1999,4,7999,1,1.11e-4,1.11e-4,1.11e-4,0
1871,J023,2000,2,8001,1,7.57e-4,7.57e-4,7.57e-4,0
1871,J023,2000,3,8002,1,0.001745039,0.001745039,0.001745039,0
1871,J023,2001,3,8006,1,0.018121395,0.018121395,0.018121395,0
1872,J024,1998,2,7993,1,3.55e-5,3.55e-5,3.55e-5,0
1872,J024,1998,3,7994,1,7.38e-5,7.38e-5,7.38e-5,0
1872,J024,1998,4,7995,1,1.78e-4,1.78e-4,1.78e-4,0
1872,J024,1999,1,7996,1,9.23e-4,9.23e-4,9.23e-4,0
1872,J024,1999,2,7997,1,0.004803716,0.004803716,0.004803716,0
1872,J024,1999,3,7998,2,0.009571745,0.009571745,0.009571745,0
1872,J024,1999,4,7999,1,0.012428489,0.012428489,0.012428489,0
1873,J025,1998,2,7993,1,0.481653967,0.481653967,0.481653967,0
1873,J025,1998,3,7994,1,0.999999994,0.999999994,0.999999994,0
1874,J026,1998,2,7993,1,0.48165397,0.48165397,0.48165397,0
1874,J026,1998,3,7994,1,1,1,1,0
1874,J026,1999,1,7996,1,1,1,1,0
1875,J027,1998,2,7993,1,0.004546395,0.004546395,0.004546395,0
1875,J027,1998,3,7994,1,0.009439132,0.009439132,0.009439132,0
1876,J028,1998,2,7993,1,2.09e-7,2.09e-7,2.09e-7,0
1876,J028,1998,3,7994,1,4.34e-7,4.34e-7,4.34e-7,0
1876,J028,1998,4,7995,1,1.05e-6,1.05e-6,1.05e-6,0
1876,J028,1999,1,7996,2,5.42e-6,5.42e-6,5.42e-6,0
1876,J028,1999,2,7997,1,1.03e-4,1.03e-4,1.03e-4,0
1876,J028,1999,3,7998,1,3.75e-4,3.75e-4,3.75e-4,0
1876,J028,2000,2,8001,1,0.003839954,0.003839954,0.003839954,0
1876,J028,2001,2,8005,1,0.020548219,0.020548219,0.020548219,0
1877,J029,1998,2,7993,1,5.01e-8,5.01e-8,5.01e-8,0
1877,J029,1998,3,7994,1,1.04e-7,1.04e-7,1.04e-7,0
1877,J029,1998,4,7995,1,2.51e-7,2.51e-7,2.51e-7,0
1877,J029,1999,1,7996,1,1.3e-6,1.3e-6,1.3e-6,0
1877,J029,1999,2,7997,1,6.77e-6,6.77e-6,6.77e-6,0
1877,J029,1999,3,7998,1,2.2e-5,2.2e-5,2.2e-5,0
1877,J029,1999,4,7999,1,6.35e-5,6.35e-5,6.35e-5,0
1877,J029,2000,2,8001,1,7.16e-4,7.16e-4,7.16e-4,0
1877,J029,2000,4,8003,1,0.002350878,0.002350878,0.002350878,0
1877,J029,2001,4,8007,1,0.018479058,0.018479058,0.018479058,0
1878,J030,1998,2,7993,1,0.001068106,0.001068106,0.001068106,0
1878,J030,1998,3,7994,2,0.00221758,0.00221758,0.00221758,0
1879,J031,1998,2,7993,1,4.08e-4,4.08e-4,4.08e-4,0
1879,J031,1998,3,7994,3,8.48e-4,8.48e-4,8.48e-4,0
1879,J031,1998,4,7995,1,0.022930629,0.022930629,0.022930629,0
1879,J031,1999,1,7996,1,0.180144922,0.180144922,0.180144922,0
1879,J031,1999,2,7997,2,1,1,1,0
1879,J031,1999,3,7998,1,1,1,1,0
1880,J032,1998,2,7993,1,0.018906132,0.018906132,0.018906132,0
1881,J033,1998,2,7993,1,2.71e-4,2.71e-4,2.71e-4,0
1881,J033,1998,3,7994,2,5.63e-4,5.63e-4,5.63e-4,0
1881,J033,1998,4,7995,2,0.003980457,0.003980457,0.003980457,0
1881,J033,1999,1,7996,1,0.108305553,0.108305553,0.108305553,0
1881,J033,1999,2,7997,1,0.652349343,0.652349343,0.652349343,0
1881,J033,1999,3,7998,2,0.729437849,0.729437849,0.729437849,0
1881,J033,1999,4,7999,1,0.775625071,0.775625071,0.775625071,0
1881,J033,2000,4,8003,1,0.834322126,0.834322126,0.834322126,0
1882,J034,1998,2,7993,1,3.39e-8,3.39e-8,3.39e-8,0
1882,J034,1998,3,7994,3,3.58e-8,3.58e-8,3.58e-8,0
1882,J034,1998,4,7995,2,1.29e-7,1.29e-7,1.29e-7,0
1882,J034,1999,1,7996,2,2.99e-6,2.99e-6,2.99e-6,0
1882,J034,1999,2,7997,1,3.13e-5,3.13e-5,3.13e-5,0
1882,J034,1999,3,7998,2,1.1e-4,1.1e-4,1.1e-4,0
1882,J034,1999,4,7999,2,1.12e-4,1.12e-4,1.12e-4,0
1882,J034,2000,3,8002,2,3.31e-4,3.31e-4,3.31e-4,0
1882,J034,2001,3,8006,1,0.004427246,0.004427246,0.004427246,0
1882,J034,2002,3,8010,1,0.021866861,0.021866861,0.021866861,0
1883,J035,1998,2,7993,1,0.271271608,0.271271608,0.271271608,0
1883,J035,1998,3,7994,2,0.563208497,0.563208497,0.563208497,0
1883,J035,1998,4,7995,1,0.737900051,0.737900051,0.737900051,0
1883,J035,1999,1,7996,1,0.801411882,0.801411882,0.801411882,0
1883,J035,1999,2,7997,1,0.948056252,0.948056252,0.948056252,0
1883,J035,1999,4,7999,1,0.982096708,0.982096708,0.982096708,0
1883,J035,2000,3,8002,1,0.996527754,0.996527754,0.996527754,0
1883,J035,2001,3,8006,1,0.999737905,0.999737905,0.999737905,0
1883,J035,2001,4,8007,1,0.999836681,0.999836681,0.999836681,0
1883,J035,2002,3,8010,1,0.999967885,0.999967885,0.999967885,0
1883,J035,2003,3,8014,1,1,1,1,0
1883,J035,2003,4,8015,1,1,1,1,0
1884,J036,1998,2,7993,1,2.57e-4,2.57e-4,2.57e-4,0
1884,J036,1998,3,7994,1,5.34e-4,5.34e-4,5.34e-4,0
1884,J036,1998,4,7995,1,0.001290682,0.001290682,0.001290682,0
1884,J036,1999,1,7996,1,0.006677159,0.006677159,0.006677159,0
1885,J037,1998,2,7993,1,9.7e-7,9.7e-7,9.7e-7,0
1885,J037,1998,3,7994,1,2.01e-6,2.01e-6,2.01e-6,0
1885,J037,1999,2,7997,1,1.54e-5,1.54e-5,1.54e-5,0
1885,J037,1999,3,7998,1,3.14e-5,3.14e-5,3.14e-5,0
1885,J037,2000,2,8001,1,2.35e-4,2.35e-4,2.35e-4,0
1885,J037,2001,2,8005,1,0.001219204,0.001219204,0.001219204,0
1885,J037,2001,4,8007,1,0.00268188,0.00268188,0.00268188,0
1885,J037,2002,2,8009,1,0.01362489,0.01362489,0.01362489,0
1886,J038,1998,2,7993,1,0.018906132,0.018906132,0.018906132,0
1887,J039,1998,2,7993,1,0.006501368,0.006501368,0.006501368,0
1887,J039,1998,3,7994,1,0.013498005,0.013498005,0.013498005,0
1887,J039,1998,4,7995,1,0.032619549,0.032619549,0.032619549,0
1887,J039,1999,1,7996,1,0.168752641,0.168752641,0.168752641,0
1887,J039,1999,2,7997,1,0.878671598,0.878671598,0.878671598,0
1887,J039,1999,3,7998,1,0.979263853,0.979263853,0.979263853,0
1887,J039,1999,4,7999,1,0.993320747,0.993320747,0.993320747,0
1887,J039,2000,1,8000,1,0.99840151,0.99840151,0.99840151,0
1887,J039,2000,2,8001,1,0.999758442,0.999758442,0.999758442,0
1887,J039,2000,3,8002,1,0.999951079,0.999951079,0.999951079,0
1887,J039,2000,4,8003,1,0.999978032,0.999978032,0.999978032,0
1887,J039,2001,2,8005,1,1,1,1,0
1888,J040,1998,2,7993,1,2.77e-9,2.77e-9,2.77e-9,0
1888,J040,1998,3,7994,1,5.74e-9,5.74e-9,5.74e-9,0
1888,J040,1998,4,7995,1,1.39e-8,1.39e-8,1.39e-8,0
1888,J040,1999,2,7997,1,1.42e-7,1.42e-7,1.42e-7,0
1888,J040,1999,3,7998,1,3.38e-7,3.38e-7,3.38e-7,0
1888,J040,1999,4,7999,1,8.73e-7,8.73e-7,8.73e-7,0
1888,J040,2000,2,8001,1,9.28e-6,9.28e-6,9.28e-6,0
1888,J040,2000,3,8002,1,2.21e-5,2.21e-5,2.21e-5,0
1888,J040,2000,4,8003,1,5.73e-5,5.73e-5,5.73e-5,0
1888,J040,2001,2,8005,1,6.19e-4,6.19e-4,6.19e-4,0
1888,J040,2001,3,8006,1,0.00147886,0.00147886,0.00147886,0
1888,J040,2001,4,8007,1,0.003837454,0.003837454,0.003837454,0
1889,J041,1998,2,7993,1,3.1e-4,3.1e-4,3.1e-4,0
1889,J041,1999,1,7996,1,3.56e-4,3.56e-4,3.56e-4,0
1889,J041,1999,2,7997,1,4.49e-4,4.49e-4,4.49e-4,0
1889,J041,1999,3,7998,1,7.1e-4,7.1e-4,7.1e-4,0
1889,J041,2000,2,8001,1,0.004036852,0.004036852,0.004036852,0
1889,J041,2000,3,8002,1,0.008029263,0.008029263,0.008029263,0
1890,J042,1998,2,7993,1,2.24e-6,2.24e-6,2.24e-6,0
1890,J042,1998,3,7994,1,4.65e-6,4.65e-6,4.65e-6,0
1890,J042,1998,4,7995,1,1.12e-5,1.12e-5,1.12e-5,0
1890,J042,1999,2,7997,1,1.15e-4,1.15e-4,1.15e-4,0
1890,J042,1999,3,7998,1,1.23e-4,1.23e-4,1.23e-4,0
1890,J042,2000,2,8001,1,2.26e-4,2.26e-4,2.26e-4,0
1890,J042,2000,3,8002,1,3.5e-4,3.5e-4,3.5e-4,0
1890,J042,2001,2,8005,1,0.001950263,0.001950263,0.001950263,0
1890,J042,2001,3,8006,1,0.00388224,0.00388224,0.00388224,0
1890,J042,2001,4,8007,1,0.009180724,0.009180724,0.009180724,0
1891,J043,1998,2,7993,1,0.018906132,0.018906132,0.018906132,0
1892,J044,1998,2,7993,1,8.44e-5,8.44e-5,8.44e-5,0
1892,J044,1998,3,7994,1,1.75e-4,1.75e-4,1.75e-4,0
1892,J044,2000,3,8002,1,0.002898983,0.002898983,0.002898983,0
1892,J044,2003,3,8014,1,0.016112381,0.016112381,0.016112381,0
1892,J044,2003,4,8015,1,0.018724938,0.018724938,0.018724938,0
1893,J045,1998,2,7993,1,0.018906132,0.018906132,0.018906132,0
1894,J046,1998,2,7993,1,0.004546395,0.004546395,0.004546395,0
1894,J046,1998,3,7994,1,0.009439132,0.009439132,0.009439132,0
1895,J047,1998,2,7993,1,0.018906132,0.018906132,0.018906132,0
1896,J048,1998,2,7993,1,0.004546395,0.004546395,0.004546395,0
1896,J048,1998,3,7994,1,0.009439132,0.009439132,0.009439132,0
1897,J049,1998,2,7993,1,0.356410504,0.356410504,0.356410504,0
1897,J049,1998,3,7994,2,0.739972109,0.739972109,0.739972109,0
1897,J049,1998,4,7995,2,0.841593178,0.841593178,0.841593178,0
1897,J049,1999,1,7996,1,1,1,1,0
1897,J049,1999,3,7998,2,1,1,1,0
1897,J049,1999,4,7999,1,1,1,1,0
1898,J050,1998,2,7993,1,0.049728702,0.049728702,0.049728702,0
1898,J050,1998,3,7994,1,0.103245701,0.103245701,0.103245701,0
1898,J050,1999,3,7998,2,0.978920057,0.978920057,0.978920057,0
1898,J050,2000,1,8000,2,0.994424324,0.994424324,0.994424324,0
1898,J050,2000,3,8002,1,0.995355013,0.995355013,0.995355013,0
1899,J051,1998,2,7993,1,0.479841857,0.479841857,0.479841857,0
1899,J051,1998,3,7994,3,0.996237728,0.996237728,0.996237728,0
1899,J051,1998,4,7995,2,0.9996928,0.9996928,0.9996928,0
1899,J051,1999,1,7996,2,0.999967835,0.999967835,0.999967835,0
1899,J051,1999,3,7998,2,0.999994251,0.999994251,0.999994251,0
1899,J051,1999,4,7999,1,0.999997004,0.999997004,0.999997004,0
1899,J051,2000,3,8002,2,1,1,1,0
1899,J051,2000,4,8003,1,1,1,1,0
1900,J052,1998,2,7993,1,0.004546395,0.004546395,0.004546395,0
1900,J052,1998,3,7994,1,0.009439132,0.009439132,0.009439132,0
1901,J053,1998,2,7993,1,7.03e-4,7.03e-4,7.03e-4,0
1901,J053,1998,4,7995,1,0.001942063,0.001942063,0.001942063,0
1901,J053,1999,3,7998,2,0.012254991,0.012254991,0.012254991,0
1901,J053,1999,4,7999,1,0.043965312,0.043965312,0.043965312,0
1901,J053,2000,1,8000,1,0.143337286,0.143337286,0.143337286,0
1901,J053,2000,3,8002,2,1,1,1,0
1901,J053,2000,4,8003,1,1,1,1,0
1901,J053,2001,2,8005,1,1,1,1,0
1901,J053,2001,3,8006,2,1,1,1,0
1901,J053,2002,3,8010,1,1,1,1,0
1901,J053,2002,4,8011,1,1,1,1,0
1902,J054,1998,2,7993,1,4.72e-8,4.72e-8,4.72e-8,0
1902,J054,1998,3,7994,1,9.8e-8,9.8e-8,9.8e-8,0
1902,J054,1998,4,7995,1,2.37e-7,2.37e-7,2.37e-7,0
1902,J054,1999,1,7996,1,1.23e-6,1.23e-6,1.23e-6,0
1902,J054,1999,3,7998,1,9.72e-6,9.72e-6,9.72e-6,0
1902,J054,1999,4,7999,1,1.89e-5,1.89e-5,1.89e-5,0
1902,J054,2001,2,8005,1,3.68e-4,3.68e-4,3.68e-4,0
1902,J054,2001,3,8006,1,5.54e-4,5.54e-4,5.54e-4,0
1902,J054,2004,3,8018,1,0.010893675,0.010893675,0.010893675,0
1902,J054,2005,2,8021,1,0.021625203,0.021625203,0.021625203,0
1902,J054,2008,2,8033,1,0.196153546,0.196153546,0.196153546,0
1903,J055,1998,2,7993,1,2.79e-4,2.79e-4,2.79e-4,0
1903,J055,1999,3,7998,1,0.00172331,0.00172331,0.00172331,0
1903,J055,1999,4,7999,1,0.002407097,0.002407097,0.002407097,0
1903,J055,2000,1,8000,1,0.007246793,0.007246793,0.007246793,0
1904,J056,1998,2,7993,1,4.87e-5,4.87e-5,4.87e-5,0
1904,J056,1999,1,7996,1,1.9e-4,1.9e-4,1.9e-4,0
1904,J056,1999,3,7998,2,6.67e-4,6.67e-4,6.67e-4,0
1904,J056,2000,4,8003,1,0.015614852,0.015614852,0.015614852,0
1904,J056,2001,3,8006,1,0.055317113,0.055317113,0.055317113,0
1904,J056,2002,1,8008,1,0.141718321,0.141718321,0.141718321,0
1904,J056,2003,1,8012,1,1,1,1,0
1904,J056,2004,4,8019,1,1,1,1,0
1905,J057,1998,2,7993,1,0.018906132,0.018906132,0.018906132,0
1906,J058,1998,2,7993,1,2.36e-11,2.36e-11,2.36e-11,0
1906,J058,1998,3,7994,1,4.9e-11,4.9e-11,4.9e-11,0
1906,J058,1999,1,7996,1,2.34e-10,2.34e-10,2.34e-10,0
1906,J058,1999,3,7998,2,1.22e-9,1.22e-9,1.22e-9,0
1906,J058,1999,4,7999,1,5.79e-9,5.79e-9,5.79e-9,0
1906,J058,2000,3,8002,2,1.03e-7,1.03e-7,1.03e-7,0
1906,J058,2000,4,8003,1,2.36e-7,2.36e-7,2.36e-7,0
1906,J058,2001,3,8006,2,3.12e-6,3.12e-6,3.12e-6,0
1906,J058,2002,3,8010,2,6.61e-5,6.61e-5,6.61e-5,0
1906,J058,2003,4,8015,1,0.001335989,0.001335989,0.001335989,0
1906,J058,2004,4,8019,1,0.005791,0.005791,0.005791,0
1906,J058,2005,1,8020,1,0.011216352,0.011216352,0.011216352,0
1907,J059,1998,2,7993,1,0.018906132,0.018906132,0.018906132,0
1908,J060,1998,2,7993,1,1.08e-5,1.08e-5,1.08e-5,0
1908,J060,1998,3,7994,1,2.25e-5,2.25e-5,2.25e-5,0
1908,J060,1999,1,7996,1,1.07e-4,1.07e-4,1.07e-4,0
1908,J060,1999,3,7998,2,5.62e-4,5.62e-4,5.62e-4,0
1908,J060,2003,2,8013,1,0.018896967,0.018896967,0.018896967,0
1908,J060,2004,3,8018,1,0.041213777,0.041213777,0.041213777,0
1909,J061,1998,2,7993,1,0.018906132,0.018906132,0.018906132,0
1910,J062,1998,2,7993,1,2.73e-9,2.73e-9,2.73e-9,0
1910,J062,1998,3,7994,1,5.67e-9,5.67e-9,5.67e-9,0
1910,J062,1999,1,7996,1,2.71e-8,2.71e-8,2.71e-8,0
1910,J062,1999,3,7998,2,1.42e-7,1.42e-7,1.42e-7,0
1910,J062,1999,4,7999,1,6.7e-7,6.7e-7,6.7e-7,0
1910,J062,2000,1,8000,2,4.41e-6,4.41e-6,4.41e-6,0
1910,J062,2000,3,8002,1,1.43e-4,1.43e-4,1.43e-4,0
1910,J062,2000,4,8003,1,2.92e-4,2.92e-4,2.92e-4,0
1910,J062,2001,2,8005,1,0.002669131,0.002669131,0.002669131,0
1910,J062,2001,3,8006,1,0.006310335,0.006310335,0.006310335,0
1911,J063,1998,2,7993,1,2.18e-12,2.18e-12,2.18e-12,0
1911,J063,1998,3,7994,1,4.52e-12,4.52e-12,4.52e-12,0
1911,J063,1998,4,7995,1,1.09e-11,1.09e-11,1.09e-11,0
1911,J063,1999,1,7996,1,5.65e-11,5.65e-11,5.65e-11,0
1911,J063,1999,3,7998,2,4.48e-10,4.48e-10,4.48e-10,0
1911,J063,1999,4,7999,1,2.25e-9,2.25e-9,2.25e-9,0
1911,J063,2000,1,8000,1,1.5e-8,1.5e-8,1.5e-8,0
1911,J063,2000,3,8002,3,1.25e-7,1.25e-7,1.25e-7,0
1911,J063,2000,4,8003,1,2.31e-6,2.31e-6,2.31e-6,0
1911,J063,2001,2,8005,1,3.71e-5,3.71e-5,3.71e-5,0
1911,J063,2001,3,8006,1,9.04e-5,9.04e-5,9.04e-5,0
1911,J063,2002,4,8011,1,0.001272614,0.001272614,0.001272614,0
1911,J063,2003,1,8012,1,0.00247339,0.00247339,0.00247339,0
1911,J063,2003,3,8014,1,0.012817087,0.012817087,0.012817087,0
1912,J064,1998,2,7993,1,2.7e-4,2.7e-4,2.7e-4,0
1912,J064,1998,3,7994,1,5.61e-4,5.61e-4,5.61e-4,0
1912,J064,1999,3,7998,2,0.005318572,0.005318572,0.005318572,0
1913,J065,1998,2,7993,1,6.25e-5,6.25e-5,6.25e-5,0
1913,J065,1998,3,7994,1,1.3e-4,1.3e-4,1.3e-4,0
1913,J065,1998,4,7995,1,3.14e-4,3.14e-4,3.14e-4,0
1913,J065,1999,1,7996,1,0.001623242,0.001623242,0.001623242,0
1913,J065,1999,3,7998,1,0.012871235,0.012871235,0.012871235,0
1914,J066,1998,2,7993,1,0.999999999,0.999999999,0.999999999,0
1914,J066,1998,3,7994,1,1,1,1,0
1914,J066,1998,4,7995,1,1,1,1,0
1914,J066,1999,1,7996,1,1,1,1,0
1914,J066,1999,3,7998,1,1,1,1,0
1914,J066,1999,4,7999,1,1,1,1,0
1914,J066,2000,1,8000,1,1,1,1,0
1915,J067,1998,3,7994,1,1.54e-4,1.54e-4,1.54e-4,0
1915,J067,1999,3,7998,2,8e-4,8e-4,8e-4,0
1915,J067,2000,4,8003,1,0.012059131,0.012059131,0.012059131,0
1915,J067,2001,2,8005,1,0.034092593,0.034092593,0.034092593,0
1916,J068,1998,3,7994,1,3.92e-5,3.92e-5,3.92e-5,0
1916,J068,1999,3,7998,2,2.03e-4,2.03e-4,2.03e-4,0
1916,J068,1999,4,7999,1,6.24e-4,6.24e-4,6.24e-4,0
1916,J068,2000,1,8000,1,0.003603104,0.003603104,0.003603104,0
1916,J068,2000,3,8002,2,0.029282198,0.029282198,0.029282198,0
1916,J068,2000,4,8003,1,0.147936117,0.147936117,0.147936117,0
1916,J068,2001,1,8004,1,0.999999995,0.999999995,0.999999995,0
1916,J068,2001,2,8005,1,1,1,1,0
1916,J068,2001,3,8006,1,1,1,1,0
1916,J068,2002,1,8008,1,1,1,1,0
1917,J069,1998,3,7994,1,0.143737203,0.143737203,0.143737203,0
1917,J069,1999,3,7998,2,0.410646871,0.410646871,0.410646871,0
1917,J069,2000,1,8000,1,0.503187183,0.503187183,0.503187183,0
1917,J069,2000,3,8002,2,1,1,1,0
1917,J069,2001,2,8005,1,1,1,1,0
1917,J069,2001,3,8006,1,1,1,1,0
1917,J069,2002,3,8010,1,1,1,1,0
1918,J070,1998,3,7994,2,5.06e-8,5.06e-8,5.06e-8,0
1918,J070,1998,4,7995,1,2.03e-7,2.03e-7,2.03e-7,0
1918,J070,1999,1,7996,1,1.28e-6,1.28e-6,1.28e-6,0
1918,J070,1999,3,7998,1,1.06e-5,1.06e-5,1.06e-5,0
1918,J070,1999,4,7999,1,2.06e-5,2.06e-5,2.06e-5,0
1918,J070,2000,3,8002,1,2.33e-4,2.33e-4,2.33e-4,0
1918,J070,2001,2,8005,1,9.57e-4,9.57e-4,9.57e-4,0
1918,J070,2001,3,8006,1,0.001830252,0.001830252,0.001830252,0
1918,J070,2002,1,8008,1,0.009051915,0.009051915,0.009051915,0
1919,J071,1998,3,7994,2,3.71e-11,3.71e-11,3.71e-11,0
1919,J071,1998,4,7995,1,1.49e-10,1.49e-10,1.49e-10,0
1919,J071,1999,1,7996,1,9.42e-10,9.42e-10,9.42e-10,0
1919,J071,1999,3,7998,2,7.76e-9,7.76e-9,7.76e-9,0
1919,J071,1999,4,7999,1,3.92e-8,3.92e-8,3.92e-8,0
1919,J071,2000,1,8000,1,2.62e-7,2.62e-7,2.62e-7,0
1919,J071,2000,3,8002,3,2.18e-6,2.18e-6,2.18e-6,0
1919,J071,2001,1,8004,1,1.04e-4,1.04e-4,1.04e-4,0
1919,J071,2001,3,8006,2,6.54e-4,6.54e-4,6.54e-4,0
1919,J071,2002,1,8008,1,0.008331113,0.008331113,0.008331113,0
1919,J071,2002,3,8010,2,0.052565001,0.052565001,0.052565001,0
1920,J072,1998,3,7994,3,0.898301828,0.898301828,0.898301828,0
1920,J072,1998,4,7995,1,0.899842375,0.899842375,0.899842375,0
1920,J072,1999,3,7998,1,0.901524559,0.901524559,0.901524559,0
1921,J073,1998,3,7994,2,0.999999997,0.999999997,0.999999997,0
1921,J073,1998,4,7995,1,1,1,1,0
1922,J074,1998,3,7994,1,0.002599687,0.002599687,0.002599687,0
1922,J074,1998,4,7995,1,0.004420784,0.004420784,0.004420784,0
1922,J074,1999,2,7997,1,0.033155093,0.033155093,0.033155093,0
1922,J074,1999,3,7998,2,0.052527833,0.052527833,0.052527833,0
1923,J075,1998,3,7994,1,0.002330449,0.002330449,0.002330449,0
1923,J075,1998,4,7995,1,0.003962943,0.003962943,0.003962943,0
1923,J075,1999,1,7996,1,0.015585253,0.015585253,0.015585253,0
1923,J075,1999,2,7997,1,0.076194306,0.076194306,0.076194306,0
1923,J075,1999,3,7998,1,0.150653274,0.150653274,0.150653274,0
1924,J076,1998,3,7994,1,0.072371,0.072371,0.072371,0
1924,J076,1999,1,7996,1,0.207247571,0.207247571,0.207247571,0
1925,J077,1998,3,7994,1,0.494312886,0.494312886,0.494312886,0
1925,J077,1998,4,7995,1,0.840582234,0.840582234,0.840582234,0
1925,J077,1999,1,7996,1,0.966473841,0.966473841,0.966473841,0
1925,J077,1999,2,7997,1,1,1,1,0
1925,J077,1999,3,7998,3,1,1,1,0
1925,J077,1999,4,7999,1,1,1,1,0
1926,J078,1998,3,7994,1,0.013935805,0.013935805,0.013935805,0
1926,J078,1998,4,7995,1,0.023697926,0.023697926,0.023697926,0
1926,J078,1999,1,7996,1,0.093197948,0.093197948,0.093197948,0
1926,J078,1999,2,7997,1,0.455632845,0.455632845,0.455632845,0
1926,J078,1999,3,7998,2,0.506988205,0.506988205,0.506988205,0
1926,J078,2001,3,8006,1,0.524302764,0.524302764,0.524302764,0
1927,J079,1998,3,7994,1,2.3e-7,2.3e-7,2.3e-7,0
1927,J079,1999,1,7996,1,6.58e-7,6.58e-7,6.58e-7,0
1927,J079,1999,2,7997,1,2.05e-6,2.05e-6,2.05e-6,0
1927,J079,1999,3,7998,2,5.92e-6,5.92e-6,5.92e-6,0
1927,J079,2000,3,8002,1,2.77e-4,2.77e-4,2.77e-4,0
1927,J079,2002,2,8009,1,0.002014099,0.002014099,0.002014099,0
1927,J079,2002,3,8010,1,0.002957126,0.002957126,0.002957126,0
1927,J079,2002,4,8011,1,0.005540869,0.005540869,0.005540869,0
1928,J080,1998,3,7994,1,1.33e-7,1.33e-7,1.33e-7,0
1928,J080,1998,4,7995,1,2.26e-7,2.26e-7,2.26e-7,0
1928,J080,1999,1,7996,1,8.9e-7,8.9e-7,8.9e-7,0
1928,J080,1999,2,7997,1,2.42e-6,2.42e-6,2.42e-6,0
1928,J080,1999,3,7998,1,6.67e-6,6.67e-6,6.67e-6,0
1928,J080,2000,1,8000,1,3.75e-5,3.75e-5,3.75e-5,0
1928,J080,2000,3,8002,1,2.03e-4,2.03e-4,2.03e-4,0
1928,J080,2001,1,8004,1,6.8e-4,6.8e-4,6.8e-4,0
1928,J080,2001,2,8005,1,0.002246501,0.002246501,0.002246501,0
1928,J080,2001,3,8006,2,0.006607262,0.006607262,0.006607262,0
1928,J080,2002,1,8008,1,0.161206316,0.161206316,0.161206316,0
1928,J080,2002,2,8009,1,0.701577484,0.701577484,0.701577484,0
1928,J080,2002,3,8010,1,0.778292716,0.778292716,0.778292716,0
1928,J080,2002,4,8011,1,0.789026393,0.789026393,0.789026393,0
1929,J081,1998,3,7994,1,0.001079481,0.001079481,0.001079481,0
1929,J081,1998,4,7995,1,0.001835664,0.001835664,0.001835664,0
1929,J081,1999,1,7996,1,0.007219202,0.007219202,0.007219202,0
1930,J082,1998,3,7994,1,0.147806615,0.147806615,0.147806615,0
1930,J082,1999,2,7997,1,0.632382295,0.632382295,0.632382295,0
1930,J082,1999,3,7998,1,0.662012372,0.662012372,0.662012372,0
1931,J083,1998,3,7994,1,1.69e-9,1.69e-9,1.69e-9,0
1931,J083,1998,4,7995,1,2.87e-9,2.87e-9,2.87e-9,0
1931,J083,1999,2,7997,1,2.15e-8,2.15e-8,2.15e-8,0
1931,J083,1999,3,7998,1,4.99e-8,4.99e-8,4.99e-8,0
1931,J083,1999,4,7999,1,1.28e-7,1.28e-7,1.28e-7,0
1931,J083,2000,1,8000,1,6.78e-7,6.78e-7,6.78e-7,0
1931,J083,2000,3,8002,1,5.42e-6,5.42e-6,5.42e-6,0
1931,J083,2001,2,8005,1,2.95e-5,2.95e-5,2.95e-5,0
1931,J083,2001,3,8006,1,5.87e-5,5.87e-5,5.87e-5,0
1931,J083,2001,4,8007,1,1.39e-4,1.39e-4,1.39e-4,0
1931,J083,2003,1,8012,1,0.003221511,0.003221511,0.003221511,0
1931,J083,2003,4,8015,1,0.010292926,0.010292926,0.010292926,0
1931,J083,2004,2,8017,1,0.035510661,0.035510661,0.035510661,0
1932,J084,1998,3,7994,1,0.001107904,0.001107904,0.001107904,0
1932,J084,1999,1,7996,1,0.003172684,0.003172684,0.003172684,0
1932,J084,1999,2,7997,1,0.009893043,0.009893043,0.009893043,0
1933,J085,1998,3,7994,1,3.04e-4,3.04e-4,3.04e-4,0
1933,J085,1999,3,7998,1,0.001576589,0.001576589,0.001576589,0
1933,J085,2000,4,8003,1,0.006751081,0.006751081,0.006751081,0
1933,J085,2001,4,8007,1,0.022808127,0.022808127,0.022808127,0
1934,J086,1998,3,7994,1,0.00452101,0.00452101,0.00452101,0
1934,J086,1998,4,7995,1,0.007688007,0.007688007,0.007688007,0
1935,J087,1998,3,7994,2,8.35e-10,8.35e-10,8.35e-10,0
1935,J087,1998,4,7995,1,3.34e-9,3.34e-9,3.34e-9,0
1935,J087,1999,2,7997,1,4.29e-8,4.29e-8,4.29e-8,0
1935,J087,1999,3,7998,1,1.03e-7,1.03e-7,1.03e-7,0
1935,J087,2000,2,8001,1,8.73e-7,8.73e-7,8.73e-7,0
1935,J087,2000,3,8002,1,1.8e-6,1.8e-6,1.8e-6,0
1935,J087,2002,2,8009,1,2.89e-5,2.89e-5,2.89e-5,0
1935,J087,2002,3,8010,1,4.36e-5,4.36e-5,4.36e-5,0
1935,J087,2003,2,8013,1,2.52e-4,2.52e-4,2.52e-4,0
1935,J087,2003,3,8014,1,5.09e-4,5.09e-4,5.09e-4,0
1935,J087,2004,3,8018,1,0.005160521,0.005160521,0.005160521,0
1935,J087,2005,3,8022,1,0.024858303000000002,0.024858303000000002,0.024858303000000002,0
1936,J088,1998,3,7994,2,4.61e-8,4.61e-8,4.61e-8,0
1936,J088,1998,4,7995,1,1.84e-7,1.84e-7,1.84e-7,0
1936,J088,1999,1,7996,1,1.17e-6,1.17e-6,1.17e-6,0
1936,J088,1999,2,7997,1,6.31e-6,6.31e-6,6.31e-6,0
1936,J088,1999,3,7998,1,2.06e-5,2.06e-5,2.06e-5,0
1936,J088,1999,4,7999,1,5.96e-5,5.96e-5,5.96e-5,0
1936,J088,2000,1,8000,1,3.36e-4,3.36e-4,3.36e-4,0
1936,J088,2000,3,8002,2,0.002715623,0.002715623,0.002715623,0
1937,J089,1998,3,7994,1,0.018906132,0.018906132,0.018906132,0
1938,J090,1998,3,7994,1,2.69e-9,2.69e-9,2.69e-9,0
1938,J090,1998,4,7995,1,4.57e-9,4.57e-9,4.57e-9,0
1938,J090,1999,1,7996,1,1.8e-8,1.8e-8,1.8e-8,0
1938,J090,1999,3,7998,1,1.33e-7,1.33e-7,1.33e-7,0
1938,J090,1999,4,7999,1,2.57e-7,2.57e-7,2.57e-7,0
1938,J090,2000,1,8000,1,1.13e-6,1.13e-6,1.13e-6,0
1938,J090,2000,3,8002,1,8.69e-6,8.69e-6,8.69e-6,0
1938,J090,2000,4,8003,1,1.68e-5,1.68e-5,1.68e-5,0
1938,J090,2001,1,8004,1,7.53e-5,7.53e-5,7.53e-5,0
1938,J090,2001,2,8005,1,3.82e-4,3.82e-4,3.82e-4,0
1938,J090,2001,3,8006,2,0.001235499,0.001235499,0.001235499,0
1939,J091,1998,3,7994,1,9.28e-7,9.28e-7,9.28e-7,0
1939,J091,1999,3,7998,1,4.82e-6,4.82e-6,4.82e-6,0
1939,J091,1999,4,7999,1,7.14e-6,7.14e-6,7.14e-6,0
1939,J091,2000,3,8002,1,5.67e-5,5.67e-5,5.67e-5,0
1939,J091,2002,3,8010,1,4.87e-4,4.87e-4,4.87e-4,0
1939,J091,2003,3,8014,1,0.00136801,0.00136801,0.00136801,0
1939,J091,2006,3,8026,1,0.011849554,0.011849554,0.011849554,0
1940,J092,1998,3,7994,1,0.001144423,0.001144423,0.001144423,0
1940,J092,1999,3,7998,1,0.005944143,0.005944143,0.005944143,0
1940,J092,1999,4,7999,1,0.00881135,0.00881135,0.00881135,0
1941,J093,1998,4,7995,1,3.93e-4,3.93e-4,3.93e-4,0
1941,J093,1999,1,7996,1,8.57e-4,8.57e-4,8.57e-4,0
1941,J093,2004,3,8018,1,0.030202012,0.030202012,0.030202012,0
1941,J093,2005,3,8022,1,0.049403973,0.049403973,0.049403973,0
1942,J094,1998,4,7995,1,0.01542611,0.01542611,0.01542611,0
1942,J094,1999,2,7997,1,0.055737828,0.055737828,0.055737828,0
1942,J094,2000,3,8002,1,0.351006677,0.351006677,0.351006677,0
1943,J095,1998,4,7995,1,0.004553399,0.004553399,0.004553399,0
1943,J095,1999,1,7996,1,0.00992228,0.00992228,0.00992228,0
1944,J096,1998,4,7995,1,0.018906132,0.018906132,0.018906132,0
1945,J097,1998,4,7995,1,0.018906132,0.018906132,0.018906132,0
1946,J099,1998,4,7995,1,8.22e-5,8.22e-5,8.22e-5,0
1946,J099,1999,1,7996,1,1.79e-4,1.79e-4,1.79e-4,0
1946,J099,1999,2,7997,1,4.03e-4,4.03e-4,4.03e-4,0
1946,J099,2000,1,8000,1,0.002073302,0.002073302,0.002073302,0
1946,J099,2000,3,8002,1,0.007710195,0.007710195,0.007710195,0
1946,J099,2001,3,8006,1,0.023988692,0.023988692,0.023988692,0
1947,J100,1998,4,7995,1,0.018906132,0.018906132,0.018906132,0
1948,K001,1987,1,7948,1,0.005464925,0.005464925,0.005464925,0
1949,K002,1987,1,7948,1,3.33e-10,3.33e-10,3.33e-10,0
1949,K002,1987,2,7949,1,1.29e-9,1.29e-9,1.29e-9,0
1949,K002,1987,3,7950,1,3.68e-9,3.68e-9,3.68e-9,0
1949,K002,1987,4,7951,1,9.59e-9,9.59e-9,9.59e-9,0
1949,K002,1988,2,7953,1,1.08e-7,1.08e-7,1.08e-7,0
1949,K002,1988,3,7954,1,2.44e-7,2.44e-7,2.44e-7,0
1949,K002,1988,4,7955,1,5.79e-7,5.79e-7,5.79e-7,0
1949,K002,1989,2,7957,1,6.38e-7,6.38e-7,6.38e-7,0
1949,K002,1989,3,7958,1,6.39e-7,6.39e-7,6.39e-7,0
1949,K002,1989,4,7959,1,6.39e-7,6.39e-7,6.39e-7,0
1949,K002,1990,2,7961,1,6.39e-7,6.39e-7,6.39e-7,0
1949,K002,1990,3,7962,1,6.39e-7,6.39e-7,6.39e-7,0
1949,K002,1991,4,7967,1,6.39e-7,6.39e-7,6.39e-7,0
1949,K002,1992,4,7971,1,6.41e-7,6.41e-7,6.41e-7,0
1949,K002,1993,2,7973,1,6.45e-7,6.45e-7,6.45e-7,0
1949,K002,1994,2,7977,1,6.74e-7,6.74e-7,6.74e-7,0
1949,K002,1994,3,7978,1,7.05e-7,7.05e-7,7.05e-7,0
1949,K002,1994,4,7979,1,7.89e-7,7.89e-7,7.89e-7,0
1949,K002,1995,2,7981,1,2.93e-6,2.93e-6,2.93e-6,0
1949,K002,1995,3,7982,1,6.26e-6,6.26e-6,6.26e-6,0
1949,K002,1996,3,7986,1,9.17e-5,9.17e-5,9.17e-5,0
1949,K002,1996,4,7987,1,1.47e-4,1.47e-4,1.47e-4,0
1949,K002,1997,2,7989,1,0.001665243,0.001665243,0.001665243,0
1949,K002,1997,3,7990,1,0.002690814,0.002690814,0.002690814,0
1949,K002,1998,2,7993,1,0.018904839,0.018904839,0.018904839,0
1950,K003,1987,2,7949,1,3.78e-4,3.78e-4,3.78e-4,0
1950,K003,1987,3,7950,1,0.001098594,0.001098594,0.001098594,0
1950,K003,1987,4,7951,1,0.002873615,0.002873615,0.002873615,0
1951,K004,1987,2,7949,1,1.14e-12,1.14e-12,1.14e-12,0
1951,K004,1987,3,7950,1,3.31e-12,3.31e-12,3.31e-12,0
1951,K004,1987,4,7951,1,8.65e-12,8.65e-12,8.65e-12,0
1951,K004,1988,1,7952,1,4.86e-11,4.86e-11,4.86e-11,0
1951,K004,1988,2,7953,1,2.37e-10,2.37e-10,2.37e-10,0
1951,K004,1989,1,7956,1,1.52e-9,1.52e-9,1.52e-9,0
1951,K004,1989,3,7958,2,5.47e-9,5.47e-9,5.47e-9,0
1951,K004,1990,1,7960,1,3.92e-8,3.92e-8,3.92e-8,0
1951,K004,1990,3,7962,1,2.06e-7,2.06e-7,2.06e-7,0
1951,K004,1991,1,7964,2,6.54e-7,6.54e-7,6.54e-7,0
1951,K004,1991,2,7965,1,6.74e-6,6.74e-6,6.74e-6,0
1951,K004,1992,4,7971,1,1e-4,1e-4,1e-4,0
1951,K004,1993,3,7974,1,3.12e-4,3.12e-4,3.12e-4,0
1951,K004,1994,2,7977,1,0.001277967,0.001277967,0.001277967,0
1951,K004,1994,3,7978,1,0.002540278,0.002540278,0.002540278,0
1952,K005,1987,2,7949,1,1.15e-17,1.15e-17,1.15e-17,0
1952,K005,1987,3,7950,1,3.34e-17,3.34e-17,3.34e-17,0
1952,K005,1988,1,7952,1,1.93e-16,1.93e-16,1.93e-16,0
1952,K005,1988,2,7953,1,6.89e-16,6.89e-16,6.89e-16,0
1952,K005,1988,3,7954,1,1.93e-15,1.93e-15,1.93e-15,0
1952,K005,1989,1,7956,1,1.01e-14,1.01e-14,1.01e-14,0
1952,K005,1989,2,7957,1,3.43e-14,3.43e-14,3.43e-14,0
1952,K005,1989,3,7958,2,9.49e-14,9.49e-14,9.49e-14,0
1952,K005,1989,4,7959,1,6.69e-13,6.69e-13,6.69e-13,0
1952,K005,1990,1,7960,1,3.82e-12,3.82e-12,3.82e-12,0
1952,K005,1990,3,7962,1,3.15e-11,3.15e-11,3.15e-11,0
1952,K005,1990,4,7963,1,6.18e-11,6.18e-11,6.18e-11,0
1952,K005,1991,3,7966,1,6.43e-10,6.43e-10,6.43e-10,0
1952,K005,1991,4,7967,1,1.07e-9,1.07e-9,1.07e-9,0
1952,K005,1992,2,7969,2,7.85e-9,7.85e-9,7.85e-9,0
1952,K005,1992,4,7971,1,8.24e-8,8.24e-8,8.24e-8,0
1952,K005,1993,3,7974,1,7.3e-7,7.3e-7,7.3e-7,0
1952,K005,1994,1,7976,1,2.31e-6,2.31e-6,2.31e-6,0
1952,K005,1994,2,7977,1,8.2e-6,8.2e-6,8.2e-6,0
1952,K005,1994,3,7978,1,2.48e-5,2.48e-5,2.48e-5,0
1952,K005,1995,1,7980,1,1.91e-4,1.91e-4,1.91e-4,0
1952,K005,1995,3,7982,2,0.001251212,0.001251212,0.001251212,0
1953,K006,1987,2,7949,1,0.001461832,0.001461832,0.001461832,0
1953,K006,1988,1,7952,1,0.009512744,0.009512744,0.009512744,0
1954,K007,1987,2,7949,1,1.34e-14,1.34e-14,1.34e-14,0
1954,K007,1987,3,7950,1,3.88e-14,3.88e-14,3.88e-14,0
1954,K007,1987,4,7951,1,1.02e-13,1.02e-13,1.02e-13,0
1954,K007,1988,1,7952,1,5.7e-13,5.7e-13,5.7e-13,0
1954,K007,1988,2,7953,1,2.79e-12,2.79e-12,2.79e-12,0
1954,K007,1988,3,7954,1,8.33e-12,8.33e-12,8.33e-12,0
1954,K007,1989,2,7957,1,7.29e-11,7.29e-11,7.29e-11,0
1954,K007,1990,3,7962,1,3.65e-10,3.65e-10,3.65e-10,0
1954,K007,1990,4,7963,1,4.95e-10,4.95e-10,4.95e-10,0
1954,K007,1991,2,7965,1,2.32e-9,2.32e-9,2.32e-9,0
1954,K007,1992,1,7968,1,1e-8,1e-8,1e-8,0
1954,K007,1992,2,7969,1,2.61e-8,2.61e-8,2.61e-8,0
1954,K007,1992,4,7971,1,1.01e-7,1.01e-7,1.01e-7,0
1954,K007,1993,1,7972,1,3.12e-7,3.12e-7,3.12e-7,0
1954,K007,1993,2,7973,1,1.44e-6,1.44e-6,1.44e-6,0
1954,K007,1993,3,7974,1,4.61e-6,4.61e-6,4.61e-6,0
1954,K007,1994,2,7977,1,5.89e-5,5.89e-5,5.89e-5,0
1954,K007,1994,3,7978,1,1.3e-4,1.3e-4,1.3e-4,0
1954,K007,1995,3,7982,2,0.001902518,0.001902518,0.001902518,0
1955,K008,1987,2,7949,1,0.005464925,0.005464925,0.005464925,0
1956,K009,1987,2,7949,1,6.28e-6,6.28e-6,6.28e-6,0
1956,K009,1987,3,7950,1,1.83e-5,1.83e-5,1.83e-5,0
1956,K009,1987,4,7951,1,4.77e-5,4.77e-5,4.77e-5,0
1956,K009,1988,1,7952,1,2.68e-4,2.68e-4,2.68e-4,0
1956,K009,1988,4,7955,2,0.002425689,0.002425689,0.002425689,0
1957,K010,1987,2,7949,1,0.005464925,0.005464925,0.005464925,0
1958,K011,1987,2,7949,1,0.001626479,0.001626479,0.001626479,0
1958,K011,1987,3,7950,1,0.004724617,0.004724617,0.004724617,0
1958,K011,1987,4,7951,1,0.012358275,0.012358275,0.012358275,0
1958,K011,1988,2,7953,1,0.139667963,0.139667963,0.139667963,0
1958,K011,1989,3,7958,1,1,1,1,0
1958,K011,1989,4,7959,1,1,1,1,0
1958,K011,1990,1,7960,1,1,1,1,0
1959,K012,1987,2,7949,1,0.001462425,0.001462425,0.001462425,0
1959,K012,1987,3,7950,1,0.004248071,0.004248071,0.004248071,0
1959,K012,1987,4,7951,1,0.011111765,0.011111765,0.011111765,0
1959,K012,1988,1,7952,1,0.062422119,0.062422119,0.062422119,0
1959,K012,1988,2,7953,1,0.304911116,0.304911116,0.304911116,0
1959,K012,1988,3,7954,1,0.912217819,0.912217819,0.912217819,0
1959,K012,1989,2,7957,1,0.998838187,0.998838187,0.998838187,0
1959,K012,1989,3,7958,2,0.999997315,0.999997315,0.999997315,0
1959,K012,1989,4,7959,1,0.999998964,0.999998964,0.999998964,0
1959,K012,1990,2,7961,1,1,1,1,0
1960,K013,1987,2,7949,1,0.999999998,0.999999998,0.999999998,0
1960,K013,1987,3,7950,2,1,1,1,0
1961,K014,1987,2,7949,1,0.005464925,0.005464925,0.005464925,0
1962,K015,1987,2,7949,1,2.48e-5,2.48e-5,2.48e-5,0
1962,K015,1987,3,7950,1,7.19e-5,7.19e-5,7.19e-5,0
1962,K015,1987,4,7951,1,1.88e-4,1.88e-4,1.88e-4,0
1962,K015,1988,1,7952,1,0.001056913,0.001056913,0.001056913,0
1962,K015,1989,4,7959,1,0.019740685,0.019740685,0.019740685,0
1963,K016,1987,2,7949,1,9.97e-5,9.97e-5,9.97e-5,0
1963,K016,1987,3,7950,1,2.9e-4,2.9e-4,2.9e-4,0
1963,K016,1987,4,7951,1,7.58e-4,7.58e-4,7.58e-4,0
1963,K016,1988,1,7952,1,0.004255382,0.004255382,0.004255382,0
1964,K017,1987,2,7949,1,0.242292722,0.242292722,0.242292722,0
1964,K017,1987,4,7951,1,0.999999998,0.999999998,0.999999998,0
1964,K017,1988,1,7952,1,1,1,1,0
1964,K017,1988,2,7953,1,1,1,1,0
1964,K017,1988,3,7954,1,1,1,1,0
1964,K017,1988,4,7955,1,1,1,1,0
1964,K017,1989,1,7956,1,1,1,1,0
1964,K017,1989,2,7957,1,1,1,1,0
1964,K017,1989,3,7958,2,1,1,1,0
1964,K017,1989,4,7959,1,1,1,1,0
1964,K017,1990,4,7963,1,1,1,1,0
1964,K017,1991,2,7965,1,1,1,1,0
1964,K017,1992,4,7971,1,1,1,1,0
1964,K017,1993,1,7972,1,1,1,1,0
1964,K017,1993,2,7973,1,1,1,1,0
1964,K017,1993,3,7974,1,1,1,1,0
1964,K017,1993,4,7975,1,1,1,1,0
1964,K017,1994,1,7976,1,1,1,1,0
1964,K017,1994,3,7978,1,1,1,1,0
1965,K018,1987,2,7949,1,0.010991389,0.010991389,0.010991389,0
1966,K019,1987,2,7949,1,1.76e-6,1.76e-6,1.76e-6,0
1966,K019,1987,4,7951,1,7.26e-6,7.26e-6,7.26e-6,0
1966,K019,1988,1,7952,1,1.52e-5,1.52e-5,1.52e-5,0
1966,K019,1988,4,7955,1,5.37e-5,5.37e-5,5.37e-5,0
1966,K019,1989,2,7957,1,1.65e-4,1.65e-4,1.65e-4,0
1966,K019,1989,3,7958,1,3.19e-4,3.19e-4,3.19e-4,0
1966,K019,1991,2,7965,1,0.00326556,0.00326556,0.00326556,0
1966,K019,1993,2,7973,1,0.013087049,0.013087049,0.013087049,0
1967,K020,1987,2,7949,1,7.45e-9,7.45e-9,7.45e-9,0
1967,K020,1987,3,7950,1,2.16e-8,2.16e-8,2.16e-8,0
1967,K020,1987,4,7951,1,5.66e-8,5.66e-8,5.66e-8,0
1967,K020,1988,1,7952,1,3.18e-7,3.18e-7,3.18e-7,0
1967,K020,1988,2,7953,1,1.55e-6,1.55e-6,1.55e-6,0
1967,K020,1988,3,7954,1,4.65e-6,4.65e-6,4.65e-6,0
1967,K020,1988,4,7955,1,1.23e-5,1.23e-5,1.23e-5,0
1967,K020,1989,2,7957,1,1.21e-4,1.21e-4,1.21e-4,0
1967,K020,1989,3,7958,1,2.72e-4,2.72e-4,2.72e-4,0
1967,K020,1989,4,7959,1,6.44e-4,6.44e-4,6.44e-4,0
1967,K020,1992,3,7970,1,0.017667089,0.017667089,0.017667089,0
1968,K021,1987,2,7949,1,0.001479828,0.001479828,0.001479828,0
1968,K021,1988,2,7953,1,0.013965409,0.013965409,0.013965409,0
1969,K022,1987,2,7949,1,0.005464925,0.005464925,0.005464925,0
1970,K023,1987,2,7949,1,2.67e-5,2.67e-5,2.67e-5,0
1970,K023,1987,4,7951,1,1.1e-4,1.1e-4,1.1e-4,0
1970,K023,1988,1,7952,1,3.54e-4,3.54e-4,3.54e-4,0
1970,K023,1988,2,7953,1,0.001507017,0.001507017,0.001507017,0
1970,K023,1988,3,7954,1,0.004394397,0.004394397,0.004394397,0
1971,K024,1987,2,7949,1,5.04e-6,5.04e-6,5.04e-6,0
1971,K024,1987,3,7950,1,1.47e-5,1.47e-5,1.47e-5,0
1971,K024,1988,1,7952,1,8.44e-5,8.44e-5,8.44e-5,0
1971,K024,1988,2,7953,1,3.28e-4,3.28e-4,3.28e-4,0
1971,K024,1988,4,7955,2,0.001327798,0.001327798,0.001327798,0
1972,K025,1987,2,7949,1,0.010991389,0.010991389,0.010991389,0
1973,K026,1987,2,7949,1,0.001440295,0.001440295,0.001440295,0
1973,K026,1987,3,7950,1,0.004183787,0.004183787,0.004183787,0
1974,K027,1987,2,7949,1,0.005464925,0.005464925,0.005464925,0
1975,K028,1987,2,7949,1,3.78e-4,3.78e-4,3.78e-4,0
1975,K028,1987,3,7950,1,0.001098594,0.001098594,0.001098594,0
1975,K028,1987,4,7951,1,0.002873615,0.002873615,0.002873615,0
1976,K029,1987,2,7949,1,0.005464925,0.005464925,0.005464925,0
1977,K030,1987,2,7949,1,0.001461832,0.001461832,0.001461832,0
1977,K030,1988,1,7952,1,0.009512744,0.009512744,0.009512744,0
1978,K031,1987,2,7949,1,0.005464925,0.005464925,0.005464925,0
1979,K032,1987,2,7949,1,8.96e-11,8.96e-11,8.96e-11,0
1979,K032,1987,4,7951,1,3.7e-10,3.7e-10,3.7e-10,0
1979,K032,1988,1,7952,1,1.19e-9,1.19e-9,1.19e-9,0
1979,K032,1988,3,7954,1,7.59e-9,7.59e-9,7.59e-9,0
1979,K032,1989,1,7956,1,2.42e-8,2.42e-8,2.42e-8,0
1979,K032,1989,3,7958,1,1.05e-7,1.05e-7,1.05e-7,0
1979,K032,1990,3,7962,1,4.93e-7,4.93e-7,4.93e-7,0
1979,K032,1991,3,7966,1,1.73e-6,1.73e-6,1.73e-6,0
1979,K032,1993,3,7974,1,1.02e-5,1.02e-5,1.02e-5,0
1979,K032,1994,3,7978,1,3.02e-5,3.02e-5,3.02e-5,0
1979,K032,1995,3,7982,1,1.46e-4,1.46e-4,1.46e-4,0
1979,K032,1996,3,7986,1,8.53e-4,8.53e-4,8.53e-4,0
1979,K032,1997,4,7991,1,0.005944492,0.005944492,0.005944492,0
1979,K032,1998,3,7994,1,0.02437639,0.02437639,0.02437639,0
1980,K033,1987,2,7949,1,3.08e-10,3.08e-10,3.08e-10,0
1980,K033,1987,4,7951,1,1.27e-9,1.27e-9,1.27e-9,0
1980,K033,1988,1,7952,1,4.08e-9,4.08e-9,4.08e-9,0
1980,K033,1989,2,7957,1,5.23e-8,5.23e-8,5.23e-8,0
1980,K033,1989,3,7958,1,8.43e-8,8.43e-8,8.43e-8,0
1980,K033,1990,3,7962,1,4.71e-7,4.71e-7,4.71e-7,0
1980,K033,1991,3,7966,2,1.71e-6,1.71e-6,1.71e-6,0
1980,K033,1994,3,7978,1,5.8e-5,5.8e-5,5.8e-5,0
1980,K033,1995,3,7982,1,1.74e-4,1.74e-4,1.74e-4,0
1980,K033,1996,4,7987,1,9.86e-4,9.86e-4,9.86e-4,0
1980,K033,1997,3,7990,1,0.0049463,0.0049463,0.0049463,0
1980,K033,1998,3,7994,1,0.026190734,0.026190734,0.026190734,0
1981,K034,1987,2,7949,1,0.005464925,0.005464925,0.005464925,0
1982,K035,1987,2,7949,1,0.005464925,0.005464925,0.005464925,0
1983,K036,1987,2,7949,1,0.005464925,0.005464925,0.005464925,0
1984,K037,1987,2,7949,1,1.28e-9,1.28e-9,1.28e-9,0
1984,K037,1987,4,7951,1,5.29e-9,5.29e-9,5.29e-9,0
1984,K037,1988,1,7952,1,1.7e-8,1.7e-8,1.7e-8,0
1984,K037,1988,2,7953,1,7.24e-8,7.24e-8,7.24e-8,0
1984,K037,1988,3,7954,1,2.11e-7,2.11e-7,2.11e-7,0
1984,K037,1988,4,7955,1,5.53e-7,5.53e-7,5.53e-7,0
1984,K037,1989,2,7957,1,6.01e-6,6.01e-6,6.01e-6,0
1984,K037,1989,3,7958,1,1.44e-5,1.44e-5,1.44e-5,0
1984,K037,1990,2,7961,1,9.48e-5,9.48e-5,9.48e-5,0
1984,K037,1990,4,7963,1,2.47e-4,2.47e-4,2.47e-4,0
1984,K037,1992,4,7971,1,0.00274945,0.00274945,0.00274945,0
1984,K037,1993,2,7973,1,0.005516927,0.005516927,0.005516927,0
1985,K038,1987,2,7949,1,1.25e-9,1.25e-9,1.25e-9,0
1985,K038,1987,4,7951,1,5.16e-9,5.16e-9,5.16e-9,0
1985,K038,1988,1,7952,1,1.66e-8,1.66e-8,1.66e-8,0
1985,K038,1988,2,7953,1,7.06e-8,7.06e-8,7.06e-8,0
1985,K038,1988,3,7954,1,2.06e-7,2.06e-7,2.06e-7,0
1985,K038,1988,4,7955,1,5.39e-7,5.39e-7,5.39e-7,0
1985,K038,1989,1,7956,1,2.92e-6,2.92e-6,2.92e-6,0
1985,K038,1990,2,7961,1,3.98e-5,3.98e-5,3.98e-5,0
1985,K038,1990,3,7962,1,6.09e-5,6.09e-5,6.09e-5,0
1985,K038,1990,4,7963,1,1.19e-4,1.19e-4,1.19e-4,0
1985,K038,1991,3,7966,1,0.001235568,0.001235568,0.001235568,0
1985,K038,1992,1,7968,1,0.003412222,0.003412222,0.003412222,0
1986,K039,1987,2,7949,1,4.9e-9,4.9e-9,4.9e-9,0
1986,K039,1987,4,7951,1,2.02e-8,2.02e-8,2.02e-8,0
1986,K039,1988,1,7952,1,6.5e-8,6.5e-8,6.5e-8,0
1986,K039,1988,2,7953,1,2.77e-7,2.77e-7,2.77e-7,0
1986,K039,1989,1,7956,1,1.71e-6,1.71e-6,1.71e-6,0
1986,K039,1989,3,7958,1,6.15e-6,6.15e-6,6.15e-6,0
1986,K039,1990,1,7960,1,1.71e-5,1.71e-5,1.71e-5,0
1986,K039,1990,4,7963,1,8.53e-5,8.53e-5,8.53e-5,0
1986,K039,1991,4,7967,1,3.96e-4,3.96e-4,3.96e-4,0
1986,K039,1992,2,7969,1,0.001119316,0.001119316,0.001119316,0
1986,K039,1993,1,7972,1,0.004199884,0.004199884,0.004199884,0
1987,K040,1987,2,7949,1,0.001428503,0.001428503,0.001428503,0
1987,K040,1991,1,7964,1,0.036726151,0.036726151,0.036726151,0
1988,K041,1987,2,7949,1,3.51e-7,3.51e-7,3.51e-7,0
1988,K041,1987,4,7951,1,1.45e-6,1.45e-6,1.45e-6,0
1988,K041,1988,1,7952,1,4.65e-6,4.65e-6,4.65e-6,0
1988,K041,1988,2,7953,1,1.98e-5,1.98e-5,1.98e-5,0
1988,K041,1988,3,7954,1,5.77e-5,5.77e-5,5.77e-5,0
1988,K041,1988,4,7955,1,1.51e-4,1.51e-4,1.51e-4,0
1988,K041,1989,1,7956,1,8.19e-4,8.19e-4,8.19e-4,0
1988,K041,1989,2,7957,1,0.00434675,0.00434675,0.00434675,0
1989,K042,1987,2,7949,1,5.6e-6,5.6e-6,5.6e-6,0
1989,K042,1988,2,7953,1,5.28e-5,5.28e-5,5.28e-5,0
1989,K042,1988,4,7955,1,1.2e-4,1.2e-4,1.2e-4,0
1989,K042,1992,2,7969,1,0.001762331,0.001762331,0.001762331,0
1989,K042,1994,3,7978,1,0.004535758,0.004535758,0.004535758,0
1989,K042,1996,3,7986,1,0.023375881,0.023375881,0.023375881,0
1990,K043,1987,2,7949,1,3.13e-12,3.13e-12,3.13e-12,0
1990,K043,1987,4,7951,1,1.29e-11,1.29e-11,1.29e-11,0
1990,K043,1988,1,7952,1,4.15e-11,4.15e-11,4.15e-11,0
1990,K043,1988,2,7953,1,1.77e-10,1.77e-10,1.77e-10,0
1990,K043,1988,4,7955,1,7.32e-10,7.32e-10,7.32e-10,0
1990,K043,1989,1,7956,1,2.28e-9,2.28e-9,2.28e-9,0
1990,K043,1989,3,7958,1,1.58e-8,1.58e-8,1.58e-8,0
1990,K043,1989,4,7959,1,3.06e-8,3.06e-8,3.06e-8,0
1990,K043,1990,3,7962,1,2.78e-7,2.78e-7,2.78e-7,0
1990,K043,1991,1,7964,1,7.25e-7,7.25e-7,7.25e-7,0
1990,K043,1991,4,7967,1,3.67e-6,3.67e-6,3.67e-6,0
1990,K043,1992,2,7969,1,1.31e-5,1.31e-5,1.31e-5,0
1990,K043,1992,3,7970,1,2.79e-5,2.79e-5,2.79e-5,0
1990,K043,1993,3,7974,1,2.8e-4,2.8e-4,2.8e-4,0
1990,K043,1993,4,7975,1,4.35e-4,4.35e-4,4.35e-4,0
1990,K043,1994,3,7978,1,0.005159513,0.005159513,0.005159513,0
1991,K044,1987,2,7949,1,2.21e-4,2.21e-4,2.21e-4,0
1991,K044,1988,2,7953,1,0.002088165,0.002088165,0.002088165,0
1991,K044,1988,3,7954,1,0.00371174,0.00371174,0.00371174,0
1991,K044,1993,3,7974,1,0.077688906,0.077688906,0.077688906,0
1992,K045,1987,2,7949,1,0.001325356,0.001325356,0.001325356,0
1992,K045,1988,2,7953,1,0.013812869,0.013812869,0.013812869,0
1993,K046,1987,2,7949,1,4.48e-10,4.48e-10,4.48e-10,0
1993,K046,1987,4,7951,1,1.85e-9,1.85e-9,1.85e-9,0
1993,K046,1989,4,7959,1,2.89e-8,2.89e-8,2.89e-8,0
1993,K046,1990,3,7962,1,5.93e-8,5.93e-8,5.93e-8,0
1993,K046,1991,1,7964,1,1.14e-7,1.14e-7,1.14e-7,0
1993,K046,1991,3,7966,1,4.03e-7,4.03e-7,4.03e-7,0
1993,K046,1991,4,7967,1,7.19e-7,7.19e-7,7.19e-7,0
1993,K046,1992,2,7969,2,5.73e-6,5.73e-6,5.73e-6,0
1993,K046,1992,3,7970,1,3.92e-5,3.92e-5,3.92e-5,0
1993,K046,1993,3,7974,1,6.1e-4,6.1e-4,6.1e-4,0
1993,K046,1994,3,7978,2,0.001871702,0.001871702,0.001871702,0
1994,K047,1987,2,7949,1,0.001446663,0.001446663,0.001446663,0
1994,K047,1991,4,7967,1,0.041059935,0.041059935,0.041059935,0
1995,K048,1987,3,7950,1,1.01e-4,1.01e-4,1.01e-4,0
1995,K048,1987,4,7951,1,2.26e-4,2.26e-4,2.26e-4,0
1995,K048,1988,2,7953,1,0.002312957,0.002312957,0.002312957,0
1995,K048,1988,3,7954,1,0.003738577,0.003738577,0.003738577,0
1995,K048,1990,1,7960,1,0.017679406,0.017679406,0.017679406,0
1996,K049,1987,1,7948,1,0.001497059,0.001497059,0.001497059,0
1996,K049,1988,2,7953,1,0.018228845,0.018228845,0.018228845,0
1997,K050,1987,3,7950,1,1.2e-9,1.2e-9,1.2e-9,0
1997,K050,1987,4,7951,1,2.68e-9,2.68e-9,2.68e-9,0
1997,K050,1988,1,7952,1,1.37e-8,1.37e-8,1.37e-8,0
1997,K050,1988,2,7953,1,6.6e-8,6.6e-8,6.6e-8,0
1997,K050,1988,3,7954,1,1.97e-7,1.97e-7,1.97e-7,0
1997,K050,1988,4,7955,1,5.19e-7,5.19e-7,5.19e-7,0
1997,K050,1989,3,7958,2,7.52e-6,7.52e-6,7.52e-6,0
1997,K050,1989,4,7959,1,2.71e-5,2.71e-5,2.71e-5,0
1997,K050,1990,1,7960,1,1.35e-4,1.35e-4,1.35e-4,0
1997,K050,1990,2,7961,1,7.07e-4,7.07e-4,7.07e-4,0
1997,K050,1990,3,7962,1,0.002313745,0.002313745,0.002313745,0
1998,K051,1987,3,7950,1,2.54e-12,2.54e-12,2.54e-12,0
1998,K051,1987,4,7951,1,5.68e-12,5.68e-12,5.68e-12,0
1998,K051,1988,2,7953,1,5.8e-11,5.8e-11,5.8e-11,0
1998,K051,1988,3,7954,1,1.3e-10,1.3e-10,1.3e-10,0
1998,K051,1989,1,7956,1,6.06e-10,6.06e-10,6.06e-10,0
1998,K051,1989,3,7958,2,3.2e-9,3.2e-9,3.2e-9,0
1998,K051,1990,3,7962,2,6.26e-8,6.26e-8,6.26e-8,0
1998,K051,1991,1,7964,1,2.25e-7,2.25e-7,2.25e-7,0
1998,K051,1991,3,7966,1,2.69e-7,2.69e-7,2.69e-7,0
1998,K051,1991,4,7967,1,2.71e-7,2.71e-7,2.71e-7,0
1998,K051,1992,2,7969,2,2.73e-7,2.73e-7,2.73e-7,0
1998,K051,1992,3,7970,1,2.86e-7,2.86e-7,2.86e-7,0
1998,K051,1993,1,7972,1,3.84e-7,3.84e-7,3.84e-7,0
1998,K051,1993,3,7974,2,9.26e-7,9.26e-7,9.26e-7,0
1998,K051,1993,4,7975,1,3.47e-6,3.47e-6,3.47e-6,0
1998,K051,1994,1,7976,1,2.88e-5,2.88e-5,2.88e-5,0
1998,K051,1994,3,7978,2,2.52e-4,2.52e-4,2.52e-4,0
1998,K051,1999,4,7999,1,0.086250098,0.086250098,0.086250098,0
1999,K052,1987,3,7950,1,0.001417429,0.001417429,0.001417429,0
1999,K052,1991,1,7964,1,0.03408342,0.03408342,0.03408342,0
2000,K053,1987,3,7950,1,7.67e-4,7.67e-4,7.67e-4,0
2000,K053,1988,1,7952,2,0.003557478,0.003557478,0.003557478,0
2001,K054,1987,3,7950,1,2.46e-5,2.46e-5,2.46e-5,0
2001,K054,1988,1,7952,2,1.14e-4,1.14e-4,1.14e-4,0
2001,K054,1988,3,7954,1,0.001891929,0.001891929,0.001891929,0
2001,K054,1989,4,7959,1,0.013863073,0.013863073,0.013863073,0
2002,K055,1987,3,7950,1,0.005464925,0.005464925,0.005464925,0
2003,K056,1987,3,7950,1,3.7e-7,3.7e-7,3.7e-7,0
2003,K056,1988,1,7952,2,1.72e-6,1.72e-6,1.72e-6,0
2003,K056,1989,1,7956,1,4.64e-5,4.64e-5,4.64e-5,0
2003,K056,1989,3,7958,1,1.34e-4,1.34e-4,1.34e-4,0
2003,K056,1989,4,7959,1,2.2e-4,2.2e-4,2.2e-4,0
2003,K056,1990,3,7962,1,0.001656646,0.001656646,0.001656646,0
2003,K056,1991,3,7966,1,0.007434298,0.007434298,0.007434298,0
2004,K057,1987,3,7950,1,2.5e-5,2.5e-5,2.5e-5,0
2004,K057,1988,1,7952,2,1.16e-4,1.16e-4,1.16e-4,0
2004,K057,1989,3,7958,1,0.004687756,0.004687756,0.004687756,0
2004,K057,1990,1,7960,1,0.008133124,0.008133124,0.008133124,0
2005,K058,1987,3,7950,1,1e-4,1e-4,1e-4,0
2005,K058,1988,1,7952,2,4.65e-4,4.65e-4,4.65e-4,0
2005,K058,1988,2,7953,1,0.004840947,0.004840947,0.004840947,0
2006,K059,1987,3,7950,1,3.9e-4,3.9e-4,3.9e-4,0
2006,K059,1988,3,7954,2,0.00371451,0.00371451,0.00371451,0
2007,K060,1987,3,7950,1,0.005464925,0.005464925,0.005464925,0
2008,K061,1987,3,7950,1,0.005464925,0.005464925,0.005464925,0
2009,K062,1987,3,7950,1,7.09e-11,7.09e-11,7.09e-11,0
2009,K062,1987,4,7951,1,1.59e-10,1.59e-10,1.59e-10,0
2009,K062,1988,1,7952,1,8.13e-10,8.13e-10,8.13e-10,0
2009,K062,1988,2,7953,1,3.91e-9,3.91e-9,3.91e-9,0
2009,K062,1988,3,7954,1,1.17e-8,1.17e-8,1.17e-8,0
2009,K062,1989,2,7957,1,1.02e-7,1.02e-7,1.02e-7,0
2009,K062,1990,2,7961,1,4.44e-7,4.44e-7,4.44e-7,0
2009,K062,1990,4,7963,1,9.07e-7,9.07e-7,9.07e-7,0
2009,K062,1991,2,7965,1,3.46e-6,3.46e-6,3.46e-6,0
2009,K062,1992,1,7968,1,1.42e-5,1.42e-5,1.42e-5,0
2009,K062,1992,3,7970,1,5.15e-5,5.15e-5,5.15e-5,0
2009,K062,1993,1,7972,1,1.61e-4,1.61e-4,1.61e-4,0
2009,K062,1993,3,7974,1,7.7e-4,7.7e-4,7.7e-4,0
2009,K062,1994,3,7978,1,0.006155805,0.006155805,0.006155805,0
2010,K063,1987,3,7950,1,2.61e-5,2.61e-5,2.61e-5,0
2010,K063,1987,4,7951,1,5.84e-5,5.84e-5,5.84e-5,0
2010,K063,1988,1,7952,2,3e-4,3e-4,3e-4,0
2010,K063,1988,2,7953,1,0.004675982,0.004675982,0.004675982,0
2011,K064,1987,3,7950,1,1.32e-10,1.32e-10,1.32e-10,0
2011,K064,1987,4,7951,1,2.96e-10,2.96e-10,2.96e-10,0
2011,K064,1988,1,7952,1,1.52e-9,1.52e-9,1.52e-9,0
2011,K064,1988,2,7953,1,7.29e-9,7.29e-9,7.29e-9,0
2011,K064,1988,3,7954,1,2.17e-8,2.17e-8,2.17e-8,0
2011,K064,1988,4,7955,1,5.73e-8,5.73e-8,5.73e-8,0
2011,K064,1989,2,7957,1,5.66e-7,5.66e-7,5.66e-7,0
2011,K064,1989,3,7958,1,1.27e-6,1.27e-6,1.27e-6,0
2011,K064,1989,4,7959,1,3.01e-6,3.01e-6,3.01e-6,0
2011,K064,1990,2,7961,1,2.44e-5,2.44e-5,2.44e-5,0
2011,K064,1991,2,7965,1,1.49e-4,1.49e-4,1.49e-4,0
2011,K064,1992,1,7968,1,4.45e-4,4.45e-4,4.45e-4,0
2011,K064,1992,4,7971,1,0.001730466,0.001730466,0.001730466,0
2011,K064,1993,2,7973,1,0.005980489,0.005980489,0.005980489,0
2011,K064,1996,3,7986,1,0.160666868,0.160666868,0.160666868,0
2011,K064,1997,3,7990,1,0.57770174,0.57770174,0.57770174,0
2011,K064,1998,3,7994,2,0.680103389,0.680103389,0.680103389,0
2011,K064,1998,4,7995,1,0.693976992,0.693976992,0.693976992,0
2011,K064,1999,2,7997,1,0.912882612,0.912882612,0.912882612,0
2011,K064,2000,2,8001,1,0.980579889,0.980579889,0.980579889,0
2011,K064,2000,3,8002,1,0.983685532,0.983685532,0.983685532,0
2011,K064,2000,4,8003,1,0.984120056,0.984120056,0.984120056,0
2011,K064,2001,2,8005,1,0.984474217,0.984474217,0.984474217,0
2012,K065,1987,3,7950,1,3.84e-6,3.84e-6,3.84e-6,0
2012,K065,1987,4,7951,1,8.58e-6,8.58e-6,8.58e-6,0
2012,K065,1988,1,7952,1,4.4e-5,4.4e-5,4.4e-5,0
2012,K065,1988,2,7953,1,2.11e-4,2.11e-4,2.11e-4,0
2012,K065,1988,3,7954,1,6.31e-4,6.31e-4,6.31e-4,0
2012,K065,1989,3,7958,1,0.006894059,0.006894059,0.006894059,0
2012,K065,1990,3,7962,1,0.023660449,0.023660449,0.023660449,0
2013,K066,1987,3,7950,1,9.29e-13,9.29e-13,9.29e-13,0
2013,K066,1987,4,7951,1,2.08e-12,2.08e-12,2.08e-12,0
2013,K066,1988,2,7953,1,2.12e-11,2.12e-11,2.12e-11,0
2013,K066,1988,3,7954,1,4.77e-11,4.77e-11,4.77e-11,0
2013,K066,1988,4,7955,1,1.13e-10,1.13e-10,1.13e-10,0
2013,K066,1989,2,7957,1,1.04e-9,1.04e-9,1.04e-9,0
2013,K066,1989,3,7958,1,2.48e-9,2.48e-9,2.48e-9,0
2013,K066,1989,4,7959,1,6.03e-9,6.03e-9,6.03e-9,0
2013,K066,1990,2,7961,1,4.97e-8,4.97e-8,4.97e-8,0
2013,K066,1990,3,7962,1,1.17e-7,1.17e-7,1.17e-7,0
2013,K066,1991,2,7965,1,9.19e-7,9.19e-7,9.19e-7,0
2013,K066,1992,4,7971,1,6.14e-6,6.14e-6,6.14e-6,0
2013,K066,1993,2,7973,1,1.48e-5,1.48e-5,1.48e-5,0
2013,K066,1993,3,7974,1,2.84e-5,2.84e-5,2.84e-5,0
2013,K066,1994,2,7977,1,2.6e-4,2.6e-4,2.6e-4,0
2013,K066,1995,1,7980,1,0.001273977,0.001273977,0.001273977,0
2013,K066,1995,3,7982,1,0.00579791,0.00579791,0.00579791,0
2014,K067,1987,3,7950,1,0.005464925,0.005464925,0.005464925,0
2015,K068,1987,3,7950,1,1e-4,1e-4,1e-4,0
2015,K068,1987,4,7951,1,2.24e-4,2.24e-4,2.24e-4,0
2015,K068,1988,1,7952,1,0.001149214,0.001149214,0.001149214,0
2015,K068,1988,2,7953,1,0.005521899,0.005521899,0.005521899,0
2016,K069,1987,3,7950,1,9.44e-5,9.44e-5,9.44e-5,0
2016,K069,1987,4,7951,1,2.11e-4,2.11e-4,2.11e-4,0
2016,K069,1988,2,7953,1,0.002154933,0.002154933,0.002154933,0
2016,K069,1989,4,7959,1,0.016777027,0.016777027,0.016777027,0
2017,K070,1987,3,7950,1,0.018144007,0.018144007,0.018144007,0
2017,K070,1987,4,7951,1,0.040558332,0.040558332,0.040558332,0
2017,K070,1988,1,7952,1,0.20811926,0.20811926,0.20811926,0
2017,K070,1988,2,7953,1,0.999999996,0.999999996,0.999999996,0
2017,K070,1988,4,7955,2,1,1,1,0
2018,K071,1987,3,7950,1,3.3e-15,3.3e-15,3.3e-15,0
2018,K071,1987,4,7951,1,7.38e-15,7.38e-15,7.38e-15,0
2018,K071,1988,1,7952,1,3.79e-14,3.79e-14,3.79e-14,0
2018,K071,1988,2,7953,1,1.82e-13,1.82e-13,1.82e-13,0
2018,K071,1989,1,7956,1,1.16e-12,1.16e-12,1.16e-12,0
2018,K071,1989,3,7958,1,4.18e-12,4.18e-12,4.18e-12,0
2018,K071,1989,4,7959,1,7.12e-12,7.12e-12,7.12e-12,0
2018,K071,1990,2,7961,1,4.33e-11,4.33e-11,4.33e-11,0
2018,K071,1990,3,7962,1,6.82e-11,6.82e-11,6.82e-11,0
2018,K071,1990,4,7963,1,1.37e-10,1.37e-10,1.37e-10,0
2018,K071,1991,1,7964,1,5.68e-10,5.68e-10,5.68e-10,0
2018,K071,1991,3,7966,1,4.37e-9,4.37e-9,4.37e-9,0
2018,K071,1992,1,7968,1,1.54e-8,1.54e-8,1.54e-8,0
2018,K071,1992,2,7969,1,5.2e-8,5.2e-8,5.2e-8,0
2018,K071,1992,3,7970,1,1.55e-7,1.55e-7,1.55e-7,0
2018,K071,1993,3,7974,1,1.91e-6,1.91e-6,1.91e-6,0
2018,K071,1993,4,7975,1,2.39e-6,2.39e-6,2.39e-6,0
2018,K071,1994,1,7976,1,7.15e-6,7.15e-6,7.15e-6,0
2018,K071,1994,2,7977,1,3.25e-5,3.25e-5,3.25e-5,0
2018,K071,1995,3,7982,2,5.19e-4,5.19e-4,5.19e-4,0
2018,K071,1995,4,7983,1,0.001680586,0.001680586,0.001680586,0
2019,K072,1987,3,7950,1,3.59e-11,3.59e-11,3.59e-11,0
2019,K072,1987,4,7951,1,8.02e-11,8.02e-11,8.02e-11,0
2019,K072,1988,1,7952,1,4.11e-10,4.11e-10,4.11e-10,0
2019,K072,1988,2,7953,1,1.98e-9,1.98e-9,1.98e-9,0
2019,K072,1988,3,7954,1,5.9e-9,5.9e-9,5.9e-9,0
2019,K072,1988,4,7955,1,1.56e-8,1.56e-8,1.56e-8,0
2019,K072,1989,2,7957,1,8.38e-8,8.38e-8,8.38e-8,0
2019,K072,1989,4,7959,1,2.39e-7,2.39e-7,2.39e-7,0
2019,K072,1990,1,7960,1,5.72e-7,5.72e-7,5.72e-7,0
2019,K072,1990,2,7961,1,2.34e-6,2.34e-6,2.34e-6,0
2019,K072,1990,3,7962,1,7.31e-6,7.31e-6,7.31e-6,0
2019,K072,1990,4,7963,1,2.1e-5,2.1e-5,2.1e-5,0
2019,K072,1991,3,7966,1,2.84e-4,2.84e-4,2.84e-4,0
2019,K072,1991,4,7967,1,4.78e-4,4.78e-4,4.78e-4,0
2019,K072,1992,3,7970,1,0.004667512,0.004667512,0.004667512,0
2020,K073,1987,3,7950,1,1.33e-14,1.33e-14,1.33e-14,0
2020,K073,1987,4,7951,1,2.97e-14,2.97e-14,2.97e-14,0
2020,K073,1988,1,7952,1,1.52e-13,1.52e-13,1.52e-13,0
2020,K073,1988,2,7953,1,7.32e-13,7.32e-13,7.32e-13,0
2020,K073,1989,2,7957,1,6.58e-12,6.58e-12,6.58e-12,0
2020,K073,1989,3,7958,1,1.14e-11,1.14e-11,1.14e-11,0
2020,K073,1989,4,7959,1,2.32e-11,2.32e-11,2.32e-11,0
2020,K073,1990,1,7960,1,8.82e-11,8.82e-11,8.82e-11,0
2020,K073,1990,4,7963,1,8.05e-10,8.05e-10,8.05e-10,0
2020,K073,1991,2,7965,1,2.85e-9,2.85e-9,2.85e-9,0
2020,K073,1991,3,7966,1,6.05e-9,6.05e-9,6.05e-9,0
2020,K073,1993,4,7975,1,1.13e-7,1.13e-7,1.13e-7,0
2020,K073,1994,1,7976,1,1.81e-7,1.81e-7,1.81e-7,0
2020,K073,1994,3,7978,1,7.76e-7,7.76e-7,7.76e-7,0
2020,K073,1995,3,7982,2,6.66e-6,6.66e-6,6.66e-6,0
2020,K073,1996,3,7986,2,1.6e-4,1.6e-4,1.6e-4,0
2020,K073,1997,2,7989,1,0.00330909,0.00330909,0.00330909,0
2020,K073,1997,3,7990,1,0.007463187,0.007463187,0.007463187,0
2021,K074,1987,3,7950,1,1.4e-6,1.4e-6,1.4e-6,0
2021,K074,1988,3,7954,1,1.33e-5,1.33e-5,1.33e-5,0
2021,K074,1989,3,7958,2,5.37e-5,5.37e-5,5.37e-5,0
2021,K074,1990,2,7961,1,3.81e-4,3.81e-4,3.81e-4,0
2021,K074,1990,3,7962,1,7.57e-4,7.57e-4,7.57e-4,0
2021,K074,1990,4,7963,1,0.001795927,0.001795927,0.001795927,0
2022,K075,1987,3,7950,1,3.1e-10,3.1e-10,3.1e-10,0
2022,K075,1988,1,7952,1,1.44e-9,1.44e-9,1.44e-9,0
2022,K075,1988,2,7953,1,3.18e-9,3.18e-9,3.18e-9,0
2022,K075,1988,3,7954,1,5.3300000000000004e-09,5.3300000000000004e-09,5.3300000000000004e-09,0
2022,K075,1988,4,7955,1,1.06e-8,1.06e-8,1.06e-8,0
2022,K075,1989,1,7956,1,4.46e-8,4.46e-8,4.46e-8,0
2022,K075,1989,2,7957,1,2.05e-7,2.05e-7,2.05e-7,0
2022,K075,1989,4,7959,1,8.67e-7,8.67e-7,8.67e-7,0
2022,K075,1990,2,7961,1,4.05e-6,4.05e-6,4.05e-6,0
2022,K075,1990,3,7962,1,8.99e-6,8.99e-6,8.99e-6,0
2022,K075,1990,4,7963,1,2.26e-5,2.26e-5,2.26e-5,0
2022,K075,1991,2,7965,1,2.15e-4,2.15e-4,2.15e-4,0
2022,K075,1991,3,7966,1,5.14e-4,5.14e-4,5.14e-4,0
2022,K075,1992,2,7969,1,0.004399234,0.004399234,0.004399234,0
2023,K076,1987,3,7950,1,3.79e-4,3.79e-4,3.79e-4,0
2023,K076,1987,4,7951,1,8.47e-4,8.47e-4,8.47e-4,0
2023,K076,1988,1,7952,1,0.00434416,0.00434416,0.00434416,0
2024,K077,1987,3,7950,1,0.005181045,0.005181045,0.005181045,0
2024,K077,1987,4,7951,1,0.008345664,0.008345664,0.008345664,0
2024,K077,1988,2,7953,1,0.008992874,0.008992874,0.008992874,0
2024,K077,1988,4,7955,1,0.010460967,0.010460967,0.010460967,0
2024,K077,1989,3,7958,1,0.021616747,0.021616747,0.021616747,0
2024,K077,1990,2,7961,1,0.049802188,0.049802188,0.049802188,0
2024,K077,1991,2,7965,1,0.171846771,0.171846771,0.171846771,0
2024,K077,1992,2,7969,1,0.602573001,0.602573001,0.602573001,0
2024,K077,1992,3,7970,1,0.999999999,0.999999999,0.999999999,0
2024,K077,1994,2,7977,2,1,1,1,0
2024,K077,1994,4,7979,1,1,1,1,0
2025,K078,1987,3,7950,1,0.77393897,0.77393897,0.77393897,0
2025,K078,1987,4,7951,1,0.785663471,0.785663471,0.785663471,0
2025,K078,1988,2,7953,1,0.788061301,0.788061301,0.788061301,0
2025,K078,1989,2,7957,1,0.801412418,0.801412418,0.801412418,0
2025,K078,1989,3,7958,1,0.81236583,0.81236583,0.81236583,0
2025,K078,1990,2,7961,3,0.916789218,0.916789218,0.916789218,0
2025,K078,1991,2,7965,1,1,1,1,0
2025,K078,1992,3,7970,1,1,1,1,0
2026,K079,1988,4,7955,1,1.12e-6,1.12e-6,1.12e-6,0
2026,K079,1989,4,7959,1,9.89e-6,9.89e-6,9.89e-6,0
2026,K079,1990,2,7961,1,2.39e-5,2.39e-5,2.39e-5,0
2026,K079,1991,2,7965,1,1.06e-4,1.06e-4,1.06e-4,0
2026,K079,1992,3,7970,1,4.57e-4,4.57e-4,4.57e-4,0
2026,K079,1993,2,7973,1,0.00128112,0.00128112,0.00128112,0
2026,K079,1993,4,7975,1,0.002953713,0.002953713,0.002953713,0
2027,K080,1987,3,7950,1,0.002900782,0.002900782,0.002900782,0
2027,K080,1987,4,7951,1,0.004672601,0.004672601,0.004672601,0
2028,K081,1987,3,7950,1,1.84e-4,1.84e-4,1.84e-4,0
2028,K081,1987,4,7951,1,2.97e-4,2.97e-4,2.97e-4,0
2028,K081,1988,1,7952,1,0.001137054,0.001137054,0.001137054,0
2028,K081,1988,4,7955,1,0.009362877,0.009362877,0.009362877,0
2029,K082,1987,3,7950,1,0.010991389,0.010991389,0.010991389,0
2030,K083,1987,3,7950,1,7.86e-4,7.86e-4,7.86e-4,0
2030,K083,1988,2,7953,1,0.003351878,0.003351878,0.003351878,0
2030,K083,1988,3,7954,1,0.006233923,0.006233923,0.006233923,0
2031,K084,1988,1,7952,1,4.22e-4,4.22e-4,4.22e-4,0
2031,K084,1988,2,7953,1,0.001574911,0.001574911,0.001574911,0
2031,K084,1988,3,7954,1,0.004462095,0.004462095,0.004462095,0
2032,K085,1987,4,7951,1,8.59e-11,8.59e-11,8.59e-11,0
2032,K085,1988,1,7952,1,2.94e-10,2.94e-10,2.94e-10,0
2032,K085,1988,2,7953,1,1.28e-9,1.28e-9,1.28e-9,0
2032,K085,1988,3,7954,1,3.74e-9,3.74e-9,3.74e-9,0
2032,K085,1989,2,7957,1,3.24e-8,3.24e-8,3.24e-8,0
2032,K085,1990,1,7960,1,1.09e-7,1.09e-7,1.09e-7,0
2032,K085,1990,3,7962,1,3.35e-7,3.35e-7,3.35e-7,0
2032,K085,1991,2,7965,1,1.39e-6,1.39e-6,1.39e-6,0
2032,K085,1992,1,7968,1,4.81e-6,4.81e-6,4.81e-6,0
2032,K085,1993,1,7972,1,2.48e-5,2.48e-5,2.48e-5,0
2032,K085,1993,3,7974,1,6.99e-5,6.99e-5,6.99e-5,0
2032,K085,1995,1,7980,1,6.87e-4,6.87e-4,6.87e-4,0
2032,K085,1999,2,7997,1,0.019250409,0.019250409,0.019250409,0
2032,K085,1999,3,7998,1,0.023621523,0.023621523,0.023621523,0
2033,K086,1987,4,7951,1,3.82e-4,3.82e-4,3.82e-4,0
2033,K086,1988,1,7952,1,0.001307102,0.001307102,0.001307102,0
2033,K086,1988,2,7953,1,0.005679096,0.005679096,0.005679096,0
2034,K087,1987,4,7951,1,8.72e-4,8.72e-4,8.72e-4,0
2034,K087,1988,1,7952,1,0.002982423,0.002982423,0.002982423,0
2034,K087,1988,2,7953,1,0.012958028,0.012958028,0.012958028,0
2034,K087,1988,3,7954,1,0.037941643,0.037941643,0.037941643,0
2034,K087,1988,4,7955,1,0.09947804,0.09947804,0.09947804,0
2034,K087,1989,2,7957,1,0.978880456,0.978880456,0.978880456,0
2034,K087,1989,3,7958,1,0.993809934,0.993809934,0.993809934,0
2034,K087,1990,1,7960,1,0.998596707,0.998596707,0.998596707,0
2034,K087,1990,3,7962,1,0.999803405,0.999803405,0.999803405,0
2034,K087,1991,1,7964,1,0.999969331,0.999969331,0.999969331,0
2034,K087,1991,2,7965,1,0.999996148,0.999996148,0.999996148,0
2034,K087,1991,3,7966,1,1,1,1,0
2035,K088,1987,4,7951,1,1.52e-6,1.52e-6,1.52e-6,0
2035,K088,1988,1,7952,1,5.19e-6,5.19e-6,5.19e-6,0
2035,K088,1988,2,7953,1,2.25e-5,2.25e-5,2.25e-5,0
2035,K088,1988,3,7954,1,6.6e-5,6.6e-5,6.6e-5,0
2035,K088,1989,2,7957,1,5.71e-4,5.71e-4,5.71e-4,0
2035,K088,1989,4,7959,1,0.001476572,0.001476572,0.001476572,0
2035,K088,1990,1,7960,1,0.003420662,0.003420662,0.003420662,0
2036,K089,1987,4,7951,1,3.82e-4,3.82e-4,3.82e-4,0
2036,K089,1988,1,7952,1,0.001307102,0.001307102,0.001307102,0
2036,K089,1988,2,7953,1,0.005679096,0.005679096,0.005679096,0
2037,K090,1987,4,7951,1,3.59e-4,3.59e-4,3.59e-4,0
2037,K090,1988,4,7955,1,0.003446265,0.003446265,0.003446265,0
2037,K090,1989,3,7958,1,0.012158382,0.012158382,0.012158382,0
2038,K091,1987,4,7951,1,0.001521216,0.001521216,0.001521216,0
2038,K091,1989,3,7958,1,0.02420614,0.02420614,0.02420614,0
2039,K092,1987,4,7951,1,6.76e-8,6.76e-8,6.76e-8,0
2039,K092,1988,2,7953,1,4.33e-7,4.33e-7,4.33e-7,0
2039,K092,1990,3,7962,1,4.27e-6,4.27e-6,4.27e-6,0
2039,K092,1990,4,7963,1,5.07e-6,5.07e-6,5.07e-6,0
2039,K092,1992,4,7971,1,3.87e-5,3.87e-5,3.87e-5,0
2039,K092,1994,1,7976,1,1.18e-4,1.18e-4,1.18e-4,0
2039,K092,1994,3,7978,2,2.96e-4,2.96e-4,2.96e-4,0
2039,K092,1995,3,7982,1,0.007851276,0.007851276,0.007851276,0
2040,K093,1987,4,7951,1,3.48e-4,3.48e-4,3.48e-4,0
2040,K093,1988,2,7953,1,0.002228669,0.002228669,0.002228669,0
2040,K093,1988,4,7955,1,0.006494489,0.006494489,0.006494489,0
2041,L001,1986,1,7944,1,2.41e-5,2.41e-5,2.41e-5,0
2041,L001,1986,3,7946,1,1.5e-4,1.5e-4,1.5e-4,0
2041,L001,1987,3,7950,1,0.001034522,0.001034522,0.001034522,0
2041,L001,1988,3,7954,1,0.004466823,0.004466823,0.004466823,0
2041,L001,1989,3,7958,1,0.016070821,0.016070821,0.016070821,0
2042,L002,1986,1,7944,1,2.4e-5,2.4e-5,2.4e-5,0
2042,L002,1986,3,7946,1,1.49e-4,1.49e-4,1.49e-4,0
2042,L002,1987,3,7950,1,0.001028774,0.001028774,0.001028774,0
2042,L002,1988,1,7952,1,0.002485102,0.002485102,0.002485102,0
2042,L002,1989,3,7958,1,0.021537918,0.021537918,0.021537918,0
2043,L003,1986,1,7944,1,0.00450901,0.00450901,0.00450901,0
2044,L004,1986,1,7944,1,0.00450901,0.00450901,0.00450901,0
2045,L005,1986,1,7944,1,0.057110371,0.057110371,0.057110371,0
2045,L005,1987,3,7950,1,0.999999944,0.999999944,0.999999944,0
2046,L006,1986,1,7944,1,0.001230223,0.001230223,0.001230223,0
2046,L006,1987,2,7949,1,0.016737624,0.016737624,0.016737624,0
2047,L007,1986,1,7944,1,0.009077617,0.009077617,0.009077617,0
2048,L008,1986,2,7945,1,0.001203269,0.001203269,0.001203269,0
2048,L008,1987,1,7948,1,0.008654331,0.008654331,0.008654331,0
2049,L009,1986,2,7945,1,0.00450901,0.00450901,0.00450901,0
2050,L010,1986,2,7945,1,9.83e-8,9.83e-8,9.83e-8,0
2050,L010,1986,3,7946,1,3.05e-7,3.05e-7,3.05e-7,0
2050,L010,1986,4,7947,1,8.13e-7,8.13e-7,8.13e-7,0
2050,L010,1987,2,7949,1,9.71e-6,9.71e-6,9.71e-6,0
2050,L010,1987,3,7950,1,2.2e-5,2.2e-5,2.2e-5,0
2050,L010,1987,4,7951,1,5.23e-5,5.23e-5,5.23e-5,0
2050,L010,1988,3,7954,1,7.4e-4,7.4e-4,7.4e-4,0
2050,L010,1991,3,7966,1,0.006768064,0.006768064,0.006768064,0
2050,L010,1994,3,7978,1,0.02177009,0.02177009,0.02177009,0
2051,L011,1986,2,7945,1,5.69e-9,5.69e-9,5.69e-9,0
2051,L011,1986,3,7946,1,1.76e-8,1.76e-8,1.76e-8,0
2051,L011,1986,4,7947,1,4.7e-8,4.7e-8,4.7e-8,0
2051,L011,1987,1,7948,1,2.78e-7,2.78e-7,2.78e-7,0
2051,L011,1987,2,7949,1,1.37e-6,1.37e-6,1.37e-6,0
2051,L011,1987,3,7950,1,4.1e-6,4.1e-6,4.1e-6,0
2051,L011,1988,2,7953,1,4.01e-5,4.01e-5,4.01e-5,0
2051,L011,1988,3,7954,1,8.05e-5,8.05e-5,8.05e-5,0
2051,L011,1990,2,7961,1,0.001015892,0.001015892,0.001015892,0
2051,L011,1990,3,7962,1,0.001398131,0.001398131,0.001398131,0
2051,L011,1991,3,7966,1,0.007177279,0.007177279,0.007177279,0
2052,L012,1986,2,7945,1,3.33e-6,3.33e-6,3.33e-6,0
2052,L012,1986,3,7946,1,6.78e-6,6.78e-6,6.78e-6,0
2052,L012,1986,4,7947,1,1.53e-5,1.53e-5,1.53e-5,0
2052,L012,1987,1,7948,1,4.83e-5,4.83e-5,4.83e-5,0
2052,L012,1987,2,7949,1,1.25e-4,1.25e-4,1.25e-4,0
2052,L012,1987,3,7950,1,3.19e-4,3.19e-4,3.19e-4,0
2052,L012,1988,2,7953,2,0.00286498,0.00286498,0.00286498,0
2053,L013,1986,2,7945,1,3.52e-4,3.52e-4,3.52e-4,0
2053,L013,1986,3,7946,1,0.001090762,0.001090762,0.001090762,0
2053,L013,1987,2,7949,1,0.011210302,0.011210302,0.011210302,0
2053,L013,1987,3,7950,1,0.022688435,0.022688435,0.022688435,0
2053,L013,1988,1,7952,1,0.106036671,0.106036671,0.106036671,0
2054,L014,1986,2,7945,1,0.001186663,0.001186663,0.001186663,0
2054,L014,1986,3,7946,1,0.003674661,0.003674661,0.003674661,0
2055,L015,1986,2,7945,1,0.00450901,0.00450901,0.00450901,0
2056,L016,1986,2,7945,1,4.43e-5,4.43e-5,4.43e-5,0
2056,L016,1988,1,7952,1,7.52e-4,7.52e-4,7.52e-4,0
2056,L016,1992,2,7969,1,0.005471022,0.005471022,0.005471022,0
2056,L016,1994,3,7978,1,0.011416286,0.011416286,0.011416286,0
2056,L016,1995,3,7982,1,0.028130844,0.028130844,0.028130844,0
2057,L017,1986,2,7945,1,0.001217356,0.001217356,0.001217356,0
2057,L017,1987,2,7949,1,0.012878822,0.012878822,0.012878822,0
2058,L018,1986,2,7945,1,1.34e-6,1.34e-6,1.34e-6,0
2058,L018,1986,3,7946,1,4.14e-6,4.14e-6,4.14e-6,0
2058,L018,1988,1,7952,2,7.54e-5,7.54e-5,7.54e-5,0
2058,L018,1989,2,7957,1,0.001008954,0.001008954,0.001008954,0
2058,L018,1989,3,7958,1,0.001628551,0.001628551,0.001628551,0
2058,L018,1990,2,7961,1,0.007535432,0.007535432,0.007535432,0
2059,L019,1986,2,7945,1,0.00450901,0.00450901,0.00450901,0
2060,L020,1986,2,7945,1,0.00450901,0.00450901,0.00450901,0
2061,L021,1986,2,7945,1,3.27e-4,3.27e-4,3.27e-4,0
2061,L021,1987,2,7949,1,0.003461058,0.003461058,0.003461058,0
2061,L021,1992,2,7969,1,0.046306045,0.046306045,0.046306045,0
2062,L022,1986,2,7945,1,5.57e-13,5.57e-13,5.57e-13,0
2062,L022,1987,2,7949,1,5.89e-12,5.89e-12,5.89e-12,0
2062,L022,1988,2,7953,2,2.93e-11,2.93e-11,2.93e-11,0
2062,L022,1988,4,7955,1,1.57e-10,1.57e-10,1.57e-10,0
2062,L022,1989,1,7956,1,5.15e-10,5.15e-10,5.15e-10,0
2062,L022,1989,2,7957,1,2.41e-9,2.41e-9,2.41e-9,0
2062,L022,1989,3,7958,2,7.7e-9,7.7e-9,7.7e-9,0
2062,L022,1989,4,7959,1,7.02e-8,7.02e-8,7.02e-8,0
2062,L022,1990,4,7963,1,1.3e-6,1.3e-6,1.3e-6,0
2062,L022,1991,3,7966,1,4.74e-6,4.74e-6,4.74e-6,0
2062,L022,1991,4,7967,1,7.27e-6,7.27e-6,7.27e-6,0
2062,L022,1992,2,7969,1,4.75e-5,4.75e-5,4.75e-5,0
2062,L022,1993,1,7972,1,2.19e-4,2.19e-4,2.19e-4,0
2062,L022,1993,3,7974,1,8.21e-4,8.21e-4,8.21e-4,0
2062,L022,1994,1,7976,1,0.00300903,0.00300903,0.00300903,0
2063,L023,1986,2,7945,1,0.001217356,0.001217356,0.001217356,0
2063,L023,1987,2,7949,1,0.012878822,0.012878822,0.012878822,0
2064,L024,1986,2,7945,1,0.00450901,0.00450901,0.00450901,0
2065,L025,1986,2,7945,1,0.001217356,0.001217356,0.001217356,0
2065,L025,1987,2,7949,1,0.012878822,0.012878822,0.012878822,0
2066,L026,1986,2,7945,1,8.17e-5,8.17e-5,8.17e-5,0
2066,L026,1987,2,7949,1,8.65e-4,8.65e-4,8.65e-4,0
2066,L026,1991,3,7966,1,0.010637339,0.010637339,0.010637339,0
2066,L026,1994,3,7978,1,0.025580922,0.025580922,0.025580922,0
2067,L027,1986,2,7945,1,0.00450901,0.00450901,0.00450901,0
2068,L028,1986,2,7945,1,1.65e-7,1.65e-7,1.65e-7,0
2068,L028,1986,3,7946,1,5.1e-7,5.1e-7,5.1e-7,0
2068,L028,1987,2,7949,1,5.24e-6,5.24e-6,5.24e-6,0
2068,L028,1987,4,7951,1,1.4e-5,1.4e-5,1.4e-5,0
2068,L028,1988,1,7952,1,3.98e-5,3.98e-5,3.98e-5,0
2068,L028,1989,2,7957,1,4.81e-4,4.81e-4,4.81e-4,0
2068,L028,1989,3,7958,1,7.74e-4,7.74e-4,7.74e-4,0
2068,L028,1989,4,7959,1,0.001130851,0.001130851,0.001130851,0
2068,L028,1990,2,7961,1,0.005519425,0.005519425,0.005519425,0
2069,L029,1986,3,7946,1,0.00450901,0.00450901,0.00450901,0
2070,L030,1986,3,7946,1,1.15e-5,1.15e-5,1.15e-5,0
2070,L030,1987,2,7949,1,9.8e-5,9.8e-5,9.8e-5,0
2070,L030,1988,1,7952,1,3.82e-4,3.82e-4,3.82e-4,0
2070,L030,1988,3,7954,1,0.001339826,0.001339826,0.001339826,0
2070,L030,1989,2,7957,1,0.005738518,0.005738518,0.005738518,0
2070,L030,1991,3,7966,1,0.040598714,0.040598714,0.040598714,0
2071,L031,1986,3,7946,1,9.8e-6,9.8e-6,9.8e-6,0
2071,L031,1987,2,7949,1,8.38e-5,8.38e-5,8.38e-5,0
2071,L031,1989,3,7958,1,8.68e-4,8.68e-4,8.68e-4,0
2071,L031,1991,3,7966,1,0.001625253,0.001625253,0.001625253,0
2071,L031,1992,1,7968,1,0.002141584,0.002141584,0.002141584,0
2071,L031,1993,1,7972,1,0.006926411,0.006926411,0.006926411,0
2072,L032,1986,3,7946,1,9.97e-5,9.97e-5,9.97e-5,0
2072,L032,1988,2,7953,1,0.001837942,0.001837942,0.001837942,0
2072,L032,1988,3,7954,1,0.002694827,0.002694827,0.002694827,0
2072,L032,1989,3,7958,1,0.015493906,0.015493906,0.015493906,0
2072,L032,1991,3,7966,1,0.075347618,0.075347618,0.075347618,0
2072,L032,1992,1,7968,1,0.11613613,0.11613613,0.11613613,0
2072,L032,1992,3,7970,1,0.340244503,0.340244503,0.340244503,0
2072,L032,1993,1,7972,1,0.999999996,0.999999996,0.999999996,0
2072,L032,1993,3,7974,1,1,1,1,0
2072,L032,1994,3,7978,1,1,1,1,0
2072,L032,1995,3,7982,1,1,1,1,0
2072,L032,1996,1,7984,1,1,1,1,0
2073,L033,1986,3,7946,1,6.68e-4,6.68e-4,6.68e-4,0
2073,L033,1988,1,7952,1,0.0052963,0.0052963,0.0052963,0
2073,L033,1988,2,7953,1,0.009650831,0.009650831,0.009650831,0
2074,L034,1986,3,7946,1,0.001236277,0.001236277,0.001236277,0
2074,L034,1988,1,7952,1,0.018553101,0.018553101,0.018553101,0
2075,L035,1986,3,7946,1,0.004039615,0.004039615,0.004039615,0
2076,L036,1986,3,7946,1,0.00450901,0.00450901,0.00450901,0
2077,L037,1986,3,7946,1,0.001218227,0.001218227,0.001218227,0
2077,L037,1987,3,7950,1,0.013140078,0.013140078,0.013140078,0
2078,L038,1986,3,7946,1,0.001129695,0.001129695,0.001129695,0
2078,L038,1988,3,7954,1,0.025955999,0.025955999,0.025955999,0
2079,L039,1986,3,7946,1,0.001125774,0.001125774,0.001125774,0
2079,L039,1993,3,7974,1,0.059273823,0.059273823,0.059273823,0
2080,L040,1986,3,7946,1,2.91e-4,2.91e-4,2.91e-4,0
2080,L040,1987,2,7949,1,0.002742408,0.002742408,0.002742408,0
2080,L040,1988,1,7952,1,0.010782995,0.010782995,0.010782995,0
2081,L041,1986,3,7946,1,1.75e-5,1.75e-5,1.75e-5,0
2081,L041,1987,3,7950,1,2.09e-4,2.09e-4,2.09e-4,0
2081,L041,1989,1,7956,1,0.001240173,0.001240173,0.001240173,0
2081,L041,1989,2,7957,1,0.002091833,0.002091833,0.002091833,0
2081,L041,1990,3,7962,1,0.011988572,0.011988572,0.011988572,0
2082,L042,1986,3,7946,1,2.7e-4,2.7e-4,2.7e-4,0
2082,L042,1987,3,7950,1,0.00322576,0.00322576,0.00322576,0
2082,L042,1989,3,7958,1,0.02479639,0.02479639,0.02479639,0
2082,L042,1990,3,7962,1,0.054990174,0.054990174,0.054990174,0
2082,L042,1991,3,7966,1,0.151685823,0.151685823,0.151685823,0
2083,L043,1986,3,7946,1,2.35e-10,2.35e-10,2.35e-10,0
2083,L043,1987,3,7950,1,2.54e-9,2.54e-9,2.54e-9,0
2083,L043,1988,1,7952,1,6.34e-9,6.34e-9,6.34e-9,0
2083,L043,1988,3,7954,1,2.6e-8,2.6e-8,2.6e-8,0
2083,L043,1989,3,7958,1,1.42e-7,1.42e-7,1.42e-7,0
2083,L043,1989,4,7959,1,2.05e-7,2.05e-7,2.05e-7,0
2083,L043,1990,1,7960,1,5.52e-7,5.52e-7,5.52e-7,0
2083,L043,1990,3,7962,1,3.6e-6,3.6e-6,3.6e-6,0
2083,L043,1990,4,7963,1,6.94e-6,6.94e-6,6.94e-6,0
2083,L043,1991,1,7964,1,2.79e-5,2.79e-5,2.79e-5,0
2083,L043,1991,3,7966,1,2.13e-4,2.13e-4,2.13e-4,0
2083,L043,1993,3,7974,1,0.002513313,0.002513313,0.002513313,0
2083,L043,1994,4,7979,1,0.008714757,0.008714757,0.008714757,0
2084,L044,1986,3,7946,1,0.00450901,0.00450901,0.00450901,0
2085,L045,1986,3,7946,1,0.00450901,0.00450901,0.00450901,0
2086,L046,1986,3,7946,1,0.00450901,0.00450901,0.00450901,0
2087,L047,1986,3,7946,1,0.00450901,0.00450901,0.00450901,0
2088,L048,1986,3,7946,1,0.00450901,0.00450901,0.00450901,0
2089,L049,1986,3,7946,1,2.19e-12,2.19e-12,2.19e-12,0
2089,L049,1987,1,7948,1,1.12e-11,1.12e-11,1.12e-11,0
2089,L049,1987,2,7949,1,3.99e-11,3.99e-11,3.99e-11,0
2089,L049,1987,3,7950,1,1.12e-10,1.12e-10,1.12e-10,0
2089,L049,1988,2,7953,1,1.06e-9,1.06e-9,1.06e-9,0
2089,L049,1988,3,7954,1,2.25e-9,2.25e-9,2.25e-9,0
2089,L049,1989,1,7956,1,1e-8,1e-8,1e-8,0
2089,L049,1989,2,7957,1,3.31e-8,3.31e-8,3.31e-8,0
2089,L049,1989,3,7958,2,9.1e-8,9.1e-8,9.1e-8,0
2089,L049,1990,1,7960,1,1.49e-6,1.49e-6,1.49e-6,0
2089,L049,1990,3,7962,1,8.37e-6,8.37e-6,8.37e-6,0
2089,L049,1990,4,7963,1,1.59e-5,1.59e-5,1.59e-5,0
2089,L049,1991,2,7965,1,1.22e-4,1.22e-4,1.22e-4,0
2089,L049,1991,3,7966,1,2.87e-4,2.87e-4,2.87e-4,0
2089,L049,1992,4,7971,1,0.003436123,0.003436123,0.003436123,0
2089,L049,1993,2,7973,1,0.009855263,0.009855263,0.009855263,0
2089,L049,1995,3,7982,1,0.142988132,0.142988132,0.142988132,0
2089,L049,1996,3,7986,2,0.573893665,0.573893665,0.573893665,0
2090,L050,1986,3,7946,1,3.13e-10,3.13e-10,3.13e-10,0
2090,L050,1986,4,7947,1,7.39e-10,7.39e-10,7.39e-10,0
2090,L050,1987,1,7948,1,4.07e-9,4.07e-9,4.07e-9,0
2090,L050,1987,2,7949,1,1.99e-8,1.99e-8,1.99e-8,0
2090,L050,1987,3,7950,1,5.94e-8,5.94e-8,5.94e-8,0
2090,L050,1987,4,7951,1,1.57e-7,1.57e-7,1.57e-7,0
2090,L050,1988,1,7952,1,8.85e-7,8.85e-7,8.85e-7,0
2090,L050,1988,2,7953,1,4.33e-6,4.33e-6,4.33e-6,0
2090,L050,1990,1,7960,1,5.74e-5,5.74e-5,5.74e-5,0
2090,L050,1990,2,7961,1,8.98e-5,8.98e-5,8.98e-5,0
2090,L050,1990,3,7962,1,1.81e-4,1.81e-4,1.81e-4,0
2090,L050,1991,2,7965,1,0.00125741,0.00125741,0.00125741,0
2090,L050,1992,3,7970,1,0.007548828,0.007548828,0.007548828,0
2091,L051,1986,3,7946,1,8.24e-5,8.24e-5,8.24e-5,0
2091,L051,1986,4,7947,1,1.94e-4,1.94e-4,1.94e-4,0
2091,L051,1987,1,7948,1,0.001072974,0.001072974,0.001072974,0
2091,L051,1987,2,7949,1,0.005228103,0.005228103,0.005228103,0
2092,L052,1986,3,7946,1,0.00450901,0.00450901,0.00450901,0
2093,L053,1986,3,7946,1,1.22e-17,1.22e-17,1.22e-17,0
2093,L053,1986,4,7947,1,2.89e-17,2.89e-17,2.89e-17,0
2093,L053,1987,1,7948,1,1.59e-16,1.59e-16,1.59e-16,0
2093,L053,1987,2,7949,1,7.76e-16,7.76e-16,7.76e-16,0
2093,L053,1987,3,7950,1,2.32e-15,2.32e-15,2.32e-15,0
2093,L053,1987,4,7951,1,6.13e-15,6.13e-15,6.13e-15,0
2093,L053,1988,1,7952,2,3.46e-14,3.46e-14,3.46e-14,0
2093,L053,1988,2,7953,1,5.51e-13,5.51e-13,5.51e-13,0
2093,L053,1988,3,7954,1,1.85e-12,1.85e-12,1.85e-12,0
2093,L053,1988,4,7955,1,5.03e-12,5.03e-12,5.03e-12,0
2093,L053,1989,4,7959,1,7.76e-11,7.76e-11,7.76e-11,0
2093,L053,1990,2,7961,1,2.07e-10,2.07e-10,2.07e-10,0
2093,L053,1990,3,7962,1,4.09e-10,4.09e-10,4.09e-10,0
2093,L053,1990,4,7963,1,9.64e-10,9.64e-10,9.64e-10,0
2093,L053,1991,4,7967,1,1.35e-8,1.35e-8,1.35e-8,0
2093,L053,1992,2,7969,1,4.25e-8,4.25e-8,4.25e-8,0
2093,L053,1992,3,7970,1,8.79e-8,8.79e-8,8.79e-8,0
2093,L053,1992,4,7971,1,2.13e-7,2.13e-7,2.13e-7,0
2093,L053,1993,1,7972,1,1.12e-6,1.12e-6,1.12e-6,0
2093,L053,1993,3,7974,1,9.13e-6,9.13e-6,9.13e-6,0
2093,L053,1994,3,7978,1,8e-5,8e-5,8e-5,0
2093,L053,1994,4,7979,1,1.26e-4,1.26e-4,1.26e-4,0
2093,L053,1995,3,7982,2,0.001702771,0.001702771,0.001702771,0
2094,L054,1986,3,7946,1,6.77e-22,6.77e-22,6.77e-22,0
2094,L054,1986,4,7947,1,1.6e-21,1.6e-21,1.6e-21,0
2094,L054,1987,1,7948,1,8.81e-21,8.81e-21,8.81e-21,0
2094,L054,1987,3,7950,1,6.52e-20,6.52e-20,6.52e-20,0
2094,L054,1987,4,7951,1,1.2e-19,1.2e-19,1.2e-19,0
2094,L054,1988,1,7952,1,5.3e-19,5.3e-19,5.3e-19,0
2094,L054,1988,2,7953,1,2.47e-18,2.47e-18,2.47e-18,0
2094,L054,1988,4,7955,1,1.04e-17,1.04e-17,1.04e-17,0
2094,L054,1989,2,7957,1,5.49e-17,5.49e-17,5.49e-17,0
2094,L054,1989,3,7958,1,1.17e-16,1.17e-16,1.17e-16,0
2094,L054,1990,2,7961,1,7.04e-16,7.04e-16,7.04e-16,0
2094,L054,1990,4,7963,1,1.82e-15,1.82e-15,1.82e-15,0
2094,L054,1991,1,7964,1,4.55e-15,4.55e-15,4.55e-15,0
2094,L054,1991,2,7965,1,1.91e-14,1.91e-14,1.91e-14,0
2094,L054,1991,3,7966,1,6.01e-14,6.01e-14,6.01e-14,0
2094,L054,1991,4,7967,1,1.73e-13,1.73e-13,1.73e-13,0
2094,L054,1992,1,7968,1,9.73e-13,9.73e-13,9.73e-13,0
2094,L054,1992,2,7969,1,5.24e-12,5.24e-12,5.24e-12,0
2094,L054,1992,3,7970,1,1.72e-11,1.72e-11,1.72e-11,0
2094,L054,1993,3,7974,1,2.22e-10,2.22e-10,2.22e-10,0
2094,L054,1994,2,7977,1,5.68e-10,5.68e-10,5.68e-10,0
2094,L054,1995,3,7982,1,3.66e-9,3.66e-9,3.66e-9,0
2094,L054,1995,4,7983,1,5.37e-9,5.37e-9,5.37e-9,0
2094,L054,1996,3,7986,1,6.66e-8,6.66e-8,6.66e-8,0
2094,L054,1997,1,7988,1,2.39e-7,2.39e-7,2.39e-7,0
2094,L054,1997,3,7990,1,1.34e-6,1.34e-6,1.34e-6,0
2094,L054,1998,3,7994,1,5.27e-6,5.27e-6,5.27e-6,0
2094,L054,1998,4,7995,1,7.7e-6,7.7e-6,7.7e-6,0
2094,L054,1999,1,7996,1,2.5e-5,2.5e-5,2.5e-5,0
2094,L054,1999,2,7997,1,1.15e-4,1.15e-4,1.15e-4,0
2094,L054,1999,3,7998,1,3.65e-4,3.65e-4,3.65e-4,0
2094,L054,1999,4,7999,1,0.001050111,0.001050111,0.001050111,0
2094,L054,2000,1,8000,1,0.00589639,0.00589639,0.00589639,0
2095,L055,1986,3,7946,1,0.076827044,0.076827044,0.076827044,0
2095,L055,1986,4,7947,1,0.181257501,0.181257501,0.181257501,0
2095,L055,1987,1,7948,1,0.999999727,0.999999727,0.999999727,0
2096,L056,1986,3,7946,1,1.39e-21,1.39e-21,1.39e-21,0
2096,L056,1986,4,7947,1,3.27e-21,3.27e-21,3.27e-21,0
2096,L056,1987,1,7948,1,1.81e-20,1.81e-20,1.81e-20,0
2096,L056,1987,2,7949,1,8.8e-20,8.8e-20,8.8e-20,0
2096,L056,1987,3,7950,1,2.63e-19,2.63e-19,2.63e-19,0
2096,L056,1987,4,7951,1,6.95e-19,6.95e-19,6.95e-19,0
2096,L056,1988,1,7952,1,3.92e-18,3.92e-18,3.92e-18,0
2096,L056,1988,2,7953,1,1.92e-17,1.92e-17,1.92e-17,0
2096,L056,1988,3,7954,1,5.74e-17,5.74e-17,5.74e-17,0
2096,L056,1988,4,7955,1,1.51e-16,1.51e-16,1.51e-16,0
2096,L056,1989,2,7957,1,1.5e-15,1.5e-15,1.5e-15,0
2096,L056,1989,4,7959,1,4.55e-15,4.55e-15,4.55e-15,0
2096,L056,1990,2,7961,1,1.92e-14,1.92e-14,1.92e-14,0
2096,L056,1991,2,7965,1,1.05e-13,1.05e-13,1.05e-13,0
2096,L056,1991,3,7966,1,1.8e-13,1.8e-13,1.8e-13,0
2096,L056,1992,2,7969,1,1.16e-12,1.16e-12,1.16e-12,0
2096,L056,1992,3,7970,1,2.35e-12,2.35e-12,2.35e-12,0
2096,L056,1993,3,7974,1,2.28e-11,2.28e-11,2.28e-11,0
2096,L056,1994,3,7978,1,1.25e-10,1.25e-10,1.25e-10,0
2096,L056,1994,4,7979,1,1.9e-10,1.9e-10,1.9e-10,0
2096,L056,1995,1,7980,1,9.34e-10,9.34e-10,9.34e-10,0
2096,L056,1995,3,7982,1,7.46e-9,7.46e-9,7.46e-9,0
2096,L056,1996,3,7986,1,7.38e-8,7.38e-8,7.38e-8,0
2096,L056,1997,2,7989,1,2.15e-7,2.15e-7,2.15e-7,0
2096,L056,1997,4,7991,1,5.19e-7,5.19e-7,5.19e-7,0
2096,L056,1998,1,7992,1,1.62e-6,1.62e-6,1.62e-6,0
2096,L056,1998,2,7993,1,7.32e-6,7.32e-6,7.32e-6,0
2096,L056,1998,3,7994,1,2.31e-5,2.31e-5,2.31e-5,0
2096,L056,1998,4,7995,1,6.63e-5,6.63e-5,6.63e-5,0
2096,L056,1999,1,7996,1,3.74e-4,3.74e-4,3.74e-4,0
2096,L056,1999,2,7997,1,0.001976809,0.001976809,0.001976809,0
2096,L056,1999,3,7998,1,0.00642491,0.00642491,0.00642491,0
2097,L057,1986,3,7946,1,2.79e-8,2.79e-8,2.79e-8,0
2097,L057,1986,4,7947,1,6.57e-8,6.57e-8,6.57e-8,0
2097,L057,1987,1,7948,1,3.63e-7,3.63e-7,3.63e-7,0
2097,L057,1987,2,7949,1,1.77e-6,1.77e-6,1.77e-6,0
2097,L057,1987,3,7950,1,5.28e-6,5.28e-6,5.28e-6,0
2097,L057,1987,4,7951,1,1.4e-5,1.4e-5,1.4e-5,0
2097,L057,1988,2,7953,1,1.59e-4,1.59e-4,1.59e-4,0
2097,L057,1988,3,7954,1,3.58e-4,3.58e-4,3.58e-4,0
2097,L057,1988,4,7955,1,8.5e-4,8.5e-4,8.5e-4,0
2097,L057,1989,1,7956,1,0.003999193,0.003999193,0.003999193,0
2098,L058,1986,3,7946,1,3.12e-4,3.12e-4,3.12e-4,0
2098,L058,1986,4,7947,1,7.36e-4,7.36e-4,7.36e-4,0
2098,L058,1987,1,7948,1,0.004059301,0.004059301,0.004059301,0
2099,L059,1986,3,7946,1,1.08e-7,1.08e-7,1.08e-7,0
2099,L059,1986,4,7947,1,2.55e-7,2.55e-7,2.55e-7,0
2099,L059,1987,1,7948,1,1.41e-6,1.41e-6,1.41e-6,0
2099,L059,1987,2,7949,1,6.85e-6,6.85e-6,6.85e-6,0
2099,L059,1987,3,7950,1,2.05e-5,2.05e-5,2.05e-5,0
2099,L059,1987,4,7951,1,5.41e-5,5.41e-5,5.41e-5,0
2099,L059,1988,3,7954,1,8.17e-4,8.17e-4,8.17e-4,0
2099,L059,1988,4,7955,1,0.001314264,0.001314264,0.001314264,0
2099,L059,1989,2,7957,1,0.00842076,0.00842076,0.00842076,0
2100,L060,1986,3,7946,1,0.009077617,0.009077617,0.009077617,0
2101,L061,1986,3,7946,1,1.36e-5,1.36e-5,1.36e-5,0
2101,L061,1987,1,7948,1,6.96e-5,6.96e-5,6.96e-5,0
2101,L061,1987,2,7949,1,2.48e-4,2.48e-4,2.48e-4,0
2101,L061,1987,3,7950,1,6.94e-4,6.94e-4,6.94e-4,0
2101,L061,1987,4,7951,1,0.001793218,0.001793218,0.001793218,0
2101,L061,1988,2,7953,1,0.020127533,0.020127533,0.020127533,0
2101,L061,1988,3,7954,1,0.045462751,0.045462751,0.045462751,0
2101,L061,1989,2,7957,1,0.340136455,0.340136455,0.340136455,0
2101,L061,1990,3,7962,1,0.999999996,0.999999996,0.999999996,0
2102,L062,1986,3,7946,1,0.00370144,0.00370144,0.00370144,0
2102,L062,1986,4,7947,1,0.006189125,0.006189125,0.006189125,0
2102,L062,1987,1,7948,1,0.015832455,0.015832455,0.015832455,0
2102,L062,1987,2,7949,1,0.038384531,0.038384531,0.038384531,0
2102,L062,1987,3,7950,1,0.039077537,0.039077537,0.039077537,0
2102,L062,1987,4,7951,1,0.04078507,0.04078507,0.04078507,0
2103,L063,1986,3,7946,1,4.14e-7,4.14e-7,4.14e-7,0
2103,L063,1986,4,7947,1,9.77e-7,9.77e-7,9.77e-7,0
2103,L063,1987,1,7948,1,5.39e-6,5.39e-6,5.39e-6,0
2103,L063,1987,2,7949,1,2.63e-5,2.63e-5,2.63e-5,0
2103,L063,1988,1,7952,1,1.78e-4,1.78e-4,1.78e-4,0
2103,L063,1988,2,7953,1,4.86e-4,4.86e-4,4.86e-4,0
2103,L063,1988,3,7954,1,0.001260167,0.001260167,0.001260167,0
2103,L063,1989,2,7957,1,0.010259192,0.010259192,0.010259192,0
2104,L064,1986,3,7946,1,1.39e-6,1.39e-6,1.39e-6,0
2104,L064,1986,4,7947,1,3.27e-6,3.27e-6,3.27e-6,0
2104,L064,1987,2,7949,1,3.63e-5,3.63e-5,3.63e-5,0
2104,L064,1987,3,7950,1,8.19e-5,8.19e-5,8.19e-5,0
2104,L064,1987,4,7951,1,1.94e-4,1.94e-4,1.94e-4,0
2104,L064,1988,1,7952,1,0.001034978,0.001034978,0.001034978,0
2104,L064,1988,4,7955,1,0.009261642,0.009261642,0.009261642,0
2105,L065,1986,3,7946,1,8.04e-16,8.04e-16,8.04e-16,0
2105,L065,1986,4,7947,1,1.9e-15,1.9e-15,1.9e-15,0
2105,L065,1987,1,7948,1,1.05e-14,1.05e-14,1.05e-14,0
2105,L065,1987,2,7949,1,5.1e-14,5.1e-14,5.1e-14,0
2105,L065,1987,3,7950,1,1.53e-13,1.53e-13,1.53e-13,0
2105,L065,1987,4,7951,1,4.03e-13,4.03e-13,4.03e-13,0
2105,L065,1988,1,7952,1,2.27e-12,2.27e-12,2.27e-12,0
2105,L065,1988,3,7954,1,1.69e-11,1.69e-11,1.69e-11,0
2105,L065,1989,2,7957,1,8.4e-11,8.4e-11,8.4e-11,0
2105,L065,1990,3,7962,1,3.88e-10,3.88e-10,3.88e-10,0
2105,L065,1991,2,7965,1,9.65e-10,9.65e-10,9.65e-10,0
2105,L065,1991,3,7966,1,1.66e-9,1.66e-9,1.66e-9,0
2105,L065,1993,1,7972,1,1.76e-8,1.76e-8,1.76e-8,0
2105,L065,1993,2,7973,1,3.25e-8,3.25e-8,3.25e-8,0
2105,L065,1993,3,7974,1,7.44e-8,7.44e-8,7.44e-8,0
2105,L065,1994,1,7976,1,4.58e-7,4.58e-7,4.58e-7,0
2105,L065,1994,3,7978,2,2.82e-6,2.82e-6,2.82e-6,0
2105,L065,1995,3,7982,2,1.03e-4,1.03e-4,1.03e-4,0
2105,L065,1995,4,7983,1,3.83e-4,3.83e-4,3.83e-4,0
2105,L065,1996,3,7986,1,0.010372212,0.010372212,0.010372212,0
2106,L066,1986,3,7946,1,6.61e-8,6.61e-8,6.61e-8,0
2106,L066,1986,4,7947,1,1.56e-7,1.56e-7,1.56e-7,0
2106,L066,1987,1,7948,1,8.6e-7,8.6e-7,8.6e-7,0
2106,L066,1987,2,7949,1,4.19e-6,4.19e-6,4.19e-6,0
2106,L066,1987,3,7950,1,1.25e-5,1.25e-5,1.25e-5,0
2106,L066,1988,1,7952,1,7.31e-5,7.31e-5,7.31e-5,0
2106,L066,1988,2,7953,1,2.62e-4,2.62e-4,2.62e-4,0
2106,L066,1989,2,7957,1,0.002171397,0.002171397,0.002171397,0
2106,L066,1989,3,7958,1,0.003737642,0.003737642,0.003737642,0
2106,L066,1990,3,7962,1,0.022682029,0.022682029,0.022682029,0
2106,L066,1990,4,7963,1,0.033749359,0.033749359,0.033749359,0
2106,L066,1991,1,7964,1,0.103343872,0.103343872,0.103343872,0
2106,L066,1991,4,7967,1,0.873255498,0.873255498,0.873255498,0
2106,L066,1992,2,7969,1,0.999999998,0.999999998,0.999999998,0
2107,L067,1986,3,7946,1,0.00450901,0.00450901,0.00450901,0
2108,L068,1986,3,7946,1,5.7e-6,5.7e-6,5.7e-6,0
2108,L068,1986,4,7947,1,1.35e-5,1.35e-5,1.35e-5,0
2108,L068,1987,1,7948,1,7.42e-5,7.42e-5,7.42e-5,0
2108,L068,1987,2,7949,1,3.62e-4,3.62e-4,3.62e-4,0
2108,L068,1987,3,7950,1,0.001082137,0.001082137,0.001082137,0
2108,L068,1987,4,7951,1,0.002857187,0.002857187,0.002857187,0
2109,L069,1986,3,7946,1,0.00450901,0.00450901,0.00450901,0
2110,L070,1986,3,7946,1,0.001302014,0.001302014,0.001302014,0
2110,L070,1989,3,7958,1,0.0382667,0.0382667,0.0382667,0
2111,L071,1986,3,7946,1,2.99e-4,2.99e-4,2.99e-4,0
2111,L071,1989,3,7958,1,0.008796005,0.008796005,0.008796005,0
2111,L071,1993,1,7972,1,0.029252389,0.029252389,0.029252389,0
2112,L072,1986,3,7946,1,0.002431198,0.002431198,0.002431198,0
2112,L072,1987,3,7950,1,0.026223468,0.026223468,0.026223468,0
2113,L073,1986,3,7946,1,1.39e-7,1.39e-7,1.39e-7,0
2113,L073,1987,3,7950,1,1.5e-6,1.5e-6,1.5e-6,0
2113,L073,1988,1,7952,1,2.62e-6,2.62e-6,2.62e-6,0
2113,L073,1988,3,7954,1,8.39e-6,8.39e-6,8.39e-6,0
2113,L073,1990,3,7962,1,6.61e-5,6.61e-5,6.61e-5,0
2113,L073,1991,3,7966,1,1.42e-4,1.42e-4,1.42e-4,0
2113,L073,1992,3,7970,2,4.18e-4,4.18e-4,4.18e-4,0
2113,L073,1993,1,7972,1,0.002374821,0.002374821,0.002374821,0
2114,L074,1986,3,7946,1,0.001251355,0.001251355,0.001251355,0
2114,L074,1988,2,7953,1,0.023074891,0.023074891,0.023074891,0
2115,L075,1986,4,7947,1,0.00450901,0.00450901,0.00450901,0
2116,L076,1986,4,7947,1,0.00450901,0.00450901,0.00450901,0
2117,L077,1986,4,7947,1,0.00450901,0.00450901,0.00450901,0
2118,L078,1986,4,7947,1,0.00450901,0.00450901,0.00450901,0
2119,L079,1986,4,7947,1,8.29e-5,8.29e-5,8.29e-5,0
2119,L079,1987,1,7948,1,3.14e-4,3.14e-4,3.14e-4,0
2119,L079,1987,2,7949,1,0.00140923,0.00140923,0.00140923,0
2119,L079,1987,3,7950,1,0.004152808,0.004152808,0.004152808,0
2120,L080,1986,4,7947,1,4.4e-17,4.4e-17,4.4e-17,0
2120,L080,1987,1,7948,1,1.67e-16,1.67e-16,1.67e-16,0
2120,L080,1987,2,7949,1,7.49e-16,7.49e-16,7.49e-16,0
2120,L080,1987,3,7950,1,2.21e-15,2.21e-15,2.21e-15,0
2120,L080,1987,4,7951,1,5.8e-15,5.8e-15,5.8e-15,0
2120,L080,1988,2,7953,1,6.57e-14,6.57e-14,6.57e-14,0
2120,L080,1989,2,7957,1,3.99e-13,3.99e-13,3.99e-13,0
2120,L080,1989,3,7958,1,5.34e-13,5.34e-13,5.34e-13,0
2120,L080,1989,4,7959,1,8.68e-13,8.68e-13,8.68e-13,0
2120,L080,1990,4,7963,1,7.41e-12,7.41e-12,7.41e-12,0
2120,L080,1991,2,7965,1,2.09e-11,2.09e-11,2.09e-11,0
2120,L080,1991,3,7966,1,4.19e-11,4.19e-11,4.19e-11,0
2120,L080,1992,3,7970,1,3.92e-10,3.92e-10,3.92e-10,0
2120,L080,1993,3,7974,1,1.72e-9,1.72e-9,1.72e-9,0
2120,L080,1993,4,7975,1,2.54e-9,2.54e-9,2.54e-9,0
2120,L080,1994,2,7977,1,2.08e-8,2.08e-8,2.08e-8,0
2120,L080,1995,2,7981,1,1.76e-7,1.76e-7,1.76e-7,0
2120,L080,1995,3,7982,2,3.44e-7,3.44e-7,3.44e-7,0
2120,L080,1996,2,7985,1,1.45e-5,1.45e-5,1.45e-5,0
2120,L080,1996,3,7986,2,3.32e-5,3.32e-5,3.32e-5,0
2120,L080,1996,4,7987,1,2.54e-4,2.54e-4,2.54e-4,0
2120,L080,1997,2,7989,2,0.006301835,0.006301835,0.006301835,0
2121,L081,1986,4,7947,1,0.00450901,0.00450901,0.00450901,0
2122,M001,1993,1,7972,1,6.33e-13,6.33e-13,6.33e-13,0
2122,M001,1998,2,7993,1,1.66e-10,1.66e-10,1.66e-10,0
2122,M001,1998,3,7994,1,2.17e-10,2.17e-10,2.17e-10,0
2122,M001,1999,2,7997,1,8.63e-10,8.63e-10,8.63e-10,0
2122,M001,1999,3,7998,1,1.64e-9,1.64e-9,1.64e-9,0
2122,M001,1999,4,7999,1,3.76e-9,3.76e-9,3.76e-9,0
2122,M001,2000,2,8001,1,3.71e-8,3.71e-8,3.71e-8,0
2122,M001,2000,4,8003,1,4.13e-8,4.13e-8,4.13e-8,0
2122,M001,2001,3,8006,1,7.73e-8,7.73e-8,7.73e-8,0
2122,M001,2001,4,8007,1,1.03e-7,1.03e-7,1.03e-7,0
2122,M001,2002,2,8009,1,6.01e-7,6.01e-7,6.01e-7,0
2122,M001,2002,3,8010,1,1.36e-6,1.36e-6,1.36e-6,0
2122,M001,2002,4,8011,1,3.44e-6,3.44e-6,3.44e-6,0
2122,M001,2003,3,8014,1,5.4e-5,5.4e-5,5.4e-5,0
2122,M001,2003,4,8015,1,9.03e-5,9.03e-5,9.03e-5,0
2122,M001,2004,2,8017,1,7.36e-4,7.36e-4,7.36e-4,0
2122,M001,2004,3,8018,1,0.001721095,0.001721095,0.001721095,0
2122,M001,2004,4,8019,1,0.004418864,0.004418864,0.004418864,0
2123,M002,1993,1,7972,1,1.32e-8,1.32e-8,1.32e-8,0
2123,M002,1993,3,7974,1,1.79e-7,1.79e-7,1.79e-7,0
2123,M002,1994,3,7978,1,1.65e-6,1.65e-6,1.65e-6,0
2123,M002,1998,3,7994,1,6.01e-5,6.01e-5,6.01e-5,0
2123,M002,1998,4,7995,1,7.24e-5,7.24e-5,7.24e-5,0
2123,M002,1999,3,7998,1,3.36e-4,3.36e-4,3.36e-4,0
2123,M002,2000,4,8003,1,0.001622583,0.001622583,0.001622583,0
2123,M002,2001,3,8006,1,0.005039558,0.005039558,0.005039558,0
2123,M002,2002,3,8010,1,0.022468448,0.022468448,0.022468448,0
2124,M003,1993,2,7973,1,2.5e-6,2.5e-6,2.5e-6,0
2124,M003,1993,3,7974,2,1.51e-5,1.51e-5,1.51e-5,0
2124,M003,1994,1,7976,1,5.1e-4,5.1e-4,5.1e-4,0
2124,M003,1994,2,7977,1,0.002350385,0.002350385,0.002350385,0
2124,M003,1994,3,7978,1,0.0075266,0.0075266,0.0075266,0
2124,M003,1997,4,7991,1,0.627928438,0.627928438,0.627928438,0
2124,M003,1998,1,7992,1,0.999999931,0.999999931,0.999999931,0
2125,M004,1993,2,7973,1,2.7e-5,2.7e-5,2.7e-5,0
2125,M004,1993,3,7974,2,1.63e-4,1.63e-4,1.63e-4,0
2125,M004,1994,2,7977,1,0.004577863,0.004577863,0.004577863,0
2125,M004,1994,3,7978,1,0.004872378,0.004872378,0.004872378,0
2125,M004,1994,4,7979,1,0.005685439,0.005685439,0.005685439,0
2126,M005,1993,2,7973,1,4.71e-5,4.71e-5,4.71e-5,0
2126,M005,1993,3,7974,2,2.84e-4,2.84e-4,2.84e-4,0
2127,M006,1993,2,7973,1,4.71e-5,4.71e-5,4.71e-5,0
2127,M006,1993,3,7974,2,2.84e-4,2.84e-4,2.84e-4,0
2128,M007,1993,2,7973,1,1.43e-7,1.43e-7,1.43e-7,0
2128,M007,1993,3,7974,2,8.63e-7,8.63e-7,8.63e-7,0
2128,M007,1994,1,7976,1,2.92e-5,2.92e-5,2.92e-5,0
2128,M007,1994,2,7977,1,1.34e-4,1.34e-4,1.34e-4,0
2128,M007,1994,3,7978,1,4.3e-4,4.3e-4,4.3e-4,0
2128,M007,1994,4,7979,1,0.001246849,0.001246849,0.001246849,0
2129,M008,1993,2,7973,1,8.61e-4,8.61e-4,8.61e-4,0
2130,M009,1993,2,7973,1,6.63e-12,6.63e-12,6.63e-12,0
2130,M009,1993,3,7974,1,4e-11,4e-11,4e-11,0
2130,M009,1993,4,7975,1,1.32e-10,1.32e-10,1.32e-10,0
2130,M009,1994,1,7976,1,1.05e-9,1.05e-9,1.05e-9,0
2130,M009,1994,3,7978,1,9.12e-9,9.12e-9,9.12e-9,0
2130,M009,1994,4,7979,1,1.8e-8,1.8e-8,1.8e-8,0
2130,M009,1995,1,7980,1,1.18e-7,1.18e-7,1.18e-7,0
2130,M009,1995,2,7981,1,6.49e-7,6.49e-7,6.49e-7,0
2130,M009,1995,3,7982,1,2.14e-6,2.14e-6,2.14e-6,0
2130,M009,1996,2,7985,1,3.14e-5,3.14e-5,3.14e-5,0
2130,M009,1996,3,7986,1,7.01e-5,7.01e-5,7.01e-5,0
2130,M009,1996,4,7987,1,1.77e-4,1.77e-4,1.77e-4,0
2130,M009,1997,2,7989,1,0.003089904,0.003089904,0.003089904,0
2130,M009,1998,3,7994,1,0.028724411,0.028724411,0.028724411,0
2131,M010,1993,2,7973,1,6.45e-7,6.45e-7,6.45e-7,0
2131,M010,1993,3,7974,1,3.9e-6,3.9e-6,3.9e-6,0
2131,M010,1994,1,7976,1,3.37e-5,3.37e-5,3.37e-5,0
2131,M010,1994,3,7978,1,2.17e-4,2.17e-4,2.17e-4,0
2131,M010,1995,1,7980,1,9.48e-4,9.48e-4,9.48e-4,0
2131,M010,1996,2,7985,1,0.014017756,0.014017756,0.014017756,0
2132,M011,1993,2,7973,1,1.42e-7,1.42e-7,1.42e-7,0
2132,M011,1993,3,7974,2,8.6e-7,8.6e-7,8.6e-7,0
2132,M011,1993,4,7975,1,9.35e-6,9.35e-6,9.35e-6,0
2132,M011,1994,1,7976,1,9.37e-5,9.37e-5,9.37e-5,0
2132,M011,1994,2,7977,1,5.43e-4,5.43e-4,5.43e-4,0
2132,M011,1994,3,7978,1,0.001806093,0.001806093,0.001806093,0
2133,M012,1993,2,7973,1,5.21e-13,5.21e-13,5.21e-13,0
2133,M012,1993,3,7974,1,3.15e-12,3.15e-12,3.15e-12,0
2133,M012,1993,4,7975,1,1.04e-11,1.04e-11,1.04e-11,0
2133,M012,1994,1,7976,1,8.25e-11,8.25e-11,8.25e-11,0
2133,M012,1994,2,7977,1,4.66e-10,4.66e-10,4.66e-10,0
2133,M012,1994,3,7978,1,1.55e-9,1.55e-9,1.55e-9,0
2133,M012,1995,2,7981,1,2.21e-8,2.21e-8,2.21e-8,0
2133,M012,1995,3,7982,1,4.95e-8,4.95e-8,4.95e-8,0
2133,M012,1996,2,7985,1,5.86e-7,5.86e-7,5.86e-7,0
2133,M012,1996,3,7986,1,1.3e-6,1.3e-6,1.3e-6,0
2133,M012,1997,3,7990,1,2.02e-5,2.02e-5,2.02e-5,0
2133,M012,1998,2,7993,1,9.03e-5,9.03e-5,9.03e-5,0
2133,M012,1998,4,7995,1,2.34e-4,2.34e-4,2.34e-4,0
2133,M012,1999,2,7997,1,0.001119876,0.001119876,0.001119876,0
2133,M012,1999,3,7998,1,0.002468128,0.002468128,0.002468128,0
2133,M012,2000,2,8001,1,0.01967679,0.01967679,0.01967679,0
2133,M012,2000,3,8002,1,0.040328918,0.040328918,0.040328918,0
2133,M012,2000,4,8003,1,0.096911836,0.096911836,0.096911836,0
2133,M012,2001,2,8005,1,0.999999956,0.999999956,0.999999956,0
2134,M013,1993,2,7973,1,1.82e-7,1.82e-7,1.82e-7,0
2134,M013,1993,3,7974,1,1.1e-6,1.1e-6,1.1e-6,0
2134,M013,1994,2,7977,1,1.67e-5,1.67e-5,1.67e-5,0
2134,M013,1994,4,7979,1,5.03e-5,5.03e-5,5.03e-5,0
2134,M013,1996,2,7985,1,0.0010569,0.0010569,0.0010569,0
2134,M013,1998,3,7994,1,0.011404201,0.011404201,0.011404201,0
2134,M013,1998,4,7995,1,0.014549299,0.014549299,0.014549299,0
2135,M014,1993,2,7973,1,0.006320563,0.006320563,0.006320563,0
2135,M014,1993,3,7974,1,0.03816596,0.03816596,0.03816596,0
2135,M014,1993,4,7975,1,0.126141199,0.126141199,0.126141199,0
2135,M014,1994,1,7976,1,0.999999995,0.999999995,0.999999995,0
2135,M014,1994,2,7977,1,1,1,1,0
2135,M014,1994,3,7978,1,1,1,1,0
2136,M015,1993,2,7973,1,1.28e-7,1.28e-7,1.28e-7,0
2136,M015,1993,3,7974,1,7.7e-7,7.7e-7,7.7e-7,0
2136,M015,1993,4,7975,1,2.55e-6,2.55e-6,2.55e-6,0
2136,M015,1994,1,7976,1,2.02e-5,2.02e-5,2.02e-5,0
2136,M015,1994,2,7977,1,1.14e-4,1.14e-4,1.14e-4,0
2136,M015,1995,2,7981,1,0.001553169,0.001553169,0.001553169,0
2136,M015,1995,3,7982,1,0.003112797,0.003112797,0.003112797,0
2136,M015,1996,2,7985,1,0.033713327,0.033713327,0.033713327,0
2136,M015,1997,2,7989,1,0.266286287,0.266286287,0.266286287,0
2137,M016,1993,2,7973,1,2.02e-4,2.02e-4,2.02e-4,0
2137,M016,1993,3,7974,1,0.001217768,0.001217768,0.001217768,0
2138,M017,1993,2,7973,1,0.042441271,0.042441271,0.042441271,0
2138,M017,1993,4,7975,1,0.394056375,0.394056375,0.394056375,0
2138,M017,1994,1,7976,1,0.999999978,0.999999978,0.999999978,0
2139,M018,1993,2,7973,1,2.02e-4,2.02e-4,2.02e-4,0
2139,M018,1993,3,7974,1,0.001217768,0.001217768,0.001217768,0
2140,M019,1993,2,7973,1,2.02e-4,2.02e-4,2.02e-4,0
2140,M019,1993,3,7974,1,0.001217768,0.001217768,0.001217768,0
2141,M020,1993,2,7973,1,8.61e-4,8.61e-4,8.61e-4,0
2142,M021,1993,2,7973,1,1.32e-6,1.32e-6,1.32e-6,0
2142,M021,1993,3,7974,1,7.95e-6,7.95e-6,7.95e-6,0
2142,M021,1993,4,7975,1,2.63e-5,2.63e-5,2.63e-5,0
2142,M021,1994,3,7978,1,5.82e-4,5.82e-4,5.82e-4,0
2142,M021,1996,3,7986,1,0.009525756,0.009525756,0.009525756,0
2142,M021,1996,4,7987,1,0.012930332,0.012930332,0.012930332,0
2142,M021,1998,2,7993,1,0.261404129,0.261404129,0.261404129,0
2142,M021,1999,3,7998,1,0.999999998,0.999999998,0.999999998,0
2143,M022,1993,2,7973,1,8.61e-4,8.61e-4,8.61e-4,0
2144,M023,1993,2,7973,1,3.56e-8,3.56e-8,3.56e-8,0
2144,M023,1993,3,7974,1,2.15e-7,2.15e-7,2.15e-7,0
2144,M023,1993,4,7975,1,7.1e-7,7.1e-7,7.1e-7,0
2144,M023,1994,1,7976,1,5.63e-6,5.63e-6,5.63e-6,0
2144,M023,1994,3,7978,1,4.9e-5,4.9e-5,4.9e-5,0
2144,M023,1995,1,7980,1,2.22e-4,2.22e-4,2.22e-4,0
2144,M023,1995,3,7982,1,0.001320406,0.001320406,0.001320406,0
2144,M023,1996,3,7986,1,0.012486428,0.012486428,0.012486428,0
2145,M024,1993,2,7973,1,5.83e-11,5.83e-11,5.83e-11,0
2145,M024,1993,3,7974,1,3.52e-10,3.52e-10,3.52e-10,0
2145,M024,1993,4,7975,1,1.16e-9,1.16e-9,1.16e-9,0
2145,M024,1994,2,7977,1,1.92e-8,1.92e-8,1.92e-8,0
2145,M024,1994,3,7978,1,4.74e-8,4.74e-8,4.74e-8,0
2145,M024,1994,4,7979,1,1.25e-7,1.25e-7,1.25e-7,0
2145,M024,1995,2,7981,1,2.1e-6,2.1e-6,2.1e-6,0
2145,M024,1995,3,7982,2,5.15e-6,5.15e-6,5.15e-6,0
2145,M024,1996,2,7985,1,2.62e-4,2.62e-4,2.62e-4,0
2145,M024,1996,3,7986,2,6.03e-4,6.03e-4,6.03e-4,0
2145,M024,1997,4,7991,1,0.045240099,0.045240099,0.045240099,0
2146,M025,1993,2,7973,1,8.61e-4,8.61e-4,8.61e-4,0
2147,M026,1993,2,7973,1,8.36e-9,8.36e-9,8.36e-9,0
2147,M026,1993,3,7974,1,5.05e-8,5.05e-8,5.05e-8,0
2147,M026,1994,1,7976,1,4.36e-7,4.36e-7,4.36e-7,0
2147,M026,1994,3,7978,1,2.81e-6,2.81e-6,2.81e-6,0
2147,M026,1995,1,7980,1,1.23e-5,1.23e-5,1.23e-5,0
2147,M026,1995,2,7981,1,4.87e-5,4.87e-5,4.87e-5,0
2147,M026,1995,3,7982,1,1.51e-4,1.51e-4,1.51e-4,0
2147,M026,1996,2,7985,1,0.002155567,0.002155567,0.002155567,0
2147,M026,1996,3,7986,1,0.004813097,0.004813097,0.004813097,0
2148,M027,1993,2,7973,1,7.07e-10,7.07e-10,7.07e-10,0
2148,M027,1993,3,7974,1,4.27e-9,4.27e-9,4.27e-9,0
2148,M027,1993,4,7975,1,1.41e-8,1.41e-8,1.41e-8,0
2148,M027,1994,4,7979,1,3.64e-7,3.64e-7,3.64e-7,0
2148,M027,1995,1,7980,1,9.45e-7,9.45e-7,9.45e-7,0
2148,M027,1995,3,7982,2,6.04e-6,6.04e-6,6.04e-6,0
2148,M027,1996,2,7985,1,1.76e-4,1.76e-4,1.76e-4,0
2148,M027,1998,2,7993,1,0.003000477,0.003000477,0.003000477,0
2148,M027,2001,3,8006,1,0.019179516,0.019179516,0.019179516,0
2148,M027,2002,4,8011,1,0.039001309,0.039001309,0.039001309,0
2149,M028,1993,2,7973,1,8.61e-4,8.61e-4,8.61e-4,0
2150,M029,1993,2,7973,1,1.44e-7,1.44e-7,1.44e-7,0
2150,M029,1993,3,7974,1,8.7e-7,8.7e-7,8.7e-7,0
2150,M029,1993,4,7975,1,2.88e-6,2.88e-6,2.88e-6,0
2150,M029,1994,2,7977,1,4.75e-5,4.75e-5,4.75e-5,0
2150,M029,1994,3,7978,1,1.17e-4,1.17e-4,1.17e-4,0
2150,M029,1994,4,7979,1,3.09e-4,3.09e-4,3.09e-4,0
2150,M029,1995,1,7980,1,0.002484076,0.002484076,0.002484076,0
2151,M030,1993,2,7973,1,7.75e-9,7.75e-9,7.75e-9,0
2151,M030,1993,3,7974,1,4.68e-8,4.68e-8,4.68e-8,0
2151,M030,1993,4,7975,1,1.55e-7,1.55e-7,1.55e-7,0
2151,M030,1994,2,7977,1,2.56e-6,2.56e-6,2.56e-6,0
2151,M030,1994,3,7978,1,6.3e-6,6.3e-6,6.3e-6,0
2151,M030,1994,4,7979,1,1.66e-5,1.66e-5,1.66e-5,0
2151,M030,1995,1,7980,1,1.34e-4,1.34e-4,1.34e-4,0
2151,M030,1995,3,7982,2,0.001160521,0.001160521,0.001160521,0
2151,M030,1996,2,7985,1,0.035334113,0.035334113,0.035334113,0
2151,M030,1996,3,7986,1,0.08063611,0.08063611,0.08063611,0
2151,M030,1997,2,7989,1,0.999999998,0.999999998,0.999999998,0
2151,M030,1997,4,7991,1,1,1,1,0
2151,M030,1998,3,7994,1,1,1,1,0
2151,M030,1999,2,7997,1,1,1,1,0
2151,M030,1999,3,7998,1,1,1,1,0
2151,M030,2000,2,8001,1,1,1,1,0
2152,M031,1993,2,7973,1,1.05e-14,1.05e-14,1.05e-14,0
2152,M031,1993,3,7974,1,6.37e-14,6.37e-14,6.37e-14,0
2152,M031,1993,4,7975,1,2.1e-13,2.1e-13,2.1e-13,0
2152,M031,1994,1,7976,1,1.67e-12,1.67e-12,1.67e-12,0
2152,M031,1994,2,7977,1,9.43e-12,9.43e-12,9.43e-12,0
2152,M031,1994,3,7978,1,3.13e-11,3.13e-11,3.13e-11,0
2152,M031,1994,4,7979,1,9.15e-11,9.15e-11,9.15e-11,0
2152,M031,1995,1,7980,1,7.74e-10,7.74e-10,7.74e-10,0
2152,M031,1995,2,7981,1,4.39e-9,4.39e-9,4.39e-9,0
2152,M031,1995,3,7982,2,1.46e-8,1.46e-8,1.46e-8,0
2152,M031,1996,1,7984,1,2.14e-7,2.14e-7,2.14e-7,0
2152,M031,1996,2,7985,1,9.83e-7,9.83e-7,9.83e-7,0
2152,M031,1996,4,7987,1,4.51e-6,4.51e-6,4.51e-6,0
2152,M031,1997,2,7989,1,4.23e-5,4.23e-5,4.23e-5,0
2152,M031,1997,3,7990,1,9.98e-5,9.98e-5,9.98e-5,0
2152,M031,1997,4,7991,1,2.58e-4,2.58e-4,2.58e-4,0
2152,M031,1998,2,7993,1,0.003484582,0.003484582,0.003484582,0
2152,M031,1998,3,7994,1,0.008382537,0.008382537,0.008382537,0
2153,M032,1993,2,7973,1,1.6e-7,1.6e-7,1.6e-7,0
2153,M032,1993,3,7974,1,9.67e-7,9.67e-7,9.67e-7,0
2153,M032,1993,4,7975,1,3.2e-6,3.2e-6,3.2e-6,0
2153,M032,1994,1,7976,1,2.53e-5,2.53e-5,2.53e-5,0
2153,M032,1994,2,7977,1,1.43e-4,1.43e-4,1.43e-4,0
2153,M032,1994,4,7979,1,6.88e-4,6.88e-4,6.88e-4,0
2153,M032,1995,2,7981,1,0.006097706,0.006097706,0.006097706,0
2153,M032,1995,3,7982,1,0.006526418,0.006526418,0.006526418,0
2153,M032,1996,2,7985,1,0.014937921,0.014937921,0.014937921,0
2154,M033,1993,2,7973,1,2.5e-5,2.5e-5,2.5e-5,0
2154,M033,1993,3,7974,1,1.51e-4,1.51e-4,1.51e-4,0
2154,M033,1993,4,7975,1,4.99e-4,4.99e-4,4.99e-4,0
2154,M033,1994,1,7976,1,0.002028528,0.002028528,0.002028528,0
2155,M034,1993,2,7973,1,1.56e-12,1.56e-12,1.56e-12,0
2155,M034,1993,3,7974,1,9.39e-12,9.39e-12,9.39e-12,0
2155,M034,1993,4,7975,1,3.1e-11,3.1e-11,3.1e-11,0
2155,M034,1994,1,7976,1,2.46e-10,2.46e-10,2.46e-10,0
2155,M034,1994,3,7978,1,2.14e-9,2.14e-9,2.14e-9,0
2155,M034,1994,4,7979,1,4.22e-9,4.22e-9,4.22e-9,0
2155,M034,1995,2,7981,1,5.68e-8,5.68e-8,5.68e-8,0
2155,M034,1995,3,7982,2,1.38e-7,1.38e-7,1.38e-7,0
2155,M034,1996,2,7985,1,7e-6,7e-6,7e-6,0
2155,M034,1996,3,7986,1,1.61e-5,1.61e-5,1.61e-5,0
2155,M034,1996,4,7987,1,4.11e-5,4.11e-5,4.11e-5,0
2155,M034,1997,3,7990,2,9.68e-4,9.68e-4,9.68e-4,0
2155,M034,1998,3,7994,1,0.022297857,0.022297857,0.022297857,0
2156,M035,1993,2,7973,1,1.98e-11,1.98e-11,1.98e-11,0
2156,M035,1993,3,7974,1,1.2e-10,1.2e-10,1.2e-10,0
2156,M035,1994,1,7976,1,5.26e-10,5.26e-10,5.26e-10,0
2156,M035,1994,2,7977,1,2.03e-9,2.03e-9,2.03e-9,0
2156,M035,1994,3,7978,1,6.28e-9,6.28e-9,6.28e-9,0
2156,M035,1995,3,7982,1,1.12e-7,1.12e-7,1.12e-7,0
2156,M035,1996,3,7986,2,7.56e-7,7.56e-7,7.56e-7,0
2156,M035,1997,2,7989,1,1.4e-5,1.4e-5,1.4e-5,0
2156,M035,1997,3,7990,1,3.14e-5,3.14e-5,3.14e-5,0
2156,M035,1998,2,7993,1,3.07e-4,3.07e-4,3.07e-4,0
2156,M035,1998,3,7994,1,6.53e-4,6.53e-4,6.53e-4,0
2156,M035,2000,2,8001,1,0.009997859,0.009997859,0.009997859,0
2156,M035,2002,3,8010,1,0.048463966,0.048463966,0.048463966,0
2157,M036,1993,2,7973,1,1.9e-9,1.9e-9,1.9e-9,0
2157,M036,1993,3,7974,1,1.15e-8,1.15e-8,1.15e-8,0
2157,M036,1993,4,7975,1,3.79e-8,3.79e-8,3.79e-8,0
2157,M036,1994,1,7976,1,3.01e-7,3.01e-7,3.01e-7,0
2157,M036,1994,2,7977,1,1.7e-6,1.7e-6,1.7e-6,0
2157,M036,1994,3,7978,1,5.63e-6,5.63e-6,5.63e-6,0
2157,M036,1994,4,7979,1,1.65e-5,1.65e-5,1.65e-5,0
2157,M036,1995,1,7980,1,1.39e-4,1.39e-4,1.39e-4,0
2157,M036,1995,3,7982,1,0.001218708,0.001218708,0.001218708,0
2157,M036,1996,1,7984,1,0.005623831,0.005623831,0.005623831,0
2157,M036,1996,3,7986,2,0.033757578,0.033757578,0.033757578,0
2157,M036,1997,2,7989,1,0.999999999,0.999999999,0.999999999,0
2157,M036,1997,3,7990,1,1,1,1,0
2158,M037,1993,2,7973,1,1.85e-12,1.85e-12,1.85e-12,0
2158,M037,1993,3,7974,1,1.12e-11,1.12e-11,1.12e-11,0
2158,M037,1993,4,7975,1,3.7e-11,3.7e-11,3.7e-11,0
2158,M037,1994,1,7976,1,2.93e-10,2.93e-10,2.93e-10,0
2158,M037,1994,4,7979,1,3.13e-9,3.13e-9,3.13e-9,0
2158,M037,1995,1,7980,1,9.65e-9,9.65e-9,9.65e-9,0
2158,M037,1995,3,7982,1,6.69e-8,6.69e-8,6.69e-8,0
2158,M037,1996,3,7986,2,6.49e-7,6.49e-7,6.49e-7,0
2158,M037,1996,4,7987,1,2.27e-6,2.27e-6,2.27e-6,0
2158,M037,1998,3,7994,1,1.37e-4,1.37e-4,1.37e-4,0
2158,M037,1999,2,7997,1,3.55e-4,3.55e-4,3.55e-4,0
2158,M037,1999,3,7998,1,6.16e-4,6.16e-4,6.16e-4,0
2158,M037,1999,4,7999,1,0.001328907,0.001328907,0.001328907,0
2158,M037,2000,4,8003,1,0.019076076,0.019076076,0.019076076,0
2159,M038,1993,2,7973,1,8.61e-4,8.61e-4,8.61e-4,0
2160,M039,1993,2,7973,1,8.61e-4,8.61e-4,8.61e-4,0
2161,M040,1993,2,7973,1,8.61e-4,8.61e-4,8.61e-4,0
2162,M041,1993,2,7973,1,4.72e-5,4.72e-5,4.72e-5,0
2162,M041,1993,3,7974,1,2.85e-4,2.85e-4,2.85e-4,0
2162,M041,1993,4,7975,1,9.42e-4,9.42e-4,9.42e-4,0
2163,M042,1993,2,7973,1,6.58e-7,6.58e-7,6.58e-7,0
2163,M042,1993,3,7974,1,3.98e-6,3.98e-6,3.98e-6,0
2163,M042,1993,4,7975,1,1.31e-5,1.31e-5,1.31e-5,0
2163,M042,1994,1,7976,1,1.04e-4,1.04e-4,1.04e-4,0
2163,M042,1996,3,7986,2,0.00538168,0.00538168,0.00538168,0
2164,M043,1993,2,7973,1,6.4e-12,6.4e-12,6.4e-12,0
2164,M043,1993,3,7974,1,3.87e-11,3.87e-11,3.87e-11,0
2164,M043,1993,4,7975,1,1.28e-10,1.28e-10,1.28e-10,0
2164,M043,1994,1,7976,1,1.01e-9,1.01e-9,1.01e-9,0
2164,M043,1994,2,7977,1,5.73e-9,5.73e-9,5.73e-9,0
2164,M043,1994,3,7978,1,1.9e-8,1.9e-8,1.9e-8,0
2164,M043,1994,4,7979,1,5.56e-8,5.56e-8,5.56e-8,0
2164,M043,1995,1,7980,1,4.7e-7,4.7e-7,4.7e-7,0
2164,M043,1995,3,7982,2,4.11e-6,4.11e-6,4.11e-6,0
2164,M043,1996,3,7986,1,1.63e-4,1.63e-4,1.63e-4,0
2164,M043,1997,2,7989,1,9.22e-4,9.22e-4,9.22e-4,0
2164,M043,1997,3,7990,1,0.001924374,0.001924374,0.001924374,0
2164,M043,1998,1,7992,1,0.010588243,0.010588243,0.010588243,0
2165,M044,1993,2,7973,1,1.12e-5,1.12e-5,1.12e-5,0
2165,M044,1993,3,7974,1,6.73e-5,6.73e-5,6.73e-5,0
2165,M044,1994,1,7976,1,5.82e-4,5.82e-4,5.82e-4,0
2165,M044,1994,2,7977,1,0.002496013,0.002496013,0.002496013,0
2166,M045,1993,2,7973,1,3.47e-8,3.47e-8,3.47e-8,0
2166,M045,1993,4,7975,1,3.22e-7,3.22e-7,3.22e-7,0
2166,M045,1994,1,7976,1,1.44e-6,1.44e-6,1.44e-6,0
2166,M045,1994,2,7977,1,7.39e-6,7.39e-6,7.39e-6,0
2166,M045,1994,3,7978,1,2.41e-5,2.41e-5,2.41e-5,0
2166,M045,1995,1,7980,1,1.92e-4,1.92e-4,1.92e-4,0
2166,M045,1995,3,7982,2,0.001264176,0.001264176,0.001264176,0
2166,M045,1996,3,7986,2,0.047956383,0.047956383,0.047956383,0
2166,M045,1997,3,7990,1,0.293917505,0.293917505,0.293917505,0
2167,M046,1993,2,7973,1,8.61e-4,8.61e-4,8.61e-4,0
2168,M047,1993,2,7973,1,1.19e-5,1.19e-5,1.19e-5,0
2168,M047,1993,3,7974,1,7.18e-5,7.18e-5,7.18e-5,0
2168,M047,1994,1,7976,1,6.21e-4,6.21e-4,6.21e-4,0
2168,M047,1996,3,7986,1,0.02285082,0.02285082,0.02285082,0
2169,M048,1993,2,7973,1,2.61e-6,2.61e-6,2.61e-6,0
2169,M048,1993,3,7974,1,1.58e-5,1.58e-5,1.58e-5,0
2169,M048,1993,4,7975,1,5.21e-5,5.21e-5,5.21e-5,0
2169,M048,1994,1,7976,1,4.13e-4,4.13e-4,4.13e-4,0
2169,M048,1994,3,7978,1,0.003596393,0.003596393,0.003596393,0
2170,M049,1993,2,7973,1,8.61e-4,8.61e-4,8.61e-4,0
2171,M050,1993,2,7973,1,3.43e-8,3.43e-8,3.43e-8,0
2171,M050,1993,3,7974,1,2.07e-7,2.07e-7,2.07e-7,0
2171,M050,1994,1,7976,1,1.79e-6,1.79e-6,1.79e-6,0
2171,M050,1994,2,7977,1,7.68e-6,7.68e-6,7.68e-6,0
2171,M050,1994,3,7978,1,2.42e-5,2.42e-5,2.42e-5,0
2171,M050,1994,4,7979,1,6.99e-5,6.99e-5,6.99e-5,0
2171,M050,1995,3,7982,2,0.001647078,0.001647078,0.001647078,0
2172,M051,1993,2,7973,1,6.12e-7,6.12e-7,6.12e-7,0
2172,M051,1993,3,7974,1,3.7e-6,3.7e-6,3.7e-6,0
2172,M051,1993,4,7975,1,1.22e-5,1.22e-5,1.22e-5,0
2172,M051,1994,1,7976,1,9.68e-5,9.68e-5,9.68e-5,0
2172,M051,1994,2,7977,1,5.47e-4,5.47e-4,5.47e-4,0
2172,M051,1994,4,7979,1,0.002629324,0.002629324,0.002629324,0
2173,M052,1993,2,7973,1,1.56e-12,1.56e-12,1.56e-12,0
2173,M052,1993,3,7974,1,9.39e-12,9.39e-12,9.39e-12,0
2173,M052,1993,4,7975,1,3.1e-11,3.1e-11,3.1e-11,0
2173,M052,1994,1,7976,1,2.46e-10,2.46e-10,2.46e-10,0
2173,M052,1994,2,7977,1,1.39e-9,1.39e-9,1.39e-9,0
2173,M052,1994,3,7978,1,4.61e-9,4.61e-9,4.61e-9,0
2173,M052,1994,4,7979,1,1.35e-8,1.35e-8,1.35e-8,0
2173,M052,1995,1,7980,1,1.14e-7,1.14e-7,1.14e-7,0
2173,M052,1995,3,7982,2,9.98e-7,9.98e-7,9.98e-7,0
2173,M052,1996,3,7986,2,3.95e-5,3.95e-5,3.95e-5,0
2173,M052,1997,3,7990,2,0.001074,0.001074,0.001074,0
2173,M052,1998,3,7994,1,0.022401108,0.022401108,0.022401108,0
2174,M053,1993,2,7973,1,8.61e-4,8.61e-4,8.61e-4,0
2175,M054,1993,2,7973,1,8.61e-4,8.61e-4,8.61e-4,0
2176,M055,1993,2,7973,1,1.51e-11,1.51e-11,1.51e-11,0
2176,M055,1993,3,7974,1,9.12e-11,9.12e-11,9.12e-11,0
2176,M055,1993,4,7975,1,1.84e-10,1.84e-10,1.84e-10,0
2176,M055,1994,3,7978,3,3.01e-9,3.01e-9,3.01e-9,0
2176,M055,1995,3,7982,2,3.49e-7,3.49e-7,3.49e-7,0
2176,M055,1995,4,7983,1,1.31e-6,1.31e-6,1.31e-6,0
2176,M055,1996,3,7986,1,3.58e-5,3.58e-5,3.58e-5,0
2176,M055,1996,4,7987,1,6.08e-5,6.08e-5,6.08e-5,0
2176,M055,1997,3,7990,1,9.9e-4,9.9e-4,9.9e-4,0
2176,M055,1997,4,7991,1,0.001658319,0.001658319,0.001658319,0
2176,M055,1998,3,7994,1,0.020169692,0.020169692,0.020169692,0
2177,M056,1993,2,7973,1,1.87e-9,1.87e-9,1.87e-9,0
2177,M056,1993,3,7974,1,1.13e-8,1.13e-8,1.13e-8,0
2177,M056,1993,4,7975,1,3.72e-8,3.72e-8,3.72e-8,0
2177,M056,1994,1,7976,1,2.95e-7,2.95e-7,2.95e-7,0
2177,M056,1994,3,7978,3,2.57e-6,2.57e-6,2.57e-6,0
2177,M056,1994,4,7979,1,4.83e-5,4.83e-5,4.83e-5,0
2177,M056,1995,3,7982,2,0.001625453,0.001625453,0.001625453,0
2178,M057,1993,2,7973,1,1.13e-5,1.13e-5,1.13e-5,0
2178,M057,1993,4,7975,1,1.05e-4,1.05e-4,1.05e-4,0
2178,M057,1994,3,7978,1,0.001213653,0.001213653,0.001213653,0
2178,M057,1994,4,7979,1,0.002029704,0.002029704,0.002029704,0
2179,M058,1993,2,7973,1,2.7e-8,2.7e-8,2.7e-8,0
2179,M058,1994,3,7978,2,8.7e-7,8.7e-7,8.7e-7,0
2179,M058,1995,1,7980,1,7.99e-6,7.99e-6,7.99e-6,0
2179,M058,1995,3,7982,2,5.33e-5,5.33e-5,5.33e-5,0
2179,M058,1995,4,7983,1,2.65e-4,2.65e-4,2.65e-4,0
2179,M058,1996,1,7984,1,0.002757637,0.002757637,0.002757637,0
2179,M058,1996,3,7986,2,0.0244788,0.0244788,0.0244788,0
2179,M058,1997,3,7990,1,0.999999991,0.999999991,0.999999991,0
2179,M058,1999,2,7997,1,1,1,1,0
2179,M058,1999,3,7998,1,1,1,1,0
2179,M058,2000,3,8002,1,1,1,1,0
2179,M058,2000,4,8003,1,1,1,1,0
2179,M058,2001,2,8005,1,1,1,1,0
2179,M058,2001,4,8007,1,1,1,1,0
2180,M059,1993,2,7973,1,5.26e-6,5.26e-6,5.26e-6,0
2180,M059,1994,3,7978,2,1.7e-4,1.7e-4,1.7e-4,0
2180,M059,1995,1,7980,1,0.001559148,0.001559148,0.001559148,0
2180,M059,1995,3,7982,1,0.010404559,0.010404559,0.010404559,0
2180,M059,1995,4,7983,1,0.020050522,0.020050522,0.020050522,0
2180,M059,1997,3,7990,1,0.927400209,0.927400209,0.927400209,0
2180,M059,1997,4,7991,1,0.945935989,0.945935989,0.945935989,0
2180,M059,1999,3,7998,1,0.998332974,0.998332974,0.998332974,0
2180,M059,1999,4,7999,1,0.999131289,0.999131289,0.999131289,0
2180,M059,2000,3,8002,1,1,1,1,0
2180,M059,2001,2,8005,1,1,1,1,0
2180,M059,2001,3,8006,1,1,1,1,0
2181,M060,1993,2,7973,1,1.21e-5,1.21e-5,1.21e-5,0
2181,M060,1993,3,7974,1,7.29e-5,7.29e-5,7.29e-5,0
2181,M060,1993,4,7975,1,2.41e-4,2.41e-4,2.41e-4,0
2181,M060,1994,1,7976,1,3.26e-4,3.26e-4,3.26e-4,0
2181,M060,1994,3,7978,1,0.001077927,0.001077927,0.001077927,0
2181,M060,1995,1,7980,1,0.004071433,0.004071433,0.004071433,0
2182,M061,1993,2,7973,1,1.5e-10,1.5e-10,1.5e-10,0
2182,M061,1993,3,7974,1,9.07e-10,9.07e-10,9.07e-10,0
2182,M061,1994,3,7978,2,1.78e-8,1.78e-8,1.78e-8,0
2182,M061,1995,3,7982,1,4.41e-7,4.41e-7,4.41e-7,0
2182,M061,1995,4,7983,1,7.16e-7,7.16e-7,7.16e-7,0
2182,M061,1996,3,7986,1,1.05e-5,1.05e-5,1.05e-5,0
2182,M061,1996,4,7987,2,1.77e-5,1.77e-5,1.77e-5,0
2182,M061,1997,3,7990,1,0.001154378,0.001154378,0.001154378,0
2182,M061,1999,3,7998,1,0.012520293,0.012520293,0.012520293,0
2182,M061,2001,3,8006,1,0.047200549,0.047200549,0.047200549,0
2183,M062,1993,2,7973,1,2.8e-6,2.8e-6,2.8e-6,0
2183,M062,1993,3,7974,2,1.69e-5,1.69e-5,1.69e-5,0
2183,M062,1993,4,7975,1,1.84e-4,1.84e-4,1.84e-4,0
2183,M062,1994,1,7976,1,2.68e-4,2.68e-4,2.68e-4,0
2183,M062,1994,3,7978,1,0.001014821,0.001014821,0.001014821,0
2183,M062,1994,4,7979,1,0.001831034,0.001831034,0.001831034,0
2184,M063,1993,2,7973,1,2.02e-4,2.02e-4,2.02e-4,0
2184,M063,1993,3,7974,1,0.001217768,0.001217768,0.001217768,0
2185,M064,1993,2,7973,1,6.31e-13,6.31e-13,6.31e-13,0
2185,M064,1993,3,7974,1,3.81e-12,3.81e-12,3.81e-12,0
2185,M064,1994,1,7976,1,3.3e-11,3.3e-11,3.3e-11,0
2185,M064,1994,3,7978,1,2.12e-10,2.12e-10,2.12e-10,0
2185,M064,1994,4,7979,1,4.09e-10,4.09e-10,4.09e-10,0
2185,M064,1995,1,7980,1,2.63e-9,2.63e-9,2.63e-9,0
2185,M064,1996,1,7984,1,4.07e-8,4.07e-8,4.07e-8,0
2185,M064,1996,3,7986,1,1.59e-7,1.59e-7,1.59e-7,0
2185,M064,1997,4,7991,1,1.59e-6,1.59e-6,1.59e-6,0
2185,M064,1998,2,7993,1,5.41e-6,5.41e-6,5.41e-6,0
2185,M064,1998,3,7994,1,1.12e-5,1.12e-5,1.12e-5,0
2185,M064,1999,3,7998,1,1.06e-4,1.06e-4,1.06e-4,0
2185,M064,2000,3,8002,1,2.56e-4,2.56e-4,2.56e-4,0
2185,M064,2001,3,8006,2,7.99e-4,7.99e-4,7.99e-4,0
2185,M064,2002,4,8011,1,0.005825089,0.005825089,0.005825089,0
2185,M064,2003,3,8014,1,0.021185821,0.021185821,0.021185821,0
2186,M065,1993,2,7973,1,4.72e-5,4.72e-5,4.72e-5,0
2186,M065,1993,3,7974,1,2.85e-4,2.85e-4,2.85e-4,0
2186,M065,1993,4,7975,1,9.42e-4,9.42e-4,9.42e-4,0
2187,M066,1993,2,7973,1,0.001943033,0.001943033,0.001943033,0
2188,M067,1993,2,7973,1,0.016598902,0.016598902,0.016598902,0
2189,M068,1993,2,7973,1,1.05e-10,1.05e-10,1.05e-10,0
2189,M068,1993,3,7974,1,3.4e-10,3.4e-10,3.4e-10,0
2189,M068,1994,1,7976,1,2.49e-9,2.49e-9,2.49e-9,0
2189,M068,1994,3,7978,2,1.57e-8,1.57e-8,1.57e-8,0
2189,M068,1994,4,7979,1,7.78e-8,7.78e-8,7.78e-8,0
2189,M068,1995,3,7982,2,1.03e-6,1.03e-6,1.03e-6,0
2189,M068,1996,1,7984,1,1.22e-5,1.22e-5,1.22e-5,0
2189,M068,1996,3,7986,2,8.34e-5,8.34e-5,8.34e-5,0
2189,M068,1996,4,7987,1,4.15e-4,4.15e-4,4.15e-4,0
2189,M068,1997,4,7991,1,0.014765013,0.014765013,0.014765013,0
2189,M068,1998,1,7992,1,0.033820324,0.033820324,0.033820324,0
2189,M068,1998,2,7993,1,0.132902196,0.132902196,0.132902196,0
2189,M068,1999,1,7996,1,0.872607413,0.872607413,0.872607413,0
2189,M068,1999,3,7998,1,0.999999999,0.999999999,0.999999999,0
2190,M069,1993,2,7973,1,8.61e-4,8.61e-4,8.61e-4,0
2191,M070,1993,2,7973,1,8.61e-4,8.61e-4,8.61e-4,0
2192,M071,1993,2,7973,1,1.16e-5,1.16e-5,1.16e-5,0
2192,M071,1994,3,7978,2,3.73e-4,3.73e-4,3.73e-4,0
2192,M071,1995,4,7983,1,0.009108433,0.009108433,0.009108433,0
2193,M072,1993,2,7973,1,7.3e-15,7.3e-15,7.3e-15,0
2193,M072,1993,3,7974,1,4.41e-14,4.41e-14,4.41e-14,0
2193,M072,1994,3,7978,2,8.66e-13,8.66e-13,8.66e-13,0
2193,M072,1994,4,7979,1,3.14e-12,3.14e-12,3.14e-12,0
2193,M072,1995,3,7982,1,8.15e-11,8.15e-11,8.15e-11,0
2193,M072,1995,4,7983,1,1.39e-10,1.39e-10,1.39e-10,0
2193,M072,1996,3,7986,1,2.19e-9,2.19e-9,2.19e-9,0
2193,M072,1998,3,7994,2,3.27e-8,3.27e-8,3.27e-8,0
2193,M072,1999,3,7998,1,2.89e-7,2.89e-7,2.89e-7,0
2193,M072,2000,3,8002,1,1.2e-6,1.2e-6,1.2e-6,0
2193,M072,2000,4,8003,1,1.75e-6,1.75e-6,1.75e-6,0
2193,M072,2001,2,8005,1,1.05e-5,1.05e-5,1.05e-5,0
2193,M072,2002,3,8010,2,8.43e-5,8.43e-5,8.43e-5,0
2193,M072,2003,3,8014,1,0.001150911,0.001150911,0.001150911,0
2193,M072,2003,4,8015,1,0.001802805,0.001802805,0.001802805,0
2193,M072,2004,3,8018,1,0.017501455,0.017501455,0.017501455,0
2194,M073,1993,3,7974,2,8.82e-9,8.82e-9,8.82e-9,0
2194,M073,1994,1,7976,1,4.18e-7,4.18e-7,4.18e-7,0
2194,M073,1994,3,7978,2,2.94e-6,2.94e-6,2.94e-6,0
2194,M073,1995,3,7982,1,1.1e-4,1.1e-4,1.1e-4,0
2194,M073,1995,4,7983,1,1.79e-4,1.79e-4,1.79e-4,0
2194,M073,1996,3,7986,1,0.00266224,0.00266224,0.00266224,0
2194,M073,1997,3,7990,1,0.020093849,0.020093849,0.020093849,0
2195,M074,1993,3,7974,2,4.7e-5,4.7e-5,4.7e-5,0
2195,M074,1993,4,7975,1,7.04e-4,7.04e-4,7.04e-4,0
2196,M075,1993,3,7974,1,1.12e-5,1.12e-5,1.12e-5,0
2196,M075,1993,4,7975,1,4.75e-5,4.75e-5,4.75e-5,0
2196,M075,1994,1,7976,1,4.09e-4,4.09e-4,4.09e-4,0
2196,M075,1994,3,7978,1,0.003591787,0.003591787,0.003591787,0
2197,M076,1993,3,7974,2,2.01e-4,2.01e-4,2.01e-4,0
2198,M077,1993,3,7974,2,6.08e-7,6.08e-7,6.08e-7,0
2198,M077,1993,4,7975,1,9.11e-6,9.11e-6,9.11e-6,0
2198,M077,1994,1,7976,1,9.36e-5,9.36e-5,9.36e-5,0
2198,M077,1994,3,7978,2,8.38e-4,8.38e-4,8.38e-4,0
2199,M078,1993,3,7974,2,1.25e-7,1.25e-7,1.25e-7,0
2199,M078,1993,4,7975,1,1.87e-6,1.87e-6,1.87e-6,0
2199,M078,1994,1,7976,1,1.92e-5,1.92e-5,1.92e-5,0
2199,M078,1994,3,7978,2,1.72e-4,1.72e-4,1.72e-4,0
2199,M078,1995,3,7982,1,0.006648254,0.006648254,0.006648254,0
2199,M078,1996,3,7986,1,0.045974834,0.045974834,0.045974834,0
2199,M078,1997,3,7990,1,0.29244789,0.29244789,0.29244789,0
2200,M079,1993,3,7974,1,2.01e-4,2.01e-4,2.01e-4,0
2200,M079,1993,4,7975,1,8.58e-4,8.58e-4,8.58e-4,0
2201,M080,1993,3,7974,1,8.61e-4,8.61e-4,8.61e-4,0
2202,M081,1993,3,7974,1,8.61e-4,8.61e-4,8.61e-4,0
2203,M082,1993,3,7974,2,1.12e-5,1.12e-5,1.12e-5,0
2203,M082,1994,3,7978,1,0.001276939,0.001276939,0.001276939,0
2203,M082,1994,4,7979,1,0.002092938,0.002092938,0.002092938,0
2204,M083,1993,3,7974,2,2.06e-9,2.06e-9,2.06e-9,0
2204,M083,1993,4,7975,1,3.08e-8,3.08e-8,3.08e-8,0
2204,M083,1994,1,7976,1,3.16e-7,3.16e-7,3.16e-7,0
2204,M083,1994,3,7978,2,2.83e-6,2.83e-6,2.83e-6,0
2204,M083,1994,4,7979,1,1.46e-5,1.46e-5,1.46e-5,0
2204,M083,1995,3,7982,1,4.22e-4,4.22e-4,4.22e-4,0
2204,M083,1996,3,7986,1,0.003201673,0.003201673,0.003201673,0
2204,M083,1997,3,7990,1,0.020623853,0.020623853,0.020623853,0
2205,M084,1993,3,7974,2,1.45e-7,1.45e-7,1.45e-7,0
2205,M084,1993,4,7975,1,2.18e-6,2.18e-6,2.18e-6,0
2205,M084,1994,1,7976,1,2.24e-5,2.24e-5,2.24e-5,0
2205,M084,1994,3,7978,2,2e-4,2e-4,2e-4,0
2205,M084,1995,3,7982,1,0.007756084,0.007756084,0.007756084,0
2206,M085,1993,3,7974,2,1.11e-5,1.11e-5,1.11e-5,0
2206,M085,1994,1,7976,1,5.26e-4,5.26e-4,5.26e-4,0
2206,M085,1994,2,7977,1,0.00243992,0.00243992,0.00243992,0
2207,M086,1993,3,7974,1,8.61e-4,8.61e-4,8.61e-4,0
2208,M087,1993,3,7974,2,2.61e-6,2.61e-6,2.61e-6,0
2208,M087,1994,1,7976,1,1.23e-4,1.23e-4,1.23e-4,0
2208,M087,1994,2,7977,1,5.73e-4,5.73e-4,5.73e-4,0
2208,M087,1994,3,7978,1,0.00183571,0.00183571,0.00183571,0
2209,M088,1993,3,7974,2,6.1e-7,6.1e-7,6.1e-7,0
2209,M088,1994,1,7976,1,2.89e-5,2.89e-5,2.89e-5,0
2209,M088,1994,2,7977,1,1.34e-4,1.34e-4,1.34e-4,0
2209,M088,1994,3,7978,1,4.3e-4,4.3e-4,4.3e-4,0
2209,M088,1994,4,7979,1,0.001246597,0.001246597,0.001246597,0
2210,M089,1993,3,7974,2,2.62e-6,2.62e-6,2.62e-6,0
2210,M089,1994,2,7977,1,2.29e-4,2.29e-4,2.29e-4,0
2210,M089,1994,3,7978,1,5.25e-4,5.25e-4,5.25e-4,0
2210,M089,1994,4,7979,1,0.001341475,0.001341475,0.001341475,0
2211,M090,1993,3,7974,2,2.61e-6,2.61e-6,2.61e-6,0
2211,M090,1994,1,7976,1,1.24e-4,1.24e-4,1.24e-4,0
2211,M090,1994,3,7978,1,8.7e-4,8.7e-4,8.7e-4,0
2211,M090,1994,4,7979,1,0.001686632,0.001686632,0.001686632,0
2212,M091,1993,3,7974,2,9.19e-6,9.19e-6,9.19e-6,0
2212,M091,1994,1,7976,1,1.98e-4,1.98e-4,1.98e-4,0
2212,M091,1994,3,7978,1,0.001359749,0.001359749,0.001359749,0
2212,M091,2003,4,8015,1,0.171909464,0.171909464,0.171909464,0
2213,M092,1993,3,7974,1,1.35e-7,1.35e-7,1.35e-7,0
2213,M092,1993,4,7975,1,5.74e-7,5.74e-7,5.74e-7,0
2213,M092,1994,2,7977,1,1.07e-6,1.07e-6,1.07e-6,0
2213,M092,1994,3,7978,1,1.85e-6,1.85e-6,1.85e-6,0
2213,M092,1994,4,7979,1,4e-6,4e-6,4e-6,0
2213,M092,1995,1,7980,1,2.83e-5,2.83e-5,2.83e-5,0
2213,M092,1995,2,7981,1,1.57e-4,1.57e-4,1.57e-4,0
2213,M092,1996,2,7985,1,0.00217848,0.00217848,0.00217848,0
2213,M092,1996,3,7986,1,0.004377122,0.004377122,0.004377122,0
2213,M092,1997,3,7990,1,0.062724292,0.062724292,0.062724292,0
2213,M092,1998,3,7994,1,0.343275677,0.343275677,0.343275677,0
2214,M093,1993,3,7974,1,3.41e-8,3.41e-8,3.41e-8,0
2214,M093,1993,4,7975,1,1.45e-7,1.45e-7,1.45e-7,0
2214,M093,1994,1,7976,1,1.25e-6,1.25e-6,1.25e-6,0
2214,M093,1994,2,7977,1,7.13e-6,7.13e-6,7.13e-6,0
2214,M093,1994,4,7979,1,3.43e-5,3.43e-5,3.43e-5,0
2214,M093,1995,1,7980,1,1.55e-4,1.55e-4,1.55e-4,0
2214,M093,1995,2,7981,1,7.95e-4,7.95e-4,7.95e-4,0
2214,M093,1995,3,7982,1,0.002590137,0.002590137,0.002590137,0
2215,M094,1993,3,7974,1,3.06e-14,3.06e-14,3.06e-14,0
2215,M094,1993,4,7975,1,1.3e-13,1.3e-13,1.3e-13,0
2215,M094,1994,1,7976,1,1.12e-12,1.12e-12,1.12e-12,0
2215,M094,1994,2,7977,1,6.4e-12,6.4e-12,6.4e-12,0
2215,M094,1994,3,7978,1,2.12e-11,2.12e-11,2.12e-11,0
2215,M094,1994,4,7979,1,6.22e-11,6.22e-11,6.22e-11,0
2215,M094,1995,1,7980,1,5.26e-10,5.26e-10,5.26e-10,0
2215,M094,1995,2,7981,1,2.99e-9,2.99e-9,2.99e-9,0
2215,M094,1996,2,7985,1,4.15e-8,4.15e-8,4.15e-8,0
2215,M094,1997,3,7990,1,3.43e-7,3.43e-7,3.43e-7,0
2215,M094,1998,2,7993,1,1.31e-6,1.31e-6,1.31e-6,0
2215,M094,1998,3,7994,1,2.52e-6,2.52e-6,2.52e-6,0
2215,M094,1999,2,7997,1,1.8e-5,1.8e-5,1.8e-5,0
2215,M094,1999,3,7998,1,3.65e-5,3.65e-5,3.65e-5,0
2215,M094,2000,3,8002,1,3.39e-4,3.39e-4,3.39e-4,0
2215,M094,2003,2,8013,1,0.003341526,0.003341526,0.003341526,0
2215,M094,2003,3,8014,1,0.004342953,0.004342953,0.004342953,0
2215,M094,2004,2,8017,1,0.018448805,0.018448805,0.018448805,0
2216,M095,1993,3,7974,1,2.53e-5,2.53e-5,2.53e-5,0
2216,M095,1994,1,7976,1,1.46e-4,1.46e-4,1.46e-4,0
2216,M095,1994,2,7977,1,5.97e-4,5.97e-4,5.97e-4,0
2216,M095,1994,4,7979,1,0.002678793,0.002678793,0.002678793,0
2217,M096,1993,3,7974,1,1.14e-5,1.14e-5,1.14e-5,0
2217,M096,1994,1,7976,1,1.34e-4,1.34e-4,1.34e-4,0
2217,M096,1994,2,7977,1,5.92e-4,5.92e-4,5.92e-4,0
2217,M096,1995,2,7981,1,0.007605175,0.007605175,0.007605175,0
2218,M097,1993,3,7974,1,8.93e-9,8.93e-9,8.93e-9,0
2218,M097,1994,4,7979,1,2.8e-7,2.8e-7,2.8e-7,0
2218,M097,1995,2,7981,1,1.18e-6,1.18e-6,1.18e-6,0
2218,M097,1995,3,7982,2,2.57e-6,2.57e-6,2.57e-6,0
2218,M097,1996,2,7985,1,1.2e-4,1.2e-4,1.2e-4,0
2218,M097,1996,3,7986,1,2.75e-4,2.75e-4,2.75e-4,0
2218,M097,1997,2,7989,1,0.003423586,0.003423586,0.003423586,0
2218,M097,1997,3,7990,1,0.007577206,0.007577206,0.007577206,0
2219,M098,1993,3,7974,1,8.61e-4,8.61e-4,8.61e-4,0
2220,M099,1993,3,7974,1,2.39e-5,2.39e-5,2.39e-5,0
2220,M099,1994,2,7977,1,5.07e-4,5.07e-4,5.07e-4,0
2220,M099,1994,3,7978,1,7.86e-4,7.86e-4,7.86e-4,0
2220,M099,1995,1,7980,1,0.00359463,0.00359463,0.00359463,0
2220,M099,1995,3,7982,1,0.021474489,0.021474489,0.021474489,0
2220,M099,1996,2,7985,1,0.160253563,0.160253563,0.160253563,0
2220,M099,1997,1,7988,1,0.801542993,0.801542993,0.801542993,0
2220,M099,1997,3,7990,1,0.95073265,0.95073265,0.95073265,0
2220,M099,1997,4,7991,1,0.958936284,0.958936284,0.958936284,0
2220,M099,1998,3,7994,3,0.970544308,0.970544308,0.970544308,0
2221,M100,1993,3,7974,1,2.01e-4,2.01e-4,2.01e-4,0
2221,M100,1993,4,7975,1,8.58e-4,8.58e-4,8.58e-4,0
2222,M101,1993,3,7974,1,8.61e-4,8.61e-4,8.61e-4,0
2223,M102,1993,3,7974,1,8.61e-4,8.61e-4,8.61e-4,0
2224,M103,1993,3,7974,1,8.61e-4,8.61e-4,8.61e-4,0
2225,M104,1993,3,7974,1,1.06e-8,1.06e-8,1.06e-8,0
2225,M104,1995,1,7980,1,4.43e-7,4.43e-7,4.43e-7,0
2225,M104,1995,3,7982,1,1.42e-6,1.42e-6,1.42e-6,0
2225,M104,1995,4,7983,1,2.48e-6,2.48e-6,2.48e-6,0
2225,M104,1996,3,7986,1,4.04e-5,4.04e-5,4.04e-5,0
2225,M104,1997,3,7990,1,3.06e-4,3.06e-4,3.06e-4,0
2225,M104,1998,3,7994,1,0.001584793,0.001584793,0.001584793,0
2225,M104,1999,2,7997,1,0.005287355,0.005287355,0.005287355,0
2225,M104,1999,3,7998,1,0.009720702,0.009720702,0.009720702,0
2226,M105,1993,3,7974,1,1.05e-10,1.05e-10,1.05e-10,0
2226,M105,1993,4,7975,1,4.49e-10,4.49e-10,4.49e-10,0
2226,M105,1994,1,7976,1,3.86e-9,3.86e-9,3.86e-9,0
2226,M105,1994,2,7977,1,2.2e-8,2.2e-8,2.2e-8,0
2226,M105,1994,3,7978,1,7.31e-8,7.31e-8,7.31e-8,0
2226,M105,1994,4,7979,1,2.14e-7,2.14e-7,2.14e-7,0
2226,M105,1995,1,7980,1,1.81e-6,1.81e-6,1.81e-6,0
2226,M105,1995,3,7982,2,1.58e-5,1.58e-5,1.58e-5,0
2226,M105,1995,4,7983,1,8.13e-5,8.13e-5,8.13e-5,0
2226,M105,1996,1,7984,1,8.52e-4,8.52e-4,8.52e-4,0
2226,M105,1996,3,7986,1,0.007565947,0.007565947,0.007565947,0
2227,M106,1993,3,7974,1,0.001261408,0.001261408,0.001261408,0
2227,M106,1993,4,7975,1,0.005374259,0.005374259,0.005374259,0
2227,M106,1997,3,7990,1,0.999999999,0.999999999,0.999999999,0
2228,M107,1993,3,7974,1,4.22e-12,4.22e-12,4.22e-12,0
2228,M107,1993,4,7975,1,1.8e-11,1.8e-11,1.8e-11,0
2228,M107,1994,3,7978,2,4.35e-10,4.35e-10,4.35e-10,0
2228,M107,1995,1,7980,1,5.23e-9,5.23e-9,5.23e-9,0
2228,M107,1995,3,7982,2,3.58e-8,3.58e-8,3.58e-8,0
2228,M107,1996,1,7984,1,5.7e-7,5.7e-7,5.7e-7,0
2228,M107,1996,3,7986,1,3.98e-6,3.98e-6,3.98e-6,0
2228,M107,1996,4,7987,1,7.68e-6,7.68e-6,7.68e-6,0
2228,M107,1997,3,7990,1,1.45e-4,1.45e-4,1.45e-4,0
2228,M107,1999,3,7998,1,7.53e-4,7.53e-4,7.53e-4,0
2228,M107,1999,4,7999,1,9.21e-4,9.21e-4,9.21e-4,0
2228,M107,2000,3,8002,1,0.004508989,0.004508989,0.004508989,0
2228,M107,2000,4,8003,1,0.007091097,0.007091097,0.007091097,0
2229,M108,1993,3,7974,1,9.45e-14,9.45e-14,9.45e-14,0
2229,M108,1993,4,7975,1,4.03e-13,4.03e-13,4.03e-13,0
2229,M108,1994,3,7978,2,9.76e-12,9.76e-12,9.76e-12,0
2229,M108,1995,1,7980,1,1.17e-10,1.17e-10,1.17e-10,0
2229,M108,1995,3,7982,2,8.02e-10,8.02e-10,8.02e-10,0
2229,M108,1995,4,7983,1,4e-9,4e-9,4e-9,0
2229,M108,1996,1,7984,1,4.16e-8,4.16e-8,4.16e-8,0
2229,M108,1996,3,7986,1,3.7e-7,3.7e-7,3.7e-7,0
2229,M108,1996,4,7987,1,7.25e-7,7.25e-7,7.25e-7,0
2229,M108,1997,3,7990,1,1.39e-5,1.39e-5,1.39e-5,0
2229,M108,1998,2,7993,1,6.87e-5,6.87e-5,6.87e-5,0
2229,M108,1998,3,7994,1,1.37e-4,1.37e-4,1.37e-4,0
2229,M108,1999,3,7998,2,0.001262174,0.001262174,0.001262174,0
2229,M108,1999,4,7999,1,0.004142885,0.004142885,0.004142885,0
2230,M109,1993,3,7974,1,7.83e-10,7.83e-10,7.83e-10,0
2230,M109,1993,4,7975,1,3.34e-9,3.34e-9,3.34e-9,0
2230,M109,1994,3,7978,2,8.09e-8,8.09e-8,8.09e-8,0
2230,M109,1995,4,7983,1,2.63e-6,2.63e-6,2.63e-6,0
2230,M109,1996,3,7986,1,1.46e-5,1.46e-5,1.46e-5,0
2230,M109,1998,2,7993,1,1.72e-4,1.72e-4,1.72e-4,0
2230,M109,2000,4,8003,1,9.45e-4,9.45e-4,9.45e-4,0
2230,M109,2002,3,8010,1,0.002874675,0.002874675,0.002874675,0
2230,M109,2003,3,8014,1,0.007187988,0.007187988,0.007187988,0
2230,M109,2003,4,8015,1,0.009824242,0.009824242,0.009824242,0
2231,M110,1993,3,7974,1,3.57e-6,3.57e-6,3.57e-6,0
2231,M110,1994,1,7976,1,4.21e-5,4.21e-5,4.21e-5,0
2231,M110,1997,3,7990,1,0.002739099,0.002739099,0.002739099,0
2231,M110,1998,1,7992,1,0.005047627,0.005047627,0.005047627,0
2231,M110,2000,1,8000,1,0.046228622,0.046228622,0.046228622,0
2232,M111,1993,3,7974,1,4.8e-5,4.8e-5,4.8e-5,0
2232,M111,1994,3,7978,1,0.001313731,0.001313731,0.001313731,0
2232,M111,1994,4,7979,1,0.0021297,0.0021297,0.0021297,0
2233,M112,1993,3,7974,1,4.8e-5,4.8e-5,4.8e-5,0
2233,M112,1994,2,7977,1,0.001017175,0.001017175,0.001017175,0
2233,M112,1994,4,7979,1,0.003098379,0.003098379,0.003098379,0
2234,M113,1993,3,7974,1,8.61e-4,8.61e-4,8.61e-4,0
2235,M114,1993,4,7975,1,2.02e-4,2.02e-4,2.02e-4,0
2235,M114,1994,1,7976,1,0.001732247,0.001732247,0.001732247,0
2236,M115,1993,4,7975,1,4.76e-5,4.76e-5,4.76e-5,0
2236,M115,1995,3,7982,1,0.002862271,0.002862271,0.002862271,0
2236,M115,1996,3,7986,1,0.013258648,0.013258648,0.013258648,0
2236,M115,1996,4,7987,1,0.02001069,0.02001069,0.02001069,0
2236,M115,1997,1,7988,1,0.103258382,0.103258382,0.103258382,0
2236,M115,1997,4,7991,1,1,1,1,0
2236,M115,1998,1,7992,1,1,1,1,0
2236,M115,1998,2,7993,1,1,1,1,0
2236,M115,1998,4,7995,1,1,1,1,0
2237,M116,1993,4,7975,1,2.92e-6,2.92e-6,2.92e-6,0
2237,M116,1994,1,7976,1,2.51e-5,2.51e-5,2.51e-5,0
2237,M116,1994,3,7978,1,2.2e-4,2.2e-4,2.2e-4,0
2237,M116,1994,4,7979,1,4.33e-4,4.33e-4,4.33e-4,0
2237,M116,1997,3,7990,1,0.036657048,0.036657048,0.036657048,0
2238,N001,1984,1,7936,2,5.06e-5,5.06e-5,5.06e-5,0
2238,N001,1984,2,7937,1,8.87e-4,8.87e-4,8.87e-4,0
2238,N001,1985,4,7943,1,0.014152052,0.014152052,0.014152052,0
2239,N002,1984,1,7936,1,0.003041209,0.003041209,0.003041209,0
2240,N003,1984,1,7936,1,3.49e-9,3.49e-9,3.49e-9,0
2240,N003,1984,2,7937,1,1.69e-8,1.69e-8,1.69e-8,0
2240,N003,1986,2,7945,1,3.36e-7,3.36e-7,3.36e-7,0
2240,N003,1986,4,7947,1,5.77e-7,5.77e-7,5.77e-7,0
2240,N003,1987,2,7949,1,2.23e-6,2.23e-6,2.23e-6,0
2240,N003,1989,2,7957,1,2.15e-5,2.15e-5,2.15e-5,0
2240,N003,1990,2,7961,1,4.79e-5,4.79e-5,4.79e-5,0
2240,N003,1991,2,7965,1,1.29e-4,1.29e-4,1.29e-4,0
2240,N003,1992,1,7968,1,3.22e-4,3.22e-4,3.22e-4,0
2240,N003,1992,4,7971,1,0.001160614,0.001160614,0.001160614,0
2240,N003,1993,2,7973,1,0.0039325,0.0039325,0.0039325,0
2241,N004,1984,1,7936,1,7.64e-12,7.64e-12,7.64e-12,0
2241,N004,1986,1,7944,1,1.86e-10,1.86e-10,1.86e-10,0
2241,N004,1988,4,7955,1,1.35e-9,1.35e-9,1.35e-9,0
2241,N004,1989,1,7956,1,1.76e-9,1.76e-9,1.76e-9,0
2241,N004,1989,4,7959,1,5.73e-9,5.73e-9,5.73e-9,0
2241,N004,1990,2,7961,1,1.56e-8,1.56e-8,1.56e-8,0
2241,N004,1990,4,7963,1,4.09e-8,4.09e-8,4.09e-8,0
2241,N004,1991,2,7965,1,1.8e-7,1.8e-7,1.8e-7,0
2241,N004,1991,4,7967,1,5.37e-7,5.37e-7,5.37e-7,0
2241,N004,1992,4,7971,1,4.08e-6,4.08e-6,4.08e-6,0
2241,N004,1993,1,7972,1,7.84e-6,7.84e-6,7.84e-6,0
2241,N004,1993,2,7973,1,2.79e-5,2.79e-5,2.79e-5,0
2241,N004,1993,3,7974,1,8.44e-5,8.44e-5,8.44e-5,0
2241,N004,1994,2,7977,1,0.001050956,0.001050956,0.001050956,0
2241,N004,1994,3,7978,1,0.002313554,0.002313554,0.002313554,0
2242,N005,1984,1,7936,1,8.38e-4,8.38e-4,8.38e-4,0
2242,N005,1986,1,7944,1,0.020363093,0.020363093,0.020363093,0
2243,N006,1984,1,7936,1,0.003041209,0.003041209,0.003041209,0
2244,N007,1984,2,7937,1,5.55e-11,5.55e-11,5.55e-11,0
2244,N007,1984,3,7938,1,2.13e-10,2.13e-10,2.13e-10,0
2244,N007,1984,4,7939,1,6.04e-10,6.04e-10,6.04e-10,0
2244,N007,1985,2,7941,1,7.43e-9,7.43e-9,7.43e-9,0
2244,N007,1985,4,7943,1,2.3e-8,2.3e-8,2.3e-8,0
2244,N007,1986,2,7945,1,1.31e-7,1.31e-7,1.31e-7,0
2244,N007,1987,3,7950,1,9.69e-7,9.69e-7,9.69e-7,0
2244,N007,1987,4,7951,1,1.36e-6,1.36e-6,1.36e-6,0
2244,N007,1988,2,7953,1,7.81e-6,7.81e-6,7.81e-6,0
2244,N007,1990,3,7962,1,7.57e-5,7.57e-5,7.57e-5,0
2244,N007,1990,4,7963,1,8.98e-5,8.98e-5,8.98e-5,0
2244,N007,1991,3,7966,1,3.62e-4,3.62e-4,3.62e-4,0
2244,N007,1992,4,7971,1,0.001743578,0.001743578,0.001743578,0
2244,N007,1994,2,7977,1,0.009677196,0.009677196,0.009677196,0
2245,N008,1984,2,7937,1,5.37e-7,5.37e-7,5.37e-7,0
2245,N008,1984,3,7938,2,1.9e-6,1.9e-6,1.9e-6,0
2245,N008,1984,4,7939,1,8.32e-6,8.32e-6,8.32e-6,0
2245,N008,1985,1,7940,1,5.85e-5,5.85e-5,5.85e-5,0
2245,N008,1985,2,7941,1,2.97e-4,2.97e-4,2.97e-4,0
2245,N008,1985,3,7942,1,8.95e-4,8.95e-4,8.95e-4,0
2245,N008,1986,2,7945,1,0.009161678,0.009161678,0.009161678,0
2246,N009,1984,2,7937,1,0.003041209,0.003041209,0.003041209,0
2247,N010,1984,2,7937,1,2.13e-4,2.13e-4,2.13e-4,0
2247,N010,1984,3,7938,1,7.56e-4,7.56e-4,7.56e-4,0
2247,N010,1985,2,7941,1,0.008203454,0.008203454,0.008203454,0
2248,N011,1984,2,7937,1,0.003041209,0.003041209,0.003041209,0
2249,N012,1984,2,7937,1,3.83e-6,3.83e-6,3.83e-6,0
2249,N012,1984,3,7938,1,1.36e-5,1.36e-5,1.36e-5,0
2249,N012,1984,4,7939,1,3.77e-5,3.77e-5,3.77e-5,0
2249,N012,1985,1,7940,1,2.26e-4,2.26e-4,2.26e-4,0
2249,N012,1985,2,7941,1,0.001121129,0.001121129,0.001121129,0
2249,N012,1985,4,7943,1,0.004811364,0.004811364,0.004811364,0
2250,N013,1984,2,7937,1,5.55e-5,5.55e-5,5.55e-5,0
2250,N013,1984,3,7938,1,1.97e-4,1.97e-4,1.97e-4,0
2250,N013,1984,4,7939,1,5.47e-4,5.47e-4,5.47e-4,0
2250,N013,1985,2,7941,1,0.006664102,0.006664102,0.006664102,0
2251,N014,1984,2,7937,1,7.98e-4,7.98e-4,7.98e-4,0
2251,N014,1984,3,7938,1,0.002835127,0.002835127,0.002835127,0
2252,N015,1984,2,7937,1,0.003041209,0.003041209,0.003041209,0
2253,N016,1984,2,7937,1,3.29e-14,3.29e-14,3.29e-14,0
2253,N016,1984,3,7938,1,1.17e-13,1.17e-13,1.17e-13,0
2253,N016,1984,4,7939,1,3.24e-13,3.24e-13,3.24e-13,0
2253,N016,1985,2,7941,1,3.95e-12,3.95e-12,3.95e-12,0
2253,N016,1986,3,7946,1,3.25e-11,3.25e-11,3.25e-11,0
2253,N016,1986,4,7947,1,4.57e-11,4.57e-11,4.57e-11,0
2253,N016,1987,1,7948,1,1.49e-10,1.49e-10,1.49e-10,0
2253,N016,1987,2,7949,1,6.4e-10,6.4e-10,6.4e-10,0
2253,N016,1987,4,7951,1,2.66e-9,2.66e-9,2.66e-9,0
2253,N016,1988,1,7952,1,8.56e-9,8.56e-9,8.56e-9,0
2253,N016,1989,1,7956,1,4.67e-8,4.67e-8,4.67e-8,0
2253,N016,1989,2,7957,2,9.23e-8,9.23e-8,9.23e-8,0
2253,N016,1989,3,7958,2,5.82e-7,5.82e-7,5.82e-7,0
2253,N016,1989,4,7959,1,5.21e-6,5.21e-6,5.21e-6,0
2253,N016,1990,2,7961,1,6.22e-5,6.22e-5,6.22e-5,0
2253,N016,1990,3,7962,1,1.51e-4,1.51e-4,1.51e-4,0
2253,N016,1991,1,7964,2,7.53e-4,7.53e-4,7.53e-4,0
2254,N017,1984,2,7937,1,2.09e-4,2.09e-4,2.09e-4,0
2254,N017,1984,3,7938,1,7.43e-4,7.43e-4,7.43e-4,0
2254,N017,1984,4,7939,1,0.002059737,0.002059737,0.002059737,0
2255,N018,1984,2,7937,1,1.48e-5,1.48e-5,1.48e-5,0
2255,N018,1984,3,7938,1,5.26e-5,5.26e-5,5.26e-5,0
2255,N018,1984,4,7939,1,1.46e-4,1.46e-4,1.46e-4,0
2255,N018,1985,2,7941,1,0.001777593,0.001777593,0.001777593,0
2255,N018,1986,1,7944,1,0.008495914,0.008495914,0.008495914,0
2256,N019,1984,2,7937,1,2.13e-9,2.13e-9,2.13e-9,0
2256,N019,1984,3,7938,1,7.57e-9,7.57e-9,7.57e-9,0
2256,N019,1984,4,7939,1,2.1e-8,2.1e-8,2.1e-8,0
2256,N019,1985,2,7941,1,2.56e-7,2.56e-7,2.56e-7,0
2256,N019,1985,3,7942,1,4.17e-7,4.17e-7,4.17e-7,0
2256,N019,1986,2,7945,1,2.65e-6,2.65e-6,2.65e-6,0
2256,N019,1986,4,7947,1,6.81e-6,6.81e-6,6.81e-6,0
2256,N019,1987,2,7949,1,3.53e-5,3.53e-5,3.53e-5,0
2256,N019,1988,1,7952,1,1.49e-4,1.49e-4,1.49e-4,0
2256,N019,1989,4,7959,1,0.001208987,0.001208987,0.001208987,0
2256,N019,1990,2,7961,1,0.002241356,0.002241356,0.002241356,0
2256,N019,1990,3,7962,1,0.003845674,0.003845674,0.003845674,0
2257,N020,1984,2,7937,1,1.79e-14,1.79e-14,1.79e-14,0
2257,N020,1984,3,7938,1,6.36e-14,6.36e-14,6.36e-14,0
2257,N020,1984,4,7939,1,1.76e-13,1.76e-13,1.76e-13,0
2257,N020,1985,2,7941,2,2.15e-12,2.15e-12,2.15e-12,0
2257,N020,1985,4,7943,1,1.94e-11,1.94e-11,1.94e-11,0
2257,N020,1986,3,7946,1,1.82e-10,1.82e-10,1.82e-10,0
2257,N020,1987,3,7950,1,9.47e-10,9.47e-10,9.47e-10,0
2257,N020,1987,4,7951,1,1.38e-9,1.38e-9,1.38e-9,0
2257,N020,1988,1,7952,1,4.59e-9,4.59e-9,4.59e-9,0
2257,N020,1988,3,7954,1,1.7e-8,1.7e-8,1.7e-8,0
2257,N020,1989,1,7956,1,4.92e-8,4.92e-8,4.92e-8,0
2257,N020,1989,3,7958,2,2.07e-7,2.07e-7,2.07e-7,0
2257,N020,1990,1,7960,1,1.55e-6,1.55e-6,1.55e-6,0
2257,N020,1990,2,7961,2,5.55e-6,5.55e-6,5.55e-6,0
2257,N020,1990,3,7962,1,2.69e-5,2.69e-5,2.69e-5,0
2257,N020,1990,4,7963,1,8.58e-5,8.58e-5,8.58e-5,0
2257,N020,1991,1,7964,1,4.56e-4,4.56e-4,4.56e-4,0
2257,N020,1993,1,7972,1,0.010691244,0.010691244,0.010691244,0
2258,N021,1984,2,7937,1,0.003041209,0.003041209,0.003041209,0
2259,N022,1984,2,7937,2,0.001604348,0.001604348,0.001604348,0
2260,N023,1984,2,7937,1,2.11e-4,2.11e-4,2.11e-4,0
2260,N023,1984,3,7938,1,7.48e-4,7.48e-4,7.48e-4,0
2260,N023,1985,1,7940,1,0.004781846,0.004781846,0.004781846,0
2261,N024,1984,2,7937,1,0.003041209,0.003041209,0.003041209,0
2262,N025,1984,2,7937,1,0.003041209,0.003041209,0.003041209,0
2263,N026,1984,2,7937,1,6.55e-6,6.55e-6,6.55e-6,0
2263,N026,1984,3,7938,1,2.33e-5,2.33e-5,2.33e-5,0
2263,N026,1984,4,7939,1,6.45e-5,6.45e-5,6.45e-5,0
2263,N026,1985,1,7940,1,3.87e-4,3.87e-4,3.87e-4,0
2263,N026,1985,2,7941,1,0.00191896,0.00191896,0.00191896,0
2263,N026,1985,3,7942,1,0.005764365,0.005764365,0.005764365,0
2263,N026,1985,4,7943,1,0.015251176,0.015251176,0.015251176,0
2263,N026,1989,2,7957,1,1,1,1,0
2263,N026,1990,3,7962,1,1,1,1,0
2264,N027,1984,2,7937,1,0.003041209,0.003041209,0.003041209,0
2265,N028,1984,2,7937,1,6.76e-7,6.76e-7,6.76e-7,0
2265,N028,1984,3,7938,2,2.4e-6,2.4e-6,2.4e-6,0
2265,N028,1984,4,7939,1,1.05e-5,1.05e-5,1.05e-5,0
2265,N028,1985,2,7941,1,1.52e-4,1.52e-4,1.52e-4,0
2265,N028,1985,3,7942,1,3.48e-4,3.48e-4,3.48e-4,0
2265,N028,1987,2,7949,1,0.006736854,0.006736854,0.006736854,0
2265,N028,1988,3,7954,1,0.024427287,0.024427287,0.024427287,0
2265,N028,1989,3,7958,1,0.073226611,0.073226611,0.073226611,0
2265,N028,1989,4,7959,1,0.099847096,0.099847096,0.099847096,0
2266,N029,1984,2,7937,1,0.003041209,0.003041209,0.003041209,0
2267,N030,1984,2,7937,1,0.003041209,0.003041209,0.003041209,0
2268,N031,1984,2,7937,1,4.9e-11,4.9e-11,4.9e-11,0
2268,N031,1984,3,7938,2,1.74e-10,1.74e-10,1.74e-10,0
2268,N031,1984,4,7939,1,7.6e-10,7.6e-10,7.6e-10,0
2268,N031,1985,2,7941,1,1.1e-8,1.1e-8,1.1e-8,0
2268,N031,1985,3,7942,1,2.52e-8,2.52e-8,2.52e-8,0
2268,N031,1985,4,7943,1,6.03e-8,6.03e-8,6.03e-8,0
2268,N031,1986,1,7944,1,3.38e-7,3.38e-7,3.38e-7,0
2268,N031,1986,4,7947,1,3.06e-6,3.06e-6,3.06e-6,0
2268,N031,1987,3,7950,1,1.62e-5,1.62e-5,1.62e-5,0
2268,N031,1987,4,7951,1,2.48e-5,2.48e-5,2.48e-5,0
2268,N031,1988,1,7952,1,8.89e-5,8.89e-5,8.89e-5,0
2268,N031,1988,2,7953,1,3.92e-4,3.92e-4,3.92e-4,0
2268,N031,1988,3,7954,1,0.001150217,0.001150217,0.001150217,0
2268,N031,1988,4,7955,1,0.003018456,0.003018456,0.003018456,0
2269,N032,1984,2,7937,1,0.006131776,0.006131776,0.006131776,0
2270,N033,1984,2,7937,1,8.24e-4,8.24e-4,8.24e-4,0
2270,N033,1985,4,7943,1,0.014089855,0.014089855,0.014089855,0
2271,N034,1984,2,7937,1,0.003041209,0.003041209,0.003041209,0
2272,N035,1984,2,7937,1,2.91e-10,2.91e-10,2.91e-10,0
2272,N035,1985,3,7942,1,2.36e-9,2.36e-9,2.36e-9,0
2272,N035,1988,1,7952,1,1.99e-8,1.99e-8,1.99e-8,0
2272,N035,1989,3,7958,1,6.15e-8,6.15e-8,6.15e-8,0
2272,N035,1991,3,7966,1,1.93e-7,1.93e-7,1.93e-7,0
2272,N035,1992,2,7969,1,3.52e-7,3.52e-7,3.52e-7,0
2272,N035,1992,4,7971,1,6.73e-7,6.73e-7,6.73e-7,0
2272,N035,1993,3,7974,1,3.46e-6,3.46e-6,3.46e-6,0
2272,N035,1993,4,7975,1,5.52e-6,5.52e-6,5.52e-6,0
2272,N035,1994,3,7978,1,6.79e-5,6.79e-5,6.79e-5,0
2272,N035,1995,3,7982,2,4.84e-4,4.84e-4,4.84e-4,0
2272,N035,1995,4,7983,1,0.001644749,0.001644749,0.001644749,0
2273,N036,1984,2,7937,1,0.006131776,0.006131776,0.006131776,0
2274,N037,1984,2,7937,1,0.00168499,0.00168499,0.00168499,0
2274,N037,1989,2,7957,1,0.054204393,0.054204393,0.054204393,0
2275,N038,1984,2,7937,1,0.006131776,0.006131776,0.006131776,0
2276,N039,1984,2,7937,1,0.001613618,0.001613618,0.001613618,0
2276,N039,1984,3,7938,1,0.003648599,0.003648599,0.003648599,0
2277,N040,1984,2,7937,1,0.003041209,0.003041209,0.003041209,0
2278,N041,1984,3,7938,1,0.006131776,0.006131776,0.006131776,0
2279,N042,1984,3,7938,1,3.68e-9,3.68e-9,3.68e-9,0
2279,N042,1985,3,7942,1,4.75e-8,4.75e-8,4.75e-8,0
2279,N042,1986,1,7944,1,1.23e-7,1.23e-7,1.23e-7,0
2279,N042,1988,1,7952,1,1.56e-6,1.56e-6,1.56e-6,0
2279,N042,1988,2,7953,1,2.55e-6,2.55e-6,2.55e-6,0
2279,N042,1988,3,7954,1,5e-6,5e-6,5e-6,0
2279,N042,1989,2,7957,1,3.36e-5,3.36e-5,3.36e-5,0
2279,N042,1989,3,7958,1,6.84e-5,6.84e-5,6.84e-5,0
2279,N042,1990,2,7961,1,4e-4,4e-4,4e-4,0
2279,N042,1990,3,7962,1,7.83e-4,7.83e-4,7.83e-4,0
2279,N042,1991,3,7966,1,0.006565519,0.006565519,0.006565519,0
2280,N043,1984,3,7938,1,0.003041209,0.003041209,0.003041209,0
2281,N044,1984,3,7938,1,5.92e-8,5.92e-8,5.92e-8,0
2281,N044,1986,2,7945,1,1.34e-6,1.34e-6,1.34e-6,0
2281,N044,1988,1,7952,1,6.37e-6,6.37e-6,6.37e-6,0
2281,N044,1988,2,7953,2,1.05e-5,1.05e-5,1.05e-5,0
2281,N044,1989,2,7957,1,1.7e-4,1.7e-4,1.7e-4,0
2281,N044,1989,3,7958,2,3.16e-4,3.16e-4,3.16e-4,0
2281,N044,1990,4,7963,1,0.008916261,0.008916261,0.008916261,0
2282,N045,1984,3,7938,1,8.35e-4,8.35e-4,8.35e-4,0
2282,N045,1986,2,7945,1,0.018961602,0.018961602,0.018961602,0
2283,N046,1984,3,7938,1,8.81e-4,8.81e-4,8.81e-4,0
2283,N046,1988,1,7952,1,0.039519741,0.039519741,0.039519741,0
2284,N047,1984,3,7938,1,1.04e-7,1.04e-7,1.04e-7,0
2284,N047,1985,3,7942,1,1.35e-6,1.35e-6,1.35e-6,0
2284,N047,1986,3,7946,1,3.86e-6,3.86e-6,3.86e-6,0
2284,N047,1987,3,7950,1,1.53e-5,1.53e-5,1.53e-5,0
2284,N047,1988,1,7952,1,3.64e-5,3.64e-5,3.64e-5,0
2284,N047,1988,2,7953,1,1.02e-4,1.02e-4,1.02e-4,0
2284,N047,1991,3,7966,1,0.001691107,0.001691107,0.001691107,0
2284,N047,1993,3,7974,1,0.003982379,0.003982379,0.003982379,0
2284,N047,1994,3,7978,1,0.009350958,0.009350958,0.009350958,0
2285,N048,1984,3,7938,1,9.32e-8,9.32e-8,9.32e-8,0
2285,N048,1986,2,7945,1,1.09e-6,1.09e-6,1.09e-6,0
2285,N048,1988,2,7953,1,5.84e-6,5.84e-6,5.84e-6,0
2285,N048,1990,4,7963,1,2.25e-5,2.25e-5,2.25e-5,0
2285,N048,1991,3,7966,1,3.73e-5,3.73e-5,3.73e-5,0
2285,N048,1991,4,7967,2,4.82e-5,4.82e-5,4.82e-5,0
2285,N048,1992,2,7969,1,7.9e-4,7.9e-4,7.9e-4,0
2285,N048,1994,3,7978,1,0.011902078,0.011902078,0.011902078,0
2286,N049,1984,3,7938,1,8.15e-9,8.15e-9,8.15e-9,0
2286,N049,1984,4,7939,1,2.16e-8,2.16e-8,2.16e-8,0
2286,N049,1985,3,7942,1,3.42e-7,3.42e-7,3.42e-7,0
2286,N049,1986,1,7944,1,9.86e-7,9.86e-7,9.86e-7,0
2286,N049,1986,2,7945,1,2e-6,2e-6,2e-6,0
2286,N049,1986,3,7946,1,4.55e-6,4.55e-6,4.55e-6,0
2286,N049,1987,1,7948,1,2.36e-5,2.36e-5,2.36e-5,0
2286,N049,1987,2,7949,1,8.42e-5,8.42e-5,8.42e-5,0
2286,N049,1989,4,7959,1,0.001586152,0.001586152,0.001586152,0
2286,N049,1990,2,7961,1,0.002621648,0.002621648,0.002621648,0
2286,N049,1990,4,7963,1,0.005265968,0.005265968,0.005265968,0
2287,N050,1984,3,7938,1,2.88e-7,2.88e-7,2.88e-7,0
2287,N050,1984,4,7939,1,7.65e-7,7.65e-7,7.65e-7,0
2287,N050,1985,2,7941,1,9.1e-6,9.1e-6,9.1e-6,0
2287,N050,1985,3,7942,1,2.07e-5,2.07e-5,2.07e-5,0
2287,N050,1986,3,7946,1,2.28e-4,2.28e-4,2.28e-4,0
2287,N050,1987,2,7949,1,8.78e-4,8.78e-4,8.78e-4,0
2287,N050,1987,4,7951,1,0.002088208,0.002088208,0.002088208,0
2287,N050,1988,2,7953,1,0.009977791,0.009977791,0.009977791,0
2288,N051,1984,3,7938,1,1.44e-6,1.44e-6,1.44e-6,0
2288,N051,1984,4,7939,1,2.62e-6,2.62e-6,2.62e-6,0
2288,N051,1985,1,7940,1,7.19e-6,7.19e-6,7.19e-6,0
2288,N051,1985,2,7941,1,1.79e-5,1.79e-5,1.79e-5,0
2288,N051,1985,3,7942,1,3.12e-5,3.12e-5,3.12e-5,0
2288,N051,1986,2,7945,1,1.22e-4,1.22e-4,1.22e-4,0
2288,N051,1986,3,7946,1,1.73e-4,1.73e-4,1.73e-4,0
2288,N051,1986,4,7947,1,2.36e-4,2.36e-4,2.36e-4,0
2288,N051,1987,2,7949,1,7.75e-4,7.75e-4,7.75e-4,0
2288,N051,1987,3,7950,1,0.001521107,0.001521107,0.001521107,0
2288,N051,1988,4,7955,1,0.016062778,0.016062778,0.016062778,0
2289,N052,1984,3,7938,1,2.59e-4,2.59e-4,2.59e-4,0
2289,N052,1984,4,7939,1,4.7e-4,4.7e-4,4.7e-4,0
2289,N052,1985,1,7940,1,0.001289506,0.001289506,0.001289506,0
2289,N052,1985,2,7941,1,0.003210488,0.003210488,0.003210488,0
2289,N052,1985,3,7942,1,0.005595181,0.005595181,0.005595181,0
2289,N052,1985,4,7943,1,0.008504037,0.008504037,0.008504037,0
2290,N053,1984,3,7938,1,2.56e-4,2.56e-4,2.56e-4,0
2290,N053,1984,4,7939,1,4.65e-4,4.65e-4,4.65e-4,0
2290,N053,1987,3,7950,1,0.009214234,0.009214234,0.009214234,0
2290,N053,1988,3,7954,1,0.021748555,0.021748555,0.021748555,0
2291,N054,1984,3,7938,1,1.48e-7,1.48e-7,1.48e-7,0
2291,N054,1984,4,7939,1,3.92e-7,3.92e-7,3.92e-7,0
2291,N054,1985,1,7940,1,2.3e-6,2.3e-6,2.3e-6,0
2291,N054,1985,2,7941,1,1.14e-5,1.14e-5,1.14e-5,0
2291,N054,1985,4,7943,1,2.99e-5,2.99e-5,2.99e-5,0
2291,N054,1986,2,7945,1,1.58e-4,1.58e-4,1.58e-4,0
2291,N054,1986,3,7946,1,3.35e-4,3.35e-4,3.35e-4,0
2291,N054,1987,2,7949,1,0.00276264,0.00276264,0.00276264,0
2291,N054,1987,4,7951,1,0.007283455,0.007283455,0.007283455,0
2292,N055,1984,3,7938,1,0.003247201,0.003247201,0.003247201,0
2292,N055,1984,4,7939,1,0.005900551,0.005900551,0.005900551,0
2293,N056,1984,3,7938,1,0.002446326,0.002446326,0.002446326,0
2293,N056,1984,4,7939,1,0.006489182,0.006489182,0.006489182,0
2293,N056,1985,1,7940,1,0.038142361,0.038142361,0.038142361,0
2293,N056,1985,2,7941,2,0.03998369,0.03998369,0.03998369,0
2293,N056,1985,3,7942,1,0.044322931,0.044322931,0.044322931,0
2294,N057,1984,3,7938,1,5.52e-5,5.52e-5,5.52e-5,0
2294,N057,1984,4,7939,1,1.46e-4,1.46e-4,1.46e-4,0
2294,N057,1985,1,7940,1,8.61e-4,8.61e-4,8.61e-4,0
2294,N057,1985,2,7941,1,0.004250168,0.004250168,0.004250168,0
2295,N058,1984,3,7938,1,1.72e-4,1.72e-4,1.72e-4,0
2295,N058,1984,4,7939,1,4.57e-4,4.57e-4,4.57e-4,0
2295,N058,1985,1,7940,1,4.85e-4,4.85e-4,4.85e-4,0
2295,N058,1985,2,7941,1,5.49e-4,5.49e-4,5.49e-4,0
2295,N058,1985,3,7942,1,7.1e-4,7.1e-4,7.1e-4,0
2295,N058,1985,4,7943,1,0.001107175,0.001107175,0.001107175,0
2295,N058,1987,2,7949,1,0.019712329,0.019712329,0.019712329,0
2296,N059,1984,3,7938,1,5.98e-6,5.98e-6,5.98e-6,0
2296,N059,1984,4,7939,1,1.59e-5,1.59e-5,1.59e-5,0
2296,N059,1985,1,7940,1,9.33e-5,9.33e-5,9.33e-5,0
2296,N059,1985,2,7941,1,4.6e-4,4.6e-4,4.6e-4,0
2296,N059,1985,3,7942,1,0.001382349,0.001382349,0.001382349,0
2296,N059,1985,4,7943,1,0.003656708,0.003656708,0.003656708,0
2296,N059,1986,3,7946,1,0.058370161,0.058370161,0.058370161,0
2296,N059,1988,1,7952,1,0.42696370300000003,0.42696370300000003,0.42696370300000003,0
2296,N059,1988,3,7954,1,0.999999999,0.999999999,0.999999999,0
2296,N059,1988,4,7955,1,1,1,1,0
2296,N059,1989,2,7957,1,1,1,1,0
2296,N059,1989,4,7959,1,1,1,1,0
2296,N059,1991,2,7965,1,1,1,1,0
2296,N059,1991,3,7966,1,1,1,1,0
2297,N060,1984,3,7938,1,5.51e-7,5.51e-7,5.51e-7,0
2297,N060,1984,4,7939,1,1.46e-6,1.46e-6,1.46e-6,0
2297,N060,1985,1,7940,1,8.58e-6,8.58e-6,8.58e-6,0
2297,N060,1985,2,7941,1,4.24e-5,4.24e-5,4.24e-5,0
2297,N060,1985,4,7943,1,1.82e-4,1.82e-4,1.82e-4,0
2297,N060,1986,2,7945,1,0.001145433,0.001145433,0.001145433,0
2297,N060,1987,1,7948,1,0.005088653,0.005088653,0.005088653,0
2297,N060,1987,2,7949,1,0.013369426,0.013369426,0.013369426,0
2297,N060,1987,3,7950,1,0.034119816,0.034119816,0.034119816,0
2297,N060,1988,1,7952,1,0.184798363,0.184798363,0.184798363,0
2297,N060,1988,2,7953,1,0.417415951,0.417415951,0.417415951,0
2297,N060,1988,3,7954,1,0.999999998,0.999999998,0.999999998,0
2297,N060,1988,4,7955,1,1,1,1,0
2297,N060,1989,2,7957,2,1,1,1,0
2297,N060,1989,3,7958,1,1,1,1,0
2297,N060,1989,4,7959,1,1,1,1,0
2297,N060,1990,1,7960,1,1,1,1,0
2298,N061,1984,3,7938,1,1.01e-6,1.01e-6,1.01e-6,0
2298,N061,1984,4,7939,1,2.69e-6,2.69e-6,2.69e-6,0
2298,N061,1985,1,7940,1,1.58e-5,1.58e-5,1.58e-5,0
2298,N061,1985,2,7941,1,7.79e-5,7.79e-5,7.79e-5,0
2298,N061,1985,3,7942,1,2.34e-4,2.34e-4,2.34e-4,0
2298,N061,1985,4,7943,1,6.19e-4,6.19e-4,6.19e-4,0
2298,N061,1986,2,7945,1,0.00742269,0.00742269,0.00742269,0
2299,N062,1984,3,7938,1,7.31e-8,7.31e-8,7.31e-8,0
2299,N062,1984,4,7939,1,1.94e-7,1.94e-7,1.94e-7,0
2299,N062,1985,1,7940,1,1.14e-6,1.14e-6,1.14e-6,0
2299,N062,1985,3,7942,1,8.56e-6,8.56e-6,8.56e-6,0
2299,N062,1985,4,7943,1,1.58e-5,1.58e-5,1.58e-5,0
2299,N062,1986,2,7945,1,1.44e-4,1.44e-4,1.44e-4,0
2299,N062,1986,3,7946,1,3.21e-4,3.21e-4,3.21e-4,0
2299,N062,1987,2,7949,1,0.002748603,0.002748603,0.002748603,0
2299,N062,1987,4,7951,1,0.007269482,0.007269482,0.007269482,0
2300,N063,1984,3,7938,1,5.3300000000000004e-09,5.3300000000000004e-09,5.3300000000000004e-09,0
2300,N063,1984,4,7939,1,1.41e-8,1.41e-8,1.41e-8,0
2300,N063,1985,1,7940,1,8.31e-8,8.31e-8,8.31e-8,0
2300,N063,1985,2,7941,1,4.1e-7,4.1e-7,4.1e-7,0
2300,N063,1985,4,7943,1,1.76e-6,1.76e-6,1.76e-6,0
2300,N063,1986,2,7945,1,1.11e-5,1.11e-5,1.11e-5,0
2300,N063,1987,2,7949,1,7.01e-5,7.01e-5,7.01e-5,0
2300,N063,1987,3,7950,1,1.22e-4,1.22e-4,1.22e-4,0
2300,N063,1988,2,7953,1,8.11e-4,8.11e-4,8.11e-4,0
2300,N063,1988,3,7954,1,0.001584453,0.001584453,0.001584453,0
2300,N063,1989,2,7957,1,0.010580556,0.010580556,0.010580556,0
2301,N064,1984,3,7938,1,1.11e-6,1.11e-6,1.11e-6,0
2301,N064,1984,4,7939,1,2.94e-6,2.94e-6,2.94e-6,0
2301,N064,1986,3,7946,1,1.01e-4,1.01e-4,1.01e-4,0
2301,N064,1987,2,7949,1,2.7e-4,2.7e-4,2.7e-4,0
2301,N064,1987,3,7950,1,4.62e-4,4.62e-4,4.62e-4,0
2301,N064,1987,4,7951,1,9.36e-4,9.36e-4,9.36e-4,0
2301,N064,1988,2,7953,1,0.008834658,0.008834658,0.008834658,0
2302,N065,1984,3,7938,1,0.003247201,0.003247201,0.003247201,0
2302,N065,1984,4,7939,1,0.005900551,0.005900551,0.005900551,0
2303,N066,1984,3,7938,1,0.00364208,0.00364208,0.00364208,0
2303,N066,1991,2,7965,1,0.141986036,0.141986036,0.141986036,0
2304,N067,1984,3,7938,1,0.006131776,0.006131776,0.006131776,0
2305,N068,1984,3,7938,1,0.006131776,0.006131776,0.006131776,0
2306,N069,1984,3,7938,1,0.006131776,0.006131776,0.006131776,0
2307,N070,1984,3,7938,1,0.003411257,0.003411257,0.003411257,0
2307,N070,1987,2,7949,1,0.062438401,0.062438401,0.062438401,0
2308,N071,1984,3,7938,1,0.001655273,0.001655273,0.001655273,0
2308,N071,1985,4,7943,1,0.012834342,0.012834342,0.012834342,0
2309,N072,1984,3,7938,1,0.006131776,0.006131776,0.006131776,0
2310,N073,1984,4,7939,1,4.37e-4,4.37e-4,4.37e-4,0
2310,N073,1992,1,7968,1,0.017569924,0.017569924,0.017569924,0
2310,N073,1992,2,7969,1,0.01923924,0.01923924,0.01923924,0
2311,N074,1984,4,7939,1,5.57e-5,5.57e-5,5.57e-5,0
2311,N074,1985,1,7940,1,2.44e-4,2.44e-4,2.44e-4,0
2311,N074,1985,2,7941,1,0.001139118,0.001139118,0.001139118,0
2311,N074,1985,4,7943,1,0.004829287,0.004829287,0.004829287,0
2312,N075,1984,4,7939,1,4.3e-4,4.3e-4,4.3e-4,0
2312,N075,1985,2,7941,1,0.002041223,0.002041223,0.002041223,0
2312,N075,1985,3,7942,1,0.004276611,0.004276611,0.004276611,0
2313,N076,1984,4,7939,1,8.49e-4,8.49e-4,8.49e-4,0
2313,N076,1987,1,7948,1,0.025294358,0.025294358,0.025294358,0
2314,O001,1982,1,7928,1,0.003436194,0.003436194,0.003436194,0
2314,O001,1982,2,7929,1,0.01689011,0.01689011,0.01689011,0
2314,O001,1982,3,7930,1,0.033606762,0.033606762,0.033606762,0
2314,O001,1983,1,7932,1,0.089857875,0.089857875,0.089857875,0
2314,O001,1984,1,7936,1,0.335604705,0.335604705,0.335604705,0
2314,O001,1985,2,7941,1,0.999999971,0.999999971,0.999999971,0
2315,O002,1982,1,7928,1,2.04e-4,2.04e-4,2.04e-4,0
2315,O002,1982,2,7929,1,0.001000345,0.001000345,0.001000345,0
2315,O002,1982,3,7930,1,0.003002764,0.003002764,0.003002764,0
2316,O003,1982,1,7928,1,7.75e-4,7.75e-4,7.75e-4,0
2316,O003,1982,2,7929,1,0.003808238,0.003808238,0.003808238,0
2317,O004,1982,2,7929,1,0.170790968,0.170790968,0.170790968,0
2317,O004,1982,4,7931,1,0.530494361,0.530494361,0.530494361,0
2317,O004,1983,1,7932,1,0.999999998,0.999999998,0.999999998,0
2317,O004,1983,3,7934,1,1,1,1,0
2318,O005,1982,2,7929,1,7.73e-4,7.73e-4,7.73e-4,0
2318,O005,1982,3,7930,1,0.002775392,0.002775392,0.002775392,0
2319,O006,1982,2,7929,1,7.91e-4,7.91e-4,7.91e-4,0
2319,O006,1983,3,7934,1,0.01122165,0.01122165,0.01122165,0
2320,O007,1982,2,7929,1,2.06e-4,2.06e-4,2.06e-4,0
2320,O007,1982,3,7930,1,7.42e-4,7.42e-4,7.42e-4,0
2320,O007,1983,3,7934,1,0.009139499,0.009139499,0.009139499,0
2321,O008,1982,2,7929,1,7.57e-8,7.57e-8,7.57e-8,0
2321,O008,1983,1,7932,1,6.2e-7,6.2e-7,6.2e-7,0
2321,O008,1983,3,7934,1,2.36e-6,2.36e-6,2.36e-6,0
2321,O008,1984,2,7937,1,1.17e-5,1.17e-5,1.17e-5,0
2321,O008,1984,3,7938,1,2.23e-5,2.23e-5,2.23e-5,0
2321,O008,1986,2,7945,1,3.65e-4,3.65e-4,3.65e-4,0
2321,O008,1986,3,7946,1,5.41e-4,5.41e-4,5.41e-4,0
2321,O008,1987,2,7949,1,0.002956522,0.002956522,0.002956522,0
2321,O008,1987,3,7950,1,0.005695849,0.005695849,0.005695849,0
2322,O009,1982,2,7929,1,1.36e-5,1.36e-5,1.36e-5,0
2322,O009,1983,2,7933,2,1.78e-4,1.78e-4,1.78e-4,0
2322,O009,1983,3,7934,1,4.71e-4,4.71e-4,4.71e-4,0
2322,O009,1984,3,7938,1,0.005599216,0.005599216,0.005599216,0
2322,O009,1987,3,7950,1,0.038495341,0.038495341,0.038495341,0
2323,O010,1982,2,7929,1,0.005933945,0.005933945,0.005933945,0
2324,O011,1982,2,7929,1,0.002050198,0.002050198,0.002050198,0
2324,O011,1984,3,7938,1,0.02638451,0.02638451,0.02638451,0
2324,O011,1986,3,7946,1,0.071885338,0.071885338,0.071885338,0
2324,O011,1987,3,7950,1,0.167238896,0.167238896,0.167238896,0
2324,O011,1988,1,7952,1,0.325144817,0.325144817,0.325144817,0
2324,O011,1989,1,7956,1,0.99999994,0.99999994,0.99999994,0
2325,O012,1982,2,7929,1,0.001598298,0.001598298,0.001598298,0
2325,O012,1983,3,7934,1,0.012020622,0.012020622,0.012020622,0
2326,O013,1982,2,7929,1,0.005933945,0.005933945,0.005933945,0
2327,O014,1982,2,7929,1,0.005933945,0.005933945,0.005933945,0
2328,O015,1982,3,7930,1,4.24e-4,4.24e-4,4.24e-4,0
2328,O015,1983,2,7933,1,0.00216327,0.00216327,0.00216327,0
2328,O015,1984,2,7937,1,0.010870031,0.010870031,0.010870031,0
2329,O016,1982,3,7930,1,0.005933945,0.005933945,0.005933945,0
2330,O017,1982,3,7930,1,7.82e-4,7.82e-4,7.82e-4,0
2330,O017,1983,2,7933,1,0.00726351,0.00726351,0.00726351,0
2331,O018,1982,3,7930,1,2.07e-6,2.07e-6,2.07e-6,0
2331,O018,1983,2,7933,1,1.92e-5,1.92e-5,1.92e-5,0
2331,O018,1984,1,7936,1,4.67e-5,4.67e-5,4.67e-5,0
2331,O018,1984,2,7937,1,1.04e-4,1.04e-4,1.04e-4,0
2331,O018,1984,3,7938,1,2.48e-4,2.48e-4,2.48e-4,0
2331,O018,1985,3,7942,1,0.002808745,0.002808745,0.002808745,0
2331,O018,1985,4,7943,1,0.00425316,0.00425316,0.00425316,0
2332,O019,1982,3,7930,1,0.002942795,0.002942795,0.002942795,0
2333,O020,1982,3,7930,1,0.002942795,0.002942795,0.002942795,0
2334,O021,1982,3,7930,1,0.005933945,0.005933945,0.005933945,0
2335,O022,1982,3,7930,1,0.003181974,0.003181974,0.003181974,0
2335,O022,1983,3,7934,1,0.019980818,0.019980818,0.019980818,0
2336,O023,1982,3,7930,1,5.35e-5,5.35e-5,5.35e-5,0
2336,O023,1982,4,7931,1,1.44e-4,1.44e-4,1.44e-4,0
2336,O023,1983,1,7932,1,7.5e-4,7.5e-4,7.5e-4,0
2336,O023,1983,3,7934,1,0.005523112,0.005523112,0.005523112,0
2337,O024,1982,3,7930,1,6.02e-6,6.02e-6,6.02e-6,0
2337,O024,1982,4,7931,1,1.61e-5,1.61e-5,1.61e-5,0
2337,O024,1983,2,7933,1,1.69e-4,1.69e-4,1.69e-4,0
2337,O024,1983,3,7934,1,3.81e-4,3.81e-4,3.81e-4,0
2337,O024,1984,1,7936,1,0.001952848,0.001952848,0.001952848,0
2337,O024,1984,2,7937,1,0.006926531,0.006926531,0.006926531,0
2337,O024,1987,2,7949,1,0.189559796,0.189559796,0.189559796,0
2337,O024,1987,3,7950,1,0.246766814,0.246766814,0.246766814,0
2337,O024,1988,2,7953,1,1,1,1,0
2337,O024,1988,3,7954,1,1,1,1,0
2337,O024,1988,4,7955,1,1,1,1,0
2337,O024,1989,3,7958,1,1,1,1,0
2338,O025,1982,3,7930,1,0.999999814,0.999999814,0.999999814,0
2339,O026,1982,3,7930,1,2.66e-7,2.66e-7,2.66e-7,0
2339,O026,1982,4,7931,1,7.13e-7,7.13e-7,7.13e-7,0
2339,O026,1983,1,7932,1,3.73e-6,3.73e-6,3.73e-6,0
2339,O026,1983,3,7934,1,2.74e-5,2.74e-5,2.74e-5,0
2339,O026,1985,2,7941,1,3.26e-4,3.26e-4,3.26e-4,0
2339,O026,1987,2,7949,1,0.001769833,0.001769833,0.001769833,0
2339,O026,1990,2,7961,1,0.009330035,0.009330035,0.009330035,0
2339,O026,1991,4,7967,1,0.017501867,0.017501867,0.017501867,0
2340,O027,1982,3,7930,1,2.81e-5,2.81e-5,2.81e-5,0
2340,O027,1982,4,7931,1,7.53e-5,7.53e-5,7.53e-5,0
2340,O027,1983,1,7932,1,3.94e-4,3.94e-4,3.94e-4,0
2340,O027,1983,2,7933,2,0.001907636,0.001907636,0.001907636,0
2341,O028,1982,3,7930,1,5.35e-5,5.35e-5,5.35e-5,0
2341,O028,1982,4,7931,1,1.44e-4,1.44e-4,1.44e-4,0
2341,O028,1983,1,7932,1,7.5e-4,7.5e-4,7.5e-4,0
2341,O028,1983,3,7934,1,0.005523112,0.005523112,0.005523112,0
2342,O029,1982,3,7930,1,1.93e-8,1.93e-8,1.93e-8,0
2342,O029,1982,4,7931,1,5.17e-8,5.17e-8,5.17e-8,0
2342,O029,1983,2,7933,1,5.41e-7,5.41e-7,5.41e-7,0
2342,O029,1984,3,7938,1,4.32e-6,4.32e-6,4.32e-6,0
2342,O029,1985,1,7940,1,9.63e-6,9.63e-6,9.63e-6,0
2342,O029,1985,2,7941,1,2.65e-5,2.65e-5,2.65e-5,0
2342,O029,1987,2,7949,1,4.29e-4,4.29e-4,4.29e-4,0
2342,O029,1988,3,7954,1,0.001424905,0.001424905,0.001424905,0
2342,O029,1989,2,7957,1,0.003564714,0.003564714,0.003564714,0
2342,O029,1989,4,7959,1,0.007398786,0.007398786,0.007398786,0
2343,O030,1982,3,7930,1,2.71e-6,2.71e-6,2.71e-6,0
2343,O030,1982,4,7931,1,7.26e-6,7.26e-6,7.26e-6,0
2343,O030,1983,1,7932,1,2.25e-5,2.25e-5,2.25e-5,0
2343,O030,1983,3,7934,1,8.15e-5,8.15e-5,8.15e-5,0
2343,O030,1984,1,7936,1,1.67e-4,1.67e-4,1.67e-4,0
2343,O030,1985,3,7942,1,7.94e-4,7.94e-4,7.94e-4,0
2343,O030,1986,2,7945,1,0.00142839,0.00142839,0.00142839,0
2343,O030,1987,2,7949,1,0.003059027,0.003059027,0.003059027,0
2343,O030,1987,3,7950,2,0.004503772,0.004503772,0.004503772,0
2344,O031,1982,3,7930,1,1.29e-4,1.29e-4,1.29e-4,0
2344,O031,1986,3,7946,1,0.003026997,0.003026997,0.003026997,0
2344,O031,1989,3,7958,1,0.012272431,0.012272431,0.012272431,0
2344,O031,1991,3,7966,1,0.025538772,0.025538772,0.025538772,0
2345,O032,1982,3,7930,1,0.001580904,0.001580904,0.001580904,0
2345,O032,1983,2,7933,1,0.00805695,0.00805695,0.00805695,0
2346,O033,1982,4,7931,1,0.001583566,0.001583566,0.001583566,0
2346,O033,1983,3,7934,1,0.008663685,0.008663685,0.008663685,0
2347,O034,1982,4,7931,1,1.38e-5,1.38e-5,1.38e-5,0
2347,O034,1989,4,7959,1,5.82e-4,5.82e-4,5.82e-4,0
2347,O034,1990,3,7962,1,7.7e-4,7.7e-4,7.7e-4,0
2347,O034,1993,2,7973,1,0.002612053,0.002612053,0.002612053,0
2347,O034,1993,3,7974,1,0.003157189,0.003157189,0.003157189,0
2347,O034,1994,4,7979,1,0.009354631,0.009354631,0.009354631,0
2348,O035,1982,4,7931,1,2e-12,2e-12,2e-12,0
2348,O035,1983,1,7932,1,7.92e-12,7.92e-12,7.92e-12,0
2348,O035,1983,3,7934,1,5.45e-11,5.45e-11,5.45e-11,0
2348,O035,1986,3,7946,1,1.08e-9,1.08e-9,1.08e-9,0
2348,O035,1987,3,7950,1,2.56e-9,2.56e-9,2.56e-9,0
2348,O035,1987,4,7951,1,3.39e-9,3.39e-9,3.39e-9,0
2348,O035,1988,2,7953,1,1.72e-8,1.72e-8,1.72e-8,0
2348,O035,1988,3,7954,1,3.64e-8,3.64e-8,3.64e-8,0
2348,O035,1989,3,7958,1,3.22e-7,3.22e-7,3.22e-7,0
2348,O035,1989,4,7959,1,4.78e-7,4.78e-7,4.78e-7,0
2348,O035,1990,2,7961,1,2.39e-6,2.39e-6,2.39e-6,0
2348,O035,1990,4,7963,1,7.29e-6,7.29e-6,7.29e-6,0
2348,O035,1992,2,7969,1,7.38e-5,7.38e-5,7.38e-5,0
2348,O035,1992,4,7971,1,7.68e-5,7.68e-5,7.68e-5,0
2348,O035,1993,3,7974,1,1.03e-4,1.03e-4,1.03e-4,0
2348,O035,1994,2,7977,1,1.57e-4,1.57e-4,1.57e-4,0
2348,O035,1994,3,7978,1,2.27e-4,2.27e-4,2.27e-4,0
2348,O035,1994,4,7979,1,4.21e-4,4.21e-4,4.21e-4,0
2348,O035,1995,2,7981,1,0.005329775,0.005329775,0.005329775,0
2349,O036,1982,4,7931,1,0.002942795,0.002942795,0.002942795,0
2350,P001,1983,1,7932,1,1.82e-4,1.82e-4,1.82e-4,0
2350,P001,1983,2,7933,1,9.35e-4,9.35e-4,9.35e-4,0
2350,P001,1983,3,7934,1,0.002829095,0.002829095,0.002829095,0
2351,P002,1983,1,7932,1,3.63e-6,3.63e-6,3.63e-6,0
2351,P002,1983,2,7933,1,1.86e-5,1.86e-5,1.86e-5,0
2351,P002,1983,3,7934,1,5.64e-5,5.64e-5,5.64e-5,0
2351,P002,1983,4,7935,1,1.49e-4,1.49e-4,1.49e-4,0
2351,P002,1984,1,7936,1,8.64e-4,8.64e-4,8.64e-4,0
2351,P002,1987,3,7950,1,0.039342563,0.039342563,0.039342563,0
2352,P003,1983,1,7932,1,3.45e-5,3.45e-5,3.45e-5,0
2352,P003,1983,2,7933,1,1.77e-4,1.77e-4,1.77e-4,0
2352,P003,1983,3,7934,1,5.36e-4,5.36e-4,5.36e-4,0
2352,P003,1984,2,7937,1,0.00538092,0.00538092,0.00538092,0
2352,P003,1984,3,7938,1,0.01088122,0.01088122,0.01088122,0
2352,P003,1987,4,7951,1,0.339714855,0.339714855,0.339714855,0
2352,P003,1989,2,7957,1,1,1,1,0
2352,P003,1989,3,7958,1,1,1,1,0
2352,P003,1989,4,7959,1,1,1,1,0
2352,P003,1990,2,7961,1,1,1,1,0
2352,P003,1990,3,7962,1,1,1,1,0
2352,P003,1991,1,7964,1,1,1,1,0
2353,P004,1983,2,7933,1,0.002636767,0.002636767,0.002636767,0
2354,P005,1983,2,7933,1,2.41e-13,2.41e-13,2.41e-13,0
2354,P005,1983,3,7934,2,9.01e-13,9.01e-13,9.01e-13,0
2354,P005,1983,4,7935,2,7.16e-12,7.16e-12,7.16e-12,0
2354,P005,1984,2,7937,1,4.19e-10,4.19e-10,4.19e-10,0
2354,P005,1984,3,7938,1,7.02e-10,7.02e-10,7.02e-10,0
2354,P005,1985,1,7940,1,2.83e-9,2.83e-9,2.83e-9,0
2354,P005,1986,2,7945,1,2.99e-8,2.99e-8,2.99e-8,0
2354,P005,1986,3,7946,1,4.8e-8,4.8e-8,4.8e-8,0
2354,P005,1987,3,7950,1,2.07e-7,2.07e-7,2.07e-7,0
2354,P005,1987,4,7951,1,2.96e-7,2.96e-7,2.96e-7,0
2354,P005,1988,3,7954,1,2.32e-6,2.32e-6,2.32e-6,0
2354,P005,1988,4,7955,1,3.64e-6,3.64e-6,3.64e-6,0
2354,P005,1989,4,7959,1,3.72e-5,3.72e-5,3.72e-5,0
2354,P005,1990,1,7960,1,6.4e-5,6.4e-5,6.4e-5,0
2354,P005,1991,2,7965,1,5.57e-4,5.57e-4,5.57e-4,0
2354,P005,1993,1,7972,1,0.002520937,0.002520937,0.002520937,0
2354,P005,1993,4,7975,1,0.005733467,0.005733467,0.005733467,0
2355,P006,1983,2,7933,1,0.002636767,0.002636767,0.002636767,0
2356,P007,1983,2,7933,1,4.76e-5,4.76e-5,4.76e-5,0
2356,P007,1983,3,7934,1,1.78e-4,1.78e-4,1.78e-4,0
2356,P007,1983,4,7935,1,5e-4,5e-4,5e-4,0
2356,P007,1984,1,7936,1,0.002966139,0.002966139,0.002966139,0
2357,P008,1983,2,7933,1,1.73e-6,1.73e-6,1.73e-6,0
2357,P008,1983,3,7934,1,6.48e-6,6.48e-6,6.48e-6,0
2357,P008,1983,4,7935,1,1.82e-5,1.82e-5,1.82e-5,0
2357,P008,1984,1,7936,1,1.08e-4,1.08e-4,1.08e-4,0
2357,P008,1984,2,7937,2,5.35e-4,5.35e-4,5.35e-4,0
2357,P008,1984,3,7938,1,0.002572414,0.002572414,0.002572414,0
2358,P009,1983,2,7933,1,9.58e-16,9.58e-16,9.58e-16,0
2358,P009,1983,3,7934,2,3.58e-15,3.58e-15,3.58e-15,0
2358,P009,1983,4,7935,2,2.84e-14,2.84e-14,2.84e-14,0
2358,P009,1984,1,7936,2,7.6e-13,7.6e-13,7.6e-13,0
2358,P009,1984,2,7937,1,7.36e-12,7.36e-12,7.36e-12,0
2358,P009,1984,3,7938,1,2.39e-11,2.39e-11,2.39e-11,0
2358,P009,1984,4,7939,1,6.49e-11,6.49e-11,6.49e-11,0
2358,P009,1985,3,7942,1,1.04e-9,1.04e-9,1.04e-9,0
2358,P009,1986,2,7945,1,4.62e-9,4.62e-9,4.62e-9,0
2358,P009,1986,3,7946,1,8.69e-9,8.69e-9,8.69e-9,0
2358,P009,1986,4,7947,1,1.87e-8,1.87e-8,1.87e-8,0
2358,P009,1987,1,7948,1,9.75e-8,9.75e-8,9.75e-8,0
2358,P009,1987,2,7949,1,4.7e-7,4.7e-7,4.7e-7,0
2358,P009,1987,4,7951,1,2e-6,2e-6,2e-6,0
2358,P009,1988,1,7952,1,6.48e-6,6.48e-6,6.48e-6,0
2358,P009,1988,3,7954,1,4.14e-5,4.14e-5,4.14e-5,0
2358,P009,1988,4,7955,1,7.54e-5,7.54e-5,7.54e-5,0
2358,P009,1989,1,7956,1,2.93e-4,2.93e-4,2.93e-4,0
2358,P009,1989,2,7957,2,0.001323088,0.001323088,0.001323088,0
2358,P009,1989,3,7958,1,0.012395944,0.012395944,0.012395944,0
2358,P009,1989,4,7959,1,0.042874381,0.042874381,0.042874381,0
2358,P009,1990,2,7961,1,0.417627456,0.417627456,0.417627456,0
2358,P009,1990,3,7962,1,0.999999998,0.999999998,0.999999998,0
2358,P009,1990,4,7963,1,1,1,1,0
2358,P009,1991,1,7964,1,1,1,1,0
2358,P009,1991,3,7966,1,1,1,1,0
2359,P010,1983,2,7933,1,3.5e-6,3.5e-6,3.5e-6,0
2359,P010,1983,3,7934,1,1.31e-5,1.31e-5,1.31e-5,0
2359,P010,1983,4,7935,2,3.68e-5,3.68e-5,3.68e-5,0
2359,P010,1984,1,7936,1,3.82e-4,3.82e-4,3.82e-4,0
2359,P010,1984,2,7937,1,0.002018882,0.002018882,0.002018882,0
2359,P010,1984,3,7938,1,0.004053036,0.004053036,0.004053036,0
2360,P011,1983,2,7933,1,8.55e-7,8.55e-7,8.55e-7,0
2360,P011,1983,3,7934,1,3.2e-6,3.2e-6,3.2e-6,0
2360,P011,1983,4,7935,1,8.98e-6,8.98e-6,8.98e-6,0
2360,P011,1984,1,7936,1,5.33e-5,5.33e-5,5.33e-5,0
2360,P011,1984,2,7937,1,2.64e-4,2.64e-4,2.64e-4,0
2360,P011,1984,3,7938,1,7.93e-4,7.93e-4,7.93e-4,0
2360,P011,1985,1,7940,1,0.004760525,0.004760525,0.004760525,0
2360,P011,1985,3,7942,1,0.025648244,0.025648244,0.025648244,0
2360,P011,1985,4,7943,1,0.046022714,0.046022714,0.046022714,0
2360,P011,1987,2,7949,1,0.999999999,0.999999999,0.999999999,0
2361,P012,1983,2,7933,1,0.001875246,0.001875246,0.001875246,0
2361,P012,1983,3,7934,2,0.00760894,0.00760894,0.00760894,0
2361,P012,1983,4,7935,2,0.061964618,0.061964618,0.061964618,0
2361,P012,1984,1,7936,2,0.853173031,0.853173031,0.853173031,0
2361,P012,1984,3,7938,1,0.99789529,0.99789529,0.99789529,0
2361,P012,1984,4,7939,1,0.999628077,0.999628077,0.999628077,0
2361,P012,1985,2,7941,1,1,1,1,0
2361,P012,1985,3,7942,1,1,1,1,0
2361,P012,1985,4,7943,1,1,1,1,0
2361,P012,1986,2,7945,1,1,1,1,0
2361,P012,1986,3,7946,1,1,1,1,0
2361,P012,1986,4,7947,1,1,1,1,0
2361,P012,1987,1,7948,1,1,1,1,0
2362,P013,1983,2,7933,1,8.09e-8,8.09e-8,8.09e-8,0
2362,P013,1983,3,7934,2,3.02e-7,3.02e-7,3.02e-7,0
2362,P013,1983,4,7935,2,2.4e-6,2.4e-6,2.4e-6,0
2362,P013,1984,3,7938,1,1.91e-4,1.91e-4,1.91e-4,0
2362,P013,1985,1,7940,1,5.66e-4,5.66e-4,5.66e-4,0
2362,P013,1985,2,7941,1,0.001761419,0.001761419,0.001761419,0
2362,P013,1985,3,7942,1,0.004762112,0.004762112,0.004762112,0
2362,P013,1986,2,7945,1,0.046250258,0.046250258,0.046250258,0
2362,P013,1987,3,7950,1,0.31179023,0.31179023,0.31179023,0
2362,P013,1988,2,7953,1,0.635919529,0.635919529,0.635919529,0
2362,P013,1988,3,7954,2,1,1,1,0
2362,P013,1988,4,7955,1,1,1,1,0
2362,P013,1989,1,7956,1,1,1,1,0
2362,P013,1989,2,7957,1,1,1,1,0
2363,P014,1983,2,7933,1,3.8e-6,3.8e-6,3.8e-6,0
2363,P014,1983,3,7934,1,1.54e-5,1.54e-5,1.54e-5,0
2363,P014,1983,4,7935,1,4.75e-5,4.75e-5,4.75e-5,0
2363,P014,1984,1,7936,2,3.22e-4,3.22e-4,3.22e-4,0
2363,P014,1984,2,7937,1,0.003086434,0.003086434,0.003086434,0
2364,P015,1983,2,7933,1,1.26e-5,1.26e-5,1.26e-5,0
2364,P015,1983,3,7934,1,4.72e-5,4.72e-5,4.72e-5,0
2364,P015,1983,4,7935,1,1.33e-4,1.33e-4,1.33e-4,0
2364,P015,1984,2,7937,1,0.001597251,0.001597251,0.001597251,0
2364,P015,1984,3,7938,1,0.003632265,0.003632265,0.003632265,0
2365,P016,1983,2,7933,1,2.56e-7,2.56e-7,2.56e-7,0
2365,P016,1983,3,7934,1,9.56e-7,9.56e-7,9.56e-7,0
2365,P016,1983,4,7935,1,2.69e-6,2.69e-6,2.69e-6,0
2365,P016,1984,1,7936,1,1.59e-5,1.59e-5,1.59e-5,0
2365,P016,1985,2,7941,1,2.67e-4,2.67e-4,2.67e-4,0
2365,P016,1987,3,7950,1,0.002044883,0.002044883,0.002044883,0
2365,P016,1988,2,7953,1,0.004529019,0.004529019,0.004529019,0
2365,P016,1991,4,7967,1,0.032190042,0.032190042,0.032190042,0
2366,P017,1983,2,7933,1,9.62e-5,9.62e-5,9.62e-5,0
2366,P017,1983,3,7934,1,2.27e-4,2.27e-4,2.27e-4,0
2366,P017,1983,4,7935,1,5.48e-4,5.48e-4,5.48e-4,0
2366,P017,1984,1,7936,1,0.003014646,0.003014646,0.003014646,0
2367,P018,1983,2,7933,1,1.28e-13,1.28e-13,1.28e-13,0
2367,P018,1983,3,7934,1,4.77e-13,4.77e-13,4.77e-13,0
2367,P018,1983,4,7935,1,1.34e-12,1.34e-12,1.34e-12,0
2367,P018,1984,1,7936,1,7.96e-12,7.96e-12,7.96e-12,0
2367,P018,1984,2,7937,2,3.94e-11,3.94e-11,3.94e-11,0
2367,P018,1985,2,7941,2,7.25e-10,7.25e-10,7.25e-10,0
2367,P018,1985,3,7942,1,3.34e-9,3.34e-9,3.34e-9,0
2367,P018,1987,3,7950,1,9.97e-8,9.97e-8,9.97e-8,0
2367,P018,1988,2,7953,1,2.48e-7,2.48e-7,2.48e-7,0
2367,P018,1988,3,7954,1,4.15e-7,4.15e-7,4.15e-7,0
2367,P018,1988,4,7955,1,8.27e-7,8.27e-7,8.27e-7,0
2367,P018,1989,2,7957,1,6.71e-6,6.71e-6,6.71e-6,0
2367,P018,1989,3,7958,1,1.48e-5,1.48e-5,1.48e-5,0
2367,P018,1990,1,7960,1,6.06e-5,6.06e-5,6.06e-5,0
2367,P018,1990,2,7961,1,1.97e-4,1.97e-4,1.97e-4,0
2367,P018,1991,1,7964,1,0.00118862,0.00118862,0.00118862,0
2367,P018,1991,3,7966,1,0.004376318,0.004376318,0.004376318,0
2368,P019,1983,2,7933,1,5.06e-5,5.06e-5,5.06e-5,0
2368,P019,1983,3,7934,1,1.89e-4,1.89e-4,1.89e-4,0
2368,P019,1983,4,7935,2,5.31e-4,5.31e-4,5.31e-4,0
2368,P019,1984,1,7936,1,0.005506837,0.005506837,0.005506837,0
2369,P020,1983,2,7933,1,1.08e-13,1.08e-13,1.08e-13,0
2369,P020,1983,4,7935,1,3.5e-13,3.5e-13,3.5e-13,0
2369,P020,1984,1,7936,1,1.07e-12,1.07e-12,1.07e-12,0
2369,P020,1984,2,7937,1,4.51e-12,4.51e-12,4.51e-12,0
2369,P020,1984,3,7938,1,1.32e-11,1.32e-11,1.32e-11,0
2369,P020,1987,2,7949,1,4.65e-10,4.65e-10,4.65e-10,0
2369,P020,1987,3,7950,1,6.17e-10,6.17e-10,6.17e-10,0
2369,P020,1987,4,7951,1,9.91e-10,9.91e-10,9.91e-10,0
2369,P020,1988,2,7953,1,7.23e-9,7.23e-9,7.23e-9,0
2369,P020,1988,3,7954,1,1.59e-8,1.59e-8,1.59e-8,0
2369,P020,1989,2,7957,1,1.16e-7,1.16e-7,1.16e-7,0
2369,P020,1989,3,7958,1,2.26e-7,2.26e-7,2.26e-7,0
2369,P020,1990,3,7962,1,1.55e-6,1.55e-6,1.55e-6,0
2369,P020,1991,2,7965,1,4.86e-6,4.86e-6,4.86e-6,0
2369,P020,1991,4,7967,1,1.14e-5,1.14e-5,1.14e-5,0
2369,P020,1992,2,7969,1,5.18e-5,5.18e-5,5.18e-5,0
2369,P020,1992,4,7971,1,1.56e-4,1.56e-4,1.56e-4,0
2369,P020,1993,4,7975,1,0.001211072,0.001211072,0.001211072,0
2369,P020,1994,2,7977,1,0.004659135,0.004659135,0.004659135,0
2370,P021,1983,2,7933,1,4.85e-5,4.85e-5,4.85e-5,0
2370,P021,1983,3,7934,1,1.81e-4,1.81e-4,1.81e-4,0
2370,P021,1984,2,7937,1,0.001973013,0.001973013,0.001973013,0
2370,P021,1984,3,7938,1,0.004007261,0.004007261,0.004007261,0
2371,P022,1983,2,7933,1,0.002636767,0.002636767,0.002636767,0
2372,P023,1983,2,7933,1,0.002636767,0.002636767,0.002636767,0
2373,P024,1983,2,7933,1,0.002636767,0.002636767,0.002636767,0
2374,P025,1983,2,7933,1,0.002636767,0.002636767,0.002636767,0
2375,P026,1983,2,7933,1,0.002636767,0.002636767,0.002636767,0
2376,P027,1983,2,7933,1,1.81e-4,1.81e-4,1.81e-4,0
2376,P027,1983,3,7934,1,6.77e-4,6.77e-4,6.77e-4,0
2376,P027,1983,4,7935,1,0.001901918,0.001901918,0.001901918,0
2377,P028,1983,2,7933,1,3.8e-19,3.8e-19,3.8e-19,0
2377,P028,1983,3,7934,1,1.42e-18,1.42e-18,1.42e-18,0
2377,P028,1984,1,7936,1,9.11e-18,9.11e-18,9.11e-18,0
2377,P028,1984,2,7937,1,3.34e-17,3.34e-17,3.34e-17,0
2377,P028,1985,2,7941,1,3.13e-16,3.13e-16,3.13e-16,0
2377,P028,1985,4,7943,1,7.22e-16,7.22e-16,7.22e-16,0
2377,P028,1986,2,7945,1,3.55e-15,3.55e-15,3.55e-15,0
2377,P028,1986,3,7946,1,5.48e-15,5.48e-15,5.48e-15,0
2377,P028,1986,4,7947,1,1.03e-14,1.03e-14,1.03e-14,0
2377,P028,1988,1,7952,1,1.81e-13,1.81e-13,1.81e-13,0
2377,P028,1988,2,7953,1,3.58e-13,3.58e-13,3.58e-13,0
2377,P028,1988,3,7954,1,8.03e-13,8.03e-13,8.03e-13,0
2377,P028,1988,4,7955,1,1.9e-12,1.9e-12,1.9e-12,0
2377,P028,1989,1,7956,1,8.91e-12,8.91e-12,8.91e-12,0
2377,P028,1989,3,7958,1,6.38e-11,6.38e-11,6.38e-11,0
2377,P028,1989,4,7959,1,1.17e-10,1.17e-10,1.17e-10,0
2377,P028,1990,2,7961,1,7.74e-10,7.74e-10,7.74e-10,0
2377,P028,1990,3,7962,1,1.79e-9,1.79e-9,1.79e-9,0
2377,P028,1990,4,7963,1,4.61e-9,4.61e-9,4.61e-9,0
2377,P028,1991,1,7964,1,2.23e-8,2.23e-8,2.23e-8,0
2377,P028,1991,2,7965,1,1.17e-7,1.17e-7,1.17e-7,0
2377,P028,1991,3,7966,1,3.82e-7,3.82e-7,3.82e-7,0
2377,P028,1991,4,7967,1,7.06e-7,7.06e-7,7.06e-7,0
2377,P028,1992,1,7968,1,1.72e-6,1.72e-6,1.72e-6,0
2377,P028,1992,2,7969,1,7.13e-6,7.13e-6,7.13e-6,0
2377,P028,1993,3,7974,1,8.28e-5,8.28e-5,8.28e-5,0
2377,P028,1994,1,7976,1,2.07e-4,2.07e-4,2.07e-4,0
2377,P028,1994,3,7978,1,9.7e-4,9.7e-4,9.7e-4,0
2377,P028,1995,3,7982,1,0.008519411,0.008519411,0.008519411,0
2378,P029,1983,2,7933,1,0.002636767,0.002636767,0.002636767,0
2379,P030,1983,2,7933,1,0.002636767,0.002636767,0.002636767,0
2380,P031,1983,2,7933,1,0.002636767,0.002636767,0.002636767,0
2381,P032,1983,2,7933,1,0.002636767,0.002636767,0.002636767,0
2382,P033,1983,3,7934,1,0.001393813,0.001393813,0.001393813,0
2382,P033,1983,4,7935,1,0.003865977,0.003865977,0.003865977,0
2383,P034,1983,2,7933,1,6.94e-4,6.94e-4,6.94e-4,0
2383,P034,1983,4,7935,1,0.003817343,0.003817343,0.003817343,0
2384,P035,1983,2,7933,1,2.81e-5,2.81e-5,2.81e-5,0
2384,P035,1986,2,7945,1,5.74e-4,5.74e-4,5.74e-4,0
2384,P035,1986,3,7946,1,7.46e-4,7.46e-4,7.46e-4,0
2384,P035,1986,4,7947,1,0.00116963,0.00116963,0.00116963,0
2384,P035,1987,1,7948,1,0.004491708,0.004491708,0.004491708,0
2385,P036,1983,3,7934,1,0.002636767,0.002636767,0.002636767,0
2386,P037,1983,3,7934,1,1.97e-4,1.97e-4,1.97e-4,0
2386,P037,1985,3,7942,1,0.005299165,0.005299165,0.005299165,0
2386,P037,1986,3,7946,1,0.016044634,0.016044634,0.016044634,0
2387,P038,1983,3,7934,1,6.18e-6,6.18e-6,6.18e-6,0
2387,P038,1984,3,7938,1,8.39e-5,8.39e-5,8.39e-5,0
2387,P038,1986,3,7946,1,4.06e-4,4.06e-4,4.06e-4,0
2387,P038,1988,1,7952,1,0.001486525,0.001486525,0.001486525,0
2387,P038,1990,3,7962,1,0.007543241,0.007543241,0.007543241,0
2387,P038,1991,4,7967,1,0.01411015,0.01411015,0.01411015,0
2388,P039,1983,3,7934,1,0.002636767,0.002636767,0.002636767,0
2389,P040,1983,3,7934,1,0.002636767,0.002636767,0.002636767,0
2390,P041,1983,3,7934,1,7.05e-4,7.05e-4,7.05e-4,0
2390,P041,1984,3,7938,1,0.00956936,0.00956936,0.00956936,0
2391,P042,1983,3,7934,1,2.35e-14,2.35e-14,2.35e-14,0
2391,P042,1984,3,7938,1,3.19e-13,3.19e-13,3.19e-13,0
2391,P042,1986,2,7945,1,2.51e-12,2.51e-12,2.51e-12,0
2391,P042,1986,3,7946,1,3.77e-12,3.77e-12,3.77e-12,0
2391,P042,1988,1,7952,1,3.94e-11,3.94e-11,3.94e-11,0
2391,P042,1988,2,7953,1,7.3e-11,7.3e-11,7.3e-11,0
2391,P042,1989,3,7958,2,4.84e-10,4.84e-10,4.84e-10,0
2391,P042,1989,4,7959,1,1.34e-9,1.34e-9,1.34e-9,0
2391,P042,1990,3,7962,2,1.56e-8,1.56e-8,1.56e-8,0
2391,P042,1990,4,7963,1,1.79e-8,1.79e-8,1.79e-8,0
2391,P042,1991,3,7966,1,6.21e-8,6.21e-8,6.21e-8,0
2391,P042,1991,4,7967,2,9.46e-8,9.46e-8,9.46e-8,0
2391,P042,1992,2,7969,1,2.3e-6,2.3e-6,2.3e-6,0
2391,P042,1992,3,7970,1,5.75e-6,5.75e-6,5.75e-6,0
2391,P042,1992,4,7971,1,1.53e-5,1.53e-5,1.53e-5,0
2391,P042,1993,3,7974,2,2.26e-4,2.26e-4,2.26e-4,0
2391,P042,1994,3,7978,1,0.005615102,0.005615102,0.005615102,0
2392,P043,1983,3,7934,1,1.76e-6,1.76e-6,1.76e-6,0
2392,P043,1985,3,7942,1,2.43e-5,2.43e-5,2.43e-5,0
2392,P043,1986,1,7944,1,4.43e-5,4.43e-5,4.43e-5,0
2392,P043,1986,2,7945,1,1.08e-4,1.08e-4,1.08e-4,0
2392,P043,1988,2,7953,1,0.001585543,0.001585543,0.001585543,0
2392,P043,1990,3,7962,2,0.006523696,0.006523696,0.006523696,0
2393,P044,1983,3,7934,1,0.002636767,0.002636767,0.002636767,0
2394,P045,1983,3,7934,1,0.002636767,0.002636767,0.002636767,0
2395,P046,1983,3,7934,1,3.96e-4,3.96e-4,3.96e-4,0
2395,P046,1987,3,7950,1,0.011158209,0.011158209,0.011158209,0
2395,P046,1989,1,7956,1,0.026946998,0.026946998,0.026946998,0
2396,P047,1983,3,7934,1,0.002636767,0.002636767,0.002636767,0
2397,P048,1983,3,7934,1,0.001393813,0.001393813,0.001393813,0
2397,P048,1983,4,7935,1,0.003865977,0.003865977,0.003865977,0
2398,P049,1983,3,7934,1,2.03e-4,2.03e-4,2.03e-4,0
2398,P049,1988,3,7954,1,0.014468823,0.014468823,0.014468823,0
2398,P049,1990,1,7960,1,0.028259503,0.028259503,0.028259503,0
2399,P050,1983,3,7934,1,0.002680172,0.002680172,0.002680172,0
2399,P050,1983,4,7935,1,0.005030602,0.005030602,0.005030602,0
2399,P050,1984,1,7936,2,0.013941712,0.013941712,0.013941712,0
2399,P050,1986,3,7946,1,0.328659487,0.328659487,0.328659487,0
2400,P051,1983,3,7934,1,1.83e-6,1.83e-6,1.83e-6,0
2400,P051,1983,4,7935,1,5.06e-6,5.06e-6,5.06e-6,0
2400,P051,1984,1,7936,1,2.99e-5,2.99e-5,2.99e-5,0
2400,P051,1984,2,7937,1,8.82e-5,8.82e-5,8.82e-5,0
2400,P051,1984,3,7938,1,2.35e-4,2.35e-4,2.35e-4,0
2400,P051,1985,2,7941,1,0.002244633,0.002244633,0.002244633,0
2400,P051,1986,2,7945,1,0.012768934,0.012768934,0.012768934,0
2401,P052,1983,3,7934,1,2.77e-10,2.77e-10,2.77e-10,0
2401,P052,1983,4,7935,1,5.2e-10,5.2e-10,5.2e-10,0
2401,P052,1984,2,7937,1,2.58e-9,2.58e-9,2.58e-9,0
2401,P052,1984,3,7938,1,4e-9,4e-9,4e-9,0
2401,P052,1984,4,7939,1,7.49e-9,7.49e-9,7.49e-9,0
2401,P052,1985,2,7941,1,3.77e-8,3.77e-8,3.77e-8,0
2401,P052,1985,3,7942,1,5.85e-8,5.85e-8,5.85e-8,0
2401,P052,1987,3,7950,1,4.37e-7,4.37e-7,4.37e-7,0
2401,P052,1987,4,7951,1,5.46e-7,5.46e-7,5.46e-7,0
2401,P052,1988,4,7955,1,3.44e-6,3.44e-6,3.44e-6,0
2401,P052,1989,2,7957,1,9.45e-6,9.45e-6,9.45e-6,0
2401,P052,1989,3,7958,1,1.78e-5,1.78e-5,1.78e-5,0
2401,P052,1990,2,7961,1,9.71e-5,9.71e-5,9.71e-5,0
2401,P052,1990,3,7962,1,1.89e-4,1.89e-4,1.89e-4,0
2401,P052,1992,2,7969,1,0.002481713,0.002481713,0.002481713,0
2401,P052,1992,3,7970,1,0.003600307,0.003600307,0.003600307,0
2402,P053,1983,3,7934,1,1.28e-5,1.28e-5,1.28e-5,0
2402,P053,1983,4,7935,2,3.54e-5,3.54e-5,3.54e-5,0
2402,P053,1984,1,7936,1,7.02e-4,7.02e-4,7.02e-4,0
2402,P053,1985,2,7941,1,0.013352875,0.013352875,0.013352875,0
2403,P054,1983,3,7934,1,5.22e-14,5.22e-14,5.22e-14,0
2403,P054,1983,4,7935,2,1.45e-13,1.45e-13,1.45e-13,0
2403,P054,1984,1,7936,1,2.87e-12,2.87e-12,2.87e-12,0
2403,P054,1984,3,7938,1,2.43e-11,2.43e-11,2.43e-11,0
2403,P054,1985,2,7941,1,1.41e-10,1.41e-10,1.41e-10,0
2403,P054,1985,3,7942,1,2.73e-10,2.73e-10,2.73e-10,0
2403,P054,1985,4,7943,1,5.99e-10,5.99e-10,5.99e-10,0
2403,P054,1987,2,7949,1,1.59e-8,1.59e-8,1.59e-8,0
2403,P054,1987,3,7950,1,2.43e-8,2.43e-8,2.43e-8,0
2403,P054,1988,3,7954,1,1.68e-7,1.68e-7,1.68e-7,0
2403,P054,1989,2,7957,1,5.45e-7,5.45e-7,5.45e-7,0
2403,P054,1989,4,7959,1,1.22e-6,1.22e-6,1.22e-6,0
2403,P054,1990,3,7962,1,5.65e-6,5.65e-6,5.65e-6,0
2403,P054,1990,4,7963,1,8.9e-6,8.9e-6,8.9e-6,0
2403,P054,1991,2,7965,1,5.47e-5,5.47e-5,5.47e-5,0
2403,P054,1991,4,7967,1,1.72e-4,1.72e-4,1.72e-4,0
2403,P054,1992,2,7969,1,9.01e-4,9.01e-4,9.01e-4,0
2403,P054,1993,3,7974,1,0.006557953,0.006557953,0.006557953,0
2404,P055,1983,3,7934,2,0.001390724,0.001390724,0.001390724,0
2405,P056,1983,3,7934,1,0.002636767,0.002636767,0.002636767,0
2406,P057,1983,3,7934,1,0.002636767,0.002636767,0.002636767,0
2407,P058,1983,3,7934,1,3.39e-6,3.39e-6,3.39e-6,0
2407,P058,1984,2,7937,1,3.62e-5,3.62e-5,3.62e-5,0
2407,P058,1984,3,7938,1,7.35e-5,7.35e-5,7.35e-5,0
2407,P058,1984,4,7939,1,1.66e-4,1.66e-4,1.66e-4,0
2407,P058,1985,2,7941,1,0.001776973,0.001776973,0.001776973,0
2407,P058,1985,3,7942,1,0.004012953,0.004012953,0.004012953,0
2408,P059,1983,3,7934,1,9e-7,9e-7,9e-7,0
2408,P059,1983,4,7935,1,2.5e-6,2.5e-6,2.5e-6,0
2408,P059,1984,1,7936,1,1.47e-5,1.47e-5,1.47e-5,0
2408,P059,1984,2,7937,1,7.29e-5,7.29e-5,7.29e-5,0
2408,P059,1984,3,7938,1,2.19e-4,2.19e-4,2.19e-4,0
2408,P059,1985,1,7940,1,0.001315116,0.001315116,0.001315116,0
2408,P059,1986,2,7945,1,0.015301216,0.015301216,0.015301216,0
2409,Q001,1999,1,7996,1,3.04e-6,3.04e-6,3.04e-6,0
2409,Q001,1999,2,7997,1,8.46e-6,8.46e-6,8.46e-6,0
2409,Q001,1999,3,7998,2,2.35e-5,2.35e-5,2.35e-5,0
2409,Q001,1999,4,7999,1,2e-4,2e-4,2e-4,0
2409,Q001,2000,4,8003,1,0.0045899,0.0045899,0.0045899,0
2409,Q001,2001,3,8006,1,0.018258498,0.018258498,0.018258498,0
2410,Q002,1999,1,7996,1,0.003999547,0.003999547,0.003999547,0
2410,Q002,2000,2,8001,1,0.02944764,0.02944764,0.02944764,0
2411,Q003,1999,1,7996,1,2.25e-4,2.25e-4,2.25e-4,0
2411,Q003,1999,3,7998,1,8.85e-4,8.85e-4,8.85e-4,0
2411,Q003,2000,1,8000,1,0.002766635,0.002766635,0.002766635,0
2411,Q003,2000,3,8002,1,0.01286701,0.01286701,0.01286701,0
2412,Q004,1999,1,7996,1,0.015634602,0.015634602,0.015634602,0
2413,Q005,1999,1,7996,1,0.015634602,0.015634602,0.015634602,0
2414,Q006,1999,1,7996,1,0.015634602,0.015634602,0.015634602,0
2415,Q007,1999,1,7996,1,1.14e-10,1.14e-10,1.14e-10,0
2415,Q007,1999,3,7998,3,4.48e-10,4.48e-10,4.48e-10,0
2415,Q007,2000,1,8000,1,1.8e-8,1.8e-8,1.8e-8,0
2415,Q007,2001,3,8006,2,2.55e-7,2.55e-7,2.55e-7,0
2415,Q007,2002,3,8010,2,2.86e-6,2.86e-6,2.86e-6,0
2415,Q007,2004,3,8018,1,9.23e-5,9.23e-5,9.23e-5,0
2415,Q007,2006,3,8026,1,4.54e-4,4.54e-4,4.54e-4,0
2415,Q007,2009,4,8039,1,0.014931874,0.014931874,0.014931874,0
2416,Q008,1999,2,7997,1,1.16e-8,1.16e-8,1.16e-8,0
2416,Q008,1999,3,7998,3,2.54e-8,2.54e-8,2.54e-8,0
2416,Q008,1999,4,7999,1,7.17e-7,7.17e-7,7.17e-7,0
2416,Q008,2000,1,8000,1,5.61e-6,5.61e-6,5.61e-6,0
2416,Q008,2000,2,8001,1,3.12e-5,3.12e-5,3.12e-5,0
2416,Q008,2001,3,8006,1,3.78e-4,3.78e-4,3.78e-4,0
2416,Q008,2002,2,8009,1,0.001285927,0.001285927,0.001285927,0
2416,Q008,2003,3,8014,1,0.007244587,0.007244587,0.007244587,0
2416,Q008,2005,3,8022,1,0.046026695,0.046026695,0.046026695,0
2417,Q009,1999,2,7997,1,1.13e-5,1.13e-5,1.13e-5,0
2417,Q009,1999,3,7998,3,2.47e-5,2.47e-5,2.47e-5,0
2417,Q009,1999,4,7999,2,6.99e-4,6.99e-4,6.99e-4,0
2418,Q010,1999,2,7997,1,0.015634602,0.015634602,0.015634602,0
2419,Q011,1999,2,7997,1,0.003744648,0.003744648,0.003744648,0
2419,Q011,1999,3,7998,1,0.00818487,0.00818487,0.00818487,0
2420,Q012,1999,2,7997,1,3.26e-6,3.26e-6,3.26e-6,0
2420,Q012,1999,3,7998,2,7.13e-6,7.13e-6,7.13e-6,0
2420,Q012,2000,1,8000,1,1.27e-4,1.27e-4,1.27e-4,0
2420,Q012,2000,2,8001,1,5.19e-4,5.19e-4,5.19e-4,0
2420,Q012,2000,3,8002,1,0.001609034,0.001609034,0.001609034,0
2420,Q012,2003,2,8013,1,0.050997452,0.050997452,0.050997452,0
2421,Q013,1999,2,7997,1,0.015634602,0.015634602,0.015634602,0
2422,Q014,1999,2,7997,1,0.00381078,0.00381078,0.00381078,0
2422,Q014,1999,3,7998,2,0.008329417,0.008329417,0.008329417,0
2422,Q014,2000,1,8000,1,0.148860402,0.148860402,0.148860402,0
2422,Q014,2000,2,8001,1,0.172233545,0.172233545,0.172233545,0
2422,Q014,2000,3,8002,1,0.175551723,0.175551723,0.175551723,0
2423,Q015,1999,2,7997,1,6.13e-10,6.13e-10,6.13e-10,0
2423,Q015,1999,3,7998,1,1.34e-9,1.34e-9,1.34e-9,0
2423,Q015,2000,2,8001,1,1.06e-8,1.06e-8,1.06e-8,0
2423,Q015,2000,3,8002,1,2.18e-8,2.18e-8,2.18e-8,0
2423,Q015,2001,3,8006,2,2.06e-7,2.06e-7,2.06e-7,0
2423,Q015,2001,4,8007,1,6.83e-7,6.83e-7,6.83e-7,0
2423,Q015,2002,1,8008,1,4.8e-6,4.8e-6,4.8e-6,0
2423,Q015,2002,2,8009,1,2.64e-5,2.64e-5,2.64e-5,0
2423,Q015,2003,4,8015,1,3.78e-4,3.78e-4,3.78e-4,0
2423,Q015,2004,2,8017,1,0.001022994,0.001022994,0.001022994,0
2423,Q015,2004,3,8018,1,0.002007822,0.002007822,0.002007822,0
2423,Q015,2004,4,8019,1,0.004704815,0.004704815,0.004704815,0
2424,Q016,1999,2,7997,1,2.11e-4,2.11e-4,2.11e-4,0
2424,Q016,1999,3,7998,2,4.6e-4,4.6e-4,4.6e-4,0
2424,Q016,2000,1,8000,1,0.008223972,0.008223972,0.008223972,0
2425,Q017,1999,2,7997,1,0.015634602,0.015634602,0.015634602,0
2426,Q018,1999,2,7997,1,0.003744648,0.003744648,0.003744648,0
2426,Q018,1999,3,7998,1,0.00818487,0.00818487,0.00818487,0
2427,Q019,1999,2,7997,1,0.015634602,0.015634602,0.015634602,0
2428,Q020,1999,2,7997,1,0.015634602,0.015634602,0.015634602,0
2429,Q021,1999,2,7997,1,0.015634602,0.015634602,0.015634602,0
2430,Q022,1999,2,7997,1,0.003744648,0.003744648,0.003744648,0
2430,Q022,1999,3,7998,1,0.00818487,0.00818487,0.00818487,0
2431,Q023,1999,2,7997,1,0.003744648,0.003744648,0.003744648,0
2431,Q023,1999,3,7998,1,0.00818487,0.00818487,0.00818487,0
2432,Q024,1999,2,7997,1,0.003744648,0.003744648,0.003744648,0
2432,Q024,1999,3,7998,1,0.00818487,0.00818487,0.00818487,0
2433,Q025,1999,2,7997,1,0.068557415,0.068557415,0.068557415,0
2433,Q025,1999,3,7998,1,0.072708772,0.072708772,0.072708772,0
2434,Q026,1999,2,7997,1,1.36e-5,1.36e-5,1.36e-5,0
2434,Q026,1999,3,7998,2,2.97e-5,2.97e-5,2.97e-5,0
2434,Q026,2000,4,8003,1,0.00131663,0.00131663,0.00131663,0
2434,Q026,2001,3,8006,1,0.004734652,0.004734652,0.004734652,0
2434,Q026,2002,3,8010,1,0.022168883,0.022168883,0.022168883,0
2435,Q027,1999,2,7997,1,0.003659856,0.003659856,0.003659856,0
2435,Q027,1999,3,7998,1,0.007999536,0.007999536,0.007999536,0
2435,Q027,2000,1,8000,1,0.039478095,0.039478095,0.039478095,0
2435,Q027,2000,2,8001,1,0.142000294,0.142000294,0.142000294,0
2436,Q028,1999,2,7997,1,1.58e-17,1.58e-17,1.58e-17,0
2436,Q028,1999,3,7998,3,1.68e-17,1.68e-17,1.68e-17,0
2436,Q028,1999,4,7999,1,1.69e-17,1.69e-17,1.69e-17,0
2436,Q028,2000,1,8000,1,1.69e-17,1.69e-17,1.69e-17,0
2436,Q028,2000,2,8001,1,1.72e-17,1.72e-17,1.72e-17,0
2436,Q028,2000,4,8003,1,1.76e-17,1.76e-17,1.76e-17,0
2436,Q028,2001,3,8006,2,2.17e-17,2.17e-17,2.17e-17,0
2436,Q028,2001,4,8007,1,3.42e-17,3.42e-17,3.42e-17,0
2436,Q028,2002,2,8009,1,2.74e-16,2.74e-16,2.74e-16,0
2436,Q028,2002,3,8010,1,6.41e-16,6.41e-16,6.41e-16,0
2436,Q028,2002,4,8011,1,1.65e-15,1.65e-15,1.65e-15,0
2436,Q028,2003,3,8014,1,2.6e-14,2.6e-14,2.6e-14,0
2436,Q028,2003,4,8015,1,4.35e-14,4.35e-14,4.35e-14,0
2436,Q028,2004,4,8019,1,5.36e-13,5.36e-13,5.36e-13,0
2436,Q028,2005,2,8021,1,1.87e-12,1.87e-12,1.87e-12,0
2436,Q028,2005,3,8022,1,3.89e-12,3.89e-12,3.89e-12,0
2436,Q028,2006,3,8026,1,4.12e-11,4.12e-11,4.12e-11,0
2436,Q028,2008,2,8033,1,1.84e-9,1.84e-9,1.84e-9,0
2436,Q028,2008,3,8034,1,7.65e-9,7.65e-9,7.65e-9,0
2436,Q028,2008,4,8035,1,1.06e-7,1.06e-7,1.06e-7,0
2436,Q028,2010,2,8041,1,2.69e-5,2.69e-5,2.69e-5,0
2436,Q028,2010,3,8042,1,1.22e-4,1.22e-4,1.22e-4,0
2436,Q028,2011,2,8045,1,0.008700433,0.008700433,0.008700433,0
2437,Q029,1999,2,7997,1,6.99e-7,6.99e-7,6.99e-7,0
2437,Q029,1999,3,7998,1,1.53e-6,1.53e-6,1.53e-6,0
2437,Q029,2000,1,8000,1,7.54e-6,7.54e-6,7.54e-6,0
2437,Q029,2000,2,8001,1,2.71e-5,2.71e-5,2.71e-5,0
2437,Q029,2000,3,8002,1,8.15e-5,8.15e-5,8.15e-5,0
2437,Q029,2001,1,8004,1,4.8e-4,4.8e-4,4.8e-4,0
2437,Q029,2001,2,8005,1,0.001789305,0.001789305,0.001789305,0
2437,Q029,2001,3,8006,1,0.005433721,0.005433721,0.005433721,0
2438,Q030,1999,2,7997,1,0.003744648,0.003744648,0.003744648,0
2438,Q030,1999,3,7998,1,0.00818487,0.00818487,0.00818487,0
2439,Q031,1999,2,7997,1,1.01e-7,1.01e-7,1.01e-7,0
2439,Q031,1999,3,7998,1,2.21e-7,2.21e-7,2.21e-7,0
2439,Q031,1999,4,7999,1,5.49e-7,5.49e-7,5.49e-7,0
2439,Q031,2000,1,8000,1,2.87e-6,2.87e-6,2.87e-6,0
2439,Q031,2000,2,8001,1,8.25e-6,8.25e-6,8.25e-6,0
2439,Q031,2000,3,8002,1,2.32e-5,2.32e-5,2.32e-5,0
2439,Q031,2001,2,8005,1,2.17e-4,2.17e-4,2.17e-4,0
2439,Q031,2001,3,8006,1,4.5e-4,4.5e-4,4.5e-4,0
2439,Q031,2001,4,8007,1,0.001090637,0.001090637,0.001090637,0
2439,Q031,2004,2,8017,1,0.050024851,0.050024851,0.050024851,0
2440,Q032,1999,2,7997,1,4e-8,4e-8,4e-8,0
2440,Q032,1999,3,7998,1,8.74e-8,8.74e-8,8.74e-8,0
2440,Q032,1999,4,7999,1,2.17e-7,2.17e-7,2.17e-7,0
2440,Q032,2000,1,8000,1,1.13e-6,1.13e-6,1.13e-6,0
2440,Q032,2000,2,8001,1,5.93e-6,5.93e-6,5.93e-6,0
2440,Q032,2000,4,8003,1,2.78e-5,2.78e-5,2.78e-5,0
2440,Q032,2001,2,8005,1,1.64e-4,1.64e-4,1.64e-4,0
2440,Q032,2001,3,8006,1,3.72e-4,3.72e-4,3.72e-4,0
2440,Q032,2001,4,8007,1,9.44e-4,9.44e-4,9.44e-4,0
2440,Q032,2002,2,8009,1,0.011906002,0.011906002,0.011906002,0
2441,Q033,1999,2,7997,1,4.28e-10,4.28e-10,4.28e-10,0
2441,Q033,1999,3,7998,1,9.35e-10,9.35e-10,9.35e-10,0
2441,Q033,1999,4,7999,1,2.32e-9,2.32e-9,2.32e-9,0
2441,Q033,2000,1,8000,1,1.21e-8,1.21e-8,1.21e-8,0
2441,Q033,2000,2,8001,1,6.35e-8,6.35e-8,6.35e-8,0
2441,Q033,2000,3,8002,1,2.06e-7,2.06e-7,2.06e-7,0
2441,Q033,2000,4,8003,1,5.98e-7,5.98e-7,5.98e-7,0
2441,Q033,2001,2,8005,1,6.84e-6,6.84e-6,6.84e-6,0
2441,Q033,2001,3,8006,1,1.64e-5,1.64e-5,1.64e-5,0
2441,Q033,2001,4,8007,1,4.27e-5,4.27e-5,4.27e-5,0
2441,Q033,2002,2,8009,1,5.46e-4,5.46e-4,5.46e-4,0
2441,Q033,2002,3,8010,1,0.00131454,0.00131454,0.00131454,0
2441,Q033,2003,3,8014,1,0.015339922,0.015339922,0.015339922,0
2441,Q033,2004,2,8017,1,0.059422236,0.059422236,0.059422236,0
2441,Q033,2004,3,8018,1,0.113603008,0.113603008,0.113603008,0
2441,Q033,2005,2,8021,1,0.912426186,0.912426186,0.912426186,0
2441,Q033,2005,3,8022,1,0.962987217,0.962987217,0.962987217,0
2441,Q033,2006,2,8025,1,1,1,1,0
2441,Q033,2006,3,8026,1,1,1,1,0
2442,Q034,1999,2,7997,1,0.015634602,0.015634602,0.015634602,0
2443,Q035,1999,2,7997,1,0.015634602,0.015634602,0.015634602,0
2444,Q036,1999,2,7997,1,3.57e-15,3.57e-15,3.57e-15,0
2444,Q036,1999,3,7998,1,7.81e-15,7.81e-15,7.81e-15,0
2444,Q036,1999,4,7999,1,1.94e-14,1.94e-14,1.94e-14,0
2444,Q036,2000,1,8000,1,1.02e-13,1.02e-13,1.02e-13,0
2444,Q036,2000,3,8002,2,8.09e-13,8.09e-13,8.09e-13,0
2444,Q036,2000,4,8003,1,9.76e-13,9.76e-13,9.76e-13,0
2444,Q036,2001,2,8005,1,3.64e-12,3.64e-12,3.64e-12,0
2444,Q036,2001,3,8006,2,7.72e-12,7.72e-12,7.72e-12,0
2444,Q036,2002,1,8008,1,1.52e-10,1.52e-10,1.52e-10,0
2444,Q036,2002,3,8010,1,9.86e-10,9.86e-10,9.86e-10,0
2444,Q036,2003,3,8014,1,6.97e-9,6.97e-9,6.97e-9,0
2444,Q036,2005,2,8021,1,4.97e-8,4.97e-8,4.97e-8,0
2444,Q036,2005,3,8022,1,7.27e-8,7.27e-8,7.27e-8,0
2444,Q036,2006,2,8025,1,4.02e-7,4.02e-7,4.02e-7,0
2444,Q036,2006,3,8026,1,1.58e-6,1.58e-6,1.58e-6,0
2444,Q036,2007,1,8028,1,6.34e-5,6.34e-5,6.34e-5,0
2444,Q036,2007,2,8029,1,0.001409639,0.001409639,0.001409639,0
2445,Q037,1999,2,7997,1,0.015634602,0.015634602,0.015634602,0
2446,Q038,1999,2,7997,1,9.6e-4,9.6e-4,9.6e-4,0
2446,Q038,1999,3,7998,1,0.002097841,0.002097841,0.002097841,0
2446,Q038,1999,4,7999,2,0.005212054,0.005212054,0.005212054,0
2446,Q038,2000,1,8000,1,0.010038142,0.010038142,0.010038142,0
2447,Q039,1999,2,7997,1,3.35e-6,3.35e-6,3.35e-6,0
2447,Q039,1999,3,7998,1,7.32e-6,7.32e-6,7.32e-6,0
2447,Q039,1999,4,7999,1,1.82e-5,1.82e-5,1.82e-5,0
2447,Q039,2000,1,8000,1,9.51e-5,9.51e-5,9.51e-5,0
2447,Q039,2000,2,8001,1,4.97e-4,4.97e-4,4.97e-4,0
2447,Q039,2000,3,8002,1,0.001615393,0.001615393,0.001615393,0
2447,Q039,2001,2,8005,1,0.016082334,0.016082334,0.016082334,0
2447,Q039,2001,3,8006,1,0.033546931,0.033546931,0.033546931,0
2447,Q039,2001,4,8007,1,0.08144391,0.08144391,0.08144391,0
2447,Q039,2002,2,8009,1,1,1,1,0
2447,Q039,2002,3,8010,1,1,1,1,0
2447,Q039,2002,4,8011,1,1,1,1,0
2448,Q040,1999,2,7997,1,0.015634602,0.015634602,0.015634602,0
2449,Q041,1999,2,7997,1,9.01e-4,9.01e-4,9.01e-4,0
2449,Q041,1999,3,7998,1,0.001970008,0.001970008,0.001970008,0
2449,Q041,2000,1,8000,1,0.009722083,0.009722083,0.009722083,0
2450,Q042,1999,2,7997,1,0.015634602,0.015634602,0.015634602,0
2451,Q043,1999,2,7997,1,0.003744648,0.003744648,0.003744648,0
2451,Q043,1999,3,7998,1,0.00818487,0.00818487,0.00818487,0
2452,Q044,1999,2,7997,1,0.015634602,0.015634602,0.015634602,0
2453,Q045,1999,2,7997,1,0.015634602,0.015634602,0.015634602,0
2454,Q046,1999,2,7997,1,0.449259794,0.449259794,0.449259794,0
2454,Q046,1999,3,7998,2,0.981970301,0.981970301,0.981970301,0
2454,Q046,1999,4,7999,2,0.99826947,0.99826947,0.99826947,0
2454,Q046,2000,1,8000,1,0.999559365,0.999559365,0.999559365,0
2454,Q046,2000,2,8001,1,0.99990386,0.99990386,0.99990386,0
2454,Q046,2000,3,8002,1,0.999952767,0.999952767,0.999952767,0
2454,Q046,2001,4,8007,1,1,1,1,0
2455,Q047,1999,2,7997,1,0.999999999,0.999999999,0.999999999,0
2455,Q047,1999,3,7998,2,1,1,1,0
2455,Q047,1999,4,7999,2,1,1,1,0
2456,Q048,1999,2,7997,1,1.38e-5,1.38e-5,1.38e-5,0
2456,Q048,1999,3,7998,1,3.03e-5,3.03e-5,3.03e-5,0
2456,Q048,2000,2,8001,1,2.4e-4,2.4e-4,2.4e-4,0
2456,Q048,2000,3,8002,1,2.53e-4,2.53e-4,2.53e-4,0
2456,Q048,2000,4,8003,1,2.88e-4,2.88e-4,2.88e-4,0
2456,Q048,2001,2,8005,1,8.49e-4,8.49e-4,8.49e-4,0
2456,Q048,2001,3,8006,1,0.001708985,0.001708985,0.001708985,0
2456,Q048,2001,4,8007,1,0.004067035,0.004067035,0.004067035,0
2457,Q049,1999,2,7997,1,1.64e-7,1.64e-7,1.64e-7,0
2457,Q049,1999,3,7998,1,3.58e-7,3.58e-7,3.58e-7,0
2457,Q049,1999,4,7999,1,8.9e-7,8.9e-7,8.9e-7,0
2457,Q049,2000,1,8000,1,4.65e-6,4.65e-6,4.65e-6,0
2457,Q049,2000,3,8002,1,3.71e-5,3.71e-5,3.71e-5,0
2457,Q049,2001,2,8005,1,2.02e-4,2.02e-4,2.02e-4,0
2457,Q049,2001,3,8006,3,4.01e-4,4.01e-4,4.01e-4,0
2458,Q050,1999,2,7997,1,0.003744648,0.003744648,0.003744648,0
2458,Q050,1999,3,7998,1,0.00818487,0.00818487,0.00818487,0
2459,Q051,1999,2,7997,1,0.003744648,0.003744648,0.003744648,0
2459,Q051,1999,3,7998,1,0.00818487,0.00818487,0.00818487,0
2460,Q052,1999,2,7997,1,1.36e-5,1.36e-5,1.36e-5,0
2460,Q052,1999,3,7998,1,2.97e-5,2.97e-5,2.97e-5,0
2460,Q052,1999,4,7999,1,7.37e-5,7.37e-5,7.37e-5,0
2460,Q052,2000,1,8000,1,3.86e-4,3.86e-4,3.86e-4,0
2460,Q052,2000,2,8001,1,0.002016273,0.002016273,0.002016273,0
2460,Q052,2000,3,8002,1,0.006549651,0.006549651,0.006549651,0
2460,Q052,2001,2,8005,1,0.009545077,0.009545077,0.009545077,0
2460,Q052,2001,3,8006,1,0.013161177,0.013161177,0.013161177,0
2461,Q053,1999,2,7997,1,1.15e-4,1.15e-4,1.15e-4,0
2461,Q053,1999,3,7998,1,2.52e-4,2.52e-4,2.52e-4,0
2461,Q053,1999,4,7999,1,6.26e-4,6.26e-4,6.26e-4,0
2461,Q053,2000,1,8000,1,0.001799109,0.001799109,0.001799109,0
2461,Q053,2000,3,8002,1,0.011909284,0.011909284,0.011909284,0
2462,Q054,1999,2,7997,1,9.21e-4,9.21e-4,9.21e-4,0
2462,Q054,1999,4,7999,1,0.002710643,0.002710643,0.002710643,0
2462,Q054,2000,2,8001,1,0.013663491,0.013663491,0.013663491,0
2463,Q055,1999,2,7997,1,0.015634602,0.015634602,0.015634602,0
2464,Q056,1999,2,7997,1,0.015634602,0.015634602,0.015634602,0
2465,Q057,1999,2,7997,1,0.015634602,0.015634602,0.015634602,0
2466,Q058,1999,2,7997,1,2.11e-4,2.11e-4,2.11e-4,0
2466,Q058,1999,3,7998,1,4.61e-4,4.61e-4,4.61e-4,0
2466,Q058,1999,4,7999,1,0.001145855,0.001145855,0.001145855,0
2466,Q058,2000,1,8000,1,0.00599167,0.00599167,0.00599167,0
2467,Q059,1999,2,7997,1,0.343232578,0.343232578,0.343232578,0
2467,Q059,1999,3,7998,2,0.750221147,0.750221147,0.750221147,0
2467,Q059,1999,4,7999,3,0.994066472,0.994066472,0.994066472,0
2467,Q059,2000,1,8000,1,0.998291724,0.998291724,0.998291724,0
2467,Q059,2000,2,8001,1,0.999420173,0.999420173,0.999420173,0
2467,Q059,2000,3,8002,2,0.999580374,0.999580374,0.999580374,0
2467,Q059,2001,3,8006,2,0.999610076,0.999610076,0.999610076,0
2468,Q060,1999,3,7998,2,3.6e-6,3.6e-6,3.6e-6,0
2468,Q060,1999,4,7999,1,1.55e-5,1.55e-5,1.55e-5,0
2468,Q060,2001,2,8005,1,4.7e-4,4.7e-4,4.7e-4,0
2468,Q060,2002,3,8010,2,0.001808582,0.001808582,0.001808582,0
2468,Q060,2004,4,8019,1,0.041987485,0.041987485,0.041987485,0
2469,Q061,1999,3,7998,1,0.003784661,0.003784661,0.003784661,0
2469,Q061,2000,1,8000,1,0.011522642,0.011522642,0.011522642,0
2470,Q062,1999,3,7998,1,0.034630469,0.034630469,0.034630469,0
2471,Q063,1999,3,7998,1,0.015634602,0.015634602,0.015634602,0
2472,Q064,1999,3,7998,2,2.12e-4,2.12e-4,2.12e-4,0
2472,Q064,1999,4,7999,1,9.13e-4,9.13e-4,9.13e-4,0
2472,Q064,2000,1,8000,1,0.00587498,0.00587498,0.00587498,0
2472,Q064,2000,3,8002,1,0.04865064,0.04865064,0.04865064,0
2472,Q064,2000,4,8003,1,0.094749663,0.094749663,0.094749663,0
2473,Q065,1999,3,7998,2,5.74e-6,5.74e-6,5.74e-6,0
2473,Q065,2000,3,8002,1,1.19e-4,1.19e-4,1.19e-4,0
2473,Q065,2000,4,8003,1,1.87e-4,1.87e-4,1.87e-4,0
2473,Q065,2001,2,8005,1,0.001270122,0.001270122,0.001270122,0
2473,Q065,2001,3,8006,1,0.002004652,0.002004652,0.002004652,0
2473,Q065,2002,3,8010,1,0.016240061,0.016240061,0.016240061,0
2473,Q065,2007,3,8030,1,0.292047976,0.292047976,0.292047976,0
2474,Q066,1999,3,7998,2,0.005763536,0.005763536,0.005763536,0
2474,Q066,2000,3,8002,1,0.119550694,0.119550694,0.119550694,0
2474,Q066,2001,2,8005,1,0.262106933,0.262106933,0.262106933,0
2474,Q066,2001,3,8006,1,0.270895337,0.270895337,0.270895337,0
2474,Q066,2003,2,8013,1,0.286078102,0.286078102,0.286078102,0
2474,Q066,2005,2,8021,1,0.289530598,0.289530598,0.289530598,0
2474,Q066,2007,2,8029,1,0.303888668,0.303888668,0.303888668,0
2474,Q066,2007,4,8031,1,0.375474703,0.375474703,0.375474703,0
2474,Q066,2008,1,8032,1,1,1,1,0
2475,Q067,1999,3,7998,2,9.37e-5,9.37e-5,9.37e-5,0
2475,Q067,1999,4,7999,1,4.03e-4,4.03e-4,4.03e-4,0
2475,Q067,2000,1,8000,1,0.002595761,0.002595761,0.002595761,0
2475,Q067,2000,3,8002,3,0.021495462,0.021495462,0.021495462,0
2475,Q067,2000,4,8003,1,0.040616289,0.040616289,0.040616289,0
2475,Q067,2001,1,8004,1,0.177924579,0.177924579,0.177924579,0
2475,Q067,2001,2,8005,1,0.897666133,0.897666133,0.897666133,0
2475,Q067,2001,3,8006,2,1,1,1,0
2476,Q068,1999,3,7998,1,0.015634602,0.015634602,0.015634602,0
2477,Q069,1999,3,7998,2,0.004156316,0.004156316,0.004156316,0
2477,Q069,1999,4,7999,1,0.017901237,0.017901237,0.017901237,0
2477,Q069,2000,1,8000,1,0.11518488,0.11518488,0.11518488,0
2477,Q069,2000,3,8002,1,0.953844577,0.953844577,0.953844577,0
2477,Q069,2000,4,8003,2,1,1,1,0
2478,Q070,1999,3,7998,2,2.13e-4,2.13e-4,2.13e-4,0
2478,Q070,1999,4,7999,1,9.16e-4,9.16e-4,9.16e-4,0
2478,Q070,2000,1,8000,1,0.005890842,0.005890842,0.005890842,0
2478,Q070,2000,3,8002,1,0.048781994,0.048781994,0.048781994,0
2478,Q070,2001,1,8004,1,0.172424092,0.172424092,0.172424092,0
2478,Q070,2001,3,8006,2,0.841759454,0.841759454,0.841759454,0
2478,Q070,2001,4,8007,1,0.999999926,0.999999926,0.999999926,0
2479,Q071,1999,3,7998,1,0.015634602,0.015634602,0.015634602,0
2480,Q072,1999,3,7998,2,5.26e-9,5.26e-9,5.26e-9,0
2480,Q072,1999,4,7999,1,2.27e-8,2.27e-8,2.27e-8,0
2480,Q072,2000,3,8002,2,3.94e-7,3.94e-7,3.94e-7,0
2480,Q072,2000,4,8003,1,1.54e-6,1.54e-6,1.54e-6,0
2480,Q072,2001,2,8005,1,1.98e-5,1.98e-5,1.98e-5,0
2480,Q072,2002,3,8010,1,1.74e-4,1.74e-4,1.74e-4,0
2480,Q072,2003,2,8013,1,5.79e-4,5.79e-4,5.79e-4,0
2480,Q072,2003,3,8014,1,0.001076496,0.001076496,0.001076496,0
2480,Q072,2005,2,8021,1,0.017014032,0.017014032,0.017014032,0
2480,Q072,2005,3,8022,1,0.025582959,0.025582959,0.025582959,0
2480,Q072,2006,2,8025,1,0.148417445,0.148417445,0.148417445,0
2481,Q073,1999,3,7998,2,8.85e-4,8.85e-4,8.85e-4,0
2481,Q073,2000,1,8000,1,0.008645783,0.008645783,0.008645783,0
2482,Q074,1999,3,7998,2,0.911101437,0.911101437,0.911101437,0
2482,Q074,1999,4,7999,1,0.918958937,0.918958937,0.918958937,0
2482,Q074,2000,1,8000,1,0.974572658,0.974572658,0.974572658,0
2482,Q074,2000,3,8002,2,0.999055953,0.999055953,0.999055953,0
2482,Q074,2000,4,8003,1,0.999350977,0.999350977,0.999350977,0
2482,Q074,2001,2,8005,1,0.999591437,0.999591437,0.999591437,0
2482,Q074,2001,3,8006,1,0.999610243,0.999610243,0.999610243,0
2482,Q074,2002,3,8010,2,0.999974715,0.999974715,0.999974715,0
2482,Q074,2003,2,8013,1,0.999987742,0.999987742,0.999987742,0
2482,Q074,2003,3,8014,2,0.999988561,0.999988561,0.999988561,0
2482,Q074,2003,4,8015,1,0.999988586,0.999988586,0.999988586,0
2482,Q074,2004,3,8018,1,0.999988617,0.999988617,0.999988617,0
2482,Q074,2005,2,8021,1,0.999988737,0.999988737,0.999988737,0
2482,Q074,2005,3,8022,1,0.999988885,0.999988885,0.999988885,0
2482,Q074,2005,4,8023,1,0.99998929,0.99998929,0.99998929,0
2482,Q074,2006,3,8026,1,0.999999259,0.999999259,0.999999259,0
2482,Q074,2007,2,8029,1,0.999999998,0.999999998,0.999999998,0
2482,Q074,2007,3,8030,1,0.999999999,0.999999999,0.999999999,0
2482,Q074,2008,2,8033,1,0.999999999,0.999999999,0.999999999,0
2483,Q075,1999,3,7998,2,9.14e-4,9.14e-4,9.14e-4,0
2483,Q075,2000,3,8002,1,0.018969033,0.018969033,0.018969033,0
2484,Q076,1999,3,7998,1,0.015634602,0.015634602,0.015634602,0
2485,Q077,1999,3,7998,2,4.17e-5,4.17e-5,4.17e-5,0
2485,Q077,2000,1,8000,1,4.08e-4,4.08e-4,4.08e-4,0
2485,Q077,2000,3,8002,1,0.002372544,0.002372544,0.002372544,0
2485,Q077,2001,3,8006,1,0.015187881,0.015187881,0.015187881,0
2485,Q077,2002,3,8010,1,0.069754273,0.069754273,0.069754273,0
2485,Q077,2003,3,8014,1,0.294286518,0.294286518,0.294286518,0
2485,Q077,2004,2,8017,1,0.999999997,0.999999997,0.999999997,0
2486,Q078,1999,3,7998,1,0.001051295,0.001051295,0.001051295,0
2486,Q078,2000,1,8000,1,0.003200735,0.003200735,0.003200735,0
2486,Q078,2000,2,8001,1,0.006300251,0.006300251,0.006300251,0
2486,Q078,2000,3,8002,1,0.006740276,0.006740276,0.006740276,0
2486,Q078,2000,4,8003,1,0.007945859,0.007945859,0.007945859,0
2486,Q078,2001,2,8005,1,0.027187492,0.027187492,0.027187492,0
2486,Q078,2001,3,8006,1,0.056656157,0.056656157,0.056656157,0
2486,Q078,2002,3,8010,1,0.627767711,0.627767711,0.627767711,0
2486,Q078,2002,4,8011,1,0.645788865,0.645788865,0.645788865,0
2487,Q079,1999,3,7998,2,0.055079599,0.055079599,0.055079599,0
2487,Q079,2000,2,8001,1,0.904685197,0.904685197,0.904685197,0
2487,Q079,2000,3,8002,1,0.956753937,0.956753937,0.956753937,0
2487,Q079,2000,4,8003,1,0.964039104,0.964039104,0.964039104,0
2487,Q079,2001,2,8005,1,0.969976914,0.969976914,0.969976914,0
2488,Q080,1999,3,7998,2,4.67e-4,4.67e-4,4.67e-4,0
2488,Q080,1999,4,7999,1,0.002012183,0.002012183,0.002012183,0
2488,Q080,2000,1,8000,1,0.006853795,0.006853795,0.006853795,0
2489,Q081,1999,3,7998,3,4.93e-25,4.93e-25,4.93e-25,0
2489,Q081,1999,4,7999,1,7.48e-24,7.48e-24,7.48e-24,0
2489,Q081,2000,1,8000,1,5.69e-23,5.69e-23,5.69e-23,0
2489,Q081,2000,2,8001,1,3.15e-22,3.15e-22,3.15e-22,0
2489,Q081,2000,3,8002,1,1.03e-21,1.03e-21,1.03e-21,0
2489,Q081,2001,3,8006,2,1.3e-20,1.3e-20,1.3e-20,0
2489,Q081,2002,2,8009,1,1.81e-19,1.81e-19,1.81e-19,0
2489,Q081,2002,3,8010,1,3.92e-19,3.92e-19,3.92e-19,0
2489,Q081,2002,4,8011,1,9.68e-19,9.68e-19,9.68e-19,0
2489,Q081,2003,4,8015,1,1.73e-17,1.73e-17,1.73e-17,0
2489,Q081,2004,3,8018,1,7.38e-17,7.38e-17,7.38e-17,0
2489,Q081,2005,2,8021,1,2.92e-16,2.92e-16,2.92e-16,0
2489,Q081,2005,3,8022,2,5.63e-16,5.63e-16,5.63e-16,0
2489,Q081,2006,3,8026,1,2.2e-14,2.2e-14,2.2e-14,0
2489,Q081,2006,4,8027,1,1.03e-13,1.03e-13,1.03e-13,0
2489,Q081,2007,4,8031,1,1.59e-11,1.59e-11,1.59e-11,0
2489,Q081,2008,3,8034,1,3.56e-10,3.56e-10,3.56e-10,0
2489,Q081,2009,2,8037,1,7.89e-9,7.89e-9,7.89e-9,0
2489,Q081,2009,3,8038,1,6.43e-8,6.43e-8,6.43e-8,0
2489,Q081,2009,4,8039,2,1.02e-6,1.02e-6,1.02e-6,0
2489,Q081,2010,3,8042,1,0.003914273,0.003914273,0.003914273,0
2490,Q082,1999,3,7998,2,0.002148999,0.002148999,0.002148999,0
2490,Q082,1999,4,7999,1,0.009255731,0.009255731,0.009255731,0
2490,Q082,2000,1,8000,1,0.011824408,0.011824408,0.011824408,0
2490,Q082,2000,2,8001,1,0.025258139,0.025258139,0.025258139,0
2491,Q083,1999,3,7998,3,0.087265594,0.087265594,0.087265594,0
2491,Q083,1999,4,7999,1,0.150452361,0.150452361,0.150452361,0
2491,Q083,2000,1,8000,2,0.173290761,0.173290761,0.173290761,0
2491,Q083,2000,2,8001,1,0.174626262,0.174626262,0.174626262,0
2491,Q083,2000,3,8002,2,0.178338919,0.178338919,0.178338919,0
2491,Q083,2001,3,8006,1,0.191818255,0.191818255,0.191818255,0
2492,Q084,1999,3,7998,2,0.102394681,0.102394681,0.102394681,0
2492,Q084,2000,1,8000,1,1,1,1,0
2492,Q084,2000,2,8001,1,1,1,1,0
2492,Q084,2000,3,8002,1,1,1,1,0
2492,Q084,2000,4,8003,1,1,1,1,0
2492,Q084,2001,2,8005,1,1,1,1,0
2492,Q084,2001,3,8006,1,1,1,1,0
2492,Q084,2002,2,8009,1,1,1,1,0
2492,Q084,2002,3,8010,1,1,1,1,0
2493,Q085,1999,3,7998,2,0.224717156,0.224717156,0.224717156,0
2493,Q085,1999,4,7999,3,0.553747274,0.553747274,0.553747274,0
2493,Q085,2000,1,8000,1,0.559448575,0.559448575,0.559448575,0
2493,Q085,2000,3,8002,2,0.581209911,0.581209911,0.581209911,0
2493,Q085,2000,4,8003,1,0.586344786,0.586344786,0.586344786,0
2493,Q085,2001,3,8006,1,0.592024944,0.592024944,0.592024944,0
2494,Q086,1999,3,7998,1,1.32e-5,1.32e-5,1.32e-5,0
2494,Q086,1999,4,7999,1,2.35e-5,2.35e-5,2.35e-5,0
2494,Q086,2000,1,8000,1,9.58e-5,9.58e-5,9.58e-5,0
2494,Q086,2000,2,8001,1,4.74e-4,4.74e-4,4.74e-4,0
2494,Q086,2000,3,8002,1,0.001525505,0.001525505,0.001525505,0
2494,Q086,2001,1,8004,1,0.0019190259999999999,0.0019190259999999999,0.0019190259999999999,0
2494,Q086,2001,2,8005,2,0.003210622,0.003210622,0.003210622,0
2495,Q087,1999,3,7998,2,8.48e-7,8.48e-7,8.48e-7,0
2495,Q087,1999,4,7999,1,3.65e-6,3.65e-6,3.65e-6,0
2495,Q087,2000,1,8000,2,2.35e-5,2.35e-5,2.35e-5,0
2495,Q087,2000,3,8002,2,7.57e-4,7.57e-4,7.57e-4,0
2495,Q087,2005,3,8022,1,0.097900198,0.097900198,0.097900198,0
2496,Q088,1999,3,7998,1,0.071321449,0.071321449,0.071321449,0
2496,Q088,2000,1,8000,1,0.217142688,0.217142688,0.217142688,0
2496,Q088,2000,3,8002,1,1,1,1,0
2496,Q088,2000,4,8003,1,1,1,1,0
2497,Q089,1999,3,7998,1,0.015634602,0.015634602,0.015634602,0
2498,Q090,1999,3,7998,1,2.59e-4,2.59e-4,2.59e-4,0
2498,Q090,2000,1,8000,1,7.89e-4,7.89e-4,7.89e-4,0
2498,Q090,2002,3,8010,1,0.012252035,0.012252035,0.012252035,0
2498,Q090,2003,2,8013,1,0.025982424,0.025982424,0.025982424,0
2499,Q091,1999,3,7998,1,0.015634602,0.015634602,0.015634602,0
2500,Q092,1999,3,7998,1,0.015634602,0.015634602,0.015634602,0
2501,Q093,1999,3,7998,1,6.85e-7,6.85e-7,6.85e-7,0
2501,Q093,1999,4,7999,1,1.21e-6,1.21e-6,1.21e-6,0
2501,Q093,2000,1,8000,1,4.95e-6,4.95e-6,4.95e-6,0
2501,Q093,2000,3,8002,2,3.72e-5,3.72e-5,3.72e-5,0
2501,Q093,2000,4,8003,1,1.86e-4,1.86e-4,1.86e-4,0
2501,Q093,2001,2,8005,1,0.002563959,0.002563959,0.002563959,0
2501,Q093,2001,3,8006,1,0.006205546,0.006205546,0.006205546,0
2502,Q094,1999,3,7998,1,1.65e-10,1.65e-10,1.65e-10,0
2502,Q094,1999,4,7999,1,2.93e-10,2.93e-10,2.93e-10,0
2502,Q094,2000,1,8000,1,1.2e-9,1.2e-9,1.2e-9,0
2502,Q094,2001,1,8004,1,1.42e-8,1.42e-8,1.42e-8,0
2502,Q094,2001,2,8005,1,3.14e-8,3.14e-8,3.14e-8,0
2502,Q094,2001,3,8006,2,7.93e-8,7.93e-8,7.93e-8,0
2502,Q094,2002,1,8008,1,1.78e-6,1.78e-6,1.78e-6,0
2502,Q094,2002,3,8010,1,1.16e-5,1.16e-5,1.16e-5,0
2502,Q094,2003,2,8013,1,6.6e-5,6.6e-5,6.6e-5,0
2502,Q094,2003,3,8014,1,1.33161e-4,1.33161e-4,1.33161e-4,0
2502,Q094,2005,3,8022,1,0.002550763,0.002550763,0.002550763,0
2502,Q094,2005,4,8023,1,0.003287811,0.003287811,0.003287811,0
2502,Q094,2007,2,8029,1,0.038610766,0.038610766,0.038610766,0
2502,Q094,2008,3,8034,1,0.734998974,0.734998974,0.734998974,0
2503,Q095,1999,3,7998,1,0.003458119,0.003458119,0.003458119,0
2503,Q095,1999,4,7999,1,0.006125385,0.006125385,0.006125385,0
2503,Q095,2000,1,8000,1,0.025003729,0.025003729,0.025003729,0
2503,Q095,2000,3,8002,1,0.187749542,0.187749542,0.187749542,0
2504,Q096,1999,3,7998,1,0.018301182,0.018301182,0.018301182,0
2504,Q096,2000,2,8001,1,0.084142472,0.084142472,0.084142472,0
2504,Q096,2002,2,8009,1,0.115786102,0.115786102,0.115786102,0
2505,Q097,1999,4,7999,1,0.003823521,0.003823521,0.003823521,0
2505,Q097,2000,2,8001,1,0.014764146,0.014764146,0.014764146,0
2506,Q098,1999,4,7999,1,5.21e-5,5.21e-5,5.21e-5,0
2506,Q098,2000,1,8000,1,1.19e-4,1.19e-4,1.19e-4,0
2506,Q098,2000,2,8001,1,4.7e-4,4.7e-4,4.7e-4,0
2506,Q098,2000,3,8002,1,0.001446781,0.001446781,0.001446781,0
2506,Q098,2001,2,8005,1,0.014079348,0.014079348,0.014079348,0
2507,R002,1978,1,7912,1,0.004145815,0.004145815,0.004145815,0
2507,R002,1979,3,7918,1,0.034264906,0.034264906,0.034264906,0
2508,R003,1978,2,7913,1,0.00118246,0.00118246,0.00118246,0
2508,R003,1979,1,7916,1,0.004843942,0.004843942,0.004843942,0
2508,R003,1979,3,7918,1,0.010536993,0.010536993,0.010536993,0
2508,R003,1980,3,7922,1,0.028743367,0.028743367,0.028743367,0
2509,R004,1978,2,7913,1,0.00763513,0.00763513,0.00763513,0
2510,R005,1978,2,7913,1,0.00763513,0.00763513,0.00763513,0
2511,R006,1978,2,7913,1,0.00763513,0.00763513,0.00763513,0
2512,R007,1978,2,7913,1,0.00763513,0.00763513,0.00763513,0
2513,R008,1978,2,7913,1,0.004120765,0.004120765,0.004120765,0
2513,R008,1979,3,7918,1,0.027331822,0.027331822,0.027331822,0
2514,R009,1978,2,7913,1,0.00763513,0.00763513,0.00763513,0
2515,R010,1978,2,7913,1,6.27e-4,6.27e-4,6.27e-4,0
2515,R010,1979,3,7918,1,0.004157341,0.004157341,0.004157341,0
2515,R010,1980,3,7922,1,0.009241144,0.009241144,0.009241144,0
2515,R010,1982,3,7930,1,0.027028409,0.027028409,0.027028409,0
2516,R011,1978,2,7913,1,0.002261949,0.002261949,0.002261949,0
2516,R011,1979,3,7918,1,0.015002842,0.015002842,0.015002842,0
2516,R011,1981,2,7925,1,0.046780635,0.046780635,0.046780635,0
2517,R012,1978,2,7913,1,0.00763513,0.00763513,0.00763513,0
2518,R013,1978,2,7913,1,2.81e-10,2.81e-10,2.81e-10,0
2518,R013,1979,2,7917,1,1.58e-9,1.58e-9,1.58e-9,0
2518,R013,1980,3,7922,1,4.39e-9,4.39e-9,4.39e-9,0
2518,R013,1981,4,7927,1,9.06e-9,9.06e-9,9.06e-9,0
2518,R013,1982,1,7928,1,1.32e-8,1.32e-8,1.32e-8,0
2518,R013,1982,3,7930,1,4.58e-8,4.58e-8,4.58e-8,0
2518,R013,1983,1,7932,1,1.34e-7,1.34e-7,1.34e-7,0
2518,R013,1983,2,7933,1,4.31e-7,4.31e-7,4.31e-7,0
2518,R013,1985,3,7942,1,8.17e-6,8.17e-6,8.17e-6,0
2518,R013,1985,4,7943,1,1.02e-5,1.02e-5,1.02e-5,0
2518,R013,1987,3,7950,1,1.19e-4,1.19e-4,1.19e-4,0
2518,R013,1987,4,7951,1,1.52e-4,1.52e-4,1.52e-4,0
2518,R013,1988,2,7953,1,7.13e-4,7.13e-4,7.13e-4,0
2518,R013,1988,4,7955,1,0.001984576,0.001984576,0.001984576,0
2518,R013,1989,2,7957,1,0.009086303,0.009086303,0.009086303,0
2519,R014,1978,2,7913,1,0.001174207,0.001174207,0.001174207,0
2519,R014,1978,4,7915,1,0.003354335,0.003354335,0.003354335,0
2519,R014,1979,2,7917,1,0.00953528,0.00953528,0.00953528,0
2519,R014,1980,2,7921,1,0.027780993,0.027780993,0.027780993,0
2520,R015,1978,2,7913,1,0.002214959,0.002214959,0.002214959,0
2520,R015,1978,3,7914,1,0.004718747,0.004718747,0.004718747,0
2520,R015,1980,3,7922,1,0.041614857,0.041614857,0.041614857,0
2521,R016,1978,2,7913,1,7.05e-5,7.05e-5,7.05e-5,0
2521,R016,1979,3,7918,2,4.68e-4,4.68e-4,4.68e-4,0
2521,R016,1980,1,7920,1,9.34e-4,9.34e-4,9.34e-4,0
2521,R016,1981,3,7926,1,0.004055287,0.004055287,0.004055287,0
2521,R016,1982,3,7930,1,0.011163117,0.011163117,0.011163117,0
2521,R016,1983,2,7933,1,0.030665591,0.030665591,0.030665591,0
2521,R016,1983,3,7934,1,0.041356804,0.041356804,0.041356804,0
2521,R016,1984,1,7936,1,0.120476545,0.120476545,0.120476545,0
2521,R016,1984,2,7937,1,0.370863588,0.370863588,0.370863588,0
2521,R016,1984,3,7938,1,0.999999657,0.999999657,0.999999657,0
2522,R017,1978,2,7913,1,0.00763513,0.00763513,0.00763513,0
2523,R018,1978,2,7913,1,0.00763513,0.00763513,0.00763513,0
2524,R019,1978,2,7913,1,0.002246285,0.002246285,0.002246285,0
2524,R019,1983,1,7932,1,0.045630176,0.045630176,0.045630176,0
2525,R020,1978,2,7913,1,0.00763513,0.00763513,0.00763513,0
2526,R021,1978,2,7913,1,0.00763513,0.00763513,0.00763513,0
2527,R022,1978,2,7913,1,0.001227457,0.001227457,0.001227457,0
2527,R022,1982,3,7930,1,0.023051731,0.023051731,0.023051731,0
2527,R022,1984,2,7937,1,0.052843012,0.052843012,0.052843012,0
2528,R023,1978,2,7913,1,0.00763513,0.00763513,0.00763513,0
2529,R025,1978,2,7913,1,0.001214972,0.001214972,0.001214972,0
2529,R025,1979,3,7918,1,0.00805855,0.00805855,0.00805855,0
2529,R025,1980,3,7922,1,0.017912945,0.017912945,0.017912945,0
2529,R025,1981,3,7926,1,0.035583392,0.035583392,0.035583392,0
2530,R026,1978,2,7913,1,0.00763513,0.00763513,0.00763513,0
2531,R027,1978,2,7913,1,0.00763513,0.00763513,0.00763513,0
2532,R028,1978,2,7913,1,6.41e-4,6.41e-4,6.41e-4,0
2532,R028,1978,3,7914,1,0.001365169,0.001365169,0.001365169,0
2532,R028,1979,3,7918,1,0.006842052,0.006842052,0.006842052,0
2532,R028,1980,3,7922,1,0.016708532,0.016708532,0.016708532,0
2532,R028,1981,3,7926,1,0.03440065,0.03440065,0.03440065,0
2533,R029,1978,2,7913,1,0.001151941,0.001151941,0.001151941,0
2533,R029,1979,3,7918,1,0.007640486,0.007640486,0.007640486,0
2533,R029,1981,3,7926,1,0.025809135,0.025809135,0.025809135,0
2534,R030,1978,2,7913,1,0.00763513,0.00763513,0.00763513,0
2535,R031,1978,2,7913,1,0.00763513,0.00763513,0.00763513,0
2536,R032,1978,2,7913,1,0.002261949,0.002261949,0.002261949,0
2536,R032,1979,3,7918,1,0.015002842,0.015002842,0.015002842,0
2536,R032,1981,2,7925,1,0.046780635,0.046780635,0.046780635,0
2537,R033,1978,2,7913,1,0.004120765,0.004120765,0.004120765,0
2537,R033,1979,3,7918,1,0.027331822,0.027331822,0.027331822,0
2538,R034,1978,2,7913,1,0.004120765,0.004120765,0.004120765,0
2538,R034,1979,3,7918,1,0.027331822,0.027331822,0.027331822,0
2539,R035,1978,2,7913,1,0.00763513,0.00763513,0.00763513,0
2540,R036,1978,2,7913,1,0.00763513,0.00763513,0.00763513,0
2541,R037,1978,2,7913,1,0.00763513,0.00763513,0.00763513,0
2542,R038,1978,2,7913,1,0.00763513,0.00763513,0.00763513,0
2543,R039,1978,2,7913,1,0.001207401,0.001207401,0.001207401,0
2543,R039,1980,4,7923,1,0.013915069,0.013915069,0.013915069,0
2543,R039,1983,2,7933,1,0.03683266,0.03683266,0.03683266,0
2544,R040,1978,2,7913,1,0.00763513,0.00763513,0.00763513,0
2545,R041,1978,2,7913,1,0.00763513,0.00763513,0.00763513,0
2546,R042,1978,2,7913,2,0.002174966,0.002174966,0.002174966,0
2546,R042,1979,3,7918,1,0.025431374,0.025431374,0.025431374,0
2547,R043,1978,2,7913,1,0.00763513,0.00763513,0.00763513,0
2548,R044,1978,2,7913,1,0.002199169,0.002199169,0.002199169,0
2548,R044,1979,3,7918,2,0.014586440000000001,0.014586440000000001,0.014586440000000001,0
2549,R045,1978,2,7913,1,0.00763513,0.00763513,0.00763513,0
2550,R046,1978,2,7913,1,0.00763513,0.00763513,0.00763513,0
2551,R047,1978,2,7913,1,0.00763513,0.00763513,0.00763513,0
2552,R048,1978,2,7913,1,0.001328947,0.001328947,0.001328947,0
2552,R048,1979,3,7918,2,0.008814518,0.008814518,0.008814518,0
2552,R048,1983,3,7934,1,0.083922394,0.083922394,0.083922394,0
2552,R048,1986,2,7945,1,0.278240604,0.278240604,0.278240604,0
2552,R048,1988,4,7955,1,0.999999999,0.999999999,0.999999999,0
2552,R048,1989,3,7958,2,1,1,1,0
2552,R048,1989,4,7959,1,1,1,1,0
2552,R048,1990,3,7962,1,1,1,1,0
2553,R049,1978,2,7913,1,0.00763513,0.00763513,0.00763513,0
2554,R050,1978,2,7913,1,0.004120765,0.004120765,0.004120765,0
2554,R050,1979,3,7918,1,0.027331822,0.027331822,0.027331822,0
2555,R051,1978,2,7913,1,0.00763513,0.00763513,0.00763513,0
2556,R052,1978,2,7913,1,0.004120765,0.004120765,0.004120765,0
2556,R052,1979,3,7918,1,0.027331822,0.027331822,0.027331822,0
2557,R053,1978,2,7913,1,0.004120765,0.004120765,0.004120765,0
2557,R053,1979,3,7918,1,0.027331822,0.027331822,0.027331822,0
2558,R054,1978,2,7913,1,0.004186988,0.004186988,0.004186988,0
2558,R054,1980,3,7922,1,0.045660323,0.045660323,0.045660323,0
2559,R055,1978,2,7913,1,0.00763513,0.00763513,0.00763513,0
2560,R056,1978,2,7913,2,0.004036597,0.004036597,0.004036597,0
2561,R057,1978,2,7913,1,0.004120765,0.004120765,0.004120765,0
2561,R057,1979,3,7918,1,0.027331822,0.027331822,0.027331822,0
2562,R058,1978,2,7913,1,0.004120765,0.004120765,0.004120765,0
2562,R058,1979,3,7918,1,0.027331822,0.027331822,0.027331822,0
2563,R059,1978,2,7913,1,0.00763513,0.00763513,0.00763513,0
2564,R060,1978,2,7913,1,0.00763513,0.00763513,0.00763513,0
2565,R061,1978,2,7913,1,0.00763513,0.00763513,0.00763513,0
2566,R062,1978,2,7913,1,0.00763513,0.00763513,0.00763513,0
2567,R063,1978,2,7913,1,0.04705666,0.04705666,0.04705666,0
2567,R063,1979,3,7918,1,0.312112983,0.312112983,0.312112983,0
2567,R063,1981,2,7925,1,0.973205211,0.973205211,0.973205211,0
2567,R063,1981,3,7926,1,0.977023344,0.977023344,0.977023344,0
2568,R064,1978,2,7913,1,0.011492702,0.011492702,0.011492702,0
2568,R064,1979,3,7918,2,0.076227712,0.076227712,0.076227712,0
2568,R064,1980,3,7922,1,0.253181166,0.253181166,0.253181166,0
2568,R064,1981,3,7926,1,0.57048596,0.57048596,0.57048596,0
2569,R065,1978,2,7913,1,9.07e-5,9.07e-5,9.07e-5,0
2569,R065,1982,2,7929,1,0.001625548,0.001625548,0.001625548,0
2569,R065,1983,4,7935,1,0.003336201,0.003336201,0.003336201,0
2569,R065,1984,3,7938,1,0.007482634,0.007482634,0.007482634,0
2569,R065,1985,4,7943,1,0.01859645,0.01859645,0.01859645,0
2570,R066,1978,3,7914,1,0.00763513,0.00763513,0.00763513,0
2571,R067,1978,3,7914,1,0.004114057,0.004114057,0.004114057,0
2571,R067,1979,4,7919,1,0.025475281,0.025475281,0.025475281,0
2572,R068,1978,3,7914,1,0.004114057,0.004114057,0.004114057,0
2572,R068,1979,4,7919,1,0.025475281,0.025475281,0.025475281,0
2573,R069,1978,3,7914,1,0.004114057,0.004114057,0.004114057,0
2573,R069,1979,4,7919,1,0.025475281,0.025475281,0.025475281,0
2574,R070,1978,3,7914,1,0.004114057,0.004114057,0.004114057,0
2574,R070,1979,4,7919,1,0.025475281,0.025475281,0.025475281,0
2575,R071,1978,3,7914,1,0.00763513,0.00763513,0.00763513,0
2576,R072,1978,3,7914,1,0.00763513,0.00763513,0.00763513,0
2577,R073,1978,3,7914,1,0.00763513,0.00763513,0.00763513,0
2578,R074,1978,3,7914,1,0.004114057,0.004114057,0.004114057,0
2578,R074,1979,4,7919,1,0.025475281,0.025475281,0.025475281,0
2579,R075,1978,3,7914,1,0.004114057,0.004114057,0.004114057,0
2579,R075,1979,4,7919,1,0.025475281,0.025475281,0.025475281,0
2580,R076,1978,3,7914,1,0.004114057,0.004114057,0.004114057,0
2580,R076,1979,4,7919,1,0.025475281,0.025475281,0.025475281,0
2581,R077,1978,3,7914,1,0.00763513,0.00763513,0.00763513,0
2582,R078,1978,3,7914,1,0.004114057,0.004114057,0.004114057,0
2582,R078,1979,4,7919,1,0.025475281,0.025475281,0.025475281,0
2583,R079,1978,3,7914,1,0.00763513,0.00763513,0.00763513,0
2584,R080,1978,3,7914,1,0.004114057,0.004114057,0.004114057,0
2584,R080,1979,4,7919,1,0.025475281,0.025475281,0.025475281,0
2585,R081,1978,3,7914,1,0.00763513,0.00763513,0.00763513,0
2586,R082,1978,3,7914,1,0.00763513,0.00763513,0.00763513,0
2587,R083,1978,3,7914,1,0.004114057,0.004114057,0.004114057,0
2587,R083,1979,4,7919,1,0.025475281,0.025475281,0.025475281,0
2588,R084,1978,3,7914,1,0.00763513,0.00763513,0.00763513,0
2589,R085,1978,3,7914,1,0.00763513,0.00763513,0.00763513,0
2590,R086,1978,3,7914,1,0.00763513,0.00763513,0.00763513,0
2591,R087,1978,3,7914,1,0.004114057,0.004114057,0.004114057,0
2591,R087,1979,4,7919,1,0.025475281,0.025475281,0.025475281,0
2592,R088,1978,3,7914,1,0.00763513,0.00763513,0.00763513,0
2593,R089,1978,3,7914,1,0.00763513,0.00763513,0.00763513,0
2594,R090,1978,3,7914,1,0.00763513,0.00763513,0.00763513,0
2595,R091,1978,3,7914,1,0.012583478,0.012583478,0.012583478,0
2595,R091,1980,3,7922,1,0.123970884,0.123970884,0.123970884,0
2595,R091,1983,1,7932,1,0.350685647,0.350685647,0.350685647,0
2595,R091,1985,3,7942,1,0.78197101,0.78197101,0.78197101,0
2596,R092,1978,3,7914,1,0.00763513,0.00763513,0.00763513,0
2597,R093,1978,3,7914,1,0.004104191,0.004104191,0.004104191,0
2597,R093,1979,3,7918,1,0.022744636,0.022744636,0.022744636,0
2598,R094,1978,3,7914,1,0.004104191,0.004104191,0.004104191,0
2598,R094,1979,3,7918,1,0.022744636,0.022744636,0.022744636,0
2663,S001,1996,1,7984,1,0.005716952,0.005716952,0.005716952,0
2664,S002,1996,1,7984,1,0.005716952,0.005716952,0.005716952,0
2665,S003,1996,1,7984,1,0.005716952,0.005716952,0.005716952,0
2666,S004,1996,1,7984,1,0.005716952,0.005716952,0.005716952,0
2667,S005,1996,1,7984,1,0.005716952,0.005716952,0.005716952,0
2668,S006,1996,1,7984,1,9.33e-5,9.33e-5,9.33e-5,0
2668,S006,1996,3,7986,1,5.51e-4,5.51e-4,5.51e-4,0
2668,S006,1996,4,7987,2,0.001047463,0.001047463,0.001047463,0
2668,S006,1997,3,7990,1,0.080017041,0.080017041,0.080017041,0
2668,S006,1998,4,7995,1,0.564759073,0.564759073,0.564759073,0
2668,S006,1999,1,7996,1,0.999999911,0.999999911,0.999999911,0
2669,S007,1996,2,7985,1,0.005716952,0.005716952,0.005716952,0
2670,S008,1996,2,7985,1,0.005716952,0.005716952,0.005716952,0
2671,S009,1996,2,7985,1,0.005716952,0.005716952,0.005716952,0
2672,S010,1996,2,7985,1,0.005716952,0.005716952,0.005716952,0
2673,S011,1996,2,7985,1,2.38e-7,2.38e-7,2.38e-7,0
2673,S011,1996,3,7986,1,7.06e-7,7.06e-7,7.06e-7,0
2673,S011,1996,4,7987,1,1.99e-6,1.99e-6,1.99e-6,0
2673,S011,1997,1,7988,1,1.79e-5,1.79e-5,1.79e-5,0
2673,S011,1997,2,7989,1,1.01e-4,1.01e-4,1.01e-4,0
2673,S011,1997,3,7990,1,3.31e-4,3.31e-4,3.31e-4,0
2673,S011,1998,2,7993,1,0.003974542,0.003974542,0.003974542,0
2673,S011,1999,2,7997,1,0.022184993,0.022184993,0.022184993,0
2673,S011,1999,3,7998,1,0.038515515,0.038515515,0.038515515,0
2673,S011,2000,2,8001,1,0.246952979,0.246952979,0.246952979,0
2674,S012,1996,2,7985,1,0.012819917,0.012819917,0.012819917,0
2675,S013,1996,2,7985,1,0.005716952,0.005716952,0.005716952,0
2676,S014,1996,2,7985,1,6.94e-8,6.94e-8,6.94e-8,0
2676,S014,1996,3,7986,1,2.06e-7,2.06e-7,2.06e-7,0
2676,S014,1996,4,7987,1,5.82e-7,5.82e-7,5.82e-7,0
2676,S014,1997,2,7989,1,1.09e-5,1.09e-5,1.09e-5,0
2676,S014,1997,3,7990,1,2.66e-5,2.66e-5,2.66e-5,0
2676,S014,1998,2,7993,1,2.75e-4,2.75e-4,2.75e-4,0
2676,S014,1998,3,7994,1,5.86e-4,5.86e-4,5.86e-4,0
2676,S014,2000,2,8001,1,0.008989697,0.008989697,0.008989697,0
2676,S014,2000,3,8002,1,0.012962253,0.012962253,0.012962253,0
2677,S015,1996,2,7985,1,1.76e-5,1.76e-5,1.76e-5,0
2677,S015,1996,3,7986,2,5.23e-5,5.23e-5,5.23e-5,0
2677,S015,1996,4,7987,1,4.61e-4,4.61e-4,4.61e-4,0
2677,S015,1997,1,7988,1,0.005502882,0.005502882,0.005502882,0
2678,S016,1996,2,7985,1,1.58e-8,1.58e-8,1.58e-8,0
2678,S016,1996,3,7986,1,4.68e-8,4.68e-8,4.68e-8,0
2678,S016,1996,4,7987,1,5.11e-8,5.11e-8,5.11e-8,0
2678,S016,1997,1,7988,1,1.05e-7,1.05e-7,1.05e-7,0
2678,S016,1997,2,7989,1,3.85e-7,3.85e-7,3.85e-7,0
2678,S016,1997,3,7990,3,1.17e-6,1.17e-6,1.17e-6,0
2678,S016,1998,2,7993,1,2.28e-4,2.28e-4,2.28e-4,0
2678,S016,1998,4,7995,1,6.93e-4,6.93e-4,6.93e-4,0
2678,S016,1999,1,7996,1,0.0019835,0.0019835,0.0019835,0
2678,S016,1999,2,7997,1,0.008711877,0.008711877,0.008711877,0
2679,S017,1996,2,7985,1,0.005716952,0.005716952,0.005716952,0
2680,S018,1996,2,7985,1,1.02e-6,1.02e-6,1.02e-6,0
2680,S018,1996,3,7986,1,3.01e-6,3.01e-6,3.01e-6,0
2680,S018,1996,4,7987,1,8.51e-6,8.51e-6,8.51e-6,0
2680,S018,1997,1,7988,1,7.63e-5,7.63e-5,7.63e-5,0
2680,S018,1997,2,7989,1,4.3e-4,4.3e-4,4.3e-4,0
2680,S018,1997,3,7990,1,0.001413685,0.001413685,0.001413685,0
2680,S018,1997,4,7991,1,0.004106903,0.004106903,0.004106903,0
2681,S019,1996,2,7985,1,0.005716952,0.005716952,0.005716952,0
2682,S020,1996,2,7985,1,0.005716952,0.005716952,0.005716952,0
2683,S021,1996,2,7985,1,0.005716952,0.005716952,0.005716952,0
2684,S022,1996,3,7986,1,0.012819917,0.012819917,0.012819917,0
2685,S023,1996,3,7986,2,1.42e-8,1.42e-8,1.42e-8,0
2685,S023,1996,4,7987,1,9.23e-8,9.23e-8,9.23e-8,0
2685,S023,1997,1,7988,1,1.05e-6,1.05e-6,1.05e-6,0
2685,S023,1997,2,7989,1,6.08e-6,6.08e-6,6.08e-6,0
2685,S023,1998,3,7994,3,8.66e-5,8.66e-5,8.66e-5,0
2685,S023,1998,4,7995,1,8.44e-4,8.44e-4,8.44e-4,0
2685,S023,1999,1,7996,1,0.006232408,0.006232408,0.006232408,0
2686,S024,1996,3,7986,2,2.06e-15,2.06e-15,2.06e-15,0
2686,S024,1996,4,7987,1,1.33e-14,1.33e-14,1.33e-14,0
2686,S024,1997,1,7988,1,1.52e-13,1.52e-13,1.52e-13,0
2686,S024,1997,2,7989,1,8.79e-13,8.79e-13,8.79e-13,0
2686,S024,1997,3,7990,1,2.9e-12,2.9e-12,2.9e-12,0
2686,S024,1997,4,7991,1,8.43e-12,8.43e-12,8.43e-12,0
2686,S024,1998,2,7993,1,1.22e-10,1.22e-10,1.22e-10,0
2686,S024,1998,3,7994,3,2.93e-10,2.93e-10,2.93e-10,0
2686,S024,1998,4,7995,2,8.92e-9,8.92e-9,8.92e-9,0
2686,S024,1999,2,7997,1,5.93e-7,5.93e-7,5.93e-7,0
2686,S024,1999,3,7998,1,1.48e-6,1.48e-6,1.48e-6,0
2686,S024,2000,2,8001,1,1.28e-5,1.28e-5,1.28e-5,0
2686,S024,2000,3,8002,1,2.64e-5,2.64e-5,2.64e-5,0
2686,S024,2000,4,8003,1,6.38e-5,6.38e-5,6.38e-5,0
2686,S024,2001,2,8005,1,6.59e-4,6.59e-4,6.59e-4,0
2686,S024,2002,2,8009,1,0.004763568,0.004763568,0.004763568,0
2686,S024,2002,3,8010,1,0.008749384,0.008749384,0.008749384,0
2687,S025,1996,3,7986,1,0.005716952,0.005716952,0.005716952,0
2688,S026,1996,3,7986,2,3.66e-9,3.66e-9,3.66e-9,0
2688,S026,1996,4,7987,1,2.37e-8,2.37e-8,2.37e-8,0
2688,S026,1997,2,7989,1,5.72e-7,5.72e-7,5.72e-7,0
2688,S026,1997,3,7990,1,1.41e-6,1.41e-6,1.41e-6,0
2688,S026,1998,1,7992,1,8.64e-6,8.64e-6,8.64e-6,0
2688,S026,1998,2,7993,1,3.43e-5,3.43e-5,3.43e-5,0
2688,S026,1998,3,7994,1,1.05e-4,1.05e-4,1.05e-4,0
2688,S026,1998,4,7995,1,3e-4,3e-4,3e-4,0
2688,S026,1999,4,7999,1,0.005153043,0.005153043,0.005153043,0
2688,S026,2000,2,8001,1,0.016079067,0.016079067,0.016079067,0
2689,S027,1996,3,7986,2,1.54e-7,1.54e-7,1.54e-7,0
2689,S027,1996,4,7987,1,5.27e-7,5.27e-7,5.27e-7,0
2689,S027,1997,1,7988,1,5.13e-6,5.13e-6,5.13e-6,0
2689,S027,1997,2,7989,1,2.92e-5,2.92e-5,2.92e-5,0
2689,S027,1997,3,7990,1,9.6e-5,9.6e-5,9.6e-5,0
2689,S027,1997,4,7991,1,1.05e-4,1.05e-4,1.05e-4,0
2689,S027,1998,3,7994,1,3.64e-4,3.64e-4,3.64e-4,0
2689,S027,1999,1,7996,1,8.57e-4,8.57e-4,8.57e-4,0
2689,S027,1999,2,7997,1,0.002458968,0.002458968,0.002458968,0
2689,S027,1999,3,7998,1,0.00690492,0.00690492,0.00690492,0
2690,S028,1996,3,7986,1,0.005716952,0.005716952,0.005716952,0
2691,S029,1996,3,7986,1,0.001428423,0.001428423,0.001428423,0
2691,S029,1997,4,7991,1,0.021679314,0.021679314,0.021679314,0
2692,S030,1996,3,7986,1,3.2e-4,3.2e-4,3.2e-4,0
2692,S030,1996,4,7987,1,7.29e-4,7.29e-4,7.29e-4,0
2692,S030,1997,1,7988,1,0.005769211,0.005769211,0.005769211,0
2693,S031,1996,3,7986,1,8.82e-5,8.82e-5,8.82e-5,0
2693,S031,1996,4,7987,1,2.01e-4,2.01e-4,2.01e-4,0
2693,S031,1997,1,7988,1,0.00159041,0.00159041,0.00159041,0
2693,S031,1999,3,7998,1,0.05534633,0.05534633,0.05534633,0
2694,S032,1996,3,7986,1,0.001346834,0.001346834,0.001346834,0
2694,S032,1996,4,7987,1,0.003066991,0.003066991,0.003066991,0
2695,S033,1996,3,7986,1,7.83e-5,7.83e-5,7.83e-5,0
2695,S033,1996,4,7987,1,1.78e-4,1.78e-4,1.78e-4,0
2695,S033,1997,1,7988,1,0.00141054,0.00141054,0.00141054,0
2695,S033,1997,4,7991,1,0.014685153,0.014685153,0.014685153,0
2696,S034,1996,3,7986,1,0.439138576,0.439138576,0.439138576,0
2696,S034,1996,4,7987,2,1,1,1,0
2697,S035,1996,3,7986,1,3.31e-4,3.31e-4,3.31e-4,0
2697,S035,1996,4,7987,1,7.54e-4,7.54e-4,7.54e-4,0
2697,S035,1997,3,7990,1,0.016437522,0.016437522,0.016437522,0
2698,S036,1996,3,7986,1,0.001346834,0.001346834,0.001346834,0
2698,S036,1996,4,7987,1,0.003066991,0.003066991,0.003066991,0
2699,S037,1996,3,7986,1,5.6e-6,5.6e-6,5.6e-6,0
2699,S037,1996,4,7987,1,1.27e-5,1.27e-5,1.27e-5,0
2699,S037,1997,1,7988,1,1.01e-4,1.01e-4,1.01e-4,0
2699,S037,1997,3,7990,1,8.6e-4,8.6e-4,8.6e-4,0
2699,S037,1999,3,7998,1,0.012229208,0.012229208,0.012229208,0
2699,S037,2001,3,8006,1,0.046919687,0.046919687,0.046919687,0
2700,S038,1996,3,7986,1,8.58e-4,8.58e-4,8.58e-4,0
2700,S038,1997,4,7991,1,0.013015221,0.013015221,0.013015221,0
2700,S038,1999,3,7998,1,0.051943492,0.051943492,0.051943492,0
2701,S039,1996,3,7986,1,0.101198978,0.101198978,0.101198978,0
2702,S040,1996,3,7986,1,0.101198978,0.101198978,0.101198978,0
2703,S041,1996,3,7986,1,0.001416106,0.001416106,0.001416106,0
2703,S041,1997,3,7990,1,0.018869494,0.018869494,0.018869494,0
2704,S042,1996,3,7986,1,1.21e-4,1.21e-4,1.21e-4,0
2704,S042,1997,3,7990,1,0.001611356,0.001611356,0.001611356,0
2704,S042,2003,2,8013,1,0.032028384,0.032028384,0.032028384,0
2704,S042,2003,3,8014,1,0.036000511,0.036000511,0.036000511,0
2705,S043,1996,3,7986,1,1.56e-8,1.56e-8,1.56e-8,0
2705,S043,1996,4,7987,1,3.55e-8,3.55e-8,3.55e-8,0
2705,S043,1997,1,7988,1,2.81e-7,2.81e-7,2.81e-7,0
2705,S043,1997,2,7989,1,1.56e-6,1.56e-6,1.56e-6,0
2705,S043,1997,3,7990,2,5.13e-6,5.13e-6,5.13e-6,0
2705,S043,1998,2,7993,1,2.47e-4,2.47e-4,2.47e-4,0
2705,S043,1998,4,7995,1,7.43e-4,7.43e-4,7.43e-4,0
2705,S043,1999,2,7997,1,0.003791849,0.003791849,0.003791849,0
2705,S043,2000,2,8001,1,0.022254784,0.022254784,0.022254784,0
2706,S044,1996,4,7987,1,2.92e-5,2.92e-5,2.92e-5,0
2706,S044,1997,1,7988,1,1.37e-4,1.37e-4,1.37e-4,0
2706,S044,1997,3,7990,1,0.001068299,0.001068299,0.001068299,0
2706,S044,1999,3,7998,1,0.015012576,0.015012576,0.015012576,0
2706,S044,2005,2,8021,1,0.12645748,0.12645748,0.12645748,0
2707,S045,1996,4,7987,1,0.005716952,0.005716952,0.005716952,0
2708,T001,1992,1,7968,1,2.54e-4,2.54e-4,2.54e-4,0
2708,T001,1994,3,7978,1,0.013113162,0.013113162,0.013113162,0
2709,T002,1992,1,7968,1,0.001045085,0.001045085,0.001045085,0
2710,T004,1992,1,7968,1,0.001045085,0.001045085,0.001045085,0
2711,T005,1992,2,7969,1,0.001045085,0.001045085,0.001045085,0
2712,T006,1992,2,7969,2,3.13e-6,3.13e-6,3.13e-6,0
2712,T006,1992,3,7970,1,6.46e-5,6.46e-5,6.46e-5,0
2712,T006,1992,4,7971,1,2.34e-4,2.34e-4,2.34e-4,0
2712,T006,1993,1,7972,1,0.001464916,0.001464916,0.001464916,0
2713,T007,1992,2,7969,1,1.31e-4,1.31e-4,1.31e-4,0
2713,T007,1993,2,7973,1,0.00121972,0.00121972,0.00121972,0
2713,T007,1993,3,7974,1,0.002234782,0.002234782,0.002234782,0
2714,T008,1992,2,7969,1,2.09e-7,2.09e-7,2.09e-7,0
2714,T008,1992,3,7970,2,1.16e-6,1.16e-6,1.16e-6,0
2714,T008,1993,1,7972,1,3.16e-5,3.16e-5,3.16e-5,0
2714,T008,1993,2,7973,1,1.34e-4,1.34e-4,1.34e-4,0
2714,T008,1993,3,7974,2,4.21e-4,4.21e-4,4.21e-4,0
2714,T008,1994,3,7978,1,0.005808575,0.005808575,0.005808575,0
2715,T009,1992,2,7969,1,0.001045085,0.001045085,0.001045085,0
2716,T010,1992,2,7969,1,2.45e-4,2.45e-4,2.45e-4,0
2716,T010,1992,3,7970,1,0.001365947,0.001365947,0.001365947,0
2717,T011,1992,2,7969,1,5.72e-5,5.72e-5,5.72e-5,0
2717,T011,1992,3,7970,2,3.19e-4,3.19e-4,3.19e-4,0
2718,T012,1992,2,7969,1,0.001045085,0.001045085,0.001045085,0
2719,T013,1992,2,7969,1,1.94e-6,1.94e-6,1.94e-6,0
2719,T013,1992,3,7970,2,2.39e-6,2.39e-6,2.39e-6,0
2719,T013,1993,1,7972,1,1.68e-5,1.68e-5,1.68e-5,0
2719,T013,1993,2,7973,1,6.51e-5,6.51e-5,6.51e-5,0
2719,T013,1993,3,7974,2,2.01e-4,2.01e-4,2.01e-4,0
2719,T013,1994,1,7976,1,3.22e-4,3.22e-4,3.22e-4,0
2719,T013,1994,2,7977,1,7.71e-4,7.71e-4,7.71e-4,0
2719,T013,1994,3,7978,1,0.002033797,0.002033797,0.002033797,0
2720,T014,1992,2,7969,1,0.02112258,0.02112258,0.02112258,0
2720,T014,1992,3,7970,1,0.02606164,0.02606164,0.02606164,0
2720,T014,1992,4,7971,1,0.039702187,0.039702187,0.039702187,0
2721,T015,1992,2,7969,1,4.03e-8,4.03e-8,4.03e-8,0
2721,T015,1992,3,7970,1,2.25e-7,2.25e-7,2.25e-7,0
2721,T015,1992,4,7971,1,7.35e-7,7.35e-7,7.35e-7,0
2721,T015,1993,1,7972,1,4.43e-6,4.43e-6,4.43e-6,0
2721,T015,1993,2,7973,1,2.41e-5,2.41e-5,2.41e-5,0
2721,T015,1993,3,7974,2,7.96e-5,7.96e-5,7.96e-5,0
2721,T015,1993,4,7975,1,7.36e-4,7.36e-4,7.36e-4,0
2722,T016,1992,2,7969,1,4.42e-8,4.42e-8,4.42e-8,0
2722,T016,1992,3,7970,1,2.47e-7,2.47e-7,2.47e-7,0
2722,T016,1992,4,7971,1,8.06e-7,8.06e-7,8.06e-7,0
2722,T016,1993,1,7972,1,4.86e-6,4.86e-6,4.86e-6,0
2722,T016,1993,2,7973,1,2.65e-5,2.65e-5,2.65e-5,0
2722,T016,1993,3,7974,1,8.73e-5,8.73e-5,8.73e-5,0
2722,T016,1996,2,7985,1,0.005290655,0.005290655,0.005290655,0
2722,T016,1996,3,7986,1,0.007939835,0.007939835,0.007939835,0
2723,T017,1992,2,7969,1,8.98e-7,8.98e-7,8.98e-7,0
2723,T017,1992,3,7970,1,5.01e-6,5.01e-6,5.01e-6,0
2723,T017,1992,4,7971,1,1.64e-5,1.64e-5,1.64e-5,0
2723,T017,1993,1,7972,1,9.86e-5,9.86e-5,9.86e-5,0
2723,T017,1993,2,7973,1,1.21e-4,1.21e-4,1.21e-4,0
2723,T017,1994,3,7978,1,5.12e-4,5.12e-4,5.12e-4,0
2723,T017,1995,3,7982,1,0.002427971,0.002427971,0.002427971,0
2723,T017,1997,2,7989,1,0.027061799,0.027061799,0.027061799,0
2724,T018,1992,2,7969,1,3.17e-6,3.17e-6,3.17e-6,0
2724,T018,1992,3,7970,1,1.77e-5,1.77e-5,1.77e-5,0
2724,T018,1992,4,7971,1,5.77e-5,5.77e-5,5.77e-5,0
2724,T018,1993,2,7973,1,7.08e-4,7.08e-4,7.08e-4,0
2724,T018,1993,3,7974,1,0.001724039,0.001724039,0.001724039,0
2725,T019,1992,2,7969,1,2.45e-4,2.45e-4,2.45e-4,0
2725,T019,1992,3,7970,1,0.001365947,0.001365947,0.001365947,0
2726,T020,1992,2,7969,1,0.554230026,0.554230026,0.554230026,0
2726,T020,1992,3,7970,1,0.683824777,0.683824777,0.683824777,0
2726,T020,1992,4,7971,1,0.70210228,0.70210228,0.70210228,0
2726,T020,1993,3,7974,1,0.722796288,0.722796288,0.722796288,0
2727,T021,1992,2,7969,1,1.73e-7,1.73e-7,1.73e-7,0
2727,T021,1992,3,7970,1,9.64e-7,9.64e-7,9.64e-7,0
2727,T021,1992,4,7971,1,3.15e-6,3.15e-6,3.15e-6,0
2727,T021,1993,1,7972,1,1.9e-5,1.9e-5,1.9e-5,0
2727,T021,1993,2,7973,1,1.03e-4,1.03e-4,1.03e-4,0
2727,T021,1993,3,7974,1,3.41e-4,3.41e-4,3.41e-4,0
2727,T021,1993,4,7975,1,9.98e-4,9.98e-4,9.98e-4,0
2728,T022,1992,2,7969,1,3.28e-6,3.28e-6,3.28e-6,0
2728,T022,1992,3,7970,1,1.83e-5,1.83e-5,1.83e-5,0
2728,T022,1992,4,7971,1,5.99e-5,5.99e-5,5.99e-5,0
2728,T022,1993,3,7974,1,9.81e-4,9.81e-4,9.81e-4,0
2728,T022,1995,2,7981,1,0.012166488,0.012166488,0.012166488,0
2729,T023,1992,2,7969,1,0.001045085,0.001045085,0.001045085,0
2730,T024,1992,2,7969,1,1.81e-7,1.81e-7,1.81e-7,0
2730,T024,1992,3,7970,1,1.01e-6,1.01e-6,1.01e-6,0
2730,T024,1992,4,7971,1,3.29e-6,3.29e-6,3.29e-6,0
2730,T024,1993,2,7973,1,4.04e-5,4.04e-5,4.04e-5,0
2730,T024,1993,4,7975,1,1.36e-4,1.36e-4,1.36e-4,0
2730,T024,1994,2,7977,1,9.66e-4,9.66e-4,9.66e-4,0
2730,T024,1995,3,7982,1,0.009800368,0.009800368,0.009800368,0
2731,T025,1992,2,7969,1,2.01e-11,2.01e-11,2.01e-11,0
2731,T025,1992,3,7970,1,1.12e-10,1.12e-10,1.12e-10,0
2731,T025,1992,4,7971,1,3.65e-10,3.65e-10,3.65e-10,0
2731,T025,1993,1,7972,1,2.2e-9,2.2e-9,2.2e-9,0
2731,T025,1993,2,7973,1,1.2e-8,1.2e-8,1.2e-8,0
2731,T025,1993,3,7974,1,3.96e-8,3.96e-8,3.96e-8,0
2731,T025,1994,1,7976,1,1.51e-7,1.51e-7,1.51e-7,0
2731,T025,1995,3,7982,2,2.43e-6,2.43e-6,2.43e-6,0
2731,T025,1997,2,7989,1,9.01e-5,9.01e-5,9.01e-5,0
2731,T025,1997,3,7990,1,1.51e-4,1.51e-4,1.51e-4,0
2731,T025,1998,2,7993,1,0.001116123,0.001116123,0.001116123,0
2731,T025,1998,4,7995,1,0.003098926,0.003098926,0.003098926,0
2731,T025,1999,2,7997,1,0.015277972,0.015277972,0.015277972,0
2732,T026,1992,2,7969,1,2.45e-4,2.45e-4,2.45e-4,0
2732,T026,1992,3,7970,1,0.001365947,0.001365947,0.001365947,0
2733,T027,1992,2,7969,1,0.001045085,0.001045085,0.001045085,0
2734,T028,1992,2,7969,1,0.001045085,0.001045085,0.001045085,0
2735,T029,1992,2,7969,1,0.001045085,0.001045085,0.001045085,0
2736,T030,1992,2,7969,1,2.3e-9,2.3e-9,2.3e-9,0
2736,T030,1992,3,7970,1,1.28e-8,1.28e-8,1.28e-8,0
2736,T030,1992,4,7971,1,4.19e-8,4.19e-8,4.19e-8,0
2736,T030,1993,2,7973,1,5.15e-7,5.15e-7,5.15e-7,0
2736,T030,1993,3,7974,1,1.25e-6,1.25e-6,1.25e-6,0
2736,T030,1993,4,7975,1,3.29e-6,3.29e-6,3.29e-6,0
2736,T030,1994,2,7977,1,4.87e-5,4.87e-5,4.87e-5,0
2736,T030,1994,3,7978,1,1.19e-4,1.19e-4,1.19e-4,0
2736,T030,1995,1,7980,1,8.3e-4,8.3e-4,8.3e-4,0
2736,T030,1995,3,7982,1,0.005356224,0.005356224,0.005356224,0
2737,T031,1992,2,7969,1,7.53e-7,7.53e-7,7.53e-7,0
2737,T031,1992,4,7971,1,6.42e-6,6.42e-6,6.42e-6,0
2737,T031,1993,1,7972,1,2.25e-5,2.25e-5,2.25e-5,0
2737,T031,1993,2,7973,1,1.08e-4,1.08e-4,1.08e-4,0
2737,T031,1993,3,7974,1,3.5e-4,3.5e-4,3.5e-4,0
2737,T031,1994,3,7978,1,0.005737789,0.005737789,0.005737789,0
2738,T032,1992,2,7969,1,1.06e-17,1.06e-17,1.06e-17,0
2738,T032,1992,3,7970,1,5.9e-17,5.9e-17,5.9e-17,0
2738,T032,1992,4,7971,1,1.93e-16,1.93e-16,1.93e-16,0
2738,T032,1993,1,7972,1,1.16e-15,1.16e-15,1.16e-15,0
2738,T032,1993,2,7973,1,6.33e-15,6.33e-15,6.33e-15,0
2738,T032,1993,3,7974,1,2.09e-14,2.09e-14,2.09e-14,0
2738,T032,1993,4,7975,1,6.11e-14,6.11e-14,6.11e-14,0
2738,T032,1994,1,7976,1,4.6e-13,4.6e-13,4.6e-13,0
2738,T032,1994,2,7977,1,2.59e-12,2.59e-12,2.59e-12,0
2738,T032,1994,3,7978,1,8.56e-12,8.56e-12,8.56e-12,0
2738,T032,1994,4,7979,1,2.51e-11,2.51e-11,2.51e-11,0
2738,T032,1995,1,7980,1,2.12e-10,2.12e-10,2.12e-10,0
2738,T032,1995,3,7982,2,1.85e-9,1.85e-9,1.85e-9,0
2738,T032,1996,1,7984,1,3.06e-8,3.06e-8,3.06e-8,0
2738,T032,1996,3,7986,1,2.14e-7,2.14e-7,2.14e-7,0
2738,T032,1997,2,7989,1,1.68e-6,1.68e-6,1.68e-6,0
2738,T032,1997,3,7990,1,3.62e-6,3.62e-6,3.62e-6,0
2738,T032,1997,4,7991,1,8.93e-6,8.93e-6,8.93e-6,0
2738,T032,1998,1,7992,1,5.8e-5,5.8e-5,5.8e-5,0
2738,T032,1999,3,7998,1,0.001106828,0.001106828,0.001106828,0
2738,T032,1999,4,7999,1,0.001482514,0.001482514,0.001482514,0
2738,T032,2000,2,8001,1,0.004095867,0.004095867,0.004095867,0
2738,T032,2000,3,8002,1,0.00808804,0.00808804,0.00808804,0
2739,T033,1992,2,7969,1,4.14e-16,4.14e-16,4.14e-16,0
2739,T033,1992,3,7970,1,2.31e-15,2.31e-15,2.31e-15,0
2739,T033,1992,4,7971,1,7.55e-15,7.55e-15,7.55e-15,0
2739,T033,1993,1,7972,1,4.55e-14,4.55e-14,4.55e-14,0
2739,T033,1993,3,7974,1,3.81e-13,3.81e-13,3.81e-13,0
2739,T033,1993,4,7975,1,7.48e-13,7.48e-13,7.48e-13,0
2739,T033,1994,2,7977,1,8.92e-12,8.92e-12,8.92e-12,0
2739,T033,1994,3,7978,1,2.17e-11,2.17e-11,2.17e-11,0
2739,T033,1994,4,7979,1,5.68e-11,5.68e-11,5.68e-11,0
2739,T033,1995,1,7980,1,4.55e-10,4.55e-10,4.55e-10,0
2739,T033,1995,3,7982,2,3.95e-9,3.95e-9,3.95e-9,0
2739,T033,1996,3,7986,2,4.35e-9,4.35e-9,4.35e-9,0
2739,T033,1996,4,7987,1,4.4e-9,4.4e-9,4.4e-9,0
2739,T033,1997,2,7989,1,5.95e-9,5.95e-9,5.95e-9,0
2739,T033,1997,3,7990,2,8.3e-9,8.3e-9,8.3e-9,0
2739,T033,1998,1,7992,1,9.57e-8,9.57e-8,9.57e-8,0
2739,T033,1998,2,7993,1,4.06e-7,4.06e-7,4.06e-7,0
2739,T033,1998,3,7994,3,1.27e-6,1.27e-6,1.27e-6,0
2739,T033,1998,4,7995,1,4.44e-5,4.44e-5,4.44e-5,0
2739,T033,1999,1,7996,1,3.52e-4,3.52e-4,3.52e-4,0
2739,T033,1999,2,7997,1,0.001954997,0.001954997,0.001954997,0
2739,T033,1999,3,7998,1,0.006403195,0.006403195,0.006403195,0
2740,T034,1992,2,7969,1,0.001045085,0.001045085,0.001045085,0
2741,T035,1992,2,7969,1,0.001045085,0.001045085,0.001045085,0
2742,T036,1992,2,7969,1,0.001045085,0.001045085,0.001045085,0
2743,T037,1992,2,7969,1,0.001045085,0.001045085,0.001045085,0
2744,T038,1992,2,7969,1,0.001045085,0.001045085,0.001045085,0
2745,T039,1992,2,7969,1,0.001045085,0.001045085,0.001045085,0
2746,T040,1992,2,7969,1,0.001045085,0.001045085,0.001045085,0
2747,T041,1992,2,7969,1,7.41e-7,7.41e-7,7.41e-7,0
2747,T041,1992,3,7970,1,4.13e-6,4.13e-6,4.13e-6,0
2747,T041,1992,4,7971,1,1.35e-5,1.35e-5,1.35e-5,0
2747,T041,1993,1,7972,1,8.14e-5,8.14e-5,8.14e-5,0
2747,T041,1993,3,7974,1,6.81e-4,6.81e-4,6.81e-4,0
2747,T041,1993,4,7975,1,0.001337312,0.001337312,0.001337312,0
2748,T042,1992,2,7969,1,0.001045085,0.001045085,0.001045085,0
2749,T043,1992,2,7969,1,0.001045085,0.001045085,0.001045085,0
2750,T044,1992,2,7969,1,0.001045085,0.001045085,0.001045085,0
2751,T045,1992,2,7969,1,0.001045085,0.001045085,0.001045085,0
2752,T046,1992,2,7969,1,0.001045085,0.001045085,0.001045085,0
2753,T047,1992,2,7969,1,5.58e-29,5.58e-29,5.58e-29,0
2753,T047,1992,3,7970,1,3.11e-28,3.11e-28,3.11e-28,0
2753,T047,1992,4,7971,2,1.02e-27,1.02e-27,1.02e-27,0
2753,T047,1993,1,7972,1,2.29e-26,2.29e-26,2.29e-26,0
2753,T047,1993,2,7973,1,1.4e-25,1.4e-25,1.4e-25,0
2753,T047,1993,3,7974,1,4.69e-25,4.69e-25,4.69e-25,0
2753,T047,1993,4,7975,2,1.38e-24,1.38e-24,1.38e-24,0
2753,T047,1994,1,7976,1,4.01e-23,4.01e-23,4.01e-23,0
2753,T047,1994,3,7978,2,3.81e-22,3.81e-22,3.81e-22,0
2753,T047,1994,4,7979,1,1.98e-21,1.98e-21,1.98e-21,0
2753,T047,1995,1,7980,2,2.01e-20,2.01e-20,2.01e-20,0
2753,T047,1995,3,7982,3,7.02e-19,7.02e-19,7.02e-19,0
2753,T047,1996,1,7984,1,5.19e-17,5.19e-17,5.19e-17,0
2753,T047,1996,3,7986,2,3.79e-16,3.79e-16,3.79e-16,0
2753,T047,1997,1,7988,1,6.27e-15,6.27e-15,6.27e-15,0
2753,T047,1997,2,7989,1,2.91e-14,2.91e-14,2.91e-14,0
2753,T047,1997,3,7990,1,9.26e-14,9.26e-14,9.26e-14,0
2753,T047,1997,4,7991,1,2.66e-13,2.66e-13,2.66e-13,0
2753,T047,1998,1,7992,1,9.78e-13,9.78e-13,9.78e-13,0
2753,T047,1998,3,7994,1,7.07e-12,7.07e-12,7.07e-12,0
2753,T047,1998,4,7995,1,1.36e-11,1.36e-11,1.36e-11,0
2753,T047,1999,2,7997,1,1.17e-10,1.17e-10,1.17e-10,0
2753,T047,1999,3,7998,1,2.74e-10,2.74e-10,2.74e-10,0
2753,T047,1999,4,7999,1,7.03e-10,7.03e-10,7.03e-10,0
2753,T047,2000,2,8001,1,7.45e-9,7.45e-9,7.45e-9,0
2753,T047,2001,1,8004,1,3.54e-8,3.54e-8,3.54e-8,0
2753,T047,2001,3,8006,1,1.31e-7,1.31e-7,1.31e-7,0
2753,T047,2001,4,8007,1,2.34e-7,2.34e-7,2.34e-7,0
2753,T047,2002,1,8008,1,1.12e-6,1.12e-6,1.12e-6,0
2753,T047,2002,2,8009,1,5.78e-6,5.78e-6,5.78e-6,0
2753,T047,2002,4,8011,1,2.7e-5,2.7e-5,2.7e-5,0
2753,T047,2003,1,8012,1,9.36e-5,9.36e-5,9.36e-5,0
2753,T047,2003,2,8013,1,4.42e-4,4.42e-4,4.42e-4,0
2753,T047,2003,3,8014,1,0.001410051,0.001410051,0.001410051,0
2753,T047,2003,4,8015,1,0.004061648,0.004061648,0.004061648,0
2754,T048,1992,2,7969,1,3.53e-11,3.53e-11,3.53e-11,0
2754,T048,1992,3,7970,1,1.97e-10,1.97e-10,1.97e-10,0
2754,T048,1992,4,7971,1,6.43e-10,6.43e-10,6.43e-10,0
2754,T048,1993,2,7973,1,7.89e-9,7.89e-9,7.89e-9,0
2754,T048,1993,3,7974,1,1.92e-8,1.92e-8,1.92e-8,0
2754,T048,1993,4,7975,1,5.04e-8,5.04e-8,5.04e-8,0
2754,T048,1994,3,7978,1,9.99e-7,9.99e-7,9.99e-7,0
2754,T048,1994,4,7979,1,1.7e-6,1.7e-6,1.7e-6,0
2754,T048,1995,3,7982,1,2.58e-5,2.58e-5,2.58e-5,0
2754,T048,1995,4,7983,1,4.34e-5,4.34e-5,4.34e-5,0
2754,T048,1996,3,7986,1,6.73e-4,6.73e-4,6.73e-4,0
2754,T048,1997,3,7990,1,0.005090277,0.005090277,0.005090277,0
2754,T048,1998,3,7994,1,0.026331638,0.026331638,0.026331638,0
2755,T049,1992,2,7969,1,0.001045085,0.001045085,0.001045085,0
2756,T050,1992,2,7969,1,3.99e-16,3.99e-16,3.99e-16,0
2756,T050,1992,3,7970,1,2.23e-15,2.23e-15,2.23e-15,0
2756,T050,1992,4,7971,1,7.27e-15,7.27e-15,7.27e-15,0
2756,T050,1993,1,7972,1,4.38e-14,4.38e-14,4.38e-14,0
2756,T050,1993,3,7974,1,3.67e-13,3.67e-13,3.67e-13,0
2756,T050,1993,4,7975,1,7.2e-13,7.2e-13,7.2e-13,0
2756,T050,1994,1,7976,1,4.23e-12,4.23e-12,4.23e-12,0
2756,T050,1994,3,7978,2,3.52e-11,3.52e-11,3.52e-11,0
2756,T050,1995,3,7982,1,1.35e-9,1.35e-9,1.35e-9,0
2756,T050,1995,4,7983,1,2.2e-9,2.2e-9,2.2e-9,0
2756,T050,1996,3,7986,2,3.27e-8,3.27e-8,3.27e-8,0
2756,T050,1997,2,7989,1,7.36e-7,7.36e-7,7.36e-7,0
2756,T050,1997,3,7990,1,1.66e-6,1.66e-6,1.66e-6,0
2756,T050,1998,4,7995,1,2.33e-5,2.33e-5,2.33e-5,0
2756,T050,1999,3,7998,1,8.18e-5,8.18e-5,8.18e-5,0
2756,T050,2000,2,8001,1,2.77e-4,2.77e-4,2.77e-4,0
2756,T050,2000,3,8002,1,5.12e-4,5.12e-4,5.12e-4,0
2756,T050,2001,2,8005,1,0.003548972,0.003548972,0.003548972,0
2756,T050,2001,4,8007,1,0.009560154,0.009560154,0.009560154,0
2757,T051,1992,2,7969,1,4.31e-8,4.31e-8,4.31e-8,0
2757,T051,1992,4,7971,1,3.67e-7,3.67e-7,3.67e-7,0
2757,T051,1993,1,7972,1,1.29e-6,1.29e-6,1.29e-6,0
2757,T051,1993,3,7974,1,9.41e-6,9.41e-6,9.41e-6,0
2757,T051,1994,3,7978,1,8.13e-5,8.13e-5,8.13e-5,0
2757,T051,1994,4,7979,1,1.28e-4,1.28e-4,1.28e-4,0
2757,T051,1995,3,7982,1,0.001727479,0.001727479,0.001727479,0
2757,T051,1996,1,7984,1,0.006114286,0.006114286,0.006114286,0
2758,T052,1992,2,7969,1,0.001045085,0.001045085,0.001045085,0
2759,T053,1992,2,7969,1,5.73e-5,5.73e-5,5.73e-5,0
2759,T053,1992,3,7970,1,3.2e-4,3.2e-4,3.2e-4,0
2759,T053,1992,4,7971,1,0.001044306,0.001044306,0.001044306,0
2760,T054,1992,2,7969,1,2.45e-4,2.45e-4,2.45e-4,0
2760,T054,1992,4,7971,1,0.002093063,0.002093063,0.002093063,0
2761,T055,1992,2,7969,1,5.9e-5,5.9e-5,5.9e-5,0
2761,T055,1992,3,7970,1,3.29e-4,3.29e-4,3.29e-4,0
2761,T055,1994,3,7978,1,0.010300113,0.010300113,0.010300113,0
2763,T057,1992,2,7969,1,1.35e-5,1.35e-5,1.35e-5,0
2763,T057,1992,3,7970,1,7.56e-5,7.56e-5,7.56e-5,0
2763,T057,1992,4,7971,1,2.47e-4,2.47e-4,2.47e-4,0
2763,T057,1993,3,7974,1,0.004043694,0.004043694,0.004043694,0
2764,T058,1992,2,7969,1,1.36e-5,1.36e-5,1.36e-5,0
2764,T058,1992,3,7970,1,7.56e-5,7.56e-5,7.56e-5,0
2764,T058,1993,1,7972,1,5.37e-4,5.37e-4,5.37e-4,0
2764,T058,1993,3,7974,1,0.003095245,0.003095245,0.003095245,0
2765,T059,1992,2,7969,1,1.73e-7,1.73e-7,1.73e-7,0
2765,T059,1992,3,7970,1,9.64e-7,9.64e-7,9.64e-7,0
2765,T059,1992,4,7971,1,3.15e-6,3.15e-6,3.15e-6,0
2765,T059,1993,1,7972,1,1.9e-5,1.9e-5,1.9e-5,0
2765,T059,1993,3,7974,2,1.59e-4,1.59e-4,1.59e-4,0
2765,T059,1993,4,7975,1,8.16e-4,8.16e-4,8.16e-4,0
2766,T060,1992,2,7969,1,9.59e-9,9.59e-9,9.59e-9,0
2766,T060,1992,3,7970,1,5.35e-8,5.35e-8,5.35e-8,0
2766,T060,1992,4,7971,1,1.75e-7,1.75e-7,1.75e-7,0
2766,T060,1993,1,7972,1,1.05e-6,1.05e-6,1.05e-6,0
2766,T060,1993,3,7974,2,8.82e-6,8.82e-6,8.82e-6,0
2766,T060,1994,1,7976,1,1.3e-4,1.3e-4,1.3e-4,0
2766,T060,1994,3,7978,2,8.74e-4,8.74e-4,8.74e-4,0
2767,T061,1992,2,7969,1,3.16e-6,3.16e-6,3.16e-6,0
2767,T061,1992,3,7970,1,1.76e-5,1.76e-5,1.76e-5,0
2767,T061,1992,4,7971,1,5.76e-5,5.76e-5,5.76e-5,0
2767,T061,1993,1,7972,1,3.47e-4,3.47e-4,3.47e-4,0
2767,T061,1993,3,7974,1,0.002906373,0.002906373,0.002906373,0
2768,T062,1992,2,7969,1,4.1e-8,4.1e-8,4.1e-8,0
2768,T062,1992,3,7970,1,2.29e-7,2.29e-7,2.29e-7,0
2768,T062,1992,4,7971,1,7.47e-7,7.47e-7,7.47e-7,0
2768,T062,1993,1,7972,1,4.5e-6,4.5e-6,4.5e-6,0
2768,T062,1993,3,7974,2,3.77e-5,3.77e-5,3.77e-5,0
2768,T062,1993,4,7975,1,1.93e-4,1.93e-4,1.93e-4,0
2768,T062,1994,3,7978,1,0.004918493,0.004918493,0.004918493,0
2769,T063,1992,2,7969,1,5.73e-5,5.73e-5,5.73e-5,0
2769,T063,1992,3,7970,1,3.2e-4,3.2e-4,3.2e-4,0
2769,T063,1992,4,7971,1,0.001044306,0.001044306,0.001044306,0
2770,T064,1992,2,7969,1,1.76e-7,1.76e-7,1.76e-7,0
2770,T064,1992,3,7970,1,9.79e-7,9.79e-7,9.79e-7,0
2770,T064,1992,4,7971,1,3.2e-6,3.2e-6,3.2e-6,0
2770,T064,1993,1,7972,1,1.93e-5,1.93e-5,1.93e-5,0
2770,T064,1993,3,7974,2,1.61e-4,1.61e-4,1.61e-4,0
2770,T064,1994,3,7978,1,0.00555052,0.00555052,0.00555052,0
2771,T065,1992,2,7969,1,4.05e-8,4.05e-8,4.05e-8,0
2771,T065,1992,3,7970,1,2.26e-7,2.26e-7,2.26e-7,0
2771,T065,1992,4,7971,1,7.39e-7,7.39e-7,7.39e-7,0
2771,T065,1993,1,7972,1,4.45e-6,4.45e-6,4.45e-6,0
2771,T065,1993,3,7974,2,3.73e-5,3.73e-5,3.73e-5,0
2771,T065,1993,4,7975,1,1.91e-4,1.91e-4,1.91e-4,0
2771,T065,1994,1,7976,1,0.001721576,0.001721576,0.001721576,0
2772,T066,1992,2,7969,1,5.23e-9,5.23e-9,5.23e-9,0
2772,T066,1992,3,7970,1,2.92e-8,2.92e-8,2.92e-8,0
2772,T066,1993,1,7972,1,2.07e-7,2.07e-7,2.07e-7,0
2772,T066,1993,3,7974,2,1.19e-6,1.19e-6,1.19e-6,0
2772,T066,1993,4,7975,1,3.25e-6,3.25e-6,3.25e-6,0
2772,T066,1994,1,7976,1,2.36e-5,2.36e-5,2.36e-5,0
2772,T066,1994,3,7978,1,2.03e-4,2.03e-4,2.03e-4,0
2772,T066,1995,3,7982,1,0.001982687,0.001982687,0.001982687,0
2772,T066,1995,4,7983,1,0.003142146,0.003142146,0.003142146,0
2773,T067,1992,2,7969,1,0.001045085,0.001045085,0.001045085,0
2774,T068,1992,2,7969,1,1.74e-7,1.74e-7,1.74e-7,0
2774,T068,1992,3,7970,1,9.69e-7,9.69e-7,9.69e-7,0
2774,T068,1992,4,7971,1,3.17e-6,3.17e-6,3.17e-6,0
2774,T068,1993,1,7972,1,1.91e-5,1.91e-5,1.91e-5,0
2774,T068,1993,3,7974,2,1.6e-4,1.6e-4,1.6e-4,0
2774,T068,1994,1,7976,1,0.00234908,0.00234908,0.00234908,0
2775,T069,1992,2,7969,1,0.001045085,0.001045085,0.001045085,0
2776,T070,1992,2,7969,1,2.45e-4,2.45e-4,2.45e-4,0
2776,T070,1992,3,7970,1,0.001365947,0.001365947,0.001365947,0
2777,T071,1992,2,7969,1,1.09e-8,1.09e-8,1.09e-8,0
2777,T071,1992,3,7970,1,6.06e-8,6.06e-8,6.06e-8,0
2777,T071,1993,3,7974,1,9.09e-7,9.09e-7,9.09e-7,0
2777,T071,1993,4,7975,1,1.43e-6,1.43e-6,1.43e-6,0
2777,T071,1994,3,7978,2,1.73e-5,1.73e-5,1.73e-5,0
2777,T071,1995,3,7982,1,4.71e-4,4.71e-4,4.71e-4,0
2777,T071,1995,4,7983,1,7.67e-4,7.67e-4,7.67e-4,0
2777,T071,1997,3,7990,1,0.028600496,0.028600496,0.028600496,0
2778,T072,1992,2,7969,1,4.66e-8,4.66e-8,4.66e-8,0
2778,T072,1992,3,7970,1,2.6e-7,2.6e-7,2.6e-7,0
2778,T072,1992,4,7971,1,8.49e-7,8.49e-7,8.49e-7,0
2778,T072,1993,1,7972,1,5.11e-6,5.11e-6,5.11e-6,0
2778,T072,1993,3,7974,2,4.28e-5,4.28e-5,4.28e-5,0
2778,T072,1993,4,7975,1,2.2e-4,2.2e-4,2.2e-4,0
2778,T072,1994,3,7978,2,4.94e-4,4.94e-4,4.94e-4,0
2778,T072,1996,3,7986,1,0.019410585,0.019410585,0.019410585,0
2779,T073,1992,3,7970,1,6.88e-9,6.88e-9,6.88e-9,0
2779,T073,1993,1,7972,1,6.17e-8,6.17e-8,6.17e-8,0
2779,T073,1993,3,7974,1,3.66e-7,3.66e-7,3.66e-7,0
2779,T073,1993,4,7975,1,6.99e-7,6.99e-7,6.99e-7,0
2779,T073,1994,3,7978,1,1.08e-5,1.08e-5,1.08e-5,0
2779,T073,1996,3,7986,1,1.74e-4,1.74e-4,1.74e-4,0
2779,T073,1997,3,7990,1,7.71e-4,7.71e-4,7.71e-4,0
2779,T073,1998,3,7994,1,0.003645665,0.003645665,0.003645665,0
2779,T073,1999,3,7998,2,0.014294156,0.014294156,0.014294156,0
2780,T074,1992,3,7970,2,2.44e-4,2.44e-4,2.44e-4,0
2781,T075,1992,3,7970,2,1.7e-6,1.7e-6,1.7e-6,0
2781,T075,1993,1,7972,1,5.98e-5,5.98e-5,5.98e-5,0
2781,T075,1993,3,7974,1,3.82e-4,3.82e-4,3.82e-4,0
2781,T075,1994,1,7976,1,9e-4,9e-4,9e-4,0
2781,T075,1994,4,7979,1,0.004903898,0.004903898,0.004903898,0
2782,T076,1992,3,7970,2,5.88e-5,5.88e-5,5.88e-5,0
2782,T076,1994,3,7978,1,0.010032211,0.010032211,0.010032211,0
2783,T077,1992,3,7970,1,1.01e-8,1.01e-8,1.01e-8,0
2783,T077,1992,4,7971,1,4.02e-8,4.02e-8,4.02e-8,0
2783,T077,1993,1,7972,1,2.58e-7,2.58e-7,2.58e-7,0
2783,T077,1993,3,7974,1,2.18e-6,2.18e-6,2.18e-6,0
2783,T077,1994,3,7978,1,1.92e-5,1.92e-5,1.92e-5,0
2783,T077,1994,4,7979,1,3.02e-5,3.02e-5,3.02e-5,0
2783,T077,1995,2,7981,1,3.08e-4,3.08e-4,3.08e-4,0
2783,T077,1995,3,7982,1,7.39e-4,7.39e-4,7.39e-4,0
2783,T077,1996,2,7985,1,0.009199721,0.009199721,0.009199721,0
2784,T078,1992,3,7970,1,7.12e-6,7.12e-6,7.12e-6,0
2784,T078,1992,4,7971,1,2.82e-5,2.82e-5,2.82e-5,0
2784,T078,1993,1,7972,1,1.81e-4,1.81e-4,1.81e-4,0
2784,T078,1993,2,7973,1,5.42e-4,5.42e-4,5.42e-4,0
2784,T078,1993,3,7974,1,0.001557539,0.001557539,0.001557539,0
2785,T079,1992,3,7970,1,3.07e-9,3.07e-9,3.07e-9,0
2785,T079,1992,4,7971,1,1.22e-8,1.22e-8,1.22e-8,0
2785,T079,1993,1,7972,1,7.82e-8,7.82e-8,7.82e-8,0
2785,T079,1993,2,7973,1,4.3e-7,4.3e-7,4.3e-7,0
2785,T079,1993,3,7974,1,1.42e-6,1.42e-6,1.42e-6,0
2785,T079,1993,4,7975,1,4.16e-6,4.16e-6,4.16e-6,0
2785,T079,1994,4,7979,1,1.01e-4,1.01e-4,1.01e-4,0
2785,T079,1999,2,7997,1,0.004671819,0.004671819,0.004671819,0
2785,T079,1999,3,7998,2,0.005710015,0.005710015,0.005710015,0
2786,T080,1992,3,7970,1,3.25e-6,3.25e-6,3.25e-6,0
2786,T080,1992,4,7971,1,1.29e-5,1.29e-5,1.29e-5,0
2786,T080,1993,1,7972,1,8.28e-5,8.28e-5,8.28e-5,0
2786,T080,1994,3,7978,1,0.001973993,0.001973993,0.001973993,0
2786,T080,1995,1,7980,1,0.004964814,0.004964814,0.004964814,0
2787,T081,1992,3,7970,1,3.91e-13,3.91e-13,3.91e-13,0
2787,T081,1992,4,7971,1,1.55e-12,1.55e-12,1.55e-12,0
2787,T081,1993,1,7972,1,9.94e-12,9.94e-12,9.94e-12,0
2787,T081,1993,2,7973,1,5.47e-11,5.47e-11,5.47e-11,0
2787,T081,1993,3,7974,1,1.81e-10,1.81e-10,1.81e-10,0
2787,T081,1993,4,7975,1,5.28e-10,5.28e-10,5.28e-10,0
2787,T081,1994,1,7976,1,3.98e-9,3.98e-9,3.98e-9,0
2787,T081,1994,3,7978,2,3.44e-8,3.44e-8,3.44e-8,0
2787,T081,1994,4,7979,1,1.77e-7,1.77e-7,1.77e-7,0
2787,T081,1995,3,7982,2,5.11e-6,5.11e-6,5.11e-6,0
2787,T081,1996,3,7986,3,1.49e-4,1.49e-4,1.49e-4,0
2787,T081,1996,4,7987,1,0.001871577,0.001871577,0.001871577,0
2788,T082,1992,3,7970,1,7.11e-12,7.11e-12,7.11e-12,0
2788,T082,1992,4,7971,1,2.82e-11,2.82e-11,2.82e-11,0
2788,T082,1993,1,7972,1,1.81e-10,1.81e-10,1.81e-10,0
2788,T082,1993,2,7973,1,9.94e-10,9.94e-10,9.94e-10,0
2788,T082,1993,3,7974,1,3.29e-9,3.29e-9,3.29e-9,0
2788,T082,1993,4,7975,1,9.61e-9,9.61e-9,9.61e-9,0
2788,T082,1994,1,7976,1,7.25e-8,7.25e-8,7.25e-8,0
2788,T082,1994,2,7977,1,4.07e-7,4.07e-7,4.07e-7,0
2788,T082,1994,3,7978,1,1.35e-6,1.35e-6,1.35e-6,0
2788,T082,1995,1,7980,1,1.08e-5,1.08e-5,1.08e-5,0
2788,T082,1995,2,7981,1,4.72e-5,4.72e-5,4.72e-5,0
2788,T082,1995,3,7982,1,1.49e-4,1.49e-4,1.49e-4,0
2788,T082,1996,2,7985,1,0.002154107,0.002154107,0.002154107,0
2788,T082,1996,3,7986,1,0.00481164,0.00481164,0.00481164,0
2789,T083,1992,3,7970,1,3.73e-8,3.73e-8,3.73e-8,0
2789,T083,1992,4,7971,1,1.48e-7,1.48e-7,1.48e-7,0
2789,T083,1993,1,7972,1,9.49e-7,9.49e-7,9.49e-7,0
2789,T083,1993,2,7973,1,5.22e-6,5.22e-6,5.22e-6,0
2789,T083,1993,3,7974,1,1.72e-5,1.72e-5,1.72e-5,0
2789,T083,1993,4,7975,1,5.05e-5,5.05e-5,5.05e-5,0
2789,T083,1994,1,7976,1,3.8e-4,3.8e-4,3.8e-4,0
2789,T083,1994,2,7977,1,0.002136741,0.002136741,0.002136741,0
2789,T083,1994,3,7978,1,0.007076717,0.007076717,0.007076717,0
2789,T083,1994,4,7979,1,0.020714409,0.020714409,0.020714409,0
2789,T083,1995,1,7980,1,0.175183431,0.175183431,0.175183431,0
2789,T083,1995,2,7981,1,0.217027543,0.217027543,0.217027543,0
2790,T084,1992,3,7970,1,4.18e-8,4.18e-8,4.18e-8,0
2790,T084,1992,4,7971,1,1.66e-7,1.66e-7,1.66e-7,0
2790,T084,1993,1,7972,1,1.06e-6,1.06e-6,1.06e-6,0
2790,T084,1993,2,7973,1,5.85e-6,5.85e-6,5.85e-6,0
2790,T084,1993,3,7974,1,1.93e-5,1.93e-5,1.93e-5,0
2790,T084,1993,4,7975,1,5.66e-5,5.66e-5,5.66e-5,0
2790,T084,1994,1,7976,1,4.27e-4,4.27e-4,4.27e-4,0
2790,T084,1995,3,7982,1,0.011217858,0.011217858,0.011217858,0
2791,T085,1992,3,7970,1,1.01e-7,1.01e-7,1.01e-7,0
2791,T085,1992,4,7971,1,3.99e-7,3.99e-7,3.99e-7,0
2791,T085,1993,1,7972,1,2.56e-6,2.56e-6,2.56e-6,0
2791,T085,1993,2,7973,1,3.15e-6,3.15e-6,3.15e-6,0
2791,T085,1993,3,7974,1,4.8e-6,4.8e-6,4.8e-6,0
2791,T085,1993,4,7975,1,6.83e-6,6.83e-6,6.83e-6,0
2791,T085,1994,1,7976,1,2.7e-5,2.7e-5,2.7e-5,0
2791,T085,1994,2,7977,1,1.34e-4,1.34e-4,1.34e-4,0
2791,T085,1995,1,7980,1,0.001141883,0.001141883,0.001141883,0
2791,T085,1995,2,7981,1,0.003860512,0.003860512,0.003860512,0
2792,T086,1992,3,7970,1,6.52e-10,6.52e-10,6.52e-10,0
2792,T086,1992,4,7971,1,2.58e-9,2.58e-9,2.58e-9,0
2792,T086,1993,1,7972,1,1.66e-8,1.66e-8,1.66e-8,0
2792,T086,1993,2,7973,1,9.12e-8,9.12e-8,9.12e-8,0
2792,T086,1993,3,7974,1,3.01e-7,3.01e-7,3.01e-7,0
2792,T086,1993,4,7975,1,8.81e-7,8.81e-7,8.81e-7,0
2792,T086,1994,2,7977,1,1.38e-5,1.38e-5,1.38e-5,0
2792,T086,1995,2,7981,1,1.23e-4,1.23e-4,1.23e-4,0
2792,T086,1995,3,7982,1,2.42e-4,2.42e-4,2.42e-4,0
2792,T086,1998,2,7993,1,0.01162857,0.01162857,0.01162857,0
2792,T086,1998,3,7994,1,0.016486497,0.016486497,0.016486497,0
2793,T087,1992,3,7970,1,1.95e-5,1.95e-5,1.95e-5,0
2793,T087,1992,4,7971,1,2.24e-5,2.24e-5,2.24e-5,0
2793,T087,1993,2,7973,1,7.03e-5,7.03e-5,7.03e-5,0
2793,T087,1993,3,7974,1,1.45e-4,1.45e-4,1.45e-4,0
2793,T087,1993,4,7975,1,3.51e-4,3.51e-4,3.51e-4,0
2793,T087,1994,3,7978,1,0.006617535,0.006617535,0.006617535,0
2793,T087,1994,4,7979,1,0.011227788,0.011227788,0.011227788,0
2793,T087,1995,3,7982,1,0.170337494,0.170337494,0.170337494,0
2793,T087,1996,2,7985,1,0.999999983,0.999999983,0.999999983,0
2793,T087,1998,3,7994,1,1,1,1,0
2794,T088,1992,3,7970,1,5.78e-5,5.78e-5,5.78e-5,0
2794,T088,1992,4,7971,1,2.29e-4,2.29e-4,2.29e-4,0
2794,T088,1993,3,7974,1,0.004026,0.004026,0.004026,0
2795,T089,1992,3,7970,1,5.52e-10,5.52e-10,5.52e-10,0
2795,T089,1992,4,7971,1,2.19e-9,2.19e-9,2.19e-9,0
2795,T089,1993,1,7972,1,1.4e-8,1.4e-8,1.4e-8,0
2795,T089,1993,2,7973,1,7.72e-8,7.72e-8,7.72e-8,0
2795,T089,1993,3,7974,1,2.55e-7,2.55e-7,2.55e-7,0
2795,T089,1993,4,7975,1,7.46e-7,7.46e-7,7.46e-7,0
2795,T089,1994,2,7977,1,1.17e-5,1.17e-5,1.17e-5,0
2795,T089,1995,2,7981,1,1.05e-4,1.05e-4,1.05e-4,0
2795,T089,1995,3,7982,2,2.05e-4,2.05e-4,2.05e-4,0
2795,T089,1996,2,7985,1,0.008670184,0.008670184,0.008670184,0
2796,T090,1992,3,7970,1,2.46e-4,2.46e-4,2.46e-4,0
2796,T090,1993,1,7972,1,0.002202678,0.002202678,0.002202678,0
2797,T091,1992,3,7970,1,1.35e-5,1.35e-5,1.35e-5,0
2797,T091,1992,4,7971,1,5.36e-5,5.36e-5,5.36e-5,0
2797,T091,1993,1,7972,1,3.44e-4,3.44e-4,3.44e-4,0
2797,T091,1993,4,7975,1,0.003563488,0.003563488,0.003563488,0
2798,T092,1992,3,7970,1,0.001045085,0.001045085,0.001045085,0
2799,T093,1992,3,7970,1,4.72e-5,4.72e-5,4.72e-5,0
2799,T093,1992,4,7971,1,1.87e-4,1.87e-4,1.87e-4,0
2799,T093,1993,1,7972,1,0.001201032,0.001201032,0.001201032,0
2799,T093,1993,2,7973,1,0.006606411,0.006606411,0.006606411,0
2799,T093,1993,3,7974,1,0.02182614,0.02182614,0.02182614,0
2799,T093,1993,4,7975,1,0.063871757,0.063871757,0.063871757,0
2799,T093,1994,2,7977,1,1,1,1,0
2799,T093,1994,3,7978,1,1,1,1,0
2800,T094,1992,3,7970,1,3.14e-6,3.14e-6,3.14e-6,0
2800,T094,1992,4,7971,2,1.24e-5,1.24e-5,1.24e-5,0
2800,T094,1993,1,7972,1,3.01e-4,3.01e-4,3.01e-4,0
2800,T094,1993,2,7973,1,0.001840782,0.001840782,0.001840782,0
2801,T095,1992,3,7970,1,4.22e-8,4.22e-8,4.22e-8,0
2801,T095,1992,4,7971,1,1.67e-7,1.67e-7,1.67e-7,0
2801,T095,1993,3,7974,2,2.94e-6,2.94e-6,2.94e-6,0
2801,T095,1994,3,7978,2,7.37e-5,7.37e-5,7.37e-5,0
2801,T095,1994,4,7979,1,2.69e-4,2.69e-4,2.69e-4,0
2801,T095,1995,4,7983,1,0.008174317,0.008174317,0.008174317,0
2802,T096,1992,3,7970,1,1.38e-5,1.38e-5,1.38e-5,0
2802,T096,1993,1,7972,1,1.23e-4,1.23e-4,1.23e-4,0
2802,T096,1993,3,7974,1,7.32e-4,7.32e-4,7.32e-4,0
2802,T096,1994,3,7978,1,0.006118317,0.006118317,0.006118317,0
2803,T097,1992,3,7970,1,1.82e-7,1.82e-7,1.82e-7,0
2803,T097,1993,3,7974,1,3.51e-6,3.51e-6,3.51e-6,0
2803,T097,1993,4,7975,1,5.57e-6,5.57e-6,5.57e-6,0
2803,T097,1994,3,7978,1,6.8e-5,6.8e-5,6.8e-5,0
2803,T097,1995,3,7982,2,4.84e-4,4.84e-4,4.84e-4,0
2803,T097,1995,4,7983,1,0.001644797,0.001644797,0.001644797,0
2804,T098,1992,3,7970,1,1.47e-5,1.47e-5,1.47e-5,0
2804,T098,1993,1,7972,1,1.32e-4,1.32e-4,1.32e-4,0
2804,T098,1993,2,7973,1,5.23e-4,5.23e-4,5.23e-4,0
2804,T098,1993,3,7974,1,0.001626334,0.001626334,0.001626334,0
2804,T098,1994,1,7976,1,0.002142431,0.002142431,0.002142431,0
2804,T098,1994,3,7978,1,0.005320073,0.005320073,0.005320073,0
2805,T099,1992,3,7970,1,2.47e-4,2.47e-4,2.47e-4,0
2805,T099,1993,2,7973,1,0.003750434,0.003750434,0.003750434,0
2806,T100,1992,3,7970,1,2.47e-4,2.47e-4,2.47e-4,0
2806,T100,1993,2,7973,1,0.003750434,0.003750434,0.003750434,0
2807,T101,1992,4,7971,1,4.23e-7,4.23e-7,4.23e-7,0
2807,T101,1993,1,7972,1,1.36e-6,1.36e-6,1.36e-6,0
2807,T101,1993,4,7975,1,1.18e-5,1.18e-5,1.18e-5,0
2807,T101,1994,1,7976,1,3.28e-5,3.28e-5,3.28e-5,0
2807,T101,1994,2,7977,1,1.45e-4,1.45e-4,1.45e-4,0
2807,T101,1995,3,7982,1,0.002297273,0.002297273,0.002297273,0
2807,T101,1996,3,7986,1,0.013452373,0.013452373,0.013452373,0
2808,T102,1992,4,7971,1,6.29e-8,6.29e-8,6.29e-8,0
2808,T102,1993,4,7975,1,1.2e-6,1.2e-6,1.2e-6,0
2808,T102,1994,3,7978,1,1.45e-6,1.45e-6,1.45e-6,0
2808,T102,1996,2,7985,1,5.02e-6,5.02e-6,5.02e-6,0
2808,T102,1996,3,7986,1,7.48e-6,7.48e-6,7.48e-6,0
2808,T102,1997,2,7989,1,5.74e-5,5.74e-5,5.74e-5,0
2808,T102,1997,3,7990,1,1.23e-4,1.23e-4,1.23e-4,0
2808,T102,1999,2,7997,1,0.002377644,0.002377644,0.002377644,0
2808,T102,1999,3,7998,1,0.003465863,0.003465863,0.003465863,0
2808,T102,2000,2,8001,1,0.017355537,0.017355537,0.017355537,0
2809,T103,1992,4,7971,1,2.45e-4,2.45e-4,2.45e-4,0
2809,T103,1993,1,7972,1,0.001475381,0.001475381,0.001475381,0
2810,T104,1992,4,7971,1,0.001045085,0.001045085,0.001045085,0
2811,T105,1992,4,7971,1,0.001045085,0.001045085,0.001045085,0
2812,T106,1992,4,7971,1,1.28e-8,1.28e-8,1.28e-8,0
2812,T106,1993,1,7972,1,7.71e-8,7.71e-8,7.71e-8,0
2812,T106,1993,2,7973,1,4.2e-7,4.2e-7,4.2e-7,0
2812,T106,1993,3,7974,1,1.38e-6,1.38e-6,1.38e-6,0
2812,T106,1994,2,7977,1,1.79e-5,1.79e-5,1.79e-5,0
2812,T106,1994,3,7978,1,3.95e-5,3.95e-5,3.95e-5,0
2812,T106,1996,3,7986,1,0.00134101,0.00134101,0.00134101,0
2812,T106,1998,3,7994,1,0.011484356,0.011484356,0.011484356,0
2812,T106,1999,3,7998,1,0.031349016,0.031349016,0.031349016,0
2813,T107,1992,4,7971,1,2.47e-4,2.47e-4,2.47e-4,0
2813,T107,1993,3,7974,1,0.004043878,0.004043878,0.004043878,0
2814,T108,1992,4,7971,1,1.67e-5,1.67e-5,1.67e-5,0
2814,T108,1993,1,7972,1,1e-4,1e-4,1e-4,0
2814,T108,1994,3,7978,1,0.00236441,0.00236441,0.00236441,0
2814,T108,1998,4,7995,1,0.06591941,0.06591941,0.06591941,0
2815,T109,1992,4,7971,1,1.41e-4,1.41e-4,1.41e-4,0
2815,T109,1993,1,7972,1,4.55e-4,4.55e-4,4.55e-4,0
2815,T109,1993,3,7974,2,0.003228507,0.003228507,0.003228507,0
2815,T109,1994,3,7978,1,0.008601149,0.008601149,0.008601149,0
2816,U001,2001,1,8004,1,0.010598884,0.010598884,0.010598884,0
2817,U002,2001,1,8004,1,0.010598884,0.010598884,0.010598884,0
2818,U003,2001,2,8005,1,2e-6,2e-6,2e-6,0
2818,U003,2001,3,8006,2,4.89e-6,4.89e-6,4.89e-6,0
2818,U003,2002,1,8008,1,1.07e-4,1.07e-4,1.07e-4,0
2818,U003,2002,3,8010,1,6.97e-4,6.97e-4,6.97e-4,0
2818,U003,2002,4,8011,1,0.001333258,0.001333258,0.001333258,0
2818,U003,2003,3,8014,1,0.016763391,0.016763391,0.016763391,0
2819,U004,2001,2,8005,1,0.010598884,0.010598884,0.010598884,0
2820,U005,2001,2,8005,1,0.048443211,0.048443211,0.048443211,0
2820,U005,2001,3,8006,2,0.11839143,0.11839143,0.11839143,0
2820,U005,2002,1,8008,1,0.245029193,0.245029193,0.245029193,0
2820,U005,2002,3,8010,2,0.974671518,0.974671518,0.974671518,0
2820,U005,2003,1,8012,1,1,1,1,0
2820,U005,2003,3,8014,1,1,1,1,0
2821,U006,2001,2,8005,1,0.010598884,0.010598884,0.010598884,0
2822,U007,2001,2,8005,1,0.044312756,0.044312756,0.044312756,0
2822,U007,2001,3,8006,1,0.108296921,0.108296921,0.108296921,0
2823,U008,2001,2,8005,1,2.54e-11,2.54e-11,2.54e-11,0
2823,U008,2001,3,8006,2,2.72e-11,2.72e-11,2.72e-11,0
2823,U008,2002,1,8008,1,9.35e-11,9.35e-11,9.35e-11,0
2823,U008,2002,3,8010,1,4.75e-10,4.75e-10,4.75e-10,0
2823,U008,2002,4,8011,1,6.58e-10,6.58e-10,6.58e-10,0
2823,U008,2003,2,8013,1,3.92e-9,3.92e-9,3.92e-9,0
2823,U008,2003,3,8014,1,8.9e-9,8.9e-9,8.9e-9,0
2823,U008,2004,3,8018,1,9.91e-8,9.91e-8,9.91e-8,0
2823,U008,2005,2,8021,1,3.96e-7,3.96e-7,3.96e-7,0
2823,U008,2006,2,8025,1,1.99e-6,1.99e-6,1.99e-6,0
2823,U008,2007,2,8029,1,8.96e-6,8.96e-6,8.96e-6,0
2823,U008,2009,2,8037,1,3.58e-4,3.58e-4,3.58e-4,0
2823,U008,2009,4,8039,1,0.001921411,0.001921411,0.001921411,0
2824,U009,2001,2,8005,1,0.011904393,0.011904393,0.011904393,0
2824,U009,2001,3,8006,1,0.029093408,0.029093408,0.029093408,0
2824,U009,2002,1,8008,1,0.17122421,0.17122421,0.17122421,0
2824,U009,2002,3,8010,2,0.990131983,0.990131983,0.990131983,0
2824,U009,2002,4,8011,1,1,1,1,0
2824,U009,2003,2,8013,1,1,1,1,0
2824,U009,2003,3,8014,1,1,1,1,0
2824,U009,2004,1,8016,1,1,1,1,0
2824,U009,2004,4,8019,2,1,1,1,0
2825,U010,2001,2,8005,1,3.45e-5,3.45e-5,3.45e-5,0
2825,U010,2001,3,8006,2,8.44e-5,8.44e-5,8.44e-5,0
2825,U010,2002,1,8008,1,0.001852197,0.001852197,0.001852197,0
2825,U010,2002,4,8011,1,0.014597846,0.014597846,0.014597846,0
2826,U011,2001,2,8005,1,1.41e-4,1.41e-4,1.41e-4,0
2826,U011,2001,3,8006,2,3.45e-4,3.45e-4,3.45e-4,0
2826,U011,2002,1,8008,1,0.007577694,0.007577694,0.007577694,0
2827,U012,2001,2,8005,1,6.3e-9,6.3e-9,6.3e-9,0
2827,U012,2001,3,8006,2,1.54e-8,1.54e-8,1.54e-8,0
2827,U012,2002,1,8008,1,3.38e-7,3.38e-7,3.38e-7,0
2827,U012,2002,3,8010,2,2.2e-6,2.2e-6,2.2e-6,0
2827,U012,2003,2,8013,1,4.66e-5,4.66e-5,4.66e-5,0
2827,U012,2003,3,8014,1,1.01e-4,1.01e-4,1.01e-4,0
2827,U012,2004,3,8018,1,0.001092954,0.001092954,0.001092954,0
2827,U012,2008,2,8033,1,0.016705547,0.016705547,0.016705547,0
2828,U013,2001,2,8005,1,0.010598884,0.010598884,0.010598884,0
2829,U014,2001,2,8005,1,0.010598884,0.010598884,0.010598884,0
2830,U015,2001,2,8005,1,0.010598884,0.010598884,0.010598884,0
2831,U016,2001,2,8005,1,0.173397387,0.173397387,0.173397387,0
2832,U017,2001,2,8005,1,0.173397387,0.173397387,0.173397387,0
2833,U018,2001,2,8005,1,0.173397387,0.173397387,0.173397387,0
2834,U019,2001,2,8005,1,8.04e-6,8.04e-6,8.04e-6,0
2834,U019,2001,3,8006,1,1.96e-5,1.96e-5,1.96e-5,0
2834,U019,2001,4,8007,1,5.15e-5,5.15e-5,5.15e-5,0
2834,U019,2002,1,8008,1,3.26e-4,3.26e-4,3.26e-4,0
2834,U019,2002,2,8009,1,0.001764493,0.001764493,0.001764493,0
2834,U019,2002,3,8010,1,0.005762319,0.005762319,0.005762319,0
2835,U020,2001,2,8005,1,1.94e-6,1.94e-6,1.94e-6,0
2835,U020,2001,3,8006,1,4.75e-6,4.75e-6,4.75e-6,0
2835,U020,2002,1,8008,1,2.79e-5,2.79e-5,2.79e-5,0
2835,U020,2002,2,8009,1,1.09e-4,1.09e-4,1.09e-4,0
2835,U020,2002,3,8010,1,3.34e-4,3.34e-4,3.34e-4,0
2835,U020,2003,1,8012,2,0.002113709,0.002113709,0.002113709,0
2836,U021,2001,2,8005,1,5.96e-4,5.96e-4,5.96e-4,0
2836,U021,2001,3,8006,1,0.001455651,0.001455651,0.001455651,0
2836,U021,2001,4,8007,1,0.003814299,0.003814299,0.003814299,0
2837,U022,2001,2,8005,1,0.023623241,0.023623241,0.023623241,0
2838,U023,2001,3,8006,2,7.98e-6,7.98e-6,7.98e-6,0
2838,U023,2001,4,8007,1,4.01e-5,4.01e-5,4.01e-5,0
2838,U023,2002,1,8008,1,3.17e-4,3.17e-4,3.17e-4,0
2838,U023,2002,2,8009,1,0.00176763,0.00176763,0.00176763,0
2838,U023,2002,4,8011,1,0.008375743,0.008375743,0.008375743,0
2839,U024,2001,3,8006,2,3.33e-5,3.33e-5,3.33e-5,0
2839,U024,2001,4,8007,1,1.67e-4,1.67e-4,1.67e-4,0
2839,U024,2002,1,8008,1,0.001324291,0.001324291,0.001324291,0
2839,U024,2002,2,8009,1,0.007375679,0.007375679,0.007375679,0
2840,U025,2001,3,8006,2,1.39e-4,1.39e-4,1.39e-4,0
2840,U025,2001,4,8007,1,7e-4,7e-4,7e-4,0
2840,U025,2002,1,8008,1,0.005543522,0.005543522,0.005543522,0
2841,U026,2001,3,8006,2,3.39e-5,3.39e-5,3.39e-5,0
2841,U026,2002,1,8008,1,4.45e-4,4.45e-4,4.45e-4,0
2841,U026,2002,2,8009,1,0.001883186,0.001883186,0.001883186,0
2841,U026,2002,3,8010,1,0.005880537,0.005880537,0.005880537,0
2842,U027,2001,3,8006,2,5.87e-4,5.87e-4,5.87e-4,0
2842,U027,2001,4,8007,1,0.002947618,0.002947618,0.002947618,0
2843,U028,2001,3,8006,2,5.87e-4,5.87e-4,5.87e-4,0
2843,U028,2001,4,8007,1,0.002947618,0.002947618,0.002947618,0
2844,U029,2001,3,8006,1,0.002511584,0.002511584,0.002511584,0
2844,U029,2001,4,8007,1,0.004867738,0.004867738,0.004867738,0
2845,U030,2001,3,8006,2,5.87e-4,5.87e-4,5.87e-4,0
2845,U030,2001,4,8007,1,0.002947618,0.002947618,0.002947618,0
2846,U031,2001,3,8006,2,4.11e-4,4.11e-4,4.11e-4,0
2846,U031,2001,4,8007,1,0.001143632,0.001143632,0.001143632,0
2846,U031,2002,1,8008,1,0.007470951,0.007470951,0.007470951,0
2846,U031,2002,2,8009,1,0.040562505,0.040562505,0.040562505,0
2846,U031,2002,3,8010,1,0.081293998,0.081293998,0.081293998,0
2846,U031,2003,2,8013,1,0.658637176,0.658637176,0.658637176,0
2846,U031,2005,3,8022,1,1,1,1,0
2847,U032,2001,3,8006,2,6.63e-5,6.63e-5,6.63e-5,0
2847,U032,2002,1,8008,1,8.7e-4,8.7e-4,8.7e-4,0
2847,U032,2002,2,8009,1,0.003679409,0.003679409,0.003679409,0
2847,U032,2002,3,8010,1,0.011489516,0.011489516,0.011489516,0
2847,U032,2002,4,8011,1,0.03288795,0.03288795,0.03288795,0
2847,U032,2004,2,8017,1,0.999999998,0.999999998,0.999999998,0
2848,U033,2001,3,8006,2,1.44e-4,1.44e-4,1.44e-4,0
2848,U033,2001,4,8007,1,7.23e-4,7.23e-4,7.23e-4,0
2848,U033,2002,3,8010,1,0.01578794,0.01578794,0.01578794,0
2849,U034,2001,3,8006,2,8.6e-6,8.6e-6,8.6e-6,0
2849,U034,2002,2,8009,1,1.98e-4,1.98e-4,1.98e-4,0
2849,U034,2002,4,8011,1,5.85e-4,5.85e-4,5.85e-4,0
2849,U034,2003,2,8013,1,0.003287823,0.003287823,0.003287823,0
2849,U034,2003,4,8015,1,0.010049101,0.010049101,0.010049101,0
2850,U035,2001,3,8006,2,2.91e-8,2.91e-8,2.91e-8,0
2850,U035,2002,1,8008,1,3.82e-7,3.82e-7,3.82e-7,0
2850,U035,2002,2,8009,1,1.62e-6,1.62e-6,1.62e-6,0
2850,U035,2002,3,8010,1,5.05e-6,5.05e-6,5.05e-6,0
2850,U035,2002,4,8011,1,1.45e-5,1.45e-5,1.45e-5,0
2850,U035,2003,2,8013,1,1.83e-4,1.83e-4,1.83e-4,0
2850,U035,2003,4,8015,1,6.04e-4,6.04e-4,6.04e-4,0
2850,U035,2004,3,8018,1,0.004554783,0.004554783,0.004554783,0
2850,U035,2005,3,8022,1,0.024264558,0.024264558,0.024264558,0
2851,U036,2001,3,8006,2,7.91e-6,7.91e-6,7.91e-6,0
2851,U036,2001,4,8007,1,3.97e-5,3.97e-5,3.97e-5,0
2851,U036,2002,1,8008,1,3.15e-4,3.15e-4,3.15e-4,0
2851,U036,2002,2,8009,1,0.001752784,0.001752784,0.001752784,0
2851,U036,2002,3,8010,1,0.005750657,0.005750657,0.005750657,0
2852,U037,2001,3,8006,2,0.001320698,0.001320698,0.001320698,0
2852,U037,2001,4,8007,1,0.006632807,0.006632807,0.006632807,0
2853,U038,2001,3,8006,1,6.19e-4,6.19e-4,6.19e-4,0
2853,U038,2002,1,8008,1,0.002371569,0.002371569,0.002371569,0
2853,U038,2002,3,8010,1,0.012466582,0.012466582,0.012466582,0
2854,U039,2001,3,8006,2,7.98e-6,7.98e-6,7.98e-6,0
2854,U039,2001,4,8007,1,4.01e-5,4.01e-5,4.01e-5,0
2854,U039,2002,1,8008,1,3.17e-4,3.17e-4,3.17e-4,0
2854,U039,2002,2,8009,1,0.00176763,0.00176763,0.00176763,0
2854,U039,2002,4,8011,1,0.008375743,0.008375743,0.008375743,0
2855,U040,2001,3,8006,2,0.076179231,0.076179231,0.076179231,0
2855,U040,2002,1,8008,1,0.999999859,0.999999859,0.999999859,0
2856,U041,2001,3,8006,2,5.33e-7,5.33e-7,5.33e-7,0
2856,U041,2002,1,8008,1,7e-6,7e-6,7e-6,0
2856,U041,2002,3,8010,2,4.42e-5,4.42e-5,4.42e-5,0
2856,U041,2002,4,8011,1,2.16e-4,2.16e-4,2.16e-4,0
2856,U041,2004,3,8018,1,0.009025107,0.009025107,0.009025107,0
2856,U041,2005,3,8022,1,0.02864637,0.02864637,0.02864637,0
2857,U042,2001,3,8006,2,0.002492279,0.002492279,0.002492279,0
2858,U043,2001,3,8006,2,0.002116119,0.002116119,0.002116119,0
2858,U043,2002,1,8008,1,0.027778152,0.027778152,0.027778152,0
2858,U043,2002,3,8010,1,0.175633779,0.175633779,0.175633779,0
2858,U043,2003,2,8013,1,0.999999997,0.999999997,0.999999997,0
2859,U044,2001,3,8006,2,4.95e-7,4.95e-7,4.95e-7,0
2859,U044,2002,1,8008,1,6.49e-6,6.49e-6,6.49e-6,0
2859,U044,2002,3,8010,2,4.11e-5,4.11e-5,4.11e-5,0
2859,U044,2003,2,8013,1,8.67e-4,8.67e-4,8.67e-4,0
2859,U044,2003,3,8014,1,0.001884761,0.001884761,0.001884761,0
2859,U044,2004,3,8018,1,0.020325275,0.020325275,0.020325275,0
2860,U045,2001,3,8006,2,3.4e-5,3.4e-5,3.4e-5,0
2860,U045,2002,1,8008,1,4.47e-4,4.47e-4,4.47e-4,0
2860,U045,2002,3,8010,2,0.002824162,0.002824162,0.002824162,0
2861,U046,2001,3,8006,2,1.02e-4,1.02e-4,1.02e-4,0
2861,U046,2002,1,8008,1,0.001344603,0.001344603,0.001344603,0
2861,U046,2002,3,8010,2,0.008501561,0.008501561,0.008501561,0
2861,U046,2004,3,8018,1,0.436451099,0.436451099,0.436451099,0
2862,U047,2001,3,8006,2,5.7e-4,5.7e-4,5.7e-4,0
2862,U047,2002,1,8008,1,0.007487109,0.007487109,0.007487109,0
2862,U047,2002,3,8010,2,0.047338976,0.047338976,0.047338976,0
2862,U047,2003,2,8013,1,0.999999996,0.999999996,0.999999996,0
2863,U048,2001,3,8006,1,4.41e-6,4.41e-6,4.41e-6,0
2863,U048,2001,4,8007,1,8.55e-6,8.55e-6,8.55e-6,0
2863,U048,2002,2,8009,1,8.79e-5,8.79e-5,8.79e-5,0
2863,U048,2002,3,8010,1,2.09e-4,2.09e-4,2.09e-4,0
2863,U048,2002,4,8011,1,5.41e-4,5.41e-4,5.41e-4,0
2863,U048,2003,1,8012,1,0.001727023,0.001727023,0.001727023,0
2863,U048,2003,2,8013,1,0.007924679,0.007924679,0.007924679,0
2864,U049,2001,3,8006,1,1.35e-4,1.35e-4,1.35e-4,0
2864,U049,2001,4,8007,1,2.62e-4,2.62e-4,2.62e-4,0
2864,U049,2002,1,8008,1,7.47e-4,7.47e-4,7.47e-4,0
2864,U049,2002,2,8009,1,0.003284378,0.003284378,0.003284378,0
2864,U049,2002,3,8010,1,0.010337903,0.010337903,0.010337903,0
2864,U049,2002,4,8011,1,0.029663421,0.029663421,0.029663421,0
2864,U049,2003,1,8012,1,0.185499342,0.185499342,0.185499342,0
2864,U049,2003,2,8013,1,0.999999997,0.999999997,0.999999997,0
2864,U049,2003,3,8014,1,1,1,1,0
2865,U050,2001,3,8006,1,2.06e-6,2.06e-6,2.06e-6,0
2865,U050,2001,4,8007,1,4e-6,4e-6,4e-6,0
2865,U050,2002,2,8009,1,2.04e-5,2.04e-5,2.04e-5,0
2865,U050,2002,3,8010,1,4.56e-5,4.56e-5,4.56e-5,0
2865,U050,2002,4,8011,1,1.14e-4,1.14e-4,1.14e-4,0
2865,U050,2003,2,8013,1,0.001345712,0.001345712,0.001345712,0
2865,U050,2003,3,8014,1,0.003225444,0.003225444,0.003225444,0
2865,U050,2005,3,8022,1,0.006683358,0.006683358,0.006683358,0
2865,U050,2006,2,8025,1,0.012206663,0.012206663,0.012206663,0
2866,U051,2001,3,8006,1,4.96e-7,4.96e-7,4.96e-7,0
2866,U051,2002,1,8008,1,1.9e-6,1.9e-6,1.9e-6,0
2866,U051,2002,2,8009,1,6.81e-6,6.81e-6,6.81e-6,0
2866,U051,2002,4,8011,1,2.92e-5,2.92e-5,2.92e-5,0
2866,U051,2003,2,8013,1,1.85e-4,1.85e-4,1.85e-4,0
2866,U051,2003,3,8014,1,4.23e-4,4.23e-4,4.23e-4,0
2866,U051,2003,4,8015,1,0.001075727,0.001075727,0.001075727,0
2866,U051,2004,3,8018,1,0.016785811,0.016785811,0.016785811,0
2867,U052,2001,3,8006,1,8.21e-5,8.21e-5,8.21e-5,0
2867,U052,2002,2,8009,1,2.69e-4,2.69e-4,2.69e-4,0
2867,U052,2002,3,8010,1,5.02e-4,5.02e-4,5.02e-4,0
2867,U052,2003,1,8012,1,0.002341323,0.002341323,0.002341323,0
2867,U052,2003,3,8014,1,0.012686389,0.012686389,0.012686389,0
2868,U053,2001,3,8006,1,1.26e-7,1.26e-7,1.26e-7,0
2868,U053,2002,1,8008,1,4.83e-7,4.83e-7,4.83e-7,0
2868,U053,2002,2,8009,1,1.73e-6,1.73e-6,1.73e-6,0
2868,U053,2002,3,8010,1,5.2e-6,5.2e-6,5.2e-6,0
2868,U053,2002,4,8011,1,1.47e-5,1.47e-5,1.47e-5,0
2868,U053,2003,2,8013,1,1.85e-4,1.85e-4,1.85e-4,0
2868,U053,2003,3,8014,1,4.45e-4,4.45e-4,4.45e-4,0
2868,U053,2005,2,8021,1,0.008758347,0.008758347,0.008758347,0
2868,U053,2005,3,8022,1,0.013228298,0.013228298,0.013228298,0
2869,U054,2001,3,8006,1,1.09e-7,1.09e-7,1.09e-7,0
2869,U054,2002,1,8008,1,4.17e-7,4.17e-7,4.17e-7,0
2869,U054,2002,2,8009,1,1.49e-6,1.49e-6,1.49e-6,0
2869,U054,2002,3,8010,1,4.48e-6,4.48e-6,4.48e-6,0
2869,U054,2002,4,8011,1,1.27e-5,1.27e-5,1.27e-5,0
2869,U054,2003,2,8013,2,1.59e-4,1.59e-4,1.59e-4,0
2869,U054,2003,3,8014,2,0.001119305,0.001119305,0.001119305,0
2870,U055,2001,3,8006,1,0.010598884,0.010598884,0.010598884,0
2871,U056,2001,3,8006,1,5.97e-4,5.97e-4,5.97e-4,0
2871,U056,2001,4,8007,1,0.001157715,0.001157715,0.001157715,0
2871,U056,2002,1,8008,1,0.005999003,0.005999003,0.005999003,0
2872,U057,2001,3,8006,1,3.12e-11,3.12e-11,3.12e-11,0
2872,U057,2001,4,8007,1,6.05e-11,6.05e-11,6.05e-11,0
2872,U057,2002,1,8008,1,3.13e-10,3.13e-10,3.13e-10,0
2872,U057,2002,2,8009,1,1.64e-9,1.64e-9,1.64e-9,0
2872,U057,2002,3,8010,1,5.31e-9,5.31e-9,5.31e-9,0
2872,U057,2002,4,8011,1,1.54e-8,1.54e-8,1.54e-8,0
2872,U057,2003,2,8013,1,1.96e-7,1.96e-7,1.96e-7,0
2872,U057,2003,3,8014,1,4.71e-7,4.71e-7,4.71e-7,0
2872,U057,2003,4,8015,1,1.22e-6,1.22e-6,1.22e-6,0
2872,U057,2006,2,8025,1,5.63e-5,5.63e-5,5.63e-5,0
2872,U057,2006,3,8026,1,7.58e-5,7.58e-5,7.58e-5,0
2872,U057,2006,4,8027,1,4.05e-4,4.05e-4,4.05e-4,0
2872,U057,2007,2,8029,1,0.041220582,0.041220582,0.041220582,0
2873,U058,2001,3,8006,1,0.010598884,0.010598884,0.010598884,0
2874,U059,2001,3,8006,1,5.97e-4,5.97e-4,5.97e-4,0
2874,U059,2001,4,8007,1,0.001157715,0.001157715,0.001157715,0
2874,U059,2002,1,8008,1,0.005999003,0.005999003,0.005999003,0
2875,U060,2001,3,8006,1,8.36e-6,8.36e-6,8.36e-6,0
2875,U060,2001,4,8007,1,1.62e-5,1.62e-5,1.62e-5,0
2875,U060,2002,1,8008,1,8.4e-5,8.4e-5,8.4e-5,0
2875,U060,2002,2,8009,1,4.38e-4,4.38e-4,4.38e-4,0
2875,U060,2003,1,8012,1,0.003236986,0.003236986,0.003236986,0
2875,U060,2003,2,8013,1,0.009425267,0.009425267,0.009425267,0
2876,U061,2001,3,8006,1,0.002551672,0.002551672,0.002551672,0
2876,U061,2001,4,8007,1,0.004945433,0.004945433,0.004945433,0
2876,U061,2002,1,8008,1,0.025626064,0.025626064,0.025626064,0
2876,U061,2002,2,8009,1,0.133784707,0.133784707,0.133784707,0
2876,U061,2002,4,8011,1,0.626611338,0.626611338,0.626611338,0
2876,U061,2003,1,8012,1,0.705734685,0.705734685,0.705734685,0
2876,U061,2005,3,8022,1,0.855541102,0.855541102,0.855541102,0
2877,U062,2001,3,8006,1,5.22e-7,5.22e-7,5.22e-7,0
2877,U062,2001,4,8007,1,1.01e-6,1.01e-6,1.01e-6,0
2877,U062,2002,1,8008,1,5.24e-6,5.24e-6,5.24e-6,0
2877,U062,2002,2,8009,1,2.74e-5,2.74e-5,2.74e-5,0
2877,U062,2002,3,8010,1,8.88e-5,8.88e-5,8.88e-5,0
2877,U062,2002,4,8011,1,9.74e-5,9.74e-5,9.74e-5,0
2877,U062,2003,2,8013,1,2.51e-4,2.51e-4,2.51e-4,0
2877,U062,2003,3,8014,1,4.86e-4,4.86e-4,4.86e-4,0
2877,U062,2003,4,8015,1,0.001129922,0.001129922,0.001129922,0
2877,U062,2004,2,8017,1,0.012560933,0.012560933,0.012560933,0
2878,U063,2001,3,8006,1,3.39e-5,3.39e-5,3.39e-5,0
2878,U063,2001,4,8007,1,6.58e-5,6.58e-5,6.58e-5,0
2878,U063,2002,1,8008,1,3.41e-4,3.41e-4,3.41e-4,0
2878,U063,2002,2,8009,1,0.001778752,0.001778752,0.001778752,0
2878,U063,2002,3,8010,1,0.005776521,0.005776521,0.005776521,0
2879,U064,2001,3,8006,1,3.52e-10,3.52e-10,3.52e-10,0
2879,U064,2002,3,8010,1,2.68e-9,2.68e-9,2.68e-9,0
2879,U064,2002,4,8011,1,4.12e-9,4.12e-9,4.12e-9,0
2879,U064,2003,2,8013,1,2.99e-8,2.99e-8,2.99e-8,0
2879,U064,2003,4,8015,1,3.32e-8,3.32e-8,3.32e-8,0
2879,U064,2004,3,8018,1,6.41e-8,6.41e-8,6.41e-8,0
2879,U064,2006,3,8026,1,3.67e-7,3.67e-7,3.67e-7,0
2879,U064,2007,2,8029,1,3.55e-6,3.55e-6,3.55e-6,0
2879,U064,2007,4,8031,1,4.37e-5,4.37e-5,4.37e-5,0
2879,U064,2008,2,8033,1,0.001787889,0.001787889,0.001787889,0
2879,U064,2009,2,8037,1,0.070400911,0.070400911,0.070400911,0
2880,U065,2001,3,8006,1,5.97e-4,5.97e-4,5.97e-4,0
2880,U065,2001,4,8007,1,0.001157715,0.001157715,0.001157715,0
2880,U065,2002,1,8008,1,0.005999003,0.005999003,0.005999003,0
2881,U066,2001,3,8006,1,5.97e-4,5.97e-4,5.97e-4,0
2881,U066,2001,4,8007,1,0.001157715,0.001157715,0.001157715,0
2881,U066,2002,1,8008,1,0.005999003,0.005999003,0.005999003,0
2882,U067,2001,3,8006,1,2.83e-8,2.83e-8,2.83e-8,0
2882,U067,2001,4,8007,1,5.49e-8,5.49e-8,5.49e-8,0
2882,U067,2002,1,8008,1,2.84e-7,2.84e-7,2.84e-7,0
2882,U067,2002,2,8009,1,1.49e-6,1.49e-6,1.49e-6,0
2882,U067,2002,3,8010,1,4.82e-6,4.82e-6,4.82e-6,0
2882,U067,2002,4,8011,1,1.4e-5,1.4e-5,1.4e-5,0
2882,U067,2003,2,8013,1,1.78e-4,1.78e-4,1.78e-4,0
2882,U067,2003,3,8014,1,4.27e-4,4.27e-4,4.27e-4,0
2882,U067,2003,4,8015,1,0.001111711,0.001111711,0.001111711,0
2882,U067,2005,2,8021,1,0.032462681,0.032462681,0.032462681,0
2883,U068,2001,3,8006,1,2.44e-14,2.44e-14,2.44e-14,0
2883,U068,2001,4,8007,1,4.74e-14,4.74e-14,4.74e-14,0
2883,U068,2002,1,8008,1,2.45e-13,2.45e-13,2.45e-13,0
2883,U068,2002,2,8009,1,1.28e-12,1.28e-12,1.28e-12,0
2883,U068,2002,3,8010,1,4.16e-12,4.16e-12,4.16e-12,0
2883,U068,2002,4,8011,1,1.2e-11,1.2e-11,1.2e-11,0
2883,U068,2003,1,8012,1,7.57e-11,7.57e-11,7.57e-11,0
2883,U068,2003,2,8013,1,4.08e-10,4.08e-10,4.08e-10,0
2883,U068,2003,3,8014,1,1.33e-9,1.33e-9,1.33e-9,0
2883,U068,2003,4,8015,1,3.86e-9,3.86e-9,3.86e-9,0
2883,U068,2005,2,8021,1,1.2e-7,1.2e-7,1.2e-7,0
2883,U068,2005,4,8023,1,2.31e-7,2.31e-7,2.31e-7,0
2883,U068,2006,2,8025,1,1.02e-6,1.02e-6,1.02e-6,0
2883,U068,2006,3,8026,1,2.22e-6,2.22e-6,2.22e-6,0
2883,U068,2007,2,8029,1,1.18e-4,1.18e-4,1.18e-4,0
2883,U068,2007,3,8030,1,0.001005812,0.001005812,0.001005812,0
2884,U069,2001,3,8006,1,6.03e-4,6.03e-4,6.03e-4,0
2884,U069,2001,4,8007,1,0.00116778,0.00116778,0.00116778,0
2884,U069,2002,3,8010,1,0.015870263,0.015870263,0.015870263,0
2884,U069,2003,2,8013,1,0.070616495,0.070616495,0.070616495,0
2884,U069,2006,2,8025,1,0.915502567,0.915502567,0.915502567,0
2884,U069,2006,3,8026,1,0.92875555,0.92875555,0.92875555,0
2884,U069,2007,2,8029,1,0.993691006,0.993691006,0.993691006,0
2884,U069,2008,2,8033,1,0.997967748,0.997967748,0.997967748,0
2885,U070,2001,3,8006,1,4.43e-5,4.43e-5,4.43e-5,0
2885,U070,2001,4,8007,1,8.59e-5,8.59e-5,8.59e-5,0
2885,U070,2002,3,8010,1,0.001167735,0.001167735,0.001167735,0
2885,U070,2003,2,8013,1,0.005195966,0.005195966,0.005195966,0
2885,U070,2003,3,8014,1,0.010156708,0.010156708,0.010156708,0
2885,U070,2004,2,8017,1,0.013725067,0.013725067,0.013725067,0
2885,U070,2005,3,8022,1,0.037552237,0.037552237,0.037552237,0
2886,U071,2001,3,8006,1,5.97e-4,5.97e-4,5.97e-4,0
2886,U071,2001,4,8007,1,0.001157715,0.001157715,0.001157715,0
2886,U071,2002,1,8008,1,0.005999003,0.005999003,0.005999003,0
2887,U072,2001,3,8006,1,3.38e-5,3.38e-5,3.38e-5,0
2887,U072,2002,1,8008,1,1.29e-4,1.29e-4,1.29e-4,0
2887,U072,2002,3,8010,1,6.8e-4,6.8e-4,6.8e-4,0
2887,U072,2007,2,8029,1,0.01845214,0.01845214,0.01845214,0
2887,U072,2008,2,8033,1,0.113700569,0.113700569,0.113700569,0
2888,U073,2001,3,8006,1,1.58e-4,1.58e-4,1.58e-4,0
2888,U073,2002,3,8010,1,0.001204552,0.001204552,0.001204552,0
2888,U073,2003,2,8013,1,0.004550404,0.004550404,0.004550404,0
2888,U073,2003,4,8015,1,0.011303118,0.011303118,0.011303118,0
2889,U075,2001,3,8006,1,0.010598884,0.010598884,0.010598884,0
2890,U076,2001,3,8006,1,6.41e-4,6.41e-4,6.41e-4,0
2890,U076,2002,4,8011,1,0.005503464,0.005503464,0.005503464,0
2890,U076,2003,1,8012,1,0.010442338,0.010442338,0.010442338,0
3389,V001,1990,1,7960,1,1.17e-4,1.17e-4,1.17e-4,0
3389,V001,1990,2,7961,1,6.9e-4,6.9e-4,6.9e-4,0
3389,V001,1990,3,7962,1,0.00229639,0.00229639,0.00229639,0
3390,V002,1990,1,7960,1,1.17e-4,1.17e-4,1.17e-4,0
3390,V002,1990,2,7961,1,6.9e-4,6.9e-4,6.9e-4,0
3390,V002,1990,3,7962,1,0.00229639,0.00229639,0.00229639,0
3391,V003,1990,1,7960,1,5.07e-4,5.07e-4,5.07e-4,0
3391,V003,1991,1,7964,1,0.00715673,0.00715673,0.00715673,0
3392,V004,1990,1,7960,1,0.002122643,0.002122643,0.002122643,0
3393,V005,1990,1,7960,1,0.002122643,0.002122643,0.002122643,0
3394,V006,1990,2,7961,1,0.004781372,0.004781372,0.004781372,0
3395,V007,1990,2,7961,1,3.59e-7,3.59e-7,3.59e-7,0
3395,V007,1990,4,7963,1,2.26e-6,2.26e-6,2.26e-6,0
3395,V007,1991,1,7964,1,6.95e-6,6.95e-6,6.95e-6,0
3395,V007,1991,2,7965,1,3.19e-5,3.19e-5,3.19e-5,0
3395,V007,1991,3,7966,1,1.02e-4,1.02e-4,1.02e-4,0
3395,V007,1991,4,7967,1,2.96e-4,2.96e-4,2.96e-4,0
3395,V007,1992,3,7970,1,0.004486124,0.004486124,0.004486124,0
3396,V008,1990,2,7961,1,0.009394097,0.009394097,0.009394097,0
3396,V008,1990,3,7962,1,0.039679825,0.039679825,0.039679825,0
3397,V009,1990,2,7961,1,6.45e-6,6.45e-6,6.45e-6,0
3397,V009,1990,3,7962,1,2.72e-5,2.72e-5,2.72e-5,0
3397,V009,1990,4,7963,1,8.45e-5,8.45e-5,8.45e-5,0
3397,V009,1991,1,7964,1,4.45e-4,4.45e-4,4.45e-4,0
3397,V009,1991,2,7965,1,0.002363344,0.002363344,0.002363344,0
3398,V010,1990,2,7961,1,1.53e-6,1.53e-6,1.53e-6,0
3398,V010,1990,3,7962,1,6.47e-6,6.47e-6,6.47e-6,0
3398,V010,1990,4,7963,1,2.01e-5,2.01e-5,2.01e-5,0
3398,V010,1991,1,7964,1,1.06e-4,1.06e-4,1.06e-4,0
3398,V010,1991,2,7965,1,5.62e-4,5.62e-4,5.62e-4,0
3398,V010,1992,2,7969,1,0.005723517,0.005723517,0.005723517,0
3399,V011,1990,2,7961,1,1.17e-4,1.17e-4,1.17e-4,0
3399,V011,1990,3,7962,1,4.94e-4,4.94e-4,4.94e-4,0
3399,V011,1990,4,7963,1,0.001532604,0.001532604,0.001532604,0
3400,V012,1990,2,7961,1,5e-4,5e-4,5e-4,0
3400,V012,1990,4,7963,1,0.003150145,0.003150145,0.003150145,0
3401,V013,1990,2,7961,1,5.08e-4,5.08e-4,5.08e-4,0
3401,V013,1991,3,7966,1,0.007920419,0.007920419,0.007920419,0
3402,V014,1990,2,7961,1,0.002122643,0.002122643,0.002122643,0
3403,V015,1990,2,7961,1,0.002122643,0.002122643,0.002122643,0
3404,V016,1990,2,7961,1,1.96e-8,1.96e-8,1.96e-8,0
3404,V016,1990,3,7962,1,8.28e-8,8.28e-8,8.28e-8,0
3404,V016,1990,4,7963,1,2.57e-7,2.57e-7,2.57e-7,0
3404,V016,1991,1,7964,1,1.35e-6,1.35e-6,1.35e-6,0
3404,V016,1991,2,7965,1,7.19e-6,7.19e-6,7.19e-6,0
3404,V016,1991,3,7966,1,2.36e-5,2.36e-5,2.36e-5,0
3404,V016,1991,4,7967,1,6.89e-5,6.89e-5,6.89e-5,0
3404,V016,1992,2,7969,1,7.87e-4,7.87e-4,7.87e-4,0
3404,V016,1992,3,7970,1,0.001907913,0.001907913,0.001907913,0
3405,V017,1990,2,7961,1,0.002122643,0.002122643,0.002122643,0
3406,V018,1990,2,7961,1,4.99e-4,4.99e-4,4.99e-4,0
3406,V018,1990,3,7962,1,0.002105621,0.002105621,0.002105621,0
3407,V019,1990,2,7961,1,5.65e-9,5.65e-9,5.65e-9,0
3407,V019,1990,4,7963,1,3.56e-8,3.56e-8,3.56e-8,0
3407,V019,1991,1,7964,1,1.09e-7,1.09e-7,1.09e-7,0
3407,V019,1991,2,7965,1,2.83e-7,2.83e-7,2.83e-7,0
3407,V019,1991,3,7966,1,7.72e-7,7.72e-7,7.72e-7,0
3407,V019,1991,4,7967,1,2.12e-6,2.12e-6,2.12e-6,0
3407,V019,1992,3,7970,1,3.13e-5,3.13e-5,3.13e-5,0
3407,V019,1993,1,7972,1,8.91e-5,8.91e-5,8.91e-5,0
3407,V019,1993,2,7973,1,2.83e-4,2.83e-4,2.83e-4,0
3407,V019,1993,4,7975,1,0.001179069,0.001179069,0.001179069,0
3407,V019,1994,3,7978,1,0.00589958,0.00589958,0.00589958,0
3408,V020,1990,2,7961,1,5e-4,5e-4,5e-4,0
3408,V020,1990,4,7963,1,0.003150145,0.003150145,0.003150145,0
3409,V021,1990,2,7961,1,2.51e-9,2.51e-9,2.51e-9,0
3409,V021,1990,4,7963,1,1.58e-8,1.58e-8,1.58e-8,0
3409,V021,1991,1,7964,1,4.86e-8,4.86e-8,4.86e-8,0
3409,V021,1991,2,7965,1,2.23e-7,2.23e-7,2.23e-7,0
3409,V021,1992,2,7969,1,2.2e-6,2.2e-6,2.2e-6,0
3409,V021,1992,4,7971,1,5.19e-6,5.19e-6,5.19e-6,0
3409,V021,1993,1,7972,1,1.37e-5,1.37e-5,1.37e-5,0
3409,V021,1993,3,7974,1,8.88e-5,8.88e-5,8.88e-5,0
3409,V021,1993,4,7975,1,1.25e-4,1.25e-4,1.25e-4,0
3409,V021,1994,2,7977,1,9.36e-4,9.36e-4,9.36e-4,0
3409,V021,1994,3,7978,1,0.0021985,0.0021985,0.0021985,0
3410,V022,1990,2,7961,1,0.002122643,0.002122643,0.002122643,0
3411,V023,1990,2,7961,1,4.99e-4,4.99e-4,4.99e-4,0
3411,V023,1990,3,7962,1,0.002105621,0.002105621,0.002105621,0
3412,V024,1990,2,7961,1,0.002122643,0.002122643,0.002122643,0
3413,V025,1990,2,7961,1,0.002122643,0.002122643,0.002122643,0
3414,V026,1990,2,7961,1,3.54e-7,3.54e-7,3.54e-7,0
3414,V026,1990,3,7962,1,1.5e-6,1.5e-6,1.5e-6,0
3414,V026,1990,4,7963,1,4.65e-6,4.65e-6,4.65e-6,0
3414,V026,1991,1,7964,1,2.44e-5,2.44e-5,2.44e-5,0
3414,V026,1991,2,7965,1,1.3e-4,1.3e-4,1.3e-4,0
3414,V026,1991,3,7966,1,4.26e-4,4.26e-4,4.26e-4,0
3414,V026,1991,4,7967,1,0.001244841,0.001244841,0.001244841,0
3415,V027,1990,2,7961,1,2.78e-5,2.78e-5,2.78e-5,0
3415,V027,1990,3,7962,1,1.18e-4,1.18e-4,1.18e-4,0
3415,V027,1991,1,7964,1,7.28e-4,7.28e-4,7.28e-4,0
3415,V027,1991,4,7967,1,0.00474099,0.00474099,0.00474099,0
3416,V028,1990,2,7961,1,0.002122643,0.002122643,0.002122643,0
3417,V029,1990,2,7961,1,0.002122643,0.002122643,0.002122643,0
3418,V030,1990,2,7961,1,0.002122643,0.002122643,0.002122643,0
3419,V031,1990,2,7961,1,1.17e-4,1.17e-4,1.17e-4,0
3419,V031,1990,3,7962,1,4.94e-4,4.94e-4,4.94e-4,0
3419,V031,1990,4,7963,1,0.001532604,0.001532604,0.001532604,0
3420,V032,1990,2,7961,1,4.99e-4,4.99e-4,4.99e-4,0
3420,V032,1990,3,7962,1,0.002105621,0.002105621,0.002105621,0
3421,V033,1990,2,7961,1,1.19e-4,1.19e-4,1.19e-4,0
3421,V033,1990,3,7962,1,5.01e-4,5.01e-4,5.01e-4,0
3421,V033,1991,3,7966,1,0.006285591,0.006285591,0.006285591,0
3422,V034,1990,2,7961,1,8.31e-4,8.31e-4,8.31e-4,0
3422,V034,1990,3,7962,1,0.003509012,0.003509012,0.003509012,0
3422,V034,1990,4,7963,1,0.010895802,0.010895802,0.010895802,0
3422,V034,1991,1,7964,1,0.05734604,0.05734604,0.05734604,0
3422,V034,1991,2,7965,1,0.304589811,0.304589811,0.304589811,0
3422,V034,1991,3,7966,1,0.999999998,0.999999998,0.999999998,0
3422,V034,1991,4,7967,1,1,1,1,0
3422,V034,1992,1,7968,1,1,1,1,0
3423,V035,1990,2,7961,1,1.71e-10,1.71e-10,1.71e-10,0
3423,V035,1990,3,7962,1,7.23e-10,7.23e-10,7.23e-10,0
3423,V035,1990,4,7963,1,2.24e-9,2.24e-9,2.24e-9,0
3423,V035,1991,1,7964,1,1.18e-8,1.18e-8,1.18e-8,0
3423,V035,1991,2,7965,1,6.27e-8,6.27e-8,6.27e-8,0
3423,V035,1991,4,7967,1,1.67e-7,1.67e-7,1.67e-7,0
3423,V035,1992,2,7969,1,8.14e-7,8.14e-7,8.14e-7,0
3423,V035,1992,3,7970,1,1.82e-6,1.82e-6,1.82e-6,0
3423,V035,1993,2,7973,1,1.52e-5,1.52e-5,1.52e-5,0
3423,V035,1993,4,7975,1,4.23e-5,4.23e-5,4.23e-5,0
3423,V035,1995,3,7982,1,8.66e-4,8.66e-4,8.66e-4,0
3423,V035,1997,3,7990,1,0.008357389,0.008357389,0.008357389,0
3423,V035,1998,4,7995,1,0.0328324,0.0328324,0.0328324,0
3424,V036,1990,2,7961,1,2.58e-10,2.58e-10,2.58e-10,0
3424,V036,1990,3,7962,1,1.09e-9,1.09e-9,1.09e-9,0
3424,V036,1990,4,7963,1,3.38e-9,3.38e-9,3.38e-9,0
3424,V036,1991,1,7964,1,1.78e-8,1.78e-8,1.78e-8,0
3424,V036,1991,3,7966,1,1.45e-7,1.45e-7,1.45e-7,0
3424,V036,1991,4,7967,1,2.84e-7,2.84e-7,2.84e-7,0
3424,V036,1992,2,7969,1,2.49e-6,2.49e-6,2.49e-6,0
3424,V036,1992,3,7970,1,5.92e-6,5.92e-6,5.92e-6,0
3424,V036,1992,4,7971,1,1.54e-5,1.54e-5,1.54e-5,0
3424,V036,1993,1,7972,1,8.42e-5,8.42e-5,8.42e-5,0
3424,V036,1994,1,7976,1,0.00120591,0.00120591,0.00120591,0
3424,V036,1994,2,7977,1,0.003118628,0.003118628,0.003118628,0
3425,V037,1990,2,7961,1,2.97e-5,2.97e-5,2.97e-5,0
3425,V037,1990,3,7962,1,1.26e-4,1.26e-4,1.26e-4,0
3425,V037,1990,4,7963,1,3.9e-4,3.9e-4,3.9e-4,0
3425,V037,1991,2,7965,1,5.8e-4,5.8e-4,5.8e-4,0
3425,V037,1991,3,7966,1,8.76e-4,8.76e-4,8.76e-4,0
3425,V037,1991,4,7967,1,0.001694557,0.001694557,0.001694557,0
3426,V038,1990,2,7961,1,0.076244912,0.076244912,0.076244912,0
3426,V038,1990,3,7962,1,0.3220517,0.3220517,0.3220517,0
3426,V038,1990,4,7963,1,0.999999995,0.999999995,0.999999995,0
3426,V038,1991,1,7964,1,1,1,1,0
3426,V038,1991,3,7966,3,1,1,1,0
3426,V038,1991,4,7967,2,1,1,1,0
3426,V038,1992,2,7969,1,1,1,1,0
3426,V038,1992,3,7970,1,1,1,1,0
3426,V038,1993,1,7972,1,1,1,1,0
3426,V038,1993,2,7973,1,1,1,1,0
3426,V038,1993,3,7974,1,1,1,1,0
3426,V038,1994,3,7978,3,1,1,1,0
3426,V038,1995,3,7982,2,1,1,1,0
3426,V038,1995,4,7983,1,1,1,1,0
3426,V038,1996,3,7986,2,1,1,1,0
3426,V038,1996,4,7987,1,1,1,1,0
3426,V038,1997,4,7991,1,1,1,1,0
3426,V038,1998,3,7994,1,1,1,1,0
3426,V038,1999,3,7998,1,1,1,1,0
3427,V039,1990,2,7961,1,0.008570453,0.008570453,0.008570453,0
3427,V039,1990,3,7962,1,0.03620083,0.03620083,0.03620083,0
3427,V039,1991,1,7964,1,0.224174063,0.224174063,0.224174063,0
3427,V039,1991,2,7965,1,0.254554474,0.254554474,0.254554474,0
3427,V039,1991,3,7966,1,0.258918138,0.258918138,0.258918138,0
3427,V039,1992,3,7970,1,0.262637049,0.262637049,0.262637049,0
3428,V040,1990,2,7961,1,1.93e-12,1.93e-12,1.93e-12,0
3428,V040,1990,3,7962,1,8.16e-12,8.16e-12,8.16e-12,0
3428,V040,1990,4,7963,1,2.53e-11,2.53e-11,2.53e-11,0
3428,V040,1991,1,7964,1,1.33e-10,1.33e-10,1.33e-10,0
3428,V040,1991,2,7965,1,7.08e-10,7.08e-10,7.08e-10,0
3428,V040,1991,3,7966,1,2.33e-9,2.33e-9,2.33e-9,0
3428,V040,1991,4,7967,1,6.79e-9,6.79e-9,6.79e-9,0
3428,V040,1992,3,7970,1,1.03e-7,1.03e-7,1.03e-7,0
3428,V040,1992,4,7971,1,1.75e-7,1.75e-7,1.75e-7,0
3428,V040,1993,2,7973,1,1.33e-6,1.33e-6,1.33e-6,0
3428,V040,1993,4,7975,1,4.3e-6,4.3e-6,4.3e-6,0
3428,V040,1994,1,7976,1,1.58e-5,1.58e-5,1.58e-5,0
3428,V040,1994,3,7978,1,1.18e-4,1.18e-4,1.18e-4,0
3428,V040,1995,3,7982,1,0.001125264,0.001125264,0.001125264,0
3428,V040,1996,3,7986,1,0.007243681,0.007243681,0.007243681,0
3428,V040,1997,3,7990,1,0.04558988,0.04558988,0.04558988,0
3429,V041,1990,2,7961,1,2.01e-18,2.01e-18,2.01e-18,0
3429,V041,1990,3,7962,1,8.48e-18,8.48e-18,8.48e-18,0
3429,V041,1990,4,7963,1,2.63e-17,2.63e-17,2.63e-17,0
3429,V041,1991,1,7964,1,1.39e-16,1.39e-16,1.39e-16,0
3429,V041,1991,2,7965,1,7.36e-16,7.36e-16,7.36e-16,0
3429,V041,1991,3,7966,1,2.42e-15,2.42e-15,2.42e-15,0
3429,V041,1991,4,7967,1,7.05e-15,7.05e-15,7.05e-15,0
3429,V041,1992,1,7968,1,3.99e-14,3.99e-14,3.99e-14,0
3429,V041,1992,2,7969,1,2.15e-13,2.15e-13,2.15e-13,0
3429,V041,1992,3,7970,1,7.06e-13,7.06e-13,7.06e-13,0
3429,V041,1992,4,7971,1,2.06e-12,2.06e-12,2.06e-12,0
3429,V041,1993,2,7973,1,2.41e-11,2.41e-11,2.41e-11,0
3429,V041,1993,3,7974,1,5.86e-11,5.86e-11,5.86e-11,0
3429,V041,1994,1,7976,1,3.74e-10,3.74e-10,3.74e-10,0
3429,V041,1994,2,7977,1,1.55e-9,1.55e-9,1.55e-9,0
3429,V041,1994,3,7978,1,4.85e-9,4.85e-9,4.85e-9,0
3429,V041,1995,3,7982,2,8.73e-8,8.73e-8,8.73e-8,0
3429,V041,1995,4,7983,1,3.18e-7,3.18e-7,3.18e-7,0
3429,V041,1996,3,7986,2,8.54e-6,8.54e-6,8.54e-6,0
3429,V041,1997,1,7988,1,1.08e-4,1.08e-4,1.08e-4,0
3429,V041,1997,2,7989,1,4.93e-4,4.93e-4,4.93e-4,0
3429,V041,1997,3,7990,2,0.001563192,0.001563192,0.001563192,0
3429,V041,1997,4,7991,1,0.002204848,0.002204848,0.002204848,0
3429,V041,1998,1,7992,1,0.008139045,0.008139045,0.008139045,0
3430,V042,1990,2,7961,1,1.19e-4,1.19e-4,1.19e-4,0
3430,V042,1990,3,7962,1,5.01e-4,5.01e-4,5.01e-4,0
3430,V042,1991,3,7966,1,0.006285591,0.006285591,0.006285591,0
3431,V043,1990,2,7961,1,2.21e-10,2.21e-10,2.21e-10,0
3431,V043,1990,3,7962,1,9.32e-10,9.32e-10,9.32e-10,0
3431,V043,1990,4,7963,1,2.89e-9,2.89e-9,2.89e-9,0
3431,V043,1991,1,7964,1,1.52e-8,1.52e-8,1.52e-8,0
3431,V043,1991,2,7965,1,8.09e-8,8.09e-8,8.09e-8,0
3431,V043,1992,2,7969,1,8.24e-7,8.24e-7,8.24e-7,0
3431,V043,1992,3,7970,1,1.51e-6,1.51e-6,1.51e-6,0
3431,V043,1993,1,7972,1,6.6e-6,6.6e-6,6.6e-6,0
3431,V043,1994,1,7976,1,5.88e-5,5.88e-5,5.88e-5,0
3431,V043,1994,2,7977,1,1.48e-4,1.48e-4,1.48e-4,0
3431,V043,1994,4,7979,1,5.6e-4,5.6e-4,5.6e-4,0
3431,V043,1995,3,7982,1,0.006124236,0.006124236,0.006124236,0
3431,V043,1996,3,7986,1,0.008064193,0.008064193,0.008064193,0
3431,V043,1996,4,7987,2,0.00932412,0.00932412,0.00932412,0
3431,V043,1997,2,7989,1,0.157083844,0.157083844,0.157083844,0
3431,V043,1997,3,7990,1,0.3825465,0.3825465,0.3825465,0
3431,V043,1997,4,7991,1,0.999999746,0.999999746,0.999999746,0
3432,V044,1990,2,7961,1,1.84e-13,1.84e-13,1.84e-13,0
3432,V044,1990,3,7962,1,7.77e-13,7.77e-13,7.77e-13,0
3432,V044,1990,4,7963,1,2.41e-12,2.41e-12,2.41e-12,0
3432,V044,1991,1,7964,1,1.27e-11,1.27e-11,1.27e-11,0
3432,V044,1991,2,7965,1,6.75e-11,6.75e-11,6.75e-11,0
3432,V044,1991,3,7966,1,2.22e-10,2.22e-10,2.22e-10,0
3432,V044,1991,4,7967,1,6.47e-10,6.47e-10,6.47e-10,0
3432,V044,1992,1,7968,1,3.66e-9,3.66e-9,3.66e-9,0
3432,V044,1992,2,7969,2,1.97e-8,1.97e-8,1.97e-8,0
3432,V044,1992,3,7970,1,2.13e-7,2.13e-7,2.13e-7,0
3432,V044,1992,4,7971,1,7.47e-7,7.47e-7,7.47e-7,0
3432,V044,1993,1,7972,1,4.62e-6,4.62e-6,4.62e-6,0
3432,V044,1993,3,7974,1,3.88e-5,3.88e-5,3.88e-5,0
3432,V044,1993,4,7975,1,7.62e-5,7.62e-5,7.62e-5,0
3432,V044,1995,1,7980,1,0.001922661,0.001922661,0.001922661,0
3432,V044,1995,3,7982,1,0.006443655,0.006443655,0.006443655,0
3433,V045,1990,2,7961,1,1.89e-7,1.89e-7,1.89e-7,0
3433,V045,1990,3,7962,1,7.99e-7,7.99e-7,7.99e-7,0
3433,V045,1990,4,7963,1,2.48e-6,2.48e-6,2.48e-6,0
3433,V045,1991,1,7964,1,1.31e-5,1.31e-5,1.31e-5,0
3433,V045,1991,2,7965,1,6.94e-5,6.94e-5,6.94e-5,0
3433,V045,1991,3,7966,1,2.28e-4,2.28e-4,2.28e-4,0
3433,V045,1991,4,7967,1,6.65e-4,6.65e-4,6.65e-4,0
3433,V045,1992,3,7970,1,0.004853967,0.004853967,0.004853967,0
3434,V046,1990,2,7961,1,2.64e-4,2.64e-4,2.64e-4,0
3434,V046,1990,3,7962,1,0.00111409,0.00111409,0.00111409,0
3434,V046,1990,4,7963,1,0.002152471,0.002152471,0.002152471,0
3435,V047,1990,2,7961,1,4.99e-4,4.99e-4,4.99e-4,0
3435,V047,1990,3,7962,1,0.002105621,0.002105621,0.002105621,0
3436,V048,1990,2,7961,1,4.99e-4,4.99e-4,4.99e-4,0
3436,V048,1990,3,7962,1,0.002105621,0.002105621,0.002105621,0
3437,V049,1990,2,7961,1,0.002122643,0.002122643,0.002122643,0
3438,V050,1990,2,7961,1,0.002122643,0.002122643,0.002122643,0
3439,V051,1990,2,7961,1,1.38e-4,1.38e-4,1.38e-4,0
3439,V051,1990,3,7962,1,5.83e-4,5.83e-4,5.83e-4,0
3439,V051,1990,4,7963,1,0.001810819,0.001810819,0.001810819,0
3439,V051,1991,1,7964,1,0.00953058,0.00953058,0.00953058,0
3439,V051,1991,2,7965,1,0.050621063,0.050621063,0.050621063,0
3439,V051,1991,3,7966,1,0.056523059,0.056523059,0.056523059,0
3439,V051,1991,4,7967,1,0.057355117,0.057355117,0.057355117,0
3439,V051,1992,1,7968,1,0.057655656,0.057655656,0.057655656,0
3439,V051,1992,2,7969,1,0.05925686,0.05925686,0.05925686,0
3440,V052,1990,3,7962,2,1.86e-7,1.86e-7,1.86e-7,0
3440,V052,1990,4,7963,1,1.85e-6,1.85e-6,1.85e-6,0
3440,V052,1991,1,7964,1,1.23e-5,1.23e-5,1.23e-5,0
3440,V052,1991,3,7966,1,1.05e-4,1.05e-4,1.05e-4,0
3440,V052,1991,4,7967,2,2.06e-4,2.06e-4,2.06e-4,0
3440,V052,1992,1,7968,1,0.003266779,0.003266779,0.003266779,0
3441,V053,1990,3,7962,2,8.35e-8,8.35e-8,8.35e-8,0
3441,V053,1990,4,7963,1,8.31e-7,8.31e-7,8.31e-7,0
3441,V053,1991,1,7964,1,5.53e-6,5.53e-6,5.53e-6,0
3441,V053,1991,3,7966,1,4.69e-5,4.69e-5,4.69e-5,0
3441,V053,1991,4,7967,1,9.22e-5,9.22e-5,9.22e-5,0
3441,V053,1992,2,7969,1,8.11e-4,8.11e-4,8.11e-4,0
3441,V053,1992,3,7970,1,0.001931223,0.001931223,0.001931223,0
3442,V054,1990,3,7962,2,5.06e-9,5.06e-9,5.06e-9,0
3442,V054,1991,1,7964,1,1.17e-7,1.17e-7,1.17e-7,0
3442,V054,1991,3,7966,1,7.03e-7,7.03e-7,7.03e-7,0
3442,V054,1992,2,7969,1,3.71e-6,3.71e-6,3.71e-6,0
3442,V054,1992,3,7970,2,7.41e-6,7.41e-6,7.41e-6,0
3442,V054,1993,3,7974,2,2.78e-4,2.78e-4,2.78e-4,0
3442,V054,1994,1,7976,1,3.99e-4,3.99e-4,3.99e-4,0
3442,V054,1994,3,7978,1,0.00114503,0.00114503,0.00114503,0
3442,V054,1994,4,7979,1,0.001961137,0.001961137,0.001961137,0
3443,V055,1990,3,7962,2,8.38e-8,8.38e-8,8.38e-8,0
3443,V055,1990,4,7963,1,8.34e-7,8.34e-7,8.34e-7,0
3443,V055,1991,1,7964,1,5.55e-6,5.55e-6,5.55e-6,0
3443,V055,1991,3,7966,1,4.71e-5,4.71e-5,4.71e-5,0
3443,V055,1992,3,7970,2,3.22e-4,3.22e-4,3.22e-4,0
3443,V055,1992,4,7971,1,0.001046687,0.001046687,0.001046687,0
3444,V056,1990,3,7962,1,5e-4,5e-4,5e-4,0
3444,V056,1991,1,7964,1,0.003075882,0.003075882,0.003075882,0
3445,V057,1990,3,7962,1,0.002122643,0.002122643,0.002122643,0
3446,V058,1990,3,7962,2,8.17e-13,8.17e-13,8.17e-13,0
3446,V058,1990,4,7963,1,8.13e-12,8.13e-12,8.13e-12,0
3446,V058,1991,1,7964,1,5.41e-11,5.41e-11,5.41e-11,0
3446,V058,1991,3,7966,1,4.6e-10,4.6e-10,4.6e-10,0
3446,V058,1991,4,7967,1,9.03e-10,9.03e-10,9.03e-10,0
3446,V058,1992,2,7969,1,7.94e-9,7.94e-9,7.94e-9,0
3446,V058,1992,3,7970,1,1.89e-8,1.89e-8,1.89e-8,0
3446,V058,1993,3,7974,2,2.06e-7,2.06e-7,2.06e-7,0
3446,V058,1993,4,7975,1,7.01e-7,7.01e-7,7.01e-7,0
3446,V058,1994,1,7976,1,5.62e-6,5.62e-6,5.62e-6,0
3446,V058,1994,3,7978,2,4.9e-5,4.9e-5,4.9e-5,0
3446,V058,1995,4,7983,1,0.00216806,0.00216806,0.00216806,0
3446,V058,1996,3,7986,1,0.012139287,0.012139287,0.012139287,0
3447,V059,1990,3,7962,1,0.002122643,0.002122643,0.002122643,0
3448,V060,1990,3,7962,2,4.96e-4,4.96e-4,4.96e-4,0
3449,V061,1990,3,7962,1,0.002122643,0.002122643,0.002122643,0
3450,V062,1990,3,7962,1,6.46e-6,6.46e-6,6.46e-6,0
3450,V062,1990,4,7963,1,2e-5,2e-5,2e-5,0
3450,V062,1991,1,7964,1,1.05e-4,1.05e-4,1.05e-4,0
3450,V062,1991,3,7966,1,8.53e-4,8.53e-4,8.53e-4,0
3450,V062,1991,4,7967,1,0.0016711,0.0016711,0.0016711,0
3451,V063,1990,3,7962,2,4.96e-4,4.96e-4,4.96e-4,0
3452,V064,1990,3,7962,2,9.26e-8,9.26e-8,9.26e-8,0
3452,V064,1990,4,7963,1,9.22e-7,9.22e-7,9.22e-7,0
3452,V064,1992,2,7969,1,2.97e-5,2.97e-5,2.97e-5,0
3452,V064,1993,3,7974,1,1.08e-4,1.08e-4,1.08e-4,0
3452,V064,1994,3,7978,2,4.21e-4,4.21e-4,4.21e-4,0
3452,V064,1996,3,7986,1,0.019339202,0.019339202,0.019339202,0
3453,V065,1990,3,7962,1,0.002122643,0.002122643,0.002122643,0
3454,V066,1990,3,7962,1,0.002122643,0.002122643,0.002122643,0
3455,V067,1990,3,7962,1,2.78e-5,2.78e-5,2.78e-5,0
3455,V067,1990,4,7963,1,8.6e-5,8.6e-5,8.6e-5,0
3455,V067,1991,4,7967,1,0.001395004,0.001395004,0.001395004,0
3455,V067,1992,1,7968,1,0.002751077,0.002751077,0.002751077,0
3456,V068,1990,3,7962,1,2.85e-5,2.85e-5,2.85e-5,0
3456,V068,1990,4,7963,1,8.8e-5,8.8e-5,8.8e-5,0
3456,V068,1991,3,7966,1,0.001231607,0.001231607,0.001231607,0
3456,V068,1993,3,7974,1,0.010818215,0.010818215,0.010818215,0
3457,V069,1990,3,7962,1,1.18e-4,1.18e-4,1.18e-4,0
3457,V069,1990,4,7963,1,3.63e-4,3.63e-4,3.63e-4,0
3457,V069,1991,2,7965,1,0.003821497,0.003821497,0.003821497,0
3458,V070,1990,3,7962,1,0.002122643,0.002122643,0.002122643,0
3459,V071,1990,3,7962,1,3.42e-6,3.42e-6,3.42e-6,0
3459,V071,1990,4,7963,1,1.06e-5,1.06e-5,1.06e-5,0
3459,V071,1991,1,7964,1,5.55e-5,5.55e-5,5.55e-5,0
3459,V071,1991,2,7965,1,1.61e-4,1.61e-4,1.61e-4,0
3459,V071,1991,3,7966,1,4.59e-4,4.59e-4,4.59e-4,0
3459,V071,1992,1,7968,1,0.002637515,0.002637515,0.002637515,0
3460,V072,1990,3,7962,1,1.51e-6,1.51e-6,1.51e-6,0
3460,V072,1990,4,7963,1,4.66e-6,4.66e-6,4.66e-6,0
3460,V072,1991,1,7964,1,2.45e-5,2.45e-5,2.45e-5,0
3460,V072,1991,2,7965,1,1.3e-4,1.3e-4,1.3e-4,0
3460,V072,1991,3,7966,1,4.26e-4,4.26e-4,4.26e-4,0
3460,V072,1991,4,7967,1,0.001244853,0.001244853,0.001244853,0
3461,V073,1990,3,7962,1,2.82e-5,2.82e-5,2.82e-5,0
3461,V073,1991,4,7967,1,3.97e-4,3.97e-4,3.97e-4,0
3461,V073,1992,3,7970,2,0.001376977,0.001376977,0.001376977,0
3462,V074,1990,3,7962,1,1.67e-6,1.67e-6,1.67e-6,0
3462,V074,1990,4,7963,1,5.16e-6,5.16e-6,5.16e-6,0
3462,V074,1991,1,7964,1,2.71e-5,2.71e-5,2.71e-5,0
3462,V074,1992,2,7969,1,4.52e-4,4.52e-4,4.52e-4,0
3462,V074,1993,2,7973,1,0.001614255,0.001614255,0.001614255,0
3462,V074,1993,3,7974,1,0.002698204,0.002698204,0.002698204,0
3462,V074,1994,2,7977,1,0.021242675,0.021242675,0.021242675,0
3462,V074,1994,3,7978,1,0.022479752,0.022479752,0.022479752,0
3463,V075,1990,3,7962,1,0.005215425,0.005215425,0.005215425,0
3463,V075,1990,4,7963,1,0.016106144,0.016106144,0.016106144,0
3463,V075,1991,1,7964,1,0.019603426,0.019603426,0.019603426,0
3463,V075,1991,2,7965,1,0.038218644,0.038218644,0.038218644,0
3463,V075,1991,4,7967,1,0.124289095,0.124289095,0.124289095,0
3463,V075,1992,3,7970,1,0.853534553,0.853534553,0.853534553,0
3463,V075,1992,4,7971,1,0.880965475,0.880965475,0.880965475,0
3463,V075,1995,2,7981,1,1,1,1,0
3464,V076,1990,3,7962,1,1.44e-11,1.44e-11,1.44e-11,0
3464,V076,1990,4,7963,1,4.46e-11,4.46e-11,4.46e-11,0
3464,V076,1991,1,7964,1,2.34e-10,2.34e-10,2.34e-10,0
3464,V076,1991,2,7965,1,1.24e-9,1.24e-9,1.24e-9,0
3464,V076,1991,3,7966,1,4.08e-9,4.08e-9,4.08e-9,0
3464,V076,1991,4,7967,1,1.19e-8,1.19e-8,1.19e-8,0
3464,V076,1992,1,7968,1,6.73e-8,6.73e-8,6.73e-8,0
3464,V076,1992,2,7969,1,3.63e-7,3.63e-7,3.63e-7,0
3464,V076,1992,3,7970,1,1.19e-6,1.19e-6,1.19e-6,0
3464,V076,1992,4,7971,1,3.49e-6,3.49e-6,3.49e-6,0
3464,V076,1993,3,7974,1,5.44e-5,5.44e-5,5.44e-5,0
3464,V076,1993,4,7975,1,9.19e-5,9.19e-5,9.19e-5,0
3464,V076,1995,2,7981,1,0.002580801,0.002580801,0.002580801,0
3464,V076,1995,3,7982,1,0.004373016,0.004373016,0.004373016,0
3465,V077,1990,3,7962,1,6.77e-6,6.77e-6,6.77e-6,0
3465,V077,1990,4,7963,1,2.09e-5,2.09e-5,2.09e-5,0
3465,V077,1991,1,7964,1,1.1e-4,1.1e-4,1.1e-4,0
3465,V077,1992,3,7970,1,0.002100129,0.002100129,0.002100129,0
3465,V077,1994,2,7977,1,0.010767236,0.010767236,0.010767236,0
3466,V078,1990,1,7960,1,2.71e-4,2.71e-4,2.71e-4,0
3466,V078,1990,3,7962,1,0.001236551,0.001236551,0.001236551,0
3466,V078,1991,3,7966,1,0.007016634,0.007016634,0.007016634,0
3467,V079,1990,3,7962,1,6.46e-6,6.46e-6,6.46e-6,0
3467,V079,1990,4,7963,1,1.99e-5,1.99e-5,1.99e-5,0
3467,V079,1991,1,7964,1,1.05e-4,1.05e-4,1.05e-4,0
3467,V079,1991,2,7965,1,5.56e-4,5.56e-4,5.56e-4,0
3467,V079,1991,4,7967,1,0.002642814,0.002642814,0.002642814,0
3468,V080,1990,3,7962,1,8.97e-8,8.97e-8,8.97e-8,0
3468,V080,1990,4,7963,1,2.77e-7,2.77e-7,2.77e-7,0
3468,V080,1991,1,7964,1,1.45e-6,1.45e-6,1.45e-6,0
3468,V080,1991,2,7965,1,7.72e-6,7.72e-6,7.72e-6,0
3468,V080,1992,4,7971,1,1.04e-4,1.04e-4,1.04e-4,0
3468,V080,1993,3,7974,1,3.22e-4,3.22e-4,3.22e-4,0
3468,V080,1995,2,7981,1,0.00297059,0.00297059,0.00297059,0
3468,V080,1995,3,7982,1,0.004762105,0.004762105,0.004762105,0
3469,V081,1990,3,7962,1,1.23e-8,1.23e-8,1.23e-8,0
3469,V081,1990,4,7963,1,3.81e-8,3.81e-8,3.81e-8,0
3469,V081,1991,2,7965,1,4.01e-7,4.01e-7,4.01e-7,0
3469,V081,1991,3,7966,1,9.67e-7,9.67e-7,9.67e-7,0
3469,V081,1992,3,7970,1,1.04e-5,1.04e-5,1.04e-5,0
3469,V081,1994,2,7977,1,7.82e-5,7.82e-5,7.82e-5,0
3469,V081,1994,3,7978,1,1.2e-4,1.2e-4,1.2e-4,0
3469,V081,1996,2,7985,1,0.002290131,0.002290131,0.002290131,0
3469,V081,1996,3,7986,1,0.003785133,0.003785133,0.003785133,0
3469,V081,1998,2,7993,1,0.07787855,0.07787855,0.07787855,0
3470,V082,1990,3,7962,1,2.74e-5,2.74e-5,2.74e-5,0
3470,V082,1990,4,7963,1,8.48e-5,8.48e-5,8.48e-5,0
3470,V082,1991,1,7964,1,4.45e-4,4.45e-4,4.45e-4,0
3470,V082,1991,2,7965,1,0.002363564,0.002363564,0.002363564,0
3471,V083,1990,3,7962,1,2.74e-5,2.74e-5,2.74e-5,0
3471,V083,1990,4,7963,1,8.48e-5,8.48e-5,8.48e-5,0
3471,V083,1991,1,7964,1,4.45e-4,4.45e-4,4.45e-4,0
3471,V083,1991,2,7965,1,0.002363564,0.002363564,0.002363564,0
3472,V084,1990,3,7962,1,4.64e-9,4.64e-9,4.64e-9,0
3472,V084,1991,1,7964,1,2.85e-8,2.85e-8,2.85e-8,0
3472,V084,1991,2,7965,1,1.04e-7,1.04e-7,1.04e-7,0
3472,V084,1991,3,7966,1,3.17e-7,3.17e-7,3.17e-7,0
3472,V084,1991,4,7967,1,9.04e-7,9.04e-7,9.04e-7,0
3472,V084,1992,1,7968,1,5.06e-6,5.06e-6,5.06e-6,0
3472,V084,1992,2,7969,1,2.72e-5,2.72e-5,2.72e-5,0
3472,V084,1992,4,7971,1,1.3e-4,1.3e-4,1.3e-4,0
3472,V084,1993,2,7973,1,7.82e-4,7.82e-4,7.82e-4,0
3472,V084,1993,4,7975,1,0.002455134,0.002455134,0.002455134,0
3473,V085,1990,3,7962,1,1.56e-6,1.56e-6,1.56e-6,0
3473,V085,1991,2,7965,1,1.56e-5,1.56e-5,1.56e-5,0
3473,V085,1991,3,7966,1,3.23e-5,3.23e-5,3.23e-5,0
3473,V085,1991,4,7967,1,7.84e-5,7.84e-5,7.84e-5,0
3473,V085,1993,2,7973,1,0.001897805,0.001897805,0.001897805,0
3473,V085,1993,3,7974,1,0.002912178,0.002912178,0.002912178,0
3474,V086,1990,3,7962,1,1.51e-6,1.51e-6,1.51e-6,0
3474,V086,1990,4,7963,1,4.66e-6,4.66e-6,4.66e-6,0
3474,V086,1991,1,7964,1,2.45e-5,2.45e-5,2.45e-5,0
3474,V086,1991,2,7965,1,1.3e-4,1.3e-4,1.3e-4,0
3474,V086,1991,3,7966,1,4.26e-4,4.26e-4,4.26e-4,0
3474,V086,1991,4,7967,1,0.001244853,0.001244853,0.001244853,0
3475,V087,1990,3,7962,1,8.97e-8,8.97e-8,8.97e-8,0
3475,V087,1990,4,7963,1,2.77e-7,2.77e-7,2.77e-7,0
3475,V087,1991,1,7964,1,1.45e-6,1.45e-6,1.45e-6,0
3475,V087,1991,2,7965,1,7.72e-6,7.72e-6,7.72e-6,0
3475,V087,1991,3,7966,1,2.54e-5,2.54e-5,2.54e-5,0
3475,V087,1991,4,7967,1,7.4e-5,7.4e-5,7.4e-5,0
3475,V087,1992,2,7969,1,1.13e-4,1.13e-4,1.13e-4,0
3475,V087,1992,3,7970,1,1.75e-4,1.75e-4,1.75e-4,0
3475,V087,1992,4,7971,1,3.45e-4,3.45e-4,3.45e-4,0
3475,V087,1993,1,7972,1,0.001575081,0.001575081,0.001575081,0
3476,V088,1990,3,7962,1,5.09e-4,5.09e-4,5.09e-4,0
3476,V088,1992,1,7968,1,0.008499946,0.008499946,0.008499946,0
3477,V089,1990,3,7962,1,3.14e-12,3.14e-12,3.14e-12,0
3477,V089,1991,3,7966,1,3.91e-11,3.91e-11,3.91e-11,0
3477,V089,1993,1,7972,1,2.2e-10,2.2e-10,2.2e-10,0
3477,V089,1993,2,7973,1,3.89e-10,3.89e-10,3.89e-10,0
3477,V089,1995,3,7982,2,3.19e-9,3.19e-9,3.19e-9,0
3477,V089,1996,4,7987,1,4.79e-8,4.79e-8,4.79e-8,0
3477,V089,1997,3,7990,1,2.66e-7,2.66e-7,2.66e-7,0
3477,V089,1997,4,7991,1,4.23e-7,4.23e-7,4.23e-7,0
3477,V089,1998,3,7994,1,4.76e-6,4.76e-6,4.76e-6,0
3477,V089,1998,4,7995,1,7.87e-6,7.87e-6,7.87e-6,0
3477,V089,2000,3,8002,1,1.4e-4,1.4e-4,1.4e-4,0
3477,V089,2001,3,8006,2,3.81e-4,3.81e-4,3.81e-4,0
3477,V089,2002,3,8010,1,0.004765985,0.004765985,0.004765985,0
3477,V089,2003,3,8014,1,0.022810915,0.022810915,0.022810915,0
3478,V090,1990,3,7962,1,2.92e-5,2.92e-5,2.92e-5,0
3478,V090,1990,4,7963,1,9.02e-5,9.02e-5,9.02e-5,0
3478,V090,1993,3,7974,1,0.003554891,0.003554891,0.003554891,0
3478,V090,1994,3,7978,1,0.008925773,0.008925773,0.008925773,0
3479,V091,1990,3,7962,1,4.67e-9,4.67e-9,4.67e-9,0
3479,V091,1990,4,7963,1,1.44e-8,1.44e-8,1.44e-8,0
3479,V091,1991,1,7964,1,7.57e-8,7.57e-8,7.57e-8,0
3479,V091,1991,3,7966,1,6.16e-7,6.16e-7,6.16e-7,0
3479,V091,1991,4,7967,1,1.21e-6,1.21e-6,1.21e-6,0
3479,V091,1992,3,7970,2,1.4e-5,1.4e-5,1.4e-5,0
3479,V091,1993,1,7972,1,1.23e-4,1.23e-4,1.23e-4,0
3479,V091,1993,3,7974,1,7.25e-4,7.25e-4,7.25e-4,0
3479,V091,1994,1,7976,1,0.002913187,0.002913187,0.002913187,0
3480,V092,1990,3,7962,1,5.05e-4,5.05e-4,5.05e-4,0
3480,V092,1991,3,7966,1,0.006289626,0.006289626,0.006289626,0
3481,V093,1990,3,7962,1,1.18e-4,1.18e-4,1.18e-4,0
3481,V093,1990,4,7963,1,3.64e-4,3.64e-4,3.64e-4,0
3481,V093,1991,3,7966,1,0.0050992,0.0050992,0.0050992,0
3482,V094,1990,4,7963,1,0.002122643,0.002122643,0.002122643,0
3483,V095,1990,4,7963,1,2.89e-4,2.89e-4,2.89e-4,0
3483,V095,1991,1,7964,1,0.001178711,0.001178711,0.001178711,0
3483,V095,1992,4,7971,1,0.022843221,0.022843221,0.022843221,0
3483,V095,1993,3,7974,1,0.024805869,0.024805869,0.024805869,0
3483,V095,1993,4,7975,1,0.025446487,0.025446487,0.025446487,0
3484,V096,1990,4,7963,1,1.17e-4,1.17e-4,1.17e-4,0
3484,V096,1991,1,7964,1,4.78e-4,4.78e-4,4.78e-4,0
3484,V096,1991,2,7965,1,0.002395883,0.002395883,0.002395883,0
3485,V097,1990,4,7963,1,2.75e-5,2.75e-5,2.75e-5,0
3485,V097,1991,1,7964,1,1.12e-4,1.12e-4,1.12e-4,0
3485,V097,1991,2,7965,1,5.62e-4,5.62e-4,5.62e-4,0
3485,V097,1991,3,7966,1,0.00182816,0.00182816,0.00182816,0
3486,V098,1990,4,7963,1,2.02e-8,2.02e-8,2.02e-8,0
3486,V098,1991,1,7964,1,8.24e-8,8.24e-8,8.24e-8,0
3486,V098,1991,2,7965,1,4.13e-7,4.13e-7,4.13e-7,0
3486,V098,1991,3,7966,1,1.34e-6,1.34e-6,1.34e-6,0
3486,V098,1992,3,7970,1,1.69e-5,1.69e-5,1.69e-5,0
3486,V098,1993,2,7973,1,6.26e-5,6.26e-5,6.26e-5,0
3486,V098,1993,4,7975,1,1.56e-4,1.56e-4,1.56e-4,0
3486,V098,1994,2,7977,1,9.66e-4,9.66e-4,9.66e-4,0
3486,V098,1994,3,7978,1,0.002228789,0.002228789,0.002228789,0
3487,V099,1990,4,7963,1,9.39e-8,9.39e-8,9.39e-8,0
3487,V099,1991,1,7964,1,3.83e-7,3.83e-7,3.83e-7,0
3487,V099,1991,3,7966,2,2.93e-6,2.93e-6,2.93e-6,0
3487,V099,1992,1,7968,1,3.45e-5,3.45e-5,3.45e-5,0
3487,V099,1992,2,7969,1,1.39e-4,1.39e-4,1.39e-4,0
3487,V099,1996,3,7986,1,0.007465048,0.007465048,0.007465048,0
3487,V099,1996,4,7987,1,0.009174667,0.009174667,0.009174667,0
3488,W001,1976,3,7906,1,0.026088644,0.026088644,0.026088644,0
3489,W004,1978,3,7914,1,0.00404735,0.00404735,0.00404735,0
3489,W004,1978,4,7915,1,0.007012658,0.007012658,0.007012658,0
3490,W005,1979,2,7917,1,0.006481373,0.006481373,0.006481373,0
3491,W006,1979,2,7917,1,0.006481373,0.006481373,0.006481373,0
3492,W007,1979,3,7918,1,0.006481373,0.006481373,0.006481373,0
3493,W008,1979,3,7918,1,0.006481373,0.006481373,0.006481373,0
3494,W009,1979,3,7918,1,0.006481373,0.006481373,0.006481373,0
3495,W010,1979,3,7918,1,0.001857406,0.001857406,0.001857406,0
3495,W010,1980,3,7922,1,0.011640875,0.011640875,0.011640875,0
3495,W010,1980,4,7923,1,0.014333856,0.014333856,0.014333856,0
3496,W011,1979,3,7918,1,3.28e-9,3.28e-9,3.28e-9,0
3496,W011,1980,3,7922,1,2.05e-8,2.05e-8,2.05e-8,0
3496,W011,1981,3,7926,1,5.15e-8,5.15e-8,5.15e-8,0
3496,W011,1982,1,7928,1,7.55e-8,7.55e-8,7.55e-8,0
3496,W011,1982,2,7929,1,1.58e-7,1.58e-7,1.58e-7,0
3496,W011,1983,3,7934,1,1.21e-6,1.21e-6,1.21e-6,0
3496,W011,1984,1,7936,1,2.62e-6,2.62e-6,2.62e-6,0
3496,W011,1984,3,7938,1,9.97e-6,9.97e-6,9.97e-6,0
3496,W011,1985,1,7940,1,3.18e-5,3.18e-5,3.18e-5,0
3496,W011,1988,1,7952,1,6.8e-4,6.8e-4,6.8e-4,0
3496,W011,1988,2,7953,1,9.82e-4,9.82e-4,9.82e-4,0
3496,W011,1989,3,7958,1,0.004680322,0.004680322,0.004680322,0
3496,W011,1989,4,7959,1,0.006285371,0.006285371,0.006285371,0
3496,W011,1990,1,7960,1,0.015100755,0.015100755,0.015100755,0
3496,W011,1990,2,7961,2,0.061919691,0.061919691,0.061919691,0
3496,W011,1990,3,7962,1,0.311538352,0.311538352,0.311538352,0
3496,W011,1990,4,7963,1,0.999999995,0.999999995,0.999999995,0
3496,W011,1991,1,7964,1,1,1,1,0
3497,W012,1979,3,7918,1,0.006481373,0.006481373,0.006481373,0
3498,W013,1979,3,7918,1,0.006481373,0.006481373,0.006481373,0
3499,W014,1979,3,7918,1,3.59e-7,3.59e-7,3.59e-7,0
3499,W014,1980,3,7922,1,2.25e-6,2.25e-6,2.25e-6,0
3499,W014,1981,2,7925,1,4.87e-6,4.87e-6,4.87e-6,0
3499,W014,1981,3,7926,1,7.8e-6,7.8e-6,7.8e-6,0
3499,W014,1982,1,7928,1,1.79e-5,1.79e-5,1.79e-5,0
3499,W014,1982,2,7929,1,4.89e-5,4.89e-5,4.89e-5,0
3499,W014,1982,3,7930,1,1.27e-4,1.27e-4,1.27e-4,0
3499,W014,1982,4,7931,1,3.2e-4,3.2e-4,3.2e-4,0
3499,W014,1983,1,7932,1,0.001618477,0.001618477,0.001618477,0
3499,W014,1983,3,7934,2,0.011835557,0.011835557,0.011835557,0
3499,W014,1983,4,7935,1,0.050162152,0.050162152,0.050162152,0
3499,W014,1984,3,7938,1,0.945477961,0.945477961,0.945477961,0
3499,W014,1985,3,7942,1,0.997372094,0.997372094,0.997372094,0
3499,W014,1986,3,7946,1,0.99998013,0.99998013,0.99998013,0
3499,W014,1986,4,7947,1,0.999998161,0.999998161,0.999998161,0
3499,W014,1987,1,7948,1,0.999999894,0.999999894,0.999999894,0
3499,W014,1987,2,7949,1,0.999999995,0.999999995,0.999999995,0
3499,W014,1987,4,7951,1,1,1,1,0
3499,W014,1988,1,7952,1,1,1,1,0
3499,W014,1988,2,7953,1,1,1,1,0
3499,W014,1988,3,7954,1,1,1,1,0
3499,W014,1988,4,7955,2,1,1,1,0
3499,W014,1989,2,7957,1,1,1,1,0
3499,W014,1989,3,7958,1,1,1,1,0
3499,W014,1989,4,7959,1,1,1,1,0
3499,W014,1990,3,7962,1,1,1,1,0
3500,W015,1979,3,7918,1,0.006481373,0.006481373,0.006481373,0
3501,W016,1979,3,7918,1,2.9e-13,2.9e-13,2.9e-13,0
3501,W016,1981,2,7925,1,2.94e-12,2.94e-12,2.94e-12,0
3501,W016,1982,2,7929,1,8.27e-12,8.27e-12,8.27e-12,0
3501,W016,1982,3,7930,1,1.28e-11,1.28e-11,1.28e-11,0
3501,W016,1983,2,7933,1,6.84e-11,6.84e-11,6.84e-11,0
3501,W016,1983,4,7935,1,1.7e-10,1.7e-10,1.7e-10,0
3501,W016,1984,1,7936,1,4.73e-10,4.73e-10,4.73e-10,0
3501,W016,1985,2,7941,1,6.23e-9,6.23e-9,6.23e-9,0
3501,W016,1985,3,7942,1,1.01e-8,1.01e-8,1.01e-8,0
3501,W016,1986,2,7945,1,6.31e-8,6.31e-8,6.31e-8,0
3501,W016,1986,3,7946,1,1.24e-7,1.24e-7,1.24e-7,0
3501,W016,1987,1,7948,1,5.77e-7,5.77e-7,5.77e-7,0
3501,W016,1987,3,7950,1,2.95e-6,2.95e-6,2.95e-6,0
3501,W016,1988,1,7952,1,9.77e-6,9.77e-6,9.77e-6,0
3501,W016,1988,2,7953,1,3.11e-5,3.11e-5,3.11e-5,0
3501,W016,1988,3,7954,1,8.44e-5,8.44e-5,8.44e-5,0
3501,W016,1988,4,7955,1,2.16e-4,2.16e-4,2.16e-4,0
3501,W016,1989,2,7957,1,0.00209221,0.00209221,0.00209221,0
3501,W016,1989,3,7958,1,0.004690079,0.004690079,0.004690079,0
3502,W017,1979,3,7918,1,0.00179081,0.00179081,0.00179081,0
3502,W017,1981,4,7927,1,0.021422038,0.021422038,0.021422038,0
3503,W018,1979,3,7918,1,0.006481373,0.006481373,0.006481373,0
3504,W019,1979,3,7918,1,0.006481373,0.006481373,0.006481373,0
3505,W020,1979,3,7918,1,0.006481373,0.006481373,0.006481373,0
3506,W021,1979,3,7918,1,0.003598109,0.003598109,0.003598109,0
3506,W021,1982,4,7931,1,0.059948405,0.059948405,0.059948405,0
3507,W022,1979,3,7918,1,0.006481373,0.006481373,0.006481373,0
3508,W023,1979,3,7918,1,0.003468269,0.003468269,0.003468269,0
3508,W023,1980,2,7921,1,0.01761577,0.01761577,0.01761577,0
3509,W024,1979,3,7918,1,1.53e-6,1.53e-6,1.53e-6,0
3509,W024,1981,4,7927,1,1.83e-5,1.83e-5,1.83e-5,0
3509,W024,1983,1,7932,1,5.29e-5,5.29e-5,5.29e-5,0
3509,W024,1983,2,7933,1,8.64e-5,8.64e-5,8.64e-5,0
3509,W024,1984,2,7937,1,4.67e-4,4.67e-4,4.67e-4,0
3509,W024,1984,3,7938,1,8.04e-4,8.04e-4,8.04e-4,0
3509,W024,1985,1,7940,1,0.002053449,0.002053449,0.002053449,0
3509,W024,1987,3,7950,1,0.017652457,0.017652457,0.017652457,0
3509,W024,1988,1,7952,1,0.022847949,0.022847949,0.022847949,0
3510,W025,1979,3,7918,1,2.82e-4,2.82e-4,2.82e-4,0
3510,W025,1980,3,7922,1,0.001766667,0.001766667,0.001766667,0
3510,W025,1981,4,7927,1,0.004814124,0.004814124,0.004814124,0
3510,W025,1983,2,7933,1,0.020007954,0.020007954,0.020007954,0
3510,W025,1984,3,7938,1,0.041172501,0.041172501,0.041172501,0
3511,W026,1979,3,7918,1,9.05e-10,9.05e-10,9.05e-10,0
3511,W026,1980,2,7921,1,4.6e-9,4.6e-9,4.6e-9,0
3511,W026,1980,3,7922,1,6.64e-9,6.64e-9,6.64e-9,0
3511,W026,1981,2,7925,1,1.92e-8,1.92e-8,1.92e-8,0
3511,W026,1981,3,7926,1,2.61e-8,2.61e-8,2.61e-8,0
3511,W026,1982,2,7929,1,1.13e-7,1.13e-7,1.13e-7,0
3511,W026,1983,1,7932,1,3.83e-7,3.83e-7,3.83e-7,0
3511,W026,1983,2,7933,1,9.06e-7,9.06e-7,9.06e-7,0
3511,W026,1983,3,7934,2,2.22e-6,2.22e-6,2.22e-6,0
3511,W026,1983,4,7935,1,1.47e-5,1.47e-5,1.47e-5,0
3511,W026,1984,2,7937,1,1.2e-4,1.2e-4,1.2e-4,0
3511,W026,1984,3,7938,1,2.67e-4,2.67e-4,2.67e-4,0
3511,W026,1985,3,7942,1,0.002877047,0.002877047,0.002877047,0
3511,W026,1986,2,7945,1,0.011127721,0.011127721,0.011127721,0
3512,W027,1979,3,7918,1,9.48e-4,9.48e-4,9.48e-4,0
3512,W027,1980,3,7922,1,0.00594385,0.00594385,0.00594385,0
3512,W027,1981,4,7927,1,0.016196848,0.016196848,0.016196848,0
3513,W028,1979,3,7918,1,0.006481373,0.006481373,0.006481373,0
3514,W029,1979,3,7918,1,0.006481373,0.006481373,0.006481373,0
3515,W030,1979,3,7918,1,9.44e-4,9.44e-4,9.44e-4,0
3515,W030,1980,2,7921,1,0.004794527,0.004794527,0.004794527,0
3515,W030,1981,3,7926,1,0.015839454,0.015839454,0.015839454,0
3516,W031,1979,3,7918,1,0.006481373,0.006481373,0.006481373,0
3517,W032,1979,3,7918,1,5.49e-6,5.49e-6,5.49e-6,0
3517,W032,1980,2,7921,1,2.79e-5,2.79e-5,2.79e-5,0
3517,W032,1982,2,7929,1,1.3e-4,1.3e-4,1.3e-4,0
3517,W032,1983,2,7933,1,3.08e-4,3.08e-4,3.08e-4,0
3517,W032,1984,3,7938,1,0.001141515,0.001141515,0.001141515,0
3517,W032,1985,1,7940,1,0.002311375,0.002311375,0.002311375,0
3517,W032,1988,2,7953,1,0.04125543,0.04125543,0.04125543,0
3518,W033,1979,3,7918,1,4.99e-4,4.99e-4,4.99e-4,0
3518,W033,1980,2,7921,1,0.002533949,0.002533949,0.002533949,0
3518,W033,1980,3,7922,1,0.003659211,0.003659211,0.003659211,0
3518,W033,1981,3,7926,1,0.012604321,0.012604321,0.012604321,0
3519,W034,1979,3,7918,1,0.003468269,0.003468269,0.003468269,0
3519,W034,1980,2,7921,1,0.01761577,0.01761577,0.01761577,0
3520,W035,1979,3,7918,1,5.23e-4,5.23e-4,5.23e-4,0
3520,W035,1980,3,7922,1,0.003278128,0.003278128,0.003278128,0
3520,W035,1981,3,7926,1,0.0082184,0.0082184,0.0082184,0
3520,W035,1983,2,7933,1,0.023514211,0.023514211,0.023514211,0
3521,W036,1979,3,7918,1,0.001905183,0.001905183,0.001905183,0
3521,W036,1984,2,7937,1,0.045283476,0.045283476,0.045283476,0
3522,W037,1979,3,7918,1,0.006481373,0.006481373,0.006481373,0
3523,W038,1979,3,7918,1,5.12e-4,5.12e-4,5.12e-4,0
3523,W038,1980,3,7922,1,0.00320781,0.00320781,0.00320781,0
3523,W038,1981,3,7926,1,0.008042109,0.008042109,0.008042109,0
3523,W038,1982,3,7930,1,0.025697162,0.025697162,0.025697162,0
3523,W038,1983,4,7935,1,0.097124591,0.097124591,0.097124591,0
3523,W038,1986,1,7944,1,0.682363834,0.682363834,0.682363834,0
3524,W039,1979,3,7918,1,0.003481156,0.003481156,0.003481156,0
3524,W039,1980,3,7922,1,0.021817359,0.021817359,0.021817359,0
3525,W040,1979,3,7918,1,2.57e-4,2.57e-4,2.57e-4,0
3525,W040,1980,2,7921,1,0.001303613,0.001303613,0.001303613,0
3525,W040,1982,3,7930,2,0.0066125690000000004,0.0066125690000000004,0.0066125690000000004,0
3526,W041,1979,3,7918,1,0.006481373,0.006481373,0.006481373,0
3527,W042,1979,3,7918,1,0.003481156,0.003481156,0.003481156,0
3527,W042,1980,3,7922,1,0.021817359,0.021817359,0.021817359,0
3528,W043,1979,3,7918,1,0.006481373,0.006481373,0.006481373,0
3529,W044,1979,3,7918,1,0.006481373,0.006481373,0.006481373,0
3530,W045,1979,3,7918,1,0.006481373,0.006481373,0.006481373,0
3531,W046,1979,3,7918,1,0.006481373,0.006481373,0.006481373,0
3532,W047,1979,3,7918,1,4.84e-4,4.84e-4,4.84e-4,0
3532,W047,1981,4,7927,1,0.005789409,0.005789409,0.005789409,0
3532,W047,1982,3,7930,1,0.013246498,0.013246498,0.013246498,0
3533,W048,1979,3,7918,1,0.003481156,0.003481156,0.003481156,0
3533,W048,1980,3,7922,1,0.021817359,0.021817359,0.021817359,0
3534,W049,1979,3,7918,1,0.003481156,0.003481156,0.003481156,0
3534,W049,1980,3,7922,1,0.021817359,0.021817359,0.021817359,0
3535,W050,1979,3,7918,1,0.006481373,0.006481373,0.006481373,0
3536,W052,1979,3,7918,1,0.006481373,0.006481373,0.006481373,0
3537,W053,1979,3,7918,1,0.006481373,0.006481373,0.006481373,0
3538,W054,1979,3,7918,1,2.68e-4,2.68e-4,2.68e-4,0
3538,W054,1981,3,7926,1,0.003009551,0.003009551,0.003009551,0
3538,W054,1983,3,7934,1,0.012353468,0.012353468,0.012353468,0
3538,W054,1984,3,7938,1,0.029912541,0.029912541,0.029912541,0
3539,W055,1979,3,7918,1,0.006481373,0.006481373,0.006481373,0
3540,W056,1979,3,7918,1,0.003481156,0.003481156,0.003481156,0
3540,W056,1980,3,7922,1,0.021817359,0.021817359,0.021817359,0
3541,W057,1979,3,7918,1,0.006481373,0.006481373,0.006481373,0
3542,W058,1979,3,7918,1,9.93e-4,9.93e-4,9.93e-4,0
3542,W058,1982,2,7929,1,0.014808263,0.014808263,0.014808263,0
3542,W058,1983,2,7933,1,0.023196506,0.023196506,0.023196506,0
3543,W059,1979,3,7918,1,0.006481373,0.006481373,0.006481373,0
3544,W060,1979,3,7918,1,0.006481373,0.006481373,0.006481373,0
3545,W061,1979,3,7918,1,0.006481373,0.006481373,0.006481373,0
3546,W062,1979,3,7918,1,0.006481373,0.006481373,0.006481373,0
3547,W063,1979,3,7918,1,0.003577844,0.003577844,0.003577844,0
3547,W063,1982,2,7929,1,0.053341339,0.053341339,0.053341339,0
3548,W064,1979,3,7918,1,9.98e-4,9.98e-4,9.98e-4,0
3548,W064,1982,2,7929,1,0.014886103,0.014886103,0.014886103,0
3548,W064,1983,3,7934,1,0.025169715,0.025169715,0.025169715,0
3549,W065,1979,3,7918,1,9.9e-4,9.9e-4,9.9e-4,0
3549,W065,1980,2,7921,1,0.005027071,0.005027071,0.005027071,0
3549,W065,1983,3,7934,1,0.033689584,0.033689584,0.033689584,0
3550,W066,1979,3,7918,1,0.006481373,0.006481373,0.006481373,0
3551,W067,1979,3,7918,1,0.006481373,0.006481373,0.006481373,0
3552,W068,1979,3,7918,1,5.01e-4,5.01e-4,5.01e-4,0
3552,W068,1980,3,7922,1,0.003141683,0.003141683,0.003141683,0
3552,W068,1981,3,7926,2,0.007876326,0.007876326,0.007876326,0
3553,W069,1979,4,7919,1,0.001846858,0.001846858,0.001846858,0
3553,W069,1980,2,7921,1,0.007943971,0.007943971,0.007943971,0
3553,W069,1980,4,7923,1,0.014822931,0.014822931,0.014822931,0
3554,X001,2000,1,8000,1,0.234617952,0.234617952,0.234617952,0
3554,X001,2000,3,8002,1,0.999999996,0.999999996,0.999999996,0
3555,X002,2000,1,8000,1,0.003095119,0.003095119,0.003095119,0
3555,X002,2000,3,8002,1,0.013192167,0.013192167,0.013192167,0
3556,X003,2000,2,8001,1,1.31e-7,1.31e-7,1.31e-7,0
3556,X003,2000,3,8002,1,3.05e-7,3.05e-7,3.05e-7,0
3556,X003,2000,4,8003,1,7.79e-7,7.79e-7,7.79e-7,0
3556,X003,2001,2,8005,1,8.35e-6,8.35e-6,8.35e-6,0
3556,X003,2001,3,8006,2,1.99e-5,1.99e-5,1.99e-5,0
3556,X003,2001,4,8007,1,1.56e-4,1.56e-4,1.56e-4,0
3556,X003,2002,2,8009,1,0.00277061,0.00277061,0.00277061,0
3556,X003,2002,3,8010,1,0.006764407,0.006764407,0.006764407,0
3557,X004,2000,2,8001,1,0.038512284,0.038512284,0.038512284,0
3557,X004,2000,3,8002,1,0.089223841,0.089223841,0.089223841,0
3557,X004,2001,3,8006,2,0.930117859,0.930117859,0.930117859,0
3557,X004,2003,2,8013,1,1,1,1,0
3558,X005,2000,2,8001,1,6.95e-8,6.95e-8,6.95e-8,0
3558,X005,2000,3,8002,1,1.61e-7,1.61e-7,1.61e-7,0
3558,X005,2000,4,8003,1,4.12e-7,4.12e-7,4.12e-7,0
3558,X005,2001,1,8004,1,2.21e-6,2.21e-6,2.21e-6,0
3558,X005,2001,2,8005,1,1.17e-5,1.17e-5,1.17e-5,0
3558,X005,2001,3,8006,2,3.79e-5,3.79e-5,3.79e-5,0
3558,X005,2001,4,8007,1,3.47e-4,3.47e-4,3.47e-4,0
3558,X005,2002,2,8009,1,0.006274236,0.006274236,0.006274236,0
3558,X005,2002,3,8010,1,0.015328949,0.015328949,0.015328949,0
3558,X005,2003,3,8014,1,0.18053784,0.18053784,0.18053784,0
3558,X005,2003,4,8015,1,0.281511892,0.281511892,0.281511892,0
3558,X005,2006,2,8025,1,0.658478987,0.658478987,0.658478987,0
3559,X006,2000,2,8001,1,0.004129745,0.004129745,0.004129745,0
3559,X006,2000,3,8002,1,0.009567642,0.009567642,0.009567642,0
3559,X006,2003,2,8013,1,0.022154804,0.022154804,0.022154804,0
3559,X006,2004,2,8017,1,0.040147557,0.040147557,0.040147557,0
3560,X007,2000,2,8001,1,3.25e-7,3.25e-7,3.25e-7,0
3560,X007,2000,3,8002,1,5.14e-7,5.14e-7,5.14e-7,0
3560,X007,2001,1,8004,1,1.9e-6,1.9e-6,1.9e-6,0
3560,X007,2002,2,8009,1,1.98e-5,1.98e-5,1.98e-5,0
3560,X007,2002,3,8010,1,3.27e-5,3.27e-5,3.27e-5,0
3560,X007,2002,4,8011,1,6.81e-5,6.81e-5,6.81e-5,0
3560,X007,2003,2,8013,1,7.02e-4,7.02e-4,7.02e-4,0
3560,X007,2003,3,8014,1,0.001669913,0.001669913,0.001669913,0
3560,X007,2003,4,8015,1,0.00432082,0.00432082,0.00432082,0
3561,X008,2000,2,8001,1,4.27e-5,4.27e-5,4.27e-5,0
3561,X008,2000,3,8002,2,9.9e-5,9.9e-5,9.9e-5,0
3561,X008,2000,4,8003,1,7.6e-4,7.6e-4,7.6e-4,0
3561,X008,2002,2,8009,1,0.028267335,0.028267335,0.028267335,0
3562,X009,2000,2,8001,1,4.13e-5,4.13e-5,4.13e-5,0
3562,X009,2000,3,8002,1,9.57e-5,9.57e-5,9.57e-5,0
3562,X009,2000,4,8003,1,2.45e-4,2.45e-4,2.45e-4,0
3562,X009,2001,2,8005,1,0.002622281,0.002622281,0.002622281,0
3562,X009,2001,3,8006,1,0.006263655,0.006263655,0.006263655,0
3563,X010,2000,2,8001,1,0.001150353,0.001150353,0.001150353,0
3563,X010,2000,3,8002,2,0.001227707,0.001227707,0.001227707,0
3563,X010,2000,4,8003,1,0.002136383,0.002136383,0.002136383,0
3563,X010,2001,1,8004,1,0.008661659,0.008661659,0.008661659,0
3563,X010,2001,3,8006,2,0.065077013,0.065077013,0.065077013,0
3563,X010,2002,4,8011,1,0.999999997,0.999999997,0.999999997,0
3564,X011,2000,2,8001,1,2.53e-6,2.53e-6,2.53e-6,0
3564,X011,2000,3,8002,1,5.85e-6,5.85e-6,5.85e-6,0
3564,X011,2000,4,8003,1,1.5e-5,1.5e-5,1.5e-5,0
3564,X011,2001,2,8005,1,1.6e-4,1.6e-4,1.6e-4,0
3564,X011,2001,4,8007,1,5.26e-4,5.26e-4,5.26e-4,0
3564,X011,2002,2,8009,1,0.00325753,0.00325753,0.00325753,0
3564,X011,2003,2,8013,1,0.02122844,0.02122844,0.02122844,0
3565,X012,2000,2,8001,1,2.65e-6,2.65e-6,2.65e-6,0
3565,X012,2000,3,8002,2,6.13e-6,6.13e-6,6.13e-6,0
3565,X012,2001,1,8004,1,1.16e-4,1.16e-4,1.16e-4,0
3565,X012,2001,3,8006,1,7.09e-4,7.09e-4,7.09e-4,0
3565,X012,2001,4,8007,1,0.00134897,0.00134897,0.00134897,0
3565,X012,2004,2,8017,1,0.050270529,0.050270529,0.050270529,0
3566,X013,2000,2,8001,1,0.013754875,0.013754875,0.013754875,0
3566,X013,2000,3,8002,2,0.0146798,0.0146798,0.0146798,0
3567,X014,2000,2,8001,1,0.531791543,0.531791543,0.531791543,0
3567,X014,2000,4,8003,1,0.590401958,0.590401958,0.590401958,0
3567,X014,2001,1,8004,1,0.598781808,0.598781808,0.598781808,0
3567,X014,2001,3,8006,1,0.602481594,0.602481594,0.602481594,0
3568,X015,2000,2,8001,1,5.63e-7,5.63e-7,5.63e-7,0
3568,X015,2000,3,8002,1,1.31e-6,1.31e-6,1.31e-6,0
3568,X015,2000,4,8003,1,3.34e-6,3.34e-6,3.34e-6,0
3568,X015,2001,1,8004,1,1.79e-5,1.79e-5,1.79e-5,0
3568,X015,2001,3,8006,2,1.44e-4,1.44e-4,1.44e-4,0
3568,X015,2002,2,8009,1,0.003341113,0.003341113,0.003341113,0
3568,X015,2002,3,8010,1,0.007332625,0.007332625,0.007332625,0
3569,X016,2000,2,8001,1,1.78e-4,1.78e-4,1.78e-4,0
3569,X016,2000,3,8002,1,4.13e-4,4.13e-4,4.13e-4,0
3569,X016,2001,2,8005,1,0.003450176,0.003450176,0.003450176,0
3569,X016,2001,4,8007,1,0.009461954,0.009461954,0.009461954,0
3570,X017,2000,2,8001,1,1.76e-4,1.76e-4,1.76e-4,0
3570,X017,2000,3,8002,1,4.07e-4,4.07e-4,4.07e-4,0
3570,X017,2000,4,8003,1,0.001039922,0.001039922,0.001039922,0
3570,X017,2001,3,8006,1,0.014757268,0.014757268,0.014757268,0
3571,X018,2000,2,8001,1,1.7e-4,1.7e-4,1.7e-4,0
3571,X018,2000,3,8002,1,3.95e-4,3.95e-4,3.95e-4,0
3571,X018,2000,4,8003,1,0.00100949,0.00100949,0.00100949,0
3571,X018,2001,1,8004,1,0.005423901,0.005423901,0.005423901,0
3572,X019,2000,2,8001,1,7.57e-4,7.57e-4,7.57e-4,0
3572,X019,2000,3,8002,2,0.001752869,0.001752869,0.001752869,0
3572,X019,2001,1,8004,2,0.033057387,0.033057387,0.033057387,0
3573,X020,2000,2,8001,1,0.012718813,0.012718813,0.012718813,0
3574,X021,2000,2,8001,1,1.68e-4,1.68e-4,1.68e-4,0
3574,X021,2000,3,8002,2,3.88e-4,3.88e-4,3.88e-4,0
3574,X021,2000,4,8003,1,0.002981138,0.002981138,0.002981138,0
3575,X022,2000,2,8001,1,7.12e-4,7.12e-4,7.12e-4,0
3575,X022,2000,3,8002,2,0.001648869,0.001648869,0.001648869,0
3576,X023,2000,2,8001,1,0.056259376,0.056259376,0.056259376,0
3576,X023,2000,3,8002,1,0.060042448,0.060042448,0.060042448,0
3577,X024,2000,2,8001,1,8.76e-9,8.76e-9,8.76e-9,0
3577,X024,2000,3,8002,1,2.03e-8,2.03e-8,2.03e-8,0
3577,X024,2000,4,8003,1,5.19e-8,5.19e-8,5.19e-8,0
3577,X024,2001,1,8004,1,6.35e-8,6.35e-8,6.35e-8,0
3577,X024,2001,2,8005,1,1.24e-7,1.24e-7,1.24e-7,0
3577,X024,2001,3,8006,2,2.93e-7,2.93e-7,2.93e-7,0
3577,X024,2002,2,8009,1,1.12e-5,1.12e-5,1.12e-5,0
3577,X024,2002,3,8010,2,2.48e-5,2.48e-5,2.48e-5,0
3577,X024,2003,2,8013,1,8.51e-4,8.51e-4,8.51e-4,0
3577,X024,2003,3,8014,1,0.001868513,0.001868513,0.001868513,0
3577,X024,2004,3,8018,1,0.020309327,0.020309327,0.020309327,0
3578,X025,2000,2,8001,1,0.003035038,0.003035038,0.003035038,0
3578,X025,2000,3,8002,1,0.007031464,0.007031464,0.007031464,0
3579,X026,2000,2,8001,1,0.003035038,0.003035038,0.003035038,0
3579,X026,2000,3,8002,1,0.007031464,0.007031464,0.007031464,0
3580,X027,2000,2,8001,1,7.12e-4,7.12e-4,7.12e-4,0
3580,X027,2000,3,8002,2,0.001648869,0.001648869,0.001648869,0
3581,X028,2000,2,8001,1,0.006828773,0.006828773,0.006828773,0
3581,X028,2000,3,8002,1,0.010809991,0.010809991,0.010809991,0
3582,X029,2000,2,8001,1,0.012718813,0.012718813,0.012718813,0
3583,X030,2000,2,8001,1,4.88e-5,4.88e-5,4.88e-5,0
3583,X030,2000,3,8002,1,1.13e-4,1.13e-4,1.13e-4,0
3583,X030,2000,4,8003,1,2.89e-4,2.89e-4,2.89e-4,0
3583,X030,2001,2,8005,1,0.003098418,0.003098418,0.003098418,0
3583,X030,2001,3,8006,1,0.007400972,0.007400972,0.007400972,0
3583,X030,2001,4,8007,1,0.019200804,0.019200804,0.019200804,0
3583,X030,2002,1,8008,1,0.121144123,0.121144123,0.121144123,0
3583,X030,2002,3,8010,1,1,1,1,0
3583,X030,2003,3,8014,1,1,1,1,0
3584,X031,2000,2,8001,1,1.68e-4,1.68e-4,1.68e-4,0
3584,X031,2000,3,8002,2,3.88e-4,3.88e-4,3.88e-4,0
3584,X031,2000,4,8003,1,0.002981138,0.002981138,0.002981138,0
3585,X032,2000,2,8001,1,0.012718813,0.012718813,0.012718813,0
3586,X033,2000,2,8001,1,0.003035038,0.003035038,0.003035038,0
3586,X033,2000,3,8002,1,0.007031464,0.007031464,0.007031464,0
3587,X034,2000,2,8001,1,1.9e-4,1.9e-4,1.9e-4,0
3587,X034,2000,3,8002,1,4.39e-4,4.39e-4,4.39e-4,0
3587,X034,2001,1,8004,1,0.002267841,0.002267841,0.002267841,0
3587,X034,2001,2,8005,1,0.008270213,0.008270213,0.008270213,0
3587,X034,2001,3,8006,1,0.009123639,0.009123639,0.009123639,0
3587,X034,2001,4,8007,1,0.011464175,0.011464175,0.011464175,0
3588,X035,2000,2,8001,1,0.001832427,0.001832427,0.001832427,0
3588,X035,2000,3,8002,1,0.0042453,0.0042453,0.0042453,0
3588,X035,2000,4,8003,1,0.010856114,0.010856114,0.010856114,0
3588,X035,2001,1,8004,1,0.058328933,0.058328933,0.058328933,0
3588,X035,2001,2,8005,1,0.307171596,0.307171596,0.307171596,0
3588,X035,2001,3,8006,1,0.999999998,0.999999998,0.999999998,0
3588,X035,2001,4,8007,1,1,1,1,0
3588,X035,2002,2,8009,1,1,1,1,0
3588,X035,2002,3,8010,1,1,1,1,0
3588,X035,2002,4,8011,1,1,1,1,0
3588,X035,2003,1,8012,1,1,1,1,0
3588,X035,2003,2,8013,1,1,1,1,0
3588,X035,2003,3,8014,1,1,1,1,0
3588,X035,2004,2,8017,1,1,1,1,0
3589,X036,2000,2,8001,1,1.77e-4,1.77e-4,1.77e-4,0
3589,X036,2000,3,8002,1,4.1e-4,4.1e-4,4.1e-4,0
3589,X036,2001,2,8005,1,0.003423778,0.003423778,0.003423778,0
3589,X036,2001,3,8006,1,0.007062226,0.007062226,0.007062226,0
3590,X037,2000,2,8001,1,1.76e-4,1.76e-4,1.76e-4,0
3590,X037,2000,3,8002,1,4.07e-4,4.07e-4,4.07e-4,0
3590,X037,2000,4,8003,1,0.001039922,0.001039922,0.001039922,0
3590,X037,2001,3,8006,1,0.014757268,0.014757268,0.014757268,0
3591,X038,2000,2,8001,1,1.68e-4,1.68e-4,1.68e-4,0
3591,X038,2000,3,8002,2,3.88e-4,3.88e-4,3.88e-4,0
3591,X038,2000,4,8003,1,0.002981138,0.002981138,0.002981138,0
3592,X039,2000,2,8001,1,0.003035038,0.003035038,0.003035038,0
3592,X039,2000,3,8002,1,0.007031464,0.007031464,0.007031464,0
3593,X040,2000,3,8002,2,0.00299568,0.00299568,0.00299568,0
3594,X041,2000,3,8002,2,3.23e-4,3.23e-4,3.23e-4,0
3594,X041,2000,4,8003,1,3.83e-4,3.83e-4,3.83e-4,0
3594,X041,2001,1,8004,1,4.05e-4,4.05e-4,4.05e-4,0
3594,X041,2001,2,8005,1,5.21e-4,5.21e-4,5.21e-4,0
3594,X041,2001,3,8006,2,8.45e-4,8.45e-4,8.45e-4,0
3594,X041,2002,1,8008,1,0.012314262,0.012314262,0.012314262,0
3594,X041,2002,3,8010,1,0.078396884,0.078396884,0.078396884,0
3594,X041,2004,3,8018,1,0.999999999,0.999999999,0.999999999,0
3595,X042,2000,3,8002,2,0.47336848,0.47336848,0.47336848,0
3595,X042,2000,4,8003,1,0.562084044,0.562084044,0.562084044,0
3595,X042,2001,2,8005,1,0.63439208,0.63439208,0.63439208,0
3596,X043,2000,3,8002,2,1,1,1,0
3596,X043,2000,4,8003,1,1,1,1,0
3597,X044,2000,3,8002,2,1.22e-5,1.22e-5,1.22e-5,0
3597,X044,2000,4,8003,1,1.44e-5,1.44e-5,1.44e-5,0
3597,X044,2001,1,8004,1,1.53e-5,1.53e-5,1.53e-5,0
3597,X044,2001,2,8005,1,1.96e-5,1.96e-5,1.96e-5,0
3597,X044,2001,3,8006,2,3.18e-5,3.18e-5,3.18e-5,0
3597,X044,2002,3,8010,2,0.001044999,0.001044999,0.001044999,0
3597,X044,2003,2,8013,1,0.014931173,0.014931173,0.014931173,0
3598,X045,2000,3,8002,2,0.070948052,0.070948052,0.070948052,0
3598,X045,2000,4,8003,1,0.084244663,0.084244663,0.084244663,0
3598,X045,2001,1,8004,1,0.089120767,0.089120767,0.089120767,0
3598,X045,2001,2,8005,1,0.09042602,0.09042602,0.09042602,0
3598,X045,2001,3,8006,2,0.090611603,0.090611603,0.090611603,0
3598,X045,2002,1,8008,1,0.09719094,0.09719094,0.09719094,0
3599,X046,2000,3,8002,1,0.012718813,0.012718813,0.012718813,0
3600,X047,2000,3,8002,2,0.00299568,0.00299568,0.00299568,0
3601,X048,2000,3,8002,2,7.63e-4,7.63e-4,7.63e-4,0
3601,X048,2000,4,8003,2,0.003563477,0.003563477,0.003563477,0
3601,X048,2001,1,8004,1,0.007966602,0.007966602,0.007966602,0
3602,X049,2000,3,8002,2,1.93e-4,1.93e-4,1.93e-4,0
3602,X049,2000,4,8003,1,9.04e-4,9.04e-4,9.04e-4,0
3602,X049,2001,2,8005,1,0.012236568,0.012236568,0.012236568,0
3602,X049,2001,3,8006,1,0.029593143,0.029593143,0.029593143,0
3602,X049,2002,1,8008,1,0.173109447,0.173109447,0.173109447,0
3602,X049,2002,3,8010,1,0.999999999,0.999999999,0.999999999,0
3602,X049,2002,4,8011,1,1,1,1,0
3603,X050,2000,3,8002,1,0.012718813,0.012718813,0.012718813,0
3604,X051,2000,3,8002,2,1.28e-7,1.28e-7,1.28e-7,0
3604,X051,2000,4,8003,2,5.97e-7,5.97e-7,5.97e-7,0
3604,X051,2001,1,8004,1,1.5e-5,1.5e-5,1.5e-5,0
3604,X051,2001,2,8005,1,9.07e-5,9.07e-5,9.07e-5,0
3604,X051,2001,3,8006,2,3.01e-4,3.01e-4,3.01e-4,0
3604,X051,2002,3,8010,1,0.017813368,0.017813368,0.017813368,0
3605,X052,2000,3,8002,1,0.012718813,0.012718813,0.012718813,0
3606,X053,2000,3,8002,1,0.012718813,0.012718813,0.012718813,0
3607,X054,2000,3,8002,2,1.74e-4,1.74e-4,1.74e-4,0
3607,X054,2001,2,8005,1,0.003188592,0.003188592,0.003188592,0
3607,X054,2001,3,8006,1,0.006827899,0.006827899,0.006827899,0
3608,X055,2000,3,8002,1,0.002719536,0.002719536,0.002719536,0
3608,X055,2000,4,8003,1,0.005047337,0.005047337,0.005047337,0
3608,X055,2001,2,8005,1,0.04220006,0.04220006,0.04220006,0
3608,X055,2002,1,8008,1,0.208833103,0.208833103,0.208833103,0
3608,X055,2002,4,8011,1,0.999999932,0.999999932,0.999999932,0
3609,X056,2000,3,8002,1,0.999999914,0.999999914,0.999999914,0
3610,X057,2000,3,8002,2,9.5e-6,9.5e-6,9.5e-6,0
3610,X057,2000,4,8003,1,4.44e-5,4.44e-5,4.44e-5,0
3610,X057,2001,1,8004,1,2.95e-4,2.95e-4,2.95e-4,0
3610,X057,2001,3,8006,2,0.002460265,0.002460265,0.002460265,0
3611,X058,2000,3,8002,3,7e-4,7e-4,7e-4,0
3612,X059,2000,3,8002,1,1.75e-4,1.75e-4,1.75e-4,0
3612,X059,2000,4,8003,1,3.24e-4,3.24e-4,3.24e-4,0
3612,X059,2001,3,8006,2,0.003559609,0.003559609,0.003559609,0
3613,X060,2000,3,8002,1,0.828893698,0.828893698,0.828893698,0
3613,X060,2001,2,8005,1,1,1,1,0
3613,X060,2001,3,8006,1,1,1,1,0
3614,X061,2000,3,8002,1,0.012718813,0.012718813,0.012718813,0
3615,X062,2000,3,8002,1,0.012718813,0.012718813,0.012718813,0
3616,X063,2000,3,8002,1,0.003064786,0.003064786,0.003064786,0
3616,X063,2001,1,8004,1,0.010081843,0.010081843,0.010081843,0
3617,X064,2000,3,8002,2,0.190582644,0.190582644,0.190582644,0
3617,X064,2000,4,8003,1,0.226300372,0.226300372,0.226300372,0
3617,X064,2001,3,8006,2,1,1,1,0
3618,X065,2000,3,8002,2,0.158616479,0.158616479,0.158616479,0
3618,X065,2000,4,8003,1,0.188343321,0.188343321,0.188343321,0
3618,X065,2001,3,8006,1,0.832271373,0.832271373,0.832271373,0
3618,X065,2002,3,8010,1,0.99999999,0.99999999,0.99999999,0
3619,X066,2000,3,8002,2,1.68e-4,1.68e-4,1.68e-4,0
3619,X066,2000,4,8003,1,7.82e-4,7.82e-4,7.82e-4,0
3619,X066,2001,1,8004,1,0.005197823,0.005197823,0.005197823,0
3620,X067,2000,3,8002,2,9.5e-6,9.5e-6,9.5e-6,0
3620,X067,2000,4,8003,1,4.44e-5,4.44e-5,4.44e-5,0
3620,X067,2001,1,8004,1,2.95e-4,2.95e-4,2.95e-4,0
3620,X067,2001,3,8006,2,0.002460265,0.002460265,0.002460265,0
3621,X068,2000,3,8002,1,0.0607635,0.0607635,0.0607635,0
3621,X068,2002,2,8009,1,0.08920205,0.08920205,0.08920205,0
3622,X069,2000,3,8002,2,7.16e-4,7.16e-4,7.16e-4,0
3622,X069,2001,1,8004,1,0.007750083,0.007750083,0.007750083,0
3623,X070,2000,3,8002,2,2.16e-4,2.16e-4,2.16e-4,0
3623,X070,2000,4,8003,1,0.00100966,0.00100966,0.00100966,0
3623,X070,2005,3,8022,1,0.095056648,0.095056648,0.095056648,0
3624,X071,2000,3,8002,2,1.68e-4,1.68e-4,1.68e-4,0
3624,X071,2000,4,8003,1,7.82e-4,7.82e-4,7.82e-4,0
3624,X071,2001,1,8004,1,0.005197823,0.005197823,0.005197823,0
3625,X072,2000,3,8002,1,9.28e-5,9.28e-5,9.28e-5,0
3625,X072,2001,1,8004,1,3.05e-4,3.05e-4,3.05e-4,0
3625,X072,2001,2,8005,1,0.00100266,0.00100266,0.00100266,0
3625,X072,2001,3,8006,1,0.001862339,0.001862339,0.001862339,0
3625,X072,2001,4,8007,1,0.004220027,0.004220027,0.004220027,0
3626,X073,2000,3,8002,1,2.38e-6,2.38e-6,2.38e-6,0
3626,X073,2000,4,8003,1,4.41e-6,4.41e-6,4.41e-6,0
3626,X073,2001,1,8004,1,1.9e-5,1.9e-5,1.9e-5,0
3626,X073,2001,3,8006,1,1.45e-4,1.45e-4,1.45e-4,0
3626,X073,2002,1,8008,1,5.57e-4,5.57e-4,5.57e-4,0
3626,X073,2002,2,8009,1,0.001994436,0.001994436,0.001994436,0
3626,X073,2002,3,8010,1,0.005991341,0.005991341,0.005991341,0
3627,X074,2000,3,8002,1,0.012718813,0.012718813,0.012718813,0
3628,X075,2000,3,8002,1,1.79e-4,1.79e-4,1.79e-4,0
3628,X075,2000,4,8003,1,3.32e-4,3.32e-4,3.32e-4,0
3628,X075,2001,3,8006,1,0.003643966,0.003643966,0.003643966,0
3628,X075,2002,1,8008,1,0.010852506,0.010852506,0.010852506,0
3629,X076,2000,3,8002,1,2.07e-4,2.07e-4,2.07e-4,0
3629,X076,2000,4,8003,1,3.84e-4,3.84e-4,3.84e-4,0
3629,X076,2002,3,8010,1,0.008790509,0.008790509,0.008790509,0
3629,X076,2004,2,8017,1,0.041360247,0.041360247,0.041360247,0
3630,X077,2000,3,8002,1,0.003156732,0.003156732,0.003156732,0
3630,X077,2001,3,8006,1,0.019509929,0.019509929,0.019509929,0
3631,X078,2000,3,8002,1,8.12e-4,8.12e-4,8.12e-4,0
3631,X078,2001,3,8006,1,0.005016833,0.005016833,0.005016833,0
3631,X078,2003,2,8013,1,0.036271163,0.036271163,0.036271163,0
3631,X078,2008,3,8034,1,0.392023308,0.392023308,0.392023308,0
3632,X079,2000,3,8002,1,0.003021147,0.003021147,0.003021147,0
3632,X079,2000,4,8003,1,0.005607114,0.005607114,0.005607114,0
3633,X080,2000,3,8002,1,2.11e-4,2.11e-4,2.11e-4,0
3633,X080,2001,1,8004,1,6.93e-4,6.93e-4,6.93e-4,0
3633,X080,2003,4,8015,1,0.013050277,0.013050277,0.013050277,0
3633,X080,2004,2,8017,1,0.024344872,0.024344872,0.024344872,0
3634,X081,2000,3,8002,1,0.003021147,0.003021147,0.003021147,0
3634,X081,2000,4,8003,1,0.005607114,0.005607114,0.005607114,0
3635,X082,2000,3,8002,1,7.9e-4,7.9e-4,7.9e-4,0
3635,X082,2001,3,8006,1,0.004884221,0.004884221,0.004884221,0
3635,X082,2002,3,8010,1,0.022315832,0.022315832,0.022315832,0
3636,X083,2000,3,8002,1,9.45e-5,9.45e-5,9.45e-5,0
3636,X083,2000,4,8003,1,1.3e-4,1.3e-4,1.3e-4,0
3636,X083,2001,3,8006,1,9.06e-4,9.06e-4,9.06e-4,0
3636,X083,2001,4,8007,1,0.001466687,0.001466687,0.001466687,0
3636,X083,2002,1,8008,1,0.006306479,0.006306479,0.006306479,0
3637,X084,2000,3,8002,1,1.02e-5,1.02e-5,1.02e-5,0
3637,X084,2000,4,8003,1,1.89e-5,1.89e-5,1.89e-5,0
3637,X084,2001,1,8004,1,8.14e-5,8.14e-5,8.14e-5,0
3637,X084,2001,3,8006,1,6.22e-4,6.22e-4,6.22e-4,0
3637,X084,2002,2,8009,1,0.003817647,0.003817647,0.003817647,0
3637,X084,2002,3,8010,1,0.00780725,0.00780725,0.00780725,0
3638,X085,2000,3,8002,1,1.75e-4,1.75e-4,1.75e-4,0
3638,X085,2000,4,8003,1,3.24e-4,3.24e-4,3.24e-4,0
3638,X085,2001,3,8006,2,0.003559609,0.003559609,0.003559609,0
3639,X086,2000,3,8002,1,2.07e-5,2.07e-5,2.07e-5,0
3639,X086,2000,4,8003,2,3.84e-5,3.84e-5,3.84e-5,0
3639,X086,2001,1,8004,1,5.84e-4,5.84e-4,5.84e-4,0
3639,X086,2001,2,8005,1,0.003445601,0.003445601,0.003445601,0
3639,X086,2001,3,8006,1,0.011412031,0.011412031,0.011412031,0
3639,X086,2008,3,8034,1,0.99638631,0.99638631,0.99638631,0
3640,X087,2000,3,8002,1,0.012718813,0.012718813,0.012718813,0
3641,X088,2000,3,8002,1,1.64e-7,1.64e-7,1.64e-7,0
3641,X088,2000,4,8003,1,3.04e-7,3.04e-7,3.04e-7,0
3641,X088,2001,1,8004,1,1.31e-6,1.31e-6,1.31e-6,0
3641,X088,2001,2,8005,1,1.58e-6,1.58e-6,1.58e-6,0
3641,X088,2001,3,8006,2,2.33e-6,2.33e-6,2.33e-6,0
3641,X088,2002,1,8008,1,2.89e-5,2.89e-5,2.89e-5,0
3641,X088,2002,3,8010,1,1.82e-4,1.82e-4,1.82e-4,0
3641,X088,2003,3,8014,1,0.001281293,0.001281293,0.001281293,0
3641,X088,2004,1,8016,1,0.00320762,0.00320762,0.00320762,0
3641,X088,2005,1,8020,1,0.022085684,0.022085684,0.022085684,0
3642,X089,2000,3,8002,1,9.52e-6,9.52e-6,9.52e-6,0
3642,X089,2000,4,8003,1,1.77e-5,1.77e-5,1.77e-5,0
3642,X089,2001,1,8004,1,7.61e-5,7.61e-5,7.61e-5,0
3642,X089,2001,2,8005,1,3.83e-4,3.83e-4,3.83e-4,0
3642,X089,2001,3,8006,2,0.001236322,0.001236322,0.001236322,0
3643,Z066,1994,3,7978,2,2e-6,2e-6,2e-6,0
3643,Z066,1994,4,7979,1,2.46e-5,2.46e-5,2.46e-5,0
3643,Z066,1995,1,7980,1,2.8e-4,2.8e-4,2.8e-4,0
3643,Z066,1995,3,7982,2,0.002524383,0.002524383,0.002524383,0
3643,Z066,1995,4,7983,1,0.013016922,0.013016922,0.013016922,0
3643,Z066,1997,3,7990,1,1,1,1,0
3643,Z066,1997,4,7991,1,1,1,1,0
3644,X090,2000,3,8002,1,0.999999996,0.999999996,0.999999996,0
3645,X091,2000,3,8002,1,0.201449477,0.201449477,0.201449477,0
3646,X092,2000,4,8003,1,8.5e-4,8.5e-4,8.5e-4,0
3646,X092,2001,1,8004,1,0.002082974,0.002082974,0.002082974,0
3646,X092,2001,3,8006,1,0.002627198,0.002627198,0.002627198,0
3646,X092,2002,2,8009,1,0.00584323,0.00584323,0.00584323,0
3646,X092,2002,4,8011,1,0.012424363,0.012424363,0.012424363,0
3647,Y001,1981,2,7925,1,5.65e-7,5.65e-7,5.65e-7,0
3647,Y001,1981,4,7927,1,1.74e-6,1.74e-6,1.74e-6,0
3647,Y001,1982,1,7928,1,4.96e-6,4.96e-6,4.96e-6,0
3647,Y001,1982,2,7929,1,2.03e-5,2.03e-5,2.03e-5,0
3647,Y001,1982,3,7930,1,5.88e-5,5.88e-5,5.88e-5,0
3647,Y001,1982,4,7931,1,1.54e-4,1.54e-4,1.54e-4,0
3647,Y001,1983,3,7934,1,0.00210895,0.00210895,0.00210895,0
3647,Y001,1985,3,7942,1,0.020817319,0.020817319,0.020817319,0
3648,Y002,1981,2,7925,1,1.11e-4,1.11e-4,1.11e-4,0
3648,Y002,1981,3,7926,1,2.5e-4,2.5e-4,2.5e-4,0
3648,Y002,1981,4,7927,1,5.96e-4,5.96e-4,5.96e-4,0
3648,Y002,1982,1,7928,1,0.00302096,0.00302096,0.00302096,0
3649,Y003,1981,2,7925,1,0.006104566,0.006104566,0.006104566,0
3650,Y004,1981,3,7926,1,6.56e-5,6.56e-5,6.56e-5,0
3650,Y004,1982,3,7930,1,4.19e-4,4.19e-4,4.19e-4,0
3650,Y004,1983,3,7934,1,0.001037071,0.001037071,0.001037071,0
3650,Y004,1984,2,7937,1,0.002906522,0.002906522,0.002906522,0
3650,Y004,1989,2,7957,1,0.055361662,0.055361662,0.055361662,0
3651,Y005,1981,2,7925,1,8.06e-6,8.06e-6,8.06e-6,0
3651,Y005,1982,1,7928,1,3.68e-5,3.68e-5,3.68e-5,0
3651,Y005,1982,2,7929,1,9.37e-5,9.37e-5,9.37e-5,0
3651,Y005,1982,3,7930,1,2.37e-4,2.37e-4,2.37e-4,0
3651,Y005,1983,3,7934,1,0.002481291,0.002481291,0.002481291,0
3651,Y005,1984,2,7937,1,0.00927115,0.00927115,0.00927115,0
3652,Y006,1981,2,7925,1,7.54e-8,7.54e-8,7.54e-8,0
3652,Y006,1981,3,7926,1,1.71e-7,1.71e-7,1.71e-7,0
3652,Y006,1981,4,7927,1,2.87e-7,2.87e-7,2.87e-7,0
3652,Y006,1982,1,7928,1,1.1e-6,1.1e-6,1.1e-6,0
3652,Y006,1982,2,7929,1,4.98e-6,4.98e-6,4.98e-6,0
3652,Y006,1982,4,7931,1,2.1e-5,2.1e-5,2.1e-5,0
3652,Y006,1983,2,7933,1,1.16e-4,1.16e-4,1.16e-4,0
3652,Y006,1983,3,7934,1,2.47e-4,2.47e-4,2.47e-4,0
3652,Y006,1984,1,7936,1,0.001221605,0.001221605,0.001221605,0
3652,Y006,1984,2,7937,1,0.004304868,0.004304868,0.004304868,0
3653,Y007,1981,2,7925,1,2.12e-4,2.12e-4,2.12e-4,0
3653,Y007,1981,4,7927,1,0.001100727,0.001100727,0.001100727,0
3653,Y007,1982,2,7929,1,0.006570831,0.006570831,0.006570831,0
3654,Y008,1981,2,7925,1,4.26e-4,4.26e-4,4.26e-4,0
3654,Y008,1981,3,7926,1,0.001514845,0.001514845,0.001514845,0
3654,Y008,1982,3,7930,1,0.019193608,0.019193608,0.019193608,0
3655,Y009,1981,2,7925,1,0.006104566,0.006104566,0.006104566,0
3656,Y010,1981,2,7925,1,9.34e-6,9.34e-6,9.34e-6,0
3656,Y010,1981,3,7926,2,2.11e-5,2.11e-5,2.11e-5,0
3656,Y010,1981,4,7927,1,4.85e-5,4.85e-5,4.85e-5,0
3656,Y010,1982,1,7928,1,2.41e-4,2.41e-4,2.41e-4,0
3656,Y010,1982,2,7929,1,0.00115352,0.00115352,0.00115352,0
3656,Y010,1987,3,7950,1,0.05473427,0.05473427,0.05473427,0
3657,Y011,1981,2,7925,1,1.11e-6,1.11e-6,1.11e-6,0
3657,Y011,1981,3,7926,1,3.97e-6,3.97e-6,3.97e-6,0
3657,Y011,1982,1,7928,1,1.38e-5,1.38e-5,1.38e-5,0
3657,Y011,1982,2,7929,1,4.41e-5,4.41e-5,4.41e-5,0
3657,Y011,1983,2,7933,1,3.61e-4,3.61e-4,3.61e-4,0
3657,Y011,1983,3,7934,1,4.93e-4,4.93e-4,4.93e-4,0
3657,Y011,1983,4,7935,1,8.19e-4,8.19e-4,8.19e-4,0
3657,Y011,1984,3,7938,1,0.008440893,0.008440893,0.008440893,0
3658,Y012,1981,2,7925,1,5.03e-5,5.03e-5,5.03e-5,0
3658,Y012,1981,3,7926,1,1.79e-4,1.79e-4,1.79e-4,0
3658,Y012,1982,1,7928,1,0.001077828,0.001077828,0.001077828,0
3658,Y012,1983,1,7932,1,0.00884999,0.00884999,0.00884999,0
3659,Y013,1981,2,7925,1,0.006104566,0.006104566,0.006104566,0
3660,Y014,1981,3,7926,1,0.006104566,0.006104566,0.006104566,0
3661,Y015,1981,3,7926,3,0.00153262,0.00153262,0.00153262,0
3661,Y015,1982,1,7928,1,0.014335072,0.014335072,0.014335072,0
3661,Y015,1982,2,7929,1,0.033780741,0.033780741,0.033780741,0
3661,Y015,1982,3,7930,1,0.034379989,0.034379989,0.034379989,0
3661,Y015,1983,1,7932,1,0.036396446,0.036396446,0.036396446,0
3661,Y015,1984,1,7936,1,0.045205833,0.045205833,0.045205833,0
3661,Y015,1984,3,7938,1,0.0550735,0.0550735,0.0550735,0
3662,Y016,1981,3,7926,2,1.68e-8,1.68e-8,1.68e-8,0
3662,Y016,1982,1,7928,1,3.19e-7,3.19e-7,3.19e-7,0
3662,Y016,1982,2,7929,1,1.25e-6,1.25e-6,1.25e-6,0
3662,Y016,1982,3,7930,1,3.58e-6,3.58e-6,3.58e-6,0
3662,Y016,1983,1,7932,1,1.95e-5,1.95e-5,1.95e-5,0
3662,Y016,1983,2,7933,1,7.33e-5,7.33e-5,7.33e-5,0
3662,Y016,1983,3,7934,1,2.08e-4,2.08e-4,2.08e-4,0
3662,Y016,1984,1,7936,1,0.001209004,0.001209004,0.001209004,0
3662,Y016,1985,2,7941,1,0.013852985,0.013852985,0.013852985,0
3663,Y017,1981,3,7926,3,1.01e-5,1.01e-5,1.01e-5,0
3663,Y017,1981,4,7927,1,4.01e-5,4.01e-5,4.01e-5,0
3663,Y017,1982,1,7928,1,2.5e-4,2.5e-4,2.5e-4,0
3663,Y017,1982,2,7929,1,7.45e-4,7.45e-4,7.45e-4,0
3663,Y017,1982,3,7930,1,0.001358587,0.001358587,0.001358587,0
3663,Y017,1982,4,7931,1,0.002107954,0.002107954,0.002107954,0
3663,Y017,1983,1,7932,1,0.004607389,0.004607389,0.004607389,0
3663,Y017,1984,3,7938,1,0.031851709,0.031851709,0.031851709,0
3664,Y018,1981,3,7926,2,1.93e-7,1.93e-7,1.93e-7,0
3664,Y018,1982,1,7928,1,1.04e-6,1.04e-6,1.04e-6,0
3664,Y018,1982,2,7929,1,2.33e-6,2.33e-6,2.33e-6,0
3664,Y018,1982,3,7930,1,3.93e-6,3.93e-6,3.93e-6,0
3664,Y018,1983,3,7934,1,1.63e-5,1.63e-5,1.63e-5,0
3664,Y018,1984,1,7936,1,3.69e-5,3.69e-5,3.69e-5,0
3664,Y018,1984,2,7937,1,6.92e-5,6.92e-5,6.92e-5,0
3664,Y018,1987,3,7950,1,7.02e-4,7.02e-4,7.02e-4,0
3664,Y018,1988,2,7953,1,0.001330394,0.001330394,0.001330394,0
3664,Y018,1989,2,7957,1,0.004174809,0.004174809,0.004174809,0
3664,Y018,1989,4,7959,1,0.008006534,0.008006534,0.008006534,0
3665,Y019,1981,3,7926,2,3.32e-7,3.32e-7,3.32e-7,0
3665,Y019,1981,4,7927,1,8.47e-7,8.47e-7,8.47e-7,0
3665,Y019,1982,1,7928,1,4.47e-6,4.47e-6,4.47e-6,0
3665,Y019,1982,3,7930,1,3.29e-5,3.29e-5,3.29e-5,0
3665,Y019,1982,4,7931,1,4.67e-5,4.67e-5,4.67e-5,0
3665,Y019,1983,1,7932,1,9.25e-5,9.25e-5,9.25e-5,0
3665,Y019,1983,2,7933,1,2e-4,2e-4,2e-4,0
3665,Y019,1983,3,7934,1,4.71e-4,4.71e-4,4.71e-4,0
3665,Y019,1984,2,7937,1,0.004128041,0.004128041,0.004128041,0
3665,Y019,1985,2,7941,1,0.023116431,0.023116431,0.023116431,0
3666,Y020,1981,3,7926,1,0.003027672,0.003027672,0.003027672,0
3667,Y021,1981,3,7926,1,2.08e-4,2.08e-4,2.08e-4,0
3667,Y021,1981,4,7927,1,5.53e-4,5.53e-4,5.53e-4,0
3667,Y021,1982,1,7928,1,0.002979013,0.002979013,0.002979013,0
3668,Y022,1981,3,7926,1,0.003027672,0.003027672,0.003027672,0
3669,Y023,1981,3,7926,1,2.11e-9,2.11e-9,2.11e-9,0
3669,Y023,1982,3,7930,1,1.35e-8,1.35e-8,1.35e-8,0
3669,Y023,1983,2,7933,1,4.47e-8,4.47e-8,4.47e-8,0
3669,Y023,1985,2,7941,1,3.65e-7,3.65e-7,3.65e-7,0
3669,Y023,1985,4,7943,1,6.05e-7,6.05e-7,6.05e-7,0
3669,Y023,1986,4,7947,1,3.25e-6,3.25e-6,3.25e-6,0
3669,Y023,1988,4,7955,1,2.47e-5,2.47e-5,2.47e-5,0
3669,Y023,1989,2,7957,1,4.7e-5,4.7e-5,4.7e-5,0
3669,Y023,1989,4,7959,1,9.78e-5,9.78e-5,9.78e-5,0
3669,Y023,1990,3,7962,1,4.3e-4,4.3e-4,4.3e-4,0
3669,Y023,1990,4,7963,1,6.74e-4,6.74e-4,6.74e-4,0
3669,Y023,1991,1,7964,1,0.002206652,0.002206652,0.002206652,0
3670,Y024,1981,3,7926,1,0.003027672,0.003027672,0.003027672,0
3671,Y025,1981,3,7926,1,5.56e-5,5.56e-5,5.56e-5,0
3671,Y025,1982,1,7928,1,3.16e-4,3.16e-4,3.16e-4,0
3671,Y025,1982,3,7930,1,0.001641341,0.001641341,0.001641341,0
3671,Y025,1982,4,7931,1,0.002935277,0.002935277,0.002935277,0
3672,Y026,1981,3,7926,1,1.06e-11,1.06e-11,1.06e-11,0
3672,Y026,1983,3,7934,1,2.33e-10,2.33e-10,2.33e-10,0
3672,Y026,1984,1,7936,1,4.31e-10,4.31e-10,4.31e-10,0
3672,Y026,1984,3,7938,1,1.46e-9,1.46e-9,1.46e-9,0
3672,Y026,1985,1,7940,1,4.53e-9,4.53e-9,4.53e-9,0
3672,Y026,1985,2,7941,1,1.43e-8,1.43e-8,1.43e-8,0
3672,Y026,1986,2,7945,1,7.01e-8,7.01e-8,7.01e-8,0
3672,Y026,1986,3,7946,1,1.2e-7,1.2e-7,1.2e-7,0
3672,Y026,1987,2,7949,1,8.01e-7,8.01e-7,8.01e-7,0
3672,Y026,1987,4,7951,1,2.07e-6,2.07e-6,2.07e-6,0
3672,Y026,1988,2,7953,1,1.03e-5,1.03e-5,1.03e-5,0
3672,Y026,1988,3,7954,1,2.18e-5,2.18e-5,2.18e-5,0
3672,Y026,1988,4,7955,1,4.99e-5,4.99e-5,4.99e-5,0
3672,Y026,1989,2,7957,1,4.52e-4,4.52e-4,4.52e-4,0
3672,Y026,1990,1,7960,1,0.001823832,0.001823832,0.001823832,0
3672,Y026,1990,2,7961,1,0.004255187,0.004255187,0.004255187,0
3673,Y027,1981,3,7926,1,0.003027672,0.003027672,0.003027672,0
3674,Y028,1981,3,7926,1,0.006104566,0.006104566,0.006104566,0
3675,Y029,1981,3,7926,1,3.18e-5,3.18e-5,3.18e-5,0
3675,Y029,1982,3,7930,1,2.03e-4,2.03e-4,2.03e-4,0
3675,Y029,1983,2,7933,1,6.72e-4,6.72e-4,6.72e-4,0
3675,Y029,1984,3,7938,1,0.003564865,0.003564865,0.003564865,0
3675,Y029,1985,2,7941,1,0.010991747,0.010991747,0.010991747,0
3676,Y030,1981,3,7926,1,0.006104566,0.006104566,0.006104566,0
3677,Y031,1981,3,7926,1,0.003027672,0.003027672,0.003027672,0
3678,Y032,1981,3,7926,1,0.003027672,0.003027672,0.003027672,0
3679,Y033,1981,3,7926,1,0.001398862,0.001398862,0.001398862,0
3679,Y033,1983,2,7933,1,0.01431895,0.01431895,0.01431895,0
3679,Y033,1983,4,7935,1,0.014439252,0.014439252,0.014439252,0
3679,Y033,1984,2,7937,1,0.014838586,0.014838586,0.014838586,0
3679,Y033,1985,3,7942,1,0.017963973,0.017963973,0.017963973,0
3679,Y033,1986,2,7945,1,0.026089811,0.026089811,0.026089811,0
3680,Y034,1981,3,7926,1,0.003027672,0.003027672,0.003027672,0
3681,Y035,1981,3,7926,1,2.36e-4,2.36e-4,2.36e-4,0
3681,Y035,1982,2,7929,1,0.002230181,0.002230181,0.002230181,0
3681,Y035,1983,3,7934,1,0.007831758,0.007831758,0.007831758,0
3681,Y035,1984,3,7938,1,0.025471221,0.025471221,0.025471221,0
3682,Y036,1981,3,7926,1,8.82e-4,8.82e-4,8.82e-4,0
3682,Y036,1982,2,7929,1,0.004560993,0.004560993,0.004560993,0
3682,Y036,1983,2,7933,1,0.013036484,0.013036484,0.013036484,0
3683,Y037,1981,3,7926,1,0.001616774,0.001616774,0.001616774,0
3683,Y037,1982,2,7929,1,0.015261108,0.015261108,0.015261108,0
3684,Y038,1981,3,7926,1,8.5e-4,8.5e-4,8.5e-4,0
3684,Y038,1984,3,7938,1,0.027339633,0.027339633,0.027339633,0
3685,Y039,1981,3,7926,1,1.81e-5,1.81e-5,1.81e-5,0
3685,Y039,1983,1,7932,1,1.54e-4,1.54e-4,1.54e-4,0
3685,Y039,1983,2,7933,1,2.13e-4,2.13e-4,2.13e-4,0
3685,Y039,1984,2,7937,1,8.74e-4,8.74e-4,8.74e-4,0
3685,Y039,1986,2,7945,1,0.006399384,0.006399384,0.006399384,0
3685,Y039,1987,2,7949,1,0.018000346,0.018000346,0.018000346,0
3686,Y040,1981,3,7926,1,0.006104566,0.006104566,0.006104566,0
3687,Y041,1981,3,7926,1,2.24e-4,2.24e-4,2.24e-4,0
3687,Y041,1981,4,7927,1,4.08e-4,4.08e-4,4.08e-4,0
3687,Y041,1982,1,7928,1,0.001699042,0.001699042,0.001699042,0
3687,Y041,1982,3,7930,1,0.01184564,0.01184564,0.01184564,0
3688,Y043,1981,3,7926,1,1.71e-5,1.71e-5,1.71e-5,0
3688,Y043,1982,3,7930,1,2.04e-4,2.04e-4,2.04e-4,0
3688,Y043,1985,2,7941,1,0.002086423,0.002086423,0.002086423,0
3688,Y043,1986,2,7945,1,0.004962839,0.004962839,0.004962839,0
3688,Y043,1987,3,7950,1,0.019371787,0.019371787,0.019371787,0
3689,Y044,1981,4,7927,1,0.003027672,0.003027672,0.003027672,0
3690,Y045,1981,4,7927,1,2.1e-4,2.1e-4,2.1e-4,0
3690,Y045,1982,1,7928,1,8.48e-4,8.48e-4,8.48e-4,0
3690,Y045,1982,2,7929,1,0.003881363,0.003881363,0.003881363,0
3691,Y046,1981,4,7927,2,5.49e-7,5.49e-7,5.49e-7,0
3691,Y046,1982,1,7928,1,6.97e-6,6.97e-6,6.97e-6,0
3691,Y046,1982,2,7929,1,3.74e-5,3.74e-5,3.74e-5,0
3691,Y046,1983,1,7932,1,2.5e-4,2.5e-4,2.5e-4,0
3691,Y046,1983,3,7934,1,5.86e-4,5.86e-4,5.86e-4,0
3691,Y046,1984,2,7937,1,0.00238413,0.00238413,0.00238413,0
3691,Y046,1984,4,7939,1,0.005737266,0.005737266,0.005737266,0
3692,Y047,1981,4,7927,1,1.77e-4,1.77e-4,1.77e-4,0
3692,Y047,1983,2,7933,1,0.003207733,0.003207733,0.003207733,0
3692,Y047,1985,3,7942,1,0.003403212,0.003403212,0.003403212,0
3692,Y047,1986,3,7946,1,0.003775241,0.003775241,0.003775241,0
3692,Y047,1988,1,7952,1,0.004843888,0.004843888,0.004843888,0
3692,Y047,1989,4,7959,1,0.009419499,0.009419499,0.009419499,0
3692,Y047,1991,3,7966,1,0.021190594,0.021190594,0.021190594,0
3693,Y048,1981,4,7927,1,0.003027672,0.003027672,0.003027672,0
3694,Y049,1981,4,7927,1,3.3e-5,3.3e-5,3.3e-5,0
3694,Y049,1983,3,7934,1,6.71e-4,6.71e-4,6.71e-4,0
3694,Y049,1984,1,7936,1,9.44e-4,9.44e-4,9.44e-4,0
3694,Y049,1984,3,7938,1,0.002370837,0.002370837,0.002370837,0
3694,Y049,1986,4,7947,1,0.024701368,0.024701368,0.024701368,0
3695,Y050,1981,4,7927,1,8.29e-4,8.29e-4,8.29e-4,0
3695,Y050,1983,4,7935,1,0.018093176,0.018093176,0.018093176,0
3696,Z001,1994,1,7976,1,0.001322361,0.001322361,0.001322361,0
3697,Z002,1994,1,7976,1,0.001322361,0.001322361,0.001322361,0
3698,Z003,1994,1,7976,1,9.9e-6,9.9e-6,9.9e-6,0
3698,Z003,1994,4,7979,1,1.37e-4,1.37e-4,1.37e-4,0
3698,Z003,1996,1,7984,1,0.001594438,0.001594438,0.001594438,0
3698,Z003,1996,3,7986,1,0.003202395,0.003202395,0.003202395,0
3698,Z003,1997,1,7988,1,0.009966813,0.009966813,0.009966813,0
3699,Z004,1994,1,7976,1,3.12e-4,3.12e-4,3.12e-4,0
3699,Z004,1994,3,7978,1,0.003495435,0.003495435,0.003495435,0
3700,Z005,1994,2,7977,1,1.71e-5,1.71e-5,1.71e-5,0
3700,Z005,1994,3,7978,1,8.66e-5,8.66e-5,8.66e-5,0
3700,Z005,1994,4,7979,1,2.79e-4,2.79e-4,2.79e-4,0
3700,Z005,1995,1,7980,1,0.002453692,0.002453692,0.002453692,0
3701,Z006,1994,2,7977,1,1.71e-5,1.71e-5,1.71e-5,0
3701,Z006,1994,3,7978,1,8.66e-5,8.66e-5,8.66e-5,0
3701,Z006,1994,4,7979,1,2.79e-4,2.79e-4,2.79e-4,0
3701,Z006,1995,1,7980,1,0.002453692,0.002453692,0.002453692,0
3702,Z007,1994,2,7977,1,0.001322361,0.001322361,0.001322361,0
3703,Z008,1994,2,7977,1,0.001322361,0.001322361,0.001322361,0
3704,Z009,1994,2,7977,1,1.71e-5,1.71e-5,1.71e-5,0
3704,Z009,1994,3,7978,1,8.66e-5,8.66e-5,8.66e-5,0
3704,Z009,1994,4,7979,1,2.79e-4,2.79e-4,2.79e-4,0
3704,Z009,1995,1,7980,1,0.002453692,0.002453692,0.002453692,0
3705,Z010,1994,2,7977,1,7.26e-5,7.26e-5,7.26e-5,0
3705,Z010,1994,3,7978,1,3.68e-4,3.68e-4,3.68e-4,0
3705,Z010,1994,4,7979,1,0.001185177,0.001185177,0.001185177,0
3706,Z011,1994,2,7977,1,1.71e-5,1.71e-5,1.71e-5,0
3706,Z011,1994,3,7978,1,8.66e-5,8.66e-5,8.66e-5,0
3706,Z011,1994,4,7979,1,2.79e-4,2.79e-4,2.79e-4,0
3706,Z011,1995,1,7980,1,0.002453692,0.002453692,0.002453692,0
3707,Z012,1994,2,7977,1,0.001322361,0.001322361,0.001322361,0
3708,Z013,1994,2,7977,1,0.001322361,0.001322361,0.001322361,0
3709,Z014,1994,2,7977,1,9.48e-7,9.48e-7,9.48e-7,0
3709,Z014,1994,3,7978,1,4.81e-6,4.81e-6,4.81e-6,0
3709,Z014,1995,1,7980,1,4.37e-5,4.37e-5,4.37e-5,0
3709,Z014,1995,2,7981,1,1.93e-4,1.93e-4,1.93e-4,0
3709,Z014,1995,3,7982,2,6.13e-4,6.13e-4,6.13e-4,0
3710,Z015,1994,2,7977,1,3.31e-9,3.31e-9,3.31e-9,0
3710,Z015,1994,3,7978,1,1.68e-8,1.68e-8,1.68e-8,0
3710,Z015,1994,4,7979,1,5.41e-8,5.41e-8,5.41e-8,0
3710,Z015,1995,1,7980,1,4.76e-7,4.76e-7,4.76e-7,0
3710,Z015,1995,2,7981,1,2.71e-6,2.71e-6,2.71e-6,0
3710,Z015,1995,3,7982,1,9e-6,9e-6,9e-6,0
3710,Z015,1996,2,7985,1,1.32e-4,1.32e-4,1.32e-4,0
3710,Z015,1996,3,7986,1,2.96e-4,2.96e-4,2.96e-4,0
3710,Z015,1997,2,7989,1,0.00361138,0.00361138,0.00361138,0
3710,Z015,1998,2,7993,1,0.024113154,0.024113154,0.024113154,0
3711,Z016,1994,2,7977,1,1.31e-13,1.31e-13,1.31e-13,0
3711,Z016,1994,3,7978,1,6.66e-13,6.66e-13,6.66e-13,0
3711,Z016,1995,1,7980,1,6.04e-12,6.04e-12,6.04e-12,0
3711,Z016,1995,2,7981,1,2.67e-11,2.67e-11,2.67e-11,0
3711,Z016,1995,3,7982,2,8.48e-11,8.48e-11,8.48e-11,0
3711,Z016,1996,2,7985,1,4.97e-9,4.97e-9,4.97e-9,0
3711,Z016,1996,3,7986,2,1.14e-8,1.14e-8,1.14e-8,0
3711,Z016,1996,4,7987,1,8.78e-8,8.78e-8,8.78e-8,0
3711,Z016,1997,1,7988,1,1.03e-6,1.03e-6,1.03e-6,0
3711,Z016,1997,2,7989,1,5.95e-6,5.95e-6,5.95e-6,0
3711,Z016,1997,3,7990,1,1.96e-5,1.96e-5,1.96e-5,0
3711,Z016,1997,4,7991,1,5.7e-5,5.7e-5,5.7e-5,0
3711,Z016,1998,2,7993,1,8.22e-4,8.22e-4,8.22e-4,0
3711,Z016,1998,3,7994,1,0.001984215,0.001984215,0.001984215,0
3711,Z016,1998,4,7995,1,0.005159282,0.005159282,0.005159282,0
3712,Z017,1994,2,7977,1,0.001322361,0.001322361,0.001322361,0
3713,Z018,1994,2,7977,1,4.06e-6,4.06e-6,4.06e-6,0
3713,Z018,1994,4,7979,1,3.12e-5,3.12e-5,3.12e-5,0
3713,Z018,1995,1,7980,1,1.52e-4,1.52e-4,1.52e-4,0
3713,Z018,1995,2,7981,1,7.92e-4,7.92e-4,7.92e-4,0
3713,Z018,1995,3,7982,1,0.002587073,0.002587073,0.002587073,0
3714,Z019,1994,2,7977,1,5.24e-8,5.24e-8,5.24e-8,0
3714,Z019,1994,3,7978,1,2.66e-7,2.66e-7,2.66e-7,0
3714,Z019,1994,4,7979,1,8.55e-7,8.55e-7,8.55e-7,0
3714,Z019,1995,1,7980,1,7.53e-6,7.53e-6,7.53e-6,0
3714,Z019,1995,2,7981,1,4.29e-5,4.29e-5,4.29e-5,0
3714,Z019,1995,3,7982,2,1.42e-4,1.42e-4,1.42e-4,0
3714,Z019,1996,1,7984,1,0.004536015,0.004536015,0.004536015,0
3715,Z020,1994,2,7977,1,2.21e-7,2.21e-7,2.21e-7,0
3715,Z020,1994,3,7978,1,1.12e-6,1.12e-6,1.12e-6,0
3715,Z020,1994,4,7979,1,3.61e-6,3.61e-6,3.61e-6,0
3715,Z020,1995,1,7980,1,3.18e-5,3.18e-5,3.18e-5,0
3715,Z020,1995,2,7981,1,1.81e-4,1.81e-4,1.81e-4,0
3715,Z020,1995,3,7982,2,6.01e-4,6.01e-4,6.01e-4,0
3716,Z021,1994,2,7977,1,3.92e-9,3.92e-9,3.92e-9,0
3716,Z021,1994,3,7978,1,1.99e-8,1.99e-8,1.99e-8,0
3716,Z021,1994,4,7979,1,6.4e-8,6.4e-8,6.4e-8,0
3716,Z021,1995,1,7980,1,5.64e-7,5.64e-7,5.64e-7,0
3716,Z021,1995,2,7981,1,3.22e-6,3.22e-6,3.22e-6,0
3716,Z021,1995,3,7982,2,1.07e-5,1.07e-5,1.07e-5,0
3716,Z021,1996,3,7986,1,8.3e-4,8.3e-4,8.3e-4,0
3716,Z021,1996,4,7987,1,0.001362441,0.001362441,0.001362441,0
3716,Z021,2001,3,8006,1,0.09990074,0.09990074,0.09990074,0
3717,Z022,1994,2,7977,1,0.025273501,0.025273501,0.025273501,0
3718,Z023,1994,2,7977,1,2.21e-7,2.21e-7,2.21e-7,0
3718,Z023,1994,3,7978,1,1.12e-6,1.12e-6,1.12e-6,0
3718,Z023,1994,4,7979,1,3.61e-6,3.61e-6,3.61e-6,0
3718,Z023,1995,1,7980,1,3.18e-5,3.18e-5,3.18e-5,0
3718,Z023,1995,2,7981,1,1.81e-4,1.81e-4,1.81e-4,0
3718,Z023,1995,3,7982,2,6.01e-4,6.01e-4,6.01e-4,0
3719,Z024,1994,2,7977,1,0.025273501,0.025273501,0.025273501,0
3720,Z025,1994,2,7977,1,0.025273501,0.025273501,0.025273501,0
3721,Z026,1994,2,7977,1,5.99e-6,5.99e-6,5.99e-6,0
3721,Z026,1994,3,7978,1,3.04e-5,3.04e-5,3.04e-5,0
3721,Z026,1994,4,7979,1,9.77e-5,9.77e-5,9.77e-5,0
3721,Z026,1995,1,7980,1,8.61e-4,8.61e-4,8.61e-4,0
3721,Z026,1995,2,7981,1,0.004907544,0.004907544,0.004907544,0
3721,Z026,1995,3,7982,2,0.016264297,0.016264297,0.016264297,0
3721,Z026,1996,2,7985,1,0.439259375,0.439259375,0.439259375,0
3721,Z026,1996,3,7986,2,1,1,1,0
3722,Z027,1994,2,7977,1,9.48e-7,9.48e-7,9.48e-7,0
3722,Z027,1994,3,7978,1,4.81e-6,4.81e-6,4.81e-6,0
3722,Z027,1995,1,7980,1,4.37e-5,4.37e-5,4.37e-5,0
3722,Z027,1995,2,7981,1,1.93e-4,1.93e-4,1.93e-4,0
3722,Z027,1995,3,7982,2,6.13e-4,6.13e-4,6.13e-4,0
3723,Z028,1994,2,7977,1,3.16e-7,3.16e-7,3.16e-7,0
3723,Z028,1994,4,7979,1,2.43e-6,2.43e-6,2.43e-6,0
3723,Z028,1995,1,7980,1,1.18e-5,1.18e-5,1.18e-5,0
3723,Z028,1995,2,7981,1,6.17e-5,6.17e-5,6.17e-5,0
3723,Z028,1995,3,7982,2,2.02e-4,2.02e-4,2.02e-4,0
3723,Z028,1996,2,7985,1,0.011966271,0.011966271,0.011966271,0
3723,Z028,1996,3,7986,1,0.027562141,0.027562141,0.027562141,0
3723,Z028,1998,2,7993,1,0.800504771,0.800504771,0.800504771,0
3723,Z028,1998,3,7994,1,1,1,1,0
3723,Z028,1998,4,7995,1,1,1,1,0
3724,Z029,1994,2,7977,1,0.001322361,0.001322361,0.001322361,0
3725,Z030,1994,2,7977,1,0.001322361,0.001322361,0.001322361,0
3726,Z031,1994,2,7977,1,0.001322361,0.001322361,0.001322361,0
3727,Z032,1994,2,7977,1,0.104091597,0.104091597,0.104091597,0
3727,Z032,1994,3,7978,1,0.125756728,0.125756728,0.125756728,0
3728,Z033,1994,2,7977,1,0.001322361,0.001322361,0.001322361,0
3729,Z034,1994,2,7977,1,3.1e-4,3.1e-4,3.1e-4,0
3729,Z034,1994,3,7978,1,0.00157355,0.00157355,0.00157355,0
3730,Z035,1994,2,7977,1,0.001322361,0.001322361,0.001322361,0
3731,Z036,1994,2,7977,1,9.46e-7,9.46e-7,9.46e-7,0
3731,Z036,1994,3,7978,1,4.8e-6,4.8e-6,4.8e-6,0
3731,Z036,1994,4,7979,1,1.55e-5,1.55e-5,1.55e-5,0
3731,Z036,1995,1,7980,1,1.36e-4,1.36e-4,1.36e-4,0
3731,Z036,1995,2,7981,1,7.76e-4,7.76e-4,7.76e-4,0
3731,Z036,1995,3,7982,1,0.002571321,0.002571321,0.002571321,0
3732,Z037,1994,2,7977,1,0.001322361,0.001322361,0.001322361,0
3733,Z038,1994,2,7977,1,0.001322361,0.001322361,0.001322361,0
3734,Z039,1994,2,7977,1,0.001322361,0.001322361,0.001322361,0
3735,Z040,1994,2,7977,1,0.001322361,0.001322361,0.001322361,0
3736,Z041,1994,2,7977,1,0.001322361,0.001322361,0.001322361,0
3737,Z042,1994,2,7977,1,0.001322361,0.001322361,0.001322361,0
3738,Z043,1994,2,7977,1,0.001322361,0.001322361,0.001322361,0
3739,Z044,1994,2,7977,1,1.8e-11,1.8e-11,1.8e-11,0
3739,Z044,1994,3,7978,1,9.13e-11,9.13e-11,9.13e-11,0
3739,Z044,1994,4,7979,1,2.94e-10,2.94e-10,2.94e-10,0
3739,Z044,1995,3,7982,2,7.28e-9,7.28e-9,7.28e-9,0
3739,Z044,1995,4,7983,1,8.4e-9,8.4e-9,8.4e-9,0
3739,Z044,1996,1,7984,1,2.16e-8,2.16e-8,2.16e-8,0
3739,Z044,1997,2,7989,1,3.51e-7,3.51e-7,3.51e-7,0
3739,Z044,1997,3,7990,1,6.34e-7,6.34e-7,6.34e-7,0
3739,Z044,1998,3,7994,1,6.42e-6,6.42e-6,6.42e-6,0
3739,Z044,1999,2,7997,1,2.32e-5,2.32e-5,2.32e-5,0
3739,Z044,1999,3,7998,1,4.32e-5,4.32e-5,4.32e-5,0
3739,Z044,2001,4,8007,1,6.87e-4,6.87e-4,6.87e-4,0
3739,Z044,2003,3,8014,1,0.002833538,0.002833538,0.002833538,0
3739,Z044,2003,4,8015,1,0.003525959,0.003525959,0.003525959,0
3739,Z044,2005,3,8022,1,0.039600537,0.039600537,0.039600537,0
3740,Z045,1994,2,7977,1,1.8e-4,1.8e-4,1.8e-4,0
3740,Z045,1994,3,7978,1,9.16e-4,9.16e-4,9.16e-4,0
3740,Z045,1998,2,7993,1,0.116298057,0.116298057,0.116298057,0
3741,Z046,1994,2,7977,1,0.001322361,0.001322361,0.001322361,0
3742,Z047,1994,2,7977,1,0.001411756,0.001411756,0.001411756,0
3742,Z047,1994,3,7978,1,0.00716567,0.00716567,0.00716567,0
3742,Z047,1994,4,7979,1,0.007976858,0.007976858,0.007976858,0
3743,Z048,1994,2,7977,1,3.96e-9,3.96e-9,3.96e-9,0
3743,Z048,1994,3,7978,1,2.01e-8,2.01e-8,2.01e-8,0
3743,Z048,1995,1,7980,1,1.82e-7,1.82e-7,1.82e-7,0
3743,Z048,1995,3,7982,2,1.21e-6,1.21e-6,1.21e-6,0
3743,Z048,1997,3,7990,1,1.12e-4,1.12e-4,1.12e-4,0
3743,Z048,1998,3,7994,2,4.28e-4,4.28e-4,4.28e-4,0
3743,Z048,1999,2,7997,1,0.004353239,0.004353239,0.004353239,0
3743,Z048,2000,3,8002,1,0.026960596,0.026960596,0.026960596,0
3744,Z049,1994,2,7977,1,0.001322361,0.001322361,0.001322361,0
3745,Z050,1994,2,7977,1,1.85e-5,1.85e-5,1.85e-5,0
3745,Z050,1994,4,7979,1,1.43e-4,1.43e-4,1.43e-4,0
3745,Z050,1995,1,7980,1,6.94e-4,6.94e-4,6.94e-4,0
3745,Z050,1995,3,7982,2,0.005532866,0.005532866,0.005532866,0
3745,Z050,1995,4,7983,1,0.0066882,0.0066882,0.0066882,0
3746,Z051,1994,2,7977,1,0.001322361,0.001322361,0.001322361,0
3747,Z052,1994,2,7977,1,0.999999159,0.999999159,0.999999159,0
3748,Z053,1994,2,7977,1,3.65e-13,3.65e-13,3.65e-13,0
3748,Z053,1994,3,7978,1,1.85e-12,1.85e-12,1.85e-12,0
3748,Z053,1994,4,7979,1,5.96e-12,5.96e-12,5.96e-12,0
3748,Z053,1995,1,7980,1,5.25e-11,5.25e-11,5.25e-11,0
3748,Z053,1995,3,7982,1,4.61e-10,4.61e-10,4.61e-10,0
3748,Z053,1995,4,7983,1,9.07e-10,9.07e-10,9.07e-10,0
3748,Z053,1996,1,7984,1,6.15e-9,6.15e-9,6.15e-9,0
3748,Z053,1996,3,7986,2,5.18e-8,5.18e-8,5.18e-8,0
3748,Z053,1996,4,7987,1,2.64e-7,2.64e-7,2.64e-7,0
3748,Z053,1997,3,7990,1,8.15e-6,8.15e-6,8.15e-6,0
3748,Z053,1998,1,7992,1,2.6e-5,2.6e-5,2.6e-5,0
3748,Z053,1998,3,7994,1,1.31e-4,1.31e-4,1.31e-4,0
3748,Z053,1999,2,7997,1,3.63e-4,3.63e-4,3.63e-4,0
3748,Z053,2000,2,8001,1,0.001470074,0.001470074,0.001470074,0
3748,Z053,2000,3,8002,1,0.002464504,0.002464504,0.002464504,0
3748,Z053,2001,4,8007,1,0.021271349,0.021271349,0.021271349,0
3749,Z054,1994,2,7977,1,0.001322361,0.001322361,0.001322361,0
3750,Z055,1994,2,7977,1,0.001322361,0.001322361,0.001322361,0
3751,Z056,1994,2,7977,1,3.03e-12,3.03e-12,3.03e-12,0
3751,Z056,1994,3,7978,1,1.54e-11,1.54e-11,1.54e-11,0
3751,Z056,1995,3,7982,2,3.24e-10,3.24e-10,3.24e-10,0
3751,Z056,1997,1,7988,1,1.31e-8,1.31e-8,1.31e-8,0
3751,Z056,1997,2,7989,1,3.14e-8,3.14e-8,3.14e-8,0
3751,Z056,1997,3,7990,1,8.22e-8,8.22e-8,8.22e-8,0
3751,Z056,1997,4,7991,1,2.21e-7,2.21e-7,2.21e-7,0
3751,Z056,1998,2,7993,1,3.07e-6,3.07e-6,3.07e-6,0
3751,Z056,1998,3,7994,1,7.39e-6,7.39e-6,7.39e-6,0
3751,Z056,1998,4,7995,1,1.92e-5,1.92e-5,1.92e-5,0
3751,Z056,1999,2,7997,1,2.06e-4,2.06e-4,2.06e-4,0
3751,Z056,2000,3,8002,1,0.00157065,0.00157065,0.00157065,0
3751,Z056,2000,4,8003,1,0.002218532,0.002218532,0.002218532,0
3751,Z056,2003,3,8014,1,0.048971564,0.048971564,0.048971564,0
3751,Z056,2003,4,8015,1,0.058764818,0.058764818,0.058764818,0
3751,Z056,2004,2,8017,1,0.232703313,0.232703313,0.232703313,0
3752,Z057,1994,2,7977,1,3.73e-9,3.73e-9,3.73e-9,0
3752,Z057,1994,3,7978,1,1.89e-8,1.89e-8,1.89e-8,0
3752,Z057,1995,1,7980,1,1.72e-7,1.72e-7,1.72e-7,0
3752,Z057,1995,3,7982,1,1.14e-6,1.14e-6,1.14e-6,0
3752,Z057,1996,1,7984,1,5.12e-6,5.12e-6,5.12e-6,0
3752,Z057,1996,3,7986,2,3.05e-5,3.05e-5,3.05e-5,0
3752,Z057,1998,3,7994,1,0.002446991,0.002446991,0.002446991,0
3752,Z057,1999,2,7997,1,0.006146357,0.006146357,0.006146357,0
3752,Z057,1999,3,7998,1,0.010575875,0.010575875,0.010575875,0
3753,Z058,1994,2,7977,1,0.001322361,0.001322361,0.001322361,0
3754,Z059,1994,2,7977,1,0.001322361,0.001322361,0.001322361,0
3755,Z060,1994,3,7978,1,3.11e-5,3.11e-5,3.11e-5,0
3755,Z060,1995,1,7980,1,3.29e-4,3.29e-4,3.29e-4,0
3755,Z060,1995,3,7982,1,0.002229337,0.002229337,0.002229337,0
3755,Z060,1995,4,7983,1,0.004301152,0.004301152,0.004301152,0
3755,Z060,1996,3,7986,1,0.078191801,0.078191801,0.078191801,0
3755,Z060,1997,3,7990,1,0.596962259,0.596962259,0.596962259,0
3755,Z060,1998,2,7993,1,0.695503847,0.695503847,0.695503847,0
3756,Z061,1994,3,7978,1,4.39e-6,4.39e-6,4.39e-6,0
3756,Z061,1994,4,7979,1,1.6e-5,1.6e-5,1.6e-5,0
3756,Z061,1995,4,7983,1,4.84e-4,4.84e-4,4.84e-4,0
3756,Z061,1996,1,7984,1,8.4e-4,8.4e-4,8.4e-4,0
3756,Z061,1996,4,7987,1,0.004723634,0.004723634,0.004723634,0
3756,Z061,1997,1,7988,1,0.014397872,0.014397872,0.014397872,0
3756,Z061,1997,3,7990,1,0.097690296,0.097690296,0.097690296,0
3756,Z061,1997,4,7991,1,0.187377633,0.187377633,0.187377633,0
3756,Z061,1998,2,7993,1,0.999999999,0.999999999,0.999999999,0
3756,Z061,1998,3,7994,1,1,1,1,0
3756,Z061,1999,3,7998,1,1,1,1,0
3756,Z061,2000,1,8000,1,1,1,1,0
3756,Z061,2000,3,8002,1,1,1,1,0
3757,Z062,1994,3,7978,2,4.2e-6,4.2e-6,4.2e-6,0
3757,Z062,1994,4,7979,1,5.17e-5,5.17e-5,5.17e-5,0
3757,Z062,1995,1,7980,1,5.89e-4,5.89e-4,5.89e-4,0
3757,Z062,1996,4,7987,1,0.018185905,0.018185905,0.018185905,0
3758,Z063,1994,3,7978,2,8.39e-7,8.39e-7,8.39e-7,0
3758,Z063,1994,4,7979,1,1.03e-5,1.03e-5,1.03e-5,0
3758,Z063,1995,1,7980,1,1.18e-4,1.18e-4,1.18e-4,0
3758,Z063,1995,3,7982,2,0.001061066,0.001061066,0.001061066,0
3758,Z063,1995,4,7983,1,0.005471362,0.005471362,0.005471362,0
3758,Z063,1996,1,7984,1,0.057337686,0.057337686,0.057337686,0
3758,Z063,1996,3,7986,1,0.509352957,0.509352957,0.509352957,0
3758,Z063,1996,4,7987,1,0.999999984,0.999999984,0.999999984,0
3759,Z064,1994,3,7978,2,1.34e-6,1.34e-6,1.34e-6,0
3759,Z064,1994,4,7979,1,1.66e-5,1.66e-5,1.66e-5,0
3759,Z064,1995,1,7980,1,1.89e-4,1.89e-4,1.89e-4,0
3759,Z064,1995,3,7982,2,0.001701002,0.001701002,0.001701002,0
3759,Z064,1995,4,7983,1,0.008771177,0.008771177,0.008771177,0
3759,Z064,1996,1,7984,1,0.09191844,0.09191844,0.09191844,0
3759,Z064,1996,4,7987,1,0.999999994,0.999999994,0.999999994,0
3760,Z065,1994,3,7978,1,5.23e-7,5.23e-7,5.23e-7,0
3760,Z065,1995,1,7980,1,2.75e-6,2.75e-6,2.75e-6,0
3760,Z065,1995,3,7982,2,1.69e-5,1.69e-5,1.69e-5,0
3760,Z065,1995,4,7983,1,8.31e-5,8.31e-5,8.31e-5,0
3760,Z065,1996,3,7986,1,0.002444886,0.002444886,0.002444886,0
3760,Z065,1996,4,7987,1,0.004163152,0.004163152,0.004163152,0
3761,Z067,1994,3,7978,2,7.22e-5,7.22e-5,7.22e-5,0
3761,Z067,1994,4,7979,1,8.89e-4,8.89e-4,8.89e-4,0
3762,Z068,1994,3,7978,2,3.09e-4,3.09e-4,3.09e-4,0
3763,Z069,1994,3,7978,1,0.001322361,0.001322361,0.001322361,0
3764,Z070,1994,3,7978,1,0.001322361,0.001322361,0.001322361,0
3765,Z071,1994,3,7978,2,4.47e-6,4.47e-6,4.47e-6,0
3765,Z071,1994,4,7979,1,5.5e-5,5.5e-5,5.5e-5,0
3765,Z071,1996,3,7986,1,0.004574492,0.004574492,0.004574492,0
3765,Z071,1997,3,7990,1,0.021972679,0.021972679,0.021972679,0
3766,Z072,1994,3,7978,2,4.19e-6,4.19e-6,4.19e-6,0
3766,Z072,1994,4,7979,1,5.16e-5,5.16e-5,5.16e-5,0
3766,Z072,1995,3,7982,1,0.001686622,0.001686622,0.001686622,0
3766,Z072,1996,3,7986,1,0.01284855,0.01284855,0.01284855,0
3767,Z073,1994,3,7978,2,9.92e-7,9.92e-7,9.92e-7,0
3767,Z073,1994,4,7979,1,1.22e-5,1.22e-5,1.22e-5,0
3767,Z073,1995,3,7982,1,4e-4,4e-4,4e-4,0
3767,Z073,1996,3,7986,1,0.003043627,0.003043627,0.003043627,0
3767,Z073,1996,4,7987,1,0.004760861,0.004760861,0.004760861,0
3768,Z074,1994,3,7978,2,4.06e-6,4.06e-6,4.06e-6,0
3768,Z074,1994,4,7979,1,4.99e-5,4.99e-5,4.99e-5,0
3768,Z074,1995,3,7982,1,0.001633126,0.001633126,0.001633126,0
3768,Z074,1995,4,7983,1,0.002792991,0.002792991,0.002792991,0
3769,Z075,1994,3,7978,2,4.22e-6,4.22e-6,4.22e-6,0
3769,Z075,1995,3,7982,2,4.36e-4,4.36e-4,4.36e-4,0
3769,Z075,1996,4,7987,1,0.013376739,0.013376739,0.013376739,0
3770,Z076,1994,3,7978,2,2.43e-7,2.43e-7,2.43e-7,0
3770,Z076,1994,4,7979,1,3e-6,3e-6,3e-6,0
3770,Z076,1995,3,7982,1,9.8e-5,9.8e-5,9.8e-5,0
3770,Z076,1995,4,7983,1,1.68e-4,1.68e-4,1.68e-4,0
3770,Z076,1996,3,7986,1,0.002650527,0.002650527,0.002650527,0
3770,Z076,1997,3,7990,1,0.020082341,0.020082341,0.020082341,0
3771,Z077,1994,3,7978,1,0.001322361,0.001322361,0.001322361,0
3772,Z078,1994,3,7978,1,1.8e-5,1.8e-5,1.8e-5,0
3772,Z078,1994,4,7979,1,6.53e-5,6.53e-5,6.53e-5,0
3772,Z078,1995,3,7982,1,0.001700367,0.001700367,0.001700367,0
3772,Z078,1996,3,7986,1,0.01286214,0.01286214,0.01286214,0
3773,Z079,1994,3,7978,1,3.16e-4,3.16e-4,3.16e-4,0
3773,Z079,1995,3,7982,1,0.007871164,0.007871164,0.007871164,0
3774,Z080,1994,3,7978,1,0.001322361,0.001322361,0.001322361,0
3775,Z081,1994,3,7978,1,7.28e-5,7.28e-5,7.28e-5,0
3775,Z081,1994,4,7979,1,2.65e-4,2.65e-4,2.65e-4,0
3775,Z081,1995,1,7980,1,0.00243988,0.00243988,0.00243988,0
3776,Z082,1994,3,7978,1,0.001322361,0.001322361,0.001322361,0
3777,Z083,1994,3,7978,1,0.001322361,0.001322361,0.001322361,0
3778,Z084,1994,3,7978,1,0.001322361,0.001322361,0.001322361,0
3779,Z085,1994,3,7978,1,1.54e-8,1.54e-8,1.54e-8,0
3779,Z085,1994,4,7979,1,5.61e-8,5.61e-8,5.61e-8,0
3779,Z085,1995,1,7980,1,5.16e-7,5.16e-7,5.16e-7,0
3779,Z085,1995,2,7981,1,2.96e-6,2.96e-6,2.96e-6,0
3779,Z085,1995,3,7982,1,9.81e-6,9.81e-6,9.81e-6,0
3779,Z085,1996,2,7985,1,1.44e-4,1.44e-4,1.44e-4,0
3779,Z085,1996,3,7986,1,3.23e-4,3.23e-4,3.23e-4,0
3779,Z085,1998,4,7995,1,0.011124193,0.011124193,0.011124193,0
3779,Z085,1999,2,7997,1,0.023205195,0.023205195,0.023205195,0
3780,Z086,1994,3,7978,1,0.120644965,0.120644965,0.120644965,0
3780,Z086,1994,4,7979,1,0.438970667,0.438970667,0.438970667,0
3780,Z086,1995,3,7982,2,1,1,1,0
3780,Z086,1996,1,7984,1,1,1,1,0
3781,Z087,1994,3,7978,1,7.66e-5,7.66e-5,7.66e-5,0
3781,Z087,1994,4,7979,1,2.79e-4,2.79e-4,2.79e-4,0
3781,Z087,1996,3,7986,1,0.018349576,0.018349576,0.018349576,0
3782,Z088,1994,3,7978,1,1.55e-8,1.55e-8,1.55e-8,0
3782,Z088,1994,4,7979,1,5.63e-8,5.63e-8,5.63e-8,0
3782,Z088,1995,1,7980,1,5.19e-7,5.19e-7,5.19e-7,0
3782,Z088,1995,3,7982,2,4.58e-6,4.58e-6,4.58e-6,0
3782,Z088,1995,4,7983,1,2.36e-5,2.36e-5,2.36e-5,0
3782,Z088,1997,3,7990,1,0.001809267,0.001809267,0.001809267,0
3782,Z088,1998,1,7992,1,0.00406444,0.00406444,0.00406444,0
3782,Z088,1999,3,7998,1,0.03699993,0.03699993,0.03699993,0
3783,Z089,1994,3,7978,1,1.99e-17,1.99e-17,1.99e-17,0
3783,Z089,1994,4,7979,1,7.26e-17,7.26e-17,7.26e-17,0
3783,Z089,1995,3,7982,3,1.89e-15,1.89e-15,1.89e-15,0
3783,Z089,1995,4,7983,1,2.63e-14,2.63e-14,2.63e-14,0
3783,Z089,1996,1,7984,1,3.1400000000000003e-13,3.1400000000000003e-13,3.1400000000000003e-13,0
3783,Z089,1996,3,7986,2,2.82e-12,2.82e-12,2.82e-12,0
3783,Z089,1996,4,7987,1,1.45e-11,1.45e-11,1.45e-11,0
3783,Z089,1997,3,7990,1,4.47e-10,4.47e-10,4.47e-10,0
3783,Z089,1997,4,7991,2,7.58e-10,7.58e-10,7.58e-10,0
3783,Z089,1998,3,7994,2,1.71e-8,1.71e-8,1.71e-8,0
3783,Z089,2000,3,8002,1,5.67e-7,5.67e-7,5.67e-7,0
3783,Z089,2001,3,8006,2,1.47e-6,1.47e-6,1.47e-6,0
3783,Z089,2002,3,8010,1,1.8e-5,1.8e-5,1.8e-5,0
3783,Z089,2003,2,8013,1,2.07e-5,2.07e-5,2.07e-5,0
3783,Z089,2003,3,8014,1,2.4e-5,2.4e-5,2.4e-5,0
3783,Z089,2004,1,8016,1,5.01e-5,5.01e-5,5.01e-5,0
3783,Z089,2004,3,8018,1,1.96e-4,1.96e-4,1.96e-4,0
3783,Z089,2005,2,8021,2,0.001044018,0.001044018,0.001044018,0
3783,Z089,2005,3,8022,1,0.005548757,0.005548757,0.005548757,0
3784,Z090,1994,3,7978,1,2.06e-10,2.06e-10,2.06e-10,0
3784,Z090,1995,1,7980,1,2.18e-9,2.18e-9,2.18e-9,0
3784,Z090,1995,3,7982,1,1.48e-8,1.48e-8,1.48e-8,0
3784,Z090,1995,4,7983,1,2.85e-8,2.85e-8,2.85e-8,0
3784,Z090,1996,1,7984,1,1.9e-7,1.9e-7,1.9e-7,0
3784,Z090,1996,3,7986,1,1.6e-6,1.6e-6,1.6e-6,0
3784,Z090,1996,4,7987,1,3.12e-6,3.12e-6,3.12e-6,0
3784,Z090,1997,3,7990,1,5.97e-5,5.97e-5,5.97e-5,0
3784,Z090,1998,3,7994,1,3.63e-4,3.63e-4,3.63e-4,0
3784,Z090,1999,3,7998,2,0.001487714,0.001487714,0.001487714,0
3784,Z090,1999,4,7999,1,0.004367774,0.004367774,0.004367774,0
3785,Z091,1994,4,7979,1,3.11e-4,3.11e-4,3.11e-4,0
3785,Z091,1995,1,7980,1,0.002485909,0.002485909,0.002485909,0
3786,Z092,1994,4,7979,1,5.37e-11,5.37e-11,5.37e-11,0
3786,Z092,1995,1,7980,1,4.29e-10,4.29e-10,4.29e-10,0
3786,Z092,1995,2,7981,1,2.42e-9,2.42e-9,2.42e-9,0
3786,Z092,1995,3,7982,2,8.01e-9,8.01e-9,8.01e-9,0
3786,Z092,1996,3,7986,1,6.23e-7,6.23e-7,6.23e-7,0
3786,Z092,1998,2,7993,1,7.82e-6,7.82e-6,7.82e-6,0
3786,Z092,1998,3,7994,1,1.2e-5,1.2e-5,1.2e-5,0
3786,Z092,1999,3,7998,3,8.07e-5,8.07e-5,8.07e-5,0
3786,Z092,2000,3,8002,1,0.004583831,0.004583831,0.004583831,0
3786,Z092,2001,3,8006,1,0.020913616,0.020913616,0.020913616,0
3787,Z093,1994,4,7979,1,3.43e-13,3.43e-13,3.43e-13,0
3787,Z093,1995,1,7980,1,2.74e-12,2.74e-12,2.74e-12,0
3787,Z093,1995,3,7982,1,2.38e-11,2.38e-11,2.38e-11,0
3787,Z093,1995,4,7983,1,4.68e-11,4.68e-11,4.68e-11,0
3787,Z093,1996,1,7984,1,3.17e-10,3.17e-10,3.17e-10,0
3787,Z093,1996,3,7986,2,2.67e-9,2.67e-9,2.67e-9,0
3787,Z093,1996,4,7987,1,7.52e-9,7.52e-9,7.52e-9,0
3787,Z093,1997,1,7988,1,6.73e-8,6.73e-8,6.73e-8,0
3787,Z093,1997,3,7990,1,5.82e-7,5.82e-7,5.82e-7,0
3787,Z093,1997,4,7991,1,1.14e-6,1.14e-6,1.14e-6,0
3787,Z093,1998,2,7993,1,1.25e-5,1.25e-5,1.25e-5,0
3787,Z093,1998,3,7994,1,2.97e-5,2.97e-5,2.97e-5,0
3787,Z093,1998,4,7995,1,7.67e-5,7.67e-5,7.67e-5,0
3787,Z093,1999,2,7997,1,8.19e-4,8.19e-4,8.19e-4,0
3787,Z093,1999,3,7998,1,0.001949549,0.001949549,0.001949549,0
3787,Z093,1999,4,7999,1,0.005042893,0.005042893,0.005042893,0
3787,Z093,2000,2,8001,1,0.05364273,0.05364273,0.05364273,0
3787,Z093,2000,3,8002,2,0.127884148,0.127884148,0.127884148,0
3787,Z093,2000,4,8003,1,0.999999985,0.999999985,0.999999985,0
3787,Z093,2001,2,8005,1,1,1,1,0
3787,Z093,2001,3,8006,1,1,1,1,0
3787,Z093,2002,2,8009,1,1,1,1,0
3787,Z093,2002,3,8010,1,1,1,1,0
3788,Z094,1994,4,7979,1,2.02e-10,2.02e-10,2.02e-10,0
3788,Z094,1995,1,7980,1,1.62e-9,1.62e-9,1.62e-9,0
3788,Z094,1995,3,7982,2,1.4e-8,1.4e-8,1.4e-8,0
3788,Z094,1996,3,7986,1,5.55e-7,5.55e-7,5.55e-7,0
3788,Z094,1996,4,7987,1,9.06e-7,9.06e-7,9.06e-7,0
3788,Z094,1997,3,7990,1,1.39e-5,1.39e-5,1.39e-5,0
3788,Z094,1997,4,7991,1,2.33e-5,2.33e-5,2.33e-5,0
3788,Z094,1998,3,7994,2,2.83e-4,2.83e-4,2.83e-4,0
3788,Z094,1999,3,7998,2,0.005041708,0.005041708,0.005041708,0
3789,Z095,1994,4,7979,1,0.001322361,0.001322361,0.001322361,0
3790,Z096,1994,4,7979,1,0.001322361,0.001322361,0.001322361,0
