individual_id,tattoo,first_q,last_q,first_year,first_quarter,last_year,last_quarter,observed_quarters,expected_quarters,missing_quarters
1,001A,8057,8057,2014,2,2014,2,1,1,0
2,001B,8024,8037,2006,1,2009,2,3,14,11
3,001C,8064,8064,2016,1,2016,1,1,1,0
4,001D,8089,8089,2022,2,2022,2,1,1,0
5,001E,8053,8062,2013,2,2015,3,2,10,8
6,001F,8040,8042,2010,1,2010,3,3,3,0
7,001G,8012,8012,2003,1,2003,1,1,1,0
8,001H,8080,8080,2020,1,2020,1,1,1,0
9,001J,8093,8094,2023,2,2023,3,2,2,0
10,001K,8048,8057,2012,1,2014,2,4,10,6
11,001L,8044,8058,2011,1,2014,3,4,15,11
12,001M,8072,8072,2018,1,2018,1,1,1,0
13,001N,8036,8036,2009,1,2009,1,1,1,0
14,001P,8032,8057,2008,1,2014,2,9,26,17
15,001Q,8097,8098,2024,2,2024,3,2,2,0
16,001R,8016,8016,2004,1,2004,1,1,1,0
17,001S,8084,8086,2021,1,2021,3,3,3,0
18,001T,8068,8068,2017,1,2017,1,1,1,0
20,001V,8060,8060,2015,1,2015,1,1,1,0
21,001W,8020,8021,2005,1,2005,2,2,2,0
22,001X,8101,8101,2025,2,2025,2,1,1,0
23,001Y,8028,8028,2007,1,2007,1,1,1,0
24,001Z,8077,8089,2019,2,2022,2,8,13,5
25,002A,8057,8073,2014,2,2018,2,8,17,9
26,002B,8025,8033,2006,2,2008,2,5,9,4
27,002C,8064,8067,2016,1,2016,4,4,4,0
28,002D,8089,8089,2022,2,2022,2,1,1,0
29,002E,8053,8058,2013,2,2014,3,3,6,3
30,002F,8040,8049,2010,1,2012,2,4,10,6
31,002G,8012,8030,2003,1,2007,3,6,19,13
32,002H,8080,8080,2020,1,2020,1,1,1,0
33,002J,8093,8094,2023,2,2023,3,2,2,0
34,002K,8048,8068,2012,1,2017,1,11,21,10
35,002L,8044,8044,2011,1,2011,1,1,1,0
36,002M,8072,8072,2018,1,2018,1,1,1,0
37,002N,8037,8046,2009,2,2011,3,7,10,3
38,002P,8033,8049,2008,2,2012,2,7,17,10
39,002Q,8097,8101,2024,2,2025,2,3,5,2
40,002R,8016,8016,2004,1,2004,1,1,1,0
41,002S,8084,8086,2021,1,2021,3,2,3,1
42,002T,8068,8079,2017,1,2019,4,3,12,9
44,002V,8060,8082,2015,1,2020,3,12,23,11
45,002W,8021,8021,2005,2,2005,2,1,1,0
46,002X,8101,8101,2025,2,2025,2,1,1,0
47,002Y,8028,8045,2007,1,2011,2,3,18,15
48,002Z,8077,8077,2019,2,2019,2,1,1,0
49,003A,8057,8077,2014,2,2019,2,9,21,12
50,003B,8025,8030,2006,2,2007,3,5,6,1
51,003C,8065,8066,2016,2,2016,3,2,2,0
52,003D,8089,8093,2022,2,2023,2,3,5,2
53,003E,8053,8058,2013,2,2014,3,4,6,2
54,003F,8041,8041,2010,2,2010,2,1,1,0
55,003G,8013,8017,2003,2,2004,2,5,5,0
56,003H,8080,8080,2020,1,2020,1,1,1,0
57,003J,8093,8093,2023,2,2023,2,1,1,0
58,003K,8049,8049,2012,2,2012,2,1,1,0
59,003L,8044,8044,2011,1,2011,1,1,1,0
60,003M,8072,8074,2018,1,2018,3,2,3,1
61,003N,8037,8049,2009,2,2012,2,9,13,4
62,003P,8033,8035,2008,2,2008,4,3,3,0
63,003Q,8097,8097,2024,2,2024,2,1,1,0
64,003R,8016,8016,2004,1,2004,1,1,1,0
65,003S,8084,8089,2021,1,2022,2,3,6,3
66,003T,8068,8068,2017,1,2017,1,1,1,0
68,003V,8060,8066,2015,1,2016,3,6,7,1
69,003W,8021,8021,2005,2,2005,2,1,1,0
70,003X,8101,8102,2025,2,2025,3,2,2,0
71,003Y,8028,8028,2007,1,2007,1,1,1,0
72,003Z,8077,8078,2019,2,2019,3,2,2,0
73,004A,8057,8065,2014,2,2016,2,4,9,5
74,004B,8025,8027,2006,2,2006,4,3,3,0
75,004C,8065,8074,2016,2,2018,3,6,10,4
76,004D,8089,8091,2022,2,2022,4,3,3,0
77,004E,8053,8057,2013,2,2014,2,5,5,0
78,004F,8041,8042,2010,2,2010,3,2,2,0
79,004G,8013,8013,2003,2,2003,2,1,1,0
80,004H,8082,8082,2020,3,2020,3,1,1,0
81,004J,8093,8093,2023,2,2023,2,1,1,0
82,004K,8049,8050,2012,2,2012,3,2,2,0
83,004L,8044,8045,2011,1,2011,2,2,2,0
84,004M,8073,8078,2018,2,2019,3,2,6,4
85,004N,8037,8037,2009,2,2009,2,1,1,0
86,004P,8033,8037,2008,2,2009,2,2,5,3
87,004Q,8097,8101,2024,2,2025,2,4,5,1
88,004R,8016,8021,2004,1,2005,2,2,6,4
89,004S,8085,8089,2021,2,2022,2,4,5,1
90,004T,8068,8068,2017,1,2017,1,1,1,0
92,004V,8060,8060,2015,1,2015,1,1,1,0
93,004W,8021,8030,2005,2,2007,3,7,10,3
94,004X,8102,8103,2025,3,2025,4,2,2,0
95,004Y,8029,8029,2007,2,2007,2,1,1,0
96,004Z,8077,8082,2019,2,2020,3,4,6,2
97,005A,8057,8062,2014,2,2015,3,4,6,2
98,005B,8025,8029,2006,2,2007,2,4,5,1
99,005C,8065,8074,2016,2,2018,3,4,10,6
100,005D,8089,8095,2022,2,2023,4,4,7,3
101,005E,8053,8055,2013,2,2013,4,3,3,0
102,005F,8041,8041,2010,2,2010,2,1,1,0
103,005G,8013,8013,2003,2,2003,2,1,1,0
104,005H,8082,8086,2020,3,2021,3,4,5,1
105,005J,8094,8097,2023,3,2024,2,2,4,2
106,005K,8049,8049,2012,2,2012,2,1,1,0
107,005L,8045,8058,2011,2,2014,3,12,14,2
108,005M,8073,8078,2018,2,2019,3,2,6,4
109,005N,8037,8045,2009,2,2011,2,7,9,2
110,005P,8033,8042,2008,2,2010,3,2,10,8
111,005Q,8097,8097,2024,2,2024,2,1,1,0
112,005R,8016,8016,2004,1,2004,1,1,1,0
113,005S,8085,8087,2021,2,2021,4,3,3,0
114,005T,8069,8078,2017,2,2019,3,10,10,0
116,005V,8060,8062,2015,1,2015,3,3,3,0
117,005W,8021,8025,2005,2,2006,2,4,5,1
118,005X,8102,8103,2025,3,2025,4,2,2,0
119,005Y,8029,8029,2007,2,2007,2,1,1,0
120,005Z,8077,8079,2019,2,2019,4,3,3,0
121,006A,8057,8070,2014,2,2017,3,6,14,8
122,006B,8025,8025,2006,2,2006,2,1,1,0
123,006C,8065,8075,2016,2,2018,4,7,11,4
124,006D,8089,8089,2022,2,2022,2,1,1,0
125,006E,8053,8058,2013,2,2014,3,5,6,1
126,006F,8041,8041,2010,2,2010,2,1,1,0
127,006G,8013,8017,2003,2,2004,2,3,5,2
128,006H,8082,8082,2020,3,2020,3,1,1,0
129,006J,8094,8094,2023,3,2023,3,1,1,0
130,006K,8049,8050,2012,2,2012,3,2,2,0
131,006L,8046,8057,2011,3,2014,2,7,12,5
132,006M,8073,8078,2018,2,2019,3,3,6,3
133,006N,8037,8037,2009,2,2009,2,1,1,0
134,006P,8033,8035,2008,2,2008,4,3,3,0
135,006Q,8097,8103,2024,2,2025,4,6,7,1
136,006R,8017,8017,2004,2,2004,2,1,1,0
137,006S,8085,8087,2021,2,2021,4,3,3,0
138,006T,8069,8074,2017,2,2018,3,6,6,0
140,006V,8060,8060,2015,1,2015,1,1,1,0
141,006W,8021,8021,2005,2,2005,2,1,1,0
142,006X,8102,8103,2025,3,2025,4,2,2,0
143,006Y,8029,8033,2007,2,2008,2,4,5,1
144,006Z,8077,8078,2019,2,2019,3,2,2,0
145,007A,8057,8065,2014,2,2016,2,4,9,5
146,007B,8025,8027,2006,2,2006,4,3,3,0
147,007C,8065,8071,2016,2,2017,4,6,7,1
148,007D,8090,8094,2022,3,2023,3,4,5,1
149,007E,8053,8054,2013,2,2013,3,2,2,0
150,007F,8041,8058,2010,2,2014,3,4,18,14
151,007G,8013,8026,2003,2,2006,3,6,14,8
152,007H,8082,8082,2020,3,2020,3,1,1,0
153,007J,8094,8094,2023,3,2023,3,1,1,0
154,007K,8049,8049,2012,2,2012,2,1,1,0
155,007L,8046,8047,2011,3,2011,4,2,2,0
156,007M,8073,8085,2018,2,2021,2,6,13,7
157,007N,8037,8038,2009,2,2009,3,2,2,0
158,007P,8033,8035,2008,2,2008,4,2,3,1
159,007Q,8097,8099,2024,2,2024,4,3,3,0
160,007R,8017,8017,2004,2,2004,2,1,1,0
161,007S,8085,8086,2021,2,2021,3,2,2,0
162,007T,8069,8073,2017,2,2018,2,3,5,2
164,007V,8061,8061,2015,2,2015,2,1,1,0
165,007W,8021,8022,2005,2,2005,3,2,2,0
166,007X,8102,8102,2025,3,2025,3,1,1,0
167,007Y,8029,8034,2007,2,2008,3,5,6,1
168,007Z,8077,8078,2019,2,2019,3,2,2,0
169,008A,8057,8063,2014,2,2015,4,7,7,0
170,008B,8025,8045,2006,2,2011,2,8,21,13
171,008C,8065,8067,2016,2,2016,4,3,3,0
172,008D,8090,8090,2022,3,2022,3,1,1,0
173,008E,8053,8054,2013,2,2013,3,2,2,0
174,008F,8041,8041,2010,2,2010,2,1,1,0
175,008G,8013,8015,2003,2,2003,4,2,3,1
176,008H,8082,8082,2020,3,2020,3,1,1,0
177,008J,8094,8094,2023,3,2023,3,1,1,0
178,008K,8049,8049,2012,2,2012,2,1,1,0
179,008L,8046,8053,2011,3,2013,2,3,8,5
180,008M,8073,8082,2018,2,2020,3,6,10,4
181,008N,8037,8038,2009,2,2009,3,2,2,0
182,008P,8033,8045,2008,2,2011,2,8,13,5
183,008Q,8097,8103,2024,2,2025,4,5,7,2
184,008R,8017,8017,2004,2,2004,2,1,1,0
185,008S,8085,8085,2021,2,2021,2,1,1,0
186,008T,8069,8070,2017,2,2017,3,2,2,0
188,008V,8061,8061,2015,2,2015,2,1,1,0
189,008W,8021,8037,2005,2,2009,2,3,17,14
190,008X,8102,8103,2025,3,2025,4,2,2,0
191,008Y,8029,8030,2007,2,2007,3,2,2,0
192,008Z,8077,8078,2019,2,2019,3,2,2,0
193,009A,8057,8058,2014,2,2014,3,2,2,0
194,009B,8025,8030,2006,2,2007,3,5,6,1
195,009C,8065,8068,2016,2,2017,1,4,4,0
196,009D,8090,8091,2022,3,2022,4,2,2,0
197,009E,8053,8053,2013,2,2013,2,1,1,0
198,009F,8041,8046,2010,2,2011,3,5,6,1
199,009G,8013,8013,2003,2,2003,2,1,1,0
200,009H,8082,8082,2020,3,2020,3,1,1,0
201,009J,8095,8095,2023,4,2023,4,1,1,0
202,009K,8049,8054,2012,2,2013,3,5,6,1
203,009L,8046,8050,2011,3,2012,3,3,5,2
204,009M,8073,8077,2018,2,2019,2,4,5,1
205,009N,8037,8049,2009,2,2012,2,8,13,5
206,009P,8033,8059,2008,2,2014,4,21,27,6
207,009Q,8097,8103,2024,2,2025,4,6,7,1
208,009R,8017,8025,2004,2,2006,2,5,9,4
209,009S,8085,8089,2021,2,2022,2,2,5,3
210,009T,8069,8069,2017,2,2017,2,1,1,0
212,009V,8061,8062,2015,2,2015,3,2,2,0
213,009W,8021,8021,2005,2,2005,2,1,1,0
214,009X,8102,8103,2025,3,2025,4,2,2,0
215,009Y,8029,8029,2007,2,2007,2,1,1,0
216,009Z,8077,8087,2019,2,2021,4,8,11,3
217,010A,8057,8061,2014,2,2015,2,3,5,2
218,010B,8025,8026,2006,2,2006,3,2,2,0
219,010C,8066,8066,2016,3,2016,3,1,1,0
220,010D,8090,8090,2022,3,2022,3,1,1,0
221,010E,8053,8061,2013,2,2015,2,7,9,2
222,010F,8041,8073,2010,2,2018,2,5,33,28
223,010G,8013,8013,2003,2,2003,2,1,1,0
224,010H,8082,8082,2020,3,2020,3,1,1,0
225,010K,8049,8049,2012,2,2012,2,1,1,0
226,010L,8046,8050,2011,3,2012,3,2,5,3
227,010M,8073,8075,2018,2,2018,4,2,3,1
228,010N,8037,8054,2009,2,2013,3,7,18,11
229,010P,8033,8061,2008,2,2015,2,10,29,19
230,010Q,8097,8102,2024,2,2025,3,5,6,1
231,010R,8017,8017,2004,2,2004,2,1,1,0
232,010S,8086,8090,2021,3,2022,3,4,5,1
233,010T,8069,8070,2017,2,2017,3,2,2,0
235,010V,8061,8066,2015,2,2016,3,4,6,2
236,010W,8021,8021,2005,2,2005,2,1,1,0
237,010X,8102,8103,2025,3,2025,4,2,2,0
238,010Y,8029,8053,2007,2,2013,2,11,25,14
239,010Z,8077,8087,2019,2,2021,4,7,11,4
240,011A,8057,8060,2014,2,2015,1,4,4,0
241,011B,8025,8034,2006,2,2008,3,6,10,4
242,011C,8066,8068,2016,3,2017,1,3,3,0
243,011D,8090,8090,2022,3,2022,3,1,1,0
244,011E,8053,8056,2013,2,2014,1,4,4,0
245,011F,8041,8043,2010,2,2010,4,2,3,1
246,011G,8013,8021,2003,2,2005,2,5,9,4
247,011H,8082,8082,2020,3,2020,3,1,1,0
248,011K,8049,8049,2012,2,2012,2,1,1,0
249,011L,8046,8046,2011,3,2011,3,1,1,0
250,011M,8073,8078,2018,2,2019,3,3,6,3
251,011N,8037,8037,2009,2,2009,2,1,1,0
252,011P,8033,8036,2008,2,2009,1,4,4,0
253,011Q,8097,8097,2024,2,2024,2,1,1,0
254,011R,8017,8022,2004,2,2005,3,5,6,1
255,011S,8086,8086,2021,3,2021,3,1,1,0
256,011T,8069,8071,2017,2,2017,4,3,3,0
257,011V,8061,8062,2015,2,2015,3,2,2,0
258,011W,8021,8022,2005,2,2005,3,2,2,0
259,011X,8102,8103,2025,3,2025,4,2,2,0
260,011Y,8029,8049,2007,2,2012,2,16,21,5
261,011Z,8078,8082,2019,3,2020,3,2,5,3
262,012A,8057,8059,2014,2,2014,4,3,3,0
263,012B,8025,8039,2006,2,2009,4,8,15,7
264,012C,8066,8071,2016,3,2017,4,5,6,1
265,012D,8090,8102,2022,3,2025,3,7,13,6
266,012E,8053,8085,2013,2,2021,2,11,33,22
267,012F,8041,8046,2010,2,2011,3,4,6,2
268,012G,8013,8029,2003,2,2007,2,8,17,9
269,012H,8082,8089,2020,3,2022,2,2,8,6
270,012K,8049,8049,2012,2,2012,2,1,1,0
271,012L,8046,8059,2011,3,2014,4,7,14,7
272,012M,8073,8078,2018,2,2019,3,3,6,3
273,012N,8037,8037,2009,2,2009,2,1,1,0
274,012P,8033,8054,2008,2,2013,3,10,22,12
275,012Q,8097,8097,2024,2,2024,2,1,1,0
276,012R,8017,8028,2004,2,2007,1,6,12,6
277,012S,8086,8089,2021,3,2022,2,2,4,2
278,012T,8069,8070,2017,2,2017,3,2,2,0
279,012V,8061,8061,2015,2,2015,2,1,1,0
280,012W,8021,8021,2005,2,2005,2,1,1,0
281,012X,8102,8103,2025,3,2025,4,2,2,0
282,012Y,8029,8034,2007,2,2008,3,5,6,1
283,012Z,8078,8082,2019,3,2020,3,2,5,3
284,013A,8057,8058,2014,2,2014,3,2,2,0
285,013B,8025,8025,2006,2,2006,2,1,1,0
286,013C,8066,8066,2016,3,2016,3,1,1,0
287,013D,8090,8101,2022,3,2025,2,8,12,4
288,013E,8053,8065,2013,2,2016,2,8,13,5
289,013F,8041,8050,2010,2,2012,3,8,10,2
290,013G,8013,8033,2003,2,2008,2,7,21,14
291,013H,8082,8082,2020,3,2020,3,1,1,0
292,013K,8049,8049,2012,2,2012,2,1,1,0
293,013L,8046,8050,2011,3,2012,3,4,5,1
294,013M,8073,8085,2018,2,2021,2,9,13,4
295,013N,8037,8049,2009,2,2012,2,10,13,3
296,013P,8033,8041,2008,2,2010,2,4,9,5
297,013Q,8097,8103,2024,2,2025,4,5,7,2
298,013R,8017,8018,2004,2,2004,3,2,2,0
299,013S,8086,8087,2021,3,2021,4,2,2,0
300,013T,8069,8070,2017,2,2017,3,2,2,0
301,013V,8061,8062,2015,2,2015,3,2,2,0
302,013W,8021,8021,2005,2,2005,2,1,1,0
303,013X,8103,8103,2025,4,2025,4,1,1,0
304,013Y,8029,8046,2007,2,2011,3,7,18,11
305,013Z,8078,8094,2019,3,2023,3,7,17,10
306,014A,8057,8064,2014,2,2016,1,5,8,3
307,014B,8025,8036,2006,2,2009,1,6,12,6
308,014C,8066,8068,2016,3,2017,1,3,3,0
309,014D,8091,8101,2022,4,2025,2,6,11,5
310,014E,8053,8055,2013,2,2013,4,3,3,0
311,014F,8041,8041,2010,2,2010,2,1,1,0
312,014G,8013,8017,2003,2,2004,2,5,5,0
313,014H,8082,8082,2020,3,2020,3,1,1,0
314,014K,8049,8049,2012,2,2012,2,1,1,0
315,014L,8046,8050,2011,3,2012,3,4,5,1
316,014M,8073,8082,2018,2,2020,3,7,10,3
317,014N,8037,8049,2009,2,2012,2,8,13,5
318,014P,8033,8048,2008,2,2012,1,13,16,3
319,014Q,8098,8103,2024,3,2025,4,3,6,3
320,014R,8017,8017,2004,2,2004,2,1,1,0
321,014S,8086,8086,2021,3,2021,3,1,1,0
322,014T,8069,8069,2017,2,2017,2,1,1,0
323,014V,8061,8061,2015,2,2015,2,1,1,0
324,014W,8021,8022,2005,2,2005,3,2,2,0
325,014X,8103,8103,2025,4,2025,4,1,1,0
326,014Y,8029,8030,2007,2,2007,3,2,2,0
327,014Z,8078,8086,2019,3,2021,3,5,9,4
328,015A,8057,8059,2014,2,2014,4,2,3,1
329,015B,8025,8036,2006,2,2009,1,8,12,4
330,015C,8066,8078,2016,3,2019,3,12,13,1
331,015D,8091,8091,2022,4,2022,4,1,1,0
332,015E,8053,8057,2013,2,2014,2,5,5,0
333,015F,8041,8041,2010,2,2010,2,1,1,0
334,015G,8013,8016,2003,2,2004,1,4,4,0
335,015H,8082,8082,2020,3,2020,3,1,1,0
336,015K,8049,8049,2012,2,2012,2,1,1,0
337,015L,8046,8050,2011,3,2012,3,3,5,2
338,015M,8073,8077,2018,2,2019,2,4,5,1
339,015N,8037,8038,2009,2,2009,3,2,2,0
340,015P,8033,8061,2008,2,2015,2,22,29,7
341,015Q,8098,8098,2024,3,2024,3,1,1,0
342,015R,8017,8017,2004,2,2004,2,1,1,0
343,015S,8086,8086,2021,3,2021,3,1,1,0
344,015T,8069,8078,2017,2,2019,3,6,10,4
345,015V,8061,8074,2015,2,2018,3,11,14,3
346,015W,8021,8021,2005,2,2005,2,1,1,0
347,015X,8103,8103,2025,4,2025,4,1,1,0
348,015Y,8029,8040,2007,2,2010,1,4,12,8
349,015Z,8078,8079,2019,3,2019,4,2,2,0
350,016A,8057,8068,2014,2,2017,1,4,12,8
351,016B,8025,8041,2006,2,2010,2,8,17,9
352,016C,8066,8074,2016,3,2018,3,6,9,3
353,016D,8091,8091,2022,4,2022,4,1,1,0
354,016E,8053,8073,2013,2,2018,2,4,21,17
355,016F,8041,8041,2010,2,2010,2,1,1,0
356,016G,8013,8022,2003,2,2005,3,8,10,2
357,016H,8082,8083,2020,3,2020,4,2,2,0
358,016K,8049,8049,2012,2,2012,2,1,1,0
359,016L,8046,8046,2011,3,2011,3,1,1,0
360,016M,8073,8083,2018,2,2020,4,7,11,4
361,016N,8037,8047,2009,2,2011,4,6,11,5
362,016P,8033,8061,2008,2,2015,2,14,29,15
363,016Q,8098,8098,2024,3,2024,3,1,1,0
364,016R,8017,8022,2004,2,2005,3,2,6,4
365,016S,8086,8086,2021,3,2021,3,1,1,0
366,016T,8069,8069,2017,2,2017,2,1,1,0
367,016V,8061,8083,2015,2,2020,4,17,23,6
368,016W,8021,8022,2005,2,2005,3,2,2,0
369,016X,8103,8103,2025,4,2025,4,1,1,0
370,016Y,8029,8030,2007,2,2007,3,2,2,0
371,016Z,8078,8078,2019,3,2019,3,1,1,0
372,017A,8057,8074,2014,2,2018,3,10,18,8
373,017B,8025,8045,2006,2,2011,2,8,21,13
374,017C,8066,8066,2016,3,2016,3,1,1,0
375,017D,8091,8091,2022,4,2022,4,1,1,0
376,017E,8053,8055,2013,2,2013,4,3,3,0
377,017F,8041,8050,2010,2,2012,3,8,10,2
378,017G,8013,8013,2003,2,2003,2,1,1,0
379,017H,8082,8082,2020,3,2020,3,1,1,0
380,017K,8049,8049,2012,2,2012,2,1,1,0
381,017L,8046,8050,2011,3,2012,3,4,5,1
382,017M,8073,8078,2018,2,2019,3,4,6,2
383,017N,8038,8039,2009,3,2009,4,2,2,0
384,017P,8033,8035,2008,2,2008,4,3,3,0
385,017Q,8098,8102,2024,3,2025,3,2,5,3
386,017R,8017,8039,2004,2,2009,4,15,23,8
387,017S,8086,8086,2021,3,2021,3,1,1,0
388,017T,8069,8069,2017,2,2017,2,1,1,0
389,017V,8061,8073,2015,2,2018,2,6,13,7
390,017W,8021,8021,2005,2,2005,2,1,1,0
391,017X,8103,8103,2025,4,2025,4,1,1,0
392,017Y,8029,8037,2007,2,2009,2,2,9,7
393,017Z,8078,8085,2019,3,2021,2,6,8,2
394,018A,8057,8075,2014,2,2018,4,5,19,14
395,018B,8025,8045,2006,2,2011,2,9,21,12
396,018C,8066,8066,2016,3,2016,3,1,1,0
397,018D,8091,8091,2022,4,2022,4,1,1,0
398,018E,8053,8053,2013,2,2013,2,1,1,0
399,018F,8041,8041,2010,2,2010,2,1,1,0
400,018G,8013,8033,2003,2,2008,2,7,21,14
401,018H,8082,8082,2020,3,2020,3,1,1,0
402,018K,8049,8049,2012,2,2012,2,1,1,0
403,018L,8046,8053,2011,3,2013,2,5,8,3
404,018M,8073,8085,2018,2,2021,2,5,13,8
405,018N,8038,8050,2009,3,2012,3,9,13,4
406,018P,8033,8046,2008,2,2011,3,13,14,1
407,018Q,8098,8102,2024,3,2025,3,2,5,3
408,018R,8017,8029,2004,2,2007,2,4,13,9
409,018S,8086,8086,2021,3,2021,3,1,1,0
410,018T,8069,8069,2017,2,2017,2,1,1,0
411,018V,8061,8065,2015,2,2016,2,2,5,3
412,018W,8021,8021,2005,2,2005,2,1,1,0
413,018Y,8029,8034,2007,2,2008,3,4,6,2
414,018Z,8078,8083,2019,3,2020,4,4,6,2
415,019A,8057,8078,2014,2,2019,3,14,22,8
416,019B,8025,8031,2006,2,2007,4,7,7,0
417,019C,8066,8069,2016,3,2017,2,3,4,1
418,019D,8091,8091,2022,4,2022,4,1,1,0
419,019E,8053,8089,2013,2,2022,2,8,37,29
420,019F,8041,8041,2010,2,2010,2,1,1,0
421,019G,8013,8022,2003,2,2005,3,6,10,4
422,019H,8082,8087,2020,3,2021,4,6,6,0
423,019K,8049,8049,2012,2,2012,2,1,1,0
424,019L,8046,8058,2011,3,2014,3,3,13,10
425,019M,8073,8078,2018,2,2019,3,5,6,1
426,019N,8038,8042,2009,3,2010,3,4,5,1
427,019P,8033,8061,2008,2,2015,2,10,29,19
428,019Q,8098,8098,2024,3,2024,3,1,1,0
429,019R,8017,8034,2004,2,2008,3,5,18,13
430,019S,8086,8086,2021,3,2021,3,1,1,0
431,019T,8070,8073,2017,3,2018,2,2,4,2
432,019V,8061,8067,2015,2,2016,4,4,7,3
433,019W,8021,8021,2005,2,2005,2,1,1,0
434,019Y,8029,8031,2007,2,2007,4,3,3,0
435,019Z,8078,8078,2019,3,2019,3,1,1,0
436,020A,8057,8062,2014,2,2015,3,6,6,0
437,020B,8025,8035,2006,2,2008,4,8,11,3
438,020C,8066,8074,2016,3,2018,3,6,9,3
439,020D,8091,8098,2022,4,2024,3,5,8,3
440,020E,8053,8058,2013,2,2014,3,5,6,1
441,020F,8043,8048,2010,4,2012,1,6,6,0
442,020G,8013,8016,2003,2,2004,1,3,4,1
443,020H,8082,8087,2020,3,2021,4,6,6,0
444,020K,8049,8049,2012,2,2012,2,1,1,0
445,020L,8046,8078,2011,3,2019,3,15,33,18
446,020M,8073,8082,2018,2,2020,3,5,10,5
447,020N,8038,8050,2009,3,2012,3,6,13,7
448,020P,8033,8040,2008,2,2010,1,5,8,3
449,020Q,8098,8099,2024,3,2024,4,2,2,0
450,020R,8017,8018,2004,2,2004,3,2,2,0
451,020S,8086,8091,2021,3,2022,4,3,6,3
452,020T,8070,8083,2017,3,2020,4,12,14,2
453,020V,8061,8067,2015,2,2016,4,3,7,4
454,020W,8021,8021,2005,2,2005,2,1,1,0
455,020Y,8029,8046,2007,2,2011,3,14,18,4
456,020Z,8078,8079,2019,3,2019,4,2,2,0
457,021A,8057,8058,2014,2,2014,3,2,2,0
458,021B,8025,8047,2006,2,2011,4,12,23,11
459,021C,8066,8078,2016,3,2019,3,10,13,3
460,021D,8091,8093,2022,4,2023,2,2,3,1
461,021E,8053,8060,2013,2,2015,1,7,8,1
462,021F,8042,8049,2010,3,2012,2,5,8,3
463,021G,8013,8015,2003,2,2003,4,3,3,0
464,021H,8082,8095,2020,3,2023,4,5,14,9
465,021K,8049,8051,2012,2,2012,4,3,3,0
466,021L,8046,8072,2011,3,2018,1,12,27,15
467,021M,8073,8074,2018,2,2018,3,2,2,0
468,021N,8038,8039,2009,3,2009,4,2,2,0
469,021P,8033,8037,2008,2,2009,2,5,5,0
470,021Q,8098,8103,2024,3,2025,4,4,6,2
471,021R,8017,8017,2004,2,2004,2,1,1,0
472,021S,8086,8089,2021,3,2022,2,3,4,1
473,021T,8070,8079,2017,3,2019,4,9,10,1
474,021V,8061,8073,2015,2,2018,2,10,13,3
475,021W,8021,8022,2005,2,2005,3,2,2,0
476,021Y,8029,8031,2007,2,2007,4,3,3,0
477,021Z,8078,8090,2019,3,2022,3,7,13,6
478,022A,8057,8065,2014,2,2016,2,7,9,2
479,022B,8025,8055,2006,2,2013,4,8,31,23
480,022C,8066,8075,2016,3,2018,4,4,10,6
481,022E,8053,8068,2013,2,2017,1,11,16,5
482,022F,8042,8054,2010,3,2013,3,8,13,5
483,022G,8013,8037,2003,2,2009,2,12,25,13
484,022H,8082,8082,2020,3,2020,3,1,1,0
485,022K,8049,8049,2012,2,2012,2,1,1,0
486,022L,8046,8049,2011,3,2012,2,3,4,1
487,022M,8073,8073,2018,2,2018,2,1,1,0
488,022N,8038,8049,2009,3,2012,2,6,12,6
489,022P,8033,8050,2008,2,2012,3,6,18,12
490,022Q,8098,8102,2024,3,2025,3,3,5,2
491,022R,8017,8017,2004,2,2004,2,1,1,0
492,022S,8086,8089,2021,3,2022,2,3,4,1
493,022T,8070,8071,2017,3,2017,4,2,2,0
494,022V,8061,8061,2015,2,2015,2,1,1,0
495,022W,8021,8022,2005,2,2005,3,2,2,0
496,022Y,8029,8030,2007,2,2007,3,2,2,0
497,022Z,8078,8083,2019,3,2020,4,4,6,2
498,023A,8057,8064,2014,2,2016,1,6,8,2
499,023B,8025,8036,2006,2,2009,1,11,12,1
500,023C,8066,8071,2016,3,2017,4,5,6,1
501,023E,8053,8056,2013,2,2014,1,2,4,2
502,023F,8042,8046,2010,3,2011,3,5,5,0
503,023G,8013,8013,2003,2,2003,2,1,1,0
504,023H,8082,8101,2020,3,2025,2,4,20,16
505,023K,8049,8049,2012,2,2012,2,1,1,0
506,023L,8046,8050,2011,3,2012,3,4,5,1
507,023M,8073,8083,2018,2,2020,4,8,11,3
508,023N,8039,8057,2009,4,2014,2,10,19,9
509,023P,8033,8044,2008,2,2011,1,8,12,4
510,023Q,8098,8101,2024,3,2025,2,3,4,1
511,023R,8017,8020,2004,2,2005,1,3,4,1
512,023S,8086,8086,2021,3,2021,3,1,1,0
513,023T,8070,8074,2017,3,2018,3,3,5,2
514,023V,8061,8067,2015,2,2016,4,4,7,3
515,023W,8021,8021,2005,2,2005,2,1,1,0
516,023Y,8029,8043,2007,2,2010,4,5,15,10
517,023Z,8078,8087,2019,3,2021,4,7,10,3
518,024A,8057,8058,2014,2,2014,3,2,2,0
519,024B,8025,8057,2006,2,2014,2,13,33,20
520,024C,8066,8072,2016,3,2018,1,6,7,1
521,024E,8053,8067,2013,2,2016,4,6,15,9
522,024F,8042,8046,2010,3,2011,3,4,5,1
523,024G,8013,8031,2003,2,2007,4,4,19,15
524,024H,8082,8085,2020,3,2021,2,4,4,0
525,024K,8049,8050,2012,2,2012,3,2,2,0
526,024L,8046,8049,2011,3,2012,2,3,4,1
527,024M,8073,8078,2018,2,2019,3,5,6,1
528,024N,8039,8039,2009,4,2009,4,1,1,0
529,024P,8033,8064,2008,2,2016,1,8,32,24
530,024Q,8098,8102,2024,3,2025,3,4,5,1
531,024R,8017,8017,2004,2,2004,2,1,1,0
532,024S,8086,8087,2021,3,2021,4,2,2,0
533,024T,8070,8086,2017,3,2021,3,10,17,7
534,024V,8061,8069,2015,2,2017,2,7,9,2
535,024W,8021,8021,2005,2,2005,2,1,1,0
536,024Y,8029,8058,2007,2,2014,3,13,30,17
537,024Z,8078,8086,2019,3,2021,3,4,9,5
538,025A,8057,8063,2014,2,2015,4,7,7,0
539,025B,8025,8036,2006,2,2009,1,9,12,3
540,025C,8066,8068,2016,3,2017,1,2,3,1
541,025E,8053,8086,2013,2,2021,3,12,34,22
542,025F,8043,8050,2010,4,2012,3,2,8,6
543,025G,8013,8016,2003,2,2004,1,3,4,1
544,025H,8083,8083,2020,4,2020,4,1,1,0
545,025K,8049,8049,2012,2,2012,2,1,1,0
546,025L,8046,8049,2011,3,2012,2,3,4,1
547,025M,8073,8075,2018,2,2018,4,2,3,1
548,025N,8039,8054,2009,4,2013,3,4,16,12
549,025P,8034,8038,2008,3,2009,3,4,5,1
550,025Q,8099,8099,2024,4,2024,4,1,1,0
551,025R,8017,8017,2004,2,2004,2,1,1,0
552,025S,8086,8086,2021,3,2021,3,1,1,0
553,025T,8070,8072,2017,3,2018,1,2,3,1
554,025V,8061,8065,2015,2,2016,2,5,5,0
555,025W,8021,8035,2005,2,2008,4,6,15,9
556,025Y,8029,8030,2007,2,2007,3,2,2,0
557,025Z,8078,8079,2019,3,2019,4,2,2,0
558,026A,8057,8070,2014,2,2017,3,5,14,9
559,026B,8025,8029,2006,2,2007,2,5,5,0
560,026C,8066,8075,2016,3,2018,4,8,10,2
561,026E,8053,8061,2013,2,2015,2,7,9,2
562,026F,8043,8053,2010,4,2013,2,3,11,8
563,026G,8013,8014,2003,2,2003,3,2,2,0
564,026H,8083,8086,2020,4,2021,3,3,4,1
565,026K,8049,8049,2012,2,2012,2,1,1,0
566,026L,8046,8046,2011,3,2011,3,1,1,0
567,026M,8073,8082,2018,2,2020,3,5,10,5
568,026N,8039,8049,2009,4,2012,2,8,11,3
569,026P,8034,8038,2008,3,2009,3,4,5,1
570,026R,8017,8017,2004,2,2004,2,1,1,0
571,026S,8086,8086,2021,3,2021,3,1,1,0
572,026T,8070,8075,2017,3,2018,4,6,6,0
573,026V,8061,8065,2015,2,2016,2,4,5,1
574,026W,8021,8021,2005,2,2005,2,1,1,0
575,026Y,8029,8041,2007,2,2010,2,7,13,6
576,026Z,8078,8086,2019,3,2021,3,5,9,4
577,027A,8057,8068,2014,2,2017,1,10,12,2
578,027B,8025,8025,2006,2,2006,2,1,1,0
579,027C,8066,8066,2016,3,2016,3,1,1,0
580,027E,8053,8067,2013,2,2016,4,8,15,7
581,027F,8043,8045,2010,4,2011,2,3,3,0
582,027G,8013,8036,2003,2,2009,1,4,24,20
583,027K,8049,8049,2012,2,2012,2,1,1,0
584,027L,8046,8046,2011,3,2011,3,1,1,0
585,027M,8073,8078,2018,2,2019,3,5,6,1
586,027N,8039,8040,2009,4,2010,1,2,2,0
587,027P,8034,8038,2008,3,2009,3,4,5,1
588,027R,8017,8019,2004,2,2004,4,2,3,1
589,027S,8086,8089,2021,3,2022,2,2,4,2
590,027T,8070,8082,2017,3,2020,3,8,13,5
591,027V,8061,8064,2015,2,2016,1,2,4,2
592,027W,8021,8021,2005,2,2005,2,1,1,0
593,027Y,8029,8039,2007,2,2009,4,5,11,6
594,027Z,8078,8078,2019,3,2019,3,1,1,0
595,028A,8057,8073,2014,2,2018,2,4,17,13
596,028B,8025,8025,2006,2,2006,2,1,1,0
597,028C,8067,8070,2016,4,2017,3,2,4,2
598,028E,8054,8054,2013,3,2013,3,1,1,0
599,028F,8043,8072,2010,4,2018,1,16,30,14
600,028G,8013,8019,2003,2,2004,4,5,7,2
601,028K,8049,8068,2012,2,2017,1,8,20,12
602,028L,8046,8062,2011,3,2015,3,2,17,15
603,028M,8073,8085,2018,2,2021,2,6,13,7
604,028N,8039,8046,2009,4,2011,3,6,8,2
605,028P,8034,8035,2008,3,2008,4,2,2,0
606,028R,8017,8017,2004,2,2004,2,1,1,0
607,028S,8086,8094,2021,3,2023,3,7,9,2
608,028T,8070,8070,2017,3,2017,3,1,1,0
609,028V,8061,8061,2015,2,2015,2,1,1,0
610,028W,8021,8022,2005,2,2005,3,2,2,0
611,028Y,8029,8033,2007,2,2008,2,4,5,1
612,028Z,8078,8078,2019,3,2019,3,1,1,0
613,029A,8057,8058,2014,2,2014,3,2,2,0
614,029B,8025,8037,2006,2,2009,2,5,13,8
615,029C,8067,8068,2016,4,2017,1,2,2,0
616,029E,8054,8058,2013,3,2014,3,4,5,1
617,029F,8043,8050,2010,4,2012,3,4,8,4
618,029G,8013,8025,2003,2,2006,2,5,13,8
619,029K,8049,8049,2012,2,2012,2,1,1,0
620,029L,8046,8046,2011,3,2011,3,1,1,0
621,029M,8073,8078,2018,2,2019,3,4,6,2
622,029N,8039,8075,2009,4,2018,4,24,37,13
623,029P,8034,8035,2008,3,2008,4,2,2,0
624,029R,8017,8017,2004,2,2004,2,1,1,0
625,029S,8086,8089,2021,3,2022,2,3,4,1
626,029T,8070,8094,2017,3,2023,3,4,25,21
627,029V,8061,8065,2015,2,2016,2,3,5,2
628,029W,8021,8030,2005,2,2007,3,5,10,5
629,029Y,8029,8045,2007,2,2011,2,6,17,11
630,029Z,8078,8082,2019,3,2020,3,3,5,2
631,030A,8058,8058,2014,3,2014,3,1,1,0
632,030B,8025,8037,2006,2,2009,2,10,13,3
633,030E,8054,8057,2013,3,2014,2,3,4,1
634,030F,8043,8043,2010,4,2010,4,1,1,0
635,030G,8013,8013,2003,2,2003,2,1,1,0
636,030K,8049,8049,2012,2,2012,2,1,1,0
637,030L,8046,8061,2011,3,2015,2,10,16,6
638,030M,8073,8097,2018,2,2024,2,4,25,21
639,030N,8039,8059,2009,4,2014,4,12,21,9
640,030P,8034,8041,2008,3,2010,2,5,8,3
641,030R,8017,8019,2004,2,2004,4,3,3,0
642,030S,8086,8098,2021,3,2024,3,6,13,7
643,030T,8070,8085,2017,3,2021,2,4,16,12
644,030V,8061,8061,2015,2,2015,2,1,1,0
645,030W,8021,8026,2005,2,2006,3,4,6,2
646,030Y,8029,8035,2007,2,2008,4,7,7,0
647,030Z,8078,8086,2019,3,2021,3,6,9,3
648,031A,8058,8058,2014,3,2014,3,1,1,0
649,031B,8025,8031,2006,2,2007,4,6,7,1
650,031E,8054,8069,2013,3,2017,2,5,16,11
651,031G,8013,8013,2003,2,2003,2,1,1,0
652,031K,8049,8049,2012,2,2012,2,1,1,0
653,031L,8046,8054,2011,3,2013,3,7,9,2
654,031M,8073,8073,2018,2,2018,2,1,1,0
655,031N,8039,8045,2009,4,2011,2,6,7,1
656,031P,8034,8035,2008,3,2008,4,2,2,0
657,031R,8017,8017,2004,2,2004,2,1,1,0
658,031S,8086,8086,2021,3,2021,3,1,1,0
659,031T,8070,8072,2017,3,2018,1,2,3,1
660,031V,8061,8062,2015,2,2015,3,2,2,0
661,031W,8021,8022,2005,2,2005,3,2,2,0
662,031Y,8029,8047,2007,2,2011,4,10,19,9
663,031Z,8078,8082,2019,3,2020,3,3,5,2
664,032A,8058,8059,2014,3,2014,4,2,2,0
665,032B,8025,8029,2006,2,2007,2,5,5,0
666,032E,8054,8057,2013,3,2014,2,3,4,1
667,032G,8013,8016,2003,2,2004,1,3,4,1
668,032K,8049,8049,2012,2,2012,2,1,1,0
669,032L,8046,8052,2011,3,2013,1,4,7,3
670,032M,8073,8101,2018,2,2025,2,8,29,21
671,032N,8039,8070,2009,4,2017,3,13,32,19
672,032P,8034,8043,2008,3,2010,4,5,10,5
673,032R,8017,8020,2004,2,2005,1,4,4,0
674,032S,8086,8087,2021,3,2021,4,2,2,0
675,032T,8070,8086,2017,3,2021,3,7,17,10
676,032V,8061,8070,2015,2,2017,3,8,10,2
677,032W,8021,8021,2005,2,2005,2,1,1,0
678,032Y,8029,8037,2007,2,2009,2,4,9,5
679,032Z,8078,8085,2019,3,2021,2,3,8,5
680,033A,8058,8058,2014,3,2014,3,1,1,0
681,033B,8025,8029,2006,2,2007,2,4,5,1
682,033E,8054,8078,2013,3,2019,3,9,25,16
683,033G,8013,8014,2003,2,2003,3,2,2,0
684,033K,8049,8059,2012,2,2014,4,10,11,1
685,033L,8046,8054,2011,3,2013,3,7,9,2
686,033M,8073,8082,2018,2,2020,3,5,10,5
687,033N,8039,8055,2009,4,2013,4,8,17,9
688,033P,8034,8046,2008,3,2011,3,7,13,6
689,033R,8017,8026,2004,2,2006,3,7,10,3
690,033S,8086,8086,2021,3,2021,3,1,1,0
691,033T,8071,8077,2017,4,2019,2,7,7,0
692,033V,8062,8063,2015,3,2015,4,2,2,0
693,033W,8021,8021,2005,2,2005,2,1,1,0
694,033Y,8029,8049,2007,2,2012,2,8,21,13
695,033Z,8078,8078,2019,3,2019,3,1,1,0
696,034A,8058,8077,2014,3,2019,2,9,20,11
697,034B,8025,8026,2006,2,2006,3,2,2,0
698,034E,8054,8055,2013,3,2013,4,2,2,0
699,034G,8013,8036,2003,2,2009,1,6,24,18
700,034K,8049,8049,2012,2,2012,2,1,1,0
701,034L,8046,8053,2011,3,2013,2,4,8,4
702,034M,8073,8082,2018,2,2020,3,5,10,5
703,034N,8039,8043,2009,4,2010,4,4,5,1
704,034P,8034,8049,2008,3,2012,2,7,16,9
705,034R,8017,8022,2004,2,2005,3,4,6,2
706,034S,8086,8086,2021,3,2021,3,1,1,0
707,034T,8071,8101,2017,4,2025,2,5,31,26
708,034V,8062,8063,2015,3,2015,4,2,2,0
709,034W,8021,8022,2005,2,2005,3,2,2,0
710,034Y,8029,8051,2007,2,2012,4,10,23,13
711,034Z,8078,8085,2019,3,2021,2,2,8,6
712,035A,8058,8061,2014,3,2015,2,3,4,1
713,035B,8025,8061,2006,2,2015,2,13,37,24
714,035E,8054,8059,2013,3,2014,4,2,6,4
715,035G,8013,8027,2003,2,2006,4,5,15,10
716,035K,8049,8057,2012,2,2014,2,4,9,5
717,035L,8046,8061,2011,3,2015,2,6,16,10
718,035M,8073,8073,2018,2,2018,2,1,1,0
719,035N,8039,8054,2009,4,2013,3,12,16,4
720,035P,8034,8049,2008,3,2012,2,8,16,8
721,035R,8017,8039,2004,2,2009,4,5,23,18
722,035S,8086,8086,2021,3,2021,3,1,1,0
723,035V,8062,8065,2015,3,2016,2,3,4,1
724,035W,8021,8034,2005,2,2008,3,7,14,7
725,035Y,8029,8041,2007,2,2010,2,5,13,8
726,035Z,8078,8083,2019,3,2020,4,3,6,3
727,036A,8058,8058,2014,3,2014,3,1,1,0
728,036B,8026,8026,2006,3,2006,3,1,1,0
729,036E,8054,8074,2013,3,2018,3,10,21,11
730,036G,8013,8015,2003,2,2003,4,2,3,1
731,036K,8049,8059,2012,2,2014,4,5,11,6
732,036L,8046,8057,2011,3,2014,2,4,12,8
733,036M,8073,8074,2018,2,2018,3,2,2,0
734,036N,8039,8041,2009,4,2010,2,3,3,0
735,036P,8034,8035,2008,3,2008,4,2,2,0
736,036R,8017,8041,2004,2,2010,2,12,25,13
737,036S,8086,8091,2021,3,2022,4,3,6,3
738,036V,8062,8065,2015,3,2016,2,3,4,1
739,036W,8021,8021,2005,2,2005,2,1,1,0
740,036Y,8029,8041,2007,2,2010,2,5,13,8
741,036Z,8078,8086,2019,3,2021,3,4,9,5
742,037A,8058,8058,2014,3,2014,3,1,1,0
743,037B,8026,8029,2006,3,2007,2,3,4,1
744,037E,8054,8061,2013,3,2015,2,7,8,1
745,037G,8013,8013,2003,2,2003,2,1,1,0
746,037K,8049,8049,2012,2,2012,2,1,1,0
747,037L,8046,8046,2011,3,2011,3,1,1,0
748,037M,8073,8086,2018,2,2021,3,5,14,9
749,037N,8039,8054,2009,4,2013,3,8,16,8
750,037P,8034,8037,2008,3,2009,2,3,4,1
751,037R,8017,8022,2004,2,2005,3,6,6,0
752,037S,8086,8087,2021,3,2021,4,2,2,0
753,037V,8062,8062,2015,3,2015,3,1,1,0
754,037W,8021,8045,2005,2,2011,2,7,25,18
755,037Y,8029,8029,2007,2,2007,2,1,1,0
756,037Z,8078,8078,2019,3,2019,3,1,1,0
757,038A,8058,8061,2014,3,2015,2,4,4,0
758,038B,8026,8046,2006,3,2011,3,10,21,11
759,038E,8054,8057,2013,3,2014,2,3,4,1
760,038G,8013,8014,2003,2,2003,3,2,2,0
761,038K,8049,8049,2012,2,2012,2,1,1,0
762,038L,8047,8051,2011,4,2012,4,5,5,0
763,038M,8074,8074,2018,3,2018,3,1,1,0
764,038N,8039,8044,2009,4,2011,1,4,6,2
765,038P,8034,8046,2008,3,2011,3,7,13,6
766,038R,8017,8037,2004,2,2009,2,12,21,9
767,038S,8086,8087,2021,3,2021,4,2,2,0
768,038V,8062,8062,2015,3,2015,3,1,1,0
769,038W,8021,8026,2005,2,2006,3,5,6,1
770,038Y,8029,8054,2007,2,2013,3,9,26,17
771,038Z,8078,8078,2019,3,2019,3,1,1,0
772,039A,8058,8071,2014,3,2017,4,3,14,11
773,039B,8026,8034,2006,3,2008,3,6,9,3
774,039E,8054,8054,2013,3,2013,3,1,1,0
775,039G,8014,8022,2003,3,2005,3,4,9,5
776,039K,8049,8059,2012,2,2014,4,10,11,1
777,039L,8047,8047,2011,4,2011,4,1,1,0
778,039M,8074,8085,2018,3,2021,2,3,12,9
779,039N,8039,8066,2009,4,2016,3,6,28,22
780,039P,8034,8039,2008,3,2009,4,3,6,3
781,039R,8017,8017,2004,2,2004,2,1,1,0
782,039S,8086,8086,2021,3,2021,3,1,1,0
783,039V,8062,8077,2015,3,2019,2,10,16,6
784,039W,8021,8046,2005,2,2011,3,12,26,14
785,039Y,8029,8032,2007,2,2008,1,4,4,0
786,039Z,8078,8078,2019,3,2019,3,1,1,0
787,040A,8058,8061,2014,3,2015,2,2,4,2
788,040B,8026,8033,2006,3,2008,2,3,8,5
789,040E,8054,8056,2013,3,2014,1,3,3,0
790,040G,8014,8014,2003,3,2003,3,1,1,0
791,040K,8049,8049,2012,2,2012,2,1,1,0
792,040L,8044,8055,2011,1,2013,4,8,12,4
793,040M,8074,8082,2018,3,2020,3,4,9,5
794,040N,8039,8041,2009,4,2010,2,3,3,0
795,040P,8034,8035,2008,3,2008,4,2,2,0
796,040R,8017,8039,2004,2,2009,4,14,23,9
797,040S,8087,8089,2021,4,2022,2,2,3,1
798,040V,8062,8066,2015,3,2016,3,4,5,1
799,040W,8021,8023,2005,2,2005,4,3,3,0
800,040Y,8029,8037,2007,2,2009,2,4,9,5
801,040Z,8078,8087,2019,3,2021,4,7,10,3
802,041A,8058,8058,2014,3,2014,3,1,1,0
803,041B,8026,8027,2006,3,2006,4,2,2,0
804,041E,8054,8058,2013,3,2014,3,3,5,2
805,041G,8014,8046,2003,3,2011,3,4,33,29
806,041K,8049,8049,2012,2,2012,2,1,1,0
807,041L,8047,8069,2011,4,2017,2,7,23,16
808,041M,8074,8078,2018,3,2019,3,3,5,2
809,041N,8039,8043,2009,4,2010,4,4,5,1
810,041P,8034,8035,2008,3,2008,4,2,2,0
811,041R,8017,8022,2004,2,2005,3,3,6,3
812,041S,8087,8087,2021,4,2021,4,1,1,0
813,041V,8062,8065,2015,3,2016,2,3,4,1
814,041W,8021,8033,2005,2,2008,2,8,13,5
815,041Y,8029,8041,2007,2,2010,2,6,13,7
816,041Z,8078,8078,2019,3,2019,3,1,1,0
817,042A,8058,8097,2014,3,2024,2,19,40,21
818,042B,8026,8027,2006,3,2006,4,2,2,0
819,042E,8054,8061,2013,3,2015,2,6,8,2
820,042G,8014,8045,2003,3,2011,2,10,32,22
821,042K,8050,8050,2012,3,2012,3,1,1,0
822,042M,8074,8078,2018,3,2019,3,2,5,3
823,042N,8039,8039,2009,4,2009,4,1,1,0
824,042P,8034,8035,2008,3,2008,4,2,2,0
825,042R,8017,8034,2004,2,2008,3,8,18,10
826,042V,8062,8079,2015,3,2019,4,5,18,13
827,042W,8021,8029,2005,2,2007,2,5,9,4
828,042Y,8029,8031,2007,2,2007,4,2,3,1
829,042Z,8078,8078,2019,3,2019,3,1,1,0
830,043A,8058,8078,2014,3,2019,3,12,21,9
831,043B,8026,8027,2006,3,2006,4,2,2,0
832,043E,8054,8054,2013,3,2013,3,1,1,0
833,043G,8014,8015,2003,3,2003,4,2,2,0
834,043K,8050,8050,2012,3,2012,3,1,1,0
835,043M,8074,8075,2018,3,2018,4,2,2,0
836,043N,8039,8039,2009,4,2009,4,1,1,0
837,043P,8034,8050,2008,3,2012,3,8,17,9
838,043R,8017,8018,2004,2,2004,3,2,2,0
839,043V,8062,8075,2015,3,2018,4,13,14,1
840,043W,8021,8053,2005,2,2013,2,14,33,19
841,043Y,8030,8041,2007,3,2010,2,6,12,6
842,043Z,8078,8078,2019,3,2019,3,1,1,0
843,044A,8058,8060,2014,3,2015,1,3,3,0
844,044B,8026,8027,2006,3,2006,4,2,2,0
845,044E,8054,8062,2013,3,2015,3,4,9,5
846,044G,8014,8037,2003,3,2009,2,5,24,19
847,044K,8050,8050,2012,3,2012,3,1,1,0
848,044M,8074,8078,2018,3,2019,3,2,5,3
849,044N,8039,8040,2009,4,2010,1,2,2,0
850,044P,8034,8046,2008,3,2011,3,9,13,4
851,044R,8017,8029,2004,2,2007,2,5,13,8
852,044V,8062,8062,2015,3,2015,3,1,1,0
853,044W,8021,8023,2005,2,2005,4,3,3,0
854,044Y,8030,8041,2007,3,2010,2,5,12,7
855,044Z,8078,8086,2019,3,2021,3,4,9,5
856,045A,8058,8078,2014,3,2019,3,12,21,9
857,045B,8026,8062,2006,3,2015,3,8,37,29
858,045E,8054,8060,2013,3,2015,1,2,7,5
859,045G,8014,8017,2003,3,2004,2,3,4,1
860,045K,8050,8050,2012,3,2012,3,1,1,0
861,045M,8074,8079,2018,3,2019,4,4,6,2
862,045N,8039,8039,2009,4,2009,4,1,1,0
863,045P,8034,8049,2008,3,2012,2,7,16,9
864,045R,8018,8059,2004,3,2014,4,7,42,35
865,045V,8062,8068,2015,3,2017,1,5,7,2
866,045W,8021,8022,2005,2,2005,3,2,2,0
867,045Y,8030,8045,2007,3,2011,2,6,16,10
868,045Z,8079,8079,2019,4,2019,4,1,1,0
869,046A,8058,8073,2014,3,2018,2,10,16,6
870,046B,8026,8035,2006,3,2008,4,3,10,7
871,046E,8054,8057,2013,3,2014,2,3,4,1
872,046G,8014,8014,2003,3,2003,3,1,1,0
873,046K,8050,8050,2012,3,2012,3,1,1,0
874,046M,8074,8083,2018,3,2020,4,8,10,2
875,046N,8039,8039,2009,4,2009,4,1,1,0
876,046P,8034,8054,2008,3,2013,3,11,21,10
877,046R,8018,8021,2004,3,2005,2,3,4,1
878,046V,8062,8063,2015,3,2015,4,2,2,0
879,046W,8021,8022,2005,2,2005,3,2,2,0
880,046Y,8030,8031,2007,3,2007,4,2,2,0
881,046Z,8079,8083,2019,4,2020,4,4,5,1
882,047A,8058,8058,2014,3,2014,3,1,1,0
883,047B,8026,8029,2006,3,2007,2,3,4,1
884,047E,8054,8061,2013,3,2015,2,5,8,3
885,047G,8014,8022,2003,3,2005,3,4,9,5
886,047K,8050,8050,2012,3,2012,3,1,1,0
887,047M,8074,8075,2018,3,2018,4,2,2,0
888,047N,8039,8039,2009,4,2009,4,1,1,0
889,047P,8034,8040,2008,3,2010,1,5,7,2
890,047R,8018,8022,2004,3,2005,3,5,5,0
891,047V,8062,8064,2015,3,2016,1,3,3,0
892,047W,8021,8041,2005,2,2010,2,4,21,17
893,047Y,8030,8034,2007,3,2008,3,4,5,1
894,048A,8058,8082,2014,3,2020,3,10,25,15
895,048B,8026,8033,2006,3,2008,2,5,8,3
896,048E,8054,8054,2013,3,2013,3,1,1,0
897,048G,8014,8014,2003,3,2003,3,1,1,0
898,048K,8050,8050,2012,3,2012,3,1,1,0
899,048M,8074,8075,2018,3,2018,4,2,2,0
900,048N,8039,8039,2009,4,2009,4,1,1,0
901,048P,8034,8037,2008,3,2009,2,3,4,1
902,048R,8018,8023,2004,3,2005,4,5,6,1
903,048V,8063,8078,2015,4,2019,3,9,16,7
904,048W,8021,8034,2005,2,2008,3,7,14,7
905,048Y,8030,8035,2007,3,2008,4,3,6,3
906,049A,8058,8069,2014,3,2017,2,5,12,7
907,049B,8026,8061,2006,3,2015,2,17,36,19
908,049E,8055,8065,2013,4,2016,2,5,11,6
909,049G,8014,8014,2003,3,2003,3,1,1,0
910,049K,8050,8050,2012,3,2012,3,1,1,0
911,049M,8074,8082,2018,3,2020,3,6,9,3
912,049N,8039,8039,2009,4,2009,4,1,1,0
913,049P,8034,8054,2008,3,2013,3,12,21,9
914,049R,8018,8021,2004,3,2005,2,3,4,1
916,049V,8063,8074,2015,4,2018,3,6,12,6
917,049W,8021,8041,2005,2,2010,2,6,21,15
918,049Y,8030,8062,2007,3,2015,3,5,33,28
919,050A,8058,8070,2014,3,2017,3,7,13,6
920,050B,8026,8026,2006,3,2006,3,1,1,0
921,050E,8055,8055,2013,4,2013,4,1,1,0
922,050G,8014,8046,2003,3,2011,3,15,33,18
923,050K,8050,8061,2012,3,2015,2,6,12,6
924,050M,8074,8082,2018,3,2020,3,6,9,3
925,050N,8039,8049,2009,4,2012,2,4,11,7
926,050P,8034,8034,2008,3,2008,3,1,1,0
927,050R,8018,8021,2004,3,2005,2,2,4,2
928,050V,8063,8063,2015,4,2015,4,1,1,0
929,050W,8021,8030,2005,2,2007,3,6,10,4
930,050Y,8030,8038,2007,3,2009,3,3,9,6
931,051A,8059,8062,2014,4,2015,3,3,4,1
932,051B,8026,8037,2006,3,2009,2,8,12,4
933,051E,8055,8058,2013,4,2014,3,3,4,1
934,051G,8014,8015,2003,3,2003,4,2,2,0
935,051K,8050,8061,2012,3,2015,2,7,12,5
936,051M,8074,8085,2018,3,2021,2,7,12,5
937,051N,8039,8045,2009,4,2011,2,4,7,3
938,051P,8034,8037,2008,3,2009,2,3,4,1
939,051R,8018,8039,2004,3,2009,4,5,22,17
940,051V,8063,8063,2015,4,2015,4,1,1,0
941,051W,8021,8021,2005,2,2005,2,1,1,0
942,051Y,8030,8030,2007,3,2007,3,1,1,0
943,052A,8059,8066,2014,4,2016,3,4,8,4
944,052B,8026,8029,2006,3,2007,2,3,4,1
945,052E,8055,8062,2013,4,2015,3,2,8,6
946,052G,8014,8014,2003,3,2003,3,1,1,0
947,052K,8050,8057,2012,3,2014,2,4,8,4
948,052M,8074,8076,2018,3,2019,1,3,3,0
949,052N,8039,8046,2009,4,2011,3,6,8,2
950,052P,8034,8035,2008,3,2008,4,2,2,0
951,052R,8018,8018,2004,3,2004,3,1,1,0
952,052W,8021,8043,2005,2,2010,4,18,23,5
953,052Y,8030,8041,2007,3,2010,2,6,12,6
954,053A,8059,8059,2014,4,2014,4,1,1,0
955,053B,8026,8029,2006,3,2007,2,3,4,1
956,053G,8014,8016,2003,3,2004,1,3,3,0
957,053K,8050,8078,2012,3,2019,3,12,29,17
958,053M,8074,8085,2018,3,2021,2,6,12,6
959,053N,8039,8041,2009,4,2010,2,3,3,0
960,053P,8034,8037,2008,3,2009,2,4,4,0
961,053R,8018,8025,2004,3,2006,2,4,8,4
962,053W,8021,8026,2005,2,2006,3,5,6,1
963,053Y,8030,8042,2007,3,2010,3,3,13,10
964,054A,8059,8068,2014,4,2017,1,7,10,3
965,054B,8026,8029,2006,3,2007,2,2,4,2
966,054G,8014,8041,2003,3,2010,2,12,28,16
967,054K,8050,8066,2012,3,2016,3,14,17,3
968,054M,8074,8074,2018,3,2018,3,1,1,0
969,054N,8039,8041,2009,4,2010,2,3,3,0
970,054P,8034,8041,2008,3,2010,2,3,8,5
971,054R,8018,8021,2004,3,2005,2,4,4,0
972,054W,8021,8037,2005,2,2009,2,9,17,8
973,054Y,8030,8034,2007,3,2008,3,3,5,2
974,055A,8059,8074,2014,4,2018,3,7,16,9
975,055B,8026,8037,2006,3,2009,2,7,12,5
976,055G,8014,8031,2003,3,2007,4,10,18,8
977,055M,8075,8078,2018,4,2019,3,3,4,1
978,055N,8039,8041,2009,4,2010,2,3,3,0
979,055P,8034,8039,2008,3,2009,4,3,6,3
980,055R,8018,8041,2004,3,2010,2,8,24,16
981,055W,8021,8022,2005,2,2005,3,2,2,0
982,055Y,8030,8049,2007,3,2012,2,7,20,13
983,056A,8059,8061,2014,4,2015,2,2,3,1
984,056B,8026,8046,2006,3,2011,3,14,21,7
985,056E,8055,8057,2013,4,2014,2,2,3,1
986,056G,8014,8014,2003,3,2003,3,1,1,0
987,056M,8075,8077,2018,4,2019,2,2,3,1
988,056N,8039,8039,2009,4,2009,4,1,1,0
989,056P,8034,8041,2008,3,2010,2,5,8,3
990,056R,8018,8019,2004,3,2004,4,2,2,0
991,056W,8021,8041,2005,2,2010,2,7,21,14
992,056Y,8030,8039,2007,3,2009,4,5,10,5
993,057B,8026,8033,2006,3,2008,2,4,8,4
994,057G,8014,8016,2003,3,2004,1,2,3,1
995,057M,8075,8075,2018,4,2018,4,1,1,0
996,057N,8039,8039,2009,4,2009,4,1,1,0
997,057P,8034,8041,2008,3,2010,2,7,8,1
998,057R,8018,8023,2004,3,2005,4,2,6,4
999,057W,8021,8023,2005,2,2005,4,3,3,0
1000,057Y,8030,8054,2007,3,2013,3,11,25,14
1001,058B,8026,8033,2006,3,2008,2,4,8,4
1002,058G,8014,8014,2003,3,2003,3,1,1,0
1003,058M,8075,8075,2018,4,2018,4,1,1,0
1004,058P,8034,8036,2008,3,2009,1,3,3,0
1005,058R,8018,8050,2004,3,2012,3,16,33,17
1006,058W,8021,8024,2005,2,2006,1,4,4,0
1007,058Y,8030,8057,2007,3,2014,2,12,28,16
1008,059B,8026,8049,2006,3,2012,2,11,24,13
1009,059G,8014,8018,2003,3,2004,3,3,5,2
1010,059M,8075,8075,2018,4,2018,4,1,1,0
1011,059P,8034,8036,2008,3,2009,1,3,3,0
1012,059R,8018,8031,2004,3,2007,4,10,14,4
1013,059W,8021,8021,2005,2,2005,2,1,1,0
1014,059Y,8030,8037,2007,3,2009,2,3,8,5
1015,060B,8026,8045,2006,3,2011,2,5,20,15
1016,060G,8015,8017,2003,4,2004,2,3,3,0
1017,060M,8075,8078,2018,4,2019,3,2,4,2
1018,060P,8034,8044,2008,3,2011,1,6,11,5
1019,060R,8018,8043,2004,3,2010,4,11,26,15
1020,060W,8021,8022,2005,2,2005,3,2,2,0
1021,060Y,8030,8031,2007,3,2007,4,2,2,0
1022,061B,8026,8037,2006,3,2009,2,5,12,7
1023,061G,8015,8017,2003,4,2004,2,3,3,0
1024,061P,8034,8034,2008,3,2008,3,1,1,0
1025,061R,8018,8019,2004,3,2004,4,2,2,0
1026,061W,8021,8025,2005,2,2006,2,5,5,0
1027,061Y,8030,8046,2007,3,2011,3,11,17,6
1028,062B,8026,8028,2006,3,2007,1,3,3,0
1029,062G,8015,8050,2003,4,2012,3,7,36,29
1030,062P,8035,8038,2008,4,2009,3,3,4,1
1031,062R,8018,8018,2004,3,2004,3,1,1,0
1032,062W,8021,8067,2005,2,2016,4,13,47,34
1033,062Y,8030,8033,2007,3,2008,2,3,4,1
1034,063B,8027,8030,2006,4,2007,3,4,4,0
1035,063G,8015,8017,2003,4,2004,2,3,3,0
1036,063P,8035,8038,2008,4,2009,3,3,4,1
1037,063R,8018,8026,2004,3,2006,3,4,9,5
1038,063W,8021,8057,2005,2,2014,2,17,37,20
1039,063Y,8030,8070,2007,3,2017,3,18,41,23
1040,064B,8027,8027,2006,4,2006,4,1,1,0
1041,064G,8015,8023,2003,4,2005,4,2,9,7
1042,064P,8035,8047,2008,4,2011,4,10,13,3
1043,064R,8018,8019,2004,3,2004,4,2,2,0
1044,064W,8021,8031,2005,2,2007,4,8,11,3
1045,064Y,8031,8037,2007,4,2009,2,4,7,3
1046,065B,8027,8046,2006,4,2011,3,6,20,14
1047,065G,8015,8015,2003,4,2003,4,1,1,0
1048,065P,8035,8037,2008,4,2009,2,2,3,1
1049,065R,8018,8021,2004,3,2005,2,4,4,0
1050,065W,8021,8039,2005,2,2009,4,10,19,9
1051,065Y,8031,8045,2007,4,2011,2,6,15,9
1052,066B,8027,8049,2006,4,2012,2,6,23,17
1053,066G,8015,8015,2003,4,2003,4,1,1,0
1054,066P,8035,8035,2008,4,2008,4,1,1,0
1055,066R,8018,8054,2004,3,2013,3,13,37,24
1056,066W,8021,8030,2005,2,2007,3,8,10,2
1057,066Y,8031,8033,2007,4,2008,2,2,3,1
1058,067B,8027,8027,2006,4,2006,4,1,1,0
1059,067G,8015,8015,2003,4,2003,4,1,1,0
1060,067P,8035,8055,2008,4,2013,4,13,21,8
1061,067R,8018,8033,2004,3,2008,2,4,16,12
1062,067W,8021,8034,2005,2,2008,3,2,14,12
1063,067Y,8031,8049,2007,4,2012,2,4,19,15
1064,068G,8015,8015,2003,4,2003,4,1,1,0
1065,068P,8035,8035,2008,4,2008,4,1,1,0
1066,068R,8018,8022,2004,3,2005,3,4,5,1
1067,068W,8021,8022,2005,2,2005,3,2,2,0
1068,068Y,8031,8031,2007,4,2007,4,1,1,0
1069,069G,8015,8015,2003,4,2003,4,1,1,0
1070,069P,8035,8061,2008,4,2015,2,5,27,22
1071,069R,8018,8054,2004,3,2013,3,18,37,19
1072,069W,8021,8039,2005,2,2009,4,5,19,14
1073,069Y,8031,8031,2007,4,2007,4,1,1,0
1074,070G,8015,8015,2003,4,2003,4,1,1,0
1075,070P,8035,8085,2008,4,2021,2,8,51,43
1076,070R,8018,8021,2004,3,2005,2,3,4,1
1077,070W,8021,8025,2005,2,2006,2,5,5,0
1078,070Y,8031,8040,2007,4,2010,1,8,10,2
1079,071G,8015,8015,2003,4,2003,4,1,1,0
1080,071R,8018,8033,2004,3,2008,2,6,16,10
1081,071W,8021,8024,2005,2,2006,1,3,4,1
1082,072G,8015,8015,2003,4,2003,4,1,1,0
1083,072R,8018,8021,2004,3,2005,2,3,4,1
1084,072W,8021,8030,2005,2,2007,3,6,10,4
1085,073R,8018,8026,2004,3,2006,3,6,9,3
1086,073W,8021,8025,2005,2,2006,2,4,5,1
1087,074R,8018,8019,2004,3,2004,4,2,2,0
1088,074W,8021,8024,2005,2,2006,1,4,4,0
1089,075R,8018,8019,2004,3,2004,4,2,2,0
1090,075W,8021,8024,2005,2,2006,1,4,4,0
1091,076R,8019,8031,2004,4,2007,4,3,13,10
1092,076W,8021,8021,2005,2,2005,2,1,1,0
1093,077R,8019,8019,2004,4,2004,4,1,1,0
1094,077W,8021,8041,2005,2,2010,2,8,21,13
1095,078R,8019,8019,2004,4,2004,4,1,1,0
1096,078W,8021,8022,2005,2,2005,3,2,2,0
1097,079W,8021,8026,2005,2,2006,3,5,6,1
1098,080W,8021,8029,2005,2,2007,2,5,9,4
1099,081W,8021,8046,2005,2,2011,3,6,26,20
1100,082W,8022,8049,2005,3,2012,2,16,28,12
1101,083W,8022,8025,2005,3,2006,2,3,4,1
1102,084W,8022,8025,2005,3,2006,2,2,4,2
1103,085W,8022,8027,2005,3,2006,4,2,6,4
1104,086W,8022,8022,2005,3,2005,3,1,1,0
1105,087W,8022,8022,2005,3,2005,3,1,1,0
1106,088W,8022,8022,2005,3,2005,3,1,1,0
1107,089W,8022,8033,2005,3,2008,2,7,12,5
1108,090W,8022,8022,2005,3,2005,3,1,1,0
1109,091W,8022,8022,2005,3,2005,3,1,1,0
1110,092W,8022,8022,2005,3,2005,3,1,1,0
1111,093W,8022,8030,2005,3,2007,3,3,9,6
1112,094W,8022,8029,2005,3,2007,2,4,8,4
1113,095W,8022,8023,2005,3,2005,4,2,2,0
1114,096W,8022,8037,2005,3,2009,2,7,16,9
1115,097W,8022,8034,2005,3,2008,3,5,13,8
1116,098W,8022,8029,2005,3,2007,2,3,8,5
1117,099W,8022,8029,2005,3,2007,2,3,8,5
1118,100W,8022,8025,2005,3,2006,2,2,4,2
1119,101W,8022,8039,2005,3,2009,4,7,18,11
1120,102W,8023,8025,2005,4,2006,2,2,3,1
1121,103W,8023,8045,2005,4,2011,2,10,23,13
1122,104W,8023,8037,2005,4,2009,2,3,15,12
1123,A001,7956,7956,1989,1,1989,1,1,1,0
1124,A002,7956,7998,1989,1,1999,3,8,43,35
1125,A003,7956,7979,1989,1,1994,4,6,24,18
1126,A004,7956,7963,1989,1,1990,4,6,8,2
1127,A005,7957,7957,1989,2,1989,2,1,1,0
1128,A006,7957,7957,1989,2,1989,2,1,1,0
1129,A007,7957,7976,1989,2,1994,1,5,20,15
1130,A008,7957,7957,1989,2,1989,2,1,1,0
1131,A009,7957,7957,1989,2,1989,2,1,1,0
1132,A010,7957,7957,1989,2,1989,2,1,1,0
1133,A011,7957,7966,1989,2,1991,3,7,10,3
1134,A012,7957,7961,1989,2,1990,2,4,5,1
1135,A013,7957,7963,1989,2,1990,4,7,7,0
1136,A014,7957,7978,1989,2,1994,3,13,22,9
1137,A015,7957,7957,1989,2,1989,2,1,1,0
1138,A016,7957,7957,1989,2,1989,2,1,1,0
1139,A017,7957,7957,1989,2,1989,2,1,1,0
1140,A018,7957,7957,1989,2,1989,2,1,1,0
1141,A019,7957,7957,1989,2,1989,2,1,1,0
1142,A020,7957,7957,1989,2,1989,2,1,1,0
1143,A021,7957,7973,1989,2,1993,2,11,17,6
1144,A022,7957,7957,1989,2,1989,2,1,1,0
1145,A023,7957,7957,1989,2,1989,2,1,1,0
1146,A024,7957,7959,1989,2,1989,4,3,3,0
1147,A025,7957,7957,1989,2,1989,2,1,1,0
1148,A026,7957,7957,1989,2,1989,2,1,1,0
1149,A027,7957,7957,1989,2,1989,2,1,1,0
1150,A028,7957,7957,1989,2,1989,2,1,1,0
1151,A029,7957,7957,1989,2,1989,2,1,1,0
1152,A030,7957,7966,1989,2,1991,3,7,10,3
1153,A031,7957,7957,1989,2,1989,2,1,1,0
1154,A032,7957,7957,1989,2,1989,2,1,1,0
1155,A033,7957,7957,1989,2,1989,2,1,1,0
1156,A034,7957,7958,1989,2,1989,3,2,2,0
1157,A035,7957,7957,1989,2,1989,2,1,1,0
1158,A036,7957,7957,1989,2,1989,2,1,1,0
1159,A037,7957,7987,1989,2,1996,4,14,31,17
1160,A038,7957,7969,1989,2,1992,2,7,13,6
1161,A039,7957,7970,1989,2,1992,3,11,14,3
1162,A040,7957,7957,1989,2,1989,2,1,1,0
1163,A041,7957,7974,1989,2,1993,3,11,18,7
1164,A042,7957,7983,1989,2,1995,4,14,27,13
1165,A043,7957,7957,1989,2,1989,2,1,1,0
1166,A044,7957,7957,1989,2,1989,2,1,1,0
1167,A045,7957,7966,1989,2,1991,3,5,10,5
1168,A046,7957,7966,1989,2,1991,3,7,10,3
1169,A047,7957,7968,1989,2,1992,1,7,12,5
1170,A048,7957,7957,1989,2,1989,2,1,1,0
1171,A049,7957,7987,1989,2,1996,4,10,31,21
1172,A050,7957,7958,1989,2,1989,3,2,2,0
1173,A051,7958,8002,1989,3,2000,3,21,45,24
1174,A052,7958,7966,1989,3,1991,3,5,9,4
1175,A053,7958,7966,1989,3,1991,3,2,9,7
1176,A054,7958,7986,1989,3,1996,3,16,29,13
1177,A055,7958,7969,1989,3,1992,2,7,12,5
1178,A056,7958,7978,1989,3,1994,3,15,21,6
1179,A057,7958,7976,1989,3,1994,1,8,19,11
1180,A058,7958,7978,1989,3,1994,3,10,21,11
1181,A059,7958,7964,1989,3,1991,1,2,7,5
1182,A060,7958,7958,1989,3,1989,3,1,1,0
1183,A061,7958,7960,1989,3,1990,1,3,3,0
1184,A062,7958,7974,1989,3,1993,3,9,17,8
1185,A063,7958,7963,1989,3,1990,4,4,6,2
1186,A064,7958,7979,1989,3,1994,4,10,22,12
1187,A065,7958,7959,1989,3,1989,4,2,2,0
1188,A066,7958,7965,1989,3,1991,2,3,8,5
1189,A067,7958,7960,1989,3,1990,1,3,3,0
1190,A068,7958,7978,1989,3,1994,3,9,21,12
1191,A069,7958,7958,1989,3,1989,3,1,1,0
1192,A070,7958,7958,1989,3,1989,3,1,1,0
1193,A071,7958,7959,1989,3,1989,4,2,2,0
1194,A072,7958,7959,1989,3,1989,4,2,2,0
1195,A073,7958,7973,1989,3,1993,2,11,16,5
1196,A074,7958,7998,1989,3,1999,3,16,41,25
1197,A075,7958,7962,1989,3,1990,3,5,5,0
1198,A076,7958,7966,1989,3,1991,3,6,9,3
1199,A077,7958,7976,1989,3,1994,1,3,19,16
1200,A078,7958,7962,1989,3,1990,3,3,5,2
1201,A079,7958,7982,1989,3,1995,3,8,25,17
1202,A080,7958,7959,1989,3,1989,4,2,2,0
1203,A081,7958,7970,1989,3,1992,3,4,13,9
1204,B001,7921,7933,1980,2,1983,2,6,13,7
1205,B002,7921,7934,1980,2,1983,3,3,14,11
1206,B003,7921,7921,1980,2,1980,2,1,1,0
1207,B004,7921,7921,1980,2,1980,2,1,1,0
1208,B005,7921,7921,1980,2,1980,2,1,1,0
1209,B006,7921,7921,1980,2,1980,2,1,1,0
1210,B007,7921,7929,1980,2,1982,2,5,9,4
1211,B008,7921,7921,1980,2,1980,2,1,1,0
1212,B009,7921,7929,1980,2,1982,2,2,9,7
1213,B010,7921,7921,1980,2,1980,2,1,1,0
1214,B011,7921,7921,1980,2,1980,2,1,1,0
1215,B012,7921,7938,1980,2,1984,3,3,18,15
1216,B013,7921,7928,1980,2,1982,1,3,8,5
1217,B014,7921,7926,1980,2,1981,3,2,6,4
1218,B015,7922,7940,1980,3,1985,1,7,19,12
1219,B016,7922,7925,1980,3,1981,2,2,4,2
1220,B017,7922,7945,1980,3,1986,2,6,24,18
1221,B018,7922,7933,1980,3,1983,2,3,12,9
1222,B019,7922,7922,1980,3,1980,3,1,1,0
1223,B020,7922,7922,1980,3,1980,3,1,1,0
1224,B021,7922,7922,1980,3,1980,3,1,1,0
1225,B022,7922,7929,1980,3,1982,2,4,8,4
1226,B023,7922,7932,1980,3,1983,1,2,11,9
1227,B024,7922,7922,1980,3,1980,3,1,1,0
1228,B025,7922,7926,1980,3,1981,3,2,5,3
1229,B026,7922,7963,1980,3,1990,4,19,42,23
1230,B027,7922,7925,1980,3,1981,2,2,4,2
1231,B028,7922,7922,1980,3,1980,3,1,1,0
1232,B029,7922,7922,1980,3,1980,3,1,1,0
1233,B030,7922,7922,1980,3,1980,3,1,1,0
1234,B031,7922,7937,1980,3,1984,2,5,16,11
1235,B032,7922,7922,1980,3,1980,3,1,1,0
1236,B033,7922,7929,1980,3,1982,2,3,8,5
1237,B034,7922,7974,1980,3,1993,3,13,53,40
1238,B035,7922,7961,1980,3,1990,2,12,40,28
1239,B036,7922,7941,1980,3,1985,2,3,20,17
1240,B037,7922,7923,1980,3,1980,4,2,2,0
1241,B038,7922,7922,1980,3,1980,3,1,1,0
1242,B039,7922,7930,1980,3,1982,3,2,9,7
1243,B040,7922,7934,1980,3,1983,3,4,13,9
1244,B041,7922,7922,1980,3,1980,3,1,1,0
1245,B042,7922,7922,1980,3,1980,3,1,1,0
1246,B043,7922,7934,1980,3,1983,3,2,13,11
1247,B044,7922,7922,1980,3,1980,3,1,1,0
1248,B045,7922,7934,1980,3,1983,3,4,13,9
1249,B046,7922,7922,1980,3,1980,3,1,1,0
1250,C001,7964,7975,1991,1,1993,4,2,12,10
1251,C002,7964,7964,1991,1,1991,1,1,1,0
1252,C003,7964,7992,1991,1,1998,1,3,29,26
1253,C004,7964,7964,1991,1,1991,1,1,1,0
1254,C005,7965,7990,1991,2,1997,3,16,26,10
1255,C006,7965,7979,1991,2,1994,4,7,15,8
1256,C007,7965,7977,1991,2,1994,2,8,13,5
1257,C008,7965,7966,1991,2,1991,3,2,2,0
1258,C009,7965,7974,1991,2,1993,3,7,10,3
1259,C010,7965,7979,1991,2,1994,4,9,15,6
1260,C011,7965,7966,1991,2,1991,3,2,2,0
1261,C012,7965,7998,1991,2,1999,3,13,34,21
1262,C013,7965,7988,1991,2,1997,1,8,24,16
1263,C014,7965,7979,1991,2,1994,4,8,15,7
1264,C015,7965,7971,1991,2,1992,4,6,7,1
1265,C016,7965,7997,1991,2,1999,2,10,33,23
1266,C017,7965,7979,1991,2,1994,4,12,15,3
1267,C018,7965,7965,1991,2,1991,2,1,1,0
1268,C019,7965,7966,1991,2,1991,3,2,2,0
1269,C020,7965,7965,1991,2,1991,2,1,1,0
1270,C021,7965,7966,1991,2,1991,3,2,2,0
1271,C022,7965,7967,1991,2,1991,4,3,3,0
1272,C023,7965,7998,1991,2,1999,3,10,34,24
1273,C024,7965,7997,1991,2,1999,2,9,33,24
1274,C025,7965,7982,1991,2,1995,3,11,18,7
1275,C026,7965,7969,1991,2,1992,2,5,5,0
1276,C027,7965,7971,1991,2,1992,4,5,7,2
1277,C028,7965,7966,1991,2,1991,3,2,2,0
1278,C029,7965,7970,1991,2,1992,3,4,6,2
1279,C030,7965,7971,1991,2,1992,4,4,7,3
1280,C031,7965,7966,1991,2,1991,3,2,2,0
1281,C032,7965,7970,1991,2,1992,3,3,6,3
1282,C033,7965,7968,1991,2,1992,1,4,4,0
1283,C034,7965,7974,1991,2,1993,3,9,10,1
1284,C035,7965,7967,1991,2,1991,4,3,3,0
1285,C036,7965,7974,1991,2,1993,3,4,10,6
1286,C037,7965,7966,1991,2,1991,3,2,2,0
1287,C038,7965,7982,1991,2,1995,3,8,18,10
1288,C039,7965,7982,1991,2,1995,3,10,18,8
1289,C040,7965,7998,1991,2,1999,3,11,34,23
1290,C041,7965,7971,1991,2,1992,4,5,7,2
1291,C042,7965,7965,1991,2,1991,2,1,1,0
1292,C043,7965,7971,1991,2,1992,4,4,7,3
1293,C044,7965,7986,1991,2,1996,3,15,22,7
1294,C045,7965,7982,1991,2,1995,3,9,18,9
1295,C046,7965,7996,1991,2,1999,1,11,32,21
1296,C047,7965,7982,1991,2,1995,3,13,18,5
1297,C048,7965,7966,1991,2,1991,3,2,2,0
1298,C049,7965,7984,1991,2,1996,1,11,20,9
1299,C050,7965,7967,1991,2,1991,4,2,3,1
1300,C051,7965,7979,1991,2,1994,4,11,15,4
1301,C052,7965,7975,1991,2,1993,4,6,11,5
1302,C053,7965,7993,1991,2,1998,2,19,29,10
1303,C054,7965,7977,1991,2,1994,2,10,13,3
1304,C055,7965,7965,1991,2,1991,2,1,1,0
1305,C056,7965,7975,1991,2,1993,4,7,11,4
1306,C057,7965,7990,1991,2,1997,3,11,26,15
1307,C058,7965,7974,1991,2,1993,3,7,10,3
1308,C059,7965,7965,1991,2,1991,2,1,1,0
1309,C060,7965,7983,1991,2,1995,4,11,19,8
1310,C061,7965,7975,1991,2,1993,4,8,11,3
1311,C062,7965,8002,1991,2,2000,3,22,38,16
1312,C063,7965,7965,1991,2,1991,2,1,1,0
1313,C064,7965,7998,1991,2,1999,3,18,34,16
1314,C065,7965,8010,1991,2,2002,3,22,46,24
1315,C066,7965,7986,1991,2,1996,3,17,22,5
1316,C067,7965,7982,1991,2,1995,3,10,18,8
1317,C068,7965,7974,1991,2,1993,3,10,10,0
1318,C069,7965,8006,1991,2,2001,3,19,42,23
1319,C070,7965,7971,1991,2,1992,4,5,7,2
1320,C071,7965,7967,1991,2,1991,4,3,3,0
1321,C072,7965,7979,1991,2,1994,4,9,15,6
1322,C073,7966,7973,1991,3,1993,2,5,8,3
1323,C074,7966,7982,1991,3,1995,3,5,17,12
1324,C075,7966,7970,1991,3,1992,3,5,5,0
1325,C076,7966,7966,1991,3,1991,3,1,1,0
1326,C077,7966,7966,1991,3,1991,3,1,1,0
1327,C078,7966,7986,1991,3,1996,3,14,21,7
1328,C079,7966,7966,1991,3,1991,3,1,1,0
1329,C080,7966,7978,1991,3,1994,3,9,13,4
1330,C081,7966,7976,1991,3,1994,1,7,11,4
1331,C082,7966,7966,1991,3,1991,3,1,1,0
1332,C083,7966,7991,1991,3,1997,4,13,26,13
1333,C084,7966,7966,1991,3,1991,3,1,1,0
1334,C085,7966,7966,1991,3,1991,3,1,1,0
1335,C086,7966,7986,1991,3,1996,3,3,21,18
1336,C087,7966,7966,1991,3,1991,3,1,1,0
1337,C088,7966,7966,1991,3,1991,3,1,1,0
1338,C089,7966,7978,1991,3,1994,3,6,13,7
1339,C090,7966,7970,1991,3,1992,3,3,5,2
1340,C091,7966,7966,1991,3,1991,3,1,1,0
1341,C092,7966,8006,1991,3,2001,3,11,41,30
1342,C093,7966,7966,1991,3,1991,3,1,1,0
1343,C094,7966,7966,1991,3,1991,3,1,1,0
1344,C095,7966,7966,1991,3,1991,3,1,1,0
1345,C096,7966,7966,1991,3,1991,3,1,1,0
1346,C097,7966,7966,1991,3,1991,3,1,1,0
1347,C098,7966,7970,1991,3,1992,3,4,5,1
1348,C099,7966,7966,1991,3,1991,3,1,1,0
1349,C100,7966,7975,1991,3,1993,4,7,10,3
1350,C101,7966,7966,1991,3,1991,3,1,1,0
1351,C102,7966,7978,1991,3,1994,3,8,13,5
1352,C103,7966,7966,1991,3,1991,3,1,1,0
1353,C104,7966,7966,1991,3,1991,3,1,1,0
1354,C105,7966,7966,1991,3,1991,3,1,1,0
1355,C106,7966,7969,1991,3,1992,2,3,4,1
1356,C107,7966,7966,1991,3,1991,3,1,1,0
1357,C108,7966,7966,1991,3,1991,3,1,1,0
1358,C109,7966,7966,1991,3,1991,3,1,1,0
1359,C110,7966,7974,1991,3,1993,3,6,9,3
1360,C111,7966,7966,1991,3,1991,3,1,1,0
1361,C112,7966,7966,1991,3,1991,3,1,1,0
1362,C113,7966,7966,1991,3,1991,3,1,1,0
1363,C114,7966,7982,1991,3,1995,3,7,17,10
1364,C115,7966,7982,1991,3,1995,3,5,17,12
1365,C116,7966,7966,1991,3,1991,3,1,1,0
1366,C117,7966,7966,1991,3,1991,3,1,1,0
1367,C118,7966,7966,1991,3,1991,3,1,1,0
1368,C119,7966,7966,1991,3,1991,3,1,1,0
1369,C120,7966,7966,1991,3,1991,3,1,1,0
1370,C121,7966,7966,1991,3,1991,3,1,1,0
1371,C122,7966,7975,1991,3,1993,4,5,10,5
1372,C123,7966,8010,1991,3,2002,3,16,45,29
1373,C124,7966,7970,1991,3,1992,3,2,5,3
1374,C125,7966,7966,1991,3,1991,3,1,1,0
1375,C126,7966,7970,1991,3,1992,3,3,5,2
1376,C127,7967,7983,1991,4,1995,4,7,17,10
1377,C128,7967,7996,1991,4,1999,1,7,30,23
1378,C129,7967,7978,1991,4,1994,3,7,12,5
1379,C130,7967,7974,1991,4,1993,3,3,8,5
1380,C131,7967,7978,1991,4,1994,3,5,12,7
1381,C132,7967,7968,1991,4,1992,1,2,2,0
1382,C133,7967,7979,1991,4,1994,4,8,13,5
1383,C134,7967,7967,1991,4,1991,4,1,1,0
1384,C135,7967,7977,1991,4,1994,2,6,11,5
1385,C136,7967,7967,1991,4,1991,4,1,1,0
1386,C137,7967,7967,1991,4,1991,4,1,1,0
1387,C138,7967,7989,1991,4,1997,2,9,23,14
1388,CP001,7918,7918,1979,3,1979,3,1,1,0
1389,D001,7988,7988,1997,1,1997,1,1,1,0
1390,D002,7988,7988,1997,1,1997,1,1,1,0
1391,D003,7988,8006,1997,1,2001,3,3,19,16
1392,D004,7989,7996,1997,2,1999,1,7,8,1
1393,D005,7989,8006,1997,2,2001,3,10,18,8
1394,D006,7989,7994,1997,2,1998,3,4,6,2
1395,D007,7989,7998,1997,2,1999,3,7,10,3
1396,D008,7989,7998,1997,2,1999,3,4,10,6
1397,D009,7989,7998,1997,2,1999,3,8,10,2
1398,D010,7989,8007,1997,2,2001,4,10,19,9
1399,D011,7989,7989,1997,2,1997,2,1,1,0
1400,D012,7989,7989,1997,2,1997,2,1,1,0
1401,D013,7989,7990,1997,2,1997,3,2,2,0
1402,D014,7989,7992,1997,2,1998,1,4,4,0
1403,D015,7989,7992,1997,2,1998,1,4,4,0
1404,D016,7989,7990,1997,2,1997,3,2,2,0
1405,D017,7989,8004,1997,2,2001,1,8,16,8
1406,D018,7989,7989,1997,2,1997,2,1,1,0
1407,D019,7989,8037,1997,2,2009,2,23,49,26
1408,D020,7989,8035,1997,2,2008,4,17,47,30
1409,D021,7989,7989,1997,2,1997,2,1,1,0
1410,D022,7989,7989,1997,2,1997,2,1,1,0
1411,D023,7989,7989,1997,2,1997,2,1,1,0
1412,D024,7989,8005,1997,2,2001,2,9,17,8
1413,D025,7989,7992,1997,2,1998,1,3,4,1
1414,D026,7989,8002,1997,2,2000,3,9,14,5
1415,D027,7989,8011,1997,2,2002,4,13,23,10
1416,D028,7989,8002,1997,2,2000,3,11,14,3
1417,D029,7989,7989,1997,2,1997,2,1,1,0
1418,D030,7989,8000,1997,2,2000,1,6,12,6
1419,D031,7989,8002,1997,2,2000,3,2,14,12
1420,D032,7989,7989,1997,2,1997,2,1,1,0
1421,D033,7989,8002,1997,2,2000,3,10,14,4
1422,D034,7990,7995,1997,3,1998,4,5,6,1
1423,D035,7990,8010,1997,3,2002,3,15,21,6
1424,D036,7990,8010,1997,3,2002,3,14,21,7
1425,D037,7990,7992,1997,3,1998,1,3,3,0
1426,D038,7990,8003,1997,3,2000,4,8,14,6
1427,D039,7990,7998,1997,3,1999,3,6,9,3
1428,D040,7990,7994,1997,3,1998,3,4,5,1
1429,D041,7990,8002,1997,3,2000,3,8,13,5
1430,D042,7990,7990,1997,3,1997,3,1,1,0
1431,D043,7990,7990,1997,3,1997,3,1,1,0
1432,D044,7990,7996,1997,3,1999,1,5,7,2
1433,D045,7990,7991,1997,3,1997,4,2,2,0
1434,D046,7990,7994,1997,3,1998,3,5,5,0
1435,D047,7990,7990,1997,3,1997,3,1,1,0
1436,D048,7990,7990,1997,3,1997,3,1,1,0
1437,D049,7990,7990,1997,3,1997,3,1,1,0
1438,D050,7990,7993,1997,3,1998,2,4,4,0
1439,D051,7990,8001,1997,3,2000,2,8,12,4
1440,D052,7990,8002,1997,3,2000,3,10,13,3
1441,D053,7990,7990,1997,3,1997,3,1,1,0
1442,D054,7990,7990,1997,3,1997,3,1,1,0
1443,D055,7990,7990,1997,3,1997,3,1,1,0
1444,D056,7990,7990,1997,3,1997,3,1,1,0
1445,D057,7990,7990,1997,3,1997,3,1,1,0
1446,D058,7990,7998,1997,3,1999,3,4,9,5
1447,D059,7990,8037,1997,3,2009,2,14,48,34
1448,D060,7990,8010,1997,3,2002,3,9,21,12
1449,D061,7990,8005,1997,3,2001,2,10,16,6
1450,D062,7990,7992,1997,3,1998,1,3,3,0
1451,D063,7990,7998,1997,3,1999,3,7,9,2
1452,D064,7990,8002,1997,3,2000,3,9,13,4
1453,D065,7990,7994,1997,3,1998,3,5,5,0
1454,D066,7990,7998,1997,3,1999,3,6,9,3
1455,D067,7990,7995,1997,3,1998,4,4,6,2
1456,D068,7990,7998,1997,3,1999,3,5,9,4
1457,D069,7990,7993,1997,3,1998,2,3,4,1
1458,D070,7990,7996,1997,3,1999,1,5,7,2
1459,D071,7990,8017,1997,3,2004,2,7,28,21
1460,D072,7990,7994,1997,3,1998,3,4,5,1
1461,D073,7990,8019,1997,3,2004,4,25,30,5
1462,D074,7991,7998,1997,4,1999,3,4,8,4
1463,D075,7991,7991,1997,4,1997,4,1,1,0
1464,D076,7991,7992,1997,4,1998,1,2,2,0
1465,D077,7991,8037,1997,4,2009,2,9,47,38
1466,D078,7990,7995,1997,3,1998,4,5,6,1
1467,D079,7991,7998,1997,4,1999,3,3,8,5
1468,D080,7991,7999,1997,4,1999,4,6,9,3
1469,D081,7991,8001,1997,4,2000,2,4,11,7
1470,D082,7991,7997,1997,4,1999,2,3,7,4
1471,D083,7991,7998,1997,4,1999,3,3,8,5
1472,D084,7991,8006,1997,4,2001,3,8,16,8
1473,D085,7991,7991,1997,4,1997,4,1,1,0
1474,E001,7952,7952,1988,1,1988,1,1,1,0
1475,E002,7952,7955,1988,1,1988,4,2,4,2
1476,E003,7952,7952,1988,1,1988,1,1,1,0
1477,E004,7952,7986,1988,1,1996,3,9,35,26
1478,E005,7952,7959,1988,1,1989,4,6,8,2
1479,E006,7952,7955,1988,1,1988,4,4,4,0
1480,E007,7952,7953,1988,1,1988,2,2,2,0
1481,E008,7952,7973,1988,1,1993,2,7,22,15
1482,E009,7952,7952,1988,1,1988,1,1,1,0
1483,E010,7952,7956,1988,1,1989,1,2,5,3
1484,E011,7952,7959,1988,1,1989,4,3,8,5
1485,E012,7953,7956,1988,2,1989,1,3,4,1
1486,E013,7953,7953,1988,2,1988,2,1,1,0
1487,E014,7953,7989,1988,2,1997,2,22,37,15
1488,E015,7953,7956,1988,2,1989,1,4,4,0
1489,E016,7953,7977,1988,2,1994,2,14,25,11
1490,E017,7953,7953,1988,2,1988,2,1,1,0
1491,E018,7953,7953,1988,2,1988,2,1,1,0
1492,E019,7953,7953,1988,2,1988,2,1,1,0
1493,E020,7953,7978,1988,2,1994,3,8,26,18
1494,E021,7953,7953,1988,2,1988,2,1,1,0
1495,E022,7953,7966,1988,2,1991,3,12,14,2
1496,E023,7953,7986,1988,2,1996,3,10,34,24
1497,E024,7953,7960,1988,2,1990,1,7,8,1
1498,E025,7953,7954,1988,2,1988,3,2,2,0
1499,E026,7953,7954,1988,2,1988,3,2,2,0
1500,E027,7953,7977,1988,2,1994,2,15,25,10
1501,E028,7953,7953,1988,2,1988,2,1,1,0
1502,E029,7953,7953,1988,2,1988,2,1,1,0
1503,E030,7953,7979,1988,2,1994,4,12,27,15
1504,E031,7953,7953,1988,2,1988,2,1,1,0
1505,E032,7953,7982,1988,2,1995,3,22,30,8
1506,E033,7953,7963,1988,2,1990,4,10,11,1
1507,E034,7953,7986,1988,2,1996,3,22,34,12
1508,E035,7953,7957,1988,2,1989,2,5,5,0
1509,E036,7953,7966,1988,2,1991,3,12,14,2
1510,E037,7953,7958,1988,2,1989,3,6,6,0
1511,E038,7953,7964,1988,2,1991,1,10,12,2
1512,E039,7953,7967,1988,2,1991,4,13,15,2
1513,E040,7953,7953,1988,2,1988,2,1,1,0
1514,E041,7953,7966,1988,2,1991,3,5,14,9
1515,E042,7953,7973,1988,2,1993,2,6,21,15
1516,E043,7953,7954,1988,2,1988,3,2,2,0
1517,E044,7953,7969,1988,2,1992,2,8,17,9
1518,E045,7953,7959,1988,2,1989,4,6,7,1
1519,E046,7953,7958,1988,2,1989,3,2,6,4
1520,E047,7953,7954,1988,2,1988,3,2,2,0
1521,E048,7953,7956,1988,2,1989,1,4,4,0
1522,E049,7953,7953,1988,2,1988,2,1,1,0
1523,E050,7953,7960,1988,2,1990,1,5,8,3
1524,E051,7953,7962,1988,2,1990,3,7,10,3
1525,E052,7953,7970,1988,2,1992,3,3,18,15
1526,E053,7953,7978,1988,2,1994,3,17,26,9
1527,E054,7953,7961,1988,2,1990,2,6,9,3
1528,E055,7953,7963,1988,2,1990,4,7,11,4
1530,E057,7953,7956,1988,2,1989,1,4,4,0
1531,E058,7953,7986,1988,2,1996,3,11,34,23
1532,E059,7954,7978,1988,3,1994,3,9,25,16
1533,E060,7954,7979,1988,3,1994,4,6,26,20
1534,E061,7954,7974,1988,3,1993,3,8,21,13
1535,E062,7954,7958,1988,3,1989,3,2,5,3
1536,E063,7954,7974,1988,3,1993,3,8,21,13
1537,E064,7954,7970,1988,3,1992,3,5,17,12
1538,E065,7954,7977,1988,3,1994,2,6,24,18
1539,E066,7954,7962,1988,3,1990,3,5,9,4
1540,E067,7954,7974,1988,3,1993,3,11,21,10
1541,E068,7954,7986,1988,3,1996,3,16,33,17
1542,E069,7954,7958,1988,3,1989,3,3,5,2
1543,E070,7954,7959,1988,3,1989,4,3,6,3
1544,E071,7954,7970,1988,3,1992,3,10,17,7
1545,E072,7954,7979,1988,3,1994,4,11,26,15
1546,E073,7954,7982,1988,3,1995,3,15,29,14
1547,E074,7954,7965,1988,3,1991,2,10,12,2
1548,E075,7954,7955,1988,3,1988,4,2,2,0
1549,E076,7954,7973,1988,3,1993,2,12,20,8
1550,E077,7954,7969,1988,3,1992,2,10,16,6
1551,E078,7954,7956,1988,3,1989,1,3,3,0
1552,E079,7954,7965,1988,3,1991,2,11,12,1
1553,E080,7954,7974,1988,3,1993,3,12,21,9
1554,E081,7954,7957,1988,3,1989,2,4,4,0
1555,E082,7954,7961,1988,3,1990,2,5,8,3
1556,E083,7954,7998,1988,3,1999,3,16,45,29
1557,E084,7954,7955,1988,3,1988,4,2,2,0
1558,E085,7954,7957,1988,3,1989,2,4,4,0
1559,E086,7954,7973,1988,3,1993,2,11,20,9
1560,E087,7954,7979,1988,3,1994,4,18,26,8
1561,E088,7954,7976,1988,3,1994,1,19,23,4
1562,E089,7954,7972,1988,3,1993,1,5,19,14
1563,E090,7954,7954,1988,3,1988,3,1,1,0
1564,E091,7954,7955,1988,3,1988,4,2,2,0
1565,E092,7954,7993,1988,3,1998,2,8,40,32
1566,E093,7954,7960,1988,3,1990,1,4,7,3
1567,E094,7955,7967,1988,4,1991,4,7,13,6
1568,E095,7955,7955,1988,4,1988,4,1,1,0
1569,E096,7955,7956,1988,4,1989,1,2,2,0
1570,E097,7955,7969,1988,4,1992,2,11,15,4
1571,E098,7955,7966,1988,4,1991,3,7,12,5
1572,E099,7955,7955,1988,4,1988,4,1,1,0
1573,E100,7955,7961,1988,4,1990,2,6,7,1
1574,E101,7955,7961,1988,4,1990,2,4,7,3
1575,E102,7955,7956,1988,4,1989,1,2,2,0
1576,E103,7955,7979,1988,4,1994,4,10,25,15
1577,E104,7955,7958,1988,4,1989,3,3,4,1
1578,E105,7955,7955,1988,4,1988,4,1,1,0
1579,E106,7955,7974,1988,4,1993,3,6,20,14
1580,F001,7941,7955,1985,2,1988,4,14,15,1
1581,F002,7941,7950,1985,2,1987,3,8,10,2
1582,F003,7941,7947,1985,2,1986,4,6,7,1
1583,F004,7941,7953,1985,2,1988,2,8,13,5
1584,F005,7941,7972,1985,2,1993,1,6,32,26
1585,F006,7941,7942,1985,2,1985,3,2,2,0
1586,F007,7941,7975,1985,2,1993,4,13,35,22
1587,F008,7941,7941,1985,2,1985,2,1,1,0
1588,F009,7941,7955,1985,2,1988,4,13,15,2
1589,F010,7941,7943,1985,2,1985,4,3,3,0
1590,F011,7941,7950,1985,2,1987,3,5,10,5
1591,F012,7941,7946,1985,2,1986,3,6,6,0
1592,F013,7941,7981,1985,2,1995,2,17,41,24
1593,F014,7941,7946,1985,2,1986,3,5,6,1
1594,F015,7941,7944,1985,2,1986,1,4,4,0
1595,F016,7941,7942,1985,2,1985,3,2,2,0
1596,F017,7941,7944,1985,2,1986,1,3,4,1
1597,F018,7941,7941,1985,2,1985,2,1,1,0
1598,F019,7941,7946,1985,2,1986,3,4,6,2
1599,F020,7941,7955,1985,2,1988,4,13,15,2
1600,F021,7941,7941,1985,2,1985,2,1,1,0
1601,F022,7941,7952,1985,2,1988,1,5,12,7
1602,F023,7941,7975,1985,2,1993,4,10,35,25
1603,F024,7941,7945,1985,2,1986,2,4,5,1
1604,F025,7941,7949,1985,2,1987,2,6,9,3
1605,F026,7941,7944,1985,2,1986,1,4,4,0
1606,F027,7941,7954,1985,2,1988,3,12,14,2
1607,F028,7941,7949,1985,2,1987,2,5,9,4
1608,F029,7941,7944,1985,2,1986,1,4,4,0
1609,F030,7941,7952,1985,2,1988,1,7,12,5
1610,F031,7941,7941,1985,2,1985,2,1,1,0
1611,F032,7941,7946,1985,2,1986,3,4,6,2
1612,F033,7941,7961,1985,2,1990,2,9,21,12
1613,F034,7941,7945,1985,2,1986,2,4,5,1
1614,F035,7941,7941,1985,2,1985,2,1,1,0
1615,F036,7941,7946,1985,2,1986,3,6,6,0
1616,F037,7941,7946,1985,2,1986,3,6,6,0
1617,F038,7941,7962,1985,2,1990,3,8,22,14
1618,F039,7941,7941,1985,2,1985,2,1,1,0
1619,F040,7941,7944,1985,2,1986,1,3,4,1
1620,F041,7941,7952,1985,2,1988,1,6,12,6
1621,F042,7941,7958,1985,2,1989,3,10,18,8
1622,F043,7942,7980,1985,3,1995,1,16,39,23
1623,F044,7942,7945,1985,3,1986,2,3,4,1
1624,F045,7942,7974,1985,3,1993,3,11,33,22
1625,F046,7942,7982,1985,3,1995,3,6,41,35
1626,F047,7942,7963,1985,3,1990,4,2,22,20
1627,F048,7942,7974,1985,3,1993,3,14,33,19
1628,F049,7942,7960,1985,3,1990,1,12,19,7
1629,F050,7942,7974,1985,3,1993,3,17,33,16
1630,F051,7942,7971,1985,3,1992,4,24,30,6
1631,F052,7942,7982,1985,3,1995,3,10,41,31
1632,F053,7942,7950,1985,3,1987,3,4,9,5
1633,F054,7942,7942,1985,3,1985,3,1,1,0
1634,F055,7942,7946,1985,3,1986,3,5,5,0
1635,F056,7942,7979,1985,3,1994,4,24,38,14
1636,F057,7942,7954,1985,3,1988,3,5,13,8
1637,F058,7942,7955,1985,3,1988,4,13,14,1
1638,F059,7942,7950,1985,3,1987,3,7,9,2
1639,F060,7942,7955,1985,3,1988,4,8,14,6
1640,F061,7942,7947,1985,3,1986,4,4,6,2
1641,F062,7942,7945,1985,3,1986,2,4,4,0
1642,F063,7942,7973,1985,3,1993,2,25,32,7
1643,F064,7942,7944,1985,3,1986,1,3,3,0
1644,F065,7942,7944,1985,3,1986,1,3,3,0
1645,F066,7942,7944,1985,3,1986,1,3,3,0
1646,F067,7942,7952,1985,3,1988,1,2,11,9
1647,F068,7942,7946,1985,3,1986,3,2,5,3
1648,F069,7942,7958,1985,3,1989,3,4,17,13
1649,F070,7942,7942,1985,3,1985,3,1,1,0
1650,F071,7942,7942,1985,3,1985,3,1,1,0
1651,F072,7942,7952,1985,3,1988,1,3,11,8
1652,F073,7942,7963,1985,3,1990,4,3,22,19
1653,F074,7943,7956,1985,4,1989,1,4,14,10
1654,F075,7943,7978,1985,4,1994,3,6,36,30
1655,F076,7943,7946,1985,4,1986,3,2,4,2
1656,F077,7943,7978,1985,4,1994,3,13,36,23
1657,F078,7943,7949,1985,4,1987,2,3,7,4
1658,F079,7943,7970,1985,4,1992,3,14,28,14
1659,F093,7938,7938,1984,3,1984,3,1,1,0
1660,F094,7938,7957,1984,3,1989,2,12,20,8
1661,F095,7938,7953,1984,3,1988,2,3,16,13
1662,F096,7938,7938,1984,3,1984,3,1,1,0
1663,F097,7938,7938,1984,3,1984,3,1,1,0
1664,F098,7938,7971,1984,3,1992,4,11,34,23
1665,G001,7907,7907,1976,4,1976,4,1,1,0
1666,G002,7907,7907,1976,4,1976,4,1,1,0
1667,G003,7910,7910,1977,3,1977,3,1,1,0
1668,G004,7908,7910,1977,1,1977,3,2,3,1
1669,G005,7908,7908,1977,1,1977,1,1,1,0
1670,G006,7908,7908,1977,1,1977,1,1,1,0
1671,G007,7909,7909,1977,2,1977,2,1,1,0
1672,G008,7909,7909,1977,2,1977,2,1,1,0
1673,G009,7909,7927,1977,2,1981,4,2,19,17
1674,G010,7909,7910,1977,2,1977,3,2,2,0
1675,G011,7909,7927,1977,2,1981,4,4,19,15
1676,G012,7909,7909,1977,2,1977,2,1,1,0
1677,G013,7909,7926,1977,2,1981,3,2,18,16
1678,G014,7909,7909,1977,2,1977,2,1,1,0
1679,G015,7909,7909,1977,2,1977,2,1,1,0
1680,G017,7909,7955,1977,2,1988,4,15,47,32
1681,G018,7909,7909,1977,2,1977,2,1,1,0
1682,G019,7909,7934,1977,2,1983,3,10,26,16
1683,G020,7909,7935,1977,2,1983,4,13,27,14
1684,G021,7909,7909,1977,2,1977,2,1,1,0
1685,G024,7909,7917,1977,2,1979,2,2,9,7
1686,G025,7909,7918,1977,2,1979,3,5,10,5
1687,G026,7909,7909,1977,2,1977,2,1,1,0
1688,G027,7909,7909,1977,2,1977,2,1,1,0
1689,G028,7909,7914,1977,2,1978,3,4,6,2
1690,G029,7909,7913,1977,2,1978,2,2,5,3
1691,G030,7909,7917,1977,2,1979,2,4,9,5
1692,G031,7909,7930,1977,2,1982,3,5,22,17
1693,G032,7909,7909,1977,2,1977,2,1,1,0
1694,G033,7910,7910,1977,3,1977,3,1,1,0
1695,G034,7909,7913,1977,2,1978,2,2,5,3
1696,G035,7909,7913,1977,2,1978,2,3,5,2
1697,G036,7909,7909,1977,2,1977,2,1,1,0
1698,G037,7910,7910,1977,3,1977,3,1,1,0
1699,G038,7910,7910,1977,3,1977,3,1,1,0
1700,G039,7910,7910,1977,3,1977,3,1,1,0
1701,G042,7910,7910,1977,3,1977,3,1,1,0
1702,G043,7910,7910,1977,3,1977,3,1,1,0
1703,G044,7907,7925,1976,4,1981,2,6,19,13
1704,G046,7910,7926,1977,3,1981,3,2,17,15
1705,G048,7910,7915,1977,3,1978,4,2,6,4
1706,G049,7911,7911,1977,4,1977,4,1,1,0
1707,G050,7912,7913,1978,1,1978,2,2,2,0
1708,G071,7943,7943,1985,4,1985,4,1,1,0
1709,G072,7943,7943,1985,4,1985,4,1,1,0
1710,G073,7943,7985,1985,4,1996,2,8,43,35
1711,GX001,7904,7904,1976,1,1976,1,1,1,0
1712,GX002,7904,7909,1976,1,1977,2,2,6,4
1713,GX003,7904,7904,1976,1,1976,1,1,1,0
1714,GX004,7904,7904,1976,1,1976,1,1,1,0
1715,GX005,7905,7905,1976,2,1976,2,1,1,0
1716,GX006,7905,7905,1976,2,1976,2,1,1,0
1717,GX007,7905,7905,1976,2,1976,2,1,1,0
1718,GX009,7906,7906,1976,3,1976,3,1,1,0
1719,H001,7918,7927,1979,3,1981,4,4,10,6
1720,H002,7980,7980,1995,1,1995,1,1,1,0
1721,H003,7980,8006,1995,1,2001,3,2,27,25
1722,H004,7980,7980,1995,1,1995,1,1,1,0
1723,H005,7980,7983,1995,1,1995,4,3,4,1
1724,H006,7980,7990,1995,1,1997,3,5,11,6
1725,H007,7981,7982,1995,2,1995,3,2,2,0
1726,H008,7981,7998,1995,2,1999,3,12,18,6
1727,H009,7981,7981,1995,2,1995,2,1,1,0
1728,H010,7981,7981,1995,2,1995,2,1,1,0
1729,H011,7981,7981,1995,2,1995,2,1,1,0
1730,H012,7981,7981,1995,2,1995,2,1,1,0
1731,H013,7981,7981,1995,2,1995,2,1,1,0
1732,H014,7981,8010,1995,2,2002,3,10,30,20
1733,H015,7981,8009,1995,2,2002,2,11,29,18
1734,H016,7981,7990,1995,2,1997,3,8,10,2
1735,H017,7981,7981,1995,2,1995,2,1,1,0
1736,H018,7981,7981,1995,2,1995,2,1,1,0
1737,H019,7981,7986,1995,2,1996,3,3,6,3
1738,H020,7981,7990,1995,2,1997,3,6,10,4
1739,H021,7981,7981,1995,2,1995,2,1,1,0
1740,H022,7981,7981,1995,2,1995,2,1,1,0
1742,H024,7981,7982,1995,2,1995,3,2,2,0
1743,H025,7981,7981,1995,2,1995,2,1,1,0
1744,H026,7981,7981,1995,2,1995,2,1,1,0
1745,H027,7981,8031,1995,2,2007,4,30,51,21
1746,H028,7981,8000,1995,2,2000,1,10,20,10
1747,H029,7981,7999,1995,2,1999,4,10,19,9
1748,H030,7981,7982,1995,2,1995,3,2,2,0
1749,H031,7981,8001,1995,2,2000,2,9,21,12
1750,H032,7981,7995,1995,2,1998,4,7,15,8
1751,H033,7981,7989,1995,2,1997,2,7,9,2
1752,H034,7981,7981,1995,2,1995,2,1,1,0
1753,H035,7981,7981,1995,2,1995,2,1,1,0
1754,H036,7981,7981,1995,2,1995,2,1,1,0
1755,H037,7981,7982,1995,2,1995,3,2,2,0
1756,H038,7981,7984,1995,2,1996,1,3,4,1
1757,H039,7981,7984,1995,2,1996,1,3,4,1
1758,H040,7981,7990,1995,2,1997,3,4,10,6
1759,H041,7982,7988,1995,3,1997,1,5,7,2
1760,H042,7982,7983,1995,3,1995,4,2,2,0
1761,H043,7982,8022,1995,3,2005,3,31,41,10
1762,H044,7982,8003,1995,3,2000,4,14,22,8
1763,H045,7982,7982,1995,3,1995,3,1,1,0
1764,H046,7982,8006,1995,3,2001,3,9,25,16
1765,H047,7982,7994,1995,3,1998,3,6,13,7
1766,H048,7982,7984,1995,3,1996,1,3,3,0
1767,H049,7982,7982,1995,3,1995,3,1,1,0
1768,H050,7982,7984,1995,3,1996,1,3,3,0
1769,H051,7982,8013,1995,3,2003,2,12,32,20
1770,H052,7982,7982,1995,3,1995,3,1,1,0
1771,H053,7982,7999,1995,3,1999,4,10,18,8
1772,H054,7982,8010,1995,3,2002,3,10,29,19
1773,H055,7982,7991,1995,3,1997,4,6,10,4
1774,H056,7982,7983,1995,3,1995,4,2,2,0
1775,H057,7982,8021,1995,3,2005,2,8,40,32
1776,H058,7982,7984,1995,3,1996,1,3,3,0
1777,H059,7982,7984,1995,3,1996,1,2,3,1
1778,H060,7982,7987,1995,3,1996,4,4,6,2
1779,H061,7982,8027,1995,3,2006,4,15,46,31
1780,H062,7982,7990,1995,3,1997,3,6,9,3
1781,H063,7982,8020,1995,3,2005,1,16,39,23
1782,H064,7982,7986,1995,3,1996,3,3,5,2
1783,H065,7982,7984,1995,3,1996,1,2,3,1
1784,H066,7982,7999,1995,3,1999,4,8,18,10
1785,H067,7982,7990,1995,3,1997,3,4,9,5
1786,H068,7982,7982,1995,3,1995,3,1,1,0
1787,H069,7982,8026,1995,3,2006,3,22,45,23
1788,H070,7982,7994,1995,3,1998,3,7,13,6
1789,H071,7982,7990,1995,3,1997,3,7,9,2
1790,H072,7982,7983,1995,3,1995,4,2,2,0
1791,H073,7982,7982,1995,3,1995,3,1,1,0
1792,H074,7982,7983,1995,3,1995,4,2,2,0
1793,H075,7982,7982,1995,3,1995,3,1,1,0
1794,H076,7983,7986,1995,4,1996,3,3,4,1
1795,H077,7983,7995,1995,4,1998,4,6,13,7
1796,H078,7983,7990,1995,4,1997,3,4,8,4
1797,I001,8008,8008,2002,1,2002,1,1,1,0
1798,I002,8008,8019,2002,1,2004,4,4,12,8
1799,I003,8009,8013,2002,2,2003,2,5,5,0
1800,I004,8009,8014,2002,2,2003,3,5,6,1
1801,I005,8009,8011,2002,2,2002,4,3,3,0
1802,I006,8009,8011,2002,2,2002,4,3,3,0
1803,I007,8009,8030,2002,2,2007,3,15,22,7
1804,I008,8009,8049,2002,2,2012,2,23,41,18
1805,I009,8009,8015,2002,2,2003,4,4,7,3
1806,I010,8009,8009,2002,2,2002,2,1,1,0
1807,I011,8009,8012,2002,2,2003,1,3,4,1
1808,I012,8009,8013,2002,2,2003,2,4,5,1
1809,I013,8009,8014,2002,2,2003,3,6,6,0
1810,I014,8009,8017,2002,2,2004,2,6,9,3
1811,I015,8009,8009,2002,2,2002,2,1,1,0
1812,I016,8009,8027,2002,2,2006,4,7,19,12
1813,I017,8009,8015,2002,2,2003,4,6,7,1
1814,I018,8009,8017,2002,2,2004,2,6,9,3
1815,I019,8009,8034,2002,2,2008,3,11,26,15
1816,I020,8009,8017,2002,2,2004,2,5,9,4
1817,I021,8009,8009,2002,2,2002,2,1,1,0
1818,I022,8009,8017,2002,2,2004,2,8,9,1
1819,I023,8009,8009,2002,2,2002,2,1,1,0
1820,I024,8009,8017,2002,2,2004,2,3,9,6
1821,I025,8009,8009,2002,2,2002,2,1,1,0
1822,I026,8009,8009,2002,2,2002,2,1,1,0
1823,I027,8009,8019,2002,2,2004,4,6,11,5
1824,I028,8009,8009,2002,2,2002,2,1,1,0
1825,I029,8010,8010,2002,3,2002,3,1,1,0
1826,I030,8010,8019,2002,3,2004,4,8,10,2
1827,I031,8010,8010,2002,3,2002,3,1,1,0
1828,I032,8010,8010,2002,3,2002,3,1,1,0
1829,I033,8010,8010,2002,3,2002,3,1,1,0
1830,I034,8010,8012,2002,3,2003,1,3,3,0
1831,I035,8010,8041,2002,3,2010,2,14,32,18
1832,I036,8010,8010,2002,3,2002,3,1,1,0
1833,I037,8010,8014,2002,3,2003,3,4,5,1
1834,I038,8010,8010,2002,3,2002,3,1,1,0
1835,I039,8010,8014,2002,3,2003,3,5,5,0
1836,I040,8010,8014,2002,3,2003,3,4,5,1
1837,I041,8010,8010,2002,3,2002,3,1,1,0
1838,I042,8010,8018,2002,3,2004,3,7,9,2
1839,I043,8010,8012,2002,3,2003,1,2,3,1
1840,I044,8010,8010,2002,3,2002,3,1,1,0
1841,I045,8010,8026,2002,3,2006,3,7,17,10
1842,I046,8010,8010,2002,3,2002,3,1,1,0
1843,I047,8010,8013,2002,3,2003,2,3,4,1
1844,I048,8010,8013,2002,3,2003,2,3,4,1
1845,I049,8010,8018,2002,3,2004,3,2,9,7
1846,I050,8011,8013,2002,4,2003,2,3,3,0
1847,I051,8011,8011,2002,4,2002,4,1,1,0
1848,I052,8011,8021,2002,4,2005,2,3,11,8
1849,J001,7992,7994,1998,1,1998,3,3,3,0
1850,J002,7993,7997,1998,2,1999,2,5,5,0
1851,J003,7993,8013,1998,2,2003,2,11,21,10
1852,J004,7993,7993,1998,2,1998,2,1,1,0
1853,J005,7993,8007,1998,2,2001,4,7,15,8
1854,J006,7993,7998,1998,2,1999,3,4,6,2
1855,J007,7993,7997,1998,2,1999,2,4,5,1
1856,J008,7993,8006,1998,2,2001,3,6,14,8
1857,J009,7993,7993,1998,2,1998,2,1,1,0
1858,J010,7993,8002,1998,2,2000,3,7,10,3
1859,J011,7993,7996,1998,2,1999,1,4,4,0
1860,J012,7993,8001,1998,2,2000,2,8,9,1
1861,J013,7993,8009,1998,2,2002,2,6,17,11
1862,J014,7993,7998,1998,2,1999,3,5,6,1
1863,J015,7993,8022,1998,2,2005,3,15,30,15
1864,J016,7993,7995,1998,2,1998,4,3,3,0
1865,J017,7993,8014,1998,2,2003,3,12,22,10
1866,J018,7993,7994,1998,2,1998,3,2,2,0
1867,J019,7993,7996,1998,2,1999,1,3,4,1
1868,J020,7993,7998,1998,2,1999,3,4,6,2
1869,J021,7993,7997,1998,2,1999,2,3,5,2
1870,J022,7993,8006,1998,2,2001,3,6,14,8
1871,J023,7993,8006,1998,2,2001,3,9,14,5
1872,J024,7993,7999,1998,2,1999,4,7,7,0
1873,J025,7993,7994,1998,2,1998,3,2,2,0
1874,J026,7993,7996,1998,2,1999,1,3,4,1
1875,J027,7993,7994,1998,2,1998,3,2,2,0
1876,J028,7993,8005,1998,2,2001,2,8,13,5
1877,J029,7993,8007,1998,2,2001,4,10,15,5
1878,J030,7993,7994,1998,2,1998,3,2,2,0
1879,J031,7993,7998,1998,2,1999,3,6,6,0
1880,J032,7993,7993,1998,2,1998,2,1,1,0
1881,J033,7993,8003,1998,2,2000,4,8,11,3
1882,J034,7993,8010,1998,2,2002,3,10,18,8
1883,J035,7993,8015,1998,2,2003,4,12,23,11
1884,J036,7993,7996,1998,2,1999,1,4,4,0
1885,J037,7993,8009,1998,2,2002,2,8,17,9
1886,J038,7993,7993,1998,2,1998,2,1,1,0
1887,J039,7993,8005,1998,2,2001,2,12,13,1
1888,J040,7993,8007,1998,2,2001,4,12,15,3
1889,J041,7993,8002,1998,2,2000,3,6,10,4
1890,J042,7993,8007,1998,2,2001,4,10,15,5
1891,J043,7993,7993,1998,2,1998,2,1,1,0
1892,J044,7993,8015,1998,2,2003,4,5,23,18
1893,J045,7993,7993,1998,2,1998,2,1,1,0
1894,J046,7993,7994,1998,2,1998,3,2,2,0
1895,J047,7993,7993,1998,2,1998,2,1,1,0
1896,J048,7993,7994,1998,2,1998,3,2,2,0
1897,J049,7993,7999,1998,2,1999,4,6,7,1
1898,J050,7993,8002,1998,2,2000,3,5,10,5
1899,J051,7993,8003,1998,2,2000,4,8,11,3
1900,J052,7993,7994,1998,2,1998,3,2,2,0
1901,J053,7993,8011,1998,2,2002,4,11,19,8
1902,J054,7993,8033,1998,2,2008,2,11,41,30
1903,J055,7993,8000,1998,2,2000,1,4,8,4
1904,J056,7993,8019,1998,2,2004,4,8,27,19
1905,J057,7993,7993,1998,2,1998,2,1,1,0
1906,J058,7993,8020,1998,2,2005,1,12,28,16
1907,J059,7993,7993,1998,2,1998,2,1,1,0
1908,J060,7993,8018,1998,2,2004,3,6,26,20
1909,J061,7993,7993,1998,2,1998,2,1,1,0
1910,J062,7993,8006,1998,2,2001,3,10,14,4
1911,J063,7993,8014,1998,2,2003,3,14,22,8
1912,J064,7993,7998,1998,2,1999,3,3,6,3
1913,J065,7993,7998,1998,2,1999,3,5,6,1
1914,J066,7993,8000,1998,2,2000,1,7,8,1
1915,J067,7994,8005,1998,3,2001,2,4,12,8
1916,J068,7994,8008,1998,3,2002,1,10,15,5
1917,J069,7994,8010,1998,3,2002,3,7,17,10
1918,J070,7994,8008,1998,3,2002,1,9,15,6
1919,J071,7994,8010,1998,3,2002,3,11,17,6
1920,J072,7994,7998,1998,3,1999,3,3,5,2
1921,J073,7994,7995,1998,3,1998,4,2,2,0
1922,J074,7994,7998,1998,3,1999,3,4,5,1
1923,J075,7994,7998,1998,3,1999,3,5,5,0
1924,J076,7994,7996,1998,3,1999,1,2,3,1
1925,J077,7994,7999,1998,3,1999,4,6,6,0
1926,J078,7994,8006,1998,3,2001,3,6,13,7
1927,J079,7994,8011,1998,3,2002,4,8,18,10
1928,J080,7994,8011,1998,3,2002,4,14,18,4
1929,J081,7994,7996,1998,3,1999,1,3,3,0
1930,J082,7994,7998,1998,3,1999,3,3,5,2
1931,J083,7994,8017,1998,3,2004,2,13,24,11
1932,J084,7994,7997,1998,3,1999,2,3,4,1
1933,J085,7994,8007,1998,3,2001,4,4,14,10
1934,J086,7994,7995,1998,3,1998,4,2,2,0
1935,J087,7994,8022,1998,3,2005,3,12,29,17
1936,J088,7994,8002,1998,3,2000,3,8,9,1
1937,J089,7994,7994,1998,3,1998,3,1,1,0
1938,J090,7994,8006,1998,3,2001,3,11,13,2
1939,J091,7994,8026,1998,3,2006,3,7,33,26
1940,J092,7994,7999,1998,3,1999,4,3,6,3
1941,J093,7995,8022,1998,4,2005,3,4,28,24
1942,J094,7995,8002,1998,4,2000,3,3,8,5
1943,J095,7995,7996,1998,4,1999,1,2,2,0
1944,J096,7995,7995,1998,4,1998,4,1,1,0
1945,J097,7995,7995,1998,4,1998,4,1,1,0
1946,J099,7995,8006,1998,4,2001,3,6,12,6
1947,J100,7995,7995,1998,4,1998,4,1,1,0
1948,K001,7948,7948,1987,1,1987,1,1,1,0
1949,K002,7948,7993,1987,1,1998,2,25,46,21
1950,K003,7949,7951,1987,2,1987,4,3,3,0
1951,K004,7949,7978,1987,2,1994,3,15,30,15
1952,K005,7949,7982,1987,2,1995,3,22,34,12
1953,K006,7949,7952,1987,2,1988,1,2,4,2
1954,K007,7949,7982,1987,2,1995,3,19,34,15
1955,K008,7949,7949,1987,2,1987,2,1,1,0
1956,K009,7949,7955,1987,2,1988,4,5,7,2
1957,K010,7949,7949,1987,2,1987,2,1,1,0
1958,K011,7949,7960,1987,2,1990,1,7,12,5
1959,K012,7949,7961,1987,2,1990,2,10,13,3
1960,K013,7949,7950,1987,2,1987,3,2,2,0
1961,K014,7949,7949,1987,2,1987,2,1,1,0
1962,K015,7949,7959,1987,2,1989,4,5,11,6
1963,K016,7949,7952,1987,2,1988,1,4,4,0
1964,K017,7949,7978,1987,2,1994,3,19,30,11
1965,K018,7949,7949,1987,2,1987,2,1,1,0
1966,K019,7949,7973,1987,2,1993,2,8,25,17
1967,K020,7949,7970,1987,2,1992,3,11,22,11
1968,K021,7949,7953,1987,2,1988,2,2,5,3
1969,K022,7949,7949,1987,2,1987,2,1,1,0
1970,K023,7949,7954,1987,2,1988,3,5,6,1
1971,K024,7949,7955,1987,2,1988,4,5,7,2
1972,K025,7949,7949,1987,2,1987,2,1,1,0
1973,K026,7949,7950,1987,2,1987,3,2,2,0
1974,K027,7949,7949,1987,2,1987,2,1,1,0
1975,K028,7949,7951,1987,2,1987,4,3,3,0
1976,K029,7949,7949,1987,2,1987,2,1,1,0
1977,K030,7949,7952,1987,2,1988,1,2,4,2
1978,K031,7949,7949,1987,2,1987,2,1,1,0
1979,K032,7949,7994,1987,2,1998,3,14,46,32
1980,K033,7949,7994,1987,2,1998,3,12,46,34
1981,K034,7949,7949,1987,2,1987,2,1,1,0
1982,K035,7949,7949,1987,2,1987,2,1,1,0
1983,K036,7949,7949,1987,2,1987,2,1,1,0
1984,K037,7949,7973,1987,2,1993,2,12,25,13
1985,K038,7949,7968,1987,2,1992,1,12,20,8
1986,K039,7949,7972,1987,2,1993,1,11,24,13
1987,K040,7949,7964,1987,2,1991,1,2,16,14
1988,K041,7949,7957,1987,2,1989,2,8,9,1
1989,K042,7949,7986,1987,2,1996,3,6,38,32
1990,K043,7949,7978,1987,2,1994,3,16,30,14
1991,K044,7949,7974,1987,2,1993,3,4,26,22
1992,K045,7949,7953,1987,2,1988,2,2,5,3
1993,K046,7949,7978,1987,2,1994,3,11,30,19
1994,K047,7949,7967,1987,2,1991,4,2,19,17
1995,K048,7950,7960,1987,3,1990,1,5,11,6
1996,K049,7948,7953,1987,1,1988,2,2,6,4
1997,K050,7950,7962,1987,3,1990,3,11,13,2
1998,K051,7950,7999,1987,3,1999,4,18,50,32
1999,K052,7950,7964,1987,3,1991,1,2,15,13
2000,K053,7950,7952,1987,3,1988,1,2,3,1
2001,K054,7950,7959,1987,3,1989,4,4,10,6
2002,K055,7950,7950,1987,3,1987,3,1,1,0
2003,K056,7950,7966,1987,3,1991,3,7,17,10
2004,K057,7950,7960,1987,3,1990,1,4,11,7
2005,K058,7950,7953,1987,3,1988,2,3,4,1
2006,K059,7950,7954,1987,3,1988,3,2,5,3
2007,K060,7950,7950,1987,3,1987,3,1,1,0
2008,K061,7950,7950,1987,3,1987,3,1,1,0
2009,K062,7950,7978,1987,3,1994,3,14,29,15
2010,K063,7950,7953,1987,3,1988,2,4,4,0
2011,K064,7950,8005,1987,3,2001,2,23,56,33
2012,K065,7950,7962,1987,3,1990,3,7,13,6
2013,K066,7950,7982,1987,3,1995,3,17,33,16
2014,K067,7950,7950,1987,3,1987,3,1,1,0
2015,K068,7950,7953,1987,3,1988,2,4,4,0
2016,K069,7950,7959,1987,3,1989,4,4,10,6
2017,K070,7950,7955,1987,3,1988,4,5,6,1
2018,K071,7950,7983,1987,3,1995,4,21,34,13
2019,K072,7950,7970,1987,3,1992,3,15,21,6
2020,K073,7950,7990,1987,3,1997,3,18,41,23
2021,K074,7950,7963,1987,3,1990,4,6,14,8
2022,K075,7950,7969,1987,3,1992,2,14,20,6
2023,K076,7950,7952,1987,3,1988,1,3,3,0
2024,K077,7950,7979,1987,3,1994,4,11,30,19
2025,K078,7950,7970,1987,3,1992,3,8,21,13
2026,K079,7955,7975,1988,4,1993,4,7,21,14
2027,K080,7950,7951,1987,3,1987,4,2,2,0
2028,K081,7950,7955,1987,3,1988,4,4,6,2
2029,K082,7950,7950,1987,3,1987,3,1,1,0
2030,K083,7950,7954,1987,3,1988,3,3,5,2
2031,K084,7952,7954,1988,1,1988,3,3,3,0
2032,K085,7951,7998,1987,4,1999,3,14,48,34
2033,K086,7951,7953,1987,4,1988,2,3,3,0
2034,K087,7951,7966,1987,4,1991,3,12,16,4
2035,K088,7951,7960,1987,4,1990,1,7,10,3
2036,K089,7951,7953,1987,4,1988,2,3,3,0
2037,K090,7951,7958,1987,4,1989,3,3,8,5
2038,K091,7951,7958,1987,4,1989,3,2,8,6
2039,K092,7951,7982,1987,4,1995,3,8,32,24
2040,K093,7951,7955,1987,4,1988,4,3,5,2
2041,L001,7944,7958,1986,1,1989,3,5,15,10
2042,L002,7944,7958,1986,1,1989,3,5,15,10
2043,L003,7944,7944,1986,1,1986,1,1,1,0
2044,L004,7944,7944,1986,1,1986,1,1,1,0
2045,L005,7944,7950,1986,1,1987,3,2,7,5
2046,L006,7944,7949,1986,1,1987,2,2,6,4
2047,L007,7944,7944,1986,1,1986,1,1,1,0
2048,L008,7945,7948,1986,2,1987,1,2,4,2
2049,L009,7945,7945,1986,2,1986,2,1,1,0
2050,L010,7945,7978,1986,2,1994,3,9,34,25
2051,L011,7945,7966,1986,2,1991,3,11,22,11
2052,L012,7945,7953,1986,2,1988,2,7,9,2
2053,L013,7945,7952,1986,2,1988,1,5,8,3
2054,L014,7945,7946,1986,2,1986,3,2,2,0
2055,L015,7945,7945,1986,2,1986,2,1,1,0
2056,L016,7945,7982,1986,2,1995,3,5,38,33
2057,L017,7945,7949,1986,2,1987,2,2,5,3
2058,L018,7945,7961,1986,2,1990,2,6,17,11
2059,L019,7945,7945,1986,2,1986,2,1,1,0
2060,L020,7945,7945,1986,2,1986,2,1,1,0
2061,L021,7945,7969,1986,2,1992,2,3,25,22
2062,L022,7945,7976,1986,2,1994,1,15,32,17
2063,L023,7945,7949,1986,2,1987,2,2,5,3
2064,L024,7945,7945,1986,2,1986,2,1,1,0
2065,L025,7945,7949,1986,2,1987,2,2,5,3
2066,L026,7945,7978,1986,2,1994,3,4,34,30
2067,L027,7945,7945,1986,2,1986,2,1,1,0
2068,L028,7945,7961,1986,2,1990,2,9,17,8
2069,L029,7946,7946,1986,3,1986,3,1,1,0
2070,L030,7946,7966,1986,3,1991,3,6,21,15
2071,L031,7946,7972,1986,3,1993,1,6,27,21
2072,L032,7946,7984,1986,3,1996,1,12,39,27
2073,L033,7946,7953,1986,3,1988,2,3,8,5
2074,L034,7946,7952,1986,3,1988,1,2,7,5
2075,L035,7946,7946,1986,3,1986,3,1,1,0
2076,L036,7946,7946,1986,3,1986,3,1,1,0
2077,L037,7946,7950,1986,3,1987,3,2,5,3
2078,L038,7946,7954,1986,3,1988,3,2,9,7
2079,L039,7946,7974,1986,3,1993,3,2,29,27
2080,L040,7946,7952,1986,3,1988,1,3,7,4
2081,L041,7946,7962,1986,3,1990,3,5,17,12
2082,L042,7946,7966,1986,3,1991,3,5,21,16
2083,L043,7946,7979,1986,3,1994,4,13,34,21
2084,L044,7946,7946,1986,3,1986,3,1,1,0
2085,L045,7946,7946,1986,3,1986,3,1,1,0
2086,L046,7946,7946,1986,3,1986,3,1,1,0
2087,L047,7946,7946,1986,3,1986,3,1,1,0
2088,L048,7946,7946,1986,3,1986,3,1,1,0
2089,L049,7946,7986,1986,3,1996,3,18,41,23
2090,L050,7946,7970,1986,3,1992,3,13,25,12
2091,L051,7946,7949,1986,3,1987,2,4,4,0
2092,L052,7946,7946,1986,3,1986,3,1,1,0
2093,L053,7946,7982,1986,3,1995,3,23,37,14
2094,L054,7946,8000,1986,3,2000,1,33,55,22
2095,L055,7946,7948,1986,3,1987,1,3,3,0
2096,L056,7946,7998,1986,3,1999,3,32,53,21
2097,L057,7946,7956,1986,3,1989,1,10,11,1
2098,L058,7946,7948,1986,3,1987,1,3,3,0
2099,L059,7946,7957,1986,3,1989,2,9,12,3
2100,L060,7946,7946,1986,3,1986,3,1,1,0
2101,L061,7946,7962,1986,3,1990,3,9,17,8
2102,L062,7946,7951,1986,3,1987,4,6,6,0
2103,L063,7946,7957,1986,3,1989,2,8,12,4
2104,L064,7946,7955,1986,3,1988,4,7,10,3
2105,L065,7946,7986,1986,3,1996,3,20,41,21
2106,L066,7946,7969,1986,3,1992,2,14,24,10
2107,L067,7946,7946,1986,3,1986,3,1,1,0
2108,L068,7946,7951,1986,3,1987,4,6,6,0
2109,L069,7946,7946,1986,3,1986,3,1,1,0
2110,L070,7946,7958,1986,3,1989,3,2,13,11
2111,L071,7946,7972,1986,3,1993,1,3,27,24
2112,L072,7946,7950,1986,3,1987,3,2,5,3
2113,L073,7946,7972,1986,3,1993,1,8,27,19
2114,L074,7946,7953,1986,3,1988,2,2,8,6
2115,L075,7947,7947,1986,4,1986,4,1,1,0
2116,L076,7947,7947,1986,4,1986,4,1,1,0
2117,L077,7947,7947,1986,4,1986,4,1,1,0
2118,L078,7947,7947,1986,4,1986,4,1,1,0
2119,L079,7947,7950,1986,4,1987,3,4,4,0
2120,L080,7947,7989,1986,4,1997,2,22,43,21
2121,L081,7947,7947,1986,4,1986,4,1,1,0
2122,M001,7972,8019,1993,1,2004,4,18,48,30
2123,M002,7972,8010,1993,1,2002,3,9,39,30
2124,M003,7973,7992,1993,2,1998,1,7,20,13
2125,M004,7973,7979,1993,2,1994,4,5,7,2
2126,M005,7973,7974,1993,2,1993,3,2,2,0
2127,M006,7973,7974,1993,2,1993,3,2,2,0
2128,M007,7973,7979,1993,2,1994,4,6,7,1
2129,M008,7973,7973,1993,2,1993,2,1,1,0
2130,M009,7973,7994,1993,2,1998,3,14,22,8
2131,M010,7973,7985,1993,2,1996,2,6,13,7
2132,M011,7973,7978,1993,2,1994,3,6,6,0
2133,M012,7973,8005,1993,2,2001,2,19,33,14
2134,M013,7973,7995,1993,2,1998,4,7,23,16
2135,M014,7973,7978,1993,2,1994,3,6,6,0
2136,M015,7973,7989,1993,2,1997,2,9,17,8
2137,M016,7973,7974,1993,2,1993,3,2,2,0
2138,M017,7973,7976,1993,2,1994,1,3,4,1
2139,M018,7973,7974,1993,2,1993,3,2,2,0
2140,M019,7973,7974,1993,2,1993,3,2,2,0
2141,M020,7973,7973,1993,2,1993,2,1,1,0
2142,M021,7973,7998,1993,2,1999,3,8,26,18
2143,M022,7973,7973,1993,2,1993,2,1,1,0
2144,M023,7973,7986,1993,2,1996,3,8,14,6
2145,M024,7973,7991,1993,2,1997,4,11,19,8
2146,M025,7973,7973,1993,2,1993,2,1,1,0
2147,M026,7973,7986,1993,2,1996,3,9,14,5
2148,M027,7973,8011,1993,2,2002,4,10,39,29
2149,M028,7973,7973,1993,2,1993,2,1,1,0
2150,M029,7973,7980,1993,2,1995,1,7,8,1
2151,M030,7973,8001,1993,2,2000,2,16,29,13
2152,M031,7973,7994,1993,2,1998,3,18,22,4
2153,M032,7973,7985,1993,2,1996,2,9,13,4
2154,M033,7973,7976,1993,2,1994,1,4,4,0
2155,M034,7973,7994,1993,2,1998,3,13,22,9
2156,M035,7973,8010,1993,2,2002,3,13,38,25
2157,M036,7973,7990,1993,2,1997,3,13,18,5
2158,M037,7973,8003,1993,2,2000,4,14,31,17
2159,M038,7973,7973,1993,2,1993,2,1,1,0
2160,M039,7973,7973,1993,2,1993,2,1,1,0
2161,M040,7973,7973,1993,2,1993,2,1,1,0
2162,M041,7973,7975,1993,2,1993,4,3,3,0
2163,M042,7973,7986,1993,2,1996,3,5,14,9
2164,M043,7973,7992,1993,2,1998,1,13,20,7
2165,M044,7973,7977,1993,2,1994,2,4,5,1
2166,M045,7973,7990,1993,2,1997,3,9,18,9
2167,M046,7973,7973,1993,2,1993,2,1,1,0
2168,M047,7973,7986,1993,2,1996,3,4,14,10
2169,M048,7973,7978,1993,2,1994,3,5,6,1
2170,M049,7973,7973,1993,2,1993,2,1,1,0
2171,M050,7973,7982,1993,2,1995,3,7,10,3
2172,M051,7973,7979,1993,2,1994,4,6,7,1
2173,M052,7973,7994,1993,2,1998,3,12,22,10
2174,M053,7973,7973,1993,2,1993,2,1,1,0
2175,M054,7973,7973,1993,2,1993,2,1,1,0
2176,M055,7973,7994,1993,2,1998,3,11,22,11
2177,M056,7973,7982,1993,2,1995,3,7,10,3
2178,M057,7973,7979,1993,2,1994,4,4,7,3
2179,M058,7973,8007,1993,2,2001,4,14,35,21
2180,M059,7973,8006,1993,2,2001,3,12,34,22
2181,M060,7973,7980,1993,2,1995,1,6,8,2
2182,M061,7973,8006,1993,2,2001,3,10,34,24
2183,M062,7973,7979,1993,2,1994,4,6,7,1
2184,M063,7973,7974,1993,2,1993,3,2,2,0
2185,M064,7973,8014,1993,2,2003,3,16,42,26
2186,M065,7973,7975,1993,2,1993,4,3,3,0
2187,M066,7973,7973,1993,2,1993,2,1,1,0
2188,M067,7973,7973,1993,2,1993,2,1,1,0
2189,M068,7973,7998,1993,2,1999,3,14,26,12
2190,M069,7973,7973,1993,2,1993,2,1,1,0
2191,M070,7973,7973,1993,2,1993,2,1,1,0
2192,M071,7973,7983,1993,2,1995,4,3,11,8
2193,M072,7973,8018,1993,2,2004,3,16,46,30
2194,M073,7974,7990,1993,3,1997,3,7,17,10
2195,M074,7974,7975,1993,3,1993,4,2,2,0
2196,M075,7974,7978,1993,3,1994,3,4,5,1
2197,M076,7974,7974,1993,3,1993,3,1,1,0
2198,M077,7974,7978,1993,3,1994,3,4,5,1
2199,M078,7974,7990,1993,3,1997,3,7,17,10
2200,M079,7974,7975,1993,3,1993,4,2,2,0
2201,M080,7974,7974,1993,3,1993,3,1,1,0
2202,M081,7974,7974,1993,3,1993,3,1,1,0
2203,M082,7974,7979,1993,3,1994,4,3,6,3
2204,M083,7974,7990,1993,3,1997,3,8,17,9
2205,M084,7974,7982,1993,3,1995,3,5,9,4
2206,M085,7974,7977,1993,3,1994,2,3,4,1
2207,M086,7974,7974,1993,3,1993,3,1,1,0
2208,M087,7974,7978,1993,3,1994,3,4,5,1
2209,M088,7974,7979,1993,3,1994,4,5,6,1
2210,M089,7974,7979,1993,3,1994,4,4,6,2
2211,M090,7974,7979,1993,3,1994,4,4,6,2
2212,M091,7974,8015,1993,3,2003,4,4,42,38
2213,M092,7974,7994,1993,3,1998,3,11,21,10
2214,M093,7974,7982,1993,3,1995,3,8,9,1
2215,M094,7974,8017,1993,3,2004,2,18,44,26
2216,M095,7974,7979,1993,3,1994,4,4,6,2
2217,M096,7974,7981,1993,3,1995,2,4,8,4
2218,M097,7974,7990,1993,3,1997,3,8,17,9
2219,M098,7974,7974,1993,3,1993,3,1,1,0
2220,M099,7974,7994,1993,3,1998,3,10,21,11
2221,M100,7974,7975,1993,3,1993,4,2,2,0
2222,M101,7974,7974,1993,3,1993,3,1,1,0
2223,M102,7974,7974,1993,3,1993,3,1,1,0
2224,M103,7974,7974,1993,3,1993,3,1,1,0
2225,M104,7974,7998,1993,3,1999,3,9,25,16
2226,M105,7974,7986,1993,3,1996,3,11,13,2
2227,M106,7974,7990,1993,3,1997,3,3,17,14
2228,M107,7974,8003,1993,3,2000,4,13,30,17
2229,M108,7974,7999,1993,3,1999,4,14,26,12
2230,M109,7974,8015,1993,3,2003,4,10,42,32
2231,M110,7974,8000,1993,3,2000,1,5,27,22
2232,M111,7974,7979,1993,3,1994,4,3,6,3
2233,M112,7974,7979,1993,3,1994,4,3,6,3
2234,M113,7974,7974,1993,3,1993,3,1,1,0
2235,M114,7975,7976,1993,4,1994,1,2,2,0
2236,M115,7975,7995,1993,4,1998,4,9,21,12
2237,M116,7975,7990,1993,4,1997,3,5,16,11
2238,N001,7936,7943,1984,1,1985,4,3,8,5
2239,N002,7936,7936,1984,1,1984,1,1,1,0
2240,N003,7936,7973,1984,1,1993,2,11,38,27
2241,N004,7936,7978,1984,1,1994,3,15,43,28
2242,N005,7936,7944,1984,1,1986,1,2,9,7
2243,N006,7936,7936,1984,1,1984,1,1,1,0
2244,N007,7937,7977,1984,2,1994,2,14,41,27
2245,N008,7937,7945,1984,2,1986,2,7,9,2
2246,N009,7937,7937,1984,2,1984,2,1,1,0
2247,N010,7937,7941,1984,2,1985,2,3,5,2
2248,N011,7937,7937,1984,2,1984,2,1,1,0
2249,N012,7937,7943,1984,2,1985,4,6,7,1
2250,N013,7937,7941,1984,2,1985,2,4,5,1
2251,N014,7937,7938,1984,2,1984,3,2,2,0
2252,N015,7937,7937,1984,2,1984,2,1,1,0
2253,N016,7937,7964,1984,2,1991,1,17,28,11
2254,N017,7937,7939,1984,2,1984,4,3,3,0
2255,N018,7937,7944,1984,2,1986,1,5,8,3
2256,N019,7937,7962,1984,2,1990,3,12,26,14
2257,N020,7937,7972,1984,2,1993,1,18,36,18
2258,N021,7937,7937,1984,2,1984,2,1,1,0
2259,N022,7937,7937,1984,2,1984,2,1,1,0
2260,N023,7937,7940,1984,2,1985,1,3,4,1
2261,N024,7937,7937,1984,2,1984,2,1,1,0
2262,N025,7937,7937,1984,2,1984,2,1,1,0
2263,N026,7937,7962,1984,2,1990,3,9,26,17
2264,N027,7937,7937,1984,2,1984,2,1,1,0
2265,N028,7937,7959,1984,2,1989,4,9,23,14
2266,N029,7937,7937,1984,2,1984,2,1,1,0
2267,N030,7937,7937,1984,2,1984,2,1,1,0
2268,N031,7937,7955,1984,2,1988,4,14,19,5
2269,N032,7937,7937,1984,2,1984,2,1,1,0
2270,N033,7937,7943,1984,2,1985,4,2,7,5
2271,N034,7937,7937,1984,2,1984,2,1,1,0
2272,N035,7937,7983,1984,2,1995,4,12,47,35
2273,N036,7937,7937,1984,2,1984,2,1,1,0
2274,N037,7937,7957,1984,2,1989,2,2,21,19
2275,N038,7937,7937,1984,2,1984,2,1,1,0
2276,N039,7937,7938,1984,2,1984,3,2,2,0
2277,N040,7937,7937,1984,2,1984,2,1,1,0
2278,N041,7938,7938,1984,3,1984,3,1,1,0
2279,N042,7938,7966,1984,3,1991,3,11,29,18
2280,N043,7938,7938,1984,3,1984,3,1,1,0
2281,N044,7938,7963,1984,3,1990,4,7,26,19
2282,N045,7938,7945,1984,3,1986,2,2,8,6
2283,N046,7938,7952,1984,3,1988,1,2,15,13
2284,N047,7938,7978,1984,3,1994,3,9,41,32
2285,N048,7938,7978,1984,3,1994,3,8,41,33
2286,N049,7938,7963,1984,3,1990,4,11,26,15
2287,N050,7938,7953,1984,3,1988,2,8,16,8
2288,N051,7938,7955,1984,3,1988,4,11,18,7
2289,N052,7938,7943,1984,3,1985,4,6,6,0
2290,N053,7938,7954,1984,3,1988,3,4,17,13
2291,N054,7938,7951,1984,3,1987,4,9,14,5
2292,N055,7938,7939,1984,3,1984,4,2,2,0
2293,N056,7938,7942,1984,3,1985,3,5,5,0
2294,N057,7938,7941,1984,3,1985,2,4,4,0
2295,N058,7938,7949,1984,3,1987,2,7,12,5
2296,N059,7938,7966,1984,3,1991,3,14,29,15
2297,N060,7938,7960,1984,3,1990,1,17,23,6
2298,N061,7938,7945,1984,3,1986,2,7,8,1
2299,N062,7938,7951,1984,3,1987,4,9,14,5
2300,N063,7938,7957,1984,3,1989,2,11,20,9
2301,N064,7938,7953,1984,3,1988,2,7,16,9
2302,N065,7938,7939,1984,3,1984,4,2,2,0
2303,N066,7938,7965,1984,3,1991,2,2,28,26
2304,N067,7938,7938,1984,3,1984,3,1,1,0
2305,N068,7938,7938,1984,3,1984,3,1,1,0
2306,N069,7938,7938,1984,3,1984,3,1,1,0
2307,N070,7938,7949,1984,3,1987,2,2,12,10
2308,N071,7938,7943,1984,3,1985,4,2,6,4
2309,N072,7938,7938,1984,3,1984,3,1,1,0
2310,N073,7939,7969,1984,4,1992,2,3,31,28
2311,N074,7939,7943,1984,4,1985,4,4,5,1
2312,N075,7939,7942,1984,4,1985,3,3,4,1
2313,N076,7939,7948,1984,4,1987,1,2,10,8
2314,O001,7928,7941,1982,1,1985,2,6,14,8
2315,O002,7928,7930,1982,1,1982,3,3,3,0
2316,O003,7928,7929,1982,1,1982,2,2,2,0
2317,O004,7929,7934,1982,2,1983,3,4,6,2
2318,O005,7929,7930,1982,2,1982,3,2,2,0
2319,O006,7929,7934,1982,2,1983,3,2,6,4
2320,O007,7929,7934,1982,2,1983,3,3,6,3
2321,O008,7929,7950,1982,2,1987,3,9,22,13
2322,O009,7929,7950,1982,2,1987,3,5,22,17
2323,O010,7929,7929,1982,2,1982,2,1,1,0
2324,O011,7929,7956,1982,2,1989,1,6,28,22
2325,O012,7929,7934,1982,2,1983,3,2,6,4
2326,O013,7929,7929,1982,2,1982,2,1,1,0
2327,O014,7929,7929,1982,2,1982,2,1,1,0
2328,O015,7930,7937,1982,3,1984,2,3,8,5
2329,O016,7930,7930,1982,3,1982,3,1,1,0
2330,O017,7930,7933,1982,3,1983,2,2,4,2
2331,O018,7930,7943,1982,3,1985,4,7,14,7
2332,O019,7930,7930,1982,3,1982,3,1,1,0
2333,O020,7930,7930,1982,3,1982,3,1,1,0
2334,O021,7930,7930,1982,3,1982,3,1,1,0
2335,O022,7930,7934,1982,3,1983,3,2,5,3
2336,O023,7930,7934,1982,3,1983,3,4,5,1
2337,O024,7930,7958,1982,3,1989,3,12,29,17
2338,O025,7930,7930,1982,3,1982,3,1,1,0
2339,O026,7930,7967,1982,3,1991,4,8,38,30
2340,O027,7930,7933,1982,3,1983,2,4,4,0
2341,O028,7930,7934,1982,3,1983,3,4,5,1
2342,O029,7930,7959,1982,3,1989,4,10,30,20
2343,O030,7930,7950,1982,3,1987,3,9,21,12
2344,O031,7930,7966,1982,3,1991,3,4,37,33
2345,O032,7930,7933,1982,3,1983,2,2,4,2
2346,O033,7931,7934,1982,4,1983,3,2,4,2
2347,O034,7931,7979,1982,4,1994,4,6,49,43
2348,O035,7931,7981,1982,4,1995,2,19,51,32
2349,O036,7931,7931,1982,4,1982,4,1,1,0
2350,P001,7932,7934,1983,1,1983,3,3,3,0
2351,P002,7932,7950,1983,1,1987,3,6,19,13
2352,P003,7932,7964,1983,1,1991,1,12,33,21
2353,P004,7933,7933,1983,2,1983,2,1,1,0
2354,P005,7933,7975,1983,2,1993,4,17,43,26
2355,P006,7933,7933,1983,2,1983,2,1,1,0
2356,P007,7933,7936,1983,2,1984,1,4,4,0
2357,P008,7933,7938,1983,2,1984,3,6,6,0
2358,P009,7933,7966,1983,2,1991,3,26,34,8
2359,P010,7933,7938,1983,2,1984,3,6,6,0
2360,P011,7933,7949,1983,2,1987,2,10,17,7
2361,P012,7933,7948,1983,2,1987,1,13,16,3
2362,P013,7933,7957,1983,2,1989,2,14,25,11
2363,P014,7933,7937,1983,2,1984,2,5,5,0
2364,P015,7933,7938,1983,2,1984,3,5,6,1
2365,P016,7933,7967,1983,2,1991,4,8,35,27
2366,P017,7933,7936,1983,2,1984,1,4,4,0
2367,P018,7933,7966,1983,2,1991,3,17,34,17
2368,P019,7933,7936,1983,2,1984,1,4,4,0
2369,P020,7933,7977,1983,2,1994,2,19,45,26
2370,P021,7933,7938,1983,2,1984,3,4,6,2
2371,P022,7933,7933,1983,2,1983,2,1,1,0
2372,P023,7933,7933,1983,2,1983,2,1,1,0
2373,P024,7933,7933,1983,2,1983,2,1,1,0
2374,P025,7933,7933,1983,2,1983,2,1,1,0
2375,P026,7933,7933,1983,2,1983,2,1,1,0
2376,P027,7933,7935,1983,2,1983,4,3,3,0
2377,P028,7933,7982,1983,2,1995,3,29,50,21
2378,P029,7933,7933,1983,2,1983,2,1,1,0
2379,P030,7933,7933,1983,2,1983,2,1,1,0
2380,P031,7933,7933,1983,2,1983,2,1,1,0
2381,P032,7933,7933,1983,2,1983,2,1,1,0
2382,P033,7934,7935,1983,3,1983,4,2,2,0
2383,P034,7933,7935,1983,2,1983,4,2,3,1
2384,P035,7933,7948,1983,2,1987,1,5,16,11
2385,P036,7934,7934,1983,3,1983,3,1,1,0
2386,P037,7934,7946,1983,3,1986,3,3,13,10
2387,P038,7934,7967,1983,3,1991,4,6,34,28
2388,P039,7934,7934,1983,3,1983,3,1,1,0
2389,P040,7934,7934,1983,3,1983,3,1,1,0
2390,P041,7934,7938,1983,3,1984,3,2,5,3
2391,P042,7934,7978,1983,3,1994,3,17,45,28
2392,P043,7934,7962,1983,3,1990,3,6,29,23
2393,P044,7934,7934,1983,3,1983,3,1,1,0
2394,P045,7934,7934,1983,3,1983,3,1,1,0
2395,P046,7934,7956,1983,3,1989,1,3,23,20
2396,P047,7934,7934,1983,3,1983,3,1,1,0
2397,P048,7934,7935,1983,3,1983,4,2,2,0
2398,P049,7934,7960,1983,3,1990,1,3,27,24
2399,P050,7934,7946,1983,3,1986,3,4,13,9
2400,P051,7934,7945,1983,3,1986,2,7,12,5
2401,P052,7934,7970,1983,3,1992,3,16,37,21
2402,P053,7934,7941,1983,3,1985,2,4,8,4
2403,P054,7934,7974,1983,3,1993,3,18,41,23
2404,P055,7934,7934,1983,3,1983,3,1,1,0
2405,P056,7934,7934,1983,3,1983,3,1,1,0
2406,P057,7934,7934,1983,3,1983,3,1,1,0
2407,P058,7934,7942,1983,3,1985,3,6,9,3
2408,P059,7934,7945,1983,3,1986,2,7,12,5
2409,Q001,7996,8006,1999,1,2001,3,6,11,5
2410,Q002,7996,8001,1999,1,2000,2,2,6,4
2411,Q003,7996,8002,1999,1,2000,3,4,7,3
2412,Q004,7996,7996,1999,1,1999,1,1,1,0
2413,Q005,7996,7996,1999,1,1999,1,1,1,0
2414,Q006,7996,7996,1999,1,1999,1,1,1,0
2415,Q007,7996,8039,1999,1,2009,4,8,44,36
2416,Q008,7997,8022,1999,2,2005,3,9,26,17
2417,Q009,7997,7999,1999,2,1999,4,3,3,0
2418,Q010,7997,7997,1999,2,1999,2,1,1,0
2419,Q011,7997,7998,1999,2,1999,3,2,2,0
2420,Q012,7997,8013,1999,2,2003,2,6,17,11
2421,Q013,7997,7997,1999,2,1999,2,1,1,0
2422,Q014,7997,8002,1999,2,2000,3,5,6,1
2423,Q015,7997,8019,1999,2,2004,4,12,23,11
2424,Q016,7997,8000,1999,2,2000,1,3,4,1
2425,Q017,7997,7997,1999,2,1999,2,1,1,0
2426,Q018,7997,7998,1999,2,1999,3,2,2,0
2427,Q019,7997,7997,1999,2,1999,2,1,1,0
2428,Q020,7997,7997,1999,2,1999,2,1,1,0
2429,Q021,7997,7997,1999,2,1999,2,1,1,0
2430,Q022,7997,7998,1999,2,1999,3,2,2,0
2431,Q023,7997,7998,1999,2,1999,3,2,2,0
2432,Q024,7997,7998,1999,2,1999,3,2,2,0
2433,Q025,7997,7998,1999,2,1999,3,2,2,0
2434,Q026,7997,8010,1999,2,2002,3,5,14,9
2435,Q027,7997,8001,1999,2,2000,2,4,5,1
2436,Q028,7997,8045,1999,2,2011,2,23,49,26
2437,Q029,7997,8006,1999,2,2001,3,8,10,2
2438,Q030,7997,7998,1999,2,1999,3,2,2,0
2439,Q031,7997,8017,1999,2,2004,2,10,21,11
2440,Q032,7997,8009,1999,2,2002,2,10,13,3
2441,Q033,7997,8026,1999,2,2006,3,19,30,11
2442,Q034,7997,7997,1999,2,1999,2,1,1,0
2443,Q035,7997,7997,1999,2,1999,2,1,1,0
2444,Q036,7997,8029,1999,2,2007,2,17,33,16
2445,Q037,7997,7997,1999,2,1999,2,1,1,0
2446,Q038,7997,8000,1999,2,2000,1,4,4,0
2447,Q039,7997,8011,1999,2,2002,4,12,15,3
2448,Q040,7997,7997,1999,2,1999,2,1,1,0
2449,Q041,7997,8000,1999,2,2000,1,3,4,1
2450,Q042,7997,7997,1999,2,1999,2,1,1,0
2451,Q043,7997,7998,1999,2,1999,3,2,2,0
2452,Q044,7997,7997,1999,2,1999,2,1,1,0
2453,Q045,7997,7997,1999,2,1999,2,1,1,0
2454,Q046,7997,8007,1999,2,2001,4,7,11,4
2455,Q047,7997,7999,1999,2,1999,4,3,3,0
2456,Q048,7997,8007,1999,2,2001,4,8,11,3
2457,Q049,7997,8006,1999,2,2001,3,7,10,3
2458,Q050,7997,7998,1999,2,1999,3,2,2,0
2459,Q051,7997,7998,1999,2,1999,3,2,2,0
2460,Q052,7997,8006,1999,2,2001,3,8,10,2
2461,Q053,7997,8002,1999,2,2000,3,5,6,1
2462,Q054,7997,8001,1999,2,2000,2,3,5,2
2463,Q055,7997,7997,1999,2,1999,2,1,1,0
2464,Q056,7997,7997,1999,2,1999,2,1,1,0
2465,Q057,7997,7997,1999,2,1999,2,1,1,0
2466,Q058,7997,8000,1999,2,2000,1,4,4,0
2467,Q059,7997,8006,1999,2,2001,3,7,10,3
2468,Q060,7998,8019,1999,3,2004,4,5,22,17
2469,Q061,7998,8000,1999,3,2000,1,2,3,1
2470,Q062,7998,7998,1999,3,1999,3,1,1,0
2471,Q063,7998,7998,1999,3,1999,3,1,1,0
2472,Q064,7998,8003,1999,3,2000,4,5,6,1
2473,Q065,7998,8030,1999,3,2007,3,7,33,26
2474,Q066,7998,8032,1999,3,2008,1,9,35,26
2475,Q067,7998,8006,1999,3,2001,3,8,9,1
2476,Q068,7998,7998,1999,3,1999,3,1,1,0
2477,Q069,7998,8003,1999,3,2000,4,5,6,1
2478,Q070,7998,8007,1999,3,2001,4,7,10,3
2479,Q071,7998,7998,1999,3,1999,3,1,1,0
2480,Q072,7998,8025,1999,3,2006,2,11,28,17
2481,Q073,7998,8000,1999,3,2000,1,2,3,1
2482,Q074,7998,8033,1999,3,2008,2,19,36,17
2483,Q075,7998,8002,1999,3,2000,3,2,5,3
2484,Q076,7998,7998,1999,3,1999,3,1,1,0
2485,Q077,7998,8017,1999,3,2004,2,7,20,13
2486,Q078,7998,8011,1999,3,2002,4,9,14,5
2487,Q079,7998,8005,1999,3,2001,2,5,8,3
2488,Q080,7998,8000,1999,3,2000,1,3,3,0
2489,Q081,7998,8042,1999,3,2010,3,21,45,24
2490,Q082,7998,8001,1999,3,2000,2,4,4,0
2491,Q083,7998,8006,1999,3,2001,3,6,9,3
2492,Q084,7998,8010,1999,3,2002,3,9,13,4
2493,Q085,7998,8006,1999,3,2001,3,6,9,3
2494,Q086,7998,8005,1999,3,2001,2,7,8,1
2495,Q087,7998,8022,1999,3,2005,3,5,25,20
2496,Q088,7998,8003,1999,3,2000,4,4,6,2
2497,Q089,7998,7998,1999,3,1999,3,1,1,0
2498,Q090,7998,8013,1999,3,2003,2,4,16,12
2499,Q091,7998,7998,1999,3,1999,3,1,1,0
2500,Q092,7998,7998,1999,3,1999,3,1,1,0
2501,Q093,7998,8006,1999,3,2001,3,7,9,2
2502,Q094,7998,8034,1999,3,2008,3,14,37,23
2503,Q095,7998,8002,1999,3,2000,3,4,5,1
2504,Q096,7998,8009,1999,3,2002,2,3,12,9
2505,Q097,7999,8001,1999,4,2000,2,2,3,1
2506,Q098,7999,8005,1999,4,2001,2,5,7,2
2507,R002,7912,7918,1978,1,1979,3,2,7,5
2508,R003,7913,7922,1978,2,1980,3,4,10,6
2509,R004,7913,7913,1978,2,1978,2,1,1,0
2510,R005,7913,7913,1978,2,1978,2,1,1,0
2511,R006,7913,7913,1978,2,1978,2,1,1,0
2512,R007,7913,7913,1978,2,1978,2,1,1,0
2513,R008,7913,7918,1978,2,1979,3,2,6,4
2514,R009,7913,7913,1978,2,1978,2,1,1,0
2515,R010,7913,7930,1978,2,1982,3,4,18,14
2516,R011,7913,7925,1978,2,1981,2,3,13,10
2517,R012,7913,7913,1978,2,1978,2,1,1,0
2518,R013,7913,7957,1978,2,1989,2,15,45,30
2519,R014,7913,7921,1978,2,1980,2,4,9,5
2520,R015,7913,7922,1978,2,1980,3,3,10,7
2521,R016,7913,7938,1978,2,1984,3,10,26,16
2522,R017,7913,7913,1978,2,1978,2,1,1,0
2523,R018,7913,7913,1978,2,1978,2,1,1,0
2524,R019,7913,7932,1978,2,1983,1,2,20,18
2525,R020,7913,7913,1978,2,1978,2,1,1,0
2526,R021,7913,7913,1978,2,1978,2,1,1,0
2527,R022,7913,7937,1978,2,1984,2,3,25,22
2528,R023,7913,7913,1978,2,1978,2,1,1,0
2529,R025,7913,7926,1978,2,1981,3,4,14,10
2530,R026,7913,7913,1978,2,1978,2,1,1,0
2531,R027,7913,7913,1978,2,1978,2,1,1,0
2532,R028,7913,7926,1978,2,1981,3,5,14,9
2533,R029,7913,7926,1978,2,1981,3,3,14,11
2534,R030,7913,7913,1978,2,1978,2,1,1,0
2535,R031,7913,7913,1978,2,1978,2,1,1,0
2536,R032,7913,7925,1978,2,1981,2,3,13,10
2537,R033,7913,7918,1978,2,1979,3,2,6,4
2538,R034,7913,7918,1978,2,1979,3,2,6,4
2539,R035,7913,7913,1978,2,1978,2,1,1,0
2540,R036,7913,7913,1978,2,1978,2,1,1,0
2541,R037,7913,7913,1978,2,1978,2,1,1,0
2542,R038,7913,7913,1978,2,1978,2,1,1,0
2543,R039,7913,7933,1978,2,1983,2,3,21,18
2544,R040,7913,7913,1978,2,1978,2,1,1,0
2545,R041,7913,7913,1978,2,1978,2,1,1,0
2546,R042,7913,7918,1978,2,1979,3,2,6,4
2547,R043,7913,7913,1978,2,1978,2,1,1,0
2548,R044,7913,7918,1978,2,1979,3,2,6,4
2549,R045,7913,7913,1978,2,1978,2,1,1,0
2550,R046,7913,7913,1978,2,1978,2,1,1,0
2551,R047,7913,7913,1978,2,1978,2,1,1,0
2552,R048,7913,7962,1978,2,1990,3,8,50,42
2553,R049,7913,7913,1978,2,1978,2,1,1,0
2554,R050,7913,7918,1978,2,1979,3,2,6,4
2555,R051,7913,7913,1978,2,1978,2,1,1,0
2556,R052,7913,7918,1978,2,1979,3,2,6,4
2557,R053,7913,7918,1978,2,1979,3,2,6,4
2558,R054,7913,7922,1978,2,1980,3,2,10,8
2559,R055,7913,7913,1978,2,1978,2,1,1,0
2560,R056,7913,7913,1978,2,1978,2,1,1,0
2561,R057,7913,7918,1978,2,1979,3,2,6,4
2562,R058,7913,7918,1978,2,1979,3,2,6,4
2563,R059,7913,7913,1978,2,1978,2,1,1,0
2564,R060,7913,7913,1978,2,1978,2,1,1,0
2565,R061,7913,7913,1978,2,1978,2,1,1,0
2566,R062,7913,7913,1978,2,1978,2,1,1,0
2567,R063,7913,7926,1978,2,1981,3,4,14,10
2568,R064,7913,7926,1978,2,1981,3,4,14,10
2569,R065,7913,7943,1978,2,1985,4,5,31,26
2570,R066,7914,7914,1978,3,1978,3,1,1,0
2571,R067,7914,7919,1978,3,1979,4,2,6,4
2572,R068,7914,7919,1978,3,1979,4,2,6,4
2573,R069,7914,7919,1978,3,1979,4,2,6,4
2574,R070,7914,7919,1978,3,1979,4,2,6,4
2575,R071,7914,7914,1978,3,1978,3,1,1,0
2576,R072,7914,7914,1978,3,1978,3,1,1,0
2577,R073,7914,7914,1978,3,1978,3,1,1,0
2578,R074,7914,7919,1978,3,1979,4,2,6,4
2579,R075,7914,7919,1978,3,1979,4,2,6,4
2580,R076,7914,7919,1978,3,1979,4,2,6,4
2581,R077,7914,7914,1978,3,1978,3,1,1,0
2582,R078,7914,7919,1978,3,1979,4,2,6,4
2583,R079,7914,7914,1978,3,1978,3,1,1,0
2584,R080,7914,7919,1978,3,1979,4,2,6,4
2585,R081,7914,7914,1978,3,1978,3,1,1,0
2586,R082,7914,7914,1978,3,1978,3,1,1,0
2587,R083,7914,7919,1978,3,1979,4,2,6,4
2588,R084,7914,7914,1978,3,1978,3,1,1,0
2589,R085,7914,7914,1978,3,1978,3,1,1,0
2590,R086,7914,7914,1978,3,1978,3,1,1,0
2591,R087,7914,7919,1978,3,1979,4,2,6,4
2592,R088,7914,7914,1978,3,1978,3,1,1,0
2593,R089,7914,7914,1978,3,1978,3,1,1,0
2594,R090,7914,7914,1978,3,1978,3,1,1,0
2595,R091,7914,7942,1978,3,1985,3,4,29,25
2596,R092,7914,7914,1978,3,1978,3,1,1,0
2597,R093,7914,7918,1978,3,1979,3,2,5,3
2598,R094,7914,7918,1978,3,1979,3,2,5,3
2663,S001,7984,7984,1996,1,1996,1,1,1,0
2664,S002,7984,7984,1996,1,1996,1,1,1,0
2665,S003,7984,7984,1996,1,1996,1,1,1,0
2666,S004,7984,7984,1996,1,1996,1,1,1,0
2667,S005,7984,7984,1996,1,1996,1,1,1,0
2668,S006,7984,7996,1996,1,1999,1,6,13,7
2669,S007,7985,7985,1996,2,1996,2,1,1,0
2670,S008,7985,7985,1996,2,1996,2,1,1,0
2671,S009,7985,7985,1996,2,1996,2,1,1,0
2672,S010,7985,7985,1996,2,1996,2,1,1,0
2673,S011,7985,8001,1996,2,2000,2,10,17,7
2674,S012,7985,7985,1996,2,1996,2,1,1,0
2675,S013,7985,7985,1996,2,1996,2,1,1,0
2676,S014,7985,8002,1996,2,2000,3,9,18,9
2677,S015,7985,7988,1996,2,1997,1,4,4,0
2678,S016,7985,7997,1996,2,1999,2,10,13,3
2679,S017,7985,7985,1996,2,1996,2,1,1,0
2680,S018,7985,7991,1996,2,1997,4,7,7,0
2681,S019,7985,7985,1996,2,1996,2,1,1,0
2682,S020,7985,7985,1996,2,1996,2,1,1,0
2683,S021,7985,7985,1996,2,1996,2,1,1,0
2684,S022,7986,7986,1996,3,1996,3,1,1,0
2685,S023,7986,7996,1996,3,1999,1,7,11,4
2686,S024,7986,8010,1996,3,2002,3,17,25,8
2687,S025,7986,7986,1996,3,1996,3,1,1,0
2688,S026,7986,8001,1996,3,2000,2,10,16,6
2689,S027,7986,7998,1996,3,1999,3,10,13,3
2690,S028,7986,7986,1996,3,1996,3,1,1,0
2691,S029,7986,7991,1996,3,1997,4,2,6,4
2692,S030,7986,7988,1996,3,1997,1,3,3,0
2693,S031,7986,7998,1996,3,1999,3,4,13,9
2694,S032,7986,7987,1996,3,1996,4,2,2,0
2695,S033,7986,7991,1996,3,1997,4,4,6,2
2696,S034,7986,7987,1996,3,1996,4,2,2,0
2697,S035,7986,7990,1996,3,1997,3,3,5,2
2698,S036,7986,7987,1996,3,1996,4,2,2,0
2699,S037,7986,8006,1996,3,2001,3,6,21,15
2700,S038,7986,7998,1996,3,1999,3,3,13,10
2701,S039,7986,7986,1996,3,1996,3,1,1,0
2702,S040,7986,7986,1996,3,1996,3,1,1,0
2703,S041,7986,7990,1996,3,1997,3,2,5,3
2704,S042,7986,8014,1996,3,2003,3,4,29,25
2705,S043,7986,8001,1996,3,2000,2,9,16,7
2706,S044,7987,8021,1996,4,2005,2,5,35,30
2707,S045,7987,7987,1996,4,1996,4,1,1,0
2708,T001,7968,7978,1992,1,1994,3,2,11,9
2709,T002,7968,7968,1992,1,1992,1,1,1,0
2710,T004,7968,7968,1992,1,1992,1,1,1,0
2711,T005,7969,7969,1992,2,1992,2,1,1,0
2712,T006,7969,7972,1992,2,1993,1,4,4,0
2713,T007,7969,7974,1992,2,1993,3,3,6,3
2714,T008,7969,7978,1992,2,1994,3,6,10,4
2715,T009,7969,7969,1992,2,1992,2,1,1,0
2716,T010,7969,7970,1992,2,1992,3,2,2,0
2717,T011,7969,7970,1992,2,1992,3,2,2,0
2718,T012,7969,7969,1992,2,1992,2,1,1,0
2719,T013,7969,7978,1992,2,1994,3,8,10,2
2720,T014,7969,7971,1992,2,1992,4,3,3,0
2721,T015,7969,7975,1992,2,1993,4,7,7,0
2722,T016,7969,7986,1992,2,1996,3,8,18,10
2723,T017,7969,7989,1992,2,1997,2,8,21,13
2724,T018,7969,7974,1992,2,1993,3,5,6,1
2725,T019,7969,7970,1992,2,1992,3,2,2,0
2726,T020,7969,7974,1992,2,1993,3,4,6,2
2727,T021,7969,7975,1992,2,1993,4,7,7,0
2728,T022,7969,7981,1992,2,1995,2,5,13,8
2729,T023,7969,7969,1992,2,1992,2,1,1,0
2730,T024,7969,7982,1992,2,1995,3,7,14,7
2731,T025,7969,7997,1992,2,1999,2,13,29,16
2732,T026,7969,7970,1992,2,1992,3,2,2,0
2733,T027,7969,7969,1992,2,1992,2,1,1,0
2734,T028,7969,7969,1992,2,1992,2,1,1,0
2735,T029,7969,7969,1992,2,1992,2,1,1,0
2736,T030,7969,7982,1992,2,1995,3,10,14,4
2737,T031,7969,7978,1992,2,1994,3,6,10,4
2738,T032,7969,8002,1992,2,2000,3,23,34,11
2739,T033,7969,7998,1992,2,1999,3,22,30,8
2740,T034,7969,7969,1992,2,1992,2,1,1,0
2741,T035,7969,7969,1992,2,1992,2,1,1,0
2742,T036,7969,7969,1992,2,1992,2,1,1,0
2743,T037,7969,7969,1992,2,1992,2,1,1,0
2744,T038,7969,7969,1992,2,1992,2,1,1,0
2745,T039,7969,7969,1992,2,1992,2,1,1,0
2746,T040,7969,7969,1992,2,1992,2,1,1,0
2747,T041,7969,7975,1992,2,1993,4,6,7,1
2748,T042,7969,7969,1992,2,1992,2,1,1,0
2749,T043,7969,7969,1992,2,1992,2,1,1,0
2750,T044,7969,7969,1992,2,1992,2,1,1,0
2751,T045,7969,7969,1992,2,1992,2,1,1,0
2752,T046,7969,7969,1992,2,1992,2,1,1,0
2753,T047,7969,8015,1992,2,2003,4,35,47,12
2754,T048,7969,7994,1992,2,1998,3,13,26,13
2755,T049,7969,7969,1992,2,1992,2,1,1,0
2756,T050,7969,8007,1992,2,2001,4,19,39,20
2757,T051,7969,7984,1992,2,1996,1,8,16,8
2758,T052,7969,7969,1992,2,1992,2,1,1,0
2759,T053,7969,7971,1992,2,1992,4,3,3,0
2760,T054,7969,7971,1992,2,1992,4,2,3,1
2761,T055,7969,7978,1992,2,1994,3,3,10,7
2763,T057,7969,7974,1992,2,1993,3,4,6,2
2764,T058,7969,7974,1992,2,1993,3,4,6,2
2765,T059,7969,7975,1992,2,1993,4,6,7,1
2766,T060,7969,7978,1992,2,1994,3,7,10,3
2767,T061,7969,7974,1992,2,1993,3,5,6,1
2768,T062,7969,7978,1992,2,1994,3,7,10,3
2769,T063,7969,7971,1992,2,1992,4,3,3,0
2770,T064,7969,7978,1992,2,1994,3,6,10,4
2771,T065,7969,7976,1992,2,1994,1,7,8,1
2772,T066,7969,7983,1992,2,1995,4,9,15,6
2773,T067,7969,7969,1992,2,1992,2,1,1,0
2774,T068,7969,7976,1992,2,1994,1,6,8,2
2775,T069,7969,7969,1992,2,1992,2,1,1,0
2776,T070,7969,7970,1992,2,1992,3,2,2,0
2777,T071,7969,7990,1992,2,1997,3,8,22,14
2778,T072,7969,7986,1992,2,1996,3,8,18,10
2779,T073,7970,7998,1992,3,1999,3,9,29,20
2780,T074,7970,7970,1992,3,1992,3,1,1,0
2781,T075,7970,7979,1992,3,1994,4,5,10,5
2782,T076,7970,7978,1992,3,1994,3,2,9,7
2783,T077,7970,7985,1992,3,1996,2,9,16,7
2784,T078,7970,7974,1992,3,1993,3,5,5,0
2785,T079,7970,7998,1992,3,1999,3,9,29,20
2786,T080,7970,7980,1992,3,1995,1,5,11,6
2787,T081,7970,7987,1992,3,1996,4,12,18,6
2788,T082,7970,7986,1992,3,1996,3,14,17,3
2789,T083,7970,7981,1992,3,1995,2,12,12,0
2790,T084,7970,7982,1992,3,1995,3,8,13,5
2791,T085,7970,7981,1992,3,1995,2,10,12,2
2792,T086,7970,7994,1992,3,1998,3,11,25,14
2793,T087,7970,7994,1992,3,1998,3,10,25,15
2794,T088,7970,7974,1992,3,1993,3,3,5,2
2795,T089,7970,7985,1992,3,1996,2,10,16,6
2796,T090,7970,7972,1992,3,1993,1,2,3,1
2797,T091,7970,7975,1992,3,1993,4,4,6,2
2798,T092,7970,7970,1992,3,1992,3,1,1,0
2799,T093,7970,7978,1992,3,1994,3,8,9,1
2800,T094,7970,7973,1992,3,1993,2,4,4,0
2801,T095,7970,7983,1992,3,1995,4,6,14,8
2802,T096,7970,7978,1992,3,1994,3,4,9,5
2803,T097,7970,7983,1992,3,1995,4,6,14,8
2804,T098,7970,7978,1992,3,1994,3,6,9,3
2805,T099,7970,7973,1992,3,1993,2,2,4,2
2806,T100,7970,7973,1992,3,1993,2,2,4,2
2807,T101,7971,7986,1992,4,1996,3,7,16,9
2808,T102,7971,8001,1992,4,2000,2,10,31,21
2809,T103,7971,7972,1992,4,1993,1,2,2,0
2810,T104,7971,7971,1992,4,1992,4,1,1,0
2811,T105,7971,7971,1992,4,1992,4,1,1,0
2812,T106,7971,7998,1992,4,1999,3,9,28,19
2813,T107,7971,7974,1992,4,1993,3,2,4,2
2814,T108,7971,7995,1992,4,1998,4,4,25,21
2815,T109,7971,7978,1992,4,1994,3,4,8,4
2816,U001,8004,8004,2001,1,2001,1,1,1,0
2817,U002,8004,8004,2001,1,2001,1,1,1,0
2818,U003,8005,8014,2001,2,2003,3,6,10,4
2819,U004,8005,8005,2001,2,2001,2,1,1,0
2820,U005,8005,8014,2001,2,2003,3,6,10,4
2821,U006,8005,8005,2001,2,2001,2,1,1,0
2822,U007,8005,8006,2001,2,2001,3,2,2,0
2823,U008,8005,8039,2001,2,2009,4,13,35,22
2824,U009,8005,8019,2001,2,2004,4,9,15,6
2825,U010,8005,8011,2001,2,2002,4,4,7,3
2826,U011,8005,8008,2001,2,2002,1,3,4,1
2827,U012,8005,8033,2001,2,2008,2,8,29,21
2828,U013,8005,8005,2001,2,2001,2,1,1,0
2829,U014,8005,8005,2001,2,2001,2,1,1,0
2830,U015,8005,8005,2001,2,2001,2,1,1,0
2831,U016,8005,8005,2001,2,2001,2,1,1,0
2832,U017,8005,8005,2001,2,2001,2,1,1,0
2833,U018,8005,8005,2001,2,2001,2,1,1,0
2834,U019,8005,8010,2001,2,2002,3,6,6,0
2835,U020,8005,8012,2001,2,2003,1,6,8,2
2836,U021,8005,8007,2001,2,2001,4,3,3,0
2837,U022,8005,8005,2001,2,2001,2,1,1,0
2838,U023,8006,8011,2001,3,2002,4,5,6,1
2839,U024,8006,8009,2001,3,2002,2,4,4,0
2840,U025,8006,8008,2001,3,2002,1,3,3,0
2841,U026,8006,8010,2001,3,2002,3,4,5,1
2842,U027,8006,8007,2001,3,2001,4,2,2,0
2843,U028,8006,8007,2001,3,2001,4,2,2,0
2844,U029,8006,8007,2001,3,2001,4,2,2,0
2845,U030,8006,8007,2001,3,2001,4,2,2,0
2846,U031,8006,8022,2001,3,2005,3,7,17,10
2847,U032,8006,8017,2001,3,2004,2,6,12,6
2848,U033,8006,8010,2001,3,2002,3,3,5,2
2849,U034,8006,8015,2001,3,2003,4,5,10,5
2850,U035,8006,8022,2001,3,2005,3,9,17,8
2851,U036,8006,8010,2001,3,2002,3,5,5,0
2852,U037,8006,8007,2001,3,2001,4,2,2,0
2853,U038,8006,8010,2001,3,2002,3,3,5,2
2854,U039,8006,8011,2001,3,2002,4,5,6,1
2855,U040,8006,8008,2001,3,2002,1,2,3,1
2856,U041,8006,8022,2001,3,2005,3,6,17,11
2857,U042,8006,8006,2001,3,2001,3,1,1,0
2858,U043,8006,8013,2001,3,2003,2,4,8,4
2859,U044,8006,8018,2001,3,2004,3,6,13,7
2860,U045,8006,8010,2001,3,2002,3,3,5,2
2861,U046,8006,8018,2001,3,2004,3,4,13,9
2862,U047,8006,8013,2001,3,2003,2,4,8,4
2863,U048,8006,8013,2001,3,2003,2,7,8,1
2864,U049,8006,8014,2001,3,2003,3,9,9,0
2865,U050,8006,8025,2001,3,2006,2,9,20,11
2866,U051,8006,8018,2001,3,2004,3,8,13,5
2867,U052,8006,8014,2001,3,2003,3,5,9,4
2868,U053,8006,8022,2001,3,2005,3,9,17,8
2869,U054,8006,8014,2001,3,2003,3,7,9,2
2870,U055,8006,8006,2001,3,2001,3,1,1,0
2871,U056,8006,8008,2001,3,2002,1,3,3,0
2872,U057,8006,8029,2001,3,2007,2,13,24,11
2873,U058,8006,8006,2001,3,2001,3,1,1,0
2874,U059,8006,8008,2001,3,2002,1,3,3,0
2875,U060,8006,8013,2001,3,2003,2,6,8,2
2876,U061,8006,8022,2001,3,2005,3,7,17,10
2877,U062,8006,8017,2001,3,2004,2,10,12,2
2878,U063,8006,8010,2001,3,2002,3,5,5,0
2879,U064,8006,8037,2001,3,2009,2,11,32,21
2880,U065,8006,8008,2001,3,2002,1,3,3,0
2881,U066,8006,8008,2001,3,2002,1,3,3,0
2882,U067,8006,8021,2001,3,2005,2,10,16,6
2883,U068,8006,8030,2001,3,2007,3,16,25,9
2884,U069,8006,8033,2001,3,2008,2,8,28,20
2885,U070,8006,8022,2001,3,2005,3,7,17,10
2886,U071,8006,8008,2001,3,2002,1,3,3,0
2887,U072,8006,8033,2001,3,2008,2,5,28,23
2888,U073,8006,8015,2001,3,2003,4,4,10,6
2889,U075,8006,8006,2001,3,2001,3,1,1,0
2890,U076,8006,8012,2001,3,2003,1,3,7,4
3389,V001,7960,7962,1990,1,1990,3,3,3,0
3390,V002,7960,7962,1990,1,1990,3,3,3,0
3391,V003,7960,7964,1990,1,1991,1,2,5,3
3392,V004,7960,7960,1990,1,1990,1,1,1,0
3393,V005,7960,7960,1990,1,1990,1,1,1,0
3394,V006,7961,7961,1990,2,1990,2,1,1,0
3395,V007,7961,7970,1990,2,1992,3,7,10,3
3396,V008,7961,7962,1990,2,1990,3,2,2,0
3397,V009,7961,7965,1990,2,1991,2,5,5,0
3398,V010,7961,7969,1990,2,1992,2,6,9,3
3399,V011,7961,7963,1990,2,1990,4,3,3,0
3400,V012,7961,7963,1990,2,1990,4,2,3,1
3401,V013,7961,7966,1990,2,1991,3,2,6,4
3402,V014,7961,7961,1990,2,1990,2,1,1,0
3403,V015,7961,7961,1990,2,1990,2,1,1,0
3404,V016,7961,7970,1990,2,1992,3,9,10,1
3405,V017,7961,7961,1990,2,1990,2,1,1,0
3406,V018,7961,7962,1990,2,1990,3,2,2,0
3407,V019,7961,7978,1990,2,1994,3,11,18,7
3408,V020,7961,7963,1990,2,1990,4,2,3,1
3409,V021,7961,7978,1990,2,1994,3,11,18,7
3410,V022,7961,7961,1990,2,1990,2,1,1,0
3411,V023,7961,7962,1990,2,1990,3,2,2,0
3412,V024,7961,7961,1990,2,1990,2,1,1,0
3413,V025,7961,7961,1990,2,1990,2,1,1,0
3414,V026,7961,7967,1990,2,1991,4,7,7,0
3415,V027,7961,7967,1990,2,1991,4,4,7,3
3416,V028,7961,7961,1990,2,1990,2,1,1,0
3417,V029,7961,7961,1990,2,1990,2,1,1,0
3418,V030,7961,7961,1990,2,1990,2,1,1,0
3419,V031,7961,7963,1990,2,1990,4,3,3,0
3420,V032,7961,7962,1990,2,1990,3,2,2,0
3421,V033,7961,7966,1990,2,1991,3,3,6,3
3422,V034,7961,7968,1990,2,1992,1,8,8,0
3423,V035,7961,7995,1990,2,1998,4,13,35,22
3424,V036,7961,7977,1990,2,1994,2,12,17,5
3425,V037,7961,7967,1990,2,1991,4,6,7,1
3426,V038,7961,7998,1990,2,1999,3,19,38,19
3427,V039,7961,7970,1990,2,1992,3,6,10,4
3428,V040,7961,7990,1990,2,1997,3,16,30,14
3429,V041,7961,7992,1990,2,1998,1,24,32,8
3430,V042,7961,7966,1990,2,1991,3,3,6,3
3431,V043,7961,7991,1990,2,1997,4,17,31,14
3432,V044,7961,7982,1990,2,1995,3,16,22,6
3433,V045,7961,7970,1990,2,1992,3,8,10,2
3434,V046,7961,7963,1990,2,1990,4,3,3,0
3435,V047,7961,7962,1990,2,1990,3,2,2,0
3436,V048,7961,7962,1990,2,1990,3,2,2,0
3437,V049,7961,7961,1990,2,1990,2,1,1,0
3438,V050,7961,7961,1990,2,1990,2,1,1,0
3439,V051,7961,7969,1990,2,1992,2,9,9,0
3440,V052,7962,7968,1990,3,1992,1,6,7,1
3441,V053,7962,7970,1990,3,1992,3,7,9,2
3442,V054,7962,7979,1990,3,1994,4,9,18,9
3443,V055,7962,7971,1990,3,1992,4,6,10,4
3444,V056,7962,7964,1990,3,1991,1,2,3,1
3445,V057,7962,7962,1990,3,1990,3,1,1,0
3446,V058,7962,7986,1990,3,1996,3,13,25,12
3447,V059,7962,7962,1990,3,1990,3,1,1,0
3448,V060,7962,7962,1990,3,1990,3,1,1,0
3449,V061,7962,7962,1990,3,1990,3,1,1,0
3450,V062,7962,7967,1990,3,1991,4,5,6,1
3451,V063,7962,7962,1990,3,1990,3,1,1,0
3452,V064,7962,7986,1990,3,1996,3,6,25,19
3453,V065,7962,7962,1990,3,1990,3,1,1,0
3454,V066,7962,7962,1990,3,1990,3,1,1,0
3455,V067,7962,7968,1990,3,1992,1,4,7,3
3456,V068,7962,7974,1990,3,1993,3,4,13,9
3457,V069,7962,7965,1990,3,1991,2,3,4,1
3458,V070,7962,7962,1990,3,1990,3,1,1,0
3459,V071,7962,7968,1990,3,1992,1,6,7,1
3460,V072,7962,7967,1990,3,1991,4,6,6,0
3461,V073,7962,7970,1990,3,1992,3,3,9,6
3462,V074,7962,7978,1990,3,1994,3,8,17,9
3463,V075,7962,7981,1990,3,1995,2,8,20,12
3464,V076,7962,7982,1990,3,1995,3,14,21,7
3465,V077,7962,7977,1990,3,1994,2,5,16,11
3466,V078,7960,7966,1990,1,1991,3,3,7,4
3467,V079,7962,7967,1990,3,1991,4,5,6,1
3468,V080,7962,7982,1990,3,1995,3,8,21,13
3469,V081,7962,7993,1990,3,1998,2,10,32,22
3470,V082,7962,7965,1990,3,1991,2,4,4,0
3471,V083,7962,7965,1990,3,1991,2,4,4,0
3472,V084,7962,7975,1990,3,1993,4,10,14,4
3473,V085,7962,7974,1990,3,1993,3,6,13,7
3474,V086,7962,7967,1990,3,1991,4,6,6,0
3475,V087,7962,7972,1990,3,1993,1,10,11,1
3476,V088,7962,7968,1990,3,1992,1,2,7,5
3477,V089,7962,8014,1990,3,2003,3,14,53,39
3478,V090,7962,7978,1990,3,1994,3,4,17,13
3479,V091,7962,7976,1990,3,1994,1,9,15,6
3480,V092,7962,7966,1990,3,1991,3,2,5,3
3481,V093,7962,7966,1990,3,1991,3,3,5,2
3482,V094,7963,7963,1990,4,1990,4,1,1,0
3483,V095,7963,7975,1990,4,1993,4,5,13,8
3484,V096,7963,7965,1990,4,1991,2,3,3,0
3485,V097,7963,7966,1990,4,1991,3,4,4,0
3486,V098,7963,7978,1990,4,1994,3,9,16,7
3487,V099,7963,7987,1990,4,1996,4,7,25,18
3488,W001,7906,7906,1976,3,1976,3,1,1,0
3489,W004,7914,7915,1978,3,1978,4,2,2,0
3490,W005,7917,7917,1979,2,1979,2,1,1,0
3491,W006,7917,7917,1979,2,1979,2,1,1,0
3492,W007,7918,7918,1979,3,1979,3,1,1,0
3493,W008,7918,7918,1979,3,1979,3,1,1,0
3494,W009,7918,7918,1979,3,1979,3,1,1,0
3495,W010,7918,7923,1979,3,1980,4,3,6,3
3496,W011,7918,7964,1979,3,1991,1,18,47,29
3497,W012,7918,7918,1979,3,1979,3,1,1,0
3498,W013,7918,7918,1979,3,1979,3,1,1,0
3499,W014,7918,7962,1979,3,1990,3,26,45,19
3500,W015,7918,7918,1979,3,1979,3,1,1,0
3501,W016,7918,7958,1979,3,1989,3,19,41,22
3502,W017,7918,7927,1979,3,1981,4,2,10,8
3503,W018,7918,7918,1979,3,1979,3,1,1,0
3504,W019,7918,7918,1979,3,1979,3,1,1,0
3505,W020,7918,7918,1979,3,1979,3,1,1,0
3506,W021,7918,7931,1979,3,1982,4,2,14,12
3507,W022,7918,7918,1979,3,1979,3,1,1,0
3508,W023,7918,7921,1979,3,1980,2,2,4,2
3509,W024,7918,7952,1979,3,1988,1,9,35,26
3510,W025,7918,7938,1979,3,1984,3,5,21,16
3511,W026,7918,7945,1979,3,1986,2,14,28,14
3512,W027,7918,7927,1979,3,1981,4,3,10,7
3513,W028,7918,7918,1979,3,1979,3,1,1,0
3514,W029,7918,7918,1979,3,1979,3,1,1,0
3515,W030,7918,7926,1979,3,1981,3,3,9,6
3516,W031,7918,7918,1979,3,1979,3,1,1,0
3517,W032,7918,7953,1979,3,1988,2,7,36,29
3518,W033,7918,7926,1979,3,1981,3,4,9,5
3519,W034,7918,7921,1979,3,1980,2,2,4,2
3520,W035,7918,7933,1979,3,1983,2,4,16,12
3521,W036,7918,7937,1979,3,1984,2,2,20,18
3522,W037,7918,7918,1979,3,1979,3,1,1,0
3523,W038,7918,7944,1979,3,1986,1,6,27,21
3524,W039,7918,7922,1979,3,1980,3,2,5,3
3525,W040,7918,7930,1979,3,1982,3,3,13,10
3526,W041,7918,7918,1979,3,1979,3,1,1,0
3527,W042,7918,7922,1979,3,1980,3,2,5,3
3528,W043,7918,7918,1979,3,1979,3,1,1,0
3529,W044,7918,7918,1979,3,1979,3,1,1,0
3530,W045,7918,7918,1979,3,1979,3,1,1,0
3531,W046,7918,7918,1979,3,1979,3,1,1,0
3532,W047,7918,7930,1979,3,1982,3,3,13,10
3533,W048,7918,7922,1979,3,1980,3,2,5,3
3534,W049,7918,7922,1979,3,1980,3,2,5,3
3535,W050,7918,7918,1979,3,1979,3,1,1,0
3536,W052,7918,7918,1979,3,1979,3,1,1,0
3537,W053,7918,7918,1979,3,1979,3,1,1,0
3538,W054,7918,7938,1979,3,1984,3,4,21,17
3539,W055,7918,7918,1979,3,1979,3,1,1,0
3540,W056,7918,7922,1979,3,1980,3,2,5,3
3541,W057,7918,7918,1979,3,1979,3,1,1,0
3542,W058,7918,7933,1979,3,1983,2,3,16,13
3543,W059,7918,7918,1979,3,1979,3,1,1,0
3544,W060,7918,7918,1979,3,1979,3,1,1,0
3545,W061,7918,7918,1979,3,1979,3,1,1,0
3546,W062,7918,7918,1979,3,1979,3,1,1,0
3547,W063,7918,7929,1979,3,1982,2,2,12,10
3548,W064,7918,7934,1979,3,1983,3,3,17,14
3549,W065,7918,7934,1979,3,1983,3,3,17,14
3550,W066,7918,7918,1979,3,1979,3,1,1,0
3551,W067,7918,7918,1979,3,1979,3,1,1,0
3552,W068,7918,7926,1979,3,1981,3,3,9,6
3553,W069,7919,7923,1979,4,1980,4,3,5,2
3554,X001,8000,8002,2000,1,2000,3,2,3,1
3555,X002,8000,8002,2000,1,2000,3,2,3,1
3556,X003,8001,8010,2000,2,2002,3,8,10,2
3557,X004,8001,8013,2000,2,2003,2,4,13,9
3558,X005,8001,8025,2000,2,2006,2,12,25,13
3559,X006,8001,8017,2000,2,2004,2,4,17,13
3560,X007,8001,8015,2000,2,2003,4,9,15,6
3561,X008,8001,8009,2000,2,2002,2,4,9,5
3562,X009,8001,8006,2000,2,2001,3,5,6,1
3563,X010,8001,8011,2000,2,2002,4,6,11,5
3564,X011,8001,8013,2000,2,2003,2,7,13,6
3565,X012,8001,8017,2000,2,2004,2,6,17,11
3566,X013,8001,8002,2000,2,2000,3,2,2,0
3567,X014,8001,8006,2000,2,2001,3,4,6,2
3568,X015,8001,8010,2000,2,2002,3,7,10,3
3569,X016,8001,8007,2000,2,2001,4,4,7,3
3570,X017,8001,8006,2000,2,2001,3,4,6,2
3571,X018,8001,8004,2000,2,2001,1,4,4,0
3572,X019,8001,8004,2000,2,2001,1,3,4,1
3573,X020,8001,8001,2000,2,2000,2,1,1,0
3574,X021,8001,8003,2000,2,2000,4,3,3,0
3575,X022,8001,8002,2000,2,2000,3,2,2,0
3576,X023,8001,8002,2000,2,2000,3,2,2,0
3577,X024,8001,8018,2000,2,2004,3,11,18,7
3578,X025,8001,8002,2000,2,2000,3,2,2,0
3579,X026,8001,8002,2000,2,2000,3,2,2,0
3580,X027,8001,8002,2000,2,2000,3,2,2,0
3581,X028,8001,8002,2000,2,2000,3,2,2,0
3582,X029,8001,8001,2000,2,2000,2,1,1,0
3583,X030,8001,8014,2000,2,2003,3,9,14,5
3584,X031,8001,8003,2000,2,2000,4,3,3,0
3585,X032,8001,8001,2000,2,2000,2,1,1,0
3586,X033,8001,8002,2000,2,2000,3,2,2,0
3587,X034,8001,8007,2000,2,2001,4,6,7,1
3588,X035,8001,8017,2000,2,2004,2,14,17,3
3589,X036,8001,8006,2000,2,2001,3,4,6,2
3590,X037,8001,8006,2000,2,2001,3,4,6,2
3591,X038,8001,8003,2000,2,2000,4,3,3,0
3592,X039,8001,8002,2000,2,2000,3,2,2,0
3593,X040,8002,8002,2000,3,2000,3,1,1,0
3594,X041,8002,8018,2000,3,2004,3,8,17,9
3595,X042,8002,8005,2000,3,2001,2,3,4,1
3596,X043,8002,8003,2000,3,2000,4,2,2,0
3597,X044,8002,8013,2000,3,2003,2,7,12,5
3598,X045,8002,8008,2000,3,2002,1,6,7,1
3599,X046,8002,8002,2000,3,2000,3,1,1,0
3600,X047,8002,8002,2000,3,2000,3,1,1,0
3601,X048,8002,8004,2000,3,2001,1,3,3,0
3602,X049,8002,8011,2000,3,2002,4,7,10,3
3603,X050,8002,8002,2000,3,2000,3,1,1,0
3604,X051,8002,8010,2000,3,2002,3,6,9,3
3605,X052,8002,8002,2000,3,2000,3,1,1,0
3606,X053,8002,8002,2000,3,2000,3,1,1,0
3607,X054,8002,8006,2000,3,2001,3,3,5,2
3608,X055,8002,8011,2000,3,2002,4,5,10,5
3609,X056,8002,8002,2000,3,2000,3,1,1,0
3610,X057,8002,8006,2000,3,2001,3,4,5,1
3611,X058,8002,8002,2000,3,2000,3,1,1,0
3612,X059,8002,8006,2000,3,2001,3,3,5,2
3613,X060,8002,8006,2000,3,2001,3,3,5,2
3614,X061,8002,8002,2000,3,2000,3,1,1,0
3615,X062,8002,8002,2000,3,2000,3,1,1,0
3616,X063,8002,8004,2000,3,2001,1,2,3,1
3617,X064,8002,8006,2000,3,2001,3,3,5,2
3618,X065,8002,8010,2000,3,2002,3,4,9,5
3619,X066,8002,8004,2000,3,2001,1,3,3,0
3620,X067,8002,8006,2000,3,2001,3,4,5,1
3621,X068,8002,8009,2000,3,2002,2,2,8,6
3622,X069,8002,8004,2000,3,2001,1,2,3,1
3623,X070,8002,8022,2000,3,2005,3,3,21,18
3624,X071,8002,8004,2000,3,2001,1,3,3,0
3625,X072,8002,8007,2000,3,2001,4,5,6,1
3626,X073,8002,8010,2000,3,2002,3,7,9,2
3627,X074,8002,8002,2000,3,2000,3,1,1,0
3628,X075,8002,8008,2000,3,2002,1,4,7,3
3629,X076,8002,8017,2000,3,2004,2,4,16,12
3630,X077,8002,8006,2000,3,2001,3,2,5,3
3631,X078,8002,8034,2000,3,2008,3,4,33,29
3632,X079,8002,8003,2000,3,2000,4,2,2,0
3633,X080,8002,8017,2000,3,2004,2,4,16,12
3634,X081,8002,8003,2000,3,2000,4,2,2,0
3635,X082,8002,8010,2000,3,2002,3,3,9,6
3636,X083,8002,8008,2000,3,2002,1,5,7,2
3637,X084,8002,8010,2000,3,2002,3,6,9,3
3638,X085,8002,8006,2000,3,2001,3,3,5,2
3639,X086,8002,8034,2000,3,2008,3,6,33,27
3640,X087,8002,8002,2000,3,2000,3,1,1,0
3641,X088,8002,8020,2000,3,2005,1,10,19,9
3642,X089,8002,8006,2000,3,2001,3,5,5,0
3643,Z066,7978,7991,1994,3,1997,4,7,14,7
3644,X090,8002,8002,2000,3,2000,3,1,1,0
3645,X091,8002,8002,2000,3,2000,3,1,1,0
3646,X092,8003,8011,2000,4,2002,4,5,9,4
3647,Y001,7925,7942,1981,2,1985,3,8,18,10
3648,Y002,7925,7928,1981,2,1982,1,4,4,0
3649,Y003,7925,7925,1981,2,1981,2,1,1,0
3650,Y004,7926,7957,1981,3,1989,2,5,32,27
3651,Y005,7925,7937,1981,2,1984,2,6,13,7
3652,Y006,7925,7937,1981,2,1984,2,10,13,3
3653,Y007,7925,7929,1981,2,1982,2,3,5,2
3654,Y008,7925,7930,1981,2,1982,3,3,6,3
3655,Y009,7925,7925,1981,2,1981,2,1,1,0
3656,Y010,7925,7950,1981,2,1987,3,6,26,20
3657,Y011,7925,7938,1981,2,1984,3,8,14,6
3658,Y012,7925,7932,1981,2,1983,1,4,8,4
3659,Y013,7925,7925,1981,2,1981,2,1,1,0
3660,Y014,7926,7926,1981,3,1981,3,1,1,0
3661,Y015,7926,7938,1981,3,1984,3,7,13,6
3662,Y016,7926,7941,1981,3,1985,2,9,16,7
3663,Y017,7926,7938,1981,3,1984,3,8,13,5
3664,Y018,7926,7959,1981,3,1989,4,11,34,23
3665,Y019,7926,7941,1981,3,1985,2,10,16,6
3666,Y020,7926,7926,1981,3,1981,3,1,1,0
3667,Y021,7926,7928,1981,3,1982,1,3,3,0
3668,Y022,7926,7926,1981,3,1981,3,1,1,0
3669,Y023,7926,7964,1981,3,1991,1,12,39,27
3670,Y024,7926,7926,1981,3,1981,3,1,1,0
3671,Y025,7926,7931,1981,3,1982,4,4,6,2
3672,Y026,7926,7961,1981,3,1990,2,16,36,20
3673,Y027,7926,7926,1981,3,1981,3,1,1,0
3674,Y028,7926,7926,1981,3,1981,3,1,1,0
3675,Y029,7926,7941,1981,3,1985,2,5,16,11
3676,Y030,7926,7926,1981,3,1981,3,1,1,0
3677,Y031,7926,7926,1981,3,1981,3,1,1,0
3678,Y032,7926,7926,1981,3,1981,3,1,1,0
3679,Y033,7926,7945,1981,3,1986,2,6,20,14
3680,Y034,7926,7926,1981,3,1981,3,1,1,0
3681,Y035,7926,7938,1981,3,1984,3,4,13,9
3682,Y036,7926,7933,1981,3,1983,2,3,8,5
3683,Y037,7926,7929,1981,3,1982,2,2,4,2
3684,Y038,7926,7938,1981,3,1984,3,2,13,11
3685,Y039,7926,7949,1981,3,1987,2,6,24,18
3686,Y040,7926,7926,1981,3,1981,3,1,1,0
3687,Y041,7926,7930,1981,3,1982,3,4,5,1
3688,Y043,7926,7950,1981,3,1987,3,5,25,20
3689,Y044,7927,7927,1981,4,1981,4,1,1,0
3690,Y045,7927,7929,1981,4,1982,2,3,3,0
3691,Y046,7927,7939,1981,4,1984,4,7,13,6
3692,Y047,7927,7966,1981,4,1991,3,7,40,33
3693,Y048,7927,7927,1981,4,1981,4,1,1,0
3694,Y049,7927,7947,1981,4,1986,4,5,21,16
3695,Y050,7927,7935,1981,4,1983,4,2,9,7
3696,Z001,7976,7976,1994,1,1994,1,1,1,0
3697,Z002,7976,7976,1994,1,1994,1,1,1,0
3698,Z003,7976,7988,1994,1,1997,1,5,13,8
3699,Z004,7976,7978,1994,1,1994,3,2,3,1
3700,Z005,7977,7980,1994,2,1995,1,4,4,0
3701,Z006,7977,7980,1994,2,1995,1,4,4,0
3702,Z007,7977,7977,1994,2,1994,2,1,1,0
3703,Z008,7977,7977,1994,2,1994,2,1,1,0
3704,Z009,7977,7980,1994,2,1995,1,4,4,0
3705,Z010,7977,7979,1994,2,1994,4,3,3,0
3706,Z011,7977,7980,1994,2,1995,1,4,4,0
3707,Z012,7977,7977,1994,2,1994,2,1,1,0
3708,Z013,7977,7977,1994,2,1994,2,1,1,0
3709,Z014,7977,7982,1994,2,1995,3,5,6,1
3710,Z015,7977,7993,1994,2,1998,2,10,17,7
3711,Z016,7977,7995,1994,2,1998,4,15,19,4
3712,Z017,7977,7977,1994,2,1994,2,1,1,0
3713,Z018,7977,7982,1994,2,1995,3,5,6,1
3714,Z019,7977,7984,1994,2,1996,1,7,8,1
3715,Z020,7977,7982,1994,2,1995,3,6,6,0
3716,Z021,7977,8006,1994,2,2001,3,9,30,21
3717,Z022,7977,7977,1994,2,1994,2,1,1,0
3718,Z023,7977,7982,1994,2,1995,3,6,6,0
3719,Z024,7977,7977,1994,2,1994,2,1,1,0
3720,Z025,7977,7977,1994,2,1994,2,1,1,0
3721,Z026,7977,7986,1994,2,1996,3,8,10,2
3722,Z027,7977,7982,1994,2,1995,3,5,6,1
3723,Z028,7977,7995,1994,2,1998,4,10,19,9
3724,Z029,7977,7977,1994,2,1994,2,1,1,0
3725,Z030,7977,7977,1994,2,1994,2,1,1,0
3726,Z031,7977,7977,1994,2,1994,2,1,1,0
3727,Z032,7977,7978,1994,2,1994,3,2,2,0
3728,Z033,7977,7977,1994,2,1994,2,1,1,0
3729,Z034,7977,7978,1994,2,1994,3,2,2,0
3730,Z035,7977,7977,1994,2,1994,2,1,1,0
3731,Z036,7977,7982,1994,2,1995,3,6,6,0
3732,Z037,7977,7977,1994,2,1994,2,1,1,0
3733,Z038,7977,7977,1994,2,1994,2,1,1,0
3734,Z039,7977,7977,1994,2,1994,2,1,1,0
3735,Z040,7977,7977,1994,2,1994,2,1,1,0
3736,Z041,7977,7977,1994,2,1994,2,1,1,0
3737,Z042,7977,7977,1994,2,1994,2,1,1,0
3738,Z043,7977,7977,1994,2,1994,2,1,1,0
3739,Z044,7977,8022,1994,2,2005,3,15,46,31
3740,Z045,7977,7993,1994,2,1998,2,3,17,14
3741,Z046,7977,7977,1994,2,1994,2,1,1,0
3742,Z047,7977,7979,1994,2,1994,4,3,3,0
3743,Z048,7977,8002,1994,2,2000,3,8,26,18
3744,Z049,7977,7977,1994,2,1994,2,1,1,0
3745,Z050,7977,7983,1994,2,1995,4,5,7,2
3746,Z051,7977,7977,1994,2,1994,2,1,1,0
3747,Z052,7977,7977,1994,2,1994,2,1,1,0
3748,Z053,7977,8007,1994,2,2001,4,16,31,15
3749,Z054,7977,7977,1994,2,1994,2,1,1,0
3750,Z055,7977,7977,1994,2,1994,2,1,1,0
3751,Z056,7977,8017,1994,2,2004,2,16,41,25
3752,Z057,7977,7998,1994,2,1999,3,9,22,13
3753,Z058,7977,7977,1994,2,1994,2,1,1,0
3754,Z059,7977,7977,1994,2,1994,2,1,1,0
3755,Z060,7978,7993,1994,3,1998,2,7,16,9
3756,Z061,7978,8002,1994,3,2000,3,13,25,12
3757,Z062,7978,7987,1994,3,1996,4,4,10,6
3758,Z063,7978,7987,1994,3,1996,4,8,10,2
3759,Z064,7978,7987,1994,3,1996,4,7,10,3
3760,Z065,7978,7987,1994,3,1996,4,6,10,4
3761,Z067,7978,7979,1994,3,1994,4,2,2,0
3762,Z068,7978,7978,1994,3,1994,3,1,1,0
3763,Z069,7978,7978,1994,3,1994,3,1,1,0
3764,Z070,7978,7978,1994,3,1994,3,1,1,0
3765,Z071,7978,7990,1994,3,1997,3,4,13,9
3766,Z072,7978,7986,1994,3,1996,3,4,9,5
3767,Z073,7978,7987,1994,3,1996,4,5,10,5
3768,Z074,7978,7983,1994,3,1995,4,4,6,2
3769,Z075,7978,7987,1994,3,1996,4,3,10,7
3770,Z076,7978,7990,1994,3,1997,3,6,13,7
3771,Z077,7978,7978,1994,3,1994,3,1,1,0
3772,Z078,7978,7986,1994,3,1996,3,4,9,5
3773,Z079,7978,7982,1994,3,1995,3,2,5,3
3774,Z080,7978,7978,1994,3,1994,3,1,1,0
3775,Z081,7978,7980,1994,3,1995,1,3,3,0
3776,Z082,7978,7978,1994,3,1994,3,1,1,0
3777,Z083,7978,7978,1994,3,1994,3,1,1,0
3778,Z084,7978,7978,1994,3,1994,3,1,1,0
3779,Z085,7978,7997,1994,3,1999,2,9,20,11
3780,Z086,7978,7984,1994,3,1996,1,4,7,3
3781,Z087,7978,7986,1994,3,1996,3,3,9,6
3782,Z088,7978,7998,1994,3,1999,3,8,21,13
3783,Z089,7978,8022,1994,3,2005,3,19,45,26
3784,Z090,7978,7999,1994,3,1999,4,11,22,11
3785,Z091,7979,7980,1994,4,1995,1,2,2,0
3786,Z092,7979,8006,1994,4,2001,3,10,28,18
3787,Z093,7979,8010,1994,4,2002,3,23,32,9
3788,Z094,7979,7998,1994,4,1999,3,9,20,11
3789,Z095,7979,7979,1994,4,1994,4,1,1,0
3790,Z096,7979,7979,1994,4,1994,4,1,1,0
