individual_id,tattoo,q_index,year,quarter
2,001B,8026,2006,3
2,001B,8027,2006,4
2,001B,8028,2007,1
2,001B,8029,2007,2
2,001B,8030,2007,3
2,001B,8031,2007,4
2,001B,8032,2008,1
2,001B,8033,2008,2
2,001B,8034,2008,3
2,001B,8035,2008,4
2,001B,8036,2009,1
5,001E,8054,2013,3
5,001E,8055,2013,4
5,001E,8056,2014,1
5,001E,8057,2014,2
5,001E,8058,2014,3
5,001E,8059,2014,4
5,001E,8060,2015,1
5,001E,8061,2015,2
10,001K,8050,2012,3
10,001K,8051,2012,4
10,001K,8052,2013,1
10,001K,8053,2013,2
10,001K,8055,2013,4
10,001K,8056,2014,1
11,001L,8045,2011,2
11,001L,8046,2011,3
11,001L,8047,2011,4
11,001L,8048,2012,1
11,001L,8050,2012,3
11,001L,8051,2012,4
11,001L,8052,2013,1
11,001L,8053,2013,2
11,001L,8055,2013,4
11,001L,8056,2014,1
11,001L,8057,2014,2
14,001P,8035,2008,4
14,001P,8036,2009,1
14,001P,8037,2009,2
14,001P,8038,2009,3
14,001P,8039,2009,4
14,001P,8040,2010,1
14,001P,8041,2010,2
14,001P,8042,2010,3
14,001P,8043,2010,4
14,001P,8044,2011,1
14,001P,8045,2011,2
14,001P,8046,2011,3
14,001P,8048,2012,1
14,001P,8049,2012,2
14,001P,8052,2013,1
14,001P,8054,2013,3
14,001P,8056,2014,1
24,001Z,8080,2020,1
24,001Z,8081,2020,2
24,001Z,8084,2021,1
24,001Z,8085,2021,2
24,001Z,8088,2022,1
25,002A,8060,2015,1
25,002A,8064,2016,1
25,002A,8065,2016,2
25,002A,8066,2016,3
25,002A,8067,2016,4
25,002A,8068,2017,1
25,002A,8069,2017,2
25,002A,8071,2017,4
25,002A,8072,2018,1
26,002B,8028,2007,1
26,002B,8030,2007,3
26,002B,8031,2007,4
26,002B,8032,2008,1
29,002E,8055,2013,4
29,002E,8056,2014,1
29,002E,8057,2014,2
30,002F,8042,2010,3
30,002F,8044,2011,1
30,002F,8045,2011,2
30,002F,8046,2011,3
30,002F,8047,2011,4
30,002F,8048,2012,1
31,002G,8013,2003,2
31,002G,8014,2003,3
31,002G,8015,2003,4
31,002G,8016,2004,1
31,002G,8017,2004,2
31,002G,8018,2004,3
31,002G,8019,2004,4
31,002G,8021,2005,2
31,002G,8024,2006,1
31,002G,8025,2006,2
31,002G,8026,2006,3
31,002G,8027,2006,4
31,002G,8028,2007,1
34,002K,8050,2012,3
34,002K,8051,2012,4
34,002K,8052,2013,1
34,002K,8054,2013,3
34,002K,8055,2013,4
34,002K,8057,2014,2
34,002K,8058,2014,3
34,002K,8063,2015,4
34,002K,8064,2016,1
34,002K,8066,2016,3
37,002N,8038,2009,3
37,002N,8040,2010,1
37,002N,8043,2010,4
38,002P,8036,2009,1
38,002P,8039,2009,4
38,002P,8040,2010,1
38,002P,8042,2010,3
38,002P,8043,2010,4
38,002P,8044,2011,1
38,002P,8045,2011,2
38,002P,8046,2011,3
38,002P,8047,2011,4
38,002P,8048,2012,1
39,002Q,8099,2024,4
39,002Q,8100,2025,1
41,002S,8085,2021,2
42,002T,8069,2017,2
42,002T,8071,2017,4
42,002T,8072,2018,1
42,002T,8073,2018,2
42,002T,8074,2018,3
42,002T,8075,2018,4
42,002T,8076,2019,1
42,002T,8077,2019,2
42,002T,8078,2019,3
44,002V,8063,2015,4
44,002V,8065,2016,2
44,002V,8066,2016,3
44,002V,8067,2016,4
44,002V,8068,2017,1
44,002V,8070,2017,3
44,002V,8071,2017,4
44,002V,8072,2018,1
44,002V,8076,2019,1
44,002V,8080,2020,1
44,002V,8081,2020,2
47,002Y,8030,2007,3
47,002Y,8031,2007,4
47,002Y,8032,2008,1
47,002Y,8033,2008,2
47,002Y,8034,2008,3
47,002Y,8035,2008,4
47,002Y,8036,2009,1
47,002Y,8037,2009,2
47,002Y,8038,2009,3
47,002Y,8039,2009,4
47,002Y,8040,2010,1
47,002Y,8041,2010,2
47,002Y,8042,2010,3
47,002Y,8043,2010,4
47,002Y,8044,2011,1
49,003A,8060,2015,1
49,003A,8064,2016,1
49,003A,8065,2016,2
49,003A,8067,2016,4
49,003A,8068,2017,1
49,003A,8069,2017,2
49,003A,8070,2017,3
49,003A,8071,2017,4
49,003A,8072,2018,1
49,003A,8074,2018,3
49,003A,8075,2018,4
49,003A,8076,2019,1
50,003B,8028,2007,1
52,003D,8090,2022,3
52,003D,8092,2023,1
53,003E,8055,2013,4
53,003E,8056,2014,1
60,003M,8073,2018,2
61,003N,8038,2009,3
61,003N,8040,2010,1
61,003N,8047,2011,4
61,003N,8048,2012,1
65,003S,8086,2021,3
65,003S,8087,2021,4
65,003S,8088,2022,1
68,003V,8065,2016,2
73,004A,8059,2014,4
73,004A,8060,2015,1
73,004A,8061,2015,2
73,004A,8063,2015,4
73,004A,8064,2016,1
75,004C,8069,2017,2
75,004C,8071,2017,4
75,004C,8072,2018,1
75,004C,8073,2018,2
84,004M,8074,2018,3
84,004M,8075,2018,4
84,004M,8076,2019,1
84,004M,8077,2019,2
86,004P,8034,2008,3
86,004P,8035,2008,4
86,004P,8036,2009,1
87,004Q,8100,2025,1
88,004R,8017,2004,2
88,004R,8018,2004,3
88,004R,8019,2004,4
88,004R,8020,2005,1
89,004S,8088,2022,1
93,004W,8024,2006,1
93,004W,8026,2006,3
93,004W,8028,2007,1
96,004Z,8080,2020,1
96,004Z,8081,2020,2
97,005A,8060,2015,1
97,005A,8061,2015,2
98,005B,8028,2007,1
99,005C,8066,2016,3
99,005C,8069,2017,2
99,005C,8070,2017,3
99,005C,8071,2017,4
99,005C,8072,2018,1
99,005C,8073,2018,2
100,005D,8090,2022,3
100,005D,8092,2023,1
100,005D,8094,2023,3
104,005H,8084,2021,1
105,005J,8095,2023,4
105,005J,8096,2024,1
107,005L,8052,2013,1
107,005L,8056,2014,1
108,005M,8074,2018,3
108,005M,8075,2018,4
108,005M,8076,2019,1
108,005M,8077,2019,2
109,005N,8040,2010,1
109,005N,8044,2011,1
110,005P,8034,2008,3
110,005P,8035,2008,4
110,005P,8036,2009,1
110,005P,8037,2009,2
110,005P,8038,2009,3
110,005P,8039,2009,4
110,005P,8040,2010,1
110,005P,8041,2010,2
117,005W,8024,2006,1
121,006A,8060,2015,1
121,006A,8062,2015,3
121,006A,8063,2015,4
121,006A,8064,2016,1
121,006A,8066,2016,3
121,006A,8067,2016,4
121,006A,8068,2017,1
121,006A,8069,2017,2
123,006C,8069,2017,2
123,006C,8070,2017,3
123,006C,8072,2018,1
123,006C,8073,2018,2
125,006E,8056,2014,1
127,006G,8014,2003,3
127,006G,8016,2004,1
131,006L,8048,2012,1
131,006L,8051,2012,4
131,006L,8052,2013,1
131,006L,8055,2013,4
131,006L,8056,2014,1
132,006M,8075,2018,4
132,006M,8076,2019,1
132,006M,8077,2019,2
135,006Q,8100,2025,1
143,006Y,8030,2007,3
145,007A,8059,2014,4
145,007A,8060,2015,1
145,007A,8062,2015,3
145,007A,8063,2015,4
145,007A,8064,2016,1
147,007C,8069,2017,2
148,007D,8092,2023,1
150,007F,8042,2010,3
150,007F,8043,2010,4
150,007F,8044,2011,1
150,007F,8046,2011,3
150,007F,8047,2011,4
150,007F,8048,2012,1
150,007F,8049,2012,2
150,007F,8050,2012,3
150,007F,8051,2012,4
150,007F,8052,2013,1
150,007F,8054,2013,3
150,007F,8055,2013,4
150,007F,8056,2014,1
150,007F,8057,2014,2
151,007G,8014,2003,3
151,007G,8016,2004,1
151,007G,8019,2004,4
151,007G,8020,2005,1
151,007G,8021,2005,2
151,007G,8023,2005,4
151,007G,8024,2006,1
151,007G,8025,2006,2
156,007M,8076,2019,1
156,007M,8079,2019,4
156,007M,8080,2020,1
156,007M,8081,2020,2
156,007M,8082,2020,3
156,007M,8083,2020,4
156,007M,8084,2021,1
158,007P,8034,2008,3
162,007T,8071,2017,4
162,007T,8072,2018,1
167,007Y,8031,2007,4
170,008B,8028,2007,1
170,008B,8030,2007,3
170,008B,8031,2007,4
170,008B,8032,2008,1
170,008B,8034,2008,3
170,008B,8035,2008,4
170,008B,8036,2009,1
170,008B,8038,2009,3
170,008B,8039,2009,4
170,008B,8040,2010,1
170,008B,8041,2010,2
170,008B,8043,2010,4
170,008B,8044,2011,1
175,008G,8014,2003,3
179,008L,8047,2011,4
179,008L,8048,2012,1
179,008L,8050,2012,3
179,008L,8051,2012,4
179,008L,8052,2013,1
180,008M,8076,2019,1
180,008M,8079,2019,4
180,008M,8080,2020,1
180,008M,8081,2020,2
182,008P,8035,2008,4
182,008P,8038,2009,3
182,008P,8040,2010,1
182,008P,8042,2010,3
182,008P,8043,2010,4
183,008Q,8100,2025,1
183,008Q,8101,2025,2
189,008W,8023,2005,4
189,008W,8024,2006,1
189,008W,8025,2006,2
189,008W,8026,2006,3
189,008W,8027,2006,4
189,008W,8028,2007,1
189,008W,8029,2007,2
189,008W,8030,2007,3
189,008W,8031,2007,4
189,008W,8032,2008,1
189,008W,8033,2008,2
189,008W,8034,2008,3
189,008W,8035,2008,4
189,008W,8036,2009,1
194,009B,8028,2007,1
198,009F,8042,2010,3
202,009K,8052,2013,1
203,009L,8047,2011,4
203,009L,8048,2012,1
204,009M,8076,2019,1
205,009N,8039,2009,4
205,009N,8040,2010,1
205,009N,8044,2011,1
205,009N,8047,2011,4
205,009N,8048,2012,1
206,009P,8038,2009,3
206,009P,8044,2011,1
206,009P,8047,2011,4
206,009P,8048,2012,1
206,009P,8052,2013,1
206,009P,8056,2014,1
207,009Q,8100,2025,1
208,009R,8020,2005,1
208,009R,8021,2005,2
208,009R,8023,2005,4
208,009R,8024,2006,1
209,009S,8086,2021,3
209,009S,8087,2021,4
209,009S,8088,2022,1
216,009Z,8080,2020,1
216,009Z,8081,2020,2
216,009Z,8084,2021,1
217,010A,8059,2014,4
217,010A,8060,2015,1
221,010E,8056,2014,1
221,010E,8060,2015,1
222,010F,8042,2010,3
222,010F,8043,2010,4
222,010F,8044,2011,1
222,010F,8048,2012,1
222,010F,8049,2012,2
222,010F,8050,2012,3
222,010F,8051,2012,4
222,010F,8052,2013,1
222,010F,8053,2013,2
222,010F,8054,2013,3
222,010F,8055,2013,4
222,010F,8056,2014,1
222,010F,8057,2014,2
222,010F,8058,2014,3
222,010F,8059,2014,4
222,010F,8060,2015,1
222,010F,8061,2015,2
222,010F,8062,2015,3
222,010F,8063,2015,4
222,010F,8064,2016,1
222,010F,8065,2016,2
222,010F,8066,2016,3
222,010F,8067,2016,4
222,010F,8068,2017,1
222,010F,8069,2017,2
222,010F,8070,2017,3
222,010F,8071,2017,4
222,010F,8072,2018,1
226,010L,8047,2011,4
226,010L,8048,2012,1
226,010L,8049,2012,2
227,010M,8074,2018,3
228,010N,8038,2009,3
228,010N,8040,2010,1
228,010N,8042,2010,3
228,010N,8044,2011,1
228,010N,8045,2011,2
228,010N,8047,2011,4
228,010N,8048,2012,1
228,010N,8050,2012,3
228,010N,8051,2012,4
228,010N,8052,2013,1
228,010N,8053,2013,2
229,010P,8036,2009,1
229,010P,8038,2009,3
229,010P,8039,2009,4
229,010P,8040,2010,1
229,010P,8042,2010,3
229,010P,8043,2010,4
229,010P,8044,2011,1
229,010P,8046,2011,3
229,010P,8047,2011,4
229,010P,8048,2012,1
229,010P,8049,2012,2
229,010P,8050,2012,3
229,010P,8051,2012,4
229,010P,8052,2013,1
229,010P,8053,2013,2
229,010P,8055,2013,4
229,010P,8056,2014,1
229,010P,8059,2014,4
229,010P,8060,2015,1
230,010Q,8100,2025,1
232,010S,8088,2022,1
235,010V,8062,2015,3
235,010V,8064,2016,1
238,010Y,8032,2008,1
238,010Y,8036,2009,1
238,010Y,8040,2010,1
238,010Y,8041,2010,2
238,010Y,8042,2010,3
238,010Y,8043,2010,4
238,010Y,8044,2011,1
238,010Y,8045,2011,2
238,010Y,8046,2011,3
238,010Y,8047,2011,4
238,010Y,8048,2012,1
238,010Y,8049,2012,2
238,010Y,8051,2012,4
238,010Y,8052,2013,1
239,010Z,8080,2020,1
239,010Z,8081,2020,2
239,010Z,8083,2020,4
239,010Z,8084,2021,1
241,011B,8028,2007,1
241,011B,8031,2007,4
241,011B,8032,2008,1
241,011B,8033,2008,2
245,011F,8042,2010,3
246,011G,8016,2004,1
246,011G,8018,2004,3
246,011G,8019,2004,4
246,011G,8020,2005,1
250,011M,8075,2018,4
250,011M,8076,2019,1
250,011M,8077,2019,2
254,011R,8020,2005,1
260,011Y,8032,2008,1
260,011Y,8038,2009,3
260,011Y,8040,2010,1
260,011Y,8047,2011,4
260,011Y,8048,2012,1
261,011Z,8079,2019,4
261,011Z,8080,2020,1
261,011Z,8081,2020,2
263,012B,8030,2007,3
263,012B,8032,2008,1
263,012B,8034,2008,3
263,012B,8035,2008,4
263,012B,8036,2009,1
263,012B,8037,2009,2
263,012B,8038,2009,3
264,012C,8068,2017,1
265,012D,8092,2023,1
265,012D,8093,2023,2
265,012D,8095,2023,4
265,012D,8096,2024,1
265,012D,8099,2024,4
265,012D,8100,2025,1
266,012E,8055,2013,4
266,012E,8056,2014,1
266,012E,8059,2014,4
266,012E,8060,2015,1
266,012E,8062,2015,3
266,012E,8063,2015,4
266,012E,8064,2016,1
266,012E,8065,2016,2
266,012E,8067,2016,4
266,012E,8068,2017,1
266,012E,8069,2017,2
266,012E,8071,2017,4
266,012E,8072,2018,1
266,012E,8074,2018,3
266,012E,8075,2018,4
266,012E,8076,2019,1
266,012E,8078,2019,3
266,012E,8079,2019,4
266,012E,8080,2020,1
266,012E,8081,2020,2
266,012E,8083,2020,4
266,012E,8084,2021,1
267,012F,8042,2010,3
267,012F,8044,2011,1
268,012G,8018,2004,3
268,012G,8019,2004,4
268,012G,8020,2005,1
268,012G,8022,2005,3
268,012G,8023,2005,4
268,012G,8024,2006,1
268,012G,8026,2006,3
268,012G,8027,2006,4
268,012G,8028,2007,1
269,012H,8083,2020,4
269,012H,8084,2021,1
269,012H,8085,2021,2
269,012H,8086,2021,3
269,012H,8087,2021,4
269,012H,8088,2022,1
271,012L,8047,2011,4
271,012L,8048,2012,1
271,012L,8051,2012,4
271,012L,8052,2013,1
271,012L,8055,2013,4
271,012L,8056,2014,1
271,012L,8057,2014,2
272,012M,8075,2018,4
272,012M,8076,2019,1
272,012M,8077,2019,2
274,012P,8036,2009,1
274,012P,8037,2009,2
274,012P,8038,2009,3
274,012P,8039,2009,4
274,012P,8040,2010,1
274,012P,8041,2010,2
274,012P,8043,2010,4
274,012P,8044,2011,1
274,012P,8047,2011,4
274,012P,8048,2012,1
274,012P,8051,2012,4
274,012P,8052,2013,1
276,012R,8020,2005,1
276,012R,8022,2005,3
276,012R,8023,2005,4
276,012R,8024,2006,1
276,012R,8025,2006,2
276,012R,8027,2006,4
277,012S,8087,2021,4
277,012S,8088,2022,1
282,012Y,8032,2008,1
283,012Z,8079,2019,4
283,012Z,8080,2020,1
283,012Z,8081,2020,2
287,013D,8092,2023,1
287,013D,8096,2024,1
287,013D,8099,2024,4
287,013D,8100,2025,1
288,013E,8056,2014,1
288,013E,8060,2015,1
288,013E,8062,2015,3
288,013E,8063,2015,4
288,013E,8064,2016,1
289,013F,8042,2010,3
289,013F,8044,2011,1
290,013G,8016,2004,1
290,013G,8019,2004,4
290,013G,8020,2005,1
290,013G,8021,2005,2
290,013G,8023,2005,4
290,013G,8024,2006,1
290,013G,8025,2006,2
290,013G,8026,2006,3
290,013G,8027,2006,4
290,013G,8028,2007,1
290,013G,8029,2007,2
290,013G,8030,2007,3
290,013G,8031,2007,4
290,013G,8032,2008,1
293,013L,8048,2012,1
294,013M,8076,2019,1
294,013M,8080,2020,1
294,013M,8081,2020,2
294,013M,8084,2021,1
295,013N,8040,2010,1
295,013N,8044,2011,1
295,013N,8048,2012,1
296,013P,8035,2008,4
296,013P,8036,2009,1
296,013P,8038,2009,3
296,013P,8039,2009,4
296,013P,8040,2010,1
297,013Q,8100,2025,1
297,013Q,8102,2025,3
304,013Y,8032,2008,1
304,013Y,8033,2008,2
304,013Y,8037,2009,2
304,013Y,8038,2009,3
304,013Y,8039,2009,4
304,013Y,8040,2010,1
304,013Y,8041,2010,2
304,013Y,8042,2010,3
304,013Y,8043,2010,4
304,013Y,8044,2011,1
304,013Y,8045,2011,2
305,013Z,8079,2019,4
305,013Z,8081,2020,2
305,013Z,8083,2020,4
305,013Z,8084,2021,1
305,013Z,8087,2021,4
305,013Z,8088,2022,1
305,013Z,8089,2022,2
305,013Z,8090,2022,3
305,013Z,8092,2023,1
305,013Z,8093,2023,2
306,014A,8058,2014,3
306,014A,8059,2014,4
306,014A,8063,2015,4
307,014B,8030,2007,3
307,014B,8031,2007,4
307,014B,8032,2008,1
307,014B,8033,2008,2
307,014B,8034,2008,3
307,014B,8035,2008,4
309,014D,8092,2023,1
309,014D,8096,2024,1
309,014D,8097,2024,2
309,014D,8099,2024,4
309,014D,8100,2025,1
315,014L,8048,2012,1
316,014M,8076,2019,1
316,014M,8080,2020,1
316,014M,8081,2020,2
317,014N,8040,2010,1
317,014N,8044,2011,1
317,014N,8045,2011,2
317,014N,8047,2011,4
317,014N,8048,2012,1
318,014P,8038,2009,3
318,014P,8044,2011,1
318,014P,8047,2011,4
319,014Q,8099,2024,4
319,014Q,8100,2025,1
319,014Q,8102,2025,3
327,014Z,8081,2020,2
327,014Z,8083,2020,4
327,014Z,8084,2021,1
327,014Z,8085,2021,2
328,015A,8058,2014,3
329,015B,8027,2006,4
329,015B,8031,2007,4
329,015B,8032,2008,1
329,015B,8035,2008,4
330,015C,8076,2019,1
337,015L,8047,2011,4
337,015L,8048,2012,1
338,015M,8076,2019,1
340,015P,8038,2009,3
340,015P,8044,2011,1
340,015P,8047,2011,4
340,015P,8052,2013,1
340,015P,8054,2013,3
340,015P,8056,2014,1
340,015P,8060,2015,1
344,015T,8072,2018,1
344,015T,8075,2018,4
344,015T,8076,2019,1
344,015T,8077,2019,2
345,015V,8068,2017,1
345,015V,8071,2017,4
345,015V,8072,2018,1
348,015Y,8032,2008,1
348,015Y,8033,2008,2
348,015Y,8034,2008,3
348,015Y,8035,2008,4
348,015Y,8036,2009,1
348,015Y,8037,2009,2
348,015Y,8038,2009,3
348,015Y,8039,2009,4
350,016A,8058,2014,3
350,016A,8060,2015,1
350,016A,8061,2015,2
350,016A,8063,2015,4
350,016A,8064,2016,1
350,016A,8065,2016,2
350,016A,8066,2016,3
350,016A,8067,2016,4
351,016B,8030,2007,3
351,016B,8031,2007,4
351,016B,8032,2008,1
351,016B,8034,2008,3
351,016B,8035,2008,4
351,016B,8036,2009,1
351,016B,8038,2009,3
351,016B,8039,2009,4
351,016B,8040,2010,1
352,016C,8068,2017,1
352,016C,8071,2017,4
352,016C,8072,2018,1
354,016E,8056,2014,1
354,016E,8057,2014,2
354,016E,8058,2014,3
354,016E,8059,2014,4
354,016E,8060,2015,1
354,016E,8061,2015,2
354,016E,8062,2015,3
354,016E,8063,2015,4
354,016E,8064,2016,1
354,016E,8065,2016,2
354,016E,8066,2016,3
354,016E,8067,2016,4
354,016E,8068,2017,1
354,016E,8069,2017,2
354,016E,8070,2017,3
354,016E,8071,2017,4
354,016E,8072,2018,1
356,016G,8018,2004,3
356,016G,8019,2004,4
360,016M,8075,2018,4
360,016M,8076,2019,1
360,016M,8080,2020,1
360,016M,8081,2020,2
361,016N,8038,2009,3
361,016N,8040,2010,1
361,016N,8041,2010,2
361,016N,8042,2010,3
361,016N,8044,2011,1
362,016P,8036,2009,1
362,016P,8040,2010,1
362,016P,8043,2010,4
362,016P,8044,2011,1
362,016P,8046,2011,3
362,016P,8047,2011,4
362,016P,8048,2012,1
362,016P,8049,2012,2
362,016P,8051,2012,4
362,016P,8052,2013,1
362,016P,8055,2013,4
362,016P,8056,2014,1
362,016P,8057,2014,2
362,016P,8059,2014,4
362,016P,8060,2015,1
364,016R,8018,2004,3
364,016R,8019,2004,4
364,016R,8020,2005,1
364,016R,8021,2005,2
367,016V,8072,2018,1
367,016V,8075,2018,4
367,016V,8076,2019,1
367,016V,8079,2019,4
367,016V,8080,2020,1
367,016V,8081,2020,2
372,017A,8062,2015,3
372,017A,8065,2016,2
372,017A,8067,2016,4
372,017A,8068,2017,1
372,017A,8069,2017,2
372,017A,8070,2017,3
372,017A,8071,2017,4
372,017A,8072,2018,1
373,017B,8028,2007,1
373,017B,8029,2007,2
373,017B,8031,2007,4
373,017B,8032,2008,1
373,017B,8034,2008,3
373,017B,8035,2008,4
373,017B,8036,2009,1
373,017B,8038,2009,3
373,017B,8039,2009,4
373,017B,8040,2010,1
373,017B,8042,2010,3
373,017B,8043,2010,4
373,017B,8044,2011,1
377,017F,8042,2010,3
377,017F,8048,2012,1
381,017L,8048,2012,1
382,017M,8075,2018,4
382,017M,8076,2019,1
385,017Q,8099,2024,4
385,017Q,8100,2025,1
385,017Q,8101,2025,2
386,017R,8020,2005,1
386,017R,8024,2006,1
386,017R,8025,2006,2
386,017R,8027,2006,4
386,017R,8028,2007,1
386,017R,8030,2007,3
386,017R,8032,2008,1
386,017R,8036,2009,1
389,017V,8063,2015,4
389,017V,8064,2016,1
389,017V,8067,2016,4
389,017V,8068,2017,1
389,017V,8070,2017,3
389,017V,8071,2017,4
389,017V,8072,2018,1
392,017Y,8030,2007,3
392,017Y,8031,2007,4
392,017Y,8032,2008,1
392,017Y,8033,2008,2
392,017Y,8034,2008,3
392,017Y,8035,2008,4
392,017Y,8036,2009,1
393,017Z,8081,2020,2
393,017Z,8084,2021,1
394,018A,8058,2014,3
394,018A,8060,2015,1
394,018A,8062,2015,3
394,018A,8063,2015,4
394,018A,8064,2016,1
394,018A,8065,2016,2
394,018A,8066,2016,3
394,018A,8067,2016,4
394,018A,8069,2017,2
394,018A,8070,2017,3
394,018A,8071,2017,4
394,018A,8072,2018,1
394,018A,8073,2018,2
394,018A,8074,2018,3
395,018B,8028,2007,1
395,018B,8029,2007,2
395,018B,8032,2008,1
395,018B,8033,2008,2
395,018B,8034,2008,3
395,018B,8035,2008,4
395,018B,8036,2009,1
395,018B,8038,2009,3
395,018B,8040,2010,1
395,018B,8042,2010,3
395,018B,8043,2010,4
395,018B,8044,2011,1
400,018G,8016,2004,1
400,018G,8018,2004,3
400,018G,8020,2005,1
400,018G,8021,2005,2
400,018G,8022,2005,3
400,018G,8023,2005,4
400,018G,8024,2006,1
400,018G,8025,2006,2
400,018G,8026,2006,3
400,018G,8027,2006,4
400,018G,8028,2007,1
400,018G,8029,2007,2
400,018G,8030,2007,3
400,018G,8032,2008,1
403,018L,8047,2011,4
403,018L,8048,2012,1
403,018L,8052,2013,1
404,018M,8076,2019,1
404,018M,8077,2019,2
404,018M,8079,2019,4
404,018M,8080,2020,1
404,018M,8081,2020,2
404,018M,8082,2020,3
404,018M,8083,2020,4
404,018M,8084,2021,1
405,018N,8040,2010,1
405,018N,8044,2011,1
405,018N,8048,2012,1
405,018N,8049,2012,2
406,018P,8038,2009,3
407,018Q,8099,2024,4
407,018Q,8100,2025,1
407,018Q,8101,2025,2
408,018R,8019,2004,4
408,018R,8021,2005,2
408,018R,8022,2005,3
408,018R,8023,2005,4
408,018R,8024,2006,1
408,018R,8025,2006,2
408,018R,8026,2006,3
408,018R,8027,2006,4
408,018R,8028,2007,1
411,018V,8062,2015,3
411,018V,8063,2015,4
411,018V,8064,2016,1
413,018Y,8030,2007,3
413,018Y,8032,2008,1
414,018Z,8080,2020,1
414,018Z,8081,2020,2
415,019A,8062,2015,3
415,019A,8063,2015,4
415,019A,8065,2016,2
415,019A,8069,2017,2
415,019A,8071,2017,4
415,019A,8075,2018,4
415,019A,8076,2019,1
415,019A,8077,2019,2
417,019C,8068,2017,1
419,019E,8055,2013,4
419,019E,8056,2014,1
419,019E,8058,2014,3
419,019E,8059,2014,4
419,019E,8060,2015,1
419,019E,8062,2015,3
419,019E,8063,2015,4
419,019E,8064,2016,1
419,019E,8067,2016,4
419,019E,8068,2017,1
419,019E,8069,2017,2
419,019E,8070,2017,3
419,019E,8071,2017,4
419,019E,8072,2018,1
419,019E,8074,2018,3
419,019E,8075,2018,4
419,019E,8076,2019,1
419,019E,8077,2019,2
419,019E,8078,2019,3
419,019E,8079,2019,4
419,019E,8080,2020,1
419,019E,8081,2020,2
419,019E,8082,2020,3
419,019E,8083,2020,4
419,019E,8084,2021,1
419,019E,8085,2021,2
419,019E,8086,2021,3
419,019E,8087,2021,4
419,019E,8088,2022,1
421,019G,8016,2004,1
421,019G,8019,2004,4
421,019G,8020,2005,1
421,019G,8021,2005,2
424,019L,8047,2011,4
424,019L,8048,2012,1
424,019L,8049,2012,2
424,019L,8051,2012,4
424,019L,8052,2013,1
424,019L,8053,2013,2
424,019L,8054,2013,3
424,019L,8055,2013,4
424,019L,8056,2014,1
424,019L,8057,2014,2
425,019M,8076,2019,1
426,019N,8040,2010,1
427,019P,8037,2009,2
427,019P,8038,2009,3
427,019P,8039,2009,4
427,019P,8040,2010,1
427,019P,8043,2010,4
427,019P,8044,2011,1
427,019P,8047,2011,4
427,019P,8048,2012,1
427,019P,8049,2012,2
427,019P,8050,2012,3
427,019P,8051,2012,4
427,019P,8052,2013,1
427,019P,8053,2013,2
427,019P,8054,2013,3
427,019P,8055,2013,4
427,019P,8056,2014,1
427,019P,8057,2014,2
427,019P,8059,2014,4
427,019P,8060,2015,1
429,019R,8020,2005,1
429,019R,8021,2005,2
429,019R,8022,2005,3
429,019R,8023,2005,4
429,019R,8024,2006,1
429,019R,8025,2006,2
429,019R,8026,2006,3
429,019R,8027,2006,4
429,019R,8028,2007,1
429,019R,8030,2007,3
429,019R,8031,2007,4
429,019R,8032,2008,1
429,019R,8033,2008,2
431,019T,8071,2017,4
431,019T,8072,2018,1
432,019V,8062,2015,3
432,019V,8063,2015,4
432,019V,8064,2016,1
437,020B,8029,2007,2
437,020B,8032,2008,1
437,020B,8033,2008,2
438,020C,8068,2017,1
438,020C,8071,2017,4
438,020C,8072,2018,1
439,020D,8092,2023,1
439,020D,8094,2023,3
439,020D,8096,2024,1
440,020E,8056,2014,1
442,020G,8014,2003,3
445,020L,8047,2011,4
445,020L,8051,2012,4
445,020L,8052,2013,1
445,020L,8055,2013,4
445,020L,8056,2014,1
445,020L,8057,2014,2
445,020L,8060,2015,1
445,020L,8063,2015,4
445,020L,8064,2016,1
445,020L,8067,2016,4
445,020L,8068,2017,1
445,020L,8070,2017,3
445,020L,8071,2017,4
445,020L,8072,2018,1
445,020L,8073,2018,2
445,020L,8074,2018,3
445,020L,8075,2018,4
445,020L,8076,2019,1
446,020M,8074,2018,3
446,020M,8076,2019,1
446,020M,8079,2019,4
446,020M,8080,2020,1
446,020M,8081,2020,2
447,020N,8040,2010,1
447,020N,8042,2010,3
447,020N,8043,2010,4
447,020N,8044,2011,1
447,020N,8047,2011,4
447,020N,8048,2012,1
447,020N,8049,2012,2
448,020P,8034,2008,3
448,020P,8035,2008,4
448,020P,8038,2009,3
451,020S,8087,2021,4
451,020S,8088,2022,1
451,020S,8089,2022,2
452,020T,8076,2019,1
452,020T,8081,2020,2
453,020V,8062,2015,3
453,020V,8063,2015,4
453,020V,8064,2016,1
453,020V,8066,2016,3
455,020Y,8032,2008,1
455,020Y,8038,2009,3
455,020Y,8043,2010,4
455,020Y,8044,2011,1
458,021B,8029,2007,2
458,021B,8032,2008,1
458,021B,8033,2008,2
458,021B,8034,2008,3
458,021B,8035,2008,4
458,021B,8036,2009,1
458,021B,8038,2009,3
458,021B,8039,2009,4
458,021B,8040,2010,1
458,021B,8042,2010,3
458,021B,8044,2011,1
459,021C,8068,2017,1
459,021C,8072,2018,1
459,021C,8076,2019,1
460,021D,8092,2023,1
461,021E,8059,2014,4
462,021F,8044,2011,1
462,021F,8047,2011,4
462,021F,8048,2012,1
464,021H,8085,2021,2
464,021H,8086,2021,3
464,021H,8087,2021,4
464,021H,8088,2022,1
464,021H,8089,2022,2
464,021H,8090,2022,3
464,021H,8091,2022,4
464,021H,8092,2023,1
464,021H,8093,2023,2
466,021L,8047,2011,4
466,021L,8052,2013,1
466,021L,8053,2013,2
466,021L,8055,2013,4
466,021L,8056,2014,1
466,021L,8057,2014,2
466,021L,8059,2014,4
466,021L,8060,2015,1
466,021L,8061,2015,2
466,021L,8063,2015,4
466,021L,8064,2016,1
466,021L,8065,2016,2
466,021L,8066,2016,3
466,021L,8068,2017,1
466,021L,8070,2017,3
470,021Q,8100,2025,1
470,021Q,8102,2025,3
472,021S,8088,2022,1
473,021T,8076,2019,1
474,021V,8064,2016,1
474,021V,8071,2017,4
474,021V,8072,2018,1
477,021Z,8080,2020,1
477,021Z,8081,2020,2
477,021Z,8084,2021,1
477,021Z,8087,2021,4
477,021Z,8088,2022,1
477,021Z,8089,2022,2
478,022A,8059,2014,4
478,022A,8064,2016,1
479,022B,8028,2007,1
479,022B,8030,2007,3
479,022B,8031,2007,4
479,022B,8032,2008,1
479,022B,8033,2008,2
479,022B,8034,2008,3
479,022B,8035,2008,4
479,022B,8036,2009,1
479,022B,8037,2009,2
479,022B,8038,2009,3
479,022B,8039,2009,4
479,022B,8040,2010,1
479,022B,8041,2010,2
479,022B,8042,2010,3
479,022B,8044,2011,1
479,022B,8045,2011,2
479,022B,8046,2011,3
479,022B,8047,2011,4
479,022B,8049,2012,2
479,022B,8051,2012,4
479,022B,8052,2013,1
479,022B,8053,2013,2
479,022B,8054,2013,3
480,022C,8068,2017,1
480,022C,8069,2017,2
480,022C,8071,2017,4
480,022C,8072,2018,1
480,022C,8073,2018,2
480,022C,8074,2018,3
481,022E,8056,2014,1
481,022E,8058,2014,3
481,022E,8062,2015,3
481,022E,8063,2015,4
481,022E,8065,2016,2
482,022F,8047,2011,4
482,022F,8048,2012,1
482,022F,8049,2012,2
482,022F,8051,2012,4
482,022F,8052,2013,1
483,022G,8017,2004,2
483,022G,8019,2004,4
483,022G,8023,2005,4
483,022G,8025,2006,2
483,022G,8027,2006,4
483,022G,8028,2007,1
483,022G,8029,2007,2
483,022G,8030,2007,3
483,022G,8031,2007,4
483,022G,8032,2008,1
483,022G,8033,2008,2
483,022G,8035,2008,4
483,022G,8036,2009,1
486,022L,8047,2011,4
488,022N,8039,2009,4
488,022N,8040,2010,1
488,022N,8043,2010,4
488,022N,8044,2011,1
488,022N,8047,2011,4
488,022N,8048,2012,1
489,022P,8034,2008,3
489,022P,8035,2008,4
489,022P,8036,2009,1
489,022P,8038,2009,3
489,022P,8039,2009,4
489,022P,8040,2010,1
489,022P,8042,2010,3
489,022P,8044,2011,1
489,022P,8046,2011,3
489,022P,8047,2011,4
489,022P,8048,2012,1
489,022P,8049,2012,2
490,022Q,8099,2024,4
490,022Q,8100,2025,1
492,022S,8088,2022,1
497,022Z,8080,2020,1
497,022Z,8081,2020,2
498,023A,8058,2014,3
498,023A,8059,2014,4
499,023B,8027,2006,4
500,023C,8069,2017,2
501,023E,8054,2013,3
501,023E,8055,2013,4
504,023H,8083,2020,4
504,023H,8084,2021,1
504,023H,8085,2021,2
504,023H,8086,2021,3
504,023H,8087,2021,4
504,023H,8088,2022,1
504,023H,8089,2022,2
504,023H,8090,2022,3
504,023H,8091,2022,4
504,023H,8092,2023,1
504,023H,8093,2023,2
504,023H,8094,2023,3
504,023H,8096,2024,1
504,023H,8098,2024,3
504,023H,8099,2024,4
504,023H,8100,2025,1
506,023L,8047,2011,4
507,023M,8076,2019,1
507,023M,8080,2020,1
507,023M,8081,2020,2
508,023N,8042,2010,3
508,023N,8046,2011,3
508,023N,8048,2012,1
508,023N,8051,2012,4
508,023N,8052,2013,1
508,023N,8053,2013,2
508,023N,8054,2013,3
508,023N,8055,2013,4
508,023N,8056,2014,1
509,023P,8038,2009,3
509,023P,8040,2010,1
509,023P,8041,2010,2
509,023P,8042,2010,3
510,023Q,8100,2025,1
511,023R,8019,2004,4
513,023T,8071,2017,4
513,023T,8072,2018,1
514,023V,8064,2016,1
514,023V,8065,2016,2
514,023V,8066,2016,3
516,023Y,8030,2007,3
516,023Y,8031,2007,4
516,023Y,8032,2008,1
516,023Y,8033,2008,2
516,023Y,8035,2008,4
516,023Y,8036,2009,1
516,023Y,8037,2009,2
516,023Y,8038,2009,3
516,023Y,8039,2009,4
516,023Y,8040,2010,1
517,023Z,8080,2020,1
517,023Z,8081,2020,2
517,023Z,8084,2021,1
519,024B,8034,2008,3
519,024B,8036,2009,1
519,024B,8037,2009,2
519,024B,8038,2009,3
519,024B,8039,2009,4
519,024B,8040,2010,1
519,024B,8041,2010,2
519,024B,8042,2010,3
519,024B,8043,2010,4
519,024B,8044,2011,1
519,024B,8045,2011,2
519,024B,8046,2011,3
519,024B,8047,2011,4
519,024B,8048,2012,1
519,024B,8049,2012,2
519,024B,8051,2012,4
519,024B,8052,2013,1
519,024B,8054,2013,3
519,024B,8055,2013,4
519,024B,8056,2014,1
520,024C,8069,2017,2
521,024E,8055,2013,4
521,024E,8057,2014,2
521,024E,8058,2014,3
521,024E,8059,2014,4
521,024E,8060,2015,1
521,024E,8063,2015,4
521,024E,8064,2016,1
521,024E,8065,2016,2
521,024E,8066,2016,3
522,024F,8044,2011,1
523,024G,8014,2003,3
523,024G,8015,2003,4
523,024G,8017,2004,2
523,024G,8018,2004,3
523,024G,8019,2004,4
523,024G,8020,2005,1
523,024G,8021,2005,2
523,024G,8022,2005,3
523,024G,8023,2005,4
523,024G,8025,2006,2
523,024G,8026,2006,3
523,024G,8027,2006,4
523,024G,8028,2007,1
523,024G,8029,2007,2
523,024G,8030,2007,3
526,024L,8047,2011,4
527,024M,8076,2019,1
529,024P,8035,2008,4
529,024P,8036,2009,1
529,024P,8037,2009,2
529,024P,8038,2009,3
529,024P,8039,2009,4
529,024P,8040,2010,1
529,024P,8041,2010,2
529,024P,8042,2010,3
529,024P,8044,2011,1
529,024P,8045,2011,2
529,024P,8046,2011,3
529,024P,8047,2011,4
529,024P,8048,2012,1
529,024P,8050,2012,3
529,024P,8052,2013,1
529,024P,8055,2013,4
529,024P,8056,2014,1
529,024P,8057,2014,2
529,024P,8058,2014,3
529,024P,8059,2014,4
529,024P,8060,2015,1
529,024P,8061,2015,2
529,024P,8062,2015,3
529,024P,8063,2015,4
530,024Q,8100,2025,1
533,024T,8071,2017,4
533,024T,8079,2019,4
533,024T,8080,2020,1
533,024T,8081,2020,2
533,024T,8083,2020,4
533,024T,8084,2021,1
533,024T,8085,2021,2
534,024V,8066,2016,3
534,024V,8068,2017,1
536,024Y,8032,2008,1
536,024Y,8038,2009,3
536,024Y,8039,2009,4
536,024Y,8041,2010,2
536,024Y,8042,2010,3
536,024Y,8043,2010,4
536,024Y,8044,2011,1
536,024Y,8047,2011,4
536,024Y,8048,2012,1
536,024Y,8049,2012,2
536,024Y,8050,2012,3
536,024Y,8051,2012,4
536,024Y,8052,2013,1
536,024Y,8053,2013,2
536,024Y,8055,2013,4
536,024Y,8056,2014,1
536,024Y,8057,2014,2
537,024Z,8080,2020,1
537,024Z,8081,2020,2
537,024Z,8083,2020,4
537,024Z,8084,2021,1
537,024Z,8085,2021,2
539,025B,8031,2007,4
539,025B,8032,2008,1
539,025B,8035,2008,4
540,025C,8067,2016,4
541,025E,8056,2014,1
541,025E,8059,2014,4
541,025E,8060,2015,1
541,025E,8063,2015,4
541,025E,8064,2016,1
541,025E,8067,2016,4
541,025E,8068,2017,1
541,025E,8070,2017,3
541,025E,8071,2017,4
541,025E,8072,2018,1
541,025E,8073,2018,2
541,025E,8074,2018,3
541,025E,8075,2018,4
541,025E,8076,2019,1
541,025E,8077,2019,2
541,025E,8079,2019,4
541,025E,8080,2020,1
541,025E,8081,2020,2
541,025E,8082,2020,3
541,025E,8083,2020,4
541,025E,8084,2021,1
541,025E,8085,2021,2
542,025F,8044,2011,1
542,025F,8045,2011,2
542,025F,8046,2011,3
542,025F,8047,2011,4
542,025F,8048,2012,1
542,025F,8049,2012,2
543,025G,8015,2003,4
546,025L,8047,2011,4
547,025M,8074,2018,3
548,025N,8040,2010,1
548,025N,8042,2010,3
548,025N,8043,2010,4
548,025N,8044,2011,1
548,025N,8045,2011,2
548,025N,8046,2011,3
548,025N,8047,2011,4
548,025N,8048,2012,1
548,025N,8050,2012,3
548,025N,8051,2012,4
548,025N,8052,2013,1
548,025N,8053,2013,2
549,025P,8036,2009,1
553,025T,8071,2017,4
555,025W,8022,2005,3
555,025W,8023,2005,4
555,025W,8024,2006,1
555,025W,8025,2006,2
555,025W,8026,2006,3
555,025W,8028,2007,1
555,025W,8029,2007,2
555,025W,8030,2007,3
555,025W,8032,2008,1
558,026A,8058,2014,3
558,026A,8061,2015,2
558,026A,8063,2015,4
558,026A,8064,2016,1
558,026A,8065,2016,2
558,026A,8066,2016,3
558,026A,8067,2016,4
558,026A,8068,2017,1
558,026A,8069,2017,2
560,026C,8068,2017,1
560,026C,8072,2018,1
561,026E,8055,2013,4
561,026E,8059,2014,4
562,026F,8045,2011,2
562,026F,8046,2011,3
562,026F,8047,2011,4
562,026F,8048,2012,1
562,026F,8049,2012,2
562,026F,8050,2012,3
562,026F,8051,2012,4
562,026F,8052,2013,1
564,026H,8084,2021,1
567,026M,8076,2019,1
567,026M,8077,2019,2
567,026M,8079,2019,4
567,026M,8080,2020,1
567,026M,8081,2020,2
568,026N,8040,2010,1
568,026N,8042,2010,3
568,026N,8044,2011,1
569,026P,8036,2009,1
573,026V,8062,2015,3
575,026Y,8035,2008,4
575,026Y,8036,2009,1
575,026Y,8037,2009,2
575,026Y,8038,2009,3
575,026Y,8039,2009,4
575,026Y,8040,2010,1
576,026Z,8080,2020,1
576,026Z,8081,2020,2
576,026Z,8083,2020,4
576,026Z,8084,2021,1
577,027A,8063,2015,4
577,027A,8066,2016,3
580,027E,8054,2013,3
580,027E,8055,2013,4
580,027E,8059,2014,4
580,027E,8060,2015,1
580,027E,8062,2015,3
580,027E,8063,2015,4
580,027E,8064,2016,1
582,027G,8016,2004,1
582,027G,8017,2004,2
582,027G,8018,2004,3
582,027G,8019,2004,4
582,027G,8020,2005,1
582,027G,8021,2005,2
582,027G,8022,2005,3
582,027G,8023,2005,4
582,027G,8024,2006,1
582,027G,8025,2006,2
582,027G,8026,2006,3
582,027G,8027,2006,4
582,027G,8028,2007,1
582,027G,8029,2007,2
582,027G,8030,2007,3
582,027G,8031,2007,4
582,027G,8032,2008,1
582,027G,8033,2008,2
582,027G,8034,2008,3
582,027G,8035,2008,4
585,027M,8076,2019,1
587,027P,8036,2009,1
588,027R,8018,2004,3
589,027S,8087,2021,4
589,027S,8088,2022,1
590,027T,8076,2019,1
590,027T,8077,2019,2
590,027T,8079,2019,4
590,027T,8080,2020,1
590,027T,8081,2020,2
591,027V,8062,2015,3
591,027V,8063,2015,4
593,027Y,8030,2007,3
593,027Y,8032,2008,1
593,027Y,8033,2008,2
593,027Y,8035,2008,4
593,027Y,8036,2009,1
593,027Y,8038,2009,3
595,028A,8058,2014,3
595,028A,8059,2014,4
595,028A,8060,2015,1
595,028A,8061,2015,2
595,028A,8063,2015,4
595,028A,8064,2016,1
595,028A,8065,2016,2
595,028A,8067,2016,4
595,028A,8068,2017,1
595,028A,8069,2017,2
595,028A,8070,2017,3
595,028A,8071,2017,4
595,028A,8072,2018,1
597,028C,8068,2017,1
597,028C,8069,2017,2
599,028F,8051,2012,4
599,028F,8053,2013,2
599,028F,8055,2013,4
599,028F,8059,2014,4
599,028F,8060,2015,1
599,028F,8061,2015,2
599,028F,8063,2015,4
599,028F,8065,2016,2
599,028F,8066,2016,3
599,028F,8067,2016,4
599,028F,8068,2017,1
599,028F,8069,2017,2
599,028F,8070,2017,3
599,028F,8071,2017,4
600,028G,8016,2004,1
600,028G,8017,2004,2
601,028K,8051,2012,4
601,028K,8054,2013,3
601,028K,8056,2014,1
601,028K,8057,2014,2
601,028K,8058,2014,3
601,028K,8060,2015,1
601,028K,8061,2015,2
601,028K,8062,2015,3
601,028K,8063,2015,4
601,028K,8065,2016,2
601,028K,8066,2016,3
601,028K,8067,2016,4
602,028L,8047,2011,4
602,028L,8048,2012,1
602,028L,8049,2012,2
602,028L,8050,2012,3
602,028L,8051,2012,4
602,028L,8052,2013,1
602,028L,8053,2013,2
602,028L,8054,2013,3
602,028L,8055,2013,4
602,028L,8056,2014,1
602,028L,8057,2014,2
602,028L,8058,2014,3
602,028L,8059,2014,4
602,028L,8060,2015,1
602,028L,8061,2015,2
603,028M,8076,2019,1
603,028M,8077,2019,2
603,028M,8079,2019,4
603,028M,8080,2020,1
603,028M,8081,2020,2
603,028M,8083,2020,4
603,028M,8084,2021,1
604,028N,8042,2010,3
604,028N,8044,2011,1
607,028S,8088,2022,1
607,028S,8092,2023,1
611,028Y,8032,2008,1
614,029B,8027,2006,4
614,029B,8028,2007,1
614,029B,8029,2007,2
614,029B,8031,2007,4
614,029B,8032,2008,1
614,029B,8034,2008,3
614,029B,8035,2008,4
614,029B,8036,2009,1
616,029E,8056,2014,1
617,029F,8044,2011,1
617,029F,8047,2011,4
617,029F,8048,2012,1
617,029F,8049,2012,2
618,029G,8015,2003,4
618,029G,8017,2004,2
618,029G,8019,2004,4
618,029G,8020,2005,1
618,029G,8021,2005,2
618,029G,8022,2005,3
618,029G,8023,2005,4
618,029G,8024,2006,1
621,029M,8076,2019,1
621,029M,8077,2019,2
622,029N,8042,2010,3
622,029N,8053,2013,2
622,029N,8055,2013,4
622,029N,8057,2014,2
622,029N,8058,2014,3
622,029N,8059,2014,4
622,029N,8061,2015,2
622,029N,8063,2015,4
622,029N,8064,2016,1
622,029N,8065,2016,2
622,029N,8066,2016,3
622,029N,8069,2017,2
622,029N,8074,2018,3
625,029S,8088,2022,1
626,029T,8072,2018,1
626,029T,8073,2018,2
626,029T,8074,2018,3
626,029T,8075,2018,4
626,029T,8076,2019,1
626,029T,8077,2019,2
626,029T,8078,2019,3
626,029T,8079,2019,4
626,029T,8080,2020,1
626,029T,8081,2020,2
626,029T,8082,2020,3
626,029T,8083,2020,4
626,029T,8084,2021,1
626,029T,8085,2021,2
626,029T,8086,2021,3
626,029T,8087,2021,4
626,029T,8088,2022,1
626,029T,8089,2022,2
626,029T,8090,2022,3
626,029T,8092,2023,1
626,029T,8093,2023,2
627,029V,8063,2015,4
627,029V,8064,2016,1
628,029W,8024,2006,1
628,029W,8025,2006,2
628,029W,8026,2006,3
628,029W,8027,2006,4
628,029W,8028,2007,1
629,029Y,8032,2008,1
629,029Y,8034,2008,3
629,029Y,8035,2008,4
629,029Y,8036,2009,1
629,029Y,8037,2009,2
629,029Y,8038,2009,3
629,029Y,8039,2009,4
629,029Y,8041,2010,2
629,029Y,8042,2010,3
629,029Y,8043,2010,4
629,029Y,8044,2011,1
630,029Z,8080,2020,1
630,029Z,8081,2020,2
632,030B,8029,2007,2
632,030B,8033,2008,2
632,030B,8035,2008,4
633,030E,8056,2014,1
637,030L,8048,2012,1
637,030L,8051,2012,4
637,030L,8052,2013,1
637,030L,8056,2014,1
637,030L,8057,2014,2
637,030L,8060,2015,1
638,030M,8076,2019,1
638,030M,8077,2019,2
638,030M,8078,2019,3
638,030M,8079,2019,4
638,030M,8080,2020,1
638,030M,8081,2020,2
638,030M,8082,2020,3
638,030M,8083,2020,4
638,030M,8084,2021,1
638,030M,8085,2021,2
638,030M,8086,2021,3
638,030M,8087,2021,4
638,030M,8088,2022,1
638,030M,8089,2022,2
638,030M,8090,2022,3
638,030M,8091,2022,4
638,030M,8092,2023,1
638,030M,8093,2023,2
638,030M,8094,2023,3
638,030M,8095,2023,4
638,030M,8096,2024,1
639,030N,8040,2010,1
639,030N,8042,2010,3
639,030N,8047,2011,4
639,030N,8048,2012,1
639,030N,8049,2012,2
639,030N,8050,2012,3
639,030N,8052,2013,1
639,030N,8055,2013,4
639,030N,8057,2014,2
640,030P,8036,2009,1
640,030P,8039,2009,4
640,030P,8040,2010,1
642,030S,8088,2022,1
642,030S,8090,2022,3
642,030S,8092,2023,1
642,030S,8093,2023,2
642,030S,8094,2023,3
642,030S,8095,2023,4
642,030S,8096,2024,1
643,030T,8071,2017,4
643,030T,8074,2018,3
643,030T,8075,2018,4
643,030T,8076,2019,1
643,030T,8077,2019,2
643,030T,8078,2019,3
643,030T,8079,2019,4
643,030T,8080,2020,1
643,030T,8081,2020,2
643,030T,8082,2020,3
643,030T,8083,2020,4
643,030T,8084,2021,1
645,030W,8024,2006,1
645,030W,8025,2006,2
647,030Z,8080,2020,1
647,030Z,8081,2020,2
647,030Z,8084,2021,1
649,031B,8027,2006,4
650,031E,8055,2013,4
650,031E,8056,2014,1
650,031E,8059,2014,4
650,031E,8060,2015,1
650,031E,8062,2015,3
650,031E,8063,2015,4
650,031E,8064,2016,1
650,031E,8065,2016,2
650,031E,8066,2016,3
650,031E,8067,2016,4
650,031E,8068,2017,1
653,031L,8048,2012,1
653,031L,8051,2012,4
655,031N,8042,2010,3
659,031T,8071,2017,4
662,031Y,8032,2008,1
662,031Y,8035,2008,4
662,031Y,8036,2009,1
662,031Y,8038,2009,3
662,031Y,8040,2010,1
662,031Y,8042,2010,3
662,031Y,8043,2010,4
662,031Y,8044,2011,1
662,031Y,8046,2011,3
663,031Z,8080,2020,1
663,031Z,8081,2020,2
666,032E,8056,2014,1
667,032G,8015,2003,4
669,032L,8048,2012,1
669,032L,8049,2012,2
669,032L,8051,2012,4
670,032M,8074,2018,3
670,032M,8075,2018,4
670,032M,8076,2019,1
670,032M,8077,2019,2
670,032M,8079,2019,4
670,032M,8080,2020,1
670,032M,8081,2020,2
670,032M,8083,2020,4
670,032M,8084,2021,1
670,032M,8087,2021,4
670,032M,8088,2022,1
670,032M,8090,2022,3
670,032M,8091,2022,4
670,032M,8092,2023,1
670,032M,8093,2023,2
670,032M,8094,2023,3
670,032M,8095,2023,4
670,032M,8096,2024,1
670,032M,8098,2024,3
670,032M,8099,2024,4
670,032M,8100,2025,1
671,032N,8042,2010,3
671,032N,8047,2011,4
671,032N,8048,2012,1
671,032N,8050,2012,3
671,032N,8051,2012,4
671,032N,8052,2013,1
671,032N,8054,2013,3
671,032N,8055,2013,4
671,032N,8056,2014,1
671,032N,8057,2014,2
671,032N,8058,2014,3
671,032N,8059,2014,4
671,032N,8062,2015,3
671,032N,8063,2015,4
671,032N,8064,2016,1
671,032N,8066,2016,3
671,032N,8067,2016,4
671,032N,8068,2017,1
671,032N,8069,2017,2
672,032P,8036,2009,1
672,032P,8038,2009,3
672,032P,8039,2009,4
672,032P,8040,2010,1
672,032P,8041,2010,2
675,032T,8071,2017,4
675,032T,8072,2018,1
675,032T,8073,2018,2
675,032T,8076,2019,1
675,032T,8077,2019,2
675,032T,8080,2020,1
675,032T,8081,2020,2
675,032T,8082,2020,3
675,032T,8083,2020,4
675,032T,8084,2021,1
676,032V,8063,2015,4
676,032V,8069,2017,2
678,032Y,8030,2007,3
678,032Y,8033,2008,2
678,032Y,8034,2008,3
678,032Y,8035,2008,4
678,032Y,8036,2009,1
679,032Z,8080,2020,1
679,032Z,8081,2020,2
679,032Z,8082,2020,3
679,032Z,8083,2020,4
679,032Z,8084,2021,1
681,033B,8027,2006,4
682,033E,8057,2014,2
682,033E,8059,2014,4
682,033E,8060,2015,1
682,033E,8061,2015,2
682,033E,8062,2015,3
682,033E,8063,2015,4
682,033E,8066,2016,3
682,033E,8068,2017,1
682,033E,8070,2017,3
682,033E,8071,2017,4
682,033E,8072,2018,1
682,033E,8073,2018,2
682,033E,8074,2018,3
682,033E,8075,2018,4
682,033E,8076,2019,1
682,033E,8077,2019,2
684,033K,8056,2014,1
685,033L,8047,2011,4
685,033L,8052,2013,1
686,033M,8074,2018,3
686,033M,8076,2019,1
686,033M,8079,2019,4
686,033M,8080,2020,1
686,033M,8081,2020,2
687,033N,8044,2011,1
687,033N,8046,2011,3
687,033N,8047,2011,4
687,033N,8048,2012,1
687,033N,8049,2012,2
687,033N,8050,2012,3
687,033N,8051,2012,4
687,033N,8052,2013,1
687,033N,8053,2013,2
688,033P,8036,2009,1
688,033P,8039,2009,4
688,033P,8040,2010,1
688,033P,8042,2010,3
688,033P,8043,2010,4
688,033P,8044,2011,1
689,033R,8022,2005,3
689,033R,8023,2005,4
689,033R,8024,2006,1
694,033Y,8033,2008,2
694,033Y,8034,2008,3
694,033Y,8035,2008,4
694,033Y,8036,2009,1
694,033Y,8038,2009,3
694,033Y,8040,2010,1
694,033Y,8041,2010,2
694,033Y,8042,2010,3
694,033Y,8043,2010,4
694,033Y,8044,2011,1
694,033Y,8046,2011,3
694,033Y,8047,2011,4
694,033Y,8048,2012,1
696,034A,8060,2015,1
696,034A,8064,2016,1
696,034A,8066,2016,3
696,034A,8067,2016,4
696,034A,8068,2017,1
696,034A,8071,2017,4
696,034A,8072,2018,1
696,034A,8073,2018,2
696,034A,8074,2018,3
696,034A,8075,2018,4
696,034A,8076,2019,1
699,034G,8015,2003,4
699,034G,8016,2004,1
699,034G,8017,2004,2
699,034G,8018,2004,3
699,034G,8019,2004,4
699,034G,8020,2005,1
699,034G,8021,2005,2
699,034G,8022,2005,3
699,034G,8023,2005,4
699,034G,8024,2006,1
699,034G,8025,2006,2
699,034G,8026,2006,3
699,034G,8027,2006,4
699,034G,8028,2007,1
699,034G,8029,2007,2
699,034G,8031,2007,4
699,034G,8032,2008,1
699,034G,8035,2008,4
701,034L,8047,2011,4
701,034L,8049,2012,2
701,034L,8051,2012,4
701,034L,8052,2013,1
702,034M,8076,2019,1
702,034M,8078,2019,3
702,034M,8079,2019,4
702,034M,8080,2020,1
702,034M,8081,2020,2
703,034N,8042,2010,3
704,034P,8036,2009,1
704,034P,8040,2010,1
704,034P,8041,2010,2
704,034P,8042,2010,3
704,034P,8043,2010,4
704,034P,8044,2011,1
704,034P,8046,2011,3
704,034P,8047,2011,4
704,034P,8048,2012,1
705,034R,8020,2005,1
705,034R,8021,2005,2
707,034T,8072,2018,1
707,034T,8073,2018,2
707,034T,8074,2018,3
707,034T,8075,2018,4
707,034T,8076,2019,1
707,034T,8077,2019,2
707,034T,8079,2019,4
707,034T,8080,2020,1
707,034T,8081,2020,2
707,034T,8082,2020,3
707,034T,8083,2020,4
707,034T,8084,2021,1
707,034T,8085,2021,2
707,034T,8087,2021,4
707,034T,8088,2022,1
707,034T,8090,2022,3
707,034T,8091,2022,4
707,034T,8092,2023,1
707,034T,8093,2023,2
707,034T,8094,2023,3
707,034T,8095,2023,4
707,034T,8096,2024,1
707,034T,8097,2024,2
707,034T,8098,2024,3
707,034T,8099,2024,4
707,034T,8100,2025,1
710,034Y,8032,2008,1
710,034Y,8033,2008,2
710,034Y,8035,2008,4
710,034Y,8036,2009,1
710,034Y,8038,2009,3
710,034Y,8040,2010,1
710,034Y,8043,2010,4
710,034Y,8044,2011,1
710,034Y,8046,2011,3
710,034Y,8047,2011,4
710,034Y,8048,2012,1
710,034Y,8049,2012,2
710,034Y,8050,2012,3
711,034Z,8079,2019,4
711,034Z,8080,2020,1
711,034Z,8081,2020,2
711,034Z,8082,2020,3
711,034Z,8083,2020,4
711,034Z,8084,2021,1
712,035A,8060,2015,1
713,035B,8029,2007,2
713,035B,8032,2008,1
713,035B,8033,2008,2
713,035B,8034,2008,3
713,035B,8035,2008,4
713,035B,8036,2009,1
713,035B,8038,2009,3
713,035B,8040,2010,1
713,035B,8042,2010,3
713,035B,8043,2010,4
713,035B,8044,2011,1
713,035B,8046,2011,3
713,035B,8047,2011,4
713,035B,8048,2012,1
713,035B,8049,2012,2
713,035B,8051,2012,4
713,035B,8052,2013,1
713,035B,8053,2013,2
713,035B,8055,2013,4
713,035B,8056,2014,1
713,035B,8057,2014,2
713,035B,8058,2014,3
713,035B,8059,2014,4
713,035B,8060,2015,1
714,035E,8055,2013,4
714,035E,8056,2014,1
714,035E,8057,2014,2
714,035E,8058,2014,3
715,035G,8016,2004,1
715,035G,8017,2004,2
715,035G,8019,2004,4
715,035G,8020,2005,1
715,035G,8021,2005,2
715,035G,8022,2005,3
715,035G,8023,2005,4
715,035G,8024,2006,1
715,035G,8025,2006,2
715,035G,8026,2006,3
716,035K,8050,2012,3
716,035K,8051,2012,4
716,035K,8052,2013,1
716,035K,8055,2013,4
716,035K,8056,2014,1
717,035L,8047,2011,4
717,035L,8049,2012,2
717,035L,8052,2013,1
717,035L,8053,2013,2
717,035L,8055,2013,4
717,035L,8056,2014,1
717,035L,8057,2014,2
717,035L,8058,2014,3
717,035L,8059,2014,4
717,035L,8060,2015,1
719,035N,8044,2011,1
719,035N,8047,2011,4
719,035N,8048,2012,1
719,035N,8052,2013,1
720,035P,8036,2009,1
720,035P,8039,2009,4
720,035P,8040,2010,1
720,035P,8042,2010,3
720,035P,8043,2010,4
720,035P,8044,2011,1
720,035P,8047,2011,4
720,035P,8048,2012,1
721,035R,8020,2005,1
721,035R,8021,2005,2
721,035R,8022,2005,3
721,035R,8023,2005,4
721,035R,8024,2006,1
721,035R,8025,2006,2
721,035R,8027,2006,4
721,035R,8028,2007,1
721,035R,8029,2007,2
721,035R,8030,2007,3
721,035R,8031,2007,4
721,035R,8032,2008,1
721,035R,8033,2008,2
721,035R,8034,2008,3
721,035R,8035,2008,4
721,035R,8036,2009,1
721,035R,8037,2009,2
721,035R,8038,2009,3
723,035V,8064,2016,1
724,035W,8024,2006,1
724,035W,8026,2006,3
724,035W,8027,2006,4
724,035W,8028,2007,1
724,035W,8030,2007,3
724,035W,8031,2007,4
724,035W,8032,2008,1
725,035Y,8030,2007,3
725,035Y,8033,2008,2
725,035Y,8034,2008,3
725,035Y,8036,2009,1
725,035Y,8037,2009,2
725,035Y,8038,2009,3
725,035Y,8039,2009,4
725,035Y,8040,2010,1
726,035Z,8080,2020,1
726,035Z,8081,2020,2
726,035Z,8082,2020,3
729,036E,8056,2014,1
729,036E,8057,2014,2
729,036E,8061,2015,2
729,036E,8063,2015,4
729,036E,8066,2016,3
729,036E,8067,2016,4
729,036E,8068,2017,1
729,036E,8070,2017,3
729,036E,8071,2017,4
729,036E,8072,2018,1
729,036E,8073,2018,2
730,036G,8014,2003,3
731,036K,8051,2012,4
731,036K,8053,2013,2
731,036K,8055,2013,4
731,036K,8056,2014,1
731,036K,8057,2014,2
731,036K,8058,2014,3
732,036L,8047,2011,4
732,036L,8048,2012,1
732,036L,8050,2012,3
732,036L,8051,2012,4
732,036L,8052,2013,1
732,036L,8053,2013,2
732,036L,8055,2013,4
732,036L,8056,2014,1
736,036R,8019,2004,4
736,036R,8020,2005,1
736,036R,8021,2005,2
736,036R,8023,2005,4
736,036R,8024,2006,1
736,036R,8032,2008,1
736,036R,8033,2008,2
736,036R,8035,2008,4
736,036R,8036,2009,1
736,036R,8037,2009,2
736,036R,8038,2009,3
736,036R,8039,2009,4
736,036R,8040,2010,1
737,036S,8087,2021,4
737,036S,8088,2022,1
737,036S,8089,2022,2
738,036V,8064,2016,1
740,036Y,8032,2008,1
740,036Y,8034,2008,3
740,036Y,8035,2008,4
740,036Y,8036,2009,1
740,036Y,8037,2009,2
740,036Y,8038,2009,3
740,036Y,8039,2009,4
740,036Y,8040,2010,1
741,036Z,8080,2020,1
741,036Z,8081,2020,2
741,036Z,8082,2020,3
741,036Z,8083,2020,4
741,036Z,8085,2021,2
743,037B,8028,2007,1
744,037E,8060,2015,1
748,037M,8074,2018,3
748,037M,8076,2019,1
748,037M,8079,2019,4
748,037M,8080,2020,1
748,037M,8081,2020,2
748,037M,8082,2020,3
748,037M,8083,2020,4
748,037M,8084,2021,1
748,037M,8085,2021,2
749,037N,8044,2011,1
749,037N,8046,2011,3
749,037N,8047,2011,4
749,037N,8049,2012,2
749,037N,8050,2012,3
749,037N,8051,2012,4
749,037N,8052,2013,1
749,037N,8053,2013,2
750,037P,8036,2009,1
754,037W,8023,2005,4
754,037W,8024,2006,1
754,037W,8027,2006,4
754,037W,8028,2007,1
754,037W,8029,2007,2
754,037W,8030,2007,3
754,037W,8031,2007,4
754,037W,8032,2008,1
754,037W,8033,2008,2
754,037W,8034,2008,3
754,037W,8035,2008,4
754,037W,8036,2009,1
754,037W,8038,2009,3
754,037W,8039,2009,4
754,037W,8040,2010,1
754,037W,8042,2010,3
754,037W,8043,2010,4
754,037W,8044,2011,1
758,038B,8028,2007,1
758,038B,8030,2007,3
758,038B,8032,2008,1
758,038B,8033,2008,2
758,038B,8035,2008,4
758,038B,8036,2009,1
758,038B,8037,2009,2
758,038B,8039,2009,4
758,038B,8040,2010,1
758,038B,8041,2010,2
758,038B,8044,2011,1
759,038E,8056,2014,1
764,038N,8041,2010,2
764,038N,8042,2010,3
765,038P,8036,2009,1
765,038P,8039,2009,4
765,038P,8040,2010,1
765,038P,8042,2010,3
765,038P,8043,2010,4
765,038P,8044,2011,1
766,038R,8021,2005,2
766,038R,8023,2005,4
766,038R,8024,2006,1
766,038R,8026,2006,3
766,038R,8027,2006,4
766,038R,8028,2007,1
766,038R,8032,2008,1
766,038R,8035,2008,4
766,038R,8036,2009,1
769,038W,8023,2005,4
770,038Y,8030,2007,3
770,038Y,8033,2008,2
770,038Y,8035,2008,4
770,038Y,8036,2009,1
770,038Y,8037,2009,2
770,038Y,8038,2009,3
770,038Y,8040,2010,1
770,038Y,8042,2010,3
770,038Y,8044,2011,1
770,038Y,8045,2011,2
770,038Y,8046,2011,3
770,038Y,8047,2011,4
770,038Y,8048,2012,1
770,038Y,8050,2012,3
770,038Y,8051,2012,4
770,038Y,8052,2013,1
770,038Y,8053,2013,2
772,039A,8059,2014,4
772,039A,8060,2015,1
772,039A,8062,2015,3
772,039A,8063,2015,4
772,039A,8064,2016,1
772,039A,8065,2016,2
772,039A,8066,2016,3
772,039A,8067,2016,4
772,039A,8068,2017,1
772,039A,8069,2017,2
772,039A,8070,2017,3
773,039B,8028,2007,1
773,039B,8030,2007,3
773,039B,8033,2008,2
775,039G,8017,2004,2
775,039G,8018,2004,3
775,039G,8019,2004,4
775,039G,8020,2005,1
775,039G,8021,2005,2
776,039K,8050,2012,3
778,039M,8075,2018,4
778,039M,8076,2019,1
778,039M,8077,2019,2
778,039M,8078,2019,3
778,039M,8080,2020,1
778,039M,8081,2020,2
778,039M,8082,2020,3
778,039M,8083,2020,4
778,039M,8084,2021,1
779,039N,8042,2010,3
779,039N,8043,2010,4
779,039N,8044,2011,1
779,039N,8045,2011,2
779,039N,8046,2011,3
779,039N,8047,2011,4
779,039N,8048,2012,1
779,039N,8049,2012,2
779,039N,8050,2012,3
779,039N,8051,2012,4
779,039N,8052,2013,1
779,039N,8055,2013,4
779,039N,8056,2014,1
779,039N,8057,2014,2
779,039N,8058,2014,3
779,039N,8059,2014,4
779,039N,8060,2015,1
779,039N,8061,2015,2
779,039N,8062,2015,3
779,039N,8063,2015,4
779,039N,8064,2016,1
779,039N,8065,2016,2
780,039P,8035,2008,4
780,039P,8036,2009,1
780,039P,8038,2009,3
783,039V,8064,2016,1
783,039V,8067,2016,4
783,039V,8068,2017,1
783,039V,8070,2017,3
783,039V,8071,2017,4
783,039V,8075,2018,4
784,039W,8023,2005,4
784,039W,8028,2007,1
784,039W,8031,2007,4
784,039W,8032,2008,1
784,039W,8034,2008,3
784,039W,8035,2008,4
784,039W,8036,2009,1
784,039W,8037,2009,2
784,039W,8038,2009,3
784,039W,8039,2009,4
784,039W,8040,2010,1
784,039W,8042,2010,3
784,039W,8043,2010,4
784,039W,8044,2011,1
787,040A,8059,2014,4
787,040A,8060,2015,1
788,040B,8028,2007,1
788,040B,8029,2007,2
788,040B,8030,2007,3
788,040B,8031,2007,4
788,040B,8032,2008,1
792,040L,8045,2011,2
792,040L,8046,2011,3
792,040L,8048,2012,1
792,040L,8051,2012,4
793,040M,8076,2019,1
793,040M,8077,2019,2
793,040M,8078,2019,3
793,040M,8080,2020,1
793,040M,8081,2020,2
796,040R,8023,2005,4
796,040R,8024,2006,1
796,040R,8025,2006,2
796,040R,8027,2006,4
796,040R,8028,2007,1
796,040R,8032,2008,1
796,040R,8035,2008,4
796,040R,8036,2009,1
796,040R,8038,2009,3
797,040S,8088,2022,1
798,040V,8064,2016,1
800,040Y,8031,2007,4
800,040Y,8032,2008,1
800,040Y,8034,2008,3
800,040Y,8035,2008,4
800,040Y,8036,2009,1
801,040Z,8080,2020,1
801,040Z,8081,2020,2
801,040Z,8084,2021,1
804,041E,8055,2013,4
804,041E,8057,2014,2
805,041G,8017,2004,2
805,041G,8018,2004,3
805,041G,8019,2004,4
805,041G,8020,2005,1
805,041G,8021,2005,2
805,041G,8022,2005,3
805,041G,8023,2005,4
805,041G,8024,2006,1
805,041G,8025,2006,2
805,041G,8026,2006,3
805,041G,8027,2006,4
805,041G,8028,2007,1
805,041G,8029,2007,2
805,041G,8030,2007,3
805,041G,8031,2007,4
805,041G,8032,2008,1
805,041G,8033,2008,2
805,041G,8034,2008,3
805,041G,8035,2008,4
805,041G,8036,2009,1
805,041G,8037,2009,2
805,041G,8038,2009,3
805,041G,8039,2009,4
805,041G,8040,2010,1
805,041G,8041,2010,2
805,041G,8042,2010,3
805,041G,8043,2010,4
805,041G,8044,2011,1
805,041G,8045,2011,2
807,041L,8048,2012,1
807,041L,8051,2012,4
807,041L,8052,2013,1
807,041L,8055,2013,4
807,041L,8056,2014,1
807,041L,8057,2014,2
807,041L,8059,2014,4
807,041L,8060,2015,1
807,041L,8061,2015,2
807,041L,8062,2015,3
807,041L,8063,2015,4
807,041L,8064,2016,1
807,041L,8065,2016,2
807,041L,8066,2016,3
807,041L,8067,2016,4
807,041L,8068,2017,1
808,041M,8076,2019,1
808,041M,8077,2019,2
809,041N,8042,2010,3
811,041R,8018,2004,3
811,041R,8019,2004,4
811,041R,8020,2005,1
813,041V,8064,2016,1
814,041W,8023,2005,4
814,041W,8025,2006,2
814,041W,8027,2006,4
814,041W,8028,2007,1
814,041W,8032,2008,1
815,041Y,8030,2007,3
815,041Y,8035,2008,4
815,041Y,8036,2009,1
815,041Y,8037,2009,2
815,041Y,8038,2009,3
815,041Y,8039,2009,4
815,041Y,8040,2010,1
817,042A,8063,2015,4
817,042A,8064,2016,1
817,042A,8065,2016,2
817,042A,8069,2017,2
817,042A,8071,2017,4
817,042A,8072,2018,1
817,042A,8074,2018,3
817,042A,8075,2018,4
817,042A,8076,2019,1
817,042A,8077,2019,2
817,042A,8079,2019,4
817,042A,8080,2020,1
817,042A,8081,2020,2
817,042A,8083,2020,4
817,042A,8084,2021,1
817,042A,8088,2022,1
817,042A,8090,2022,3
817,042A,8091,2022,4
817,042A,8092,2023,1
817,042A,8095,2023,4
817,042A,8096,2024,1
819,042E,8056,2014,1
819,042E,8059,2014,4
820,042G,8018,2004,3
820,042G,8019,2004,4
820,042G,8020,2005,1
820,042G,8021,2005,2
820,042G,8022,2005,3
820,042G,8023,2005,4
820,042G,8024,2006,1
820,042G,8025,2006,2
820,042G,8026,2006,3
820,042G,8027,2006,4
820,042G,8028,2007,1
820,042G,8030,2007,3
820,042G,8032,2008,1
820,042G,8033,2008,2
820,042G,8035,2008,4
820,042G,8036,2009,1
820,042G,8038,2009,3
820,042G,8039,2009,4
820,042G,8040,2010,1
820,042G,8041,2010,2
820,042G,8042,2010,3
820,042G,8044,2011,1
822,042M,8075,2018,4
822,042M,8076,2019,1
822,042M,8077,2019,2
825,042R,8020,2005,1
825,042R,8023,2005,4
825,042R,8024,2006,1
825,042R,8026,2006,3
825,042R,8027,2006,4
825,042R,8028,2007,1
825,042R,8030,2007,3
825,042R,8031,2007,4
825,042R,8032,2008,1
825,042R,8033,2008,2
826,042V,8063,2015,4
826,042V,8064,2016,1
826,042V,8065,2016,2
826,042V,8067,2016,4
826,042V,8068,2017,1
826,042V,8070,2017,3
826,042V,8071,2017,4
826,042V,8072,2018,1
826,042V,8074,2018,3
826,042V,8075,2018,4
826,042V,8076,2019,1
826,042V,8077,2019,2
826,042V,8078,2019,3
827,042W,8023,2005,4
827,042W,8026,2006,3
827,042W,8027,2006,4
827,042W,8028,2007,1
828,042Y,8030,2007,3
830,043A,8063,2015,4
830,043A,8067,2016,4
830,043A,8069,2017,2
830,043A,8070,2017,3
830,043A,8071,2017,4
830,043A,8072,2018,1
830,043A,8075,2018,4
830,043A,8076,2019,1
830,043A,8077,2019,2
837,043P,8036,2009,1
837,043P,8039,2009,4
837,043P,8040,2010,1
837,043P,8043,2010,4
837,043P,8044,2011,1
837,043P,8045,2011,2
837,043P,8047,2011,4
837,043P,8048,2012,1
837,043P,8049,2012,2
839,043V,8063,2015,4
840,043W,8023,2005,4
840,043W,8025,2006,2
840,043W,8026,2006,3
840,043W,8027,2006,4
840,043W,8028,2007,1
840,043W,8029,2007,2
840,043W,8030,2007,3
840,043W,8032,2008,1
840,043W,8033,2008,2
840,043W,8036,2009,1
840,043W,8039,2009,4
840,043W,8040,2010,1
840,043W,8042,2010,3
840,043W,8043,2010,4
840,043W,8044,2011,1
840,043W,8048,2012,1
840,043W,8049,2012,2
840,043W,8051,2012,4
840,043W,8052,2013,1
841,043Y,8035,2008,4
841,043Y,8036,2009,1
841,043Y,8037,2009,2
841,043Y,8038,2009,3
841,043Y,8039,2009,4
841,043Y,8040,2010,1
845,044E,8055,2013,4
845,044E,8056,2014,1
845,044E,8058,2014,3
845,044E,8059,2014,4
845,044E,8060,2015,1
846,044G,8016,2004,1
846,044G,8017,2004,2
846,044G,8018,2004,3
846,044G,8019,2004,4
846,044G,8020,2005,1
846,044G,8021,2005,2
846,044G,8023,2005,4
846,044G,8024,2006,1
846,044G,8026,2006,3
846,044G,8027,2006,4
846,044G,8028,2007,1
846,044G,8029,2007,2
846,044G,8030,2007,3
846,044G,8031,2007,4
846,044G,8032,2008,1
846,044G,8033,2008,2
846,044G,8034,2008,3
846,044G,8035,2008,4
846,044G,8036,2009,1
848,044M,8075,2018,4
848,044M,8076,2019,1
848,044M,8077,2019,2
850,044P,8036,2009,1
850,044P,8040,2010,1
850,044P,8043,2010,4
850,044P,8044,2011,1
851,044R,8019,2004,4
851,044R,8021,2005,2
851,044R,8023,2005,4
851,044R,8024,2006,1
851,044R,8025,2006,2
851,044R,8026,2006,3
851,044R,8027,2006,4
851,044R,8028,2007,1
854,044Y,8032,2008,1
854,044Y,8034,2008,3
854,044Y,8035,2008,4
854,044Y,8036,2009,1
854,044Y,8038,2009,3
854,044Y,8039,2009,4
854,044Y,8040,2010,1
855,044Z,8079,2019,4
855,044Z,8080,2020,1
855,044Z,8081,2020,2
855,044Z,8084,2021,1
855,044Z,8085,2021,2
856,045A,8060,2015,1
856,045A,8063,2015,4
856,045A,8068,2017,1
856,045A,8069,2017,2
856,045A,8071,2017,4
856,045A,8072,2018,1
856,045A,8075,2018,4
856,045A,8076,2019,1
856,045A,8077,2019,2
857,045B,8028,2007,1
857,045B,8030,2007,3
857,045B,8031,2007,4
857,045B,8032,2008,1
857,045B,8034,2008,3
857,045B,8035,2008,4
857,045B,8036,2009,1
857,045B,8037,2009,2
857,045B,8038,2009,3
857,045B,8039,2009,4
857,045B,8040,2010,1
857,045B,8041,2010,2
857,045B,8042,2010,3
857,045B,8043,2010,4
857,045B,8044,2011,1
857,045B,8045,2011,2
857,045B,8047,2011,4
857,045B,8048,2012,1
857,045B,8049,2012,2
857,045B,8050,2012,3
857,045B,8051,2012,4
857,045B,8052,2013,1
857,045B,8054,2013,3
857,045B,8055,2013,4
857,045B,8056,2014,1
857,045B,8058,2014,3
857,045B,8059,2014,4
857,045B,8060,2015,1
857,045B,8061,2015,2
858,045E,8055,2013,4
858,045E,8056,2014,1
858,045E,8057,2014,2
858,045E,8058,2014,3
858,045E,8059,2014,4
859,045G,8016,2004,1
861,045M,8076,2019,1
861,045M,8077,2019,2
863,045P,8036,2009,1
863,045P,8038,2009,3
863,045P,8040,2010,1
863,045P,8043,2010,4
863,045P,8044,2011,1
863,045P,8045,2011,2
863,045P,8046,2011,3
863,045P,8047,2011,4
863,045P,8048,2012,1
864,045R,8020,2005,1
864,045R,8021,2005,2
864,045R,8022,2005,3
864,045R,8023,2005,4
864,045R,8024,2006,1
864,045R,8025,2006,2
864,045R,8026,2006,3
864,045R,8027,2006,4
864,045R,8028,2007,1
864,045R,8029,2007,2
864,045R,8030,2007,3
864,045R,8031,2007,4
864,045R,8032,2008,1
864,045R,8033,2008,2
864,045R,8034,2008,3
864,045R,8035,2008,4
864,045R,8036,2009,1
864,045R,8038,2009,3
864,045R,8039,2009,4
864,045R,8040,2010,1
864,045R,8042,2010,3
864,045R,8043,2010,4
864,045R,8044,2011,1
864,045R,8046,2011,3
864,045R,8047,2011,4
864,045R,8048,2012,1
864,045R,8050,2012,3
864,045R,8051,2012,4
864,045R,8052,2013,1
864,045R,8053,2013,2
864,045R,8054,2013,3
864,045R,8055,2013,4
864,045R,8056,2014,1
864,045R,8057,2014,2
864,045R,8058,2014,3
865,045V,8064,2016,1
865,045V,8067,2016,4
867,045Y,8031,2007,4
867,045Y,8032,2008,1
867,045Y,8033,2008,2
867,045Y,8036,2009,1
867,045Y,8037,2009,2
867,045Y,8039,2009,4
867,045Y,8040,2010,1
867,045Y,8042,2010,3
867,045Y,8043,2010,4
867,045Y,8044,2011,1
869,046A,8060,2015,1
869,046A,8063,2015,4
869,046A,8064,2016,1
869,046A,8068,2017,1
869,046A,8069,2017,2
869,046A,8072,2018,1
870,046B,8027,2006,4
870,046B,8028,2007,1
870,046B,8029,2007,2
870,046B,8030,2007,3
870,046B,8031,2007,4
870,046B,8032,2008,1
870,046B,8033,2008,2
871,046E,8055,2013,4
874,046M,8076,2019,1
874,046M,8081,2020,2
876,046P,8036,2009,1
876,046P,8038,2009,3
876,046P,8043,2010,4
876,046P,8044,2011,1
876,046P,8047,2011,4
876,046P,8048,2012,1
876,046P,8050,2012,3
876,046P,8051,2012,4
876,046P,8052,2013,1
876,046P,8053,2013,2
877,046R,8020,2005,1
881,046Z,8081,2020,2
883,047B,8028,2007,1
884,047E,8056,2014,1
884,047E,8058,2014,3
884,047E,8060,2015,1
885,047G,8017,2004,2
885,047G,8018,2004,3
885,047G,8019,2004,4
885,047G,8020,2005,1
885,047G,8021,2005,2
889,047P,8035,2008,4
889,047P,8038,2009,3
892,047W,8023,2005,4
892,047W,8024,2006,1
892,047W,8025,2006,2
892,047W,8026,2006,3
892,047W,8027,2006,4
892,047W,8028,2007,1
892,047W,8030,2007,3
892,047W,8031,2007,4
892,047W,8032,2008,1
892,047W,8033,2008,2
892,047W,8034,2008,3
892,047W,8035,2008,4
892,047W,8036,2009,1
892,047W,8037,2009,2
892,047W,8038,2009,3
892,047W,8039,2009,4
892,047W,8040,2010,1
893,047Y,8033,2008,2
894,048A,8060,2015,1
894,048A,8063,2015,4
894,048A,8064,2016,1
894,048A,8067,2016,4
894,048A,8068,2017,1
894,048A,8069,2017,2
894,048A,8070,2017,3
894,048A,8071,2017,4
894,048A,8072,2018,1
894,048A,8075,2018,4
894,048A,8076,2019,1
894,048A,8077,2019,2
894,048A,8079,2019,4
894,048A,8080,2020,1
894,048A,8081,2020,2
895,048B,8028,2007,1
895,048B,8031,2007,4
895,048B,8032,2008,1
901,048P,8036,2009,1
902,048R,8022,2005,3
903,048V,8064,2016,1
903,048V,8065,2016,2
903,048V,8068,2017,1
903,048V,8071,2017,4
903,048V,8072,2018,1
903,048V,8075,2018,4
903,048V,8077,2019,2
904,048W,8023,2005,4
904,048W,8024,2006,1
904,048W,8027,2006,4
904,048W,8028,2007,1
904,048W,8030,2007,3
904,048W,8031,2007,4
904,048W,8032,2008,1
905,048Y,8032,2008,1
905,048Y,8033,2008,2
905,048Y,8034,2008,3
906,049A,8059,2014,4
906,049A,8060,2015,1
906,049A,8062,2015,3
906,049A,8064,2016,1
906,049A,8066,2016,3
906,049A,8067,2016,4
906,049A,8068,2017,1
907,049B,8028,2007,1
907,049B,8032,2008,1
907,049B,8036,2009,1
907,049B,8039,2009,4
907,049B,8040,2010,1
907,049B,8042,2010,3
907,049B,8043,2010,4
907,049B,8044,2011,1
907,049B,8047,2011,4
907,049B,8048,2012,1
907,049B,8049,2012,2
907,049B,8051,2012,4
907,049B,8052,2013,1
907,049B,8053,2013,2
907,049B,8055,2013,4
907,049B,8056,2014,1
907,049B,8057,2014,2
907,049B,8059,2014,4
907,049B,8060,2015,1
908,049E,8056,2014,1
908,049E,8057,2014,2
908,049E,8060,2015,1
908,049E,8061,2015,2
908,049E,8062,2015,3
908,049E,8064,2016,1
911,049M,8079,2019,4
911,049M,8080,2020,1
911,049M,8081,2020,2
913,049P,8035,2008,4
913,049P,8038,2009,3
913,049P,8039,2009,4
913,049P,8044,2011,1
913,049P,8047,2011,4
913,049P,8048,2012,1
913,049P,8049,2012,2
913,049P,8051,2012,4
913,049P,8052,2013,1
914,049R,8020,2005,1
916,049V,8064,2016,1
916,049V,8067,2016,4
916,049V,8068,2017,1
916,049V,8070,2017,3
916,049V,8071,2017,4
916,049V,8072,2018,1
917,049W,8023,2005,4
917,049W,8024,2006,1
917,049W,8025,2006,2
917,049W,8026,2006,3
917,049W,8027,2006,4
917,049W,8029,2007,2
917,049W,8031,2007,4
917,049W,8032,2008,1
917,049W,8033,2008,2
917,049W,8034,2008,3
917,049W,8035,2008,4
917,049W,8036,2009,1
917,049W,8038,2009,3
917,049W,8039,2009,4
917,049W,8040,2010,1
918,049Y,8031,2007,4
918,049Y,8032,2008,1
918,049Y,8034,2008,3
918,049Y,8035,2008,4
918,049Y,8036,2009,1
918,049Y,8038,2009,3
918,049Y,8039,2009,4
918,049Y,8040,2010,1
918,049Y,8041,2010,2
918,049Y,8042,2010,3
918,049Y,8043,2010,4
918,049Y,8044,2011,1
918,049Y,8046,2011,3
918,049Y,8047,2011,4
918,049Y,8048,2012,1
918,049Y,8049,2012,2
918,049Y,8050,2012,3
918,049Y,8051,2012,4
918,049Y,8052,2013,1
918,049Y,8053,2013,2
918,049Y,8054,2013,3
918,049Y,8055,2013,4
918,049Y,8056,2014,1
918,049Y,8057,2014,2
918,049Y,8058,2014,3
918,049Y,8059,2014,4
918,049Y,8060,2015,1
918,049Y,8061,2015,2
919,050A,8060,2015,1
919,050A,8061,2015,2
919,050A,8064,2016,1
919,050A,8065,2016,2
919,050A,8068,2017,1
919,050A,8069,2017,2
922,050G,8018,2004,3
922,050G,8019,2004,4
922,050G,8020,2005,1
922,050G,8021,2005,2
922,050G,8022,2005,3
922,050G,8023,2005,4
922,050G,8024,2006,1
922,050G,8025,2006,2
922,050G,8026,2006,3
922,050G,8028,2007,1
922,050G,8030,2007,3
922,050G,8032,2008,1
922,050G,8033,2008,2
922,050G,8036,2009,1
922,050G,8039,2009,4
922,050G,8040,2010,1
922,050G,8043,2010,4
922,050G,8044,2011,1
923,050K,8052,2013,1
923,050K,8055,2013,4
923,050K,8056,2014,1
923,050K,8058,2014,3
923,050K,8059,2014,4
923,050K,8060,2015,1
924,050M,8079,2019,4
924,050M,8080,2020,1
924,050M,8081,2020,2
925,050N,8040,2010,1
925,050N,8043,2010,4
925,050N,8044,2011,1
925,050N,8045,2011,2
925,050N,8046,2011,3
925,050N,8047,2011,4
925,050N,8048,2012,1
927,050R,8019,2004,4
927,050R,8020,2005,1
929,050W,8023,2005,4
929,050W,8025,2006,2
929,050W,8027,2006,4
929,050W,8028,2007,1
930,050Y,8031,2007,4
930,050Y,8032,2008,1
930,050Y,8033,2008,2
930,050Y,8035,2008,4
930,050Y,8036,2009,1
930,050Y,8037,2009,2
931,051A,8060,2015,1
932,051B,8028,2007,1
932,051B,8032,2008,1
932,051B,8035,2008,4
932,051B,8036,2009,1
933,051E,8056,2014,1
935,051K,8052,2013,1
935,051K,8056,2014,1
935,051K,8057,2014,2
935,051K,8059,2014,4
935,051K,8060,2015,1
936,051M,8079,2019,4
936,051M,8080,2020,1
936,051M,8081,2020,2
936,051M,8083,2020,4
936,051M,8084,2021,1
937,051N,8040,2010,1
937,051N,8043,2010,4
937,051N,8044,2011,1
938,051P,8035,2008,4
939,051R,8019,2004,4
939,051R,8020,2005,1
939,051R,8021,2005,2
939,051R,8022,2005,3
939,051R,8023,2005,4
939,051R,8024,2006,1
939,051R,8025,2006,2
939,051R,8026,2006,3
939,051R,8027,2006,4
939,051R,8028,2007,1
939,051R,8029,2007,2
939,051R,8031,2007,4
939,051R,8034,2008,3
939,051R,8035,2008,4
939,051R,8036,2009,1
939,051R,8037,2009,2
939,051R,8038,2009,3
943,052A,8060,2015,1
943,052A,8063,2015,4
943,052A,8064,2016,1
943,052A,8065,2016,2
944,052B,8028,2007,1
945,052E,8056,2014,1
945,052E,8057,2014,2
945,052E,8058,2014,3
945,052E,8059,2014,4
945,052E,8060,2015,1
945,052E,8061,2015,2
947,052K,8051,2012,4
947,052K,8052,2013,1
947,052K,8055,2013,4
947,052K,8056,2014,1
949,052N,8040,2010,1
949,052N,8044,2011,1
952,052W,8023,2005,4
952,052W,8032,2008,1
952,052W,8038,2009,3
952,052W,8040,2010,1
952,052W,8042,2010,3
953,052Y,8033,2008,2
953,052Y,8035,2008,4
953,052Y,8036,2009,1
953,052Y,8037,2009,2
953,052Y,8038,2009,3
953,052Y,8040,2010,1
955,053B,8028,2007,1
957,053K,8051,2012,4
957,053K,8053,2013,2
957,053K,8055,2013,4
957,053K,8056,2014,1
957,053K,8060,2015,1
957,053K,8062,2015,3
957,053K,8063,2015,4
957,053K,8064,2016,1
957,053K,8066,2016,3
957,053K,8068,2017,1
957,053K,8071,2017,4
957,053K,8072,2018,1
957,053K,8073,2018,2
957,053K,8074,2018,3
957,053K,8075,2018,4
957,053K,8076,2019,1
957,053K,8077,2019,2
958,053M,8076,2019,1
958,053M,8079,2019,4
958,053M,8080,2020,1
958,053M,8081,2020,2
958,053M,8083,2020,4
958,053M,8084,2021,1
961,053R,8020,2005,1
961,053R,8022,2005,3
961,053R,8023,2005,4
961,053R,8024,2006,1
962,053W,8023,2005,4
963,053Y,8032,2008,1
963,053Y,8033,2008,2
963,053Y,8034,2008,3
963,053Y,8035,2008,4
963,053Y,8036,2009,1
963,053Y,8037,2009,2
963,053Y,8038,2009,3
963,053Y,8039,2009,4
963,053Y,8040,2010,1
963,053Y,8041,2010,2
964,054A,8060,2015,1
964,054A,8062,2015,3
964,054A,8064,2016,1
965,054B,8027,2006,4
965,054B,8028,2007,1
966,054G,8019,2004,4
966,054G,8020,2005,1
966,054G,8021,2005,2
966,054G,8022,2005,3
966,054G,8023,2005,4
966,054G,8024,2006,1
966,054G,8027,2006,4
966,054G,8028,2007,1
966,054G,8032,2008,1
966,054G,8034,2008,3
966,054G,8035,2008,4
966,054G,8036,2009,1
966,054G,8037,2009,2
966,054G,8038,2009,3
966,054G,8039,2009,4
966,054G,8040,2010,1
967,054K,8056,2014,1
967,054K,8064,2016,1
967,054K,8065,2016,2
970,054P,8035,2008,4
970,054P,8036,2009,1
970,054P,8038,2009,3
970,054P,8039,2009,4
970,054P,8040,2010,1
972,054W,8023,2005,4
972,054W,8024,2006,1
972,054W,8027,2006,4
972,054W,8031,2007,4
972,054W,8032,2008,1
972,054W,8034,2008,3
972,054W,8035,2008,4
972,054W,8036,2009,1
973,054Y,8031,2007,4
973,054Y,8032,2008,1
974,055A,8060,2015,1
974,055A,8063,2015,4
974,055A,8064,2016,1
974,055A,8065,2016,2
974,055A,8068,2017,1
974,055A,8069,2017,2
974,055A,8071,2017,4
974,055A,8072,2018,1
974,055A,8073,2018,2
975,055B,8027,2006,4
975,055B,8032,2008,1
975,055B,8033,2008,2
975,055B,8035,2008,4
975,055B,8036,2009,1
976,055G,8019,2004,4
976,055G,8020,2005,1
976,055G,8023,2005,4
976,055G,8024,2006,1
976,055G,8025,2006,2
976,055G,8027,2006,4
976,055G,8028,2007,1
976,055G,8029,2007,2
977,055M,8076,2019,1
979,055P,8035,2008,4
979,055P,8037,2009,2
979,055P,8038,2009,3
980,055R,8020,2005,1
980,055R,8022,2005,3
980,055R,8024,2006,1
980,055R,8025,2006,2
980,055R,8027,2006,4
980,055R,8028,2007,1
980,055R,8030,2007,3
980,055R,8031,2007,4
980,055R,8032,2008,1
980,055R,8033,2008,2
980,055R,8034,2008,3
980,055R,8035,2008,4
980,055R,8036,2009,1
980,055R,8038,2009,3
980,055R,8039,2009,4
980,055R,8040,2010,1
982,055Y,8032,2008,1
982,055Y,8035,2008,4
982,055Y,8036,2009,1
982,055Y,8037,2009,2
982,055Y,8038,2009,3
982,055Y,8039,2009,4
982,055Y,8040,2010,1
982,055Y,8042,2010,3
982,055Y,8043,2010,4
982,055Y,8044,2011,1
982,055Y,8046,2011,3
982,055Y,8047,2011,4
982,055Y,8048,2012,1
983,056A,8060,2015,1
984,056B,8032,2008,1
984,056B,8036,2009,1
984,056B,8038,2009,3
984,056B,8040,2010,1
984,056B,8041,2010,2
984,056B,8043,2010,4
984,056B,8044,2011,1
985,056E,8056,2014,1
987,056M,8076,2019,1
989,056P,8036,2009,1
989,056P,8038,2009,3
989,056P,8040,2010,1
991,056W,8023,2005,4
991,056W,8025,2006,2
991,056W,8027,2006,4
991,056W,8028,2007,1
991,056W,8030,2007,3
991,056W,8031,2007,4
991,056W,8032,2008,1
991,056W,8034,2008,3
991,056W,8035,2008,4
991,056W,8036,2009,1
991,056W,8037,2009,2
991,056W,8038,2009,3
991,056W,8039,2009,4
991,056W,8040,2010,1
992,056Y,8032,2008,1
992,056Y,8033,2008,2
992,056Y,8035,2008,4
992,056Y,8036,2009,1
992,056Y,8038,2009,3
993,057B,8029,2007,2
993,057B,8030,2007,3
993,057B,8031,2007,4
993,057B,8032,2008,1
994,057G,8015,2003,4
997,057P,8038,2009,3
998,057R,8019,2004,4
998,057R,8020,2005,1
998,057R,8021,2005,2
998,057R,8022,2005,3
1000,057Y,8032,2008,1
1000,057Y,8034,2008,3
1000,057Y,8035,2008,4
1000,057Y,8036,2009,1
1000,057Y,8037,2009,2
1000,057Y,8038,2009,3
1000,057Y,8039,2009,4
1000,057Y,8040,2010,1
1000,057Y,8043,2010,4
1000,057Y,8047,2011,4
1000,057Y,8048,2012,1
1000,057Y,8050,2012,3
1000,057Y,8051,2012,4
1000,057Y,8052,2013,1
1001,058B,8027,2006,4
1001,058B,8028,2007,1
1001,058B,8029,2007,2
1001,058B,8032,2008,1
1005,058R,8022,2005,3
1005,058R,8023,2005,4
1005,058R,8024,2006,1
1005,058R,8025,2006,2
1005,058R,8027,2006,4
1005,058R,8028,2007,1
1005,058R,8029,2007,2
1005,058R,8032,2008,1
1005,058R,8035,2008,4
1005,058R,8037,2009,2
1005,058R,8038,2009,3
1005,058R,8039,2009,4
1005,058R,8040,2010,1
1005,058R,8042,2010,3
1005,058R,8043,2010,4
1005,058R,8046,2011,3
1005,058R,8047,2011,4
1007,058Y,8032,2008,1
1007,058Y,8034,2008,3
1007,058Y,8036,2009,1
1007,058Y,8039,2009,4
1007,058Y,8040,2010,1
1007,058Y,8042,2010,3
1007,058Y,8043,2010,4
1007,058Y,8044,2011,1
1007,058Y,8047,2011,4
1007,058Y,8048,2012,1
1007,058Y,8049,2012,2
1007,058Y,8051,2012,4
1007,058Y,8052,2013,1
1007,058Y,8054,2013,3
1007,058Y,8055,2013,4
1007,058Y,8056,2014,1
1008,059B,8028,2007,1
1008,059B,8032,2008,1
1008,059B,8033,2008,2
1008,059B,8035,2008,4
1008,059B,8036,2009,1
1008,059B,8037,2009,2
1008,059B,8038,2009,3
1008,059B,8040,2010,1
1008,059B,8042,2010,3
1008,059B,8043,2010,4
1008,059B,8044,2011,1
1008,059B,8046,2011,3
1008,059B,8048,2012,1
1009,059G,8015,2003,4
1009,059G,8017,2004,2
1012,059R,8023,2005,4
1012,059R,8024,2006,1
1012,059R,8027,2006,4
1012,059R,8028,2007,1
1014,059Y,8031,2007,4
1014,059Y,8032,2008,1
1014,059Y,8034,2008,3
1014,059Y,8035,2008,4
1014,059Y,8036,2009,1
1015,060B,8028,2007,1
1015,060B,8029,2007,2
1015,060B,8030,2007,3
1015,060B,8031,2007,4
1015,060B,8033,2008,2
1015,060B,8034,2008,3
1015,060B,8035,2008,4
1015,060B,8036,2009,1
1015,060B,8037,2009,2
1015,060B,8038,2009,3
1015,060B,8040,2010,1
1015,060B,8041,2010,2
1015,060B,8042,2010,3
1015,060B,8043,2010,4
1015,060B,8044,2011,1
1017,060M,8076,2019,1
1017,060M,8077,2019,2
1018,060P,8036,2009,1
1018,060P,8038,2009,3
1018,060P,8040,2010,1
1018,060P,8041,2010,2
1018,060P,8042,2010,3
1019,060R,8020,2005,1
1019,060R,8021,2005,2
1019,060R,8024,2006,1
1019,060R,8026,2006,3
1019,060R,8027,2006,4
1019,060R,8028,2007,1
1019,060R,8029,2007,2
1019,060R,8030,2007,3
1019,060R,8032,2008,1
1019,060R,8033,2008,2
1019,060R,8034,2008,3
1019,060R,8035,2008,4
1019,060R,8038,2009,3
1019,060R,8040,2010,1
1019,060R,8042,2010,3
1022,061B,8028,2007,1
1022,061B,8031,2007,4
1022,061B,8032,2008,1
1022,061B,8033,2008,2
1022,061B,8034,2008,3
1022,061B,8035,2008,4
1022,061B,8036,2009,1
1027,061Y,8032,2008,1
1027,061Y,8036,2009,1
1027,061Y,8039,2009,4
1027,061Y,8040,2010,1
1027,061Y,8043,2010,4
1027,061Y,8044,2011,1
1029,062G,8017,2004,2
1029,062G,8018,2004,3
1029,062G,8019,2004,4
1029,062G,8020,2005,1
1029,062G,8021,2005,2
1029,062G,8022,2005,3
1029,062G,8023,2005,4
1029,062G,8024,2006,1
1029,062G,8025,2006,2
1029,062G,8026,2006,3
1029,062G,8027,2006,4
1029,062G,8028,2007,1
1029,062G,8029,2007,2
1029,062G,8030,2007,3
1029,062G,8032,2008,1
1029,062G,8036,2009,1
1029,062G,8037,2009,2
1029,062G,8038,2009,3
1029,062G,8039,2009,4
1029,062G,8040,2010,1
1029,062G,8041,2010,2
1029,062G,8042,2010,3
1029,062G,8043,2010,4
1029,062G,8044,2011,1
1029,062G,8045,2011,2
1029,062G,8046,2011,3
1029,062G,8047,2011,4
1029,062G,8048,2012,1
1029,062G,8049,2012,2
1030,062P,8036,2009,1
1032,062W,8026,2006,3
1032,062W,8027,2006,4
1032,062W,8028,2007,1
1032,062W,8031,2007,4
1032,062W,8032,2008,1
1032,062W,8033,2008,2
1032,062W,8034,2008,3
1032,062W,8035,2008,4
1032,062W,8036,2009,1
1032,062W,8038,2009,3
1032,062W,8039,2009,4
1032,062W,8040,2010,1
1032,062W,8042,2010,3
1032,062W,8043,2010,4
1032,062W,8044,2011,1
1032,062W,8045,2011,2
1032,062W,8046,2011,3
1032,062W,8047,2011,4
1032,062W,8048,2012,1
1032,062W,8049,2012,2
1032,062W,8051,2012,4
1032,062W,8052,2013,1
1032,062W,8053,2013,2
1032,062W,8054,2013,3
1032,062W,8055,2013,4
1032,062W,8056,2014,1
1032,062W,8057,2014,2
1032,062W,8058,2014,3
1032,062W,8059,2014,4
1032,062W,8060,2015,1
1032,062W,8061,2015,2
1032,062W,8062,2015,3
1032,062W,8063,2015,4
1032,062W,8064,2016,1
1033,062Y,8032,2008,1
1036,063P,8036,2009,1
1037,063R,8021,2005,2
1037,063R,8022,2005,3
1037,063R,8023,2005,4
1037,063R,8024,2006,1
1037,063R,8025,2006,2
1038,063W,8027,2006,4
1038,063W,8028,2007,1
1038,063W,8032,2008,1
1038,063W,8034,2008,3
1038,063W,8035,2008,4
1038,063W,8037,2009,2
1038,063W,8038,2009,3
1038,063W,8039,2009,4
1038,063W,8040,2010,1
1038,063W,8041,2010,2
1038,063W,8042,2010,3
1038,063W,8046,2011,3
1038,063W,8047,2011,4
1038,063W,8048,2012,1
1038,063W,8049,2012,2
1038,063W,8051,2012,4
1038,063W,8052,2013,1
1038,063W,8053,2013,2
1038,063W,8054,2013,3
1038,063W,8056,2014,1
1039,063Y,8036,2009,1
1039,063Y,8038,2009,3
1039,063Y,8040,2010,1
1039,063Y,8041,2010,2
1039,063Y,8042,2010,3
1039,063Y,8044,2011,1
1039,063Y,8045,2011,2
1039,063Y,8046,2011,3
1039,063Y,8047,2011,4
1039,063Y,8048,2012,1
1039,063Y,8050,2012,3
1039,063Y,8051,2012,4
1039,063Y,8052,2013,1
1039,063Y,8056,2014,1
1039,063Y,8057,2014,2
1039,063Y,8058,2014,3
1039,063Y,8060,2015,1
1039,063Y,8062,2015,3
1039,063Y,8063,2015,4
1039,063Y,8065,2016,2
1039,063Y,8067,2016,4
1039,063Y,8068,2017,1
1039,063Y,8069,2017,2
1041,064G,8016,2004,1
1041,064G,8017,2004,2
1041,064G,8018,2004,3
1041,064G,8019,2004,4
1041,064G,8020,2005,1
1041,064G,8021,2005,2
1041,064G,8022,2005,3
1042,064P,8036,2009,1
1042,064P,8040,2010,1
1042,064P,8044,2011,1
1044,064W,8023,2005,4
1044,064W,8027,2006,4
1044,064W,8029,2007,2
1045,064Y,8032,2008,1
1045,064Y,8035,2008,4
1045,064Y,8036,2009,1
1046,065B,8028,2007,1
1046,065B,8029,2007,2
1046,065B,8030,2007,3
1046,065B,8031,2007,4
1046,065B,8032,2008,1
1046,065B,8035,2008,4
1046,065B,8036,2009,1
1046,065B,8037,2009,2
1046,065B,8038,2009,3
1046,065B,8039,2009,4
1046,065B,8040,2010,1
1046,065B,8042,2010,3
1046,065B,8043,2010,4
1046,065B,8044,2011,1
1048,065P,8036,2009,1
1050,065W,8027,2006,4
1050,065W,8028,2007,1
1050,065W,8030,2007,3
1050,065W,8031,2007,4
1050,065W,8032,2008,1
1050,065W,8034,2008,3
1050,065W,8035,2008,4
1050,065W,8036,2009,1
1050,065W,8038,2009,3
1051,065Y,8035,2008,4
1051,065Y,8036,2009,1
1051,065Y,8038,2009,3
1051,065Y,8039,2009,4
1051,065Y,8040,2010,1
1051,065Y,8041,2010,2
1051,065Y,8042,2010,3
1051,065Y,8043,2010,4
1051,065Y,8044,2011,1
1052,066B,8028,2007,1
1052,066B,8031,2007,4
1052,066B,8032,2008,1
1052,066B,8033,2008,2
1052,066B,8035,2008,4
1052,066B,8036,2009,1
1052,066B,8037,2009,2
1052,066B,8038,2009,3
1052,066B,8039,2009,4
1052,066B,8040,2010,1
1052,066B,8041,2010,2
1052,066B,8042,2010,3
1052,066B,8043,2010,4
1052,066B,8044,2011,1
1052,066B,8046,2011,3
1052,066B,8047,2011,4
1052,066B,8048,2012,1
1055,066R,8020,2005,1
1055,066R,8023,2005,4
1055,066R,8024,2006,1
1055,066R,8027,2006,4
1055,066R,8028,2007,1
1055,066R,8029,2007,2
1055,066R,8031,2007,4
1055,066R,8032,2008,1
1055,066R,8033,2008,2
1055,066R,8034,2008,3
1055,066R,8035,2008,4
1055,066R,8036,2009,1
1055,066R,8037,2009,2
1055,066R,8038,2009,3
1055,066R,8039,2009,4
1055,066R,8042,2010,3
1055,066R,8043,2010,4
1055,066R,8044,2011,1
1055,066R,8046,2011,3
1055,066R,8048,2012,1
1055,066R,8049,2012,2
1055,066R,8050,2012,3
1055,066R,8052,2013,1
1055,066R,8053,2013,2
1056,066W,8027,2006,4
1056,066W,8028,2007,1
1057,066Y,8032,2008,1
1060,067P,8037,2009,2
1060,067P,8038,2009,3
1060,067P,8040,2010,1
1060,067P,8044,2011,1
1060,067P,8047,2011,4
1060,067P,8048,2012,1
1060,067P,8049,2012,2
1060,067P,8052,2013,1
1061,067R,8019,2004,4
1061,067R,8021,2005,2
1061,067R,8022,2005,3
1061,067R,8023,2005,4
1061,067R,8024,2006,1
1061,067R,8025,2006,2
1061,067R,8026,2006,3
1061,067R,8027,2006,4
1061,067R,8028,2007,1
1061,067R,8029,2007,2
1061,067R,8031,2007,4
1061,067R,8032,2008,1
1062,067W,8022,2005,3
1062,067W,8023,2005,4
1062,067W,8024,2006,1
1062,067W,8025,2006,2
1062,067W,8026,2006,3
1062,067W,8027,2006,4
1062,067W,8028,2007,1
1062,067W,8029,2007,2
1062,067W,8030,2007,3
1062,067W,8031,2007,4
1062,067W,8032,2008,1
1062,067W,8033,2008,2
1063,067Y,8032,2008,1
1063,067Y,8033,2008,2
1063,067Y,8034,2008,3
1063,067Y,8035,2008,4
1063,067Y,8036,2009,1
1063,067Y,8038,2009,3
1063,067Y,8039,2009,4
1063,067Y,8040,2010,1
1063,067Y,8042,2010,3
1063,067Y,8043,2010,4
1063,067Y,8044,2011,1
1063,067Y,8045,2011,2
1063,067Y,8046,2011,3
1063,067Y,8047,2011,4
1063,067Y,8048,2012,1
1066,068R,8019,2004,4
1070,069P,8036,2009,1
1070,069P,8037,2009,2
1070,069P,8038,2009,3
1070,069P,8040,2010,1
1070,069P,8042,2010,3
1070,069P,8043,2010,4
1070,069P,8044,2011,1
1070,069P,8046,2011,3
1070,069P,8047,2011,4
1070,069P,8048,2012,1
1070,069P,8049,2012,2
1070,069P,8050,2012,3
1070,069P,8051,2012,4
1070,069P,8052,2013,1
1070,069P,8053,2013,2
1070,069P,8054,2013,3
1070,069P,8055,2013,4
1070,069P,8056,2014,1
1070,069P,8057,2014,2
1070,069P,8058,2014,3
1070,069P,8059,2014,4
1070,069P,8060,2015,1
1071,069R,8020,2005,1
1071,069R,8027,2006,4
1071,069R,8028,2007,1
1071,069R,8029,2007,2
1071,069R,8033,2008,2
1071,069R,8038,2009,3
1071,069R,8039,2009,4
1071,069R,8040,2010,1
1071,069R,8042,2010,3
1071,069R,8043,2010,4
1071,069R,8044,2011,1
1071,069R,8046,2011,3
1071,069R,8047,2011,4
1071,069R,8048,2012,1
1071,069R,8049,2012,2
1071,069R,8050,2012,3
1071,069R,8051,2012,4
1071,069R,8052,2013,1
1071,069R,8053,2013,2
1072,069W,8025,2006,2
1072,069W,8026,2006,3
1072,069W,8027,2006,4
1072,069W,8028,2007,1
1072,069W,8029,2007,2
1072,069W,8030,2007,3
1072,069W,8031,2007,4
1072,069W,8032,2008,1
1072,069W,8033,2008,2
1072,069W,8034,2008,3
1072,069W,8035,2008,4
1072,069W,8036,2009,1
1072,069W,8037,2009,2
1072,069W,8038,2009,3
1075,070P,8036,2009,1
1075,070P,8038,2009,3
1075,070P,8039,2009,4
1075,070P,8040,2010,1
1075,070P,8042,2010,3
1075,070P,8043,2010,4
1075,070P,8044,2011,1
1075,070P,8045,2011,2
1075,070P,8046,2011,3
1075,070P,8047,2011,4
1075,070P,8048,2012,1
1075,070P,8049,2012,2
1075,070P,8050,2012,3
1075,070P,8051,2012,4
1075,070P,8052,2013,1
1075,070P,8054,2013,3
1075,070P,8055,2013,4
1075,070P,8056,2014,1
1075,070P,8058,2014,3
1075,070P,8059,2014,4
1075,070P,8060,2015,1
1075,070P,8062,2015,3
1075,070P,8063,2015,4
1075,070P,8064,2016,1
1075,070P,8065,2016,2
1075,070P,8066,2016,3
1075,070P,8067,2016,4
1075,070P,8068,2017,1
1075,070P,8069,2017,2
1075,070P,8070,2017,3
1075,070P,8071,2017,4
1075,070P,8072,2018,1
1075,070P,8073,2018,2
1075,070P,8074,2018,3
1075,070P,8075,2018,4
1075,070P,8076,2019,1
1075,070P,8078,2019,3
1075,070P,8079,2019,4
1075,070P,8080,2020,1
1075,070P,8081,2020,2
1075,070P,8082,2020,3
1075,070P,8083,2020,4
1075,070P,8084,2021,1
1076,070R,8020,2005,1
1078,070Y,8032,2008,1
1078,070Y,8038,2009,3
1080,071R,8023,2005,4
1080,071R,8024,2006,1
1080,071R,8025,2006,2
1080,071R,8026,2006,3
1080,071R,8027,2006,4
1080,071R,8028,2007,1
1080,071R,8029,2007,2
1080,071R,8030,2007,3
1080,071R,8031,2007,4
1080,071R,8032,2008,1
1081,071W,8023,2005,4
1083,072R,8020,2005,1
1084,072W,8026,2006,3
1084,072W,8027,2006,4
1084,072W,8028,2007,1
1084,072W,8029,2007,2
1085,073R,8019,2004,4
1085,073R,8023,2005,4
1085,073R,8024,2006,1
1086,073W,8024,2006,1
1091,076R,8021,2005,2
1091,076R,8022,2005,3
1091,076R,8023,2005,4
1091,076R,8024,2006,1
1091,076R,8025,2006,2
1091,076R,8026,2006,3
1091,076R,8027,2006,4
1091,076R,8028,2007,1
1091,076R,8029,2007,2
1091,076R,8030,2007,3
1094,077W,8024,2006,1
1094,077W,8026,2006,3
1094,077W,8027,2006,4
1094,077W,8028,2007,1
1094,077W,8029,2007,2
1094,077W,8030,2007,3
1094,077W,8032,2008,1
1094,077W,8033,2008,2
1094,077W,8035,2008,4
1094,077W,8036,2009,1
1094,077W,8038,2009,3
1094,077W,8039,2009,4
1094,077W,8040,2010,1
1097,079W,8025,2006,2
1098,080W,8023,2005,4
1098,080W,8026,2006,3
1098,080W,8027,2006,4
1098,080W,8028,2007,1
1099,081W,8025,2006,2
1099,081W,8026,2006,3
1099,081W,8027,2006,4
1099,081W,8028,2007,1
1099,081W,8029,2007,2
1099,081W,8030,2007,3
1099,081W,8031,2007,4
1099,081W,8032,2008,1
1099,081W,8033,2008,2
1099,081W,8034,2008,3
1099,081W,8035,2008,4
1099,081W,8036,2009,1
1099,081W,8037,2009,2
1099,081W,8038,2009,3
1099,081W,8039,2009,4
1099,081W,8040,2010,1
1099,081W,8042,2010,3
1099,081W,8043,2010,4
1099,081W,8044,2011,1
1099,081W,8045,2011,2
1100,082W,8024,2006,1
1100,082W,8028,2007,1
1100,082W,8030,2007,3
1100,082W,8032,2008,1
1100,082W,8033,2008,2
1100,082W,8036,2009,1
1100,082W,8039,2009,4
1100,082W,8040,2010,1
1100,082W,8043,2010,4
1100,082W,8044,2011,1
1100,082W,8047,2011,4
1100,082W,8048,2012,1
1101,083W,8024,2006,1
1102,084W,8023,2005,4
1102,084W,8024,2006,1
1103,085W,8023,2005,4
1103,085W,8024,2006,1
1103,085W,8025,2006,2
1103,085W,8026,2006,3
1107,089W,8023,2005,4
1107,089W,8024,2006,1
1107,089W,8026,2006,3
1107,089W,8028,2007,1
1107,089W,8030,2007,3
1111,093W,8023,2005,4
1111,093W,8025,2006,2
1111,093W,8026,2006,3
1111,093W,8027,2006,4
1111,093W,8028,2007,1
1111,093W,8029,2007,2
1112,094W,8025,2006,2
1112,094W,8026,2006,3
1112,094W,8027,2006,4
1112,094W,8028,2007,1
1114,096W,8023,2005,4
1114,096W,8024,2006,1
1114,096W,8027,2006,4
1114,096W,8028,2007,1
1114,096W,8031,2007,4
1114,096W,8032,2008,1
1114,096W,8033,2008,2
1114,096W,8035,2008,4
1114,096W,8036,2009,1
1115,097W,8023,2005,4
1115,097W,8024,2006,1
1115,097W,8026,2006,3
1115,097W,8028,2007,1
1115,097W,8029,2007,2
1115,097W,8030,2007,3
1115,097W,8032,2008,1
1115,097W,8033,2008,2
1116,098W,8023,2005,4
1116,098W,8024,2006,1
1116,098W,8026,2006,3
1116,098W,8027,2006,4
1116,098W,8028,2007,1
1117,099W,8023,2005,4
1117,099W,8024,2006,1
1117,099W,8026,2006,3
1117,099W,8027,2006,4
1117,099W,8028,2007,1
1118,100W,8023,2005,4
1118,100W,8024,2006,1
1119,101W,8024,2006,1
1119,101W,8027,2006,4
1119,101W,8028,2007,1
1119,101W,8029,2007,2
1119,101W,8030,2007,3
1119,101W,8031,2007,4
1119,101W,8032,2008,1
1119,101W,8035,2008,4
1119,101W,8036,2009,1
1119,101W,8037,2009,2
1119,101W,8038,2009,3
1120,102W,8024,2006,1
1121,103W,8025,2006,2
1121,103W,8027,2006,4
1121,103W,8028,2007,1
1121,103W,8032,2008,1
1121,103W,8033,2008,2
1121,103W,8034,2008,3
1121,103W,8035,2008,4
1121,103W,8036,2009,1
1121,103W,8038,2009,3
1121,103W,8040,2010,1
1121,103W,8042,2010,3
1121,103W,8043,2010,4
1121,103W,8044,2011,1
1122,104W,8024,2006,1
1122,104W,8025,2006,2
1122,104W,8026,2006,3
1122,104W,8027,2006,4
1122,104W,8028,2007,1
1122,104W,8029,2007,2
1122,104W,8030,2007,3
1122,104W,8031,2007,4
1122,104W,8032,2008,1
1122,104W,8033,2008,2
1122,104W,8035,2008,4
1122,104W,8036,2009,1
1124,A002,7958,1989,3
1124,A002,7959,1989,4
1124,A002,7960,1990,1
1124,A002,7961,1990,2
1124,A002,7963,1990,4
1124,A002,7964,1991,1
1124,A002,7965,1991,2
1124,A002,7966,1991,3
1124,A002,7967,1991,4
1124,A002,7968,1992,1
1124,A002,7969,1992,2
1124,A002,7970,1992,3
1124,A002,7971,1992,4
1124,A002,7972,1993,1
1124,A002,7974,1993,3
1124,A002,7975,1993,4
1124,A002,7976,1994,1
1124,A002,7977,1994,2
1124,A002,7979,1994,4
1124,A002,7980,1995,1
1124,A002,7981,1995,2
1124,A002,7982,1995,3
1124,A002,7983,1995,4
1124,A002,7985,1996,2
1124,A002,7986,1996,3
1124,A002,7988,1997,1
1124,A002,7989,1997,2
1124,A002,7990,1997,3
1124,A002,7991,1997,4
1124,A002,7992,1998,1
1124,A002,7993,1998,2
1124,A002,7994,1998,3
1124,A002,7995,1998,4
1124,A002,7996,1999,1
1124,A002,7997,1999,2
1125,A003,7957,1989,2
1125,A003,7959,1989,4
1125,A003,7960,1990,1
1125,A003,7962,1990,3
1125,A003,7963,1990,4
1125,A003,7964,1991,1
1125,A003,7965,1991,2
1125,A003,7966,1991,3
1125,A003,7967,1991,4
1125,A003,7968,1992,1
1125,A003,7970,1992,3
1125,A003,7971,1992,4
1125,A003,7972,1993,1
1125,A003,7973,1993,2
1125,A003,7975,1993,4
1125,A003,7976,1994,1
1125,A003,7977,1994,2
1125,A003,7978,1994,3
1126,A004,7960,1990,1
1126,A004,7962,1990,3
1129,A007,7958,1989,3
1129,A007,7959,1989,4
1129,A007,7960,1990,1
1129,A007,7962,1990,3
1129,A007,7963,1990,4
1129,A007,7964,1991,1
1129,A007,7965,1991,2
1129,A007,7966,1991,3
1129,A007,7967,1991,4
1129,A007,7968,1992,1
1129,A007,7969,1992,2
1129,A007,7970,1992,3
1129,A007,7972,1993,1
1129,A007,7973,1993,2
1129,A007,7974,1993,3
1133,A011,7960,1990,1
1133,A011,7963,1990,4
1133,A011,7964,1991,1
1134,A012,7959,1989,4
1136,A014,7964,1991,1
1136,A014,7966,1991,3
1136,A014,7967,1991,4
1136,A014,7968,1992,1
1136,A014,7969,1992,2
1136,A014,7970,1992,3
1136,A014,7971,1992,4
1136,A014,7972,1993,1
1136,A014,7976,1994,1
1143,A021,7964,1991,1
1143,A021,7965,1991,2
1143,A021,7968,1992,1
1143,A021,7969,1992,2
1143,A021,7971,1992,4
1143,A021,7972,1993,1
1152,A030,7962,1990,3
1152,A030,7963,1990,4
1152,A030,7964,1991,1
1159,A037,7959,1989,4
1159,A037,7962,1990,3
1159,A037,7963,1990,4
1159,A037,7967,1991,4
1159,A037,7968,1992,1
1159,A037,7971,1992,4
1159,A037,7973,1993,2
1159,A037,7974,1993,3
1159,A037,7975,1993,4
1159,A037,7977,1994,2
1159,A037,7979,1994,4
1159,A037,7980,1995,1
1159,A037,7981,1995,2
1159,A037,7983,1995,4
1159,A037,7984,1996,1
1159,A037,7985,1996,2
1159,A037,7986,1996,3
1160,A038,7959,1989,4
1160,A038,7962,1990,3
1160,A038,7965,1991,2
1160,A038,7966,1991,3
1160,A038,7967,1991,4
1160,A038,7968,1992,1
1161,A039,7958,1989,3
1161,A039,7966,1991,3
1161,A039,7968,1992,1
1163,A041,7963,1990,4
1163,A041,7964,1991,1
1163,A041,7965,1991,2
1163,A041,7967,1991,4
1163,A041,7968,1992,1
1163,A041,7969,1992,2
1163,A041,7973,1993,2
1164,A042,7960,1990,1
1164,A042,7964,1991,1
1164,A042,7965,1991,2
1164,A042,7967,1991,4
1164,A042,7968,1992,1
1164,A042,7969,1992,2
1164,A042,7970,1992,3
1164,A042,7972,1993,1
1164,A042,7975,1993,4
1164,A042,7976,1994,1
1164,A042,7977,1994,2
1164,A042,7979,1994,4
1164,A042,7981,1995,2
1167,A045,7959,1989,4
1167,A045,7962,1990,3
1167,A045,7963,1990,4
1167,A045,7964,1991,1
1167,A045,7965,1991,2
1168,A046,7963,1990,4
1168,A046,7964,1991,1
1168,A046,7965,1991,2
1169,A047,7960,1990,1
1169,A047,7961,1990,2
1169,A047,7962,1990,3
1169,A047,7963,1990,4
1169,A047,7965,1991,2
1171,A049,7962,1990,3
1171,A049,7963,1990,4
1171,A049,7965,1991,2
1171,A049,7966,1991,3
1171,A049,7967,1991,4
1171,A049,7968,1992,1
1171,A049,7969,1992,2
1171,A049,7971,1992,4
1171,A049,7973,1993,2
1171,A049,7974,1993,3
1171,A049,7975,1993,4
1171,A049,7976,1994,1
1171,A049,7977,1994,2
1171,A049,7978,1994,3
1171,A049,7979,1994,4
1171,A049,7980,1995,1
1171,A049,7981,1995,2
1171,A049,7983,1995,4
1171,A049,7984,1996,1
1171,A049,7985,1996,2
1171,A049,7986,1996,3
1173,A051,7961,1990,2
1173,A051,7964,1991,1
1173,A051,7965,1991,2
1173,A051,7967,1991,4
1173,A051,7972,1993,1
1173,A051,7973,1993,2
1173,A051,7976,1994,1
1173,A051,7977,1994,2
1173,A051,7979,1994,4
1173,A051,7980,1995,1
1173,A051,7981,1995,2
1173,A051,7984,1996,1
1173,A051,7985,1996,2
1173,A051,7987,1996,4
1173,A051,7988,1997,1
1173,A051,7989,1997,2
1173,A051,7991,1997,4
1173,A051,7992,1998,1
1173,A051,7993,1998,2
1173,A051,7995,1998,4
1173,A051,7997,1999,2
1173,A051,7999,1999,4
1173,A051,8000,2000,1
1173,A051,8001,2000,2
1174,A052,7960,1990,1
1174,A052,7961,1990,2
1174,A052,7964,1991,1
1174,A052,7965,1991,2
1175,A053,7959,1989,4
1175,A053,7960,1990,1
1175,A053,7961,1990,2
1175,A053,7962,1990,3
1175,A053,7963,1990,4
1175,A053,7964,1991,1
1175,A053,7965,1991,2
1176,A054,7961,1990,2
1176,A054,7963,1990,4
1176,A054,7964,1991,1
1176,A054,7965,1991,2
1176,A054,7969,1992,2
1176,A054,7973,1993,2
1176,A054,7975,1993,4
1176,A054,7976,1994,1
1176,A054,7977,1994,2
1176,A054,7980,1995,1
1176,A054,7981,1995,2
1176,A054,7984,1996,1
1176,A054,7985,1996,2
1177,A055,7961,1990,2
1177,A055,7963,1990,4
1177,A055,7964,1991,1
1177,A055,7965,1991,2
1177,A055,7968,1992,1
1178,A056,7961,1990,2
1178,A056,7965,1991,2
1178,A056,7968,1992,1
1178,A056,7971,1992,4
1178,A056,7973,1993,2
1178,A056,7977,1994,2
1179,A057,7959,1989,4
1179,A057,7961,1990,2
1179,A057,7963,1990,4
1179,A057,7964,1991,1
1179,A057,7965,1991,2
1179,A057,7968,1992,1
1179,A057,7970,1992,3
1179,A057,7971,1992,4
1179,A057,7972,1993,1
1179,A057,7973,1993,2
1179,A057,7975,1993,4
1180,A058,7961,1990,2
1180,A058,7962,1990,3
1180,A058,7965,1991,2
1180,A058,7968,1992,1
1180,A058,7969,1992,2
1180,A058,7971,1992,4
1180,A058,7972,1993,1
1180,A058,7973,1993,2
1180,A058,7975,1993,4
1180,A058,7976,1994,1
1180,A058,7977,1994,2
1181,A059,7959,1989,4
1181,A059,7960,1990,1
1181,A059,7961,1990,2
1181,A059,7962,1990,3
1181,A059,7963,1990,4
1184,A062,7961,1990,2
1184,A062,7963,1990,4
1184,A062,7964,1991,1
1184,A062,7965,1991,2
1184,A062,7967,1991,4
1184,A062,7968,1992,1
1184,A062,7969,1992,2
1184,A062,7971,1992,4
1185,A063,7960,1990,1
1185,A063,7961,1990,2
1186,A064,7960,1990,1
1186,A064,7961,1990,2
1186,A064,7963,1990,4
1186,A064,7964,1991,1
1186,A064,7967,1991,4
1186,A064,7968,1992,1
1186,A064,7970,1992,3
1186,A064,7971,1992,4
1186,A064,7972,1993,1
1186,A064,7973,1993,2
1186,A064,7975,1993,4
1186,A064,7976,1994,1
1188,A066,7960,1990,1
1188,A066,7961,1990,2
1188,A066,7962,1990,3
1188,A066,7963,1990,4
1188,A066,7964,1991,1
1190,A068,7961,1990,2
1190,A068,7962,1990,3
1190,A068,7964,1991,1
1190,A068,7965,1991,2
1190,A068,7967,1991,4
1190,A068,7968,1992,1
1190,A068,7969,1992,2
1190,A068,7971,1992,4
1190,A068,7972,1993,1
1190,A068,7973,1993,2
1190,A068,7975,1993,4
1190,A068,7976,1994,1
1195,A073,7960,1990,1
1195,A073,7967,1991,4
1195,A073,7968,1992,1
1195,A073,7970,1992,3
1195,A073,7972,1993,1
1196,A074,7960,1990,1
1196,A074,7964,1991,1
1196,A074,7968,1992,1
1196,A074,7969,1992,2
1196,A074,7970,1992,3
1196,A074,7971,1992,4
1196,A074,7972,1993,1
1196,A074,7973,1993,2
1196,A074,7974,1993,3
1196,A074,7976,1994,1
1196,A074,7977,1994,2
1196,A074,7979,1994,4
1196,A074,7980,1995,1
1196,A074,7981,1995,2
1196,A074,7982,1995,3
1196,A074,7983,1995,4
1196,A074,7984,1996,1
1196,A074,7988,1997,1
1196,A074,7989,1997,2
1196,A074,7991,1997,4
1196,A074,7992,1998,1
1196,A074,7993,1998,2
1196,A074,7995,1998,4
1196,A074,7996,1999,1
1196,A074,7997,1999,2
1198,A076,7963,1990,4
1198,A076,7964,1991,1
1198,A076,7965,1991,2
1199,A077,7959,1989,4
1199,A077,7960,1990,1
1199,A077,7961,1990,2
1199,A077,7962,1990,3
1199,A077,7963,1990,4
1199,A077,7964,1991,1
1199,A077,7965,1991,2
1199,A077,7966,1991,3
1199,A077,7967,1991,4
1199,A077,7968,1992,1
1199,A077,7970,1992,3
1199,A077,7971,1992,4
1199,A077,7972,1993,1
1199,A077,7973,1993,2
1199,A077,7974,1993,3
1199,A077,7975,1993,4
1200,A078,7960,1990,1
1200,A078,7961,1990,2
1201,A079,7960,1990,1
1201,A079,7961,1990,2
1201,A079,7962,1990,3
1201,A079,7963,1990,4
1201,A079,7964,1991,1
1201,A079,7965,1991,2
1201,A079,7967,1991,4
1201,A079,7968,1992,1
1201,A079,7971,1992,4
1201,A079,7972,1993,1
1201,A079,7973,1993,2
1201,A079,7974,1993,3
1201,A079,7976,1994,1
1201,A079,7977,1994,2
1201,A079,7978,1994,3
1201,A079,7979,1994,4
1201,A079,7981,1995,2
1203,A081,7959,1989,4
1203,A081,7961,1990,2
1203,A081,7963,1990,4
1203,A081,7964,1991,1
1203,A081,7965,1991,2
1203,A081,7966,1991,3
1203,A081,7967,1991,4
1203,A081,7968,1992,1
1203,A081,7969,1992,2
1204,B001,7922,1980,3
1204,B001,7923,1980,4
1204,B001,7924,1981,1
1204,B001,7925,1981,2
1204,B001,7928,1982,1
1204,B001,7929,1982,2
1204,B001,7931,1982,4
1205,B002,7922,1980,3
1205,B002,7923,1980,4
1205,B002,7924,1981,1
1205,B002,7925,1981,2
1205,B002,7927,1981,4
1205,B002,7928,1982,1
1205,B002,7929,1982,2
1205,B002,7930,1982,3
1205,B002,7931,1982,4
1205,B002,7932,1983,1
1205,B002,7933,1983,2
1210,B007,7922,1980,3
1210,B007,7923,1980,4
1210,B007,7924,1981,1
1210,B007,7928,1982,1
1212,B009,7922,1980,3
1212,B009,7923,1980,4
1212,B009,7924,1981,1
1212,B009,7925,1981,2
1212,B009,7926,1981,3
1212,B009,7927,1981,4
1212,B009,7928,1982,1
1215,B012,7922,1980,3
1215,B012,7923,1980,4
1215,B012,7924,1981,1
1215,B012,7925,1981,2
1215,B012,7926,1981,3
1215,B012,7927,1981,4
1215,B012,7928,1982,1
1215,B012,7929,1982,2
1215,B012,7930,1982,3
1215,B012,7931,1982,4
1215,B012,7932,1983,1
1215,B012,7933,1983,2
1215,B012,7935,1983,4
1215,B012,7936,1984,1
1215,B012,7937,1984,2
1216,B013,7922,1980,3
1216,B013,7923,1980,4
1216,B013,7924,1981,1
1216,B013,7925,1981,2
1216,B013,7926,1981,3
1217,B014,7922,1980,3
1217,B014,7923,1980,4
1217,B014,7924,1981,1
1217,B014,7925,1981,2
1218,B015,7923,1980,4
1218,B015,7924,1981,1
1218,B015,7925,1981,2
1218,B015,7926,1981,3
1218,B015,7929,1982,2
1218,B015,7930,1982,3
1218,B015,7931,1982,4
1218,B015,7932,1983,1
1218,B015,7933,1983,2
1218,B015,7935,1983,4
1218,B015,7936,1984,1
1218,B015,7937,1984,2
1219,B016,7923,1980,4
1219,B016,7924,1981,1
1220,B017,7923,1980,4
1220,B017,7924,1981,1
1220,B017,7926,1981,3
1220,B017,7927,1981,4
1220,B017,7928,1982,1
1220,B017,7930,1982,3
1220,B017,7931,1982,4
1220,B017,7932,1983,1
1220,B017,7933,1983,2
1220,B017,7934,1983,3
1220,B017,7935,1983,4
1220,B017,7937,1984,2
1220,B017,7939,1984,4
1220,B017,7940,1985,1
1220,B017,7941,1985,2
1220,B017,7942,1985,3
1220,B017,7943,1985,4
1220,B017,7944,1986,1
1221,B018,7923,1980,4
1221,B018,7924,1981,1
1221,B018,7925,1981,2
1221,B018,7926,1981,3
1221,B018,7927,1981,4
1221,B018,7928,1982,1
1221,B018,7930,1982,3
1221,B018,7931,1982,4
1221,B018,7932,1983,1
1225,B022,7923,1980,4
1225,B022,7924,1981,1
1225,B022,7925,1981,2
1225,B022,7927,1981,4
1226,B023,7923,1980,4
1226,B023,7924,1981,1
1226,B023,7925,1981,2
1226,B023,7926,1981,3
1226,B023,7927,1981,4
1226,B023,7928,1982,1
1226,B023,7929,1982,2
1226,B023,7930,1982,3
1226,B023,7931,1982,4
1228,B025,7923,1980,4
1228,B025,7924,1981,1
1228,B025,7925,1981,2
1229,B026,7923,1980,4
1229,B026,7924,1981,1
1229,B026,7925,1981,2
1229,B026,7926,1981,3
1229,B026,7927,1981,4
1229,B026,7929,1982,2
1229,B026,7930,1982,3
1229,B026,7931,1982,4
1229,B026,7933,1983,2
1229,B026,7935,1983,4
1229,B026,7939,1984,4
1229,B026,7940,1985,1
1229,B026,7942,1985,3
1229,B026,7943,1985,4
1229,B026,7944,1986,1
1229,B026,7945,1986,2
1229,B026,7946,1986,3
1229,B026,7947,1986,4
1229,B026,7948,1987,1
1229,B026,7951,1987,4
1229,B026,7952,1988,1
1229,B026,7953,1988,2
1229,B026,7956,1989,1
1230,B027,7923,1980,4
1230,B027,7924,1981,1
1234,B031,7923,1980,4
1234,B031,7924,1981,1
1234,B031,7927,1981,4
1234,B031,7928,1982,1
1234,B031,7929,1982,2
1234,B031,7931,1982,4
1234,B031,7932,1983,1
1234,B031,7933,1983,2
1234,B031,7934,1983,3
1234,B031,7935,1983,4
1234,B031,7936,1984,1
1236,B033,7923,1980,4
1236,B033,7924,1981,1
1236,B033,7925,1981,2
1236,B033,7926,1981,3
1236,B033,7927,1981,4
1237,B034,7923,1980,4
1237,B034,7924,1981,1
1237,B034,7926,1981,3
1237,B034,7928,1982,1
1237,B034,7930,1982,3
1237,B034,7931,1982,4
1237,B034,7932,1983,1
1237,B034,7933,1983,2
1237,B034,7935,1983,4
1237,B034,7936,1984,1
1237,B034,7937,1984,2
1237,B034,7938,1984,3
1237,B034,7939,1984,4
1237,B034,7940,1985,1
1237,B034,7941,1985,2
1237,B034,7942,1985,3
1237,B034,7943,1985,4
1237,B034,7944,1986,1
1237,B034,7945,1986,2
1237,B034,7946,1986,3
1237,B034,7947,1986,4
1237,B034,7948,1987,1
1237,B034,7949,1987,2
1237,B034,7950,1987,3
1237,B034,7951,1987,4
1237,B034,7952,1988,1
1237,B034,7953,1988,2
1237,B034,7954,1988,3
1237,B034,7955,1988,4
1237,B034,7956,1989,1
1237,B034,7957,1989,2
1237,B034,7960,1990,1
1237,B034,7961,1990,2
1237,B034,7964,1991,1
1237,B034,7965,1991,2
1237,B034,7968,1992,1
1237,B034,7969,1992,2
1237,B034,7971,1992,4
1237,B034,7972,1993,1
1237,B034,7973,1993,2
1238,B035,7923,1980,4
1238,B035,7924,1981,1
1238,B035,7925,1981,2
1238,B035,7926,1981,3
1238,B035,7927,1981,4
1238,B035,7928,1982,1
1238,B035,7929,1982,2
1238,B035,7931,1982,4
1238,B035,7932,1983,1
1238,B035,7933,1983,2
1238,B035,7934,1983,3
1238,B035,7935,1983,4
1238,B035,7936,1984,1
1238,B035,7937,1984,2
1238,B035,7939,1984,4
1238,B035,7940,1985,1
1238,B035,7941,1985,2
1238,B035,7942,1985,3
1238,B035,7944,1986,1
1238,B035,7945,1986,2
1238,B035,7946,1986,3
1238,B035,7948,1987,1
1238,B035,7949,1987,2
1238,B035,7950,1987,3
1238,B035,7951,1987,4
1238,B035,7952,1988,1
1238,B035,7955,1988,4
1238,B035,7957,1989,2
1239,B036,7923,1980,4
1239,B036,7924,1981,1
1239,B036,7925,1981,2
1239,B036,7926,1981,3
1239,B036,7927,1981,4
1239,B036,7928,1982,1
1239,B036,7929,1982,2
1239,B036,7930,1982,3
1239,B036,7931,1982,4
1239,B036,7932,1983,1
1239,B036,7934,1983,3
1239,B036,7935,1983,4
1239,B036,7936,1984,1
1239,B036,7937,1984,2
1239,B036,7938,1984,3
1239,B036,7939,1984,4
1239,B036,7940,1985,1
1242,B039,7923,1980,4
1242,B039,7924,1981,1
1242,B039,7925,1981,2
1242,B039,7926,1981,3
1242,B039,7927,1981,4
1242,B039,7928,1982,1
1242,B039,7929,1982,2
1243,B040,7923,1980,4
1243,B040,7924,1981,1
1243,B040,7925,1981,2
1243,B040,7927,1981,4
1243,B040,7928,1982,1
1243,B040,7930,1982,3
1243,B040,7931,1982,4
1243,B040,7932,1983,1
1243,B040,7933,1983,2
1246,B043,7923,1980,4
1246,B043,7924,1981,1
1246,B043,7925,1981,2
1246,B043,7926,1981,3
1246,B043,7927,1981,4
1246,B043,7928,1982,1
1246,B043,7929,1982,2
1246,B043,7930,1982,3
1246,B043,7931,1982,4
1246,B043,7932,1983,1
1246,B043,7933,1983,2
1248,B045,7923,1980,4
1248,B045,7924,1981,1
1248,B045,7925,1981,2
1248,B045,7926,1981,3
1248,B045,7927,1981,4
1248,B045,7928,1982,1
1248,B045,7929,1982,2
1248,B045,7931,1982,4
1248,B045,7932,1983,1
1250,C001,7965,1991,2
1250,C001,7966,1991,3
1250,C001,7967,1991,4
1250,C001,7968,1992,1
1250,C001,7969,1992,2
1250,C001,7970,1992,3
1250,C001,7971,1992,4
1250,C001,7972,1993,1
1250,C001,7973,1993,2
1250,C001,7974,1993,3
1252,C003,7966,1991,3
1252,C003,7967,1991,4
1252,C003,7968,1992,1
1252,C003,7969,1992,2
1252,C003,7970,1992,3
1252,C003,7971,1992,4
1252,C003,7972,1993,1
1252,C003,7973,1993,2
1252,C003,7974,1993,3
1252,C003,7975,1993,4
1252,C003,7976,1994,1
1252,C003,7977,1994,2
1252,C003,7978,1994,3
1252,C003,7979,1994,4
1252,C003,7980,1995,1
1252,C003,7981,1995,2
1252,C003,7982,1995,3
1252,C003,7983,1995,4
1252,C003,7984,1996,1
1252,C003,7985,1996,2
1252,C003,7986,1996,3
1252,C003,7987,1996,4
1252,C003,7988,1997,1
1252,C003,7989,1997,2
1252,C003,7990,1997,3
1252,C003,7991,1997,4
1254,C005,7968,1992,1
1254,C005,7969,1992,2
1254,C005,7970,1992,3
1254,C005,7971,1992,4
1254,C005,7972,1993,1
1254,C005,7975,1993,4
1254,C005,7979,1994,4
1254,C005,7983,1995,4
1254,C005,7984,1996,1
1254,C005,7988,1997,1
1255,C006,7970,1992,3
1255,C006,7971,1992,4
1255,C006,7972,1993,1
1255,C006,7973,1993,2
1255,C006,7974,1993,3
1255,C006,7975,1993,4
1255,C006,7977,1994,2
1255,C006,7978,1994,3
1256,C007,7971,1992,4
1256,C007,7972,1993,1
1256,C007,7973,1993,2
1256,C007,7975,1993,4
1256,C007,7976,1994,1
1258,C009,7971,1992,4
1258,C009,7972,1993,1
1258,C009,7973,1993,2
1259,C010,7971,1992,4
1259,C010,7972,1993,1
1259,C010,7973,1993,2
1259,C010,7975,1993,4
1259,C010,7976,1994,1
1259,C010,7977,1994,2
1261,C012,7971,1992,4
1261,C012,7972,1993,1
1261,C012,7975,1993,4
1261,C012,7977,1994,2
1261,C012,7978,1994,3
1261,C012,7980,1995,1
1261,C012,7981,1995,2
1261,C012,7982,1995,3
1261,C012,7983,1995,4
1261,C012,7984,1996,1
1261,C012,7985,1996,2
1261,C012,7986,1996,3
1261,C012,7987,1996,4
1261,C012,7988,1997,1
1261,C012,7989,1997,2
1261,C012,7990,1997,3
1261,C012,7993,1998,2
1261,C012,7994,1998,3
1261,C012,7995,1998,4
1261,C012,7996,1999,1
1261,C012,7997,1999,2
1262,C013,7971,1992,4
1262,C013,7972,1993,1
1262,C013,7973,1993,2
1262,C013,7975,1993,4
1262,C013,7976,1994,1
1262,C013,7977,1994,2
1262,C013,7978,1994,3
1262,C013,7979,1994,4
1262,C013,7980,1995,1
1262,C013,7981,1995,2
1262,C013,7982,1995,3
1262,C013,7983,1995,4
1262,C013,7984,1996,1
1262,C013,7985,1996,2
1262,C013,7986,1996,3
1262,C013,7987,1996,4
1263,C014,7966,1991,3
1263,C014,7968,1992,1
1263,C014,7969,1992,2
1263,C014,7970,1992,3
1263,C014,7972,1993,1
1263,C014,7976,1994,1
1263,C014,7977,1994,2
1264,C015,7969,1992,2
1265,C016,7969,1992,2
1265,C016,7970,1992,3
1265,C016,7971,1992,4
1265,C016,7972,1993,1
1265,C016,7974,1993,3
1265,C016,7976,1994,1
1265,C016,7977,1994,2
1265,C016,7978,1994,3
1265,C016,7979,1994,4
1265,C016,7980,1995,1
1265,C016,7981,1995,2
1265,C016,7982,1995,3
1265,C016,7983,1995,4
1265,C016,7984,1996,1
1265,C016,7987,1996,4
1265,C016,7988,1997,1
1265,C016,7989,1997,2
1265,C016,7990,1997,3
1265,C016,7992,1998,1
1265,C016,7993,1998,2
1265,C016,7994,1998,3
1265,C016,7995,1998,4
1265,C016,7996,1999,1
1266,C017,7975,1993,4
1266,C017,7976,1994,1
1266,C017,7977,1994,2
1272,C023,7967,1991,4
1272,C023,7970,1992,3
1272,C023,7971,1992,4
1272,C023,7972,1993,1
1272,C023,7973,1993,2
1272,C023,7974,1993,3
1272,C023,7975,1993,4
1272,C023,7976,1994,1
1272,C023,7977,1994,2
1272,C023,7978,1994,3
1272,C023,7980,1995,1
1272,C023,7981,1995,2
1272,C023,7983,1995,4
1272,C023,7984,1996,1
1272,C023,7986,1996,3
1272,C023,7987,1996,4
1272,C023,7988,1997,1
1272,C023,7989,1997,2
1272,C023,7990,1997,3
1272,C023,7992,1998,1
1272,C023,7993,1998,2
1272,C023,7994,1998,3
1272,C023,7996,1999,1
1272,C023,7997,1999,2
1273,C024,7967,1991,4
1273,C024,7968,1992,1
1273,C024,7972,1993,1
1273,C024,7973,1993,2
1273,C024,7974,1993,3
1273,C024,7975,1993,4
1273,C024,7976,1994,1
1273,C024,7977,1994,2
1273,C024,7979,1994,4
1273,C024,7980,1995,1
1273,C024,7981,1995,2
1273,C024,7982,1995,3
1273,C024,7983,1995,4
1273,C024,7984,1996,1
1273,C024,7985,1996,2
1273,C024,7987,1996,4
1273,C024,7988,1997,1
1273,C024,7989,1997,2
1273,C024,7990,1997,3
1273,C024,7991,1997,4
1273,C024,7992,1998,1
1273,C024,7993,1998,2
1273,C024,7995,1998,4
1273,C024,7996,1999,1
1274,C025,7966,1991,3
1274,C025,7968,1992,1
1274,C025,7972,1993,1
1274,C025,7973,1993,2
1274,C025,7976,1994,1
1274,C025,7979,1994,4
1274,C025,7980,1995,1
1276,C027,7967,1991,4
1276,C027,7968,1992,1
1278,C029,7967,1991,4
1278,C029,7969,1992,2
1279,C030,7967,1991,4
1279,C030,7968,1992,1
1279,C030,7969,1992,2
1281,C032,7967,1991,4
1281,C032,7968,1992,1
1281,C032,7969,1992,2
1283,C034,7968,1992,1
1285,C036,7967,1991,4
1285,C036,7969,1992,2
1285,C036,7970,1992,3
1285,C036,7971,1992,4
1285,C036,7972,1993,1
1285,C036,7973,1993,2
1287,C038,7966,1991,3
1287,C038,7970,1992,3
1287,C038,7971,1992,4
1287,C038,7972,1993,1
1287,C038,7973,1993,2
1287,C038,7974,1993,3
1287,C038,7976,1994,1
1287,C038,7978,1994,3
1287,C038,7979,1994,4
1287,C038,7980,1995,1
1288,C039,7968,1992,1
1288,C039,7969,1992,2
1288,C039,7973,1993,2
1288,C039,7976,1994,1
1288,C039,7978,1994,3
1288,C039,7979,1994,4
1288,C039,7980,1995,1
1288,C039,7981,1995,2
1289,C040,7968,1992,1
1289,C040,7969,1992,2
1289,C040,7970,1992,3
1289,C040,7971,1992,4
1289,C040,7972,1993,1
1289,C040,7973,1993,2
1289,C040,7974,1993,3
1289,C040,7976,1994,1
1289,C040,7978,1994,3
1289,C040,7979,1994,4
1289,C040,7980,1995,1
1289,C040,7982,1995,3
1289,C040,7983,1995,4
1289,C040,7984,1996,1
1289,C040,7986,1996,3
1289,C040,7987,1996,4
1289,C040,7988,1997,1
1289,C040,7991,1997,4
1289,C040,7992,1998,1
1289,C040,7993,1998,2
1289,C040,7994,1998,3
1289,C040,7995,1998,4
1289,C040,7996,1999,1
1290,C041,7968,1992,1
1290,C041,7969,1992,2
1292,C043,7966,1991,3
1292,C043,7968,1992,1
1292,C043,7969,1992,2
1293,C044,7968,1992,1
1293,C044,7969,1992,2
1293,C044,7976,1994,1
1293,C044,7978,1994,3
1293,C044,7979,1994,4
1293,C044,7983,1995,4
1293,C044,7984,1996,1
1294,C045,7966,1991,3
1294,C045,7968,1992,1
1294,C045,7971,1992,4
1294,C045,7972,1993,1
1294,C045,7973,1993,2
1294,C045,7974,1993,3
1294,C045,7977,1994,2
1294,C045,7979,1994,4
1294,C045,7981,1995,2
1295,C046,7967,1991,4
1295,C046,7968,1992,1
1295,C046,7969,1992,2
1295,C046,7970,1992,3
1295,C046,7972,1993,1
1295,C046,7973,1993,2
1295,C046,7975,1993,4
1295,C046,7976,1994,1
1295,C046,7977,1994,2
1295,C046,7979,1994,4
1295,C046,7980,1995,1
1295,C046,7983,1995,4
1295,C046,7984,1996,1
1295,C046,7986,1996,3
1295,C046,7987,1996,4
1295,C046,7988,1997,1
1295,C046,7989,1997,2
1295,C046,7990,1997,3
1295,C046,7991,1997,4
1295,C046,7992,1998,1
1295,C046,7995,1998,4
1296,C047,7972,1993,1
1296,C047,7974,1993,3
1296,C047,7976,1994,1
1296,C047,7977,1994,2
1296,C047,7980,1995,1
1298,C049,7972,1993,1
1298,C049,7974,1993,3
1298,C049,7975,1993,4
1298,C049,7976,1994,1
1298,C049,7977,1994,2
1298,C049,7979,1994,4
1298,C049,7980,1995,1
1298,C049,7981,1995,2
1298,C049,7983,1995,4
1299,C050,7966,1991,3
1300,C051,7968,1992,1
1300,C051,7972,1993,1
1300,C051,7973,1993,2
1300,C051,7976,1994,1
1301,C052,7967,1991,4
1301,C052,7968,1992,1
1301,C052,7971,1992,4
1301,C052,7972,1993,1
1301,C052,7974,1993,3
1302,C053,7966,1991,3
1302,C053,7967,1991,4
1302,C053,7976,1994,1
1302,C053,7980,1995,1
1302,C053,7981,1995,2
1302,C053,7984,1996,1
1302,C053,7985,1996,2
1302,C053,7988,1997,1
1302,C053,7991,1997,4
1302,C053,7992,1998,1
1303,C054,7972,1993,1
1303,C054,7973,1993,2
1303,C054,7976,1994,1
1305,C056,7969,1992,2
1305,C056,7970,1992,3
1305,C056,7971,1992,4
1305,C056,7973,1993,2
1306,C057,7971,1992,4
1306,C057,7973,1993,2
1306,C057,7974,1993,3
1306,C057,7976,1994,1
1306,C057,7977,1994,2
1306,C057,7978,1994,3
1306,C057,7979,1994,4
1306,C057,7980,1995,1
1306,C057,7981,1995,2
1306,C057,7983,1995,4
1306,C057,7984,1996,1
1306,C057,7985,1996,2
1306,C057,7987,1996,4
1306,C057,7988,1997,1
1306,C057,7989,1997,2
1307,C058,7969,1992,2
1307,C058,7972,1993,1
1307,C058,7973,1993,2
1309,C060,7969,1992,2
1309,C060,7971,1992,4
1309,C060,7973,1993,2
1309,C060,7975,1993,4
1309,C060,7977,1994,2
1309,C060,7979,1994,4
1309,C060,7980,1995,1
1309,C060,7981,1995,2
1310,C061,7971,1992,4
1310,C061,7973,1993,2
1310,C061,7974,1993,3
1311,C062,7969,1992,2
1311,C062,7971,1992,4
1311,C062,7972,1993,1
1311,C062,7976,1994,1
1311,C062,7981,1995,2
1311,C062,7985,1996,2
1311,C062,7987,1996,4
1311,C062,7988,1997,1
1311,C062,7989,1997,2
1311,C062,7991,1997,4
1311,C062,7992,1998,1
1311,C062,7993,1998,2
1311,C062,7996,1999,1
1311,C062,7999,1999,4
1311,C062,8000,2000,1
1311,C062,8001,2000,2
1313,C064,7969,1992,2
1313,C064,7975,1993,4
1313,C064,7976,1994,1
1313,C064,7979,1994,4
1313,C064,7980,1995,1
1313,C064,7981,1995,2
1313,C064,7983,1995,4
1313,C064,7985,1996,2
1313,C064,7988,1997,1
1313,C064,7989,1997,2
1313,C064,7991,1997,4
1313,C064,7992,1998,1
1313,C064,7993,1998,2
1313,C064,7994,1998,3
1313,C064,7995,1998,4
1313,C064,7996,1999,1
1314,C065,7968,1992,1
1314,C065,7972,1993,1
1314,C065,7973,1993,2
1314,C065,7976,1994,1
1314,C065,7979,1994,4
1314,C065,7980,1995,1
1314,C065,7981,1995,2
1314,C065,7984,1996,1
1314,C065,7985,1996,2
1314,C065,7987,1996,4
1314,C065,7988,1997,1
1314,C065,7990,1997,3
1314,C065,7991,1997,4
1314,C065,7992,1998,1
1314,C065,7996,1999,1
1314,C065,7997,1999,2
1314,C065,7998,1999,3
1314,C065,8001,2000,2
1314,C065,8003,2000,4
1314,C065,8004,2001,1
1314,C065,8005,2001,2
1314,C065,8006,2001,3
1314,C065,8007,2001,4
1314,C065,8008,2002,1
1315,C066,7972,1993,1
1315,C066,7973,1993,2
1315,C066,7981,1995,2
1315,C066,7982,1995,3
1315,C066,7985,1996,2
1316,C067,7971,1992,4
1316,C067,7975,1993,4
1316,C067,7976,1994,1
1316,C067,7977,1994,2
1316,C067,7978,1994,3
1316,C067,7979,1994,4
1316,C067,7980,1995,1
1316,C067,7981,1995,2
1318,C069,7970,1992,3
1318,C069,7973,1993,2
1318,C069,7975,1993,4
1318,C069,7976,1994,1
1318,C069,7979,1994,4
1318,C069,7980,1995,1
1318,C069,7981,1995,2
1318,C069,7984,1996,1
1318,C069,7985,1996,2
1318,C069,7988,1997,1
1318,C069,7990,1997,3
1318,C069,7991,1997,4
1318,C069,7992,1998,1
1318,C069,7993,1998,2
1318,C069,7996,1999,1
1318,C069,7997,1999,2
1318,C069,7999,1999,4
1318,C069,8000,2000,1
1318,C069,8001,2000,2
1318,C069,8002,2000,3
1318,C069,8003,2000,4
1318,C069,8004,2001,1
1318,C069,8005,2001,2
1319,C070,7969,1992,2
1319,C070,7970,1992,3
1321,C072,7968,1992,1
1321,C072,7970,1992,3
1321,C072,7971,1992,4
1321,C072,7972,1993,1
1321,C072,7973,1993,2
1321,C072,7974,1993,3
1322,C073,7968,1992,1
1322,C073,7969,1992,2
1322,C073,7972,1993,1
1323,C074,7968,1992,1
1323,C074,7970,1992,3
1323,C074,7971,1992,4
1323,C074,7972,1993,1
1323,C074,7974,1993,3
1323,C074,7975,1993,4
1323,C074,7976,1994,1
1323,C074,7977,1994,2
1323,C074,7978,1994,3
1323,C074,7979,1994,4
1323,C074,7980,1995,1
1323,C074,7981,1995,2
1327,C078,7975,1993,4
1327,C078,7977,1994,2
1327,C078,7979,1994,4
1327,C078,7981,1995,2
1327,C078,7983,1995,4
1327,C078,7984,1996,1
1327,C078,7985,1996,2
1329,C080,7972,1993,1
1329,C080,7975,1993,4
1329,C080,7976,1994,1
1329,C080,7977,1994,2
1330,C081,7970,1992,3
1330,C081,7971,1992,4
1330,C081,7972,1993,1
1330,C081,7975,1993,4
1332,C083,7972,1993,1
1332,C083,7973,1993,2
1332,C083,7974,1993,3
1332,C083,7975,1993,4
1332,C083,7977,1994,2
1332,C083,7979,1994,4
1332,C083,7980,1995,1
1332,C083,7981,1995,2
1332,C083,7985,1996,2
1332,C083,7986,1996,3
1332,C083,7987,1996,4
1332,C083,7988,1997,1
1332,C083,7989,1997,2
1335,C086,7967,1991,4
1335,C086,7969,1992,2
1335,C086,7970,1992,3
1335,C086,7971,1992,4
1335,C086,7972,1993,1
1335,C086,7973,1993,2
1335,C086,7974,1993,3
1335,C086,7975,1993,4
1335,C086,7976,1994,1
1335,C086,7977,1994,2
1335,C086,7978,1994,3
1335,C086,7979,1994,4
1335,C086,7980,1995,1
1335,C086,7981,1995,2
1335,C086,7982,1995,3
1335,C086,7983,1995,4
1335,C086,7984,1996,1
1335,C086,7985,1996,2
1338,C089,7968,1992,1
1338,C089,7970,1992,3
1338,C089,7973,1993,2
1338,C089,7974,1993,3
1338,C089,7975,1993,4
1338,C089,7976,1994,1
1338,C089,7977,1994,2
1339,C090,7968,1992,1
1339,C090,7969,1992,2
1341,C092,7968,1992,1
1341,C092,7969,1992,2
1341,C092,7970,1992,3
1341,C092,7971,1992,4
1341,C092,7973,1993,2
1341,C092,7975,1993,4
1341,C092,7976,1994,1
1341,C092,7977,1994,2
1341,C092,7979,1994,4
1341,C092,7980,1995,1
1341,C092,7981,1995,2
1341,C092,7983,1995,4
1341,C092,7984,1996,1
1341,C092,7985,1996,2
1341,C092,7987,1996,4
1341,C092,7988,1997,1
1341,C092,7989,1997,2
1341,C092,7990,1997,3
1341,C092,7992,1998,1
1341,C092,7993,1998,2
1341,C092,7995,1998,4
1341,C092,7996,1999,1
1341,C092,7997,1999,2
1341,C092,7999,1999,4
1341,C092,8000,2000,1
1341,C092,8001,2000,2
1341,C092,8002,2000,3
1341,C092,8003,2000,4
1341,C092,8004,2001,1
1341,C092,8005,2001,2
1347,C098,7968,1992,1
1349,C100,7968,1992,1
1349,C100,7971,1992,4
1349,C100,7973,1993,2
1351,C102,7968,1992,1
1351,C102,7971,1992,4
1351,C102,7972,1993,1
1351,C102,7975,1993,4
1351,C102,7977,1994,2
1355,C106,7968,1992,1
1359,C110,7970,1992,3
1359,C110,7971,1992,4
1359,C110,7972,1993,1
1363,C114,7969,1992,2
1363,C114,7970,1992,3
1363,C114,7972,1993,1
1363,C114,7973,1993,2
1363,C114,7976,1994,1
1363,C114,7977,1994,2
1363,C114,7978,1994,3
1363,C114,7979,1994,4
1363,C114,7980,1995,1
1363,C114,7981,1995,2
1364,C115,7968,1992,1
1364,C115,7970,1992,3
1364,C115,7971,1992,4
1364,C115,7972,1993,1
1364,C115,7973,1993,2
1364,C115,7975,1993,4
1364,C115,7976,1994,1
1364,C115,7977,1994,2
1364,C115,7978,1994,3
1364,C115,7979,1994,4
1364,C115,7980,1995,1
1364,C115,7981,1995,2
1371,C122,7969,1992,2
1371,C122,7970,1992,3
1371,C122,7971,1992,4
1371,C122,7972,1993,1
1371,C122,7973,1993,2
1372,C123,7970,1992,3
1372,C123,7972,1993,1
1372,C123,7975,1993,4
1372,C123,7976,1994,1
1372,C123,7978,1994,3
1372,C123,7979,1994,4
1372,C123,7980,1995,1
1372,C123,7981,1995,2
1372,C123,7983,1995,4
1372,C123,7984,1996,1
1372,C123,7986,1996,3
1372,C123,7987,1996,4
1372,C123,7988,1997,1
1372,C123,7992,1998,1
1372,C123,7993,1998,2
1372,C123,7994,1998,3
1372,C123,7995,1998,4
1372,C123,7996,1999,1
1372,C123,7999,1999,4
1372,C123,8000,2000,1
1372,C123,8001,2000,2
1372,C123,8002,2000,3
1372,C123,8003,2000,4
1372,C123,8004,2001,1
1372,C123,8005,2001,2
1372,C123,8006,2001,3
1372,C123,8007,2001,4
1372,C123,8008,2002,1
1372,C123,8009,2002,2
1373,C124,7967,1991,4
1373,C124,7968,1992,1
1373,C124,7969,1992,2
1375,C126,7967,1991,4
1375,C126,7968,1992,1
1376,C127,7968,1992,1
1376,C127,7972,1993,1
1376,C127,7973,1993,2
1376,C127,7975,1993,4
1376,C127,7976,1994,1
1376,C127,7977,1994,2
1376,C127,7979,1994,4
1376,C127,7980,1995,1
1376,C127,7981,1995,2
1376,C127,7982,1995,3
1377,C128,7968,1992,1
1377,C128,7970,1992,3
1377,C128,7971,1992,4
1377,C128,7972,1993,1
1377,C128,7973,1993,2
1377,C128,7975,1993,4
1377,C128,7976,1994,1
1377,C128,7977,1994,2
1377,C128,7978,1994,3
1377,C128,7979,1994,4
1377,C128,7980,1995,1
1377,C128,7981,1995,2
1377,C128,7983,1995,4
1377,C128,7984,1996,1
1377,C128,7985,1996,2
1377,C128,7986,1996,3
1377,C128,7987,1996,4
1377,C128,7989,1997,2
1377,C128,7991,1997,4
1377,C128,7992,1998,1
1377,C128,7993,1998,2
1377,C128,7994,1998,3
1377,C128,7995,1998,4
1378,C129,7968,1992,1
1378,C129,7972,1993,1
1378,C129,7973,1993,2
1378,C129,7976,1994,1
1378,C129,7977,1994,2
1379,C130,7969,1992,2
1379,C130,7970,1992,3
1379,C130,7971,1992,4
1379,C130,7972,1993,1
1379,C130,7973,1993,2
1380,C131,7970,1992,3
1380,C131,7971,1992,4
1380,C131,7972,1993,1
1380,C131,7973,1993,2
1380,C131,7974,1993,3
1380,C131,7975,1993,4
1380,C131,7976,1994,1
1382,C133,7972,1993,1
1382,C133,7974,1993,3
1382,C133,7976,1994,1
1382,C133,7977,1994,2
1382,C133,7978,1994,3
1384,C135,7968,1992,1
1384,C135,7969,1992,2
1384,C135,7972,1993,1
1384,C135,7973,1993,2
1384,C135,7976,1994,1
1387,C138,7971,1992,4
1387,C138,7972,1993,1
1387,C138,7975,1993,4
1387,C138,7976,1994,1
1387,C138,7977,1994,2
1387,C138,7979,1994,4
1387,C138,7980,1995,1
1387,C138,7981,1995,2
1387,C138,7982,1995,3
1387,C138,7983,1995,4
1387,C138,7984,1996,1
1387,C138,7985,1996,2
1387,C138,7987,1996,4
1387,C138,7988,1997,1
1391,D003,7989,1997,2
1391,D003,7990,1997,3
1391,D003,7991,1997,4
1391,D003,7992,1998,1
1391,D003,7994,1998,3
1391,D003,7995,1998,4
1391,D003,7996,1999,1
1391,D003,7997,1999,2
1391,D003,7998,1999,3
1391,D003,7999,1999,4
1391,D003,8000,2000,1
1391,D003,8001,2000,2
1391,D003,8002,2000,3
1391,D003,8003,2000,4
1391,D003,8004,2001,1
1391,D003,8005,2001,2
1392,D004,7990,1997,3
1393,D005,7996,1999,1
1393,D005,7998,1999,3
1393,D005,7999,1999,4
1393,D005,8000,2000,1
1393,D005,8002,2000,3
1393,D005,8003,2000,4
1393,D005,8004,2001,1
1393,D005,8005,2001,2
1394,D006,7992,1998,1
1394,D006,7993,1998,2
1395,D007,7995,1998,4
1395,D007,7996,1999,1
1395,D007,7997,1999,2
1396,D008,7990,1997,3
1396,D008,7991,1997,4
1396,D008,7993,1998,2
1396,D008,7994,1998,3
1396,D008,7996,1999,1
1396,D008,7997,1999,2
1397,D009,7992,1998,1
1397,D009,7996,1999,1
1398,D010,7992,1998,1
1398,D010,7996,1999,1
1398,D010,7997,1999,2
1398,D010,8000,2000,1
1398,D010,8002,2000,3
1398,D010,8003,2000,4
1398,D010,8004,2001,1
1398,D010,8005,2001,2
1398,D010,8006,2001,3
1405,D017,7990,1997,3
1405,D017,7993,1998,2
1405,D017,7995,1998,4
1405,D017,7997,1999,2
1405,D017,7998,1999,3
1405,D017,7999,1999,4
1405,D017,8000,2000,1
1405,D017,8003,2000,4
1407,D019,7996,1999,1
1407,D019,8004,2001,1
1407,D019,8005,2001,2
1407,D019,8007,2001,4
1407,D019,8008,2002,1
1407,D019,8011,2002,4
1407,D019,8012,2003,1
1407,D019,8013,2003,2
1407,D019,8015,2003,4
1407,D019,8016,2004,1
1407,D019,8018,2004,3
1407,D019,8019,2004,4
1407,D019,8020,2005,1
1407,D019,8023,2005,4
1407,D019,8024,2006,1
1407,D019,8025,2006,2
1407,D019,8026,2006,3
1407,D019,8027,2006,4
1407,D019,8028,2007,1
1407,D019,8029,2007,2
1407,D019,8030,2007,3
1407,D019,8031,2007,4
1407,D019,8032,2008,1
1407,D019,8033,2008,2
1407,D019,8035,2008,4
1407,D019,8036,2009,1
1408,D020,7996,1999,1
1408,D020,7997,1999,2
1408,D020,8000,2000,1
1408,D020,8001,2000,2
1408,D020,8003,2000,4
1408,D020,8004,2001,1
1408,D020,8005,2001,2
1408,D020,8007,2001,4
1408,D020,8008,2002,1
1408,D020,8011,2002,4
1408,D020,8012,2003,1
1408,D020,8013,2003,2
1408,D020,8014,2003,3
1408,D020,8015,2003,4
1408,D020,8016,2004,1
1408,D020,8017,2004,2
1408,D020,8018,2004,3
1408,D020,8019,2004,4
1408,D020,8020,2005,1
1408,D020,8021,2005,2
1408,D020,8023,2005,4
1408,D020,8024,2006,1
1408,D020,8025,2006,2
1408,D020,8027,2006,4
1408,D020,8028,2007,1
1408,D020,8029,2007,2
1408,D020,8030,2007,3
1408,D020,8031,2007,4
1408,D020,8032,2008,1
1408,D020,8034,2008,3
1412,D024,7993,1998,2
1412,D024,7995,1998,4
1412,D024,7998,1999,3
1412,D024,7999,1999,4
1412,D024,8000,2000,1
1412,D024,8002,2000,3
1412,D024,8003,2000,4
1412,D024,8004,2001,1
1413,D025,7991,1997,4
1414,D026,7992,1998,1
1414,D026,7996,1999,1
1414,D026,7999,1999,4
1414,D026,8000,2000,1
1414,D026,8001,2000,2
1415,D027,7992,1998,1
1415,D027,7993,1998,2
1415,D027,7996,1999,1
1415,D027,8000,2000,1
1415,D027,8002,2000,3
1415,D027,8004,2001,1
1415,D027,8005,2001,2
1415,D027,8006,2001,3
1415,D027,8007,2001,4
1415,D027,8008,2002,1
1416,D028,7993,1998,2
1416,D028,7996,1999,1
1416,D028,8000,2000,1
1418,D030,7990,1997,3
1418,D030,7992,1998,1
1418,D030,7995,1998,4
1418,D030,7996,1999,1
1418,D030,7998,1999,3
1418,D030,7999,1999,4
1419,D031,7990,1997,3
1419,D031,7991,1997,4
1419,D031,7992,1998,1
1419,D031,7993,1998,2
1419,D031,7994,1998,3
1419,D031,7995,1998,4
1419,D031,7996,1999,1
1419,D031,7997,1999,2
1419,D031,7998,1999,3
1419,D031,7999,1999,4
1419,D031,8000,2000,1
1419,D031,8001,2000,2
1421,D033,7991,1997,4
1421,D033,7992,1998,1
1421,D033,7996,1999,1
1421,D033,8001,2000,2
1422,D034,7992,1998,1
1423,D035,7997,1999,2
1423,D035,8001,2000,2
1423,D035,8004,2001,1
1423,D035,8007,2001,4
1423,D035,8008,2002,1
1423,D035,8009,2002,2
1424,D036,7995,1998,4
1424,D036,7997,1999,2
1424,D036,8000,2000,1
1424,D036,8001,2000,2
1424,D036,8004,2001,1
1424,D036,8007,2001,4
1424,D036,8009,2002,2
1426,D038,7993,1998,2
1426,D038,7995,1998,4
1426,D038,7996,1999,1
1426,D038,7997,1999,2
1426,D038,8000,2000,1
1426,D038,8001,2000,2
1427,D039,7995,1998,4
1427,D039,7996,1999,1
1427,D039,7997,1999,2
1428,D040,7992,1998,1
1429,D041,7993,1998,2
1429,D041,7996,1999,1
1429,D041,7997,1999,2
1429,D041,8000,2000,1
1429,D041,8001,2000,2
1432,D044,7993,1998,2
1432,D044,7995,1998,4
1439,D051,7992,1998,1
1439,D051,7996,1999,1
1439,D051,7997,1999,2
1439,D051,8000,2000,1
1440,D052,7992,1998,1
1440,D052,7995,1998,4
1440,D052,8000,2000,1
1446,D058,7991,1997,4
1446,D058,7992,1998,1
1446,D058,7993,1998,2
1446,D058,7995,1998,4
1446,D058,7996,1999,1
1447,D059,7991,1997,4
1447,D059,7993,1998,2
1447,D059,7996,1999,1
1447,D059,7999,1999,4
1447,D059,8000,2000,1
1447,D059,8001,2000,2
1447,D059,8004,2001,1
1447,D059,8005,2001,2
1447,D059,8006,2001,3
1447,D059,8007,2001,4
1447,D059,8008,2002,1
1447,D059,8009,2002,2
1447,D059,8011,2002,4
1447,D059,8012,2003,1
1447,D059,8013,2003,2
1447,D059,8014,2003,3
1447,D059,8015,2003,4
1447,D059,8016,2004,1
1447,D059,8019,2004,4
1447,D059,8020,2005,1
1447,D059,8021,2005,2
1447,D059,8023,2005,4
1447,D059,8024,2006,1
1447,D059,8025,2006,2
1447,D059,8026,2006,3
1447,D059,8027,2006,4
1447,D059,8028,2007,1
1447,D059,8029,2007,2
1447,D059,8030,2007,3
1447,D059,8031,2007,4
1447,D059,8032,2008,1
1447,D059,8033,2008,2
1447,D059,8035,2008,4
1447,D059,8036,2009,1
1448,D060,7996,1999,1
1448,D060,7997,1999,2
1448,D060,7999,1999,4
1448,D060,8000,2000,1
1448,D060,8001,2000,2
1448,D060,8002,2000,3
1448,D060,8003,2000,4
1448,D060,8004,2001,1
1448,D060,8006,2001,3
1448,D060,8007,2001,4
1448,D060,8008,2002,1
1448,D060,8009,2002,2
1449,D061,7996,1999,1
1449,D061,7997,1999,2
1449,D061,7999,1999,4
1449,D061,8000,2000,1
1449,D061,8003,2000,4
1449,D061,8004,2001,1
1451,D063,7995,1998,4
1451,D063,7997,1999,2
1452,D064,7994,1998,3
1452,D064,7999,1999,4
1452,D064,8000,2000,1
1452,D064,8001,2000,2
1454,D066,7994,1998,3
1454,D066,7995,1998,4
1454,D066,7996,1999,1
1455,D067,7992,1998,1
1455,D067,7994,1998,3
1456,D068,7992,1998,1
1456,D068,7994,1998,3
1456,D068,7995,1998,4
1456,D068,7996,1999,1
1457,D069,7992,1998,1
1458,D070,7992,1998,1
1458,D070,7995,1998,4
1459,D071,7991,1997,4
1459,D071,7993,1998,2
1459,D071,7995,1998,4
1459,D071,7996,1999,1
1459,D071,7998,1999,3
1459,D071,7999,1999,4
1459,D071,8000,2000,1
1459,D071,8001,2000,2
1459,D071,8002,2000,3
1459,D071,8003,2000,4
1459,D071,8004,2001,1
1459,D071,8005,2001,2
1459,D071,8006,2001,3
1459,D071,8007,2001,4
1459,D071,8008,2002,1
1459,D071,8009,2002,2
1459,D071,8010,2002,3
1459,D071,8011,2002,4
1459,D071,8012,2003,1
1459,D071,8014,2003,3
1459,D071,8016,2004,1
1460,D072,7992,1998,1
1461,D073,7996,1999,1
1461,D073,8002,2000,3
1461,D073,8003,2000,4
1461,D073,8004,2001,1
1461,D073,8007,2001,4
1462,D074,7992,1998,1
1462,D074,7993,1998,2
1462,D074,7995,1998,4
1462,D074,7997,1999,2
1465,D077,7992,1998,1
1465,D077,7993,1998,2
1465,D077,7995,1998,4
1465,D077,7996,1999,1
1465,D077,7997,1999,2
1465,D077,7999,1999,4
1465,D077,8000,2000,1
1465,D077,8001,2000,2
1465,D077,8003,2000,4
1465,D077,8004,2001,1
1465,D077,8005,2001,2
1465,D077,8006,2001,3
1465,D077,8007,2001,4
1465,D077,8008,2002,1
1465,D077,8009,2002,2
1465,D077,8010,2002,3
1465,D077,8011,2002,4
1465,D077,8012,2003,1
1465,D077,8013,2003,2
1465,D077,8014,2003,3
1465,D077,8015,2003,4
1465,D077,8016,2004,1
1465,D077,8017,2004,2
1465,D077,8018,2004,3
1465,D077,8019,2004,4
1465,D077,8020,2005,1
1465,D077,8022,2005,3
1465,D077,8023,2005,4
1465,D077,8024,2006,1
1465,D077,8025,2006,2
1465,D077,8027,2006,4
1465,D077,8028,2007,1
1465,D077,8031,2007,4
1465,D077,8032,2008,1
1465,D077,8033,2008,2
1465,D077,8034,2008,3
1465,D077,8035,2008,4
1465,D077,8036,2009,1
1466,D078,7991,1997,4
1467,D079,7992,1998,1
1467,D079,7994,1998,3
1467,D079,7995,1998,4
1467,D079,7996,1999,1
1467,D079,7997,1999,2
1468,D080,7994,1998,3
1468,D080,7996,1999,1
1468,D080,7997,1999,2
1469,D081,7992,1998,1
1469,D081,7993,1998,2
1469,D081,7994,1998,3
1469,D081,7996,1999,1
1469,D081,7997,1999,2
1469,D081,7999,1999,4
1469,D081,8000,2000,1
1470,D082,7992,1998,1
1470,D082,7994,1998,3
1470,D082,7995,1998,4
1470,D082,7996,1999,1
1471,D083,7992,1998,1
1471,D083,7994,1998,3
1471,D083,7995,1998,4
1471,D083,7996,1999,1
1471,D083,7997,1999,2
1472,D084,7993,1998,2
1472,D084,7995,1998,4
1472,D084,7996,1999,1
1472,D084,7997,1999,2
1472,D084,8000,2000,1
1472,D084,8001,2000,2
1472,D084,8003,2000,4
1472,D084,8004,2001,1
1475,E002,7953,1988,2
1475,E002,7954,1988,3
1477,E004,7953,1988,2
1477,E004,7954,1988,3
1477,E004,7955,1988,4
1477,E004,7956,1989,1
1477,E004,7957,1989,2
1477,E004,7958,1989,3
1477,E004,7959,1989,4
1477,E004,7961,1990,2
1477,E004,7963,1990,4
1477,E004,7964,1991,1
1477,E004,7965,1991,2
1477,E004,7966,1991,3
1477,E004,7968,1992,1
1477,E004,7969,1992,2
1477,E004,7971,1992,4
1477,E004,7972,1993,1
1477,E004,7973,1993,2
1477,E004,7974,1993,3
1477,E004,7975,1993,4
1477,E004,7978,1994,3
1477,E004,7979,1994,4
1477,E004,7980,1995,1
1477,E004,7981,1995,2
1477,E004,7983,1995,4
1477,E004,7984,1996,1
1477,E004,7985,1996,2
1478,E005,7954,1988,3
1478,E005,7956,1989,1
1481,E008,7954,1988,3
1481,E008,7955,1988,4
1481,E008,7956,1989,1
1481,E008,7958,1989,3
1481,E008,7959,1989,4
1481,E008,7960,1990,1
1481,E008,7962,1990,3
1481,E008,7963,1990,4
1481,E008,7964,1991,1
1481,E008,7965,1991,2
1481,E008,7967,1991,4
1481,E008,7968,1992,1
1481,E008,7970,1992,3
1481,E008,7971,1992,4
1481,E008,7972,1993,1
1483,E010,7953,1988,2
1483,E010,7954,1988,3
1483,E010,7955,1988,4
1484,E011,7953,1988,2
1484,E011,7955,1988,4
1484,E011,7956,1989,1
1484,E011,7957,1989,2
1484,E011,7958,1989,3
1485,E012,7954,1988,3
1487,E014,7956,1989,1
1487,E014,7966,1991,3
1487,E014,7968,1992,1
1487,E014,7969,1992,2
1487,E014,7970,1992,3
1487,E014,7971,1992,4
1487,E014,7972,1993,1
1487,E014,7976,1994,1
1487,E014,7977,1994,2
1487,E014,7978,1994,3
1487,E014,7979,1994,4
1487,E014,7980,1995,1
1487,E014,7983,1995,4
1487,E014,7984,1996,1
1487,E014,7988,1997,1
1489,E016,7958,1989,3
1489,E016,7960,1990,1
1489,E016,7962,1990,3
1489,E016,7963,1990,4
1489,E016,7964,1991,1
1489,E016,7965,1991,2
1489,E016,7967,1991,4
1489,E016,7968,1992,1
1489,E016,7971,1992,4
1489,E016,7972,1993,1
1489,E016,7973,1993,2
1493,E020,7954,1988,3
1493,E020,7955,1988,4
1493,E020,7956,1989,1
1493,E020,7957,1989,2
1493,E020,7958,1989,3
1493,E020,7959,1989,4
1493,E020,7962,1990,3
1493,E020,7963,1990,4
1493,E020,7964,1991,1
1493,E020,7966,1991,3
1493,E020,7968,1992,1
1493,E020,7969,1992,2
1493,E020,7970,1992,3
1493,E020,7971,1992,4
1493,E020,7972,1993,1
1493,E020,7973,1993,2
1493,E020,7975,1993,4
1493,E020,7976,1994,1
1495,E022,7957,1989,2
1495,E022,7964,1991,1
1496,E023,7956,1989,1
1496,E023,7957,1989,2
1496,E023,7959,1989,4
1496,E023,7960,1990,1
1496,E023,7961,1990,2
1496,E023,7964,1991,1
1496,E023,7965,1991,2
1496,E023,7966,1991,3
1496,E023,7968,1992,1
1496,E023,7970,1992,3
1496,E023,7971,1992,4
1496,E023,7972,1993,1
1496,E023,7973,1993,2
1496,E023,7974,1993,3
1496,E023,7975,1993,4
1496,E023,7976,1994,1
1496,E023,7977,1994,2
1496,E023,7978,1994,3
1496,E023,7979,1994,4
1496,E023,7980,1995,1
1496,E023,7981,1995,2
1496,E023,7983,1995,4
1496,E023,7984,1996,1
1496,E023,7985,1996,2
1497,E024,7958,1989,3
1500,E027,7961,1990,2
1500,E027,7964,1991,1
1500,E027,7967,1991,4
1500,E027,7968,1992,1
1500,E027,7969,1992,2
1500,E027,7972,1993,1
1500,E027,7973,1993,2
1500,E027,7974,1993,3
1500,E027,7975,1993,4
1500,E027,7976,1994,1
1503,E030,7957,1989,2
1503,E030,7958,1989,3
1503,E030,7961,1990,2
1503,E030,7963,1990,4
1503,E030,7964,1991,1
1503,E030,7968,1992,1
1503,E030,7969,1992,2
1503,E030,7970,1992,3
1503,E030,7971,1992,4
1503,E030,7972,1993,1
1503,E030,7973,1993,2
1503,E030,7974,1993,3
1503,E030,7975,1993,4
1503,E030,7976,1994,1
1503,E030,7977,1994,2
1505,E032,7964,1991,1
1505,E032,7968,1992,1
1505,E032,7972,1993,1
1505,E032,7973,1993,2
1505,E032,7975,1993,4
1505,E032,7976,1994,1
1505,E032,7980,1995,1
1505,E032,7981,1995,2
1506,E033,7960,1990,1
1507,E034,7961,1990,2
1507,E034,7962,1990,3
1507,E034,7968,1992,1
1507,E034,7969,1992,2
1507,E034,7972,1993,1
1507,E034,7975,1993,4
1507,E034,7977,1994,2
1507,E034,7979,1994,4
1507,E034,7980,1995,1
1507,E034,7981,1995,2
1507,E034,7983,1995,4
1507,E034,7985,1996,2
1509,E036,7963,1990,4
1509,E036,7965,1991,2
1511,E038,7957,1989,2
1511,E038,7958,1989,3
1512,E039,7961,1990,2
1512,E039,7964,1991,1
1514,E041,7956,1989,1
1514,E041,7958,1989,3
1514,E041,7959,1989,4
1514,E041,7960,1990,1
1514,E041,7961,1990,2
1514,E041,7962,1990,3
1514,E041,7963,1990,4
1514,E041,7964,1991,1
1514,E041,7965,1991,2
1515,E042,7955,1988,4
1515,E042,7958,1989,3
1515,E042,7959,1989,4
1515,E042,7960,1990,1
1515,E042,7961,1990,2
1515,E042,7962,1990,3
1515,E042,7963,1990,4
1515,E042,7964,1991,1
1515,E042,7965,1991,2
1515,E042,7966,1991,3
1515,E042,7967,1991,4
1515,E042,7968,1992,1
1515,E042,7970,1992,3
1515,E042,7971,1992,4
1515,E042,7972,1993,1
1517,E044,7956,1989,1
1517,E044,7957,1989,2
1517,E044,7959,1989,4
1517,E044,7960,1990,1
1517,E044,7961,1990,2
1517,E044,7963,1990,4
1517,E044,7964,1991,1
1517,E044,7965,1991,2
1517,E044,7968,1992,1
1518,E045,7957,1989,2
1519,E046,7954,1988,3
1519,E046,7955,1988,4
1519,E046,7956,1989,1
1519,E046,7957,1989,2
1523,E050,7957,1989,2
1523,E050,7958,1989,3
1523,E050,7959,1989,4
1524,E051,7957,1989,2
1524,E051,7960,1990,1
1524,E051,7961,1990,2
1525,E052,7954,1988,3
1525,E052,7955,1988,4
1525,E052,7956,1989,1
1525,E052,7957,1989,2
1525,E052,7959,1989,4
1525,E052,7960,1990,1
1525,E052,7961,1990,2
1525,E052,7962,1990,3
1525,E052,7963,1990,4
1525,E052,7964,1991,1
1525,E052,7965,1991,2
1525,E052,7966,1991,3
1525,E052,7967,1991,4
1525,E052,7968,1992,1
1525,E052,7969,1992,2
1526,E053,7957,1989,2
1526,E053,7959,1989,4
1526,E053,7961,1990,2
1526,E053,7963,1990,4
1526,E053,7964,1991,1
1526,E053,7965,1991,2
1526,E053,7968,1992,1
1526,E053,7976,1994,1
1526,E053,7977,1994,2
1527,E054,7956,1989,1
1527,E054,7957,1989,2
1527,E054,7959,1989,4
1528,E055,7956,1989,1
1528,E055,7957,1989,2
1528,E055,7960,1990,1
1528,E055,7961,1990,2
1531,E058,7956,1989,1
1531,E058,7957,1989,2
1531,E058,7959,1989,4
1531,E058,7961,1990,2
1531,E058,7963,1990,4
1531,E058,7964,1991,1
1531,E058,7965,1991,2
1531,E058,7967,1991,4
1531,E058,7968,1992,1
1531,E058,7969,1992,2
1531,E058,7970,1992,3
1531,E058,7971,1992,4
1531,E058,7972,1993,1
1531,E058,7973,1993,2
1531,E058,7975,1993,4
1531,E058,7976,1994,1
1531,E058,7977,1994,2
1531,E058,7978,1994,3
1531,E058,7979,1994,4
1531,E058,7980,1995,1
1531,E058,7981,1995,2
1531,E058,7984,1996,1
1531,E058,7985,1996,2
1532,E059,7955,1988,4
1532,E059,7957,1989,2
1532,E059,7960,1990,1
1532,E059,7961,1990,2
1532,E059,7962,1990,3
1532,E059,7963,1990,4
1532,E059,7964,1991,1
1532,E059,7968,1992,1
1532,E059,7969,1992,2
1532,E059,7970,1992,3
1532,E059,7971,1992,4
1532,E059,7972,1993,1
1532,E059,7974,1993,3
1532,E059,7975,1993,4
1532,E059,7976,1994,1
1532,E059,7977,1994,2
1533,E060,7955,1988,4
1533,E060,7956,1989,1
1533,E060,7957,1989,2
1533,E060,7960,1990,1
1533,E060,7961,1990,2
1533,E060,7962,1990,3
1533,E060,7963,1990,4
1533,E060,7964,1991,1
1533,E060,7966,1991,3
1533,E060,7967,1991,4
1533,E060,7968,1992,1
1533,E060,7969,1992,2
1533,E060,7970,1992,3
1533,E060,7971,1992,4
1533,E060,7972,1993,1
1533,E060,7973,1993,2
1533,E060,7975,1993,4
1533,E060,7976,1994,1
1533,E060,7977,1994,2
1533,E060,7978,1994,3
1534,E061,7955,1988,4
1534,E061,7957,1989,2
1534,E061,7958,1989,3
1534,E061,7959,1989,4
1534,E061,7960,1990,1
1534,E061,7961,1990,2
1534,E061,7962,1990,3
1534,E061,7963,1990,4
1534,E061,7967,1991,4
1534,E061,7969,1992,2
1534,E061,7971,1992,4
1534,E061,7972,1993,1
1534,E061,7973,1993,2
1535,E062,7955,1988,4
1535,E062,7956,1989,1
1535,E062,7957,1989,2
1536,E063,7955,1988,4
1536,E063,7957,1989,2
1536,E063,7960,1990,1
1536,E063,7961,1990,2
1536,E063,7963,1990,4
1536,E063,7964,1991,1
1536,E063,7966,1991,3
1536,E063,7967,1991,4
1536,E063,7968,1992,1
1536,E063,7969,1992,2
1536,E063,7970,1992,3
1536,E063,7971,1992,4
1536,E063,7972,1993,1
1537,E064,7955,1988,4
1537,E064,7957,1989,2
1537,E064,7958,1989,3
1537,E064,7960,1990,1
1537,E064,7961,1990,2
1537,E064,7962,1990,3
1537,E064,7963,1990,4
1537,E064,7965,1991,2
1537,E064,7966,1991,3
1537,E064,7967,1991,4
1537,E064,7968,1992,1
1537,E064,7969,1992,2
1538,E065,7955,1988,4
1538,E065,7956,1989,1
1538,E065,7957,1989,2
1538,E065,7960,1990,1
1538,E065,7961,1990,2
1538,E065,7962,1990,3
1538,E065,7963,1990,4
1538,E065,7964,1991,1
1538,E065,7966,1991,3
1538,E065,7968,1992,1
1538,E065,7969,1992,2
1538,E065,7970,1992,3
1538,E065,7971,1992,4
1538,E065,7972,1993,1
1538,E065,7973,1993,2
1538,E065,7974,1993,3
1538,E065,7975,1993,4
1538,E065,7976,1994,1
1539,E066,7955,1988,4
1539,E066,7957,1989,2
1539,E066,7959,1989,4
1539,E066,7961,1990,2
1540,E067,7955,1988,4
1540,E067,7957,1989,2
1540,E067,7961,1990,2
1540,E067,7963,1990,4
1540,E067,7965,1991,2
1540,E067,7967,1991,4
1540,E067,7968,1992,1
1540,E067,7971,1992,4
1540,E067,7972,1993,1
1540,E067,7973,1993,2
1541,E068,7962,1990,3
1541,E068,7964,1991,1
1541,E068,7968,1992,1
1541,E068,7969,1992,2
1541,E068,7971,1992,4
1541,E068,7972,1993,1
1541,E068,7973,1993,2
1541,E068,7974,1993,3
1541,E068,7975,1993,4
1541,E068,7976,1994,1
1541,E068,7977,1994,2
1541,E068,7978,1994,3
1541,E068,7979,1994,4
1541,E068,7980,1995,1
1541,E068,7981,1995,2
1541,E068,7983,1995,4
1541,E068,7984,1996,1
1542,E069,7956,1989,1
1542,E069,7957,1989,2
1543,E070,7956,1989,1
1543,E070,7957,1989,2
1543,E070,7958,1989,3
1544,E071,7956,1989,1
1544,E071,7960,1990,1
1544,E071,7964,1991,1
1544,E071,7965,1991,2
1544,E071,7967,1991,4
1544,E071,7968,1992,1
1544,E071,7969,1992,2
1545,E072,7957,1989,2
1545,E072,7960,1990,1
1545,E072,7961,1990,2
1545,E072,7964,1991,1
1545,E072,7966,1991,3
1545,E072,7967,1991,4
1545,E072,7968,1992,1
1545,E072,7970,1992,3
1545,E072,7971,1992,4
1545,E072,7972,1993,1
1545,E072,7973,1993,2
1545,E072,7975,1993,4
1545,E072,7976,1994,1
1545,E072,7977,1994,2
1545,E072,7978,1994,3
1546,E073,7956,1989,1
1546,E073,7963,1990,4
1546,E073,7964,1991,1
1546,E073,7965,1991,2
1546,E073,7967,1991,4
1546,E073,7968,1992,1
1546,E073,7969,1992,2
1546,E073,7971,1992,4
1546,E073,7973,1993,2
1546,E073,7974,1993,3
1546,E073,7976,1994,1
1546,E073,7977,1994,2
1546,E073,7979,1994,4
1546,E073,7980,1995,1
1547,E074,7958,1989,3
1547,E074,7959,1989,4
1549,E076,7961,1990,2
1549,E076,7964,1991,1
1549,E076,7965,1991,2
1549,E076,7967,1991,4
1549,E076,7969,1992,2
1549,E076,7970,1992,3
1549,E076,7971,1992,4
1549,E076,7972,1993,1
1550,E077,7959,1989,4
1550,E077,7960,1990,1
1550,E077,7962,1990,3
1550,E077,7964,1991,1
1550,E077,7966,1991,3
1550,E077,7967,1991,4
1552,E079,7964,1991,1
1553,E080,7957,1989,2
1553,E080,7960,1990,1
1553,E080,7962,1990,3
1553,E080,7964,1991,1
1553,E080,7968,1992,1
1553,E080,7969,1992,2
1553,E080,7970,1992,3
1553,E080,7972,1993,1
1553,E080,7973,1993,2
1555,E082,7957,1989,2
1555,E082,7958,1989,3
1555,E082,7960,1990,1
1556,E083,7958,1989,3
1556,E083,7960,1990,1
1556,E083,7962,1990,3
1556,E083,7964,1991,1
1556,E083,7965,1991,2
1556,E083,7966,1991,3
1556,E083,7967,1991,4
1556,E083,7968,1992,1
1556,E083,7969,1992,2
1556,E083,7971,1992,4
1556,E083,7972,1993,1
1556,E083,7974,1993,3
1556,E083,7975,1993,4
1556,E083,7976,1994,1
1556,E083,7978,1994,3
1556,E083,7980,1995,1
1556,E083,7982,1995,3
1556,E083,7983,1995,4
1556,E083,7984,1996,1
1556,E083,7985,1996,2
1556,E083,7987,1996,4
1556,E083,7989,1997,2
1556,E083,7990,1997,3
1556,E083,7991,1997,4
1556,E083,7992,1998,1
1556,E083,7993,1998,2
1556,E083,7994,1998,3
1556,E083,7996,1999,1
1556,E083,7997,1999,2
1559,E086,7956,1989,1
1559,E086,7961,1990,2
1559,E086,7963,1990,4
1559,E086,7965,1991,2
1559,E086,7967,1991,4
1559,E086,7968,1992,1
1559,E086,7969,1992,2
1559,E086,7970,1992,3
1559,E086,7971,1992,4
1560,E087,7958,1989,3
1560,E087,7961,1990,2
1560,E087,7963,1990,4
1560,E087,7969,1992,2
1560,E087,7970,1992,3
1560,E087,7975,1993,4
1560,E087,7976,1994,1
1560,E087,7977,1994,2
1561,E088,7963,1990,4
1561,E088,7969,1992,2
1561,E088,7971,1992,4
1561,E088,7972,1993,1
1562,E089,7955,1988,4
1562,E089,7958,1989,3
1562,E089,7959,1989,4
1562,E089,7960,1990,1
1562,E089,7962,1990,3
1562,E089,7963,1990,4
1562,E089,7964,1991,1
1562,E089,7965,1991,2
1562,E089,7966,1991,3
1562,E089,7967,1991,4
1562,E089,7968,1992,1
1562,E089,7969,1992,2
1562,E089,7970,1992,3
1562,E089,7971,1992,4
1565,E092,7955,1988,4
1565,E092,7957,1989,2
1565,E092,7959,1989,4
1565,E092,7961,1990,2
1565,E092,7962,1990,3
1565,E092,7963,1990,4
1565,E092,7964,1991,1
1565,E092,7965,1991,2
1565,E092,7967,1991,4
1565,E092,7968,1992,1
1565,E092,7969,1992,2
1565,E092,7970,1992,3
1565,E092,7971,1992,4
1565,E092,7972,1993,1
1565,E092,7973,1993,2
1565,E092,7975,1993,4
1565,E092,7976,1994,1
1565,E092,7977,1994,2
1565,E092,7978,1994,3
1565,E092,7979,1994,4
1565,E092,7980,1995,1
1565,E092,7981,1995,2
1565,E092,7982,1995,3
1565,E092,7983,1995,4
1565,E092,7984,1996,1
1565,E092,7985,1996,2
1565,E092,7986,1996,3
1565,E092,7987,1996,4
1565,E092,7988,1997,1
1565,E092,7989,1997,2
1565,E092,7991,1997,4
1565,E092,7992,1998,1
1566,E093,7955,1988,4
1566,E093,7957,1989,2
1566,E093,7959,1989,4
1567,E094,7956,1989,1
1567,E094,7960,1990,1
1567,E094,7961,1990,2
1567,E094,7964,1991,1
1567,E094,7965,1991,2
1567,E094,7966,1991,3
1570,E097,7958,1989,3
1570,E097,7960,1990,1
1570,E097,7964,1991,1
1570,E097,7965,1991,2
1571,E098,7958,1989,3
1571,E098,7961,1990,2
1571,E098,7962,1990,3
1571,E098,7964,1991,1
1571,E098,7965,1991,2
1573,E100,7956,1989,1
1574,E101,7957,1989,2
1574,E101,7958,1989,3
1574,E101,7960,1990,1
1576,E103,7956,1989,1
1576,E103,7957,1989,2
1576,E103,7960,1990,1
1576,E103,7962,1990,3
1576,E103,7964,1991,1
1576,E103,7966,1991,3
1576,E103,7967,1991,4
1576,E103,7968,1992,1
1576,E103,7972,1993,1
1576,E103,7973,1993,2
1576,E103,7974,1993,3
1576,E103,7975,1993,4
1576,E103,7976,1994,1
1576,E103,7977,1994,2
1576,E103,7978,1994,3
1577,E104,7956,1989,1
1579,E106,7956,1989,1
1579,E106,7959,1989,4
1579,E106,7960,1990,1
1579,E106,7961,1990,2
1579,E106,7962,1990,3
1579,E106,7964,1991,1
1579,E106,7966,1991,3
1579,E106,7967,1991,4
1579,E106,7968,1992,1
1579,E106,7969,1992,2
1579,E106,7970,1992,3
1579,E106,7971,1992,4
1579,E106,7972,1993,1
1579,E106,7973,1993,2
1580,F001,7952,1988,1
1581,F002,7946,1986,3
1581,F002,7947,1986,4
1582,F003,7944,1986,1
1583,F004,7944,1986,1
1583,F004,7948,1987,1
1583,F004,7950,1987,3
1583,F004,7951,1987,4
1583,F004,7952,1988,1
1584,F005,7944,1986,1
1584,F005,7946,1986,3
1584,F005,7947,1986,4
1584,F005,7948,1987,1
1584,F005,7949,1987,2
1584,F005,7950,1987,3
1584,F005,7951,1987,4
1584,F005,7953,1988,2
1584,F005,7954,1988,3
1584,F005,7955,1988,4
1584,F005,7956,1989,1
1584,F005,7957,1989,2
1584,F005,7958,1989,3
1584,F005,7959,1989,4
1584,F005,7960,1990,1
1584,F005,7961,1990,2
1584,F005,7962,1990,3
1584,F005,7963,1990,4
1584,F005,7964,1991,1
1584,F005,7965,1991,2
1584,F005,7966,1991,3
1584,F005,7967,1991,4
1584,F005,7968,1992,1
1584,F005,7969,1992,2
1584,F005,7970,1992,3
1584,F005,7971,1992,4
1586,F007,7942,1985,3
1586,F007,7944,1986,1
1586,F007,7945,1986,2
1586,F007,7946,1986,3
1586,F007,7948,1987,1
1586,F007,7950,1987,3
1586,F007,7951,1987,4
1586,F007,7952,1988,1
1586,F007,7953,1988,2
1586,F007,7954,1988,3
1586,F007,7956,1989,1
1586,F007,7957,1989,2
1586,F007,7960,1990,1
1586,F007,7961,1990,2
1586,F007,7962,1990,3
1586,F007,7963,1990,4
1586,F007,7964,1991,1
1586,F007,7967,1991,4
1586,F007,7968,1992,1
1586,F007,7970,1992,3
1586,F007,7972,1993,1
1586,F007,7973,1993,2
1588,F009,7942,1985,3
1588,F009,7954,1988,3
1590,F011,7942,1985,3
1590,F011,7945,1986,2
1590,F011,7946,1986,3
1590,F011,7947,1986,4
1590,F011,7948,1987,1
1592,F013,7945,1986,2
1592,F013,7946,1986,3
1592,F013,7947,1986,4
1592,F013,7948,1987,1
1592,F013,7951,1987,4
1592,F013,7952,1988,1
1592,F013,7953,1988,2
1592,F013,7956,1989,1
1592,F013,7957,1989,2
1592,F013,7960,1990,1
1592,F013,7963,1990,4
1592,F013,7964,1991,1
1592,F013,7967,1991,4
1592,F013,7968,1992,1
1592,F013,7969,1992,2
1592,F013,7971,1992,4
1592,F013,7972,1993,1
1592,F013,7973,1993,2
1592,F013,7974,1993,3
1592,F013,7975,1993,4
1592,F013,7976,1994,1
1592,F013,7977,1994,2
1592,F013,7978,1994,3
1592,F013,7980,1995,1
1593,F014,7942,1985,3
1596,F017,7942,1985,3
1598,F019,7943,1985,4
1598,F019,7944,1986,1
1599,F020,7944,1986,1
1599,F020,7948,1987,1
1601,F022,7942,1985,3
1601,F022,7943,1985,4
1601,F022,7944,1986,1
1601,F022,7947,1986,4
1601,F022,7949,1987,2
1601,F022,7950,1987,3
1601,F022,7951,1987,4
1602,F023,7944,1986,1
1602,F023,7945,1986,2
1602,F023,7947,1986,4
1602,F023,7948,1987,1
1602,F023,7949,1987,2
1602,F023,7951,1987,4
1602,F023,7952,1988,1
1602,F023,7953,1988,2
1602,F023,7955,1988,4
1602,F023,7956,1989,1
1602,F023,7958,1989,3
1602,F023,7959,1989,4
1602,F023,7960,1990,1
1602,F023,7962,1990,3
1602,F023,7963,1990,4
1602,F023,7964,1991,1
1602,F023,7966,1991,3
1602,F023,7967,1991,4
1602,F023,7968,1992,1
1602,F023,7969,1992,2
1602,F023,7970,1992,3
1602,F023,7971,1992,4
1602,F023,7972,1993,1
1602,F023,7973,1993,2
1602,F023,7974,1993,3
1603,F024,7944,1986,1
1604,F025,7944,1986,1
1604,F025,7947,1986,4
1604,F025,7948,1987,1
1606,F027,7944,1986,1
1606,F027,7950,1987,3
1607,F028,7943,1985,4
1607,F028,7946,1986,3
1607,F028,7947,1986,4
1607,F028,7948,1987,1
1609,F030,7947,1986,4
1609,F030,7948,1987,1
1609,F030,7949,1987,2
1609,F030,7950,1987,3
1609,F030,7951,1987,4
1611,F032,7944,1986,1
1611,F032,7945,1986,2
1612,F033,7944,1986,1
1612,F033,7945,1986,2
1612,F033,7946,1986,3
1612,F033,7948,1987,1
1612,F033,7950,1987,3
1612,F033,7951,1987,4
1612,F033,7952,1988,1
1612,F033,7953,1988,2
1612,F033,7955,1988,4
1612,F033,7956,1989,1
1612,F033,7957,1989,2
1612,F033,7960,1990,1
1613,F034,7944,1986,1
1617,F038,7944,1986,1
1617,F038,7946,1986,3
1617,F038,7947,1986,4
1617,F038,7948,1987,1
1617,F038,7949,1987,2
1617,F038,7951,1987,4
1617,F038,7952,1988,1
1617,F038,7953,1988,2
1617,F038,7954,1988,3
1617,F038,7955,1988,4
1617,F038,7956,1989,1
1617,F038,7958,1989,3
1617,F038,7959,1989,4
1617,F038,7960,1990,1
1619,F040,7942,1985,3
1620,F041,7944,1986,1
1620,F041,7947,1986,4
1620,F041,7948,1987,1
1620,F041,7949,1987,2
1620,F041,7950,1987,3
1620,F041,7951,1987,4
1621,F042,7942,1985,3
1621,F042,7944,1986,1
1621,F042,7948,1987,1
1621,F042,7949,1987,2
1621,F042,7952,1988,1
1621,F042,7953,1988,2
1621,F042,7955,1988,4
1621,F042,7956,1989,1
1622,F043,7946,1986,3
1622,F043,7947,1986,4
1622,F043,7948,1987,1
1622,F043,7949,1987,2
1622,F043,7950,1987,3
1622,F043,7951,1987,4
1622,F043,7952,1988,1
1622,F043,7953,1988,2
1622,F043,7955,1988,4
1622,F043,7957,1989,2
1622,F043,7958,1989,3
1622,F043,7960,1990,1
1622,F043,7961,1990,2
1622,F043,7964,1991,1
1622,F043,7965,1991,2
1622,F043,7968,1992,1
1622,F043,7969,1992,2
1622,F043,7970,1992,3
1622,F043,7974,1993,3
1622,F043,7976,1994,1
1622,F043,7977,1994,2
1622,F043,7978,1994,3
1622,F043,7979,1994,4
1623,F044,7944,1986,1
1624,F045,7946,1986,3
1624,F045,7947,1986,4
1624,F045,7948,1987,1
1624,F045,7949,1987,2
1624,F045,7950,1987,3
1624,F045,7952,1988,1
1624,F045,7953,1988,2
1624,F045,7954,1988,3
1624,F045,7955,1988,4
1624,F045,7956,1989,1
1624,F045,7958,1989,3
1624,F045,7959,1989,4
1624,F045,7960,1990,1
1624,F045,7961,1990,2
1624,F045,7962,1990,3
1624,F045,7963,1990,4
1624,F045,7964,1991,1
1624,F045,7965,1991,2
1624,F045,7967,1991,4
1624,F045,7968,1992,1
1624,F045,7971,1992,4
1624,F045,7973,1993,2
1625,F046,7943,1985,4
1625,F046,7944,1986,1
1625,F046,7945,1986,2
1625,F046,7946,1986,3
1625,F046,7947,1986,4
1625,F046,7948,1987,1
1625,F046,7949,1987,2
1625,F046,7951,1987,4
1625,F046,7952,1988,1
1625,F046,7954,1988,3
1625,F046,7955,1988,4
1625,F046,7956,1989,1
1625,F046,7957,1989,2
1625,F046,7958,1989,3
1625,F046,7959,1989,4
1625,F046,7960,1990,1
1625,F046,7961,1990,2
1625,F046,7962,1990,3
1625,F046,7963,1990,4
1625,F046,7964,1991,1
1625,F046,7965,1991,2
1625,F046,7967,1991,4
1625,F046,7968,1992,1
1625,F046,7969,1992,2
1625,F046,7971,1992,4
1625,F046,7972,1993,1
1625,F046,7973,1993,2
1625,F046,7974,1993,3
1625,F046,7975,1993,4
1625,F046,7976,1994,1
1625,F046,7977,1994,2
1625,F046,7978,1994,3
1625,F046,7979,1994,4
1625,F046,7980,1995,1
1625,F046,7981,1995,2
1626,F047,7943,1985,4
1626,F047,7944,1986,1
1626,F047,7945,1986,2
1626,F047,7946,1986,3
1626,F047,7947,1986,4
1626,F047,7948,1987,1
1626,F047,7949,1987,2
1626,F047,7950,1987,3
1626,F047,7951,1987,4
1626,F047,7952,1988,1
1626,F047,7953,1988,2
1626,F047,7954,1988,3
1626,F047,7955,1988,4
1626,F047,7956,1989,1
1626,F047,7957,1989,2
1626,F047,7958,1989,3
1626,F047,7959,1989,4
1626,F047,7960,1990,1
1626,F047,7961,1990,2
1626,F047,7962,1990,3
1627,F048,7945,1986,2
1627,F048,7947,1986,4
1627,F048,7948,1987,1
1627,F048,7949,1987,2
1627,F048,7951,1987,4
1627,F048,7955,1988,4
1627,F048,7956,1989,1
1627,F048,7958,1989,3
1627,F048,7959,1989,4
1627,F048,7960,1990,1
1627,F048,7961,1990,2
1627,F048,7962,1990,3
1627,F048,7963,1990,4
1627,F048,7965,1991,2
1627,F048,7967,1991,4
1627,F048,7968,1992,1
1627,F048,7971,1992,4
1627,F048,7972,1993,1
1627,F048,7973,1993,2
1628,F049,7944,1986,1
1628,F049,7952,1988,1
1628,F049,7953,1988,2
1628,F049,7954,1988,3
1628,F049,7955,1988,4
1628,F049,7957,1989,2
1628,F049,7958,1989,3
1629,F050,7944,1986,1
1629,F050,7946,1986,3
1629,F050,7947,1986,4
1629,F050,7950,1987,3
1629,F050,7951,1987,4
1629,F050,7954,1988,3
1629,F050,7955,1988,4
1629,F050,7958,1989,3
1629,F050,7959,1989,4
1629,F050,7960,1990,1
1629,F050,7964,1991,1
1629,F050,7965,1991,2
1629,F050,7967,1991,4
1629,F050,7968,1992,1
1629,F050,7972,1993,1
1629,F050,7973,1993,2
1630,F051,7952,1988,1
1630,F051,7953,1988,2
1630,F051,7960,1990,1
1630,F051,7965,1991,2
1630,F051,7966,1991,3
1630,F051,7968,1992,1
1631,F052,7944,1986,1
1631,F052,7946,1986,3
1631,F052,7947,1986,4
1631,F052,7948,1987,1
1631,F052,7949,1987,2
1631,F052,7950,1987,3
1631,F052,7951,1987,4
1631,F052,7952,1988,1
1631,F052,7953,1988,2
1631,F052,7955,1988,4
1631,F052,7956,1989,1
1631,F052,7958,1989,3
1631,F052,7959,1989,4
1631,F052,7960,1990,1
1631,F052,7963,1990,4
1631,F052,7964,1991,1
1631,F052,7965,1991,2
1631,F052,7966,1991,3
1631,F052,7967,1991,4
1631,F052,7968,1992,1
1631,F052,7969,1992,2
1631,F052,7971,1992,4
1631,F052,7972,1993,1
1631,F052,7973,1993,2
1631,F052,7974,1993,3
1631,F052,7975,1993,4
1631,F052,7976,1994,1
1631,F052,7977,1994,2
1631,F052,7978,1994,3
1631,F052,7979,1994,4
1631,F052,7980,1995,1
1632,F053,7944,1986,1
1632,F053,7945,1986,2
1632,F053,7946,1986,3
1632,F053,7947,1986,4
1632,F053,7948,1987,1
1635,F056,7946,1986,3
1635,F056,7948,1987,1
1635,F056,7950,1987,3
1635,F056,7951,1987,4
1635,F056,7952,1988,1
1635,F056,7957,1989,2
1635,F056,7960,1990,1
1635,F056,7964,1991,1
1635,F056,7970,1992,3
1635,F056,7972,1993,1
1635,F056,7973,1993,2
1635,F056,7974,1993,3
1635,F056,7976,1994,1
1635,F056,7977,1994,2
1636,F057,7946,1986,3
1636,F057,7947,1986,4
1636,F057,7948,1987,1
1636,F057,7949,1987,2
1636,F057,7950,1987,3
1636,F057,7951,1987,4
1636,F057,7952,1988,1
1636,F057,7953,1988,2
1637,F058,7950,1987,3
1638,F059,7947,1986,4
1638,F059,7948,1987,1
1639,F060,7949,1987,2
1639,F060,7950,1987,3
1639,F060,7951,1987,4
1639,F060,7952,1988,1
1639,F060,7953,1988,2
1639,F060,7954,1988,3
1640,F061,7944,1986,1
1640,F061,7946,1986,3
1642,F063,7946,1986,3
1642,F063,7948,1987,1
1642,F063,7956,1989,1
1642,F063,7968,1992,1
1642,F063,7970,1992,3
1642,F063,7971,1992,4
1642,F063,7972,1993,1
1646,F067,7943,1985,4
1646,F067,7944,1986,1
1646,F067,7945,1986,2
1646,F067,7946,1986,3
1646,F067,7947,1986,4
1646,F067,7948,1987,1
1646,F067,7949,1987,2
1646,F067,7950,1987,3
1646,F067,7951,1987,4
1647,F068,7943,1985,4
1647,F068,7944,1986,1
1647,F068,7945,1986,2
1648,F069,7943,1985,4
1648,F069,7945,1986,2
1648,F069,7946,1986,3
1648,F069,7947,1986,4
1648,F069,7948,1987,1
1648,F069,7949,1987,2
1648,F069,7950,1987,3
1648,F069,7951,1987,4
1648,F069,7952,1988,1
1648,F069,7953,1988,2
1648,F069,7954,1988,3
1648,F069,7955,1988,4
1648,F069,7956,1989,1
1651,F072,7943,1985,4
1651,F072,7944,1986,1
1651,F072,7945,1986,2
1651,F072,7946,1986,3
1651,F072,7947,1986,4
1651,F072,7948,1987,1
1651,F072,7949,1987,2
1651,F072,7950,1987,3
1652,F073,7943,1985,4
1652,F073,7944,1986,1
1652,F073,7945,1986,2
1652,F073,7947,1986,4
1652,F073,7948,1987,1
1652,F073,7949,1987,2
1652,F073,7950,1987,3
1652,F073,7951,1987,4
1652,F073,7952,1988,1
1652,F073,7953,1988,2
1652,F073,7954,1988,3
1652,F073,7955,1988,4
1652,F073,7956,1989,1
1652,F073,7957,1989,2
1652,F073,7958,1989,3
1652,F073,7959,1989,4
1652,F073,7960,1990,1
1652,F073,7961,1990,2
1652,F073,7962,1990,3
1653,F074,7945,1986,2
1653,F074,7946,1986,3
1653,F074,7947,1986,4
1653,F074,7948,1987,1
1653,F074,7949,1987,2
1653,F074,7950,1987,3
1653,F074,7951,1987,4
1653,F074,7952,1988,1
1653,F074,7953,1988,2
1653,F074,7955,1988,4
1654,F075,7945,1986,2
1654,F075,7946,1986,3
1654,F075,7947,1986,4
1654,F075,7948,1987,1
1654,F075,7949,1987,2
1654,F075,7951,1987,4
1654,F075,7952,1988,1
1654,F075,7953,1988,2
1654,F075,7954,1988,3
1654,F075,7955,1988,4
1654,F075,7956,1989,1
1654,F075,7957,1989,2
1654,F075,7958,1989,3
1654,F075,7959,1989,4
1654,F075,7960,1990,1
1654,F075,7961,1990,2
1654,F075,7962,1990,3
1654,F075,7963,1990,4
1654,F075,7964,1991,1
1654,F075,7965,1991,2
1654,F075,7967,1991,4
1654,F075,7968,1992,1
1654,F075,7969,1992,2
1654,F075,7970,1992,3
1654,F075,7971,1992,4
1654,F075,7972,1993,1
1654,F075,7973,1993,2
1654,F075,7975,1993,4
1654,F075,7976,1994,1
1654,F075,7977,1994,2
1655,F076,7944,1986,1
1655,F076,7945,1986,2
1656,F077,7944,1986,1
1656,F077,7945,1986,2
1656,F077,7947,1986,4
1656,F077,7948,1987,1
1656,F077,7949,1987,2
1656,F077,7950,1987,3
1656,F077,7951,1987,4
1656,F077,7953,1988,2
1656,F077,7954,1988,3
1656,F077,7955,1988,4
1656,F077,7956,1989,1
1656,F077,7957,1989,2
1656,F077,7960,1990,1
1656,F077,7961,1990,2
1656,F077,7962,1990,3
1656,F077,7964,1991,1
1656,F077,7967,1991,4
1656,F077,7968,1992,1
1656,F077,7969,1992,2
1656,F077,7971,1992,4
1656,F077,7972,1993,1
1656,F077,7975,1993,4
1656,F077,7976,1994,1
1657,F078,7944,1986,1
1657,F078,7945,1986,2
1657,F078,7947,1986,4
1657,F078,7948,1987,1
1658,F079,7947,1986,4
1658,F079,7949,1987,2
1658,F079,7950,1987,3
1658,F079,7951,1987,4
1658,F079,7952,1988,1
1658,F079,7953,1988,2
1658,F079,7954,1988,3
1658,F079,7955,1988,4
1658,F079,7956,1989,1
1658,F079,7959,1989,4
1658,F079,7960,1990,1
1658,F079,7964,1991,1
1658,F079,7965,1991,2
1658,F079,7969,1992,2
1660,F094,7939,1984,4
1660,F094,7940,1985,1
1660,F094,7944,1986,1
1660,F094,7945,1986,2
1660,F094,7948,1987,1
1660,F094,7949,1987,2
1660,F094,7951,1987,4
1660,F094,7956,1989,1
1661,F095,7939,1984,4
1661,F095,7940,1985,1
1661,F095,7941,1985,2
1661,F095,7942,1985,3
1661,F095,7943,1985,4
1661,F095,7944,1986,1
1661,F095,7945,1986,2
1661,F095,7946,1986,3
1661,F095,7947,1986,4
1661,F095,7948,1987,1
1661,F095,7949,1987,2
1661,F095,7950,1987,3
1661,F095,7951,1987,4
1664,F098,7939,1984,4
1664,F098,7940,1985,1
1664,F098,7941,1985,2
1664,F098,7942,1985,3
1664,F098,7943,1985,4
1664,F098,7944,1986,1
1664,F098,7945,1986,2
1664,F098,7946,1986,3
1664,F098,7947,1986,4
1664,F098,7948,1987,1
1664,F098,7951,1987,4
1664,F098,7952,1988,1
1664,F098,7953,1988,2
1664,F098,7956,1989,1
1664,F098,7957,1989,2
1664,F098,7958,1989,3
1664,F098,7960,1990,1
1664,F098,7961,1990,2
1664,F098,7962,1990,3
1664,F098,7964,1991,1
1664,F098,7967,1991,4
1664,F098,7968,1992,1
1664,F098,7970,1992,3
1668,G004,7909,1977,2
1673,G009,7910,1977,3
1673,G009,7911,1977,4
1673,G009,7912,1978,1
1673,G009,7913,1978,2
1673,G009,7914,1978,3
1673,G009,7915,1978,4
1673,G009,7916,1979,1
1673,G009,7917,1979,2
1673,G009,7918,1979,3
1673,G009,7919,1979,4
1673,G009,7920,1980,1
1673,G009,7921,1980,2
1673,G009,7922,1980,3
1673,G009,7923,1980,4
1673,G009,7924,1981,1
1673,G009,7925,1981,2
1673,G009,7926,1981,3
1675,G011,7910,1977,3
1675,G011,7911,1977,4
1675,G011,7912,1978,1
1675,G011,7913,1978,2
1675,G011,7914,1978,3
1675,G011,7915,1978,4
1675,G011,7916,1979,1
1675,G011,7918,1979,3
1675,G011,7919,1979,4
1675,G011,7920,1980,1
1675,G011,7922,1980,3
1675,G011,7923,1980,4
1675,G011,7924,1981,1
1675,G011,7925,1981,2
1675,G011,7926,1981,3
1677,G013,7910,1977,3
1677,G013,7911,1977,4
1677,G013,7912,1978,1
1677,G013,7913,1978,2
1677,G013,7914,1978,3
1677,G013,7915,1978,4
1677,G013,7916,1979,1
1677,G013,7917,1979,2
1677,G013,7918,1979,3
1677,G013,7919,1979,4
1677,G013,7920,1980,1
1677,G013,7921,1980,2
1677,G013,7922,1980,3
1677,G013,7923,1980,4
1677,G013,7924,1981,1
1677,G013,7925,1981,2
1680,G017,7911,1977,4
1680,G017,7912,1978,1
1680,G017,7914,1978,3
1680,G017,7915,1978,4
1680,G017,7916,1979,1
1680,G017,7917,1979,2
1680,G017,7919,1979,4
1680,G017,7920,1980,1
1680,G017,7921,1980,2
1680,G017,7923,1980,4
1680,G017,7924,1981,1
1680,G017,7927,1981,4
1680,G017,7928,1982,1
1680,G017,7929,1982,2
1680,G017,7930,1982,3
1680,G017,7931,1982,4
1680,G017,7932,1983,1
1680,G017,7933,1983,2
1680,G017,7935,1983,4
1680,G017,7936,1984,1
1680,G017,7937,1984,2
1680,G017,7939,1984,4
1680,G017,7940,1985,1
1680,G017,7941,1985,2
1680,G017,7942,1985,3
1680,G017,7943,1985,4
1680,G017,7944,1986,1
1680,G017,7945,1986,2
1680,G017,7946,1986,3
1680,G017,7948,1987,1
1680,G017,7949,1987,2
1680,G017,7954,1988,3
1682,G019,7910,1977,3
1682,G019,7911,1977,4
1682,G019,7912,1978,1
1682,G019,7914,1978,3
1682,G019,7915,1978,4
1682,G019,7916,1979,1
1682,G019,7918,1979,3
1682,G019,7919,1979,4
1682,G019,7920,1980,1
1682,G019,7923,1980,4
1682,G019,7924,1981,1
1682,G019,7925,1981,2
1682,G019,7927,1981,4
1682,G019,7930,1982,3
1682,G019,7931,1982,4
1682,G019,7932,1983,1
1683,G020,7911,1977,4
1683,G020,7912,1978,1
1683,G020,7914,1978,3
1683,G020,7916,1979,1
1683,G020,7917,1979,2
1683,G020,7919,1979,4
1683,G020,7920,1980,1
1683,G020,7921,1980,2
1683,G020,7923,1980,4
1683,G020,7924,1981,1
1683,G020,7927,1981,4
1683,G020,7930,1982,3
1683,G020,7931,1982,4
1683,G020,7933,1983,2
1685,G024,7910,1977,3
1685,G024,7911,1977,4
1685,G024,7912,1978,1
1685,G024,7913,1978,2
1685,G024,7914,1978,3
1685,G024,7915,1978,4
1685,G024,7916,1979,1
1686,G025,7910,1977,3
1686,G025,7912,1978,1
1686,G025,7914,1978,3
1686,G025,7915,1978,4
1686,G025,7917,1979,2
1689,G028,7910,1977,3
1689,G028,7911,1977,4
1690,G029,7910,1977,3
1690,G029,7911,1977,4
1690,G029,7912,1978,1
1691,G030,7910,1977,3
1691,G030,7912,1978,1
1691,G030,7914,1978,3
1691,G030,7915,1978,4
1691,G030,7916,1979,1
1692,G031,7910,1977,3
1692,G031,7911,1977,4
1692,G031,7912,1978,1
1692,G031,7913,1978,2
1692,G031,7914,1978,3
1692,G031,7915,1978,4
1692,G031,7916,1979,1
1692,G031,7917,1979,2
1692,G031,7918,1979,3
1692,G031,7919,1979,4
1692,G031,7920,1980,1
1692,G031,7921,1980,2
1692,G031,7922,1980,3
1692,G031,7923,1980,4
1692,G031,7924,1981,1
1692,G031,7925,1981,2
1692,G031,7927,1981,4
1695,G034,7910,1977,3
1695,G034,7911,1977,4
1695,G034,7912,1978,1
1696,G035,7910,1977,3
1696,G035,7911,1977,4
1703,G044,7908,1977,1
1703,G044,7909,1977,2
1703,G044,7911,1977,4
1703,G044,7912,1978,1
1703,G044,7913,1978,2
1703,G044,7915,1978,4
1703,G044,7916,1979,1
1703,G044,7917,1979,2
1703,G044,7919,1979,4
1703,G044,7920,1980,1
1703,G044,7921,1980,2
1703,G044,7923,1980,4
1703,G044,7924,1981,1
1704,G046,7911,1977,4
1704,G046,7912,1978,1
1704,G046,7913,1978,2
1704,G046,7914,1978,3
1704,G046,7915,1978,4
1704,G046,7916,1979,1
1704,G046,7917,1979,2
1704,G046,7918,1979,3
1704,G046,7919,1979,4
1704,G046,7920,1980,1
1704,G046,7921,1980,2
1704,G046,7922,1980,3
1704,G046,7923,1980,4
1704,G046,7924,1981,1
1704,G046,7925,1981,2
1705,G048,7911,1977,4
1705,G048,7912,1978,1
1705,G048,7913,1978,2
1705,G048,7914,1978,3
1710,G073,7944,1986,1
1710,G073,7945,1986,2
1710,G073,7946,1986,3
1710,G073,7947,1986,4
1710,G073,7948,1987,1
1710,G073,7949,1987,2
1710,G073,7950,1987,3
1710,G073,7951,1987,4
1710,G073,7952,1988,1
1710,G073,7953,1988,2
1710,G073,7954,1988,3
1710,G073,7956,1989,1
1710,G073,7957,1989,2
1710,G073,7958,1989,3
1710,G073,7959,1989,4
1710,G073,7960,1990,1
1710,G073,7962,1990,3
1710,G073,7963,1990,4
1710,G073,7964,1991,1
1710,G073,7966,1991,3
1710,G073,7968,1992,1
1710,G073,7969,1992,2
1710,G073,7970,1992,3
1710,G073,7971,1992,4
1710,G073,7972,1993,1
1710,G073,7973,1993,2
1710,G073,7974,1993,3
1710,G073,7976,1994,1
1710,G073,7977,1994,2
1710,G073,7978,1994,3
1710,G073,7980,1995,1
1710,G073,7981,1995,2
1710,G073,7982,1995,3
1710,G073,7983,1995,4
1710,G073,7984,1996,1
1712,GX002,7905,1976,2
1712,GX002,7906,1976,3
1712,GX002,7907,1976,4
1712,GX002,7908,1977,1
1719,H001,7919,1979,4
1719,H001,7920,1980,1
1719,H001,7921,1980,2
1719,H001,7923,1980,4
1719,H001,7924,1981,1
1719,H001,7925,1981,2
1721,H003,7981,1995,2
1721,H003,7982,1995,3
1721,H003,7983,1995,4
1721,H003,7984,1996,1
1721,H003,7985,1996,2
1721,H003,7986,1996,3
1721,H003,7987,1996,4
1721,H003,7988,1997,1
1721,H003,7989,1997,2
1721,H003,7990,1997,3
1721,H003,7991,1997,4
1721,H003,7992,1998,1
1721,H003,7993,1998,2
1721,H003,7994,1998,3
1721,H003,7995,1998,4
1721,H003,7996,1999,1
1721,H003,7997,1999,2
1721,H003,7998,1999,3
1721,H003,7999,1999,4
1721,H003,8000,2000,1
1721,H003,8001,2000,2
1721,H003,8002,2000,3
1721,H003,8003,2000,4
1721,H003,8004,2001,1
1721,H003,8005,2001,2
1723,H005,7981,1995,2
1724,H006,7981,1995,2
1724,H006,7983,1995,4
1724,H006,7984,1996,1
1724,H006,7985,1996,2
1724,H006,7988,1997,1
1724,H006,7989,1997,2
1726,H008,7983,1995,4
1726,H008,7989,1997,2
1726,H008,7990,1997,3
1726,H008,7992,1998,1
1726,H008,7995,1998,4
1726,H008,7996,1999,1
1732,H014,7983,1995,4
1732,H014,7985,1996,2
1732,H014,7986,1996,3
1732,H014,7987,1996,4
1732,H014,7988,1997,1
1732,H014,7989,1997,2
1732,H014,7990,1997,3
1732,H014,7991,1997,4
1732,H014,7992,1998,1
1732,H014,7995,1998,4
1732,H014,7996,1999,1
1732,H014,7997,1999,2
1732,H014,8000,2000,1
1732,H014,8001,2000,2
1732,H014,8003,2000,4
1732,H014,8004,2001,1
1732,H014,8005,2001,2
1732,H014,8007,2001,4
1732,H014,8008,2002,1
1732,H014,8009,2002,2
1733,H015,7983,1995,4
1733,H015,7984,1996,1
1733,H015,7987,1996,4
1733,H015,7990,1997,3
1733,H015,7991,1997,4
1733,H015,7992,1998,1
1733,H015,7993,1998,2
1733,H015,7995,1998,4
1733,H015,7996,1999,1
1733,H015,7999,1999,4
1733,H015,8000,2000,1
1733,H015,8001,2000,2
1733,H015,8002,2000,3
1733,H015,8003,2000,4
1733,H015,8004,2001,1
1733,H015,8005,2001,2
1733,H015,8007,2001,4
1733,H015,8008,2002,1
1734,H016,7983,1995,4
1734,H016,7989,1997,2
1737,H019,7982,1995,3
1737,H019,7984,1996,1
1737,H019,7985,1996,2
1738,H020,7983,1995,4
1738,H020,7987,1996,4
1738,H020,7988,1997,1
1738,H020,7989,1997,2
1745,H027,7983,1995,4
1745,H027,7988,1997,1
1745,H027,7992,1998,1
1745,H027,7996,1999,1
1745,H027,7998,1999,3
1745,H027,7999,1999,4
1745,H027,8000,2000,1
1745,H027,8001,2000,2
1745,H027,8004,2001,1
1745,H027,8008,2002,1
1745,H027,8009,2002,2
1745,H027,8012,2003,1
1745,H027,8013,2003,2
1745,H027,8016,2004,1
1745,H027,8018,2004,3
1745,H027,8019,2004,4
1745,H027,8020,2005,1
1745,H027,8023,2005,4
1745,H027,8024,2006,1
1745,H027,8028,2007,1
1745,H027,8029,2007,2
1746,H028,7983,1995,4
1746,H028,7985,1996,2
1746,H028,7987,1996,4
1746,H028,7988,1997,1
1746,H028,7989,1997,2
1746,H028,7990,1997,3
1746,H028,7991,1997,4
1746,H028,7993,1998,2
1746,H028,7997,1999,2
1746,H028,7999,1999,4
1747,H029,7983,1995,4
1747,H029,7988,1997,1
1747,H029,7989,1997,2
1747,H029,7990,1997,3
1747,H029,7991,1997,4
1747,H029,7992,1998,1
1747,H029,7994,1998,3
1747,H029,7995,1998,4
1747,H029,7996,1999,1
1749,H031,7983,1995,4
1749,H031,7986,1996,3
1749,H031,7987,1996,4
1749,H031,7988,1997,1
1749,H031,7989,1997,2
1749,H031,7991,1997,4
1749,H031,7992,1998,1
1749,H031,7993,1998,2
1749,H031,7995,1998,4
1749,H031,7996,1999,1
1749,H031,7997,1999,2
1749,H031,7998,1999,3
1750,H032,7983,1995,4
1750,H032,7985,1996,2
1750,H032,7986,1996,3
1750,H032,7987,1996,4
1750,H032,7989,1997,2
1750,H032,7991,1997,4
1750,H032,7992,1998,1
1750,H032,7993,1998,2
1751,H033,7983,1995,4
1751,H033,7987,1996,4
1756,H038,7983,1995,4
1757,H039,7983,1995,4
1758,H040,7982,1995,3
1758,H040,7984,1996,1
1758,H040,7985,1996,2
1758,H040,7987,1996,4
1758,H040,7988,1997,1
1758,H040,7989,1997,2
1759,H041,7985,1996,2
1759,H041,7987,1996,4
1761,H043,7985,1996,2
1761,H043,7988,1997,1
1761,H043,7992,1998,1
1761,H043,7996,1999,1
1761,H043,8000,2000,1
1761,H043,8004,2001,1
1761,H043,8005,2001,2
1761,H043,8008,2002,1
1761,H043,8016,2004,1
1761,H043,8020,2005,1
1762,H044,7985,1996,2
1762,H044,7987,1996,4
1762,H044,7988,1997,1
1762,H044,7992,1998,1
1762,H044,7996,1999,1
1762,H044,7997,1999,2
1762,H044,8000,2000,1
1762,H044,8002,2000,3
1764,H046,7985,1996,2
1764,H046,7987,1996,4
1764,H046,7988,1997,1
1764,H046,7989,1997,2
1764,H046,7991,1997,4
1764,H046,7992,1998,1
1764,H046,7993,1998,2
1764,H046,7995,1998,4
1764,H046,7996,1999,1
1764,H046,7998,1999,3
1764,H046,8000,2000,1
1764,H046,8001,2000,2
1764,H046,8002,2000,3
1764,H046,8003,2000,4
1764,H046,8004,2001,1
1764,H046,8005,2001,2
1765,H047,7984,1996,1
1765,H047,7985,1996,2
1765,H047,7987,1996,4
1765,H047,7988,1997,1
1765,H047,7989,1997,2
1765,H047,7991,1997,4
1765,H047,7993,1998,2
1769,H051,7985,1996,2
1769,H051,7986,1996,3
1769,H051,7989,1997,2
1769,H051,7992,1998,1
1769,H051,7993,1998,2
1769,H051,7995,1998,4
1769,H051,7996,1999,1
1769,H051,7997,1999,2
1769,H051,7999,1999,4
1769,H051,8000,2000,1
1769,H051,8001,2000,2
1769,H051,8003,2000,4
1769,H051,8004,2001,1
1769,H051,8005,2001,2
1769,H051,8007,2001,4
1769,H051,8008,2002,1
1769,H051,8009,2002,2
1769,H051,8010,2002,3
1769,H051,8011,2002,4
1769,H051,8012,2003,1
1771,H053,7985,1996,2
1771,H053,7989,1997,2
1771,H053,7991,1997,4
1771,H053,7992,1998,1
1771,H053,7993,1998,2
1771,H053,7995,1998,4
1771,H053,7996,1999,1
1771,H053,7997,1999,2
1772,H054,7985,1996,2
1772,H054,7988,1997,1
1772,H054,7989,1997,2
1772,H054,7992,1998,1
1772,H054,7993,1998,2
1772,H054,7995,1998,4
1772,H054,7996,1999,1
1772,H054,7997,1999,2
1772,H054,7998,1999,3
1772,H054,7999,1999,4
1772,H054,8000,2000,1
1772,H054,8001,2000,2
1772,H054,8002,2000,3
1772,H054,8003,2000,4
1772,H054,8004,2001,1
1772,H054,8006,2001,3
1772,H054,8007,2001,4
1772,H054,8008,2002,1
1772,H054,8009,2002,2
1773,H055,7983,1995,4
1773,H055,7985,1996,2
1773,H055,7986,1996,3
1773,H055,7989,1997,2
1775,H057,7983,1995,4
1775,H057,7984,1996,1
1775,H057,7985,1996,2
1775,H057,7987,1996,4
1775,H057,7988,1997,1
1775,H057,7989,1997,2
1775,H057,7991,1997,4
1775,H057,7992,1998,1
1775,H057,7993,1998,2
1775,H057,7994,1998,3
1775,H057,7995,1998,4
1775,H057,7996,1999,1
1775,H057,7997,1999,2
1775,H057,7998,1999,3
1775,H057,7999,1999,4
1775,H057,8000,2000,1
1775,H057,8001,2000,2
1775,H057,8003,2000,4
1775,H057,8004,2001,1
1775,H057,8006,2001,3
1775,H057,8007,2001,4
1775,H057,8008,2002,1
1775,H057,8009,2002,2
1775,H057,8011,2002,4
1775,H057,8012,2003,1
1775,H057,8014,2003,3
1775,H057,8015,2003,4
1775,H057,8016,2004,1
1775,H057,8017,2004,2
1775,H057,8018,2004,3
1775,H057,8019,2004,4
1775,H057,8020,2005,1
1777,H059,7983,1995,4
1778,H060,7984,1996,1
1778,H060,7985,1996,2
1779,H061,7983,1995,4
1779,H061,7985,1996,2
1779,H061,7988,1997,1
1779,H061,7989,1997,2
1779,H061,7992,1998,1
1779,H061,7993,1998,2
1779,H061,7996,1999,1
1779,H061,7997,1999,2
1779,H061,7999,1999,4
1779,H061,8000,2000,1
1779,H061,8001,2000,2
1779,H061,8003,2000,4
1779,H061,8004,2001,1
1779,H061,8007,2001,4
1779,H061,8008,2002,1
1779,H061,8009,2002,2
1779,H061,8011,2002,4
1779,H061,8012,2003,1
1779,H061,8013,2003,2
1779,H061,8014,2003,3
1779,H061,8015,2003,4
1779,H061,8016,2004,1
1779,H061,8017,2004,2
1779,H061,8018,2004,3
1779,H061,8019,2004,4
1779,H061,8020,2005,1
1779,H061,8022,2005,3
1779,H061,8023,2005,4
1779,H061,8024,2006,1
1779,H061,8025,2006,2
1779,H061,8026,2006,3
1780,H062,7985,1996,2
1780,H062,7988,1997,1
1780,H062,7989,1997,2
1781,H063,7984,1996,1
1781,H063,7985,1996,2
1781,H063,7986,1996,3
1781,H063,7987,1996,4
1781,H063,7989,1997,2
1781,H063,7992,1998,1
1781,H063,7994,1998,3
1781,H063,7995,1998,4
1781,H063,7997,1999,2
1781,H063,7998,1999,3
1781,H063,8000,2000,1
1781,H063,8001,2000,2
1781,H063,8002,2000,3
1781,H063,8003,2000,4
1781,H063,8004,2001,1
1781,H063,8007,2001,4
1781,H063,8009,2002,2
1781,H063,8010,2002,3
1781,H063,8012,2003,1
1781,H063,8014,2003,3
1781,H063,8016,2004,1
1781,H063,8017,2004,2
1781,H063,8019,2004,4
1782,H064,7984,1996,1
1782,H064,7985,1996,2
1783,H065,7983,1995,4
1784,H066,7983,1995,4
1784,H066,7987,1996,4
1784,H066,7990,1997,3
1784,H066,7992,1998,1
1784,H066,7993,1998,2
1784,H066,7994,1998,3
1784,H066,7995,1998,4
1784,H066,7996,1999,1
1784,H066,7997,1999,2
1784,H066,7998,1999,3
1785,H067,7983,1995,4
1785,H067,7985,1996,2
1785,H067,7987,1996,4
1785,H067,7988,1997,1
1785,H067,7989,1997,2
1787,H069,7983,1995,4
1787,H069,7984,1996,1
1787,H069,7985,1996,2
1787,H069,7987,1996,4
1787,H069,7988,1997,1
1787,H069,7989,1997,2
1787,H069,7990,1997,3
1787,H069,7991,1997,4
1787,H069,7992,1998,1
1787,H069,7995,1998,4
1787,H069,7996,1999,1
1787,H069,8000,2000,1
1787,H069,8004,2001,1
1787,H069,8008,2002,1
1787,H069,8010,2002,3
1787,H069,8012,2003,1
1787,H069,8013,2003,2
1787,H069,8014,2003,3
1787,H069,8016,2004,1
1787,H069,8020,2005,1
1787,H069,8021,2005,2
1787,H069,8023,2005,4
1787,H069,8024,2006,1
1788,H070,7984,1996,1
1788,H070,7985,1996,2
1788,H070,7988,1997,1
1788,H070,7989,1997,2
1788,H070,7991,1997,4
1788,H070,7992,1998,1
1789,H071,7985,1996,2
1789,H071,7987,1996,4
1794,H076,7985,1996,2
1795,H077,7985,1996,2
1795,H077,7987,1996,4
1795,H077,7988,1997,1
1795,H077,7989,1997,2
1795,H077,7991,1997,4
1795,H077,7992,1998,1
1795,H077,7993,1998,2
1796,H078,7984,1996,1
1796,H078,7985,1996,2
1796,H078,7987,1996,4
1796,H078,7989,1997,2
1798,I002,8009,2002,2
1798,I002,8010,2002,3
1798,I002,8011,2002,4
1798,I002,8012,2003,1
1798,I002,8013,2003,2
1798,I002,8014,2003,3
1798,I002,8016,2004,1
1798,I002,8017,2004,2
1800,I004,8012,2003,1
1803,I007,8016,2004,1
1803,I007,8017,2004,2
1803,I007,8018,2004,3
1803,I007,8020,2005,1
1803,I007,8022,2005,3
1803,I007,8027,2006,4
1803,I007,8028,2007,1
1804,I008,8010,2002,3
1804,I008,8013,2003,2
1804,I008,8014,2003,3
1804,I008,8016,2004,1
1804,I008,8020,2005,1
1804,I008,8023,2005,4
1804,I008,8024,2006,1
1804,I008,8025,2006,2
1804,I008,8028,2007,1
1804,I008,8029,2007,2
1804,I008,8032,2008,1
1804,I008,8033,2008,2
1804,I008,8036,2009,1
1804,I008,8039,2009,4
1804,I008,8040,2010,1
1804,I008,8044,2011,1
1804,I008,8047,2011,4
1804,I008,8048,2012,1
1805,I009,8012,2003,1
1805,I009,8013,2003,2
1805,I009,8014,2003,3
1807,I011,8011,2002,4
1808,I012,8012,2003,1
1810,I014,8010,2002,3
1810,I014,8012,2003,1
1810,I014,8016,2004,1
1812,I016,8012,2003,1
1812,I016,8014,2003,3
1812,I016,8016,2004,1
1812,I016,8017,2004,2
1812,I016,8019,2004,4
1812,I016,8020,2005,1
1812,I016,8021,2005,2
1812,I016,8022,2005,3
1812,I016,8023,2005,4
1812,I016,8024,2006,1
1812,I016,8025,2006,2
1812,I016,8026,2006,3
1813,I017,8012,2003,1
1814,I018,8012,2003,1
1814,I018,8013,2003,2
1814,I018,8014,2003,3
1815,I019,8011,2002,4
1815,I019,8013,2003,2
1815,I019,8014,2003,3
1815,I019,8016,2004,1
1815,I019,8018,2004,3
1815,I019,8020,2005,1
1815,I019,8021,2005,2
1815,I019,8022,2005,3
1815,I019,8023,2005,4
1815,I019,8024,2006,1
1815,I019,8025,2006,2
1815,I019,8028,2007,1
1815,I019,8030,2007,3
1815,I019,8031,2007,4
1815,I019,8032,2008,1
1816,I020,8013,2003,2
1816,I020,8014,2003,3
1816,I020,8015,2003,4
1816,I020,8016,2004,1
1818,I022,8016,2004,1
1820,I024,8010,2002,3
1820,I024,8011,2002,4
1820,I024,8012,2003,1
1820,I024,8013,2003,2
1820,I024,8015,2003,4
1820,I024,8016,2004,1
1823,I027,8013,2003,2
1823,I027,8014,2003,3
1823,I027,8015,2003,4
1823,I027,8016,2004,1
1823,I027,8018,2004,3
1826,I030,8015,2003,4
1826,I030,8017,2004,2
1831,I035,8012,2003,1
1831,I035,8015,2003,4
1831,I035,8016,2004,1
1831,I035,8017,2004,2
1831,I035,8019,2004,4
1831,I035,8020,2005,1
1831,I035,8024,2006,1
1831,I035,8026,2006,3
1831,I035,8027,2006,4
1831,I035,8028,2007,1
1831,I035,8030,2007,3
1831,I035,8032,2008,1
1831,I035,8033,2008,2
1831,I035,8034,2008,3
1831,I035,8035,2008,4
1831,I035,8036,2009,1
1831,I035,8038,2009,3
1831,I035,8040,2010,1
1833,I037,8012,2003,1
1836,I040,8012,2003,1
1838,I042,8012,2003,1
1838,I042,8016,2004,1
1839,I043,8011,2002,4
1841,I045,8012,2003,1
1841,I045,8016,2004,1
1841,I045,8017,2004,2
1841,I045,8018,2004,3
1841,I045,8019,2004,4
1841,I045,8020,2005,1
1841,I045,8021,2005,2
1841,I045,8023,2005,4
1841,I045,8024,2006,1
1841,I045,8025,2006,2
1843,I047,8012,2003,1
1844,I048,8012,2003,1
1845,I049,8011,2002,4
1845,I049,8012,2003,1
1845,I049,8013,2003,2
1845,I049,8014,2003,3
1845,I049,8015,2003,4
1845,I049,8016,2004,1
1845,I049,8017,2004,2
1848,I052,8013,2003,2
1848,I052,8014,2003,3
1848,I052,8015,2003,4
1848,I052,8016,2004,1
1848,I052,8017,2004,2
1848,I052,8018,2004,3
1848,I052,8019,2004,4
1848,I052,8020,2005,1
1851,J003,7996,1999,1
1851,J003,7999,1999,4
1851,J003,8000,2000,1
1851,J003,8002,2000,3
1851,J003,8004,2001,1
1851,J003,8005,2001,2
1851,J003,8008,2002,1
1851,J003,8010,2002,3
1851,J003,8011,2002,4
1851,J003,8012,2003,1
1853,J005,7997,1999,2
1853,J005,7999,1999,4
1853,J005,8001,2000,2
1853,J005,8002,2000,3
1853,J005,8003,2000,4
1853,J005,8004,2001,1
1853,J005,8005,2001,2
1853,J005,8006,2001,3
1854,J006,7994,1998,3
1854,J006,7995,1998,4
1855,J007,7996,1999,1
1856,J008,7996,1999,1
1856,J008,7997,1999,2
1856,J008,8000,2000,1
1856,J008,8001,2000,2
1856,J008,8002,2000,3
1856,J008,8003,2000,4
1856,J008,8004,2001,1
1856,J008,8005,2001,2
1858,J010,7997,1999,2
1858,J010,7999,1999,4
1858,J010,8000,2000,1
1860,J012,8000,2000,1
1861,J013,7995,1998,4
1861,J013,7997,1999,2
1861,J013,7999,1999,4
1861,J013,8000,2000,1
1861,J013,8001,2000,2
1861,J013,8002,2000,3
1861,J013,8003,2000,4
1861,J013,8004,2001,1
1861,J013,8005,2001,2
1861,J013,8006,2001,3
1861,J013,8008,2002,1
1862,J014,7994,1998,3
1863,J015,7999,1999,4
1863,J015,8000,2000,1
1863,J015,8003,2000,4
1863,J015,8004,2001,1
1863,J015,8005,2001,2
1863,J015,8007,2001,4
1863,J015,8008,2002,1
1863,J015,8010,2002,3
1863,J015,8011,2002,4
1863,J015,8012,2003,1
1863,J015,8014,2003,3
1863,J015,8015,2003,4
1863,J015,8016,2004,1
1863,J015,8017,2004,2
1863,J015,8020,2005,1
1865,J017,7999,1999,4
1865,J017,8000,2000,1
1865,J017,8001,2000,2
1865,J017,8004,2001,1
1865,J017,8005,2001,2
1865,J017,8007,2001,4
1865,J017,8008,2002,1
1865,J017,8009,2002,2
1865,J017,8011,2002,4
1865,J017,8012,2003,1
1867,J019,7995,1998,4
1868,J020,7995,1998,4
1868,J020,7996,1999,1
1869,J021,7994,1998,3
1869,J021,7996,1999,1
1870,J022,7994,1998,3
1870,J022,7998,1999,3
1870,J022,7999,1999,4
1870,J022,8000,2000,1
1870,J022,8001,2000,2
1870,J022,8003,2000,4
1870,J022,8004,2001,1
1870,J022,8005,2001,2
1871,J023,7997,1999,2
1871,J023,8000,2000,1
1871,J023,8003,2000,4
1871,J023,8004,2001,1
1871,J023,8005,2001,2
1874,J026,7995,1998,4
1876,J028,7999,1999,4
1876,J028,8000,2000,1
1876,J028,8002,2000,3
1876,J028,8003,2000,4
1876,J028,8004,2001,1
1877,J029,8000,2000,1
1877,J029,8002,2000,3
1877,J029,8004,2001,1
1877,J029,8005,2001,2
1877,J029,8006,2001,3
1881,J033,8000,2000,1
1881,J033,8001,2000,2
1881,J033,8002,2000,3
1882,J034,8000,2000,1
1882,J034,8001,2000,2
1882,J034,8003,2000,4
1882,J034,8004,2001,1
1882,J034,8005,2001,2
1882,J034,8007,2001,4
1882,J034,8008,2002,1
1882,J034,8009,2002,2
1883,J035,7998,1999,3
1883,J035,8000,2000,1
1883,J035,8001,2000,2
1883,J035,8003,2000,4
1883,J035,8004,2001,1
1883,J035,8005,2001,2
1883,J035,8008,2002,1
1883,J035,8009,2002,2
1883,J035,8011,2002,4
1883,J035,8012,2003,1
1883,J035,8013,2003,2
1885,J037,7995,1998,4
1885,J037,7996,1999,1
1885,J037,7999,1999,4
1885,J037,8000,2000,1
1885,J037,8002,2000,3
1885,J037,8003,2000,4
1885,J037,8004,2001,1
1885,J037,8006,2001,3
1885,J037,8008,2002,1
1887,J039,8004,2001,1
1888,J040,7996,1999,1
1888,J040,8000,2000,1
1888,J040,8004,2001,1
1889,J041,7994,1998,3
1889,J041,7995,1998,4
1889,J041,7999,1999,4
1889,J041,8000,2000,1
1890,J042,7996,1999,1
1890,J042,7999,1999,4
1890,J042,8000,2000,1
1890,J042,8003,2000,4
1890,J042,8004,2001,1
1892,J044,7995,1998,4
1892,J044,7996,1999,1
1892,J044,7997,1999,2
1892,J044,7998,1999,3
1892,J044,7999,1999,4
1892,J044,8000,2000,1
1892,J044,8001,2000,2
1892,J044,8003,2000,4
1892,J044,8004,2001,1
1892,J044,8005,2001,2
1892,J044,8006,2001,3
1892,J044,8007,2001,4
1892,J044,8008,2002,1
1892,J044,8009,2002,2
1892,J044,8010,2002,3
1892,J044,8011,2002,4
1892,J044,8012,2003,1
1892,J044,8013,2003,2
1897,J049,7997,1999,2
1898,J050,7995,1998,4
1898,J050,7996,1999,1
1898,J050,7997,1999,2
1898,J050,7999,1999,4
1898,J050,8001,2000,2
1899,J051,7997,1999,2
1899,J051,8000,2000,1
1899,J051,8001,2000,2
1901,J053,7994,1998,3
1901,J053,7996,1999,1
1901,J053,7997,1999,2
1901,J053,8001,2000,2
1901,J053,8004,2001,1
1901,J053,8007,2001,4
1901,J053,8008,2002,1
1901,J053,8009,2002,2
1902,J054,7997,1999,2
1902,J054,8000,2000,1
1902,J054,8001,2000,2
1902,J054,8002,2000,3
1902,J054,8003,2000,4
1902,J054,8004,2001,1
1902,J054,8007,2001,4
1902,J054,8008,2002,1
1902,J054,8009,2002,2
1902,J054,8010,2002,3
1902,J054,8011,2002,4
1902,J054,8012,2003,1
1902,J054,8013,2003,2
1902,J054,8014,2003,3
1902,J054,8015,2003,4
1902,J054,8016,2004,1
1902,J054,8017,2004,2
1902,J054,8019,2004,4
1902,J054,8020,2005,1
1902,J054,8022,2005,3
1902,J054,8023,2005,4
1902,J054,8024,2006,1
1902,J054,8025,2006,2
1902,J054,8026,2006,3
1902,J054,8027,2006,4
1902,J054,8028,2007,1
1902,J054,8029,2007,2
1902,J054,8030,2007,3
1902,J054,8031,2007,4
1902,J054,8032,2008,1
1903,J055,7994,1998,3
1903,J055,7995,1998,4
1903,J055,7996,1999,1
1903,J055,7997,1999,2
1904,J056,7994,1998,3
1904,J056,7995,1998,4
1904,J056,7997,1999,2
1904,J056,7999,1999,4
1904,J056,8000,2000,1
1904,J056,8001,2000,2
1904,J056,8002,2000,3
1904,J056,8004,2001,1
1904,J056,8005,2001,2
1904,J056,8007,2001,4
1904,J056,8009,2002,2
1904,J056,8010,2002,3
1904,J056,8011,2002,4
1904,J056,8013,2003,2
1904,J056,8014,2003,3
1904,J056,8015,2003,4
1904,J056,8016,2004,1
1904,J056,8017,2004,2
1904,J056,8018,2004,3
1906,J058,7995,1998,4
1906,J058,7997,1999,2
1906,J058,8000,2000,1
1906,J058,8001,2000,2
1906,J058,8004,2001,1
1906,J058,8005,2001,2
1906,J058,8007,2001,4
1906,J058,8008,2002,1
1906,J058,8009,2002,2
1906,J058,8011,2002,4
1906,J058,8012,2003,1
1906,J058,8013,2003,2
1906,J058,8014,2003,3
1906,J058,8016,2004,1
1906,J058,8017,2004,2
1906,J058,8018,2004,3
1908,J060,7995,1998,4
1908,J060,7997,1999,2
1908,J060,7999,1999,4
1908,J060,8000,2000,1
1908,J060,8001,2000,2
1908,J060,8002,2000,3
1908,J060,8003,2000,4
1908,J060,8004,2001,1
1908,J060,8005,2001,2
1908,J060,8006,2001,3
1908,J060,8007,2001,4
1908,J060,8008,2002,1
1908,J060,8009,2002,2
1908,J060,8010,2002,3
1908,J060,8011,2002,4
1908,J060,8012,2003,1
1908,J060,8014,2003,3
1908,J060,8015,2003,4
1908,J060,8016,2004,1
1908,J060,8017,2004,2
1910,J062,7995,1998,4
1910,J062,7997,1999,2
1910,J062,8001,2000,2
1910,J062,8004,2001,1
1911,J063,7997,1999,2
1911,J063,8001,2000,2
1911,J063,8004,2001,1
1911,J063,8007,2001,4
1911,J063,8008,2002,1
1911,J063,8009,2002,2
1911,J063,8010,2002,3
1911,J063,8013,2003,2
1912,J064,7995,1998,4
1912,J064,7996,1999,1
1912,J064,7997,1999,2
1913,J065,7997,1999,2
1914,J066,7997,1999,2
1915,J067,7995,1998,4
1915,J067,7996,1999,1
1915,J067,7997,1999,2
1915,J067,7999,1999,4
1915,J067,8000,2000,1
1915,J067,8001,2000,2
1915,J067,8002,2000,3
1915,J067,8004,2001,1
1916,J068,7995,1998,4
1916,J068,7996,1999,1
1916,J068,7997,1999,2
1916,J068,8001,2000,2
1916,J068,8007,2001,4
1917,J069,7995,1998,4
1917,J069,7996,1999,1
1917,J069,7997,1999,2
1917,J069,7999,1999,4
1917,J069,8001,2000,2
1917,J069,8003,2000,4
1917,J069,8004,2001,1
1917,J069,8007,2001,4
1917,J069,8008,2002,1
1917,J069,8009,2002,2
1918,J070,7997,1999,2
1918,J070,8000,2000,1
1918,J070,8001,2000,2
1918,J070,8003,2000,4
1918,J070,8004,2001,1
1918,J070,8007,2001,4
1919,J071,7997,1999,2
1919,J071,8001,2000,2
1919,J071,8003,2000,4
1919,J071,8005,2001,2
1919,J071,8007,2001,4
1919,J071,8009,2002,2
1920,J072,7996,1999,1
1920,J072,7997,1999,2
1922,J074,7996,1999,1
1924,J076,7995,1998,4
1926,J078,7999,1999,4
1926,J078,8000,2000,1
1926,J078,8001,2000,2
1926,J078,8002,2000,3
1926,J078,8003,2000,4
1926,J078,8004,2001,1
1926,J078,8005,2001,2
1927,J079,7995,1998,4
1927,J079,7999,1999,4
1927,J079,8000,2000,1
1927,J079,8001,2000,2
1927,J079,8003,2000,4
1927,J079,8004,2001,1
1927,J079,8005,2001,2
1927,J079,8006,2001,3
1927,J079,8007,2001,4
1927,J079,8008,2002,1
1928,J080,7999,1999,4
1928,J080,8001,2000,2
1928,J080,8003,2000,4
1928,J080,8007,2001,4
1930,J082,7995,1998,4
1930,J082,7996,1999,1
1931,J083,7996,1999,1
1931,J083,8001,2000,2
1931,J083,8003,2000,4
1931,J083,8004,2001,1
1931,J083,8008,2002,1
1931,J083,8009,2002,2
1931,J083,8010,2002,3
1931,J083,8011,2002,4
1931,J083,8013,2003,2
1931,J083,8014,2003,3
1931,J083,8016,2004,1
1932,J084,7995,1998,4
1933,J085,7995,1998,4
1933,J085,7996,1999,1
1933,J085,7997,1999,2
1933,J085,7999,1999,4
1933,J085,8000,2000,1
1933,J085,8001,2000,2
1933,J085,8002,2000,3
1933,J085,8004,2001,1
1933,J085,8005,2001,2
1933,J085,8006,2001,3
1935,J087,7996,1999,1
1935,J087,7999,1999,4
1935,J087,8000,2000,1
1935,J087,8003,2000,4
1935,J087,8004,2001,1
1935,J087,8005,2001,2
1935,J087,8006,2001,3
1935,J087,8007,2001,4
1935,J087,8008,2002,1
1935,J087,8011,2002,4
1935,J087,8012,2003,1
1935,J087,8015,2003,4
1935,J087,8016,2004,1
1935,J087,8017,2004,2
1935,J087,8019,2004,4
1935,J087,8020,2005,1
1935,J087,8021,2005,2
1936,J088,8001,2000,2
1938,J090,7997,1999,2
1938,J090,8001,2000,2
1939,J091,7995,1998,4
1939,J091,7996,1999,1
1939,J091,7997,1999,2
1939,J091,8000,2000,1
1939,J091,8001,2000,2
1939,J091,8003,2000,4
1939,J091,8004,2001,1
1939,J091,8005,2001,2
1939,J091,8006,2001,3
1939,J091,8007,2001,4
1939,J091,8008,2002,1
1939,J091,8009,2002,2
1939,J091,8011,2002,4
1939,J091,8012,2003,1
1939,J091,8013,2003,2
1939,J091,8015,2003,4
1939,J091,8016,2004,1
1939,J091,8017,2004,2
1939,J091,8018,2004,3
1939,J091,8019,2004,4
1939,J091,8020,2005,1
1939,J091,8021,2005,2
1939,J091,8022,2005,3
1939,J091,8023,2005,4
1939,J091,8024,2006,1
1939,J091,8025,2006,2
1940,J092,7995,1998,4
1940,J092,7996,1999,1
1940,J092,7997,1999,2
1941,J093,7997,1999,2
1941,J093,7998,1999,3
1941,J093,7999,1999,4
1941,J093,8000,2000,1
1941,J093,8001,2000,2
1941,J093,8002,2000,3
1941,J093,8003,2000,4
1941,J093,8004,2001,1
1941,J093,8005,2001,2
1941,J093,8006,2001,3
1941,J093,8007,2001,4
1941,J093,8008,2002,1
1941,J093,8009,2002,2
1941,J093,8010,2002,3
1941,J093,8011,2002,4
1941,J093,8012,2003,1
1941,J093,8013,2003,2
1941,J093,8014,2003,3
1941,J093,8015,2003,4
1941,J093,8016,2004,1
1941,J093,8017,2004,2
1941,J093,8019,2004,4
1941,J093,8020,2005,1
1941,J093,8021,2005,2
1942,J094,7996,1999,1
1942,J094,7998,1999,3
1942,J094,7999,1999,4
1942,J094,8000,2000,1
1942,J094,8001,2000,2
1946,J099,7998,1999,3
1946,J099,7999,1999,4
1946,J099,8001,2000,2
1946,J099,8003,2000,4
1946,J099,8004,2001,1
1946,J099,8005,2001,2
1949,K002,7952,1988,1
1949,K002,7956,1989,1
1949,K002,7960,1990,1
1949,K002,7963,1990,4
1949,K002,7964,1991,1
1949,K002,7965,1991,2
1949,K002,7966,1991,3
1949,K002,7968,1992,1
1949,K002,7969,1992,2
1949,K002,7970,1992,3
1949,K002,7972,1993,1
1949,K002,7974,1993,3
1949,K002,7975,1993,4
1949,K002,7976,1994,1
1949,K002,7980,1995,1
1949,K002,7983,1995,4
1949,K002,7984,1996,1
1949,K002,7985,1996,2
1949,K002,7988,1997,1
1949,K002,7991,1997,4
1949,K002,7992,1998,1
1951,K004,7954,1988,3
1951,K004,7955,1988,4
1951,K004,7957,1989,2
1951,K004,7959,1989,4
1951,K004,7961,1990,2
1951,K004,7963,1990,4
1951,K004,7966,1991,3
1951,K004,7967,1991,4
1951,K004,7968,1992,1
1951,K004,7969,1992,2
1951,K004,7970,1992,3
1951,K004,7972,1993,1
1951,K004,7973,1993,2
1951,K004,7975,1993,4
1951,K004,7976,1994,1
1952,K005,7951,1987,4
1952,K005,7955,1988,4
1952,K005,7961,1990,2
1952,K005,7964,1991,1
1952,K005,7965,1991,2
1952,K005,7968,1992,1
1952,K005,7970,1992,3
1952,K005,7972,1993,1
1952,K005,7973,1993,2
1952,K005,7975,1993,4
1952,K005,7979,1994,4
1952,K005,7981,1995,2
1953,K006,7950,1987,3
1953,K006,7951,1987,4
1954,K007,7955,1988,4
1954,K007,7956,1989,1
1954,K007,7958,1989,3
1954,K007,7959,1989,4
1954,K007,7960,1990,1
1954,K007,7961,1990,2
1954,K007,7964,1991,1
1954,K007,7966,1991,3
1954,K007,7967,1991,4
1954,K007,7970,1992,3
1954,K007,7975,1993,4
1954,K007,7976,1994,1
1954,K007,7979,1994,4
1954,K007,7980,1995,1
1954,K007,7981,1995,2
1956,K009,7953,1988,2
1956,K009,7954,1988,3
1958,K011,7952,1988,1
1958,K011,7954,1988,3
1958,K011,7955,1988,4
1958,K011,7956,1989,1
1958,K011,7957,1989,2
1959,K012,7955,1988,4
1959,K012,7956,1989,1
1959,K012,7960,1990,1
1962,K015,7953,1988,2
1962,K015,7954,1988,3
1962,K015,7955,1988,4
1962,K015,7956,1989,1
1962,K015,7957,1989,2
1962,K015,7958,1989,3
1964,K017,7950,1987,3
1964,K017,7960,1990,1
1964,K017,7961,1990,2
1964,K017,7962,1990,3
1964,K017,7964,1991,1
1964,K017,7966,1991,3
1964,K017,7967,1991,4
1964,K017,7968,1992,1
1964,K017,7969,1992,2
1964,K017,7970,1992,3
1964,K017,7977,1994,2
1966,K019,7950,1987,3
1966,K019,7953,1988,2
1966,K019,7954,1988,3
1966,K019,7956,1989,1
1966,K019,7959,1989,4
1966,K019,7960,1990,1
1966,K019,7961,1990,2
1966,K019,7962,1990,3
1966,K019,7963,1990,4
1966,K019,7964,1991,1
1966,K019,7966,1991,3
1966,K019,7967,1991,4
1966,K019,7968,1992,1
1966,K019,7969,1992,2
1966,K019,7970,1992,3
1966,K019,7971,1992,4
1966,K019,7972,1993,1
1967,K020,7956,1989,1
1967,K020,7960,1990,1
1967,K020,7961,1990,2
1967,K020,7962,1990,3
1967,K020,7963,1990,4
1967,K020,7964,1991,1
1967,K020,7965,1991,2
1967,K020,7966,1991,3
1967,K020,7967,1991,4
1967,K020,7968,1992,1
1967,K020,7969,1992,2
1968,K021,7950,1987,3
1968,K021,7951,1987,4
1968,K021,7952,1988,1
1970,K023,7950,1987,3
1971,K024,7951,1987,4
1971,K024,7954,1988,3
1977,K030,7950,1987,3
1977,K030,7951,1987,4
1979,K032,7950,1987,3
1979,K032,7953,1988,2
1979,K032,7955,1988,4
1979,K032,7957,1989,2
1979,K032,7959,1989,4
1979,K032,7960,1990,1
1979,K032,7961,1990,2
1979,K032,7963,1990,4
1979,K032,7964,1991,1
1979,K032,7965,1991,2
1979,K032,7967,1991,4
1979,K032,7968,1992,1
1979,K032,7969,1992,2
1979,K032,7970,1992,3
1979,K032,7971,1992,4
1979,K032,7972,1993,1
1979,K032,7973,1993,2
1979,K032,7975,1993,4
1979,K032,7976,1994,1
1979,K032,7977,1994,2
1979,K032,7979,1994,4
1979,K032,7980,1995,1
1979,K032,7981,1995,2
1979,K032,7983,1995,4
1979,K032,7984,1996,1
1979,K032,7985,1996,2
1979,K032,7987,1996,4
1979,K032,7988,1997,1
1979,K032,7989,1997,2
1979,K032,7990,1997,3
1979,K032,7992,1998,1
1979,K032,7993,1998,2
1980,K033,7950,1987,3
1980,K033,7953,1988,2
1980,K033,7954,1988,3
1980,K033,7955,1988,4
1980,K033,7956,1989,1
1980,K033,7959,1989,4
1980,K033,7960,1990,1
1980,K033,7961,1990,2
1980,K033,7963,1990,4
1980,K033,7964,1991,1
1980,K033,7965,1991,2
1980,K033,7967,1991,4
1980,K033,7968,1992,1
1980,K033,7969,1992,2
1980,K033,7970,1992,3
1980,K033,7971,1992,4
1980,K033,7972,1993,1
1980,K033,7973,1993,2
1980,K033,7974,1993,3
1980,K033,7975,1993,4
1980,K033,7976,1994,1
1980,K033,7977,1994,2
1980,K033,7979,1994,4
1980,K033,7980,1995,1
1980,K033,7981,1995,2
1980,K033,7983,1995,4
1980,K033,7984,1996,1
1980,K033,7985,1996,2
1980,K033,7986,1996,3
1980,K033,7988,1997,1
1980,K033,7989,1997,2
1980,K033,7991,1997,4
1980,K033,7992,1998,1
1980,K033,7993,1998,2
1984,K037,7950,1987,3
1984,K037,7956,1989,1
1984,K037,7959,1989,4
1984,K037,7960,1990,1
1984,K037,7962,1990,3
1984,K037,7964,1991,1
1984,K037,7965,1991,2
1984,K037,7966,1991,3
1984,K037,7967,1991,4
1984,K037,7968,1992,1
1984,K037,7969,1992,2
1984,K037,7970,1992,3
1984,K037,7972,1993,1
1985,K038,7950,1987,3
1985,K038,7957,1989,2
1985,K038,7958,1989,3
1985,K038,7959,1989,4
1985,K038,7960,1990,1
1985,K038,7964,1991,1
1985,K038,7965,1991,2
1985,K038,7967,1991,4
1986,K039,7950,1987,3
1986,K039,7954,1988,3
1986,K039,7955,1988,4
1986,K039,7957,1989,2
1986,K039,7959,1989,4
1986,K039,7961,1990,2
1986,K039,7962,1990,3
1986,K039,7964,1991,1
1986,K039,7965,1991,2
1986,K039,7966,1991,3
1986,K039,7968,1992,1
1986,K039,7970,1992,3
1986,K039,7971,1992,4
1987,K040,7950,1987,3
1987,K040,7951,1987,4
1987,K040,7952,1988,1
1987,K040,7953,1988,2
1987,K040,7954,1988,3
1987,K040,7955,1988,4
1987,K040,7956,1989,1
1987,K040,7957,1989,2
1987,K040,7958,1989,3
1987,K040,7959,1989,4
1987,K040,7960,1990,1
1987,K040,7961,1990,2
1987,K040,7962,1990,3
1987,K040,7963,1990,4
1988,K041,7950,1987,3
1989,K042,7950,1987,3
1989,K042,7951,1987,4
1989,K042,7952,1988,1
1989,K042,7954,1988,3
1989,K042,7956,1989,1
1989,K042,7957,1989,2
1989,K042,7958,1989,3
1989,K042,7959,1989,4
1989,K042,7960,1990,1
1989,K042,7961,1990,2
1989,K042,7962,1990,3
1989,K042,7963,1990,4
1989,K042,7964,1991,1
1989,K042,7965,1991,2
1989,K042,7966,1991,3
1989,K042,7967,1991,4
1989,K042,7968,1992,1
1989,K042,7970,1992,3
1989,K042,7971,1992,4
1989,K042,7972,1993,1
1989,K042,7973,1993,2
1989,K042,7974,1993,3
1989,K042,7975,1993,4
1989,K042,7976,1994,1
1989,K042,7977,1994,2
1989,K042,7979,1994,4
1989,K042,7980,1995,1
1989,K042,7981,1995,2
1989,K042,7982,1995,3
1989,K042,7983,1995,4
1989,K042,7984,1996,1
1989,K042,7985,1996,2
1990,K043,7950,1987,3
1990,K043,7954,1988,3
1990,K043,7957,1989,2
1990,K043,7960,1990,1
1990,K043,7961,1990,2
1990,K043,7963,1990,4
1990,K043,7965,1991,2
1990,K043,7966,1991,3
1990,K043,7968,1992,1
1990,K043,7971,1992,4
1990,K043,7972,1993,1
1990,K043,7973,1993,2
1990,K043,7976,1994,1
1990,K043,7977,1994,2
1991,K044,7950,1987,3
1991,K044,7951,1987,4
1991,K044,7952,1988,1
1991,K044,7955,1988,4
1991,K044,7956,1989,1
1991,K044,7957,1989,2
1991,K044,7958,1989,3
1991,K044,7959,1989,4
1991,K044,7960,1990,1
1991,K044,7961,1990,2
1991,K044,7962,1990,3
1991,K044,7963,1990,4
1991,K044,7964,1991,1
1991,K044,7965,1991,2
1991,K044,7966,1991,3
1991,K044,7967,1991,4
1991,K044,7968,1992,1
1991,K044,7969,1992,2
1991,K044,7970,1992,3
1991,K044,7971,1992,4
1991,K044,7972,1993,1
1991,K044,7973,1993,2
1992,K045,7950,1987,3
1992,K045,7951,1987,4
1992,K045,7952,1988,1
1993,K046,7950,1987,3
1993,K046,7952,1988,1
1993,K046,7953,1988,2
1993,K046,7954,1988,3
1993,K046,7955,1988,4
1993,K046,7956,1989,1
1993,K046,7957,1989,2
1993,K046,7958,1989,3
1993,K046,7960,1990,1
1993,K046,7961,1990,2
1993,K046,7963,1990,4
1993,K046,7965,1991,2
1993,K046,7968,1992,1
1993,K046,7971,1992,4
1993,K046,7972,1993,1
1993,K046,7973,1993,2
1993,K046,7975,1993,4
1993,K046,7976,1994,1
1993,K046,7977,1994,2
1994,K047,7950,1987,3
1994,K047,7951,1987,4
1994,K047,7952,1988,1
1994,K047,7953,1988,2
1994,K047,7954,1988,3
1994,K047,7955,1988,4
1994,K047,7956,1989,1
1994,K047,7957,1989,2
1994,K047,7958,1989,3
1994,K047,7959,1989,4
1994,K047,7960,1990,1
1994,K047,7961,1990,2
1994,K047,7962,1990,3
1994,K047,7963,1990,4
1994,K047,7964,1991,1
1994,K047,7965,1991,2
1994,K047,7966,1991,3
1995,K048,7952,1988,1
1995,K048,7955,1988,4
1995,K048,7956,1989,1
1995,K048,7957,1989,2
1995,K048,7958,1989,3
1995,K048,7959,1989,4
1996,K049,7949,1987,2
1996,K049,7950,1987,3
1996,K049,7951,1987,4
1996,K049,7952,1988,1
1997,K050,7956,1989,1
1997,K050,7957,1989,2
1998,K051,7952,1988,1
1998,K051,7955,1988,4
1998,K051,7957,1989,2
1998,K051,7959,1989,4
1998,K051,7960,1990,1
1998,K051,7961,1990,2
1998,K051,7963,1990,4
1998,K051,7965,1991,2
1998,K051,7968,1992,1
1998,K051,7971,1992,4
1998,K051,7973,1993,2
1998,K051,7977,1994,2
1998,K051,7979,1994,4
1998,K051,7980,1995,1
1998,K051,7981,1995,2
1998,K051,7982,1995,3
1998,K051,7983,1995,4
1998,K051,7984,1996,1
1998,K051,7985,1996,2
1998,K051,7986,1996,3
1998,K051,7987,1996,4
1998,K051,7988,1997,1
1998,K051,7989,1997,2
1998,K051,7990,1997,3
1998,K051,7991,1997,4
1998,K051,7992,1998,1
1998,K051,7993,1998,2
1998,K051,7994,1998,3
1998,K051,7995,1998,4
1998,K051,7996,1999,1
1998,K051,7997,1999,2
1998,K051,7998,1999,3
1999,K052,7951,1987,4
1999,K052,7952,1988,1
1999,K052,7953,1988,2
1999,K052,7954,1988,3
1999,K052,7955,1988,4
1999,K052,7956,1989,1
1999,K052,7957,1989,2
1999,K052,7958,1989,3
1999,K052,7959,1989,4
1999,K052,7960,1990,1
1999,K052,7961,1990,2
1999,K052,7962,1990,3
1999,K052,7963,1990,4
2000,K053,7951,1987,4
2001,K054,7951,1987,4
2001,K054,7953,1988,2
2001,K054,7955,1988,4
2001,K054,7956,1989,1
2001,K054,7957,1989,2
2001,K054,7958,1989,3
2003,K056,7951,1987,4
2003,K056,7953,1988,2
2003,K056,7954,1988,3
2003,K056,7955,1988,4
2003,K056,7957,1989,2
2003,K056,7960,1990,1
2003,K056,7961,1990,2
2003,K056,7963,1990,4
2003,K056,7964,1991,1
2003,K056,7965,1991,2
2004,K057,7951,1987,4
2004,K057,7953,1988,2
2004,K057,7954,1988,3
2004,K057,7955,1988,4
2004,K057,7956,1989,1
2004,K057,7957,1989,2
2004,K057,7959,1989,4
2005,K058,7951,1987,4
2006,K059,7951,1987,4
2006,K059,7952,1988,1
2006,K059,7953,1988,2
2009,K062,7955,1988,4
2009,K062,7956,1989,1
2009,K062,7958,1989,3
2009,K062,7959,1989,4
2009,K062,7960,1990,1
2009,K062,7962,1990,3
2009,K062,7964,1991,1
2009,K062,7966,1991,3
2009,K062,7967,1991,4
2009,K062,7969,1992,2
2009,K062,7971,1992,4
2009,K062,7973,1993,2
2009,K062,7975,1993,4
2009,K062,7976,1994,1
2009,K062,7977,1994,2
2011,K064,7956,1989,1
2011,K064,7960,1990,1
2011,K064,7962,1990,3
2011,K064,7963,1990,4
2011,K064,7964,1991,1
2011,K064,7966,1991,3
2011,K064,7967,1991,4
2011,K064,7969,1992,2
2011,K064,7970,1992,3
2011,K064,7972,1993,1
2011,K064,7974,1993,3
2011,K064,7975,1993,4
2011,K064,7976,1994,1
2011,K064,7977,1994,2
2011,K064,7978,1994,3
2011,K064,7979,1994,4
2011,K064,7980,1995,1
2011,K064,7981,1995,2
2011,K064,7982,1995,3
2011,K064,7983,1995,4
2011,K064,7984,1996,1
2011,K064,7985,1996,2
2011,K064,7987,1996,4
2011,K064,7988,1997,1
2011,K064,7989,1997,2
2011,K064,7991,1997,4
2011,K064,7992,1998,1
2011,K064,7993,1998,2
2011,K064,7996,1999,1
2011,K064,7998,1999,3
2011,K064,7999,1999,4
2011,K064,8000,2000,1
2011,K064,8004,2001,1
2012,K065,7955,1988,4
2012,K065,7956,1989,1
2012,K065,7957,1989,2
2012,K065,7959,1989,4
2012,K065,7960,1990,1
2012,K065,7961,1990,2
2013,K066,7952,1988,1
2013,K066,7956,1989,1
2013,K066,7960,1990,1
2013,K066,7963,1990,4
2013,K066,7964,1991,1
2013,K066,7966,1991,3
2013,K066,7967,1991,4
2013,K066,7968,1992,1
2013,K066,7969,1992,2
2013,K066,7970,1992,3
2013,K066,7972,1993,1
2013,K066,7975,1993,4
2013,K066,7976,1994,1
2013,K066,7978,1994,3
2013,K066,7979,1994,4
2013,K066,7981,1995,2
2016,K069,7952,1988,1
2016,K069,7954,1988,3
2016,K069,7955,1988,4
2016,K069,7956,1989,1
2016,K069,7957,1989,2
2016,K069,7958,1989,3
2017,K070,7954,1988,3
2018,K071,7954,1988,3
2018,K071,7955,1988,4
2018,K071,7957,1989,2
2018,K071,7960,1990,1
2018,K071,7965,1991,2
2018,K071,7967,1991,4
2018,K071,7971,1992,4
2018,K071,7972,1993,1
2018,K071,7973,1993,2
2018,K071,7978,1994,3
2018,K071,7979,1994,4
2018,K071,7980,1995,1
2018,K071,7981,1995,2
2019,K072,7956,1989,1
2019,K072,7958,1989,3
2019,K072,7964,1991,1
2019,K072,7965,1991,2
2019,K072,7968,1992,1
2019,K072,7969,1992,2
2020,K073,7954,1988,3
2020,K073,7955,1988,4
2020,K073,7956,1989,1
2020,K073,7961,1990,2
2020,K073,7962,1990,3
2020,K073,7964,1991,1
2020,K073,7967,1991,4
2020,K073,7968,1992,1
2020,K073,7969,1992,2
2020,K073,7970,1992,3
2020,K073,7971,1992,4
2020,K073,7972,1993,1
2020,K073,7973,1993,2
2020,K073,7974,1993,3
2020,K073,7977,1994,2
2020,K073,7979,1994,4
2020,K073,7980,1995,1
2020,K073,7981,1995,2
2020,K073,7983,1995,4
2020,K073,7984,1996,1
2020,K073,7985,1996,2
2020,K073,7987,1996,4
2020,K073,7988,1997,1
2021,K074,7951,1987,4
2021,K074,7952,1988,1
2021,K074,7953,1988,2
2021,K074,7955,1988,4
2021,K074,7956,1989,1
2021,K074,7957,1989,2
2021,K074,7959,1989,4
2021,K074,7960,1990,1
2022,K075,7951,1987,4
2022,K075,7958,1989,3
2022,K075,7960,1990,1
2022,K075,7964,1991,1
2022,K075,7967,1991,4
2022,K075,7968,1992,1
2024,K077,7952,1988,1
2024,K077,7954,1988,3
2024,K077,7956,1989,1
2024,K077,7957,1989,2
2024,K077,7959,1989,4
2024,K077,7960,1990,1
2024,K077,7962,1990,3
2024,K077,7963,1990,4
2024,K077,7964,1991,1
2024,K077,7966,1991,3
2024,K077,7967,1991,4
2024,K077,7968,1992,1
2024,K077,7971,1992,4
2024,K077,7972,1993,1
2024,K077,7973,1993,2
2024,K077,7974,1993,3
2024,K077,7975,1993,4
2024,K077,7976,1994,1
2024,K077,7978,1994,3
2025,K078,7952,1988,1
2025,K078,7954,1988,3
2025,K078,7955,1988,4
2025,K078,7956,1989,1
2025,K078,7959,1989,4
2025,K078,7960,1990,1
2025,K078,7962,1990,3
2025,K078,7963,1990,4
2025,K078,7964,1991,1
2025,K078,7966,1991,3
2025,K078,7967,1991,4
2025,K078,7968,1992,1
2025,K078,7969,1992,2
2026,K079,7956,1989,1
2026,K079,7957,1989,2
2026,K079,7958,1989,3
2026,K079,7960,1990,1
2026,K079,7962,1990,3
2026,K079,7963,1990,4
2026,K079,7964,1991,1
2026,K079,7966,1991,3
2026,K079,7967,1991,4
2026,K079,7968,1992,1
2026,K079,7969,1992,2
2026,K079,7971,1992,4
2026,K079,7972,1993,1
2026,K079,7974,1993,3
2028,K081,7953,1988,2
2028,K081,7954,1988,3
2030,K083,7951,1987,4
2030,K083,7952,1988,1
2032,K085,7955,1988,4
2032,K085,7956,1989,1
2032,K085,7958,1989,3
2032,K085,7959,1989,4
2032,K085,7961,1990,2
2032,K085,7963,1990,4
2032,K085,7964,1991,1
2032,K085,7966,1991,3
2032,K085,7967,1991,4
2032,K085,7969,1992,2
2032,K085,7970,1992,3
2032,K085,7971,1992,4
2032,K085,7973,1993,2
2032,K085,7975,1993,4
2032,K085,7976,1994,1
2032,K085,7977,1994,2
2032,K085,7978,1994,3
2032,K085,7979,1994,4
2032,K085,7981,1995,2
2032,K085,7982,1995,3
2032,K085,7983,1995,4
2032,K085,7984,1996,1
2032,K085,7985,1996,2
2032,K085,7986,1996,3
2032,K085,7987,1996,4
2032,K085,7988,1997,1
2032,K085,7989,1997,2
2032,K085,7990,1997,3
2032,K085,7991,1997,4
2032,K085,7992,1998,1
2032,K085,7993,1998,2
2032,K085,7994,1998,3
2032,K085,7995,1998,4
2032,K085,7996,1999,1
2034,K087,7956,1989,1
2034,K087,7959,1989,4
2034,K087,7961,1990,2
2034,K087,7963,1990,4
2035,K088,7955,1988,4
2035,K088,7956,1989,1
2035,K088,7958,1989,3
2037,K090,7952,1988,1
2037,K090,7953,1988,2
2037,K090,7954,1988,3
2037,K090,7956,1989,1
2037,K090,7957,1989,2
2038,K091,7952,1988,1
2038,K091,7953,1988,2
2038,K091,7954,1988,3
2038,K091,7955,1988,4
2038,K091,7956,1989,1
2038,K091,7957,1989,2
2039,K092,7952,1988,1
2039,K092,7954,1988,3
2039,K092,7955,1988,4
2039,K092,7956,1989,1
2039,K092,7957,1989,2
2039,K092,7958,1989,3
2039,K092,7959,1989,4
2039,K092,7960,1990,1
2039,K092,7961,1990,2
2039,K092,7964,1991,1
2039,K092,7965,1991,2
2039,K092,7966,1991,3
2039,K092,7967,1991,4
2039,K092,7968,1992,1
2039,K092,7969,1992,2
2039,K092,7970,1992,3
2039,K092,7972,1993,1
2039,K092,7973,1993,2
2039,K092,7974,1993,3
2039,K092,7975,1993,4
2039,K092,7977,1994,2
2039,K092,7979,1994,4
2039,K092,7980,1995,1
2039,K092,7981,1995,2
2040,K093,7952,1988,1
2040,K093,7954,1988,3
2041,L001,7945,1986,2
2041,L001,7947,1986,4
2041,L001,7948,1987,1
2041,L001,7949,1987,2
2041,L001,7951,1987,4
2041,L001,7952,1988,1
2041,L001,7953,1988,2
2041,L001,7955,1988,4
2041,L001,7956,1989,1
2041,L001,7957,1989,2
2042,L002,7945,1986,2
2042,L002,7947,1986,4
2042,L002,7948,1987,1
2042,L002,7949,1987,2
2042,L002,7951,1987,4
2042,L002,7953,1988,2
2042,L002,7954,1988,3
2042,L002,7955,1988,4
2042,L002,7956,1989,1
2042,L002,7957,1989,2
2045,L005,7945,1986,2
2045,L005,7946,1986,3
2045,L005,7947,1986,4
2045,L005,7948,1987,1
2045,L005,7949,1987,2
2046,L006,7945,1986,2
2046,L006,7946,1986,3
2046,L006,7947,1986,4
2046,L006,7948,1987,1
2048,L008,7946,1986,3
2048,L008,7947,1986,4
2050,L010,7948,1987,1
2050,L010,7952,1988,1
2050,L010,7953,1988,2
2050,L010,7955,1988,4
2050,L010,7956,1989,1
2050,L010,7957,1989,2
2050,L010,7958,1989,3
2050,L010,7959,1989,4
2050,L010,7960,1990,1
2050,L010,7961,1990,2
2050,L010,7962,1990,3
2050,L010,7963,1990,4
2050,L010,7964,1991,1
2050,L010,7965,1991,2
2050,L010,7967,1991,4
2050,L010,7968,1992,1
2050,L010,7969,1992,2
2050,L010,7970,1992,3
2050,L010,7971,1992,4
2050,L010,7972,1993,1
2050,L010,7973,1993,2
2050,L010,7974,1993,3
2050,L010,7975,1993,4
2050,L010,7976,1994,1
2050,L010,7977,1994,2
2051,L011,7951,1987,4
2051,L011,7952,1988,1
2051,L011,7955,1988,4
2051,L011,7956,1989,1
2051,L011,7957,1989,2
2051,L011,7958,1989,3
2051,L011,7959,1989,4
2051,L011,7960,1990,1
2051,L011,7963,1990,4
2051,L011,7964,1991,1
2051,L011,7965,1991,2
2052,L012,7951,1987,4
2052,L012,7952,1988,1
2053,L013,7947,1986,4
2053,L013,7948,1987,1
2053,L013,7951,1987,4
2056,L016,7946,1986,3
2056,L016,7947,1986,4
2056,L016,7948,1987,1
2056,L016,7949,1987,2
2056,L016,7950,1987,3
2056,L016,7951,1987,4
2056,L016,7953,1988,2
2056,L016,7954,1988,3
2056,L016,7955,1988,4
2056,L016,7956,1989,1
2056,L016,7957,1989,2
2056,L016,7958,1989,3
2056,L016,7959,1989,4
2056,L016,7960,1990,1
2056,L016,7961,1990,2
2056,L016,7962,1990,3
2056,L016,7963,1990,4
2056,L016,7964,1991,1
2056,L016,7965,1991,2
2056,L016,7966,1991,3
2056,L016,7967,1991,4
2056,L016,7968,1992,1
2056,L016,7970,1992,3
2056,L016,7971,1992,4
2056,L016,7972,1993,1
2056,L016,7973,1993,2
2056,L016,7974,1993,3
2056,L016,7975,1993,4
2056,L016,7976,1994,1
2056,L016,7977,1994,2
2056,L016,7979,1994,4
2056,L016,7980,1995,1
2056,L016,7981,1995,2
2057,L017,7946,1986,3
2057,L017,7947,1986,4
2057,L017,7948,1987,1
2058,L018,7947,1986,4
2058,L018,7948,1987,1
2058,L018,7949,1987,2
2058,L018,7950,1987,3
2058,L018,7951,1987,4
2058,L018,7953,1988,2
2058,L018,7954,1988,3
2058,L018,7955,1988,4
2058,L018,7956,1989,1
2058,L018,7959,1989,4
2058,L018,7960,1990,1
2061,L021,7946,1986,3
2061,L021,7947,1986,4
2061,L021,7948,1987,1
2061,L021,7950,1987,3
2061,L021,7951,1987,4
2061,L021,7952,1988,1
2061,L021,7953,1988,2
2061,L021,7954,1988,3
2061,L021,7955,1988,4
2061,L021,7956,1989,1
2061,L021,7957,1989,2
2061,L021,7958,1989,3
2061,L021,7959,1989,4
2061,L021,7960,1990,1
2061,L021,7961,1990,2
2061,L021,7962,1990,3
2061,L021,7963,1990,4
2061,L021,7964,1991,1
2061,L021,7965,1991,2
2061,L021,7966,1991,3
2061,L021,7967,1991,4
2061,L021,7968,1992,1
2062,L022,7946,1986,3
2062,L022,7947,1986,4
2062,L022,7948,1987,1
2062,L022,7950,1987,3
2062,L022,7951,1987,4
2062,L022,7952,1988,1
2062,L022,7954,1988,3
2062,L022,7960,1990,1
2062,L022,7961,1990,2
2062,L022,7962,1990,3
2062,L022,7964,1991,1
2062,L022,7965,1991,2
2062,L022,7968,1992,1
2062,L022,7970,1992,3
2062,L022,7971,1992,4
2062,L022,7973,1993,2
2062,L022,7975,1993,4
2063,L023,7946,1986,3
2063,L023,7947,1986,4
2063,L023,7948,1987,1
2065,L025,7946,1986,3
2065,L025,7947,1986,4
2065,L025,7948,1987,1
2066,L026,7946,1986,3
2066,L026,7947,1986,4
2066,L026,7948,1987,1
2066,L026,7950,1987,3
2066,L026,7951,1987,4
2066,L026,7952,1988,1
2066,L026,7953,1988,2
2066,L026,7954,1988,3
2066,L026,7955,1988,4
2066,L026,7956,1989,1
2066,L026,7957,1989,2
2066,L026,7958,1989,3
2066,L026,7959,1989,4
2066,L026,7960,1990,1
2066,L026,7961,1990,2
2066,L026,7962,1990,3
2066,L026,7963,1990,4
2066,L026,7964,1991,1
2066,L026,7965,1991,2
2066,L026,7967,1991,4
2066,L026,7968,1992,1
2066,L026,7969,1992,2
2066,L026,7970,1992,3
2066,L026,7971,1992,4
2066,L026,7972,1993,1
2066,L026,7973,1993,2
2066,L026,7974,1993,3
2066,L026,7975,1993,4
2066,L026,7976,1994,1
2066,L026,7977,1994,2
2068,L028,7947,1986,4
2068,L028,7948,1987,1
2068,L028,7950,1987,3
2068,L028,7953,1988,2
2068,L028,7954,1988,3
2068,L028,7955,1988,4
2068,L028,7956,1989,1
2068,L028,7960,1990,1
2070,L030,7947,1986,4
2070,L030,7948,1987,1
2070,L030,7950,1987,3
2070,L030,7951,1987,4
2070,L030,7953,1988,2
2070,L030,7955,1988,4
2070,L030,7956,1989,1
2070,L030,7958,1989,3
2070,L030,7959,1989,4
2070,L030,7960,1990,1
2070,L030,7961,1990,2
2070,L030,7962,1990,3
2070,L030,7963,1990,4
2070,L030,7964,1991,1
2070,L030,7965,1991,2
2071,L031,7947,1986,4
2071,L031,7948,1987,1
2071,L031,7950,1987,3
2071,L031,7951,1987,4
2071,L031,7952,1988,1
2071,L031,7953,1988,2
2071,L031,7954,1988,3
2071,L031,7955,1988,4
2071,L031,7956,1989,1
2071,L031,7957,1989,2
2071,L031,7959,1989,4
2071,L031,7960,1990,1
2071,L031,7961,1990,2
2071,L031,7962,1990,3
2071,L031,7963,1990,4
2071,L031,7964,1991,1
2071,L031,7965,1991,2
2071,L031,7967,1991,4
2071,L031,7969,1992,2
2071,L031,7970,1992,3
2071,L031,7971,1992,4
2072,L032,7947,1986,4
2072,L032,7948,1987,1
2072,L032,7949,1987,2
2072,L032,7950,1987,3
2072,L032,7951,1987,4
2072,L032,7952,1988,1
2072,L032,7955,1988,4
2072,L032,7956,1989,1
2072,L032,7957,1989,2
2072,L032,7959,1989,4
2072,L032,7960,1990,1
2072,L032,7961,1990,2
2072,L032,7962,1990,3
2072,L032,7963,1990,4
2072,L032,7964,1991,1
2072,L032,7965,1991,2
2072,L032,7967,1991,4
2072,L032,7969,1992,2
2072,L032,7971,1992,4
2072,L032,7973,1993,2
2072,L032,7975,1993,4
2072,L032,7976,1994,1
2072,L032,7977,1994,2
2072,L032,7979,1994,4
2072,L032,7980,1995,1
2072,L032,7981,1995,2
2072,L032,7983,1995,4
2073,L033,7947,1986,4
2073,L033,7948,1987,1
2073,L033,7949,1987,2
2073,L033,7950,1987,3
2073,L033,7951,1987,4
2074,L034,7947,1986,4
2074,L034,7948,1987,1
2074,L034,7949,1987,2
2074,L034,7950,1987,3
2074,L034,7951,1987,4
2077,L037,7947,1986,4
2077,L037,7948,1987,1
2077,L037,7949,1987,2
2078,L038,7947,1986,4
2078,L038,7948,1987,1
2078,L038,7949,1987,2
2078,L038,7950,1987,3
2078,L038,7951,1987,4
2078,L038,7952,1988,1
2078,L038,7953,1988,2
2079,L039,7947,1986,4
2079,L039,7948,1987,1
2079,L039,7949,1987,2
2079,L039,7950,1987,3
2079,L039,7951,1987,4
2079,L039,7952,1988,1
2079,L039,7953,1988,2
2079,L039,7954,1988,3
2079,L039,7955,1988,4
2079,L039,7956,1989,1
2079,L039,7957,1989,2
2079,L039,7958,1989,3
2079,L039,7959,1989,4
2079,L039,7960,1990,1
2079,L039,7961,1990,2
2079,L039,7962,1990,3
2079,L039,7963,1990,4
2079,L039,7964,1991,1
2079,L039,7965,1991,2
2079,L039,7966,1991,3
2079,L039,7967,1991,4
2079,L039,7968,1992,1
2079,L039,7969,1992,2
2079,L039,7970,1992,3
2079,L039,7971,1992,4
2079,L039,7972,1993,1
2079,L039,7973,1993,2
2080,L040,7947,1986,4
2080,L040,7948,1987,1
2080,L040,7950,1987,3
2080,L040,7951,1987,4
2081,L041,7947,1986,4
2081,L041,7948,1987,1
2081,L041,7949,1987,2
2081,L041,7951,1987,4
2081,L041,7952,1988,1
2081,L041,7953,1988,2
2081,L041,7954,1988,3
2081,L041,7955,1988,4
2081,L041,7958,1989,3
2081,L041,7959,1989,4
2081,L041,7960,1990,1
2081,L041,7961,1990,2
2082,L042,7947,1986,4
2082,L042,7948,1987,1
2082,L042,7949,1987,2
2082,L042,7951,1987,4
2082,L042,7952,1988,1
2082,L042,7953,1988,2
2082,L042,7954,1988,3
2082,L042,7955,1988,4
2082,L042,7956,1989,1
2082,L042,7957,1989,2
2082,L042,7959,1989,4
2082,L042,7960,1990,1
2082,L042,7961,1990,2
2082,L042,7963,1990,4
2082,L042,7964,1991,1
2082,L042,7965,1991,2
2083,L043,7947,1986,4
2083,L043,7948,1987,1
2083,L043,7949,1987,2
2083,L043,7951,1987,4
2083,L043,7953,1988,2
2083,L043,7955,1988,4
2083,L043,7956,1989,1
2083,L043,7957,1989,2
2083,L043,7961,1990,2
2083,L043,7965,1991,2
2083,L043,7967,1991,4
2083,L043,7968,1992,1
2083,L043,7969,1992,2
2083,L043,7970,1992,3
2083,L043,7971,1992,4
2083,L043,7972,1993,1
2083,L043,7973,1993,2
2083,L043,7975,1993,4
2083,L043,7976,1994,1
2083,L043,7977,1994,2
2083,L043,7978,1994,3
2089,L049,7947,1986,4
2089,L049,7951,1987,4
2089,L049,7952,1988,1
2089,L049,7955,1988,4
2089,L049,7959,1989,4
2089,L049,7961,1990,2
2089,L049,7964,1991,1
2089,L049,7967,1991,4
2089,L049,7968,1992,1
2089,L049,7969,1992,2
2089,L049,7970,1992,3
2089,L049,7972,1993,1
2089,L049,7974,1993,3
2089,L049,7975,1993,4
2089,L049,7976,1994,1
2089,L049,7977,1994,2
2089,L049,7978,1994,3
2089,L049,7979,1994,4
2089,L049,7980,1995,1
2089,L049,7981,1995,2
2089,L049,7983,1995,4
2089,L049,7984,1996,1
2089,L049,7985,1996,2
2090,L050,7954,1988,3
2090,L050,7955,1988,4
2090,L050,7956,1989,1
2090,L050,7957,1989,2
2090,L050,7958,1989,3
2090,L050,7959,1989,4
2090,L050,7963,1990,4
2090,L050,7964,1991,1
2090,L050,7966,1991,3
2090,L050,7967,1991,4
2090,L050,7968,1992,1
2090,L050,7969,1992,2
2093,L053,7956,1989,1
2093,L053,7957,1989,2
2093,L053,7958,1989,3
2093,L053,7960,1990,1
2093,L053,7964,1991,1
2093,L053,7965,1991,2
2093,L053,7966,1991,3
2093,L053,7968,1992,1
2093,L053,7973,1993,2
2093,L053,7975,1993,4
2093,L053,7976,1994,1
2093,L053,7977,1994,2
2093,L053,7980,1995,1
2093,L053,7981,1995,2
2094,L054,7949,1987,2
2094,L054,7954,1988,3
2094,L054,7956,1989,1
2094,L054,7959,1989,4
2094,L054,7960,1990,1
2094,L054,7962,1990,3
2094,L054,7971,1992,4
2094,L054,7972,1993,1
2094,L054,7973,1993,2
2094,L054,7975,1993,4
2094,L054,7976,1994,1
2094,L054,7978,1994,3
2094,L054,7979,1994,4
2094,L054,7980,1995,1
2094,L054,7981,1995,2
2094,L054,7984,1996,1
2094,L054,7985,1996,2
2094,L054,7987,1996,4
2094,L054,7989,1997,2
2094,L054,7991,1997,4
2094,L054,7992,1998,1
2094,L054,7993,1998,2
2096,L056,7956,1989,1
2096,L056,7958,1989,3
2096,L056,7960,1990,1
2096,L056,7962,1990,3
2096,L056,7963,1990,4
2096,L056,7964,1991,1
2096,L056,7967,1991,4
2096,L056,7968,1992,1
2096,L056,7971,1992,4
2096,L056,7972,1993,1
2096,L056,7973,1993,2
2096,L056,7975,1993,4
2096,L056,7976,1994,1
2096,L056,7977,1994,2
2096,L056,7981,1995,2
2096,L056,7983,1995,4
2096,L056,7984,1996,1
2096,L056,7985,1996,2
2096,L056,7987,1996,4
2096,L056,7988,1997,1
2096,L056,7990,1997,3
2097,L057,7952,1988,1
2099,L059,7952,1988,1
2099,L059,7953,1988,2
2099,L059,7956,1989,1
2101,L061,7947,1986,4
2101,L061,7952,1988,1
2101,L061,7955,1988,4
2101,L061,7956,1989,1
2101,L061,7958,1989,3
2101,L061,7959,1989,4
2101,L061,7960,1990,1
2101,L061,7961,1990,2
2103,L063,7950,1987,3
2103,L063,7951,1987,4
2103,L063,7955,1988,4
2103,L063,7956,1989,1
2104,L064,7948,1987,1
2104,L064,7953,1988,2
2104,L064,7954,1988,3
2105,L065,7953,1988,2
2105,L065,7955,1988,4
2105,L065,7956,1989,1
2105,L065,7958,1989,3
2105,L065,7959,1989,4
2105,L065,7960,1990,1
2105,L065,7961,1990,2
2105,L065,7963,1990,4
2105,L065,7964,1991,1
2105,L065,7967,1991,4
2105,L065,7968,1992,1
2105,L065,7969,1992,2
2105,L065,7970,1992,3
2105,L065,7971,1992,4
2105,L065,7975,1993,4
2105,L065,7977,1994,2
2105,L065,7979,1994,4
2105,L065,7980,1995,1
2105,L065,7981,1995,2
2105,L065,7984,1996,1
2105,L065,7985,1996,2
2106,L066,7951,1987,4
2106,L066,7954,1988,3
2106,L066,7955,1988,4
2106,L066,7956,1989,1
2106,L066,7959,1989,4
2106,L066,7960,1990,1
2106,L066,7961,1990,2
2106,L066,7965,1991,2
2106,L066,7966,1991,3
2106,L066,7968,1992,1
2110,L070,7947,1986,4
2110,L070,7948,1987,1
2110,L070,7949,1987,2
2110,L070,7950,1987,3
2110,L070,7951,1987,4
2110,L070,7952,1988,1
2110,L070,7953,1988,2
2110,L070,7954,1988,3
2110,L070,7955,1988,4
2110,L070,7956,1989,1
2110,L070,7957,1989,2
2111,L071,7947,1986,4
2111,L071,7948,1987,1
2111,L071,7949,1987,2
2111,L071,7950,1987,3
2111,L071,7951,1987,4
2111,L071,7952,1988,1
2111,L071,7953,1988,2
2111,L071,7954,1988,3
2111,L071,7955,1988,4
2111,L071,7956,1989,1
2111,L071,7957,1989,2
2111,L071,7959,1989,4
2111,L071,7960,1990,1
2111,L071,7961,1990,2
2111,L071,7962,1990,3
2111,L071,7963,1990,4
2111,L071,7964,1991,1
2111,L071,7965,1991,2
2111,L071,7966,1991,3
2111,L071,7967,1991,4
2111,L071,7968,1992,1
2111,L071,7969,1992,2
2111,L071,7970,1992,3
2111,L071,7971,1992,4
2112,L072,7947,1986,4
2112,L072,7948,1987,1
2112,L072,7949,1987,2
2113,L073,7947,1986,4
2113,L073,7948,1987,1
2113,L073,7949,1987,2
2113,L073,7951,1987,4
2113,L073,7953,1988,2
2113,L073,7955,1988,4
2113,L073,7956,1989,1
2113,L073,7957,1989,2
2113,L073,7958,1989,3
2113,L073,7959,1989,4
2113,L073,7960,1990,1
2113,L073,7961,1990,2
2113,L073,7963,1990,4
2113,L073,7964,1991,1
2113,L073,7965,1991,2
2113,L073,7967,1991,4
2113,L073,7968,1992,1
2113,L073,7969,1992,2
2113,L073,7971,1992,4
2114,L074,7947,1986,4
2114,L074,7948,1987,1
2114,L074,7949,1987,2
2114,L074,7950,1987,3
2114,L074,7951,1987,4
2114,L074,7952,1988,1
2120,L080,7952,1988,1
2120,L080,7954,1988,3
2120,L080,7955,1988,4
2120,L080,7956,1989,1
2120,L080,7960,1990,1
2120,L080,7961,1990,2
2120,L080,7962,1990,3
2120,L080,7964,1991,1
2120,L080,7967,1991,4
2120,L080,7968,1992,1
2120,L080,7969,1992,2
2120,L080,7971,1992,4
2120,L080,7972,1993,1
2120,L080,7973,1993,2
2120,L080,7976,1994,1
2120,L080,7978,1994,3
2120,L080,7979,1994,4
2120,L080,7980,1995,1
2120,L080,7983,1995,4
2120,L080,7984,1996,1
2120,L080,7988,1997,1
2122,M001,7973,1993,2
2122,M001,7974,1993,3
2122,M001,7975,1993,4
2122,M001,7976,1994,1
2122,M001,7977,1994,2
2122,M001,7978,1994,3
2122,M001,7979,1994,4
2122,M001,7980,1995,1
2122,M001,7981,1995,2
2122,M001,7982,1995,3
2122,M001,7983,1995,4
2122,M001,7984,1996,1
2122,M001,7985,1996,2
2122,M001,7986,1996,3
2122,M001,7987,1996,4
2122,M001,7988,1997,1
2122,M001,7989,1997,2
2122,M001,7990,1997,3
2122,M001,7991,1997,4
2122,M001,7992,1998,1
2122,M001,7995,1998,4
2122,M001,7996,1999,1
2122,M001,8000,2000,1
2122,M001,8002,2000,3
2122,M001,8004,2001,1
2122,M001,8005,2001,2
2122,M001,8008,2002,1
2122,M001,8012,2003,1
2122,M001,8013,2003,2
2122,M001,8016,2004,1
2123,M002,7973,1993,2
2123,M002,7975,1993,4
2123,M002,7976,1994,1
2123,M002,7977,1994,2
2123,M002,7979,1994,4
2123,M002,7980,1995,1
2123,M002,7981,1995,2
2123,M002,7982,1995,3
2123,M002,7983,1995,4
2123,M002,7984,1996,1
2123,M002,7985,1996,2
2123,M002,7986,1996,3
2123,M002,7987,1996,4
2123,M002,7988,1997,1
2123,M002,7989,1997,2
2123,M002,7990,1997,3
2123,M002,7991,1997,4
2123,M002,7992,1998,1
2123,M002,7993,1998,2
2123,M002,7996,1999,1
2123,M002,7997,1999,2
2123,M002,7999,1999,4
2123,M002,8000,2000,1
2123,M002,8001,2000,2
2123,M002,8002,2000,3
2123,M002,8004,2001,1
2123,M002,8005,2001,2
2123,M002,8007,2001,4
2123,M002,8008,2002,1
2123,M002,8009,2002,2
2124,M003,7975,1993,4
2124,M003,7979,1994,4
2124,M003,7980,1995,1
2124,M003,7981,1995,2
2124,M003,7982,1995,3
2124,M003,7983,1995,4
2124,M003,7984,1996,1
2124,M003,7985,1996,2
2124,M003,7986,1996,3
2124,M003,7987,1996,4
2124,M003,7988,1997,1
2124,M003,7989,1997,2
2124,M003,7990,1997,3
2125,M004,7975,1993,4
2125,M004,7976,1994,1
2128,M007,7975,1993,4
2130,M009,7977,1994,2
2130,M009,7983,1995,4
2130,M009,7984,1996,1
2130,M009,7988,1997,1
2130,M009,7990,1997,3
2130,M009,7991,1997,4
2130,M009,7992,1998,1
2130,M009,7993,1998,2
2131,M010,7975,1993,4
2131,M010,7977,1994,2
2131,M010,7979,1994,4
2131,M010,7981,1995,2
2131,M010,7982,1995,3
2131,M010,7983,1995,4
2131,M010,7984,1996,1
2133,M012,7979,1994,4
2133,M012,7980,1995,1
2133,M012,7983,1995,4
2133,M012,7984,1996,1
2133,M012,7987,1996,4
2133,M012,7988,1997,1
2133,M012,7989,1997,2
2133,M012,7991,1997,4
2133,M012,7992,1998,1
2133,M012,7994,1998,3
2133,M012,7996,1999,1
2133,M012,7999,1999,4
2133,M012,8000,2000,1
2133,M012,8004,2001,1
2134,M013,7975,1993,4
2134,M013,7976,1994,1
2134,M013,7978,1994,3
2134,M013,7980,1995,1
2134,M013,7981,1995,2
2134,M013,7982,1995,3
2134,M013,7983,1995,4
2134,M013,7984,1996,1
2134,M013,7986,1996,3
2134,M013,7987,1996,4
2134,M013,7988,1997,1
2134,M013,7989,1997,2
2134,M013,7990,1997,3
2134,M013,7991,1997,4
2134,M013,7992,1998,1
2134,M013,7993,1998,2
2136,M015,7978,1994,3
2136,M015,7979,1994,4
2136,M015,7980,1995,1
2136,M015,7983,1995,4
2136,M015,7984,1996,1
2136,M015,7986,1996,3
2136,M015,7987,1996,4
2136,M015,7988,1997,1
2138,M017,7974,1993,3
2142,M021,7976,1994,1
2142,M021,7977,1994,2
2142,M021,7979,1994,4
2142,M021,7980,1995,1
2142,M021,7981,1995,2
2142,M021,7982,1995,3
2142,M021,7983,1995,4
2142,M021,7984,1996,1
2142,M021,7985,1996,2
2142,M021,7988,1997,1
2142,M021,7989,1997,2
2142,M021,7990,1997,3
2142,M021,7991,1997,4
2142,M021,7992,1998,1
2142,M021,7994,1998,3
2142,M021,7995,1998,4
2142,M021,7996,1999,1
2142,M021,7997,1999,2
2144,M023,7977,1994,2
2144,M023,7979,1994,4
2144,M023,7981,1995,2
2144,M023,7983,1995,4
2144,M023,7984,1996,1
2144,M023,7985,1996,2
2145,M024,7976,1994,1
2145,M024,7980,1995,1
2145,M024,7983,1995,4
2145,M024,7984,1996,1
2145,M024,7987,1996,4
2145,M024,7988,1997,1
2145,M024,7989,1997,2
2145,M024,7990,1997,3
2147,M026,7975,1993,4
2147,M026,7977,1994,2
2147,M026,7979,1994,4
2147,M026,7983,1995,4
2147,M026,7984,1996,1
2148,M027,7976,1994,1
2148,M027,7977,1994,2
2148,M027,7978,1994,3
2148,M027,7981,1995,2
2148,M027,7983,1995,4
2148,M027,7984,1996,1
2148,M027,7986,1996,3
2148,M027,7987,1996,4
2148,M027,7988,1997,1
2148,M027,7989,1997,2
2148,M027,7990,1997,3
2148,M027,7991,1997,4
2148,M027,7992,1998,1
2148,M027,7994,1998,3
2148,M027,7995,1998,4
2148,M027,7996,1999,1
2148,M027,7997,1999,2
2148,M027,7998,1999,3
2148,M027,7999,1999,4
2148,M027,8000,2000,1
2148,M027,8001,2000,2
2148,M027,8002,2000,3
2148,M027,8003,2000,4
2148,M027,8004,2001,1
2148,M027,8005,2001,2
2148,M027,8007,2001,4
2148,M027,8008,2002,1
2148,M027,8009,2002,2
2148,M027,8010,2002,3
2150,M029,7976,1994,1
2151,M030,7976,1994,1
2151,M030,7981,1995,2
2151,M030,7983,1995,4
2151,M030,7984,1996,1
2151,M030,7987,1996,4
2151,M030,7988,1997,1
2151,M030,7990,1997,3
2151,M030,7992,1998,1
2151,M030,7993,1998,2
2151,M030,7995,1998,4
2151,M030,7996,1999,1
2151,M030,7999,1999,4
2151,M030,8000,2000,1
2152,M031,7983,1995,4
2152,M031,7986,1996,3
2152,M031,7988,1997,1
2152,M031,7992,1998,1
2153,M032,7978,1994,3
2153,M032,7980,1995,1
2153,M032,7983,1995,4
2153,M032,7984,1996,1
2155,M034,7977,1994,2
2155,M034,7980,1995,1
2155,M034,7983,1995,4
2155,M034,7984,1996,1
2155,M034,7988,1997,1
2155,M034,7989,1997,2
2155,M034,7991,1997,4
2155,M034,7992,1998,1
2155,M034,7993,1998,2
2156,M035,7975,1993,4
2156,M035,7979,1994,4
2156,M035,7980,1995,1
2156,M035,7981,1995,2
2156,M035,7983,1995,4
2156,M035,7984,1996,1
2156,M035,7985,1996,2
2156,M035,7987,1996,4
2156,M035,7988,1997,1
2156,M035,7991,1997,4
2156,M035,7992,1998,1
2156,M035,7995,1998,4
2156,M035,7996,1999,1
2156,M035,7997,1999,2
2156,M035,7998,1999,3
2156,M035,7999,1999,4
2156,M035,8000,2000,1
2156,M035,8002,2000,3
2156,M035,8003,2000,4
2156,M035,8004,2001,1
2156,M035,8005,2001,2
2156,M035,8006,2001,3
2156,M035,8007,2001,4
2156,M035,8008,2002,1
2156,M035,8009,2002,2
2157,M036,7981,1995,2
2157,M036,7983,1995,4
2157,M036,7985,1996,2
2157,M036,7987,1996,4
2157,M036,7988,1997,1
2158,M037,7977,1994,2
2158,M037,7978,1994,3
2158,M037,7981,1995,2
2158,M037,7983,1995,4
2158,M037,7984,1996,1
2158,M037,7985,1996,2
2158,M037,7988,1997,1
2158,M037,7989,1997,2
2158,M037,7990,1997,3
2158,M037,7991,1997,4
2158,M037,7992,1998,1
2158,M037,7993,1998,2
2158,M037,7995,1998,4
2158,M037,7996,1999,1
2158,M037,8000,2000,1
2158,M037,8001,2000,2
2158,M037,8002,2000,3
2163,M042,7977,1994,2
2163,M042,7978,1994,3
2163,M042,7979,1994,4
2163,M042,7980,1995,1
2163,M042,7981,1995,2
2163,M042,7982,1995,3
2163,M042,7983,1995,4
2163,M042,7984,1996,1
2163,M042,7985,1996,2
2164,M043,7981,1995,2
2164,M043,7983,1995,4
2164,M043,7984,1996,1
2164,M043,7985,1996,2
2164,M043,7987,1996,4
2164,M043,7988,1997,1
2164,M043,7991,1997,4
2165,M044,7975,1993,4
2166,M045,7974,1993,3
2166,M045,7979,1994,4
2166,M045,7981,1995,2
2166,M045,7983,1995,4
2166,M045,7984,1996,1
2166,M045,7985,1996,2
2166,M045,7987,1996,4
2166,M045,7988,1997,1
2166,M045,7989,1997,2
2168,M047,7975,1993,4
2168,M047,7977,1994,2
2168,M047,7978,1994,3
2168,M047,7979,1994,4
2168,M047,7980,1995,1
2168,M047,7981,1995,2
2168,M047,7982,1995,3
2168,M047,7983,1995,4
2168,M047,7984,1996,1
2168,M047,7985,1996,2
2169,M048,7977,1994,2
2171,M050,7975,1993,4
2171,M050,7980,1995,1
2171,M050,7981,1995,2
2172,M051,7978,1994,3
2173,M052,7981,1995,2
2173,M052,7983,1995,4
2173,M052,7984,1996,1
2173,M052,7985,1996,2
2173,M052,7987,1996,4
2173,M052,7988,1997,1
2173,M052,7989,1997,2
2173,M052,7991,1997,4
2173,M052,7992,1998,1
2173,M052,7993,1998,2
2176,M055,7976,1994,1
2176,M055,7977,1994,2
2176,M055,7979,1994,4
2176,M055,7980,1995,1
2176,M055,7981,1995,2
2176,M055,7984,1996,1
2176,M055,7985,1996,2
2176,M055,7988,1997,1
2176,M055,7989,1997,2
2176,M055,7992,1998,1
2176,M055,7993,1998,2
2177,M056,7977,1994,2
2177,M056,7980,1995,1
2177,M056,7981,1995,2
2178,M057,7974,1993,3
2178,M057,7976,1994,1
2178,M057,7977,1994,2
2179,M058,7974,1993,3
2179,M058,7975,1993,4
2179,M058,7976,1994,1
2179,M058,7977,1994,2
2179,M058,7979,1994,4
2179,M058,7981,1995,2
2179,M058,7985,1996,2
2179,M058,7987,1996,4
2179,M058,7988,1997,1
2179,M058,7989,1997,2
2179,M058,7991,1997,4
2179,M058,7992,1998,1
2179,M058,7993,1998,2
2179,M058,7994,1998,3
2179,M058,7995,1998,4
2179,M058,7996,1999,1
2179,M058,7999,1999,4
2179,M058,8000,2000,1
2179,M058,8001,2000,2
2179,M058,8004,2001,1
2179,M058,8006,2001,3
2180,M059,7974,1993,3
2180,M059,7975,1993,4
2180,M059,7976,1994,1
2180,M059,7977,1994,2
2180,M059,7979,1994,4
2180,M059,7981,1995,2
2180,M059,7984,1996,1
2180,M059,7985,1996,2
2180,M059,7986,1996,3
2180,M059,7987,1996,4
2180,M059,7988,1997,1
2180,M059,7989,1997,2
2180,M059,7992,1998,1
2180,M059,7993,1998,2
2180,M059,7994,1998,3
2180,M059,7995,1998,4
2180,M059,7996,1999,1
2180,M059,7997,1999,2
2180,M059,8000,2000,1
2180,M059,8001,2000,2
2180,M059,8003,2000,4
2180,M059,8004,2001,1
2181,M060,7977,1994,2
2181,M060,7979,1994,4
2182,M061,7975,1993,4
2182,M061,7976,1994,1
2182,M061,7977,1994,2
2182,M061,7979,1994,4
2182,M061,7980,1995,1
2182,M061,7981,1995,2
2182,M061,7984,1996,1
2182,M061,7985,1996,2
2182,M061,7988,1997,1
2182,M061,7989,1997,2
2182,M061,7991,1997,4
2182,M061,7992,1998,1
2182,M061,7993,1998,2
2182,M061,7994,1998,3
2182,M061,7995,1998,4
2182,M061,7996,1999,1
2182,M061,7997,1999,2
2182,M061,7999,1999,4
2182,M061,8000,2000,1
2182,M061,8001,2000,2
2182,M061,8002,2000,3
2182,M061,8003,2000,4
2182,M061,8004,2001,1
2182,M061,8005,2001,2
2183,M062,7977,1994,2
2185,M064,7975,1993,4
2185,M064,7977,1994,2
2185,M064,7981,1995,2
2185,M064,7982,1995,3
2185,M064,7983,1995,4
2185,M064,7985,1996,2
2185,M064,7987,1996,4
2185,M064,7988,1997,1
2185,M064,7989,1997,2
2185,M064,7990,1997,3
2185,M064,7992,1998,1
2185,M064,7995,1998,4
2185,M064,7996,1999,1
2185,M064,7997,1999,2
2185,M064,7999,1999,4
2185,M064,8000,2000,1
2185,M064,8001,2000,2
2185,M064,8003,2000,4
2185,M064,8004,2001,1
2185,M064,8005,2001,2
2185,M064,8007,2001,4
2185,M064,8008,2002,1
2185,M064,8009,2002,2
2185,M064,8010,2002,3
2185,M064,8012,2003,1
2185,M064,8013,2003,2
2189,M068,7975,1993,4
2189,M068,7977,1994,2
2189,M068,7980,1995,1
2189,M068,7981,1995,2
2189,M068,7983,1995,4
2189,M068,7985,1996,2
2189,M068,7988,1997,1
2189,M068,7989,1997,2
2189,M068,7990,1997,3
2189,M068,7994,1998,3
2189,M068,7995,1998,4
2189,M068,7997,1999,2
2192,M071,7974,1993,3
2192,M071,7975,1993,4
2192,M071,7976,1994,1
2192,M071,7977,1994,2
2192,M071,7979,1994,4
2192,M071,7980,1995,1
2192,M071,7981,1995,2
2192,M071,7982,1995,3
2193,M072,7975,1993,4
2193,M072,7976,1994,1
2193,M072,7977,1994,2
2193,M072,7980,1995,1
2193,M072,7981,1995,2
2193,M072,7984,1996,1
2193,M072,7985,1996,2
2193,M072,7987,1996,4
2193,M072,7988,1997,1
2193,M072,7989,1997,2
2193,M072,7990,1997,3
2193,M072,7991,1997,4
2193,M072,7992,1998,1
2193,M072,7993,1998,2
2193,M072,7995,1998,4
2193,M072,7996,1999,1
2193,M072,7997,1999,2
2193,M072,7999,1999,4
2193,M072,8000,2000,1
2193,M072,8001,2000,2
2193,M072,8004,2001,1
2193,M072,8006,2001,3
2193,M072,8007,2001,4
2193,M072,8008,2002,1
2193,M072,8009,2002,2
2193,M072,8011,2002,4
2193,M072,8012,2003,1
2193,M072,8013,2003,2
2193,M072,8016,2004,1
2193,M072,8017,2004,2
2194,M073,7975,1993,4
2194,M073,7977,1994,2
2194,M073,7979,1994,4
2194,M073,7980,1995,1
2194,M073,7981,1995,2
2194,M073,7984,1996,1
2194,M073,7985,1996,2
2194,M073,7987,1996,4
2194,M073,7988,1997,1
2194,M073,7989,1997,2
2196,M075,7977,1994,2
2198,M077,7977,1994,2
2199,M078,7977,1994,2
2199,M078,7979,1994,4
2199,M078,7980,1995,1
2199,M078,7981,1995,2
2199,M078,7983,1995,4
2199,M078,7984,1996,1
2199,M078,7985,1996,2
2199,M078,7987,1996,4
2199,M078,7988,1997,1
2199,M078,7989,1997,2
2203,M082,7975,1993,4
2203,M082,7976,1994,1
2203,M082,7977,1994,2
2204,M083,7977,1994,2
2204,M083,7980,1995,1
2204,M083,7981,1995,2
2204,M083,7983,1995,4
2204,M083,7984,1996,1
2204,M083,7985,1996,2
2204,M083,7987,1996,4
2204,M083,7988,1997,1
2204,M083,7989,1997,2
2205,M084,7977,1994,2
2205,M084,7979,1994,4
2205,M084,7980,1995,1
2205,M084,7981,1995,2
2206,M085,7975,1993,4
2208,M087,7975,1993,4
2209,M088,7975,1993,4
2210,M089,7975,1993,4
2210,M089,7976,1994,1
2211,M090,7975,1993,4
2211,M090,7977,1994,2
2212,M091,7975,1993,4
2212,M091,7977,1994,2
2212,M091,7979,1994,4
2212,M091,7980,1995,1
2212,M091,7981,1995,2
2212,M091,7982,1995,3
2212,M091,7983,1995,4
2212,M091,7984,1996,1
2212,M091,7985,1996,2
2212,M091,7986,1996,3
2212,M091,7987,1996,4
2212,M091,7988,1997,1
2212,M091,7989,1997,2
2212,M091,7990,1997,3
2212,M091,7991,1997,4
2212,M091,7992,1998,1
2212,M091,7993,1998,2
2212,M091,7994,1998,3
2212,M091,7995,1998,4
2212,M091,7996,1999,1
2212,M091,7997,1999,2
2212,M091,7998,1999,3
2212,M091,7999,1999,4
2212,M091,8000,2000,1
2212,M091,8001,2000,2
2212,M091,8002,2000,3
2212,M091,8003,2000,4
2212,M091,8004,2001,1
2212,M091,8005,2001,2
2212,M091,8006,2001,3
2212,M091,8007,2001,4
2212,M091,8008,2002,1
2212,M091,8009,2002,2
2212,M091,8010,2002,3
2212,M091,8011,2002,4
2212,M091,8012,2003,1
2212,M091,8013,2003,2
2212,M091,8014,2003,3
2213,M092,7976,1994,1
2213,M092,7982,1995,3
2213,M092,7983,1995,4
2213,M092,7984,1996,1
2213,M092,7987,1996,4
2213,M092,7988,1997,1
2213,M092,7989,1997,2
2213,M092,7991,1997,4
2213,M092,7992,1998,1
2213,M092,7993,1998,2
2214,M093,7978,1994,3
2215,M094,7982,1995,3
2215,M094,7983,1995,4
2215,M094,7984,1996,1
2215,M094,7986,1996,3
2215,M094,7987,1996,4
2215,M094,7988,1997,1
2215,M094,7989,1997,2
2215,M094,7991,1997,4
2215,M094,7992,1998,1
2215,M094,7995,1998,4
2215,M094,7996,1999,1
2215,M094,7999,1999,4
2215,M094,8000,2000,1
2215,M094,8001,2000,2
2215,M094,8003,2000,4
2215,M094,8004,2001,1
2215,M094,8005,2001,2
2215,M094,8006,2001,3
2215,M094,8007,2001,4
2215,M094,8008,2002,1
2215,M094,8009,2002,2
2215,M094,8010,2002,3
2215,M094,8011,2002,4
2215,M094,8012,2003,1
2215,M094,8015,2003,4
2215,M094,8016,2004,1
2216,M095,7975,1993,4
2216,M095,7978,1994,3
2217,M096,7975,1993,4
2217,M096,7978,1994,3
2217,M096,7979,1994,4
2217,M096,7980,1995,1
2218,M097,7975,1993,4
2218,M097,7976,1994,1
2218,M097,7977,1994,2
2218,M097,7978,1994,3
2218,M097,7980,1995,1
2218,M097,7983,1995,4
2218,M097,7984,1996,1
2218,M097,7987,1996,4
2218,M097,7988,1997,1
2220,M099,7975,1993,4
2220,M099,7976,1994,1
2220,M099,7979,1994,4
2220,M099,7981,1995,2
2220,M099,7983,1995,4
2220,M099,7984,1996,1
2220,M099,7986,1996,3
2220,M099,7987,1996,4
2220,M099,7989,1997,2
2220,M099,7992,1998,1
2220,M099,7993,1998,2
2225,M104,7975,1993,4
2225,M104,7976,1994,1
2225,M104,7977,1994,2
2225,M104,7978,1994,3
2225,M104,7979,1994,4
2225,M104,7981,1995,2
2225,M104,7984,1996,1
2225,M104,7985,1996,2
2225,M104,7987,1996,4
2225,M104,7988,1997,1
2225,M104,7989,1997,2
2225,M104,7991,1997,4
2225,M104,7992,1998,1
2225,M104,7993,1998,2
2225,M104,7995,1998,4
2225,M104,7996,1999,1
2226,M105,7981,1995,2
2226,M105,7985,1996,2
2227,M106,7976,1994,1
2227,M106,7977,1994,2
2227,M106,7978,1994,3
2227,M106,7979,1994,4
2227,M106,7980,1995,1
2227,M106,7981,1995,2
2227,M106,7982,1995,3
2227,M106,7983,1995,4
2227,M106,7984,1996,1
2227,M106,7985,1996,2
2227,M106,7986,1996,3
2227,M106,7987,1996,4
2227,M106,7988,1997,1
2227,M106,7989,1997,2
2228,M107,7976,1994,1
2228,M107,7977,1994,2
2228,M107,7979,1994,4
2228,M107,7981,1995,2
2228,M107,7983,1995,4
2228,M107,7985,1996,2
2228,M107,7988,1997,1
2228,M107,7989,1997,2
2228,M107,7991,1997,4
2228,M107,7992,1998,1
2228,M107,7993,1998,2
2228,M107,7994,1998,3
2228,M107,7995,1998,4
2228,M107,7996,1999,1
2228,M107,7997,1999,2
2228,M107,8000,2000,1
2228,M107,8001,2000,2
2229,M108,7976,1994,1
2229,M108,7977,1994,2
2229,M108,7979,1994,4
2229,M108,7981,1995,2
2229,M108,7985,1996,2
2229,M108,7988,1997,1
2229,M108,7989,1997,2
2229,M108,7991,1997,4
2229,M108,7992,1998,1
2229,M108,7995,1998,4
2229,M108,7996,1999,1
2229,M108,7997,1999,2
2230,M109,7976,1994,1
2230,M109,7977,1994,2
2230,M109,7979,1994,4
2230,M109,7980,1995,1
2230,M109,7981,1995,2
2230,M109,7982,1995,3
2230,M109,7984,1996,1
2230,M109,7985,1996,2
2230,M109,7987,1996,4
2230,M109,7988,1997,1
2230,M109,7989,1997,2
2230,M109,7990,1997,3
2230,M109,7991,1997,4
2230,M109,7992,1998,1
2230,M109,7994,1998,3
2230,M109,7995,1998,4
2230,M109,7996,1999,1
2230,M109,7997,1999,2
2230,M109,7998,1999,3
2230,M109,7999,1999,4
2230,M109,8000,2000,1
2230,M109,8001,2000,2
2230,M109,8002,2000,3
2230,M109,8004,2001,1
2230,M109,8005,2001,2
2230,M109,8006,2001,3
2230,M109,8007,2001,4
2230,M109,8008,2002,1
2230,M109,8009,2002,2
2230,M109,8011,2002,4
2230,M109,8012,2003,1
2230,M109,8013,2003,2
2231,M110,7975,1993,4
2231,M110,7977,1994,2
2231,M110,7978,1994,3
2231,M110,7979,1994,4
2231,M110,7980,1995,1
2231,M110,7981,1995,2
2231,M110,7982,1995,3
2231,M110,7983,1995,4
2231,M110,7984,1996,1
2231,M110,7985,1996,2
2231,M110,7986,1996,3
2231,M110,7987,1996,4
2231,M110,7988,1997,1
2231,M110,7989,1997,2
2231,M110,7991,1997,4
2231,M110,7993,1998,2
2231,M110,7994,1998,3
2231,M110,7995,1998,4
2231,M110,7996,1999,1
2231,M110,7997,1999,2
2231,M110,7998,1999,3
2231,M110,7999,1999,4
2232,M111,7975,1993,4
2232,M111,7976,1994,1
2232,M111,7977,1994,2
2233,M112,7975,1993,4
2233,M112,7976,1994,1
2233,M112,7978,1994,3
2236,M115,7976,1994,1
2236,M115,7977,1994,2
2236,M115,7978,1994,3
2236,M115,7979,1994,4
2236,M115,7980,1995,1
2236,M115,7981,1995,2
2236,M115,7983,1995,4
2236,M115,7984,1996,1
2236,M115,7985,1996,2
2236,M115,7989,1997,2
2236,M115,7990,1997,3
2236,M115,7994,1998,3
2237,M116,7977,1994,2
2237,M116,7980,1995,1
2237,M116,7981,1995,2
2237,M116,7982,1995,3
2237,M116,7983,1995,4
2237,M116,7984,1996,1
2237,M116,7985,1996,2
2237,M116,7986,1996,3
2237,M116,7987,1996,4
2237,M116,7988,1997,1
2237,M116,7989,1997,2
2238,N001,7938,1984,3
2238,N001,7939,1984,4
2238,N001,7940,1985,1
2238,N001,7941,1985,2
2238,N001,7942,1985,3
2240,N003,7938,1984,3
2240,N003,7939,1984,4
2240,N003,7940,1985,1
2240,N003,7941,1985,2
2240,N003,7942,1985,3
2240,N003,7943,1985,4
2240,N003,7944,1986,1
2240,N003,7946,1986,3
2240,N003,7948,1987,1
2240,N003,7950,1987,3
2240,N003,7951,1987,4
2240,N003,7952,1988,1
2240,N003,7953,1988,2
2240,N003,7954,1988,3
2240,N003,7955,1988,4
2240,N003,7956,1989,1
2240,N003,7958,1989,3
2240,N003,7959,1989,4
2240,N003,7960,1990,1
2240,N003,7962,1990,3
2240,N003,7963,1990,4
2240,N003,7964,1991,1
2240,N003,7966,1991,3
2240,N003,7967,1991,4
2240,N003,7969,1992,2
2240,N003,7970,1992,3
2240,N003,7972,1993,1
2241,N004,7937,1984,2
2241,N004,7938,1984,3
2241,N004,7939,1984,4
2241,N004,7940,1985,1
2241,N004,7941,1985,2
2241,N004,7942,1985,3
2241,N004,7943,1985,4
2241,N004,7945,1986,2
2241,N004,7946,1986,3
2241,N004,7947,1986,4
2241,N004,7948,1987,1
2241,N004,7949,1987,2
2241,N004,7950,1987,3
2241,N004,7951,1987,4
2241,N004,7952,1988,1
2241,N004,7953,1988,2
2241,N004,7954,1988,3
2241,N004,7957,1989,2
2241,N004,7958,1989,3
2241,N004,7960,1990,1
2241,N004,7962,1990,3
2241,N004,7964,1991,1
2241,N004,7966,1991,3
2241,N004,7968,1992,1
2241,N004,7969,1992,2
2241,N004,7970,1992,3
2241,N004,7975,1993,4
2241,N004,7976,1994,1
2242,N005,7937,1984,2
2242,N005,7938,1984,3
2242,N005,7939,1984,4
2242,N005,7940,1985,1
2242,N005,7941,1985,2
2242,N005,7942,1985,3
2242,N005,7943,1985,4
2244,N007,7940,1985,1
2244,N007,7942,1985,3
2244,N007,7944,1986,1
2244,N007,7946,1986,3
2244,N007,7947,1986,4
2244,N007,7948,1987,1
2244,N007,7949,1987,2
2244,N007,7952,1988,1
2244,N007,7954,1988,3
2244,N007,7955,1988,4
2244,N007,7956,1989,1
2244,N007,7957,1989,2
2244,N007,7958,1989,3
2244,N007,7959,1989,4
2244,N007,7960,1990,1
2244,N007,7961,1990,2
2244,N007,7964,1991,1
2244,N007,7965,1991,2
2244,N007,7967,1991,4
2244,N007,7968,1992,1
2244,N007,7969,1992,2
2244,N007,7970,1992,3
2244,N007,7972,1993,1
2244,N007,7973,1993,2
2244,N007,7974,1993,3
2244,N007,7975,1993,4
2244,N007,7976,1994,1
2245,N008,7943,1985,4
2245,N008,7944,1986,1
2247,N010,7939,1984,4
2247,N010,7940,1985,1
2249,N012,7942,1985,3
2250,N013,7940,1985,1
2253,N016,7940,1985,1
2253,N016,7942,1985,3
2253,N016,7943,1985,4
2253,N016,7944,1986,1
2253,N016,7945,1986,2
2253,N016,7950,1987,3
2253,N016,7953,1988,2
2253,N016,7954,1988,3
2253,N016,7955,1988,4
2253,N016,7960,1990,1
2253,N016,7963,1990,4
2255,N018,7940,1985,1
2255,N018,7942,1985,3
2255,N018,7943,1985,4
2256,N019,7940,1985,1
2256,N019,7943,1985,4
2256,N019,7944,1986,1
2256,N019,7946,1986,3
2256,N019,7948,1987,1
2256,N019,7950,1987,3
2256,N019,7951,1987,4
2256,N019,7953,1988,2
2256,N019,7954,1988,3
2256,N019,7955,1988,4
2256,N019,7956,1989,1
2256,N019,7957,1989,2
2256,N019,7958,1989,3
2256,N019,7960,1990,1
2257,N020,7940,1985,1
2257,N020,7942,1985,3
2257,N020,7944,1986,1
2257,N020,7945,1986,2
2257,N020,7947,1986,4
2257,N020,7948,1987,1
2257,N020,7949,1987,2
2257,N020,7953,1988,2
2257,N020,7955,1988,4
2257,N020,7957,1989,2
2257,N020,7959,1989,4
2257,N020,7965,1991,2
2257,N020,7966,1991,3
2257,N020,7967,1991,4
2257,N020,7968,1992,1
2257,N020,7969,1992,2
2257,N020,7970,1992,3
2257,N020,7971,1992,4
2260,N023,7939,1984,4
2263,N026,7944,1986,1
2263,N026,7945,1986,2
2263,N026,7946,1986,3
2263,N026,7947,1986,4
2263,N026,7948,1987,1
2263,N026,7949,1987,2
2263,N026,7950,1987,3
2263,N026,7951,1987,4
2263,N026,7952,1988,1
2263,N026,7953,1988,2
2263,N026,7954,1988,3
2263,N026,7955,1988,4
2263,N026,7956,1989,1
2263,N026,7958,1989,3
2263,N026,7959,1989,4
2263,N026,7960,1990,1
2263,N026,7961,1990,2
2265,N028,7940,1985,1
2265,N028,7943,1985,4
2265,N028,7944,1986,1
2265,N028,7945,1986,2
2265,N028,7946,1986,3
2265,N028,7947,1986,4
2265,N028,7948,1987,1
2265,N028,7950,1987,3
2265,N028,7951,1987,4
2265,N028,7952,1988,1
2265,N028,7953,1988,2
2265,N028,7955,1988,4
2265,N028,7956,1989,1
2265,N028,7957,1989,2
2268,N031,7940,1985,1
2268,N031,7945,1986,2
2268,N031,7946,1986,3
2268,N031,7948,1987,1
2268,N031,7949,1987,2
2270,N033,7938,1984,3
2270,N033,7939,1984,4
2270,N033,7940,1985,1
2270,N033,7941,1985,2
2270,N033,7942,1985,3
2272,N035,7938,1984,3
2272,N035,7939,1984,4
2272,N035,7940,1985,1
2272,N035,7941,1985,2
2272,N035,7943,1985,4
2272,N035,7944,1986,1
2272,N035,7945,1986,2
2272,N035,7946,1986,3
2272,N035,7947,1986,4
2272,N035,7948,1987,1
2272,N035,7949,1987,2
2272,N035,7950,1987,3
2272,N035,7951,1987,4
2272,N035,7953,1988,2
2272,N035,7954,1988,3
2272,N035,7955,1988,4
2272,N035,7956,1989,1
2272,N035,7957,1989,2
2272,N035,7959,1989,4
2272,N035,7960,1990,1
2272,N035,7961,1990,2
2272,N035,7962,1990,3
2272,N035,7963,1990,4
2272,N035,7964,1991,1
2272,N035,7965,1991,2
2272,N035,7967,1991,4
2272,N035,7968,1992,1
2272,N035,7970,1992,3
2272,N035,7972,1993,1
2272,N035,7973,1993,2
2272,N035,7976,1994,1
2272,N035,7977,1994,2
2272,N035,7979,1994,4
2272,N035,7980,1995,1
2272,N035,7981,1995,2
2274,N037,7938,1984,3
2274,N037,7939,1984,4
2274,N037,7940,1985,1
2274,N037,7941,1985,2
2274,N037,7942,1985,3
2274,N037,7943,1985,4
2274,N037,7944,1986,1
2274,N037,7945,1986,2
2274,N037,7946,1986,3
2274,N037,7947,1986,4
2274,N037,7948,1987,1
2274,N037,7949,1987,2
2274,N037,7950,1987,3
2274,N037,7951,1987,4
2274,N037,7952,1988,1
2274,N037,7953,1988,2
2274,N037,7954,1988,3
2274,N037,7955,1988,4
2274,N037,7956,1989,1
2279,N042,7939,1984,4
2279,N042,7940,1985,1
2279,N042,7941,1985,2
2279,N042,7943,1985,4
2279,N042,7945,1986,2
2279,N042,7946,1986,3
2279,N042,7947,1986,4
2279,N042,7948,1987,1
2279,N042,7949,1987,2
2279,N042,7950,1987,3
2279,N042,7951,1987,4
2279,N042,7955,1988,4
2279,N042,7956,1989,1
2279,N042,7959,1989,4
2279,N042,7960,1990,1
2279,N042,7963,1990,4
2279,N042,7964,1991,1
2279,N042,7965,1991,2
2281,N044,7939,1984,4
2281,N044,7940,1985,1
2281,N044,7941,1985,2
2281,N044,7942,1985,3
2281,N044,7943,1985,4
2281,N044,7944,1986,1
2281,N044,7946,1986,3
2281,N044,7947,1986,4
2281,N044,7948,1987,1
2281,N044,7949,1987,2
2281,N044,7950,1987,3
2281,N044,7951,1987,4
2281,N044,7954,1988,3
2281,N044,7955,1988,4
2281,N044,7956,1989,1
2281,N044,7959,1989,4
2281,N044,7960,1990,1
2281,N044,7961,1990,2
2281,N044,7962,1990,3
2282,N045,7939,1984,4
2282,N045,7940,1985,1
2282,N045,7941,1985,2
2282,N045,7942,1985,3
2282,N045,7943,1985,4
2282,N045,7944,1986,1
2283,N046,7939,1984,4
2283,N046,7940,1985,1
2283,N046,7941,1985,2
2283,N046,7942,1985,3
2283,N046,7943,1985,4
2283,N046,7944,1986,1
2283,N046,7945,1986,2
2283,N046,7946,1986,3
2283,N046,7947,1986,4
2283,N046,7948,1987,1
2283,N046,7949,1987,2
2283,N046,7950,1987,3
2283,N046,7951,1987,4
2284,N047,7939,1984,4
2284,N047,7940,1985,1
2284,N047,7941,1985,2
2284,N047,7943,1985,4
2284,N047,7944,1986,1
2284,N047,7945,1986,2
2284,N047,7947,1986,4
2284,N047,7948,1987,1
2284,N047,7949,1987,2
2284,N047,7951,1987,4
2284,N047,7954,1988,3
2284,N047,7955,1988,4
2284,N047,7956,1989,1
2284,N047,7957,1989,2
2284,N047,7958,1989,3
2284,N047,7959,1989,4
2284,N047,7960,1990,1
2284,N047,7961,1990,2
2284,N047,7962,1990,3
2284,N047,7963,1990,4
2284,N047,7964,1991,1
2284,N047,7965,1991,2
2284,N047,7967,1991,4
2284,N047,7968,1992,1
2284,N047,7969,1992,2
2284,N047,7970,1992,3
2284,N047,7971,1992,4
2284,N047,7972,1993,1
2284,N047,7973,1993,2
2284,N047,7975,1993,4
2284,N047,7976,1994,1
2284,N047,7977,1994,2
2285,N048,7939,1984,4
2285,N048,7940,1985,1
2285,N048,7941,1985,2
2285,N048,7942,1985,3
2285,N048,7943,1985,4
2285,N048,7944,1986,1
2285,N048,7946,1986,3
2285,N048,7947,1986,4
2285,N048,7948,1987,1
2285,N048,7949,1987,2
2285,N048,7950,1987,3
2285,N048,7951,1987,4
2285,N048,7952,1988,1
2285,N048,7954,1988,3
2285,N048,7955,1988,4
2285,N048,7956,1989,1
2285,N048,7957,1989,2
2285,N048,7958,1989,3
2285,N048,7959,1989,4
2285,N048,7960,1990,1
2285,N048,7961,1990,2
2285,N048,7962,1990,3
2285,N048,7964,1991,1
2285,N048,7965,1991,2
2285,N048,7968,1992,1
2285,N048,7970,1992,3
2285,N048,7971,1992,4
2285,N048,7972,1993,1
2285,N048,7973,1993,2
2285,N048,7974,1993,3
2285,N048,7975,1993,4
2285,N048,7976,1994,1
2285,N048,7977,1994,2
2286,N049,7940,1985,1
2286,N049,7941,1985,2
2286,N049,7943,1985,4
2286,N049,7947,1986,4
2286,N049,7950,1987,3
2286,N049,7951,1987,4
2286,N049,7952,1988,1
2286,N049,7953,1988,2
2286,N049,7954,1988,3
2286,N049,7955,1988,4
2286,N049,7956,1989,1
2286,N049,7957,1989,2
2286,N049,7958,1989,3
2286,N049,7960,1990,1
2286,N049,7962,1990,3
2287,N050,7940,1985,1
2287,N050,7943,1985,4
2287,N050,7944,1986,1
2287,N050,7945,1986,2
2287,N050,7947,1986,4
2287,N050,7948,1987,1
2287,N050,7950,1987,3
2287,N050,7952,1988,1
2288,N051,7943,1985,4
2288,N051,7944,1986,1
2288,N051,7948,1987,1
2288,N051,7951,1987,4
2288,N051,7952,1988,1
2288,N051,7953,1988,2
2288,N051,7954,1988,3
2290,N053,7940,1985,1
2290,N053,7941,1985,2
2290,N053,7942,1985,3
2290,N053,7943,1985,4
2290,N053,7944,1986,1
2290,N053,7945,1986,2
2290,N053,7946,1986,3
2290,N053,7947,1986,4
2290,N053,7948,1987,1
2290,N053,7949,1987,2
2290,N053,7951,1987,4
2290,N053,7952,1988,1
2290,N053,7953,1988,2
2291,N054,7942,1985,3
2291,N054,7944,1986,1
2291,N054,7947,1986,4
2291,N054,7948,1987,1
2291,N054,7950,1987,3
2295,N058,7944,1986,1
2295,N058,7945,1986,2
2295,N058,7946,1986,3
2295,N058,7947,1986,4
2295,N058,7948,1987,1
2296,N059,7944,1986,1
2296,N059,7945,1986,2
2296,N059,7947,1986,4
2296,N059,7948,1987,1
2296,N059,7949,1987,2
2296,N059,7950,1987,3
2296,N059,7951,1987,4
2296,N059,7953,1988,2
2296,N059,7956,1989,1
2296,N059,7958,1989,3
2296,N059,7960,1990,1
2296,N059,7961,1990,2
2296,N059,7962,1990,3
2296,N059,7963,1990,4
2296,N059,7964,1991,1
2297,N060,7942,1985,3
2297,N060,7944,1986,1
2297,N060,7946,1986,3
2297,N060,7947,1986,4
2297,N060,7951,1987,4
2297,N060,7956,1989,1
2298,N061,7944,1986,1
2299,N062,7941,1985,2
2299,N062,7944,1986,1
2299,N062,7947,1986,4
2299,N062,7948,1987,1
2299,N062,7950,1987,3
2300,N063,7942,1985,3
2300,N063,7944,1986,1
2300,N063,7946,1986,3
2300,N063,7947,1986,4
2300,N063,7948,1987,1
2300,N063,7951,1987,4
2300,N063,7952,1988,1
2300,N063,7955,1988,4
2300,N063,7956,1989,1
2301,N064,7940,1985,1
2301,N064,7941,1985,2
2301,N064,7942,1985,3
2301,N064,7943,1985,4
2301,N064,7944,1986,1
2301,N064,7945,1986,2
2301,N064,7947,1986,4
2301,N064,7948,1987,1
2301,N064,7952,1988,1
2303,N066,7939,1984,4
2303,N066,7940,1985,1
2303,N066,7941,1985,2
2303,N066,7942,1985,3
2303,N066,7943,1985,4
2303,N066,7944,1986,1
2303,N066,7945,1986,2
2303,N066,7946,1986,3
2303,N066,7947,1986,4
2303,N066,7948,1987,1
2303,N066,7949,1987,2
2303,N066,7950,1987,3
2303,N066,7951,1987,4
2303,N066,7952,1988,1
2303,N066,7953,1988,2
2303,N066,7954,1988,3
2303,N066,7955,1988,4
2303,N066,7956,1989,1
2303,N066,7957,1989,2
2303,N066,7958,1989,3
2303,N066,7959,1989,4
2303,N066,7960,1990,1
2303,N066,7961,1990,2
2303,N066,7962,1990,3
2303,N066,7963,1990,4
2303,N066,7964,1991,1
2307,N070,7939,1984,4
2307,N070,7940,1985,1
2307,N070,7941,1985,2
2307,N070,7942,1985,3
2307,N070,7943,1985,4
2307,N070,7944,1986,1
2307,N070,7945,1986,2
2307,N070,7946,1986,3
2307,N070,7947,1986,4
2307,N070,7948,1987,1
2308,N071,7939,1984,4
2308,N071,7940,1985,1
2308,N071,7941,1985,2
2308,N071,7942,1985,3
2310,N073,7940,1985,1
2310,N073,7941,1985,2
2310,N073,7942,1985,3
2310,N073,7943,1985,4
2310,N073,7944,1986,1
2310,N073,7945,1986,2
2310,N073,7946,1986,3
2310,N073,7947,1986,4
2310,N073,7948,1987,1
2310,N073,7949,1987,2
2310,N073,7950,1987,3
2310,N073,7951,1987,4
2310,N073,7952,1988,1
2310,N073,7953,1988,2
2310,N073,7954,1988,3
2310,N073,7955,1988,4
2310,N073,7956,1989,1
2310,N073,7957,1989,2
2310,N073,7958,1989,3
2310,N073,7959,1989,4
2310,N073,7960,1990,1
2310,N073,7961,1990,2
2310,N073,7962,1990,3
2310,N073,7963,1990,4
2310,N073,7964,1991,1
2310,N073,7965,1991,2
2310,N073,7966,1991,3
2310,N073,7967,1991,4
2311,N074,7942,1985,3
2312,N075,7940,1985,1
2313,N076,7940,1985,1
2313,N076,7941,1985,2
2313,N076,7942,1985,3
2313,N076,7943,1985,4
2313,N076,7944,1986,1
2313,N076,7945,1986,2
2313,N076,7946,1986,3
2313,N076,7947,1986,4
2314,O001,7931,1982,4
2314,O001,7933,1983,2
2314,O001,7934,1983,3
2314,O001,7935,1983,4
2314,O001,7937,1984,2
2314,O001,7938,1984,3
2314,O001,7939,1984,4
2314,O001,7940,1985,1
2317,O004,7930,1982,3
2317,O004,7933,1983,2
2319,O006,7930,1982,3
2319,O006,7931,1982,4
2319,O006,7932,1983,1
2319,O006,7933,1983,2
2320,O007,7931,1982,4
2320,O007,7932,1983,1
2320,O007,7933,1983,2
2321,O008,7930,1982,3
2321,O008,7931,1982,4
2321,O008,7933,1983,2
2321,O008,7935,1983,4
2321,O008,7936,1984,1
2321,O008,7939,1984,4
2321,O008,7940,1985,1
2321,O008,7941,1985,2
2321,O008,7942,1985,3
2321,O008,7943,1985,4
2321,O008,7944,1986,1
2321,O008,7947,1986,4
2321,O008,7948,1987,1
2322,O009,7930,1982,3
2322,O009,7931,1982,4
2322,O009,7932,1983,1
2322,O009,7935,1983,4
2322,O009,7936,1984,1
2322,O009,7937,1984,2
2322,O009,7939,1984,4
2322,O009,7940,1985,1
2322,O009,7941,1985,2
2322,O009,7942,1985,3
2322,O009,7943,1985,4
2322,O009,7944,1986,1
2322,O009,7945,1986,2
2322,O009,7946,1986,3
2322,O009,7947,1986,4
2322,O009,7948,1987,1
2322,O009,7949,1987,2
2324,O011,7930,1982,3
2324,O011,7931,1982,4
2324,O011,7932,1983,1
2324,O011,7933,1983,2
2324,O011,7934,1983,3
2324,O011,7935,1983,4
2324,O011,7936,1984,1
2324,O011,7937,1984,2
2324,O011,7939,1984,4
2324,O011,7940,1985,1
2324,O011,7941,1985,2
2324,O011,7942,1985,3
2324,O011,7943,1985,4
2324,O011,7944,1986,1
2324,O011,7945,1986,2
2324,O011,7947,1986,4
2324,O011,7948,1987,1
2324,O011,7949,1987,2
2324,O011,7951,1987,4
2324,O011,7953,1988,2
2324,O011,7954,1988,3
2324,O011,7955,1988,4
2325,O012,7930,1982,3
2325,O012,7931,1982,4
2325,O012,7932,1983,1
2325,O012,7933,1983,2
2328,O015,7931,1982,4
2328,O015,7932,1983,1
2328,O015,7934,1983,3
2328,O015,7935,1983,4
2328,O015,7936,1984,1
2330,O017,7931,1982,4
2330,O017,7932,1983,1
2331,O018,7931,1982,4
2331,O018,7932,1983,1
2331,O018,7934,1983,3
2331,O018,7935,1983,4
2331,O018,7939,1984,4
2331,O018,7940,1985,1
2331,O018,7941,1985,2
2335,O022,7931,1982,4
2335,O022,7932,1983,1
2335,O022,7933,1983,2
2336,O023,7933,1983,2
2337,O024,7932,1983,1
2337,O024,7935,1983,4
2337,O024,7938,1984,3
2337,O024,7939,1984,4
2337,O024,7940,1985,1
2337,O024,7941,1985,2
2337,O024,7942,1985,3
2337,O024,7943,1985,4
2337,O024,7944,1986,1
2337,O024,7945,1986,2
2337,O024,7946,1986,3
2337,O024,7947,1986,4
2337,O024,7948,1987,1
2337,O024,7951,1987,4
2337,O024,7952,1988,1
2337,O024,7956,1989,1
2337,O024,7957,1989,2
2339,O026,7933,1983,2
2339,O026,7935,1983,4
2339,O026,7936,1984,1
2339,O026,7937,1984,2
2339,O026,7938,1984,3
2339,O026,7939,1984,4
2339,O026,7940,1985,1
2339,O026,7942,1985,3
2339,O026,7943,1985,4
2339,O026,7944,1986,1
2339,O026,7945,1986,2
2339,O026,7946,1986,3
2339,O026,7947,1986,4
2339,O026,7948,1987,1
2339,O026,7950,1987,3
2339,O026,7951,1987,4
2339,O026,7952,1988,1
2339,O026,7953,1988,2
2339,O026,7954,1988,3
2339,O026,7955,1988,4
2339,O026,7956,1989,1
2339,O026,7957,1989,2
2339,O026,7958,1989,3
2339,O026,7959,1989,4
2339,O026,7960,1990,1
2339,O026,7962,1990,3
2339,O026,7963,1990,4
2339,O026,7964,1991,1
2339,O026,7965,1991,2
2339,O026,7966,1991,3
2341,O028,7933,1983,2
2342,O029,7932,1983,1
2342,O029,7934,1983,3
2342,O029,7935,1983,4
2342,O029,7936,1984,1
2342,O029,7937,1984,2
2342,O029,7939,1984,4
2342,O029,7942,1985,3
2342,O029,7943,1985,4
2342,O029,7944,1986,1
2342,O029,7945,1986,2
2342,O029,7946,1986,3
2342,O029,7947,1986,4
2342,O029,7948,1987,1
2342,O029,7950,1987,3
2342,O029,7951,1987,4
2342,O029,7952,1988,1
2342,O029,7953,1988,2
2342,O029,7955,1988,4
2342,O029,7956,1989,1
2342,O029,7958,1989,3
2343,O030,7933,1983,2
2343,O030,7935,1983,4
2343,O030,7937,1984,2
2343,O030,7938,1984,3
2343,O030,7939,1984,4
2343,O030,7940,1985,1
2343,O030,7941,1985,2
2343,O030,7943,1985,4
2343,O030,7944,1986,1
2343,O030,7946,1986,3
2343,O030,7947,1986,4
2343,O030,7948,1987,1
2344,O031,7931,1982,4
2344,O031,7932,1983,1
2344,O031,7933,1983,2
2344,O031,7934,1983,3
2344,O031,7935,1983,4
2344,O031,7936,1984,1
2344,O031,7937,1984,2
2344,O031,7938,1984,3
2344,O031,7939,1984,4
2344,O031,7940,1985,1
2344,O031,7941,1985,2
2344,O031,7942,1985,3
2344,O031,7943,1985,4
2344,O031,7944,1986,1
2344,O031,7945,1986,2
2344,O031,7947,1986,4
2344,O031,7948,1987,1
2344,O031,7949,1987,2
2344,O031,7950,1987,3
2344,O031,7951,1987,4
2344,O031,7952,1988,1
2344,O031,7953,1988,2
2344,O031,7954,1988,3
2344,O031,7955,1988,4
2344,O031,7956,1989,1
2344,O031,7957,1989,2
2344,O031,7959,1989,4
2344,O031,7960,1990,1
2344,O031,7961,1990,2
2344,O031,7962,1990,3
2344,O031,7963,1990,4
2344,O031,7964,1991,1
2344,O031,7965,1991,2
2345,O032,7931,1982,4
2345,O032,7932,1983,1
2346,O033,7932,1983,1
2346,O033,7933,1983,2
2347,O034,7932,1983,1
2347,O034,7933,1983,2
2347,O034,7934,1983,3
2347,O034,7935,1983,4
2347,O034,7936,1984,1
2347,O034,7937,1984,2
2347,O034,7938,1984,3
2347,O034,7939,1984,4
2347,O034,7940,1985,1
2347,O034,7941,1985,2
2347,O034,7942,1985,3
2347,O034,7943,1985,4
2347,O034,7944,1986,1
2347,O034,7945,1986,2
2347,O034,7946,1986,3
2347,O034,7947,1986,4
2347,O034,7948,1987,1
2347,O034,7949,1987,2
2347,O034,7950,1987,3
2347,O034,7951,1987,4
2347,O034,7952,1988,1
2347,O034,7953,1988,2
2347,O034,7954,1988,3
2347,O034,7955,1988,4
2347,O034,7956,1989,1
2347,O034,7957,1989,2
2347,O034,7958,1989,3
2347,O034,7960,1990,1
2347,O034,7961,1990,2
2347,O034,7963,1990,4
2347,O034,7964,1991,1
2347,O034,7965,1991,2
2347,O034,7966,1991,3
2347,O034,7967,1991,4
2347,O034,7968,1992,1
2347,O034,7969,1992,2
2347,O034,7970,1992,3
2347,O034,7971,1992,4
2347,O034,7972,1993,1
2347,O034,7975,1993,4
2347,O034,7976,1994,1
2347,O034,7977,1994,2
2347,O034,7978,1994,3
2348,O035,7933,1983,2
2348,O035,7935,1983,4
2348,O035,7936,1984,1
2348,O035,7937,1984,2
2348,O035,7938,1984,3
2348,O035,7939,1984,4
2348,O035,7940,1985,1
2348,O035,7941,1985,2
2348,O035,7942,1985,3
2348,O035,7943,1985,4
2348,O035,7944,1986,1
2348,O035,7945,1986,2
2348,O035,7947,1986,4
2348,O035,7948,1987,1
2348,O035,7949,1987,2
2348,O035,7952,1988,1
2348,O035,7955,1988,4
2348,O035,7956,1989,1
2348,O035,7957,1989,2
2348,O035,7960,1990,1
2348,O035,7962,1990,3
2348,O035,7964,1991,1
2348,O035,7965,1991,2
2348,O035,7966,1991,3
2348,O035,7967,1991,4
2348,O035,7968,1992,1
2348,O035,7970,1992,3
2348,O035,7972,1993,1
2348,O035,7973,1993,2
2348,O035,7975,1993,4
2348,O035,7976,1994,1
2348,O035,7980,1995,1
2351,P002,7937,1984,2
2351,P002,7938,1984,3
2351,P002,7939,1984,4
2351,P002,7940,1985,1
2351,P002,7941,1985,2
2351,P002,7942,1985,3
2351,P002,7943,1985,4
2351,P002,7944,1986,1
2351,P002,7945,1986,2
2351,P002,7946,1986,3
2351,P002,7947,1986,4
2351,P002,7948,1987,1
2351,P002,7949,1987,2
2352,P003,7935,1983,4
2352,P003,7936,1984,1
2352,P003,7939,1984,4
2352,P003,7940,1985,1
2352,P003,7941,1985,2
2352,P003,7942,1985,3
2352,P003,7943,1985,4
2352,P003,7944,1986,1
2352,P003,7945,1986,2
2352,P003,7946,1986,3
2352,P003,7947,1986,4
2352,P003,7948,1987,1
2352,P003,7949,1987,2
2352,P003,7950,1987,3
2352,P003,7952,1988,1
2352,P003,7953,1988,2
2352,P003,7954,1988,3
2352,P003,7955,1988,4
2352,P003,7956,1989,1
2352,P003,7960,1990,1
2352,P003,7963,1990,4
2354,P005,7936,1984,1
2354,P005,7939,1984,4
2354,P005,7941,1985,2
2354,P005,7942,1985,3
2354,P005,7943,1985,4
2354,P005,7944,1986,1
2354,P005,7947,1986,4
2354,P005,7948,1987,1
2354,P005,7949,1987,2
2354,P005,7952,1988,1
2354,P005,7953,1988,2
2354,P005,7956,1989,1
2354,P005,7957,1989,2
2354,P005,7958,1989,3
2354,P005,7961,1990,2
2354,P005,7962,1990,3
2354,P005,7963,1990,4
2354,P005,7964,1991,1
2354,P005,7966,1991,3
2354,P005,7967,1991,4
2354,P005,7968,1992,1
2354,P005,7969,1992,2
2354,P005,7970,1992,3
2354,P005,7971,1992,4
2354,P005,7973,1993,2
2354,P005,7974,1993,3
2358,P009,7940,1985,1
2358,P009,7941,1985,2
2358,P009,7943,1985,4
2358,P009,7944,1986,1
2358,P009,7950,1987,3
2358,P009,7953,1988,2
2358,P009,7960,1990,1
2358,P009,7965,1991,2
2360,P011,7939,1984,4
2360,P011,7941,1985,2
2360,P011,7944,1986,1
2360,P011,7945,1986,2
2360,P011,7946,1986,3
2360,P011,7947,1986,4
2360,P011,7948,1987,1
2361,P012,7937,1984,2
2361,P012,7940,1985,1
2361,P012,7944,1986,1
2362,P013,7936,1984,1
2362,P013,7937,1984,2
2362,P013,7939,1984,4
2362,P013,7943,1985,4
2362,P013,7944,1986,1
2362,P013,7946,1986,3
2362,P013,7947,1986,4
2362,P013,7948,1987,1
2362,P013,7949,1987,2
2362,P013,7951,1987,4
2362,P013,7952,1988,1
2364,P015,7936,1984,1
2365,P016,7937,1984,2
2365,P016,7938,1984,3
2365,P016,7939,1984,4
2365,P016,7940,1985,1
2365,P016,7942,1985,3
2365,P016,7943,1985,4
2365,P016,7944,1986,1
2365,P016,7945,1986,2
2365,P016,7946,1986,3
2365,P016,7947,1986,4
2365,P016,7948,1987,1
2365,P016,7949,1987,2
2365,P016,7951,1987,4
2365,P016,7952,1988,1
2365,P016,7954,1988,3
2365,P016,7955,1988,4
2365,P016,7956,1989,1
2365,P016,7957,1989,2
2365,P016,7958,1989,3
2365,P016,7959,1989,4
2365,P016,7960,1990,1
2365,P016,7961,1990,2
2365,P016,7962,1990,3
2365,P016,7963,1990,4
2365,P016,7964,1991,1
2365,P016,7965,1991,2
2365,P016,7966,1991,3
2367,P018,7938,1984,3
2367,P018,7939,1984,4
2367,P018,7940,1985,1
2367,P018,7943,1985,4
2367,P018,7944,1986,1
2367,P018,7945,1986,2
2367,P018,7946,1986,3
2367,P018,7947,1986,4
2367,P018,7948,1987,1
2367,P018,7949,1987,2
2367,P018,7951,1987,4
2367,P018,7952,1988,1
2367,P018,7956,1989,1
2367,P018,7959,1989,4
2367,P018,7962,1990,3
2367,P018,7963,1990,4
2367,P018,7965,1991,2
2369,P020,7934,1983,3
2369,P020,7939,1984,4
2369,P020,7940,1985,1
2369,P020,7941,1985,2
2369,P020,7942,1985,3
2369,P020,7943,1985,4
2369,P020,7944,1986,1
2369,P020,7945,1986,2
2369,P020,7946,1986,3
2369,P020,7947,1986,4
2369,P020,7948,1987,1
2369,P020,7952,1988,1
2369,P020,7955,1988,4
2369,P020,7956,1989,1
2369,P020,7959,1989,4
2369,P020,7960,1990,1
2369,P020,7961,1990,2
2369,P020,7963,1990,4
2369,P020,7964,1991,1
2369,P020,7966,1991,3
2369,P020,7968,1992,1
2369,P020,7970,1992,3
2369,P020,7972,1993,1
2369,P020,7973,1993,2
2369,P020,7974,1993,3
2369,P020,7976,1994,1
2370,P021,7935,1983,4
2370,P021,7936,1984,1
2377,P028,7935,1983,4
2377,P028,7938,1984,3
2377,P028,7939,1984,4
2377,P028,7940,1985,1
2377,P028,7942,1985,3
2377,P028,7944,1986,1
2377,P028,7948,1987,1
2377,P028,7949,1987,2
2377,P028,7950,1987,3
2377,P028,7951,1987,4
2377,P028,7957,1989,2
2377,P028,7960,1990,1
2377,P028,7970,1992,3
2377,P028,7971,1992,4
2377,P028,7972,1993,1
2377,P028,7973,1993,2
2377,P028,7975,1993,4
2377,P028,7977,1994,2
2377,P028,7979,1994,4
2377,P028,7980,1995,1
2377,P028,7981,1995,2
2383,P034,7934,1983,3
2384,P035,7934,1983,3
2384,P035,7935,1983,4
2384,P035,7936,1984,1
2384,P035,7937,1984,2
2384,P035,7938,1984,3
2384,P035,7939,1984,4
2384,P035,7940,1985,1
2384,P035,7941,1985,2
2384,P035,7942,1985,3
2384,P035,7943,1985,4
2384,P035,7944,1986,1
2386,P037,7935,1983,4
2386,P037,7936,1984,1
2386,P037,7937,1984,2
2386,P037,7938,1984,3
2386,P037,7939,1984,4
2386,P037,7940,1985,1
2386,P037,7941,1985,2
2386,P037,7943,1985,4
2386,P037,7944,1986,1
2386,P037,7945,1986,2
2387,P038,7935,1983,4
2387,P038,7936,1984,1
2387,P038,7937,1984,2
2387,P038,7939,1984,4
2387,P038,7940,1985,1
2387,P038,7941,1985,2
2387,P038,7942,1985,3
2387,P038,7943,1985,4
2387,P038,7944,1986,1
2387,P038,7945,1986,2
2387,P038,7947,1986,4
2387,P038,7948,1987,1
2387,P038,7949,1987,2
2387,P038,7950,1987,3
2387,P038,7951,1987,4
2387,P038,7953,1988,2
2387,P038,7954,1988,3
2387,P038,7955,1988,4
2387,P038,7956,1989,1
2387,P038,7957,1989,2
2387,P038,7958,1989,3
2387,P038,7959,1989,4
2387,P038,7960,1990,1
2387,P038,7961,1990,2
2387,P038,7963,1990,4
2387,P038,7964,1991,1
2387,P038,7965,1991,2
2387,P038,7966,1991,3
2390,P041,7935,1983,4
2390,P041,7936,1984,1
2390,P041,7937,1984,2
2391,P042,7935,1983,4
2391,P042,7936,1984,1
2391,P042,7937,1984,2
2391,P042,7939,1984,4
2391,P042,7940,1985,1
2391,P042,7941,1985,2
2391,P042,7942,1985,3
2391,P042,7943,1985,4
2391,P042,7944,1986,1
2391,P042,7947,1986,4
2391,P042,7948,1987,1
2391,P042,7949,1987,2
2391,P042,7950,1987,3
2391,P042,7951,1987,4
2391,P042,7954,1988,3
2391,P042,7955,1988,4
2391,P042,7956,1989,1
2391,P042,7957,1989,2
2391,P042,7960,1990,1
2391,P042,7961,1990,2
2391,P042,7964,1991,1
2391,P042,7965,1991,2
2391,P042,7968,1992,1
2391,P042,7972,1993,1
2391,P042,7973,1993,2
2391,P042,7975,1993,4
2391,P042,7976,1994,1
2391,P042,7977,1994,2
2392,P043,7935,1983,4
2392,P043,7936,1984,1
2392,P043,7937,1984,2
2392,P043,7938,1984,3
2392,P043,7939,1984,4
2392,P043,7940,1985,1
2392,P043,7941,1985,2
2392,P043,7943,1985,4
2392,P043,7946,1986,3
2392,P043,7947,1986,4
2392,P043,7948,1987,1
2392,P043,7949,1987,2
2392,P043,7950,1987,3
2392,P043,7951,1987,4
2392,P043,7952,1988,1
2392,P043,7954,1988,3
2392,P043,7955,1988,4
2392,P043,7956,1989,1
2392,P043,7957,1989,2
2392,P043,7958,1989,3
2392,P043,7959,1989,4
2392,P043,7960,1990,1
2392,P043,7961,1990,2
2395,P046,7935,1983,4
2395,P046,7936,1984,1
2395,P046,7937,1984,2
2395,P046,7938,1984,3
2395,P046,7939,1984,4
2395,P046,7940,1985,1
2395,P046,7941,1985,2
2395,P046,7942,1985,3
2395,P046,7943,1985,4
2395,P046,7944,1986,1
2395,P046,7945,1986,2
2395,P046,7946,1986,3
2395,P046,7947,1986,4
2395,P046,7948,1987,1
2395,P046,7949,1987,2
2395,P046,7951,1987,4
2395,P046,7952,1988,1
2395,P046,7953,1988,2
2395,P046,7954,1988,3
2395,P046,7955,1988,4
2398,P049,7935,1983,4
2398,P049,7936,1984,1
2398,P049,7937,1984,2
2398,P049,7938,1984,3
2398,P049,7939,1984,4
2398,P049,7940,1985,1
2398,P049,7941,1985,2
2398,P049,7942,1985,3
2398,P049,7943,1985,4
2398,P049,7944,1986,1
2398,P049,7945,1986,2
2398,P049,7946,1986,3
2398,P049,7947,1986,4
2398,P049,7948,1987,1
2398,P049,7949,1987,2
2398,P049,7950,1987,3
2398,P049,7951,1987,4
2398,P049,7952,1988,1
2398,P049,7953,1988,2
2398,P049,7955,1988,4
2398,P049,7956,1989,1
2398,P049,7957,1989,2
2398,P049,7958,1989,3
2398,P049,7959,1989,4
2399,P050,7937,1984,2
2399,P050,7938,1984,3
2399,P050,7939,1984,4
2399,P050,7940,1985,1
2399,P050,7941,1985,2
2399,P050,7942,1985,3
2399,P050,7943,1985,4
2399,P050,7944,1986,1
2399,P050,7945,1986,2
2400,P051,7939,1984,4
2400,P051,7940,1985,1
2400,P051,7942,1985,3
2400,P051,7943,1985,4
2400,P051,7944,1986,1
2401,P052,7936,1984,1
2401,P052,7940,1985,1
2401,P052,7943,1985,4
2401,P052,7944,1986,1
2401,P052,7945,1986,2
2401,P052,7946,1986,3
2401,P052,7947,1986,4
2401,P052,7948,1987,1
2401,P052,7949,1987,2
2401,P052,7952,1988,1
2401,P052,7953,1988,2
2401,P052,7954,1988,3
2401,P052,7956,1989,1
2401,P052,7959,1989,4
2401,P052,7960,1990,1
2401,P052,7963,1990,4
2401,P052,7964,1991,1
2401,P052,7965,1991,2
2401,P052,7966,1991,3
2401,P052,7967,1991,4
2401,P052,7968,1992,1
2402,P053,7937,1984,2
2402,P053,7938,1984,3
2402,P053,7939,1984,4
2402,P053,7940,1985,1
2403,P054,7937,1984,2
2403,P054,7939,1984,4
2403,P054,7940,1985,1
2403,P054,7944,1986,1
2403,P054,7945,1986,2
2403,P054,7946,1986,3
2403,P054,7947,1986,4
2403,P054,7948,1987,1
2403,P054,7951,1987,4
2403,P054,7952,1988,1
2403,P054,7953,1988,2
2403,P054,7955,1988,4
2403,P054,7956,1989,1
2403,P054,7958,1989,3
2403,P054,7960,1990,1
2403,P054,7961,1990,2
2403,P054,7964,1991,1
2403,P054,7966,1991,3
2403,P054,7968,1992,1
2403,P054,7970,1992,3
2403,P054,7971,1992,4
2403,P054,7972,1993,1
2403,P054,7973,1993,2
2407,P058,7935,1983,4
2407,P058,7936,1984,1
2407,P058,7940,1985,1
2408,P059,7939,1984,4
2408,P059,7941,1985,2
2408,P059,7942,1985,3
2408,P059,7943,1985,4
2408,P059,7944,1986,1
2409,Q001,8000,2000,1
2409,Q001,8001,2000,2
2409,Q001,8002,2000,3
2409,Q001,8004,2001,1
2409,Q001,8005,2001,2
2410,Q002,7997,1999,2
2410,Q002,7998,1999,3
2410,Q002,7999,1999,4
2410,Q002,8000,2000,1
2411,Q003,7997,1999,2
2411,Q003,7999,1999,4
2411,Q003,8001,2000,2
2415,Q007,7997,1999,2
2415,Q007,7999,1999,4
2415,Q007,8001,2000,2
2415,Q007,8002,2000,3
2415,Q007,8003,2000,4
2415,Q007,8004,2001,1
2415,Q007,8005,2001,2
2415,Q007,8007,2001,4
2415,Q007,8008,2002,1
2415,Q007,8009,2002,2
2415,Q007,8011,2002,4
2415,Q007,8012,2003,1
2415,Q007,8013,2003,2
2415,Q007,8014,2003,3
2415,Q007,8015,2003,4
2415,Q007,8016,2004,1
2415,Q007,8017,2004,2
2415,Q007,8019,2004,4
2415,Q007,8020,2005,1
2415,Q007,8021,2005,2
2415,Q007,8022,2005,3
2415,Q007,8023,2005,4
2415,Q007,8024,2006,1
2415,Q007,8025,2006,2
2415,Q007,8027,2006,4
2415,Q007,8028,2007,1
2415,Q007,8029,2007,2
2415,Q007,8030,2007,3
2415,Q007,8031,2007,4
2415,Q007,8032,2008,1
2415,Q007,8033,2008,2
2415,Q007,8034,2008,3
2415,Q007,8035,2008,4
2415,Q007,8036,2009,1
2415,Q007,8037,2009,2
2415,Q007,8038,2009,3
2416,Q008,8002,2000,3
2416,Q008,8003,2000,4
2416,Q008,8004,2001,1
2416,Q008,8005,2001,2
2416,Q008,8007,2001,4
2416,Q008,8008,2002,1
2416,Q008,8010,2002,3
2416,Q008,8011,2002,4
2416,Q008,8012,2003,1
2416,Q008,8013,2003,2
2416,Q008,8015,2003,4
2416,Q008,8016,2004,1
2416,Q008,8017,2004,2
2416,Q008,8018,2004,3
2416,Q008,8019,2004,4
2416,Q008,8020,2005,1
2416,Q008,8021,2005,2
2420,Q012,7999,1999,4
2420,Q012,8003,2000,4
2420,Q012,8004,2001,1
2420,Q012,8005,2001,2
2420,Q012,8006,2001,3
2420,Q012,8007,2001,4
2420,Q012,8008,2002,1
2420,Q012,8009,2002,2
2420,Q012,8010,2002,3
2420,Q012,8011,2002,4
2420,Q012,8012,2003,1
2422,Q014,7999,1999,4
2423,Q015,7999,1999,4
2423,Q015,8000,2000,1
2423,Q015,8003,2000,4
2423,Q015,8004,2001,1
2423,Q015,8005,2001,2
2423,Q015,8010,2002,3
2423,Q015,8011,2002,4
2423,Q015,8012,2003,1
2423,Q015,8013,2003,2
2423,Q015,8014,2003,3
2423,Q015,8016,2004,1
2424,Q016,7999,1999,4
2434,Q026,7999,1999,4
2434,Q026,8000,2000,1
2434,Q026,8001,2000,2
2434,Q026,8002,2000,3
2434,Q026,8004,2001,1
2434,Q026,8005,2001,2
2434,Q026,8007,2001,4
2434,Q026,8008,2002,1
2434,Q026,8009,2002,2
2435,Q027,7999,1999,4
2436,Q028,8002,2000,3
2436,Q028,8004,2001,1
2436,Q028,8005,2001,2
2436,Q028,8008,2002,1
2436,Q028,8012,2003,1
2436,Q028,8013,2003,2
2436,Q028,8016,2004,1
2436,Q028,8017,2004,2
2436,Q028,8018,2004,3
2436,Q028,8020,2005,1
2436,Q028,8023,2005,4
2436,Q028,8024,2006,1
2436,Q028,8025,2006,2
2436,Q028,8027,2006,4
2436,Q028,8028,2007,1
2436,Q028,8029,2007,2
2436,Q028,8030,2007,3
2436,Q028,8031,2007,4
2436,Q028,8032,2008,1
2436,Q028,8036,2009,1
2436,Q028,8037,2009,2
2436,Q028,8038,2009,3
2436,Q028,8039,2009,4
2436,Q028,8040,2010,1
2436,Q028,8043,2010,4
2436,Q028,8044,2011,1
2437,Q029,7999,1999,4
2437,Q029,8003,2000,4
2439,Q031,8003,2000,4
2439,Q031,8004,2001,1
2439,Q031,8008,2002,1
2439,Q031,8009,2002,2
2439,Q031,8010,2002,3
2439,Q031,8011,2002,4
2439,Q031,8012,2003,1
2439,Q031,8013,2003,2
2439,Q031,8014,2003,3
2439,Q031,8015,2003,4
2439,Q031,8016,2004,1
2440,Q032,8002,2000,3
2440,Q032,8004,2001,1
2440,Q032,8008,2002,1
2441,Q033,8004,2001,1
2441,Q033,8008,2002,1
2441,Q033,8011,2002,4
2441,Q033,8012,2003,1
2441,Q033,8013,2003,2
2441,Q033,8015,2003,4
2441,Q033,8016,2004,1
2441,Q033,8019,2004,4
2441,Q033,8020,2005,1
2441,Q033,8023,2005,4
2441,Q033,8024,2006,1
2444,Q036,8001,2000,2
2444,Q036,8004,2001,1
2444,Q036,8007,2001,4
2444,Q036,8009,2002,2
2444,Q036,8011,2002,4
2444,Q036,8012,2003,1
2444,Q036,8013,2003,2
2444,Q036,8015,2003,4
2444,Q036,8016,2004,1
2444,Q036,8017,2004,2
2444,Q036,8018,2004,3
2444,Q036,8019,2004,4
2444,Q036,8020,2005,1
2444,Q036,8023,2005,4
2444,Q036,8024,2006,1
2444,Q036,8027,2006,4
2447,Q039,8003,2000,4
2447,Q039,8004,2001,1
2447,Q039,8008,2002,1
2449,Q041,7999,1999,4
2454,Q046,8003,2000,4
2454,Q046,8004,2001,1
2454,Q046,8005,2001,2
2454,Q046,8006,2001,3
2456,Q048,7999,1999,4
2456,Q048,8000,2000,1
2456,Q048,8004,2001,1
2457,Q049,8001,2000,2
2457,Q049,8003,2000,4
2457,Q049,8004,2001,1
2460,Q052,8003,2000,4
2460,Q052,8004,2001,1
2461,Q053,8001,2000,2
2462,Q054,7998,1999,3
2462,Q054,8000,2000,1
2467,Q059,8003,2000,4
2467,Q059,8004,2001,1
2467,Q059,8005,2001,2
2468,Q060,8000,2000,1
2468,Q060,8001,2000,2
2468,Q060,8002,2000,3
2468,Q060,8003,2000,4
2468,Q060,8004,2001,1
2468,Q060,8006,2001,3
2468,Q060,8007,2001,4
2468,Q060,8008,2002,1
2468,Q060,8009,2002,2
2468,Q060,8011,2002,4
2468,Q060,8012,2003,1
2468,Q060,8013,2003,2
2468,Q060,8014,2003,3
2468,Q060,8015,2003,4
2468,Q060,8016,2004,1
2468,Q060,8017,2004,2
2468,Q060,8018,2004,3
2469,Q061,7999,1999,4
2472,Q064,8001,2000,2
2473,Q065,7999,1999,4
2473,Q065,8000,2000,1
2473,Q065,8001,2000,2
2473,Q065,8004,2001,1
2473,Q065,8007,2001,4
2473,Q065,8008,2002,1
2473,Q065,8009,2002,2
2473,Q065,8011,2002,4
2473,Q065,8012,2003,1
2473,Q065,8013,2003,2
2473,Q065,8014,2003,3
2473,Q065,8015,2003,4
2473,Q065,8016,2004,1
2473,Q065,8017,2004,2
2473,Q065,8018,2004,3
2473,Q065,8019,2004,4
2473,Q065,8020,2005,1
2473,Q065,8021,2005,2
2473,Q065,8022,2005,3
2473,Q065,8023,2005,4
2473,Q065,8024,2006,1
2473,Q065,8025,2006,2
2473,Q065,8026,2006,3
2473,Q065,8027,2006,4
2473,Q065,8028,2007,1
2473,Q065,8029,2007,2
2474,Q066,7999,1999,4
2474,Q066,8000,2000,1
2474,Q066,8001,2000,2
2474,Q066,8003,2000,4
2474,Q066,8004,2001,1
2474,Q066,8007,2001,4
2474,Q066,8008,2002,1
2474,Q066,8009,2002,2
2474,Q066,8010,2002,3
2474,Q066,8011,2002,4
2474,Q066,8012,2003,1
2474,Q066,8014,2003,3
2474,Q066,8015,2003,4
2474,Q066,8016,2004,1
2474,Q066,8017,2004,2
2474,Q066,8018,2004,3
2474,Q066,8019,2004,4
2474,Q066,8020,2005,1
2474,Q066,8022,2005,3
2474,Q066,8023,2005,4
2474,Q066,8024,2006,1
2474,Q066,8025,2006,2
2474,Q066,8026,2006,3
2474,Q066,8027,2006,4
2474,Q066,8028,2007,1
2474,Q066,8030,2007,3
2475,Q067,8001,2000,2
2477,Q069,8001,2000,2
2478,Q070,8001,2000,2
2478,Q070,8003,2000,4
2478,Q070,8005,2001,2
2480,Q072,8000,2000,1
2480,Q072,8001,2000,2
2480,Q072,8004,2001,1
2480,Q072,8006,2001,3
2480,Q072,8007,2001,4
2480,Q072,8008,2002,1
2480,Q072,8009,2002,2
2480,Q072,8011,2002,4
2480,Q072,8012,2003,1
2480,Q072,8015,2003,4
2480,Q072,8016,2004,1
2480,Q072,8017,2004,2
2480,Q072,8018,2004,3
2480,Q072,8019,2004,4
2480,Q072,8020,2005,1
2480,Q072,8023,2005,4
2480,Q072,8024,2006,1
2481,Q073,7999,1999,4
2482,Q074,8001,2000,2
2482,Q074,8004,2001,1
2482,Q074,8007,2001,4
2482,Q074,8008,2002,1
2482,Q074,8009,2002,2
2482,Q074,8011,2002,4
2482,Q074,8012,2003,1
2482,Q074,8016,2004,1
2482,Q074,8017,2004,2
2482,Q074,8019,2004,4
2482,Q074,8020,2005,1
2482,Q074,8024,2006,1
2482,Q074,8025,2006,2
2482,Q074,8027,2006,4
2482,Q074,8028,2007,1
2482,Q074,8031,2007,4
2482,Q074,8032,2008,1
2483,Q075,7999,1999,4
2483,Q075,8000,2000,1
2483,Q075,8001,2000,2
2485,Q077,7999,1999,4
2485,Q077,8001,2000,2
2485,Q077,8003,2000,4
2485,Q077,8004,2001,1
2485,Q077,8005,2001,2
2485,Q077,8007,2001,4
2485,Q077,8008,2002,1
2485,Q077,8009,2002,2
2485,Q077,8011,2002,4
2485,Q077,8012,2003,1
2485,Q077,8013,2003,2
2485,Q077,8015,2003,4
2485,Q077,8016,2004,1
2486,Q078,7999,1999,4
2486,Q078,8004,2001,1
2486,Q078,8007,2001,4
2486,Q078,8008,2002,1
2486,Q078,8009,2002,2
2487,Q079,7999,1999,4
2487,Q079,8000,2000,1
2487,Q079,8004,2001,1
2489,Q081,8003,2000,4
2489,Q081,8004,2001,1
2489,Q081,8005,2001,2
2489,Q081,8007,2001,4
2489,Q081,8008,2002,1
2489,Q081,8012,2003,1
2489,Q081,8013,2003,2
2489,Q081,8014,2003,3
2489,Q081,8016,2004,1
2489,Q081,8017,2004,2
2489,Q081,8019,2004,4
2489,Q081,8020,2005,1
2489,Q081,8023,2005,4
2489,Q081,8024,2006,1
2489,Q081,8025,2006,2
2489,Q081,8028,2007,1
2489,Q081,8029,2007,2
2489,Q081,8030,2007,3
2489,Q081,8032,2008,1
2489,Q081,8033,2008,2
2489,Q081,8035,2008,4
2489,Q081,8036,2009,1
2489,Q081,8040,2010,1
2489,Q081,8041,2010,2
2491,Q083,8003,2000,4
2491,Q083,8004,2001,1
2491,Q083,8005,2001,2
2492,Q084,7999,1999,4
2492,Q084,8004,2001,1
2492,Q084,8007,2001,4
2492,Q084,8008,2002,1
2493,Q085,8001,2000,2
2493,Q085,8004,2001,1
2493,Q085,8005,2001,2
2494,Q086,8003,2000,4
2495,Q087,8001,2000,2
2495,Q087,8003,2000,4
2495,Q087,8004,2001,1
2495,Q087,8005,2001,2
2495,Q087,8006,2001,3
2495,Q087,8007,2001,4
2495,Q087,8008,2002,1
2495,Q087,8009,2002,2
2495,Q087,8010,2002,3
2495,Q087,8011,2002,4
2495,Q087,8012,2003,1
2495,Q087,8013,2003,2
2495,Q087,8014,2003,3
2495,Q087,8015,2003,4
2495,Q087,8016,2004,1
2495,Q087,8017,2004,2
2495,Q087,8018,2004,3
2495,Q087,8019,2004,4
2495,Q087,8020,2005,1
2495,Q087,8021,2005,2
2496,Q088,7999,1999,4
2496,Q088,8001,2000,2
2498,Q090,7999,1999,4
2498,Q090,8001,2000,2
2498,Q090,8002,2000,3
2498,Q090,8003,2000,4
2498,Q090,8004,2001,1
2498,Q090,8005,2001,2
2498,Q090,8006,2001,3
2498,Q090,8007,2001,4
2498,Q090,8008,2002,1
2498,Q090,8009,2002,2
2498,Q090,8011,2002,4
2498,Q090,8012,2003,1
2501,Q093,8001,2000,2
2501,Q093,8004,2001,1
2502,Q094,8001,2000,2
2502,Q094,8002,2000,3
2502,Q094,8003,2000,4
2502,Q094,8007,2001,4
2502,Q094,8009,2002,2
2502,Q094,8011,2002,4
2502,Q094,8012,2003,1
2502,Q094,8015,2003,4
2502,Q094,8016,2004,1
2502,Q094,8017,2004,2
2502,Q094,8018,2004,3
2502,Q094,8019,2004,4
2502,Q094,8020,2005,1
2502,Q094,8021,2005,2
2502,Q094,8024,2006,1
2502,Q094,8025,2006,2
2502,Q094,8026,2006,3
2502,Q094,8027,2006,4
2502,Q094,8028,2007,1
2502,Q094,8030,2007,3
2502,Q094,8031,2007,4
2502,Q094,8032,2008,1
2502,Q094,8033,2008,2
2503,Q095,8001,2000,2
2504,Q096,7999,1999,4
2504,Q096,8000,2000,1
2504,Q096,8002,2000,3
2504,Q096,8003,2000,4
2504,Q096,8004,2001,1
2504,Q096,8005,2001,2
2504,Q096,8006,2001,3
2504,Q096,8007,2001,4
2504,Q096,8008,2002,1
2505,Q097,8000,2000,1
2506,Q098,8003,2000,4
2506,Q098,8004,2001,1
2507,R002,7913,1978,2
2507,R002,7914,1978,3
2507,R002,7915,1978,4
2507,R002,7916,1979,1
2507,R002,7917,1979,2
2508,R003,7914,1978,3
2508,R003,7915,1978,4
2508,R003,7917,1979,2
2508,R003,7919,1979,4
2508,R003,7920,1980,1
2508,R003,7921,1980,2
2513,R008,7914,1978,3
2513,R008,7915,1978,4
2513,R008,7916,1979,1
2513,R008,7917,1979,2
2515,R010,7914,1978,3
2515,R010,7915,1978,4
2515,R010,7916,1979,1
2515,R010,7917,1979,2
2515,R010,7919,1979,4
2515,R010,7920,1980,1
2515,R010,7921,1980,2
2515,R010,7923,1980,4
2515,R010,7924,1981,1
2515,R010,7925,1981,2
2515,R010,7926,1981,3
2515,R010,7927,1981,4
2515,R010,7928,1982,1
2515,R010,7929,1982,2
2516,R011,7914,1978,3
2516,R011,7915,1978,4
2516,R011,7916,1979,1
2516,R011,7917,1979,2
2516,R011,7919,1979,4
2516,R011,7920,1980,1
2516,R011,7921,1980,2
2516,R011,7922,1980,3
2516,R011,7923,1980,4
2516,R011,7924,1981,1
2518,R013,7914,1978,3
2518,R013,7915,1978,4
2518,R013,7916,1979,1
2518,R013,7918,1979,3
2518,R013,7919,1979,4
2518,R013,7920,1980,1
2518,R013,7921,1980,2
2518,R013,7923,1980,4
2518,R013,7924,1981,1
2518,R013,7925,1981,2
2518,R013,7926,1981,3
2518,R013,7929,1982,2
2518,R013,7931,1982,4
2518,R013,7934,1983,3
2518,R013,7935,1983,4
2518,R013,7936,1984,1
2518,R013,7937,1984,2
2518,R013,7938,1984,3
2518,R013,7939,1984,4
2518,R013,7940,1985,1
2518,R013,7941,1985,2
2518,R013,7944,1986,1
2518,R013,7945,1986,2
2518,R013,7946,1986,3
2518,R013,7947,1986,4
2518,R013,7948,1987,1
2518,R013,7949,1987,2
2518,R013,7952,1988,1
2518,R013,7954,1988,3
2518,R013,7956,1989,1
2519,R014,7914,1978,3
2519,R014,7916,1979,1
2519,R014,7918,1979,3
2519,R014,7919,1979,4
2519,R014,7920,1980,1
2520,R015,7915,1978,4
2520,R015,7916,1979,1
2520,R015,7917,1979,2
2520,R015,7918,1979,3
2520,R015,7919,1979,4
2520,R015,7920,1980,1
2520,R015,7921,1980,2
2521,R016,7914,1978,3
2521,R016,7915,1978,4
2521,R016,7916,1979,1
2521,R016,7917,1979,2
2521,R016,7919,1979,4
2521,R016,7921,1980,2
2521,R016,7922,1980,3
2521,R016,7923,1980,4
2521,R016,7924,1981,1
2521,R016,7925,1981,2
2521,R016,7927,1981,4
2521,R016,7928,1982,1
2521,R016,7929,1982,2
2521,R016,7931,1982,4
2521,R016,7932,1983,1
2521,R016,7935,1983,4
2524,R019,7914,1978,3
2524,R019,7915,1978,4
2524,R019,7916,1979,1
2524,R019,7917,1979,2
2524,R019,7918,1979,3
2524,R019,7919,1979,4
2524,R019,7920,1980,1
2524,R019,7921,1980,2
2524,R019,7922,1980,3
2524,R019,7923,1980,4
2524,R019,7924,1981,1
2524,R019,7925,1981,2
2524,R019,7926,1981,3
2524,R019,7927,1981,4
2524,R019,7928,1982,1
2524,R019,7929,1982,2
2524,R019,7930,1982,3
2524,R019,7931,1982,4
2527,R022,7914,1978,3
2527,R022,7915,1978,4
2527,R022,7916,1979,1
2527,R022,7917,1979,2
2527,R022,7918,1979,3
2527,R022,7919,1979,4
2527,R022,7920,1980,1
2527,R022,7921,1980,2
2527,R022,7922,1980,3
2527,R022,7923,1980,4
2527,R022,7924,1981,1
2527,R022,7925,1981,2
2527,R022,7926,1981,3
2527,R022,7927,1981,4
2527,R022,7928,1982,1
2527,R022,7929,1982,2
2527,R022,7931,1982,4
2527,R022,7932,1983,1
2527,R022,7933,1983,2
2527,R022,7934,1983,3
2527,R022,7935,1983,4
2527,R022,7936,1984,1
2529,R025,7914,1978,3
2529,R025,7915,1978,4
2529,R025,7916,1979,1
2529,R025,7917,1979,2
2529,R025,7919,1979,4
2529,R025,7920,1980,1
2529,R025,7921,1980,2
2529,R025,7923,1980,4
2529,R025,7924,1981,1
2529,R025,7925,1981,2
2532,R028,7915,1978,4
2532,R028,7916,1979,1
2532,R028,7917,1979,2
2532,R028,7919,1979,4
2532,R028,7920,1980,1
2532,R028,7921,1980,2
2532,R028,7923,1980,4
2532,R028,7924,1981,1
2532,R028,7925,1981,2
2533,R029,7914,1978,3
2533,R029,7915,1978,4
2533,R029,7916,1979,1
2533,R029,7917,1979,2
2533,R029,7919,1979,4
2533,R029,7920,1980,1
2533,R029,7921,1980,2
2533,R029,7922,1980,3
2533,R029,7923,1980,4
2533,R029,7924,1981,1
2533,R029,7925,1981,2
2536,R032,7914,1978,3
2536,R032,7915,1978,4
2536,R032,7916,1979,1
2536,R032,7917,1979,2
2536,R032,7919,1979,4
2536,R032,7920,1980,1
2536,R032,7921,1980,2
2536,R032,7922,1980,3
2536,R032,7923,1980,4
2536,R032,7924,1981,1
2537,R033,7914,1978,3
2537,R033,7915,1978,4
2537,R033,7916,1979,1
2537,R033,7917,1979,2
2538,R034,7914,1978,3
2538,R034,7915,1978,4
2538,R034,7916,1979,1
2538,R034,7917,1979,2
2543,R039,7914,1978,3
2543,R039,7915,1978,4
2543,R039,7916,1979,1
2543,R039,7917,1979,2
2543,R039,7918,1979,3
2543,R039,7919,1979,4
2543,R039,7920,1980,1
2543,R039,7921,1980,2
2543,R039,7922,1980,3
2543,R039,7924,1981,1
2543,R039,7925,1981,2
2543,R039,7926,1981,3
2543,R039,7927,1981,4
2543,R039,7928,1982,1
2543,R039,7929,1982,2
2543,R039,7930,1982,3
2543,R039,7931,1982,4
2543,R039,7932,1983,1
2546,R042,7914,1978,3
2546,R042,7915,1978,4
2546,R042,7916,1979,1
2546,R042,7917,1979,2
2548,R044,7914,1978,3
2548,R044,7915,1978,4
2548,R044,7916,1979,1
2548,R044,7917,1979,2
2552,R048,7914,1978,3
2552,R048,7915,1978,4
2552,R048,7916,1979,1
2552,R048,7917,1979,2
2552,R048,7919,1979,4
2552,R048,7920,1980,1
2552,R048,7921,1980,2
2552,R048,7922,1980,3
2552,R048,7923,1980,4
2552,R048,7924,1981,1
2552,R048,7925,1981,2
2552,R048,7926,1981,3
2552,R048,7927,1981,4
2552,R048,7928,1982,1
2552,R048,7929,1982,2
2552,R048,7930,1982,3
2552,R048,7931,1982,4
2552,R048,7932,1983,1
2552,R048,7933,1983,2
2552,R048,7935,1983,4
2552,R048,7936,1984,1
2552,R048,7937,1984,2
2552,R048,7938,1984,3
2552,R048,7939,1984,4
2552,R048,7940,1985,1
2552,R048,7941,1985,2
2552,R048,7942,1985,3
2552,R048,7943,1985,4
2552,R048,7944,1986,1
2552,R048,7946,1986,3
2552,R048,7947,1986,4
2552,R048,7948,1987,1
2552,R048,7949,1987,2
2552,R048,7950,1987,3
2552,R048,7951,1987,4
2552,R048,7952,1988,1
2552,R048,7953,1988,2
2552,R048,7954,1988,3
2552,R048,7956,1989,1
2552,R048,7957,1989,2
2552,R048,7960,1990,1
2552,R048,7961,1990,2
2554,R050,7914,1978,3
2554,R050,7915,1978,4
2554,R050,7916,1979,1
2554,R050,7917,1979,2
2556,R052,7914,1978,3
2556,R052,7915,1978,4
2556,R052,7916,1979,1
2556,R052,7917,1979,2
2557,R053,7914,1978,3
2557,R053,7915,1978,4
2557,R053,7916,1979,1
2557,R053,7917,1979,2
2558,R054,7914,1978,3
2558,R054,7915,1978,4
2558,R054,7916,1979,1
2558,R054,7917,1979,2
2558,R054,7918,1979,3
2558,R054,7919,1979,4
2558,R054,7920,1980,1
2558,R054,7921,1980,2
2561,R057,7914,1978,3
2561,R057,7915,1978,4
2561,R057,7916,1979,1
2561,R057,7917,1979,2
2562,R058,7914,1978,3
2562,R058,7915,1978,4
2562,R058,7916,1979,1
2562,R058,7917,1979,2
2567,R063,7914,1978,3
2567,R063,7915,1978,4
2567,R063,7916,1979,1
2567,R063,7917,1979,2
2567,R063,7919,1979,4
2567,R063,7920,1980,1
2567,R063,7921,1980,2
2567,R063,7922,1980,3
2567,R063,7923,1980,4
2567,R063,7924,1981,1
2568,R064,7914,1978,3
2568,R064,7915,1978,4
2568,R064,7916,1979,1
2568,R064,7917,1979,2
2568,R064,7919,1979,4
2568,R064,7920,1980,1
2568,R064,7921,1980,2
2568,R064,7923,1980,4
2568,R064,7924,1981,1
2568,R064,7925,1981,2
2569,R065,7914,1978,3
2569,R065,7915,1978,4
2569,R065,7916,1979,1
2569,R065,7917,1979,2
2569,R065,7918,1979,3
2569,R065,7919,1979,4
2569,R065,7920,1980,1
2569,R065,7921,1980,2
2569,R065,7922,1980,3
2569,R065,7923,1980,4
2569,R065,7924,1981,1
2569,R065,7925,1981,2
2569,R065,7926,1981,3
2569,R065,7927,1981,4
2569,R065,7928,1982,1
2569,R065,7930,1982,3
2569,R065,7931,1982,4
2569,R065,7932,1983,1
2569,R065,7933,1983,2
2569,R065,7934,1983,3
2569,R065,7936,1984,1
2569,R065,7937,1984,2
2569,R065,7939,1984,4
2569,R065,7940,1985,1
2569,R065,7941,1985,2
2569,R065,7942,1985,3
2571,R067,7915,1978,4
2571,R067,7916,1979,1
2571,R067,7917,1979,2
2571,R067,7918,1979,3
2572,R068,7915,1978,4
2572,R068,7916,1979,1
2572,R068,7917,1979,2
2572,R068,7918,1979,3
2573,R069,7915,1978,4
2573,R069,7916,1979,1
2573,R069,7917,1979,2
2573,R069,7918,1979,3
2574,R070,7915,1978,4
2574,R070,7916,1979,1
2574,R070,7917,1979,2
2574,R070,7918,1979,3
2578,R074,7915,1978,4
2578,R074,7916,1979,1
2578,R074,7917,1979,2
2578,R074,7918,1979,3
2579,R075,7915,1978,4
2579,R075,7916,1979,1
2579,R075,7917,1979,2
2579,R075,7918,1979,3
2580,R076,7915,1978,4
2580,R076,7916,1979,1
2580,R076,7917,1979,2
2580,R076,7918,1979,3
2582,R078,7915,1978,4
2582,R078,7916,1979,1
2582,R078,7917,1979,2
2582,R078,7918,1979,3
2584,R080,7915,1978,4
2584,R080,7916,1979,1
2584,R080,7917,1979,2
2584,R080,7918,1979,3
2587,R083,7915,1978,4
2587,R083,7916,1979,1
2587,R083,7917,1979,2
2587,R083,7918,1979,3
2591,R087,7915,1978,4
2591,R087,7916,1979,1
2591,R087,7917,1979,2
2591,R087,7918,1979,3
2595,R091,7915,1978,4
2595,R091,7916,1979,1
2595,R091,7917,1979,2
2595,R091,7918,1979,3
2595,R091,7919,1979,4
2595,R091,7920,1980,1
2595,R091,7921,1980,2
2595,R091,7923,1980,4
2595,R091,7924,1981,1
2595,R091,7925,1981,2
2595,R091,7926,1981,3
2595,R091,7927,1981,4
2595,R091,7928,1982,1
2595,R091,7929,1982,2
2595,R091,7930,1982,3
2595,R091,7931,1982,4
2595,R091,7933,1983,2
2595,R091,7934,1983,3
2595,R091,7935,1983,4
2595,R091,7936,1984,1
2595,R091,7937,1984,2
2595,R091,7938,1984,3
2595,R091,7939,1984,4
2595,R091,7940,1985,1
2595,R091,7941,1985,2
2597,R093,7915,1978,4
2597,R093,7916,1979,1
2597,R093,7917,1979,2
2598,R094,7915,1978,4
2598,R094,7916,1979,1
2598,R094,7917,1979,2
2668,S006,7985,1996,2
2668,S006,7988,1997,1
2668,S006,7989,1997,2
2668,S006,7991,1997,4
2668,S006,7992,1998,1
2668,S006,7993,1998,2
2668,S006,7994,1998,3
2673,S011,7991,1997,4
2673,S011,7992,1998,1
2673,S011,7994,1998,3
2673,S011,7995,1998,4
2673,S011,7996,1999,1
2673,S011,7999,1999,4
2673,S011,8000,2000,1
2676,S014,7988,1997,1
2676,S014,7991,1997,4
2676,S014,7992,1998,1
2676,S014,7995,1998,4
2676,S014,7996,1999,1
2676,S014,7997,1999,2
2676,S014,7998,1999,3
2676,S014,7999,1999,4
2676,S014,8000,2000,1
2678,S016,7991,1997,4
2678,S016,7992,1998,1
2678,S016,7994,1998,3
2685,S023,7990,1997,3
2685,S023,7991,1997,4
2685,S023,7992,1998,1
2685,S023,7993,1998,2
2686,S024,7992,1998,1
2686,S024,7996,1999,1
2686,S024,7999,1999,4
2686,S024,8000,2000,1
2686,S024,8004,2001,1
2686,S024,8006,2001,3
2686,S024,8007,2001,4
2686,S024,8008,2002,1
2688,S026,7988,1997,1
2688,S026,7991,1997,4
2688,S026,7996,1999,1
2688,S026,7997,1999,2
2688,S026,7998,1999,3
2688,S026,8000,2000,1
2689,S027,7992,1998,1
2689,S027,7993,1998,2
2689,S027,7995,1998,4
2691,S029,7987,1996,4
2691,S029,7988,1997,1
2691,S029,7989,1997,2
2691,S029,7990,1997,3
2693,S031,7989,1997,2
2693,S031,7990,1997,3
2693,S031,7991,1997,4
2693,S031,7992,1998,1
2693,S031,7993,1998,2
2693,S031,7994,1998,3
2693,S031,7995,1998,4
2693,S031,7996,1999,1
2693,S031,7997,1999,2
2695,S033,7989,1997,2
2695,S033,7990,1997,3
2697,S035,7988,1997,1
2697,S035,7989,1997,2
2699,S037,7989,1997,2
2699,S037,7991,1997,4
2699,S037,7992,1998,1
2699,S037,7993,1998,2
2699,S037,7994,1998,3
2699,S037,7995,1998,4
2699,S037,7996,1999,1
2699,S037,7997,1999,2
2699,S037,7999,1999,4
2699,S037,8000,2000,1
2699,S037,8001,2000,2
2699,S037,8002,2000,3
2699,S037,8003,2000,4
2699,S037,8004,2001,1
2699,S037,8005,2001,2
2700,S038,7987,1996,4
2700,S038,7988,1997,1
2700,S038,7989,1997,2
2700,S038,7990,1997,3
2700,S038,7992,1998,1
2700,S038,7993,1998,2
2700,S038,7994,1998,3
2700,S038,7995,1998,4
2700,S038,7996,1999,1
2700,S038,7997,1999,2
2703,S041,7987,1996,4
2703,S041,7988,1997,1
2703,S041,7989,1997,2
2704,S042,7987,1996,4
2704,S042,7988,1997,1
2704,S042,7989,1997,2
2704,S042,7991,1997,4
2704,S042,7992,1998,1
2704,S042,7993,1998,2
2704,S042,7994,1998,3
2704,S042,7995,1998,4
2704,S042,7996,1999,1
2704,S042,7997,1999,2
2704,S042,7998,1999,3
2704,S042,7999,1999,4
2704,S042,8000,2000,1
2704,S042,8001,2000,2
2704,S042,8002,2000,3
2704,S042,8003,2000,4
2704,S042,8004,2001,1
2704,S042,8005,2001,2
2704,S042,8006,2001,3
2704,S042,8007,2001,4
2704,S042,8008,2002,1
2704,S042,8009,2002,2
2704,S042,8010,2002,3
2704,S042,8011,2002,4
2704,S042,8012,2003,1
2705,S043,7991,1997,4
2705,S043,7992,1998,1
2705,S043,7994,1998,3
2705,S043,7996,1999,1
2705,S043,7998,1999,3
2705,S043,7999,1999,4
2705,S043,8000,2000,1
2706,S044,7989,1997,2
2706,S044,7991,1997,4
2706,S044,7992,1998,1
2706,S044,7993,1998,2
2706,S044,7994,1998,3
2706,S044,7995,1998,4
2706,S044,7996,1999,1
2706,S044,7997,1999,2
2706,S044,7999,1999,4
2706,S044,8000,2000,1
2706,S044,8001,2000,2
2706,S044,8002,2000,3
2706,S044,8003,2000,4
2706,S044,8004,2001,1
2706,S044,8005,2001,2
2706,S044,8006,2001,3
2706,S044,8007,2001,4
2706,S044,8008,2002,1
2706,S044,8009,2002,2
2706,S044,8010,2002,3
2706,S044,8011,2002,4
2706,S044,8012,2003,1
2706,S044,8013,2003,2
2706,S044,8014,2003,3
2706,S044,8015,2003,4
2706,S044,8016,2004,1
2706,S044,8017,2004,2
2706,S044,8018,2004,3
2706,S044,8019,2004,4
2706,S044,8020,2005,1
2708,T001,7969,1992,2
2708,T001,7970,1992,3
2708,T001,7971,1992,4
2708,T001,7972,1993,1
2708,T001,7973,1993,2
2708,T001,7974,1993,3
2708,T001,7975,1993,4
2708,T001,7976,1994,1
2708,T001,7977,1994,2
2713,T007,7970,1992,3
2713,T007,7971,1992,4
2713,T007,7972,1993,1
2714,T008,7971,1992,4
2714,T008,7975,1993,4
2714,T008,7976,1994,1
2714,T008,7977,1994,2
2719,T013,7971,1992,4
2719,T013,7975,1993,4
2722,T016,7975,1993,4
2722,T016,7976,1994,1
2722,T016,7977,1994,2
2722,T016,7978,1994,3
2722,T016,7979,1994,4
2722,T016,7980,1995,1
2722,T016,7981,1995,2
2722,T016,7982,1995,3
2722,T016,7983,1995,4
2722,T016,7984,1996,1
2723,T017,7974,1993,3
2723,T017,7975,1993,4
2723,T017,7976,1994,1
2723,T017,7977,1994,2
2723,T017,7979,1994,4
2723,T017,7980,1995,1
2723,T017,7981,1995,2
2723,T017,7983,1995,4
2723,T017,7984,1996,1
2723,T017,7985,1996,2
2723,T017,7986,1996,3
2723,T017,7987,1996,4
2723,T017,7988,1997,1
2724,T018,7972,1993,1
2726,T020,7972,1993,1
2726,T020,7973,1993,2
2728,T022,7972,1993,1
2728,T022,7973,1993,2
2728,T022,7975,1993,4
2728,T022,7976,1994,1
2728,T022,7977,1994,2
2728,T022,7978,1994,3
2728,T022,7979,1994,4
2728,T022,7980,1995,1
2730,T024,7972,1993,1
2730,T024,7974,1993,3
2730,T024,7976,1994,1
2730,T024,7978,1994,3
2730,T024,7979,1994,4
2730,T024,7980,1995,1
2730,T024,7981,1995,2
2731,T025,7975,1993,4
2731,T025,7977,1994,2
2731,T025,7978,1994,3
2731,T025,7979,1994,4
2731,T025,7980,1995,1
2731,T025,7981,1995,2
2731,T025,7983,1995,4
2731,T025,7984,1996,1
2731,T025,7985,1996,2
2731,T025,7986,1996,3
2731,T025,7987,1996,4
2731,T025,7988,1997,1
2731,T025,7991,1997,4
2731,T025,7992,1998,1
2731,T025,7994,1998,3
2731,T025,7996,1999,1
2736,T030,7972,1993,1
2736,T030,7976,1994,1
2736,T030,7979,1994,4
2736,T030,7981,1995,2
2737,T031,7970,1992,3
2737,T031,7975,1993,4
2737,T031,7976,1994,1
2737,T031,7977,1994,2
2738,T032,7981,1995,2
2738,T032,7983,1995,4
2738,T032,7985,1996,2
2738,T032,7987,1996,4
2738,T032,7988,1997,1
2738,T032,7993,1998,2
2738,T032,7994,1998,3
2738,T032,7995,1998,4
2738,T032,7996,1999,1
2738,T032,7997,1999,2
2738,T032,8000,2000,1
2739,T033,7973,1993,2
2739,T033,7976,1994,1
2739,T033,7981,1995,2
2739,T033,7983,1995,4
2739,T033,7984,1996,1
2739,T033,7985,1996,2
2739,T033,7988,1997,1
2739,T033,7991,1997,4
2747,T041,7973,1993,2
2753,T047,7977,1994,2
2753,T047,7981,1995,2
2753,T047,7983,1995,4
2753,T047,7985,1996,2
2753,T047,7987,1996,4
2753,T047,7993,1998,2
2753,T047,7996,1999,1
2753,T047,8000,2000,1
2753,T047,8002,2000,3
2753,T047,8003,2000,4
2753,T047,8005,2001,2
2753,T047,8010,2002,3
2754,T048,7972,1993,1
2754,T048,7976,1994,1
2754,T048,7977,1994,2
2754,T048,7980,1995,1
2754,T048,7981,1995,2
2754,T048,7984,1996,1
2754,T048,7985,1996,2
2754,T048,7987,1996,4
2754,T048,7988,1997,1
2754,T048,7989,1997,2
2754,T048,7991,1997,4
2754,T048,7992,1998,1
2754,T048,7993,1998,2
2756,T050,7973,1993,2
2756,T050,7977,1994,2
2756,T050,7979,1994,4
2756,T050,7980,1995,1
2756,T050,7981,1995,2
2756,T050,7984,1996,1
2756,T050,7985,1996,2
2756,T050,7987,1996,4
2756,T050,7988,1997,1
2756,T050,7991,1997,4
2756,T050,7992,1998,1
2756,T050,7993,1998,2
2756,T050,7994,1998,3
2756,T050,7996,1999,1
2756,T050,7997,1999,2
2756,T050,7999,1999,4
2756,T050,8000,2000,1
2756,T050,8003,2000,4
2756,T050,8004,2001,1
2756,T050,8006,2001,3
2757,T051,7970,1992,3
2757,T051,7973,1993,2
2757,T051,7975,1993,4
2757,T051,7976,1994,1
2757,T051,7977,1994,2
2757,T051,7980,1995,1
2757,T051,7981,1995,2
2757,T051,7983,1995,4
2760,T054,7970,1992,3
2761,T055,7971,1992,4
2761,T055,7972,1993,1
2761,T055,7973,1993,2
2761,T055,7974,1993,3
2761,T055,7975,1993,4
2761,T055,7976,1994,1
2761,T055,7977,1994,2
2763,T057,7972,1993,1
2763,T057,7973,1993,2
2764,T058,7971,1992,4
2764,T058,7973,1993,2
2765,T059,7973,1993,2
2766,T060,7973,1993,2
2766,T060,7975,1993,4
2766,T060,7977,1994,2
2767,T061,7973,1993,2
2768,T062,7973,1993,2
2768,T062,7976,1994,1
2768,T062,7977,1994,2
2770,T064,7973,1993,2
2770,T064,7975,1993,4
2770,T064,7976,1994,1
2770,T064,7977,1994,2
2771,T065,7973,1993,2
2772,T066,7971,1992,4
2772,T066,7973,1993,2
2772,T066,7977,1994,2
2772,T066,7979,1994,4
2772,T066,7980,1995,1
2772,T066,7981,1995,2
2774,T068,7973,1993,2
2774,T068,7975,1993,4
2777,T071,7971,1992,4
2777,T071,7972,1993,1
2777,T071,7973,1993,2
2777,T071,7976,1994,1
2777,T071,7977,1994,2
2777,T071,7979,1994,4
2777,T071,7980,1995,1
2777,T071,7981,1995,2
2777,T071,7984,1996,1
2777,T071,7985,1996,2
2777,T071,7986,1996,3
2777,T071,7987,1996,4
2777,T071,7988,1997,1
2777,T071,7989,1997,2
2778,T072,7973,1993,2
2778,T072,7976,1994,1
2778,T072,7977,1994,2
2778,T072,7979,1994,4
2778,T072,7980,1995,1
2778,T072,7981,1995,2
2778,T072,7982,1995,3
2778,T072,7983,1995,4
2778,T072,7984,1996,1
2778,T072,7985,1996,2
2779,T073,7971,1992,4
2779,T073,7973,1993,2
2779,T073,7976,1994,1
2779,T073,7977,1994,2
2779,T073,7979,1994,4
2779,T073,7980,1995,1
2779,T073,7981,1995,2
2779,T073,7982,1995,3
2779,T073,7983,1995,4
2779,T073,7984,1996,1
2779,T073,7985,1996,2
2779,T073,7987,1996,4
2779,T073,7988,1997,1
2779,T073,7989,1997,2
2779,T073,7991,1997,4
2779,T073,7992,1998,1
2779,T073,7993,1998,2
2779,T073,7995,1998,4
2779,T073,7996,1999,1
2779,T073,7997,1999,2
2781,T075,7971,1992,4
2781,T075,7973,1993,2
2781,T075,7975,1993,4
2781,T075,7977,1994,2
2781,T075,7978,1994,3
2782,T076,7971,1992,4
2782,T076,7972,1993,1
2782,T076,7973,1993,2
2782,T076,7974,1993,3
2782,T076,7975,1993,4
2782,T076,7976,1994,1
2782,T076,7977,1994,2
2783,T077,7973,1993,2
2783,T077,7975,1993,4
2783,T077,7976,1994,1
2783,T077,7977,1994,2
2783,T077,7980,1995,1
2783,T077,7983,1995,4
2783,T077,7984,1996,1
2785,T079,7976,1994,1
2785,T079,7977,1994,2
2785,T079,7978,1994,3
2785,T079,7980,1995,1
2785,T079,7981,1995,2
2785,T079,7982,1995,3
2785,T079,7983,1995,4
2785,T079,7984,1996,1
2785,T079,7985,1996,2
2785,T079,7986,1996,3
2785,T079,7987,1996,4
2785,T079,7988,1997,1
2785,T079,7989,1997,2
2785,T079,7990,1997,3
2785,T079,7991,1997,4
2785,T079,7992,1998,1
2785,T079,7993,1998,2
2785,T079,7994,1998,3
2785,T079,7995,1998,4
2785,T079,7996,1999,1
2786,T080,7973,1993,2
2786,T080,7974,1993,3
2786,T080,7975,1993,4
2786,T080,7976,1994,1
2786,T080,7977,1994,2
2786,T080,7979,1994,4
2787,T081,7977,1994,2
2787,T081,7980,1995,1
2787,T081,7981,1995,2
2787,T081,7983,1995,4
2787,T081,7984,1996,1
2787,T081,7985,1996,2
2788,T082,7979,1994,4
2788,T082,7983,1995,4
2788,T082,7984,1996,1
2790,T084,7977,1994,2
2790,T084,7978,1994,3
2790,T084,7979,1994,4
2790,T084,7980,1995,1
2790,T084,7981,1995,2
2791,T085,7978,1994,3
2791,T085,7979,1994,4
2792,T086,7976,1994,1
2792,T086,7978,1994,3
2792,T086,7979,1994,4
2792,T086,7980,1995,1
2792,T086,7983,1995,4
2792,T086,7984,1996,1
2792,T086,7985,1996,2
2792,T086,7986,1996,3
2792,T086,7987,1996,4
2792,T086,7988,1997,1
2792,T086,7989,1997,2
2792,T086,7990,1997,3
2792,T086,7991,1997,4
2792,T086,7992,1998,1
2793,T087,7972,1993,1
2793,T087,7976,1994,1
2793,T087,7977,1994,2
2793,T087,7980,1995,1
2793,T087,7981,1995,2
2793,T087,7983,1995,4
2793,T087,7984,1996,1
2793,T087,7986,1996,3
2793,T087,7987,1996,4
2793,T087,7988,1997,1
2793,T087,7989,1997,2
2793,T087,7990,1997,3
2793,T087,7991,1997,4
2793,T087,7992,1998,1
2793,T087,7993,1998,2
2794,T088,7972,1993,1
2794,T088,7973,1993,2
2795,T089,7976,1994,1
2795,T089,7978,1994,3
2795,T089,7979,1994,4
2795,T089,7980,1995,1
2795,T089,7983,1995,4
2795,T089,7984,1996,1
2796,T090,7971,1992,4
2797,T091,7973,1993,2
2797,T091,7974,1993,3
2799,T093,7976,1994,1
2801,T095,7972,1993,1
2801,T095,7973,1993,2
2801,T095,7975,1993,4
2801,T095,7976,1994,1
2801,T095,7977,1994,2
2801,T095,7980,1995,1
2801,T095,7981,1995,2
2801,T095,7982,1995,3
2802,T096,7971,1992,4
2802,T096,7973,1993,2
2802,T096,7975,1993,4
2802,T096,7976,1994,1
2802,T096,7977,1994,2
2803,T097,7971,1992,4
2803,T097,7972,1993,1
2803,T097,7973,1993,2
2803,T097,7976,1994,1
2803,T097,7977,1994,2
2803,T097,7979,1994,4
2803,T097,7980,1995,1
2803,T097,7981,1995,2
2804,T098,7971,1992,4
2804,T098,7975,1993,4
2804,T098,7977,1994,2
2805,T099,7971,1992,4
2805,T099,7972,1993,1
2806,T100,7971,1992,4
2806,T100,7972,1993,1
2807,T101,7973,1993,2
2807,T101,7974,1993,3
2807,T101,7978,1994,3
2807,T101,7979,1994,4
2807,T101,7980,1995,1
2807,T101,7981,1995,2
2807,T101,7983,1995,4
2807,T101,7984,1996,1
2807,T101,7985,1996,2
2808,T102,7972,1993,1
2808,T102,7973,1993,2
2808,T102,7974,1993,3
2808,T102,7976,1994,1
2808,T102,7977,1994,2
2808,T102,7979,1994,4
2808,T102,7980,1995,1
2808,T102,7981,1995,2
2808,T102,7982,1995,3
2808,T102,7983,1995,4
2808,T102,7984,1996,1
2808,T102,7987,1996,4
2808,T102,7988,1997,1
2808,T102,7991,1997,4
2808,T102,7992,1998,1
2808,T102,7993,1998,2
2808,T102,7994,1998,3
2808,T102,7995,1998,4
2808,T102,7996,1999,1
2808,T102,7999,1999,4
2808,T102,8000,2000,1
2812,T106,7975,1993,4
2812,T106,7976,1994,1
2812,T106,7979,1994,4
2812,T106,7980,1995,1
2812,T106,7981,1995,2
2812,T106,7982,1995,3
2812,T106,7983,1995,4
2812,T106,7984,1996,1
2812,T106,7985,1996,2
2812,T106,7987,1996,4
2812,T106,7988,1997,1
2812,T106,7989,1997,2
2812,T106,7990,1997,3
2812,T106,7991,1997,4
2812,T106,7992,1998,1
2812,T106,7993,1998,2
2812,T106,7995,1998,4
2812,T106,7996,1999,1
2812,T106,7997,1999,2
2813,T107,7972,1993,1
2813,T107,7973,1993,2
2814,T108,7973,1993,2
2814,T108,7974,1993,3
2814,T108,7975,1993,4
2814,T108,7976,1994,1
2814,T108,7977,1994,2
2814,T108,7979,1994,4
2814,T108,7980,1995,1
2814,T108,7981,1995,2
2814,T108,7982,1995,3
2814,T108,7983,1995,4
2814,T108,7984,1996,1
2814,T108,7985,1996,2
2814,T108,7986,1996,3
2814,T108,7987,1996,4
2814,T108,7988,1997,1
2814,T108,7989,1997,2
2814,T108,7990,1997,3
2814,T108,7991,1997,4
2814,T108,7992,1998,1
2814,T108,7993,1998,2
2814,T108,7994,1998,3
2815,T109,7973,1993,2
2815,T109,7975,1993,4
2815,T109,7976,1994,1
2815,T109,7977,1994,2
2818,U003,8007,2001,4
2818,U003,8009,2002,2
2818,U003,8012,2003,1
2818,U003,8013,2003,2
2820,U005,8007,2001,4
2820,U005,8009,2002,2
2820,U005,8011,2002,4
2820,U005,8013,2003,2
2823,U008,8007,2001,4
2823,U008,8009,2002,2
2823,U008,8012,2003,1
2823,U008,8015,2003,4
2823,U008,8016,2004,1
2823,U008,8017,2004,2
2823,U008,8019,2004,4
2823,U008,8020,2005,1
2823,U008,8022,2005,3
2823,U008,8023,2005,4
2823,U008,8024,2006,1
2823,U008,8026,2006,3
2823,U008,8027,2006,4
2823,U008,8028,2007,1
2823,U008,8030,2007,3
2823,U008,8031,2007,4
2823,U008,8032,2008,1
2823,U008,8033,2008,2
2823,U008,8034,2008,3
2823,U008,8035,2008,4
2823,U008,8036,2009,1
2823,U008,8038,2009,3
2824,U009,8007,2001,4
2824,U009,8009,2002,2
2824,U009,8012,2003,1
2824,U009,8015,2003,4
2824,U009,8017,2004,2
2824,U009,8018,2004,3
2825,U010,8007,2001,4
2825,U010,8009,2002,2
2825,U010,8010,2002,3
2826,U011,8007,2001,4
2827,U012,8007,2001,4
2827,U012,8009,2002,2
2827,U012,8011,2002,4
2827,U012,8012,2003,1
2827,U012,8015,2003,4
2827,U012,8016,2004,1
2827,U012,8017,2004,2
2827,U012,8019,2004,4
2827,U012,8020,2005,1
2827,U012,8021,2005,2
2827,U012,8022,2005,3
2827,U012,8023,2005,4
2827,U012,8024,2006,1
2827,U012,8025,2006,2
2827,U012,8026,2006,3
2827,U012,8027,2006,4
2827,U012,8028,2007,1
2827,U012,8029,2007,2
2827,U012,8030,2007,3
2827,U012,8031,2007,4
2827,U012,8032,2008,1
2835,U020,8007,2001,4
2835,U020,8011,2002,4
2838,U023,8010,2002,3
2841,U026,8007,2001,4
2846,U031,8011,2002,4
2846,U031,8012,2003,1
2846,U031,8014,2003,3
2846,U031,8015,2003,4
2846,U031,8016,2004,1
2846,U031,8017,2004,2
2846,U031,8018,2004,3
2846,U031,8019,2004,4
2846,U031,8020,2005,1
2846,U031,8021,2005,2
2847,U032,8007,2001,4
2847,U032,8012,2003,1
2847,U032,8013,2003,2
2847,U032,8014,2003,3
2847,U032,8015,2003,4
2847,U032,8016,2004,1
2848,U033,8008,2002,1
2848,U033,8009,2002,2
2849,U034,8007,2001,4
2849,U034,8008,2002,1
2849,U034,8010,2002,3
2849,U034,8012,2003,1
2849,U034,8014,2003,3
2850,U035,8007,2001,4
2850,U035,8012,2003,1
2850,U035,8014,2003,3
2850,U035,8016,2004,1
2850,U035,8017,2004,2
2850,U035,8019,2004,4
2850,U035,8020,2005,1
2850,U035,8021,2005,2
2853,U038,8007,2001,4
2853,U038,8009,2002,2
2854,U039,8010,2002,3
2855,U040,8007,2001,4
2856,U041,8007,2001,4
2856,U041,8009,2002,2
2856,U041,8012,2003,1
2856,U041,8013,2003,2
2856,U041,8014,2003,3
2856,U041,8015,2003,4
2856,U041,8016,2004,1
2856,U041,8017,2004,2
2856,U041,8019,2004,4
2856,U041,8020,2005,1
2856,U041,8021,2005,2
2858,U043,8007,2001,4
2858,U043,8009,2002,2
2858,U043,8011,2002,4
2858,U043,8012,2003,1
2859,U044,8007,2001,4
2859,U044,8009,2002,2
2859,U044,8011,2002,4
2859,U044,8012,2003,1
2859,U044,8015,2003,4
2859,U044,8016,2004,1
2859,U044,8017,2004,2
2860,U045,8007,2001,4
2860,U045,8009,2002,2
2861,U046,8007,2001,4
2861,U046,8009,2002,2
2861,U046,8011,2002,4
2861,U046,8012,2003,1
2861,U046,8013,2003,2
2861,U046,8014,2003,3
2861,U046,8015,2003,4
2861,U046,8016,2004,1
2861,U046,8017,2004,2
2862,U047,8007,2001,4
2862,U047,8009,2002,2
2862,U047,8011,2002,4
2862,U047,8012,2003,1
2863,U048,8008,2002,1
2865,U050,8008,2002,1
2865,U050,8012,2003,1
2865,U050,8015,2003,4
2865,U050,8016,2004,1
2865,U050,8017,2004,2
2865,U050,8018,2004,3
2865,U050,8019,2004,4
2865,U050,8020,2005,1
2865,U050,8021,2005,2
2865,U050,8023,2005,4
2865,U050,8024,2006,1
2866,U051,8007,2001,4
2866,U051,8010,2002,3
2866,U051,8012,2003,1
2866,U051,8016,2004,1
2866,U051,8017,2004,2
2867,U052,8007,2001,4
2867,U052,8008,2002,1
2867,U052,8011,2002,4
2867,U052,8013,2003,2
2868,U053,8007,2001,4
2868,U053,8012,2003,1
2868,U053,8015,2003,4
2868,U053,8016,2004,1
2868,U053,8017,2004,2
2868,U053,8018,2004,3
2868,U053,8019,2004,4
2868,U053,8020,2005,1
2869,U054,8007,2001,4
2869,U054,8012,2003,1
2872,U057,8012,2003,1
2872,U057,8016,2004,1
2872,U057,8017,2004,2
2872,U057,8018,2004,3
2872,U057,8019,2004,4
2872,U057,8020,2005,1
2872,U057,8021,2005,2
2872,U057,8022,2005,3
2872,U057,8023,2005,4
2872,U057,8024,2006,1
2872,U057,8028,2007,1
2875,U060,8010,2002,3
2875,U060,8011,2002,4
2876,U061,8010,2002,3
2876,U061,8013,2003,2
2876,U061,8014,2003,3
2876,U061,8015,2003,4
2876,U061,8016,2004,1
2876,U061,8017,2004,2
2876,U061,8018,2004,3
2876,U061,8019,2004,4
2876,U061,8020,2005,1
2876,U061,8021,2005,2
2877,U062,8012,2003,1
2877,U062,8016,2004,1
2879,U064,8007,2001,4
2879,U064,8008,2002,1
2879,U064,8009,2002,2
2879,U064,8012,2003,1
2879,U064,8014,2003,3
2879,U064,8016,2004,1
2879,U064,8017,2004,2
2879,U064,8019,2004,4
2879,U064,8020,2005,1
2879,U064,8021,2005,2
2879,U064,8022,2005,3
2879,U064,8023,2005,4
2879,U064,8024,2006,1
2879,U064,8025,2006,2
2879,U064,8027,2006,4
2879,U064,8028,2007,1
2879,U064,8030,2007,3
2879,U064,8032,2008,1
2879,U064,8034,2008,3
2879,U064,8035,2008,4
2879,U064,8036,2009,1
2882,U067,8012,2003,1
2882,U067,8016,2004,1
2882,U067,8017,2004,2
2882,U067,8018,2004,3
2882,U067,8019,2004,4
2882,U067,8020,2005,1
2883,U068,8016,2004,1
2883,U068,8017,2004,2
2883,U068,8018,2004,3
2883,U068,8019,2004,4
2883,U068,8020,2005,1
2883,U068,8022,2005,3
2883,U068,8024,2006,1
2883,U068,8027,2006,4
2883,U068,8028,2007,1
2884,U069,8008,2002,1
2884,U069,8009,2002,2
2884,U069,8011,2002,4
2884,U069,8012,2003,1
2884,U069,8014,2003,3
2884,U069,8015,2003,4
2884,U069,8016,2004,1
2884,U069,8017,2004,2
2884,U069,8018,2004,3
2884,U069,8019,2004,4
2884,U069,8020,2005,1
2884,U069,8021,2005,2
2884,U069,8022,2005,3
2884,U069,8023,2005,4
2884,U069,8024,2006,1
2884,U069,8027,2006,4
2884,U069,8028,2007,1
2884,U069,8030,2007,3
2884,U069,8031,2007,4
2884,U069,8032,2008,1
2885,U070,8008,2002,1
2885,U070,8009,2002,2
2885,U070,8011,2002,4
2885,U070,8012,2003,1
2885,U070,8015,2003,4
2885,U070,8016,2004,1
2885,U070,8018,2004,3
2885,U070,8019,2004,4
2885,U070,8020,2005,1
2885,U070,8021,2005,2
2887,U072,8007,2001,4
2887,U072,8009,2002,2
2887,U072,8011,2002,4
2887,U072,8012,2003,1
2887,U072,8013,2003,2
2887,U072,8014,2003,3
2887,U072,8015,2003,4
2887,U072,8016,2004,1
2887,U072,8017,2004,2
2887,U072,8018,2004,3
2887,U072,8019,2004,4
2887,U072,8020,2005,1
2887,U072,8021,2005,2
2887,U072,8022,2005,3
2887,U072,8023,2005,4
2887,U072,8024,2006,1
2887,U072,8025,2006,2
2887,U072,8026,2006,3
2887,U072,8027,2006,4
2887,U072,8028,2007,1
2887,U072,8030,2007,3
2887,U072,8031,2007,4
2887,U072,8032,2008,1
2888,U073,8007,2001,4
2888,U073,8008,2002,1
2888,U073,8009,2002,2
2888,U073,8011,2002,4
2888,U073,8012,2003,1
2888,U073,8014,2003,3
2890,U076,8007,2001,4
2890,U076,8008,2002,1
2890,U076,8009,2002,2
2890,U076,8010,2002,3
3391,V003,7961,1990,2
3391,V003,7962,1990,3
3391,V003,7963,1990,4
3395,V007,7962,1990,3
3395,V007,7968,1992,1
3395,V007,7969,1992,2
3398,V010,7966,1991,3
3398,V010,7967,1991,4
3398,V010,7968,1992,1
3400,V012,7962,1990,3
3401,V013,7962,1990,3
3401,V013,7963,1990,4
3401,V013,7964,1991,1
3401,V013,7965,1991,2
3404,V016,7968,1992,1
3407,V019,7962,1990,3
3407,V019,7968,1992,1
3407,V019,7969,1992,2
3407,V019,7971,1992,4
3407,V019,7974,1993,3
3407,V019,7976,1994,1
3407,V019,7977,1994,2
3408,V020,7962,1990,3
3409,V021,7962,1990,3
3409,V021,7966,1991,3
3409,V021,7967,1991,4
3409,V021,7968,1992,1
3409,V021,7970,1992,3
3409,V021,7973,1993,2
3409,V021,7976,1994,1
3415,V027,7963,1990,4
3415,V027,7965,1991,2
3415,V027,7966,1991,3
3421,V033,7963,1990,4
3421,V033,7964,1991,1
3421,V033,7965,1991,2
3423,V035,7966,1991,3
3423,V035,7968,1992,1
3423,V035,7971,1992,4
3423,V035,7972,1993,1
3423,V035,7974,1993,3
3423,V035,7976,1994,1
3423,V035,7977,1994,2
3423,V035,7978,1994,3
3423,V035,7979,1994,4
3423,V035,7980,1995,1
3423,V035,7981,1995,2
3423,V035,7983,1995,4
3423,V035,7984,1996,1
3423,V035,7985,1996,2
3423,V035,7986,1996,3
3423,V035,7987,1996,4
3423,V035,7988,1997,1
3423,V035,7989,1997,2
3423,V035,7991,1997,4
3423,V035,7992,1998,1
3423,V035,7993,1998,2
3423,V035,7994,1998,3
3424,V036,7965,1991,2
3424,V036,7968,1992,1
3424,V036,7973,1993,2
3424,V036,7974,1993,3
3424,V036,7975,1993,4
3425,V037,7964,1991,1
3426,V038,7965,1991,2
3426,V038,7968,1992,1
3426,V038,7971,1992,4
3426,V038,7975,1993,4
3426,V038,7976,1994,1
3426,V038,7977,1994,2
3426,V038,7979,1994,4
3426,V038,7980,1995,1
3426,V038,7981,1995,2
3426,V038,7984,1996,1
3426,V038,7985,1996,2
3426,V038,7988,1997,1
3426,V038,7989,1997,2
3426,V038,7990,1997,3
3426,V038,7992,1998,1
3426,V038,7993,1998,2
3426,V038,7995,1998,4
3426,V038,7996,1999,1
3426,V038,7997,1999,2
3427,V039,7963,1990,4
3427,V039,7967,1991,4
3427,V039,7968,1992,1
3427,V039,7969,1992,2
3428,V040,7968,1992,1
3428,V040,7969,1992,2
3428,V040,7972,1993,1
3428,V040,7974,1993,3
3428,V040,7977,1994,2
3428,V040,7979,1994,4
3428,V040,7980,1995,1
3428,V040,7981,1995,2
3428,V040,7983,1995,4
3428,V040,7984,1996,1
3428,V040,7985,1996,2
3428,V040,7987,1996,4
3428,V040,7988,1997,1
3428,V040,7989,1997,2
3429,V041,7972,1993,1
3429,V041,7975,1993,4
3429,V041,7979,1994,4
3429,V041,7980,1995,1
3429,V041,7981,1995,2
3429,V041,7984,1996,1
3429,V041,7985,1996,2
3429,V041,7987,1996,4
3430,V042,7963,1990,4
3430,V042,7964,1991,1
3430,V042,7965,1991,2
3431,V043,7966,1991,3
3431,V043,7967,1991,4
3431,V043,7968,1992,1
3431,V043,7971,1992,4
3431,V043,7973,1993,2
3431,V043,7974,1993,3
3431,V043,7975,1993,4
3431,V043,7978,1994,3
3431,V043,7980,1995,1
3431,V043,7981,1995,2
3431,V043,7983,1995,4
3431,V043,7984,1996,1
3431,V043,7985,1996,2
3431,V043,7988,1997,1
3432,V044,7973,1993,2
3432,V044,7976,1994,1
3432,V044,7977,1994,2
3432,V044,7978,1994,3
3432,V044,7979,1994,4
3432,V044,7981,1995,2
3433,V045,7968,1992,1
3433,V045,7969,1992,2
3440,V052,7965,1991,2
3441,V053,7965,1991,2
3441,V053,7968,1992,1
3442,V054,7963,1990,4
3442,V054,7965,1991,2
3442,V054,7967,1991,4
3442,V054,7968,1992,1
3442,V054,7971,1992,4
3442,V054,7972,1993,1
3442,V054,7973,1993,2
3442,V054,7975,1993,4
3442,V054,7977,1994,2
3443,V055,7965,1991,2
3443,V055,7967,1991,4
3443,V055,7968,1992,1
3443,V055,7969,1992,2
3444,V056,7963,1990,4
3446,V058,7965,1991,2
3446,V058,7968,1992,1
3446,V058,7971,1992,4
3446,V058,7972,1993,1
3446,V058,7973,1993,2
3446,V058,7977,1994,2
3446,V058,7979,1994,4
3446,V058,7980,1995,1
3446,V058,7981,1995,2
3446,V058,7982,1995,3
3446,V058,7984,1996,1
3446,V058,7985,1996,2
3450,V062,7965,1991,2
3452,V064,7964,1991,1
3452,V064,7965,1991,2
3452,V064,7966,1991,3
3452,V064,7967,1991,4
3452,V064,7968,1992,1
3452,V064,7970,1992,3
3452,V064,7971,1992,4
3452,V064,7972,1993,1
3452,V064,7973,1993,2
3452,V064,7975,1993,4
3452,V064,7976,1994,1
3452,V064,7977,1994,2
3452,V064,7979,1994,4
3452,V064,7980,1995,1
3452,V064,7981,1995,2
3452,V064,7982,1995,3
3452,V064,7983,1995,4
3452,V064,7984,1996,1
3452,V064,7985,1996,2
3455,V067,7964,1991,1
3455,V067,7965,1991,2
3455,V067,7966,1991,3
3456,V068,7964,1991,1
3456,V068,7965,1991,2
3456,V068,7967,1991,4
3456,V068,7968,1992,1
3456,V068,7969,1992,2
3456,V068,7970,1992,3
3456,V068,7971,1992,4
3456,V068,7972,1993,1
3456,V068,7973,1993,2
3457,V069,7964,1991,1
3459,V071,7967,1991,4
3461,V073,7963,1990,4
3461,V073,7964,1991,1
3461,V073,7965,1991,2
3461,V073,7966,1991,3
3461,V073,7968,1992,1
3461,V073,7969,1992,2
3462,V074,7965,1991,2
3462,V074,7966,1991,3
3462,V074,7967,1991,4
3462,V074,7968,1992,1
3462,V074,7970,1992,3
3462,V074,7971,1992,4
3462,V074,7972,1993,1
3462,V074,7975,1993,4
3462,V074,7976,1994,1
3463,V075,7966,1991,3
3463,V075,7968,1992,1
3463,V075,7969,1992,2
3463,V075,7972,1993,1
3463,V075,7973,1993,2
3463,V075,7974,1993,3
3463,V075,7975,1993,4
3463,V075,7976,1994,1
3463,V075,7977,1994,2
3463,V075,7978,1994,3
3463,V075,7979,1994,4
3463,V075,7980,1995,1
3464,V076,7972,1993,1
3464,V076,7973,1993,2
3464,V076,7976,1994,1
3464,V076,7977,1994,2
3464,V076,7978,1994,3
3464,V076,7979,1994,4
3464,V076,7980,1995,1
3465,V077,7965,1991,2
3465,V077,7966,1991,3
3465,V077,7967,1991,4
3465,V077,7968,1992,1
3465,V077,7969,1992,2
3465,V077,7971,1992,4
3465,V077,7972,1993,1
3465,V077,7973,1993,2
3465,V077,7974,1993,3
3465,V077,7975,1993,4
3465,V077,7976,1994,1
3466,V078,7961,1990,2
3466,V078,7963,1990,4
3466,V078,7964,1991,1
3466,V078,7965,1991,2
3467,V079,7966,1991,3
3468,V080,7966,1991,3
3468,V080,7967,1991,4
3468,V080,7968,1992,1
3468,V080,7969,1992,2
3468,V080,7970,1992,3
3468,V080,7972,1993,1
3468,V080,7973,1993,2
3468,V080,7975,1993,4
3468,V080,7976,1994,1
3468,V080,7977,1994,2
3468,V080,7978,1994,3
3468,V080,7979,1994,4
3468,V080,7980,1995,1
3469,V081,7964,1991,1
3469,V081,7967,1991,4
3469,V081,7968,1992,1
3469,V081,7969,1992,2
3469,V081,7971,1992,4
3469,V081,7972,1993,1
3469,V081,7973,1993,2
3469,V081,7974,1993,3
3469,V081,7975,1993,4
3469,V081,7976,1994,1
3469,V081,7979,1994,4
3469,V081,7980,1995,1
3469,V081,7981,1995,2
3469,V081,7982,1995,3
3469,V081,7983,1995,4
3469,V081,7984,1996,1
3469,V081,7987,1996,4
3469,V081,7988,1997,1
3469,V081,7989,1997,2
3469,V081,7990,1997,3
3469,V081,7991,1997,4
3469,V081,7992,1998,1
3472,V084,7963,1990,4
3472,V084,7970,1992,3
3472,V084,7972,1993,1
3472,V084,7974,1993,3
3473,V085,7963,1990,4
3473,V085,7964,1991,1
3473,V085,7968,1992,1
3473,V085,7969,1992,2
3473,V085,7970,1992,3
3473,V085,7971,1992,4
3473,V085,7972,1993,1
3475,V087,7968,1992,1
3476,V088,7963,1990,4
3476,V088,7964,1991,1
3476,V088,7965,1991,2
3476,V088,7966,1991,3
3476,V088,7967,1991,4
3477,V089,7963,1990,4
3477,V089,7964,1991,1
3477,V089,7965,1991,2
3477,V089,7967,1991,4
3477,V089,7968,1992,1
3477,V089,7969,1992,2
3477,V089,7970,1992,3
3477,V089,7971,1992,4
3477,V089,7974,1993,3
3477,V089,7975,1993,4
3477,V089,7976,1994,1
3477,V089,7977,1994,2
3477,V089,7978,1994,3
3477,V089,7979,1994,4
3477,V089,7980,1995,1
3477,V089,7981,1995,2
3477,V089,7983,1995,4
3477,V089,7984,1996,1
3477,V089,7985,1996,2
3477,V089,7986,1996,3
3477,V089,7988,1997,1
3477,V089,7989,1997,2
3477,V089,7992,1998,1
3477,V089,7993,1998,2
3477,V089,7996,1999,1
3477,V089,7997,1999,2
3477,V089,7998,1999,3
3477,V089,7999,1999,4
3477,V089,8000,2000,1
3477,V089,8001,2000,2
3477,V089,8003,2000,4
3477,V089,8004,2001,1
3477,V089,8005,2001,2
3477,V089,8007,2001,4
3477,V089,8008,2002,1
3477,V089,8009,2002,2
3477,V089,8011,2002,4
3477,V089,8012,2003,1
3477,V089,8013,2003,2
3478,V090,7964,1991,1
3478,V090,7965,1991,2
3478,V090,7966,1991,3
3478,V090,7967,1991,4
3478,V090,7968,1992,1
3478,V090,7969,1992,2
3478,V090,7970,1992,3
3478,V090,7971,1992,4
3478,V090,7972,1993,1
3478,V090,7973,1993,2
3478,V090,7975,1993,4
3478,V090,7976,1994,1
3478,V090,7977,1994,2
3479,V091,7965,1991,2
3479,V091,7968,1992,1
3479,V091,7969,1992,2
3479,V091,7971,1992,4
3479,V091,7973,1993,2
3479,V091,7975,1993,4
3480,V092,7963,1990,4
3480,V092,7964,1991,1
3480,V092,7965,1991,2
3481,V093,7964,1991,1
3481,V093,7965,1991,2
3483,V095,7965,1991,2
3483,V095,7966,1991,3
3483,V095,7967,1991,4
3483,V095,7968,1992,1
3483,V095,7969,1992,2
3483,V095,7970,1992,3
3483,V095,7972,1993,1
3483,V095,7973,1993,2
3486,V098,7967,1991,4
3486,V098,7968,1992,1
3486,V098,7969,1992,2
3486,V098,7971,1992,4
3486,V098,7972,1993,1
3486,V098,7974,1993,3
3486,V098,7976,1994,1
3487,V099,7965,1991,2
3487,V099,7967,1991,4
3487,V099,7970,1992,3
3487,V099,7971,1992,4
3487,V099,7972,1993,1
3487,V099,7973,1993,2
3487,V099,7974,1993,3
3487,V099,7975,1993,4
3487,V099,7976,1994,1
3487,V099,7977,1994,2
3487,V099,7978,1994,3
3487,V099,7979,1994,4
3487,V099,7980,1995,1
3487,V099,7981,1995,2
3487,V099,7982,1995,3
3487,V099,7983,1995,4
3487,V099,7984,1996,1
3487,V099,7985,1996,2
3495,W010,7919,1979,4
3495,W010,7920,1980,1
3495,W010,7921,1980,2
3496,W011,7919,1979,4
3496,W011,7920,1980,1
3496,W011,7921,1980,2
3496,W011,7923,1980,4
3496,W011,7924,1981,1
3496,W011,7925,1981,2
3496,W011,7927,1981,4
3496,W011,7930,1982,3
3496,W011,7931,1982,4
3496,W011,7932,1983,1
3496,W011,7933,1983,2
3496,W011,7935,1983,4
3496,W011,7937,1984,2
3496,W011,7939,1984,4
3496,W011,7941,1985,2
3496,W011,7942,1985,3
3496,W011,7943,1985,4
3496,W011,7944,1986,1
3496,W011,7945,1986,2
3496,W011,7946,1986,3
3496,W011,7947,1986,4
3496,W011,7948,1987,1
3496,W011,7949,1987,2
3496,W011,7950,1987,3
3496,W011,7951,1987,4
3496,W011,7954,1988,3
3496,W011,7955,1988,4
3496,W011,7956,1989,1
3496,W011,7957,1989,2
3499,W014,7919,1979,4
3499,W014,7920,1980,1
3499,W014,7921,1980,2
3499,W014,7923,1980,4
3499,W014,7924,1981,1
3499,W014,7927,1981,4
3499,W014,7933,1983,2
3499,W014,7936,1984,1
3499,W014,7937,1984,2
3499,W014,7939,1984,4
3499,W014,7940,1985,1
3499,W014,7941,1985,2
3499,W014,7943,1985,4
3499,W014,7944,1986,1
3499,W014,7945,1986,2
3499,W014,7950,1987,3
3499,W014,7956,1989,1
3499,W014,7960,1990,1
3499,W014,7961,1990,2
3501,W016,7919,1979,4
3501,W016,7920,1980,1
3501,W016,7921,1980,2
3501,W016,7922,1980,3
3501,W016,7923,1980,4
3501,W016,7924,1981,1
3501,W016,7926,1981,3
3501,W016,7927,1981,4
3501,W016,7928,1982,1
3501,W016,7931,1982,4
3501,W016,7932,1983,1
3501,W016,7934,1983,3
3501,W016,7937,1984,2
3501,W016,7938,1984,3
3501,W016,7939,1984,4
3501,W016,7940,1985,1
3501,W016,7943,1985,4
3501,W016,7944,1986,1
3501,W016,7947,1986,4
3501,W016,7949,1987,2
3501,W016,7951,1987,4
3501,W016,7956,1989,1
3502,W017,7919,1979,4
3502,W017,7920,1980,1
3502,W017,7921,1980,2
3502,W017,7922,1980,3
3502,W017,7923,1980,4
3502,W017,7924,1981,1
3502,W017,7925,1981,2
3502,W017,7926,1981,3
3506,W021,7919,1979,4
3506,W021,7920,1980,1
3506,W021,7921,1980,2
3506,W021,7922,1980,3
3506,W021,7923,1980,4
3506,W021,7924,1981,1
3506,W021,7925,1981,2
3506,W021,7926,1981,3
3506,W021,7927,1981,4
3506,W021,7928,1982,1
3506,W021,7929,1982,2
3506,W021,7930,1982,3
3508,W023,7919,1979,4
3508,W023,7920,1980,1
3509,W024,7919,1979,4
3509,W024,7920,1980,1
3509,W024,7921,1980,2
3509,W024,7922,1980,3
3509,W024,7923,1980,4
3509,W024,7924,1981,1
3509,W024,7925,1981,2
3509,W024,7926,1981,3
3509,W024,7928,1982,1
3509,W024,7929,1982,2
3509,W024,7930,1982,3
3509,W024,7931,1982,4
3509,W024,7934,1983,3
3509,W024,7935,1983,4
3509,W024,7936,1984,1
3509,W024,7939,1984,4
3509,W024,7941,1985,2
3509,W024,7942,1985,3
3509,W024,7943,1985,4
3509,W024,7944,1986,1
3509,W024,7945,1986,2
3509,W024,7946,1986,3
3509,W024,7947,1986,4
3509,W024,7948,1987,1
3509,W024,7949,1987,2
3509,W024,7951,1987,4
3510,W025,7919,1979,4
3510,W025,7920,1980,1
3510,W025,7921,1980,2
3510,W025,7923,1980,4
3510,W025,7924,1981,1
3510,W025,7925,1981,2
3510,W025,7926,1981,3
3510,W025,7928,1982,1
3510,W025,7929,1982,2
3510,W025,7930,1982,3
3510,W025,7931,1982,4
3510,W025,7932,1983,1
3510,W025,7934,1983,3
3510,W025,7935,1983,4
3510,W025,7936,1984,1
3510,W025,7937,1984,2
3511,W026,7919,1979,4
3511,W026,7920,1980,1
3511,W026,7923,1980,4
3511,W026,7924,1981,1
3511,W026,7927,1981,4
3511,W026,7928,1982,1
3511,W026,7930,1982,3
3511,W026,7931,1982,4
3511,W026,7936,1984,1
3511,W026,7939,1984,4
3511,W026,7940,1985,1
3511,W026,7941,1985,2
3511,W026,7943,1985,4
3511,W026,7944,1986,1
3512,W027,7919,1979,4
3512,W027,7920,1980,1
3512,W027,7921,1980,2
3512,W027,7923,1980,4
3512,W027,7924,1981,1
3512,W027,7925,1981,2
3512,W027,7926,1981,3
3515,W030,7919,1979,4
3515,W030,7920,1980,1
3515,W030,7922,1980,3
3515,W030,7923,1980,4
3515,W030,7924,1981,1
3515,W030,7925,1981,2
3517,W032,7919,1979,4
3517,W032,7920,1980,1
3517,W032,7922,1980,3
3517,W032,7923,1980,4
3517,W032,7924,1981,1
3517,W032,7925,1981,2
3517,W032,7926,1981,3
3517,W032,7927,1981,4
3517,W032,7928,1982,1
3517,W032,7930,1982,3
3517,W032,7931,1982,4
3517,W032,7932,1983,1
3517,W032,7934,1983,3
3517,W032,7935,1983,4
3517,W032,7936,1984,1
3517,W032,7937,1984,2
3517,W032,7939,1984,4
3517,W032,7941,1985,2
3517,W032,7942,1985,3
3517,W032,7943,1985,4
3517,W032,7944,1986,1
3517,W032,7945,1986,2
3517,W032,7946,1986,3
3517,W032,7947,1986,4
3517,W032,7948,1987,1
3517,W032,7949,1987,2
3517,W032,7950,1987,3
3517,W032,7951,1987,4
3517,W032,7952,1988,1
3518,W033,7919,1979,4
3518,W033,7920,1980,1
3518,W033,7923,1980,4
3518,W033,7924,1981,1
3518,W033,7925,1981,2
3519,W034,7919,1979,4
3519,W034,7920,1980,1
3520,W035,7919,1979,4
3520,W035,7920,1980,1
3520,W035,7921,1980,2
3520,W035,7923,1980,4
3520,W035,7924,1981,1
3520,W035,7925,1981,2
3520,W035,7927,1981,4
3520,W035,7928,1982,1
3520,W035,7929,1982,2
3520,W035,7930,1982,3
3520,W035,7931,1982,4
3520,W035,7932,1983,1
3521,W036,7919,1979,4
3521,W036,7920,1980,1
3521,W036,7921,1980,2
3521,W036,7922,1980,3
3521,W036,7923,1980,4
3521,W036,7924,1981,1
3521,W036,7925,1981,2
3521,W036,7926,1981,3
3521,W036,7927,1981,4
3521,W036,7928,1982,1
3521,W036,7929,1982,2
3521,W036,7930,1982,3
3521,W036,7931,1982,4
3521,W036,7932,1983,1
3521,W036,7933,1983,2
3521,W036,7934,1983,3
3521,W036,7935,1983,4
3521,W036,7936,1984,1
3523,W038,7919,1979,4
3523,W038,7920,1980,1
3523,W038,7921,1980,2
3523,W038,7923,1980,4
3523,W038,7924,1981,1
3523,W038,7925,1981,2
3523,W038,7927,1981,4
3523,W038,7928,1982,1
3523,W038,7929,1982,2
3523,W038,7931,1982,4
3523,W038,7932,1983,1
3523,W038,7933,1983,2
3523,W038,7934,1983,3
3523,W038,7936,1984,1
3523,W038,7937,1984,2
3523,W038,7938,1984,3
3523,W038,7939,1984,4
3523,W038,7940,1985,1
3523,W038,7941,1985,2
3523,W038,7942,1985,3
3523,W038,7943,1985,4
3524,W039,7919,1979,4
3524,W039,7920,1980,1
3524,W039,7921,1980,2
3525,W040,7919,1979,4
3525,W040,7920,1980,1
3525,W040,7922,1980,3
3525,W040,7923,1980,4
3525,W040,7924,1981,1
3525,W040,7925,1981,2
3525,W040,7926,1981,3
3525,W040,7927,1981,4
3525,W040,7928,1982,1
3525,W040,7929,1982,2
3527,W042,7919,1979,4
3527,W042,7920,1980,1
3527,W042,7921,1980,2
3532,W047,7919,1979,4
3532,W047,7920,1980,1
3532,W047,7921,1980,2
3532,W047,7922,1980,3
3532,W047,7923,1980,4
3532,W047,7924,1981,1
3532,W047,7925,1981,2
3532,W047,7926,1981,3
3532,W047,7928,1982,1
3532,W047,7929,1982,2
3533,W048,7919,1979,4
3533,W048,7920,1980,1
3533,W048,7921,1980,2
3534,W049,7919,1979,4
3534,W049,7920,1980,1
3534,W049,7921,1980,2
3538,W054,7919,1979,4
3538,W054,7920,1980,1
3538,W054,7921,1980,2
3538,W054,7922,1980,3
3538,W054,7923,1980,4
3538,W054,7924,1981,1
3538,W054,7925,1981,2
3538,W054,7927,1981,4
3538,W054,7928,1982,1
3538,W054,7929,1982,2
3538,W054,7930,1982,3
3538,W054,7931,1982,4
3538,W054,7932,1983,1
3538,W054,7933,1983,2
3538,W054,7935,1983,4
3538,W054,7936,1984,1
3538,W054,7937,1984,2
3540,W056,7919,1979,4
3540,W056,7920,1980,1
3540,W056,7921,1980,2
3542,W058,7919,1979,4
3542,W058,7920,1980,1
3542,W058,7921,1980,2
3542,W058,7922,1980,3
3542,W058,7923,1980,4
3542,W058,7924,1981,1
3542,W058,7925,1981,2
3542,W058,7926,1981,3
3542,W058,7927,1981,4
3542,W058,7928,1982,1
3542,W058,7930,1982,3
3542,W058,7931,1982,4
3542,W058,7932,1983,1
3547,W063,7919,1979,4
3547,W063,7920,1980,1
3547,W063,7921,1980,2
3547,W063,7922,1980,3
3547,W063,7923,1980,4
3547,W063,7924,1981,1
3547,W063,7925,1981,2
3547,W063,7926,1981,3
3547,W063,7927,1981,4
3547,W063,7928,1982,1
3548,W064,7919,1979,4
3548,W064,7920,1980,1
3548,W064,7921,1980,2
3548,W064,7922,1980,3
3548,W064,7923,1980,4
3548,W064,7924,1981,1
3548,W064,7925,1981,2
3548,W064,7926,1981,3
3548,W064,7927,1981,4
3548,W064,7928,1982,1
3548,W064,7930,1982,3
3548,W064,7931,1982,4
3548,W064,7932,1983,1
3548,W064,7933,1983,2
3549,W065,7919,1979,4
3549,W065,7920,1980,1
3549,W065,7922,1980,3
3549,W065,7923,1980,4
3549,W065,7924,1981,1
3549,W065,7925,1981,2
3549,W065,7926,1981,3
3549,W065,7927,1981,4
3549,W065,7928,1982,1
3549,W065,7929,1982,2
3549,W065,7930,1982,3
3549,W065,7931,1982,4
3549,W065,7932,1983,1
3549,W065,7933,1983,2
3552,W068,7919,1979,4
3552,W068,7920,1980,1
3552,W068,7921,1980,2
3552,W068,7923,1980,4
3552,W068,7924,1981,1
3552,W068,7925,1981,2
3553,W069,7920,1980,1
3553,W069,7922,1980,3
3554,X001,8001,2000,2
3555,X002,8001,2000,2
3556,X003,8004,2001,1
3556,X003,8008,2002,1
3557,X004,8003,2000,4
3557,X004,8004,2001,1
3557,X004,8005,2001,2
3557,X004,8007,2001,4
3557,X004,8008,2002,1
3557,X004,8009,2002,2
3557,X004,8010,2002,3
3557,X004,8011,2002,4
3557,X004,8012,2003,1
3558,X005,8008,2002,1
3558,X005,8011,2002,4
3558,X005,8012,2003,1
3558,X005,8013,2003,2
3558,X005,8016,2004,1
3558,X005,8017,2004,2
3558,X005,8018,2004,3
3558,X005,8019,2004,4
3558,X005,8020,2005,1
3558,X005,8021,2005,2
3558,X005,8022,2005,3
3558,X005,8023,2005,4
3558,X005,8024,2006,1
3559,X006,8003,2000,4
3559,X006,8004,2001,1
3559,X006,8005,2001,2
3559,X006,8006,2001,3
3559,X006,8007,2001,4
3559,X006,8008,2002,1
3559,X006,8009,2002,2
3559,X006,8010,2002,3
3559,X006,8011,2002,4
3559,X006,8012,2003,1
3559,X006,8014,2003,3
3559,X006,8015,2003,4
3559,X006,8016,2004,1
3560,X007,8003,2000,4
3560,X007,8005,2001,2
3560,X007,8006,2001,3
3560,X007,8007,2001,4
3560,X007,8008,2002,1
3560,X007,8012,2003,1
3561,X008,8004,2001,1
3561,X008,8005,2001,2
3561,X008,8006,2001,3
3561,X008,8007,2001,4
3561,X008,8008,2002,1
3562,X009,8004,2001,1
3563,X010,8005,2001,2
3563,X010,8007,2001,4
3563,X010,8008,2002,1
3563,X010,8009,2002,2
3563,X010,8010,2002,3
3564,X011,8004,2001,1
3564,X011,8006,2001,3
3564,X011,8008,2002,1
3564,X011,8010,2002,3
3564,X011,8011,2002,4
3564,X011,8012,2003,1
3565,X012,8003,2000,4
3565,X012,8005,2001,2
3565,X012,8008,2002,1
3565,X012,8009,2002,2
3565,X012,8010,2002,3
3565,X012,8011,2002,4
3565,X012,8012,2003,1
3565,X012,8013,2003,2
3565,X012,8014,2003,3
3565,X012,8015,2003,4
3565,X012,8016,2004,1
3567,X014,8002,2000,3
3567,X014,8005,2001,2
3568,X015,8005,2001,2
3568,X015,8007,2001,4
3568,X015,8008,2002,1
3569,X016,8003,2000,4
3569,X016,8004,2001,1
3569,X016,8006,2001,3
3570,X017,8004,2001,1
3570,X017,8005,2001,2
3572,X019,8003,2000,4
3577,X024,8007,2001,4
3577,X024,8008,2002,1
3577,X024,8011,2002,4
3577,X024,8012,2003,1
3577,X024,8015,2003,4
3577,X024,8016,2004,1
3577,X024,8017,2004,2
3583,X030,8004,2001,1
3583,X030,8009,2002,2
3583,X030,8011,2002,4
3583,X030,8012,2003,1
3583,X030,8013,2003,2
3587,X034,8003,2000,4
3588,X035,8008,2002,1
3588,X035,8015,2003,4
3588,X035,8016,2004,1
3589,X036,8003,2000,4
3589,X036,8004,2001,1
3590,X037,8004,2001,1
3590,X037,8005,2001,2
3594,X041,8007,2001,4
3594,X041,8009,2002,2
3594,X041,8011,2002,4
3594,X041,8012,2003,1
3594,X041,8013,2003,2
3594,X041,8014,2003,3
3594,X041,8015,2003,4
3594,X041,8016,2004,1
3594,X041,8017,2004,2
3595,X042,8004,2001,1
3597,X044,8007,2001,4
3597,X044,8008,2002,1
3597,X044,8009,2002,2
3597,X044,8011,2002,4
3597,X044,8012,2003,1
3598,X045,8007,2001,4
3602,X049,8004,2001,1
3602,X049,8007,2001,4
3602,X049,8009,2002,2
3604,X051,8007,2001,4
3604,X051,8008,2002,1
3604,X051,8009,2002,2
3607,X054,8003,2000,4
3607,X054,8004,2001,1
3608,X055,8004,2001,1
3608,X055,8006,2001,3
3608,X055,8007,2001,4
3608,X055,8009,2002,2
3608,X055,8010,2002,3
3610,X057,8005,2001,2
3612,X059,8004,2001,1
3612,X059,8005,2001,2
3613,X060,8003,2000,4
3613,X060,8004,2001,1
3616,X063,8003,2000,4
3617,X064,8004,2001,1
3617,X064,8005,2001,2
3618,X065,8004,2001,1
3618,X065,8005,2001,2
3618,X065,8007,2001,4
3618,X065,8008,2002,1
3618,X065,8009,2002,2
3620,X067,8005,2001,2
3621,X068,8003,2000,4
3621,X068,8004,2001,1
3621,X068,8005,2001,2
3621,X068,8006,2001,3
3621,X068,8007,2001,4
3621,X068,8008,2002,1
3622,X069,8003,2000,4
3623,X070,8004,2001,1
3623,X070,8005,2001,2
3623,X070,8006,2001,3
3623,X070,8007,2001,4
3623,X070,8008,2002,1
3623,X070,8009,2002,2
3623,X070,8010,2002,3
3623,X070,8011,2002,4
3623,X070,8012,2003,1
3623,X070,8013,2003,2
3623,X070,8014,2003,3
3623,X070,8015,2003,4
3623,X070,8016,2004,1
3623,X070,8017,2004,2
3623,X070,8018,2004,3
3623,X070,8019,2004,4
3623,X070,8020,2005,1
3623,X070,8021,2005,2
3625,X072,8003,2000,4
3626,X073,8005,2001,2
3626,X073,8007,2001,4
3628,X075,8004,2001,1
3628,X075,8005,2001,2
3628,X075,8007,2001,4
3629,X076,8004,2001,1
3629,X076,8005,2001,2
3629,X076,8006,2001,3
3629,X076,8007,2001,4
3629,X076,8008,2002,1
3629,X076,8009,2002,2
3629,X076,8011,2002,4
3629,X076,8012,2003,1
3629,X076,8013,2003,2
3629,X076,8014,2003,3
3629,X076,8015,2003,4
3629,X076,8016,2004,1
3630,X077,8003,2000,4
3630,X077,8004,2001,1
3630,X077,8005,2001,2
3631,X078,8003,2000,4
3631,X078,8004,2001,1
3631,X078,8005,2001,2
3631,X078,8007,2001,4
3631,X078,8008,2002,1
3631,X078,8009,2002,2
3631,X078,8010,2002,3
3631,X078,8011,2002,4
3631,X078,8012,2003,1
3631,X078,8014,2003,3
3631,X078,8015,2003,4
3631,X078,8016,2004,1
3631,X078,8017,2004,2
3631,X078,8018,2004,3
3631,X078,8019,2004,4
3631,X078,8020,2005,1
3631,X078,8021,2005,2
3631,X078,8022,2005,3
3631,X078,8023,2005,4
3631,X078,8024,2006,1
3631,X078,8025,2006,2
3631,X078,8026,2006,3
3631,X078,8027,2006,4
3631,X078,8028,2007,1
3631,X078,8029,2007,2
3631,X078,8030,2007,3
3631,X078,8031,2007,4
3631,X078,8032,2008,1
3631,X078,8033,2008,2
3633,X080,8003,2000,4
3633,X080,8005,2001,2
3633,X080,8006,2001,3
3633,X080,8007,2001,4
3633,X080,8008,2002,1
3633,X080,8009,2002,2
3633,X080,8010,2002,3
3633,X080,8011,2002,4
3633,X080,8012,2003,1
3633,X080,8013,2003,2
3633,X080,8014,2003,3
3633,X080,8016,2004,1
3635,X082,8003,2000,4
3635,X082,8004,2001,1
3635,X082,8005,2001,2
3635,X082,8007,2001,4
3635,X082,8008,2002,1
3635,X082,8009,2002,2
3636,X083,8004,2001,1
3636,X083,8005,2001,2
3637,X084,8005,2001,2
3637,X084,8007,2001,4
3637,X084,8008,2002,1
3638,X085,8004,2001,1
3638,X085,8005,2001,2
3639,X086,8007,2001,4
3639,X086,8008,2002,1
3639,X086,8009,2002,2
3639,X086,8010,2002,3
3639,X086,8011,2002,4
3639,X086,8012,2003,1
3639,X086,8013,2003,2
3639,X086,8014,2003,3
3639,X086,8015,2003,4
3639,X086,8016,2004,1
3639,X086,8017,2004,2
3639,X086,8018,2004,3
3639,X086,8019,2004,4
3639,X086,8020,2005,1
3639,X086,8021,2005,2
3639,X086,8022,2005,3
3639,X086,8023,2005,4
3639,X086,8024,2006,1
3639,X086,8025,2006,2
3639,X086,8026,2006,3
3639,X086,8027,2006,4
3639,X086,8028,2007,1
3639,X086,8029,2007,2
3639,X086,8030,2007,3
3639,X086,8031,2007,4
3639,X086,8032,2008,1
3639,X086,8033,2008,2
3641,X088,8007,2001,4
3641,X088,8009,2002,2
3641,X088,8011,2002,4
3641,X088,8012,2003,1
3641,X088,8013,2003,2
3641,X088,8015,2003,4
3641,X088,8017,2004,2
3641,X088,8018,2004,3
3641,X088,8019,2004,4
3643,Z066,7981,1995,2
3643,Z066,7984,1996,1
3643,Z066,7985,1996,2
3643,Z066,7986,1996,3
3643,Z066,7987,1996,4
3643,Z066,7988,1997,1
3643,Z066,7989,1997,2
3646,X092,8005,2001,2
3646,X092,8007,2001,4
3646,X092,8008,2002,1
3646,X092,8010,2002,3
3647,Y001,7926,1981,3
3647,Y001,7932,1983,1
3647,Y001,7933,1983,2
3647,Y001,7935,1983,4
3647,Y001,7936,1984,1
3647,Y001,7937,1984,2
3647,Y001,7938,1984,3
3647,Y001,7939,1984,4
3647,Y001,7940,1985,1
3647,Y001,7941,1985,2
3650,Y004,7927,1981,4
3650,Y004,7928,1982,1
3650,Y004,7929,1982,2
3650,Y004,7931,1982,4
3650,Y004,7932,1983,1
3650,Y004,7933,1983,2
3650,Y004,7935,1983,4
3650,Y004,7936,1984,1
3650,Y004,7938,1984,3
3650,Y004,7939,1984,4
3650,Y004,7940,1985,1
3650,Y004,7941,1985,2
3650,Y004,7942,1985,3
3650,Y004,7943,1985,4
3650,Y004,7944,1986,1
3650,Y004,7945,1986,2
3650,Y004,7946,1986,3
3650,Y004,7947,1986,4
3650,Y004,7948,1987,1
3650,Y004,7949,1987,2
3650,Y004,7950,1987,3
3650,Y004,7951,1987,4
3650,Y004,7952,1988,1
3650,Y004,7953,1988,2
3650,Y004,7954,1988,3
3650,Y004,7955,1988,4
3650,Y004,7956,1989,1
3651,Y005,7926,1981,3
3651,Y005,7927,1981,4
3651,Y005,7931,1982,4
3651,Y005,7932,1983,1
3651,Y005,7933,1983,2
3651,Y005,7935,1983,4
3651,Y005,7936,1984,1
3652,Y006,7930,1982,3
3652,Y006,7932,1983,1
3652,Y006,7935,1983,4
3653,Y007,7926,1981,3
3653,Y007,7928,1982,1
3654,Y008,7927,1981,4
3654,Y008,7928,1982,1
3654,Y008,7929,1982,2
3656,Y010,7930,1982,3
3656,Y010,7931,1982,4
3656,Y010,7932,1983,1
3656,Y010,7933,1983,2
3656,Y010,7934,1983,3
3656,Y010,7935,1983,4
3656,Y010,7936,1984,1
3656,Y010,7937,1984,2
3656,Y010,7938,1984,3
3656,Y010,7939,1984,4
3656,Y010,7940,1985,1
3656,Y010,7941,1985,2
3656,Y010,7942,1985,3
3656,Y010,7943,1985,4
3656,Y010,7944,1986,1
3656,Y010,7945,1986,2
3656,Y010,7946,1986,3
3656,Y010,7947,1986,4
3656,Y010,7948,1987,1
3656,Y010,7949,1987,2
3657,Y011,7927,1981,4
3657,Y011,7930,1982,3
3657,Y011,7931,1982,4
3657,Y011,7932,1983,1
3657,Y011,7936,1984,1
3657,Y011,7937,1984,2
3658,Y012,7927,1981,4
3658,Y012,7929,1982,2
3658,Y012,7930,1982,3
3658,Y012,7931,1982,4
3661,Y015,7927,1981,4
3661,Y015,7931,1982,4
3661,Y015,7933,1983,2
3661,Y015,7934,1983,3
3661,Y015,7935,1983,4
3661,Y015,7937,1984,2
3662,Y016,7927,1981,4
3662,Y016,7931,1982,4
3662,Y016,7935,1983,4
3662,Y016,7937,1984,2
3662,Y016,7938,1984,3
3662,Y016,7939,1984,4
3662,Y016,7940,1985,1
3663,Y017,7933,1983,2
3663,Y017,7934,1983,3
3663,Y017,7935,1983,4
3663,Y017,7936,1984,1
3663,Y017,7937,1984,2
3664,Y018,7927,1981,4
3664,Y018,7931,1982,4
3664,Y018,7932,1983,1
3664,Y018,7933,1983,2
3664,Y018,7935,1983,4
3664,Y018,7938,1984,3
3664,Y018,7939,1984,4
3664,Y018,7940,1985,1
3664,Y018,7941,1985,2
3664,Y018,7942,1985,3
3664,Y018,7943,1985,4
3664,Y018,7944,1986,1
3664,Y018,7945,1986,2
3664,Y018,7946,1986,3
3664,Y018,7947,1986,4
3664,Y018,7948,1987,1
3664,Y018,7949,1987,2
3664,Y018,7951,1987,4
3664,Y018,7952,1988,1
3664,Y018,7954,1988,3
3664,Y018,7955,1988,4
3664,Y018,7956,1989,1
3664,Y018,7958,1989,3
3665,Y019,7929,1982,2
3665,Y019,7935,1983,4
3665,Y019,7936,1984,1
3665,Y019,7938,1984,3
3665,Y019,7939,1984,4
3665,Y019,7940,1985,1
3669,Y023,7927,1981,4
3669,Y023,7928,1982,1
3669,Y023,7929,1982,2
3669,Y023,7931,1982,4
3669,Y023,7932,1983,1
3669,Y023,7934,1983,3
3669,Y023,7935,1983,4
3669,Y023,7936,1984,1
3669,Y023,7937,1984,2
3669,Y023,7938,1984,3
3669,Y023,7939,1984,4
3669,Y023,7940,1985,1
3669,Y023,7942,1985,3
3669,Y023,7944,1986,1
3669,Y023,7945,1986,2
3669,Y023,7946,1986,3
3669,Y023,7948,1987,1
3669,Y023,7949,1987,2
3669,Y023,7950,1987,3
3669,Y023,7951,1987,4
3669,Y023,7952,1988,1
3669,Y023,7953,1988,2
3669,Y023,7954,1988,3
3669,Y023,7956,1989,1
3669,Y023,7958,1989,3
3669,Y023,7960,1990,1
3669,Y023,7961,1990,2
3671,Y025,7927,1981,4
3671,Y025,7929,1982,2
3672,Y026,7927,1981,4
3672,Y026,7928,1982,1
3672,Y026,7929,1982,2
3672,Y026,7930,1982,3
3672,Y026,7931,1982,4
3672,Y026,7932,1983,1
3672,Y026,7933,1983,2
3672,Y026,7935,1983,4
3672,Y026,7937,1984,2
3672,Y026,7939,1984,4
3672,Y026,7942,1985,3
3672,Y026,7943,1985,4
3672,Y026,7944,1986,1
3672,Y026,7947,1986,4
3672,Y026,7948,1987,1
3672,Y026,7950,1987,3
3672,Y026,7952,1988,1
3672,Y026,7956,1989,1
3672,Y026,7958,1989,3
3672,Y026,7959,1989,4
3675,Y029,7927,1981,4
3675,Y029,7928,1982,1
3675,Y029,7929,1982,2
3675,Y029,7931,1982,4
3675,Y029,7932,1983,1
3675,Y029,7934,1983,3
3675,Y029,7935,1983,4
3675,Y029,7936,1984,1
3675,Y029,7937,1984,2
3675,Y029,7939,1984,4
3675,Y029,7940,1985,1
3679,Y033,7927,1981,4
3679,Y033,7928,1982,1
3679,Y033,7929,1982,2
3679,Y033,7930,1982,3
3679,Y033,7931,1982,4
3679,Y033,7932,1983,1
3679,Y033,7934,1983,3
3679,Y033,7936,1984,1
3679,Y033,7938,1984,3
3679,Y033,7939,1984,4
3679,Y033,7940,1985,1
3679,Y033,7941,1985,2
3679,Y033,7943,1985,4
3679,Y033,7944,1986,1
3681,Y035,7927,1981,4
3681,Y035,7928,1982,1
3681,Y035,7930,1982,3
3681,Y035,7931,1982,4
3681,Y035,7932,1983,1
3681,Y035,7933,1983,2
3681,Y035,7935,1983,4
3681,Y035,7936,1984,1
3681,Y035,7937,1984,2
3682,Y036,7927,1981,4
3682,Y036,7928,1982,1
3682,Y036,7930,1982,3
3682,Y036,7931,1982,4
3682,Y036,7932,1983,1
3683,Y037,7927,1981,4
3683,Y037,7928,1982,1
3684,Y038,7927,1981,4
3684,Y038,7928,1982,1
3684,Y038,7929,1982,2
3684,Y038,7930,1982,3
3684,Y038,7931,1982,4
3684,Y038,7932,1983,1
3684,Y038,7933,1983,2
3684,Y038,7934,1983,3
3684,Y038,7935,1983,4
3684,Y038,7936,1984,1
3684,Y038,7937,1984,2
3685,Y039,7927,1981,4
3685,Y039,7928,1982,1
3685,Y039,7929,1982,2
3685,Y039,7930,1982,3
3685,Y039,7931,1982,4
3685,Y039,7934,1983,3
3685,Y039,7935,1983,4
3685,Y039,7936,1984,1
3685,Y039,7938,1984,3
3685,Y039,7939,1984,4
3685,Y039,7940,1985,1
3685,Y039,7941,1985,2
3685,Y039,7942,1985,3
3685,Y039,7943,1985,4
3685,Y039,7944,1986,1
3685,Y039,7946,1986,3
3685,Y039,7947,1986,4
3685,Y039,7948,1987,1
3687,Y041,7929,1982,2
3688,Y043,7927,1981,4
3688,Y043,7928,1982,1
3688,Y043,7929,1982,2
3688,Y043,7931,1982,4
3688,Y043,7932,1983,1
3688,Y043,7933,1983,2
3688,Y043,7934,1983,3
3688,Y043,7935,1983,4
3688,Y043,7936,1984,1
3688,Y043,7937,1984,2
3688,Y043,7938,1984,3
3688,Y043,7939,1984,4
3688,Y043,7940,1985,1
3688,Y043,7942,1985,3
3688,Y043,7943,1985,4
3688,Y043,7944,1986,1
3688,Y043,7946,1986,3
3688,Y043,7947,1986,4
3688,Y043,7948,1987,1
3688,Y043,7949,1987,2
3691,Y046,7930,1982,3
3691,Y046,7931,1982,4
3691,Y046,7933,1983,2
3691,Y046,7935,1983,4
3691,Y046,7936,1984,1
3691,Y046,7938,1984,3
3692,Y047,7928,1982,1
3692,Y047,7929,1982,2
3692,Y047,7930,1982,3
3692,Y047,7931,1982,4
3692,Y047,7932,1983,1
3692,Y047,7934,1983,3
3692,Y047,7935,1983,4
3692,Y047,7936,1984,1
3692,Y047,7937,1984,2
3692,Y047,7938,1984,3
3692,Y047,7939,1984,4
3692,Y047,7940,1985,1
3692,Y047,7941,1985,2
3692,Y047,7943,1985,4
3692,Y047,7944,1986,1
3692,Y047,7945,1986,2
3692,Y047,7947,1986,4
3692,Y047,7948,1987,1
3692,Y047,7949,1987,2
3692,Y047,7950,1987,3
3692,Y047,7951,1987,4
3692,Y047,7953,1988,2
3692,Y047,7954,1988,3
3692,Y047,7955,1988,4
3692,Y047,7956,1989,1
3692,Y047,7957,1989,2
3692,Y047,7958,1989,3
3692,Y047,7960,1990,1
3692,Y047,7961,1990,2
3692,Y047,7962,1990,3
3692,Y047,7963,1990,4
3692,Y047,7964,1991,1
3692,Y047,7965,1991,2
3694,Y049,7928,1982,1
3694,Y049,7929,1982,2
3694,Y049,7930,1982,3
3694,Y049,7931,1982,4
3694,Y049,7932,1983,1
3694,Y049,7933,1983,2
3694,Y049,7935,1983,4
3694,Y049,7937,1984,2
3694,Y049,7939,1984,4
3694,Y049,7940,1985,1
3694,Y049,7941,1985,2
3694,Y049,7942,1985,3
3694,Y049,7943,1985,4
3694,Y049,7944,1986,1
3694,Y049,7945,1986,2
3694,Y049,7946,1986,3
3695,Y050,7928,1982,1
3695,Y050,7929,1982,2
3695,Y050,7930,1982,3
3695,Y050,7931,1982,4
3695,Y050,7932,1983,1
3695,Y050,7933,1983,2
3695,Y050,7934,1983,3
3698,Z003,7977,1994,2
3698,Z003,7978,1994,3
3698,Z003,7980,1995,1
3698,Z003,7981,1995,2
3698,Z003,7982,1995,3
3698,Z003,7983,1995,4
3698,Z003,7985,1996,2
3698,Z003,7987,1996,4
3699,Z004,7977,1994,2
3709,Z014,7979,1994,4
3710,Z015,7983,1995,4
3710,Z015,7984,1996,1
3710,Z015,7987,1996,4
3710,Z015,7988,1997,1
3710,Z015,7990,1997,3
3710,Z015,7991,1997,4
3710,Z015,7992,1998,1
3711,Z016,7979,1994,4
3711,Z016,7983,1995,4
3711,Z016,7984,1996,1
3711,Z016,7992,1998,1
3713,Z018,7978,1994,3
3714,Z019,7983,1995,4
3716,Z021,7983,1995,4
3716,Z021,7984,1996,1
3716,Z021,7985,1996,2
3716,Z021,7988,1997,1
3716,Z021,7989,1997,2
3716,Z021,7990,1997,3
3716,Z021,7991,1997,4
3716,Z021,7992,1998,1
3716,Z021,7993,1998,2
3716,Z021,7994,1998,3
3716,Z021,7995,1998,4
3716,Z021,7996,1999,1
3716,Z021,7997,1999,2
3716,Z021,7998,1999,3
3716,Z021,7999,1999,4
3716,Z021,8000,2000,1
3716,Z021,8001,2000,2
3716,Z021,8002,2000,3
3716,Z021,8003,2000,4
3716,Z021,8004,2001,1
3716,Z021,8005,2001,2
3721,Z026,7983,1995,4
3721,Z026,7984,1996,1
3722,Z027,7979,1994,4
3723,Z028,7978,1994,3
3723,Z028,7983,1995,4
3723,Z028,7984,1996,1
3723,Z028,7987,1996,4
3723,Z028,7988,1997,1
3723,Z028,7989,1997,2
3723,Z028,7990,1997,3
3723,Z028,7991,1997,4
3723,Z028,7992,1998,1
3739,Z044,7980,1995,1
3739,Z044,7981,1995,2
3739,Z044,7985,1996,2
3739,Z044,7986,1996,3
3739,Z044,7987,1996,4
3739,Z044,7988,1997,1
3739,Z044,7991,1997,4
3739,Z044,7992,1998,1
3739,Z044,7993,1998,2
3739,Z044,7995,1998,4
3739,Z044,7996,1999,1
3739,Z044,7999,1999,4
3739,Z044,8000,2000,1
3739,Z044,8001,2000,2
3739,Z044,8002,2000,3
3739,Z044,8003,2000,4
3739,Z044,8004,2001,1
3739,Z044,8005,2001,2
3739,Z044,8006,2001,3
3739,Z044,8008,2002,1
3739,Z044,8009,2002,2
3739,Z044,8010,2002,3
3739,Z044,8011,2002,4
3739,Z044,8012,2003,1
3739,Z044,8013,2003,2
3739,Z044,8016,2004,1
3739,Z044,8017,2004,2
3739,Z044,8018,2004,3
3739,Z044,8019,2004,4
3739,Z044,8020,2005,1
3739,Z044,8021,2005,2
3740,Z045,7979,1994,4
3740,Z045,7980,1995,1
3740,Z045,7981,1995,2
3740,Z045,7982,1995,3
3740,Z045,7983,1995,4
3740,Z045,7984,1996,1
3740,Z045,7985,1996,2
3740,Z045,7986,1996,3
3740,Z045,7987,1996,4
3740,Z045,7988,1997,1
3740,Z045,7989,1997,2
3740,Z045,7990,1997,3
3740,Z045,7991,1997,4
3740,Z045,7992,1998,1
3743,Z048,7979,1994,4
3743,Z048,7981,1995,2
3743,Z048,7983,1995,4
3743,Z048,7984,1996,1
3743,Z048,7985,1996,2
3743,Z048,7986,1996,3
3743,Z048,7987,1996,4
3743,Z048,7988,1997,1
3743,Z048,7989,1997,2
3743,Z048,7991,1997,4
3743,Z048,7992,1998,1
3743,Z048,7993,1998,2
3743,Z048,7995,1998,4
3743,Z048,7996,1999,1
3743,Z048,7998,1999,3
3743,Z048,7999,1999,4
3743,Z048,8000,2000,1
3743,Z048,8001,2000,2
3745,Z050,7978,1994,3
3745,Z050,7981,1995,2
3748,Z053,7981,1995,2
3748,Z053,7985,1996,2
3748,Z053,7988,1997,1
3748,Z053,7989,1997,2
3748,Z053,7991,1997,4
3748,Z053,7993,1998,2
3748,Z053,7995,1998,4
3748,Z053,7996,1999,1
3748,Z053,7998,1999,3
3748,Z053,7999,1999,4
3748,Z053,8000,2000,1
3748,Z053,8003,2000,4
3748,Z053,8004,2001,1
3748,Z053,8005,2001,2
3748,Z053,8006,2001,3
3751,Z056,7979,1994,4
3751,Z056,7980,1995,1
3751,Z056,7981,1995,2
3751,Z056,7983,1995,4
3751,Z056,7984,1996,1
3751,Z056,7985,1996,2
3751,Z056,7986,1996,3
3751,Z056,7987,1996,4
3751,Z056,7992,1998,1
3751,Z056,7996,1999,1
3751,Z056,7998,1999,3
3751,Z056,7999,1999,4
3751,Z056,8000,2000,1
3751,Z056,8001,2000,2
3751,Z056,8004,2001,1
3751,Z056,8005,2001,2
3751,Z056,8006,2001,3
3751,Z056,8007,2001,4
3751,Z056,8008,2002,1
3751,Z056,8009,2002,2
3751,Z056,8010,2002,3
3751,Z056,8011,2002,4
3751,Z056,8012,2003,1
3751,Z056,8013,2003,2
3751,Z056,8016,2004,1
3752,Z057,7979,1994,4
3752,Z057,7981,1995,2
3752,Z057,7983,1995,4
3752,Z057,7985,1996,2
3752,Z057,7987,1996,4
3752,Z057,7988,1997,1
3752,Z057,7989,1997,2
3752,Z057,7990,1997,3
3752,Z057,7991,1997,4
3752,Z057,7992,1998,1
3752,Z057,7993,1998,2
3752,Z057,7995,1998,4
3752,Z057,7996,1999,1
3755,Z060,7979,1994,4
3755,Z060,7981,1995,2
3755,Z060,7984,1996,1
3755,Z060,7985,1996,2
3755,Z060,7987,1996,4
3755,Z060,7988,1997,1
3755,Z060,7989,1997,2
3755,Z060,7991,1997,4
3755,Z060,7992,1998,1
3756,Z061,7980,1995,1
3756,Z061,7981,1995,2
3756,Z061,7982,1995,3
3756,Z061,7985,1996,2
3756,Z061,7986,1996,3
3756,Z061,7989,1997,2
3756,Z061,7992,1998,1
3756,Z061,7995,1998,4
3756,Z061,7996,1999,1
3756,Z061,7997,1999,2
3756,Z061,7999,1999,4
3756,Z061,8001,2000,2
3757,Z062,7981,1995,2
3757,Z062,7982,1995,3
3757,Z062,7983,1995,4
3757,Z062,7984,1996,1
3757,Z062,7985,1996,2
3757,Z062,7986,1996,3
3758,Z063,7981,1995,2
3758,Z063,7985,1996,2
3759,Z064,7981,1995,2
3759,Z064,7985,1996,2
3759,Z064,7986,1996,3
3760,Z065,7979,1994,4
3760,Z065,7981,1995,2
3760,Z065,7984,1996,1
3760,Z065,7985,1996,2
3765,Z071,7980,1995,1
3765,Z071,7981,1995,2
3765,Z071,7982,1995,3
3765,Z071,7983,1995,4
3765,Z071,7984,1996,1
3765,Z071,7985,1996,2
3765,Z071,7987,1996,4
3765,Z071,7988,1997,1
3765,Z071,7989,1997,2
3766,Z072,7980,1995,1
3766,Z072,7981,1995,2
3766,Z072,7983,1995,4
3766,Z072,7984,1996,1
3766,Z072,7985,1996,2
3767,Z073,7980,1995,1
3767,Z073,7981,1995,2
3767,Z073,7983,1995,4
3767,Z073,7984,1996,1
3767,Z073,7985,1996,2
3768,Z074,7980,1995,1
3768,Z074,7981,1995,2
3769,Z075,7979,1994,4
3769,Z075,7980,1995,1
3769,Z075,7981,1995,2
3769,Z075,7983,1995,4
3769,Z075,7984,1996,1
3769,Z075,7985,1996,2
3769,Z075,7986,1996,3
3770,Z076,7980,1995,1
3770,Z076,7981,1995,2
3770,Z076,7984,1996,1
3770,Z076,7985,1996,2
3770,Z076,7987,1996,4
3770,Z076,7988,1997,1
3770,Z076,7989,1997,2
3772,Z078,7980,1995,1
3772,Z078,7981,1995,2
3772,Z078,7983,1995,4
3772,Z078,7984,1996,1
3772,Z078,7985,1996,2
3773,Z079,7979,1994,4
3773,Z079,7980,1995,1
3773,Z079,7981,1995,2
3779,Z085,7983,1995,4
3779,Z085,7984,1996,1
3779,Z085,7987,1996,4
3779,Z085,7988,1997,1
3779,Z085,7989,1997,2
3779,Z085,7990,1997,3
3779,Z085,7991,1997,4
3779,Z085,7992,1998,1
3779,Z085,7993,1998,2
3779,Z085,7994,1998,3
3779,Z085,7996,1999,1
3780,Z086,7980,1995,1
3780,Z086,7981,1995,2
3780,Z086,7983,1995,4
3781,Z087,7980,1995,1
3781,Z087,7981,1995,2
3781,Z087,7982,1995,3
3781,Z087,7983,1995,4
3781,Z087,7984,1996,1
3781,Z087,7985,1996,2
3782,Z088,7981,1995,2
3782,Z088,7984,1996,1
3782,Z088,7985,1996,2
3782,Z088,7986,1996,3
3782,Z088,7987,1996,4
3782,Z088,7988,1997,1
3782,Z088,7989,1997,2
3782,Z088,7991,1997,4
3782,Z088,7993,1998,2
3782,Z088,7994,1998,3
3782,Z088,7995,1998,4
3782,Z088,7996,1999,1
3782,Z088,7997,1999,2
3783,Z089,7980,1995,1
3783,Z089,7981,1995,2
3783,Z089,7985,1996,2
3783,Z089,7988,1997,1
3783,Z089,7989,1997,2
3783,Z089,7992,1998,1
3783,Z089,7993,1998,2
3783,Z089,7995,1998,4
3783,Z089,7996,1999,1
3783,Z089,7997,1999,2
3783,Z089,7998,1999,3
3783,Z089,7999,1999,4
3783,Z089,8000,2000,1
3783,Z089,8001,2000,2
3783,Z089,8003,2000,4
3783,Z089,8004,2001,1
3783,Z089,8005,2001,2
3783,Z089,8007,2001,4
3783,Z089,8008,2002,1
3783,Z089,8009,2002,2
3783,Z089,8011,2002,4
3783,Z089,8012,2003,1
3783,Z089,8015,2003,4
3783,Z089,8017,2004,2
3783,Z089,8019,2004,4
3783,Z089,8020,2005,1
3784,Z090,7979,1994,4
3784,Z090,7981,1995,2
3784,Z090,7985,1996,2
3784,Z090,7988,1997,1
3784,Z090,7989,1997,2
3784,Z090,7991,1997,4
3784,Z090,7992,1998,1
3784,Z090,7993,1998,2
3784,Z090,7995,1998,4
3784,Z090,7996,1999,1
3784,Z090,7997,1999,2
3786,Z092,7983,1995,4
3786,Z092,7984,1996,1
3786,Z092,7985,1996,2
3786,Z092,7987,1996,4
3786,Z092,7988,1997,1
3786,Z092,7989,1997,2
3786,Z092,7990,1997,3
3786,Z092,7991,1997,4
3786,Z092,7992,1998,1
3786,Z092,7995,1998,4
3786,Z092,7996,1999,1
3786,Z092,7997,1999,2
3786,Z092,7999,1999,4
3786,Z092,8000,2000,1
3786,Z092,8001,2000,2
3786,Z092,8003,2000,4
3786,Z092,8004,2001,1
3786,Z092,8005,2001,2
3787,Z093,7981,1995,2
3787,Z093,7985,1996,2
3787,Z093,7989,1997,2
3787,Z093,7992,1998,1
3787,Z093,7996,1999,1
3787,Z093,8000,2000,1
3787,Z093,8004,2001,1
3787,Z093,8007,2001,4
3787,Z093,8008,2002,1
3788,Z094,7981,1995,2
3788,Z094,7983,1995,4
3788,Z094,7984,1996,1
3788,Z094,7985,1996,2
3788,Z094,7988,1997,1
3788,Z094,7989,1997,2
3788,Z094,7992,1998,1
3788,Z094,7993,1998,2
3788,Z094,7995,1998,4
3788,Z094,7996,1999,1
3788,Z094,7997,1999,2
