individual_id,tattoo,year,quarter,q_index,p_infected,n_capture_rows,first_capture_date,last_capture_date,previous_q,gap_quarters
2,001B,2009,2,8037,0.014018878,1,2009-05-05,2009-05-05,8025,11
5,001E,2015,3,8062,0.349295901,1,2015-07-15,2015-07-15,8053,8
10,001K,2013,3,8054,0.756420212,1,2013-08-13,2013-08-13,8049,4
10,001K,2014,2,8057,0.92617927,1,2014-06-03,2014-06-03,8054,2
11,001L,2012,2,8049,0.921263944,1,2012-06-26,2012-06-26,8044,4
11,001L,2013,3,8054,0.947627218,1,2013-08-13,2013-08-13,8049,4
11,001L,2014,3,8058,0.955416489,1,2014-09-10,2014-09-10,8054,3
14,001P,2011,4,8047,0.849581015,1,2011-10-04,2011-10-04,8034,12
14,001P,2012,3,8050,0.998135385,1,2012-08-14,2012-08-14,8047,2
14,001P,2013,2,8053,0.999981373,1,2013-06-05,2013-06-05,8051,1
14,001P,2013,4,8055,0.999999342,1,2013-10-23,2013-10-23,8053,1
14,001P,2014,2,8057,1,1,2014-06-24,2014-06-24,8055,1
24,001Z,2020,3,8082,3.49e-5,1,2020-08-18,2020-08-18,8079,2
24,001Z,2021,3,8086,1.61e-4,1,2021-08-11,2021-08-11,8083,2
24,001Z,2022,2,8089,0.003866141,1,2022-06-15,2022-06-15,8087,1
25,002A,2015,2,8061,1,1,2015-05-20,2015-05-20,8059,1
25,002A,2017,3,8070,1,1,2017-09-05,2017-09-05,8063,6
25,002A,2018,2,8073,1,1,2018-06-26,2018-06-26,8070,2
26,002B,2007,2,8029,0.033990483,1,2007-05-08,2007-05-08,8027,1
26,002B,2008,2,8033,0.037998159,1,2008-05-07,2008-05-07,8029,3
29,002E,2014,3,8058,1,1,2014-08-12,2014-08-12,8054,3
30,002F,2010,4,8043,0.034040066,1,2010-11-30,2010-11-30,8041,1
30,002F,2012,2,8049,1,1,2012-06-27,2012-06-27,8043,5
31,002G,2005,1,8020,9.52e-6,1,2005-02-01,2005-02-01,8012,7
31,002G,2005,3,8022,1.99e-5,1,2005-08-16,2005-08-16,8020,1
31,002G,2007,2,8029,5.66e-4,1,2007-06-06,2007-06-06,8023,5
34,002K,2013,2,8053,6.39e-4,1,2013-06-18,2013-06-18,8049,3
34,002K,2014,1,8056,0.004733719,1,2014-01-28,2014-01-28,8053,2
34,002K,2014,4,8059,0.050243278,1,2014-11-04,2014-11-04,8056,2
34,002K,2016,2,8065,0.055255225,1,2016-06-28,2016-06-28,8062,2
34,002K,2016,4,8067,0.055827219,1,2016-10-19,2016-10-19,8065,1
37,002N,2009,4,8039,1.15e-4,1,2009-10-27,2009-10-27,8037,1
37,002N,2010,2,8041,0.004761573,1,2010-05-24,2010-05-24,8039,1
37,002N,2011,1,8044,0.013397704,1,2011-01-11,2011-01-11,8042,1
38,002P,2009,2,8037,0.003248358,1,2009-06-02,2009-06-02,8035,1
38,002P,2010,2,8041,0.01048867,1,2010-05-11,2010-05-11,8038,2
38,002P,2012,2,8049,0.402012341,1,2012-05-30,2012-05-30,8041,7
39,002Q,2025,2,8101,0.004960917,1,2025-05-20,2025-05-20,8098,2
41,002S,2021,3,8086,0.003680884,1,2021-08-24,2021-08-24,8084,1
42,002T,2017,3,8070,0.38657237,1,2017-07-11,2017-07-11,8068,1
42,002T,2019,4,8079,0.770701422,1,2019-10-02,2019-10-02,8070,8
44,002V,2016,1,8064,1.42e-9,1,2016-01-26,2016-01-26,8062,1
44,002V,2017,2,8069,2.78e-8,1,2017-06-13,2017-06-13,8064,4
44,002V,2018,2,8073,1.44e-7,1,2018-05-23,2018-05-23,8069,3
44,002V,2019,2,8077,1.76e-4,1,2019-05-21,2019-05-21,8075,1
44,002V,2020,3,8082,0.087811147,1,2020-08-18,2020-08-18,8079,2
47,002Y,2011,2,8045,0.046529596,1,2011-05-18,2011-05-18,8029,15
49,003A,2015,2,8061,4.44e-11,2,2015-05-20,2015-06-24,8059,1
49,003A,2016,3,8066,2.18e-4,1,2016-07-13,2016-07-13,8063,2
49,003A,2018,2,8073,0.002849877,1,2018-06-26,2018-06-26,8066,6
49,003A,2019,2,8077,0.010816433,1,2019-05-21,2019-05-21,8073,3
50,003B,2007,2,8029,1,1,2007-05-09,2007-05-09,8027,1
52,003D,2022,4,8091,4.38e-5,2,2022-10-04,2022-11-22,8089,1
52,003D,2023,2,8093,0.00356974,1,2023-05-23,2023-05-23,8091,1
53,003E,2014,2,8057,1,1,2014-05-20,2014-05-20,8054,2
60,003M,2018,3,8074,0.006046092,1,2018-08-21,2018-08-21,8072,1
61,003N,2009,4,8039,0.045092024,1,2009-10-27,2009-10-27,8037,1
61,003N,2010,2,8041,0.137797896,1,2010-05-24,2010-05-24,8039,1
61,003N,2012,2,8049,1,1,2012-06-13,2012-06-13,8046,2
65,003S,2022,2,8089,0.16451614,1,2022-06-28,2022-06-28,8085,3
68,003V,2016,3,8066,0.114366636,1,2016-08-09,2016-08-09,8064,1
73,004A,2015,3,8062,8.37e-4,1,2015-07-14,2015-07-14,8058,3
73,004A,2016,2,8065,0.010757,1,2016-05-03,2016-05-03,8062,2
75,004C,2017,3,8070,9.23e-4,1,2017-09-06,2017-09-06,8068,1
75,004C,2018,3,8074,0.010353859,1,2018-08-21,2018-08-21,8070,3
84,004M,2019,3,8078,0.067864122,1,2019-08-20,2019-08-20,8073,4
86,004P,2009,2,8037,0.007287493,1,2009-06-03,2009-06-03,8033,3
87,004Q,2025,2,8101,0.016428552,1,2025-06-10,2025-06-10,8099,1
88,004R,2005,2,8021,0.029476784,1,2005-06-22,2005-06-22,8016,4
89,004S,2022,2,8089,0.003734633,1,2022-05-25,2022-05-25,8087,1
93,004W,2006,2,8025,1.69e-5,1,2006-05-10,2006-05-10,8023,1
93,004W,2006,4,8027,1.89e-5,1,2006-12-13,2006-12-13,8025,1
93,004W,2007,2,8029,1.14e-4,1,2007-05-08,2007-05-08,8027,1
96,004Z,2020,3,8082,0.005504005,1,2020-09-01,2020-09-01,8079,2
97,005A,2015,3,8062,0.005053923,1,2015-07-14,2015-07-14,8059,2
98,005B,2007,2,8029,0.002775497,1,2007-05-08,2007-05-08,8027,1
99,005C,2016,4,8067,1.15e-4,1,2016-10-18,2016-10-18,8065,1
99,005C,2018,3,8074,0.016453632,1,2018-08-22,2018-08-22,8068,5
100,005D,2022,4,8091,9.02e-6,2,2022-10-18,2022-12-06,8089,1
100,005D,2023,2,8093,4.78e-4,1,2023-06-06,2023-06-06,8091,1
100,005D,2023,4,8095,0.002602733,1,2023-10-04,2023-10-04,8093,1
104,005H,2021,2,8085,0.012868343,1,2021-05-26,2021-05-26,8083,1
105,005J,2024,2,8097,5.7e-4,2,2024-05-21,2024-06-11,8094,2
107,005L,2013,2,8053,1.21e-6,1,2013-06-18,2013-06-18,8051,1
107,005L,2014,2,8057,9.85e-4,1,2014-06-24,2014-06-24,8055,1
108,005M,2019,3,8078,0.013987451,1,2019-08-20,2019-08-20,8073,4
109,005N,2010,2,8041,8.7e-7,1,2010-05-12,2010-05-12,8039,1
109,005N,2011,2,8045,0.007137495,1,2011-05-03,2011-05-03,8043,1
110,005P,2010,3,8042,0.0106603,1,2010-09-07,2010-09-07,8033,8
117,005W,2006,2,8025,0.013748715,1,2006-05-09,2006-05-09,8023,1
121,006A,2015,2,8061,0.001886974,1,2015-05-20,2015-05-20,8059,1
121,006A,2016,2,8065,0.003867659,1,2016-05-03,2016-05-03,8061,3
121,006A,2017,3,8070,0.017765831,1,2017-08-01,2017-08-01,8065,4
123,006C,2017,4,8071,1.52e-4,1,2017-11-14,2017-11-14,8068,2
123,006C,2018,3,8074,0.001188463,1,2018-08-21,2018-08-21,8071,2
125,006E,2014,2,8057,1.93e-4,1,2014-06-03,2014-06-03,8055,1
127,006G,2003,4,8015,0.002430846,1,2003-10-28,2003-10-28,8013,1
127,006G,2004,2,8017,0.01384697,1,2004-05-25,2004-05-25,8015,1
131,006L,2012,2,8049,0.232041263,1,2012-05-29,2012-05-29,8047,1
131,006L,2013,2,8053,0.983607941,1,2013-05-21,2013-05-21,8050,2
131,006L,2014,2,8057,0.999127596,1,2014-05-21,2014-05-21,8054,2
132,006M,2019,3,8078,0.91322212,1,2019-09-10,2019-09-10,8074,3
135,006Q,2025,2,8101,2.63e-5,2,2025-05-20,2025-06-11,8099,1
143,006Y,2007,4,8031,9.45e-4,1,2007-10-23,2007-10-23,8029,1
145,007A,2015,2,8061,0.801494383,1,2015-05-20,2015-05-20,8058,2
145,007A,2016,2,8065,0.804216786,1,2016-05-03,2016-05-03,8061,3
147,007C,2017,3,8070,5.9e-4,2,2017-07-11,2017-09-05,8068,1
148,007D,2023,2,8093,4.86e-4,1,2023-05-24,2023-05-24,8091,1
150,007F,2011,2,8045,0.044335211,1,2011-05-17,2011-05-17,8041,3
150,007F,2013,2,8053,0.98796795,1,2013-06-05,2013-06-05,8045,7
150,007F,2014,3,8058,1,1,2014-08-20,2014-08-20,8053,4
151,007G,2003,4,8015,6.07e-6,1,2003-10-28,2003-10-28,8013,1
151,007G,2004,2,8017,3.46e-5,1,2004-05-25,2004-05-25,8015,1
151,007G,2005,3,8022,9.05e-4,1,2005-09-13,2005-09-13,8018,3
151,007G,2006,3,8026,0.004327879,1,2006-07-18,2006-07-18,8022,3
156,007M,2019,2,8077,0.002195487,1,2019-06-18,2019-06-18,8075,1
156,007M,2021,2,8085,0.057964463,1,2021-06-08,2021-06-08,8078,6
158,007P,2008,4,8035,0.032529401,1,2008-10-22,2008-10-22,8033,1
162,007T,2018,2,8073,0.007774814,1,2018-05-22,2018-05-22,8070,2
167,007Y,2008,1,8032,5.21e-5,1,2008-01-23,2008-01-23,8030,1
170,008B,2007,2,8029,2.32e-8,1,2007-05-08,2007-05-08,8027,1
170,008B,2008,2,8033,7.28e-7,1,2008-05-07,2008-05-07,8029,3
170,008B,2009,2,8037,1.79e-5,1,2009-06-02,2009-06-02,8033,3
170,008B,2010,3,8042,5.44e-4,1,2010-09-07,2010-09-07,8037,4
170,008B,2011,2,8045,0.00911891,1,2011-05-03,2011-05-03,8042,2
175,008G,2003,4,8015,0.009968541,1,2003-10-29,2003-10-29,8013,1
179,008L,2012,2,8049,0.057694121,1,2012-05-29,2012-05-29,8046,2
179,008L,2013,2,8053,0.866686189,1,2013-05-21,2013-05-21,8049,3
180,008M,2019,2,8077,0.01101566,1,2019-06-18,2019-06-18,8075,1
180,008M,2020,3,8082,0.048352942,1,2020-08-18,2020-08-18,8078,3
182,008P,2009,1,8036,1.1e-5,1,2009-01-27,2009-01-27,8034,1
182,008P,2009,4,8039,1.11e-5,2,2009-10-27,2009-11-18,8037,1
182,008P,2010,2,8041,2.14e-5,1,2010-05-24,2010-05-24,8039,1
182,008P,2011,1,8044,2.97e-4,1,2011-01-11,2011-01-11,8041,2
183,008Q,2025,3,8102,0.003068497,1,2025-08-12,2025-08-12,8099,2
189,008W,2009,2,8037,0.017348945,1,2009-06-02,2009-06-02,8022,14
194,009B,2007,2,8029,1.47e-4,1,2007-05-08,2007-05-08,8027,1
198,009F,2010,4,8043,0.439830546,2,2010-10-05,2010-11-30,8041,1
202,009K,2013,2,8053,1,2,2013-05-21,2013-06-05,8051,1
203,009L,2012,2,8049,0.197541067,1,2012-05-29,2012-05-29,8046,2
204,009M,2019,2,8077,1,1,2019-06-18,2019-06-18,8075,1
205,009N,2010,2,8041,3.58e-11,1,2010-05-11,2010-05-11,8038,2
205,009N,2011,2,8045,4.94e-6,1,2011-05-04,2011-05-04,8043,1
205,009N,2012,2,8049,0.009651764,1,2012-05-29,2012-05-29,8046,2
206,009P,2009,4,8039,2.51e-16,2,2009-10-27,2009-12-01,8037,1
206,009P,2011,2,8045,6.64e-9,1,2011-05-18,2011-05-18,8043,1
206,009P,2012,2,8049,5.05e-7,1,2012-06-13,2012-06-13,8046,2
206,009P,2013,2,8053,1.49e-6,1,2013-06-04,2013-06-04,8051,1
206,009P,2014,2,8057,0.00117856,1,2014-06-04,2014-06-04,8055,1
207,009Q,2025,2,8101,2.9e-4,1,2025-06-10,2025-06-10,8099,1
208,009R,2005,3,8022,0.220908073,1,2005-07-20,2005-07-20,8019,2
208,009R,2006,2,8025,0.999999997,1,2006-05-10,2006-05-10,8022,2
209,009S,2022,2,8089,0.037693406,1,2022-06-28,2022-06-28,8085,3
216,009Z,2020,3,8082,4.97e-5,1,2020-09-01,2020-09-01,8079,2
216,009Z,2021,2,8085,0.001763378,1,2021-05-26,2021-05-26,8083,1
217,010A,2015,2,8061,0.675385361,1,2015-06-09,2015-06-09,8058,2
221,010E,2014,2,8057,0.996580533,1,2014-06-03,2014-06-03,8055,1
221,010E,2015,2,8061,0.99987155,1,2015-06-09,2015-06-09,8059,1
222,010F,2011,2,8045,3.36e-4,1,2011-05-25,2011-05-25,8041,3
222,010F,2018,2,8073,0.999999993,1,2018-06-27,2018-06-27,8047,25
226,010L,2012,3,8050,0.01283701,1,2012-09-19,2012-09-19,8046,3
227,010M,2018,4,8075,0.02131457,1,2018-11-27,2018-11-27,8073,1
228,010N,2009,4,8039,8.48e-7,1,2009-12-15,2009-12-15,8037,1
228,010N,2010,2,8041,2.59e-6,1,2010-05-11,2010-05-11,8039,1
228,010N,2010,4,8043,2.91e-5,1,2010-11-02,2010-11-02,8041,1
228,010N,2011,3,8046,1.22e-4,1,2011-07-06,2011-07-06,8043,2
228,010N,2012,2,8049,0.001098399,1,2012-05-29,2012-05-29,8046,2
228,010N,2013,3,8054,0.017896474,1,2013-07-17,2013-07-17,8049,4
229,010P,2009,2,8037,2.86e-9,1,2009-05-19,2009-05-19,8035,1
229,010P,2010,2,8041,8.78e-9,1,2010-05-25,2010-05-25,8037,3
229,010P,2011,2,8045,1.61e-7,1,2011-05-17,2011-05-17,8041,3
229,010P,2013,3,8054,3.89e-6,1,2013-07-31,2013-07-31,8045,8
229,010P,2014,2,8057,1.58e-5,1,2014-06-03,2014-06-03,8054,2
229,010P,2015,2,8061,0.004528031,1,2015-06-09,2015-06-09,8058,2
230,010Q,2025,2,8101,0.011869345,1,2025-05-20,2025-05-20,8099,1
232,010S,2022,2,8089,0.002265986,1,2022-05-25,2022-05-25,8087,1
235,010V,2015,4,8063,9.88e-5,1,2015-10-14,2015-10-14,8061,1
235,010V,2016,2,8065,2.31e-4,1,2016-05-03,2016-05-03,8063,1
238,010Y,2008,2,8033,6.81e-11,1,2008-05-20,2008-05-20,8031,1
238,010Y,2009,2,8037,7.74e-8,1,2009-06-02,2009-06-02,8035,1
238,010Y,2012,3,8050,3.04e-4,2,2012-08-14,2012-09-19,8039,10
238,010Y,2013,2,8053,0.010615242,1,2013-06-19,2013-06-19,8050,2
239,010Z,2020,3,8082,0.933217546,1,2020-09-01,2020-09-01,8079,2
239,010Z,2021,2,8085,0.997187254,1,2021-05-26,2021-05-26,8082,2
241,011B,2007,2,8029,1.05e-5,1,2007-05-23,2007-05-23,8027,1
241,011B,2008,3,8034,0.009519996,1,2008-07-22,2008-07-22,8030,3
245,011F,2010,4,8043,0.117809067,1,2010-10-05,2010-10-05,8041,1
246,011G,2004,2,8017,0.068206261,1,2004-05-26,2004-05-26,8015,1
246,011G,2005,2,8021,0.328939577,1,2005-05-24,2005-05-24,8017,3
250,011M,2019,3,8078,0.007939957,1,2019-09-11,2019-09-11,8074,3
254,011R,2005,2,8021,0.008002774,1,2005-05-24,2005-05-24,8019,1
260,011Y,2008,2,8033,1.06e-17,1,2008-05-20,2008-05-20,8031,1
260,011Y,2009,4,8039,1.76e-13,2,2009-10-27,2009-12-01,8037,1
260,011Y,2010,2,8041,2.01e-10,1,2010-05-24,2010-05-24,8039,1
260,011Y,2012,2,8049,0.00964962,1,2012-06-13,2012-06-13,8046,2
261,011Z,2020,3,8082,9.18e-4,2,2020-07-21,2020-09-08,8078,3
263,012B,2007,4,8031,0.001888752,1,2007-10-09,2007-10-09,8029,1
263,012B,2008,2,8033,0.003862438,1,2008-05-20,2008-05-20,8031,1
263,012B,2009,4,8039,0.108835286,1,2009-10-28,2009-10-28,8033,5
264,012C,2017,2,8069,3.25e-4,1,2017-06-13,2017-06-13,8067,1
265,012D,2023,3,8094,0.001050605,1,2023-07-18,2023-07-18,8091,2
265,012D,2024,2,8097,0.002303812,1,2024-06-11,2024-06-11,8094,2
265,012D,2025,2,8101,0.016455192,1,2025-06-10,2025-06-10,8098,2
266,012E,2014,2,8057,0.985765518,1,2014-05-21,2014-05-21,8054,2
266,012E,2015,2,8061,0.997412038,1,2015-05-20,2015-05-20,8058,2
266,012E,2016,3,8066,0.997415067,1,2016-07-12,2016-07-12,8061,4
266,012E,2017,3,8070,0.997415882,1,2017-08-01,2017-08-01,8066,3
266,012E,2018,2,8073,0.997419755,1,2018-05-22,2018-05-22,8070,2
266,012E,2019,2,8077,0.997450326,1,2019-05-21,2019-05-21,8073,3
266,012E,2020,3,8082,0.997674396,1,2020-07-21,2020-07-21,8077,4
266,012E,2021,2,8085,0.997727869,1,2021-05-26,2021-05-26,8082,2
267,012F,2010,4,8043,0.006170709,2,2010-10-05,2010-12-14,8041,1
267,012F,2011,2,8045,0.155358347,1,2011-05-24,2011-05-24,8043,1
268,012G,2005,2,8021,0.054148737,1,2005-06-08,2005-06-08,8017,3
268,012G,2006,2,8025,0.259481558,1,2006-05-10,2006-05-10,8021,3
268,012G,2007,2,8029,0.305311895,1,2007-05-08,2007-05-08,8025,3
269,012H,2022,2,8089,0.02612669,1,2022-05-25,2022-05-25,8082,6
271,012L,2012,2,8049,1.52e-4,1,2012-05-29,2012-05-29,8046,2
271,012L,2013,2,8053,0.007007348,1,2013-05-21,2013-05-21,8050,2
271,012L,2014,3,8058,1,1,2014-08-13,2014-08-13,8054,3
272,012M,2019,3,8078,0.180190024,1,2019-09-10,2019-09-10,8074,3
274,012P,2010,3,8042,5.01e-9,1,2010-09-22,2010-09-22,8035,6
274,012P,2011,2,8045,5.81e-8,1,2011-05-18,2011-05-18,8042,2
274,012P,2012,2,8049,7.41e-6,1,2012-06-13,2012-06-13,8046,2
274,012P,2013,2,8053,9.46e-4,1,2013-06-04,2013-06-04,8050,2
276,012R,2005,2,8021,3.24e-4,1,2005-05-24,2005-05-24,8019,1
276,012R,2006,3,8026,4.46e-4,2,2006-07-19,2006-08-15,8021,4
276,012R,2007,1,8028,0.00202924,1,2007-01-30,2007-01-30,8026,1
277,012S,2022,2,8089,0.004803608,1,2022-05-25,2022-05-25,8086,2
282,012Y,2008,2,8033,1.14e-4,1,2008-05-20,2008-05-20,8031,1
283,012Z,2020,3,8082,0.449392026,1,2020-07-21,2020-07-21,8078,3
287,013D,2023,2,8093,7.61e-7,1,2023-06-07,2023-06-07,8091,1
287,013D,2024,2,8097,2.97e-4,1,2024-06-11,2024-06-11,8095,1
287,013D,2025,2,8101,0.021203621,1,2025-06-10,2025-06-10,8098,2
288,013E,2014,2,8057,6.2e-8,1,2014-06-03,2014-06-03,8055,1
288,013E,2015,2,8061,5e-4,1,2015-06-09,2015-06-09,8059,1
288,013E,2016,2,8065,0.014207542,1,2016-05-10,2016-05-10,8061,3
289,013F,2010,4,8043,1.37e-6,2,2010-10-05,2010-12-14,8041,1
289,013F,2011,2,8045,7.59e-5,1,2011-05-24,2011-05-24,8043,1
290,013G,2004,2,8017,4.71e-5,1,2004-06-08,2004-06-08,8015,1
290,013G,2005,3,8022,0.00108235,1,2005-08-02,2005-08-02,8018,3
290,013G,2008,2,8033,0.012544342,1,2008-05-21,2008-05-21,8022,10
293,013L,2012,2,8049,1,1,2012-05-29,2012-05-29,8047,1
294,013M,2019,2,8077,0.00283651,1,2019-06-18,2019-06-18,8075,1
294,013M,2020,3,8082,0.005864017,1,2020-08-18,2020-08-18,8079,2
294,013M,2021,2,8085,0.024697504,1,2021-06-09,2021-06-09,8083,1
295,013N,2010,2,8041,3.03e-6,1,2010-05-11,2010-05-11,8039,1
295,013N,2011,2,8045,8.13e-6,1,2011-05-03,2011-05-03,8043,1
295,013N,2012,2,8049,0.008047896,1,2012-05-29,2012-05-29,8047,1
296,013P,2009,2,8037,1.02e-4,2,2009-05-19,2009-06-04,8034,2
296,013P,2010,2,8041,0.004597834,1,2010-05-25,2010-05-25,8037,3
297,013Q,2025,2,8101,0.011376833,1,2025-06-10,2025-06-10,8099,1
297,013Q,2025,4,8103,0.021170138,1,2025-10-22,2025-10-22,8101,1
304,013Y,2008,3,8034,0.999998623,1,2008-08-05,2008-08-05,8031,2
304,013Y,2011,3,8046,0.999999935,1,2011-07-13,2011-07-13,8036,9
305,013Z,2020,1,8080,6.41e-6,1,2020-01-22,2020-01-22,8078,1
305,013Z,2020,3,8082,3.8e-5,1,2020-07-21,2020-07-21,8080,1
305,013Z,2021,2,8085,3.34e-4,1,2021-05-26,2021-05-26,8082,2
305,013Z,2022,4,8091,0.001368044,1,2022-10-04,2022-10-04,8086,4
305,013Z,2023,3,8094,0.006200163,1,2023-07-19,2023-07-19,8091,2
306,014A,2015,1,8060,0.001233789,1,2015-01-27,2015-01-27,8057,2
306,014A,2016,1,8064,0.007122252,1,2016-01-26,2016-01-26,8062,1
307,014B,2009,1,8036,0.007218549,1,2009-01-13,2009-01-13,8029,6
309,014D,2023,2,8093,6.16e-6,1,2023-05-23,2023-05-23,8091,1
309,014D,2024,3,8098,0.003050692,1,2024-08-06,2024-08-06,8095,2
309,014D,2025,2,8101,0.023132225,1,2025-05-20,2025-05-20,8098,2
315,014L,2012,2,8049,0.011593276,1,2012-05-29,2012-05-29,8047,1
316,014M,2019,2,8077,0.999844678,1,2019-06-18,2019-06-18,8075,1
316,014M,2020,3,8082,0.99999675,1,2020-09-01,2020-09-01,8079,2
317,014N,2010,2,8041,0.942479582,1,2010-05-11,2010-05-11,8039,1
317,014N,2011,3,8046,0.993970689,2,2011-07-05,2011-09-07,8043,2
317,014N,2012,2,8049,0.998869388,1,2012-05-29,2012-05-29,8046,2
318,014P,2009,4,8039,2.64e-12,2,2009-10-27,2009-12-01,8037,1
318,014P,2011,2,8045,9.45e-5,1,2011-05-17,2011-05-17,8043,1
318,014P,2012,1,8048,0.005547556,1,2012-01-24,2012-01-24,8046,1
319,014Q,2025,2,8101,0.014568112,1,2025-05-20,2025-05-20,8098,2
319,014Q,2025,4,8103,0.024329804,1,2025-11-25,2025-11-25,8101,1
327,014Z,2020,3,8082,0.194145116,1,2020-07-22,2020-07-22,8080,1
327,014Z,2021,3,8086,0.218051803,1,2021-07-27,2021-07-27,8082,3
328,015A,2014,4,8059,0.067711267,1,2014-11-04,2014-11-04,8057,1
329,015B,2007,1,8028,3.07e-5,1,2007-01-31,2007-01-31,8026,1
329,015B,2008,2,8033,0.002349001,1,2008-06-03,2008-06-03,8030,2
329,015B,2009,1,8036,0.032431151,1,2009-01-28,2009-01-28,8034,1
330,015C,2019,2,8077,6.21e-4,1,2019-06-18,2019-06-18,8075,1
337,015L,2012,2,8049,0.22953769,1,2012-05-29,2012-05-29,8046,2
338,015M,2019,2,8077,0.004674818,1,2019-06-18,2019-06-18,8075,1
340,015P,2009,4,8039,5.35e-21,2,2009-10-27,2009-12-01,8037,1
340,015P,2011,2,8045,2.89e-12,1,2011-05-17,2011-05-17,8043,1
340,015P,2012,1,8048,3.12e-9,1,2012-01-11,2012-01-11,8046,1
340,015P,2013,2,8053,8.11e-5,1,2013-06-04,2013-06-04,8051,1
340,015P,2013,4,8055,6.06e-4,1,2013-10-08,2013-10-08,8053,1
340,015P,2014,2,8057,0.009181294,1,2014-06-03,2014-06-03,8055,1
340,015P,2015,2,8061,1,1,2015-06-09,2015-06-09,8059,1
344,015T,2018,2,8073,0.0140228,1,2018-06-05,2018-06-05,8071,1
344,015T,2019,3,8078,0.057902038,1,2019-08-13,2019-08-13,8074,3
345,015V,2017,2,8069,1,1,2017-06-27,2017-06-27,8067,1
345,015V,2018,2,8073,1,1,2018-06-05,2018-06-05,8070,2
348,015Y,2010,1,8040,0.010584629,1,2010-01-19,2010-01-19,8031,8
350,016A,2014,4,8059,1.06e-4,1,2014-11-04,2014-11-04,8057,1
350,016A,2015,3,8062,8.07e-4,1,2015-09-08,2015-09-08,8059,2
350,016A,2017,1,8068,0.018669673,1,2017-01-25,2017-01-25,8062,5
351,016B,2008,2,8033,9.38e-6,1,2008-06-03,2008-06-03,8029,3
351,016B,2009,2,8037,1.89e-4,1,2009-05-05,2009-05-05,8033,3
351,016B,2010,2,8041,0.004683852,1,2010-06-15,2010-06-15,8037,3
352,016C,2017,2,8069,1.75e-5,1,2017-06-27,2017-06-27,8067,1
352,016C,2018,2,8073,0.001035446,1,2018-06-05,2018-06-05,8070,2
354,016E,2018,2,8073,0.945367256,1,2018-06-05,2018-06-05,8055,17
356,016G,2005,1,8020,1.95e-4,1,2005-01-19,2005-01-19,8017,2
360,016M,2019,2,8077,4.96e-5,1,2019-06-18,2019-06-18,8074,2
360,016M,2020,3,8082,7.97e-4,1,2020-08-18,2020-08-18,8079,2
361,016N,2009,4,8039,0.015494882,1,2009-11-03,2009-11-03,8037,1
361,016N,2010,4,8043,0.996910413,1,2010-11-02,2010-11-02,8039,3
361,016N,2011,2,8045,0.998755173,1,2011-05-03,2011-05-03,8043,1
362,016P,2009,2,8037,8.75e-6,1,2009-06-02,2009-06-02,8035,1
362,016P,2010,2,8041,0.00155853,1,2010-05-11,2010-05-11,8039,1
362,016P,2011,2,8045,0.001559845,2,2011-05-04,2011-05-24,8042,2
362,016P,2012,3,8050,0.001568269,3,2012-07-17,2012-09-19,8045,4
362,016P,2013,2,8053,0.0018791,1,2013-06-18,2013-06-18,8050,2
362,016P,2014,3,8058,0.004607064,1,2014-08-13,2014-08-13,8054,3
362,016P,2015,2,8061,0.009027677,1,2015-05-20,2015-05-20,8058,2
364,016R,2005,3,8022,0.027578321,1,2005-07-19,2005-07-19,8017,4
367,016V,2018,2,8073,1,1,2018-06-06,2018-06-06,8071,1
367,016V,2019,2,8077,1,1,2019-06-18,2019-06-18,8074,2
367,016V,2020,3,8082,1,1,2020-08-18,2020-08-18,8078,3
372,017A,2015,4,8063,0.999993311,1,2015-11-25,2015-11-25,8061,1
372,017A,2016,3,8066,0.999997693,1,2016-08-09,2016-08-09,8064,1
372,017A,2018,2,8073,0.999999871,1,2018-06-26,2018-06-26,8066,6
373,017B,2007,3,8030,2.37e-8,1,2007-09-11,2007-09-11,8027,2
373,017B,2008,2,8033,5.64e-7,1,2008-06-03,2008-06-03,8030,2
373,017B,2009,2,8037,1.77e-5,1,2009-05-05,2009-05-05,8033,3
373,017B,2010,2,8041,4.48e-4,1,2010-06-15,2010-06-15,8037,3
373,017B,2011,2,8045,0.011510473,1,2011-05-25,2011-05-25,8041,3
377,017F,2010,4,8043,0.057447995,2,2010-10-05,2010-11-30,8041,1
377,017F,2012,2,8049,0.622482128,1,2012-06-26,2012-06-26,8047,1
381,017L,2012,2,8049,0.001060758,1,2012-05-29,2012-05-29,8047,1
382,017M,2019,2,8077,0.020155809,1,2019-06-18,2019-06-18,8074,2
385,017Q,2025,3,8102,0.027387491,1,2025-09-09,2025-09-09,8098,3
386,017R,2005,2,8021,0.017607277,1,2005-05-24,2005-05-24,8019,1
386,017R,2006,3,8026,0.057906705,1,2006-07-19,2006-07-19,8023,2
386,017R,2007,2,8029,0.999999987,1,2007-05-08,2007-05-08,8026,2
386,017R,2007,4,8031,1,1,2007-10-24,2007-10-24,8029,1
386,017R,2008,2,8033,1,1,2008-05-06,2008-05-06,8031,1
386,017R,2009,2,8037,1,1,2009-06-02,2009-06-02,8035,1
389,017V,2016,2,8065,0.994107826,1,2016-05-10,2016-05-10,8062,2
389,017V,2017,2,8069,0.999706962,1,2017-06-27,2017-06-27,8066,2
389,017V,2018,2,8073,1,1,2018-06-05,2018-06-05,8069,3
392,017Y,2009,2,8037,1,1,2009-05-19,2009-05-19,8029,7
393,017Z,2020,3,8082,3.05e-5,2,2020-07-21,2020-09-09,8080,1
393,017Z,2021,2,8085,0.012833873,2,2021-05-26,2021-06-08,8083,1
394,018A,2014,4,8059,0.001670301,1,2014-11-04,2014-11-04,8057,1
394,018A,2015,2,8061,0.010959177,1,2015-06-23,2015-06-23,8059,1
394,018A,2017,1,8068,0.02614195,1,2017-01-25,2017-01-25,8061,6
394,018A,2018,4,8075,0.107154568,1,2018-10-17,2018-10-17,8068,6
395,018B,2007,3,8030,8.93e-10,1,2007-09-11,2007-09-11,8027,2
395,018B,2009,2,8037,1.09e-6,1,2009-05-05,2009-05-05,8031,5
395,018B,2009,4,8039,7.14e-6,1,2009-11-18,2009-11-18,8037,1
395,018B,2010,2,8041,2.77e-4,1,2010-06-16,2010-06-16,8039,1
395,018B,2011,2,8045,0.011341453,1,2011-05-25,2011-05-25,8041,3
400,018G,2004,2,8017,9.34e-4,1,2004-06-08,2004-06-08,8015,1
400,018G,2004,4,8019,9.48e-4,1,2004-11-09,2004-11-09,8017,1
400,018G,2007,4,8031,0.001424224,1,2007-10-23,2007-10-23,8019,11
400,018G,2008,2,8033,0.004001185,1,2008-05-21,2008-05-21,8031,1
403,018L,2012,2,8049,7.82e-6,1,2012-06-13,2012-06-13,8046,2
403,018L,2013,2,8053,0.008531735,1,2013-06-04,2013-06-04,8051,1
404,018M,2019,3,8078,0.022492008,1,2019-08-21,2019-08-21,8075,2
404,018M,2021,2,8085,0.076083151,1,2021-05-26,2021-05-26,8078,6
405,018N,2010,2,8041,3.9e-5,1,2010-05-11,2010-05-11,8039,1
405,018N,2011,2,8045,3.97e-5,1,2011-05-03,2011-05-03,8043,1
405,018N,2012,3,8050,9.94e-4,2,2012-07-17,2012-09-18,8047,2
406,018P,2009,4,8039,7.17e-13,2,2009-10-27,2009-12-01,8037,1
407,018Q,2025,3,8102,0.027387491,1,2025-09-09,2025-09-09,8098,3
408,018R,2005,1,8020,0.009028318,1,2005-01-11,2005-01-11,8018,1
408,018R,2007,2,8029,0.017766448,1,2007-05-08,2007-05-08,8020,8
411,018V,2016,2,8065,0.999999996,1,2016-05-10,2016-05-10,8061,3
413,018Y,2007,4,8031,2.53e-6,1,2007-12-11,2007-12-11,8029,1
413,018Y,2008,2,8033,1.02e-4,1,2008-05-20,2008-05-20,8031,1
414,018Z,2020,3,8082,0.003946572,1,2020-08-18,2020-08-18,8079,2
415,019A,2016,1,8064,3.17e-5,1,2016-01-26,2016-01-26,8061,2
415,019A,2016,3,8066,1.96e-4,1,2016-08-09,2016-08-09,8064,1
415,019A,2017,3,8070,6.43e-4,1,2017-09-05,2017-09-05,8068,1
415,019A,2018,1,8072,0.001632419,1,2018-01-30,2018-01-30,8070,1
415,019A,2019,3,8078,0.415979052,1,2019-08-13,2019-08-13,8074,3
417,019C,2017,2,8069,0.00711076,1,2017-06-27,2017-06-27,8067,1
419,019E,2014,2,8057,0.005151728,1,2014-06-24,2014-06-24,8054,2
419,019E,2015,2,8061,0.005221449,1,2015-06-23,2015-06-23,8057,3
419,019E,2016,2,8065,0.005264341,1,2016-06-28,2016-06-28,8061,3
419,019E,2018,2,8073,0.008274943,1,2018-06-26,2018-06-26,8066,6
419,019E,2022,2,8089,0.036016179,1,2022-06-15,2022-06-15,8073,15
421,019G,2004,2,8017,0.316478375,1,2004-06-08,2004-06-08,8015,1
421,019G,2005,3,8022,0.853571319,2,2005-08-02,2005-09-27,8018,3
424,019L,2012,3,8050,0.004074429,1,2012-07-31,2012-07-31,8046,3
424,019L,2014,3,8058,0.076110288,1,2014-08-19,2014-08-19,8050,7
425,019M,2019,2,8077,6.17e-4,1,2019-06-26,2019-06-26,8075,1
426,019N,2010,2,8041,1.1e-4,1,2010-05-11,2010-05-11,8039,1
427,019P,2010,2,8041,5.41e-6,1,2010-05-24,2010-05-24,8036,4
427,019P,2011,2,8045,0.002112531,1,2011-05-17,2011-05-17,8042,2
427,019P,2014,3,8058,0.970549583,1,2014-08-19,2014-08-19,8046,11
427,019P,2015,2,8061,0.997371653,1,2015-06-09,2015-06-09,8058,2
429,019R,2007,2,8029,0.603117899,1,2007-05-08,2007-05-08,8019,9
429,019R,2008,3,8034,0.991447875,1,2008-07-22,2008-07-22,8029,4
431,019T,2018,2,8073,0.008432052,1,2018-06-27,2018-06-27,8070,2
432,019V,2016,2,8065,0.064372206,1,2016-05-10,2016-05-10,8061,3
437,020B,2007,3,8030,5.28e-9,1,2007-08-21,2007-08-21,8028,1
437,020B,2008,3,8034,1.37e-4,1,2008-08-05,2008-08-05,8031,2
438,020C,2017,2,8069,2.29e-6,1,2017-06-27,2017-06-27,8067,1
438,020C,2018,2,8073,1.36e-4,1,2018-06-05,2018-06-05,8070,2
439,020D,2023,2,8093,1.45e-4,1,2023-06-06,2023-06-06,8091,1
439,020D,2023,4,8095,7.95e-4,1,2023-10-03,2023-10-03,8093,1
439,020D,2024,2,8097,0.001213965,1,2024-06-11,2024-06-11,8095,1
440,020E,2014,2,8057,0.022405571,1,2014-06-24,2014-06-24,8055,1
442,020G,2003,4,8015,0.00238175,1,2003-11-25,2003-11-25,8013,1
445,020L,2012,1,8048,8.3e-18,1,2012-01-11,2012-01-11,8046,1
445,020L,2013,2,8053,2.26e-14,1,2013-06-04,2013-06-04,8050,2
445,020L,2014,3,8058,3.66e-11,1,2014-08-20,2014-08-20,8054,3
445,020L,2015,2,8061,8.45e-9,1,2015-06-09,2015-06-09,8059,1
445,020L,2016,2,8065,3.76e-6,1,2016-05-10,2016-05-10,8062,2
445,020L,2017,2,8069,1.81e-4,1,2017-06-27,2017-06-27,8066,2
445,020L,2019,2,8077,0.002632174,1,2019-06-18,2019-06-18,8069,7
446,020M,2018,4,8075,6.98e-6,2,2018-10-30,2018-12-11,8073,1
446,020M,2019,2,8077,8.85e-5,1,2019-05-21,2019-05-21,8075,1
446,020M,2020,3,8082,0.006757322,1,2020-08-19,2020-08-19,8078,3
447,020N,2010,2,8041,2.58e-4,1,2010-05-12,2010-05-12,8039,1
447,020N,2011,2,8045,0.010773364,1,2011-05-03,2011-05-03,8041,3
447,020N,2012,3,8050,0.99560785,2,2012-07-17,2012-09-18,8046,3
448,020P,2009,1,8036,5.29e-5,1,2009-01-13,2009-01-13,8033,2
448,020P,2009,4,8039,0.491891536,1,2009-10-27,2009-10-27,8037,1
451,020S,2022,3,8090,0.025643904,1,2022-08-16,2022-08-16,8086,3
452,020T,2019,2,8077,1.19e-6,1,2019-05-21,2019-05-21,8075,1
452,020T,2020,3,8082,5.22e-4,1,2020-08-18,2020-08-18,8080,1
453,020V,2016,2,8065,0.07474749,1,2016-05-10,2016-05-10,8061,3
453,020V,2016,4,8067,0.142057982,1,2016-10-05,2016-10-05,8065,1
455,020Y,2008,2,8033,3.06e-11,1,2008-05-20,2008-05-20,8031,1
455,020Y,2009,4,8039,2.4e-4,1,2009-10-27,2009-10-27,8037,1
455,020Y,2011,2,8045,1,1,2011-05-17,2011-05-17,8042,2
458,021B,2007,3,8030,3.85e-9,1,2007-09-11,2007-09-11,8028,1
458,021B,2009,2,8037,3.64e-6,1,2009-05-05,2009-05-05,8031,5
458,021B,2010,2,8041,5.78e-5,1,2010-06-16,2010-06-16,8037,3
458,021B,2010,4,8043,5.75e-4,1,2010-10-06,2010-10-06,8041,1
458,021B,2011,2,8045,0.023845912,1,2011-05-24,2011-05-24,8043,1
459,021C,2017,2,8069,0.103454509,1,2017-06-13,2017-06-13,8067,1
459,021C,2018,2,8073,0.422718573,1,2018-05-22,2018-05-22,8071,1
459,021C,2019,2,8077,0.525962901,1,2019-05-21,2019-05-21,8075,1
460,021D,2023,2,8093,0.003857857,1,2023-06-06,2023-06-06,8091,1
461,021E,2015,1,8060,0.998598867,1,2015-01-27,2015-01-27,8058,1
462,021F,2011,2,8045,0.222031973,1,2011-05-04,2011-05-04,8043,1
462,021F,2012,2,8049,0.999999996,1,2012-05-29,2012-05-29,8046,2
464,021H,2023,3,8094,0.002069304,1,2023-07-18,2023-07-18,8084,9
466,021L,2012,1,8048,3.36e-10,1,2012-01-10,2012-01-10,8046,1
466,021L,2013,3,8054,1.33e-4,1,2013-07-30,2013-07-30,8051,2
466,021L,2014,3,8058,0.001610414,1,2014-08-19,2014-08-19,8054,3
466,021L,2015,3,8062,0.02653244,1,2015-08-25,2015-08-25,8058,3
466,021L,2016,4,8067,0.464156729,1,2016-10-04,2016-10-04,8062,4
466,021L,2017,2,8069,0.547155554,1,2017-06-27,2017-06-27,8067,1
466,021L,2017,4,8071,0.55132117,1,2017-11-01,2017-11-01,8069,1
470,021Q,2025,2,8101,0.011151323,1,2025-06-10,2025-06-10,8099,1
470,021Q,2025,4,8103,0.020946862,1,2025-10-22,2025-10-22,8101,1
472,021S,2022,2,8089,7.03e-4,2,2022-05-25,2022-06-14,8087,1
473,021T,2019,2,8077,1.03e-5,1,2019-05-21,2019-05-21,8075,1
474,021V,2016,2,8065,0.656407572,1,2016-05-10,2016-05-10,8063,1
474,021V,2018,2,8073,0.674219371,1,2018-06-27,2018-06-27,8070,2
477,021Z,2020,3,8082,2.06e-6,1,2020-09-01,2020-09-01,8079,2
477,021Z,2021,2,8085,6.97e-5,1,2021-05-26,2021-05-26,8083,1
477,021Z,2022,3,8090,0.006055744,1,2022-08-03,2022-08-03,8086,3
478,022A,2015,1,8060,0.947096259,1,2015-01-27,2015-01-27,8058,1
478,022A,2016,2,8065,0.954592254,1,2016-05-10,2016-05-10,8063,1
479,022B,2007,2,8029,0.31858958,1,2007-06-06,2007-06-06,8027,1
479,022B,2010,4,8043,0.998857554,2,2010-10-05,2010-11-30,8029,13
479,022B,2012,1,8048,0.999504997,1,2012-01-24,2012-01-24,8043,4
479,022B,2012,3,8050,0.999632696,1,2012-08-14,2012-08-14,8048,1
479,022B,2013,4,8055,0.999740283,1,2013-10-22,2013-10-22,8050,4
480,022C,2017,3,8070,1.79e-4,2,2017-07-11,2017-09-05,8067,2
480,022C,2018,4,8075,0.011021205,1,2018-10-17,2018-10-17,8070,4
481,022E,2014,2,8057,0.993813036,1,2014-06-24,2014-06-24,8055,1
481,022E,2014,4,8059,0.998900199,1,2014-11-04,2014-11-04,8057,1
481,022E,2016,1,8064,0.999985407,1,2016-01-26,2016-01-26,8061,2
481,022E,2016,3,8066,0.999998546,1,2016-08-10,2016-08-10,8064,1
482,022F,2012,3,8050,0.676722548,1,2012-08-01,2012-08-01,8046,3
482,022F,2013,2,8053,0.997641804,1,2013-06-04,2013-06-04,8050,2
483,022G,2004,3,8018,8.27e-6,1,2004-07-07,2004-07-07,8016,1
483,022G,2005,1,8020,3.15e-5,1,2005-02-01,2005-02-01,8018,1
483,022G,2006,1,8024,0.002118225,1,2006-01-25,2006-01-25,8022,1
483,022G,2006,3,8026,0.012155285,1,2006-08-15,2006-08-15,8024,1
483,022G,2008,3,8034,0.968131052,1,2008-08-19,2008-08-19,8026,7
483,022G,2009,2,8037,0.987954417,1,2009-05-05,2009-05-05,8034,2
486,022L,2012,1,8048,4.68e-4,1,2012-01-10,2012-01-10,8046,1
488,022N,2010,2,8041,0.993489449,1,2010-05-11,2010-05-11,8038,2
488,022N,2011,2,8045,0.999974778,1,2011-05-03,2011-05-03,8042,2
488,022N,2012,2,8049,0.999996884,1,2012-05-30,2012-05-30,8046,2
489,022P,2009,2,8037,0.03921699,1,2009-05-05,2009-05-05,8033,3
489,022P,2010,2,8041,0.982197779,1,2010-06-15,2010-06-15,8037,3
489,022P,2010,4,8043,0.999999707,2,2010-10-06,2010-11-30,8041,1
489,022P,2011,2,8045,0.999999986,1,2011-05-25,2011-05-25,8043,1
489,022P,2012,3,8050,1,1,2012-08-14,2012-08-14,8045,4
490,022Q,2025,2,8101,0.008295718,2,2025-05-20,2025-06-10,8098,2
492,022S,2022,2,8089,5.44e-4,2,2022-05-25,2022-06-14,8087,1
497,022Z,2020,3,8082,9.55e-5,1,2020-08-18,2020-08-18,8079,2
498,023A,2015,1,8060,6.15e-6,1,2015-01-27,2015-01-27,8057,2
499,023B,2007,1,8028,1.65e-13,1,2007-01-30,2007-01-30,8026,1
500,023C,2017,3,8070,0.001004597,1,2017-07-11,2017-07-11,8068,1
501,023E,2014,1,8056,0.01022123,1,2014-01-28,2014-01-28,8053,2
504,023H,2023,4,8095,0.001791342,1,2023-11-21,2023-11-21,8082,12
504,023H,2024,2,8097,0.003945632,1,2024-06-11,2024-06-11,8095,1
504,023H,2025,2,8101,0.029836482,1,2025-06-11,2025-06-11,8097,3
506,023L,2012,1,8048,0.992001237,1,2012-01-10,2012-01-10,8046,1
507,023M,2019,2,8077,9.53e-7,1,2019-05-21,2019-05-21,8075,1
507,023M,2020,3,8082,8.1e-4,1,2020-08-18,2020-08-18,8079,2
508,023N,2010,4,8043,0.003610272,1,2010-10-05,2010-10-05,8041,1
508,023N,2011,4,8047,0.004394243,1,2011-10-04,2011-10-04,8045,1
508,023N,2012,2,8049,0.009402131,1,2012-06-26,2012-06-26,8047,1
508,023N,2014,2,8057,0.073515287,1,2014-05-20,2014-05-20,8050,6
509,023P,2009,4,8039,6.6e-5,1,2009-11-17,2009-11-17,8037,1
509,023P,2010,4,8043,2.89e-4,3,2010-10-05,2010-12-14,8039,3
510,023Q,2025,2,8101,0.01643464,1,2025-06-10,2025-06-10,8099,1
511,023R,2005,1,8020,0.164766649,1,2005-01-11,2005-01-11,8018,1
513,023T,2018,2,8073,1,1,2018-06-27,2018-06-27,8070,2
514,023V,2016,4,8067,0.180329335,1,2016-10-05,2016-10-05,8063,3
516,023Y,2008,3,8034,0.999985898,1,2008-08-05,2008-08-05,8029,4
516,023Y,2010,2,8041,0.999999995,1,2010-05-24,2010-05-24,8034,6
517,023Z,2020,3,8082,5.91e-6,1,2020-08-18,2020-08-18,8079,2
517,023Z,2021,2,8085,0.00167652,1,2021-06-08,2021-06-08,8083,1
519,024B,2008,4,8035,0.999998828,1,2008-11-19,2008-11-19,8033,1
519,024B,2012,3,8050,0.999999833,1,2012-08-14,2012-08-14,8035,14
519,024B,2013,2,8053,0.999999915,1,2013-06-18,2013-06-18,8050,2
519,024B,2014,2,8057,0.999999956,1,2014-06-24,2014-06-24,8053,3
520,024C,2017,3,8070,1.75e-5,2,2017-07-11,2017-09-05,8068,1
521,024E,2014,1,8056,2.06e-6,1,2014-01-28,2014-01-28,8054,1
521,024E,2015,2,8061,5.9e-5,1,2015-06-23,2015-06-23,8056,4
521,024E,2016,4,8067,0.014931296,1,2016-10-18,2016-10-18,8062,4
522,024F,2011,2,8045,7.5e-4,1,2011-05-17,2011-05-17,8043,1
523,024G,2004,1,8016,0.003515338,1,2004-02-04,2004-02-04,8013,2
523,024G,2006,1,8024,0.038225241,1,2006-01-24,2006-01-24,8016,7
523,024G,2007,4,8031,0.044696768,1,2007-11-06,2007-11-06,8024,6
526,024L,2012,1,8048,4.68e-4,1,2012-01-11,2012-01-11,8046,1
527,024M,2019,2,8077,0.003136289,1,2019-05-21,2019-05-21,8075,1
529,024P,2010,4,8043,0.987071941,1,2010-11-30,2010-11-30,8034,8
529,024P,2012,2,8049,0.987394071,1,2012-06-26,2012-06-26,8043,5
529,024P,2012,4,8051,0.987441783,1,2012-10-16,2012-10-16,8049,1
529,024P,2013,2,8053,0.987476802,1,2013-06-19,2013-06-19,8051,1
529,024P,2016,1,8064,1,1,2016-01-26,2016-01-26,8054,9
530,024Q,2025,2,8101,0.011526359,1,2025-06-10,2025-06-10,8099,1
533,024T,2018,1,8072,6.22e-9,1,2018-01-09,2018-01-09,8070,1
533,024T,2020,3,8082,0.002407357,1,2020-07-22,2020-07-22,8078,3
533,024T,2021,3,8086,0.015667192,2,2021-07-27,2021-09-22,8082,3
534,024V,2016,4,8067,0.004650948,1,2016-10-04,2016-10-04,8065,1
534,024V,2017,2,8069,0.011301024,1,2017-06-27,2017-06-27,8067,1
536,024Y,2008,2,8033,5.87e-11,1,2008-05-20,2008-05-20,8031,1
536,024Y,2010,1,8040,0.018558121,1,2010-01-19,2010-01-19,8037,2
536,024Y,2011,2,8045,0.999999998,1,2011-05-17,2011-05-17,8040,4
536,024Y,2013,3,8054,1,1,2013-07-31,2013-07-31,8046,7
536,024Y,2014,3,8058,1,1,2014-08-14,2014-08-14,8054,3
537,024Z,2020,3,8082,9.84e-5,2,2020-08-18,2020-09-01,8079,2
537,024Z,2021,3,8086,0.00601968,1,2021-08-11,2021-08-11,8082,3
539,025B,2008,2,8033,4.99e-6,1,2008-05-20,2008-05-20,8030,2
539,025B,2009,1,8036,0.001801054,1,2009-01-13,2009-01-13,8034,1
540,025C,2017,1,8068,0.006149274,1,2017-01-24,2017-01-24,8066,1
541,025E,2014,2,8057,5.98e-6,1,2014-05-20,2014-05-20,8055,1
541,025E,2015,2,8061,5.55e-4,1,2015-05-20,2015-05-20,8058,2
541,025E,2016,2,8065,9.61e-4,1,2016-05-03,2016-05-03,8062,2
541,025E,2017,2,8069,0.014363729,1,2017-06-14,2017-06-14,8066,2
541,025E,2019,3,8078,0.216411127,1,2019-07-17,2019-07-17,8069,8
541,025E,2021,3,8086,0.387186884,2,2021-07-28,2021-09-22,8078,7
542,025F,2012,3,8050,0.38923949,1,2012-08-14,2012-08-14,8043,6
543,025G,2004,1,8016,0.009474565,1,2004-02-03,2004-02-03,8014,1
546,025L,2012,1,8048,4.68e-4,1,2012-01-10,2012-01-10,8046,1
547,025M,2018,4,8075,0.004225611,1,2018-10-16,2018-10-16,8073,1
548,025N,2010,2,8041,0.212011129,1,2010-06-15,2010-06-15,8039,1
548,025N,2012,2,8049,0.839642928,1,2012-06-26,2012-06-26,8041,7
548,025N,2013,3,8054,1,1,2013-08-13,2013-08-13,8049,4
549,025P,2009,2,8037,0.00199471,1,2009-06-03,2009-06-03,8035,1
553,025T,2018,1,8072,0.048443065,1,2018-01-09,2018-01-09,8070,1
555,025W,2006,4,8027,5.14e-10,1,2006-10-25,2006-10-25,8021,5
555,025W,2007,4,8031,9.59e-9,1,2007-10-23,2007-10-23,8027,3
555,025W,2008,2,8033,1.54e-7,1,2008-05-06,2008-05-06,8031,1
558,026A,2014,4,8059,1.54e-6,1,2014-11-04,2014-11-04,8057,1
558,026A,2015,3,8062,4.97e-4,1,2015-09-08,2015-09-08,8060,1
558,026A,2017,3,8070,0.02512382,1,2017-07-11,2017-07-11,8062,7
560,026C,2017,2,8069,0.00135008,1,2017-06-14,2017-06-14,8067,1
560,026C,2018,2,8073,0.047399134,1,2018-05-22,2018-05-22,8071,1
561,026E,2014,1,8056,2.84e-8,1,2014-01-28,2014-01-28,8054,1
561,026E,2015,1,8060,1.2e-4,1,2015-01-27,2015-01-27,8058,1
562,026F,2013,2,8053,0.035560823,1,2013-06-18,2013-06-18,8044,8
564,026H,2021,2,8085,0.117632344,1,2021-06-08,2021-06-08,8083,1
567,026M,2019,3,8078,8.78e-4,1,2019-08-13,2019-08-13,8075,2
567,026M,2020,3,8082,0.007319675,1,2020-09-01,2020-09-01,8078,3
568,026N,2010,2,8041,1.66e-8,1,2010-06-15,2010-06-15,8039,1
568,026N,2010,4,8043,2.68e-7,2,2010-10-05,2010-12-15,8041,1
568,026N,2011,2,8045,7.06e-6,1,2011-05-24,2011-05-24,8043,1
569,026P,2009,2,8037,0.002425985,1,2009-06-02,2009-06-02,8035,1
573,026V,2015,4,8063,5.06e-4,1,2015-11-10,2015-11-10,8061,1
575,026Y,2010,2,8041,0.011845311,1,2010-05-24,2010-05-24,8034,6
576,026Z,2020,3,8082,0.002575613,1,2020-09-01,2020-09-01,8079,2
576,026Z,2021,2,8085,0.018146809,1,2021-06-08,2021-06-08,8082,2
577,027A,2016,1,8064,0.001268345,1,2016-01-26,2016-01-26,8062,1
577,027A,2016,4,8067,0.003163037,1,2016-10-19,2016-10-19,8065,1
580,027E,2014,1,8056,3.98e-7,1,2014-01-28,2014-01-28,8053,2
580,027E,2015,2,8061,3e-4,1,2015-06-24,2015-06-24,8058,2
580,027E,2016,2,8065,5.46e-4,1,2016-06-28,2016-06-28,8061,3
582,027G,2009,1,8036,0.023415887,1,2009-01-13,2009-01-13,8015,20
585,027M,2019,2,8077,0.003208927,1,2019-06-26,2019-06-26,8075,1
587,027P,2009,2,8037,0.955537294,1,2009-06-02,2009-06-02,8035,1
588,027R,2004,4,8019,0.167938383,1,2004-10-20,2004-10-20,8017,1
589,027S,2022,2,8089,0.031049809,1,2022-06-28,2022-06-28,8086,2
590,027T,2019,3,8078,1.11e-4,2,2019-08-14,2019-09-10,8075,2
590,027T,2020,3,8082,0.006557711,1,2020-08-19,2020-08-19,8078,3
591,027V,2016,1,8064,0.03107533,1,2016-01-12,2016-01-12,8061,2
593,027Y,2007,4,8031,0.99749803,1,2007-11-06,2007-11-06,8029,1
593,027Y,2008,3,8034,0.999993646,1,2008-08-19,2008-08-19,8031,2
593,027Y,2009,2,8037,0.999999991,1,2009-05-06,2009-05-06,8034,2
593,027Y,2009,4,8039,1,1,2009-10-13,2009-10-13,8037,1
595,028A,2015,3,8062,4e-4,1,2015-09-08,2015-09-08,8057,4
595,028A,2016,3,8066,0.002304915,1,2016-08-09,2016-08-09,8062,3
595,028A,2018,2,8073,0.021053741,1,2018-06-26,2018-06-26,8066,6
597,028C,2017,3,8070,0.010649557,1,2017-07-11,2017-07-11,8067,2
599,028F,2013,1,8052,0.253703308,1,2013-01-16,2013-01-16,8050,1
599,028F,2013,3,8054,0.827105987,1,2013-08-13,2013-08-13,8052,1
599,028F,2014,1,8056,0.996330769,1,2014-01-28,2014-01-28,8054,1
599,028F,2015,3,8062,0.999999903,1,2015-09-08,2015-09-08,8058,3
599,028F,2016,1,8064,0.999999941,1,2016-01-26,2016-01-26,8062,1
599,028F,2018,1,8072,1,1,2018-01-30,2018-01-30,8064,7
600,028G,2004,3,8018,0.999999999,1,2004-07-07,2004-07-07,8015,2
601,028K,2013,1,8052,0.072398277,1,2013-01-15,2013-01-15,8050,1
601,028K,2013,4,8055,0.983017913,1,2013-10-23,2013-10-23,8053,1
601,028K,2014,4,8059,0.999817362,1,2014-11-04,2014-11-04,8055,3
601,028K,2016,1,8064,0.999964593,1,2016-01-26,2016-01-26,8059,4
601,028K,2017,1,8068,1,1,2017-01-24,2017-01-24,8064,3
602,028L,2015,3,8062,0.033230269,1,2015-09-08,2015-09-08,8046,15
603,028M,2019,3,8078,0.003162798,1,2019-08-13,2019-08-13,8075,2
603,028M,2020,3,8082,0.007536902,1,2020-09-01,2020-09-01,8078,3
603,028M,2021,2,8085,0.030356824,1,2021-05-26,2021-05-26,8082,2
604,028N,2010,4,8043,0.002222007,1,2010-10-05,2010-10-05,8041,1
604,028N,2011,2,8045,0.012318124,1,2011-05-24,2011-05-24,8043,1
607,028S,2022,2,8089,1.22e-6,1,2022-06-28,2022-06-28,8087,1
607,028S,2023,2,8093,4.86e-4,1,2023-06-06,2023-06-06,8091,1
611,028Y,2008,2,8033,0.056740527,1,2008-06-03,2008-06-03,8031,1
614,029B,2007,3,8030,6.86e-6,1,2007-09-11,2007-09-11,8026,3
614,029B,2008,2,8033,1.41e-4,1,2008-06-03,2008-06-03,8030,2
614,029B,2009,2,8037,0.004393427,1,2009-05-06,2009-05-06,8033,3
616,029E,2014,2,8057,0.999844515,1,2014-05-20,2014-05-20,8055,1
617,029F,2011,2,8045,1.37e-4,1,2011-05-03,2011-05-03,8043,1
617,029F,2012,3,8050,0.013102477,1,2012-09-19,2012-09-19,8046,3
618,029G,2004,1,8016,6.07e-4,1,2004-02-03,2004-02-03,8014,1
618,029G,2004,3,8018,0.003383419,1,2004-07-06,2004-07-06,8016,1
618,029G,2006,2,8025,0.039682973,1,2006-05-16,2006-05-16,8018,6
621,029M,2019,3,8078,0.50298477,1,2019-08-14,2019-08-14,8075,2
622,029N,2010,4,8043,1.94e-19,2,2010-10-05,2010-11-30,8041,1
622,029N,2013,3,8054,1.67e-12,1,2013-08-13,2013-08-13,8052,1
622,029N,2014,1,8056,3.14e-12,1,2014-01-28,2014-01-28,8054,1
622,029N,2015,1,8060,3.74e-11,1,2015-01-28,2015-01-28,8056,3
622,029N,2015,3,8062,3.9e-10,1,2015-09-09,2015-09-09,8060,1
622,029N,2016,4,8067,1.17e-8,1,2016-10-18,2016-10-18,8062,4
622,029N,2017,3,8070,2.85e-7,2,2017-07-11,2017-09-05,8068,1
622,029N,2018,4,8075,0.003881771,1,2018-12-11,2018-12-11,8073,1
625,029S,2022,2,8089,0.003934019,1,2022-06-28,2022-06-28,8087,1
626,029T,2022,4,8091,0.119610095,1,2022-10-19,2022-10-19,8071,19
626,029T,2023,3,8094,0.141044635,1,2023-07-18,2023-07-18,8091,2
627,029V,2016,2,8065,0.010140221,1,2016-05-10,2016-05-10,8062,2
628,029W,2007,2,8029,0.016106417,1,2007-05-09,2007-05-09,8023,5
629,029Y,2008,2,8033,0.005965013,1,2008-06-03,2008-06-03,8031,1
629,029Y,2010,1,8040,0.046909587,1,2010-01-27,2010-01-27,8033,6
629,029Y,2011,2,8045,0.87701688,1,2011-05-24,2011-05-24,8040,4
630,029Z,2020,3,8082,0.007887374,1,2020-08-18,2020-08-18,8079,2
632,030B,2007,3,8030,8.79e-5,1,2007-09-11,2007-09-11,8028,1
632,030B,2008,3,8034,0.961575909,1,2008-08-19,2008-08-19,8032,1
632,030B,2009,1,8036,0.99657567,1,2009-01-14,2009-01-14,8034,1
633,030E,2014,2,8057,0.994971527,1,2014-05-20,2014-05-20,8055,1
637,030L,2012,2,8049,5.69e-9,1,2012-05-30,2012-05-30,8047,1
637,030L,2013,2,8053,1.01e-5,1,2013-05-21,2013-05-21,8050,2
637,030L,2014,3,8058,0.014243208,2,2014-08-12,2014-09-23,8055,2
637,030L,2015,2,8061,0.073284848,1,2015-05-20,2015-05-20,8059,1
638,030M,2024,2,8097,0.037972305,1,2024-06-11,2024-06-11,8075,21
639,030N,2010,2,8041,8.92e-5,1,2010-06-15,2010-06-15,8039,1
639,030N,2010,4,8043,1.56e-4,1,2010-10-05,2010-10-05,8041,1
639,030N,2012,4,8051,1,1,2012-10-16,2012-10-16,8046,4
639,030N,2013,2,8053,1,1,2013-06-18,2013-06-18,8051,1
639,030N,2014,1,8056,1,1,2014-01-28,2014-01-28,8054,1
639,030N,2014,3,8058,1,1,2014-09-09,2014-09-09,8056,1
640,030P,2009,2,8037,0.270045504,1,2009-06-02,2009-06-02,8035,1
640,030P,2010,2,8041,0.980824528,1,2010-05-11,2010-05-11,8038,2
642,030S,2022,2,8089,9.1e-6,1,2022-06-28,2022-06-28,8087,1
642,030S,2022,4,8091,4.91e-5,1,2022-10-18,2022-10-18,8089,1
642,030S,2024,2,8097,0.00124039,1,2024-06-11,2024-06-11,8091,5
643,030T,2018,1,8072,4.94e-4,1,2018-01-30,2018-01-30,8070,1
643,030T,2021,2,8085,0.103638,1,2021-05-26,2021-05-26,8073,11
645,030W,2006,3,8026,0.003801424,1,2006-07-18,2006-07-18,8023,2
647,030Z,2020,3,8082,1.72e-5,1,2020-08-18,2020-08-18,8079,2
647,030Z,2021,2,8085,5.14e-4,1,2021-06-08,2021-06-08,8083,1
649,031B,2007,1,8028,1.85e-6,1,2007-01-30,2007-01-30,8026,1
650,031E,2014,2,8057,0.993810066,1,2014-05-21,2014-05-21,8054,2
650,031E,2015,2,8061,0.999509265,1,2015-05-20,2015-05-20,8058,2
650,031E,2017,2,8069,0.999663902,1,2017-06-13,2017-06-13,8061,7
653,031L,2012,2,8049,9.67e-8,1,2012-05-29,2012-05-29,8047,1
653,031L,2013,1,8052,3.85e-6,1,2013-01-29,2013-01-29,8050,1
655,031N,2010,4,8043,0.001971813,1,2010-10-05,2010-10-05,8041,1
659,031T,2018,1,8072,0.00521436,1,2018-01-30,2018-01-30,8070,1
662,031Y,2008,2,8033,0.141986332,1,2008-06-03,2008-06-03,8031,1
662,031Y,2009,2,8037,0.190383358,1,2009-05-05,2009-05-05,8034,2
662,031Y,2009,4,8039,0.190394705,1,2009-10-13,2009-10-13,8037,1
662,031Y,2010,2,8041,0.190900934,1,2010-06-15,2010-06-15,8039,1
662,031Y,2011,2,8045,0.191705887,1,2011-05-24,2011-05-24,8041,3
662,031Y,2011,4,8047,0.195099199,1,2011-10-05,2011-10-05,8045,1
663,031Z,2020,3,8082,0.037855645,1,2020-08-18,2020-08-18,8079,2
666,032E,2014,2,8057,0.004195779,1,2014-06-03,2014-06-03,8055,1
667,032G,2004,1,8016,0.009474565,1,2004-02-03,2004-02-03,8014,1
669,032L,2012,3,8050,0.001019468,1,2012-07-17,2012-07-17,8047,2
669,032L,2013,1,8052,0.00654441,1,2013-01-29,2013-01-29,8050,1
670,032M,2019,3,8078,0.460692984,1,2019-08-13,2019-08-13,8073,4
670,032M,2020,3,8082,0.858885344,1,2020-09-01,2020-09-01,8078,3
670,032M,2021,2,8085,0.979110391,1,2021-05-26,2021-05-26,8082,2
670,032M,2022,2,8089,0.998607194,1,2022-06-28,2022-06-28,8086,2
670,032M,2024,2,8097,0.999468725,1,2024-06-12,2024-06-12,8089,7
670,032M,2025,2,8101,0.999636395,1,2025-06-10,2025-06-10,8097,3
671,032N,2010,4,8043,3.81e-10,2,2010-10-05,2010-12-14,8041,1
671,032N,2012,2,8049,1.56e-5,1,2012-06-26,2012-06-26,8046,2
671,032N,2013,2,8053,2.31e-4,1,2013-06-18,2013-06-18,8049,3
671,032N,2015,1,8060,0.003456089,1,2015-01-20,2015-01-20,8053,6
671,032N,2016,2,8065,0.584303591,1,2016-05-10,2016-05-10,8061,3
671,032N,2017,3,8070,0.815638404,1,2017-08-15,2017-08-15,8065,4
672,032P,2009,2,8037,0.314593992,1,2009-06-02,2009-06-02,8035,1
672,032P,2010,3,8042,1,1,2010-09-07,2010-09-07,8037,4
675,032T,2018,3,8074,1.39e-4,2,2018-08-21,2018-09-04,8070,3
675,032T,2019,3,8078,0.007750436,1,2019-07-16,2019-07-16,8075,2
675,032T,2021,2,8085,0.041911845,1,2021-05-26,2021-05-26,8079,5
676,032V,2016,1,8064,2.58e-7,1,2016-01-26,2016-01-26,8062,1
676,032V,2017,3,8070,0.00659823,1,2017-07-11,2017-07-11,8068,1
678,032Y,2007,4,8031,4.32e-5,1,2007-11-07,2007-11-07,8029,1
678,032Y,2009,2,8037,0.092494395,1,2009-05-05,2009-05-05,8032,4
679,032Z,2021,2,8085,0.054791542,1,2021-06-08,2021-06-08,8079,5
681,033B,2007,1,8028,0.00125312,1,2007-01-30,2007-01-30,8026,1
682,033E,2014,3,8058,1.15e-6,1,2014-08-19,2014-08-19,8056,1
682,033E,2016,1,8064,9.83e-6,1,2016-01-12,2016-01-12,8058,5
682,033E,2016,4,8067,1.14e-4,1,2016-10-18,2016-10-18,8065,1
682,033E,2017,2,8069,0.001110119,1,2017-06-27,2017-06-27,8067,1
682,033E,2019,3,8078,0.021130935,1,2019-09-11,2019-09-11,8069,8
684,033K,2014,2,8057,0.226928114,1,2014-05-20,2014-05-20,8055,1
685,033L,2012,1,8048,3.06e-9,1,2012-01-10,2012-01-10,8046,1
685,033L,2013,2,8053,7.39e-4,1,2013-06-04,2013-06-04,8051,1
686,033M,2018,4,8075,5.19e-5,1,2018-12-11,2018-12-11,8073,1
686,033M,2019,2,8077,4.59e-4,1,2019-06-26,2019-06-26,8075,1
686,033M,2020,3,8082,0.033754428,1,2020-09-01,2020-09-01,8078,3
687,033N,2011,2,8045,0.999966702,1,2011-05-17,2011-05-17,8043,1
687,033N,2013,3,8054,1,1,2013-07-16,2013-07-16,8045,8
688,033P,2009,2,8037,0.999999917,1,2009-06-02,2009-06-02,8035,1
688,033P,2010,2,8041,0.99999994,1,2010-05-12,2010-05-12,8038,2
688,033P,2011,2,8045,0.999999963,1,2011-05-03,2011-05-03,8041,3
689,033R,2006,2,8025,1,1,2006-05-16,2006-05-16,8021,3
694,033Y,2009,2,8037,8.8e-4,1,2009-05-05,2009-05-05,8032,4
694,033Y,2009,4,8039,0.001099299,1,2009-11-17,2009-11-17,8037,1
694,033Y,2011,2,8045,0.026000813,1,2011-05-24,2011-05-24,8039,5
694,033Y,2012,2,8049,0.199472065,1,2012-06-26,2012-06-26,8045,3
696,034A,2015,2,8061,6.61e-8,1,2015-05-20,2015-05-20,8059,1
696,034A,2016,2,8065,3.62e-4,1,2016-05-03,2016-05-03,8063,1
696,034A,2017,2,8069,0.004170928,1,2017-06-13,2017-06-13,8065,3
696,034A,2019,2,8077,0.020053491,1,2019-05-21,2019-05-21,8070,6
699,034G,2007,3,8030,1,1,2007-09-11,2007-09-11,8014,15
699,034G,2008,2,8033,1,1,2008-06-03,2008-06-03,8030,2
699,034G,2009,1,8036,1,1,2009-01-27,2009-01-27,8034,1
701,034L,2012,1,8048,0.005047427,1,2012-01-11,2012-01-11,8046,1
701,034L,2012,3,8050,0.067479437,1,2012-07-31,2012-07-31,8048,1
701,034L,2013,2,8053,0.999999996,1,2013-05-21,2013-05-21,8050,2
702,034M,2019,2,8077,4.42e-4,1,2019-06-26,2019-06-26,8075,1
702,034M,2020,3,8082,0.001515015,2,2020-08-19,2020-09-02,8077,4
703,034N,2010,4,8043,0.045920184,1,2010-10-05,2010-10-05,8041,1
704,034P,2009,2,8037,0.008872465,1,2009-06-02,2009-06-02,8035,1
704,034P,2011,2,8045,0.010646686,1,2011-05-03,2011-05-03,8039,5
704,034P,2012,2,8049,0.022900374,1,2012-05-30,2012-05-30,8045,3
705,034R,2005,3,8022,0.018079204,1,2005-08-02,2005-08-02,8019,2
707,034T,2019,3,8078,2.49e-4,1,2019-08-13,2019-08-13,8071,6
707,034T,2021,3,8086,4.99e-4,1,2021-08-24,2021-08-24,8078,7
707,034T,2022,2,8089,0.00115029,1,2022-06-28,2022-06-28,8086,2
707,034T,2025,2,8101,0.017861824,1,2025-06-10,2025-06-10,8089,11
710,034Y,2008,3,8034,9.08e-11,1,2008-08-19,2008-08-19,8031,2
710,034Y,2009,2,8037,2e-9,1,2009-05-06,2009-05-06,8034,2
710,034Y,2009,4,8039,2.53e-8,1,2009-10-28,2009-10-28,8037,1
710,034Y,2010,2,8041,1.07e-6,1,2010-05-24,2010-05-24,8039,1
710,034Y,2011,2,8045,8.87e-4,1,2011-05-17,2011-05-17,8042,2
710,034Y,2012,4,8051,0.018536577,1,2012-12-11,2012-12-11,8045,5
711,034Z,2021,2,8085,1,1,2021-05-26,2021-05-26,8078,6
712,035A,2015,2,8061,0.007081415,1,2015-06-09,2015-06-09,8059,1
713,035B,2007,3,8030,5.09e-13,1,2007-09-11,2007-09-11,8028,1
713,035B,2009,2,8037,6.2e-10,1,2009-05-05,2009-05-05,8031,5
713,035B,2009,4,8039,4.06e-9,1,2009-10-14,2009-10-14,8037,1
713,035B,2010,2,8041,1.58e-7,1,2010-06-16,2010-06-16,8039,1
713,035B,2011,2,8045,6.46e-6,1,2011-05-24,2011-05-24,8041,3
713,035B,2012,3,8050,9.46e-5,1,2012-08-15,2012-08-15,8045,4
713,035B,2013,3,8054,8.72e-4,1,2013-08-13,2013-08-13,8050,3
713,035B,2015,2,8061,0.012624349,1,2015-06-23,2015-06-23,8054,6
714,035E,2014,4,8059,0.983142509,1,2014-10-22,2014-10-22,8054,4
715,035G,2004,3,8018,1,1,2004-07-07,2004-07-07,8015,2
715,035G,2006,4,8027,1,1,2006-11-29,2006-11-29,8018,8
716,035K,2013,2,8053,3.39e-4,1,2013-06-18,2013-06-18,8049,3
716,035K,2014,2,8057,0.026862135,1,2014-06-24,2014-06-24,8054,2
717,035L,2012,1,8048,0.384213442,1,2012-01-10,2012-01-10,8046,1
717,035L,2012,3,8050,0.659247724,1,2012-07-31,2012-07-31,8048,1
717,035L,2013,3,8054,0.768780039,1,2013-07-30,2013-07-30,8051,2
717,035L,2015,2,8061,0.823096184,1,2015-06-09,2015-06-09,8054,6
719,035N,2011,2,8045,1,1,2011-05-17,2011-05-17,8043,1
719,035N,2012,2,8049,1,1,2012-06-13,2012-06-13,8046,2
719,035N,2013,2,8053,1,1,2013-06-04,2013-06-04,8051,1
720,035P,2009,2,8037,6.52e-8,1,2009-06-02,2009-06-02,8035,1
720,035P,2010,2,8041,3.43e-6,1,2010-05-11,2010-05-11,8038,2
720,035P,2011,2,8045,9.56e-5,1,2011-05-03,2011-05-03,8041,3
720,035P,2012,2,8049,0.009956949,1,2012-05-29,2012-05-29,8046,2
721,035R,2006,3,8026,0.023275141,1,2006-08-02,2006-08-02,8019,6
721,035R,2009,4,8039,1,1,2009-12-01,2009-12-01,8026,12
723,035V,2016,2,8065,0.007658526,1,2016-05-04,2016-05-04,8063,1
724,035W,2006,2,8025,9.35e-7,1,2006-05-09,2006-05-09,8023,1
724,035W,2007,2,8029,7.1e-6,1,2007-05-08,2007-05-08,8025,3
724,035W,2008,2,8033,1.68e-4,1,2008-05-06,2008-05-06,8029,3
725,035Y,2007,4,8031,0.016279311,1,2007-11-06,2007-11-06,8029,1
725,035Y,2008,4,8035,0.904148777,1,2008-11-18,2008-11-18,8032,2
725,035Y,2010,2,8041,0.998546847,1,2010-06-16,2010-06-16,8035,5
726,035Z,2020,4,8083,0.006517668,1,2020-10-20,2020-10-20,8079,3
729,036E,2014,3,8058,2.48e-5,1,2014-08-19,2014-08-19,8055,2
729,036E,2015,3,8062,2.66e-4,1,2015-08-25,2015-08-25,8060,1
729,036E,2016,1,8064,5.32e-4,1,2016-01-13,2016-01-13,8062,1
729,036E,2017,2,8069,0.003588107,1,2017-06-27,2017-06-27,8065,3
729,036E,2018,3,8074,0.015541736,1,2018-08-22,2018-08-22,8069,4
730,036G,2003,4,8015,0.164696677,1,2003-11-25,2003-11-25,8013,1
731,036K,2013,1,8052,0.001167374,1,2013-01-15,2013-01-15,8050,1
731,036K,2013,3,8054,0.011541312,1,2013-08-13,2013-08-13,8052,1
731,036K,2014,4,8059,0.019239072,1,2014-11-04,2014-11-04,8054,4
732,036L,2012,2,8049,0.021646832,1,2012-06-13,2012-06-13,8046,2
732,036L,2013,3,8054,0.350216651,1,2013-07-31,2013-07-31,8049,4
732,036L,2014,2,8057,0.426536478,1,2014-06-04,2014-06-04,8054,2
736,036R,2005,3,8022,2.99e-16,2,2005-08-02,2005-09-27,8018,3
736,036R,2006,2,8025,4.06e-15,1,2006-05-16,2006-05-16,8022,2
736,036R,2008,3,8034,1.63e-4,1,2008-08-05,2008-08-05,8031,2
736,036R,2010,2,8041,0.008259922,1,2010-05-24,2010-05-24,8034,6
737,036S,2022,3,8090,0.990560193,1,2022-09-07,2022-09-07,8086,3
738,036V,2016,2,8065,0.97603692,1,2016-05-03,2016-05-03,8063,1
740,036Y,2008,2,8033,0.003420922,1,2008-06-03,2008-06-03,8031,1
740,036Y,2010,2,8041,0.01260317,1,2010-06-15,2010-06-15,8033,7
741,036Z,2021,1,8084,0.001078795,1,2021-01-13,2021-01-13,8079,4
741,036Z,2021,3,8086,0.004418389,1,2021-08-24,2021-08-24,8084,1
743,037B,2007,2,8029,0.999863233,1,2007-05-08,2007-05-08,8027,1
744,037E,2015,2,8061,1,1,2015-05-20,2015-05-20,8059,1
748,037M,2018,4,8075,1.3e-5,2,2018-10-30,2018-12-12,8073,1
748,037M,2019,2,8077,9.77e-5,1,2019-05-21,2019-05-21,8075,1
748,037M,2021,3,8086,0.012907169,1,2021-07-27,2021-07-27,8078,7
749,037N,2011,2,8045,7.08e-5,1,2011-05-25,2011-05-25,8043,1
749,037N,2012,1,8048,8.93e-4,1,2012-01-24,2012-01-24,8045,2
749,037N,2013,3,8054,0.022670902,1,2013-08-13,2013-08-13,8048,5
750,037P,2009,2,8037,0.393928874,1,2009-06-02,2009-06-02,8035,1
754,037W,2006,2,8025,1.42e-7,1,2006-05-16,2006-05-16,8022,2
754,037W,2009,2,8037,5.1e-5,1,2009-06-04,2009-06-04,8026,10
754,037W,2010,2,8041,4.81e-4,1,2010-05-25,2010-05-25,8037,3
754,037W,2011,2,8045,0.011543333,1,2011-05-17,2011-05-17,8041,3
758,038B,2007,2,8029,9.41e-12,1,2007-05-08,2007-05-08,8027,1
758,038B,2007,4,8031,1.35e-10,1,2007-10-23,2007-10-23,8029,1
758,038B,2008,3,8034,5.14e-10,1,2008-07-22,2008-07-22,8031,2
758,038B,2009,3,8038,5.28e-9,1,2009-07-21,2009-07-21,8034,3
758,038B,2010,3,8042,1.26e-7,1,2010-09-07,2010-09-07,8038,3
758,038B,2011,2,8045,6.16e-4,1,2011-05-04,2011-05-04,8043,1
759,038E,2014,2,8057,1,1,2014-05-21,2014-05-21,8055,1
764,038N,2010,4,8043,0.003296336,1,2010-10-05,2010-10-05,8040,2
765,038P,2009,2,8037,4.44e-4,1,2009-06-02,2009-06-02,8035,1
765,038P,2010,2,8041,0.306421793,1,2010-05-12,2010-05-12,8038,2
765,038P,2011,2,8045,0.889925594,1,2011-05-03,2011-05-03,8041,3
766,038R,2005,3,8022,1.14e-6,1,2005-08-02,2005-08-02,8020,1
766,038R,2006,2,8025,6.75e-6,1,2006-05-16,2006-05-16,8022,2
766,038R,2007,2,8029,3.86e-5,1,2007-05-22,2007-05-22,8025,3
766,038R,2008,2,8033,0.001634223,1,2008-05-20,2008-05-20,8031,1
766,038R,2009,2,8037,0.005530729,1,2009-06-04,2009-06-04,8034,2
769,038W,2006,1,8024,0.001944844,1,2006-01-10,2006-01-10,8022,1
770,038Y,2007,4,8031,1.19e-10,1,2007-11-07,2007-11-07,8029,1
770,038Y,2008,3,8034,1.02e-7,1,2008-08-19,2008-08-19,8032,1
770,038Y,2009,4,8039,2.27e-6,1,2009-10-13,2009-10-13,8034,4
770,038Y,2010,2,8041,3.45e-6,1,2010-06-15,2010-06-15,8039,1
770,038Y,2010,4,8043,2.15e-5,1,2010-10-05,2010-10-05,8041,1
770,038Y,2012,2,8049,0.002090091,1,2012-06-26,2012-06-26,8043,5
770,038Y,2013,3,8054,0.018871489,1,2013-08-13,2013-08-13,8049,4
772,039A,2015,2,8061,1,1,2015-06-09,2015-06-09,8058,2
772,039A,2017,4,8071,1,1,2017-11-01,2017-11-01,8061,9
773,039B,2007,2,8029,3.41e-7,1,2007-05-08,2007-05-08,8027,1
773,039B,2007,4,8031,5.5e-6,1,2007-10-23,2007-10-23,8029,1
773,039B,2008,3,8034,0.005459572,1,2008-07-22,2008-07-22,8032,1
775,039G,2005,3,8022,0.032419175,1,2005-07-20,2005-07-20,8016,5
776,039K,2012,4,8051,0.985001446,1,2012-10-16,2012-10-16,8049,1
778,039M,2019,4,8079,0.105983631,1,2019-10-02,2019-10-02,8074,4
778,039M,2021,2,8085,0.114975878,1,2021-06-08,2021-06-08,8079,5
779,039N,2013,2,8053,0.87100844,1,2013-06-18,2013-06-18,8041,11
779,039N,2016,3,8066,1,1,2016-08-09,2016-08-09,8054,11
780,039P,2009,2,8037,0.002627107,1,2009-06-03,2009-06-03,8034,2
780,039P,2009,4,8039,0.004186849,1,2009-11-04,2009-11-04,8037,1
783,039V,2016,2,8065,0.031286276,1,2016-05-03,2016-05-03,8063,1
783,039V,2017,2,8069,0.125539328,1,2017-06-13,2017-06-13,8066,2
783,039V,2018,1,8072,0.631813869,1,2018-01-09,2018-01-09,8069,2
783,039V,2019,1,8076,1,1,2019-01-09,2019-01-09,8074,1
784,039W,2006,1,8024,2.75e-12,1,2006-01-10,2006-01-10,8022,1
784,039W,2007,2,8029,2.68e-8,1,2007-05-22,2007-05-22,8027,1
784,039W,2008,2,8033,2.21e-5,1,2008-05-20,2008-05-20,8030,2
784,039W,2010,2,8041,0.001372705,1,2010-05-24,2010-05-24,8033,7
784,039W,2011,2,8045,0.002349143,1,2011-05-17,2011-05-17,8041,3
787,040A,2015,2,8061,0.00485588,1,2015-06-09,2015-06-09,8058,2
788,040B,2008,2,8033,0.113778185,1,2008-05-07,2008-05-07,8027,5
792,040L,2011,4,8047,1,1,2011-12-06,2011-12-06,8044,2
792,040L,2012,2,8049,1,1,2012-05-30,2012-05-30,8047,1
792,040L,2013,1,8052,1,1,2013-01-29,2013-01-29,8050,1
793,040M,2019,4,8079,0.001030333,1,2019-10-02,2019-10-02,8075,3
793,040M,2020,3,8082,0.006382072,1,2020-09-02,2020-09-02,8079,2
796,040R,2006,3,8026,5.3e-10,1,2006-08-01,2006-08-01,8022,3
796,040R,2007,2,8029,7.97e-9,1,2007-05-22,2007-05-22,8026,2
796,040R,2008,2,8033,4.3e-7,1,2008-05-20,2008-05-20,8031,1
796,040R,2009,2,8037,2.92e-4,1,2009-06-11,2009-06-11,8034,2
796,040R,2009,4,8039,0.001855579,1,2009-10-28,2009-10-28,8037,1
797,040S,2022,2,8089,0.005324144,1,2022-06-15,2022-06-15,8087,1
798,040V,2016,2,8065,0.644819949,1,2016-05-03,2016-05-03,8063,1
800,040Y,2008,2,8033,0.003410784,1,2008-06-03,2008-06-03,8030,2
800,040Y,2009,2,8037,0.007649681,1,2009-05-05,2009-05-05,8033,3
801,040Z,2020,3,8082,2.3e-4,1,2020-08-18,2020-08-18,8079,2
801,040Z,2021,2,8085,0.008929101,1,2021-06-08,2021-06-08,8083,1
804,041E,2014,1,8056,0.022533102,1,2014-01-28,2014-01-28,8054,1
804,041E,2014,3,8058,0.264727477,1,2014-09-09,2014-09-09,8056,1
805,041G,2011,3,8046,0.090778581,1,2011-09-06,2011-09-06,8016,29
807,041L,2012,2,8049,3.77e-6,1,2012-05-29,2012-05-29,8047,1
807,041L,2013,2,8053,0.005984325,1,2013-05-21,2013-05-21,8050,2
807,041L,2014,3,8058,0.411064554,1,2014-09-23,2014-09-23,8054,3
807,041L,2017,2,8069,0.515863421,1,2017-06-14,2017-06-14,8058,10
808,041M,2019,3,8078,0.032275073,1,2019-08-13,2019-08-13,8075,2
809,041N,2010,4,8043,1.37e-4,2,2010-10-05,2010-11-30,8041,1
811,041R,2005,2,8021,0.097756606,1,2005-06-08,2005-06-08,8017,3
813,041V,2016,2,8065,0.117663394,1,2016-05-04,2016-05-04,8063,1
814,041W,2006,1,8024,8.82e-10,1,2006-01-11,2006-01-11,8022,1
814,041W,2006,3,8026,5.59e-9,1,2006-08-01,2006-08-01,8024,1
814,041W,2007,2,8029,1.83e-7,1,2007-05-22,2007-05-22,8026,2
814,041W,2008,2,8033,0.002605209,1,2008-05-20,2008-05-20,8031,1
815,041Y,2007,4,8031,0.18676828,1,2007-11-06,2007-11-06,8029,1
815,041Y,2010,2,8041,0.999978836,1,2010-06-15,2010-06-15,8034,6
817,042A,2016,3,8066,1.01e-4,1,2016-08-09,2016-08-09,8062,3
817,042A,2017,3,8070,0.002614031,2,2017-07-11,2017-09-06,8068,1
817,042A,2018,2,8073,0.076849852,1,2018-06-26,2018-06-26,8070,2
817,042A,2019,3,8078,0.780612528,1,2019-08-14,2019-08-14,8073,4
817,042A,2020,3,8082,0.81889182,1,2020-09-01,2020-09-01,8078,3
817,042A,2021,2,8085,0.830449374,1,2021-05-26,2021-05-26,8082,2
817,042A,2022,2,8089,0.840655159,1,2022-06-28,2022-06-28,8087,1
817,042A,2023,2,8093,0.893615316,1,2023-06-06,2023-06-06,8089,3
817,042A,2024,2,8097,0.934494413,1,2024-06-11,2024-06-11,8094,2
819,042E,2014,2,8057,4.4e-7,1,2014-06-24,2014-06-24,8055,1
819,042E,2015,1,8060,1.2e-4,1,2015-01-27,2015-01-27,8058,1
820,042G,2007,2,8029,3.15e-9,1,2007-05-08,2007-05-08,8017,11
820,042G,2007,4,8031,1.32e-8,1,2007-10-23,2007-10-23,8029,1
820,042G,2008,3,8034,6.06e-7,1,2008-07-22,2008-07-22,8031,2
820,042G,2009,2,8037,1.38e-5,1,2009-06-03,2009-06-03,8034,2
820,042G,2010,4,8043,6.01e-4,1,2010-11-03,2010-11-03,8037,5
820,042G,2011,2,8045,0.007589863,1,2011-05-04,2011-05-04,8043,1
822,042M,2019,3,8078,0.007656228,1,2019-08-13,2019-08-13,8074,3
825,042R,2005,2,8021,6.92e-4,1,2005-06-07,2005-06-07,8019,1
825,042R,2006,2,8025,0.001291964,1,2006-05-16,2006-05-16,8022,2
825,042R,2007,2,8029,0.001454674,1,2007-05-22,2007-05-22,8025,3
825,042R,2008,3,8034,0.0066224,1,2008-08-05,2008-08-05,8029,4
826,042V,2016,3,8066,0.009392204,1,2016-07-26,2016-07-26,8062,3
826,042V,2017,2,8069,0.011804302,1,2017-06-27,2017-06-27,8066,2
826,042V,2018,2,8073,0.031596199,1,2018-06-05,2018-06-05,8069,3
826,042V,2019,4,8079,0.185466217,1,2019-11-20,2019-11-20,8073,5
827,042W,2006,1,8024,0.040773484,1,2006-01-10,2006-01-10,8022,1
827,042W,2007,2,8029,0.974025968,1,2007-05-22,2007-05-22,8025,3
828,042Y,2007,4,8031,0.788110783,1,2007-11-06,2007-11-06,8029,1
830,043A,2016,1,8064,3.82e-8,1,2016-01-26,2016-01-26,8062,1
830,043A,2017,1,8068,1.38e-5,1,2017-01-24,2017-01-24,8066,1
830,043A,2018,2,8073,2.67e-4,1,2018-06-26,2018-06-26,8068,4
830,043A,2019,3,8078,0.008095035,1,2019-08-20,2019-08-20,8074,3
837,043P,2009,2,8037,9.97e-6,1,2009-06-02,2009-06-02,8035,1
837,043P,2010,2,8041,3.65e-5,1,2010-05-11,2010-05-11,8038,2
837,043P,2011,3,8046,0.001152235,1,2011-07-06,2011-07-06,8042,3
837,043P,2012,3,8050,0.013863063,1,2012-09-18,2012-09-18,8046,3
839,043V,2016,1,8064,1.96e-12,1,2016-01-12,2016-01-12,8062,1
840,043W,2006,1,8024,1.1e-9,1,2006-01-10,2006-01-10,8022,1
840,043W,2007,4,8031,1.04e-8,1,2007-10-10,2007-10-10,8024,6
840,043W,2008,3,8034,1.3e-7,1,2008-07-22,2008-07-22,8031,2
840,043W,2009,2,8037,3.5e-7,1,2009-06-02,2009-06-02,8035,1
840,043W,2010,2,8041,1.61e-4,1,2010-05-11,2010-05-11,8038,2
840,043W,2011,2,8045,4.67e-4,1,2011-05-03,2011-05-03,8041,3
840,043W,2012,3,8050,0.285781875,2,2012-07-17,2012-09-18,8047,2
840,043W,2013,2,8053,0.394768351,1,2013-05-22,2013-05-22,8050,2
841,043Y,2010,2,8041,0.785424882,1,2010-05-12,2010-05-12,8034,6
845,044E,2014,2,8057,0.167902433,1,2014-05-20,2014-05-20,8054,2
845,044E,2015,2,8061,0.798533235,1,2015-06-23,2015-06-23,8057,3
846,044G,2005,3,8022,0.373791367,1,2005-09-14,2005-09-14,8015,6
846,044G,2006,2,8025,0.405456105,1,2006-05-09,2006-05-09,8022,2
846,044G,2009,2,8037,0.924599707,1,2009-06-03,2009-06-03,8025,11
848,044M,2019,3,8078,0.041552809,1,2019-08-20,2019-08-20,8074,3
850,044P,2009,2,8037,1.88e-12,1,2009-06-02,2009-06-02,8035,1
850,044P,2010,2,8041,8.99e-7,1,2010-05-12,2010-05-12,8039,1
850,044P,2011,2,8045,7.66e-4,1,2011-05-03,2011-05-03,8042,2
851,044R,2005,1,8020,0.052415207,1,2005-01-19,2005-01-19,8018,1
851,044R,2005,3,8022,0.297533545,2,2005-08-02,2005-09-27,8020,1
851,044R,2007,2,8029,1,1,2007-05-22,2007-05-22,8022,6
854,044Y,2008,2,8033,0.999816842,1,2008-05-06,2008-05-06,8031,1
854,044Y,2009,2,8037,1,1,2009-06-02,2009-06-02,8033,3
854,044Y,2010,2,8041,1,1,2010-05-12,2010-05-12,8037,3
855,044Z,2020,3,8082,0.013900442,1,2020-08-18,2020-08-18,8078,3
855,044Z,2021,3,8086,0.048868975,1,2021-08-11,2021-08-11,8083,2
856,045A,2015,2,8061,1.67e-9,1,2015-06-23,2015-06-23,8059,1
856,045A,2016,1,8064,4.42e-7,1,2016-01-26,2016-01-26,8062,1
856,045A,2017,3,8070,0.002148781,1,2017-07-11,2017-07-11,8067,2
856,045A,2018,2,8073,0.004466891,1,2018-06-26,2018-06-26,8070,2
856,045A,2019,3,8078,0.030830587,2,2019-07-16,2019-08-21,8074,3
857,045B,2007,2,8029,1.21e-6,1,2007-05-08,2007-05-08,8027,1
857,045B,2008,2,8033,4.21e-5,1,2008-05-06,2008-05-06,8029,3
857,045B,2011,3,8046,2.19e-4,1,2011-07-05,2011-07-05,8033,12
857,045B,2013,2,8053,0.001256848,1,2013-05-22,2013-05-22,8046,6
857,045B,2014,2,8057,0.006808861,1,2014-05-21,2014-05-21,8053,3
857,045B,2015,3,8062,0.120240957,1,2015-07-14,2015-07-14,8057,4
858,045E,2015,1,8060,0.21586216,1,2015-01-27,2015-01-27,8054,5
859,045G,2004,2,8017,0.012840366,1,2004-05-25,2004-05-25,8015,1
861,045M,2019,3,8078,8.56e-4,1,2019-08-20,2019-08-20,8075,2
863,045P,2009,2,8037,4.71e-8,1,2009-06-04,2009-06-04,8035,1
863,045P,2009,4,8039,6.31e-7,1,2009-10-27,2009-10-27,8037,1
863,045P,2010,2,8041,2.67e-5,1,2010-05-24,2010-05-24,8039,1
863,045P,2012,2,8049,0.022106825,1,2012-06-13,2012-06-13,8042,6
864,045R,2009,2,8037,9.27e-6,1,2009-05-19,2009-05-19,8019,17
864,045R,2010,2,8041,5.51e-5,1,2010-05-24,2010-05-24,8037,3
864,045R,2011,2,8045,1.23e-4,1,2011-05-17,2011-05-17,8041,3
864,045R,2012,2,8049,9.07e-4,1,2012-06-13,2012-06-13,8045,3
864,045R,2014,4,8059,0.019055643,1,2014-10-21,2014-10-21,8049,9
865,045V,2016,2,8065,1.44e-4,1,2016-06-28,2016-06-28,8063,1
865,045V,2017,1,8068,0.005246149,1,2017-01-24,2017-01-24,8066,1
867,045Y,2008,3,8034,2.72e-8,1,2008-07-22,2008-07-22,8030,3
867,045Y,2009,3,8038,1.43e-5,1,2009-07-21,2009-07-21,8035,2
867,045Y,2010,2,8041,3.46e-4,1,2010-05-12,2010-05-12,8038,2
867,045Y,2011,2,8045,0.011410194,1,2011-05-04,2011-05-04,8041,3
869,046A,2015,2,8061,5.14e-9,1,2015-06-23,2015-06-23,8059,1
869,046A,2016,2,8065,2.29e-6,1,2016-06-28,2016-06-28,8062,2
869,046A,2017,3,8070,8.65e-4,1,2017-07-11,2017-07-11,8067,2
869,046A,2018,2,8073,0.030312893,1,2018-06-26,2018-06-26,8071,1
870,046B,2008,3,8034,3.34e-4,1,2008-07-22,2008-07-22,8026,7
871,046E,2014,1,8056,0.008545206,1,2014-01-28,2014-01-28,8054,1
874,046M,2019,2,8077,1.11e-5,1,2019-05-21,2019-05-21,8075,1
874,046M,2020,3,8082,1.36e-4,1,2020-08-18,2020-08-18,8080,1
876,046P,2009,2,8037,1,1,2009-05-19,2009-05-19,8035,1
876,046P,2009,4,8039,1,1,2009-10-27,2009-10-27,8037,1
876,046P,2011,2,8045,1,2,2011-05-17,2011-05-25,8042,2
876,046P,2012,2,8049,1,1,2012-06-26,2012-06-26,8046,2
876,046P,2013,3,8054,1,1,2013-07-31,2013-07-31,8049,4
877,046R,2005,2,8021,0.999999996,1,2005-06-21,2005-06-21,8019,1
881,046Z,2020,3,8082,5.15e-4,1,2020-08-18,2020-08-18,8080,1
883,047B,2007,2,8029,0.002930672,1,2007-05-08,2007-05-08,8027,1
884,047E,2014,2,8057,4.99e-5,1,2014-06-25,2014-06-25,8055,1
884,047E,2014,4,8059,1.67e-4,1,2014-11-05,2014-11-05,8057,1
884,047E,2015,2,8061,0.003607959,1,2015-06-24,2015-06-24,8059,1
885,047G,2005,3,8022,0.032853977,1,2005-09-14,2005-09-14,8016,5
889,047P,2009,1,8036,0.557829387,1,2009-01-13,2009-01-13,8034,1
889,047P,2009,4,8039,0.557862298,2,2009-10-13,2009-10-27,8037,1
892,047W,2007,2,8029,7.2e-4,1,2007-05-22,2007-05-22,8022,6
892,047W,2010,2,8041,0.014995471,1,2010-05-24,2010-05-24,8029,11
893,047Y,2008,3,8034,0.002444095,1,2008-07-23,2008-07-23,8032,1
894,048A,2015,2,8061,3.8e-8,1,2015-05-20,2015-05-20,8059,1
894,048A,2016,2,8065,6.92e-7,1,2016-05-03,2016-05-03,8062,2
894,048A,2018,2,8073,3.45e-5,1,2018-05-22,2018-05-22,8066,6
894,048A,2019,3,8078,7.61e-4,1,2019-08-20,2019-08-20,8074,3
894,048A,2020,3,8082,0.001609189,2,2020-07-21,2020-09-08,8078,3
895,048B,2007,2,8029,7.59e-5,1,2007-05-08,2007-05-08,8027,1
895,048B,2008,2,8033,0.05305192,1,2008-05-06,2008-05-06,8030,2
901,048P,2009,2,8037,0.005563744,1,2009-05-19,2009-05-19,8035,1
902,048R,2005,4,8023,0.999999884,1,2005-10-12,2005-10-12,8021,1
903,048V,2016,3,8066,3.34e-6,1,2016-09-20,2016-09-20,8063,2
903,048V,2017,2,8069,1.16e-4,1,2017-06-13,2017-06-13,8067,1
903,048V,2018,2,8073,0.006840535,1,2018-05-22,2018-05-22,8070,2
903,048V,2019,1,8076,0.184490857,1,2019-01-09,2019-01-09,8074,1
903,048V,2019,3,8078,0.201522545,1,2019-07-16,2019-07-16,8076,1
904,048W,2006,2,8025,9.03e-7,1,2006-05-17,2006-05-17,8022,2
904,048W,2007,2,8029,9.62e-5,1,2007-05-23,2007-05-23,8026,2
904,048W,2008,2,8033,0.003234543,1,2008-05-20,2008-05-20,8029,3
905,048Y,2008,4,8035,0.004814281,1,2008-10-21,2008-10-21,8031,3
906,049A,2015,2,8061,4.49e-6,1,2015-05-20,2015-05-20,8058,2
906,049A,2015,4,8063,4.47e-5,1,2015-10-13,2015-10-13,8061,1
906,049A,2016,2,8065,0.001108578,1,2016-05-03,2016-05-03,8063,1
906,049A,2017,2,8069,0.012465157,1,2017-06-13,2017-06-13,8065,3
907,049B,2007,2,8029,0.984613969,1,2007-05-08,2007-05-08,8027,1
907,049B,2008,2,8033,0.99999968400000006,1,2008-05-06,2008-05-06,8031,1
907,049B,2009,2,8037,0.999999999,1,2009-06-02,2009-06-02,8035,1
907,049B,2010,2,8041,1,1,2010-05-11,2010-05-11,8038,2
907,049B,2011,2,8045,1,1,2011-05-03,2011-05-03,8041,3
907,049B,2012,3,8050,1,2,2012-07-17,2012-09-19,8046,3
907,049B,2013,3,8054,1,1,2013-07-17,2013-07-17,8050,3
907,049B,2014,3,8058,1,1,2014-08-13,2014-08-13,8054,3
907,049B,2015,2,8061,1,1,2015-05-20,2015-05-20,8058,2
908,049E,2014,3,8058,9.15e-5,1,2014-08-19,2014-08-19,8055,2
908,049E,2015,4,8063,0.03399762,1,2015-11-11,2015-11-11,8059,3
908,049E,2016,2,8065,0.145694364,1,2016-05-10,2016-05-10,8063,1
911,049M,2020,3,8082,0.006629506,1,2020-07-21,2020-07-21,8078,3
913,049P,2009,1,8036,9.7e-10,1,2009-01-13,2009-01-13,8034,1
913,049P,2010,1,8040,1.24e-6,1,2010-01-19,2010-01-19,8037,2
913,049P,2011,2,8045,0.567578381,1,2011-05-17,2011-05-17,8043,1
913,049P,2012,3,8050,0.836932957,1,2012-07-31,2012-07-31,8046,3
913,049P,2013,2,8053,0.895957081,1,2013-06-04,2013-06-04,8050,2
914,049R,2005,2,8021,0.013799092,1,2005-06-22,2005-06-22,8019,1
916,049V,2016,2,8065,2.93e-6,1,2016-05-03,2016-05-03,8063,1
916,049V,2017,2,8069,1.7e-4,1,2017-06-13,2017-06-13,8066,2
916,049V,2018,2,8073,0.001483795,1,2018-05-22,2018-05-22,8069,3
917,049W,2007,1,8028,1.52e-8,1,2007-01-09,2007-01-09,8022,5
917,049W,2007,3,8030,1.8e-7,1,2007-08-21,2007-08-21,8028,1
917,049W,2009,2,8037,1.26e-5,1,2009-05-06,2009-05-06,8030,6
917,049W,2010,2,8041,1.83e-4,2,2010-05-24,2010-06-16,8037,3
918,049Y,2008,2,8033,3.47e-5,1,2008-05-06,2008-05-06,8030,2
918,049Y,2009,2,8037,0.001027534,1,2009-06-02,2009-06-02,8033,3
918,049Y,2011,2,8045,0.050006478,1,2011-05-03,2011-05-03,8037,7
918,049Y,2015,3,8062,0.999999984,1,2015-07-14,2015-07-14,8045,16
919,050A,2015,3,8062,6.62e-7,1,2015-07-14,2015-07-14,8059,2
919,050A,2016,3,8066,9.53e-4,1,2016-07-12,2016-07-12,8063,2
919,050A,2017,3,8070,0.047559044,1,2017-08-01,2017-08-01,8067,2
922,050G,2006,4,8027,7.92e-15,1,2006-12-13,2006-12-13,8017,9
922,050G,2007,2,8029,6.16e-14,1,2007-05-09,2007-05-09,8027,1
922,050G,2007,4,8031,8.83e-13,1,2007-10-23,2007-10-23,8029,1
922,050G,2008,3,8034,4.92e-11,1,2008-07-22,2008-07-22,8031,2
922,050G,2009,2,8037,1.58e-9,1,2009-06-02,2009-06-02,8035,1
922,050G,2010,2,8041,1.12e-6,1,2010-05-11,2010-05-11,8038,2
922,050G,2011,2,8045,7.66e-4,1,2011-05-03,2011-05-03,8042,2
923,050K,2013,2,8053,1.97e-6,1,2013-06-04,2013-06-04,8051,1
923,050K,2014,2,8057,2.72e-4,1,2014-06-04,2014-06-04,8054,2
923,050K,2015,2,8061,0.006286418,1,2015-06-09,2015-06-09,8057,3
924,050M,2020,3,8082,0.105354388,1,2020-07-21,2020-07-21,8078,3
925,050N,2010,2,8041,0.999966901,1,2010-05-11,2010-05-11,8039,1
925,050N,2012,2,8049,1,1,2012-05-29,2012-05-29,8042,6
927,050R,2005,2,8021,0.018495485,1,2005-06-22,2005-06-22,8018,2
929,050W,2006,1,8024,1.31e-5,1,2006-01-10,2006-01-10,8022,1
929,050W,2006,3,8026,1.62e-5,1,2006-08-02,2006-08-02,8024,1
929,050W,2007,2,8029,1.31e-4,1,2007-05-22,2007-05-22,8026,2
930,050Y,2008,3,8034,2.93e-4,1,2008-07-22,2008-07-22,8030,3
930,050Y,2009,3,8038,0.004554614,1,2009-07-21,2009-07-21,8034,3
931,051A,2015,2,8061,0.126084395,1,2015-06-09,2015-06-09,8059,1
932,051B,2007,2,8029,0.998937504,1,2007-05-09,2007-05-09,8027,1
932,051B,2008,2,8033,1,1,2008-05-06,2008-05-06,8031,1
932,051B,2009,2,8037,1,1,2009-06-02,2009-06-02,8034,2
933,051E,2014,2,8057,0.138250098,1,2014-06-24,2014-06-24,8055,1
935,051K,2013,2,8053,1.05e-5,1,2013-06-04,2013-06-04,8051,1
935,051K,2014,3,8058,0.001460387,1,2014-08-19,2014-08-19,8055,2
935,051K,2015,2,8061,0.005894975,1,2015-06-10,2015-06-10,8058,2
936,051M,2020,3,8082,0.001064771,1,2020-07-21,2020-07-21,8078,3
936,051M,2021,2,8085,0.005624591,1,2021-05-26,2021-05-26,8082,2
937,051N,2010,2,8041,0.004064228,1,2010-05-12,2010-05-12,8039,1
937,051N,2011,2,8045,0.014439411,1,2011-05-04,2011-05-04,8042,2
938,051P,2009,1,8036,0.00143604,1,2009-01-14,2009-01-14,8034,1
939,051R,2007,3,8030,0.030322049,1,2007-09-12,2007-09-12,8018,11
939,051R,2008,1,8032,0.13736516,1,2008-01-08,2008-01-08,8030,1
939,051R,2009,4,8039,1,1,2009-10-13,2009-10-13,8033,5
943,052A,2015,2,8061,3.66e-5,1,2015-06-24,2015-06-24,8059,1
943,052A,2016,3,8066,0.013017762,1,2016-08-09,2016-08-09,8062,3
944,052B,2007,2,8029,0.002930672,1,2007-05-08,2007-05-08,8027,1
945,052E,2015,3,8062,0.511867109,1,2015-09-09,2015-09-09,8055,6
947,052K,2013,2,8053,5.33e-5,1,2013-06-05,2013-06-05,8050,2
947,052K,2014,2,8057,0.00533547,1,2014-06-03,2014-06-03,8054,2
949,052N,2010,2,8041,0.810023504,2,2010-05-24,2010-06-15,8039,1
949,052N,2011,2,8045,0.996446571,1,2011-05-17,2011-05-17,8043,1
952,052W,2006,1,8024,1.46e-12,1,2006-01-10,2006-01-10,8022,1
952,052W,2008,2,8033,3.49e-5,1,2008-05-20,2008-05-20,8031,1
952,052W,2009,4,8039,0.05032504,1,2009-10-27,2009-10-27,8037,1
952,052W,2010,2,8041,0.972247206,1,2010-05-24,2010-05-24,8039,1
952,052W,2010,4,8043,0.999999983,3,2010-10-05,2010-11-30,8041,1
953,052Y,2008,3,8034,1.18e-4,1,2008-07-23,2008-07-23,8032,1
953,052Y,2009,4,8039,0.003833294,1,2009-11-03,2009-11-03,8034,4
953,052Y,2010,2,8041,0.056177506,1,2010-05-11,2010-05-11,8039,1
955,053B,2007,2,8029,0.004273806,1,2007-05-08,2007-05-08,8027,1
957,053K,2013,1,8052,1.45e-13,1,2013-01-15,2013-01-15,8050,1
957,053K,2013,3,8054,1.84e-12,1,2013-08-13,2013-08-13,8052,1
957,053K,2014,2,8057,2.43e-11,1,2014-06-24,2014-06-24,8054,2
957,053K,2015,2,8061,1.46e-7,2,2015-06-09,2015-06-24,8059,1
957,053K,2016,2,8065,8.16e-7,1,2016-05-10,2016-05-10,8061,3
957,053K,2016,4,8067,2.43e-6,1,2016-10-04,2016-10-04,8065,1
957,053K,2017,2,8069,1.98e-5,1,2017-06-27,2017-06-27,8067,1
957,053K,2019,3,8078,0.002376398,2,2019-08-13,2019-09-11,8070,7
958,053M,2019,2,8077,2.54e-4,1,2019-05-21,2019-05-21,8075,1
958,053M,2020,3,8082,0.004742977,1,2020-07-21,2020-07-21,8078,3
958,053M,2021,2,8085,0.02762714,1,2021-05-26,2021-05-26,8082,2
961,053R,2005,2,8021,0.047020484,1,2005-06-21,2005-06-21,8019,1
961,053R,2006,2,8025,0.32510056,1,2006-05-24,2006-05-24,8021,3
962,053W,2006,1,8024,0.345560528,1,2006-01-11,2006-01-11,8022,1
963,053Y,2010,3,8042,0.014402382,1,2010-09-07,2010-09-07,8031,10
964,054A,2015,2,8061,0.0058762,1,2015-06-24,2015-06-24,8059,1
964,054A,2015,4,8063,0.005909844,1,2015-11-25,2015-11-25,8061,1
964,054A,2016,2,8065,0.00621673,1,2016-06-28,2016-06-28,8063,1
965,054B,2007,2,8029,0.057368746,1,2007-05-22,2007-05-22,8026,2
966,054G,2006,2,8025,1,1,2006-05-17,2006-05-17,8018,6
966,054G,2007,2,8029,1,1,2007-05-23,2007-05-23,8026,2
966,054G,2008,2,8033,1,1,2008-05-20,2008-05-20,8031,1
966,054G,2010,2,8041,1,1,2010-05-24,2010-05-24,8033,7
967,054K,2014,2,8057,0.028767148,1,2014-06-24,2014-06-24,8055,1
967,054K,2016,3,8066,0.264323998,1,2016-08-09,2016-08-09,8063,2
970,054P,2009,2,8037,0.997310514,1,2009-05-05,2009-05-05,8034,2
970,054P,2010,2,8041,0.999933461,1,2010-06-15,2010-06-15,8037,3
972,054W,2006,2,8025,3.84e-8,1,2006-05-16,2006-05-16,8022,2
972,054W,2007,1,8028,1.2e-7,1,2007-01-09,2007-01-09,8026,1
972,054W,2008,2,8033,1.35e-4,1,2008-05-21,2008-05-21,8030,2
972,054W,2009,2,8037,0.004388323,1,2009-06-04,2009-06-04,8033,3
973,054Y,2008,2,8033,0.002532,1,2008-05-06,2008-05-06,8030,2
974,055A,2015,2,8061,9.79e-7,1,2015-06-23,2015-06-23,8059,1
974,055A,2016,3,8066,5e-4,1,2016-08-09,2016-08-09,8062,3
974,055A,2017,3,8070,0.019964058,1,2017-07-11,2017-07-11,8067,2
974,055A,2018,3,8074,0.158521909,1,2018-08-22,2018-08-22,8070,3
975,055B,2007,1,8028,3.16e-11,1,2007-01-09,2007-01-09,8026,1
975,055B,2008,3,8034,7.43e-4,1,2008-08-05,2008-08-05,8031,2
975,055B,2009,2,8037,0.00804196,1,2009-06-04,2009-06-04,8034,2
976,055G,2005,2,8021,7.43e-5,1,2005-06-07,2005-06-07,8018,2
976,055G,2006,3,8026,0.001706093,1,2006-08-16,2006-08-16,8022,3
976,055G,2007,3,8030,0.044422417,1,2007-09-11,2007-09-11,8026,3
977,055M,2019,2,8077,0.00407096,1,2019-06-26,2019-06-26,8075,1
979,055P,2009,1,8036,7.73e-6,1,2009-01-27,2009-01-27,8034,1
979,055P,2009,4,8039,1.23e-4,2,2009-10-13,2009-11-17,8036,2
980,055R,2005,2,8021,7.52e-5,1,2005-06-21,2005-06-21,8019,1
980,055R,2005,4,8023,8.46e-5,1,2005-10-11,2005-10-11,8021,1
980,055R,2006,3,8026,8.91e-5,1,2006-08-15,2006-08-15,8023,2
980,055R,2007,2,8029,9.5e-5,1,2007-06-05,2007-06-05,8026,2
980,055R,2009,2,8037,4.69e-4,1,2009-05-05,2009-05-05,8029,7
980,055R,2010,2,8041,0.004962961,1,2010-06-16,2010-06-16,8037,3
982,055Y,2008,2,8033,0.251321749,1,2008-05-20,2008-05-20,8031,1
982,055Y,2010,2,8041,0.35910968,1,2010-05-24,2010-05-24,8034,6
982,055Y,2011,2,8045,0.779576006,1,2011-05-17,2011-05-17,8041,3
982,055Y,2012,2,8049,0.966551737,1,2012-06-13,2012-06-13,8045,3
983,056A,2015,2,8061,0.00420882,1,2015-06-23,2015-06-23,8059,1
984,056B,2008,2,8033,1.41e-5,1,2008-05-20,2008-05-20,8031,1
984,056B,2009,2,8037,6.67e-5,1,2009-05-19,2009-05-19,8035,1
984,056B,2009,4,8039,6.73e-4,1,2009-10-28,2009-10-28,8037,1
984,056B,2010,3,8042,0.037208498,1,2010-09-21,2010-09-21,8039,2
984,056B,2011,2,8045,0.895230493,1,2011-05-17,2011-05-17,8042,2
985,056E,2014,2,8057,0.004958264,1,2014-06-24,2014-06-24,8055,1
987,056M,2019,2,8077,0.005304389,1,2019-06-26,2019-06-26,8075,1
989,056P,2009,2,8037,2.73e-6,1,2009-05-05,2009-05-05,8035,1
989,056P,2009,4,8039,4.4e-5,2,2009-10-13,2009-11-17,8037,1
989,056P,2010,2,8041,0.00286802,1,2010-06-15,2010-06-15,8039,1
991,056W,2006,1,8024,0.002261051,1,2006-01-11,2006-01-11,8022,1
991,056W,2006,3,8026,0.014337757,1,2006-08-15,2006-08-15,8024,1
991,056W,2007,2,8029,0.040666641,1,2007-05-22,2007-05-22,8026,2
991,056W,2008,2,8033,0.916622549,1,2008-05-20,2008-05-20,8029,3
991,056W,2010,2,8041,0.998985313,1,2010-05-24,2010-05-24,8033,7
992,056Y,2008,3,8034,5.8e-6,1,2008-08-05,2008-08-05,8031,2
992,056Y,2009,2,8037,1.34e-4,1,2009-05-19,2009-05-19,8034,2
992,056Y,2009,4,8039,0.001697143,1,2009-10-13,2009-10-13,8037,1
993,057B,2008,2,8033,0.273700722,1,2008-06-03,2008-06-03,8028,4
994,057G,2004,1,8016,0.02435429,1,2004-01-20,2004-01-20,8014,1
997,057P,2009,4,8039,5.58e-6,1,2009-10-13,2009-10-13,8037,1
998,057R,2005,4,8023,0.026256737,1,2005-10-12,2005-10-12,8018,4
1000,057Y,2008,2,8033,2.74e-12,1,2008-05-20,2008-05-20,8031,1
1000,057Y,2010,2,8041,2.1e-10,1,2010-05-24,2010-05-24,8033,7
1000,057Y,2011,1,8044,1.36e-8,1,2011-01-11,2011-01-11,8042,1
1000,057Y,2012,2,8049,8.66e-5,1,2012-06-13,2012-06-13,8046,2
1000,057Y,2013,2,8053,0.001281607,1,2013-06-04,2013-06-04,8049,3
1001,058B,2007,3,8030,1,1,2007-09-11,2007-09-11,8026,3
1001,058B,2008,2,8033,1,1,2008-06-03,2008-06-03,8031,1
1005,058R,2006,3,8026,7.35e-6,1,2006-08-16,2006-08-16,8021,4
1005,058R,2007,3,8030,1.59e-4,1,2007-09-12,2007-09-12,8026,3
1005,058R,2008,2,8033,3.83e-4,1,2008-06-03,2008-06-03,8031,1
1005,058R,2009,1,8036,0.087377272,1,2009-01-27,2009-01-27,8034,1
1005,058R,2010,2,8041,0.477956862,1,2010-06-16,2010-06-16,8036,4
1005,058R,2011,1,8044,0.760077901,1,2011-01-26,2011-01-26,8041,2
1005,058R,2012,1,8048,0.997264215,1,2012-01-24,2012-01-24,8045,2
1007,058Y,2008,2,8033,1.4e-8,1,2008-05-20,2008-05-20,8031,1
1007,058Y,2008,4,8035,2.29e-8,1,2008-10-21,2008-10-21,8033,1
1007,058Y,2009,2,8037,3.97e-7,1,2009-06-02,2009-06-02,8035,1
1007,058Y,2010,2,8041,3.17e-4,1,2010-05-11,2010-05-11,8038,2
1007,058Y,2011,2,8045,0.010763894,1,2011-05-03,2011-05-03,8041,3
1007,058Y,2012,3,8050,0.066072392,1,2012-09-19,2012-09-19,8046,3
1007,058Y,2013,2,8053,0.525167405,1,2013-05-21,2013-05-21,8050,2
1007,058Y,2014,2,8057,0.752504837,1,2014-05-20,2014-05-20,8053,3
1008,059B,2007,2,8029,0.9656174,1,2007-06-05,2007-06-05,8027,1
1008,059B,2008,3,8034,0.975333318,1,2008-08-19,2008-08-19,8031,2
1008,059B,2009,4,8039,0.975337981,1,2009-11-17,2009-11-17,8034,4
1008,059B,2010,2,8041,0.97540369,1,2010-06-15,2010-06-15,8039,1
1008,059B,2011,2,8045,0.976597047,1,2011-05-24,2011-05-24,8041,3
1008,059B,2011,4,8047,0.976792059,1,2011-10-04,2011-10-04,8045,1
1008,059B,2012,2,8049,0.980734312,1,2012-06-26,2012-06-26,8047,1
1009,059G,2004,1,8016,0.846868483,1,2004-02-03,2004-02-03,8014,1
1009,059G,2004,3,8018,0.873326448,1,2004-07-06,2004-07-06,8016,1
1012,059R,2006,2,8025,0.006366481,1,2006-05-23,2006-05-23,8022,2
1012,059R,2007,2,8029,0.695786262,1,2007-06-05,2007-06-05,8026,2
1014,059Y,2008,2,8033,0.002419521,1,2008-05-21,2008-05-21,8030,2
1014,059Y,2009,2,8037,0.006662634,1,2009-05-19,2009-05-19,8033,3
1015,060B,2008,1,8032,2.67e-5,1,2008-01-09,2008-01-09,8027,4
1015,060B,2009,4,8039,8.05e-4,1,2009-11-17,2009-11-17,8032,6
1015,060B,2011,2,8045,0.01888561,1,2011-05-24,2011-05-24,8039,5
1017,060M,2019,3,8078,0.006989703,1,2019-08-21,2019-08-21,8075,2
1018,060P,2009,2,8037,7.86e-9,1,2009-05-05,2009-05-05,8035,1
1018,060P,2009,4,8039,1.05e-7,2,2009-10-13,2009-11-17,8037,1
1018,060P,2010,4,8043,1.82e-4,1,2010-10-05,2010-10-05,8039,3
1019,060R,2005,3,8022,9.13e-5,1,2005-08-17,2005-08-17,8019,2
1019,060R,2006,2,8025,1.54e-4,1,2006-05-24,2006-05-24,8023,1
1019,060R,2007,4,8031,0.001815755,1,2007-11-06,2007-11-06,8025,5
1019,060R,2009,1,8036,0.001892847,1,2009-01-27,2009-01-27,8031,4
1019,060R,2009,4,8039,0.02380348,1,2009-10-13,2009-10-13,8037,1
1019,060R,2010,2,8041,1,2,2010-05-24,2010-06-15,8039,1
1019,060R,2010,4,8043,1,2,2010-10-05,2010-11-30,8041,1
1022,061B,2007,2,8029,8.77e-5,1,2007-06-05,2007-06-05,8027,1
1022,061B,2009,2,8037,0.00790157,1,2009-05-05,2009-05-05,8030,6
1027,061Y,2008,2,8033,3.14e-12,1,2008-05-21,2008-05-21,8031,1
1027,061Y,2009,2,8037,2.61e-8,1,2009-06-02,2009-06-02,8035,1
1027,061Y,2010,2,8041,1.37e-6,1,2010-05-11,2010-05-11,8038,2
1027,061Y,2011,2,8045,7.66e-4,1,2011-05-03,2011-05-03,8042,2
1029,062G,2007,4,8031,2.3e-6,1,2007-10-23,2007-10-23,8016,14
1029,062G,2008,2,8033,1.2e-5,1,2008-05-06,2008-05-06,8031,1
1029,062G,2012,3,8050,0.049178241,1,2012-09-19,2012-09-19,8035,14
1030,062P,2009,2,8037,2.52e-4,1,2009-06-02,2009-06-02,8035,1
1032,062W,2007,2,8029,3.63e-8,1,2007-06-05,2007-06-05,8025,3
1032,062W,2009,2,8037,4.13e-5,1,2009-05-05,2009-05-05,8030,6
1032,062W,2010,2,8041,6.01e-4,2,2010-05-25,2010-06-15,8037,3
1032,062W,2012,3,8050,0.00340681,1,2012-08-15,2012-08-15,8041,8
1032,062W,2016,2,8065,0.004844345,1,2016-06-28,2016-06-28,8050,14
1033,062Y,2008,2,8033,0.002682985,1,2008-05-20,2008-05-20,8031,1
1036,063P,2009,2,8037,0.003825119,1,2009-06-02,2009-06-02,8035,1
1037,063R,2006,3,8026,0.005736668,1,2006-08-15,2006-08-15,8020,5
1038,063W,2007,2,8029,2.56e-10,1,2007-06-05,2007-06-05,8026,2
1038,063W,2008,2,8033,1.44e-7,1,2008-06-03,2008-06-03,8031,1
1038,063W,2009,1,8036,3.87e-6,1,2009-01-27,2009-01-27,8033,2
1038,063W,2010,4,8043,2.44e-4,1,2010-10-05,2010-10-05,8036,6
1038,063W,2012,3,8050,0.004560823,1,2012-08-15,2012-08-15,8045,4
1038,063W,2013,4,8055,0.005343735,1,2013-10-23,2013-10-23,8050,4
1038,063W,2014,2,8057,0.009341276,1,2014-06-24,2014-06-24,8055,1
1039,063Y,2009,2,8037,1.08e-4,1,2009-05-05,2009-05-05,8035,1
1039,063Y,2009,4,8039,3.21e-4,2,2009-10-13,2009-11-18,8037,1
1039,063Y,2010,4,8043,0.397141328,2,2010-10-05,2010-12-14,8039,3
1039,063Y,2012,2,8049,0.973893372,1,2012-06-26,2012-06-26,8043,5
1039,063Y,2013,2,8053,0.982543372,1,2013-06-18,2013-06-18,8049,3
1039,063Y,2014,4,8059,0.999614554,1,2014-11-04,2014-11-04,8055,3
1039,063Y,2015,2,8061,0.99999674,1,2015-06-24,2015-06-24,8059,1
1039,063Y,2016,1,8064,1,1,2016-01-26,2016-01-26,8061,2
1039,063Y,2016,3,8066,1,1,2016-08-10,2016-08-10,8064,1
1039,063Y,2017,3,8070,1,2,2017-07-11,2017-09-06,8066,3
1041,064G,2005,4,8023,0.04275064,1,2005-10-11,2005-10-11,8015,7
1042,064P,2009,2,8037,2.73e-5,1,2009-06-02,2009-06-02,8035,1
1042,064P,2010,2,8041,0.642215104,1,2010-05-11,2010-05-11,8039,1
1042,064P,2011,2,8045,0.998296669,1,2011-05-03,2011-05-03,8043,1
1044,064W,2006,1,8024,2.92e-4,1,2006-01-24,2006-01-24,8022,1
1044,064W,2007,1,8028,0.001315412,1,2007-01-31,2007-01-31,8026,1
1044,064W,2007,3,8030,0.002810924,1,2007-09-11,2007-09-11,8028,1
1045,064Y,2008,2,8033,1.63e-7,2,2008-05-07,2008-05-20,8031,1
1045,064Y,2009,2,8037,0.003285398,1,2009-06-02,2009-06-02,8034,2
1046,065B,2008,2,8033,1.04e-7,1,2008-05-07,2008-05-07,8027,5
1046,065B,2010,2,8041,6.92e-5,1,2010-05-11,2010-05-11,8034,6
1046,065B,2011,2,8045,0.001046887,1,2011-05-03,2011-05-03,8041,3
1048,065P,2009,2,8037,0.999923211,1,2009-05-19,2009-05-19,8035,1
1050,065W,2007,2,8029,2.23e-7,1,2007-06-05,2007-06-05,8026,2
1050,065W,2008,2,8033,7.08e-6,1,2008-06-03,2008-06-03,8029,3
1050,065W,2009,2,8037,1.75e-4,1,2009-05-05,2009-05-05,8033,3
1050,065W,2009,4,8039,0.001738082,1,2009-10-14,2009-10-14,8037,1
1051,065Y,2009,2,8037,3.48e-4,1,2009-06-02,2009-06-02,8034,2
1051,065Y,2011,2,8045,0.022567568,1,2011-05-03,2011-05-03,8037,7
1052,066B,2007,2,8029,2.75e-5,1,2007-05-09,2007-05-09,8027,1
1052,066B,2008,3,8034,9.21e-4,1,2008-07-23,2008-07-23,8030,3
1052,066B,2011,2,8045,0.058388417,1,2011-05-03,2011-05-03,8034,10
1052,066B,2012,2,8049,0.288550071,1,2012-05-29,2012-05-29,8045,3
1055,066R,2005,2,8021,3.65e-12,1,2005-06-21,2005-06-21,8019,1
1055,066R,2006,2,8025,2.94e-11,1,2006-05-24,2006-05-24,8022,2
1055,066R,2007,3,8030,7.29e-10,1,2007-09-11,2007-09-11,8026,3
1055,066R,2010,1,8040,3.65e-8,1,2010-01-27,2010-01-27,8030,9
1055,066R,2011,2,8045,9.56e-6,1,2011-05-24,2011-05-24,8041,3
1055,066R,2011,4,8047,4.92e-5,1,2011-10-04,2011-10-04,8045,1
1055,066R,2012,4,8051,0.001303314,1,2012-10-16,2012-10-16,8047,3
1055,066R,2013,3,8054,0.012860926,1,2013-08-13,2013-08-13,8051,2
1056,066W,2007,2,8029,1.17e-4,1,2007-06-05,2007-06-05,8026,2
1057,066Y,2008,2,8033,0.088575142,1,2008-05-06,2008-05-06,8031,1
1060,067P,2009,4,8039,2.03e-14,1,2009-10-27,2009-10-27,8036,2
1060,067P,2010,2,8041,3.67e-13,1,2010-05-24,2010-05-24,8039,1
1060,067P,2011,2,8045,3.25e-10,1,2011-05-17,2011-05-17,8043,1
1060,067P,2012,3,8050,8.05e-7,1,2012-07-31,2012-07-31,8046,3
1060,067P,2013,2,8053,6.65e-5,1,2013-06-04,2013-06-04,8051,1
1061,067R,2005,1,8020,0.052591351,1,2005-02-02,2005-02-02,8018,1
1061,067R,2007,3,8030,1,1,2007-08-21,2007-08-21,8020,9
1061,067R,2008,2,8033,1,1,2008-05-20,2008-05-20,8030,2
1062,067W,2008,3,8034,0.867172923,1,2008-08-19,2008-08-19,8021,12
1063,067Y,2009,2,8037,7.6e-4,1,2009-06-03,2009-06-03,8031,5
1063,067Y,2010,2,8041,0.008475097,1,2010-05-11,2010-05-11,8037,3
1063,067Y,2012,2,8049,0.400795486,1,2012-05-30,2012-05-30,8041,7
1066,068R,2005,1,8020,6.6e-4,1,2005-02-02,2005-02-02,8018,1
1070,069P,2009,4,8039,0.99989067,1,2009-11-17,2009-11-17,8035,3
1070,069P,2010,2,8041,0.999979597,1,2010-06-15,2010-06-15,8039,1
1070,069P,2011,2,8045,0.999987781,1,2011-05-24,2011-05-24,8041,3
1070,069P,2015,2,8061,0.999999842,1,2015-06-23,2015-06-23,8045,15
1071,069R,2005,2,8021,3.1e-4,1,2005-06-22,2005-06-22,8019,1
1071,069R,2007,3,8030,1,1,2007-09-11,2007-09-11,8026,3
1071,069R,2008,3,8034,1,1,2008-08-19,2008-08-19,8032,1
1071,069R,2010,2,8041,1,1,2010-06-15,2010-06-15,8037,3
1071,069R,2011,2,8045,1,1,2011-05-25,2011-05-25,8041,3
1071,069R,2013,3,8054,1,1,2013-08-13,2013-08-13,8045,8
1072,069W,2009,4,8039,0.017480004,1,2009-10-14,2009-10-14,8024,14
1075,070P,2009,2,8037,9.14e-7,1,2009-05-19,2009-05-19,8035,1
1075,070P,2010,2,8041,1.75e-6,1,2010-06-15,2010-06-15,8037,3
1075,070P,2013,2,8053,6.41e-5,1,2013-06-18,2013-06-18,8041,11
1075,070P,2014,2,8057,2.57e-4,1,2014-06-24,2014-06-24,8053,3
1075,070P,2015,2,8061,0.003539435,1,2015-06-24,2015-06-24,8057,3
1075,070P,2019,2,8077,0.151268836,1,2019-06-26,2019-06-26,8061,15
1075,070P,2021,2,8085,0.204671039,1,2021-05-26,2021-05-26,8077,7
1076,070R,2005,2,8021,0.013799092,1,2005-05-24,2005-05-24,8019,1
1078,070Y,2008,2,8033,1.2e-10,1,2008-05-20,2008-05-20,8031,1
1078,070Y,2009,4,8039,2.38e-6,2,2009-10-27,2009-12-01,8037,1
1080,071R,2008,2,8033,0.01197133,1,2008-05-06,2008-05-06,8022,10
1081,071W,2006,1,8024,0.010657215,1,2006-01-24,2006-01-24,8022,1
1083,072R,2005,2,8021,0.215067763,1,2005-05-25,2005-05-25,8019,1
1084,072W,2007,3,8030,0.019451534,1,2007-09-12,2007-09-12,8025,4
1085,073R,2005,1,8020,3.97e-5,1,2005-01-12,2005-01-12,8018,1
1085,073R,2006,2,8025,7.43e-4,1,2006-05-10,2006-05-10,8022,2
1086,073W,2006,2,8025,0.21894153,1,2006-05-24,2006-05-24,8023,1
1091,076R,2007,4,8031,0.041325977,1,2007-11-06,2007-11-06,8020,10
1094,077W,2006,2,8025,0.102454789,1,2006-05-23,2006-05-23,8023,1
1094,077W,2007,4,8031,0.968560468,1,2007-11-07,2007-11-07,8025,5
1094,077W,2008,3,8034,0.995901662,1,2008-08-20,2008-08-20,8031,2
1094,077W,2009,2,8037,0.997102802,1,2009-05-05,2009-05-05,8034,2
1094,077W,2010,2,8041,0.999117064,1,2010-06-15,2010-06-15,8037,3
1097,079W,2006,3,8026,0.041761074,1,2006-08-15,2006-08-15,8024,1
1098,080W,2006,1,8024,0.066113953,1,2006-01-24,2006-01-24,8022,1
1098,080W,2007,2,8029,0.195375321,1,2007-06-06,2007-06-06,8025,3
1099,081W,2010,2,8041,0.003341735,1,2010-06-15,2010-06-15,8024,16
1099,081W,2011,3,8046,0.01715632,1,2011-07-20,2011-07-20,8041,4
1100,082W,2006,2,8025,2.63e-18,1,2006-05-10,2006-05-10,8023,1
1100,082W,2007,2,8029,2.15e-17,1,2007-05-08,2007-05-08,8027,1
1100,082W,2007,4,8031,2.7e-16,1,2007-10-23,2007-10-23,8029,1
1100,082W,2008,3,8034,1.49e-14,1,2008-07-22,2008-07-22,8031,2
1100,082W,2009,2,8037,1.83e-10,1,2009-06-02,2009-06-02,8035,1
1100,082W,2010,2,8041,1.08e-8,1,2010-05-11,2010-05-11,8038,2
1100,082W,2011,2,8045,6.15e-6,1,2011-05-03,2011-05-03,8042,2
1100,082W,2012,2,8049,0.009652957,1,2012-05-29,2012-05-29,8046,2
1101,083W,2006,2,8025,0.10055628,1,2006-05-09,2006-05-09,8023,1
1102,084W,2006,2,8025,0.01685359,1,2006-05-09,2006-05-09,8022,2
1103,085W,2006,4,8027,0.00411845,1,2006-10-25,2006-10-25,8022,4
1107,089W,2006,2,8025,4.05e-6,1,2006-05-10,2006-05-10,8022,2
1107,089W,2006,4,8027,9.27e-6,2,2006-10-24,2006-12-12,8025,1
1107,089W,2007,2,8029,0.006683018,1,2007-05-08,2007-05-08,8027,1
1107,089W,2007,4,8031,0.108832805,1,2007-10-23,2007-10-23,8029,1
1111,093W,2006,1,8024,5.52e-4,1,2006-01-24,2006-01-24,8022,1
1111,093W,2007,3,8030,0.006617801,1,2007-09-11,2007-09-11,8024,5
1112,094W,2007,2,8029,0.02480917,1,2007-06-06,2007-06-06,8024,4
1114,096W,2006,2,8025,1.63e-9,1,2006-05-23,2006-05-23,8022,2
1114,096W,2007,2,8029,4.52e-7,1,2007-06-06,2007-06-06,8026,2
1114,096W,2008,3,8034,1.74e-4,1,2008-08-19,2008-08-19,8030,3
1114,096W,2009,2,8037,0.003420659,1,2009-05-05,2009-05-05,8034,2
1115,097W,2006,2,8025,2.21e-5,1,2006-05-09,2006-05-09,8022,2
1115,097W,2006,4,8027,5.76e-5,1,2006-10-24,2006-10-24,8025,1
1115,097W,2007,4,8031,0.002762176,1,2007-10-24,2007-10-24,8027,3
1115,097W,2008,3,8034,0.060924916,1,2008-07-22,2008-07-22,8031,2
1116,098W,2006,2,8025,0.016136383,1,2006-05-09,2006-05-09,8022,2
1116,098W,2007,2,8029,0.019878524,1,2007-05-08,2007-05-08,8025,3
1117,099W,2006,2,8025,0.180465898,1,2006-05-10,2006-05-10,8022,2
1117,099W,2007,2,8029,1,1,2007-05-08,2007-05-08,8025,3
1118,100W,2006,2,8025,0.019849356,1,2006-05-09,2006-05-09,8022,2
1119,101W,2006,2,8025,0.006248349,1,2006-05-09,2006-05-09,8023,1
1119,101W,2008,2,8033,0.842356157,1,2008-05-06,2008-05-06,8026,6
1119,101W,2009,4,8039,0.999948763,1,2009-12-15,2009-12-15,8034,4
1120,102W,2006,2,8025,0.016821854,1,2006-05-24,2006-05-24,8023,1
1121,103W,2006,3,8026,0.030702158,1,2006-08-15,2006-08-15,8024,1
1121,103W,2007,2,8029,0.032462625,1,2007-06-05,2007-06-05,8026,2
1121,103W,2009,2,8037,0.04221622,1,2009-05-05,2009-05-05,8031,5
1121,103W,2009,4,8039,0.06311787,1,2009-10-14,2009-10-14,8037,1
1121,103W,2010,2,8041,0.995617809,1,2010-06-15,2010-06-15,8039,1
1121,103W,2011,2,8045,1,1,2011-05-24,2011-05-24,8041,3
1122,104W,2008,3,8034,5.31e-4,1,2008-07-23,2008-07-23,8023,10
1122,104W,2009,2,8037,0.003776485,1,2009-06-02,2009-06-02,8034,2
1124,A002,1990,3,7962,0.001710929,1,1990-09-04,1990-09-04,7957,4
1124,A002,1993,2,7973,0.010782075,1,1993-06-22,1993-06-22,7962,10
1124,A002,1994,3,7978,0.027444387,1,1994-07-05,1994-07-05,7973,4
1124,A002,1996,1,7984,0.155377731,1,1996-02-13,1996-02-13,7978,5
1124,A002,1996,4,7987,0.526649025,1,1996-12-11,1996-12-11,7984,2
1124,A002,1999,3,7998,1,1,1999-07-06,1999-07-06,7987,10
1125,A003,1989,3,7958,2.63e-5,1,1989-09-06,1989-09-06,7956,1
1125,A003,1990,2,7961,1.09e-4,1,1990-05-22,1990-05-22,7958,2
1125,A003,1992,2,7969,7.61e-4,1,1992-05-20,1992-05-20,7961,7
1125,A003,1993,3,7974,0.002113816,1,1993-08-04,1993-08-04,7969,4
1125,A003,1994,4,7979,0.008317744,1,1994-10-19,1994-10-19,7974,4
1126,A004,1990,2,7961,1,1,1990-05-22,1990-05-22,7959,1
1126,A004,1990,4,7963,1,1,1990-10-17,1990-10-17,7961,1
1129,A007,1990,2,7961,1.31e-4,1,1990-05-22,1990-05-22,7957,3
1129,A007,1992,4,7971,8.78e-4,1,1992-10-06,1992-10-06,7961,9
1129,A007,1993,4,7975,0.001926676,1,1993-10-12,1993-10-12,7971,3
1133,A011,1990,2,7961,6.52e-5,1,1990-05-22,1990-05-22,7959,1
1133,A011,1991,2,7965,0.001213942,1,1991-06-04,1991-06-04,7962,2
1134,A012,1990,1,7960,1,1,1990-03-23,1990-03-23,7958,1
1136,A014,1991,2,7965,1,1,1991-06-05,1991-06-05,7963,1
1136,A014,1993,2,7973,1,1,1993-05-25,1993-05-25,7965,7
1136,A014,1994,2,7977,1,1,1994-06-08,1994-06-08,7975,1
1143,A021,1991,3,7966,6.77e-5,1,1991-08-13,1991-08-13,7963,2
1143,A021,1992,3,7970,0.001105503,1,1992-07-28,1992-07-28,7967,2
1143,A021,1993,2,7973,0.004606172,1,1993-05-25,1993-05-25,7970,2
1152,A030,1991,2,7965,1,1,1991-06-04,1991-06-04,7961,3
1159,A037,1990,1,7960,1.69e-11,2,1990-01-24,1990-02-07,7958,1
1159,A037,1991,1,7964,7.37e-10,1,1991-02-19,1991-02-19,7961,2
1159,A037,1992,2,7969,4.37e-8,1,1992-06-17,1992-06-17,7966,2
1159,A037,1993,1,7972,4.47e-7,1,1993-02-23,1993-02-23,7970,1
1159,A037,1994,1,7976,4.09e-6,1,1994-02-08,1994-02-08,7972,3
1159,A037,1994,3,7978,1.44e-5,2,1994-07-06,1994-09-07,7976,1
1159,A037,1995,3,7982,4.5e-4,1,1995-09-05,1995-09-05,7978,3
1159,A037,1996,4,7987,0.003498822,2,1996-10-01,1996-12-11,7982,4
1160,A038,1990,1,7960,1.37e-5,1,1990-02-06,1990-02-06,7958,1
1160,A038,1990,4,7963,1.95e-4,1,1990-10-30,1990-10-30,7961,1
1160,A038,1992,2,7969,0.007663841,1,1992-06-03,1992-06-03,7964,4
1161,A039,1989,4,7959,1.1e-8,1,1989-10-31,1989-10-31,7957,1
1161,A039,1991,4,7967,1.46e-4,1,1991-11-13,1991-11-13,7965,1
1161,A039,1992,2,7969,8.65e-4,1,1992-06-02,1992-06-02,7967,1
1163,A041,1991,3,7966,1.96e-5,1,1991-09-03,1991-09-03,7962,3
1163,A041,1992,3,7970,8.46e-5,1,1992-08-12,1992-08-12,7966,3
1163,A041,1993,3,7974,0.002973176,1,1993-08-17,1993-08-17,7972,1
1164,A042,1990,2,7961,6.11e-9,1,1990-06-06,1990-06-06,7959,1
1164,A042,1991,3,7966,4.83e-7,1,1991-09-04,1991-09-04,7963,2
1164,A042,1992,4,7971,2.75e-6,1,1992-10-20,1992-10-20,7966,4
1164,A042,1993,2,7973,7.36e-6,1,1993-06-08,1993-06-08,7971,1
1164,A042,1994,3,7978,1.75e-4,1,1994-08-16,1994-08-16,7974,3
1164,A042,1995,1,7980,5.53e-4,1,1995-02-14,1995-02-14,7978,1
1164,A042,1995,3,7982,0.001616222,1,1995-08-22,1995-08-22,7980,1
1167,A045,1990,1,7960,2.46e-4,1,1990-02-20,1990-02-20,7958,1
1167,A045,1991,3,7966,0.008238669,1,1991-07-03,1991-07-03,7961,4
1168,A046,1991,3,7966,0.001484959,2,1991-07-03,1991-09-18,7962,3
1169,A047,1991,1,7964,2.81e-5,1,1991-02-26,1991-02-26,7959,4
1169,A047,1991,3,7966,6.9e-5,2,1991-07-02,1991-09-17,7964,1
1171,A049,1991,1,7964,1.69e-5,1,1991-02-26,1991-02-26,7961,2
1171,A049,1992,3,7970,1.35e-4,1,1992-08-25,1992-08-25,7964,5
1171,A049,1993,1,7972,2.53e-4,1,1993-03-09,1993-03-09,7970,1
1171,A049,1995,3,7982,0.004109129,1,1995-07-26,1995-07-26,7972,9
1171,A049,1996,4,7987,0.017002427,1,1996-10-01,1996-10-01,7982,4
1173,A051,1990,3,7962,1.68e-15,1,1990-09-04,1990-09-04,7960,1
1173,A051,1991,3,7966,3.42e-14,2,1991-07-02,1991-09-18,7963,2
1173,A051,1992,1,7968,2.93e-13,1,1992-02-26,1992-02-26,7966,1
1173,A051,1993,3,7974,1.58e-10,2,1993-07-06,1993-09-08,7971,2
1173,A051,1994,3,7978,1.48e-8,1,1994-09-07,1994-09-07,7975,2
1173,A051,1995,3,7982,1.09e-7,2,1995-07-18,1995-09-05,7978,3
1173,A051,1996,3,7986,9.79e-6,1,1996-09-17,1996-09-17,7983,2
1173,A051,1997,3,7990,7.59e-5,1,1997-09-09,1997-09-09,7986,3
1173,A051,1998,3,7994,3.94e-4,1,1998-08-11,1998-08-11,7990,3
1173,A051,1999,1,7996,9.17e-4,1,1999-02-11,1999-02-11,7994,1
1173,A051,1999,3,7998,0.003721973,1,1999-08-03,1999-08-03,7996,1
1173,A051,2000,3,8002,0.021725775,1,2000-08-23,2000-08-23,7998,3
1174,A052,1990,3,7962,1.96e-5,2,1990-07-03,1990-09-04,7959,2
1174,A052,1991,3,7966,0.001185968,2,1991-07-02,1991-09-17,7963,2
1175,A053,1991,3,7966,0.013990853,1,1991-07-17,1991-07-17,7958,7
1176,A054,1990,3,7962,6.33e-15,2,1990-07-03,1990-09-04,7960,1
1176,A054,1991,3,7966,6.89e-14,1,1991-09-17,1991-09-17,7962,3
1176,A054,1992,3,7970,1.13e-11,2,1992-08-26,1992-09-08,7968,1
1176,A054,1993,3,7974,1.45e-8,3,1993-07-07,1993-09-29,7972,1
1176,A054,1994,3,7978,9.49e-7,3,1994-07-06,1994-09-20,7974,3
1176,A054,1995,3,7982,3.94e-4,1,1995-07-19,1995-07-19,7979,2
1176,A054,1996,3,7986,0.010660377,1,1996-07-23,1996-07-23,7983,2
1177,A055,1990,3,7962,1.42e-5,1,1990-09-19,1990-09-19,7960,1
1177,A055,1991,3,7966,8.91e-5,1,1991-07-16,1991-07-16,7962,3
1177,A055,1992,2,7969,0.003196086,1,1992-06-30,1992-06-30,7967,1
1178,A056,1990,3,7962,7.12e-12,1,1990-09-18,1990-09-18,7960,1
1178,A056,1991,3,7966,4.36e-10,1,1991-07-16,1991-07-16,7964,1
1178,A056,1992,2,7969,7.42e-9,1,1992-06-16,1992-06-16,7967,1
1178,A056,1993,1,7972,3.44e-7,1,1993-03-09,1993-03-09,7970,1
1178,A056,1993,3,7974,2.16e-6,2,1993-07-06,1993-09-29,7972,1
1178,A056,1994,3,7978,8.4e-4,2,1994-07-19,1994-09-21,7976,1
1179,A057,1990,1,7960,1.85e-7,1,1990-03-13,1990-03-13,7958,1
1179,A057,1990,3,7962,8.89e-7,1,1990-09-18,1990-09-18,7960,1
1179,A057,1991,3,7966,5.1e-6,1,1991-07-17,1991-07-17,7962,3
1179,A057,1992,2,7969,4.78e-5,2,1992-04-28,1992-06-30,7967,1
1179,A057,1993,3,7974,0.001383551,1,1993-07-07,1993-07-07,7969,4
1179,A057,1994,1,7976,0.003570272,1,1994-03-07,1994-03-07,7974,1
1180,A058,1990,4,7963,9.9e-7,1,1990-11-28,1990-11-28,7960,2
1180,A058,1991,3,7966,1.22e-5,1,1991-07-16,1991-07-16,7964,1
1180,A058,1992,3,7970,2.6e-4,1,1992-07-01,1992-07-01,7967,2
1180,A058,1993,3,7974,0.001338852,1,1993-09-28,1993-09-28,7970,3
1180,A058,1994,3,7978,0.006721679,1,1994-07-19,1994-07-19,7974,3
1181,A059,1991,1,7964,0.010413036,1,1991-03-12,1991-03-12,7958,5
1184,A062,1990,3,7962,3.44e-6,1,1990-07-18,1990-07-18,7960,1
1184,A062,1991,3,7966,2.14e-5,1,1991-07-31,1991-07-31,7962,3
1184,A062,1992,3,7970,8.65e-5,1,1992-07-14,1992-07-14,7966,3
1184,A062,1993,1,7972,1.94e-4,1,1993-01-13,1993-01-13,7970,1
1185,A063,1990,3,7962,0.001563886,1,1990-07-17,1990-07-17,7959,2
1186,A064,1990,3,7962,1.78e-7,1,1990-07-17,1990-07-17,7959,2
1186,A064,1991,2,7965,3.61e-7,1,1991-05-21,1991-05-21,7962,2
1186,A064,1992,2,7969,3.41e-6,1,1992-05-13,1992-05-13,7966,2
1186,A064,1993,3,7974,2.07e-5,2,1993-07-21,1993-09-14,7969,4
1186,A064,1994,2,7977,2.47e-4,1,1994-05-24,1994-05-24,7974,2
1188,A066,1991,2,7965,0.011223367,1,1991-05-21,1991-05-21,7959,5
1190,A068,1990,4,7963,1e-6,1,1990-10-03,1990-10-03,7960,2
1190,A068,1991,3,7966,4.5e-6,1,1991-07-31,1991-07-31,7963,2
1190,A068,1992,3,7970,2e-5,1,1992-09-22,1992-09-22,7966,3
1190,A068,1993,3,7974,7.9e-5,2,1993-07-20,1993-09-14,7970,3
1190,A068,1994,2,7977,0.001045512,1,1994-05-24,1994-05-24,7974,2
1195,A073,1990,2,7961,4.71e-8,1,1990-06-05,1990-06-05,7959,1
1195,A073,1992,2,7969,2.4e-4,1,1992-06-16,1992-06-16,7966,2
1195,A073,1992,4,7971,6.75e-4,1,1992-10-20,1992-10-20,7969,1
1195,A073,1993,2,7973,0.003448416,1,1993-06-26,1993-06-26,7971,1
1196,A074,1990,2,7961,0.054008644,2,1990-04-11,1990-05-22,7959,1
1196,A074,1991,2,7965,0.087228288,1,1991-06-05,1991-06-05,7963,1
1196,A074,1993,4,7975,0.088794458,1,1993-10-12,1993-10-12,7967,7
1196,A074,1994,3,7978,0.089555688,1,1994-08-02,1994-08-02,7975,2
1196,A074,1996,2,7985,0.090094507,1,1996-06-25,1996-06-25,7978,6
1196,A074,1997,3,7990,0.129342554,2,1997-08-06,1997-09-24,7987,2
1196,A074,1998,3,7994,1,2,1998-07-14,1998-07-29,7990,3
1196,A074,1999,3,7998,1,1,1999-08-18,1999-08-18,7994,3
1198,A076,1991,3,7966,0.111678161,1,1991-08-13,1991-08-13,7962,3
1199,A077,1992,2,7969,0.010155205,1,1992-06-16,1992-06-16,7958,10
1199,A077,1994,1,7976,0.017954817,1,1994-02-22,1994-02-22,7969,6
1200,A078,1990,3,7962,0.006619718,1,1990-09-18,1990-09-18,7959,2
1201,A079,1991,3,7966,9.55e-6,1,1991-07-03,1991-07-03,7959,6
1201,A079,1992,2,7969,2.2e-5,1,1992-06-17,1992-06-17,7966,2
1201,A079,1993,4,7975,3.34e-4,1,1993-11-09,1993-11-09,7970,4
1201,A079,1995,1,7980,0.002180327,1,1995-03-01,1995-03-01,7975,4
1201,A079,1995,3,7982,0.006700154,1,1995-09-05,1995-09-05,7980,1
1203,A081,1990,1,7960,2.59e-4,1,1990-03-14,1990-03-14,7958,1
1203,A081,1990,3,7962,0.0012406,1,1990-09-18,1990-09-18,7960,1
1203,A081,1992,3,7970,0.012097968,1,1992-09-08,1992-09-08,7962,7
1204,B001,1981,3,7926,1.75e-5,3,1981-07-01,1981-09-10,7921,4
1204,B001,1982,3,7930,0.001124489,1,1982-08-27,1982-08-27,7927,2
1204,B001,1983,1,7932,0.002070316,1,1983-02-09,1983-02-09,7930,1
1205,B002,1981,3,7926,0.003534301,1,1981-08-04,1981-08-04,7921,4
1205,B002,1983,3,7934,0.020843275,1,1983-07-14,1983-07-14,7926,7
1210,B007,1981,2,7925,1,1,1981-06-18,1981-06-18,7921,3
1210,B007,1982,2,7929,1,1,1982-05-11,1982-05-11,7927,1
1212,B009,1982,2,7929,0.021036939,2,1982-05-26,1982-05-31,7921,7
1215,B012,1983,3,7934,0.002188428,2,1983-07-05,1983-07-14,7921,12
1215,B012,1984,3,7938,0.011039205,1,1984-07-31,1984-07-31,7934,3
1216,B013,1981,4,7927,0.001982151,1,1981-10-21,1981-10-21,7921,5
1217,B014,1981,3,7926,0.025575885,1,1981-08-12,1981-08-12,7921,4
1218,B015,1981,4,7927,1.62e-5,1,1981-10-21,1981-10-21,7922,4
1218,B015,1983,3,7934,2.82e-4,1,1983-08-17,1983-08-17,7928,5
1218,B015,1984,3,7938,8.96e-4,1,1984-07-31,1984-07-31,7934,3
1219,B016,1981,2,7925,0.99999993,1,1981-06-17,1981-06-17,7922,2
1220,B017,1981,2,7925,4.67e-5,1,1981-06-26,1981-06-26,7922,2
1220,B017,1982,2,7929,2.25e-4,1,1982-05-11,1982-05-11,7925,3
1220,B017,1984,1,7936,0.001270675,1,1984-02-14,1984-02-14,7929,6
1220,B017,1984,3,7938,0.002680986,1,1984-07-31,1984-07-31,7936,1
1220,B017,1986,2,7945,0.020774339,1,1986-05-14,1986-05-14,7938,6
1221,B018,1982,2,7929,0.004761509,1,1982-05-11,1982-05-11,7922,6
1221,B018,1983,2,7933,0.013235293,1,1983-05-23,1983-05-23,7929,3
1225,B022,1981,3,7926,0.999999999,1,1981-09-07,1981-09-07,7922,3
1225,B022,1982,1,7928,1,1,1982-02-23,1982-02-23,7926,1
1226,B023,1983,1,7932,0.046237153,1,1983-02-21,1983-02-21,7922,9
1228,B025,1981,3,7926,0.999999999,1,1981-07-14,1981-07-14,7922,3
1229,B026,1982,1,7928,3.23e-13,1,1982-02-23,1982-02-23,7922,5
1229,B026,1983,1,7932,1.04e-12,1,1983-02-07,1983-02-07,7928,3
1229,B026,1983,3,7934,2.51e-12,1,1983-08-16,1983-08-16,7932,1
1229,B026,1984,1,7936,6.83e-12,1,1984-02-14,1984-02-14,7934,1
1229,B026,1985,2,7941,5.26e-10,1,1985-05-20,1985-05-20,7938,2
1229,B026,1987,2,7949,5.61e-9,1,1987-05-12,1987-05-12,7941,7
1229,B026,1988,3,7954,5.23e-8,1,1988-08-02,1988-08-02,7950,3
1229,B026,1989,2,7957,4.28e-7,1,1989-06-06,1989-06-06,7955,1
1230,B027,1981,2,7925,0.017280581,1,1981-06-23,1981-06-23,7922,2
1234,B031,1981,2,7925,0.001351816,1,1981-06-12,1981-06-12,7922,2
1234,B031,1982,3,7930,0.006739404,1,1982-08-25,1982-08-25,7926,3
1234,B031,1984,2,7937,0.037028117,1,1984-04-20,1984-04-20,7930,6
1236,B033,1982,1,7928,0.999999999,1,1982-02-23,1982-02-23,7922,5
1237,B034,1981,2,7925,9.3e-9,1,1981-04-02,1981-04-02,7922,2
1237,B034,1981,4,7927,1.61e-8,1,1981-11-12,1981-11-12,7925,1
1237,B034,1982,2,7929,5.76e-8,1,1982-06-17,1982-06-17,7927,1
1237,B034,1983,3,7934,2.03e-7,1,1983-07-28,1983-07-28,7929,4
1237,B034,1989,3,7958,3.24e-6,1,1989-07-18,1989-07-18,7934,23
1237,B034,1990,3,7962,7.94e-6,1,1990-07-17,1990-07-17,7959,2
1237,B034,1991,3,7966,7.37e-5,1,1991-07-30,1991-07-30,7963,2
1237,B034,1992,3,7970,0.001114981,1,1992-07-14,1992-07-14,7967,2
1237,B034,1993,3,7974,0.005638871,1,1993-07-21,1993-07-21,7970,3
1238,B035,1982,3,7930,2.81e-8,1,1982-07-28,1982-07-28,7922,7
1238,B035,1984,3,7938,1.17e-7,1,1984-08-01,1984-08-01,7930,7
1238,B035,1985,4,7943,3.26e-7,1,1985-11-06,1985-11-06,7938,4
1238,B035,1986,4,7947,1.08e-6,1,1986-11-12,1986-11-12,7943,3
1238,B035,1988,2,7953,6.07e-6,1,1988-05-24,1988-05-24,7947,5
1238,B035,1989,1,7956,2.63e-5,1,1989-02-07,1989-02-07,7954,1
1238,B035,1989,3,7958,1.12e-4,1,1989-08-15,1989-08-15,7956,1
1239,B036,1983,2,7933,0.007376057,1,1983-06-14,1983-06-14,7922,10
1239,B036,1985,2,7941,0.025633724,1,1985-05-20,1985-05-20,7933,7
1242,B039,1982,3,7930,0.019686541,1,1982-07-21,1982-07-21,7922,7
1243,B040,1981,3,7926,0.001557657,1,1981-07-22,1981-07-22,7922,3
1243,B040,1982,2,7929,0.00525396,1,1982-05-26,1982-05-26,7926,2
1243,B040,1983,3,7934,0.015638122,1,1983-07-06,1983-07-06,7929,4
1246,B043,1983,3,7934,0.055782992000000003,1,1983-07-13,1983-07-13,7922,11
1248,B045,1982,3,7930,0.001399633,1,1982-08-24,1982-08-24,7922,7
1248,B045,1983,2,7933,0.00310392,1,1983-05-10,1983-05-10,7930,2
1250,C001,1993,4,7975,0.013854043,1,1993-10-12,1993-10-12,7964,10
1252,C003,1998,1,7992,0.999999984,1,1998-02-18,1998-02-18,7965,26
1254,C005,1993,2,7973,3.79e-12,1,1993-05-25,1993-05-25,7967,5
1254,C005,1994,1,7976,2.12e-11,1,1994-01-26,1994-01-26,7974,1
1254,C005,1995,1,7980,1.89e-9,1,1995-02-01,1995-02-01,7978,1
1254,C005,1996,2,7985,1.52e-6,1,1996-06-25,1996-06-25,7982,2
1254,C005,1997,2,7989,1.58e-4,1,1997-05-20,1997-05-20,7987,1
1255,C006,1994,1,7976,0.002140858,1,1994-01-12,1994-01-12,7969,6
1255,C006,1994,4,7979,0.006139704,1,1994-10-05,1994-10-05,7976,2
1256,C007,1993,3,7974,0.001164701,1,1993-07-21,1993-07-21,7970,3
1256,C007,1994,2,7977,0.005274223,1,1994-05-25,1994-05-25,7974,2
1258,C009,1993,3,7974,0.004908582,1,1993-07-20,1993-07-20,7970,3
1259,C010,1993,3,7974,1.36e-4,2,1993-07-20,1993-09-14,7970,3
1259,C010,1994,3,7978,0.00140177,1,1994-07-26,1994-07-26,7974,3
1261,C012,1993,2,7973,2.2e-6,1,1993-05-11,1993-05-11,7970,2
1261,C012,1994,1,7976,2.92e-5,1,1994-01-12,1994-01-12,7974,1
1261,C012,1994,4,7979,2.17e-4,1,1994-10-05,1994-10-05,7976,2
1261,C012,1997,4,7991,0.00716527,2,1997-10-07,1997-12-09,7979,11
1261,C012,1999,3,7998,0.416342109,1,1999-07-07,1999-07-07,7992,5
1262,C013,1993,3,7974,0.001193257,1,1993-09-14,1993-09-14,7970,3
1262,C013,1997,1,7988,0.032846341,1,1997-02-12,1997-02-12,7974,13
1263,C014,1991,4,7967,5.15e-6,1,1991-10-29,1991-10-29,7965,1
1263,C014,1992,4,7971,8.71e-6,1,1992-10-06,1992-10-06,7967,3
1263,C014,1993,2,7973,1.72e-5,1,1993-05-25,1993-05-25,7971,1
1263,C014,1994,3,7978,0.00117614,1,1994-08-02,1994-08-02,7975,2
1264,C015,1992,3,7970,7.7e-4,1,1992-07-28,1992-07-28,7968,1
1265,C016,1993,2,7973,6.28e-6,1,1993-05-25,1993-05-25,7968,4
1265,C016,1993,4,7975,1.29e-5,1,1993-10-12,1993-10-12,7973,1
1265,C016,1996,2,7985,3.46e-4,1,1996-06-25,1996-06-25,7975,9
1265,C016,1997,4,7991,0.005867221,1,1997-10-22,1997-10-22,7986,4
1265,C016,1999,2,7997,0.040315357,1,1999-05-26,1999-05-26,7991,5
1266,C017,1994,3,7978,0.002855515,1,1994-08-02,1994-08-02,7974,3
1272,C023,1992,1,7968,1.35e-6,1,1992-01-28,1992-01-28,7966,1
1272,C023,1994,4,7979,1.16e-4,1,1994-10-18,1994-10-18,7969,9
1272,C023,1995,3,7982,3.74e-4,2,1995-08-08,1995-09-20,7979,2
1272,C023,1996,2,7985,0.006139492,1,1996-06-26,1996-06-26,7982,2
1272,C023,1997,4,7991,0.068201792,1,1997-10-21,1997-10-21,7985,5
1272,C023,1998,4,7995,0.298026351,1,1998-10-06,1998-10-06,7991,3
1272,C023,1999,3,7998,0.999999998,1,1999-07-21,1999-07-21,7995,2
1273,C024,1992,2,7969,9.55e-7,1,1992-05-20,1992-05-20,7966,2
1273,C024,1994,3,7978,1.62e-4,1,1994-08-02,1994-08-02,7971,6
1273,C024,1996,3,7986,0.001444629,1,1996-09-03,1996-09-03,7978,7
1273,C024,1998,3,7994,0.011444173,1,1998-07-29,1998-07-29,7986,7
1273,C024,1999,2,7997,0.026752172,1,1999-05-25,1999-05-25,7994,2
1274,C025,1991,4,7967,1.05e-7,1,1991-10-29,1991-10-29,7965,1
1274,C025,1992,2,7969,6.73e-7,1,1992-05-19,1992-05-19,7967,1
1274,C025,1993,3,7974,3.61e-6,1,1993-08-03,1993-08-03,7971,2
1274,C025,1994,2,7977,5.11e-5,1,1994-06-07,1994-06-07,7975,1
1274,C025,1995,2,7981,0.001473736,1,1995-06-20,1995-06-20,7978,2
1276,C027,1992,2,7969,2.34e-4,1,1992-05-20,1992-05-20,7966,2
1278,C029,1992,1,7968,6.01e-4,1,1992-01-28,1992-01-28,7966,1
1278,C029,1992,3,7970,0.003424538,1,1992-07-28,1992-07-28,7968,1
1279,C030,1992,3,7970,0.00126555,1,1992-07-29,1992-07-29,7966,3
1281,C032,1992,3,7970,0.005390829,1,1992-07-29,1992-07-29,7966,3
1283,C034,1992,2,7969,2.37e-6,1,1992-05-19,1992-05-19,7967,1
1285,C036,1992,1,7968,6.1e-4,1,1992-01-28,1992-01-28,7966,1
1285,C036,1993,3,7974,0.007988549,1,1993-08-17,1993-08-17,7968,5
1287,C038,1991,4,7967,4.23e-7,1,1991-10-30,1991-10-30,7965,1
1287,C038,1993,4,7975,9.17e-5,1,1993-10-12,1993-10-12,7969,5
1287,C038,1994,2,7977,2.87e-4,1,1994-06-07,1994-06-07,7975,1
1287,C038,1995,2,7981,0.001941369,1,1995-06-21,1995-06-21,7977,3
1288,C039,1992,3,7970,1.67e-6,1,1992-07-28,1992-07-28,7967,2
1288,C039,1993,3,7974,4.01e-5,1,1993-08-03,1993-08-03,7972,1
1288,C039,1994,2,7977,9.08e-4,1,1994-06-08,1994-06-08,7975,1
1288,C039,1995,3,7982,0.009742771,1,1995-09-19,1995-09-19,7977,4
1289,C040,1993,4,7975,0.001757545,1,1993-10-12,1993-10-12,7967,7
1289,C040,1994,2,7977,0.004379123,1,1994-06-07,1994-06-07,7975,1
1289,C040,1995,2,7981,0.026634406,1,1995-06-21,1995-06-21,7977,3
1289,C040,1996,2,7985,0.161127454,1,1996-06-25,1996-06-25,7981,3
1289,C040,1997,2,7989,0.999999999,1,1997-05-20,1997-05-20,7985,3
1289,C040,1999,2,7997,1,1,1999-05-25,1999-05-25,7990,6
1290,C041,1992,3,7970,0.001048997,1,1992-07-28,1992-07-28,7967,2
1292,C043,1991,4,7967,1.55e-4,1,1991-10-30,1991-10-30,7965,1
1292,C043,1992,3,7970,0.001138163,1,1992-07-28,1992-07-28,7967,2
1293,C044,1992,3,7970,1.3100000000000001e-10,1,1992-07-28,1992-07-28,7967,2
1293,C044,1994,2,7977,6.48e-7,1,1994-06-07,1994-06-07,7975,1
1293,C044,1995,1,7980,3.81e-6,1,1995-02-01,1995-02-01,7977,2
1293,C044,1996,2,7985,5.06e-4,1,1996-06-25,1996-06-25,7982,2
1294,C045,1991,4,7967,0.156139096,1,1991-10-29,1991-10-29,7965,1
1294,C045,1992,2,7969,0.999999999,1,1992-05-20,1992-05-20,7967,1
1294,C045,1993,4,7975,1,1,1993-10-12,1993-10-12,7970,4
1294,C045,1994,3,7978,1,1,1994-08-02,1994-08-02,7976,1
1294,C045,1995,1,7980,1,1,1995-01-31,1995-01-31,7978,1
1294,C045,1995,3,7982,1,1,1995-08-08,1995-08-08,7980,1
1295,C046,1992,4,7971,7.32e-6,1,1992-10-07,1992-10-07,7966,4
1295,C046,1993,3,7974,2.64e-5,1,1993-08-04,1993-08-04,7971,2
1295,C046,1994,3,7978,1.4e-4,1,1994-08-02,1994-08-02,7974,3
1295,C046,1995,2,7981,6.47e-4,1,1995-06-21,1995-06-21,7978,2
1295,C046,1996,2,7985,0.057904909,1,1996-06-25,1996-06-25,7982,2
1295,C046,1998,2,7993,1,1,1998-05-20,1998-05-20,7985,7
1295,C046,1999,1,7996,1,1,1999-01-26,1999-01-26,7994,1
1296,C047,1993,2,7973,1.72e-4,1,1993-05-25,1993-05-25,7971,1
1296,C047,1993,4,7975,5.76e-4,1,1993-10-13,1993-10-13,7973,1
1296,C047,1994,3,7978,0.005377341,2,1994-07-24,1994-08-03,7975,2
1296,C047,1995,2,7981,0.404343478,1,1995-06-20,1995-06-20,7979,1
1298,C049,1993,2,7973,4.19e-5,1,1993-05-26,1993-05-26,7971,1
1298,C049,1994,3,7978,4.09e-4,1,1994-08-03,1994-08-03,7973,4
1298,C049,1995,3,7982,0.002206957,1,1995-08-08,1995-08-08,7978,3
1298,C049,1996,1,7984,0.006591657,1,1996-01-16,1996-01-16,7982,1
1299,C050,1991,4,7967,0.00239947,1,1991-10-29,1991-10-29,7965,1
1300,C051,1992,2,7969,1.32e-7,1,1992-05-19,1992-05-19,7967,1
1300,C051,1993,3,7974,1.24e-5,1,1993-08-04,1993-08-04,7971,2
1300,C051,1994,2,7977,2.11e-4,1,1994-06-07,1994-06-07,7975,1
1301,C052,1992,2,7969,0.001038272,1,1992-05-20,1992-05-20,7966,2
1301,C052,1993,2,7973,0.017588951,1,1993-05-25,1993-05-25,7970,2
1301,C052,1993,4,7975,0.048834559,1,1993-10-13,1993-10-13,7973,1
1302,C053,1992,1,7968,5.48e-14,1,1992-02-12,1992-02-12,7965,2
1302,C053,1994,2,7977,2.59e-9,1,1994-06-21,1994-06-21,7975,1
1302,C053,1995,3,7982,3.75e-7,2,1995-07-04,1995-08-22,7979,2
1302,C053,1996,3,7986,4.17e-5,2,1996-07-09,1996-09-18,7983,2
1302,C053,1997,2,7989,0.001685032,1,1997-06-24,1997-06-24,7987,1
1302,C053,1998,2,7993,0.018924286,1,1998-06-17,1998-06-17,7990,2
1303,C054,1993,3,7974,2.27e-4,1,1993-08-17,1993-08-17,7971,2
1303,C054,1994,2,7977,0.003832507,1,1994-06-21,1994-06-21,7975,1
1305,C056,1993,1,7972,2.87e-4,1,1993-02-09,1993-02-09,7968,3
1305,C056,1993,3,7974,8.86e-4,1,1993-08-18,1993-08-18,7972,1
1306,C057,1993,1,7972,0.010113894,1,1993-02-09,1993-02-09,7970,1
1306,C057,1993,4,7975,0.069157762,1,1993-10-26,1993-10-26,7972,2
1306,C057,1995,3,7982,1,2,1995-07-05,1995-08-22,7975,6
1306,C057,1996,3,7986,1,1,1996-09-17,1996-09-17,7982,3
1306,C057,1997,3,7990,1,1,1997-07-23,1997-07-23,7986,3
1307,C058,1992,3,7970,1.78e-4,1,1992-08-11,1992-08-11,7968,1
1307,C058,1993,3,7974,0.004145563,1,1993-08-17,1993-08-17,7971,2
1309,C060,1992,3,7970,1.3e-7,1,1992-08-11,1992-08-11,7968,1
1309,C060,1993,1,7972,4.68e-7,1,1993-02-22,1993-02-22,7970,1
1309,C060,1993,3,7974,2.34e-6,2,1993-08-17,1993-09-08,7972,1
1309,C060,1994,1,7976,3.15e-5,1,1994-02-21,1994-02-21,7974,1
1309,C060,1994,3,7978,2.11e-4,1,1994-09-06,1994-09-06,7976,1
1309,C060,1995,3,7982,0.00199057,1,1995-08-23,1995-08-23,7978,3
1310,C061,1993,1,7972,5.49e-4,1,1993-02-08,1993-02-08,7970,1
1310,C061,1993,4,7975,0.003767892,1,1993-10-27,1993-10-27,7972,2
1311,C062,1992,3,7970,1.08e-14,1,1992-08-11,1992-08-11,7968,1
1311,C062,1993,2,7973,6.07e-14,1,1993-06-09,1993-06-09,7970,2
1311,C062,1994,2,7977,4.08e-12,1,1994-06-21,1994-06-21,7975,1
1311,C062,1995,3,7982,1.83e-9,2,1995-07-04,1995-08-22,7980,1
1311,C062,1996,3,7986,8.75e-7,2,1996-07-09,1996-09-18,7984,1
1311,C062,1997,3,7990,3.58e-5,1,1997-09-09,1997-09-09,7986,3
1311,C062,1998,3,7994,1.1e-4,1,1998-08-11,1998-08-11,7990,3
1311,C062,1999,2,7997,8.81e-4,1,1999-06-22,1999-06-22,7995,1
1311,C062,2000,3,8002,0.020020158,1,2000-08-23,2000-08-23,7998,3
1313,C064,1992,3,7970,1.51e-12,1,1992-08-11,1992-08-11,7968,1
1313,C064,1994,2,7977,2.93e-9,1,1994-06-21,1994-06-21,7974,2
1313,C064,1995,3,7982,9.47e-8,2,1995-07-05,1995-08-22,7978,3
1313,C064,1996,1,7984,1.02e-6,1,1996-01-30,1996-01-30,7982,1
1313,C064,1996,3,7986,6.91e-6,2,1996-07-09,1996-09-17,7984,1
1313,C064,1997,3,7990,0.001051212,1,1997-09-10,1997-09-10,7987,2
1313,C064,1999,2,7997,0.010190281,1,1999-06-22,1999-06-22,7990,6
1314,C065,1992,2,7969,4.06e-18,1,1992-06-03,1992-06-03,7967,1
1314,C065,1993,3,7974,3.81e-16,2,1993-08-17,1993-09-08,7971,2
1314,C065,1994,2,7977,2.65e-14,1,1994-06-21,1994-06-21,7975,1
1314,C065,1995,3,7982,1.04e-12,2,1995-07-04,1995-08-22,7978,3
1314,C065,1996,3,7986,1.01e-10,2,1996-07-10,1996-09-17,7983,2
1314,C065,1997,2,7989,2.33e-9,1,1997-06-24,1997-06-24,7986,2
1314,C065,1998,2,7993,1.61e-8,1,1998-06-17,1998-06-17,7989,3
1314,C065,1999,4,7999,1.78e-5,1,1999-10-26,1999-10-26,7995,3
1314,C065,2000,3,8002,1.84e-4,1,2000-08-23,2000-08-23,8000,1
1314,C065,2002,2,8009,0.001907313,1,2002-06-18,2002-06-18,8002,6
1315,C066,1993,3,7974,1,1,1993-08-17,1993-08-17,7971,2
1315,C066,1995,4,7983,1,1,1995-10-03,1995-10-03,7980,2
1315,C066,1996,3,7986,1,1,1996-09-18,1996-09-18,7984,1
1316,C067,1993,1,7972,3.13e-5,1,1993-02-22,1993-02-22,7970,1
1316,C067,1995,3,7982,0.013400348,1,1995-08-23,1995-08-23,7974,7
1318,C069,1992,4,7971,5.28e-12,1,1992-10-20,1992-10-20,7969,1
1318,C069,1993,3,7974,1.22e-10,1,1993-08-17,1993-08-17,7972,1
1318,C069,1994,2,7977,8.32e-10,1,1994-06-21,1994-06-21,7974,2
1318,C069,1995,3,7982,2.49e-8,1,1995-07-05,1995-07-05,7978,3
1318,C069,1996,3,7986,5.79e-7,2,1996-07-09,1996-09-17,7983,2
1318,C069,1997,2,7989,4.82e-5,1,1997-06-25,1997-06-25,7987,1
1318,C069,1998,3,7994,4.53e-4,1,1998-08-11,1998-08-11,7989,4
1318,C069,1999,3,7998,0.005080887,1,1999-08-04,1999-08-04,7995,2
1318,C069,2001,3,8006,0.040022415,1,2001-08-21,2001-08-21,7998,7
1319,C070,1992,4,7971,0.003939582,1,1992-10-20,1992-10-20,7968,2
1321,C072,1992,2,7969,1.08e-5,1,1992-05-19,1992-05-19,7967,1
1321,C072,1993,4,7975,3e-5,1,1993-10-12,1993-10-12,7969,5
1322,C073,1992,3,7970,2.46e-4,1,1992-07-28,1992-07-28,7967,2
1322,C073,1993,2,7973,0.00319107,1,1993-05-26,1993-05-26,7971,1
1323,C074,1992,2,7969,4.57e-5,1,1992-06-17,1992-06-17,7967,1
1323,C074,1993,2,7973,3.14e-4,1,1993-06-22,1993-06-22,7969,3
1323,C074,1995,3,7982,0.003633374,2,1995-07-18,1995-09-05,7973,8
1327,C078,1994,1,7976,5.19e-7,1,1994-02-22,1994-02-22,7974,1
1327,C078,1994,3,7978,2.88e-6,2,1994-07-05,1994-09-06,7976,1
1327,C078,1995,1,7980,4.32e-5,1,1995-02-14,1995-02-14,7978,1
1327,C078,1995,3,7982,3e-4,2,1995-07-19,1995-09-05,7980,1
1327,C078,1996,3,7986,0.01147716,1,1996-07-09,1996-07-09,7982,3
1329,C080,1993,2,7973,3.82e-4,1,1993-06-23,1993-06-23,7971,1
1329,C080,1994,3,7978,0.006311727,1,1994-09-06,1994-09-06,7974,3
1330,C081,1993,2,7973,2.83e-4,1,1993-06-22,1993-06-22,7969,3
1330,C081,1994,1,7976,0.002710666,1,1994-02-23,1994-02-23,7974,1
1332,C083,1994,1,7976,4.62e-5,1,1994-02-22,1994-02-22,7971,4
1332,C083,1994,3,7978,1.45e-4,1,1994-09-07,1994-09-07,7976,1
1332,C083,1995,3,7982,0.001122746,2,1995-07-18,1995-09-05,7978,3
1332,C083,1997,3,7990,1,1,1997-07-09,1997-07-09,7984,5
1335,C086,1992,1,7968,6.44e-4,1,1992-02-25,1992-02-25,7966,1
1335,C086,1996,3,7986,0.032942216,1,1996-09-18,1996-09-18,7968,17
1338,C089,1992,2,7969,4.13e-5,1,1992-04-29,1992-04-29,7967,1
1338,C089,1992,4,7971,1.45e-4,1,1992-11-17,1992-11-17,7969,1
1338,C089,1994,3,7978,0.008417652,1,1994-07-19,1994-07-19,7972,5
1339,C090,1992,3,7970,0.004457757,1,1992-07-01,1992-07-01,7967,2
1341,C092,1993,1,7972,2.1e-8,1,1993-03-09,1993-03-09,7967,4
1341,C092,1993,3,7974,5.63e-8,2,1993-07-06,1993-09-29,7972,1
1341,C092,1994,3,7978,1.4e-6,1,1994-07-06,1994-07-06,7974,3
1341,C092,1995,3,7982,9.21e-6,1,1995-07-18,1995-07-18,7978,3
1341,C092,1996,3,7986,5.67e-5,1,1996-07-23,1996-07-23,7982,3
1341,C092,1997,4,7991,3.99e-4,1,1997-10-08,1997-10-08,7986,4
1341,C092,1998,3,7994,0.001637325,1,1998-09-08,1998-09-08,7991,2
1341,C092,1999,3,7998,0.006935632,1,1999-09-08,1999-09-08,7994,3
1341,C092,2001,3,8006,0.041812021,1,2001-08-08,2001-08-08,7998,7
1347,C098,1992,2,7969,1.82e-4,2,1992-04-28,1992-06-30,7967,1
1349,C100,1992,2,7969,2.22e-6,1,1992-04-28,1992-04-28,7967,1
1349,C100,1993,1,7972,3.08e-5,1,1993-03-09,1993-03-09,7970,1
1349,C100,1993,3,7974,1.71e-4,2,1993-07-06,1993-09-28,7972,1
1351,C102,1992,2,7969,1.23e-7,2,1992-04-28,1992-06-30,7967,1
1351,C102,1993,2,7973,1.16e-5,1,1993-06-23,1993-06-23,7970,2
1351,C102,1994,1,7976,5.42e-4,1,1994-03-07,1994-03-07,7974,1
1351,C102,1994,3,7978,0.003724406,1,1994-07-20,1994-07-20,7976,1
1355,C106,1992,2,7969,0.003124331,1,1992-06-30,1992-06-30,7967,1
1359,C110,1993,2,7973,0.001204225,1,1993-05-12,1993-05-12,7969,3
1363,C114,1992,4,7971,0.004157106,1,1992-10-06,1992-10-06,7968,2
1363,C114,1993,3,7974,0.021074667,1,1993-08-03,1993-08-03,7971,2
1363,C114,1995,3,7982,0.999999962,1,1995-08-09,1995-08-09,7975,6
1364,C115,1992,2,7969,4.57e-5,1,1992-05-20,1992-05-20,7967,1
1364,C115,1993,3,7974,3.72e-4,1,1993-08-04,1993-08-04,7969,4
1364,C115,1995,3,7982,0.00344249,2,1995-08-09,1995-09-20,7974,7
1371,C122,1993,3,7974,0.001826548,1,1993-08-03,1993-08-03,7968,5
1372,C123,1992,4,7971,4.4e-10,1,1992-10-06,1992-10-06,7969,1
1372,C123,1993,2,7973,2.66e-9,1,1993-05-25,1993-05-25,7971,1
1372,C123,1994,2,7977,6.53e-8,1,1994-06-07,1994-06-07,7974,2
1372,C123,1995,3,7982,5.93e-7,1,1995-08-08,1995-08-08,7977,4
1372,C123,1996,2,7985,2.68e-6,1,1996-06-25,1996-06-25,7982,2
1372,C123,1997,2,7989,1.86e-5,1,1997-05-21,1997-05-21,7985,3
1372,C123,1999,2,7997,0.002417633,1,1999-05-25,1999-05-25,7991,5
1372,C123,2002,3,8010,0.05738135,1,2002-08-06,2002-08-06,7998,11
1373,C124,1992,3,7970,0.005331824,1,1992-07-28,1992-07-28,7966,3
1375,C126,1992,2,7969,9.86e-4,1,1992-06-02,1992-06-02,7966,2
1376,C127,1992,2,7969,2.34e-6,1,1992-04-28,1992-04-28,7967,1
1376,C127,1993,3,7974,2.34e-4,1,1993-09-28,1993-09-28,7971,2
1376,C127,1994,3,7978,0.001531968,1,1994-09-21,1994-09-21,7974,3
1376,C127,1995,4,7983,0.010257328,1,1995-10-25,1995-10-25,7978,4
1377,C128,1992,2,7969,3.13e-6,1,1992-06-30,1992-06-30,7967,1
1377,C128,1993,3,7974,2.51e-5,1,1993-07-06,1993-07-06,7969,4
1377,C128,1995,3,7982,2.32e-4,1,1995-07-25,1995-07-25,7974,7
1377,C128,1997,1,7988,0.0013830960000000001,1,1997-02-11,1997-02-11,7982,5
1377,C128,1997,3,7990,0.004102454,1,1997-07-22,1997-07-22,7988,1
1377,C128,1999,1,7996,0.03434382,1,1999-02-23,1999-02-23,7990,5
1378,C129,1992,2,7969,7.01e-8,2,1992-04-28,1992-06-30,7967,1
1378,C129,1993,3,7974,2.77e-5,2,1993-07-06,1993-09-28,7971,2
1378,C129,1994,3,7978,0.001170378,2,1994-07-20,1994-09-20,7975,2
1379,C130,1993,3,7974,0.001825232,2,1993-07-20,1993-09-15,7968,5
1380,C131,1994,2,7977,0.002438103,1,1994-05-24,1994-05-24,7969,7
1382,C133,1993,2,7973,0.001478532,1,1993-05-25,1993-05-25,7971,1
1382,C133,1993,4,7975,0.001876188,1,1993-10-13,1993-10-13,7973,1
1382,C133,1994,4,7979,0.00741766,1,1994-10-18,1994-10-18,7975,3
1384,C135,1992,3,7970,1.38e-5,1,1992-07-28,1992-07-28,7967,2
1384,C135,1993,3,7974,2.34e-4,1,1993-08-03,1993-08-03,7971,2
1384,C135,1994,2,7977,0.003839467,1,1994-06-07,1994-06-07,7975,1
1387,C138,1993,2,7973,3.12e-6,1,1993-06-09,1993-06-09,7970,2
1387,C138,1994,3,7978,8.42e-5,1,1994-08-16,1994-08-16,7974,3
1387,C138,1996,3,7986,0.001177784,2,1996-07-09,1996-09-18,7978,7
1387,C138,1997,2,7989,0.014349927,1,1997-06-24,1997-06-24,7986,2
1391,D003,1998,2,7993,0.008787715,1,1998-06-30,1998-06-30,7988,4
1391,D003,2001,3,8006,0.070435049,1,2001-09-19,2001-09-19,7993,12
1392,D004,1997,4,7991,1,1,1997-10-21,1997-10-21,7989,1
1393,D005,1999,2,7997,0.143621826,1,1999-05-25,1999-05-25,7995,1
1393,D005,2000,2,8001,1,1,2000-05-24,2000-05-24,7997,3
1393,D005,2001,3,8006,1,2,2001-07-25,2001-09-04,8001,4
1394,D006,1998,3,7994,0.004450936,2,1998-07-14,1998-07-29,7991,2
1395,D007,1999,3,7998,1,2,1999-07-20,1999-08-02,7994,3
1396,D008,1998,1,7992,1,1,1998-01-20,1998-01-20,7989,2
1396,D008,1998,4,7995,1,1,1998-10-07,1998-10-07,7992,2
1396,D008,1999,3,7998,1,1,1999-07-20,1999-07-20,7995,2
1397,D009,1998,2,7993,4.82e-5,1,1998-05-19,1998-05-19,7991,1
1397,D009,1999,2,7997,0.003218227,1,1999-05-25,1999-05-25,7995,1
1398,D010,1998,2,7993,1.57e-7,1,1998-05-20,1998-05-20,7991,1
1398,D010,1999,3,7998,6.06e-5,1,1999-09-21,1999-09-21,7995,2
1398,D010,2000,2,8001,0.002879851,1,2000-05-23,2000-05-23,7999,1
1398,D010,2001,4,8007,0.025842592,1,2001-10-16,2001-10-16,8001,5
1405,D017,1997,4,7991,2.14e-6,1,1997-11-19,1997-11-19,7989,1
1405,D017,1998,3,7994,5.2e-5,1,1998-08-11,1998-08-11,7992,1
1405,D017,1999,1,7996,1.79e-4,1,1999-02-11,1999-02-11,7994,1
1405,D017,2000,2,8001,0.001659901,1,2000-06-20,2000-06-20,7996,4
1405,D017,2001,1,8004,0.009638015,1,2001-01-23,2001-01-23,8002,1
1407,D019,1999,2,7997,0.08743231,1,1999-06-23,1999-06-23,7995,1
1407,D019,2001,3,8006,1,2,2001-07-04,2001-08-21,8003,2
1407,D019,2002,2,8009,1,1,2002-06-19,2002-06-19,8006,2
1407,D019,2003,3,8014,1,1,2003-08-19,2003-08-19,8010,3
1407,D019,2004,2,8017,1,1,2004-06-08,2004-06-08,8014,2
1407,D019,2005,2,8021,1,1,2005-06-07,2005-06-07,8017,3
1407,D019,2008,3,8034,1,1,2008-07-22,2008-07-22,8022,11
1407,D019,2009,2,8037,1,1,2009-06-02,2009-06-02,8034,2
1408,D020,1999,3,7998,3.08e-5,1,1999-08-04,1999-08-04,7995,2
1408,D020,2000,3,8002,4.98e-4,1,2000-08-22,2000-08-22,7999,2
1408,D020,2001,3,8006,0.002443454,1,2001-08-21,2001-08-21,8002,3
1408,D020,2002,2,8009,0.008857962,1,2002-06-19,2002-06-19,8006,2
1408,D020,2005,3,8022,0.436929097,1,2005-09-28,2005-09-28,8010,11
1408,D020,2006,3,8026,1,1,2006-08-01,2006-08-01,8022,3
1408,D020,2008,2,8033,1,1,2008-05-20,2008-05-20,8026,6
1408,D020,2008,4,8035,1,1,2008-11-05,2008-11-05,8033,1
1412,D024,1998,3,7994,1.16e-4,1,1998-08-11,1998-08-11,7992,1
1412,D024,1999,1,7996,4.06e-4,1,1999-02-10,1999-02-10,7994,1
1412,D024,2000,2,8001,0.005971103,1,2000-06-20,2000-06-20,7997,3
1412,D024,2001,2,8005,0.022643623,1,2001-06-26,2001-06-26,8001,3
1413,D025,1998,1,7992,0.010458223000000001,1,1998-02-04,1998-02-04,7990,1
1414,D026,1998,2,7993,1.2e-5,1,1998-06-16,1998-06-16,7991,1
1414,D026,1999,2,7997,8e-4,1,1999-06-22,1999-06-22,7995,1
1414,D026,2000,3,8002,0.01994055,1,2000-07-18,2000-07-18,7998,3
1415,D027,1998,3,7994,4.41e-7,3,1998-07-14,1998-09-22,7991,2
1415,D027,1999,2,7997,3.51e-4,1,1999-06-23,1999-06-23,7995,1
1415,D027,2000,2,8001,0.02492279,1,2000-06-20,2000-06-20,7999,1
1415,D027,2000,4,8003,0.081525979,1,2000-10-17,2000-10-17,8001,1
1415,D027,2002,2,8009,0.999999999,1,2002-06-19,2002-06-19,8003,5
1416,D028,1998,3,7994,3.49e-8,3,1998-07-14,1998-09-22,7992,1
1416,D028,1999,2,7997,4.06e-5,1,1999-06-23,1999-06-23,7995,1
1416,D028,2000,2,8001,0.002884526,1,2000-06-20,2000-06-20,7999,1
1418,D030,1997,4,7991,3.64e-5,1,1997-11-18,1997-11-18,7989,1
1418,D030,1998,2,7993,2.32e-4,1,1998-06-16,1998-06-16,7991,1
1418,D030,1999,2,7997,0.004329576,1,1999-06-23,1999-06-23,7994,2
1418,D030,2000,1,8000,0.016578393,1,2000-01-25,2000-01-25,7997,2
1419,D031,2000,3,8002,0.070414397,1,2000-07-18,2000-07-18,7989,12
1421,D033,1998,2,7993,1.43e-4,1,1998-06-16,1998-06-16,7990,2
1421,D033,1999,2,7997,0.129010892,1,1999-06-22,1999-06-22,7995,1
1421,D033,2000,3,8002,1,1,2000-07-18,2000-07-18,8000,1
1422,D034,1998,2,7993,1,1,1998-06-30,1998-06-30,7991,1
1423,D035,1999,3,7998,5.1e-5,2,1999-07-06,1999-09-07,7996,1
1423,D035,2000,3,8002,0.014294102,2,2000-07-05,2000-09-20,8000,1
1423,D035,2001,2,8005,0.999999998,1,2001-06-12,2001-06-12,8003,1
1423,D035,2002,3,8010,1,1,2002-07-09,2002-07-09,8006,3
1424,D036,1999,1,7996,1.49e-9,1,1999-02-23,1999-02-23,7994,1
1424,D036,1999,3,7998,8.17e-9,2,1999-07-07,1999-09-07,7996,1
1424,D036,2000,3,8002,6.94e-7,2,2000-07-04,2000-08-17,7999,2
1424,D036,2001,2,8005,3.5e-5,1,2001-06-12,2001-06-12,8003,1
1424,D036,2002,1,8008,0.001837495,1,2002-02-06,2002-02-06,8006,1
1424,D036,2002,3,8010,0.011937912,1,2002-07-09,2002-07-09,8008,1
1426,D038,1998,3,7994,0.016694464,2,1998-07-01,1998-09-08,7992,1
1426,D038,1999,3,7998,0.292807648,2,1999-07-06,1999-09-07,7994,3
1426,D038,2000,3,8002,1,2,2000-07-04,2000-09-19,7999,2
1427,D039,1999,3,7998,0.005179138,2,1999-07-07,1999-09-08,7994,3
1428,D040,1998,2,7993,0.003575838,1,1998-06-30,1998-06-30,7991,1
1429,D041,1998,3,7994,0.010875009,2,1998-07-01,1998-09-08,7992,1
1429,D041,1999,3,7998,1,2,1999-07-06,1999-09-08,7995,2
1429,D041,2000,3,8002,1,1,2000-07-05,2000-07-05,7999,2
1432,D044,1998,3,7994,7.96e-4,2,1998-07-01,1998-09-08,7992,1
1432,D044,1999,1,7996,0.009402818,1,1999-02-23,1999-02-23,7994,1
1439,D051,1998,2,7993,8.25e-4,1,1998-05-19,1998-05-19,7991,1
1439,D051,1999,3,7998,0.017213487,1,1999-08-17,1999-08-17,7995,2
1439,D051,2000,2,8001,0.201824228,1,2000-05-24,2000-05-24,7999,1
1440,D052,1998,2,7993,0.370919421,1,1998-05-20,1998-05-20,7991,1
1440,D052,1999,1,7996,1,1,1999-01-13,1999-01-13,7994,1
1440,D052,2000,2,8001,1,1,2000-05-23,2000-05-23,7999,1
1446,D058,1998,3,7994,0.001327385,1,1998-08-12,1998-08-12,7990,3
1446,D058,1999,2,7997,0.005030903,1,1999-06-23,1999-06-23,7994,2
1447,D059,1998,1,7992,8.64e-13,1,1998-02-03,1998-02-03,7990,1
1447,D059,1998,3,7994,5.81e-12,3,1998-07-14,1998-09-22,7992,1
1447,D059,1999,2,7997,1.64e-9,1,1999-06-23,1999-06-23,7995,1
1447,D059,2000,3,8002,4.23e-8,1,2000-08-22,2000-08-22,7998,3
1447,D059,2002,3,8010,1.15e-6,1,2002-08-20,2002-08-20,8003,6
1447,D059,2004,2,8017,5.37e-6,1,2004-06-08,2004-06-08,8010,6
1447,D059,2005,3,8022,4.92e-5,1,2005-09-27,2005-09-27,8018,3
1447,D059,2008,3,8034,5.73e-4,1,2008-07-23,2008-07-23,8022,11
1447,D059,2009,2,8037,0.003817983,1,2009-06-02,2009-06-02,8034,2
1448,D060,1999,3,7998,0.029708752,1,1999-07-21,1999-07-21,7995,2
1448,D060,2001,2,8005,0.226751114,1,2001-06-26,2001-06-26,7998,6
1448,D060,2002,3,8010,0.457893495,1,2002-07-09,2002-07-09,8005,4
1449,D061,1999,3,7998,0.088929818,1,1999-07-20,1999-07-20,7995,2
1449,D061,2000,2,8001,0.366547046,1,2000-05-23,2000-05-23,7998,2
1449,D061,2001,2,8005,0.611528871,1,2001-06-26,2001-06-26,8002,2
1451,D063,1999,1,7996,0.00251343,1,1999-01-27,1999-01-27,7994,1
1451,D063,1999,3,7998,0.013751395,1,1999-07-20,1999-07-20,7996,1
1452,D064,1998,4,7995,8.19e-6,1,1998-10-06,1998-10-06,7993,1
1452,D064,2000,3,8002,0.018441118,1,2000-08-17,2000-08-17,7998,3
1454,D066,1999,2,7997,0.005497545,1,1999-05-25,1999-05-25,7993,3
1455,D067,1998,2,7993,0.003612917,1,1998-05-20,1998-05-20,7991,1
1455,D067,1998,4,7995,0.011715351,1,1998-10-06,1998-10-06,7993,1
1456,D068,1998,2,7993,9.06e-4,1,1998-05-19,1998-05-19,7991,1
1456,D068,1999,2,7997,0.005846612,1,1999-05-25,1999-05-25,7993,3
1457,D069,1998,2,7993,0.014916015,1,1998-05-20,1998-05-20,7991,1
1458,D070,1998,2,7993,8.63e-4,1,1998-05-20,1998-05-20,7991,1
1458,D070,1999,1,7996,0.010641378,1,1999-01-26,1999-01-26,7994,1
1459,D071,1998,1,7992,2.41e-4,1,1998-01-21,1998-01-21,7990,1
1459,D071,1998,3,7994,0.001257171,1,1998-07-28,1998-07-28,7992,1
1459,D071,1999,2,7997,0.006359323,1,1999-05-25,1999-05-25,7994,2
1459,D071,2003,2,8013,0.089561255,1,2003-05-14,2003-05-14,7997,15
1459,D071,2003,4,8015,0.091063637,1,2003-10-29,2003-10-29,8013,1
1459,D071,2004,2,8017,0.101465452,1,2004-05-25,2004-05-25,8015,1
1460,D072,1998,2,7993,0.00348558,1,1998-05-20,1998-05-20,7991,1
1461,D073,1999,2,7997,1.65e-12,1,1999-06-22,1999-06-22,7995,1
1461,D073,2001,2,8005,2.88e-9,1,2001-06-26,2001-06-26,8001,3
1461,D073,2002,1,8008,2.47e-8,1,2002-01-22,2002-01-22,8006,1
1462,D074,1998,3,7994,1,2,1998-07-01,1998-09-23,7991,2
1462,D074,1999,1,7996,1,1,1999-02-23,1999-02-23,7994,1
1462,D074,1999,3,7998,1,1,1999-09-07,1999-09-07,7996,1
1465,D077,1998,3,7994,1.32e-9,1,1998-09-08,1998-09-08,7991,2
1465,D077,1999,3,7998,6.45e-9,1,1999-09-07,1999-09-07,7994,3
1465,D077,2000,3,8002,2.48e-8,1,2000-07-04,2000-07-04,7998,3
1465,D077,2005,2,8021,3.26e-7,1,2005-06-21,2005-06-21,8002,18
1465,D077,2006,3,8026,6.26e-7,1,2006-08-15,2006-08-15,8021,4
1465,D077,2007,2,8029,5.84e-6,1,2007-06-05,2007-06-05,8026,2
1465,D077,2009,2,8037,0.007820332,1,2009-05-06,2009-05-06,8030,6
1466,D078,1998,1,7992,8.93e-6,1,1998-02-03,1998-02-03,7990,1
1467,D079,1998,2,7993,0.05444367,1,1998-05-20,1998-05-20,7991,1
1467,D079,1999,3,7998,0.372476845,1,1999-09-21,1999-09-21,7993,4
1468,D080,1998,4,7995,0.082577309,1,1998-10-06,1998-10-06,7993,1
1468,D080,1999,3,7998,0.616847173,1,1999-07-20,1999-07-20,7995,2
1469,D081,1998,4,7995,0.001572254,1,1998-10-07,1998-10-07,7991,3
1469,D081,1999,3,7998,0.005715174,1,1999-09-21,1999-09-21,7995,2
1469,D081,2000,2,8001,0.019573497,1,2000-05-23,2000-05-23,7998,2
1470,D082,1998,2,7993,0.00423966,1,1998-05-19,1998-05-19,7991,1
1470,D082,1999,2,7997,0.02472171,1,1999-05-25,1999-05-25,7993,3
1471,D083,1998,2,7993,0.004300223,1,1998-05-19,1998-05-19,7991,1
1471,D083,1999,3,7998,0.02942001,1,1999-07-21,1999-07-21,7993,4
1472,D084,1998,3,7994,0.988511091,1,1998-07-01,1998-07-01,7992,1
1472,D084,1999,3,7998,1,2,1999-07-06,1999-09-08,7994,3
1472,D084,2000,3,8002,1,1,2000-07-04,2000-07-04,7999,2
1472,D084,2001,2,8005,1,1,2001-06-13,2001-06-13,8002,2
1475,E002,1988,4,7955,0.010794578,1,1988-10-05,1988-10-05,7952,2
1477,E004,1990,1,7960,2.37e-7,1,1990-02-06,1990-02-06,7952,7
1477,E004,1990,3,7962,4.15e-7,1,1990-08-14,1990-08-14,7960,1
1477,E004,1991,4,7967,1.63e-6,1,1991-11-12,1991-11-12,7962,4
1477,E004,1992,3,7970,4.88e-6,1,1992-08-12,1992-08-12,7967,2
1477,E004,1994,1,7976,2.67e-5,1,1994-02-09,1994-02-09,7970,5
1477,E004,1995,3,7982,5.56e-4,2,1995-07-05,1995-08-22,7977,4
1477,E004,1996,3,7986,0.011730297,1,1996-07-10,1996-07-10,7982,3
1478,E005,1988,4,7955,1.05e-4,1,1988-10-19,1988-10-19,7953,1
1478,E005,1989,2,7957,5.47e-4,1,1989-05-23,1989-05-23,7955,1
1481,E008,1989,2,7957,4.01e-5,1,1989-06-20,1989-06-20,7953,3
1481,E008,1990,2,7961,1.53e-4,1,1990-06-19,1990-06-19,7957,3
1481,E008,1991,3,7966,5.72e-4,1,1991-07-02,1991-07-02,7961,4
1481,E008,1992,2,7969,0.001494266,1,1992-06-17,1992-06-17,7966,2
1481,E008,1993,2,7973,0.006122191,1,1993-06-22,1993-06-22,7969,3
1483,E010,1989,1,7956,0.014007382,1,1989-02-21,1989-02-21,7952,3
1484,E011,1988,3,7954,0.002170831,1,1988-07-06,1988-07-06,7952,1
1484,E011,1989,4,7959,0.01413863,1,1989-10-03,1989-10-03,7954,4
1485,E012,1988,4,7955,0.001680924,1,1988-10-04,1988-10-04,7953,1
1487,E014,1989,2,7957,1,1,1989-05-24,1989-05-24,7955,1
1487,E014,1991,4,7967,1,1,1991-10-29,1991-10-29,7965,1
1487,E014,1993,2,7973,1,1,1993-05-26,1993-05-26,7967,5
1487,E014,1995,2,7981,1,1,1995-06-20,1995-06-20,7975,5
1487,E014,1996,2,7985,1,1,1996-06-25,1996-06-25,7982,2
1487,E014,1997,2,7989,1,1,1997-05-21,1997-05-21,7987,1
1489,E016,1989,4,7959,4.92e-8,1,1989-10-18,1989-10-18,7957,1
1489,E016,1990,2,7961,2.3e-7,1,1990-05-22,1990-05-22,7959,1
1489,E016,1991,3,7966,1.5e-6,1,1991-08-13,1991-08-13,7961,4
1489,E016,1992,2,7969,4.3e-6,1,1992-05-20,1992-05-20,7966,2
1489,E016,1993,3,7974,6.63e-5,1,1993-08-03,1993-08-03,7970,3
1493,E020,1990,1,7960,7.89e-4,1,1990-01-24,1990-01-24,7953,6
1493,E020,1991,2,7965,0.005905288,1,1991-06-04,1991-06-04,7961,3
1493,E020,1991,4,7967,0.012639754,1,1991-10-30,1991-10-30,7965,1
1493,E020,1993,3,7974,0.130190716,1,1993-08-03,1993-08-03,7967,6
1493,E020,1994,2,7977,0.361610756,1,1994-06-08,1994-06-08,7974,2
1495,E022,1989,3,7958,7.09e-8,1,1989-08-01,1989-08-01,7956,1
1495,E022,1991,2,7965,8.99e-4,1,1991-06-04,1991-06-04,7963,1
1496,E023,1989,3,7958,4.66e-6,1,1989-08-02,1989-08-02,7955,2
1496,E023,1990,3,7962,1.85e-5,1,1990-08-01,1990-08-01,7958,3
1496,E023,1991,4,7967,2.08e-4,1,1991-10-30,1991-10-30,7963,3
1496,E023,1992,2,7969,6.29e-4,1,1992-05-19,1992-05-19,7967,1
1496,E023,1995,3,7982,0.005254087,1,1995-08-09,1995-08-09,7969,12
1496,E023,1996,3,7986,0.016376127,1,1996-09-03,1996-09-03,7982,3
1497,E024,1989,4,7959,0.372578479,1,1989-10-18,1989-10-18,7957,1
1500,E027,1990,3,7962,8.09e-7,1,1990-07-31,1990-07-31,7960,1
1500,E027,1991,2,7965,1.24e-5,1,1991-06-04,1991-06-04,7963,1
1500,E027,1992,3,7970,3.12e-4,1,1992-07-28,1992-07-28,7966,3
1500,E027,1994,2,7977,0.008428757,1,1994-06-21,1994-06-21,7971,5
1503,E030,1989,4,7959,3.54e-7,1,1989-10-31,1989-10-31,7956,2
1503,E030,1990,3,7962,3.77e-6,1,1990-08-15,1990-08-15,7960,1
1503,E030,1991,2,7965,1.81e-5,1,1991-06-18,1991-06-18,7962,2
1503,E030,1994,3,7978,0.003453801,1,1994-08-16,1994-08-16,7967,10
1505,E032,1991,2,7965,2.01e-9,1,1991-06-19,1991-06-19,7963,1
1505,E032,1992,2,7969,1.37e-7,1,1992-06-02,1992-06-02,7967,1
1505,E032,1993,3,7974,1.27e-5,1,1993-08-18,1993-08-18,7971,2
1505,E032,1994,2,7977,6.67e-5,1,1994-06-21,1994-06-21,7974,2
1505,E032,1995,3,7982,0.007057636,1,1995-08-22,1995-08-22,7979,2
1506,E033,1990,2,7961,2.74e-4,1,1990-06-05,1990-06-05,7959,1
1507,E034,1990,4,7963,2.2e-12,1,1990-10-30,1990-10-30,7960,2
1507,E034,1992,3,7970,1.01e-8,1,1992-08-11,1992-08-11,7967,2
1507,E034,1993,2,7973,1.33e-7,1,1993-06-22,1993-06-22,7971,1
1507,E034,1994,1,7976,1.96e-6,1,1994-02-22,1994-02-22,7974,1
1507,E034,1994,3,7978,1.21e-5,1,1994-09-06,1994-09-06,7976,1
1507,E034,1995,3,7982,1.13e-4,2,1995-07-05,1995-08-22,7978,3
1507,E034,1996,1,7984,0.001163581,1,1996-02-13,1996-02-13,7982,1
1507,E034,1996,3,7986,0.007875683,1,1996-07-23,1996-07-23,7984,1
1509,E036,1991,1,7964,1.72e-4,1,1991-02-19,1991-02-19,7962,1
1509,E036,1991,3,7966,9.19e-4,2,1991-07-02,1991-09-03,7964,1
1511,E038,1989,4,7959,6.02e-6,1,1989-10-31,1989-10-31,7956,2
1512,E039,1990,3,7962,1.42e-5,1,1990-08-14,1990-08-14,7960,1
1512,E039,1991,2,7965,2.18e-4,1,1991-06-18,1991-06-18,7963,1
1514,E041,1989,2,7957,0.001732595,1,1989-06-20,1989-06-20,7955,1
1514,E041,1991,3,7966,0.017538192,1,1991-07-02,1991-07-02,7957,8
1515,E042,1989,1,7956,8.84e-5,1,1989-02-21,1989-02-21,7954,1
1515,E042,1992,2,7969,0.005072809,1,1992-06-17,1992-06-17,7957,11
1515,E042,1993,2,7973,0.009684148,1,1993-06-22,1993-06-22,7969,3
1517,E044,1989,3,7958,3.01e-5,1,1989-07-04,1989-07-04,7955,2
1517,E044,1990,3,7962,1.3e-4,1,1990-07-03,1990-07-03,7958,3
1517,E044,1991,3,7966,4.51e-4,1,1991-07-16,1991-07-16,7962,3
1517,E044,1992,2,7969,0.003704351,1,1992-06-30,1992-06-30,7967,1
1518,E045,1989,3,7958,3.69e-4,2,1989-07-04,1989-09-19,7956,1
1519,E046,1989,3,7958,0.014558747,1,1989-07-04,1989-07-04,7953,4
1523,E050,1990,1,7960,0.010216586,1,1990-03-14,1990-03-14,7956,3
1524,E051,1989,3,7958,8.83e-5,1,1989-07-04,1989-07-04,7956,1
1524,E051,1990,3,7962,0.001582166,2,1990-07-03,1990-09-18,7959,2
1525,E052,1989,3,7958,0.003643141,1,1989-09-19,1989-09-19,7953,4
1525,E052,1992,3,7970,0.022174832,1,1992-07-01,1992-07-01,7958,11
1526,E053,1989,3,7958,1.14e-11,2,1989-07-04,1989-09-19,7956,1
1526,E053,1990,1,7960,1.18e-10,1,1990-03-14,1990-03-14,7958,1
1526,E053,1990,3,7962,6.43e-10,2,1990-07-03,1990-09-04,7960,1
1526,E053,1991,3,7966,1.41e-8,2,1991-07-02,1991-09-17,7962,3
1526,E053,1992,2,7969,7.71e-8,1,1992-06-16,1992-06-16,7967,1
1526,E053,1994,3,7978,0.001161675,2,1994-07-05,1994-09-06,7975,2
1527,E054,1989,3,7958,1.23e-4,2,1989-07-04,1989-09-19,7955,2
1527,E054,1990,1,7960,9.39e-4,1,1990-02-20,1990-02-20,7958,1
1528,E055,1989,3,7958,1.24e-4,1,1989-09-19,1989-09-19,7955,2
1528,E055,1990,3,7962,0.001623384,1,1990-09-18,1990-09-18,7959,2
1531,E058,1989,3,7958,2.34e-8,1,1989-07-04,1989-07-04,7955,2
1531,E058,1990,1,7960,5.96e-8,1,1990-03-13,1990-03-13,7958,1
1531,E058,1990,3,7962,2.38e-7,1,1990-09-18,1990-09-18,7960,1
1531,E058,1991,3,7966,1.31e-6,1,1991-09-18,1991-09-18,7962,3
1531,E058,1993,3,7974,8.64e-6,3,1993-07-07,1993-09-08,7966,7
1531,E058,1995,3,7982,7.54e-4,1,1995-09-05,1995-09-05,7974,7
1531,E058,1996,3,7986,0.011016289,1,1996-07-24,1996-07-24,7983,2
1532,E059,1989,1,7956,2.63e-7,1,1989-03-21,1989-03-21,7954,1
1532,E059,1989,3,7958,1.45e-6,1,1989-07-18,1989-07-18,7956,1
1532,E059,1991,2,7965,3.63e-5,1,1991-05-22,1991-05-22,7959,5
1532,E059,1993,2,7973,0.001951721,1,1993-05-12,1993-05-12,7967,5
1532,E059,1994,3,7978,0.008357954,1,1994-07-26,1994-07-26,7973,4
1533,E060,1989,3,7958,9.48e-6,1,1989-07-18,1989-07-18,7954,3
1533,E060,1991,2,7965,1.59e-4,1,1991-05-21,1991-05-21,7959,5
1533,E060,1993,3,7974,7.7e-4,2,1993-07-21,1993-09-14,7965,8
1533,E060,1994,4,7979,0.006982542,1,1994-10-04,1994-10-04,7974,4
1534,E061,1989,1,7956,0.999999987,1,1989-03-21,1989-03-21,7954,1
1534,E061,1991,1,7964,1,1,1991-01-15,1991-01-15,7956,7
1534,E061,1992,1,7968,1,1,1992-01-15,1992-01-15,7966,1
1534,E061,1992,3,7970,1,2,1992-07-15,1992-09-23,7968,1
1534,E061,1993,3,7974,1,1,1993-07-20,1993-07-20,7970,3
1535,E062,1989,3,7958,0.012076928,1,1989-07-18,1989-07-18,7954,3
1536,E063,1989,1,7956,2.59e-7,2,1989-01-10,1989-03-20,7954,1
1536,E063,1989,3,7958,5.27e-6,1,1989-07-18,1989-07-18,7956,1
1536,E063,1990,3,7962,9.18e-5,1,1990-07-17,1990-07-17,7959,2
1536,E063,1991,2,7965,3.49e-4,1,1991-05-21,1991-05-21,7962,2
1536,E063,1993,2,7973,0.002671452,1,1993-05-12,1993-05-12,7965,7
1537,E064,1989,1,7956,2.09e-4,1,1989-03-21,1989-03-21,7954,1
1537,E064,1989,4,7959,0.001180454,1,1989-10-04,1989-10-04,7956,2
1537,E064,1991,1,7964,0.0058626,1,1991-01-15,1991-01-15,7959,4
1537,E064,1992,3,7970,0.014060169,1,1992-09-22,1992-09-22,7964,5
1538,E065,1989,3,7958,4e-5,1,1989-07-18,1989-07-18,7954,3
1538,E065,1991,2,7965,6.73e-4,1,1991-05-21,1991-05-21,7959,5
1538,E065,1991,4,7967,0.001180796,1,1991-10-16,1991-10-16,7965,1
1538,E065,1994,2,7977,0.014124148,1,1994-05-25,1994-05-25,7967,9
1539,E066,1989,1,7956,7.32e-5,1,1989-01-11,1989-01-11,7954,1
1539,E066,1989,3,7958,4.42e-4,1,1989-07-19,1989-07-19,7956,1
1539,E066,1990,1,7960,0.001262288,1,1990-03-20,1990-03-20,7958,1
1539,E066,1990,3,7962,0.005309799,1,1990-07-18,1990-07-18,7960,1
1540,E067,1989,1,7956,2.74e-7,1,1989-01-10,1989-01-10,7954,1
1540,E067,1989,3,7958,1.41e-6,1,1989-07-19,1989-07-19,7956,1
1540,E067,1990,3,7962,6.2e-5,1,1990-07-17,1990-07-17,7960,1
1540,E067,1991,1,7964,2.06e-4,1,1991-01-15,1991-01-15,7962,1
1540,E067,1991,3,7966,9.59e-4,1,1991-07-30,1991-07-30,7964,1
1540,E067,1992,2,7969,0.004831508,1,1992-05-13,1992-05-13,7966,2
1540,E067,1993,3,7974,0.090602855,1,1993-07-20,1993-07-20,7970,3
1541,E068,1990,4,7963,8.11e-9,1,1990-10-16,1990-10-16,7961,1
1541,E068,1991,2,7965,4.33e-8,1,1991-06-05,1991-06-05,7963,1
1541,E068,1992,3,7970,3.53e-6,1,1992-07-29,1992-07-29,7967,2
1541,E068,1995,3,7982,5.94e-5,2,1995-08-08,1995-09-19,7970,11
1541,E068,1996,2,7985,5.29e-4,1,1996-06-26,1996-06-26,7982,2
1542,E069,1989,3,7958,0.467968224,1,1989-08-01,1989-08-01,7955,2
1543,E070,1989,4,7959,0.011106928,1,1989-10-18,1989-10-18,7955,3
1544,E071,1989,2,7957,8.6e-8,1,1989-05-23,1989-05-23,7955,1
1544,E071,1990,2,7961,3.65e-6,1,1990-05-23,1990-05-23,7959,1
1544,E071,1991,3,7966,2.85e-4,2,1991-08-13,1991-09-04,7963,2
1544,E071,1992,3,7970,0.005302167,1,1992-07-28,1992-07-28,7966,3
1545,E072,1989,3,7958,7.33e-7,1,1989-08-02,1989-08-02,7956,1
1545,E072,1990,3,7962,1.16e-5,1,1990-08-01,1990-08-01,7959,2
1545,E072,1991,2,7965,6.19e-5,1,1991-06-05,1991-06-05,7963,1
1545,E072,1992,2,7969,3.57e-4,1,1992-05-19,1992-05-19,7965,3
1545,E072,1993,3,7974,0.001709536,1,1993-08-03,1993-08-03,7969,4
1545,E072,1994,4,7979,0.007915978,1,1994-10-19,1994-10-19,7974,4
1546,E073,1989,2,7957,1.26e-9,1,1989-05-24,1989-05-24,7955,1
1546,E073,1991,3,7966,5.15e-6,1,1991-08-13,1991-08-13,7962,3
1546,E073,1992,3,7970,2.23e-5,1,1992-07-28,1992-07-28,7966,3
1546,E073,1993,1,7972,5.06e-5,1,1993-01-26,1993-01-26,7970,1
1546,E073,1993,4,7975,2.48e-4,1,1993-10-13,1993-10-13,7972,2
1546,E073,1994,3,7978,3.1e-4,1,1994-08-03,1994-08-03,7975,2
1546,E073,1995,2,7981,6.26e-4,1,1995-06-21,1995-06-21,7978,2
1547,E074,1990,1,7960,0.999999998,1,1990-03-23,1990-03-23,7957,2
1549,E076,1990,3,7962,1.46e-5,1,1990-07-31,1990-07-31,7960,1
1549,E076,1991,3,7966,2.95e-4,1,1991-08-14,1991-08-14,7963,2
1549,E076,1992,1,7968,8.15e-4,1,1992-01-29,1992-01-29,7966,1
1549,E076,1993,2,7973,0.007161318,1,1993-05-25,1993-05-25,7968,4
1550,E077,1990,2,7961,0.999999998,1,1990-05-23,1990-05-23,7958,2
1550,E077,1990,4,7963,1,1,1990-10-16,1990-10-16,7961,1
1550,E077,1991,2,7965,1,1,1991-06-04,1991-06-04,7963,1
1550,E077,1992,1,7968,1,1,1992-01-28,1992-01-28,7965,2
1552,E079,1991,2,7965,1,1,1991-06-04,1991-06-04,7963,1
1553,E080,1989,3,7958,7.3900000000000007e-08,1,1989-08-01,1989-08-01,7956,1
1553,E080,1990,2,7961,8.95e-7,1,1990-05-22,1990-05-22,7959,1
1553,E080,1990,4,7963,2.84e-6,1,1990-10-17,1990-10-17,7961,1
1553,E080,1991,2,7965,1.35e-5,1,1991-06-05,1991-06-05,7963,1
1553,E080,1992,4,7971,0.001243182,1,1992-10-06,1992-10-06,7967,3
1553,E080,1993,3,7974,0.005036286,1,1993-08-03,1993-08-03,7971,2
1555,E082,1989,4,7959,0.001994376,1,1989-10-18,1989-10-18,7956,2
1555,E082,1990,2,7961,0.006379156,1,1990-05-22,1990-05-22,7959,1
1556,E083,1989,4,7959,2.69e-10,1,1989-10-17,1989-10-17,7957,1
1556,E083,1990,2,7961,1.15e-9,2,1990-05-17,1990-05-23,7959,1
1556,E083,1990,4,7963,5.44e-9,1,1990-10-05,1990-10-05,7961,1
1556,E083,1992,3,7970,3.45e-8,1,1992-07-29,1992-07-29,7963,6
1556,E083,1993,2,7973,7.81e-8,1,1993-05-25,1993-05-25,7970,2
1556,E083,1994,2,7977,3.47e-7,1,1994-06-07,1994-06-07,7973,3
1556,E083,1994,4,7979,8.08e-7,1,1994-10-18,1994-10-18,7977,1
1556,E083,1995,2,7981,5.39e-6,1,1995-06-20,1995-06-20,7979,1
1556,E083,1996,3,7986,5.51e-5,1,1996-07-31,1996-07-31,7981,4
1556,E083,1997,1,7988,1.62e-4,1,1997-01-14,1997-01-14,7986,1
1556,E083,1998,4,7995,0.002314949,1,1998-10-06,1998-10-06,7988,6
1556,E083,1999,3,7998,0.006274125,2,1999-07-20,1999-09-21,7995,2
1559,E086,1989,2,7957,2.04e-8,1,1989-06-06,1989-06-06,7955,1
1559,E086,1990,3,7962,1.43e-5,1,1990-08-14,1990-08-14,7960,1
1559,E086,1991,1,7964,4.87e-5,1,1991-02-19,1991-02-19,7962,1
1559,E086,1991,3,7966,2.29e-4,1,1991-09-04,1991-09-04,7964,1
1559,E086,1993,1,7972,0.00187758,1,1993-02-23,1993-02-23,7966,5
1560,E087,1989,4,7959,3.43e-11,1,1989-10-31,1989-10-31,7957,1
1560,E087,1990,3,7962,5.85e-10,1,1990-08-15,1990-08-15,7960,1
1560,E087,1991,1,7964,1.92e-9,1,1991-02-19,1991-02-19,7962,1
1560,E087,1992,4,7971,2.85e-6,1,1992-10-20,1992-10-20,7968,2
1560,E087,1994,3,7978,0.001349106,1,1994-08-17,1994-08-17,7974,3
1561,E088,1991,1,7964,6.8e-9,1,1991-02-21,1991-02-21,7962,1
1561,E088,1992,3,7970,9.8e-6,1,1992-08-11,1992-08-11,7968,1
1561,E088,1993,2,7973,5.5e-5,1,1993-06-08,1993-06-08,7970,2
1562,E089,1989,1,7956,9.3e-5,1,1989-02-21,1989-02-21,7954,1
1562,E089,1990,2,7961,0.002337212,1,1990-06-20,1990-06-20,7957,3
1562,E089,1993,1,7972,0.016833823,1,1993-02-24,1993-02-24,7961,10
1565,E092,1989,1,7956,1.35e-6,1,1989-03-07,1989-03-07,7954,1
1565,E092,1989,3,7958,6.94e-6,1,1989-07-05,1989-07-05,7956,1
1565,E092,1990,1,7960,2.08e-5,1,1990-03-14,1990-03-14,7958,1
1565,E092,1991,3,7966,1.85e-4,1,1991-07-16,1991-07-16,7960,5
1565,E092,1993,3,7974,8.39e-4,1,1993-07-07,1993-07-07,7966,7
1565,E092,1997,3,7990,0.011733505,1,1997-07-09,1997-07-09,7974,15
1565,E092,1998,2,7993,0.027800517,1,1998-06-30,1998-06-30,7990,2
1566,E093,1989,1,7956,0.999999982,2,1989-01-10,1989-03-20,7954,1
1566,E093,1989,3,7958,1,1,1989-07-18,1989-07-18,7956,1
1566,E093,1990,1,7960,1,1,1990-03-20,1990-03-20,7958,1
1567,E094,1989,2,7957,8.59e-6,1,1989-05-23,1989-05-23,7955,1
1567,E094,1990,3,7962,3.73e-4,1,1990-07-31,1990-07-31,7959,2
1567,E094,1991,4,7967,0.006181192,1,1991-10-29,1991-10-29,7963,3
1570,E097,1989,4,7959,1.99e-7,1,1989-11-14,1989-11-14,7957,1
1570,E097,1990,2,7961,9.43e-7,1,1990-06-19,1990-06-19,7959,1
1570,E097,1991,3,7966,6.65e-5,1,1991-09-17,1991-09-17,7963,2
1571,E098,1989,4,7959,6.58e-5,1,1989-11-15,1989-11-15,7957,1
1571,E098,1990,4,7963,0.001388707,1,1990-11-13,1990-11-13,7960,2
1571,E098,1991,3,7966,0.00611866,1,1991-07-03,1991-07-03,7963,2
1573,E100,1989,2,7957,7.22e-5,1,1989-05-24,1989-05-24,7955,1
1574,E101,1989,4,7959,1,1,1989-10-18,1989-10-18,7956,2
1574,E101,1990,2,7961,1,1,1990-05-22,1990-05-22,7959,1
1576,E103,1989,3,7958,1.13e-7,1,1989-09-05,1989-09-05,7955,2
1576,E103,1990,2,7961,9.52e-7,1,1990-05-22,1990-05-22,7959,1
1576,E103,1990,4,7963,2.93e-6,1,1990-10-16,1990-10-16,7961,1
1576,E103,1991,2,7965,1.39e-5,1,1991-06-04,1991-06-04,7963,1
1576,E103,1992,2,7969,8.24e-5,1,1992-05-19,1992-05-19,7965,3
1576,E103,1994,4,7979,0.010385329,1,1994-10-19,1994-10-19,7971,7
1577,E104,1989,2,7957,0.937821561,1,1989-05-23,1989-05-23,7955,1
1579,E106,1989,2,7957,0.038152379,1,1989-05-23,1989-05-23,7955,1
1579,E106,1990,4,7963,0.048586895,1,1990-10-16,1990-10-16,7958,4
1579,E106,1991,2,7965,0.063960954,1,1991-06-05,1991-06-05,7963,1
1579,E106,1993,3,7974,0.074156776,1,1993-08-03,1993-08-03,7965,8
1580,F001,1988,2,7953,6.02e-4,1,1988-05-24,1988-05-24,7951,1
1581,F002,1987,1,7948,0.99989241,1,1987-02-10,1987-02-10,7945,2
1582,F003,1986,2,7945,0.040185822,1,1986-05-13,1986-05-13,7943,1
1583,F004,1986,2,7945,7.4e-5,1,1986-05-13,1986-05-13,7943,1
1583,F004,1987,2,7949,0.004457559,1,1987-05-13,1987-05-13,7947,1
1583,F004,1988,2,7953,0.029316501,1,1988-04-02,1988-04-02,7949,3
1584,F005,1986,2,7945,0.001101183,1,1986-05-13,1986-05-13,7943,1
1584,F005,1988,1,7952,0.011768856,1,1988-02-10,1988-02-10,7945,6
1584,F005,1993,1,7972,0.049855534,1,1993-02-10,1993-02-10,7952,19
1586,F007,1985,4,7943,1.67e-5,1,1985-11-05,1985-11-05,7941,1
1586,F007,1986,4,7947,1.63e-4,1,1986-11-12,1986-11-12,7943,3
1586,F007,1987,2,7949,5.35e-4,1,1987-05-11,1987-05-11,7947,1
1586,F007,1988,4,7955,0.003663399,1,1988-10-18,1988-10-18,7949,5
1586,F007,1989,3,7958,0.01010638,1,1989-08-15,1989-08-15,7955,2
1586,F007,1991,2,7965,0.136550657,1,1991-06-18,1991-06-18,7959,5
1586,F007,1992,2,7969,0.999999998,1,1992-06-03,1992-06-03,7966,2
1586,F007,1992,4,7971,1,2,1992-10-20,1992-11-03,7969,1
1586,F007,1993,3,7974,1,1,1993-08-17,1993-08-17,7971,2
1588,F009,1985,4,7943,1.99e-9,1,1985-11-05,1985-11-05,7941,1
1588,F009,1988,4,7955,0.006222147,1,1988-10-18,1988-10-18,7953,1
1590,F011,1985,4,7943,8.9e-5,1,1985-11-05,1985-11-05,7941,1
1590,F011,1987,2,7949,0.004428832,1,1987-05-12,1987-05-12,7944,4
1592,F013,1987,2,7949,1.74e-9,1,1987-05-11,1987-05-11,7944,4
1592,F013,1988,3,7954,2.13e-8,1,1988-07-19,1988-07-19,7950,3
1592,F013,1989,3,7958,2.32e-7,1,1989-08-02,1989-08-02,7955,2
1592,F013,1990,2,7961,1.09e-6,1,1990-05-22,1990-05-22,7959,1
1592,F013,1991,2,7965,1.69e-5,1,1991-06-04,1991-06-04,7962,2
1592,F013,1992,3,7970,3.25e-4,1,1992-07-28,1992-07-28,7966,3
1592,F013,1994,4,7979,0.002907657,1,1994-10-18,1994-10-18,7970,8
1592,F013,1995,2,7981,0.00780421,1,1995-06-20,1995-06-20,7979,1
1593,F014,1985,4,7943,3.76e-4,1,1985-11-06,1985-11-06,7941,1
1596,F017,1985,4,7943,0.001227505,1,1985-11-05,1985-11-05,7941,1
1598,F019,1986,2,7945,0.930433816,1,1986-05-13,1986-05-13,7942,2
1599,F020,1986,2,7945,0.999298086,2,1986-04-14,1986-05-13,7943,1
1599,F020,1987,2,7949,0.999999923,1,1987-05-12,1987-05-12,7947,1
1601,F022,1986,2,7945,0.584376457,1,1986-05-12,1986-05-12,7941,3
1601,F022,1987,1,7948,0.820770537,1,1987-02-11,1987-02-11,7946,1
1601,F022,1988,1,7952,0.911011504,1,1988-02-09,1988-02-09,7948,3
1602,F023,1986,3,7946,2.82e-6,1,1986-08-12,1986-08-12,7943,2
1602,F023,1987,3,7950,1.52e-5,1,1987-08-19,1987-08-19,7946,3
1602,F023,1988,3,7954,6.35e-5,1,1988-07-20,1988-07-20,7950,3
1602,F023,1989,2,7957,1.91e-4,1,1989-05-23,1989-05-23,7954,2
1602,F023,1990,2,7961,6.73e-4,1,1990-05-22,1990-05-22,7957,3
1602,F023,1991,2,7965,0.002163868,1,1991-06-04,1991-06-04,7961,3
1602,F023,1993,4,7975,0.013704369,1,1993-10-13,1993-10-13,7965,9
1603,F024,1986,2,7945,0.017566708,1,1986-05-13,1986-05-13,7943,1
1604,F025,1986,2,7945,0.002450569,1,1986-05-13,1986-05-13,7943,1
1604,F025,1987,2,7949,0.012903939,1,1987-05-12,1987-05-12,7946,2
1606,F027,1986,2,7945,1.75e-7,1,1986-05-13,1986-05-13,7943,1
1606,F027,1987,4,7951,1.09e-4,1,1987-11-11,1987-11-11,7949,1
1607,F028,1986,1,7944,3.79e-4,1,1986-02-17,1986-02-17,7942,1
1607,F028,1987,2,7949,0.013056116,1,1987-05-12,1987-05-12,7945,3
1609,F030,1988,1,7952,0.999999999,1,1988-03-16,1988-03-16,7946,5
1611,F032,1986,3,7946,0.009936311,1,1986-08-20,1986-08-20,7943,2
1612,F033,1986,4,7947,2.94e-5,1,1986-11-12,1986-11-12,7943,3
1612,F033,1987,2,7949,1e-4,1,1987-05-12,1987-05-12,7947,1
1612,F033,1988,3,7954,6.32e-4,1,1988-07-19,1988-07-19,7949,4
1612,F033,1989,3,7958,0.002098981,1,1989-08-02,1989-08-02,7954,3
1612,F033,1990,2,7961,0.012739218,1,1990-05-22,1990-05-22,7959,1
1613,F034,1986,2,7945,0.017014707,1,1986-05-13,1986-05-13,7943,1
1617,F038,1986,2,7945,3.28e-5,1,1986-05-14,1986-05-14,7943,1
1617,F038,1987,3,7950,2.67e-4,1,1987-08-19,1987-08-19,7945,4
1617,F038,1989,2,7957,0.001529081,1,1989-05-23,1989-05-23,7950,6
1617,F038,1990,2,7961,0.003479758,1,1990-05-22,1990-05-22,7957,3
1619,F040,1985,4,7943,0.002994647,1,1985-11-19,1985-11-19,7941,1
1620,F041,1986,2,7945,0.032608948,1,1986-05-13,1986-05-13,7943,1
1620,F041,1988,1,7952,0.050030112,1,1988-03-09,1988-03-09,7946,5
1621,F042,1985,4,7943,8.91e-4,1,1985-11-05,1985-11-05,7941,1
1621,F042,1986,2,7945,9.4e-4,1,1986-05-13,1986-05-13,7943,1
1621,F042,1987,3,7950,0.001500961,1,1987-07-15,1987-07-15,7947,2
1621,F042,1988,3,7954,0.004992258,1,1988-08-03,1988-08-03,7951,2
1621,F042,1989,2,7957,0.010067603,2,1989-05-23,1989-06-06,7954,2
1622,F043,1988,3,7954,1.9e-7,1,1988-08-16,1988-08-16,7945,8
1622,F043,1989,1,7956,3.12e-7,1,1989-02-21,1989-02-21,7954,1
1622,F043,1989,4,7959,1.06e-6,1,1989-11-14,1989-11-14,7956,2
1622,F043,1990,3,7962,3.6e-6,1,1990-09-05,1990-09-05,7959,2
1622,F043,1991,3,7966,4.13e-5,1,1991-09-18,1991-09-18,7963,2
1622,F043,1992,4,7971,7.36e-4,1,1992-11-03,1992-11-03,7967,3
1622,F043,1993,4,7975,0.012983381,1,1993-11-09,1993-11-09,7973,1
1622,F043,1995,1,7980,0.020637554,1,1995-02-28,1995-02-28,7975,4
1623,F044,1986,2,7945,0.999662914,1,1986-05-12,1986-05-12,7943,1
1624,F045,1987,4,7951,7.92e-6,1,1987-11-24,1987-11-24,7945,5
1624,F045,1989,2,7957,3.96e-5,1,1989-06-20,1989-06-20,7951,5
1624,F045,1991,3,7966,1.51e-4,1,1991-07-03,1991-07-03,7957,8
1624,F045,1992,2,7969,2.02e-4,1,1992-06-17,1992-06-17,7966,2
1624,F045,1993,1,7972,7.25e-4,1,1993-02-23,1993-02-23,7970,1
1624,F045,1993,3,7974,0.003282855,1,1993-09-07,1993-09-07,7972,1
1625,F046,1987,3,7950,2.23e-4,1,1987-07-01,1987-07-01,7942,7
1625,F046,1988,2,7953,5.53e-4,1,1988-06-21,1988-06-21,7950,2
1625,F046,1991,3,7966,0.004123182,1,1991-07-16,1991-07-16,7953,12
1625,F046,1992,3,7970,0.006854476,1,1992-09-08,1992-09-08,7966,3
1625,F046,1995,3,7982,0.045690357,1,1995-07-25,1995-07-25,7970,11
1626,F047,1990,4,7963,0.053996975,1,1990-11-27,1990-11-27,7942,20
1627,F048,1986,3,7946,1.88e-8,1,1986-08-13,1986-08-13,7944,1
1627,F048,1987,3,7950,6.5e-8,1,1987-08-18,1987-08-18,7946,3
1627,F048,1988,1,7952,1.41e-7,1,1988-02-08,1988-02-08,7950,1
1627,F048,1989,2,7957,7.93e-6,1,1989-06-06,1989-06-06,7954,2
1627,F048,1991,1,7964,4.74e-5,1,1991-02-19,1991-02-19,7957,6
1627,F048,1991,3,7966,8.95e-5,1,1991-09-03,1991-09-03,7964,1
1627,F048,1992,2,7969,3.06e-4,1,1992-06-03,1992-06-03,7966,2
1627,F048,1993,3,7974,0.005097815,1,1993-08-17,1993-08-17,7970,3
1628,F049,1986,2,7945,3.88e-8,1,1986-05-13,1986-05-13,7943,1
1628,F049,1989,1,7956,9.59e-4,1,1989-02-07,1989-02-07,7951,4
1628,F049,1989,4,7959,0.002706594,1,1989-11-01,1989-11-01,7956,2
1629,F050,1986,2,7945,2.61e-11,1,1986-05-13,1986-05-13,7943,1
1629,F050,1987,1,7948,1.24e-10,1,1987-02-10,1987-02-10,7945,2
1629,F050,1988,1,7952,1.81e-9,1,1988-02-08,1988-02-08,7949,2
1629,F050,1989,1,7956,2.54e-8,1,1989-02-08,1989-02-08,7953,2
1629,F050,1990,2,7961,3.99e-7,1,1990-06-06,1990-06-06,7957,3
1629,F050,1991,3,7966,1.6e-5,1,1991-09-03,1991-09-03,7963,2
1629,F050,1992,2,7969,6.66e-5,1,1992-06-02,1992-06-02,7966,2
1629,F050,1993,3,7974,0.00409649,1,1993-08-17,1993-08-17,7971,2
1630,F051,1988,3,7954,1.25e-10,1,1988-08-03,1988-08-03,7951,2
1630,F051,1990,2,7961,1.98e-7,1,1990-06-05,1990-06-05,7959,1
1630,F051,1991,4,7967,5.81e-5,1,1991-11-13,1991-11-13,7964,2
1630,F051,1992,2,7969,2.26e-4,1,1992-06-02,1992-06-02,7967,1
1631,F052,1986,2,7945,4.71e-7,1,1986-05-13,1986-05-13,7943,1
1631,F052,1988,3,7954,6.61e-6,1,1988-07-19,1988-07-19,7945,8
1631,F052,1989,2,7957,1.39e-5,1,1989-05-23,1989-05-23,7954,2
1631,F052,1990,2,7961,4.18e-5,1,1990-05-22,1990-05-22,7957,3
1631,F052,1992,3,7970,7.05e-4,1,1992-07-29,1992-07-29,7962,7
1631,F052,1995,2,7981,0.004463705,1,1995-06-21,1995-06-21,7970,10
1632,F053,1987,2,7949,0.005132379,1,1987-05-12,1987-05-12,7943,5
1635,F056,1986,4,7947,2.95e-14,1,1986-11-12,1986-11-12,7945,1
1635,F056,1987,2,7949,1.84e-13,1,1987-05-12,1987-05-12,7947,1
1635,F056,1988,2,7953,1.13e-12,1,1988-05-24,1988-05-24,7949,3
1635,F056,1989,3,7958,1.19e-10,1,1989-08-15,1989-08-15,7956,1
1635,F056,1990,2,7961,1.44e-9,1,1990-06-05,1990-06-05,7959,1
1635,F056,1991,2,7965,8.22e-8,1,1991-06-18,1991-06-18,7963,1
1635,F056,1992,4,7971,6.99e-5,1,1992-10-20,1992-10-20,7969,1
1635,F056,1993,4,7975,6.32e-4,1,1993-10-26,1993-10-26,7971,3
1635,F056,1994,3,7978,0.001740688,1,1994-08-17,1994-08-17,7975,2
1636,F057,1988,3,7954,0.056487418,1,1988-07-19,1988-07-19,7945,8
1637,F058,1987,4,7951,3.55e-5,1,1987-11-10,1987-11-10,7949,1
1638,F059,1987,2,7949,0.002680304,1,1987-05-12,1987-05-12,7946,2
1639,F060,1988,4,7955,0.020427563,1,1988-10-19,1988-10-19,7948,6
1640,F061,1986,2,7945,0.001972263,1,1986-05-13,1986-05-13,7943,1
1640,F061,1986,4,7947,0.006073379,1,1986-11-11,1986-11-11,7945,1
1642,F063,1986,4,7947,1.59e-4,1,1986-11-11,1986-11-11,7945,1
1642,F063,1987,2,7949,9.95e-4,1,1987-05-12,1987-05-12,7947,1
1642,F063,1989,2,7957,1,1,1989-06-06,1989-06-06,7955,1
1642,F063,1992,2,7969,1,1,1992-06-03,1992-06-03,7967,1
1642,F063,1993,2,7973,1,1,1993-06-08,1993-06-08,7969,3
1646,F067,1988,1,7952,0.029474112,1,1988-03-08,1988-03-08,7942,9
1647,F068,1986,3,7946,0.011777343,1,1986-07-17,1986-07-17,7942,3
1648,F069,1986,1,7944,3.85e-4,1,1986-03-04,1986-03-04,7942,1
1648,F069,1989,2,7957,0.010305753,1,1989-06-20,1989-06-20,7944,12
1651,F072,1987,4,7951,0.006922237,1,1987-11-24,1987-11-24,7942,8
1652,F073,1986,3,7946,0.0031579,1,1986-07-02,1986-07-02,7942,3
1652,F073,1990,4,7963,0.04551465,1,1990-11-13,1990-11-13,7946,16
1653,F074,1988,3,7954,0.00879712,1,1988-08-16,1988-08-16,7944,9
1653,F074,1989,1,7956,0.013785576,1,1989-02-21,1989-02-21,7954,1
1654,F075,1987,3,7950,0.053371987,1,1987-08-04,1987-08-04,7944,5
1654,F075,1991,3,7966,0.057947149,1,1991-07-30,1991-07-30,7950,15
1654,F075,1993,3,7974,0.062816473,1,1993-09-15,1993-09-15,7966,7
1654,F075,1994,3,7978,0.067867933,1,1994-07-26,1994-07-26,7974,3
1655,F076,1986,3,7946,0.011293936,1,1986-08-05,1986-08-05,7943,2
1656,F077,1986,3,7946,1.86e-9,1,1986-08-05,1986-08-05,7943,2
1656,F077,1988,1,7952,1.32e-8,1,1988-03-21,1988-03-21,7946,5
1656,F077,1989,3,7958,5.8e-8,1,1989-07-18,1989-07-18,7952,5
1656,F077,1990,4,7963,3.63e-7,1,1990-10-02,1990-10-02,7959,3
1656,F077,1991,2,7965,9.6e-7,1,1991-05-21,1991-05-21,7963,1
1656,F077,1992,3,7970,1.74e-5,1,1992-07-14,1992-07-14,7966,3
1656,F077,1993,2,7973,6.32e-5,1,1993-05-12,1993-05-12,7970,2
1656,F077,1994,2,7977,0.001086183,1,1994-05-24,1994-05-24,7974,2
1657,F078,1986,3,7946,0.002773822,1,1986-07-17,1986-07-17,7943,2
1657,F078,1987,2,7949,0.011892046,1,1987-06-04,1987-06-04,7946,2
1658,F079,1987,1,7948,4.15e-8,1,1987-02-10,1987-02-10,7946,1
1658,F079,1989,2,7957,7.58e-7,1,1989-06-06,1989-06-06,7948,8
1658,F079,1990,2,7961,3.26e-6,1,1990-06-05,1990-06-05,7958,2
1658,F079,1991,3,7966,1.51e-4,1,1991-09-03,1991-09-03,7963,2
1658,F079,1992,3,7970,0.007324267,1,1992-08-11,1992-08-11,7968,1
1660,F094,1985,2,7941,4.06e-9,1,1985-05-20,1985-05-20,7938,2
1660,F094,1986,3,7946,8.8e-7,1,1986-08-13,1986-08-13,7943,2
1660,F094,1987,3,7950,1.49e-5,1,1987-08-19,1987-08-19,7947,2
1660,F094,1988,1,7952,4.07e-5,1,1988-01-27,1988-01-27,7950,1
1660,F094,1989,2,7957,0.007930886,1,1989-05-23,1989-05-23,7955,1
1661,F095,1988,1,7952,0.575033346,1,1988-03-09,1988-03-09,7938,13
1664,F098,1987,2,7949,1.12e-7,1,1987-05-11,1987-05-11,7938,10
1664,F098,1988,3,7954,7.55e-7,1,1988-07-19,1988-07-19,7950,3
1664,F098,1989,4,7959,8.8e-6,1,1989-10-18,1989-10-18,7955,3
1664,F098,1990,4,7963,3.08e-5,1,1990-10-17,1990-10-17,7959,3
1664,F098,1991,2,7965,7.6e-5,1,1991-06-04,1991-06-04,7963,1
1664,F098,1992,2,7969,0.001061189,1,1992-05-20,1992-05-20,7966,2
1664,F098,1992,4,7971,0.002907318,1,1992-10-06,1992-10-06,7969,1
1668,G004,1977,3,7910,0.021632051,1,1977-09-19,1977-09-19,7908,1
1673,G009,1981,4,7927,0.047064056,1,1981-10-01,1981-10-01,7909,17
1675,G011,1979,2,7917,0.007325399,1,1979-06-26,1979-06-26,7909,7
1675,G011,1980,2,7921,0.012323726,1,1980-06-18,1980-06-18,7917,3
1675,G011,1981,4,7927,0.024609864,1,1981-11-05,1981-11-05,7921,5
1677,G013,1981,3,7926,0.088203623,1,1981-08-11,1981-08-11,7909,16
1680,G017,1978,2,7913,5.22e-4,1,1978-05-18,1978-05-18,7910,2
1680,G017,1979,3,7918,0.001480091,1,1979-09-06,1979-09-06,7913,4
1680,G017,1980,3,7922,0.002859861,1,1980-09-24,1980-09-24,7918,3
1680,G017,1981,2,7925,0.004777469,1,1981-06-18,1981-06-18,7922,2
1680,G017,1983,3,7934,0.038784656,1,1983-08-16,1983-08-16,7926,7
1680,G017,1984,3,7938,0.100705565,1,1984-07-31,1984-07-31,7934,3
1680,G017,1986,4,7947,0.659775574,1,1986-11-11,1986-11-11,7938,8
1680,G017,1987,3,7950,0.671275522,1,1987-08-18,1987-08-18,7947,2
1680,G017,1988,4,7955,1,1,1988-10-18,1988-10-18,7953,1
1682,G019,1978,2,7913,5.58e-6,1,1978-05-18,1978-05-18,7909,3
1682,G019,1979,2,7917,1.22e-5,1,1979-06-27,1979-06-27,7913,3
1682,G019,1980,2,7921,2.4e-5,1,1980-06-06,1980-06-06,7917,3
1682,G019,1981,3,7926,6.87e-5,1,1981-09-07,1981-09-07,7922,3
1682,G019,1982,1,7928,1.31e-4,1,1982-02-23,1982-02-23,7926,1
1682,G019,1983,2,7933,0.002332183,1,1983-05-08,1983-05-08,7929,3
1683,G020,1978,2,7913,0.030253521,1,1978-05-25,1978-05-25,7910,2
1683,G020,1978,4,7915,0.048563281,1,1978-10-09,1978-10-09,7913,1
1683,G020,1979,3,7918,0.119252483,1,1979-07-18,1979-07-18,7915,2
1683,G020,1980,3,7922,0.271091057,1,1980-09-04,1980-09-04,7918,3
1683,G020,1981,2,7925,0.482116843,1,1981-06-11,1981-06-11,7922,2
1683,G020,1982,1,7928,0.999999999,1,1982-02-24,1982-02-24,7926,1
1683,G020,1983,1,7932,1,1,1983-02-08,1983-02-08,7929,2
1683,G020,1983,3,7934,1,2,1983-07-27,1983-09-20,7932,1
1685,G024,1979,2,7917,0.047996757,1,1979-06-28,1979-06-28,7909,7
1686,G025,1977,4,7911,0.002563323,1,1977-10-03,1977-10-03,7909,1
1686,G025,1978,2,7913,0.006155163,1,1978-05-18,1978-05-18,7911,1
1686,G025,1979,1,7916,0.012903989,1,1979-03-05,1979-03-05,7913,2
1686,G025,1979,3,7918,0.023397395,1,1979-07-18,1979-07-18,7916,1
1689,G028,1978,1,7912,0.006303496,1,1978-03-07,1978-03-07,7909,2
1690,G029,1978,2,7913,0.028991592,1,1978-06-27,1978-06-27,7909,3
1691,G030,1977,4,7911,0.157787581,1,1977-12-05,1977-12-05,7909,1
1691,G030,1978,2,7913,0.378886429,1,1978-06-27,1978-06-27,7911,1
1691,G030,1979,2,7917,0.999999964,1,1979-06-28,1979-06-28,7913,3
1692,G031,1981,3,7926,1,1,1981-07-14,1981-07-14,7909,16
1692,G031,1982,1,7928,1,1,1982-02-24,1982-02-24,7926,1
1695,G034,1978,2,7913,0.028991592,1,1978-06-21,1978-06-21,7909,3
1696,G035,1978,1,7912,0.011812,1,1978-03-01,1978-03-01,7909,2
1703,G044,1977,3,7910,0.003181177,1,1977-09-28,1977-09-28,7907,2
1703,G044,1978,3,7914,0.006507584,1,1978-09-04,1978-09-04,7910,3
1703,G044,1979,3,7918,0.011936828,1,1979-07-18,1979-07-18,7914,3
1703,G044,1980,3,7922,0.021717487,1,1980-07-29,1980-07-29,7918,3
1703,G044,1981,2,7925,0.035310681,1,1981-06-25,1981-06-25,7922,2
1704,G046,1981,3,7926,0.045133245,2,1981-07-14,1981-09-09,7910,15
1705,G048,1978,4,7915,0.030610155,1,1978-10-05,1978-10-05,7910,4
1710,G073,1988,4,7955,6.93e-6,1,1988-10-13,1988-10-13,7943,11
1710,G073,1990,2,7961,1.89e-5,1,1990-05-23,1990-05-23,7955,5
1710,G073,1991,2,7965,3.95e-5,1,1991-06-04,1991-06-04,7961,3
1710,G073,1991,4,7967,6.91e-5,1,1991-10-29,1991-10-29,7965,1
1710,G073,1993,4,7975,6.25e-4,1,1993-10-13,1993-10-13,7967,7
1710,G073,1994,4,7979,0.001990186,1,1994-10-18,1994-10-18,7975,3
1710,G073,1996,2,7985,0.01728156,1,1996-06-25,1996-06-25,7979,5
1712,GX002,1977,2,7909,0.057205105,1,1977-05-22,1977-05-22,7904,4
1719,H001,1980,3,7922,7.75e-4,1,1980-08-18,1980-08-18,7918,3
1719,H001,1981,3,7926,0.003135549,1,1981-07-08,1981-07-08,7922,3
1721,H003,2001,3,8006,0.999999993,1,2001-07-15,2001-07-15,7980,25
1723,H005,1995,3,7982,0.001211265,1,1995-08-22,1995-08-22,7980,1
1724,H006,1995,3,7982,1.61e-4,1,1995-07-19,1995-07-19,7980,1
1724,H006,1996,3,7986,0.001600821,1,1996-07-24,1996-07-24,7982,3
1724,H006,1997,3,7990,0.037210075,1,1997-07-09,1997-07-09,7987,2
1726,H008,1996,1,7984,3.59e-6,1,1996-01-16,1996-01-16,7982,1
1726,H008,1997,4,7991,0.05919214,1,1997-10-21,1997-10-21,7988,2
1726,H008,1998,2,7993,0.279974027,1,1998-05-19,1998-05-19,7991,1
1726,H008,1999,2,7997,0.833950426,1,1999-05-26,1999-05-26,7994,2
1732,H014,1996,1,7984,1.49e-8,1,1996-01-16,1996-01-16,7982,1
1732,H014,1998,2,7993,5.28e-7,1,1998-05-19,1998-05-19,7984,8
1732,H014,1999,3,7998,4.79e-6,3,1999-07-21,1999-09-22,7994,3
1732,H014,2000,3,8002,9.89e-4,1,2000-07-19,2000-07-19,7999,2
1732,H014,2001,3,8006,0.005081681,1,2001-07-25,2001-07-25,8002,3
1732,H014,2002,3,8010,0.022509833,1,2002-08-06,2002-08-06,8006,3
1733,H015,1996,2,7985,0.014988822,1,1996-06-25,1996-06-25,7982,2
1733,H015,1997,1,7988,0.231763265,1,1997-01-14,1997-01-14,7986,1
1733,H015,1998,3,7994,1,1,1998-07-29,1998-07-29,7989,4
1733,H015,1999,2,7997,1,1,1999-05-25,1999-05-25,7994,2
1733,H015,2001,3,8006,1,1,2001-09-05,2001-09-05,7998,7
1733,H015,2002,2,8009,1,1,2002-05-29,2002-05-29,8006,2
1734,H016,1996,1,7984,3.44e-6,1,1996-01-16,1996-01-16,7982,1
1734,H016,1997,3,7990,0.011891229,1,1997-08-05,1997-08-05,7988,1
1737,H019,1995,4,7983,0.079804056,1,1995-10-25,1995-10-25,7981,1
1737,H019,1996,3,7986,0.999999899,1,1996-07-30,1996-07-30,7983,2
1738,H020,1996,1,7984,0.001206927,1,1996-01-16,1996-01-16,7982,1
1738,H020,1997,3,7990,0.035551224,1,1997-08-05,1997-08-05,7986,3
1745,H027,1996,1,7984,5.01e-23,1,1996-01-16,1996-01-16,7982,1
1745,H027,1997,2,7989,1.76e-19,2,1997-05-20,1997-06-27,7987,1
1745,H027,1998,2,7993,6.65e-17,1,1998-05-20,1998-05-20,7991,1
1745,H027,1999,2,7997,2.08e-15,1,1999-05-25,1999-05-25,7995,1
1745,H027,2000,3,8002,1.53e-14,1,2000-09-05,2000-09-05,7997,4
1745,H027,2001,2,8005,6.58e-14,1,2001-06-26,2001-06-26,8003,1
1745,H027,2002,3,8010,2.32e-12,1,2002-08-06,2002-08-06,8007,2
1745,H027,2003,3,8014,4.12e-11,1,2003-08-05,2003-08-05,8011,2
1745,H027,2004,2,8017,5.45e-10,1,2004-05-25,2004-05-25,8015,1
1745,H027,2005,2,8021,3.78e-9,1,2005-05-24,2005-05-24,8017,3
1745,H027,2006,2,8025,1.98e-7,1,2006-05-10,2006-05-10,8022,2
1745,H027,2007,3,8030,2.97e-4,1,2007-08-01,2007-08-01,8027,2
1746,H028,1996,1,7984,0.079593399,1,1996-01-17,1996-01-17,7982,1
1746,H028,1996,3,7986,0.572917699,1,1996-09-03,1996-09-03,7984,1
1746,H028,1998,1,7992,0.962003933,1,1998-02-17,1998-02-17,7986,5
1746,H028,1998,3,7994,0.999388698,2,1998-07-28,1998-09-08,7992,1
1746,H028,1999,3,7998,1,2,1999-07-21,1999-09-07,7996,1
1746,H028,2000,1,8000,1,1,2000-02-08,2000-02-08,7998,1
1747,H029,1996,1,7984,2.48e-7,1,1996-01-16,1996-01-16,7982,1
1747,H029,1998,2,7993,4.87e-4,1,1998-05-19,1998-05-19,7987,5
1747,H029,1999,2,7997,0.001659053,1,1999-05-25,1999-05-25,7993,3
1749,H031,1996,1,7984,8.28e-7,1,1996-01-16,1996-01-16,7982,1
1749,H031,1997,3,7990,1.96e-5,1,1997-07-22,1997-07-22,7985,4
1749,H031,1998,3,7994,9.35e-5,1,1998-07-14,1998-07-14,7990,3
1749,H031,1999,4,7999,4.06e-4,2,1999-10-13,1999-11-29,7994,4
1750,H032,1996,1,7984,1.7e-5,1,1996-01-17,1996-01-17,7982,1
1750,H032,1997,1,7988,2.18e-4,1,1997-01-15,1997-01-15,7984,3
1750,H032,1997,3,7990,8.54e-4,1,1997-09-24,1997-09-24,7988,1
1750,H032,1998,3,7994,0.005964782,1,1998-07-14,1998-07-14,7990,3
1751,H033,1996,1,7984,4.25e-4,1,1996-01-16,1996-01-16,7982,1
1751,H033,1997,1,7988,0.210216507,1,1997-01-15,1997-01-15,7986,1
1756,H038,1996,1,7984,0.004527468,1,1996-01-17,1996-01-17,7982,1
1757,H039,1996,1,7984,0.081777203,1,1996-01-17,1996-01-17,7982,1
1758,H040,1995,4,7983,2.15e-4,1,1995-10-25,1995-10-25,7981,1
1758,H040,1996,3,7986,0.002698086,1,1996-07-31,1996-07-31,7983,2
1758,H040,1997,3,7990,0.020129068,1,1997-07-23,1997-07-23,7986,3
1759,H041,1996,3,7986,4.23e-4,2,1996-07-09,1996-09-17,7984,1
1759,H041,1997,1,7988,0.007206632,1,1997-01-28,1997-01-28,7986,1
1761,H043,1996,3,7986,2.18e-5,1,1996-09-18,1996-09-18,7984,1
1761,H043,1997,2,7989,6.16e-4,1,1997-06-24,1997-06-24,7987,1
1761,H043,1998,2,7993,0.052952673,1,1998-06-16,1998-06-16,7991,1
1761,H043,1999,2,7997,1,1,1999-06-22,1999-06-22,7995,1
1761,H043,2000,2,8001,1,1,2000-06-20,2000-06-20,7999,1
1761,H043,2001,3,8006,1,1,2001-08-21,2001-08-21,8003,2
1761,H043,2002,2,8009,1,1,2002-06-18,2002-06-18,8007,1
1761,H043,2004,2,8017,1,1,2004-06-08,2004-06-08,8015,1
1761,H043,2005,2,8021,1,1,2005-06-07,2005-06-07,8019,1
1762,H044,1996,3,7986,1.17e-9,1,1996-07-09,1996-07-09,7984,1
1762,H044,1997,2,7989,9.5e-9,1,1997-06-24,1997-06-24,7986,2
1762,H044,1998,2,7993,6.66e-7,1,1998-06-17,1998-06-17,7991,1
1762,H044,1999,3,7998,2.38e-4,1,1999-08-03,1999-08-03,7995,2
1762,H044,2000,2,8001,0.003044571,1,2000-06-20,2000-06-20,7999,1
1762,H044,2000,4,8003,0.009650352,1,2000-11-01,2000-11-01,8001,1
1764,H046,1996,3,7986,2.88e-4,2,1996-07-30,1996-09-18,7984,1
1764,H046,1997,3,7990,3.58e-4,1,1997-09-23,1997-09-23,7986,3
1764,H046,1998,3,7994,6.94e-4,1,1998-08-11,1998-08-11,7990,3
1764,H046,1999,2,7997,0.001666393,1,1999-06-22,1999-06-22,7994,2
1764,H046,1999,4,7999,0.003573721,1,1999-10-12,1999-10-12,7997,1
1764,H046,2001,3,8006,0.035494155,1,2001-08-21,2001-08-21,7999,6
1765,H047,1996,3,7986,8.03e-5,2,1996-07-09,1996-09-17,7983,2
1765,H047,1997,3,7990,0.002423664,1,1997-09-09,1997-09-09,7986,3
1765,H047,1998,1,7992,0.00719041,1,1998-02-18,1998-02-18,7990,1
1765,H047,1998,3,7994,0.019531241,1,1998-08-11,1998-08-11,7992,1
1769,H051,1996,4,7987,8.5e-7,1,1996-10-01,1996-10-01,7984,2
1769,H051,1997,3,7990,1.93e-5,1,1997-07-09,1997-07-09,7988,1
1769,H051,1998,3,7994,9.75e-4,1,1998-09-08,1998-09-08,7991,2
1769,H051,1999,3,7998,0.004987646,2,1999-07-06,1999-09-08,7994,3
1769,H051,2000,3,8002,0.066341007,1,2000-07-04,2000-07-04,7998,3
1769,H051,2001,3,8006,0.077702811,2,2001-08-07,2001-09-18,8002,3
1769,H051,2003,2,8013,0.43976929,1,2003-06-04,2003-06-04,8006,6
1771,H053,1996,3,7986,9.99e-10,2,1996-07-23,1996-07-30,7984,1
1771,H053,1997,3,7990,5.41e-7,2,1997-07-09,1997-08-05,7988,1
1771,H053,1998,3,7994,1.71e-5,3,1998-07-01,1998-09-08,7990,3
1771,H053,1999,3,7998,0.001141926,2,1999-07-07,1999-09-07,7994,3
1772,H054,1996,3,7986,5.4e-8,1,1996-07-23,1996-07-23,7984,1
1772,H054,1997,3,7990,8.39e-6,1,1997-07-09,1997-07-09,7987,2
1772,H054,1998,3,7994,3.27e-4,2,1998-07-30,1998-09-08,7991,2
1772,H054,2001,2,8005,0.014001857,1,2001-06-12,2001-06-12,7994,10
1772,H054,2002,3,8010,0.035013412,1,2002-07-09,2002-07-09,8005,4
1773,H055,1996,1,7984,0.035664038,1,1996-02-13,1996-02-13,7982,1
1773,H055,1996,4,7987,0.311915822,1,1996-10-01,1996-10-01,7984,2
1773,H055,1997,3,7990,1,1,1997-07-08,1997-07-08,7988,1
1775,H057,1996,3,7986,0.005843626,1,1996-07-23,1996-07-23,7982,3
1775,H057,1997,3,7990,0.041984972,1,1997-07-08,1997-07-08,7986,3
1775,H057,2000,3,8002,0.490814082,1,2000-07-04,2000-07-04,7990,11
1775,H057,2001,2,8005,0.84421951,1,2001-06-12,2001-06-12,8002,2
1775,H057,2002,3,8010,0.96448696,1,2002-07-10,2002-07-10,8005,4
1775,H057,2003,2,8013,0.980563424,1,2003-06-03,2003-06-03,8010,2
1775,H057,2005,2,8021,0.989122366,1,2005-06-21,2005-06-21,8013,7
1777,H059,1996,1,7984,0.010195302,1,1996-02-14,1996-02-14,7982,1
1778,H060,1996,3,7986,0.002463262,1,1996-07-23,1996-07-23,7983,2
1779,H061,1996,1,7984,2.91e-13,1,1996-02-13,1996-02-13,7982,1
1779,H061,1996,3,7986,2.09e-12,1,1996-07-23,1996-07-23,7984,1
1779,H061,1997,3,7990,1.42e-10,1,1997-07-08,1997-07-08,7987,2
1779,H061,1998,3,7994,2.98e-9,2,1998-07-01,1998-09-08,7991,2
1779,H061,1999,3,7998,1.91e-7,1,1999-09-07,1999-09-07,7995,2
1779,H061,2000,3,8002,9.59e-7,1,2000-09-20,2000-09-20,7998,3
1779,H061,2001,2,8005,3.13e-6,1,2001-06-13,2001-06-13,8002,2
1779,H061,2002,3,8010,5.66e-5,2,2002-07-10,2002-09-11,8006,3
1779,H061,2005,2,8021,0.002448443,1,2005-06-08,2005-06-08,8010,10
1779,H061,2006,4,8027,0.007200873,1,2006-11-08,2006-11-08,8021,5
1780,H062,1996,3,7986,4.39e-4,1,1996-07-24,1996-07-24,7984,1
1780,H062,1997,3,7990,0.016543202,1,1997-07-08,1997-07-08,7987,2
1781,H063,1997,1,7988,1.04e-10,1,1997-02-11,1997-02-11,7983,4
1781,H063,1997,3,7990,3.6e-10,1,1997-07-23,1997-07-23,7988,1
1781,H063,1998,2,7993,3.14e-9,1,1998-06-30,1998-06-30,7991,1
1781,H063,1999,1,7996,1.34e-8,1,1999-02-23,1999-02-23,7993,2
1781,H063,1999,4,7999,5.66e-8,1,1999-11-09,1999-11-09,7996,2
1781,H063,2001,2,8005,3.87e-7,1,2001-06-12,2001-06-12,7999,5
1781,H063,2002,1,8008,6.82e-6,1,2002-02-05,2002-02-05,8006,1
1781,H063,2002,4,8011,5.2e-5,1,2002-11-20,2002-11-20,8008,2
1781,H063,2003,2,8013,2.14e-4,1,2003-06-04,2003-06-04,8011,1
1781,H063,2003,4,8015,6.2e-4,1,2003-11-25,2003-11-25,8013,1
1781,H063,2004,3,8018,0.004430173,1,2004-07-07,2004-07-07,8015,2
1781,H063,2005,1,8020,0.012586587,1,2005-02-01,2005-02-01,8018,1
1782,H064,1996,3,7986,0.0104181,1,1996-07-30,1996-07-30,7983,2
1783,H065,1996,1,7984,0.004539836,1,1996-01-16,1996-01-16,7982,1
1784,H066,1996,1,7984,5.13e-7,1,1996-01-16,1996-01-16,7982,1
1784,H066,1997,1,7988,1.08e-4,1,1997-01-15,1997-01-15,7986,1
1784,H066,1997,4,7991,0.002352495,1,1997-10-21,1997-10-21,7989,1
1784,H066,1999,4,7999,0.044822629,1,1999-10-13,1999-10-13,7991,7
1785,H067,1996,1,7984,2.69e-4,1,1996-01-17,1996-01-17,7982,1
1785,H067,1996,3,7986,0.001934787,1,1996-09-03,1996-09-03,7984,1
1785,H067,1997,3,7990,0.01937911,1,1997-08-05,1997-08-05,7986,3
1787,H069,1996,3,7986,5.08e-16,1,1996-09-18,1996-09-18,7982,3
1787,H069,1998,2,7993,6.13e-15,1,1998-06-17,1998-06-17,7986,6
1787,H069,1999,2,7997,5.14e-14,1,1999-06-23,1999-06-23,7994,2
1787,H069,2000,2,8001,2.4e-12,1,2000-06-21,2000-06-21,7999,1
1787,H069,2001,2,8005,1.59e-10,1,2001-06-26,2001-06-26,8003,1
1787,H069,2002,2,8009,1.26e-8,1,2002-06-18,2002-06-18,8007,1
1787,H069,2002,4,8011,4.17e-8,1,2002-11-05,2002-11-05,8009,1
1787,H069,2003,4,8015,3.63e-7,1,2003-11-11,2003-11-11,8011,3
1787,H069,2004,2,8017,1.18e-6,1,2004-06-08,2004-06-08,8015,1
1787,H069,2005,3,8022,9.31e-5,2,2005-08-02,2005-09-28,8019,2
1787,H069,2006,2,8025,7.15e-4,1,2006-05-16,2006-05-16,8022,2
1788,H070,1996,3,7986,1.99e-6,1,1996-07-30,1996-07-30,7983,2
1788,H070,1997,3,7990,5.49e-5,2,1997-07-22,1997-09-23,7987,2
1788,H070,1998,2,7993,9.71e-4,1,1998-06-16,1998-06-16,7990,2
1789,H071,1996,3,7986,2.42e-5,2,1996-07-09,1996-09-18,7984,1
1789,H071,1997,1,7988,4.1e-4,1,1997-01-28,1997-01-28,7986,1
1794,H076,1996,3,7986,1,1,1996-07-09,1996-07-09,7984,1
1795,H077,1996,3,7986,2.7e-5,1,1996-07-23,1996-07-23,7984,1
1795,H077,1997,3,7990,2.76e-4,1,1997-07-08,1997-07-08,7986,3
1795,H077,1998,3,7994,0.001473442,2,1998-07-01,1998-09-08,7990,3
1796,H078,1996,3,7986,6.21e-4,1,1996-07-30,1996-07-30,7983,2
1796,H078,1997,1,7988,0.00226567,1,1997-02-11,1997-02-11,7986,1
1796,H078,1997,3,7990,0.012774401,1,1997-07-22,1997-07-22,7988,1
1798,I002,2003,4,8015,0.002093776,1,2003-11-25,2003-11-25,8008,6
1798,I002,2004,3,8018,0.005831647,1,2004-07-06,2004-07-06,8015,2
1800,I004,2003,2,8013,0.007462029,1,2003-05-13,2003-05-13,8011,1
1803,I007,2004,4,8019,1.62e-8,1,2004-10-20,2004-10-20,8015,3
1803,I007,2005,2,8021,5.76e-8,1,2005-05-24,2005-05-24,8019,1
1803,I007,2005,4,8023,1.61e-7,2,2005-10-12,2005-12-14,8021,1
1803,I007,2007,2,8029,0.001989602,1,2007-06-05,2007-06-05,8026,2
1804,I008,2002,4,8011,2.27e-25,1,2002-10-22,2002-10-22,8009,1
1804,I008,2003,4,8015,5.97e-24,1,2003-10-28,2003-10-28,8012,2
1804,I008,2004,2,8017,2.47e-23,1,2004-05-26,2004-05-26,8015,1
1804,I008,2005,2,8021,7.24e-22,1,2005-05-25,2005-05-25,8019,1
1804,I008,2006,3,8026,3.65e-20,1,2006-07-18,2006-07-18,8022,3
1804,I008,2007,3,8030,2.21e-17,1,2007-07-31,2007-07-31,8027,2
1804,I008,2008,3,8034,1.47e-14,1,2008-07-22,2008-07-22,8031,2
1804,I008,2009,2,8037,4.18e-13,1,2009-06-02,2009-06-02,8035,1
1804,I008,2010,2,8041,3.39e-10,1,2010-05-11,2010-05-11,8038,2
1804,I008,2011,2,8045,4.98e-6,1,2011-05-03,2011-05-03,8043,1
1804,I008,2012,2,8049,0.009651805,1,2012-05-29,2012-05-29,8046,2
1805,I009,2003,4,8015,0.999999997,1,2003-10-28,2003-10-28,8011,3
1807,I011,2003,1,8012,0.011102432,1,2003-01-08,2003-01-08,8010,1
1808,I012,2003,2,8013,0.012263059,1,2003-05-13,2003-05-13,8011,1
1810,I014,2002,4,8011,0.96113522,1,2002-11-05,2002-11-05,8009,1
1810,I014,2003,2,8013,0.995156017,1,2003-05-20,2003-05-20,8011,1
1810,I014,2004,2,8017,0.998515669,1,2004-06-08,2004-06-08,8015,1
1812,I016,2003,2,8013,0.012119817,1,2003-05-21,2003-05-21,8011,1
1812,I016,2003,4,8015,0.039893025,1,2003-11-11,2003-11-11,8013,1
1812,I016,2004,3,8018,0.053207165,1,2004-08-24,2004-08-24,8015,2
1812,I016,2006,4,8027,0.060336294,1,2006-12-12,2006-12-12,8018,8
1813,I017,2003,2,8013,1,1,2003-05-20,2003-05-20,8011,1
1814,I018,2003,4,8015,0.002650571,1,2003-11-12,2003-11-12,8011,3
1815,I019,2003,1,8012,1.48e-11,1,2003-01-14,2003-01-14,8010,1
1815,I019,2003,4,8015,1e-10,1,2003-11-12,2003-11-12,8012,2
1815,I019,2004,2,8017,4.05e-10,1,2004-06-09,2004-06-09,8015,1
1815,I019,2004,4,8019,1.17e-9,1,2004-11-09,2004-11-09,8017,1
1815,I019,2006,3,8026,1.72e-8,1,2006-08-02,2006-08-02,8019,6
1815,I019,2007,2,8029,4.03e-6,1,2007-05-22,2007-05-22,8027,1
1815,I019,2008,2,8033,1.65e-4,1,2008-05-20,2008-05-20,8029,3
1816,I020,2004,2,8017,0.026336464,1,2004-06-08,2004-06-08,8012,4
1818,I022,2004,2,8017,1,1,2004-05-12,2004-05-12,8015,1
1820,I024,2003,3,8014,0.006330126,1,2003-08-19,2003-08-19,8009,4
1820,I024,2004,2,8017,0.020407825,1,2004-06-09,2004-06-09,8014,2
1823,I027,2004,2,8017,0.006488471,1,2004-06-08,2004-06-08,8012,4
1823,I027,2004,4,8019,0.013347859,1,2004-11-09,2004-11-09,8017,1
1826,I030,2004,1,8016,1.24e-4,1,2004-02-03,2004-02-03,8014,1
1826,I030,2004,3,8018,7.1e-4,1,2004-07-06,2004-07-06,8016,1
1831,I035,2003,2,8013,3.03e-10,1,2003-06-03,2003-06-03,8011,1
1831,I035,2004,3,8018,3.9e-9,1,2004-07-06,2004-07-06,8014,3
1831,I035,2005,2,8021,1.51e-8,1,2005-06-22,2005-06-22,8018,2
1831,I035,2006,2,8025,7.57e-7,1,2006-05-24,2006-05-24,8023,1
1831,I035,2007,2,8029,5.6e-6,1,2007-06-05,2007-06-05,8025,3
1831,I035,2007,4,8031,5.34e-5,1,2007-11-06,2007-11-06,8029,1
1831,I035,2009,2,8037,0.00521412,1,2009-05-06,2009-05-06,8031,5
1831,I035,2009,4,8039,0.033998516,1,2009-10-14,2009-10-14,8037,1
1831,I035,2010,2,8041,0.602577843,1,2010-06-15,2010-06-15,8039,1
1833,I037,2003,2,8013,0.053371619,1,2003-05-13,2003-05-13,8011,1
1836,I040,2003,2,8013,1,1,2003-06-03,2003-06-03,8011,1
1838,I042,2003,2,8013,9.3e-5,1,2003-05-13,2003-05-13,8011,1
1838,I042,2004,2,8017,0.003101937,1,2004-05-25,2004-05-25,8015,1
1839,I043,2003,1,8012,0.010628072,1,2003-01-07,2003-01-07,8010,1
1841,I045,2003,2,8013,2.38e-5,1,2003-05-13,2003-05-13,8011,1
1841,I045,2005,3,8022,0.001601438,1,2005-07-20,2005-07-20,8015,6
1841,I045,2006,3,8026,0.005021467,1,2006-07-18,2006-07-18,8022,3
1843,I047,2003,2,8013,0.01258866,1,2003-05-13,2003-05-13,8011,1
1844,I048,2003,2,8013,0.199778836,1,2003-06-04,2003-06-04,8011,1
1845,I049,2004,3,8018,0.040562564,1,2004-07-06,2004-07-06,8010,7
1848,I052,2005,2,8021,0.493549014,1,2005-06-22,2005-06-22,8012,8
1851,J003,1999,2,7997,5.46e-7,1,1999-05-25,1999-05-25,7995,1
1851,J003,2000,2,8001,4.04e-5,1,2000-05-23,2000-05-23,7998,2
1851,J003,2000,4,8003,1.17e-4,1,2000-10-03,2000-10-03,8001,1
1851,J003,2001,3,8006,7.67e-4,2,2001-07-25,2001-09-05,8003,2
1851,J003,2002,2,8009,0.04131866,1,2002-05-29,2002-05-29,8007,1
1851,J003,2003,2,8013,0.294848548,1,2003-05-14,2003-05-14,8009,3
1853,J005,1999,3,7998,1.87e-4,2,1999-08-18,1999-09-22,7996,1
1853,J005,2000,1,8000,0.002185,1,2000-02-15,2000-02-15,7998,1
1853,J005,2001,4,8007,0.031520823,1,2001-10-16,2001-10-16,8000,6
1854,J006,1999,1,7996,5.76e-5,1,1999-01-26,1999-01-26,7993,2
1855,J007,1999,2,7997,0.013519882,1,1999-05-26,1999-05-26,7995,1
1856,J008,1999,3,7998,0.58629378,1,1999-07-21,1999-07-21,7995,2
1856,J008,2001,3,8006,0.754060072,1,2001-09-05,2001-09-05,7999,6
1858,J010,1999,3,7998,0.006850233,2,1999-07-21,1999-08-17,7996,1
1858,J010,2000,2,8001,0.063838008,1,2000-06-21,2000-06-21,7998,2
1860,J012,2000,2,8001,0.915013314,1,2000-05-23,2000-05-23,7999,1
1861,J013,1999,1,7996,8.16e-4,2,1999-01-12,1999-01-26,7994,1
1861,J013,1999,3,7998,0.009298693,2,1999-07-21,1999-09-22,7996,1
1861,J013,2001,4,8007,0.467904467,1,2001-10-16,2001-10-16,7998,8
1861,J013,2002,2,8009,0.999999997,1,2002-05-16,2002-05-16,8007,1
1862,J014,1998,4,7995,1.74e-4,1,1998-10-06,1998-10-06,7993,1
1863,J015,2000,2,8001,0.011164316,1,2000-05-23,2000-05-23,7998,2
1863,J015,2001,3,8006,0.02196987,2,2001-07-25,2001-09-04,8002,3
1863,J015,2002,2,8009,0.085765546,1,2002-05-28,2002-05-28,8006,2
1863,J015,2003,2,8013,0.237617608,1,2003-05-13,2003-05-13,8009,3
1863,J015,2004,3,8018,0.988094168,2,2004-08-24,2004-09-22,8013,4
1863,J015,2005,2,8021,0.996208568,1,2005-06-08,2005-06-08,8019,1
1865,J017,2000,3,8002,3.73e-6,1,2000-09-05,2000-09-05,7998,3
1865,J017,2001,3,8006,5.34e-5,2,2001-07-24,2001-09-04,8003,2
1865,J017,2002,3,8010,0.00109117,1,2002-08-06,2002-08-06,8006,3
1865,J017,2003,2,8013,0.004408659,1,2003-05-13,2003-05-13,8010,2
1867,J019,1999,1,7996,0.010874176,1,1999-01-27,1999-01-27,7994,1
1868,J020,1999,2,7997,0.004265402,1,1999-05-26,1999-05-26,7994,2
1869,J021,1998,4,7995,0.003107989,1,1998-10-06,1998-10-06,7993,1
1869,J021,1999,2,7997,0.015286923,1,1999-05-26,1999-05-26,7995,1
1870,J022,1998,4,7995,4.61e-5,1,1998-10-06,1998-10-06,7993,1
1870,J022,2000,3,8002,0.006228495,1,2000-09-05,2000-09-05,7997,4
1870,J022,2001,3,8006,0.0225313,1,2001-07-24,2001-07-24,8002,3
1871,J023,1999,3,7998,1.8e-5,3,1999-07-20,1999-09-21,7996,1
1871,J023,2000,2,8001,7.57e-4,1,2000-05-24,2000-05-24,7999,1
1871,J023,2001,3,8006,0.018121395,1,2001-07-25,2001-07-25,8002,3
1874,J026,1999,1,7996,1,1,1999-01-27,1999-01-27,7994,1
1876,J028,2000,2,8001,0.003839954,1,2000-06-21,2000-06-21,7998,2
1876,J028,2001,2,8005,0.020548219,1,2001-06-26,2001-06-26,8001,3
1877,J029,2000,2,8001,7.16e-4,1,2000-06-20,2000-06-20,7999,1
1877,J029,2000,4,8003,0.002350878,1,2000-11-29,2000-11-29,8001,1
1877,J029,2001,4,8007,0.018479058,1,2001-10-02,2001-10-02,8003,3
1881,J033,2000,4,8003,0.834322126,1,2000-10-03,2000-10-03,7999,3
1882,J034,2000,3,8002,3.31e-4,2,2000-07-18,2000-08-23,7999,2
1882,J034,2001,3,8006,0.004427246,1,2001-08-21,2001-08-21,8002,3
1882,J034,2002,3,8010,0.021866861,1,2002-08-20,2002-08-20,8006,3
1883,J035,1999,4,7999,0.982096708,1,1999-10-12,1999-10-12,7997,1
1883,J035,2000,3,8002,0.996527754,1,2000-07-19,2000-07-19,7999,2
1883,J035,2001,3,8006,0.999737905,1,2001-07-04,2001-07-04,8002,3
1883,J035,2002,3,8010,0.999967885,1,2002-08-20,2002-08-20,8007,2
1883,J035,2003,3,8014,1,1,2003-08-20,2003-08-20,8010,3
1885,J037,1999,2,7997,1.54e-5,1,1999-06-23,1999-06-23,7994,2
1885,J037,2000,2,8001,2.35e-4,1,2000-06-21,2000-06-21,7998,2
1885,J037,2001,2,8005,0.001219204,1,2001-06-26,2001-06-26,8001,3
1885,J037,2001,4,8007,0.00268188,1,2001-10-02,2001-10-02,8005,1
1885,J037,2002,2,8009,0.01362489,1,2002-06-19,2002-06-19,8007,1
1887,J039,2001,2,8005,1,1,2001-06-26,2001-06-26,8003,1
1888,J040,1999,2,7997,1.42e-7,1,1999-06-22,1999-06-22,7995,1
1888,J040,2000,2,8001,9.28e-6,1,2000-06-20,2000-06-20,7999,1
1888,J040,2001,2,8005,6.19e-4,1,2001-06-26,2001-06-26,8003,1
1889,J041,1999,1,7996,3.56e-4,1,1999-02-11,1999-02-11,7993,2
1889,J041,2000,2,8001,0.004036852,1,2000-06-20,2000-06-20,7998,2
1890,J042,1999,2,7997,1.15e-4,1,1999-06-22,1999-06-22,7995,1
1890,J042,2000,2,8001,2.26e-4,1,2000-06-20,2000-06-20,7998,2
1890,J042,2001,2,8005,0.001950263,1,2001-06-26,2001-06-26,8002,2
1892,J044,2000,3,8002,0.002898983,1,2000-08-22,2000-08-22,7994,7
1892,J044,2003,3,8014,0.016112381,1,2003-08-20,2003-08-20,8002,11
1897,J049,1999,3,7998,1,2,1999-07-06,1999-09-07,7996,1
1898,J050,1999,3,7998,0.978920057,2,1999-07-06,1999-09-08,7994,3
1898,J050,2000,1,8000,0.994424324,2,2000-01-26,2000-02-09,7998,1
1898,J050,2000,3,8002,0.995355013,1,2000-07-04,2000-07-04,8000,1
1899,J051,1999,3,7998,0.999994251,2,1999-07-06,1999-09-07,7996,1
1899,J051,2000,3,8002,1,2,2000-07-04,2000-09-19,7999,2
1901,J053,1998,4,7995,0.001942063,1,1998-12-01,1998-12-01,7993,1
1901,J053,1999,3,7998,0.012254991,2,1999-07-07,1999-09-07,7995,2
1901,J053,2000,3,8002,1,2,2000-07-04,2000-09-19,8000,1
1901,J053,2001,2,8005,1,1,2001-06-12,2001-06-12,8003,1
1901,J053,2002,3,8010,1,1,2002-09-10,2002-09-10,8006,3
1902,J054,1999,3,7998,9.72e-6,1,1999-09-08,1999-09-08,7996,1
1902,J054,2001,2,8005,3.68e-4,1,2001-06-13,2001-06-13,7999,5
1902,J054,2004,3,8018,0.010893675,1,2004-07-06,2004-07-06,8006,11
1902,J054,2005,2,8021,0.021625203,1,2005-06-21,2005-06-21,8018,2
1902,J054,2008,2,8033,0.196153546,1,2008-06-03,2008-06-03,8021,11
1903,J055,1999,3,7998,0.00172331,1,1999-09-07,1999-09-07,7993,4
1904,J056,1999,1,7996,1.9e-4,1,1999-02-23,1999-02-23,7993,2
1904,J056,1999,3,7998,6.67e-4,2,1999-07-06,1999-09-08,7996,1
1904,J056,2000,4,8003,0.015614852,1,2000-10-18,2000-10-18,7998,4
1904,J056,2001,3,8006,0.055317113,1,2001-08-07,2001-08-07,8003,2
1904,J056,2002,1,8008,0.141718321,1,2002-02-05,2002-02-05,8006,1
1904,J056,2003,1,8012,1,1,2003-01-22,2003-01-22,8008,3
1904,J056,2004,4,8019,1,1,2004-10-06,2004-10-06,8012,6
1906,J058,1999,1,7996,2.34e-10,1,1999-02-23,1999-02-23,7994,1
1906,J058,1999,3,7998,1.22e-9,2,1999-07-07,1999-09-07,7996,1
1906,J058,2000,3,8002,1.03e-7,2,2000-07-04,2000-09-19,7999,2
1906,J058,2001,3,8006,3.12e-6,2,2001-08-08,2001-09-18,8003,2
1906,J058,2002,3,8010,6.61e-5,2,2002-07-10,2002-09-10,8006,3
1906,J058,2003,4,8015,0.001335989,1,2003-11-25,2003-11-25,8010,4
1906,J058,2004,4,8019,0.005791,1,2004-10-05,2004-10-05,8015,3
1908,J060,1999,1,7996,1.07e-4,1,1999-02-23,1999-02-23,7994,1
1908,J060,1999,3,7998,5.62e-4,2,1999-07-06,1999-09-08,7996,1
1908,J060,2003,2,8013,0.018896967,1,2003-06-04,2003-06-04,7998,14
1908,J060,2004,3,8018,0.041213777,1,2004-07-06,2004-07-06,8013,4
1910,J062,1999,1,7996,2.71e-8,1,1999-02-24,1999-02-24,7994,1
1910,J062,1999,3,7998,1.42e-7,2,1999-07-07,1999-09-08,7996,1
1910,J062,2000,3,8002,1.43e-4,1,2000-09-20,2000-09-20,8000,1
1910,J062,2001,2,8005,0.002669131,1,2001-06-12,2001-06-12,8003,1
1911,J063,1999,3,7998,4.48e-10,2,1999-07-06,1999-09-07,7996,1
1911,J063,2000,3,8002,1.25e-7,3,2000-07-04,2000-09-20,8000,1
1911,J063,2001,2,8005,3.71e-5,1,2001-06-12,2001-06-12,8003,1
1911,J063,2002,4,8011,0.001272614,1,2002-11-19,2002-11-19,8006,4
1911,J063,2003,3,8014,0.012817087,1,2003-09-02,2003-09-02,8012,1
1912,J064,1999,3,7998,0.005318572,2,1999-07-06,1999-09-07,7994,3
1913,J065,1999,3,7998,0.012871235,1,1999-07-07,1999-07-07,7996,1
1914,J066,1999,3,7998,1,1,1999-07-06,1999-07-06,7996,1
1915,J067,1999,3,7998,8e-4,2,1999-07-06,1999-09-07,7994,3
1915,J067,2000,4,8003,0.012059131,1,2000-10-17,2000-10-17,7998,4
1915,J067,2001,2,8005,0.034092593,1,2001-04-11,2001-04-11,8003,1
1916,J068,1999,3,7998,2.03e-4,2,1999-07-07,1999-09-07,7994,3
1916,J068,2000,3,8002,0.029282198,2,2000-07-04,2000-09-19,8000,1
1916,J068,2002,1,8008,1,1,2002-02-05,2002-02-05,8006,1
1917,J069,1999,3,7998,0.410646871,2,1999-07-06,1999-09-07,7994,3
1917,J069,2000,1,8000,0.503187183,1,2000-02-08,2000-02-08,7998,1
1917,J069,2000,3,8002,1,2,2000-07-05,2000-09-20,8000,1
1917,J069,2001,2,8005,1,1,2001-06-12,2001-06-12,8002,2
1917,J069,2002,3,8010,1,1,2002-09-10,2002-09-10,8006,3
1918,J070,1999,3,7998,1.06e-5,1,1999-09-07,1999-09-07,7996,1
1918,J070,2000,3,8002,2.33e-4,1,2000-07-04,2000-07-04,7999,2
1918,J070,2001,2,8005,9.57e-4,1,2001-06-12,2001-06-12,8002,2
1918,J070,2002,1,8008,0.009051915,1,2002-02-06,2002-02-06,8006,1
1919,J071,1999,3,7998,7.76e-9,2,1999-07-06,1999-09-07,7996,1
1919,J071,2000,3,8002,2.18e-6,3,2000-07-04,2000-09-20,8000,1
1919,J071,2001,1,8004,1.04e-4,1,2001-02-06,2001-02-06,8002,1
1919,J071,2001,3,8006,6.54e-4,2,2001-08-07,2001-09-18,8004,1
1919,J071,2002,1,8008,0.008331113,1,2002-02-05,2002-02-05,8006,1
1919,J071,2002,3,8010,0.052565001,2,2002-07-09,2002-09-10,8008,1
1920,J072,1999,3,7998,0.901524559,1,1999-07-06,1999-07-06,7995,2
1922,J074,1999,2,7997,0.033155093,1,1999-05-25,1999-05-25,7995,1
1924,J076,1999,1,7996,0.207247571,1,1999-01-26,1999-01-26,7994,1
1926,J078,2001,3,8006,0.524302764,1,2001-07-24,2001-07-24,7998,7
1927,J079,1999,1,7996,6.58e-7,1,1999-01-27,1999-01-27,7994,1
1927,J079,2000,3,8002,2.77e-4,1,2000-09-06,2000-09-06,7998,3
1927,J079,2002,2,8009,0.002014099,1,2002-05-28,2002-05-28,8002,6
1928,J080,2000,1,8000,3.75e-5,1,2000-01-11,2000-01-11,7998,1
1928,J080,2000,3,8002,2.03e-4,1,2000-09-05,2000-09-05,8000,1
1928,J080,2001,1,8004,6.8e-4,1,2001-01-10,2001-01-10,8002,1
1928,J080,2002,1,8008,0.161206316,1,2002-02-06,2002-02-06,8006,1
1930,J082,1999,2,7997,0.632382295,1,1999-06-23,1999-06-23,7994,2
1931,J083,1999,2,7997,2.15e-8,1,1999-06-22,1999-06-22,7995,1
1931,J083,2000,3,8002,5.42e-6,1,2000-08-23,2000-08-23,8000,1
1931,J083,2001,2,8005,2.95e-5,1,2001-06-26,2001-06-26,8002,2
1931,J083,2003,1,8012,0.003221511,1,2003-01-14,2003-01-14,8007,4
1931,J083,2003,4,8015,0.010292926,1,2003-11-11,2003-11-11,8012,2
1931,J083,2004,2,8017,0.035510661,1,2004-06-08,2004-06-08,8015,1
1932,J084,1999,1,7996,0.003172684,1,1999-02-10,1999-02-10,7994,1
1933,J085,1999,3,7998,0.001576589,1,1999-08-04,1999-08-04,7994,3
1933,J085,2000,4,8003,0.006751081,1,2000-11-28,2000-11-28,7998,4
1933,J085,2001,4,8007,0.022808127,1,2001-10-02,2001-10-02,8003,3
1935,J087,1999,2,7997,4.29e-8,1,1999-06-22,1999-06-22,7995,1
1935,J087,2000,2,8001,8.73e-7,1,2000-06-20,2000-06-20,7998,2
1935,J087,2002,2,8009,2.89e-5,1,2002-06-19,2002-06-19,8002,6
1935,J087,2003,2,8013,2.52e-4,1,2003-05-20,2003-05-20,8010,2
1935,J087,2004,3,8018,0.005160521,1,2004-09-22,2004-09-22,8014,3
1935,J087,2005,3,8022,0.024858303000000002,1,2005-09-28,2005-09-28,8018,3
1936,J088,2000,3,8002,0.002715623,2,2000-07-18,2000-08-22,8000,1
1938,J090,1999,3,7998,1.33e-7,1,1999-09-07,1999-09-07,7996,1
1938,J090,2000,3,8002,8.69e-6,1,2000-09-19,2000-09-19,8000,1
1939,J091,1999,3,7998,4.82e-6,1,1999-07-06,1999-07-06,7994,3
1939,J091,2000,3,8002,5.67e-5,1,2000-07-05,2000-07-05,7999,2
1939,J091,2002,3,8010,4.87e-4,1,2002-07-09,2002-07-09,8002,7
1939,J091,2003,3,8014,0.00136801,1,2003-09-02,2003-09-02,8010,3
1939,J091,2006,3,8026,0.011849554,1,2006-08-16,2006-08-16,8014,11
1940,J092,1999,3,7998,0.005944143,1,1999-09-07,1999-09-07,7994,3
1941,J093,2004,3,8018,0.030202012,1,2004-08-24,2004-08-24,7996,21
1941,J093,2005,3,8022,0.049403973,1,2005-07-19,2005-07-19,8018,3
1942,J094,1999,2,7997,0.055737828,1,1999-05-26,1999-05-26,7995,1
1942,J094,2000,3,8002,0.351006677,1,2000-07-19,2000-07-19,7997,4
1946,J099,2000,1,8000,0.002073302,1,2000-01-25,2000-01-25,7997,2
1946,J099,2000,3,8002,0.007710195,1,2000-08-22,2000-08-22,8000,1
1946,J099,2001,3,8006,0.023988692,1,2001-08-21,2001-08-21,8002,3
1949,K002,1988,2,7953,1.08e-7,1,1988-05-10,1988-05-10,7951,1
1949,K002,1989,2,7957,6.38e-7,1,1989-05-23,1989-05-23,7955,1
1949,K002,1990,2,7961,6.39e-7,1,1990-05-22,1990-05-22,7959,1
1949,K002,1991,4,7967,6.39e-7,1,1991-10-29,1991-10-29,7962,4
1949,K002,1992,4,7971,6.41e-7,1,1992-10-06,1992-10-06,7967,3
1949,K002,1993,2,7973,6.45e-7,1,1993-05-25,1993-05-25,7971,1
1949,K002,1994,2,7977,6.74e-7,1,1994-06-08,1994-06-08,7973,3
1949,K002,1995,2,7981,2.93e-6,1,1995-06-20,1995-06-20,7979,1
1949,K002,1996,3,7986,9.17e-5,1,1996-09-04,1996-09-04,7982,3
1949,K002,1997,2,7989,0.001665243,1,1997-05-21,1997-05-21,7987,1
1949,K002,1998,2,7993,0.018904839,1,1998-05-19,1998-05-19,7990,2
1951,K004,1989,1,7956,1.52e-9,1,1989-02-07,1989-02-07,7953,2
1951,K004,1989,3,7958,5.47e-9,2,1989-08-02,1989-08-15,7956,1
1951,K004,1990,1,7960,3.92e-8,1,1990-02-07,1990-02-07,7958,1
1951,K004,1990,3,7962,2.06e-7,1,1990-08-14,1990-08-14,7960,1
1951,K004,1991,1,7964,6.54e-7,2,1991-01-30,1991-02-19,7962,1
1951,K004,1992,4,7971,1e-4,1,1992-10-20,1992-10-20,7965,5
1951,K004,1993,3,7974,3.12e-4,1,1993-08-17,1993-08-17,7971,2
1951,K004,1994,2,7977,0.001277967,1,1994-06-21,1994-06-21,7974,2
1952,K005,1988,1,7952,1.93e-16,1,1988-02-09,1988-02-09,7950,1
1952,K005,1989,1,7956,1.01e-14,1,1989-02-07,1989-02-07,7954,1
1952,K005,1990,3,7962,3.15e-11,1,1990-08-14,1990-08-14,7960,1
1952,K005,1991,3,7966,6.43e-10,1,1991-09-04,1991-09-04,7963,2
1952,K005,1992,2,7969,7.85e-9,2,1992-06-02,1992-06-17,7967,1
1952,K005,1992,4,7971,8.24e-8,1,1992-10-20,1992-10-20,7969,1
1952,K005,1993,3,7974,7.3e-7,1,1993-08-17,1993-08-17,7971,2
1952,K005,1994,1,7976,2.31e-6,1,1994-02-08,1994-02-08,7974,1
1952,K005,1995,1,7980,1.91e-4,1,1995-02-13,1995-02-13,7978,1
1952,K005,1995,3,7982,0.001251212,2,1995-07-05,1995-08-22,7980,1
1953,K006,1988,1,7952,0.009512744,1,1988-01-26,1988-01-26,7949,2
1954,K007,1989,2,7957,7.29e-11,1,1989-06-07,1989-06-07,7954,2
1954,K007,1990,3,7962,3.65e-10,1,1990-08-14,1990-08-14,7957,4
1954,K007,1991,2,7965,2.32e-9,1,1991-06-18,1991-06-18,7963,1
1954,K007,1992,1,7968,1e-8,1,1992-02-11,1992-02-11,7965,2
1954,K007,1992,4,7971,1.01e-7,1,1992-10-20,1992-10-20,7969,1
1954,K007,1994,2,7977,5.89e-5,1,1994-06-21,1994-06-21,7974,2
1954,K007,1995,3,7982,0.001902518,2,1995-07-04,1995-08-23,7978,3
1956,K009,1988,4,7955,0.002425689,2,1988-10-25,1988-12-08,7952,2
1958,K011,1988,2,7953,0.139667963,1,1988-05-10,1988-05-10,7951,1
1958,K011,1989,3,7958,1,1,1989-08-01,1989-08-01,7953,4
1959,K012,1989,2,7957,0.998838187,1,1989-06-06,1989-06-06,7954,2
1959,K012,1990,2,7961,1,1,1990-06-05,1990-06-05,7959,1
1962,K015,1989,4,7959,0.019740685,1,1989-10-31,1989-10-31,7952,6
1964,K017,1987,4,7951,0.999999998,1,1987-11-10,1987-11-10,7949,1
1964,K017,1990,4,7963,1,1,1990-10-30,1990-10-30,7959,3
1964,K017,1991,2,7965,1,1,1991-06-19,1991-06-19,7963,1
1964,K017,1992,4,7971,1,1,1992-10-20,1992-10-20,7965,5
1964,K017,1994,3,7978,1,1,1994-08-16,1994-08-16,7976,1
1966,K019,1987,4,7951,7.26e-6,1,1987-10-27,1987-10-27,7949,1
1966,K019,1988,4,7955,5.37e-5,1,1988-10-04,1988-10-04,7952,2
1966,K019,1989,2,7957,1.65e-4,1,1989-05-24,1989-05-24,7955,1
1966,K019,1991,2,7965,0.00326556,1,1991-06-04,1991-06-04,7958,6
1966,K019,1993,2,7973,0.013087049,1,1993-05-25,1993-05-25,7965,7
1967,K020,1989,2,7957,1.21e-4,1,1989-05-23,1989-05-23,7955,1
1967,K020,1992,3,7970,0.017667089,1,1992-07-28,1992-07-28,7959,10
1968,K021,1988,2,7953,0.013965409,1,1988-05-10,1988-05-10,7949,3
1970,K023,1987,4,7951,1.1e-4,1,1987-11-10,1987-11-10,7949,1
1971,K024,1988,1,7952,8.44e-5,1,1988-01-26,1988-01-26,7950,1
1971,K024,1988,4,7955,0.001327798,2,1988-10-12,1988-10-21,7953,1
1977,K030,1988,1,7952,0.009512744,1,1988-02-24,1988-02-24,7949,2
1979,K032,1987,4,7951,3.7e-10,1,1987-11-24,1987-11-24,7949,1
1979,K032,1988,3,7954,7.59e-9,1,1988-08-17,1988-08-17,7952,1
1979,K032,1989,1,7956,2.42e-8,1,1989-02-22,1989-02-22,7954,1
1979,K032,1989,3,7958,1.05e-7,1,1989-09-06,1989-09-06,7956,1
1979,K032,1990,3,7962,4.93e-7,1,1990-09-04,1990-09-04,7958,3
1979,K032,1991,3,7966,1.73e-6,1,1991-07-02,1991-07-02,7962,3
1979,K032,1993,3,7974,1.02e-5,1,1993-09-07,1993-09-07,7966,7
1979,K032,1994,3,7978,3.02e-5,1,1994-09-07,1994-09-07,7974,3
1979,K032,1995,3,7982,1.46e-4,1,1995-09-05,1995-09-05,7978,3
1979,K032,1996,3,7986,8.53e-4,1,1996-07-24,1996-07-24,7982,3
1979,K032,1997,4,7991,0.005944492,1,1997-10-08,1997-10-08,7986,4
1979,K032,1998,3,7994,0.02437639,1,1998-07-01,1998-07-01,7991,2
1980,K033,1987,4,7951,1.27e-9,1,1987-11-24,1987-11-24,7949,1
1980,K033,1989,2,7957,5.23e-8,1,1989-06-21,1989-06-21,7952,4
1980,K033,1990,3,7962,4.71e-7,1,1990-09-04,1990-09-04,7958,3
1980,K033,1991,3,7966,1.71e-6,2,1991-07-03,1991-09-18,7962,3
1980,K033,1994,3,7978,5.8e-5,1,1994-09-07,1994-09-07,7966,11
1980,K033,1995,3,7982,1.74e-4,1,1995-07-18,1995-07-18,7978,3
1980,K033,1996,4,7987,9.86e-4,1,1996-10-01,1996-10-01,7982,4
1980,K033,1997,3,7990,0.0049463,1,1997-07-09,1997-07-09,7987,2
1980,K033,1998,3,7994,0.026190734,1,1998-07-01,1998-07-01,7990,3
1984,K037,1987,4,7951,5.29e-9,1,1987-11-24,1987-11-24,7949,1
1984,K037,1989,2,7957,6.01e-6,1,1989-06-20,1989-06-20,7955,1
1984,K037,1990,2,7961,9.48e-5,1,1990-06-19,1990-06-19,7958,2
1984,K037,1990,4,7963,2.47e-4,1,1990-11-27,1990-11-27,7961,1
1984,K037,1992,4,7971,0.00274945,1,1992-11-04,1992-11-04,7963,7
1984,K037,1993,2,7973,0.005516927,1,1993-06-23,1993-06-23,7971,1
1985,K038,1987,4,7951,5.16e-9,1,1987-11-24,1987-11-24,7949,1
1985,K038,1990,2,7961,3.98e-5,1,1990-06-20,1990-06-20,7956,4
1985,K038,1991,3,7966,0.001235568,1,1991-09-17,1991-09-17,7963,2
1985,K038,1992,1,7968,0.003412222,1,1992-02-25,1992-02-25,7966,1
1986,K039,1987,4,7951,2.02e-8,1,1987-12-08,1987-12-08,7949,1
1986,K039,1989,1,7956,1.71e-6,1,1989-03-07,1989-03-07,7953,2
1986,K039,1989,3,7958,6.15e-6,1,1989-09-19,1989-09-19,7956,1
1986,K039,1990,1,7960,1.71e-5,1,1990-03-13,1990-03-13,7958,1
1986,K039,1990,4,7963,8.53e-5,1,1990-11-27,1990-11-27,7960,2
1986,K039,1991,4,7967,3.96e-4,1,1991-10-02,1991-10-02,7963,3
1986,K039,1992,2,7969,0.001119316,1,1992-06-30,1992-06-30,7967,1
1986,K039,1993,1,7972,0.004199884,1,1993-03-09,1993-03-09,7969,2
1987,K040,1991,1,7964,0.036726151,1,1991-03-13,1991-03-13,7949,14
1988,K041,1987,4,7951,1.45e-6,1,1987-12-08,1987-12-08,7949,1
1989,K042,1988,2,7953,5.28e-5,1,1988-06-22,1988-06-22,7949,3
1989,K042,1988,4,7955,1.2e-4,1,1988-11-16,1988-11-16,7953,1
1989,K042,1992,2,7969,0.001762331,1,1992-06-30,1992-06-30,7955,13
1989,K042,1994,3,7978,0.004535758,1,1994-09-21,1994-09-21,7969,8
1989,K042,1996,3,7986,0.023375881,1,1996-07-30,1996-07-30,7978,7
1990,K043,1987,4,7951,1.29e-11,1,1987-12-09,1987-12-09,7949,1
1990,K043,1988,4,7955,7.32e-10,1,1988-11-15,1988-11-15,7953,1
1990,K043,1989,3,7958,1.58e-8,1,1989-07-04,1989-07-04,7956,1
1990,K043,1990,3,7962,2.78e-7,1,1990-09-19,1990-09-19,7959,2
1990,K043,1991,1,7964,7.25e-7,1,1991-03-12,1991-03-12,7962,1
1990,K043,1991,4,7967,3.67e-6,1,1991-12-11,1991-12-11,7964,2
1990,K043,1992,2,7969,1.31e-5,1,1992-06-30,1992-06-30,7967,1
1990,K043,1993,3,7974,2.8e-4,1,1993-09-29,1993-09-29,7970,3
1990,K043,1994,3,7978,0.005159513,1,1994-07-19,1994-07-19,7975,2
1991,K044,1988,2,7953,0.002088165,1,1988-06-21,1988-06-21,7949,3
1991,K044,1993,3,7974,0.077688906,1,1993-07-07,1993-07-07,7954,19
1992,K045,1988,2,7953,0.013812869,1,1988-06-22,1988-06-22,7949,3
1993,K046,1987,4,7951,1.85e-9,1,1987-12-09,1987-12-09,7949,1
1993,K046,1989,4,7959,2.89e-8,1,1989-11-29,1989-11-29,7951,7
1993,K046,1990,3,7962,5.93e-8,1,1990-09-18,1990-09-18,7959,2
1993,K046,1991,1,7964,1.14e-7,1,1991-03-12,1991-03-12,7962,1
1993,K046,1991,3,7966,4.03e-7,1,1991-07-16,1991-07-16,7964,1
1993,K046,1992,2,7969,5.73e-6,2,1992-04-29,1992-06-30,7967,1
1993,K046,1993,3,7974,6.1e-4,1,1993-07-06,1993-07-06,7970,3
1993,K046,1994,3,7978,0.001871702,2,1994-07-19,1994-09-20,7974,3
1994,K047,1991,4,7967,0.041059935,1,1991-12-10,1991-12-10,7949,17
1995,K048,1988,2,7953,0.002312957,1,1988-06-21,1988-06-21,7951,1
1995,K048,1990,1,7960,0.017679406,1,1990-03-20,1990-03-20,7954,5
1996,K049,1988,2,7953,0.018228845,1,1988-06-21,1988-06-21,7948,4
1997,K050,1989,3,7958,7.52e-6,2,1989-07-05,1989-09-05,7955,2
1998,K051,1988,2,7953,5.8e-11,1,1988-06-21,1988-06-21,7951,1
1998,K051,1989,1,7956,6.06e-10,1,1989-03-08,1989-03-08,7954,1
1998,K051,1989,3,7958,3.2e-9,2,1989-07-04,1989-09-20,7956,1
1998,K051,1990,3,7962,6.26e-8,2,1990-07-04,1990-09-18,7958,3
1998,K051,1991,1,7964,2.25e-7,1,1991-03-13,1991-03-13,7962,1
1998,K051,1991,3,7966,2.69e-7,1,1991-07-16,1991-07-16,7964,1
1998,K051,1992,2,7969,2.73e-7,2,1992-04-28,1992-06-30,7967,1
1998,K051,1993,1,7972,3.84e-7,1,1993-03-08,1993-03-08,7970,1
1998,K051,1993,3,7974,9.26e-7,2,1993-07-07,1993-09-28,7972,1
1998,K051,1994,3,7978,2.52e-4,2,1994-07-19,1994-09-20,7976,1
1998,K051,1999,4,7999,0.086250098,1,1999-10-27,1999-10-27,7978,20
1999,K052,1991,1,7964,0.03408342,1,1991-02-26,1991-02-26,7950,13
2000,K053,1988,1,7952,0.003557478,2,1988-01-13,1988-03-22,7950,1
2001,K054,1988,1,7952,1.14e-4,2,1988-01-12,1988-03-23,7950,1
2001,K054,1988,3,7954,0.001891929,1,1988-07-06,1988-07-06,7952,1
2001,K054,1989,4,7959,0.013863073,1,1989-10-04,1989-10-04,7954,4
2003,K056,1988,1,7952,1.72e-6,2,1988-01-12,1988-03-22,7950,1
2003,K056,1989,1,7956,4.64e-5,1,1989-03-20,1989-03-20,7952,3
2003,K056,1989,3,7958,1.34e-4,1,1989-07-19,1989-07-19,7956,1
2003,K056,1990,3,7962,0.001656646,1,1990-07-18,1990-07-18,7959,2
2003,K056,1991,3,7966,0.007434298,1,1991-07-31,1991-07-31,7962,3
2004,K057,1988,1,7952,1.16e-4,2,1988-01-12,1988-03-22,7950,1
2004,K057,1989,3,7958,0.004687756,1,1989-07-19,1989-07-19,7952,5
2004,K057,1990,1,7960,0.008133124,1,1990-03-21,1990-03-21,7958,1
2005,K058,1988,1,7952,4.65e-4,2,1988-01-12,1988-03-22,7950,1
2006,K059,1988,3,7954,0.00371451,2,1988-07-05,1988-09-21,7950,3
2009,K062,1989,2,7957,1.02e-7,1,1989-06-06,1989-06-06,7954,2
2009,K062,1990,2,7961,4.44e-7,1,1990-06-05,1990-06-05,7957,3
2009,K062,1990,4,7963,9.07e-7,1,1990-10-31,1990-10-31,7961,1
2009,K062,1991,2,7965,3.46e-6,1,1991-06-18,1991-06-18,7963,1
2009,K062,1992,1,7968,1.42e-5,1,1992-02-11,1992-02-11,7965,2
2009,K062,1992,3,7970,5.15e-5,1,1992-08-11,1992-08-11,7968,1
2009,K062,1993,1,7972,1.61e-4,1,1993-02-10,1993-02-10,7970,1
2009,K062,1993,3,7974,7.7e-4,1,1993-08-18,1993-08-18,7972,1
2009,K062,1994,3,7978,0.006155805,1,1994-08-16,1994-08-16,7974,3
2011,K064,1989,2,7957,5.66e-7,1,1989-06-06,1989-06-06,7955,1
2011,K064,1990,2,7961,2.44e-5,1,1990-06-05,1990-06-05,7959,1
2011,K064,1991,2,7965,1.49e-4,1,1991-06-19,1991-06-19,7961,3
2011,K064,1992,1,7968,4.45e-4,1,1992-02-12,1992-02-12,7965,2
2011,K064,1992,4,7971,0.001730466,1,1992-10-20,1992-10-20,7968,2
2011,K064,1993,2,7973,0.005980489,1,1993-06-09,1993-06-09,7971,1
2011,K064,1996,3,7986,0.160666868,1,1996-09-17,1996-09-17,7973,12
2011,K064,1997,3,7990,0.57770174,1,1997-09-10,1997-09-10,7986,3
2011,K064,1998,3,7994,0.680103389,2,1998-07-15,1998-08-12,7990,3
2011,K064,1999,2,7997,0.912882612,1,1999-06-23,1999-06-23,7995,1
2011,K064,2000,2,8001,0.980579889,1,2000-06-20,2000-06-20,7997,3
2011,K064,2001,2,8005,0.984474217,1,2001-06-26,2001-06-26,8003,1
2012,K065,1989,3,7958,0.006894059,1,1989-08-01,1989-08-01,7954,3
2012,K065,1990,3,7962,0.023660449,1,1990-09-21,1990-09-21,7958,3
2013,K066,1988,2,7953,2.12e-11,1,1988-05-11,1988-05-11,7951,1
2013,K066,1989,2,7957,1.04e-9,1,1989-05-23,1989-05-23,7955,1
2013,K066,1990,2,7961,4.97e-8,1,1990-05-22,1990-05-22,7959,1
2013,K066,1991,2,7965,9.19e-7,1,1991-06-04,1991-06-04,7962,2
2013,K066,1992,4,7971,6.14e-6,1,1992-10-06,1992-10-06,7965,5
2013,K066,1993,2,7973,1.48e-5,1,1993-05-24,1993-05-24,7971,1
2013,K066,1994,2,7977,2.6e-4,1,1994-06-08,1994-06-08,7974,2
2013,K066,1995,1,7980,0.001273977,1,1995-02-01,1995-02-01,7977,2
2013,K066,1995,3,7982,0.00579791,1,1995-08-08,1995-08-08,7980,1
2016,K069,1988,2,7953,0.002154933,1,1988-05-11,1988-05-11,7951,1
2016,K069,1989,4,7959,0.016777027,1,1989-10-17,1989-10-17,7953,5
2017,K070,1988,4,7955,1,2,1988-12-01,1988-12-02,7953,1
2018,K071,1989,1,7956,1.16e-12,1,1989-02-07,1989-02-07,7953,2
2018,K071,1989,3,7958,4.18e-12,1,1989-08-16,1989-08-16,7956,1
2018,K071,1990,2,7961,4.33e-11,1,1990-06-05,1990-06-05,7959,1
2018,K071,1991,3,7966,4.37e-9,1,1991-09-04,1991-09-04,7964,1
2018,K071,1992,1,7968,1.54e-8,1,1992-02-11,1992-02-11,7966,1
2018,K071,1993,3,7974,1.91e-6,1,1993-08-17,1993-08-17,7970,3
2018,K071,1995,3,7982,5.19e-4,2,1995-07-04,1995-08-23,7977,4
2019,K072,1989,2,7957,8.38e-8,1,1989-06-07,1989-06-07,7955,1
2019,K072,1989,4,7959,2.39e-7,1,1989-10-31,1989-10-31,7957,1
2019,K072,1991,3,7966,2.84e-4,1,1991-09-03,1991-09-03,7963,2
2019,K072,1992,3,7970,0.004667512,1,1992-08-12,1992-08-12,7967,2
2020,K073,1989,2,7957,6.58e-12,1,1989-06-07,1989-06-07,7953,3
2020,K073,1990,4,7963,8.05e-10,1,1990-10-31,1990-10-31,7960,2
2020,K073,1991,2,7965,2.85e-9,1,1991-06-19,1991-06-19,7963,1
2020,K073,1993,4,7975,1.13e-7,1,1993-10-26,1993-10-26,7966,8
2020,K073,1994,3,7978,7.76e-7,1,1994-08-16,1994-08-16,7976,1
2020,K073,1995,3,7982,6.66e-6,2,1995-07-05,1995-08-22,7978,3
2020,K073,1996,3,7986,1.6e-4,2,1996-07-09,1996-09-18,7982,3
2020,K073,1997,2,7989,0.00330909,1,1997-06-24,1997-06-24,7986,2
2021,K074,1988,3,7954,1.33e-5,1,1988-07-19,1988-07-19,7950,3
2021,K074,1989,3,7958,5.37e-5,2,1989-08-02,1989-08-15,7954,3
2021,K074,1990,2,7961,3.81e-4,1,1990-05-22,1990-05-22,7958,2
2022,K075,1988,1,7952,1.44e-9,1,1988-02-10,1988-02-10,7950,1
2022,K075,1989,4,7959,8.67e-7,1,1989-10-31,1989-10-31,7957,1
2022,K075,1990,2,7961,4.05e-6,1,1990-06-06,1990-06-06,7959,1
2022,K075,1991,2,7965,2.15e-4,1,1991-06-19,1991-06-19,7963,1
2022,K075,1992,2,7969,0.004399234,1,1992-06-03,1992-06-03,7966,2
2024,K077,1988,2,7953,0.008992874,1,1988-05-11,1988-05-11,7951,1
2024,K077,1988,4,7955,0.010460967,1,1988-10-05,1988-10-05,7953,1
2024,K077,1989,3,7958,0.021616747,1,1989-08-01,1989-08-01,7955,2
2024,K077,1990,2,7961,0.049802188,1,1990-05-23,1990-05-23,7958,2
2024,K077,1991,2,7965,0.171846771,1,1991-06-04,1991-06-04,7961,3
2024,K077,1992,2,7969,0.602573001,1,1992-05-19,1992-05-19,7965,3
2024,K077,1994,2,7977,1,2,1994-04-05,1994-06-08,7970,6
2024,K077,1994,4,7979,1,1,1994-10-18,1994-10-18,7977,1
2025,K078,1988,2,7953,0.788061301,1,1988-05-10,1988-05-10,7951,1
2025,K078,1989,2,7957,0.801412418,1,1989-05-23,1989-05-23,7953,3
2025,K078,1990,2,7961,0.916789218,3,1990-04-11,1990-05-22,7958,2
2025,K078,1991,2,7965,1,1,1991-06-05,1991-06-05,7961,3
2025,K078,1992,3,7970,1,1,1992-07-28,1992-07-28,7965,4
2026,K079,1989,4,7959,9.89e-6,1,1989-10-18,1989-10-18,7955,3
2026,K079,1990,2,7961,2.39e-5,1,1990-05-23,1990-05-23,7959,1
2026,K079,1991,2,7965,1.06e-4,1,1991-06-05,1991-06-05,7961,3
2026,K079,1992,3,7970,4.57e-4,1,1992-07-29,1992-07-29,7965,4
2026,K079,1993,2,7973,0.00128112,1,1993-05-24,1993-05-24,7970,2
2026,K079,1993,4,7975,0.002953713,1,1993-10-12,1993-10-12,7973,1
2028,K081,1988,4,7955,0.009362877,1,1988-11-16,1988-11-16,7952,2
2030,K083,1988,2,7953,0.003351878,1,1988-06-21,1988-06-21,7950,2
2032,K085,1989,2,7957,3.24e-8,1,1989-06-06,1989-06-06,7954,2
2032,K085,1990,1,7960,1.09e-7,1,1990-02-06,1990-02-06,7957,2
2032,K085,1990,3,7962,3.35e-7,1,1990-08-14,1990-08-14,7960,1
2032,K085,1991,2,7965,1.39e-6,1,1991-06-18,1991-06-18,7962,2
2032,K085,1992,1,7968,4.81e-6,1,1992-02-11,1992-02-11,7965,2
2032,K085,1993,1,7972,2.48e-5,1,1993-02-09,1993-02-09,7968,3
2032,K085,1993,3,7974,6.99e-5,1,1993-08-17,1993-08-17,7972,1
2032,K085,1995,1,7980,6.87e-4,1,1995-02-14,1995-02-14,7974,5
2032,K085,1999,2,7997,0.019250409,1,1999-06-23,1999-06-23,7980,16
2034,K087,1989,2,7957,0.978880456,1,1989-06-06,1989-06-06,7955,1
2034,K087,1990,1,7960,0.998596707,1,1990-02-07,1990-02-07,7958,1
2034,K087,1990,3,7962,0.999803405,1,1990-08-14,1990-08-14,7960,1
2034,K087,1991,1,7964,0.999969331,1,1991-02-19,1991-02-19,7962,1
2035,K088,1989,2,7957,5.71e-4,1,1989-06-07,1989-06-07,7954,2
2035,K088,1989,4,7959,0.001476572,1,1989-10-31,1989-10-31,7957,1
2037,K090,1988,4,7955,0.003446265,1,1988-11-15,1988-11-15,7951,3
2037,K090,1989,3,7958,0.012158382,1,1989-09-20,1989-09-20,7955,2
2038,K091,1989,3,7958,0.02420614,1,1989-07-18,1989-07-18,7951,6
2039,K092,1988,2,7953,4.33e-7,1,1988-06-21,1988-06-21,7951,1
2039,K092,1990,3,7962,4.27e-6,1,1990-07-04,1990-07-04,7953,8
2039,K092,1992,4,7971,3.87e-5,1,1992-11-18,1992-11-18,7963,7
2039,K092,1994,1,7976,1.18e-4,1,1994-02-22,1994-02-22,7971,4
2039,K092,1994,3,7978,2.96e-4,2,1994-07-05,1994-07-20,7976,1
2039,K092,1995,3,7982,0.007851276,1,1995-07-19,1995-07-19,7978,3
2040,K093,1988,2,7953,0.002228669,1,1988-06-21,1988-06-21,7951,1
2040,K093,1988,4,7955,0.006494489,1,1988-11-16,1988-11-16,7953,1
2041,L001,1986,3,7946,1.5e-4,1,1986-08-05,1986-08-05,7944,1
2041,L001,1987,3,7950,0.001034522,1,1987-07-22,1987-07-22,7946,3
2041,L001,1988,3,7954,0.004466823,1,1988-07-06,1988-07-06,7950,3
2041,L001,1989,3,7958,0.016070821,1,1989-07-18,1989-07-18,7954,3
2042,L002,1986,3,7946,1.49e-4,1,1986-08-05,1986-08-05,7944,1
2042,L002,1987,3,7950,0.001028774,1,1987-07-21,1987-07-21,7946,3
2042,L002,1988,1,7952,0.002485102,1,1988-03-22,1988-03-22,7950,1
2042,L002,1989,3,7958,0.021537918,1,1989-07-19,1989-07-19,7952,5
2045,L005,1987,3,7950,0.999999944,1,1987-08-18,1987-08-18,7944,5
2046,L006,1987,2,7949,0.016737624,1,1987-06-04,1987-06-04,7944,4
2048,L008,1987,1,7948,0.008654331,1,1987-02-10,1987-02-10,7945,2
2050,L010,1987,2,7949,9.71e-6,1,1987-05-12,1987-05-12,7947,1
2050,L010,1988,3,7954,7.4e-4,1,1988-07-20,1988-07-20,7951,2
2050,L010,1991,3,7966,0.006768064,1,1991-08-13,1991-08-13,7954,11
2050,L010,1994,3,7978,0.02177009,1,1994-08-02,1994-08-02,7966,11
2051,L011,1988,2,7953,4.01e-5,1,1988-05-10,1988-05-10,7950,2
2051,L011,1990,2,7961,0.001015892,1,1990-05-22,1990-05-22,7954,6
2051,L011,1991,3,7966,0.007177279,1,1991-08-14,1991-08-14,7962,3
2052,L012,1988,2,7953,0.00286498,2,1988-05-10,1988-05-25,7950,2
2053,L013,1987,2,7949,0.011210302,1,1987-05-12,1987-05-12,7946,2
2053,L013,1988,1,7952,0.106036671,1,1988-03-10,1988-03-10,7950,1
2056,L016,1988,1,7952,7.52e-4,1,1988-02-24,1988-02-24,7945,6
2056,L016,1992,2,7969,0.005471022,1,1992-06-17,1992-06-17,7952,16
2056,L016,1994,3,7978,0.011416286,1,1994-09-06,1994-09-06,7969,8
2056,L016,1995,3,7982,0.028130844,1,1995-09-06,1995-09-06,7978,3
2057,L017,1987,2,7949,0.012878822,1,1987-06-04,1987-06-04,7945,3
2058,L018,1988,1,7952,7.54e-5,2,1988-02-24,1988-03-09,7946,5
2058,L018,1989,2,7957,0.001008954,1,1989-06-20,1989-06-20,7952,4
2058,L018,1990,2,7961,0.007535432,1,1990-06-19,1990-06-19,7958,2
2061,L021,1987,2,7949,0.003461058,1,1987-06-25,1987-06-25,7945,3
2061,L021,1992,2,7969,0.046306045,1,1992-04-28,1992-04-28,7949,19
2062,L022,1987,2,7949,5.89e-12,1,1987-06-25,1987-06-25,7945,3
2062,L022,1988,2,7953,2.93e-11,2,1988-06-08,1988-06-22,7949,3
2062,L022,1988,4,7955,1.57e-10,1,1988-11-15,1988-11-15,7953,1
2062,L022,1990,4,7963,1.3e-6,1,1990-11-27,1990-11-27,7959,3
2062,L022,1991,3,7966,4.74e-6,1,1991-07-17,1991-07-17,7963,2
2062,L022,1992,2,7969,4.75e-5,1,1992-06-30,1992-06-30,7967,1
2062,L022,1993,1,7972,2.19e-4,1,1993-03-10,1993-03-10,7969,2
2062,L022,1993,3,7974,8.21e-4,1,1993-07-06,1993-07-06,7972,1
2062,L022,1994,1,7976,0.00300903,1,1994-03-08,1994-03-08,7974,1
2063,L023,1987,2,7949,0.012878822,1,1987-06-04,1987-06-04,7945,3
2065,L025,1987,2,7949,0.012878822,1,1987-06-25,1987-06-25,7945,3
2066,L026,1987,2,7949,8.65e-4,1,1987-06-25,1987-06-25,7945,3
2066,L026,1991,3,7966,0.010637339,1,1991-07-17,1991-07-17,7949,16
2066,L026,1994,3,7978,0.025580922,1,1994-07-19,1994-07-19,7966,11
2068,L028,1987,2,7949,5.24e-6,1,1987-06-12,1987-06-12,7946,2
2068,L028,1987,4,7951,1.4e-5,1,1987-11-24,1987-11-24,7949,1
2068,L028,1989,2,7957,4.81e-4,1,1989-06-20,1989-06-20,7952,4
2068,L028,1990,2,7961,0.005519425,1,1990-06-19,1990-06-19,7959,1
2070,L030,1987,2,7949,9.8e-5,1,1987-06-04,1987-06-04,7946,2
2070,L030,1988,1,7952,3.82e-4,1,1988-02-23,1988-02-23,7949,2
2070,L030,1988,3,7954,0.001339826,1,1988-08-16,1988-08-16,7952,1
2070,L030,1989,2,7957,0.005738518,1,1989-06-20,1989-06-20,7954,2
2070,L030,1991,3,7966,0.040598714,1,1991-07-02,1991-07-02,7957,8
2071,L031,1987,2,7949,8.38e-5,1,1987-06-04,1987-06-04,7946,2
2071,L031,1989,3,7958,8.68e-4,1,1989-09-06,1989-09-06,7949,8
2071,L031,1991,3,7966,0.001625253,1,1991-09-18,1991-09-18,7958,7
2071,L031,1992,1,7968,0.002141584,1,1992-02-26,1992-02-26,7966,1
2071,L031,1993,1,7972,0.006926411,1,1993-02-24,1993-02-24,7968,3
2072,L032,1988,2,7953,0.001837942,1,1988-06-08,1988-06-08,7946,6
2072,L032,1989,3,7958,0.015493906,1,1989-09-05,1989-09-05,7954,3
2072,L032,1991,3,7966,0.075347618,1,1991-09-18,1991-09-18,7958,7
2072,L032,1992,1,7968,0.11613613,1,1992-02-25,1992-02-25,7966,1
2072,L032,1992,3,7970,0.340244503,1,1992-08-26,1992-08-26,7968,1
2072,L032,1993,1,7972,0.999999996,1,1993-02-24,1993-02-24,7970,1
2072,L032,1993,3,7974,1,1,1993-09-07,1993-09-07,7972,1
2072,L032,1994,3,7978,1,1,1994-09-06,1994-09-06,7974,3
2072,L032,1995,3,7982,1,1,1995-09-06,1995-09-06,7978,3
2072,L032,1996,1,7984,1,1,1996-02-14,1996-02-14,7982,1
2073,L033,1988,1,7952,0.0052963,1,1988-02-23,1988-02-23,7946,5
2074,L034,1988,1,7952,0.018553101,1,1988-02-23,1988-02-23,7946,5
2077,L037,1987,3,7950,0.013140078,1,1987-07-09,1987-07-09,7946,3
2078,L038,1988,3,7954,0.025955999,1,1988-08-17,1988-08-17,7946,7
2079,L039,1993,3,7974,0.059273823,1,1993-09-15,1993-09-15,7946,27
2080,L040,1987,2,7949,0.002742408,1,1987-06-05,1987-06-05,7946,2
2080,L040,1988,1,7952,0.010782995,1,1988-02-22,1988-02-22,7949,2
2081,L041,1987,3,7950,2.09e-4,1,1987-07-08,1987-07-08,7946,3
2081,L041,1989,1,7956,0.001240173,1,1989-02-21,1989-02-21,7950,5
2081,L041,1990,3,7962,0.011988572,1,1990-08-14,1990-08-14,7957,4
2082,L042,1987,3,7950,0.00322576,1,1987-07-21,1987-07-21,7946,3
2082,L042,1989,3,7958,0.02479639,1,1989-07-04,1989-07-04,7950,7
2082,L042,1990,3,7962,0.054990174,1,1990-07-04,1990-07-04,7958,3
2082,L042,1991,3,7966,0.151685823,1,1991-07-17,1991-07-17,7962,3
2083,L043,1987,3,7950,2.54e-9,1,1987-07-21,1987-07-21,7946,3
2083,L043,1988,1,7952,6.34e-9,1,1988-01-12,1988-01-12,7950,1
2083,L043,1988,3,7954,2.6e-8,1,1988-07-05,1988-07-05,7952,1
2083,L043,1989,3,7958,1.42e-7,1,1989-07-18,1989-07-18,7954,3
2083,L043,1990,3,7962,3.6e-6,1,1990-07-18,1990-07-18,7960,1
2083,L043,1991,3,7966,2.13e-4,1,1991-07-30,1991-07-30,7964,1
2083,L043,1993,3,7974,0.002513313,1,1993-07-21,1993-07-21,7966,7
2083,L043,1994,4,7979,0.008714757,1,1994-10-04,1994-10-04,7974,4
2089,L049,1987,1,7948,1.12e-11,1,1987-02-10,1987-02-10,7946,1
2089,L049,1988,2,7953,1.06e-9,1,1988-05-25,1988-05-25,7950,2
2089,L049,1989,1,7956,1e-8,1,1989-02-08,1989-02-08,7954,1
2089,L049,1990,1,7960,1.49e-6,1,1990-02-06,1990-02-06,7958,1
2089,L049,1990,3,7962,8.37e-6,1,1990-08-15,1990-08-15,7960,1
2089,L049,1991,2,7965,1.22e-4,1,1991-06-19,1991-06-19,7963,1
2089,L049,1992,4,7971,0.003436123,1,1992-10-21,1992-10-21,7966,4
2089,L049,1993,2,7973,0.009855263,1,1993-06-08,1993-06-08,7971,1
2089,L049,1995,3,7982,0.142988132,1,1995-08-23,1995-08-23,7973,8
2089,L049,1996,3,7986,0.573893665,2,1996-07-09,1996-09-17,7982,3
2090,L050,1990,1,7960,5.74e-5,1,1990-02-07,1990-02-07,7953,6
2090,L050,1991,2,7965,0.00125741,1,1991-06-18,1991-06-18,7962,2
2090,L050,1992,3,7970,0.007548828,1,1992-08-11,1992-08-11,7965,4
2093,L053,1989,4,7959,7.76e-11,1,1989-10-31,1989-10-31,7955,3
2093,L053,1990,2,7961,2.07e-10,1,1990-06-05,1990-06-05,7959,1
2093,L053,1991,4,7967,1.35e-8,1,1991-11-13,1991-11-13,7963,3
2093,L053,1992,2,7969,4.25e-8,1,1992-06-03,1992-06-03,7967,1
2093,L053,1993,3,7974,9.13e-6,1,1993-08-17,1993-08-17,7972,1
2093,L053,1994,3,7978,8e-5,1,1994-08-17,1994-08-17,7974,3
2093,L053,1995,3,7982,0.001702771,2,1995-07-05,1995-08-23,7979,2
2094,L054,1987,3,7950,6.52e-20,1,1987-08-19,1987-08-19,7948,1
2094,L054,1988,4,7955,1.04e-17,1,1988-10-18,1988-10-18,7953,1
2094,L054,1989,2,7957,5.49e-17,1,1989-06-06,1989-06-06,7955,1
2094,L054,1990,2,7961,7.04e-16,1,1990-06-05,1990-06-05,7958,2
2094,L054,1990,4,7963,1.82e-15,1,1990-10-30,1990-10-30,7961,1
2094,L054,1993,3,7974,2.22e-10,1,1993-08-17,1993-08-17,7970,3
2094,L054,1994,2,7977,5.68e-10,1,1994-06-22,1994-06-22,7974,2
2094,L054,1995,3,7982,3.66e-9,1,1995-08-22,1995-08-22,7977,4
2094,L054,1996,3,7986,6.66e-8,1,1996-07-09,1996-07-09,7983,2
2094,L054,1997,1,7988,2.39e-7,1,1997-01-29,1997-01-29,7986,1
2094,L054,1997,3,7990,1.34e-6,1,1997-09-10,1997-09-10,7988,1
2094,L054,1998,3,7994,5.27e-6,1,1998-08-11,1998-08-11,7990,3
2096,L056,1989,2,7957,1.5e-15,1,1989-06-06,1989-06-06,7955,1
2096,L056,1989,4,7959,4.55e-15,1,1989-11-01,1989-11-01,7957,1
2096,L056,1990,2,7961,1.92e-14,1,1990-06-05,1990-06-05,7959,1
2096,L056,1991,2,7965,1.05e-13,1,1991-06-18,1991-06-18,7961,3
2096,L056,1992,2,7969,1.16e-12,1,1992-06-02,1992-06-02,7966,2
2096,L056,1993,3,7974,2.28e-11,1,1993-08-17,1993-08-17,7970,3
2096,L056,1994,3,7978,1.25e-10,1,1994-08-17,1994-08-17,7974,3
2096,L056,1995,3,7982,7.46e-9,1,1995-08-22,1995-08-22,7980,1
2096,L056,1996,3,7986,7.38e-8,1,1996-09-18,1996-09-18,7982,3
2096,L056,1997,2,7989,2.15e-7,1,1997-06-24,1997-06-24,7986,2
2096,L056,1997,4,7991,5.19e-7,1,1997-11-18,1997-11-18,7989,1
2097,L057,1988,2,7953,1.59e-4,1,1988-05-24,1988-05-24,7951,1
2099,L059,1988,3,7954,8.17e-4,1,1988-07-19,1988-07-19,7951,2
2099,L059,1989,2,7957,0.00842076,1,1989-05-24,1989-05-24,7955,1
2101,L061,1987,1,7948,6.96e-5,1,1987-02-10,1987-02-10,7946,1
2101,L061,1988,2,7953,0.020127533,1,1988-05-11,1988-05-11,7951,1
2101,L061,1989,2,7957,0.340136455,1,1989-05-23,1989-05-23,7954,2
2101,L061,1990,3,7962,0.999999996,1,1990-07-12,1990-07-12,7957,4
2103,L063,1988,1,7952,1.78e-4,1,1988-02-09,1988-02-09,7949,2
2103,L063,1989,2,7957,0.010259192,1,1989-06-06,1989-06-06,7954,2
2104,L064,1987,2,7949,3.63e-5,1,1987-05-12,1987-05-12,7947,1
2104,L064,1988,4,7955,0.009261642,1,1988-10-20,1988-10-20,7952,2
2105,L065,1988,3,7954,1.69e-11,1,1988-08-03,1988-08-03,7952,1
2105,L065,1989,2,7957,8.4e-11,1,1989-06-06,1989-06-06,7954,2
2105,L065,1990,3,7962,3.88e-10,1,1990-08-14,1990-08-14,7957,4
2105,L065,1991,2,7965,9.65e-10,1,1991-06-18,1991-06-18,7962,2
2105,L065,1993,1,7972,1.76e-8,1,1993-02-22,1993-02-22,7966,5
2105,L065,1994,1,7976,4.58e-7,1,1994-02-21,1994-02-21,7974,1
2105,L065,1994,3,7978,2.82e-6,2,1994-07-05,1994-09-07,7976,1
2105,L065,1995,3,7982,1.03e-4,2,1995-08-09,1995-09-05,7978,3
2105,L065,1996,3,7986,0.010372212,1,1996-07-23,1996-07-23,7983,2
2106,L066,1988,1,7952,7.31e-5,1,1988-02-08,1988-02-08,7950,1
2106,L066,1989,2,7957,0.002171397,1,1989-06-07,1989-06-07,7953,3
2106,L066,1990,3,7962,0.022682029,1,1990-08-14,1990-08-14,7958,3
2106,L066,1991,4,7967,0.873255498,1,1991-11-13,1991-11-13,7964,2
2106,L066,1992,2,7969,0.999999998,1,1992-06-03,1992-06-03,7967,1
2110,L070,1989,3,7958,0.0382667,1,1989-07-18,1989-07-18,7946,11
2111,L071,1989,3,7958,0.008796005,1,1989-07-04,1989-07-04,7946,11
2111,L071,1993,1,7972,0.029252389,1,1993-03-09,1993-03-09,7958,13
2112,L072,1987,3,7950,0.026223468,1,1987-09-29,1987-09-29,7946,3
2113,L073,1987,3,7950,1.5e-6,1,1987-09-30,1987-09-30,7946,3
2113,L073,1988,1,7952,2.62e-6,1,1988-03-09,1988-03-09,7950,1
2113,L073,1988,3,7954,8.39e-6,1,1988-09-06,1988-09-06,7952,1
2113,L073,1990,3,7962,6.61e-5,1,1990-09-05,1990-09-05,7954,7
2113,L073,1991,3,7966,1.42e-4,1,1991-07-16,1991-07-16,7962,3
2113,L073,1992,3,7970,4.18e-4,2,1992-07-01,1992-09-08,7966,3
2113,L073,1993,1,7972,0.002374821,1,1993-03-10,1993-03-10,7970,1
2114,L074,1988,2,7953,0.023074891,1,1988-06-22,1988-06-22,7946,6
2120,L080,1988,2,7953,6.57e-14,1,1988-05-10,1988-05-10,7951,1
2120,L080,1989,2,7957,3.99e-13,1,1989-06-26,1989-06-26,7953,3
2120,L080,1990,4,7963,7.41e-12,1,1990-10-16,1990-10-16,7959,3
2120,L080,1991,2,7965,2.09e-11,1,1991-06-04,1991-06-04,7963,1
2120,L080,1992,3,7970,3.92e-10,1,1992-07-28,1992-07-28,7966,3
2120,L080,1993,3,7974,1.72e-9,1,1993-08-04,1993-08-04,7970,3
2120,L080,1994,2,7977,2.08e-8,1,1994-06-08,1994-06-08,7975,1
2120,L080,1995,2,7981,1.76e-7,1,1995-06-20,1995-06-20,7977,3
2120,L080,1996,2,7985,1.45e-5,1,1996-06-25,1996-06-25,7982,2
2120,L080,1997,2,7989,0.006301835,2,1997-05-21,1997-06-27,7987,1
2122,M001,1998,2,7993,1.66e-10,1,1998-06-16,1998-06-16,7972,20
2122,M001,1999,2,7997,8.63e-10,1,1999-06-23,1999-06-23,7994,2
2122,M001,2000,2,8001,3.71e-8,1,2000-06-20,2000-06-20,7999,1
2122,M001,2000,4,8003,4.13e-8,1,2000-11-29,2000-11-29,8001,1
2122,M001,2001,3,8006,7.73e-8,1,2001-08-21,2001-08-21,8003,2
2122,M001,2002,2,8009,6.01e-7,1,2002-06-19,2002-06-19,8007,1
2122,M001,2003,3,8014,5.4e-5,1,2003-08-19,2003-08-19,8011,2
2122,M001,2004,2,8017,7.36e-4,1,2004-06-09,2004-06-09,8015,1
2123,M002,1993,3,7974,1.79e-7,1,1993-07-07,1993-07-07,7972,1
2123,M002,1994,3,7978,1.65e-6,1,1994-07-06,1994-07-06,7974,3
2123,M002,1998,3,7994,6.01e-5,1,1998-07-01,1998-07-01,7978,15
2123,M002,1999,3,7998,3.36e-4,1,1999-09-08,1999-09-08,7995,2
2123,M002,2000,4,8003,0.001622583,1,2000-10-18,2000-10-18,7998,4
2123,M002,2001,3,8006,0.005039558,1,2001-09-18,2001-09-18,8003,2
2123,M002,2002,3,8010,0.022468448,1,2002-09-11,2002-09-11,8006,3
2124,M003,1994,1,7976,5.1e-4,1,1994-01-11,1994-01-11,7974,1
2124,M003,1997,4,7991,0.627928438,1,1997-10-07,1997-10-07,7978,12
2125,M004,1994,2,7977,0.004577863,1,1994-05-24,1994-05-24,7974,2
2128,M007,1994,1,7976,2.92e-5,1,1994-01-12,1994-01-12,7974,1
2130,M009,1994,3,7978,9.12e-9,1,1994-08-03,1994-08-03,7976,1
2130,M009,1996,2,7985,3.14e-5,1,1996-06-25,1996-06-25,7982,2
2130,M009,1997,2,7989,0.003089904,1,1997-05-20,1997-05-20,7987,1
2130,M009,1998,3,7994,0.028724411,1,1998-07-28,1998-07-28,7989,4
2131,M010,1994,1,7976,3.37e-5,1,1994-01-25,1994-01-25,7974,1
2131,M010,1994,3,7978,2.17e-4,1,1994-08-03,1994-08-03,7976,1
2131,M010,1995,1,7980,9.48e-4,1,1995-01-31,1995-01-31,7978,1
2131,M010,1996,2,7985,0.014017756,1,1996-06-25,1996-06-25,7980,4
2133,M012,1995,2,7981,2.21e-8,1,1995-06-20,1995-06-20,7978,2
2133,M012,1996,2,7985,5.86e-7,1,1996-06-25,1996-06-25,7982,2
2133,M012,1997,3,7990,2.02e-5,1,1997-08-05,1997-08-05,7986,3
2133,M012,1998,2,7993,9.03e-5,1,1998-05-19,1998-05-19,7990,2
2133,M012,1998,4,7995,2.34e-4,1,1998-10-06,1998-10-06,7993,1
2133,M012,1999,2,7997,0.001119876,1,1999-05-25,1999-05-25,7995,1
2133,M012,2000,2,8001,0.01967679,1,2000-05-24,2000-05-24,7998,2
2133,M012,2001,2,8005,0.999999956,1,2001-04-01,2001-04-01,8003,1
2134,M013,1994,2,7977,1.67e-5,1,1994-06-07,1994-06-07,7974,2
2134,M013,1994,4,7979,5.03e-5,1,1994-10-19,1994-10-19,7977,1
2134,M013,1996,2,7985,0.0010569,1,1996-06-25,1996-06-25,7979,5
2134,M013,1998,3,7994,0.011404201,1,1998-07-29,1998-07-29,7985,8
2136,M015,1995,2,7981,0.001553169,1,1995-06-20,1995-06-20,7977,3
2136,M015,1996,2,7985,0.033713327,1,1996-06-25,1996-06-25,7982,2
2136,M015,1997,2,7989,0.266286287,1,1997-05-20,1997-05-20,7985,3
2138,M017,1993,4,7975,0.394056375,1,1993-10-12,1993-10-12,7973,1
2142,M021,1994,3,7978,5.82e-4,1,1994-08-02,1994-08-02,7975,2
2142,M021,1996,3,7986,0.009525756,1,1996-09-04,1996-09-04,7978,7
2142,M021,1998,2,7993,0.261404129,1,1998-05-20,1998-05-20,7987,5
2142,M021,1999,3,7998,0.999999998,1,1999-07-20,1999-07-20,7993,4
2144,M023,1994,3,7978,4.9e-5,1,1994-08-02,1994-08-02,7976,1
2144,M023,1995,1,7980,2.22e-4,1,1995-02-01,1995-02-01,7978,1
2144,M023,1995,3,7982,0.001320406,1,1995-08-23,1995-08-23,7980,1
2144,M023,1996,3,7986,0.012486428,1,1996-09-18,1996-09-18,7982,3
2145,M024,1994,2,7977,1.92e-8,1,1994-06-07,1994-06-07,7975,1
2145,M024,1995,2,7981,2.1e-6,1,1995-06-20,1995-06-20,7979,1
2145,M024,1996,2,7985,2.62e-4,1,1996-06-25,1996-06-25,7982,2
2145,M024,1997,4,7991,0.045240099,1,1997-10-22,1997-10-22,7986,4
2147,M026,1994,1,7976,4.36e-7,1,1994-01-25,1994-01-25,7974,1
2147,M026,1994,3,7978,2.81e-6,1,1994-08-02,1994-08-02,7976,1
2147,M026,1995,1,7980,1.23e-5,1,1995-01-31,1995-01-31,7978,1
2147,M026,1996,2,7985,0.002155567,1,1996-06-25,1996-06-25,7982,2
2148,M027,1994,4,7979,3.64e-7,1,1994-10-18,1994-10-18,7975,3
2148,M027,1995,3,7982,6.04e-6,2,1995-08-08,1995-09-20,7980,1
2148,M027,1996,2,7985,1.76e-4,1,1996-06-25,1996-06-25,7982,2
2148,M027,1998,2,7993,0.003000477,1,1998-05-19,1998-05-19,7985,7
2148,M027,2001,3,8006,0.019179516,1,2001-07-25,2001-07-25,7993,12
2148,M027,2002,4,8011,0.039001309,1,2002-10-23,2002-10-23,8006,4
2150,M029,1994,2,7977,4.75e-5,1,1994-06-07,1994-06-07,7975,1
2151,M030,1994,2,7977,2.56e-6,1,1994-06-08,1994-06-08,7975,1
2151,M030,1995,3,7982,0.001160521,2,1995-08-08,1995-09-19,7980,1
2151,M030,1996,2,7985,0.035334113,1,1996-06-26,1996-06-26,7982,2
2151,M030,1997,2,7989,0.999999998,1,1997-05-20,1997-05-20,7986,2
2151,M030,1997,4,7991,1,1,1997-10-22,1997-10-22,7989,1
2151,M030,1998,3,7994,1,1,1998-07-29,1998-07-29,7991,2
2151,M030,1999,2,7997,1,1,1999-05-26,1999-05-26,7994,2
2151,M030,2000,2,8001,1,1,2000-05-23,2000-05-23,7998,2
2152,M031,1996,1,7984,2.14e-7,1,1996-01-17,1996-01-17,7982,1
2152,M031,1996,4,7987,4.51e-6,1,1996-10-22,1996-10-22,7985,1
2152,M031,1997,2,7989,4.23e-5,1,1997-05-21,1997-05-21,7987,1
2152,M031,1998,2,7993,0.003484582,1,1998-05-20,1998-05-20,7991,1
2153,M032,1994,4,7979,6.88e-4,1,1994-10-19,1994-10-19,7977,1
2153,M032,1995,2,7981,0.006097706,1,1995-06-21,1995-06-21,7979,1
2153,M032,1996,2,7985,0.014937921,1,1996-06-25,1996-06-25,7982,2
2155,M034,1994,3,7978,2.14e-9,1,1994-08-02,1994-08-02,7976,1
2155,M034,1995,2,7981,5.68e-8,1,1995-06-20,1995-06-20,7979,1
2155,M034,1996,2,7985,7e-6,1,1996-06-25,1996-06-25,7982,2
2155,M034,1997,3,7990,9.68e-4,2,1997-07-22,1997-08-05,7987,2
2155,M034,1998,3,7994,0.022297857,1,1998-07-15,1998-07-15,7990,3
2156,M035,1994,1,7976,5.26e-10,1,1994-02-08,1994-02-08,7974,1
2156,M035,1995,3,7982,1.12e-7,1,1995-07-04,1995-07-04,7978,3
2156,M035,1996,3,7986,7.56e-7,2,1996-07-09,1996-09-17,7982,3
2156,M035,1997,2,7989,1.4e-5,1,1997-06-25,1997-06-25,7986,2
2156,M035,1998,2,7993,3.07e-4,1,1998-06-17,1998-06-17,7990,2
2156,M035,2000,2,8001,0.009997859,1,2000-06-21,2000-06-21,7994,6
2156,M035,2002,3,8010,0.048463966,1,2002-08-20,2002-08-20,8001,8
2157,M036,1995,3,7982,0.001218708,1,1995-08-22,1995-08-22,7980,1
2157,M036,1996,1,7984,0.005623831,1,1996-01-30,1996-01-30,7982,1
2157,M036,1996,3,7986,0.033757578,2,1996-07-09,1996-09-17,7984,1
2157,M036,1997,2,7989,0.999999999,1,1997-06-24,1997-06-24,7986,2
2158,M037,1994,4,7979,3.13e-9,1,1994-11-01,1994-11-01,7976,2
2158,M037,1995,3,7982,6.69e-8,1,1995-08-23,1995-08-23,7980,1
2158,M037,1996,3,7986,6.49e-7,2,1996-07-09,1996-09-17,7982,3
2158,M037,1998,3,7994,1.37e-4,1,1998-08-11,1998-08-11,7987,6
2158,M037,1999,2,7997,3.55e-4,1,1999-06-22,1999-06-22,7994,2
2158,M037,2000,4,8003,0.019076076,1,2000-11-29,2000-11-29,7999,3
2163,M042,1996,3,7986,0.00538168,2,1996-07-09,1996-09-17,7976,9
2164,M043,1995,3,7982,4.11e-6,2,1995-07-04,1995-08-22,7980,1
2164,M043,1996,3,7986,1.63e-4,1,1996-07-09,1996-07-09,7982,3
2164,M043,1997,2,7989,9.22e-4,1,1997-06-24,1997-06-24,7986,2
2164,M043,1998,1,7992,0.010588243,1,1998-02-04,1998-02-04,7990,1
2165,M044,1994,1,7976,5.82e-4,1,1994-02-08,1994-02-08,7974,1
2166,M045,1993,4,7975,3.22e-7,1,1993-10-26,1993-10-26,7973,1
2166,M045,1995,1,7980,1.92e-4,1,1995-02-14,1995-02-14,7978,1
2166,M045,1995,3,7982,0.001264176,2,1995-07-05,1995-08-22,7980,1
2166,M045,1996,3,7986,0.047956383,2,1996-07-09,1996-09-17,7982,3
2166,M045,1997,3,7990,0.293917505,1,1997-09-09,1997-09-09,7986,3
2168,M047,1994,1,7976,6.21e-4,1,1994-02-08,1994-02-08,7974,1
2168,M047,1996,3,7986,0.02285082,1,1996-09-17,1996-09-17,7976,9
2169,M048,1994,3,7978,0.003596393,1,1994-08-16,1994-08-16,7976,1
2171,M050,1994,1,7976,1.79e-6,1,1994-02-08,1994-02-08,7974,1
2171,M050,1995,3,7982,0.001647078,2,1995-07-04,1995-08-22,7979,2
2172,M051,1994,4,7979,0.002629324,1,1994-11-01,1994-11-01,7977,1
2173,M052,1995,3,7982,9.98e-7,2,1995-07-04,1995-08-22,7980,1
2173,M052,1996,3,7986,3.95e-5,2,1996-07-09,1996-09-17,7982,3
2173,M052,1997,3,7990,0.001074,2,1997-07-22,1997-09-10,7986,3
2173,M052,1998,3,7994,0.022401108,1,1998-09-23,1998-09-23,7990,3
2176,M055,1994,3,7978,3.01e-9,3,1994-07-06,1994-09-06,7975,2
2176,M055,1995,3,7982,3.49e-7,2,1995-07-18,1995-09-05,7978,3
2176,M055,1996,3,7986,3.58e-5,1,1996-07-24,1996-07-24,7983,2
2176,M055,1997,3,7990,9.9e-4,1,1997-07-09,1997-07-09,7987,2
2176,M055,1998,3,7994,0.020169692,1,1998-09-08,1998-09-08,7991,2
2177,M056,1994,3,7978,2.57e-6,3,1994-07-05,1994-09-06,7976,1
2177,M056,1995,3,7982,0.001625453,2,1995-07-18,1995-09-05,7979,2
2178,M057,1993,4,7975,1.05e-4,1,1993-11-09,1993-11-09,7973,1
2178,M057,1994,3,7978,0.001213653,1,1994-07-05,1994-07-05,7975,2
2179,M058,1994,3,7978,8.7e-7,2,1994-07-05,1994-09-06,7973,4
2179,M058,1995,1,7980,7.99e-6,1,1995-02-28,1995-02-28,7978,1
2179,M058,1995,3,7982,5.33e-5,2,1995-07-18,1995-09-05,7980,1
2179,M058,1996,3,7986,0.0244788,2,1996-07-23,1996-09-17,7984,1
2179,M058,1997,3,7990,0.999999991,1,1997-09-09,1997-09-09,7986,3
2179,M058,1999,2,7997,1,1,1999-06-22,1999-06-22,7990,6
2179,M058,2000,3,8002,1,1,2000-08-22,2000-08-22,7998,3
2179,M058,2001,2,8005,1,1,2001-06-26,2001-06-26,8003,1
2179,M058,2001,4,8007,1,1,2001-10-02,2001-10-02,8005,1
2180,M059,1994,3,7978,1.7e-4,2,1994-07-05,1994-09-06,7973,4
2180,M059,1995,1,7980,0.001559148,1,1995-03-01,1995-03-01,7978,1
2180,M059,1995,3,7982,0.010404559,1,1995-07-19,1995-07-19,7980,1
2180,M059,1997,3,7990,0.927400209,1,1997-07-08,1997-07-08,7983,6
2180,M059,1999,3,7998,0.998332974,1,1999-09-07,1999-09-07,7991,6
2180,M059,2000,3,8002,1,1,2000-07-05,2000-07-05,7999,2
2180,M059,2001,2,8005,1,1,2001-06-12,2001-06-12,8002,2
2181,M060,1994,3,7978,0.001077927,1,1994-07-06,1994-07-06,7976,1
2181,M060,1995,1,7980,0.004071433,1,1995-03-01,1995-03-01,7978,1
2182,M061,1994,3,7978,1.78e-8,2,1994-07-06,1994-09-07,7974,3
2182,M061,1995,3,7982,4.41e-7,1,1995-07-18,1995-07-18,7978,3
2182,M061,1996,3,7986,1.05e-5,1,1996-07-23,1996-07-23,7983,2
2182,M061,1997,3,7990,0.001154378,1,1997-07-09,1997-07-09,7987,2
2182,M061,1999,3,7998,0.012520293,1,1999-09-08,1999-09-08,7990,7
2182,M061,2001,3,8006,0.047200549,1,2001-09-18,2001-09-18,7998,7
2183,M062,1994,3,7978,0.001014821,1,1994-09-06,1994-09-06,7976,1
2185,M064,1994,1,7976,3.3e-11,1,1994-02-22,1994-02-22,7974,1
2185,M064,1994,3,7978,2.12e-10,1,1994-09-07,1994-09-07,7976,1
2185,M064,1996,1,7984,4.07e-8,1,1996-02-14,1996-02-14,7980,3
2185,M064,1996,3,7986,1.59e-7,1,1996-07-24,1996-07-24,7984,1
2185,M064,1997,4,7991,1.59e-6,1,1997-10-07,1997-10-07,7986,4
2185,M064,1998,2,7993,5.41e-6,1,1998-06-30,1998-06-30,7991,1
2185,M064,1999,3,7998,1.06e-4,1,1999-09-08,1999-09-08,7994,3
2185,M064,2000,3,8002,2.56e-4,1,2000-09-19,2000-09-19,7998,3
2185,M064,2001,3,8006,7.99e-4,2,2001-08-07,2001-09-19,8002,3
2185,M064,2002,4,8011,0.005825089,1,2002-11-20,2002-11-20,8006,4
2185,M064,2003,3,8014,0.021185821,1,2003-09-03,2003-09-03,8011,2
2189,M068,1994,1,7976,2.49e-9,1,1994-02-22,1994-02-22,7974,1
2189,M068,1994,3,7978,1.57e-8,2,1994-07-05,1994-09-06,7976,1
2189,M068,1995,3,7982,1.03e-6,2,1995-07-19,1995-09-05,7979,2
2189,M068,1996,1,7984,1.22e-5,1,1996-02-13,1996-02-13,7982,1
2189,M068,1996,3,7986,8.34e-5,2,1996-07-23,1996-09-18,7984,1
2189,M068,1997,4,7991,0.014765013,1,1997-10-07,1997-10-07,7987,3
2189,M068,1999,1,7996,0.872607413,1,1999-01-12,1999-01-12,7993,2
2189,M068,1999,3,7998,0.999999999,1,1999-09-08,1999-09-08,7996,1
2192,M071,1994,3,7978,3.73e-4,2,1994-07-06,1994-09-06,7973,4
2192,M071,1995,4,7983,0.009108433,1,1995-10-17,1995-10-17,7978,4
2193,M072,1994,3,7978,8.66e-13,2,1994-07-05,1994-09-06,7974,3
2193,M072,1995,3,7982,8.15e-11,1,1995-08-09,1995-08-09,7979,2
2193,M072,1996,3,7986,2.19e-9,1,1996-07-23,1996-07-23,7983,2
2193,M072,1998,3,7994,3.27e-8,2,1998-07-01,1998-09-08,7986,7
2193,M072,1999,3,7998,2.89e-7,1,1999-09-07,1999-09-07,7994,3
2193,M072,2000,3,8002,1.2e-6,1,2000-07-04,2000-07-04,7998,3
2193,M072,2001,2,8005,1.05e-5,1,2001-06-13,2001-06-13,8003,1
2193,M072,2002,3,8010,8.43e-5,2,2002-07-09,2002-09-10,8005,4
2193,M072,2003,3,8014,0.001150911,1,2003-09-03,2003-09-03,8010,3
2193,M072,2004,3,8018,0.017501455,1,2004-07-06,2004-07-06,8015,2
2194,M073,1994,1,7976,4.18e-7,1,1994-03-08,1994-03-08,7974,1
2194,M073,1994,3,7978,2.94e-6,2,1994-07-19,1994-09-20,7976,1
2194,M073,1995,3,7982,1.1e-4,1,1995-07-25,1995-07-25,7978,3
2194,M073,1996,3,7986,0.00266224,1,1996-07-31,1996-07-31,7983,2
2194,M073,1997,3,7990,0.020093849,1,1997-07-22,1997-07-22,7986,3
2196,M075,1994,3,7978,0.003591787,1,1994-07-19,1994-07-19,7976,1
2198,M077,1994,3,7978,8.38e-4,2,1994-07-19,1994-09-20,7976,1
2199,M078,1994,3,7978,1.72e-4,2,1994-07-19,1994-09-20,7976,1
2199,M078,1995,3,7982,0.006648254,1,1995-07-25,1995-07-25,7978,3
2199,M078,1996,3,7986,0.045974834,1,1996-07-30,1996-07-30,7982,3
2199,M078,1997,3,7990,0.29244789,1,1997-07-22,1997-07-22,7986,3
2203,M082,1994,3,7978,0.001276939,1,1994-07-19,1994-07-19,7974,3
2204,M083,1994,3,7978,2.83e-6,2,1994-07-19,1994-09-20,7976,1
2204,M083,1995,3,7982,4.22e-4,1,1995-07-25,1995-07-25,7979,2
2204,M083,1996,3,7986,0.003201673,1,1996-07-30,1996-07-30,7982,3
2204,M083,1997,3,7990,0.020623853,1,1997-07-23,1997-07-23,7986,3
2205,M084,1994,3,7978,2e-4,2,1994-07-19,1994-09-20,7976,1
2205,M084,1995,3,7982,0.007756084,1,1995-07-25,1995-07-25,7978,3
2206,M085,1994,1,7976,5.26e-4,1,1994-01-11,1994-01-11,7974,1
2208,M087,1994,1,7976,1.23e-4,1,1994-01-11,1994-01-11,7974,1
2209,M088,1994,1,7976,2.89e-5,1,1994-01-11,1994-01-11,7974,1
2210,M089,1994,2,7977,2.29e-4,1,1994-05-25,1994-05-25,7974,2
2211,M090,1994,1,7976,1.24e-4,1,1994-01-11,1994-01-11,7974,1
2211,M090,1994,3,7978,8.7e-4,1,1994-07-27,1994-07-27,7976,1
2212,M091,1994,1,7976,1.98e-4,1,1994-01-11,1994-01-11,7974,1
2212,M091,1994,3,7978,0.001359749,1,1994-07-27,1994-07-27,7976,1
2212,M091,2003,4,8015,0.171909464,1,2003-11-26,2003-11-26,7978,36
2213,M092,1994,2,7977,1.07e-6,1,1994-06-07,1994-06-07,7975,1
2213,M092,1996,2,7985,0.00217848,1,1996-06-25,1996-06-25,7981,3
2213,M092,1997,3,7990,0.062724292,1,1997-08-06,1997-08-06,7986,3
2213,M092,1998,3,7994,0.343275677,1,1998-07-28,1998-07-28,7990,3
2214,M093,1994,4,7979,3.43e-5,1,1994-10-19,1994-10-19,7977,1
2215,M094,1996,2,7985,4.15e-8,1,1996-06-25,1996-06-25,7981,3
2215,M094,1997,3,7990,3.43e-7,1,1997-08-05,1997-08-05,7985,4
2215,M094,1998,2,7993,1.31e-6,1,1998-05-20,1998-05-20,7990,2
2215,M094,1999,2,7997,1.8e-5,1,1999-05-25,1999-05-25,7994,2
2215,M094,2000,3,8002,3.39e-4,1,2000-09-05,2000-09-05,7998,3
2215,M094,2003,2,8013,0.003341526,1,2003-05-14,2003-05-14,8002,10
2215,M094,2004,2,8017,0.018448805,1,2004-05-25,2004-05-25,8014,2
2216,M095,1994,1,7976,1.46e-4,1,1994-01-25,1994-01-25,7974,1
2216,M095,1994,4,7979,0.002678793,1,1994-10-19,1994-10-19,7977,1
2217,M096,1994,1,7976,1.34e-4,1,1994-01-25,1994-01-25,7974,1
2217,M096,1995,2,7981,0.007605175,1,1995-06-21,1995-06-21,7977,3
2218,M097,1994,4,7979,2.8e-7,1,1994-10-18,1994-10-18,7974,4
2218,M097,1995,2,7981,1.18e-6,1,1995-06-21,1995-06-21,7979,1
2218,M097,1996,2,7985,1.2e-4,1,1996-06-25,1996-06-25,7982,2
2218,M097,1997,2,7989,0.003423586,1,1997-05-21,1997-05-21,7986,2
2220,M099,1994,2,7977,5.07e-4,1,1994-06-08,1994-06-08,7974,2
2220,M099,1995,1,7980,0.00359463,1,1995-01-31,1995-01-31,7978,1
2220,M099,1995,3,7982,0.021474489,1,1995-08-08,1995-08-08,7980,1
2220,M099,1996,2,7985,0.160253563,1,1996-06-26,1996-06-26,7982,2
2220,M099,1997,1,7988,0.801542993,1,1997-01-29,1997-01-29,7985,2
2220,M099,1997,3,7990,0.95073265,1,1997-09-23,1997-09-23,7988,1
2220,M099,1998,3,7994,0.970544308,3,1998-07-14,1998-09-23,7991,2
2225,M104,1995,1,7980,4.43e-7,1,1995-02-14,1995-02-14,7974,5
2225,M104,1995,3,7982,1.42e-6,1,1995-08-22,1995-08-22,7980,1
2225,M104,1996,3,7986,4.04e-5,1,1996-07-09,1996-07-09,7983,2
2225,M104,1997,3,7990,3.06e-4,1,1997-09-10,1997-09-10,7986,3
2225,M104,1998,3,7994,0.001584793,1,1998-08-12,1998-08-12,7990,3
2225,M104,1999,2,7997,0.005287355,1,1999-06-22,1999-06-22,7994,2
2226,M105,1995,3,7982,1.58e-5,2,1995-07-04,1995-08-22,7980,1
2226,M105,1996,3,7986,0.007565947,1,1996-07-09,1996-07-09,7984,1
2227,M106,1997,3,7990,0.999999999,1,1997-07-08,1997-07-08,7975,14
2228,M107,1994,3,7978,4.35e-10,2,1994-07-05,1994-09-07,7975,2
2228,M107,1995,1,7980,5.23e-9,1,1995-02-28,1995-02-28,7978,1
2228,M107,1995,3,7982,3.58e-8,2,1995-07-18,1995-09-05,7980,1
2228,M107,1996,1,7984,5.7e-7,1,1996-02-14,1996-02-14,7982,1
2228,M107,1996,3,7986,3.98e-6,1,1996-07-23,1996-07-23,7984,1
2228,M107,1997,3,7990,1.45e-4,1,1997-07-08,1997-07-08,7987,2
2228,M107,1999,3,7998,7.53e-4,1,1999-09-08,1999-09-08,7990,7
2228,M107,2000,3,8002,0.004508989,1,2000-07-04,2000-07-04,7999,2
2229,M108,1994,3,7978,9.76e-12,2,1994-07-06,1994-09-06,7975,2
2229,M108,1995,1,7980,1.17e-10,1,1995-02-28,1995-02-28,7978,1
2229,M108,1995,3,7982,8.02e-10,2,1995-07-18,1995-09-05,7980,1
2229,M108,1996,3,7986,3.7e-7,1,1996-07-23,1996-07-23,7984,1
2229,M108,1997,3,7990,1.39e-5,1,1997-07-09,1997-07-09,7987,2
2229,M108,1998,2,7993,6.87e-5,1,1998-06-30,1998-06-30,7990,2
2229,M108,1999,3,7998,0.001262174,2,1999-07-06,1999-09-07,7994,3
2230,M109,1994,3,7978,8.09e-8,2,1994-07-05,1994-09-06,7975,2
2230,M109,1995,4,7983,2.63e-6,1,1995-10-16,1995-10-16,7978,4
2230,M109,1996,3,7986,1.46e-5,1,1996-07-24,1996-07-24,7983,2
2230,M109,1998,2,7993,1.72e-4,1,1998-06-30,1998-06-30,7986,6
2230,M109,2000,4,8003,9.45e-4,1,2000-11-29,2000-11-29,7993,9
2230,M109,2002,3,8010,0.002874675,1,2002-09-10,2002-09-10,8003,6
2230,M109,2003,3,8014,0.007187988,1,2003-09-02,2003-09-02,8010,3
2231,M110,1994,1,7976,4.21e-5,1,1994-02-22,1994-02-22,7974,1
2231,M110,1997,3,7990,0.002739099,1,1997-07-08,1997-07-08,7976,13
2231,M110,1998,1,7992,0.005047627,1,1998-02-17,1998-02-17,7990,1
2231,M110,2000,1,8000,0.046228622,1,2000-02-08,2000-02-08,7992,7
2232,M111,1994,3,7978,0.001313731,1,1994-07-27,1994-07-27,7974,3
2233,M112,1994,2,7977,0.001017175,1,1994-05-25,1994-05-25,7974,2
2233,M112,1994,4,7979,0.003098379,1,1994-10-04,1994-10-04,7977,1
2236,M115,1995,3,7982,0.002862271,1,1995-09-19,1995-09-19,7975,6
2236,M115,1996,3,7986,0.013258648,1,1996-07-30,1996-07-30,7982,3
2236,M115,1997,4,7991,1,1,1997-10-21,1997-10-21,7988,2
2236,M115,1998,4,7995,1,1,1998-10-07,1998-10-07,7993,1
2237,M116,1994,3,7978,2.2e-4,1,1994-07-20,1994-07-20,7976,1
2237,M116,1997,3,7990,0.036657048,1,1997-07-23,1997-07-23,7979,10
2238,N001,1985,4,7943,0.014152052,1,1985-11-06,1985-11-06,7937,5
2240,N003,1986,2,7945,3.36e-7,1,1986-05-12,1986-05-12,7937,7
2240,N003,1986,4,7947,5.77e-7,1,1986-11-11,1986-11-11,7945,1
2240,N003,1987,2,7949,2.23e-6,1,1987-05-11,1987-05-11,7947,1
2240,N003,1989,2,7957,2.15e-5,1,1989-06-07,1989-06-07,7949,7
2240,N003,1990,2,7961,4.79e-5,1,1990-06-05,1990-06-05,7957,3
2240,N003,1991,2,7965,1.29e-4,1,1991-06-18,1991-06-18,7961,3
2240,N003,1992,1,7968,3.22e-4,1,1992-02-10,1992-02-10,7965,2
2240,N003,1992,4,7971,0.001160614,1,1992-10-21,1992-10-21,7968,2
2240,N003,1993,2,7973,0.0039325,1,1993-06-08,1993-06-08,7971,1
2241,N004,1986,1,7944,1.86e-10,1,1986-01-17,1986-01-17,7936,7
2241,N004,1988,4,7955,1.35e-9,1,1988-12-06,1988-12-06,7944,10
2241,N004,1989,4,7959,5.73e-9,1,1989-10-18,1989-10-18,7956,2
2241,N004,1990,2,7961,1.56e-8,1,1990-05-22,1990-05-22,7959,1
2241,N004,1990,4,7963,4.09e-8,1,1990-10-16,1990-10-16,7961,1
2241,N004,1991,2,7965,1.8e-7,1,1991-06-04,1991-06-04,7963,1
2241,N004,1991,4,7967,5.37e-7,1,1991-10-30,1991-10-30,7965,1
2241,N004,1992,4,7971,4.08e-6,1,1992-10-06,1992-10-06,7967,3
2241,N004,1994,2,7977,0.001050956,1,1994-06-08,1994-06-08,7974,2
2242,N005,1986,1,7944,0.020363093,1,1986-03-11,1986-03-11,7936,7
2244,N007,1985,2,7941,7.43e-9,1,1985-05-20,1985-05-20,7939,1
2244,N007,1985,4,7943,2.3e-8,1,1985-11-05,1985-11-05,7941,1
2244,N007,1986,2,7945,1.31e-7,1,1986-05-12,1986-05-12,7943,1
2244,N007,1987,3,7950,9.69e-7,1,1987-08-19,1987-08-19,7945,4
2244,N007,1988,2,7953,7.81e-6,1,1988-05-24,1988-05-24,7951,1
2244,N007,1990,3,7962,7.57e-5,1,1990-08-15,1990-08-15,7953,8
2244,N007,1991,3,7966,3.62e-4,1,1991-09-03,1991-09-03,7963,2
2244,N007,1992,4,7971,0.001743578,1,1992-10-21,1992-10-21,7966,4
2244,N007,1994,2,7977,0.009677196,1,1994-06-21,1994-06-21,7971,5
2245,N008,1986,2,7945,0.009161678,1,1986-05-12,1986-05-12,7942,2
2247,N010,1985,2,7941,0.008203454,1,1985-05-20,1985-05-20,7938,2
2249,N012,1985,4,7943,0.004811364,1,1985-11-06,1985-11-06,7941,1
2250,N013,1985,2,7941,0.006664102,1,1985-05-21,1985-05-21,7939,1
2253,N016,1985,2,7941,3.95e-12,1,1985-05-20,1985-05-20,7939,1
2253,N016,1986,3,7946,3.25e-11,1,1986-08-12,1986-08-12,7941,4
2253,N016,1987,4,7951,2.66e-9,1,1987-11-11,1987-11-11,7949,1
2253,N016,1989,1,7956,4.67e-8,1,1989-02-08,1989-02-08,7952,3
2253,N016,1990,2,7961,6.22e-5,1,1990-06-19,1990-06-19,7959,1
2253,N016,1991,1,7964,7.53e-4,2,1991-02-19,1991-02-27,7962,1
2255,N018,1985,2,7941,0.001777593,1,1985-05-21,1985-05-21,7939,1
2255,N018,1986,1,7944,0.008495914,1,1986-02-17,1986-02-17,7941,2
2256,N019,1985,2,7941,2.56e-7,1,1985-05-31,1985-05-31,7939,1
2256,N019,1986,2,7945,2.65e-6,1,1986-05-14,1986-05-14,7942,2
2256,N019,1986,4,7947,6.81e-6,1,1986-11-11,1986-11-11,7945,1
2256,N019,1987,2,7949,3.53e-5,1,1987-05-13,1987-05-13,7947,1
2256,N019,1988,1,7952,1.49e-4,1,1988-02-09,1988-02-09,7949,2
2256,N019,1989,4,7959,0.001208987,1,1989-10-31,1989-10-31,7952,6
2256,N019,1990,2,7961,0.002241356,1,1990-06-05,1990-06-05,7959,1
2257,N020,1985,2,7941,2.15e-12,2,1985-05-20,1985-05-30,7939,1
2257,N020,1985,4,7943,1.94e-11,1,1985-11-12,1985-11-12,7941,1
2257,N020,1986,3,7946,1.82e-10,1,1986-08-12,1986-08-12,7943,2
2257,N020,1987,3,7950,9.47e-10,1,1987-08-18,1987-08-18,7946,3
2257,N020,1988,3,7954,1.7e-8,1,1988-08-02,1988-08-02,7952,1
2257,N020,1989,1,7956,4.92e-8,1,1989-02-08,1989-02-08,7954,1
2257,N020,1989,3,7958,2.07e-7,2,1989-08-02,1989-08-16,7956,1
2257,N020,1990,1,7960,1.55e-6,1,1990-02-07,1990-02-07,7958,1
2257,N020,1993,1,7972,0.010691244,1,1993-02-09,1993-02-09,7964,7
2260,N023,1985,1,7940,0.004781846,1,1985-02-19,1985-02-19,7938,1
2263,N026,1989,2,7957,1,1,1989-05-23,1989-05-23,7943,13
2263,N026,1990,3,7962,1,1,1990-08-01,1990-08-01,7957,4
2265,N028,1985,2,7941,1.52e-4,1,1985-05-20,1985-05-20,7939,1
2265,N028,1987,2,7949,0.006736854,1,1987-05-11,1987-05-11,7942,6
2265,N028,1988,3,7954,0.024427287,1,1988-08-02,1988-08-02,7949,4
2265,N028,1989,3,7958,0.073226611,1,1989-08-16,1989-08-16,7954,3
2268,N031,1985,2,7941,1.1e-8,1,1985-05-20,1985-05-20,7939,1
2268,N031,1986,4,7947,3.06e-6,1,1986-11-12,1986-11-12,7944,2
2268,N031,1987,3,7950,1.62e-5,1,1987-08-18,1987-08-18,7947,2
2270,N033,1985,4,7943,0.014089855,1,1985-11-22,1985-11-22,7937,5
2272,N035,1985,3,7942,2.36e-9,1,1985-07-02,1985-07-02,7937,4
2272,N035,1988,1,7952,1.99e-8,1,1988-03-07,1988-03-07,7942,9
2272,N035,1989,3,7958,6.15e-8,1,1989-07-04,1989-07-04,7952,5
2272,N035,1991,3,7966,1.93e-7,1,1991-09-18,1991-09-18,7958,7
2272,N035,1992,2,7969,3.52e-7,1,1992-06-16,1992-06-16,7966,2
2272,N035,1992,4,7971,6.73e-7,1,1992-11-03,1992-11-03,7969,1
2272,N035,1993,3,7974,3.46e-6,1,1993-09-08,1993-09-08,7971,2
2272,N035,1994,3,7978,6.79e-5,1,1994-09-07,1994-09-07,7975,2
2272,N035,1995,3,7982,4.84e-4,2,1995-07-18,1995-09-06,7978,3
2274,N037,1989,2,7957,0.054204393,1,1989-06-21,1989-06-21,7937,19
2279,N042,1985,3,7942,4.75e-8,1,1985-07-16,1985-07-16,7938,3
2279,N042,1986,1,7944,1.23e-7,1,1986-01-21,1986-01-21,7942,1
2279,N042,1988,1,7952,1.56e-6,1,1988-02-24,1988-02-24,7944,7
2279,N042,1989,2,7957,3.36e-5,1,1989-06-21,1989-06-21,7954,2
2279,N042,1990,2,7961,4e-4,1,1990-06-20,1990-06-20,7958,2
2279,N042,1991,3,7966,0.006565519,1,1991-09-17,1991-09-17,7962,3
2281,N044,1986,2,7945,1.34e-6,1,1986-06-27,1986-06-27,7938,6
2281,N044,1988,1,7952,6.37e-6,1,1988-03-08,1988-03-08,7945,6
2281,N044,1989,2,7957,1.7e-4,1,1989-06-21,1989-06-21,7953,3
2281,N044,1990,4,7963,0.008916261,1,1990-11-27,1990-11-27,7958,4
2282,N045,1986,2,7945,0.018961602,1,1986-06-20,1986-06-20,7938,6
2283,N046,1988,1,7952,0.039519741,1,1988-03-09,1988-03-09,7938,13
2284,N047,1985,3,7942,1.35e-6,1,1985-07-23,1985-07-23,7938,3
2284,N047,1986,3,7946,3.86e-6,1,1986-07-17,1986-07-17,7942,3
2284,N047,1987,3,7950,1.53e-5,1,1987-07-09,1987-07-09,7946,3
2284,N047,1988,1,7952,3.64e-5,1,1988-03-09,1988-03-09,7950,1
2284,N047,1991,3,7966,0.001691107,1,1991-07-16,1991-07-16,7953,12
2284,N047,1993,3,7974,0.003982379,1,1993-07-07,1993-07-07,7966,7
2284,N047,1994,3,7978,0.009350958,1,1994-07-19,1994-07-19,7974,3
2285,N048,1986,2,7945,1.09e-6,1,1986-06-24,1986-06-24,7938,6
2285,N048,1988,2,7953,5.84e-6,1,1988-06-22,1988-06-22,7945,7
2285,N048,1990,4,7963,2.25e-5,1,1990-11-27,1990-11-27,7953,9
2285,N048,1991,3,7966,3.73e-5,1,1991-07-16,1991-07-16,7963,2
2285,N048,1992,2,7969,7.9e-4,1,1992-04-29,1992-04-29,7967,1
2285,N048,1994,3,7978,0.011902078,1,1994-07-19,1994-07-19,7969,8
2286,N049,1985,3,7942,3.42e-7,1,1985-08-13,1985-08-13,7939,2
2286,N049,1986,1,7944,9.86e-7,1,1986-02-10,1986-02-10,7942,1
2286,N049,1987,1,7948,2.36e-5,1,1987-02-10,1987-02-10,7946,1
2286,N049,1989,4,7959,0.001586152,1,1989-10-18,1989-10-18,7949,9
2286,N049,1990,2,7961,0.002621648,1,1990-05-22,1990-05-22,7959,1
2286,N049,1990,4,7963,0.005265968,1,1990-10-16,1990-10-16,7961,1
2287,N050,1985,2,7941,9.1e-6,1,1985-05-21,1985-05-21,7939,1
2287,N050,1986,3,7946,2.28e-4,1,1986-08-12,1986-08-12,7942,3
2287,N050,1987,2,7949,8.78e-4,1,1987-05-12,1987-05-12,7946,2
2287,N050,1987,4,7951,0.002088208,1,1987-10-28,1987-10-28,7949,1
2287,N050,1988,2,7953,0.009977791,1,1988-05-10,1988-05-10,7951,1
2288,N051,1986,2,7945,1.22e-4,1,1986-05-14,1986-05-14,7942,2
2288,N051,1987,2,7949,7.75e-4,1,1987-05-12,1987-05-12,7947,1
2288,N051,1988,4,7955,0.016062778,1,1988-10-04,1988-10-04,7950,4
2290,N053,1987,3,7950,0.009214234,1,1987-07-31,1987-07-31,7939,10
2290,N053,1988,3,7954,0.021748555,1,1988-09-20,1988-09-20,7950,3
2291,N054,1985,4,7943,2.99e-5,1,1985-11-05,1985-11-05,7941,1
2291,N054,1986,2,7945,1.58e-4,1,1986-05-13,1986-05-13,7943,1
2291,N054,1987,2,7949,0.00276264,1,1987-05-13,1987-05-13,7946,2
2291,N054,1987,4,7951,0.007283455,1,1987-11-11,1987-11-11,7949,1
2295,N058,1987,2,7949,0.019712329,1,1987-05-12,1987-05-12,7943,5
2296,N059,1986,3,7946,0.058370161,1,1986-08-12,1986-08-12,7943,2
2296,N059,1988,1,7952,0.42696370300000003,1,1988-02-08,1988-02-08,7946,5
2296,N059,1988,3,7954,0.999999999,1,1988-08-03,1988-08-03,7952,1
2296,N059,1989,2,7957,1,1,1989-06-07,1989-06-07,7955,1
2296,N059,1989,4,7959,1,1,1989-11-01,1989-11-01,7957,1
2296,N059,1991,2,7965,1,1,1991-06-18,1991-06-18,7959,5
2297,N060,1985,4,7943,1.82e-4,1,1985-11-05,1985-11-05,7941,1
2297,N060,1986,2,7945,0.001145433,1,1986-05-13,1986-05-13,7943,1
2297,N060,1987,1,7948,0.005088653,1,1987-02-11,1987-02-11,7945,2
2297,N060,1988,1,7952,0.184798363,1,1988-02-10,1988-02-10,7950,1
2297,N060,1989,2,7957,1,2,1989-06-06,1989-06-20,7955,1
2298,N061,1986,2,7945,0.00742269,1,1986-05-13,1986-05-13,7943,1
2299,N062,1985,3,7942,8.56e-6,1,1985-08-14,1985-08-14,7940,1
2299,N062,1986,2,7945,1.44e-4,1,1986-05-14,1986-05-14,7943,1
2299,N062,1987,2,7949,0.002748603,1,1987-05-13,1987-05-13,7946,2
2299,N062,1987,4,7951,0.007269482,1,1987-11-11,1987-11-11,7949,1
2300,N063,1985,4,7943,1.76e-6,1,1985-11-06,1985-11-06,7941,1
2300,N063,1986,2,7945,1.11e-5,1,1986-05-13,1986-05-13,7943,1
2300,N063,1987,2,7949,7.01e-5,1,1987-05-12,1987-05-12,7945,3
2300,N063,1988,2,7953,8.11e-4,1,1988-05-24,1988-05-24,7950,2
2300,N063,1989,2,7957,0.010580556,1,1989-06-06,1989-06-06,7954,2
2301,N064,1986,3,7946,1.01e-4,1,1986-08-12,1986-08-12,7939,6
2301,N064,1987,2,7949,2.7e-4,1,1987-05-13,1987-05-13,7946,2
2301,N064,1988,2,7953,0.008834658,1,1988-05-11,1988-05-11,7951,1
2303,N066,1991,2,7965,0.141986036,1,1991-05-15,1991-05-15,7938,26
2307,N070,1987,2,7949,0.062438401,1,1987-06-02,1987-06-02,7938,10
2308,N071,1985,4,7943,0.012834342,1,1985-11-18,1985-11-18,7938,4
2310,N073,1992,1,7968,0.017569924,1,1992-02-26,1992-02-26,7939,28
2311,N074,1985,4,7943,0.004829287,1,1985-11-06,1985-11-06,7941,1
2312,N075,1985,2,7941,0.002041223,1,1985-05-20,1985-05-20,7939,1
2313,N076,1987,1,7948,0.025294358,1,1987-02-11,1987-02-11,7939,8
2314,O001,1983,1,7932,0.089857875,1,1983-02-16,1983-02-16,7930,1
2314,O001,1984,1,7936,0.335604705,1,1984-02-14,1984-02-14,7932,3
2314,O001,1985,2,7941,0.999999971,1,1985-05-20,1985-05-20,7936,4
2317,O004,1982,4,7931,0.530494361,1,1982-11-02,1982-11-02,7929,1
2317,O004,1983,3,7934,1,1,1983-09-15,1983-09-15,7932,1
2319,O006,1983,3,7934,0.01122165,1,1983-08-17,1983-08-17,7929,4
2320,O007,1983,3,7934,0.009139499,1,1983-08-16,1983-08-16,7930,3
2321,O008,1983,1,7932,6.2e-7,1,1983-02-08,1983-02-08,7929,2
2321,O008,1983,3,7934,2.36e-6,1,1983-08-17,1983-08-17,7932,1
2321,O008,1984,2,7937,1.17e-5,1,1984-05-15,1984-05-15,7934,2
2321,O008,1986,2,7945,3.65e-4,1,1986-05-12,1986-05-12,7938,6
2321,O008,1987,2,7949,0.002956522,1,1987-05-11,1987-05-11,7946,2
2322,O009,1983,2,7933,1.78e-4,2,1983-05-26,1983-06-13,7929,3
2322,O009,1984,3,7938,0.005599216,1,1984-07-31,1984-07-31,7934,3
2322,O009,1987,3,7950,0.038495341,1,1987-08-18,1987-08-18,7938,11
2324,O011,1984,3,7938,0.02638451,1,1984-08-14,1984-08-14,7929,8
2324,O011,1986,3,7946,0.071885338,1,1986-08-07,1986-08-07,7938,7
2324,O011,1987,3,7950,0.167238896,1,1987-07-28,1987-07-28,7946,3
2324,O011,1988,1,7952,0.325144817,1,1988-01-13,1988-01-13,7950,1
2324,O011,1989,1,7956,0.99999994,1,1989-03-20,1989-03-20,7952,3
2325,O012,1983,3,7934,0.012020622,1,1983-07-06,1983-07-06,7929,4
2328,O015,1983,2,7933,0.00216327,1,1983-06-21,1983-06-21,7930,2
2328,O015,1984,2,7937,0.010870031,1,1984-06-28,1984-06-28,7933,3
2330,O017,1983,2,7933,0.00726351,1,1983-06-28,1983-06-28,7930,2
2331,O018,1983,2,7933,1.92e-5,1,1983-06-16,1983-06-16,7930,2
2331,O018,1984,1,7936,4.67e-5,1,1984-02-14,1984-02-14,7933,2
2331,O018,1985,3,7942,0.002808745,1,1985-08-13,1985-08-13,7938,3
2335,O022,1983,3,7934,0.019980818,1,1983-08-16,1983-08-16,7930,3
2336,O023,1983,3,7934,0.005523112,1,1983-08-16,1983-08-16,7932,1
2337,O024,1983,2,7933,1.69e-4,1,1983-05-08,1983-05-08,7931,1
2337,O024,1984,1,7936,0.001952848,1,1984-02-15,1984-02-15,7934,1
2337,O024,1987,2,7949,0.189559796,1,1987-05-11,1987-05-11,7937,11
2337,O024,1988,2,7953,1,1,1988-05-11,1988-05-11,7950,2
2337,O024,1989,3,7958,1,1,1989-08-02,1989-08-02,7955,2
2339,O026,1983,3,7934,2.74e-5,1,1983-08-16,1983-08-16,7932,1
2339,O026,1985,2,7941,3.26e-4,1,1985-05-21,1985-05-21,7934,6
2339,O026,1987,2,7949,0.001769833,1,1987-05-13,1987-05-13,7941,7
2339,O026,1990,2,7961,0.009330035,1,1990-05-23,1990-05-23,7949,11
2339,O026,1991,4,7967,0.017501867,1,1991-10-29,1991-10-29,7961,5
2341,O028,1983,3,7934,0.005523112,1,1983-08-17,1983-08-17,7932,1
2342,O029,1983,2,7933,5.41e-7,1,1983-05-08,1983-05-08,7931,1
2342,O029,1984,3,7938,4.32e-6,1,1984-07-31,1984-07-31,7933,4
2342,O029,1985,1,7940,9.63e-6,1,1985-02-18,1985-02-18,7938,1
2342,O029,1987,2,7949,4.29e-4,1,1987-05-13,1987-05-13,7941,7
2342,O029,1988,3,7954,0.001424905,1,1988-07-20,1988-07-20,7949,4
2342,O029,1989,2,7957,0.003564714,1,1989-05-24,1989-05-24,7954,2
2342,O029,1989,4,7959,0.007398786,1,1989-10-17,1989-10-17,7957,1
2343,O030,1983,3,7934,8.15e-5,1,1983-08-16,1983-08-16,7932,1
2343,O030,1984,1,7936,1.67e-4,1,1984-02-14,1984-02-14,7934,1
2343,O030,1985,3,7942,7.94e-4,1,1985-08-14,1985-08-14,7936,5
2343,O030,1986,2,7945,0.00142839,1,1986-05-12,1986-05-12,7942,2
2343,O030,1987,2,7949,0.003059027,1,1987-05-12,1987-05-12,7945,3
2344,O031,1986,3,7946,0.003026997,1,1986-07-09,1986-07-09,7930,15
2344,O031,1989,3,7958,0.012272431,1,1989-09-06,1989-09-06,7946,11
2344,O031,1991,3,7966,0.025538772,1,1991-07-02,1991-07-02,7958,7
2345,O032,1983,2,7933,0.00805695,1,1983-06-15,1983-06-15,7930,2
2346,O033,1983,3,7934,0.008663685,1,1983-07-25,1983-07-25,7931,2
2347,O034,1989,4,7959,5.82e-4,1,1989-10-03,1989-10-03,7931,27
2347,O034,1990,3,7962,7.7e-4,1,1990-07-17,1990-07-17,7959,2
2347,O034,1993,2,7973,0.002612053,1,1993-05-12,1993-05-12,7962,10
2347,O034,1994,4,7979,0.009354631,1,1994-10-04,1994-10-04,7974,4
2348,O035,1983,3,7934,5.45e-11,1,1983-08-16,1983-08-16,7932,1
2348,O035,1986,3,7946,1.08e-9,1,1986-08-13,1986-08-13,7934,11
2348,O035,1987,3,7950,2.56e-9,1,1987-08-18,1987-08-18,7946,3
2348,O035,1988,2,7953,1.72e-8,1,1988-05-11,1988-05-11,7951,1
2348,O035,1989,3,7958,3.22e-7,1,1989-08-01,1989-08-01,7954,3
2348,O035,1990,2,7961,2.39e-6,1,1990-05-23,1990-05-23,7959,1
2348,O035,1990,4,7963,7.29e-6,1,1990-10-16,1990-10-16,7961,1
2348,O035,1992,2,7969,7.38e-5,1,1992-05-20,1992-05-20,7963,5
2348,O035,1992,4,7971,7.68e-5,1,1992-10-07,1992-10-07,7969,1
2348,O035,1993,3,7974,1.03e-4,1,1993-08-03,1993-08-03,7971,2
2348,O035,1994,2,7977,1.57e-4,1,1994-06-07,1994-06-07,7974,2
2348,O035,1995,2,7981,0.005329775,1,1995-06-20,1995-06-20,7979,1
2351,P002,1987,3,7950,0.039342563,1,1987-08-19,1987-08-19,7936,13
2352,P003,1984,2,7937,0.00538092,1,1984-05-15,1984-05-15,7934,2
2352,P003,1987,4,7951,0.339714855,1,1987-10-28,1987-10-28,7938,12
2352,P003,1989,2,7957,1,1,1989-05-23,1989-05-23,7951,5
2352,P003,1990,2,7961,1,1,1990-05-22,1990-05-22,7959,1
2352,P003,1991,1,7964,1,1,1991-02-20,1991-02-20,7962,1
2354,P005,1984,2,7937,4.19e-10,1,1984-05-15,1984-05-15,7935,1
2354,P005,1985,1,7940,2.83e-9,1,1985-02-19,1985-02-19,7938,1
2354,P005,1986,2,7945,2.99e-8,1,1986-05-12,1986-05-12,7940,4
2354,P005,1987,3,7950,2.07e-7,1,1987-08-18,1987-08-18,7946,3
2354,P005,1988,3,7954,2.32e-6,1,1988-08-03,1988-08-03,7951,2
2354,P005,1989,4,7959,3.72e-5,1,1989-11-01,1989-11-01,7955,3
2354,P005,1991,2,7965,5.57e-4,1,1991-06-18,1991-06-18,7960,4
2354,P005,1993,1,7972,0.002520937,1,1993-02-10,1993-02-10,7965,6
2354,P005,1993,4,7975,0.005733467,1,1993-10-26,1993-10-26,7972,2
2358,P009,1985,3,7942,1.04e-9,1,1985-08-13,1985-08-13,7939,2
2358,P009,1986,2,7945,4.62e-9,1,1986-04-14,1986-04-14,7942,2
2358,P009,1987,4,7951,2e-6,1,1987-11-10,1987-11-10,7949,1
2358,P009,1988,3,7954,4.14e-5,1,1988-08-02,1988-08-02,7952,1
2358,P009,1990,2,7961,0.417627456,1,1990-06-05,1990-06-05,7959,1
2358,P009,1991,3,7966,1,1,1991-09-03,1991-09-03,7964,1
2360,P011,1985,1,7940,0.004760525,1,1985-02-19,1985-02-19,7938,1
2360,P011,1985,3,7942,0.025648244,1,1985-08-14,1985-08-14,7940,1
2360,P011,1987,2,7949,0.999999999,1,1987-05-11,1987-05-11,7943,5
2361,P012,1984,3,7938,0.99789529,1,1984-07-31,1984-07-31,7936,1
2361,P012,1985,2,7941,1,1,1985-05-20,1985-05-20,7939,1
2361,P012,1986,2,7945,1,1,1986-05-13,1986-05-13,7943,1
2362,P013,1984,3,7938,1.91e-4,1,1984-08-01,1984-08-01,7935,2
2362,P013,1985,1,7940,5.66e-4,1,1985-02-19,1985-02-19,7938,1
2362,P013,1986,2,7945,0.046250258,1,1986-05-13,1986-05-13,7942,2
2362,P013,1987,3,7950,0.31179023,1,1987-09-09,1987-09-09,7945,4
2362,P013,1988,2,7953,0.635919529,1,1988-05-24,1988-05-24,7950,2
2364,P015,1984,2,7937,0.001597251,1,1984-05-15,1984-05-15,7935,1
2365,P016,1985,2,7941,2.67e-4,1,1985-05-20,1985-05-20,7936,4
2365,P016,1987,3,7950,0.002044883,1,1987-08-18,1987-08-18,7941,8
2365,P016,1988,2,7953,0.004529019,1,1988-05-10,1988-05-10,7950,2
2365,P016,1991,4,7967,0.032190042,1,1991-10-29,1991-10-29,7953,13
2367,P018,1985,2,7941,7.25e-10,2,1985-05-13,1985-05-30,7937,3
2367,P018,1987,3,7950,9.97e-8,1,1987-08-19,1987-08-19,7942,7
2367,P018,1988,2,7953,2.48e-7,1,1988-05-24,1988-05-24,7950,2
2367,P018,1989,2,7957,6.71e-6,1,1989-06-06,1989-06-06,7955,1
2367,P018,1990,1,7960,6.06e-5,1,1990-02-06,1990-02-06,7958,1
2367,P018,1991,1,7964,0.00118862,1,1991-02-19,1991-02-19,7961,2
2367,P018,1991,3,7966,0.004376318,1,1991-09-03,1991-09-03,7964,1
2369,P020,1983,4,7935,3.5e-13,1,1983-11-01,1983-11-01,7933,1
2369,P020,1987,2,7949,4.65e-10,1,1987-05-13,1987-05-13,7938,10
2369,P020,1988,2,7953,7.23e-9,1,1988-05-24,1988-05-24,7951,1
2369,P020,1989,2,7957,1.16e-7,1,1989-06-06,1989-06-06,7954,2
2369,P020,1990,3,7962,1.55e-6,1,1990-08-14,1990-08-14,7958,3
2369,P020,1991,2,7965,4.86e-6,1,1991-06-18,1991-06-18,7962,2
2369,P020,1991,4,7967,1.14e-5,1,1991-11-12,1991-11-12,7965,1
2369,P020,1992,2,7969,5.18e-5,1,1992-06-02,1992-06-02,7967,1
2369,P020,1992,4,7971,1.56e-4,1,1992-10-20,1992-10-20,7969,1
2369,P020,1993,4,7975,0.001211072,1,1993-10-26,1993-10-26,7971,3
2369,P020,1994,2,7977,0.004659135,1,1994-06-22,1994-06-22,7975,1
2370,P021,1984,2,7937,0.001973013,1,1984-05-15,1984-05-15,7934,2
2377,P028,1984,1,7936,9.11e-18,1,1984-02-14,1984-02-14,7934,1
2377,P028,1985,2,7941,3.13e-16,1,1985-05-20,1985-05-20,7937,3
2377,P028,1985,4,7943,7.22e-16,1,1985-11-06,1985-11-06,7941,1
2377,P028,1986,2,7945,3.55e-15,1,1986-05-13,1986-05-13,7943,1
2377,P028,1988,1,7952,1.81e-13,1,1988-02-09,1988-02-09,7947,4
2377,P028,1989,3,7958,6.38e-11,1,1989-08-16,1989-08-16,7956,1
2377,P028,1990,2,7961,7.74e-10,1,1990-06-06,1990-06-06,7959,1
2377,P028,1993,3,7974,8.28e-5,1,1993-08-17,1993-08-17,7969,4
2377,P028,1994,1,7976,2.07e-4,1,1994-02-08,1994-02-08,7974,1
2377,P028,1994,3,7978,9.7e-4,1,1994-08-16,1994-08-16,7976,1
2377,P028,1995,3,7982,0.008519411,1,1995-07-04,1995-07-04,7978,3
2383,P034,1983,4,7935,0.003817343,1,1983-12-08,1983-12-08,7933,1
2384,P035,1986,2,7945,5.74e-4,1,1986-05-13,1986-05-13,7933,11
2386,P037,1985,3,7942,0.005299165,1,1985-07-16,1985-07-16,7934,7
2386,P037,1986,3,7946,0.016044634,1,1986-07-16,1986-07-16,7942,3
2387,P038,1984,3,7938,8.39e-5,1,1984-07-19,1984-07-19,7934,3
2387,P038,1986,3,7946,4.06e-4,1,1986-07-22,1986-07-22,7938,7
2387,P038,1988,1,7952,0.001486525,1,1988-03-08,1988-03-08,7946,5
2387,P038,1990,3,7962,0.007543241,1,1990-07-03,1990-07-03,7952,9
2387,P038,1991,4,7967,0.01411015,1,1991-12-10,1991-12-10,7962,4
2390,P041,1984,3,7938,0.00956936,1,1984-07-13,1984-07-13,7934,3
2391,P042,1984,3,7938,3.19e-13,1,1984-07-17,1984-07-17,7934,3
2391,P042,1986,2,7945,2.51e-12,1,1986-06-19,1986-06-19,7938,6
2391,P042,1988,1,7952,3.94e-11,1,1988-03-08,1988-03-08,7946,5
2391,P042,1989,3,7958,4.84e-10,2,1989-07-04,1989-09-20,7953,4
2391,P042,1990,3,7962,1.56e-8,2,1990-07-04,1990-09-19,7959,2
2391,P042,1991,3,7966,6.21e-8,1,1991-07-17,1991-07-17,7963,2
2391,P042,1992,2,7969,2.3e-6,1,1992-04-28,1992-04-28,7967,1
2391,P042,1993,3,7974,2.26e-4,2,1993-07-07,1993-09-28,7971,2
2391,P042,1994,3,7978,0.005615102,1,1994-07-20,1994-07-20,7974,3
2392,P043,1985,3,7942,2.43e-5,1,1985-07-24,1985-07-24,7934,7
2392,P043,1986,1,7944,4.43e-5,1,1986-01-21,1986-01-21,7942,1
2392,P043,1988,2,7953,0.001585543,1,1988-06-22,1988-06-22,7945,7
2392,P043,1990,3,7962,0.006523696,2,1990-09-05,1990-09-19,7953,8
2395,P046,1987,3,7950,0.011158209,1,1987-07-02,1987-07-02,7934,15
2395,P046,1989,1,7956,0.026946998,1,1989-03-07,1989-03-07,7950,5
2398,P049,1988,3,7954,0.014468823,1,1988-07-06,1988-07-06,7934,19
2398,P049,1990,1,7960,0.028259503,1,1990-03-20,1990-03-20,7954,5
2399,P050,1986,3,7946,0.328659487,1,1986-08-19,1986-08-19,7936,9
2400,P051,1985,2,7941,0.002244633,1,1985-05-20,1985-05-20,7938,2
2400,P051,1986,2,7945,0.012768934,1,1986-05-12,1986-05-12,7941,3
2401,P052,1984,2,7937,2.58e-9,1,1984-05-16,1984-05-16,7935,1
2401,P052,1985,2,7941,3.77e-8,1,1985-05-20,1985-05-20,7939,1
2401,P052,1987,3,7950,4.37e-7,1,1987-08-18,1987-08-18,7942,7
2401,P052,1988,4,7955,3.44e-6,1,1988-10-04,1988-10-04,7951,3
2401,P052,1989,2,7957,9.45e-6,1,1989-05-23,1989-05-23,7955,1
2401,P052,1990,2,7961,9.71e-5,1,1990-05-22,1990-05-22,7958,2
2401,P052,1992,2,7969,0.002481713,1,1992-05-19,1992-05-19,7962,6
2402,P053,1985,2,7941,0.013352875,1,1985-05-20,1985-05-20,7936,4
2403,P054,1984,3,7938,2.43e-11,1,1984-08-01,1984-08-01,7936,1
2403,P054,1985,2,7941,1.41e-10,1,1985-05-21,1985-05-21,7938,2
2403,P054,1987,2,7949,1.59e-8,1,1987-05-12,1987-05-12,7943,5
2403,P054,1988,3,7954,1.68e-7,1,1988-07-19,1988-07-19,7950,3
2403,P054,1989,2,7957,5.45e-7,1,1989-05-23,1989-05-23,7954,2
2403,P054,1989,4,7959,1.22e-6,1,1989-10-17,1989-10-17,7957,1
2403,P054,1990,3,7962,5.65e-6,1,1990-08-01,1990-08-01,7959,2
2403,P054,1991,2,7965,5.47e-5,1,1991-06-05,1991-06-05,7963,1
2403,P054,1991,4,7967,1.72e-4,1,1991-10-29,1991-10-29,7965,1
2403,P054,1992,2,7969,9.01e-4,1,1992-05-19,1992-05-19,7967,1
2403,P054,1993,3,7974,0.006557953,1,1993-08-03,1993-08-03,7969,4
2407,P058,1984,2,7937,3.62e-5,1,1984-05-15,1984-05-15,7934,2
2407,P058,1985,2,7941,0.001776973,1,1985-05-29,1985-05-29,7939,1
2408,P059,1985,1,7940,0.001315116,1,1985-02-18,1985-02-18,7938,1
2408,P059,1986,2,7945,0.015301216,1,1986-05-12,1986-05-12,7940,4
2409,Q001,2000,4,8003,0.0045899,1,2000-10-04,2000-10-04,7999,3
2409,Q001,2001,3,8006,0.018258498,1,2001-07-24,2001-07-24,8003,2
2410,Q002,2000,2,8001,0.02944764,1,2000-05-23,2000-05-23,7996,4
2411,Q003,1999,3,7998,8.85e-4,1,1999-07-21,1999-07-21,7996,1
2411,Q003,2000,1,8000,0.002766635,1,2000-01-11,2000-01-11,7998,1
2411,Q003,2000,3,8002,0.01286701,1,2000-08-17,2000-08-17,8000,1
2415,Q007,1999,3,7998,4.48e-10,3,1999-07-07,1999-09-07,7996,1
2415,Q007,2000,1,8000,1.8e-8,1,2000-02-08,2000-02-08,7998,1
2415,Q007,2001,3,8006,2.55e-7,2,2001-08-08,2001-09-18,8000,5
2415,Q007,2002,3,8010,2.86e-6,2,2002-08-21,2002-09-10,8006,3
2415,Q007,2004,3,8018,9.23e-5,1,2004-07-06,2004-07-06,8010,7
2415,Q007,2006,3,8026,4.54e-4,1,2006-08-01,2006-08-01,8018,7
2415,Q007,2009,4,8039,0.014931874,1,2009-10-27,2009-10-27,8026,12
2416,Q008,2001,3,8006,3.78e-4,1,2001-09-05,2001-09-05,8001,4
2416,Q008,2002,2,8009,0.001285927,1,2002-05-29,2002-05-29,8006,2
2416,Q008,2003,3,8014,0.007244587,1,2003-08-05,2003-08-05,8009,4
2416,Q008,2005,3,8022,0.046026695,1,2005-09-13,2005-09-13,8014,7
2420,Q012,2000,1,8000,1.27e-4,1,2000-01-11,2000-01-11,7998,1
2420,Q012,2003,2,8013,0.050997452,1,2003-05-13,2003-05-13,8002,10
2422,Q014,2000,1,8000,0.148860402,1,2000-01-11,2000-01-11,7998,1
2423,Q015,2000,2,8001,1.06e-8,1,2000-05-23,2000-05-23,7998,2
2423,Q015,2001,3,8006,2.06e-7,2,2001-07-24,2001-09-05,8002,3
2423,Q015,2003,4,8015,3.78e-4,1,2003-10-28,2003-10-28,8009,5
2423,Q015,2004,2,8017,0.001022994,1,2004-05-26,2004-05-26,8015,1
2424,Q016,2000,1,8000,0.008223972,1,2000-01-11,2000-01-11,7998,1
2434,Q026,2000,4,8003,0.00131663,1,2000-10-04,2000-10-04,7998,4
2434,Q026,2001,3,8006,0.004734652,1,2001-09-05,2001-09-05,8003,2
2434,Q026,2002,3,8010,0.022168883,1,2002-08-06,2002-08-06,8006,3
2435,Q027,2000,1,8000,0.039478095,1,2000-01-12,2000-01-12,7998,1
2436,Q028,2000,4,8003,1.76e-17,1,2000-10-04,2000-10-04,8001,1
2436,Q028,2001,3,8006,2.17e-17,2,2001-07-24,2001-09-04,8003,2
2436,Q028,2002,2,8009,2.74e-16,1,2002-05-28,2002-05-28,8007,1
2436,Q028,2003,3,8014,2.6e-14,1,2003-08-05,2003-08-05,8011,2
2436,Q028,2004,4,8019,5.36e-13,1,2004-10-19,2004-10-19,8015,3
2436,Q028,2005,2,8021,1.87e-12,1,2005-05-25,2005-05-25,8019,1
2436,Q028,2006,3,8026,4.12e-11,1,2006-07-19,2006-07-19,8022,3
2436,Q028,2008,2,8033,1.84e-9,1,2008-05-07,2008-05-07,8026,6
2436,Q028,2010,2,8041,2.69e-5,1,2010-05-11,2010-05-11,8035,5
2436,Q028,2011,2,8045,0.008700433,1,2011-05-04,2011-05-04,8042,2
2437,Q029,2000,1,8000,7.54e-6,1,2000-01-25,2000-01-25,7998,1
2437,Q029,2001,1,8004,4.8e-4,1,2001-01-23,2001-01-23,8002,1
2439,Q031,2001,2,8005,2.17e-4,1,2001-06-26,2001-06-26,8002,2
2439,Q031,2004,2,8017,0.050024851,1,2004-06-08,2004-06-08,8007,9
2440,Q032,2000,4,8003,2.78e-5,1,2000-11-28,2000-11-28,8001,1
2440,Q032,2001,2,8005,1.64e-4,1,2001-06-26,2001-06-26,8003,1
2440,Q032,2002,2,8009,0.011906002,1,2002-06-18,2002-06-18,8007,1
2441,Q033,2001,2,8005,6.84e-6,1,2001-06-26,2001-06-26,8003,1
2441,Q033,2002,2,8009,5.46e-4,1,2002-06-18,2002-06-18,8007,1
2441,Q033,2003,3,8014,0.015339922,1,2003-08-19,2003-08-19,8010,3
2441,Q033,2004,2,8017,0.059422236,1,2004-06-08,2004-06-08,8014,2
2441,Q033,2005,2,8021,0.912426186,1,2005-06-07,2005-06-07,8018,2
2441,Q033,2006,2,8025,1,1,2006-05-16,2006-05-16,8022,2
2444,Q036,2000,3,8002,8.09e-13,2,2000-07-04,2000-09-20,8000,1
2444,Q036,2001,2,8005,3.64e-12,1,2001-06-13,2001-06-13,8003,1
2444,Q036,2002,1,8008,1.52e-10,1,2002-02-06,2002-02-06,8006,1
2444,Q036,2002,3,8010,9.86e-10,1,2002-09-10,2002-09-10,8008,1
2444,Q036,2003,3,8014,6.97e-9,1,2003-09-02,2003-09-02,8010,3
2444,Q036,2005,2,8021,4.97e-8,1,2005-06-21,2005-06-21,8014,6
2444,Q036,2006,2,8025,4.02e-7,1,2006-05-24,2006-05-24,8022,2
2444,Q036,2007,1,8028,6.34e-5,1,2007-01-31,2007-01-31,8026,1
2447,Q039,2001,2,8005,0.016082334,1,2001-06-26,2001-06-26,8002,2
2447,Q039,2002,2,8009,1,1,2002-06-19,2002-06-19,8007,1
2449,Q041,2000,1,8000,0.009722083,1,2000-01-25,2000-01-25,7998,1
2454,Q046,2001,4,8007,1,1,2001-10-02,2001-10-02,8002,4
2456,Q048,2000,2,8001,2.4e-4,1,2000-06-20,2000-06-20,7998,2
2456,Q048,2001,2,8005,8.49e-4,1,2001-06-26,2001-06-26,8003,1
2457,Q049,2000,3,8002,3.71e-5,1,2000-08-22,2000-08-22,8000,1
2457,Q049,2001,2,8005,2.02e-4,1,2001-06-13,2001-06-13,8002,2
2460,Q052,2001,2,8005,0.009545077,1,2001-06-26,2001-06-26,8002,2
2461,Q053,2000,3,8002,0.011909284,1,2000-08-22,2000-08-22,8000,1
2462,Q054,1999,4,7999,0.002710643,1,1999-10-27,1999-10-27,7997,1
2462,Q054,2000,2,8001,0.013663491,1,2000-06-20,2000-06-20,7999,1
2467,Q059,2001,3,8006,0.999610076,2,2001-07-04,2001-08-21,8002,3
2468,Q060,2001,2,8005,4.7e-4,1,2001-06-13,2001-06-13,7999,5
2468,Q060,2002,3,8010,0.001808582,2,2002-07-10,2002-09-11,8005,4
2468,Q060,2004,4,8019,0.041987485,1,2004-10-06,2004-10-06,8010,8
2469,Q061,2000,1,8000,0.011522642,1,2000-02-09,2000-02-09,7998,1
2472,Q064,2000,3,8002,0.04865064,1,2000-07-04,2000-07-04,8000,1
2473,Q065,2000,3,8002,1.19e-4,1,2000-09-19,2000-09-19,7998,3
2473,Q065,2001,2,8005,0.001270122,1,2001-06-12,2001-06-12,8003,1
2473,Q065,2002,3,8010,0.016240061,1,2002-09-10,2002-09-10,8006,3
2473,Q065,2007,3,8030,0.292047976,1,2007-09-11,2007-09-11,8010,19
2474,Q066,2000,3,8002,0.119550694,1,2000-07-04,2000-07-04,7998,3
2474,Q066,2001,2,8005,0.262106933,1,2001-06-12,2001-06-12,8002,2
2474,Q066,2003,2,8013,0.286078102,1,2003-06-04,2003-06-04,8006,6
2474,Q066,2005,2,8021,0.289530598,1,2005-06-22,2005-06-22,8013,7
2474,Q066,2007,2,8029,0.303888668,1,2007-06-05,2007-06-05,8021,7
2474,Q066,2007,4,8031,0.375474703,1,2007-11-06,2007-11-06,8029,1
2475,Q067,2000,3,8002,0.021495462,3,2000-07-04,2000-09-19,8000,1
2477,Q069,2000,3,8002,0.953844577,1,2000-09-19,2000-09-19,8000,1
2478,Q070,2000,3,8002,0.048781994,1,2000-07-04,2000-07-04,8000,1
2478,Q070,2001,1,8004,0.172424092,1,2001-02-07,2001-02-07,8002,1
2478,Q070,2001,3,8006,0.841759454,2,2001-08-07,2001-09-18,8004,1
2480,Q072,2000,3,8002,3.94e-7,2,2000-07-04,2000-09-19,7999,2
2480,Q072,2001,2,8005,1.98e-5,1,2001-06-12,2001-06-12,8003,1
2480,Q072,2002,3,8010,1.74e-4,1,2002-07-10,2002-07-10,8005,4
2480,Q072,2003,2,8013,5.79e-4,1,2003-06-04,2003-06-04,8010,2
2480,Q072,2005,2,8021,0.017014032,1,2005-06-22,2005-06-22,8014,6
2480,Q072,2006,2,8025,0.148417445,1,2006-05-24,2006-05-24,8022,2
2481,Q073,2000,1,8000,0.008645783,1,2000-02-09,2000-02-09,7998,1
2482,Q074,2000,3,8002,0.999055953,2,2000-07-04,2000-09-19,8000,1
2482,Q074,2001,2,8005,0.999591437,1,2001-06-12,2001-06-12,8003,1
2482,Q074,2002,3,8010,0.999974715,2,2002-07-09,2002-09-10,8006,3
2482,Q074,2003,2,8013,0.999987742,1,2003-06-03,2003-06-03,8010,2
2482,Q074,2004,3,8018,0.999988617,1,2004-07-07,2004-07-07,8015,2
2482,Q074,2005,2,8021,0.999988737,1,2005-06-21,2005-06-21,8018,2
2482,Q074,2006,3,8026,0.999999259,1,2006-08-15,2006-08-15,8023,2
2482,Q074,2007,2,8029,0.999999998,1,2007-06-05,2007-06-05,8026,2
2482,Q074,2008,2,8033,0.999999999,1,2008-06-03,2008-06-03,8030,2
2483,Q075,2000,3,8002,0.018969033,1,2000-09-05,2000-09-05,7998,3
2485,Q077,2000,1,8000,4.08e-4,1,2000-01-11,2000-01-11,7998,1
2485,Q077,2000,3,8002,0.002372544,1,2000-09-05,2000-09-05,8000,1
2485,Q077,2001,3,8006,0.015187881,1,2001-07-25,2001-07-25,8002,3
2485,Q077,2002,3,8010,0.069754273,1,2002-08-07,2002-08-07,8006,3
2485,Q077,2003,3,8014,0.294286518,1,2003-08-05,2003-08-05,8010,3
2485,Q077,2004,2,8017,0.999999997,1,2004-05-25,2004-05-25,8014,2
2486,Q078,2000,1,8000,0.003200735,1,2000-01-12,2000-01-12,7998,1
2486,Q078,2001,2,8005,0.027187492,1,2001-06-26,2001-06-26,8003,1
2486,Q078,2002,3,8010,0.627767711,1,2002-08-06,2002-08-06,8006,3
2487,Q079,2000,2,8001,0.904685197,1,2000-05-23,2000-05-23,7998,2
2487,Q079,2001,2,8005,0.969976914,1,2001-06-26,2001-06-26,8003,1
2489,Q081,2001,3,8006,1.3e-20,2,2001-07-24,2001-09-05,8002,3
2489,Q081,2002,2,8009,1.81e-19,1,2002-05-29,2002-05-29,8006,2
2489,Q081,2003,4,8015,1.73e-17,1,2003-10-28,2003-10-28,8011,3
2489,Q081,2004,3,8018,7.38e-17,1,2004-08-24,2004-08-24,8015,2
2489,Q081,2005,2,8021,2.92e-16,1,2005-05-24,2005-05-24,8018,2
2489,Q081,2006,3,8026,2.2e-14,1,2006-07-18,2006-07-18,8022,3
2489,Q081,2007,4,8031,1.59e-11,1,2007-10-24,2007-10-24,8027,3
2489,Q081,2008,3,8034,3.56e-10,1,2008-07-22,2008-07-22,8031,2
2489,Q081,2009,2,8037,7.89e-9,1,2009-06-02,2009-06-02,8034,2
2489,Q081,2010,3,8042,0.003914273,1,2010-09-07,2010-09-07,8039,2
2491,Q083,2001,3,8006,0.191818255,1,2001-07-25,2001-07-25,8002,3
2492,Q084,2000,1,8000,1,1,2000-01-11,2000-01-11,7998,1
2492,Q084,2001,2,8005,1,1,2001-06-26,2001-06-26,8003,1
2492,Q084,2002,2,8009,1,1,2002-05-29,2002-05-29,8006,2
2493,Q085,2000,3,8002,0.581209911,2,2000-07-18,2000-08-22,8000,1
2493,Q085,2001,3,8006,0.592024944,1,2001-08-21,2001-08-21,8003,2
2494,Q086,2001,1,8004,0.0019190259999999999,1,2001-01-23,2001-01-23,8002,1
2495,Q087,2000,3,8002,7.57e-4,2,2000-07-19,2000-09-05,8000,1
2495,Q087,2005,3,8022,0.097900198,1,2005-07-19,2005-07-19,8002,19
2496,Q088,2000,1,8000,0.217142688,1,2000-02-09,2000-02-09,7998,1
2496,Q088,2000,3,8002,1,1,2000-09-19,2000-09-19,8000,1
2498,Q090,2000,1,8000,7.89e-4,1,2000-02-09,2000-02-09,7998,1
2498,Q090,2002,3,8010,0.012252035,1,2002-07-10,2002-07-10,8000,9
2498,Q090,2003,2,8013,0.025982424,1,2003-06-04,2003-06-04,8010,2
2501,Q093,2000,3,8002,3.72e-5,2,2000-07-04,2000-09-20,8000,1
2501,Q093,2001,2,8005,0.002563959,1,2001-06-12,2001-06-12,8003,1
2502,Q094,2001,1,8004,1.42e-8,1,2001-02-07,2001-02-07,8000,3
2502,Q094,2002,1,8008,1.78e-6,1,2002-02-05,2002-02-05,8006,1
2502,Q094,2002,3,8010,1.16e-5,1,2002-07-09,2002-07-09,8008,1
2502,Q094,2003,2,8013,6.6e-5,1,2003-06-04,2003-06-04,8010,2
2502,Q094,2005,3,8022,0.002550763,1,2005-08-16,2005-08-16,8014,7
2502,Q094,2007,2,8029,0.038610766,1,2007-06-05,2007-06-05,8023,5
2502,Q094,2008,3,8034,0.734998974,1,2008-08-20,2008-08-20,8029,4
2503,Q095,2000,3,8002,0.187749542,1,2000-07-04,2000-07-04,8000,1
2504,Q096,2000,2,8001,0.084142472,1,2000-05-23,2000-05-23,7998,2
2504,Q096,2002,2,8009,0.115786102,1,2002-05-28,2002-05-28,8001,7
2505,Q097,2000,2,8001,0.014764146,1,2000-06-21,2000-06-21,7999,1
2506,Q098,2001,2,8005,0.014079348,1,2001-06-26,2001-06-26,8002,2
2507,R002,1979,3,7918,0.034264906,1,1979-08-01,1979-08-01,7912,5
2508,R003,1979,1,7916,0.004843942,1,1979-03-05,1979-03-05,7913,2
2508,R003,1979,3,7918,0.010536993,1,1979-07-17,1979-07-17,7916,1
2508,R003,1980,3,7922,0.028743367,1,1980-07-01,1980-07-01,7918,3
2513,R008,1979,3,7918,0.027331822,1,1979-07-10,1979-07-10,7913,4
2515,R010,1979,3,7918,0.004157341,1,1979-07-20,1979-07-20,7913,4
2515,R010,1980,3,7922,0.009241144,1,1980-09-03,1980-09-03,7918,3
2515,R010,1982,3,7930,0.027028409,1,1982-07-30,1982-07-30,7922,7
2516,R011,1979,3,7918,0.015002842,1,1979-07-11,1979-07-11,7913,4
2516,R011,1981,2,7925,0.046780635,1,1981-06-19,1981-06-19,7918,6
2518,R013,1979,2,7917,1.58e-9,1,1979-06-27,1979-06-27,7913,3
2518,R013,1980,3,7922,4.39e-9,1,1980-07-09,1980-07-09,7917,4
2518,R013,1981,4,7927,9.06e-9,1,1981-10-20,1981-10-20,7922,4
2518,R013,1982,3,7930,4.58e-8,1,1982-08-24,1982-08-24,7928,1
2518,R013,1983,1,7932,1.34e-7,1,1983-02-07,1983-02-07,7930,1
2518,R013,1985,3,7942,8.17e-6,1,1985-07-02,1985-07-02,7933,8
2518,R013,1987,3,7950,1.19e-4,1,1987-08-18,1987-08-18,7943,6
2518,R013,1988,2,7953,7.13e-4,1,1988-05-10,1988-05-10,7951,1
2518,R013,1988,4,7955,0.001984576,1,1988-10-04,1988-10-04,7953,1
2518,R013,1989,2,7957,0.009086303,1,1989-05-23,1989-05-23,7955,1
2519,R014,1978,4,7915,0.003354335,1,1978-10-12,1978-10-12,7913,1
2519,R014,1979,2,7917,0.00953528,1,1979-06-26,1979-06-26,7915,1
2519,R014,1980,2,7921,0.027780993,1,1980-06-06,1980-06-06,7917,3
2520,R015,1980,3,7922,0.041614857,1,1980-08-14,1980-08-14,7914,7
2521,R016,1979,3,7918,4.68e-4,2,1979-07-11,1979-07-26,7913,4
2521,R016,1980,1,7920,9.34e-4,1,1980-02-24,1980-02-24,7918,1
2521,R016,1981,3,7926,0.004055287,1,1981-08-21,1981-08-21,7920,5
2521,R016,1982,3,7930,0.011163117,1,1982-08-24,1982-08-24,7926,3
2521,R016,1983,2,7933,0.030665591,1,1983-06-16,1983-06-16,7930,2
2521,R016,1984,1,7936,0.120476545,1,1984-02-15,1984-02-15,7934,1
2524,R019,1983,1,7932,0.045630176,1,1983-02-22,1983-02-22,7913,18
2527,R022,1982,3,7930,0.023051731,1,1982-08-03,1982-08-03,7913,16
2527,R022,1984,2,7937,0.052843012,1,1984-06-22,1984-06-22,7930,6
2529,R025,1979,3,7918,0.00805855,1,1979-08-01,1979-08-01,7913,4
2529,R025,1980,3,7922,0.017912945,1,1980-08-27,1980-08-27,7918,3
2529,R025,1981,3,7926,0.035583392,1,1981-07-07,1981-07-07,7922,3
2532,R028,1979,3,7918,0.006842052,1,1979-07-20,1979-07-20,7914,3
2532,R028,1980,3,7922,0.016708532,1,1980-09-02,1980-09-02,7918,3
2532,R028,1981,3,7926,0.03440065,1,1981-07-28,1981-07-28,7922,3
2533,R029,1979,3,7918,0.007640486,1,1979-08-01,1979-08-01,7913,4
2533,R029,1981,3,7926,0.025809135,1,1981-07-07,1981-07-07,7918,7
2536,R032,1979,3,7918,0.015002842,1,1979-07-05,1979-07-05,7913,4
2536,R032,1981,2,7925,0.046780635,1,1981-06-25,1981-06-25,7918,6
2537,R033,1979,3,7918,0.027331822,1,1979-07-20,1979-07-20,7913,4
2538,R034,1979,3,7918,0.027331822,1,1979-07-24,1979-07-24,7913,4
2543,R039,1980,4,7923,0.013915069,1,1980-10-21,1980-10-21,7913,9
2543,R039,1983,2,7933,0.03683266,1,1983-06-15,1983-06-15,7923,9
2546,R042,1979,3,7918,0.025431374,1,1979-08-15,1979-08-15,7913,4
2548,R044,1979,3,7918,0.014586440000000001,2,1979-08-02,1979-08-15,7913,4
2552,R048,1979,3,7918,0.008814518,2,1979-08-21,1979-09-04,7913,4
2552,R048,1983,3,7934,0.083922394,1,1983-07-07,1983-07-07,7918,15
2552,R048,1986,2,7945,0.278240604,1,1986-06-24,1986-06-24,7934,10
2552,R048,1988,4,7955,0.999999999,1,1988-11-16,1988-11-16,7945,9
2552,R048,1989,3,7958,1,2,1989-07-04,1989-09-19,7955,2
2552,R048,1990,3,7962,1,1,1990-07-03,1990-07-03,7959,2
2554,R050,1979,3,7918,0.027331822,1,1979-08-22,1979-08-22,7913,4
2556,R052,1979,3,7918,0.027331822,1,1979-08-22,1979-08-22,7913,4
2557,R053,1979,3,7918,0.027331822,1,1979-08-21,1979-08-21,7913,4
2558,R054,1980,3,7922,0.045660323,1,1980-09-19,1980-09-19,7913,8
2561,R057,1979,3,7918,0.027331822,1,1979-08-02,1979-08-02,7913,4
2562,R058,1979,3,7918,0.027331822,1,1979-08-03,1979-08-03,7913,4
2567,R063,1979,3,7918,0.312112983,1,1979-08-07,1979-08-07,7913,4
2567,R063,1981,2,7925,0.973205211,1,1981-06-27,1981-06-27,7918,6
2568,R064,1979,3,7918,0.076227712,2,1979-08-03,1979-08-07,7913,4
2568,R064,1980,3,7922,0.253181166,1,1980-08-01,1980-08-01,7918,3
2568,R064,1981,3,7926,0.57048596,1,1981-07-02,1981-07-02,7922,3
2569,R065,1982,2,7929,0.001625548,1,1982-05-12,1982-05-12,7913,15
2569,R065,1983,4,7935,0.003336201,1,1983-12-06,1983-12-06,7929,5
2569,R065,1984,3,7938,0.007482634,1,1984-07-09,1984-07-09,7935,2
2569,R065,1985,4,7943,0.01859645,1,1985-11-06,1985-11-06,7938,4
2571,R067,1979,4,7919,0.025475281,1,1979-10-24,1979-10-24,7914,4
2572,R068,1979,4,7919,0.025475281,1,1979-10-08,1979-10-08,7914,4
2573,R069,1979,4,7919,0.025475281,1,1979-10-09,1979-10-09,7914,4
2574,R070,1979,4,7919,0.025475281,1,1979-10-31,1979-10-31,7914,4
2578,R074,1979,4,7919,0.025475281,1,1979-10-24,1979-10-24,7914,4
2579,R075,1979,4,7919,0.025475281,1,1979-10-08,1979-10-08,7914,4
2580,R076,1979,4,7919,0.025475281,1,1979-10-09,1979-10-09,7914,4
2582,R078,1979,4,7919,0.025475281,1,1979-10-08,1979-10-08,7914,4
2584,R080,1979,4,7919,0.025475281,1,1979-10-09,1979-10-09,7914,4
2587,R083,1979,4,7919,0.025475281,1,1979-10-11,1979-10-11,7914,4
2591,R087,1979,4,7919,0.025475281,1,1979-10-18,1979-10-18,7914,4
2595,R091,1980,3,7922,0.123970884,1,1980-07-11,1980-07-11,7914,7
2595,R091,1983,1,7932,0.350685647,1,1983-02-07,1983-02-07,7922,9
2595,R091,1985,3,7942,0.78197101,1,1985-07-04,1985-07-04,7932,9
2597,R093,1979,3,7918,0.022744636,1,1979-08-02,1979-08-02,7914,3
2598,R094,1979,3,7918,0.022744636,1,1979-09-06,1979-09-06,7914,3
2668,S006,1996,3,7986,5.51e-4,1,1996-07-23,1996-07-23,7984,1
2668,S006,1997,3,7990,0.080017041,1,1997-07-08,1997-07-08,7987,2
2668,S006,1998,4,7995,0.564759073,1,1998-11-17,1998-11-17,7990,4
2673,S011,1998,2,7993,0.003974542,1,1998-05-20,1998-05-20,7990,2
2673,S011,1999,2,7997,0.022184993,1,1999-05-25,1999-05-25,7993,3
2673,S011,2000,2,8001,0.246952979,1,2000-05-23,2000-05-23,7998,2
2676,S014,1997,2,7989,1.09e-5,1,1997-05-20,1997-05-20,7987,1
2676,S014,1998,2,7993,2.75e-4,1,1998-05-19,1998-05-19,7990,2
2676,S014,2000,2,8001,0.008989697,1,2000-05-24,2000-05-24,7994,6
2678,S016,1998,2,7993,2.28e-4,1,1998-05-19,1998-05-19,7990,2
2678,S016,1998,4,7995,6.93e-4,1,1998-10-07,1998-10-07,7993,1
2685,S023,1998,3,7994,8.66e-5,3,1998-07-14,1998-09-23,7989,4
2686,S024,1998,2,7993,1.22e-10,1,1998-06-16,1998-06-16,7991,1
2686,S024,1999,2,7997,5.93e-7,1,1999-06-23,1999-06-23,7995,1
2686,S024,2000,2,8001,1.28e-5,1,2000-06-20,2000-06-20,7998,2
2686,S024,2001,2,8005,6.59e-4,1,2001-06-26,2001-06-26,8003,1
2686,S024,2002,2,8009,0.004763568,1,2002-06-18,2002-06-18,8005,3
2688,S026,1997,2,7989,5.72e-7,1,1997-06-24,1997-06-24,7987,1
2688,S026,1998,1,7992,8.64e-6,1,1998-02-03,1998-02-03,7990,1
2688,S026,1999,4,7999,0.005153043,1,1999-10-27,1999-10-27,7995,3
2688,S026,2000,2,8001,0.016079067,1,2000-06-20,2000-06-20,7999,1
2689,S027,1998,3,7994,3.64e-4,1,1998-08-11,1998-08-11,7991,2
2689,S027,1999,1,7996,8.57e-4,1,1999-02-10,1999-02-10,7994,1
2691,S029,1997,4,7991,0.021679314,1,1997-10-07,1997-10-07,7986,4
2693,S031,1999,3,7998,0.05534633,1,1999-07-06,1999-07-06,7988,9
2695,S033,1997,4,7991,0.014685153,1,1997-10-08,1997-10-08,7988,2
2697,S035,1997,3,7990,0.016437522,1,1997-07-08,1997-07-08,7987,2
2699,S037,1997,3,7990,8.6e-4,1,1997-07-08,1997-07-08,7988,1
2699,S037,1999,3,7998,0.012229208,1,1999-07-06,1999-07-06,7990,7
2699,S037,2001,3,8006,0.046919687,1,2001-08-07,2001-08-07,7998,7
2700,S038,1997,4,7991,0.013015221,1,1997-12-09,1997-12-09,7986,4
2700,S038,1999,3,7998,0.051943492,1,1999-09-07,1999-09-07,7991,6
2703,S041,1997,3,7990,0.018869494,1,1997-07-22,1997-07-22,7986,3
2704,S042,1997,3,7990,0.001611356,1,1997-07-22,1997-07-22,7986,3
2704,S042,2003,2,8013,0.032028384,1,2003-06-03,2003-06-03,7990,22
2705,S043,1998,2,7993,2.47e-4,1,1998-06-16,1998-06-16,7990,2
2705,S043,1998,4,7995,7.43e-4,1,1998-10-20,1998-10-20,7993,1
2705,S043,1999,2,7997,0.003791849,1,1999-06-23,1999-06-23,7995,1
2705,S043,2000,2,8001,0.022254784,1,2000-06-21,2000-06-21,7997,3
2706,S044,1997,3,7990,0.001068299,1,1997-07-08,1997-07-08,7988,1
2706,S044,1999,3,7998,0.015012576,1,1999-07-07,1999-07-07,7990,7
2706,S044,2005,2,8021,0.12645748,1,2005-06-22,2005-06-22,7998,22
2708,T001,1994,3,7978,0.013113162,1,1994-07-26,1994-07-26,7968,9
2713,T007,1993,2,7973,0.00121972,1,1993-05-12,1993-05-12,7969,3
2714,T008,1993,1,7972,3.16e-5,1,1993-01-13,1993-01-13,7970,1
2714,T008,1994,3,7978,0.005808575,1,1994-07-26,1994-07-26,7974,3
2719,T013,1993,1,7972,1.68e-5,1,1993-01-12,1993-01-12,7970,1
2719,T013,1994,1,7976,3.22e-4,1,1994-01-11,1994-01-11,7974,1
2722,T016,1996,2,7985,0.005290655,1,1996-06-26,1996-06-26,7974,10
2723,T017,1994,3,7978,5.12e-4,1,1994-08-02,1994-08-02,7973,4
2723,T017,1995,3,7982,0.002427971,1,1995-08-08,1995-08-08,7978,3
2723,T017,1997,2,7989,0.027061799,1,1997-05-21,1997-05-21,7982,6
2724,T018,1993,2,7973,7.08e-4,1,1993-05-26,1993-05-26,7971,1
2726,T020,1993,3,7974,0.722796288,1,1993-08-03,1993-08-03,7971,2
2728,T022,1993,3,7974,9.81e-4,1,1993-08-17,1993-08-17,7971,2
2728,T022,1995,2,7981,0.012166488,1,1995-06-21,1995-06-21,7974,6
2730,T024,1993,2,7973,4.04e-5,1,1993-05-25,1993-05-25,7971,1
2730,T024,1993,4,7975,1.36e-4,1,1993-10-12,1993-10-12,7973,1
2730,T024,1994,2,7977,9.66e-4,1,1994-06-07,1994-06-07,7975,1
2730,T024,1995,3,7982,0.009800368,1,1995-08-09,1995-08-09,7977,4
2731,T025,1994,1,7976,1.51e-7,1,1994-01-25,1994-01-25,7974,1
2731,T025,1995,3,7982,2.43e-6,2,1995-08-08,1995-09-19,7976,5
2731,T025,1997,2,7989,9.01e-5,1,1997-05-20,1997-05-20,7982,6
2731,T025,1998,2,7993,0.001116123,1,1998-05-19,1998-05-19,7990,2
2731,T025,1998,4,7995,0.003098926,1,1998-10-06,1998-10-06,7993,1
2731,T025,1999,2,7997,0.015277972,1,1999-05-25,1999-05-25,7995,1
2736,T030,1993,2,7973,5.15e-7,1,1993-06-08,1993-06-08,7971,1
2736,T030,1994,2,7977,4.87e-5,1,1994-06-22,1994-06-22,7975,1
2736,T030,1995,1,7980,8.3e-4,1,1995-02-15,1995-02-15,7978,1
2736,T030,1995,3,7982,0.005356224,1,1995-08-23,1995-08-23,7980,1
2737,T031,1992,4,7971,6.42e-6,1,1992-10-20,1992-10-20,7969,1
2737,T031,1994,3,7978,0.005737789,1,1994-08-16,1994-08-16,7974,3
2738,T032,1995,3,7982,1.85e-9,2,1995-07-04,1995-08-22,7980,1
2738,T032,1996,1,7984,3.06e-8,1,1996-01-30,1996-01-30,7982,1
2738,T032,1996,3,7986,2.14e-7,1,1996-09-17,1996-09-17,7984,1
2738,T032,1997,2,7989,1.68e-6,1,1997-06-24,1997-06-24,7986,2
2738,T032,1999,3,7998,0.001106828,1,1999-08-03,1999-08-03,7992,5
2738,T032,2000,2,8001,0.004095867,1,2000-06-20,2000-06-20,7999,1
2739,T033,1993,3,7974,3.81e-13,1,1993-08-17,1993-08-17,7972,1
2739,T033,1994,2,7977,8.92e-12,1,1994-06-21,1994-06-21,7975,1
2739,T033,1995,3,7982,3.95e-9,2,1995-07-05,1995-08-22,7980,1
2739,T033,1996,3,7986,4.35e-9,2,1996-07-30,1996-09-18,7982,3
2739,T033,1997,2,7989,5.95e-9,1,1997-06-24,1997-06-24,7987,1
2739,T033,1998,1,7992,9.57e-8,1,1998-02-03,1998-02-03,7990,1
2747,T041,1993,3,7974,6.81e-4,1,1993-08-17,1993-08-17,7972,1
2753,T047,1994,3,7978,3.81e-22,2,1994-07-06,1994-09-06,7976,1
2753,T047,1995,3,7982,7.02e-19,3,1995-07-05,1995-09-05,7980,1
2753,T047,1996,1,7984,5.19e-17,1,1996-02-13,1996-02-13,7982,1
2753,T047,1996,3,7986,3.79e-16,2,1996-07-09,1996-09-17,7984,1
2753,T047,1997,1,7988,6.27e-15,1,1997-01-28,1997-01-28,7986,1
2753,T047,1998,3,7994,7.07e-12,1,1998-08-11,1998-08-11,7992,1
2753,T047,1999,2,7997,1.17e-10,1,1999-06-22,1999-06-22,7995,1
2753,T047,2000,2,8001,7.45e-9,1,2000-06-20,2000-06-20,7999,1
2753,T047,2001,1,8004,3.54e-8,1,2001-01-23,2001-01-23,8001,2
2753,T047,2001,3,8006,1.31e-7,1,2001-08-21,2001-08-21,8004,1
2753,T047,2002,4,8011,2.7e-5,1,2002-11-05,2002-11-05,8009,1
2754,T048,1993,2,7973,7.89e-9,1,1993-06-23,1993-06-23,7971,1
2754,T048,1994,3,7978,9.99e-7,1,1994-09-06,1994-09-06,7975,2
2754,T048,1995,3,7982,2.58e-5,1,1995-07-18,1995-07-18,7979,2
2754,T048,1996,3,7986,6.73e-4,1,1996-07-23,1996-07-23,7983,2
2754,T048,1997,3,7990,0.005090277,1,1997-07-08,1997-07-08,7986,3
2754,T048,1998,3,7994,0.026331638,1,1998-09-08,1998-09-08,7990,3
2756,T050,1993,3,7974,3.67e-13,1,1993-09-08,1993-09-08,7972,1
2756,T050,1994,3,7978,3.52e-11,2,1994-07-06,1994-09-07,7976,1
2756,T050,1995,3,7982,1.35e-9,1,1995-07-18,1995-07-18,7978,3
2756,T050,1996,3,7986,3.27e-8,2,1996-07-10,1996-09-17,7983,2
2756,T050,1997,2,7989,7.36e-7,1,1997-06-24,1997-06-24,7986,2
2756,T050,1998,4,7995,2.33e-5,1,1998-10-20,1998-10-20,7990,4
2756,T050,1999,3,7998,8.18e-5,1,1999-08-03,1999-08-03,7995,2
2756,T050,2000,2,8001,2.77e-4,1,2000-06-21,2000-06-21,7998,2
2756,T050,2001,2,8005,0.003548972,1,2001-06-26,2001-06-26,8002,2
2756,T050,2001,4,8007,0.009560154,1,2001-10-03,2001-10-03,8005,1
2757,T051,1992,4,7971,3.67e-7,1,1992-11-03,1992-11-03,7969,1
2757,T051,1993,3,7974,9.41e-6,1,1993-09-07,1993-09-07,7972,1
2757,T051,1994,3,7978,8.13e-5,1,1994-07-05,1994-07-05,7974,3
2757,T051,1995,3,7982,0.001727479,1,1995-09-06,1995-09-06,7979,2
2757,T051,1996,1,7984,0.006114286,1,1996-02-14,1996-02-14,7982,1
2760,T054,1992,4,7971,0.002093063,1,1992-11-17,1992-11-17,7969,1
2761,T055,1994,3,7978,0.010300113,1,1994-09-23,1994-09-23,7970,7
2763,T057,1993,3,7974,0.004043694,1,1993-07-07,1993-07-07,7971,2
2764,T058,1993,1,7972,5.37e-4,1,1993-03-09,1993-03-09,7970,1
2764,T058,1993,3,7974,0.003095245,1,1993-07-06,1993-07-06,7972,1
2765,T059,1993,3,7974,1.59e-4,2,1993-07-06,1993-09-28,7972,1
2766,T060,1993,3,7974,8.82e-6,2,1993-07-07,1993-09-28,7972,1
2766,T060,1994,1,7976,1.3e-4,1,1994-03-08,1994-03-08,7974,1
2766,T060,1994,3,7978,8.74e-4,2,1994-07-19,1994-09-20,7976,1
2767,T061,1993,3,7974,0.002906373,1,1993-07-07,1993-07-07,7972,1
2768,T062,1993,3,7974,3.77e-5,2,1993-07-06,1993-09-28,7972,1
2768,T062,1994,3,7978,0.004918493,1,1994-07-19,1994-07-19,7975,2
2770,T064,1993,3,7974,1.61e-4,2,1993-07-06,1993-09-28,7972,1
2770,T064,1994,3,7978,0.00555052,1,1994-07-19,1994-07-19,7974,3
2771,T065,1993,3,7974,3.73e-5,2,1993-07-06,1993-09-28,7972,1
2772,T066,1993,1,7972,2.07e-7,1,1993-03-09,1993-03-09,7970,1
2772,T066,1993,3,7974,1.19e-6,2,1993-07-06,1993-09-28,7972,1
2772,T066,1994,3,7978,2.03e-4,1,1994-09-20,1994-09-20,7976,1
2772,T066,1995,3,7982,0.001982687,1,1995-07-25,1995-07-25,7978,3
2774,T068,1993,3,7974,1.6e-4,2,1993-07-06,1993-09-28,7972,1
2774,T068,1994,1,7976,0.00234908,1,1994-03-08,1994-03-08,7974,1
2777,T071,1993,3,7974,9.09e-7,1,1993-09-28,1993-09-28,7970,3
2777,T071,1994,3,7978,1.73e-5,2,1994-07-19,1994-09-20,7975,2
2777,T071,1995,3,7982,4.71e-4,1,1995-07-25,1995-07-25,7978,3
2777,T071,1997,3,7990,0.028600496,1,1997-07-23,1997-07-23,7983,6
2778,T072,1993,3,7974,4.28e-5,2,1993-07-06,1993-09-28,7972,1
2778,T072,1994,3,7978,4.94e-4,2,1994-07-19,1994-09-20,7975,2
2778,T072,1996,3,7986,0.019410585,1,1996-07-24,1996-07-24,7978,7
2779,T073,1993,1,7972,6.17e-8,1,1993-03-10,1993-03-10,7970,1
2779,T073,1993,3,7974,3.66e-7,1,1993-07-06,1993-07-06,7972,1
2779,T073,1994,3,7978,1.08e-5,1,1994-09-21,1994-09-21,7975,2
2779,T073,1996,3,7986,1.74e-4,1,1996-07-30,1996-07-30,7978,7
2779,T073,1997,3,7990,7.71e-4,1,1997-07-23,1997-07-23,7986,3
2779,T073,1998,3,7994,0.003645665,1,1998-09-08,1998-09-08,7990,3
2779,T073,1999,3,7998,0.014294156,2,1999-07-07,1999-09-07,7994,3
2781,T075,1993,1,7972,5.98e-5,1,1993-01-12,1993-01-12,7970,1
2781,T075,1993,3,7974,3.82e-4,1,1993-09-14,1993-09-14,7972,1
2781,T075,1994,1,7976,9e-4,1,1994-01-12,1994-01-12,7974,1
2781,T075,1994,4,7979,0.004903898,1,1994-10-05,1994-10-05,7976,2
2782,T076,1994,3,7978,0.010032211,1,1994-07-26,1994-07-26,7970,7
2783,T077,1993,3,7974,2.18e-6,1,1993-08-03,1993-08-03,7972,1
2783,T077,1994,3,7978,1.92e-5,1,1994-08-03,1994-08-03,7974,3
2783,T077,1995,2,7981,3.08e-4,1,1995-06-21,1995-06-21,7979,1
2783,T077,1996,2,7985,0.009199721,1,1996-06-25,1996-06-25,7982,2
2785,T079,1994,4,7979,1.01e-4,1,1994-10-18,1994-10-18,7975,3
2785,T079,1999,2,7997,0.004671819,1,1999-05-25,1999-05-25,7979,17
2786,T080,1994,3,7978,0.001973993,1,1994-08-02,1994-08-02,7972,5
2786,T080,1995,1,7980,0.004964814,1,1995-02-01,1995-02-01,7978,1
2787,T081,1994,3,7978,3.44e-8,2,1994-07-06,1994-09-06,7976,1
2787,T081,1995,3,7982,5.11e-6,2,1995-08-23,1995-09-05,7979,2
2787,T081,1996,3,7986,1.49e-4,3,1996-07-23,1996-09-18,7982,3
2788,T082,1995,1,7980,1.08e-5,1,1995-01-31,1995-01-31,7978,1
2788,T082,1996,2,7985,0.002154107,1,1996-06-25,1996-06-25,7982,2
2790,T084,1995,3,7982,0.011217858,1,1995-08-09,1995-08-09,7976,5
2791,T085,1995,1,7980,0.001141883,1,1995-02-15,1995-02-15,7977,2
2792,T086,1994,2,7977,1.38e-5,1,1994-06-07,1994-06-07,7975,1
2792,T086,1995,2,7981,1.23e-4,1,1995-06-20,1995-06-20,7977,3
2792,T086,1998,2,7993,0.01162857,1,1998-05-19,1998-05-19,7982,10
2793,T087,1993,2,7973,7.03e-5,1,1993-05-25,1993-05-25,7971,1
2793,T087,1994,3,7978,0.006617535,1,1994-08-03,1994-08-03,7975,2
2793,T087,1995,3,7982,0.170337494,1,1995-08-09,1995-08-09,7979,2
2793,T087,1996,2,7985,0.999999983,1,1996-06-25,1996-06-25,7982,2
2793,T087,1998,3,7994,1,1,1998-07-28,1998-07-28,7985,8
2794,T088,1993,3,7974,0.004026,1,1993-08-03,1993-08-03,7971,2
2795,T089,1994,2,7977,1.17e-5,1,1994-06-07,1994-06-07,7975,1
2795,T089,1995,2,7981,1.05e-4,1,1995-06-20,1995-06-20,7977,3
2795,T089,1996,2,7985,0.008670184,1,1996-06-25,1996-06-25,7982,2
2796,T090,1993,1,7972,0.002202678,1,1993-01-26,1993-01-26,7970,1
2797,T091,1993,4,7975,0.003563488,1,1993-10-12,1993-10-12,7972,2
2799,T093,1994,2,7977,1,1,1994-06-21,1994-06-21,7975,1
2801,T095,1993,3,7974,2.94e-6,2,1993-07-06,1993-09-29,7971,2
2801,T095,1994,3,7978,7.37e-5,2,1994-07-20,1994-09-20,7974,3
2801,T095,1995,4,7983,0.008174317,1,1995-10-25,1995-10-25,7979,3
2802,T096,1993,1,7972,1.23e-4,1,1993-03-10,1993-03-10,7970,1
2802,T096,1993,3,7974,7.32e-4,1,1993-07-06,1993-07-06,7972,1
2802,T096,1994,3,7978,0.006118317,1,1994-07-19,1994-07-19,7974,3
2803,T097,1993,3,7974,3.51e-6,1,1993-07-06,1993-07-06,7970,3
2803,T097,1994,3,7978,6.8e-5,1,1994-07-19,1994-07-19,7975,2
2803,T097,1995,3,7982,4.84e-4,2,1995-07-19,1995-09-06,7978,3
2804,T098,1993,1,7972,1.32e-4,1,1993-01-12,1993-01-12,7970,1
2804,T098,1994,1,7976,0.002142431,1,1994-01-11,1994-01-11,7974,1
2804,T098,1994,3,7978,0.005320073,1,1994-07-27,1994-07-27,7976,1
2805,T099,1993,2,7973,0.003750434,1,1993-05-11,1993-05-11,7970,2
2806,T100,1993,2,7973,0.003750434,1,1993-06-08,1993-06-08,7970,2
2807,T101,1993,4,7975,1.18e-5,1,1993-10-12,1993-10-12,7972,2
2807,T101,1995,3,7982,0.002297273,1,1995-08-09,1995-08-09,7977,4
2807,T101,1996,3,7986,0.013452373,1,1996-09-04,1996-09-04,7982,3
2808,T102,1993,4,7975,1.2e-6,1,1993-10-12,1993-10-12,7971,3
2808,T102,1994,3,7978,1.45e-6,1,1994-08-02,1994-08-02,7975,2
2808,T102,1996,2,7985,5.02e-6,1,1996-06-25,1996-06-25,7978,6
2808,T102,1997,2,7989,5.74e-5,1,1997-05-21,1997-05-21,7986,2
2808,T102,1999,2,7997,0.002377644,1,1999-05-25,1999-05-25,7990,6
2808,T102,2000,2,8001,0.017355537,1,2000-05-23,2000-05-23,7998,2
2812,T106,1994,2,7977,1.79e-5,1,1994-06-21,1994-06-21,7974,2
2812,T106,1996,3,7986,0.00134101,1,1996-09-17,1996-09-17,7978,7
2812,T106,1998,3,7994,0.011484356,1,1998-08-12,1998-08-12,7986,7
2812,T106,1999,3,7998,0.031349016,1,1999-08-03,1999-08-03,7994,3
2813,T107,1993,3,7974,0.004043878,1,1993-09-07,1993-09-07,7971,2
2814,T108,1994,3,7978,0.00236441,1,1994-07-05,1994-07-05,7972,5
2814,T108,1998,4,7995,0.06591941,1,1998-12-01,1998-12-01,7978,16
2815,T109,1993,3,7974,0.003228507,2,1993-07-06,1993-09-28,7972,1
2815,T109,1994,3,7978,0.008601149,1,1994-07-19,1994-07-19,7974,3
2818,U003,2002,1,8008,1.07e-4,1,2002-02-05,2002-02-05,8006,1
2818,U003,2002,3,8010,6.97e-4,1,2002-09-11,2002-09-11,8008,1
2818,U003,2003,3,8014,0.016763391,1,2003-09-02,2003-09-02,8011,2
2820,U005,2002,1,8008,0.245029193,1,2002-02-05,2002-02-05,8006,1
2820,U005,2002,3,8010,0.974671518,2,2002-07-09,2002-09-11,8008,1
2820,U005,2003,1,8012,1,1,2003-01-22,2003-01-22,8010,1
2820,U005,2003,3,8014,1,1,2003-09-02,2003-09-02,8012,1
2823,U008,2002,1,8008,9.35e-11,1,2002-02-06,2002-02-06,8006,1
2823,U008,2002,3,8010,4.75e-10,1,2002-09-10,2002-09-10,8008,1
2823,U008,2003,2,8013,3.92e-9,1,2003-06-03,2003-06-03,8011,1
2823,U008,2004,3,8018,9.91e-8,1,2004-07-06,2004-07-06,8014,3
2823,U008,2005,2,8021,3.96e-7,1,2005-06-21,2005-06-21,8018,2
2823,U008,2006,2,8025,1.99e-6,1,2006-05-24,2006-05-24,8021,3
2823,U008,2007,2,8029,8.96e-6,1,2007-06-05,2007-06-05,8025,3
2823,U008,2009,2,8037,3.58e-4,1,2009-05-05,2009-05-05,8029,7
2823,U008,2009,4,8039,0.001921411,1,2009-10-14,2009-10-14,8037,1
2824,U009,2002,1,8008,0.17122421,1,2002-02-05,2002-02-05,8006,1
2824,U009,2002,3,8010,0.990131983,2,2002-07-09,2002-09-10,8008,1
2824,U009,2003,2,8013,1,1,2003-06-04,2003-06-04,8011,1
2824,U009,2004,1,8016,1,1,2004-02-03,2004-02-03,8014,1
2824,U009,2004,4,8019,1,2,2004-10-05,2004-11-23,8016,2
2825,U010,2002,1,8008,0.001852197,1,2002-02-05,2002-02-05,8006,1
2825,U010,2002,4,8011,0.014597846,1,2002-11-19,2002-11-19,8008,2
2826,U011,2002,1,8008,0.007577694,1,2002-02-05,2002-02-05,8006,1
2827,U012,2002,1,8008,3.38e-7,1,2002-02-05,2002-02-05,8006,1
2827,U012,2002,3,8010,2.2e-6,2,2002-07-10,2002-09-10,8008,1
2827,U012,2003,2,8013,4.66e-5,1,2003-06-03,2003-06-03,8010,2
2827,U012,2004,3,8018,0.001092954,1,2004-07-06,2004-07-06,8014,3
2827,U012,2008,2,8033,0.016705547,1,2008-06-03,2008-06-03,8018,14
2835,U020,2002,1,8008,2.79e-5,1,2002-01-22,2002-01-22,8006,1
2835,U020,2003,1,8012,0.002113709,2,2003-01-14,2003-03-10,8010,1
2838,U023,2002,4,8011,0.008375743,1,2002-11-06,2002-11-06,8009,1
2841,U026,2002,1,8008,4.45e-4,1,2002-01-08,2002-01-08,8006,1
2846,U031,2003,2,8013,0.658637176,1,2003-05-13,2003-05-13,8010,2
2846,U031,2005,3,8022,1,1,2005-07-20,2005-07-20,8013,8
2847,U032,2002,1,8008,8.7e-4,1,2002-01-08,2002-01-08,8006,1
2847,U032,2004,2,8017,0.999999998,1,2004-05-25,2004-05-25,8011,5
2848,U033,2002,3,8010,0.01578794,1,2002-08-07,2002-08-07,8007,2
2849,U034,2002,2,8009,1.98e-4,1,2002-05-28,2002-05-28,8006,2
2849,U034,2002,4,8011,5.85e-4,1,2002-10-23,2002-10-23,8009,1
2849,U034,2003,2,8013,0.003287823,1,2003-05-13,2003-05-13,8011,1
2849,U034,2003,4,8015,0.010049101,1,2003-10-28,2003-10-28,8013,1
2850,U035,2002,1,8008,3.82e-7,1,2002-01-08,2002-01-08,8006,1
2850,U035,2003,2,8013,1.83e-4,1,2003-05-13,2003-05-13,8011,1
2850,U035,2003,4,8015,6.04e-4,1,2003-10-28,2003-10-28,8013,1
2850,U035,2004,3,8018,0.004554783,1,2004-08-25,2004-08-25,8015,2
2850,U035,2005,3,8022,0.024264558,1,2005-07-19,2005-07-19,8018,3
2853,U038,2002,1,8008,0.002371569,1,2002-01-08,2002-01-08,8006,1
2853,U038,2002,3,8010,0.012466582,1,2002-08-07,2002-08-07,8008,1
2854,U039,2002,4,8011,0.008375743,1,2002-10-22,2002-10-22,8009,1
2855,U040,2002,1,8008,0.999999859,1,2002-02-05,2002-02-05,8006,1
2856,U041,2002,1,8008,7e-6,1,2002-02-05,2002-02-05,8006,1
2856,U041,2002,3,8010,4.42e-5,2,2002-07-09,2002-09-11,8008,1
2856,U041,2004,3,8018,0.009025107,1,2004-07-07,2004-07-07,8011,6
2856,U041,2005,3,8022,0.02864637,1,2005-08-16,2005-08-16,8018,3
2858,U043,2002,1,8008,0.027778152,1,2002-02-06,2002-02-06,8006,1
2858,U043,2002,3,8010,0.175633779,1,2002-07-09,2002-07-09,8008,1
2858,U043,2003,2,8013,0.999999997,1,2003-06-03,2003-06-03,8010,2
2859,U044,2002,1,8008,6.49e-6,1,2002-02-05,2002-02-05,8006,1
2859,U044,2002,3,8010,4.11e-5,2,2002-07-09,2002-09-10,8008,1
2859,U044,2003,2,8013,8.67e-4,1,2003-06-03,2003-06-03,8010,2
2859,U044,2004,3,8018,0.020325275,1,2004-07-06,2004-07-06,8014,3
2860,U045,2002,1,8008,4.47e-4,1,2002-02-05,2002-02-05,8006,1
2860,U045,2002,3,8010,0.002824162,2,2002-07-10,2002-09-10,8008,1
2861,U046,2002,1,8008,0.001344603,1,2002-02-05,2002-02-05,8006,1
2861,U046,2002,3,8010,0.008501561,2,2002-07-09,2002-09-10,8008,1
2861,U046,2004,3,8018,0.436451099,1,2004-07-07,2004-07-07,8010,7
2862,U047,2002,1,8008,0.007487109,1,2002-02-05,2002-02-05,8006,1
2862,U047,2002,3,8010,0.047338976,2,2002-07-10,2002-09-10,8008,1
2862,U047,2003,2,8013,0.999999996,1,2003-06-03,2003-06-03,8010,2
2863,U048,2002,2,8009,8.79e-5,1,2002-06-18,2002-06-18,8007,1
2865,U050,2002,2,8009,2.04e-5,1,2002-06-18,2002-06-18,8007,1
2865,U050,2003,2,8013,0.001345712,1,2003-06-04,2003-06-04,8011,1
2865,U050,2005,3,8022,0.006683358,1,2005-08-16,2005-08-16,8014,7
2865,U050,2006,2,8025,0.012206663,1,2006-05-24,2006-05-24,8022,2
2866,U051,2002,1,8008,1.9e-6,1,2002-01-22,2002-01-22,8006,1
2866,U051,2002,4,8011,2.92e-5,1,2002-11-05,2002-11-05,8009,1
2866,U051,2003,2,8013,1.85e-4,1,2003-05-21,2003-05-21,8011,1
2866,U051,2004,3,8018,0.016785811,1,2004-09-22,2004-09-22,8015,2
2867,U052,2002,2,8009,2.69e-4,1,2002-06-19,2002-06-19,8006,2
2867,U052,2003,1,8012,0.002341323,1,2003-01-15,2003-01-15,8010,1
2867,U052,2003,3,8014,0.012686389,1,2003-08-19,2003-08-19,8012,1
2868,U053,2002,1,8008,4.83e-7,1,2002-01-22,2002-01-22,8006,1
2868,U053,2003,2,8013,1.85e-4,1,2003-05-20,2003-05-20,8011,1
2868,U053,2005,2,8021,0.008758347,1,2005-06-21,2005-06-21,8014,6
2869,U054,2002,1,8008,4.17e-7,1,2002-01-22,2002-01-22,8006,1
2869,U054,2003,2,8013,1.59e-4,2,2003-05-20,2003-06-03,8011,1
2872,U057,2003,2,8013,1.96e-7,1,2003-05-21,2003-05-21,8011,1
2872,U057,2006,2,8025,5.63e-5,1,2006-05-16,2006-05-16,8015,9
2872,U057,2007,2,8029,0.041220582,1,2007-05-22,2007-05-22,8027,1
2875,U060,2003,1,8012,0.003236986,1,2003-01-14,2003-01-14,8009,2
2876,U061,2002,4,8011,0.626611338,1,2002-11-05,2002-11-05,8009,1
2876,U061,2005,3,8022,0.855541102,1,2005-08-03,2005-08-03,8012,9
2877,U062,2003,2,8013,2.51e-4,1,2003-05-20,2003-05-20,8011,1
2877,U062,2004,2,8017,0.012560933,1,2004-06-08,2004-06-08,8015,1
2879,U064,2002,3,8010,2.68e-9,1,2002-08-20,2002-08-20,8006,3
2879,U064,2003,2,8013,2.99e-8,1,2003-05-20,2003-05-20,8011,1
2879,U064,2003,4,8015,3.32e-8,1,2003-11-12,2003-11-12,8013,1
2879,U064,2004,3,8018,6.41e-8,1,2004-09-22,2004-09-22,8015,2
2879,U064,2006,3,8026,3.67e-7,1,2006-08-02,2006-08-02,8018,7
2879,U064,2007,2,8029,3.55e-6,1,2007-05-23,2007-05-23,8026,2
2879,U064,2007,4,8031,4.37e-5,1,2007-10-09,2007-10-09,8029,1
2879,U064,2008,2,8033,0.001787889,1,2008-05-20,2008-05-20,8031,1
2879,U064,2009,2,8037,0.070400911,1,2009-05-19,2009-05-19,8033,3
2882,U067,2003,2,8013,1.78e-4,1,2003-05-20,2003-05-20,8011,1
2882,U067,2005,2,8021,0.032462681,1,2005-06-08,2005-06-08,8015,5
2883,U068,2005,2,8021,1.2e-7,1,2005-06-07,2005-06-07,8015,5
2883,U068,2005,4,8023,2.31e-7,1,2005-11-11,2005-11-11,8021,1
2883,U068,2006,2,8025,1.02e-6,1,2006-05-16,2006-05-16,8023,1
2883,U068,2007,2,8029,1.18e-4,1,2007-05-22,2007-05-22,8026,2
2884,U069,2002,3,8010,0.015870263,1,2002-08-21,2002-08-21,8007,2
2884,U069,2003,2,8013,0.070616495,1,2003-05-20,2003-05-20,8010,2
2884,U069,2006,2,8025,0.915502567,1,2006-05-16,2006-05-16,8013,11
2884,U069,2007,2,8029,0.993691006,1,2007-05-23,2007-05-23,8026,2
2884,U069,2008,2,8033,0.997967748,1,2008-05-21,2008-05-21,8029,3
2885,U070,2002,3,8010,0.001167735,1,2002-08-07,2002-08-07,8007,2
2885,U070,2003,2,8013,0.005195966,1,2003-05-14,2003-05-14,8010,2
2885,U070,2004,2,8017,0.013725067,1,2004-05-25,2004-05-25,8014,2
2885,U070,2005,3,8022,0.037552237,1,2005-07-19,2005-07-19,8017,4
2887,U072,2002,1,8008,1.29e-4,1,2002-01-09,2002-01-09,8006,1
2887,U072,2002,3,8010,6.8e-4,1,2002-08-07,2002-08-07,8008,1
2887,U072,2007,2,8029,0.01845214,1,2007-05-08,2007-05-08,8010,18
2887,U072,2008,2,8033,0.113700569,1,2008-05-07,2008-05-07,8029,3
2888,U073,2002,3,8010,0.001204552,1,2002-08-06,2002-08-06,8006,3
2888,U073,2003,2,8013,0.004550404,1,2003-05-14,2003-05-14,8010,2
2888,U073,2003,4,8015,0.011303118,1,2003-10-29,2003-10-29,8013,1
2890,U076,2002,4,8011,0.005503464,1,2002-11-20,2002-11-20,8006,4
3391,V003,1991,1,7964,0.00715673,1,1991-02-20,1991-02-20,7960,3
3395,V007,1990,4,7963,2.26e-6,1,1990-10-16,1990-10-16,7961,1
3395,V007,1992,3,7970,0.004486124,1,1992-07-28,1992-07-28,7967,2
3398,V010,1992,2,7969,0.005723517,1,1992-06-17,1992-06-17,7965,3
3400,V012,1990,4,7963,0.003150145,1,1990-10-16,1990-10-16,7961,1
3401,V013,1991,3,7966,0.007920419,1,1991-08-13,1991-08-13,7961,4
3404,V016,1992,2,7969,7.87e-4,1,1992-05-19,1992-05-19,7967,1
3407,V019,1990,4,7963,3.56e-8,1,1990-10-16,1990-10-16,7961,1
3407,V019,1992,3,7970,3.13e-5,1,1992-07-28,1992-07-28,7967,2
3407,V019,1993,1,7972,8.91e-5,1,1993-01-26,1993-01-26,7970,1
3407,V019,1993,4,7975,0.001179069,1,1993-10-12,1993-10-12,7973,1
3407,V019,1994,3,7978,0.00589958,1,1994-08-02,1994-08-02,7975,2
3408,V020,1990,4,7963,0.003150145,1,1990-10-16,1990-10-16,7961,1
3409,V021,1990,4,7963,1.58e-8,1,1990-10-16,1990-10-16,7961,1
3409,V021,1992,2,7969,2.2e-6,1,1992-05-20,1992-05-20,7965,3
3409,V021,1992,4,7971,5.19e-6,1,1992-10-07,1992-10-07,7969,1
3409,V021,1993,3,7974,8.88e-5,1,1993-08-03,1993-08-03,7972,1
3409,V021,1994,2,7977,9.36e-4,1,1994-06-08,1994-06-08,7975,1
3415,V027,1991,1,7964,7.28e-4,1,1991-01-29,1991-01-29,7962,1
3415,V027,1991,4,7967,0.00474099,1,1991-10-30,1991-10-30,7964,2
3421,V033,1991,3,7966,0.006285591,1,1991-09-03,1991-09-03,7962,3
3423,V035,1991,4,7967,1.67e-7,1,1991-11-12,1991-11-12,7965,1
3423,V035,1992,2,7969,8.14e-7,1,1992-06-03,1992-06-03,7967,1
3423,V035,1993,2,7973,1.52e-5,1,1993-06-08,1993-06-08,7970,2
3423,V035,1993,4,7975,4.23e-5,1,1993-10-26,1993-10-26,7973,1
3423,V035,1995,3,7982,8.66e-4,1,1995-08-22,1995-08-22,7975,6
3423,V035,1997,3,7990,0.008357389,1,1997-09-10,1997-09-10,7982,7
3423,V035,1998,4,7995,0.0328324,1,1998-10-20,1998-10-20,7990,4
3424,V036,1991,3,7966,1.45e-7,1,1991-09-03,1991-09-03,7964,1
3424,V036,1992,2,7969,2.49e-6,1,1992-06-03,1992-06-03,7967,1
3424,V036,1994,1,7976,0.00120591,1,1994-02-08,1994-02-08,7972,3
3425,V037,1991,2,7965,5.8e-4,1,1991-06-19,1991-06-19,7963,1
3426,V038,1991,3,7966,1,3,1991-07-02,1991-09-17,7964,1
3426,V038,1992,2,7969,1,1,1992-06-16,1992-06-16,7967,1
3426,V038,1993,1,7972,1,1,1993-02-22,1993-02-22,7970,1
3426,V038,1994,3,7978,1,3,1994-07-05,1994-09-06,7974,3
3426,V038,1995,3,7982,1,2,1995-07-05,1995-09-06,7978,3
3426,V038,1996,3,7986,1,2,1996-07-23,1996-09-17,7983,2
3426,V038,1997,4,7991,1,1,1997-10-08,1997-10-08,7987,3
3426,V038,1998,3,7994,1,1,1998-09-09,1998-09-09,7991,2
3426,V038,1999,3,7998,1,1,1999-07-06,1999-07-06,7994,3
3427,V039,1991,1,7964,0.224174063,1,1991-02-26,1991-02-26,7962,1
3427,V039,1992,3,7970,0.262637049,1,1992-08-25,1992-08-25,7966,3
3428,V040,1992,3,7970,1.03e-7,1,1992-08-11,1992-08-11,7967,2
3428,V040,1993,2,7973,1.33e-6,1,1993-06-09,1993-06-09,7971,1
3428,V040,1993,4,7975,4.3e-6,1,1993-10-26,1993-10-26,7973,1
3428,V040,1994,3,7978,1.18e-4,1,1994-08-16,1994-08-16,7976,1
3428,V040,1995,3,7982,0.001125264,1,1995-07-04,1995-07-04,7978,3
3428,V040,1996,3,7986,0.007243681,1,1996-09-17,1996-09-17,7982,3
3428,V040,1997,3,7990,0.04558988,1,1997-09-09,1997-09-09,7986,3
3429,V041,1993,2,7973,2.41e-11,1,1993-06-08,1993-06-08,7971,1
3429,V041,1994,1,7976,3.74e-10,1,1994-02-08,1994-02-08,7974,1
3429,V041,1995,3,7982,8.73e-8,2,1995-07-05,1995-08-22,7978,3
3429,V041,1996,3,7986,8.54e-6,2,1996-07-09,1996-09-17,7983,2
3429,V041,1997,1,7988,1.08e-4,1,1997-01-28,1997-01-28,7986,1
3430,V042,1991,3,7966,0.006285591,1,1991-09-04,1991-09-04,7962,3
3431,V043,1992,2,7969,8.24e-7,1,1992-06-02,1992-06-02,7965,3
3431,V043,1993,1,7972,6.6e-6,1,1993-02-09,1993-02-09,7970,1
3431,V043,1994,1,7976,5.88e-5,1,1994-02-07,1994-02-07,7972,3
3431,V043,1994,4,7979,5.6e-4,1,1994-11-02,1994-11-02,7977,1
3431,V043,1995,3,7982,0.006124236,1,1995-08-22,1995-08-22,7979,2
3431,V043,1996,3,7986,0.008064193,1,1996-09-17,1996-09-17,7982,3
3431,V043,1997,2,7989,0.157083844,1,1997-06-25,1997-06-25,7987,1
3432,V044,1993,3,7974,3.88e-5,1,1993-08-17,1993-08-17,7972,1
3432,V044,1995,1,7980,0.001922661,1,1995-02-14,1995-02-14,7975,4
3432,V044,1995,3,7982,0.006443655,1,1995-07-04,1995-07-04,7980,1
3433,V045,1992,3,7970,0.004853967,1,1992-08-12,1992-08-12,7967,2
3440,V052,1991,3,7966,1.05e-4,1,1991-07-16,1991-07-16,7964,1
3441,V053,1991,3,7966,4.69e-5,1,1991-07-16,1991-07-16,7964,1
3441,V053,1992,2,7969,8.11e-4,1,1992-04-28,1992-04-28,7967,1
3442,V054,1991,1,7964,1.17e-7,1,1991-03-12,1991-03-12,7962,1
3442,V054,1991,3,7966,7.03e-7,1,1991-07-30,1991-07-30,7964,1
3442,V054,1992,2,7969,3.71e-6,1,1992-05-12,1992-05-12,7966,2
3442,V054,1993,3,7974,2.78e-4,2,1993-07-21,1993-09-14,7970,3
3442,V054,1994,1,7976,3.99e-4,1,1994-01-11,1994-01-11,7974,1
3442,V054,1994,3,7978,0.00114503,1,1994-07-26,1994-07-26,7976,1
3443,V055,1991,3,7966,4.71e-5,1,1991-07-16,1991-07-16,7964,1
3443,V055,1992,3,7970,3.22e-4,2,1992-07-01,1992-09-08,7966,3
3444,V056,1991,1,7964,0.003075882,1,1991-03-12,1991-03-12,7962,1
3446,V058,1991,3,7966,4.6e-10,1,1991-07-16,1991-07-16,7964,1
3446,V058,1992,2,7969,7.94e-9,1,1992-06-30,1992-06-30,7967,1
3446,V058,1993,3,7974,2.06e-7,2,1993-07-06,1993-09-28,7970,3
3446,V058,1994,3,7978,4.9e-5,2,1994-07-19,1994-09-20,7976,1
3446,V058,1995,4,7983,0.00216806,1,1995-10-26,1995-10-26,7978,4
3446,V058,1996,3,7986,0.012139287,1,1996-07-30,1996-07-30,7983,2
3450,V062,1991,3,7966,8.53e-4,1,1991-07-16,1991-07-16,7964,1
3452,V064,1992,2,7969,2.97e-5,1,1992-06-30,1992-06-30,7963,5
3452,V064,1993,3,7974,1.08e-4,1,1993-09-28,1993-09-28,7969,4
3452,V064,1994,3,7978,4.21e-4,2,1994-07-19,1994-09-20,7974,3
3452,V064,1996,3,7986,0.019339202,1,1996-07-30,1996-07-30,7978,7
3455,V067,1991,4,7967,0.001395004,1,1991-10-16,1991-10-16,7963,3
3456,V068,1991,3,7966,0.001231607,1,1991-07-30,1991-07-30,7963,2
3456,V068,1993,3,7974,0.010818215,1,1993-07-20,1993-07-20,7966,7
3457,V069,1991,2,7965,0.003821497,1,1991-05-22,1991-05-22,7963,1
3459,V071,1992,1,7968,0.002637515,1,1992-01-14,1992-01-14,7966,1
3461,V073,1991,4,7967,3.97e-4,1,1991-10-15,1991-10-15,7962,4
3461,V073,1992,3,7970,0.001376977,2,1992-07-14,1992-09-22,7967,2
3462,V074,1992,2,7969,4.52e-4,1,1992-05-12,1992-05-12,7964,4
3462,V074,1993,2,7973,0.001614255,1,1993-05-12,1993-05-12,7969,3
3462,V074,1994,2,7977,0.021242675,1,1994-05-24,1994-05-24,7974,2
3463,V075,1991,4,7967,0.124289095,1,1991-10-29,1991-10-29,7965,1
3463,V075,1992,3,7970,0.853534553,1,1992-07-28,1992-07-28,7967,2
3463,V075,1995,2,7981,1,1,1995-06-20,1995-06-20,7971,9
3464,V076,1993,3,7974,5.44e-5,1,1993-08-03,1993-08-03,7971,2
3464,V076,1995,2,7981,0.002580801,1,1995-06-20,1995-06-20,7975,5
3465,V077,1992,3,7970,0.002100129,1,1992-07-28,1992-07-28,7964,5
3465,V077,1994,2,7977,0.010767236,1,1994-06-08,1994-06-08,7970,6
3466,V078,1990,3,7962,0.001236551,1,1990-08-01,1990-08-01,7960,1
3466,V078,1991,3,7966,0.007016634,1,1991-08-14,1991-08-14,7962,3
3467,V079,1991,4,7967,0.002642814,1,1991-10-29,1991-10-29,7965,1
3468,V080,1992,4,7971,1.04e-4,1,1992-10-06,1992-10-06,7965,5
3468,V080,1993,3,7974,3.22e-4,1,1993-08-17,1993-08-17,7971,2
3468,V080,1995,2,7981,0.00297059,1,1995-06-21,1995-06-21,7974,6
3469,V081,1991,2,7965,4.01e-7,1,1991-06-04,1991-06-04,7963,1
3469,V081,1992,3,7970,1.04e-5,1,1992-07-29,1992-07-29,7966,3
3469,V081,1994,2,7977,7.82e-5,1,1994-06-07,1994-06-07,7970,6
3469,V081,1996,2,7985,0.002290131,1,1996-06-25,1996-06-25,7978,6
3469,V081,1998,2,7993,0.07787855,1,1998-05-19,1998-05-19,7986,6
3472,V084,1991,1,7964,2.85e-8,1,1991-02-19,1991-02-19,7962,1
3472,V084,1992,4,7971,1.3e-4,1,1992-10-21,1992-10-21,7969,1
3472,V084,1993,2,7973,7.82e-4,1,1993-06-09,1993-06-09,7971,1
3472,V084,1993,4,7975,0.002455134,1,1993-10-27,1993-10-27,7973,1
3473,V085,1991,2,7965,1.56e-5,1,1991-06-19,1991-06-19,7962,2
3473,V085,1993,2,7973,0.001897805,1,1993-06-09,1993-06-09,7967,5
3475,V087,1992,2,7969,1.13e-4,1,1992-06-02,1992-06-02,7967,1
3476,V088,1992,1,7968,0.008499946,1,1992-02-10,1992-02-10,7962,5
3477,V089,1991,3,7966,3.91e-11,1,1991-09-17,1991-09-17,7962,3
3477,V089,1993,1,7972,2.2e-10,1,1993-02-23,1993-02-23,7966,5
3477,V089,1995,3,7982,3.19e-9,2,1995-07-18,1995-09-05,7973,8
3477,V089,1996,4,7987,4.79e-8,1,1996-10-02,1996-10-02,7982,4
3477,V089,1997,3,7990,2.66e-7,1,1997-07-09,1997-07-09,7987,2
3477,V089,1998,3,7994,4.76e-6,1,1998-07-01,1998-07-01,7991,2
3477,V089,2000,3,8002,1.4e-4,1,2000-09-20,2000-09-20,7995,6
3477,V089,2001,3,8006,3.81e-4,2,2001-08-07,2001-09-19,8002,3
3477,V089,2002,3,8010,0.004765985,1,2002-07-09,2002-07-09,8006,3
3477,V089,2003,3,8014,0.022810915,1,2003-09-03,2003-09-03,8010,3
3478,V090,1993,3,7974,0.003554891,1,1993-07-06,1993-07-06,7963,10
3478,V090,1994,3,7978,0.008925773,1,1994-07-19,1994-07-19,7974,3
3479,V091,1991,3,7966,6.16e-7,1,1991-07-17,1991-07-17,7964,1
3479,V091,1992,3,7970,1.4e-5,2,1992-07-01,1992-09-08,7967,2
3479,V091,1993,1,7972,1.23e-4,1,1993-03-09,1993-03-09,7970,1
3479,V091,1993,3,7974,7.25e-4,1,1993-07-06,1993-07-06,7972,1
3479,V091,1994,1,7976,0.002913187,1,1994-03-08,1994-03-08,7974,1
3480,V092,1991,3,7966,0.006289626,1,1991-07-16,1991-07-16,7962,3
3481,V093,1991,3,7966,0.0050992,1,1991-07-16,1991-07-16,7963,2
3483,V095,1992,4,7971,0.022843221,1,1992-10-07,1992-10-07,7964,6
3483,V095,1993,3,7974,0.024805869,1,1993-08-03,1993-08-03,7971,2
3486,V098,1992,3,7970,1.69e-5,1,1992-07-28,1992-07-28,7966,3
3486,V098,1993,2,7973,6.26e-5,1,1993-05-25,1993-05-25,7970,2
3486,V098,1993,4,7975,1.56e-4,1,1993-10-12,1993-10-12,7973,1
3486,V098,1994,2,7977,9.66e-4,1,1994-06-07,1994-06-07,7975,1
3487,V099,1991,3,7966,2.93e-6,2,1991-07-02,1991-09-17,7964,1
3487,V099,1992,1,7968,3.45e-5,1,1992-02-26,1992-02-26,7966,1
3487,V099,1996,3,7986,0.007465048,1,1996-07-24,1996-07-24,7969,16
3495,W010,1980,3,7922,0.011640875,1,1980-08-05,1980-08-05,7918,3
3496,W011,1980,3,7922,2.05e-8,1,1980-08-27,1980-08-27,7918,3
3496,W011,1981,3,7926,5.15e-8,1,1981-08-26,1981-08-26,7922,3
3496,W011,1982,1,7928,7.55e-8,1,1982-02-24,1982-02-24,7926,1
3496,W011,1983,3,7934,1.21e-6,1,1983-09-20,1983-09-20,7929,4
3496,W011,1984,1,7936,2.62e-6,1,1984-02-15,1984-02-15,7934,1
3496,W011,1984,3,7938,9.97e-6,1,1984-07-31,1984-07-31,7936,1
3496,W011,1985,1,7940,3.18e-5,1,1985-02-19,1985-02-19,7938,1
3496,W011,1988,1,7952,6.8e-4,1,1988-02-09,1988-02-09,7940,11
3496,W011,1989,3,7958,0.004680322,1,1989-08-15,1989-08-15,7953,4
3499,W014,1980,3,7922,2.25e-6,1,1980-07-31,1980-07-31,7918,3
3499,W014,1981,2,7925,4.87e-6,1,1981-06-23,1981-06-23,7922,2
3499,W014,1982,1,7928,1.79e-5,1,1982-02-23,1982-02-23,7926,1
3499,W014,1983,3,7934,0.011835557,2,1983-08-16,1983-09-20,7932,1
3499,W014,1984,3,7938,0.945477961,1,1984-07-31,1984-07-31,7935,2
3499,W014,1985,3,7942,0.997372094,1,1985-09-04,1985-09-04,7938,3
3499,W014,1986,3,7946,0.99998013,1,1986-08-12,1986-08-12,7942,3
3499,W014,1987,4,7951,1,1,1987-11-10,1987-11-10,7949,1
3499,W014,1989,2,7957,1,1,1989-06-06,1989-06-06,7955,1
3499,W014,1990,3,7962,1,1,1990-08-14,1990-08-14,7959,2
3501,W016,1981,2,7925,2.94e-12,1,1981-06-23,1981-06-23,7918,6
3501,W016,1982,2,7929,8.27e-12,1,1982-05-11,1982-05-11,7925,3
3501,W016,1983,2,7933,6.84e-11,1,1983-05-08,1983-05-08,7930,2
3501,W016,1983,4,7935,1.7e-10,1,1983-11-01,1983-11-01,7933,1
3501,W016,1985,2,7941,6.23e-9,1,1985-05-30,1985-05-30,7936,4
3501,W016,1986,2,7945,6.31e-8,1,1986-05-13,1986-05-13,7942,2
3501,W016,1987,1,7948,5.77e-7,1,1987-02-10,1987-02-10,7946,1
3501,W016,1987,3,7950,2.95e-6,1,1987-08-18,1987-08-18,7948,1
3501,W016,1988,1,7952,9.77e-6,1,1988-02-09,1988-02-09,7950,1
3501,W016,1989,2,7957,0.00209221,1,1989-06-07,1989-06-07,7955,1
3502,W017,1981,4,7927,0.021422038,1,1981-11-16,1981-11-16,7918,8
3506,W021,1982,4,7931,0.059948405,1,1982-10-14,1982-10-14,7918,12
3508,W023,1980,2,7921,0.01761577,1,1980-04-20,1980-04-20,7918,2
3509,W024,1981,4,7927,1.83e-5,1,1981-11-03,1981-11-03,7918,8
3509,W024,1983,1,7932,5.29e-5,1,1983-02-23,1983-02-23,7927,4
3509,W024,1984,2,7937,4.67e-4,1,1984-06-27,1984-06-27,7933,3
3509,W024,1985,1,7940,0.002053449,1,1985-02-24,1985-02-24,7938,1
3509,W024,1987,3,7950,0.017652457,1,1987-09-10,1987-09-10,7940,9
3509,W024,1988,1,7952,0.022847949,1,1988-02-24,1988-02-24,7950,1
3510,W025,1980,3,7922,0.001766667,1,1980-08-28,1980-08-28,7918,3
3510,W025,1981,4,7927,0.004814124,1,1981-11-03,1981-11-03,7922,4
3510,W025,1983,2,7933,0.020007954,1,1983-06-10,1983-06-10,7927,5
3510,W025,1984,3,7938,0.041172501,1,1984-07-03,1984-07-03,7933,4
3511,W026,1980,2,7921,4.6e-9,1,1980-05-19,1980-05-19,7918,2
3511,W026,1981,2,7925,1.92e-8,1,1981-06-19,1981-06-19,7922,2
3511,W026,1982,2,7929,1.13e-7,1,1982-05-11,1982-05-11,7926,2
3511,W026,1983,1,7932,3.83e-7,1,1983-02-08,1983-02-08,7929,2
3511,W026,1984,2,7937,1.2e-4,1,1984-05-16,1984-05-16,7935,1
3511,W026,1985,3,7942,0.002877047,1,1985-08-13,1985-08-13,7938,3
3511,W026,1986,2,7945,0.011127721,1,1986-05-13,1986-05-13,7942,2
3512,W027,1980,3,7922,0.00594385,1,1980-07-24,1980-07-24,7918,3
3512,W027,1981,4,7927,0.016196848,1,1981-10-01,1981-10-01,7922,4
3515,W030,1980,2,7921,0.004794527,1,1980-05-19,1980-05-19,7918,2
3515,W030,1981,3,7926,0.015839454,1,1981-08-20,1981-08-20,7921,4
3517,W032,1980,2,7921,2.79e-5,1,1980-06-18,1980-06-18,7918,2
3517,W032,1982,2,7929,1.3e-4,1,1982-05-11,1982-05-11,7921,7
3517,W032,1983,2,7933,3.08e-4,1,1983-06-07,1983-06-07,7929,3
3517,W032,1984,3,7938,0.001141515,1,1984-07-31,1984-07-31,7933,4
3517,W032,1985,1,7940,0.002311375,1,1985-02-19,1985-02-19,7938,1
3517,W032,1988,2,7953,0.04125543,1,1988-05-25,1988-05-25,7940,12
3518,W033,1980,2,7921,0.002533949,1,1980-05-19,1980-05-19,7918,2
3518,W033,1981,3,7926,0.012604321,1,1981-09-23,1981-09-23,7922,3
3519,W034,1980,2,7921,0.01761577,1,1980-05-21,1980-05-21,7918,2
3520,W035,1980,3,7922,0.003278128,1,1980-08-27,1980-08-27,7918,3
3520,W035,1981,3,7926,0.0082184,1,1981-07-21,1981-07-21,7922,3
3520,W035,1983,2,7933,0.023514211,1,1983-06-15,1983-06-15,7926,6
3521,W036,1984,2,7937,0.045283476,1,1984-05-15,1984-05-15,7918,18
3523,W038,1980,3,7922,0.00320781,1,1980-08-28,1980-08-28,7918,3
3523,W038,1981,3,7926,0.008042109,1,1981-07-15,1981-07-15,7922,3
3523,W038,1982,3,7930,0.025697162,1,1982-07-21,1982-07-21,7926,3
3523,W038,1983,4,7935,0.097124591,1,1983-10-04,1983-10-04,7930,4
3523,W038,1986,1,7944,0.682363834,1,1986-01-16,1986-01-16,7935,8
3524,W039,1980,3,7922,0.021817359,1,1980-08-27,1980-08-27,7918,3
3525,W040,1980,2,7921,0.001303613,1,1980-04-02,1980-04-02,7918,2
3525,W040,1982,3,7930,0.0066125690000000004,2,1982-07-22,1982-08-03,7921,8
3527,W042,1980,3,7922,0.021817359,1,1980-08-29,1980-08-29,7918,3
3532,W047,1981,4,7927,0.005789409,1,1981-11-16,1981-11-16,7918,8
3532,W047,1982,3,7930,0.013246498,1,1982-07-21,1982-07-21,7927,2
3533,W048,1980,3,7922,0.021817359,1,1980-08-20,1980-08-20,7918,3
3534,W049,1980,3,7922,0.021817359,1,1980-07-31,1980-07-31,7918,3
3538,W054,1981,3,7926,0.003009551,1,1981-07-14,1981-07-14,7918,7
3538,W054,1983,3,7934,0.012353468,1,1983-08-16,1983-08-16,7926,7
3538,W054,1984,3,7938,0.029912541,1,1984-07-31,1984-07-31,7934,3
3540,W056,1980,3,7922,0.021817359,1,1980-08-18,1980-08-18,7918,3
3542,W058,1982,2,7929,0.014808263,1,1982-06-02,1982-06-02,7918,10
3542,W058,1983,2,7933,0.023196506,1,1983-06-29,1983-06-29,7929,3
3547,W063,1982,2,7929,0.053341339,1,1982-04-20,1982-04-20,7918,10
3548,W064,1982,2,7929,0.014886103,1,1982-05-26,1982-05-26,7918,10
3548,W064,1983,3,7934,0.025169715,1,1983-07-06,1983-07-06,7929,4
3549,W065,1980,2,7921,0.005027071,1,1980-05-21,1980-05-21,7918,2
3549,W065,1983,3,7934,0.033689584,1,1983-07-07,1983-07-07,7921,12
3552,W068,1980,3,7922,0.003141683,1,1980-08-18,1980-08-18,7918,3
3552,W068,1981,3,7926,0.007876326,2,1981-07-01,1981-07-14,7922,3
3553,W069,1980,2,7921,0.007943971,1,1980-06-25,1980-06-25,7919,1
3553,W069,1980,4,7923,0.014822931,1,1980-11-25,1980-11-25,7921,1
3554,X001,2000,3,8002,0.999999996,1,2000-09-19,2000-09-19,8000,1
3555,X002,2000,3,8002,0.013192167,1,2000-07-04,2000-07-04,8000,1
3556,X003,2001,2,8005,8.35e-6,1,2001-06-26,2001-06-26,8003,1
3556,X003,2002,2,8009,0.00277061,1,2002-05-28,2002-05-28,8007,1
3557,X004,2001,3,8006,0.930117859,2,2001-07-24,2001-09-04,8002,3
3557,X004,2003,2,8013,1,1,2003-05-13,2003-05-13,8006,6
3558,X005,2002,2,8009,0.006274236,1,2002-05-28,2002-05-28,8007,1
3558,X005,2003,3,8014,0.18053784,1,2003-08-05,2003-08-05,8010,3
3558,X005,2006,2,8025,0.658478987,1,2006-05-10,2006-05-10,8015,9
3559,X006,2003,2,8013,0.022154804,1,2003-05-14,2003-05-14,8002,10
3559,X006,2004,2,8017,0.040147557,1,2004-05-25,2004-05-25,8013,3
3560,X007,2001,1,8004,1.9e-6,1,2001-01-09,2001-01-09,8002,1
3560,X007,2002,2,8009,1.98e-5,1,2002-05-28,2002-05-28,8004,4
3560,X007,2003,2,8013,7.02e-4,1,2003-05-13,2003-05-13,8011,1
3561,X008,2002,2,8009,0.028267335,1,2002-05-29,2002-05-29,8003,5
3562,X009,2001,2,8005,0.002622281,1,2001-06-26,2001-06-26,8003,1
3563,X010,2001,3,8006,0.065077013,2,2001-07-24,2001-09-04,8004,1
3563,X010,2002,4,8011,0.999999997,1,2002-10-23,2002-10-23,8006,4
3564,X011,2001,2,8005,1.6e-4,1,2001-06-26,2001-06-26,8003,1
3564,X011,2001,4,8007,5.26e-4,1,2001-10-17,2001-10-17,8005,1
3564,X011,2002,2,8009,0.00325753,1,2002-05-29,2002-05-29,8007,1
3564,X011,2003,2,8013,0.02122844,1,2003-05-14,2003-05-14,8009,3
3565,X012,2001,1,8004,1.16e-4,1,2001-01-09,2001-01-09,8002,1
3565,X012,2001,3,8006,7.09e-4,1,2001-09-05,2001-09-05,8004,1
3565,X012,2004,2,8017,0.050270529,1,2004-05-25,2004-05-25,8007,9
3567,X014,2000,4,8003,0.590401958,1,2000-10-04,2000-10-04,8001,1
3567,X014,2001,3,8006,0.602481594,1,2001-07-24,2001-07-24,8004,1
3568,X015,2001,3,8006,1.44e-4,2,2001-07-24,2001-09-05,8004,1
3568,X015,2002,2,8009,0.003341113,1,2002-05-28,2002-05-28,8006,2
3569,X016,2001,2,8005,0.003450176,1,2001-06-26,2001-06-26,8002,2
3569,X016,2001,4,8007,0.009461954,1,2001-10-02,2001-10-02,8005,1
3570,X017,2001,3,8006,0.014757268,1,2001-08-22,2001-08-22,8003,2
3572,X019,2001,1,8004,0.033057387,2,2001-01-10,2001-01-23,8002,1
3577,X024,2002,2,8009,1.12e-5,1,2002-06-18,2002-06-18,8006,2
3577,X024,2003,2,8013,8.51e-4,1,2003-06-03,2003-06-03,8010,2
3577,X024,2004,3,8018,0.020309327,1,2004-07-06,2004-07-06,8014,3
3583,X030,2001,2,8005,0.003098418,1,2001-06-26,2001-06-26,8003,1
3583,X030,2002,3,8010,1,1,2002-08-21,2002-08-21,8008,1
3583,X030,2003,3,8014,1,1,2003-09-03,2003-09-03,8010,3
3587,X034,2001,1,8004,0.002267841,1,2001-01-23,2001-01-23,8002,1
3588,X035,2002,2,8009,1,1,2002-06-18,2002-06-18,8007,1
3588,X035,2004,2,8017,1,1,2004-06-08,2004-06-08,8014,2
3589,X036,2001,2,8005,0.003423778,1,2001-06-12,2001-06-12,8002,2
3590,X037,2001,3,8006,0.014757268,1,2001-08-22,2001-08-22,8003,2
3594,X041,2002,1,8008,0.012314262,1,2002-02-06,2002-02-06,8006,1
3594,X041,2002,3,8010,0.078396884,1,2002-07-09,2002-07-09,8008,1
3594,X041,2004,3,8018,0.999999999,1,2004-07-06,2004-07-06,8010,7
3595,X042,2001,2,8005,0.63439208,1,2001-06-12,2001-06-12,8003,1
3597,X044,2002,3,8010,0.001044999,2,2002-07-09,2002-09-10,8006,3
3597,X044,2003,2,8013,0.014931173,1,2003-06-03,2003-06-03,8010,2
3598,X045,2002,1,8008,0.09719094,1,2002-02-05,2002-02-05,8006,1
3602,X049,2001,2,8005,0.012236568,1,2001-06-12,2001-06-12,8003,1
3602,X049,2002,1,8008,0.173109447,1,2002-02-06,2002-02-06,8006,1
3602,X049,2002,3,8010,0.999999999,1,2002-07-09,2002-07-09,8008,1
3604,X051,2002,3,8010,0.017813368,1,2002-09-10,2002-09-10,8006,3
3607,X054,2001,2,8005,0.003188592,1,2001-06-12,2001-06-12,8002,2
3608,X055,2001,2,8005,0.04220006,1,2001-06-13,2001-06-13,8003,1
3608,X055,2002,1,8008,0.208833103,1,2002-02-05,2002-02-05,8005,2
3608,X055,2002,4,8011,0.999999932,1,2002-11-19,2002-11-19,8008,2
3610,X057,2001,3,8006,0.002460265,2,2001-08-08,2001-09-19,8004,1
3612,X059,2001,3,8006,0.003559609,2,2001-08-07,2001-09-19,8003,2
3613,X060,2001,2,8005,1,1,2001-06-12,2001-06-12,8002,2
3616,X063,2001,1,8004,0.010081843,1,2001-01-10,2001-01-10,8002,1
3617,X064,2001,3,8006,1,2,2001-07-24,2001-09-05,8003,2
3618,X065,2001,3,8006,0.832271373,1,2001-07-24,2001-07-24,8003,2
3618,X065,2002,3,8010,0.99999999,1,2002-08-06,2002-08-06,8006,3
3620,X067,2001,3,8006,0.002460265,2,2001-07-25,2001-09-05,8004,1
3621,X068,2002,2,8009,0.08920205,1,2002-05-29,2002-05-29,8002,6
3622,X069,2001,1,8004,0.007750083,1,2001-01-10,2001-01-10,8002,1
3623,X070,2005,3,8022,0.095056648,1,2005-09-14,2005-09-14,8003,18
3625,X072,2001,1,8004,3.05e-4,1,2001-01-23,2001-01-23,8002,1
3626,X073,2001,3,8006,1.45e-4,1,2001-08-21,2001-08-21,8004,1
3626,X073,2002,1,8008,5.57e-4,1,2002-01-22,2002-01-22,8006,1
3628,X075,2001,3,8006,0.003643966,1,2001-07-24,2001-07-24,8003,2
3628,X075,2002,1,8008,0.010852506,1,2002-01-08,2002-01-08,8006,1
3629,X076,2002,3,8010,0.008790509,1,2002-08-07,2002-08-07,8003,6
3629,X076,2004,2,8017,0.041360247,1,2004-05-25,2004-05-25,8010,6
3630,X077,2001,3,8006,0.019509929,1,2001-09-04,2001-09-04,8002,3
3631,X078,2001,3,8006,0.005016833,1,2001-07-25,2001-07-25,8002,3
3631,X078,2003,2,8013,0.036271163,1,2003-05-13,2003-05-13,8006,6
3631,X078,2008,3,8034,0.392023308,1,2008-07-22,2008-07-22,8013,20
3633,X080,2001,1,8004,6.93e-4,1,2001-01-10,2001-01-10,8002,1
3633,X080,2003,4,8015,0.013050277,1,2003-10-28,2003-10-28,8004,10
3633,X080,2004,2,8017,0.024344872,1,2004-05-25,2004-05-25,8015,1
3635,X082,2001,3,8006,0.004884221,1,2001-07-24,2001-07-24,8002,3
3635,X082,2002,3,8010,0.022315832,1,2002-08-06,2002-08-06,8006,3
3636,X083,2001,3,8006,9.06e-4,1,2001-07-24,2001-07-24,8003,2
3637,X084,2001,3,8006,6.22e-4,1,2001-07-25,2001-07-25,8004,1
3637,X084,2002,2,8009,0.003817647,1,2002-05-28,2002-05-28,8006,2
3638,X085,2001,3,8006,0.003559609,2,2001-07-24,2001-09-05,8003,2
3639,X086,2008,3,8034,0.99638631,1,2008-08-20,2008-08-20,8006,27
3641,X088,2002,1,8008,2.89e-5,1,2002-02-05,2002-02-05,8006,1
3641,X088,2002,3,8010,1.82e-4,1,2002-07-09,2002-07-09,8008,1
3641,X088,2003,3,8014,0.001281293,1,2003-09-02,2003-09-02,8010,3
3641,X088,2004,1,8016,0.00320762,1,2004-02-03,2004-02-03,8014,1
3641,X088,2005,1,8020,0.022085684,1,2005-02-02,2005-02-02,8016,3
3643,Z066,1995,3,7982,0.002524383,2,1995-07-18,1995-09-05,7980,1
3643,Z066,1997,3,7990,1,1,1997-07-08,1997-07-08,7983,6
3646,X092,2001,3,8006,0.002627198,1,2001-08-21,2001-08-21,8004,1
3646,X092,2002,2,8009,0.00584323,1,2002-06-19,2002-06-19,8006,2
3646,X092,2002,4,8011,0.012424363,1,2002-11-05,2002-11-05,8009,1
3647,Y001,1981,4,7927,1.74e-6,1,1981-11-24,1981-11-24,7925,1
3647,Y001,1983,3,7934,0.00210895,1,1983-08-16,1983-08-16,7931,2
3647,Y001,1985,3,7942,0.020817319,1,1985-08-13,1985-08-13,7934,7
3650,Y004,1982,3,7930,4.19e-4,1,1982-08-27,1982-08-27,7926,3
3650,Y004,1983,3,7934,0.001037071,1,1983-08-16,1983-08-16,7930,3
3650,Y004,1984,2,7937,0.002906522,1,1984-05-15,1984-05-15,7934,2
3650,Y004,1989,2,7957,0.055361662,1,1989-06-21,1989-06-21,7937,19
3651,Y005,1982,1,7928,3.68e-5,1,1982-02-23,1982-02-23,7925,2
3651,Y005,1983,3,7934,0.002481291,1,1983-08-16,1983-08-16,7930,3
3651,Y005,1984,2,7937,0.00927115,1,1984-05-15,1984-05-15,7934,2
3652,Y006,1982,4,7931,2.1e-5,1,1982-11-02,1982-11-02,7929,1
3652,Y006,1983,2,7933,1.16e-4,1,1983-05-08,1983-05-08,7931,1
3652,Y006,1984,1,7936,0.001221605,1,1984-02-14,1984-02-14,7934,1
3653,Y007,1981,4,7927,0.001100727,1,1981-10-20,1981-10-20,7925,1
3653,Y007,1982,2,7929,0.006570831,1,1982-05-12,1982-05-12,7927,1
3654,Y008,1982,3,7930,0.019193608,1,1982-09-09,1982-09-09,7926,3
3656,Y010,1987,3,7950,0.05473427,1,1987-08-18,1987-08-18,7929,20
3657,Y011,1982,1,7928,1.38e-5,1,1982-02-23,1982-02-23,7926,1
3657,Y011,1983,2,7933,3.61e-4,1,1983-06-08,1983-06-08,7929,3
3657,Y011,1984,3,7938,0.008440893,1,1984-07-31,1984-07-31,7935,2
3658,Y012,1982,1,7928,0.001077828,1,1982-02-23,1982-02-23,7926,1
3658,Y012,1983,1,7932,0.00884999,1,1983-02-07,1983-02-07,7928,3
3661,Y015,1982,1,7928,0.014335072,1,1982-02-23,1982-02-23,7926,1
3661,Y015,1983,1,7932,0.036396446,1,1983-02-16,1983-02-16,7930,1
3661,Y015,1984,1,7936,0.045205833,1,1984-02-14,1984-02-14,7932,3
3661,Y015,1984,3,7938,0.0550735,1,1984-08-01,1984-08-01,7936,1
3662,Y016,1982,1,7928,3.19e-7,1,1982-02-23,1982-02-23,7926,1
3662,Y016,1983,1,7932,1.95e-5,1,1983-02-09,1983-02-09,7930,1
3662,Y016,1984,1,7936,0.001209004,1,1984-02-15,1984-02-15,7934,1
3662,Y016,1985,2,7941,0.013852985,1,1985-05-20,1985-05-20,7936,4
3663,Y017,1984,3,7938,0.031851709,1,1984-08-01,1984-08-01,7932,5
3664,Y018,1982,1,7928,1.04e-6,1,1982-02-24,1982-02-24,7926,1
3664,Y018,1983,3,7934,1.63e-5,1,1983-08-17,1983-08-17,7930,3
3664,Y018,1984,1,7936,3.69e-5,1,1984-01-11,1984-01-11,7934,1
3664,Y018,1987,3,7950,7.02e-4,1,1987-08-19,1987-08-19,7937,12
3664,Y018,1988,2,7953,0.001330394,1,1988-05-10,1988-05-10,7950,2
3664,Y018,1989,2,7957,0.004174809,1,1989-05-23,1989-05-23,7953,3
3664,Y018,1989,4,7959,0.008006534,1,1989-10-18,1989-10-18,7957,1
3665,Y019,1982,3,7930,3.29e-5,1,1982-08-24,1982-08-24,7928,1
3665,Y019,1984,2,7937,0.004128041,1,1984-05-15,1984-05-15,7934,2
3665,Y019,1985,2,7941,0.023116431,1,1985-05-29,1985-05-29,7937,3
3669,Y023,1982,3,7930,1.35e-8,1,1982-07-28,1982-07-28,7926,3
3669,Y023,1983,2,7933,4.47e-8,1,1983-06-28,1983-06-28,7930,2
3669,Y023,1985,2,7941,3.65e-7,1,1985-05-29,1985-05-29,7933,7
3669,Y023,1985,4,7943,6.05e-7,1,1985-11-05,1985-11-05,7941,1
3669,Y023,1986,4,7947,3.25e-6,1,1986-11-11,1986-11-11,7943,3
3669,Y023,1988,4,7955,2.47e-5,1,1988-10-18,1988-10-18,7947,7
3669,Y023,1989,2,7957,4.7e-5,1,1989-06-06,1989-06-06,7955,1
3669,Y023,1989,4,7959,9.78e-5,1,1989-10-31,1989-10-31,7957,1
3669,Y023,1990,3,7962,4.3e-4,1,1990-08-15,1990-08-15,7959,2
3671,Y025,1982,1,7928,3.16e-4,1,1982-02-23,1982-02-23,7926,1
3671,Y025,1982,3,7930,0.001641341,1,1982-08-24,1982-08-24,7928,1
3672,Y026,1983,3,7934,2.33e-10,1,1983-09-21,1983-09-21,7926,7
3672,Y026,1984,1,7936,4.31e-10,1,1984-02-15,1984-02-15,7934,1
3672,Y026,1984,3,7938,1.46e-9,1,1984-07-31,1984-07-31,7936,1
3672,Y026,1985,1,7940,4.53e-9,1,1985-02-19,1985-02-19,7938,1
3672,Y026,1986,2,7945,7.01e-8,1,1986-05-12,1986-05-12,7941,3
3672,Y026,1987,2,7949,8.01e-7,1,1987-05-13,1987-05-13,7946,2
3672,Y026,1987,4,7951,2.07e-6,1,1987-11-10,1987-11-10,7949,1
3672,Y026,1988,2,7953,1.03e-5,1,1988-05-24,1988-05-24,7951,1
3672,Y026,1989,2,7957,4.52e-4,1,1989-06-06,1989-06-06,7955,1
3672,Y026,1990,1,7960,0.001823832,1,1990-02-06,1990-02-06,7957,2
3675,Y029,1982,3,7930,2.03e-4,1,1982-07-28,1982-07-28,7926,3
3675,Y029,1983,2,7933,6.72e-4,1,1983-06-16,1983-06-16,7930,2
3675,Y029,1984,3,7938,0.003564865,1,1984-07-31,1984-07-31,7933,4
3675,Y029,1985,2,7941,0.010991747,1,1985-05-20,1985-05-20,7938,2
3679,Y033,1983,2,7933,0.01431895,1,1983-06-24,1983-06-24,7926,6
3679,Y033,1983,4,7935,0.014439252,1,1983-10-03,1983-10-03,7933,1
3679,Y033,1984,2,7937,0.014838586,1,1984-06-27,1984-06-27,7935,1
3679,Y033,1985,3,7942,0.017963973,1,1985-08-29,1985-08-29,7937,4
3679,Y033,1986,2,7945,0.026089811,1,1986-06-18,1986-06-18,7942,2
3681,Y035,1982,2,7929,0.002230181,1,1982-05-26,1982-05-26,7926,2
3681,Y035,1983,3,7934,0.007831758,1,1983-07-05,1983-07-05,7929,4
3681,Y035,1984,3,7938,0.025471221,1,1984-07-04,1984-07-04,7934,3
3682,Y036,1982,2,7929,0.004560993,1,1982-05-26,1982-05-26,7926,2
3682,Y036,1983,2,7933,0.013036484,1,1983-06-28,1983-06-28,7929,3
3683,Y037,1982,2,7929,0.015261108,1,1982-05-26,1982-05-26,7926,2
3684,Y038,1984,3,7938,0.027339633,1,1984-07-17,1984-07-17,7926,11
3685,Y039,1983,1,7932,1.54e-4,1,1983-01-26,1983-01-26,7926,5
3685,Y039,1984,2,7937,8.74e-4,1,1984-06-28,1984-06-28,7933,3
3685,Y039,1986,2,7945,0.006399384,1,1986-06-19,1986-06-19,7937,7
3685,Y039,1987,2,7949,0.018000346,1,1987-06-03,1987-06-03,7945,3
3687,Y041,1982,3,7930,0.01184564,1,1982-08-26,1982-08-26,7928,1
3688,Y043,1982,3,7930,2.04e-4,1,1982-08-24,1982-08-24,7926,3
3688,Y043,1985,2,7941,0.002086423,1,1985-05-20,1985-05-20,7930,10
3688,Y043,1986,2,7945,0.004962839,1,1986-05-12,1986-05-12,7941,3
3688,Y043,1987,3,7950,0.019371787,1,1987-08-18,1987-08-18,7945,4
3691,Y046,1983,1,7932,2.5e-4,1,1983-02-02,1983-02-02,7929,2
3691,Y046,1983,3,7934,5.86e-4,1,1983-08-16,1983-08-16,7932,1
3691,Y046,1984,2,7937,0.00238413,1,1984-05-15,1984-05-15,7934,2
3691,Y046,1984,4,7939,0.005737266,1,1984-11-06,1984-11-06,7937,1
3692,Y047,1983,2,7933,0.003207733,1,1983-06-29,1983-06-29,7927,5
3692,Y047,1985,3,7942,0.003403212,1,1985-09-13,1985-09-13,7933,8
3692,Y047,1986,3,7946,0.003775241,1,1986-07-02,1986-07-02,7942,3
3692,Y047,1988,1,7952,0.004843888,1,1988-02-23,1988-02-23,7946,5
3692,Y047,1989,4,7959,0.009419499,1,1989-11-14,1989-11-14,7952,6
3692,Y047,1991,3,7966,0.021190594,1,1991-07-03,1991-07-03,7959,6
3694,Y049,1983,3,7934,6.71e-4,1,1983-09-06,1983-09-06,7927,6
3694,Y049,1984,1,7936,9.44e-4,1,1984-02-15,1984-02-15,7934,1
3694,Y049,1984,3,7938,0.002370837,1,1984-07-31,1984-07-31,7936,1
3694,Y049,1986,4,7947,0.024701368,1,1986-11-11,1986-11-11,7938,8
3695,Y050,1983,4,7935,0.018093176,1,1983-11-11,1983-11-11,7927,7
3698,Z003,1994,4,7979,1.37e-4,1,1994-11-15,1994-11-15,7976,2
3698,Z003,1996,1,7984,0.001594438,1,1996-02-13,1996-02-13,7979,4
3698,Z003,1996,3,7986,0.003202395,1,1996-07-23,1996-07-23,7984,1
3698,Z003,1997,1,7988,0.009966813,1,1997-02-12,1997-02-12,7986,1
3699,Z004,1994,3,7978,0.003495435,1,1994-07-06,1994-07-06,7976,1
3709,Z014,1995,1,7980,4.37e-5,1,1995-01-31,1995-01-31,7978,1
3710,Z015,1996,2,7985,1.32e-4,1,1996-06-25,1996-06-25,7982,2
3710,Z015,1997,2,7989,0.00361138,1,1997-05-21,1997-05-21,7986,2
3710,Z015,1998,2,7993,0.024113154,1,1998-05-19,1998-05-19,7989,3
3711,Z016,1995,1,7980,6.04e-12,1,1995-01-31,1995-01-31,7978,1
3711,Z016,1996,2,7985,4.97e-9,1,1996-06-25,1996-06-25,7982,2
3711,Z016,1998,2,7993,8.22e-4,1,1998-05-19,1998-05-19,7991,1
3713,Z018,1994,4,7979,3.12e-5,1,1994-10-19,1994-10-19,7977,1
3714,Z019,1996,1,7984,0.004536015,1,1996-01-16,1996-01-16,7982,1
3716,Z021,1996,3,7986,8.3e-4,1,1996-09-03,1996-09-03,7982,3
3716,Z021,2001,3,8006,0.09990074,1,2001-07-25,2001-07-25,7987,18
3721,Z026,1996,2,7985,0.439259375,1,1996-06-25,1996-06-25,7982,2
3722,Z027,1995,1,7980,4.37e-5,1,1995-01-31,1995-01-31,7978,1
3723,Z028,1994,4,7979,2.43e-6,1,1994-10-18,1994-10-18,7977,1
3723,Z028,1996,2,7985,0.011966271,1,1996-06-25,1996-06-25,7982,2
3723,Z028,1998,2,7993,0.800504771,1,1998-05-19,1998-05-19,7986,6
3739,Z044,1995,3,7982,7.28e-9,2,1995-07-04,1995-08-23,7979,2
3739,Z044,1997,2,7989,3.51e-7,1,1997-06-24,1997-06-24,7984,4
3739,Z044,1998,3,7994,6.42e-6,1,1998-08-12,1998-08-12,7990,3
3739,Z044,1999,2,7997,2.32e-5,1,1999-06-23,1999-06-23,7994,2
3739,Z044,2001,4,8007,6.87e-4,1,2001-10-03,2001-10-03,7998,8
3739,Z044,2003,3,8014,0.002833538,1,2003-08-19,2003-08-19,8007,6
3739,Z044,2005,3,8022,0.039600537,1,2005-08-02,2005-08-02,8015,6
3740,Z045,1998,2,7993,0.116298057,1,1998-06-01,1998-06-01,7978,14
3743,Z048,1995,1,7980,1.82e-7,1,1995-02-14,1995-02-14,7978,1
3743,Z048,1995,3,7982,1.21e-6,2,1995-07-04,1995-08-22,7980,1
3743,Z048,1997,3,7990,1.12e-4,1,1997-09-23,1997-09-23,7982,7
3743,Z048,1998,3,7994,4.28e-4,2,1998-08-11,1998-09-22,7990,3
3743,Z048,1999,2,7997,0.004353239,1,1999-06-23,1999-06-23,7994,2
3743,Z048,2000,3,8002,0.026960596,1,2000-07-18,2000-07-18,7997,4
3745,Z050,1994,4,7979,1.43e-4,1,1994-11-01,1994-11-01,7977,1
3745,Z050,1995,3,7982,0.005532866,2,1995-07-04,1995-08-22,7980,1
3748,Z053,1995,3,7982,4.61e-10,1,1995-08-23,1995-08-23,7980,1
3748,Z053,1996,3,7986,5.18e-8,2,1996-07-09,1996-09-17,7984,1
3748,Z053,1997,3,7990,8.15e-6,1,1997-09-09,1997-09-09,7987,2
3748,Z053,1998,1,7992,2.6e-5,1,1998-02-03,1998-02-03,7990,1
3748,Z053,1998,3,7994,1.31e-4,1,1998-08-12,1998-08-12,7992,1
3748,Z053,1999,2,7997,3.63e-4,1,1999-06-22,1999-06-22,7994,2
3748,Z053,2000,2,8001,0.001470074,1,2000-06-20,2000-06-20,7997,3
3748,Z053,2001,4,8007,0.021271349,1,2001-10-02,2001-10-02,8002,4
3751,Z056,1995,3,7982,3.24e-10,2,1995-07-04,1995-08-23,7978,3
3751,Z056,1997,1,7988,1.31e-8,1,1997-01-28,1997-01-28,7982,5
3751,Z056,1998,2,7993,3.07e-6,1,1998-06-17,1998-06-17,7991,1
3751,Z056,1999,2,7997,2.06e-4,1,1999-06-22,1999-06-22,7995,1
3751,Z056,2000,3,8002,0.00157065,1,2000-08-22,2000-08-22,7997,4
3751,Z056,2003,3,8014,0.048971564,1,2003-08-19,2003-08-19,8003,10
3751,Z056,2004,2,8017,0.232703313,1,2004-06-09,2004-06-09,8015,1
3752,Z057,1995,1,7980,1.72e-7,1,1995-02-14,1995-02-14,7978,1
3752,Z057,1995,3,7982,1.14e-6,1,1995-08-22,1995-08-22,7980,1
3752,Z057,1996,1,7984,5.12e-6,1,1996-01-31,1996-01-31,7982,1
3752,Z057,1996,3,7986,3.05e-5,2,1996-07-09,1996-09-17,7984,1
3752,Z057,1998,3,7994,0.002446991,1,1998-08-12,1998-08-12,7986,7
3752,Z057,1999,2,7997,0.006146357,1,1999-06-23,1999-06-23,7994,2
3755,Z060,1995,1,7980,3.29e-4,1,1995-02-28,1995-02-28,7978,1
3755,Z060,1995,3,7982,0.002229337,1,1995-09-05,1995-09-05,7980,1
3755,Z060,1996,3,7986,0.078191801,1,1996-07-24,1996-07-24,7983,2
3755,Z060,1997,3,7990,0.596962259,1,1997-07-08,1997-07-08,7986,3
3755,Z060,1998,2,7993,0.695503847,1,1998-06-30,1998-06-30,7990,2
3756,Z061,1995,4,7983,4.84e-4,1,1995-10-16,1995-10-16,7979,3
3756,Z061,1996,4,7987,0.004723634,1,1996-10-02,1996-10-02,7984,2
3756,Z061,1997,3,7990,0.097690296,1,1997-07-08,1997-07-08,7988,1
3756,Z061,1998,2,7993,0.999999999,1,1998-06-30,1998-06-30,7991,1
3756,Z061,1999,3,7998,1,1,1999-09-08,1999-09-08,7994,3
3756,Z061,2000,1,8000,1,1,2000-02-08,2000-02-08,7998,1
3756,Z061,2000,3,8002,1,1,2000-07-05,2000-07-05,8000,1
3757,Z062,1996,4,7987,0.018185905,1,1996-10-02,1996-10-02,7980,6
3758,Z063,1995,3,7982,0.001061066,2,1995-07-18,1995-09-05,7980,1
3758,Z063,1996,3,7986,0.509352957,1,1996-07-23,1996-07-23,7984,1
3759,Z064,1995,3,7982,0.001701002,2,1995-07-18,1995-09-05,7980,1
3759,Z064,1996,4,7987,0.999999994,1,1996-10-02,1996-10-02,7984,2
3760,Z065,1995,1,7980,2.75e-6,1,1995-02-28,1995-02-28,7978,1
3760,Z065,1995,3,7982,1.69e-5,2,1995-07-18,1995-09-05,7980,1
3760,Z065,1996,3,7986,0.002444886,1,1996-07-23,1996-07-23,7983,2
3765,Z071,1996,3,7986,0.004574492,1,1996-07-30,1996-07-30,7979,6
3765,Z071,1997,3,7990,0.021972679,1,1997-07-23,1997-07-23,7986,3
3766,Z072,1995,3,7982,0.001686622,1,1995-09-05,1995-09-05,7979,2
3766,Z072,1996,3,7986,0.01284855,1,1996-07-23,1996-07-23,7982,3
3767,Z073,1995,3,7982,4e-4,1,1995-09-05,1995-09-05,7979,2
3767,Z073,1996,3,7986,0.003043627,1,1996-07-24,1996-07-24,7982,3
3768,Z074,1995,3,7982,0.001633126,1,1995-09-05,1995-09-05,7979,2
3769,Z075,1995,3,7982,4.36e-4,2,1995-07-18,1995-09-06,7978,3
3769,Z075,1996,4,7987,0.013376739,1,1996-10-02,1996-10-02,7982,4
3770,Z076,1995,3,7982,9.8e-5,1,1995-07-25,1995-07-25,7979,2
3770,Z076,1996,3,7986,0.002650527,1,1996-07-30,1996-07-30,7983,2
3770,Z076,1997,3,7990,0.020082341,1,1997-07-22,1997-07-22,7986,3
3772,Z078,1995,3,7982,0.001700367,1,1995-07-26,1995-07-26,7979,2
3772,Z078,1996,3,7986,0.01286214,1,1996-07-30,1996-07-30,7982,3
3773,Z079,1995,3,7982,0.007871164,1,1995-07-18,1995-07-18,7978,3
3779,Z085,1996,2,7985,1.44e-4,1,1996-06-25,1996-06-25,7982,2
3779,Z085,1998,4,7995,0.011124193,1,1998-10-06,1998-10-06,7986,8
3779,Z085,1999,2,7997,0.023205195,1,1999-05-25,1999-05-25,7995,1
3780,Z086,1995,3,7982,1,2,1995-07-05,1995-08-22,7979,2
3780,Z086,1996,1,7984,1,1,1996-01-30,1996-01-30,7982,1
3781,Z087,1996,3,7986,0.018349576,1,1996-07-09,1996-07-09,7979,6
3782,Z088,1995,3,7982,4.58e-6,2,1995-07-04,1995-08-23,7980,1
3782,Z088,1997,3,7990,0.001809267,1,1997-09-10,1997-09-10,7983,6
3782,Z088,1998,1,7992,0.00406444,1,1998-02-03,1998-02-03,7990,1
3782,Z088,1999,3,7998,0.03699993,1,1999-08-04,1999-08-04,7992,5
3783,Z089,1995,3,7982,1.89e-15,3,1995-07-05,1995-09-05,7979,2
3783,Z089,1996,3,7986,2.82e-12,2,1996-07-10,1996-07-24,7984,1
3783,Z089,1997,3,7990,4.47e-10,1,1997-07-08,1997-07-08,7987,2
3783,Z089,1998,3,7994,1.71e-8,2,1998-08-12,1998-09-08,7991,2
3783,Z089,2000,3,8002,5.67e-7,1,2000-09-20,2000-09-20,7994,7
3783,Z089,2001,3,8006,1.47e-6,2,2001-08-07,2001-09-19,8002,3
3783,Z089,2002,3,8010,1.8e-5,1,2002-09-11,2002-09-11,8006,3
3783,Z089,2003,2,8013,2.07e-5,1,2003-06-03,2003-06-03,8010,2
3783,Z089,2004,1,8016,5.01e-5,1,2004-02-04,2004-02-04,8014,1
3783,Z089,2004,3,8018,1.96e-4,1,2004-07-06,2004-07-06,8016,1
3783,Z089,2005,2,8021,0.001044018,2,2005-06-08,2005-06-21,8018,2
3784,Z090,1995,1,7980,2.18e-9,1,1995-02-28,1995-02-28,7978,1
3784,Z090,1995,3,7982,1.48e-8,1,1995-07-18,1995-07-18,7980,1
3784,Z090,1996,3,7986,1.6e-6,1,1996-07-23,1996-07-23,7984,1
3784,Z090,1997,3,7990,5.97e-5,1,1997-07-08,1997-07-08,7987,2
3784,Z090,1998,3,7994,3.63e-4,1,1998-09-09,1998-09-09,7990,3
3784,Z090,1999,3,7998,0.001487714,2,1999-07-06,1999-09-07,7994,3
3786,Z092,1996,3,7986,6.23e-7,1,1996-09-04,1996-09-04,7982,3
3786,Z092,1998,2,7993,7.82e-6,1,1998-05-20,1998-05-20,7986,6
3786,Z092,1999,3,7998,8.07e-5,3,1999-07-20,1999-09-22,7994,3
3786,Z092,2000,3,8002,0.004583831,1,2000-07-18,2000-07-18,7998,3
3786,Z092,2001,3,8006,0.020913616,1,2001-09-04,2001-09-04,8002,3
3787,Z093,1995,3,7982,2.38e-11,1,1995-07-04,1995-07-04,7980,1
3787,Z093,1996,3,7986,2.67e-9,2,1996-07-09,1996-09-17,7984,1
3787,Z093,1997,3,7990,5.82e-7,1,1997-09-09,1997-09-09,7988,1
3787,Z093,1998,2,7993,1.25e-5,1,1998-06-16,1998-06-16,7991,1
3787,Z093,1999,2,7997,8.19e-4,1,1999-06-23,1999-06-23,7995,1
3787,Z093,2000,2,8001,0.05364273,1,2000-06-20,2000-06-20,7999,1
3787,Z093,2001,2,8005,1,1,2001-06-26,2001-06-26,8003,1
3787,Z093,2002,2,8009,1,1,2002-06-18,2002-06-18,8006,2
3788,Z094,1995,3,7982,1.4e-8,2,1995-07-18,1995-09-06,7980,1
3788,Z094,1996,3,7986,5.55e-7,1,1996-07-23,1996-07-23,7982,3
3788,Z094,1997,3,7990,1.39e-5,1,1997-07-09,1997-07-09,7987,2
3788,Z094,1998,3,7994,2.83e-4,2,1998-07-01,1998-09-09,7991,2
3788,Z094,1999,3,7998,0.005041708,2,1999-07-06,1999-09-08,7994,3
