PlateNo,BadgerId,CaptureDate,ImportFileName,Import_DateTime,Experiment_Date,Blood_Quality,Comments,WellStage_96_PWM_1,WellStage_96_PWM_2,WellStage_96_PPD-A_1,WellStage_96_PPD-A_2,WellStage_96_PPD-B_1,WellStage_96_PPD-B_2,WellStage_96_Nil_1,WellStage_96_Nil_2,PWM_1,PWM_2,PPD-A_1,PPD-A_2,PPD-B_1,PPD-B_2,Nil_1,Nil_2,Retest,Test_Failed,Test_Info,Result,pm
WP_P1/1,002B,18/07/2006,WP_P1_1.XLS,16/04/2007,23/01/2007,P,,GD,GD,GD,GD,GD,GD,GD,GD,2.85,2.81,0.26,0.24,0.25,0.25,0.24,0.26,NIL AVG HIGH,,,,No
WP_P1/1,003B,18/07/2006,WP_P1_1.XLS,16/04/2007,23/01/2007,P,,GD,GD,GD,GD,GD,GD,GD,GD,1.83,1.74,0.23,0.22,0.22,0.23,0.21,0.26,NIL AVG HIGH,,,,No
WP_P1/1,004B,18/07/2006,WP_P1_1.XLS,16/04/2007,23/01/2007,P,,GD,GD,GD,GD,GD,GD,GD,GD,2.86,2.82,0.22,0.23,0.33,0.25,0.23,0.24,NIL AVG HIGH,,,,No
WP_P1/1,005B,18/07/2006,WP_P1_1.XLS,16/04/2007,23/01/2007,P,,GD,GD,GD,GD,GD,GD,GD,GD,2.63,2.71,0.24,0.23,0.24,0.22,0.23,0.22,,,,Negative,No
WP_P1/1,007B,18/07/2006,WP_P1_1.XLS,16/04/2007,23/01/2007,P,,GD,GD,GD,GD,GD,GD,GD,GD,2.7,2.54,0.23,0.21,0.2,0.2,0.2,0.38,NIL AVG HIGH,,,,No
WP_P1/1,009B,18/07/2006,WP_P1_1.XLS,16/04/2007,23/01/2007,P,,GD,GD,GD,GD,GD,GD,GD,GD,1.99,1.77,0.24,0.22,0.22,0.2,0.22,0.22,,,,Negative,No
WP_P1/1,036B,18/07/2006,WP_P1_1.XLS,16/04/2007,23/01/2007,P,,GD,GD,GD,GD,GD,GD,GD,GD,2.74,2.69,0.26,0.24,1.27,1.2,0.24,0.23,NIL AVG HIGH,,,,No
WP_P1/1,037B,18/07/2006,WP_P1_1.XLS,16/04/2007,23/01/2007,P,,GD,GD,GD,GD,GD,GD,GD,GD,2.78,2.53,0.26,0.23,0.69,0.66,0.22,0.25,NIL AVG HIGH,,,,No
WP_P1/2,002B,18/07/2006,WP_P1_2.XLS,23/05/2007,27/04/2007,P,,GD,GD,GD,GD,GD,GD,GD,GD,1.75,1.52,0.07,0.07,0.06,0.07,0.07,0.07,,,,Negative,No
WP_P1/2,003B,18/07/2006,WP_P1_2.XLS,23/05/2007,27/04/2007,F,,GD,GD,GD,GD,GD,GD,GD,GD,1.07,0.85,0.06,0.06,0.06,0.06,0.06,0.06,,,LOW PWM,Negative,No
WP_P1/2,004B,18/07/2006,WP_P1_2.XLS,23/05/2007,27/04/2007,P,,GD,GD,GD,GD,GD,GD,GD,GD,2.24,1.91,0.06,0.06,0.05,0.06,0.06,0.06,,,,Negative,No
WP_P1/2,005B,18/07/2006,WP_P1_2.XLS,23/05/2007,27/04/2007,P,,GD,GD,GD,GD,GD,GD,GD,GD,2.73,2.69,0.07,0.07,0.06,0.06,0.08,0.08,,,,Negative,No
WP_P1/2,007B,18/07/2006,WP_P1_2.XLS,23/05/2007,27/04/2007,P,,GD,GD,GD,GD,GD,GD,GD,GD,1.73,1.5,0.06,0.06,0.06,0.07,0.07,0.06,,,,Negative,No
WP_P1/2,036B,18/07/2006,WP_P1_2.XLS,23/05/2007,27/04/2007,P,,GD,GD,GD,GD,GD,GD,GD,GD,1.81,1.67,0.06,0.06,0.53,0.48,0.06,0.06,,,,Positive,No
WP_P1/2,037B,18/07/2006,WP_P1_2.XLS,23/05/2007,27/04/2007,P,,GD,GD,GD,GD,GD,GD,GD,GD,2.67,2.52,0.06,0.06,0.24,0.21,0.1,0.06,,,,Positive,No
WP_P100/1,015B,03/06/2008,WP_P100_1.XLS,15/07/2008,06/06/2008,P,,GD,GD,GD,GD,GD,GD,GD,GD,1.98,1.79,0.11,0.1,0.15,0.16,0.12,0.14,,,,Positive,No
WP_P100/1,016B,03/06/2008,WP_P100_1.XLS,15/07/2008,06/06/2008,P,,GD,GD,GD,GD,GD,GD,GD,GD,2.96,2.97,0.13,0.11,0.1,0.1,0.14,0.16,,,,Negative,No
WP_P100/1,024B,03/06/2008,WP_P100_1.XLS,15/07/2008,06/06/2008,P,,GD,GD,GD,GD,GD,GD,GD,GD,2.48,2.43,0.11,0.1,0.12,0.18,0.11,0.16,,,,Positive,No
WP_P100/1,026Y,03/06/2008,WP_P100_1.XLS,15/07/2008,06/06/2008,P,,GD,GD,GD,GD,GD,GD,GD,GD,2.71,2.7,0.13,0.13,0.12,0.12,0.15,0.17,,,,Negative,No
WP_P100/1,036Y,03/06/2008,WP_P100_1.XLS,15/07/2008,06/06/2008,F,,GD,GD,GD,GD,GD,GD,GD,GD,0.14,0.12,0.1,0.1,0.09,0.08,0.1,0.12,,,LOW PWM,Negative,No
WP_P100/1,051R,03/06/2008,WP_P100_1.XLS,15/07/2008,06/06/2008,P,,GD,GD,GD,GD,GD,GD,GD,GD,1.53,1.47,0.1,0.09,0.25,0.29,0.1,0.13,,,,Positive,No
WP_P100/1,063Y,03/06/2008,WP_P100_1.XLS,15/07/2008,06/06/2008,P,,GD,GD,GD,GD,GD,GD,GD,GD,2.48,2.41,0.1,0.09,0.72,0.73,0.11,0.13,,,,Positive,No
WP_P100/1,J054,03/06/2008,WP_P100_1.XLS,15/07/2008,06/06/2008,F,,GD,GD,GD,GD,GD,GD,GD,GD,0.79,0.79,0.13,0.1,0.52,0.48,0.12,0.15,,,LOW PWM,Positive,No
WP_P101/1,001P,03/06/2008,WP_P101_1.XLS,15/07/2008,06/06/2008,P,,GD,GD,GD,GD,GD,GD,GD,GD,2.79,2.71,0.11,0.11,0.13,0.09,0.11,0.12,,,,Negative,No
WP_P101/1,029B,03/06/2008,WP_P101_1.XLS,15/07/2008,06/06/2008,P,,GD,GD,GD,GD,GD,GD,GD,GD,2.8,2.57,0.12,0.11,0.14,0.1,0.12,0.14,,,,Negative,No
WP_P101/1,029Y,03/06/2008,WP_P101_1.XLS,15/07/2008,06/06/2008,P,,GD,GD,GD,GD,GD,GD,GD,GD,3.12,2.97,0.11,0.1,0.09,0.1,0.11,0.13,,,,Negative,No
WP_P101/1,063W,03/06/2008,WP_P101_1.XLS,15/07/2008,06/06/2008,P,,GD,GD,GD,GD,GD,GD,GD,GD,1.78,1.4,0.11,0.18,0.1,0.09,0.1,0.11,,,,Negative,No
WP_P101/1,065W,03/06/2008,WP_P101_1.XLS,15/07/2008,06/06/2008,P,,GD,GD,GD,GD,GD,GD,GD,GD,2.7,2.64,0.14,0.15,0.11,0.11,0.15,0.17,,,,Negative,No
WP_P102/1,011B,22/07/2008,WP_P102_1.XLS,29/09/2008,12/08/2008,P,,GD,GD,GD,GD,GD,GD,GD,GD,1.87,1.63,0.24,0.21,0.19,0.24,0.19,0.19,,,,Negative,No
WP_P102/1,038B,22/07/2008,WP_P102_1.XLS,29/09/2008,12/08/2008,F,,GD,GD,GD,GD,GD,GD,GD,GD,0.93,0.77,0.13,0.12,0.07,0.07,0.07,0.11,,,LOW PWM,Negative,No
WP_P102/1,039B,22/07/2008,WP_P102_1.XLS,29/09/2008,12/08/2008,P,,GD,GD,GD,GD,GD,GD,GD,GD,1.13,0.89,0.09,0.08,0.07,0.07,0.08,0.1,,,,Negative,No
WP_P102/1,042G,22/07/2008,WP_P102_1.XLS,29/09/2008,12/08/2008,P,,GD,GD,GD,GD,GD,GD,GD,GD,2.59,2.32,0.24,0.08,0.07,0.07,0.07,0.07,,,,Negative,No
WP_P102/1,046B,22/07/2008,WP_P102_1.XLS,29/09/2008,12/08/2008,P,,GD,GD,GD,GD,GD,GD,GD,GD,1.94,1.61,0.08,0.07,0.08,0.07,0.07,0.09,,,,Negative,No
WP_P102/1,049B,22/07/2008,WP_P102_1.XLS,29/09/2008,12/08/2008,P,,GD,GD,GD,GD,GD,GD,GD,GD,2.14,2.01,0.09,0.1,0.17,0.12,0.08,0.08,,,,Positive,No
WP_P102/1,050G,22/07/2008,WP_P102_1.XLS,29/09/2008,12/08/2008,P,,GD,GD,GD,GD,GD,GD,GD,GD,1.22,1.18,0.08,0.06,0.08,0.08,0.08,0.08,,,,Negative,No
WP_P102/1,051B,22/07/2008,WP_P102_1.XLS,29/09/2008,12/08/2008,F,,GD,GD,GD,GD,GD,GD,GD,GD,0.91,0.95,0.12,0.12,0.71,0.7,0.08,0.08,,,LOW PWM,Positive,No
WP_P103/1,006P,22/07/2008,WP_P103_1.XLS,29/09/2008,12/08/2008,P,,GD,GD,GD,GD,GD,GD,GD,GD,2.47,1.87,0.06,0.06,0.05,0.06,0.06,0.07,,,,Negative,No
WP_P103/1,016P,22/07/2008,WP_P103_1.XLS,29/09/2008,12/08/2008,P,,GD,GD,GD,GD,GD,GD,GD,GD,2.59,2.36,0.06,0.06,0.05,0.05,0.07,0.07,,,,Negative,No
WP_P103/1,017P,22/07/2008,WP_P103_1.XLS,29/09/2008,12/08/2008,P,,GD,GD,GD,GD,GD,GD,GD,GD,1.86,1.31,0.06,0.06,0.07,0.05,0.06,0.08,,,,Negative,No
WP_P103/1,025P,22/07/2008,WP_P103_1.XLS,29/09/2008,12/08/2008,P,,GD,GD,GD,GD,GD,GD,GD,GD,3.03,2.48,0.06,0.05,0.05,0.04,0.07,0.08,,,,Negative,No
WP_P103/1,026P,22/07/2008,WP_P103_1.XLS,29/09/2008,12/08/2008,P,,GD,GD,GD,GD,GD,GD,GD,GD,2.59,2.02,0.06,0.05,0.05,0.05,0.07,0.08,,,,Negative,No
WP_P103/1,027P,22/07/2008,WP_P103_1.XLS,29/09/2008,12/08/2008,P,,GD,GD,GD,GD,GD,GD,GD,GD,1.29,0.98,0.06,0.05,0.06,0.05,0.06,0.07,,,,Negative,No
WP_P103/1,028P,22/07/2008,WP_P103_1.XLS,29/09/2008,12/08/2008,P,,GD,GD,GD,GD,GD,GD,GD,GD,2.74,2.33,0.07,0.06,0.06,0.06,0.06,0.08,,,,Negative,No
WP_P103/1,062G,22/07/2008,WP_P103_1.XLS,29/09/2008,12/08/2008,P,,GD,GD,GD,GD,GD,GD,GD,GD,1.86,1.47,0.06,0.06,0.06,0.06,0.07,0.07,,,,Negative,No
WP_P104/1,029P,22/07/2008,WP_P104_1.XLS,20/08/2008,12/08/2008,P,,GD,GD,GD,GD,GD,GD,GD,GD,1.76,1.7,0.14,0.12,0.1,0.12,0.12,0.14,,,,Negative,No
WP_P104/1,030P,22/07/2008,WP_P104_1.XLS,20/08/2008,12/08/2008,P,,GD,GD,GD,GD,GD,GD,GD,GD,1.43,1.38,0.11,0.1,0.09,0.09,0.1,0.13,,,,Negative,No
WP_P104/1,031P,22/07/2008,WP_P104_1.XLS,20/08/2008,12/08/2008,P,,GD,GD,GD,GD,GD,GD,GD,GD,1.67,1.52,0.1,0.09,0.1,0.08,0.1,0.12,,,,Negative,No
WP_P104/1,032P,22/07/2008,WP_P104_1.XLS,20/08/2008,12/08/2008,P,,GD,GD,GD,GD,GD,GD,GD,GD,2.09,1.87,0.15,0.09,0.1,0.09,0.1,0.14,,,,Negative,No
WP_P104/1,033P,22/07/2008,WP_P104_1.XLS,20/08/2008,12/08/2008,P,,GD,GD,GD,GD,GD,GD,GD,GD,2.24,1.98,0.1,0.09,0.22,0.16,0.1,0.12,,,,Positive,No
WP_P104/1,034P,22/07/2008,WP_P104_1.XLS,20/08/2008,12/08/2008,P,,GD,GD,GD,GD,GD,GD,GD,GD,2.65,2.48,0.17,0.12,0.3,0.27,0.12,0.14,,,,Positive,No
WP_P104/1,035P,22/07/2008,WP_P104_1.XLS,20/08/2008,12/08/2008,P,,GD,GD,GD,GD,GD,GD,GD,GD,1.23,1.18,0.15,0.14,0.09,0.09,0.12,0.13,,,,Negative,No
WP_P104/1,036P,22/07/2008,WP_P104_1.XLS,20/08/2008,12/08/2008,P,,GD,GD,GD,GD,GD,GD,GD,GD,2.54,1.66,0.09,0.09,0.1,0.1,0.12,0.12,,,,Negative,No
WP_P105/1,017R,22/07/2008,WP_P105_1.XLS,20/08/2008,12/08/2008,F,,GD,GD,GD,GD,GD,GD,GD,GD,0.99,0.9,0.08,0.08,0.75,0.78,0.07,0.08,,,LOW PWM,Positive,No
WP_P105/1,019R,22/07/2008,WP_P105_1.XLS,20/08/2008,12/08/2008,P,,GD,GD,GD,GD,GD,GD,GD,GD,1.14,1.03,0.08,0.09,0.53,0.51,0.07,0.08,,,,Positive,No
WP_P105/1,025W,22/07/2008,WP_P105_1.XLS,20/08/2008,12/08/2008,P,,GD,GD,GD,GD,GD,GD,GD,GD,3.1,2.86,0.08,0.07,0.09,0.08,0.07,0.08,,,,Negative,No
WP_P105/1,035W,22/07/2008,WP_P105_1.XLS,20/08/2008,12/08/2008,P,,GD,GD,GD,GD,GD,GD,GD,GD,2.16,1.89,0.08,0.08,0.07,0.08,0.07,0.09,,,,Negative,No
WP_P105/1,037P,22/07/2008,WP_P105_1.XLS,20/08/2008,12/08/2008,P,,GD,GD,GD,GD,GD,GD,GD,GD,2.88,2.94,0.09,0.08,0.18,0.16,0.07,0.08,,,,Positive,No
WP_P105/1,043W,22/07/2008,WP_P105_1.XLS,20/08/2008,12/08/2008,P,,GD,GD,GD,GD,GD,GD,GD,GD,2.62,2.37,0.12,0.1,0.18,0.17,0.08,0.09,,,,Positive,No
WP_P105/1,082W,22/07/2008,WP_P105_1.XLS,20/08/2008,12/08/2008,F,,GD,GD,GD,GD,GD,GD,GD,GD,0.45,0.38,0.08,0.09,0.09,0.08,0.08,0.09,,,LOW PWM,Negative,No
WP_P105/1,097W,22/07/2008,WP_P105_1.XLS,20/08/2008,12/08/2008,P,,GD,GD,GD,GD,GD,GD,GD,GD,1.77,1.71,0.1,0.1,0.16,0.13,0.09,0.1,,,,Positive,No
WP_P106/1,007Y,22/07/2008,WP_P106_1.XLS,20/08/2008,12/08/2008,P,,GD,GD,GD,GD,GD,GD,GD,GD,2.27,2.26,0.09,0.09,0.09,0.08,0.08,0.09,,,,Negative,No
WP_P106/1,010Y,22/07/2008,WP_P106_1.XLS,20/08/2008,12/08/2008,P,,GD,GD,GD,GD,GD,GD,GD,GD,1.5,1.3,0.11,0.11,0.11,0.11,0.1,0.12,,,,Negative,No
WP_P106/1,045Y,22/07/2008,WP_P106_1.XLS,20/08/2008,12/08/2008,P,,GD,GD,GD,GD,GD,GD,GD,GD,1.57,1.49,0.1,0.08,0.1,0.1,0.08,0.09,,,,Negative,No
WP_P106/1,050Y,22/07/2008,WP_P106_1.XLS,20/08/2008,12/08/2008,P,,GD,GD,GD,GD,GD,GD,GD,GD,1.3,1.25,0.27,0.27,0.28,0.29,0.26,0.27,NIL AVG HIGH,,,,No
WP_P106/1,054Y,22/07/2008,WP_P106_1.XLS,20/08/2008,12/08/2008,P,,GD,GD,GD,GD,GD,GD,GD,GD,2.81,2.84,0.08,0.08,0.07,0.08,0.08,0.08,,,,Negative,No
WP_P106/1,061Y,22/07/2008,WP_P106_1.XLS,20/08/2008,12/08/2008,P,,GD,GD,GD,GD,GD,GD,GD,GD,3.2,3.36,0.08,0.08,0.07,0.08,0.08,0.09,,,,Negative,No
WP_P106/1,064Y,22/07/2008,WP_P106_1.XLS,20/08/2008,12/08/2008,P,,GD,GD,GD,GD,GD,GD,GD,GD,3.08,2.94,0.09,0.08,0.1,0.07,0.09,0.09,,,,Negative,No
WP_P106/1,101W,22/07/2008,WP_P106_1.XLS,20/08/2008,12/08/2008,P,,GD,GD,GD,GD,GD,GD,GD,GD,2.77,2.81,0.14,0.13,1.4,1.35,0.09,0.09,,,,Positive,No
WP_P106/2,050Y,22/07/2008,WP_P106_2.XLS,17/12/2008,17/12/2008,P,,GD,GD,GD,GD,GD,GD,GD,GD,2.12,2.12,0.45,0.42,0.43,0.43,0.44,0.44,NIL AVG HIGH,,,,No
WP_P107/1,D019,22/07/2008,WP_P107_1.XLS,29/09/2008,12/08/2008,P,,GD,GD,GD,GD,GD,GD,GD,GD,3.06,2.8,0.11,0.09,0.22,0.21,0.08,0.09,,,,Positive,No
WP_P107/1,D059,23/07/2008,WP_P107_1.XLS,29/09/2008,12/08/2008,P,,GD,GD,GD,GD,GD,GD,GD,GD,2.28,2.01,0.13,0.1,0.11,0.1,0.09,0.09,,,,Negative,No
WP_P107/1,I008,22/07/2008,WP_P107_1.XLS,29/09/2008,12/08/2008,P,,GD,GD,GD,GD,GD,GD,GD,GD,2.35,2.14,0.1,0.09,0.17,0.13,0.08,0.08,,,,Positive,No
WP_P107/1,Q028,22/07/2008,WP_P107_1.XLS,29/09/2008,12/08/2008,P,,GD,GD,GD,GD,GD,GD,GD,GD,1.67,1.7,0.12,0.12,0.13,0.15,0.08,0.1,,,,Negative,No
WP_P107/1,Q081,22/07/2008,WP_P107_1.XLS,29/09/2008,12/08/2008,P,,GD,GD,GD,GD,GD,GD,GD,GD,1.11,1.11,0.11,0.11,0.14,0.13,0.09,0.11,,,,Negative,No
WP_P107/1,X078,22/07/2008,WP_P107_1.XLS,29/09/2008,12/08/2008,P,,GD,GD,GD,GD,GD,GD,GD,GD,2.02,1.84,0.09,0.12,0.14,0.13,0.09,0.09,,,,Negative,No
WP_P108/1,002P,23/07/2008,WP_P108_1.XLS,20/08/2008,13/08/2008,P,,GD,GD,GD,GD,GD,GD,GD,GD,2.14,1.65,0.04,0.04,0.04,0.04,0.04,0.05,,,,Negative,No
WP_P108/1,003P,23/07/2008,WP_P108_1.XLS,20/08/2008,13/08/2008,P,,GD,GD,GD,GD,GD,GD,GD,GD,1.51,1.05,0.04,0.04,0.04,0.04,0.04,0.05,,,,Negative,No
WP_P108/1,038P,23/07/2008,WP_P108_1.XLS,20/08/2008,13/08/2008,P,,GD,GD,GD,GD,GD,GD,GD,GD,2.11,1.7,0.04,0.04,0.05,0.04,0.04,0.05,,,,Negative,No
WP_P108/1,039P,23/07/2008,WP_P108_1.XLS,20/08/2008,13/08/2008,P,,GD,GD,GD,GD,GD,GD,GD,GD,1.43,1.26,0.04,0.06,0.04,0.04,0.04,0.04,,,,Negative,No
WP_P108/1,040P,23/07/2008,WP_P108_1.XLS,20/08/2008,13/08/2008,P,,GD,GD,GD,GD,GD,GD,GD,GD,1.6,1.1,0.04,0.05,0.04,0.04,0.04,0.04,,,,Negative,No
WP_P108/1,041P,23/07/2008,WP_P108_1.XLS,20/08/2008,13/08/2008,P,,GD,GD,GD,GD,GD,GD,GD,GD,1.71,1.42,0.04,0.06,0.04,0.05,0.04,0.05,,,,Negative,No
WP_P108/1,065B,23/07/2008,WP_P108_1.XLS,20/08/2008,13/08/2008,F,,GD,GD,GD,GD,GD,GD,GD,GD,0.71,0.57,0.05,0.04,0.04,0.04,0.04,0.05,,,LOW PWM,Negative,No
WP_P108/1,066B,23/07/2008,WP_P108_1.XLS,20/08/2008,13/08/2008,F,,GD,GD,GD,GD,GD,GD,GD,GD,0.44,0.33,0.04,0.04,0.04,0.04,0.04,0.04,,,LOW PWM,Negative,No
WP_P109/1,042P,23/07/2008,WP_P109_1.XLS,20/08/2008,13/08/2008,P,,GD,GD,GD,GD,GD,GD,GD,GD,2.76,2.6,0.07,0.06,0.06,0.05,0.08,0.06,,,,Negative,No
WP_P109/1,043P,23/07/2008,WP_P109_1.XLS,20/08/2008,13/08/2008,P,,GD,GD,GD,GD,GD,GD,GD,GD,1.4,1.25,0.05,0.05,0.04,0.04,0.04,0.05,,,,Negative,No
WP_P109/1,043Y,23/07/2008,WP_P109_1.XLS,20/08/2008,13/08/2008,P,,GD,GD,GD,GD,GD,GD,GD,GD,1.66,1.48,0.05,0.05,0.04,0.05,0.05,0.06,,,,Negative,No
WP_P109/1,044P,23/07/2008,WP_P109_1.XLS,20/08/2008,13/08/2008,P,,GD,GD,GD,GD,GD,GD,GD,GD,1.59,1.34,0.05,0.05,0.04,0.04,0.05,0.06,,,,Negative,No
WP_P109/1,047Y,23/07/2008,WP_P109_1.XLS,20/08/2008,13/08/2008,P,,GD,GD,GD,GD,GD,GD,GD,GD,1.18,0.96,0.05,0.05,0.05,0.05,0.05,0.05,,,,Negative,No
WP_P109/1,052Y,23/07/2008,WP_P109_1.XLS,20/08/2008,13/08/2008,F,,GD,GD,GD,GD,GD,GD,GD,GD,0.71,0.61,0.05,0.05,0.05,0.05,0.05,0.06,,,LOW PWM,Negative,No
WP_P109/1,065Y,23/07/2008,WP_P109_1.XLS,20/08/2008,13/08/2008,F,,GD,GD,GD,GD,GD,GD,GD,GD,0.66,0.57,0.05,0.05,0.05,0.05,0.06,0.06,,,LOW PWM,Negative,No
WP_P109/1,104W,23/07/2008,WP_P109_1.XLS,20/08/2008,13/08/2008,P,,GD,GD,GD,GD,GD,GD,GD,GD,3.11,2.84,0.05,0.05,0.08,0.08,0.05,0.06,,,,Negative,No
WP_P11/1,010B,02/08/2006,WP_P11_1.XLS,16/04/2007,31/01/2007,P,,GD,GD,GD,GD,GD,GD,GD,GD,2.96,2.91,0.38,0.4,0.41,0.4,0.38,0.39,NIL AVG HIGH,,,,No
WP_P11/1,035R,02/08/2006,WP_P11_1.XLS,16/04/2007,31/01/2007,P,,GD,GD,GD,GD,GD,GD,GD,GD,2.56,3.01,0.39,0.39,0.4,0.37,0.36,0.34,NIL AVG HIGH,,,,No
WP_P11/1,037W,02/08/2006,WP_P11_1.XLS,16/04/2007,31/01/2007,P,,GD,GD,GD,GD,GD,GD,GD,GD,2.44,2.2,0.37,0.37,0.38,0.37,0.38,0.34,NIL AVG HIGH,,,,No
WP_P11/1,038W,02/08/2006,WP_P11_1.XLS,16/04/2007,31/01/2007,P,,GD,GD,GD,GD,GD,GD,GD,GD,2.73,2.69,0.37,0.36,0.36,0.36,0.35,0.34,NIL AVG HIGH,,,,No
WP_P11/1,048W,02/08/2006,WP_P11_1.XLS,16/04/2007,31/01/2007,P,,GD,GD,GD,GD,GD,GD,GD,GD,2.09,2.1,0.38,0.39,0.44,0.42,0.36,0.36,NIL AVG HIGH,,,,No
WP_P11/1,056B,02/08/2006,WP_P11_1.XLS,16/04/2007,31/01/2007,P,,GD,GD,GD,GD,GD,GD,GD,GD,2.92,2.9,0.39,0.41,0.37,0.34,0.32,0.35,NIL AVG HIGH,,,,No
WP_P11/1,I019,02/08/2006,WP_P11_1.XLS,16/04/2007,31/01/2007,P,,GD,GD,GD,GD,GD,GD,GD,GD,2.94,2.84,0.4,0.38,0.42,0.39,0.36,0.35,NIL AVG HIGH,,,,No
WP_P11/1,U064,02/08/2006,WP_P11_1.XLS,16/04/2007,31/01/2007,P,,GD,GD,GD,GD,GD,GD,GD,GD,2.99,2.84,0.39,0.39,0.49,0.39,0.36,0.34,NIL AVG HIGH,,,,No
WP_P11/2,010B,02/08/2006,WP_P11_2.XLS,17/05/2007,16/05/2007,P,,GD,GD,GD,GD,GD,GD,GD,GD,2.8,2.14,0.06,0.06,0.06,0.11,0.11,0.09,,,,Negative,No
WP_P11/2,035R,02/08/2006,WP_P11_2.XLS,17/05/2007,16/05/2007,P,,GD,GD,GD,GD,GD,GD,GD,GD,2.89,2.66,0.05,0.05,0.05,0.05,0.06,0.1,,,,Negative,No
WP_P11/2,037W,02/08/2006,WP_P11_2.XLS,17/05/2007,16/05/2007,P,,GD,GD,GD,GD,GD,GD,GD,GD,1.87,1.12,0.05,0.05,0.05,0.05,0.06,0.08,,,,Negative,No
WP_P11/2,038W,02/08/2006,WP_P11_2.XLS,17/05/2007,16/05/2007,P,,GD,GD,GD,GD,GD,GD,GD,GD,2.86,2,0.06,0.05,0.05,0.05,0.24,0.1,,,,Negative,No
WP_P11/2,048W,02/08/2006,WP_P11_2.XLS,17/05/2007,16/05/2007,P,,GD,GD,GD,GD,GD,GD,GD,GD,2.2,2.36,0.06,0.06,0.09,0.08,0.07,0.09,,,,Negative,No
WP_P11/2,056B,02/08/2006,WP_P11_2.XLS,17/05/2007,16/05/2007,P,,GD,GD,GD,GD,GD,GD,GD,GD,2.75,1.87,0.05,0.05,0.05,0.05,0.06,0.06,,,,Negative,No
WP_P11/2,I019,02/08/2006,WP_P11_2.XLS,17/05/2007,16/05/2007,P,,GD,GD,GD,GD,GD,GD,GD,GD,2.72,2.11,0.05,0.08,0.05,0.05,0.05,0.06,,,,Negative,No
WP_P11/2,U064,02/08/2006,WP_P11_2.XLS,17/05/2007,16/05/2007,P,,GD,GD,GD,GD,GD,GD,GD,GD,2.6,1.9,0.05,0.05,0.06,0.06,0.11,0.08,,,,Negative,No
WP_P110/1,008P,05/08/2008,WP_P110_1.XLS,27/08/2008,13/08/2008,P,,GD,GD,GD,GD,GD,GD,GD,GD,2.93,2.73,0.05,0.04,0.04,0.04,0.05,0.06,,,,Negative,No
WP_P110/1,009P,05/08/2008,WP_P110_1.XLS,27/08/2008,13/08/2008,P,,GD,GD,GD,GD,GD,GD,GD,GD,2.58,2.33,0.05,0.04,0.05,0.05,0.05,0.06,,,,Negative,No
WP_P110/1,010P,05/08/2008,WP_P110_1.XLS,27/08/2008,13/08/2008,P,,GD,GD,GD,GD,GD,GD,GD,GD,1.44,1.22,0.08,0.04,0.06,0.04,0.05,0.06,,,,Negative,No
WP_P110/1,011P,05/08/2008,WP_P110_1.XLS,27/08/2008,13/08/2008,P,,GD,GD,GD,GD,GD,GD,GD,GD,1,1.01,0.05,0.05,0.05,0.05,0.05,0.06,,,,Negative,No
WP_P110/1,012P,05/08/2008,WP_P110_1.XLS,27/08/2008,13/08/2008,P,,GD,GD,GD,GD,GD,GD,GD,GD,2.65,2.64,0.06,0.05,0.05,0.05,0.05,0.06,,,,Negative,No
WP_P110/1,020B,05/08/2008,WP_P110_1.XLS,27/08/2008,13/08/2008,P,,GD,GD,GD,GD,GD,GD,GD,GD,3.39,3.25,0.05,0.05,0.04,0.04,0.05,0.05,,,,Negative,No
WP_P110/1,025B,05/08/2008,WP_P110_1.XLS,27/08/2008,13/08/2008,P,,GD,GD,GD,GD,GD,GD,GD,GD,2.38,2.22,0.05,0.05,0.05,0.05,0.05,0.05,,,,Negative,No
WP_P110/1,056B,05/08/2008,WP_P110_1.XLS,27/08/2008,13/08/2008,P,,GD,GD,GD,GD,GD,GD,GD,GD,2.44,2.27,0.06,0.06,0.14,0.13,0.05,0.05,,,,Positive,No
WP_P111/1,013P,05/08/2008,WP_P111_1.XLS,27/08/2008,13/08/2008,P,,GD,GD,GD,GD,GD,GD,GD,GD,1.83,1.49,0.06,0.05,0.05,0.05,0.06,0.11,,,,Negative,No
WP_P111/1,014P,05/08/2008,WP_P111_1.XLS,27/08/2008,13/08/2008,P,,GD,GD,GD,GD,GD,GD,GD,GD,2.35,2.09,0.05,0.05,0.05,0.05,0.1,0.05,,,,Negative,No
WP_P111/1,015P,05/08/2008,WP_P111_1.XLS,27/08/2008,13/08/2008,P,,GD,GD,GD,GD,GD,GD,GD,GD,3,2.87,0.05,0.05,0.05,0.05,0.11,0.14,,,,Negative,No
WP_P111/1,018P,05/08/2008,WP_P111_1.XLS,27/08/2008,13/08/2008,P,,GD,GD,GD,GD,GD,GD,GD,GD,2.13,1.71,0.05,0.05,0.05,0.05,0.05,0.05,,,,Negative,No
WP_P111/1,019P,05/08/2008,WP_P111_1.XLS,27/08/2008,13/08/2008,P,,GD,GD,GD,GD,GD,GD,GD,GD,1.32,1.09,0.05,0.05,0.06,0.05,0.13,0.05,,,,Negative,No
WP_P111/1,045P,05/08/2008,WP_P111_1.XLS,27/08/2008,13/08/2008,P,,GD,GD,GD,GD,GD,GD,GD,GD,2.46,2.5,0.05,0.05,0.05,0.05,0.05,0.05,,,,Negative,No
WP_P111/1,046P,05/08/2008,WP_P111_1.XLS,27/08/2008,13/08/2008,P,,GD,GD,GD,GD,GD,GD,GD,GD,1.87,1.65,0.05,0.05,0.05,0.05,0.06,0.05,,,,Negative,No
WP_P111/1,047P,05/08/2008,WP_P111_1.XLS,27/08/2008,13/08/2008,P,,GD,GD,GD,GD,GD,GD,GD,GD,2.92,2.79,0.06,0.05,0.84,0.77,0.06,0.08,,,,Positive,No
WP_P112/1,036R,05/08/2008,WP_P112_1.XLS,27/08/2008,13/08/2008,P,,GD,GD,GD,GD,GD,GD,GD,GD,2.94,2.8,0.05,0.05,0.04,0.04,0.05,0.05,,,,Negative,No
WP_P112/1,038R,05/08/2008,WP_P112_1.XLS,27/08/2008,13/08/2008,P,,GD,GD,GD,GD,GD,GD,GD,GD,2.68,2.68,0.06,0.05,0.12,0.12,0.05,0.05,,,,Positive,No
WP_P112/1,040R,05/08/2008,WP_P112_1.XLS,27/08/2008,13/08/2008,P,,GD,GD,GD,GD,GD,GD,GD,GD,2.84,2.88,0.06,0.05,0.07,0.08,0.05,0.05,,,,Negative,No
WP_P112/1,042R,05/08/2008,WP_P112_1.XLS,27/08/2008,13/08/2008,P,,GD,GD,GD,GD,GD,GD,GD,GD,1.28,1.21,0.06,0.06,0.06,0.06,0.05,0.05,,,,Negative,No
WP_P112/1,048P,05/08/2008,WP_P112_1.XLS,27/08/2008,13/08/2008,P,,GD,GD,GD,GD,GD,GD,GD,GD,2.64,2.79,0.06,0.05,0.05,0.04,0.11,0.06,,,,Negative,No
WP_P112/1,049P,05/08/2008,WP_P112_1.XLS,27/08/2008,13/08/2008,P,,GD,GD,GD,GD,GD,GD,GD,GD,1.52,1.51,0.06,0.06,0.06,0.05,0.06,0.07,,,,Negative,No
WP_P112/1,050P,05/08/2008,WP_P112_1.XLS,27/08/2008,13/08/2008,P,,GD,GD,GD,GD,GD,GD,GD,GD,1.87,1.47,0.05,0.05,0.13,0.11,0.05,0.06,,,,Positive,No
WP_P112/1,051P,05/08/2008,WP_P112_1.XLS,27/08/2008,13/08/2008,P,,GD,GD,GD,GD,GD,GD,GD,GD,2.48,2.04,0.05,0.05,0.05,0.05,0.05,0.06,,,,Negative,No
WP_P113/1,011Y,05/08/2008,WP_P113_1.XLS,27/08/2008,13/08/2008,P,,GD,GD,GD,GD,GD,GD,GD,GD,1.54,1.26,0.06,0.04,0.08,0.04,0.11,0.05,,,,Negative,No
WP_P113/1,012Y,05/08/2008,WP_P113_1.XLS,27/08/2008,13/08/2008,P,,GD,GD,GD,GD,GD,GD,GD,GD,1.72,1.32,0.04,0.04,0.04,0.05,0.04,0.05,,,,Negative,No
WP_P113/1,013Y,05/08/2008,WP_P113_1.XLS,27/08/2008,13/08/2008,F,,GD,GD,GD,GD,GD,GD,GD,GD,0.53,0.39,0.04,0.04,0.05,0.05,0.04,0.05,,,LOW PWM,Negative,No
WP_P113/1,018Y,05/08/2008,WP_P113_1.XLS,27/08/2008,13/08/2008,P,,GD,GD,GD,GD,GD,GD,GD,GD,1.77,1.06,0.04,0.04,0.04,0.04,0.04,0.05,,,,Negative,No
WP_P113/1,020Y,05/08/2008,WP_P113_1.XLS,27/08/2008,13/08/2008,P,,GD,GD,GD,GD,GD,GD,GD,GD,1.51,1.08,0.04,0.04,0.04,0.04,0.04,0.04,,,,Negative,No
WP_P113/1,023Y,05/08/2008,WP_P113_1.XLS,27/08/2008,13/08/2008,P,,GD,GD,GD,GD,GD,GD,GD,GD,1.77,1.27,0.05,0.05,0.3,0.3,0.05,0.06,,,,Positive,No
WP_P113/1,024Y,05/08/2008,WP_P113_1.XLS,27/08/2008,13/08/2008,F,,GD,GD,GD,GD,GD,GD,GD,GD,0.82,0.62,0.04,0.04,0.04,0.04,0.04,0.05,,,LOW PWM,Negative,No
WP_P113/1,055Y,05/08/2008,WP_P113_1.XLS,27/08/2008,13/08/2008,F,,GD,GD,GD,GD,GD,GD,GD,GD,0.79,0.55,0.04,0.04,0.04,0.05,0.05,0.05,,,LOW PWM,Negative,No
WP_P114/1,048W,05/08/2008,WP_P114_1.XLS,27/08/2008,13/08/2008,P,,GD,GD,GD,GD,GD,GD,GD,GD,1.77,1.81,0.05,0.06,0.05,0.05,0.05,0.05,,,,Negative,No
WP_P114/1,052W,05/08/2008,WP_P114_1.XLS,27/08/2008,13/08/2008,F,,GD,GD,GD,GD,GD,GD,GD,GD,0.68,0.53,0.05,0.05,0.06,0.05,0.05,0.05,,,LOW PWM,Negative,No
WP_P114/1,056Y,05/08/2008,WP_P114_1.XLS,27/08/2008,13/08/2008,P,,GD,GD,GD,GD,GD,GD,GD,GD,2.13,1.95,0.05,0.05,0.05,0.05,0.06,0.05,,,,Negative,No
WP_P114/1,070Y,05/08/2008,WP_P114_1.XLS,27/08/2008,13/08/2008,P,,GD,GD,GD,GD,GD,GD,GD,GD,1.07,0.95,0.04,0.05,0.05,0.05,0.05,0.06,,,,Negative,No
WP_P114/1,I019,05/08/2008,WP_P114_1.XLS,27/08/2008,13/08/2008,P,,GD,GD,GD,GD,GD,GD,GD,GD,2.43,2.16,0.05,0.05,0.05,0.05,0.05,0.07,,,,Negative,No
WP_P115/1,015B,19/08/2008,WP_P115_1.XLS,10/12/2008,10/12/2008,P,,GD,GD,GD,GD,GD,GD,GD,GD,1.29,1.13,0.07,0.06,0.07,0.07,0.08,0.11,,,,Negative,No
WP_P115/1,021P,19/08/2008,WP_P115_1.XLS,10/12/2008,10/12/2008,P,,GD,GD,GD,GD,GD,GD,GD,GD,2.52,2.86,0.05,0.05,0.05,0.05,0.07,0.08,,,,Negative,No
WP_P115/1,022G,19/08/2008,WP_P115_1.XLS,10/12/2008,10/12/2008,P,,GD,GD,GD,GD,GD,GD,GD,GD,1.76,1.41,0.07,0.05,0.1,0.12,0.08,0.09,,,,Positive,No
WP_P115/1,023B,19/08/2008,WP_P115_1.XLS,10/12/2008,10/12/2008,P,,GD,GD,GD,GD,GD,GD,GD,GD,1.32,1.07,0.06,0.09,0.06,0.08,0.07,0.09,,,,Negative,No
WP_P115/1,023P,19/08/2008,WP_P115_1.XLS,10/12/2008,10/12/2008,P,,GD,GD,GD,GD,GD,GD,GD,GD,2.48,2.23,0.06,0.05,0.06,0.05,0.07,0.08,,,,Negative,No
WP_P115/1,030B,19/08/2008,WP_P115_1.XLS,10/12/2008,10/12/2008,P,,GD,GD,GD,GD,GD,GD,GD,GD,1.54,1.16,0.06,0.07,0.05,0.07,0.07,0.09,,,,Negative,No
WP_P115/1,053P,19/08/2008,WP_P115_1.XLS,10/12/2008,10/12/2008,P,,GD,GD,GD,GD,GD,GD,GD,GD,2.61,2.47,0.06,0.06,0.4,0.39,0.07,0.08,,,,Positive,No
WP_P115/1,054P,19/08/2008,WP_P115_1.XLS,10/12/2008,10/12/2008,P,,GD,GD,GD,GD,GD,GD,GD,GD,2.49,2.71,0.06,0.05,0.22,0.23,0.07,0.09,,,,Positive,No
WP_P116/1,055P,19/08/2008,WP_P116_1.XLS,10/12/2008,10/12/2008,P,,GD,GD,GD,GD,GD,GD,GD,GD,2.11,2.03,0.11,0.09,0.1,0.1,0.1,0.11,,,,Negative,No
WP_P116/1,056P,19/08/2008,WP_P116_1.XLS,10/12/2008,10/12/2008,P,,GD,GD,GD,GD,GD,GD,GD,GD,2.31,2.27,0.11,0.1,0.1,0.1,0.1,0.1,,,,Negative,No
WP_P116/1,057P,19/08/2008,WP_P116_1.XLS,10/12/2008,10/12/2008,P,,GD,GD,GD,GD,GD,GD,GD,GD,2.62,2.54,0.1,0.08,0.08,0.07,0.08,0.09,,,,Negative,No
WP_P116/1,058P,19/08/2008,WP_P116_1.XLS,10/12/2008,10/12/2008,P,,GD,GD,GD,GD,GD,GD,GD,GD,1.95,1.94,0.13,0.09,2.02,2.03,0.1,0.1,,,,Positive,No
WP_P116/1,058R,19/08/2008,WP_P116_1.XLS,10/12/2008,10/12/2008,P,,GD,GD,GD,GD,GD,GD,GD,GD,0.96,1.06,0.1,0.09,0.1,0.09,0.1,0.1,,,,Negative,No
WP_P116/1,059P,19/08/2008,WP_P116_1.XLS,10/12/2008,10/12/2008,P,,GD,GD,GD,GD,GD,GD,GD,GD,2.61,2.68,0.09,0.08,1.82,1.85,0.08,0.09,,,,Positive,No
WP_P116/1,060P,19/08/2008,WP_P116_1.XLS,10/12/2008,10/12/2008,P,,GD,GD,GD,GD,GD,GD,GD,GD,2.34,2.4,0.09,0.08,0.08,0.08,0.08,0.08,,,,Negative,No
WP_P116/1,069R,19/08/2008,WP_P116_1.XLS,10/12/2008,10/12/2008,P,,GD,GD,GD,GD,GD,GD,GD,GD,1.86,1.87,0.09,0.08,0.31,0.31,0.09,0.1,,,,Positive,No
WP_P117/1,026Y,19/08/2008,WP_P117_1.XLS,10/12/2008,10/12/2008,P,,GD,GD,GD,GD,GD,GD,GD,GD,2.66,2.63,0.08,0.08,0.09,0.08,0.08,0.08,,,,Negative,No
WP_P117/1,027Y,19/08/2008,WP_P117_1.XLS,10/12/2008,10/12/2008,P,,GD,GD,GD,GD,GD,GD,GD,GD,1.88,1.85,0.07,0.07,1.67,1.71,0.07,0.08,,,,Positive,No
WP_P117/1,030Y,19/08/2008,WP_P117_1.XLS,10/12/2008,10/12/2008,P,,GD,GD,GD,GD,GD,GD,GD,GD,2.59,2.5,0.1,0.11,0.71,0.71,0.1,0.1,,,,Positive,No
WP_P117/1,031Y,19/08/2008,WP_P117_1.XLS,10/12/2008,10/12/2008,P,,GD,GD,GD,GD,GD,GD,GD,GD,2.68,2.65,0.1,0.08,0.42,0.38,0.09,0.09,,,,Positive,No
WP_P117/1,034Y,19/08/2008,WP_P117_1.XLS,10/12/2008,10/12/2008,P,,GD,GD,GD,GD,GD,GD,GD,GD,2.59,2.68,0.09,0.09,0.09,0.11,0.1,0.1,,,,Negative,No
WP_P117/1,038Y,19/08/2008,WP_P117_1.XLS,10/12/2008,10/12/2008,P,,GD,GD,GD,GD,GD,GD,GD,GD,2.31,2.25,0.1,0.1,0.1,0.09,0.1,0.1,,,,Negative,No
WP_P117/1,067W,19/08/2008,WP_P117_1.XLS,10/12/2008,10/12/2008,P,,GD,GD,GD,GD,GD,GD,GD,GD,2.63,2.55,0.09,0.08,0.45,0.46,0.09,0.09,,,,Positive,No
WP_P117/1,096W,19/08/2008,WP_P117_1.XLS,10/12/2008,10/12/2008,P,,GD,GD,GD,GD,GD,GD,GD,GD,2.14,2.18,0.08,0.08,0.08,0.08,0.08,0.09,,,,Negative,No
WP_P118/1,001P,20/08/2008,WP_P118_1.XLS,10/12/2008,10/12/2008,P,,GD,GD,GD,GD,GD,GD,GD,GD,1.99,1.98,0.08,0.08,0.08,0.08,0.08,0.09,,,,Negative,No
WP_P118/1,024P,20/08/2008,WP_P118_1.XLS,10/12/2008,10/12/2008,P,,GD,GD,GD,GD,GD,GD,GD,GD,2.64,2.68,0.1,0.08,0.51,0.48,0.09,0.09,,,,Positive,No
WP_P118/1,034G,20/08/2008,WP_P118_1.XLS,10/12/2008,10/12/2008,P,,GD,GD,GD,GD,GD,GD,GD,GD,1.74,1.68,0.09,0.09,0.7,0.71,0.09,0.1,,,,Positive,No
WP_P118/1,061P,20/08/2008,WP_P118_1.XLS,10/12/2008,10/12/2008,P,,GD,GD,GD,GD,GD,GD,GD,GD,2.29,2.3,0.11,0.11,0.27,0.3,0.1,0.1,,,,Positive,No
WP_P118/1,077W,20/08/2008,WP_P118_1.XLS,10/12/2008,10/12/2008,P,,GD,GD,GD,GD,GD,GD,GD,GD,1.27,1.36,0.09,0.12,0.13,0.13,0.1,0.1,,,,Negative,No
WP_P118/1,Q094,20/08/2008,WP_P118_1.XLS,10/12/2008,10/12/2008,F,,GD,GD,GD,GD,GD,IV,GD,GD,0.65,0.73,0.1,0.1,0.62,,0.08,0.09,MISSING ODs,,,,No
WP_P118/1,X086,20/08/2008,WP_P118_1.XLS,10/12/2008,10/12/2008,P,,GD,GD,GD,GD,GD,GD,GD,GD,2.27,2.32,0.09,0.09,0.27,0.31,0.1,0.1,,,,Positive,No
WP_P118/2,Q094,20/08/2008,WP_P118_2.XLS,17/12/2008,17/12/2008,F,,GD,GD,GD,GD,GD,GD,GD,GD,0.84,0.8,0.11,0.1,1.02,1.08,0.09,0.09,,,LOW PWM,Positive,No
WP_P119/1,002P,21/10/2008,WP_P119_1.XLS,10/12/2008,10/12/2008,P,,GD,GD,GD,GD,GD,GD,GD,GD,2.87,3.09,0.08,0.08,0.08,0.08,0.09,0.09,,,,Negative,No
WP_P119/1,003P,21/10/2008,WP_P119_1.XLS,10/12/2008,10/12/2008,P,,GD,GD,GD,GD,GD,GD,GD,GD,2.75,2.89,0.09,0.08,0.1,0.09,0.1,0.09,,,,Negative,No
WP_P119/1,006P,21/10/2008,WP_P119_1.XLS,10/12/2008,10/12/2008,P,,GD,GD,GD,GD,GD,GD,GD,GD,2.75,2.86,0.07,0.06,0.07,0.09,0.07,0.07,,,,Negative,No
WP_P119/1,017P,21/10/2008,WP_P119_1.XLS,10/12/2008,10/12/2008,P,,GD,GD,GD,GD,GD,GD,GD,GD,2.29,2.25,0.08,0.08,0.08,0.11,0.09,0.09,,,,Negative,No
WP_P119/1,025P,21/10/2008,WP_P119_1.XLS,10/12/2008,10/12/2008,P,,GD,GD,GD,GD,GD,GD,GD,GD,2.37,2.39,0.1,0.1,0.09,0.09,0.11,0.12,,,,Negative,No
WP_P119/1,049B,21/10/2008,WP_P119_1.XLS,10/12/2008,10/12/2008,P,,GD,GD,GD,GD,GD,GD,GD,GD,2.02,2.16,0.12,0.12,0.25,0.26,0.13,0.15,,,,Positive,No
WP_P119/1,050G,21/10/2008,WP_P119_1.XLS,10/12/2008,10/12/2008,P,,GD,GD,GD,GD,GD,GD,GD,GD,1.76,1.72,0.1,0.09,0.2,0.17,0.1,0.11,,,,Positive,No
WP_P119/1,062G,21/10/2008,WP_P119_1.XLS,10/12/2008,10/12/2008,P,,GD,GD,GD,GD,GD,GD,GD,GD,2.16,2.07,0.1,0.1,0.11,0.11,0.11,0.1,,,,Negative,No
WP_P12/1,050W,02/08/2006,WP_P12_1.XLS,16/04/2007,31/01/2007,P,,GD,GD,GD,GD,GD,GD,GD,GD,3.01,3.17,0.34,0.34,0.47,0.5,0.33,0.34,NIL AVG HIGH,,,,No
WP_P12/2,050W,02/08/2006,WP_P12_2.XLS,17/05/2007,16/05/2007,P,,GD,GD,GD,GD,GD,GD,GD,GD,2.68,2.55,0.07,0.09,0.23,0.19,0.08,0.1,,,,Positive,No
WP_P120/1,026P,21/10/2008,WP_P120_1.XLS,10/12/2008,10/12/2008,P,,GD,GD,GD,GD,GD,GD,GD,GD,2.95,2.48,0.05,0.05,0.06,0.06,0.06,0.06,,,,Negative,No
WP_P120/1,027P,21/10/2008,WP_P120_1.XLS,10/12/2008,10/12/2008,P,,GD,GD,GD,GD,GD,GD,GD,GD,2.6,2.14,0.05,0.05,0.05,0.05,0.06,0.07,,,,Negative,No
WP_P120/1,028P,21/10/2008,WP_P120_1.XLS,10/12/2008,10/12/2008,P,,GD,GD,GD,GD,GD,GD,GD,GD,2.05,1.66,0.05,0.05,0.05,0.05,0.05,0.06,,,,Negative,No
WP_P120/1,029P,21/10/2008,WP_P120_1.XLS,10/12/2008,10/12/2008,P,,GD,GD,GD,GD,GD,GD,GD,GD,2.12,1.63,0.05,0.06,0.06,0.05,0.06,0.07,,,,Negative,No
WP_P120/1,031P,21/10/2008,WP_P120_1.XLS,10/12/2008,10/12/2008,P,,GD,GD,GD,GD,GD,GD,GD,GD,2.66,2.2,0.06,0.05,0.05,0.05,0.06,0.07,,,,Negative,No
WP_P120/1,033P,21/10/2008,WP_P120_1.XLS,10/12/2008,10/12/2008,P,,GD,GD,GD,GD,GD,GD,GD,GD,2.72,2.71,0.06,0.05,0.07,0.06,0.07,0.08,,,,Negative,No
WP_P120/1,034P,21/10/2008,WP_P120_1.XLS,10/12/2008,10/12/2008,P,,GD,GD,GD,GD,GD,GD,GD,GD,2.44,1.9,0.05,0.05,0.1,0.1,0.06,0.07,,,,Positive,No
WP_P120/1,036P,21/10/2008,WP_P120_1.XLS,10/12/2008,10/12/2008,P,,GD,GD,GD,GD,GD,GD,GD,GD,3.11,2.61,0.08,0.05,0.05,0.05,0.07,0.07,,,,Negative,No
WP_P121/1,010Y,21/10/2008,WP_P121_1.XLS,10/12/2008,10/12/2008,P,,GD,GD,GD,GD,GD,GD,GD,GD,2.61,2.62,0.16,0.16,0.27,0.27,0.19,0.19,,,,Positive,No
WP_P121/1,017R,21/10/2008,WP_P121_1.XLS,10/12/2008,10/12/2008,P,,GD,GD,GD,GD,GD,GD,GD,GD,2.41,2.41,0.09,0.08,1.26,1.36,0.09,0.09,,,,Positive,No
WP_P121/1,025W,21/10/2008,WP_P121_1.XLS,10/12/2008,10/12/2008,P,,GD,GD,GD,GD,GD,GD,GD,GD,2.98,2.96,0.08,0.08,0.09,0.09,0.09,0.09,,,,Negative,No
WP_P121/1,037P,21/10/2008,WP_P121_1.XLS,10/12/2008,10/12/2008,P,,GD,GD,GD,GD,GD,GD,GD,GD,3.17,2.96,0.09,0.08,0.3,0.31,0.09,0.09,,,,Positive,No
WP_P121/1,044P,21/10/2008,WP_P121_1.XLS,10/12/2008,10/12/2008,P,,GD,GD,GD,GD,GD,GD,GD,GD,2.47,2.56,0.16,0.16,0.16,0.16,0.16,0.15,,,,Negative,No
WP_P121/1,048Y,21/10/2008,WP_P121_1.XLS,10/12/2008,10/12/2008,P,,GD,GD,GD,GD,GD,GD,GD,GD,2.77,2.92,0.1,0.08,0.09,0.09,0.1,0.1,,,,Negative,No
WP_P121/1,058Y,21/10/2008,WP_P121_1.XLS,10/12/2008,10/12/2008,P,,GD,GD,GD,GD,GD,GD,GD,GD,2.38,2.35,0.08,0.08,0.08,0.08,0.09,0.09,,,,Negative,No
WP_P121/1,082W,21/10/2008,WP_P121_1.XLS,10/12/2008,10/12/2008,F,,GD,GD,GD,GD,GD,GD,GD,GD,0.48,0.4,0.1,0.09,0.1,0.1,0.11,0.11,,,LOW PWM,Negative,No
WP_P122/1,041Y,19/08/2008,WP_P122_1.XLS,10/12/2008,10/12/2008,P,,GD,GD,GD,GD,GD,GD,GD,GD,2.92,3,0.09,0.08,0.78,0.74,0.09,0.08,,,,Positive,No
WP_P122/1,063Y,19/08/2008,WP_P122_1.XLS,10/12/2008,10/12/2008,P,,GD,GD,GD,GD,GD,GD,GD,GD,2.89,2.95,0.09,0.09,0.89,0.87,0.1,0.09,,,,Positive,No
WP_P122/1,D020,05/11/2008,WP_P122_1.XLS,10/12/2008,10/12/2008,P,,GD,GD,GD,GD,GD,GD,GD,GD,2.78,2.88,0.08,0.08,1.45,1.51,0.09,0.09,,,,Positive,No
WP_P122/1,I008,21/10/2008,WP_P122_1.XLS,10/12/2008,10/12/2008,P,,GD,GD,GD,GD,GD,GD,GD,GD,2.7,2.64,0.1,0.1,0.14,0.13,0.1,0.09,,,,Negative,No
WP_P123/1,007P,22/10/2008,WP_P123_1.XLS,15/12/2008,11/12/2008,P,,GD,GD,GD,GD,GD,GD,GD,GD,2.68,2.47,0.12,0.12,0.13,0.18,0.13,0.13,,,,Negative,No
WP_P123/1,016P,22/10/2008,WP_P123_1.XLS,15/12/2008,11/12/2008,P,,GD,GD,GD,GD,GD,GD,GD,GD,2.3,2.36,0.11,0.12,0.1,0.1,0.11,0.13,,,,Negative,No
WP_P123/1,030P,22/10/2008,WP_P123_1.XLS,15/12/2008,11/12/2008,P,,GD,GD,GD,GD,GD,GD,GD,GD,2.43,2.42,0.11,0.11,0.12,0.13,0.13,0.15,,,,Negative,No
WP_P123/1,032P,22/10/2008,WP_P123_1.XLS,15/12/2008,11/12/2008,P,,GD,GD,GD,GD,GD,GD,GD,GD,1.79,1.75,0.11,0.11,0.12,0.11,0.13,0.13,,,,Negative,No
WP_P123/1,035P,22/10/2008,WP_P123_1.XLS,15/12/2008,11/12/2008,P,,GD,GD,GD,GD,GD,GD,GD,GD,2.4,2.33,0.09,0.09,0.1,0.12,0.12,0.12,,,,Negative,No
WP_P123/1,038P,22/10/2008,WP_P123_1.XLS,15/12/2008,11/12/2008,P,,GD,GD,GD,GD,GD,GD,GD,GD,2.79,2.95,0.1,0.09,0.13,0.11,0.12,0.11,,,,Negative,No
WP_P123/1,040P,22/10/2008,WP_P123_1.XLS,15/12/2008,11/12/2008,P,,GD,GD,GD,GD,GD,GD,GD,GD,2.56,2.7,0.1,0.1,0.11,0.14,0.14,0.12,,,,Negative,No
WP_P123/1,041P,22/10/2008,WP_P123_1.XLS,15/12/2008,11/12/2008,P,,GD,GD,GD,GD,GD,GD,GD,GD,2.74,2.75,0.09,0.1,0.13,0.1,0.11,0.11,,,,Negative,No
WP_P124/1,035Y,18/11/2008,WP_P124_1.XLS,15/12/2008,11/12/2008,P,,GD,GD,GD,GD,GD,GD,GD,GD,2.96,2.87,0.38,0.36,1.05,1.08,0.27,0.28,NIL AVG HIGH,,,,No
WP_P124/1,042P,22/10/2008,WP_P124_1.XLS,15/12/2008,11/12/2008,P,,GD,GD,GD,GD,GD,GD,GD,GD,3.12,3.06,0.11,0.11,0.13,0.13,0.12,0.12,,,,Negative,No
WP_P124/1,043P,22/10/2008,WP_P124_1.XLS,15/12/2008,11/12/2008,P,,GD,GD,GD,GD,GD,GD,GD,GD,2.5,2.43,0.13,0.13,0.15,0.16,0.14,0.14,,,,Negative,No
WP_P124/1,043W,22/10/2008,WP_P124_1.XLS,15/12/2008,11/12/2008,P,,GD,GD,GD,GD,GD,GD,GD,GD,2.93,2.77,0.11,0.11,0.2,0.2,0.15,0.14,,,,Positive,No
WP_P124/1,061Y,22/10/2008,WP_P124_1.XLS,15/12/2008,11/12/2008,P,,GD,GD,GD,GD,GD,GD,GD,GD,2.81,2.72,0.11,0.09,0.16,0.1,0.13,0.12,,,,Negative,No
WP_P124/1,063P,22/10/2008,WP_P124_1.XLS,15/12/2008,11/12/2008,P,,GD,GD,GD,GD,GD,GD,GD,GD,2.99,3.01,0.11,0.1,0.1,0.11,0.15,0.13,,,,Negative,No
WP_P124/1,064P,22/10/2008,WP_P124_1.XLS,15/12/2008,11/12/2008,P,,GD,GD,GD,GD,GD,GD,GD,GD,2.27,2.23,0.1,0.1,0.1,0.1,0.13,0.13,,,,Negative,No
WP_P124/1,069R,18/11/2008,WP_P124_1.XLS,15/12/2008,11/12/2008,P,,GD,GD,GD,GD,GD,GD,GD,GD,1.94,1.89,0.11,0.14,0.95,0.98,0.15,0.14,,,,Positive,No
WP_P124/2,035Y,18/11/2008,WP_P124_2.XLS,17/12/2008,17/12/2008,P,,GD,GD,GD,GD,GD,GD,GD,GD,2.02,2.47,0.46,0.45,1.57,1.54,0.24,0.26,NIL AVG HIGH,,,,No
WP_P125/1,010P,04/11/2008,WP_P125_1.XLS,15/12/2008,11/12/2008,P,,GD,GD,GD,GD,GD,GD,GD,GD,2.45,2.27,0.07,0.06,0.06,0.06,0.09,0.11,,,,Negative,No
WP_P125/1,012P,04/11/2008,WP_P125_1.XLS,15/12/2008,11/12/2008,P,,GD,GD,GD,GD,GD,GD,GD,GD,2.89,2.77,0.07,0.07,0.07,0.06,0.09,0.11,,,,Negative,No
WP_P125/1,013Y,04/11/2008,WP_P125_1.XLS,15/12/2008,11/12/2008,P,,GD,GD,GD,GD,GD,GD,GD,GD,2.87,2.97,0.07,0.06,0.08,0.11,0.1,0.14,,,,Negative,No
WP_P125/1,020Y,04/11/2008,WP_P125_1.XLS,15/12/2008,11/12/2008,P,,GD,GD,GD,GD,GD,GD,GD,GD,3.02,2.97,0.08,0.07,0.06,0.08,0.1,0.12,,,,Negative,No
WP_P125/1,046P,04/11/2008,WP_P125_1.XLS,15/12/2008,11/12/2008,P,,GD,GD,GD,GD,GD,GD,GD,GD,2.52,2.74,0.07,0.06,0.15,0.15,0.09,0.13,,,,Positive,No
WP_P125/1,052W,04/11/2008,WP_P125_1.XLS,15/12/2008,11/12/2008,P,,GD,GD,GD,GD,GD,GD,GD,GD,2.55,2.35,0.07,0.06,0.1,0.08,0.1,0.12,,,,Negative,No
WP_P125/1,056B,04/11/2008,WP_P125_1.XLS,15/12/2008,11/12/2008,P,,GD,GD,GD,GD,GD,GD,GD,GD,3.08,2.95,0.14,0.13,0.23,0.22,0.12,0.13,,,,Positive,No
WP_P125/1,065P,04/11/2008,WP_P125_1.XLS,15/12/2008,11/12/2008,P,,GD,GD,GD,GD,GD,GD,GD,GD,2.15,2.42,0.06,0.06,0.64,0.5,0.09,0.12,,,,Positive,No
WP_P126/1,011Y,04/11/2008,WP_P126_1.XLS,15/12/2008,11/12/2008,P,,GD,GD,GD,GD,GD,GD,GD,GD,2.81,2.72,0.11,0.1,0.11,0.1,0.13,0.12,,,,Negative,No
WP_P126/1,024Y,04/11/2008,WP_P126_1.XLS,15/12/2008,11/12/2008,P,,GD,GD,GD,GD,GD,GD,GD,GD,2.84,2.79,0.12,0.11,0.13,0.13,0.13,0.13,,,,Negative,No
WP_P126/1,045P,04/11/2008,WP_P126_1.XLS,15/12/2008,11/12/2008,P,,GD,GD,GD,GD,GD,GD,GD,GD,3.19,3.11,0.12,0.12,0.11,0.11,0.12,0.11,,,,Negative,No
WP_P126/1,048P,04/11/2008,WP_P126_1.XLS,15/12/2008,11/12/2008,P,,GD,GD,GD,GD,GD,GD,GD,GD,2.42,2.22,0.12,0.13,0.11,0.11,0.13,0.13,,,,Negative,No
WP_P126/1,066P,04/11/2008,WP_P126_1.XLS,15/12/2008,11/12/2008,P,,GD,GD,GD,GD,GD,GD,GD,GD,2.31,2.16,0.12,0.1,0.09,0.1,0.11,0.15,,,,Negative,No
WP_P126/1,067P,04/11/2008,WP_P126_1.XLS,15/12/2008,11/12/2008,P,,GD,GD,GD,GD,GD,GD,GD,GD,2.95,2.8,0.1,0.1,0.11,0.1,0.11,0.13,,,,Negative,No
WP_P126/1,068P,04/11/2008,WP_P126_1.XLS,15/12/2008,11/12/2008,P,,GD,GD,GD,GD,GD,GD,GD,GD,2.31,2.27,0.1,0.1,0.1,0.1,0.11,0.13,,,,Negative,No
WP_P126/1,070Y,04/11/2008,WP_P126_1.XLS,15/12/2008,11/12/2008,P,,GD,GD,GD,GD,GD,GD,GD,GD,2.88,2.91,0.12,0.11,0.22,0.19,0.16,0.15,,,,Positive,No
WP_P127/1,009P,04/11/2008,WP_P127_1.XLS,15/12/2008,11/12/2008,P,,GD,GD,GD,GD,GD,GD,GD,GD,2.98,3.04,0.1,0.1,0.11,0.1,0.12,0.11,,,,Negative,No
WP_P127/1,011P,04/11/2008,WP_P127_1.XLS,15/12/2008,11/12/2008,P,,GD,GD,GD,GD,GD,GD,GD,GD,1.4,1.32,0.12,0.12,0.13,0.15,0.14,0.14,,,,Negative,No
WP_P127/1,014P,04/11/2008,WP_P127_1.XLS,15/12/2008,11/12/2008,P,,GD,GD,GD,GD,GD,GD,GD,GD,2.18,2.19,0.13,0.11,0.12,0.12,0.12,0.13,,,,Negative,No
WP_P127/1,015P,04/11/2008,WP_P127_1.XLS,15/12/2008,11/12/2008,P,,GD,GD,GD,GD,GD,GD,GD,GD,2.81,2.73,0.1,0.09,0.12,0.12,0.11,0.12,,,,Negative,No
WP_P127/1,018P,04/11/2008,WP_P127_1.XLS,15/12/2008,11/12/2008,P,,GD,GD,GD,GD,GD,GD,GD,GD,2.86,2.83,0.1,0.09,0.1,0.11,0.11,0.11,,,,Negative,No
WP_P127/1,019P,04/11/2008,WP_P127_1.XLS,15/12/2008,11/12/2008,P,,GD,GD,GD,GD,GD,GD,GD,GD,2.85,2.74,0.11,0.1,0.12,0.13,0.12,0.12,,,,Negative,No
WP_P127/1,020B,04/11/2008,WP_P127_1.XLS,15/12/2008,11/12/2008,P,,GD,GD,GD,GD,GD,GD,GD,GD,2.77,2.7,0.13,0.13,0.14,0.12,0.15,0.14,,,,Negative,No
WP_P128/1,021P,18/11/2008,WP_P128_1.XLS,15/12/2008,11/12/2008,P,,GD,GD,GD,GD,GD,GD,GD,GD,3.26,3.26,0.11,0.11,0.11,0.11,0.11,0.12,,,,Negative,No
WP_P128/1,023P,18/11/2008,WP_P128_1.XLS,15/12/2008,11/12/2008,P,,GD,GD,GD,GD,GD,GD,GD,GD,3.32,3.24,0.1,0.1,0.13,0.1,0.13,0.11,,,,Negative,No
WP_P128/1,052P,18/11/2008,WP_P128_1.XLS,15/12/2008,11/12/2008,P,,GD,GD,GD,GD,GD,GD,GD,GD,2.59,2.79,0.11,0.1,1.39,1.46,0.12,0.11,,,,Positive,No
WP_P128/1,057P,18/11/2008,WP_P128_1.XLS,15/12/2008,11/12/2008,P,,GD,GD,GD,GD,GD,GD,GD,GD,3.14,3.18,0.09,0.1,0.1,0.09,0.09,0.11,,,,Negative,No
WP_P128/1,058P,18/11/2008,WP_P128_1.XLS,15/12/2008,11/12/2008,P,,GD,GD,GD,GD,GD,GD,GD,GD,2.77,2.83,0.1,0.1,1.46,1.48,0.11,0.15,,,,Positive,No
WP_P128/1,059P,18/11/2008,WP_P128_1.XLS,15/12/2008,11/12/2008,P,,GD,GD,GD,GD,GD,GD,GD,GD,2.88,2.83,0.11,0.1,0.29,0.29,0.11,0.1,,,,Positive,No
WP_P128/1,060P,18/11/2008,WP_P128_1.XLS,15/12/2008,11/12/2008,P,,GD,GD,GD,GD,GD,GD,GD,GD,2.85,2.76,0.1,0.1,0.14,0.1,0.11,0.11,,,,Negative,No
WP_P128/1,069P,18/11/2008,WP_P128_1.XLS,15/12/2008,11/12/2008,P,,GD,GD,GD,GD,GD,GD,GD,GD,2.69,2.63,0.13,0.11,0.24,0.24,0.11,0.11,,,,Positive,No
WP_P129/1,023B,19/11/2008,WP_P129_1.XLS,15/12/2008,11/12/2008,P,,GD,GD,GD,GD,GD,GD,GD,GD,1.95,2.28,0.25,0.25,0.27,0.27,0.27,0.29,NIL AVG HIGH,,,,No
WP_P129/1,024B,19/11/2008,WP_P129_1.XLS,15/12/2008,11/12/2008,P,,GD,GD,GD,GD,GD,GD,GD,GD,2.62,2.81,0.11,0.1,0.11,0.11,0.12,0.12,,,,Negative,No
WP_P129/1,030Y,19/11/2008,WP_P129_1.XLS,15/12/2008,11/12/2008,P,,GD,GD,GD,GD,GD,GD,GD,GD,2.77,2.96,0.1,0.1,0.88,0.92,0.11,0.11,,,,Positive,No
WP_P129/1,053P,19/11/2008,WP_P129_1.XLS,15/12/2008,11/12/2008,P,,GD,GD,GD,GD,GD,GD,GD,GD,2.33,2.32,0.1,0.1,0.82,0.82,0.11,0.12,,,,Positive,No
WP_P129/1,056P,19/11/2008,WP_P129_1.XLS,15/12/2008,11/12/2008,P,,GD,GD,GD,GD,GD,GD,GD,GD,2.96,3.1,0.09,0.09,0.09,0.1,0.12,0.11,,,,Negative,No
WP_P129/1,063Y,19/11/2008,WP_P129_1.XLS,15/12/2008,11/12/2008,P,,GD,GD,GD,GD,GD,GD,GD,GD,2.11,2.05,0.12,0.11,0.79,0.79,0.12,0.12,,,,Positive,No
WP_P129/1,070P,19/11/2008,WP_P129_1.XLS,15/12/2008,11/12/2008,P,,GD,GD,GD,GD,GD,GD,GD,GD,2.26,2.38,0.1,0.1,0.11,0.11,0.11,0.23,,,,Negative,No
WP_P129/2,023B,19/11/2008,WP_P129_2.XLS,17/12/2008,17/12/2008,P,,GD,GD,GD,GD,GD,GD,GD,GD,2.1,1.95,0.26,0.26,0.28,0.25,0.27,0.26,NIL AVG HIGH,,,,No
WP_P130/1,003P,09/12/2008,WP_P130_1.XLS,17/12/2008,17/12/2008,P,,GD,GD,GD,GD,GD,GD,GD,GD,2.44,2.77,0.09,0.09,0.13,0.13,0.06,0.08,,,,Negative,No
WP_P130/1,016P,09/12/2008,WP_P130_1.XLS,17/12/2008,17/12/2008,P,,GD,GD,GD,GD,GD,GD,GD,GD,3.05,2.98,0.06,0.05,0.06,0.05,0.06,0.08,,,,Negative,No
WP_P130/1,017P,09/12/2008,WP_P130_1.XLS,17/12/2008,17/12/2008,P,,GD,GD,GD,GD,GD,GD,GD,GD,2.96,2.85,0.06,0.05,0.05,0.05,0.07,0.08,,,,Negative,No
WP_P130/1,028P,09/12/2008,WP_P130_1.XLS,17/12/2008,17/12/2008,P,,GD,GD,GD,GD,GD,GD,GD,GD,2.55,2.33,0.06,0.06,0.06,0.05,0.07,0.08,,,,Negative,No
WP_P130/1,029P,09/12/2008,WP_P130_1.XLS,17/12/2008,17/12/2008,P,,GD,GD,GD,GD,GD,GD,GD,GD,2.98,2.91,0.08,0.19,0.13,0.07,0.1,0.11,,,,Negative,No
WP_P130/1,031P,09/12/2008,WP_P130_1.XLS,17/12/2008,17/12/2008,P,,GD,GD,GD,GD,GD,GD,GD,GD,2.17,2.1,0.07,0.06,0.07,0.06,0.08,0.09,,,,Negative,No
WP_P130/1,032P,09/12/2008,WP_P130_1.XLS,17/12/2008,17/12/2008,P,,GD,GD,GD,GD,GD,GD,GD,GD,2.86,2.67,0.07,0.07,0.06,0.05,0.06,0.08,,,,Negative,No
WP_P130/1,046B,09/12/2008,WP_P130_1.XLS,17/12/2008,17/12/2008,P,,GD,GD,GD,GD,GD,GD,GD,GD,2.28,2.03,0.07,0.06,0.07,0.06,0.08,0.11,,,,Negative,No
WP_P131/1,033P,09/12/2008,WP_131_1.XLS,17/12/2008,17/12/2008,P,,GD,GD,GD,GD,GD,GD,GD,GD,2.53,2.58,0.11,0.1,0.19,0.21,0.11,0.11,,,,Positive,No
WP_P131/1,035P,09/12/2008,WP_131_1.XLS,17/12/2008,17/12/2008,P,,GD,GD,GD,GD,GD,GD,GD,GD,2.35,2.21,0.11,0.11,0.11,0.12,0.12,0.12,,,,Negative,No
WP_P131/1,037P,09/12/2008,WP_131_1.XLS,17/12/2008,17/12/2008,P,,GD,GD,GD,GD,GD,GD,GD,GD,2.44,2.39,0.1,0.09,0.19,0.18,0.11,0.11,,,,Positive,No
WP_P131/1,040P,09/12/2008,WP_131_1.XLS,17/12/2008,17/12/2008,P,,GD,GD,GD,GD,GD,GD,GD,GD,3,2.88,0.09,0.08,0.09,0.1,0.1,0.11,,,,Negative,No
WP_P131/1,044P,09/12/2008,WP_131_1.XLS,17/12/2008,17/12/2008,P,,GD,GD,GD,GD,GD,GD,GD,GD,2.99,3.05,0.13,0.15,0.12,0.13,0.15,0.15,,,,Negative,No
WP_P131/1,062P,09/12/2008,WP_131_1.XLS,17/12/2008,17/12/2008,P,,GD,GD,GD,GD,GD,GD,GD,GD,2.88,2.87,0.1,0.12,0.1,0.1,0.11,0.12,,,,Negative,No
WP_P131/1,063P,09/12/2008,WP_131_1.XLS,17/12/2008,17/12/2008,P,,GD,GD,GD,GD,GD,GD,GD,GD,2.83,2.8,0.1,0.12,0.1,0.1,0.12,0.12,,,,Negative,No
WP_P131/1,064P,09/12/2008,WP_131_1.XLS,17/12/2008,17/12/2008,P,,GD,GD,GD,GD,GD,GD,GD,GD,3.3,3.19,0.11,0.11,0.12,0.12,0.12,0.12,,,,Negative,No
WP_P132/1,015P,10/12/2008,WP_132_1.XLS,17/12/2008,17/12/2008,P,,GD,GD,GD,GD,GD,GD,GD,GD,2.8,2.61,0.08,0.08,0.08,0.09,0.1,0.1,,,,Negative,No
WP_P132/1,017R,09/12/2008,WP_132_1.XLS,17/12/2008,17/12/2008,F,,GD,GD,GD,GD,GD,GD,GD,GD,0.98,0.87,0.1,0.1,0.34,0.35,0.11,0.11,,,LOW PWM,Positive,No
WP_P132/1,025W,10/12/2008,WP_132_1.XLS,17/12/2008,17/12/2008,P,,GD,GD,GD,GD,GD,GD,GD,GD,2.76,2.65,0.09,0.09,0.1,0.11,0.1,0.1,,,,Negative,No
WP_P132/1,041P,10/12/2008,WP_132_1.XLS,17/12/2008,17/12/2008,P,,GD,GD,GD,GD,GD,GD,GD,GD,2.54,2.33,0.1,0.1,0.12,0.12,0.09,0.09,,,,Negative,No
WP_P132/1,043P,10/12/2008,WP_132_1.XLS,17/12/2008,17/12/2008,P,,GD,GD,GD,GD,GD,GD,GD,GD,2.8,2.65,0.09,0.12,0.1,0.11,0.11,0.11,,,,Negative,No
WP_P132/1,045Y,10/12/2008,WP_132_1.XLS,17/12/2008,17/12/2008,P,,GD,GD,GD,GD,GD,GD,GD,GD,2.07,1.97,0.09,0.09,0.1,0.1,0.1,0.1,,,,Negative,No
WP_P132/1,082W,09/12/2008,WP_132_1.XLS,17/12/2008,17/12/2008,F,,GD,GD,GD,GD,GD,GD,GD,GD,0.65,0.61,0.11,0.11,0.11,0.11,0.13,0.12,,,LOW PWM,Negative,No
WP_P132/1,Q028,09/12/2008,WP_132_1.XLS,17/12/2008,17/12/2008,P,,GD,GD,GD,GD,GD,GD,GD,GD,2.84,2.65,0.1,0.1,0.09,0.11,0.1,0.1,,,,Negative,No
WP_P133/1,009P,13/01/2009,WP_P133_1.XLS,13/02/2009,16/01/2009,P,,GD,GD,GD,GD,GD,GD,GD,GD,2.42,2.53,0.11,0.11,0.09,0.08,0.14,0.16,,,,Negative,No
WP_P133/1,011P,13/01/2009,WP_P133_1.XLS,13/02/2009,16/01/2009,P,,GD,GD,GD,GD,GD,GD,GD,GD,2.74,2.49,0.11,0.1,0.1,0.09,0.15,0.17,,,,Negative,No
WP_P133/1,014B,13/01/2009,WP_P133_1.XLS,13/02/2009,16/01/2009,P,,GD,GD,GD,GD,GD,GD,GD,GD,3.18,3.2,0.13,0.15,0.15,0.11,0.16,0.22,,,,Negative,No
WP_P133/1,014P,13/01/2009,WP_P133_1.XLS,13/02/2009,16/01/2009,P,,GD,GD,GD,GD,GD,GD,GD,GD,2.51,2.91,0.12,0.1,0.09,0.09,0.16,0.16,,,,Negative,No
WP_P133/1,015P,13/01/2009,WP_P133_1.XLS,13/02/2009,16/01/2009,P,,GD,GD,GD,GD,GD,GD,GD,GD,2.41,2.47,0.12,0.11,0.09,0.1,0.13,0.14,,,,Negative,No
WP_P133/1,020P,13/01/2009,WP_P133_1.XLS,13/02/2009,16/01/2009,P,,GD,GD,GD,GD,GD,GD,GD,GD,3.12,2.96,0.16,0.14,0.1,0.09,0.14,0.15,,,,Negative,No
WP_P133/1,025B,13/01/2009,WP_P133_1.XLS,13/02/2009,16/01/2009,P,,GD,GD,GD,GD,GD,GD,GD,GD,2.54,2.4,0.11,0.11,0.09,0.09,0.15,0.18,,,,Negative,No
WP_P133/1,027G,13/01/2009,WP_P133_1.XLS,13/02/2009,16/01/2009,P,,GD,GD,GD,GD,GD,GD,GD,GD,2.54,2.52,0.1,0.09,0.09,0.09,0.13,0.15,,,,Negative,No
WP_P134/1,011Y,13/01/2009,WP_P134_1.XLS,13/02/2009,16/01/2009,P,,GD,GD,GD,GD,GD,GD,GD,GD,2.92,2.69,0.16,0.16,0.18,0.15,0.16,0.16,,,,Negative,No
WP_P134/1,013Y,13/01/2009,WP_P134_1.XLS,13/02/2009,16/01/2009,P,,GD,GD,GD,GD,GD,GD,GD,GD,2.28,2.11,0.18,0.18,0.2,0.18,0.18,0.17,,,,Negative,No
WP_P134/1,020Y,13/01/2009,WP_P134_1.XLS,13/02/2009,16/01/2009,P,,GD,GD,GD,GD,GD,GD,GD,GD,3.52,3.4,0.19,0.19,0.19,0.21,0.18,0.2,,,,Negative,No
WP_P134/1,024Y,13/01/2009,WP_P134_1.XLS,13/02/2009,16/01/2009,P,,GD,GD,GD,GD,GD,GD,GD,GD,2.26,2.21,0.18,0.2,0.2,0.16,0.18,0.2,,,,Negative,No
WP_P134/1,047P,13/01/2009,WP_P134_1.XLS,13/02/2009,16/01/2009,P,,GD,GD,GD,GD,GD,GD,GD,GD,3.86,3.59,0.18,0.18,0.32,0.3,0.17,0.16,,,,Positive,No
WP_P134/1,049P,13/01/2009,WP_P134_1.XLS,13/02/2009,16/01/2009,P,,GD,GD,GD,GD,GD,GD,GD,GD,3.35,3.13,0.22,0.18,0.19,0.18,0.16,0.18,,,,Negative,No
WP_P134/1,052W,13/01/2009,WP_P134_1.XLS,13/02/2009,16/01/2009,P,,GD,GD,GD,GD,GD,GD,GD,GD,2.02,1.81,0.18,0.19,0.29,0.24,0.21,0.22,,,,Positive,No
WP_P134/1,070Y,13/01/2009,WP_P134_1.XLS,13/02/2009,16/01/2009,P,,GD,GD,GD,GD,GD,GD,GD,GD,3.58,3.52,0.19,0.17,0.18,0.17,0.17,0.18,,,,Negative,No
WP_P135/1,018P,14/01/2009,WP_P135_1.XLS,13/02/2009,16/01/2009,P,,GD,GD,GD,GD,GD,GD,GD,GD,3.13,3.53,0.16,0.16,0.18,0.14,0.18,0.23,,,,Negative,No
WP_P135/1,019P,14/01/2009,WP_P135_1.XLS,13/02/2009,16/01/2009,P,,GD,GD,GD,GD,GD,GD,GD,GD,3.15,3.07,0.15,0.15,0.14,0.14,0.16,0.2,,,,Negative,No
WP_P135/1,030B,14/01/2009,WP_P135_1.XLS,13/02/2009,16/01/2009,P,,GD,GD,GD,GD,GD,GD,GD,GD,1.24,1.21,0.16,0.15,0.2,0.19,0.19,0.18,,,,Negative,No
WP_P135/1,051P,14/01/2009,WP_P135_1.XLS,13/02/2009,16/01/2009,P,,GD,GD,GD,GD,GD,GD,GD,GD,3.48,3.44,0.15,0.16,0.14,0.19,0.17,0.18,,,,Negative,No
WP_P135/1,067P,14/01/2009,WP_P135_1.XLS,13/02/2009,16/01/2009,P,,GD,GD,GD,GD,GD,GD,GD,GD,3.31,3.45,0.16,0.15,0.17,0.15,0.16,0.21,,,,Negative,No
WP_P136/1,001N,27/01/2009,WP_P136_1.XLS,13/02/2009,30/01/2009,P,,GD,GD,GD,GD,GD,GD,GD,GD,3.19,3.06,0.1,0.1,0.7,0.7,0.12,0.11,,,,Positive,No
WP_P136/1,008P,27/01/2009,WP_P136_1.XLS,13/02/2009,30/01/2009,P,,GD,GD,GD,GD,GD,GD,GD,GD,3.06,2.93,0.12,0.09,0.17,0.18,0.11,0.11,,,,Positive,No
WP_P136/1,021P,27/01/2009,WP_P136_1.XLS,13/02/2009,30/01/2009,P,,GD,GD,GD,GD,GD,GD,GD,GD,2.83,2.69,0.1,0.1,0.1,0.11,0.12,0.12,,,,Negative,No
WP_P136/1,023P,27/01/2009,WP_P136_1.XLS,13/02/2009,30/01/2009,P,,GD,GD,GD,GD,GD,GD,GD,GD,2.41,2.25,0.1,0.1,0.1,0.1,0.14,0.14,,,,Negative,No
WP_P136/1,034G,27/01/2009,WP_P136_1.XLS,13/02/2009,30/01/2009,P,,GD,GD,GD,GD,GD,GD,GD,GD,1.24,1.17,0.11,0.11,1.27,1.28,0.09,0.09,,,,Positive,No
WP_P136/1,053P,27/01/2009,WP_P136_1.XLS,13/02/2009,30/01/2009,P,,GD,GD,GD,GD,GD,GD,GD,GD,1.85,1.71,0.1,0.1,0.11,0.11,0.12,0.12,,,,Negative,No
WP_P136/1,055P,27/01/2009,WP_P136_1.XLS,13/02/2009,30/01/2009,P,,GD,GD,GD,GD,GD,GD,GD,GD,2.84,2.77,0.11,0.11,0.11,0.11,0.13,0.13,,,,Negative,No
WP_P136/1,058P,27/01/2009,WP_P136_1.XLS,13/02/2009,30/01/2009,P,,GD,GD,GD,GD,GD,GD,GD,GD,2.5,2.46,0.16,0.13,0.67,0.69,0.16,0.16,,,,Positive,No
WP_P137/1,058R,27/01/2009,WP_P137_1.XLS,13/02/2009,30/01/2009,P,,GD,GD,GD,GD,GD,GD,GD,GD,1.23,1.24,0.17,0.18,0.24,0.24,0.22,0.21,,,,Positive,No
WP_P137/1,059P,27/01/2009,WP_P137_1.XLS,13/02/2009,30/01/2009,P,,GD,GD,GD,GD,GD,GD,GD,GD,3.26,3.21,0.14,0.12,0.29,0.29,0.14,0.15,,,,Positive,No
WP_P137/1,060R,27/01/2009,WP_P137_1.XLS,13/02/2009,30/01/2009,P,,GD,GD,GD,GD,GD,GD,GD,GD,1.43,1.4,0.14,0.14,0.21,0.18,0.16,0.16,,,,Positive,No
WP_P137/1,063W,27/01/2009,WP_P137_1.XLS,13/02/2009,30/01/2009,P,,GD,GD,GD,GD,GD,GD,GD,GD,2.22,2.21,0.14,0.15,0.14,0.14,0.16,0.17,,,,Negative,No
WP_P137/1,069R,27/01/2009,WP_P137_1.XLS,13/02/2009,30/01/2009,P,,GD,GD,GD,GD,GD,GD,GD,GD,3.11,3.07,0.14,0.14,0.61,0.59,0.15,0.15,,,,Positive,No
WP_P138/1,015B,28/01/2009,WP_P138_1.XLS,13/02/2009,30/01/2009,P,,GD,GD,GD,GD,GD,GD,GD,GD,2.96,3.02,0.12,0.12,0.28,0.25,0.11,0.11,,,,Positive,No
WP_P138/1,023B,28/01/2009,WP_P138_1.XLS,13/02/2009,30/01/2009,P,,GD,GD,GD,GD,GD,GD,GD,GD,2.45,2.49,0.17,0.13,0.15,0.13,0.14,0.13,,,,Negative,No
WP_P138/1,057P,28/01/2009,WP_P138_1.XLS,13/02/2009,30/01/2009,P,,GD,GD,GD,GD,GD,GD,GD,GD,2.86,3.04,0.13,0.12,0.12,0.12,0.13,0.13,,,,Negative,No
WP_P139/1,001B,05/05/2009,WP_P139_1.XLS,11/11/2009,11/11/2009,F,,GD,GD,GD,GD,GD,GD,GD,GD,0.37,0.32,0.22,0.14,0.1,0.11,0.05,0.06,,,LOW PWM,Negative,No
WP_P139/1,016B,05/05/2009,WP_P139_1.XLS,11/11/2009,11/11/2009,F,,GD,GD,GD,GD,GD,GD,GD,GD,0.83,0.85,0.15,0.06,0.06,0.14,0.05,0.05,B & A,,LOW PWM,,No
WP_P139/1,017B,05/05/2009,WP_P139_1.XLS,11/11/2009,11/11/2009,P,,GD,GD,GD,GD,GD,GD,GD,GD,2.48,2.68,0.05,0.05,0.05,0.05,0.05,0.04,,,,Negative,No
WP_P139/1,021B,05/05/2009,WP_P139_1.XLS,11/11/2009,11/11/2009,F,,GD,GD,GD,GD,GD,GD,GD,GD,0.84,0.8,0.05,0.05,0.05,0.05,0.05,0.05,,,LOW PWM,Negative,No
WP_P139/1,022G,05/05/2009,WP_P139_1.XLS,11/11/2009,11/11/2009,F,,GD,GD,GD,GD,GD,GD,GD,GD,0.11,0.16,0.06,0.06,0.06,0.05,0.05,0.06,,,LOW PWM,Negative,No
WP_P139/1,030B,05/05/2009,WP_P139_1.XLS,11/11/2009,11/11/2009,F,,GD,GD,GD,GD,GD,GD,GD,GD,0.07,0.04,0.04,0.03,0.03,0.03,0.04,0.03,,,LOW PWM,Negative,No
WP_P139/1,035B,05/05/2009,WP_P139_1.XLS,11/11/2009,11/11/2009,F,,GD,GD,GD,GD,GD,GD,GD,GD,0.36,0.35,0.11,0.07,0.06,0.05,0.05,0.05,,,LOW PWM,Negative,No
WP_P139/1,061B,05/05/2009,WP_P139_1.XLS,11/11/2009,11/11/2009,F,,GD,GD,GD,GD,GD,GD,GD,GD,0.52,0.55,0.05,0.14,0.11,0.05,0.05,0.06,B & A,,LOW PWM,,No
WP_P14/1,012R,15/08/2006,WP_P14_1.XLS,16/04/2007,06/02/2007,P,,GD,GD,GD,GD,GD,GD,GD,GD,2.73,2.63,0.26,0.26,0.25,0.24,0.24,0.26,NIL AVG HIGH,,,,No
WP_P14/1,022G,15/08/2006,WP_P14_1.XLS,16/04/2007,06/02/2007,,,GD,IV,GD,GD,GD,GD,GD,GD,0.91,,0.27,0.26,0.26,0.26,0.26,0.27,MISSING ODs,,,,No
WP_P14/1,057B,15/08/2006,WP_P14_1.XLS,16/04/2007,06/02/2007,P,,GD,GD,GD,GD,GD,GD,GD,GD,2.17,2.05,0.29,0.29,0.31,0.32,0.29,0.29,NIL AVG HIGH,,,,No
WP_P14/1,058B,15/08/2006,WP_P14_1.XLS,16/04/2007,06/02/2007,P,,GD,GD,GD,GD,GD,GD,GD,GD,2.46,2.37,0.26,0.27,0.29,0.38,0.26,0.28,NIL AVG HIGH,,,,No
WP_P14/1,059R,15/08/2006,WP_P14_1.XLS,16/04/2007,06/02/2007,P,,GD,GD,GD,GD,GD,GD,GD,GD,2.48,2.34,0.29,0.27,0.28,0.27,0.25,0.28,NIL AVG HIGH,,,,No
WP_P14/1,D077,15/08/2006,WP_P14_1.XLS,16/04/2007,06/02/2007,,,GD,IV,GD,GD,GD,GD,GD,GD,0.81,,0.26,0.25,0.25,0.25,0.25,0.26,MISSING ODs,,,,No
WP_P14/1,I007,15/08/2006,WP_P14_1.XLS,16/04/2007,06/02/2007,P,,GD,GD,GD,GD,GD,GD,GD,GD,1.5,1.52,0.26,0.26,0.25,0.25,0.26,0.25,NIL AVG HIGH,,,,No
WP_P14/1,Q036,15/08/2006,WP_P14_1.XLS,16/04/2007,06/02/2007,P,,GD,GD,GD,GD,GD,GD,GD,GD,1.38,1.35,0.25,0.25,0.24,0.24,0.25,0.26,NIL AVG HIGH,,,,No
WP_P14/2,012R,15/08/2006,WP_P14_2.XLS,17/05/2007,16/05/2007,P,,GD,GD,GD,GD,GD,GD,GD,GD,2.26,2.07,0.09,0.08,0.09,0.07,0.07,0.1,,,,Negative,No
WP_P14/2,022G,15/08/2006,WP_P14_2.XLS,17/05/2007,16/05/2007,F,,GD,GD,GD,GD,GD,GD,GD,GD,0.59,0.45,0.06,0.06,0.07,0.07,0.09,0.09,,,LOW PWM,Negative,No
WP_P14/2,057B,15/08/2006,WP_P14_2.XLS,17/05/2007,16/05/2007,P,,GD,GD,GD,GD,GD,GD,GD,GD,1.3,1.21,0.07,0.09,0.1,0.08,0.1,0.09,,,,Negative,No
WP_P14/2,058B,15/08/2006,WP_P14_2.XLS,17/05/2007,16/05/2007,P,,GD,GD,GD,GD,GD,GD,GD,GD,1.92,1.64,0.05,0.09,0.08,0.09,0.08,0.1,,,,Negative,No
WP_P14/2,059R,15/08/2006,WP_P14_2.XLS,17/05/2007,16/05/2007,P,,GD,GD,GD,GD,GD,GD,GD,GD,2.47,2.45,0.08,0.17,0.09,0.08,0.1,0.11,,,,Negative,No
WP_P14/2,D077,15/08/2006,WP_P14_2.XLS,17/05/2007,16/05/2007,F,,GD,GD,GD,GD,GD,GD,GD,GD,0.45,0.4,0.07,0.06,0.06,0.06,0.08,0.09,,,LOW PWM,Negative,No
WP_P14/2,I007,15/08/2006,WP_P14_2.XLS,17/05/2007,16/05/2007,P,,GD,GD,GD,GD,GD,GD,GD,GD,1.1,0.91,0.09,0.07,0.1,0.08,0.07,0.1,,,,Negative,No
WP_P14/2,Q036,15/08/2006,WP_P14_2.XLS,17/05/2007,16/05/2007,F,,GD,GD,GD,GD,GD,GD,GD,GD,0.99,0.84,0.18,0.08,0.07,0.1,0.14,0.08,,,LOW PWM,Negative,No
WP_P140/1,022P,05/05/2009,WP_P140_1.XLS,11/11/2009,11/11/2009,F,,GD,GD,GD,GD,GD,GD,GD,GD,0.67,0.67,0.06,0.05,0.05,0.05,0.08,0.05,,,LOW PWM,Negative,No
WP_P140/1,047P,05/05/2009,WP_P140_1.XLS,11/11/2009,11/11/2009,P,,GD,GD,GD,GD,GD,GD,GD,GD,1.14,1.25,0.04,0.05,0.04,0.04,0.09,0.06,,,,Negative,No
WP_P140/1,053P,05/05/2009,WP_P140_1.XLS,11/11/2009,11/11/2009,P,,GD,GD,GD,GD,GD,GD,GD,GD,1.24,1.29,0.05,0.05,0.21,0.11,0.07,0.05,,,,Positive,No
WP_P140/1,054P,05/05/2009,WP_P140_1.XLS,11/11/2009,11/11/2009,F,,GD,GD,GD,GD,GD,GD,GD,GD,0.51,0.47,0.05,0.05,0.06,0.06,0.06,0.05,,,LOW PWM,Negative,No
WP_P140/1,057P,05/05/2009,WP_P140_1.XLS,11/11/2009,11/11/2009,F,,GD,GD,GD,GD,GD,GD,GD,GD,0.77,0.73,0.05,0.05,0.08,0.05,0.05,0.04,,,LOW PWM,Negative,No
WP_P140/1,060R,05/05/2009,WP_P140_1.XLS,11/11/2009,11/11/2009,F,,GD,GD,GD,GD,GD,GD,GD,GD,0.37,0.54,0.05,0.05,0.06,0.07,0.05,0.05,,,LOW PWM,Negative,No
WP_P140/1,065W,05/05/2009,WP_P140_1.XLS,11/11/2009,11/11/2009,P,,GD,GD,GD,GD,GD,GD,GD,GD,1.35,1.65,0.05,0.04,0.04,0.04,0.04,0.04,,,,Negative,No
WP_P140/1,069R,05/05/2009,WP_P140_1.XLS,11/11/2009,11/11/2009,F,,GD,GD,GD,GD,GD,GD,GD,GD,0.44,0.52,0.05,0.04,0.06,0.06,0.05,0.05,,,LOW PWM,Negative,No
WP_P141/1,018B,05/05/2009,WP_P141_1.XLS,11/11/2009,11/11/2009,P,,GD,GD,GD,GD,GD,GD,GD,GD,1.55,1.54,0.05,0.05,0.05,0.05,0.05,0.04,,,,Negative,No
WP_P141/1,021P,05/05/2009,WP_P141_1.XLS,11/11/2009,11/11/2009,P,,GD,GD,GD,GD,GD,GD,GD,GD,1.58,1.66,0.05,0.06,0.05,0.06,0.05,0.05,,,,Negative,No
WP_P141/1,023P,05/05/2009,WP_P141_1.XLS,11/11/2009,11/11/2009,P,,GD,GD,GD,GD,GD,GD,GD,GD,2.37,2.31,0.05,0.05,0.05,0.05,0.04,0.05,,,,Negative,No
WP_P141/1,031Y,05/05/2009,WP_P141_1.XLS,11/11/2009,11/11/2009,F,,GD,GD,GD,GD,GD,GD,GD,GD,0.64,0.71,0.05,0.04,0.05,0.05,0.06,0.05,,,LOW PWM,Negative,No
WP_P141/1,032Y,05/05/2009,WP_P141_1.XLS,11/11/2009,11/11/2009,F,,GD,GD,GD,GD,GD,GD,GD,GD,0.5,0.53,0.04,0.07,0.13,0.15,0.05,0.05,,,LOW PWM,Positive,No
WP_P141/1,063Y,05/05/2009,WP_P141_1.XLS,11/11/2009,11/11/2009,F,,GD,GD,GD,GD,GD,GD,GD,GD,0.76,0.83,0.05,0.05,0.09,0.08,0.05,0.05,,,LOW PWM,Negative,No
WP_P141/1,077W,05/05/2009,WP_P141_1.XLS,11/11/2009,11/11/2009,F,,GD,GD,GD,GD,GD,GD,GD,GD,0.22,0.33,0.06,0.06,0.06,0.05,0.06,0.05,,,LOW PWM,Negative,No
WP_P141/1,096W,05/05/2009,WP_P141_1.XLS,11/11/2009,11/11/2009,F,,GD,GD,GD,GD,GD,GD,GD,GD,0.89,0.96,0.07,0.05,0.05,0.06,0.08,0.05,,,LOW PWM,Negative,No
WP_P142/1,040Y,05/05/2009,WP_P142_1.XLS,11/11/2009,11/11/2009,P,,GD,GD,GD,GD,GD,GD,GD,GD,2.24,2.18,2.29,2.16,2.27,2.07,1.84,1.96,NIL AVG HIGH,,,,No
WP_P142/1,055R,05/05/2009,WP_P142_1.XLS,11/11/2009,11/11/2009,P,,GD,GD,GD,GD,GD,GD,GD,GD,2.82,2.26,1.83,1.71,1.65,1.64,2.19,2.05,NIL AVG HIGH,,,,No
WP_P142/1,056P,05/05/2009,WP_P142_1.XLS,11/11/2009,11/11/2009,P,,GD,GD,GD,GD,GD,GD,GD,GD,3.44,3.56,2.42,2.21,2.19,2.11,2.07,1.75,NIL AVG HIGH,,,,No
WP_P142/1,060P,05/05/2009,WP_P142_1.XLS,11/11/2009,11/11/2009,P,,GD,GD,GD,GD,GD,GD,GD,GD,3.57,3.93,2.36,2.07,2.01,2.02,1.7,1.95,NIL AVG HIGH,,,,No
WP_P142/1,062W,05/05/2009,WP_P142_1.XLS,11/11/2009,11/11/2009,P,,GD,GD,GD,GD,GD,GD,GD,GD,2.24,2.43,2.26,2.22,2.21,2.09,1.83,2.1,NIL AVG HIGH,,,,No
WP_P142/1,U008,05/05/2009,WP_P142_1.XLS,11/11/2009,11/11/2009,P,,GD,GD,GD,GD,GD,GD,GD,GD,2.88,2.6,1.87,2.14,2.02,1.95,2.3,1.7,NIL AVG HIGH,,,,No
WP_P143/1,027Y,06/05/2009,WP_P143_1.XLS,11/11/2009,11/11/2009,F,,GD,GD,GD,GD,GD,GD,GD,GD,0.33,0.29,0.09,0.09,0.33,0.3,0.06,0.05,,,LOW PWM,Positive,No
WP_P143/1,029B,06/05/2009,WP_P143_1.XLS,11/11/2009,11/11/2009,F,,GD,GD,GD,GD,GD,GD,GD,GD,0.11,0.1,0.05,0.05,0.06,0.05,0.07,0.07,,,LOW PWM,Negative,No
WP_P143/1,034Y,06/05/2009,WP_P143_1.XLS,11/11/2009,11/11/2009,F,,GD,GD,GD,GD,GD,GD,GD,GD,0.91,0.85,0.33,0.07,0.06,0.08,0.05,0.05,,,LOW PWM,Negative,No
WP_P143/1,049W,06/05/2009,WP_P143_1.XLS,11/11/2009,11/11/2009,F,,GD,GD,GD,GD,GD,GD,GD,GD,0.35,0.34,0.05,0.05,0.05,0.06,0.06,0.06,,,LOW PWM,Negative,No
WP_P143/1,D077,06/05/2009,WP_P143_1.XLS,11/11/2009,11/11/2009,F,,GD,GD,GD,GD,GD,GD,GD,GD,0.13,0.13,0.06,0.06,0.15,0.06,0.24,0.06,B OUTLIER,,LOW PWM,,No
WP_P143/1,I035,06/05/2009,WP_P143_1.XLS,11/11/2009,11/11/2009,F,,GD,GD,GD,GD,GD,GD,GD,GD,0.28,0.27,0.06,0.05,0.07,0.05,0.05,0.05,,,LOW PWM,Negative,No
WP_P144/1,010P,19/05/2009,WP_P144_1.XLS,13/11/2009,12/11/2009,F,,GD,GD,GD,GD,GD,GD,GD,GD,0.19,0.28,0.19,0.16,0.17,0.09,0.1,0.06,,,LOW PWM,Negative,No
WP_P144/1,018P,19/05/2009,WP_P144_1.XLS,13/11/2009,12/11/2009,P,,GD,GD,GD,GD,GD,GD,GD,GD,1.6,1.38,0.16,0.13,0.07,0.05,0.05,0.06,,,,Negative,No
WP_P144/1,020P,19/05/2009,WP_P144_1.XLS,13/11/2009,12/11/2009,F,,GD,GD,GD,GD,GD,GD,GD,GD,0.85,0.99,0.22,0.2,0.21,0.07,0.06,0.06,,,LOW PWM,Negative,No
WP_P144/1,046P,19/05/2009,WP_P144_1.XLS,13/11/2009,12/11/2009,P,,GD,GD,GD,GD,GD,GD,GD,GD,1.82,1.79,0.18,0.19,0.14,0.17,0.06,0.07,,,,Negative,No
WP_P144/1,047P,19/05/2009,WP_P144_1.XLS,13/11/2009,12/11/2009,P,,GD,GD,GD,GD,GD,GD,GD,GD,1.32,1.27,0.75,0.32,0.29,0.19,0.07,0.06,,,,Negative,No
WP_P144/1,051P,19/05/2009,WP_P144_1.XLS,13/11/2009,12/11/2009,F,,GD,GD,GD,GD,GD,GD,GD,GD,0.95,0.89,0.14,0.16,0.13,0.08,0.06,0.05,,,LOW PWM,Negative,No
WP_P144/1,056B,19/05/2009,WP_P144_1.XLS,13/11/2009,12/11/2009,P,,GD,GD,GD,GD,GD,GD,GD,GD,2.09,2.13,0.15,0.13,0.17,0.14,0.07,0.11,,,,Negative,No
WP_P144/1,065P,19/05/2009,WP_P144_1.XLS,13/11/2009,12/11/2009,F,,GD,GD,GD,GD,GD,GD,GD,GD,1.06,0.91,0.07,0.07,0.35,0.34,0.06,0.07,,,LOW PWM,Positive,No
WP_P145/1,002N,19/05/2009,WP_P145_1.XLS,13/11/2009,12/11/2009,F,,GD,GD,GD,GD,GD,GD,GD,GD,0.66,0.69,0.2,0.14,0.12,0.36,0.21,0.1,B OUTLIER,,LOW PWM,,No
WP_P145/1,008P,19/05/2009,WP_P145_1.XLS,13/11/2009,12/11/2009,F,,GD,GD,GD,GD,GD,GD,GD,GD,0.81,0.71,0.22,0.21,0.21,0.07,0.08,0.08,,,LOW PWM,Negative,No
WP_P145/1,009P,19/05/2009,WP_P145_1.XLS,13/11/2009,12/11/2009,P,,GD,GD,GD,GD,GD,GD,GD,GD,1.41,1.45,0.11,0.11,0.12,0.06,0.07,0.08,,,,Negative,No
WP_P145/1,013P,19/05/2009,WP_P145_1.XLS,13/11/2009,12/11/2009,P,,GD,GD,GD,GD,GD,GD,GD,GD,1.19,0.98,0.19,0.14,0.08,0.08,0.06,0.06,,,,Negative,No
WP_P145/1,017Y,19/05/2009,WP_P145_1.XLS,13/11/2009,12/11/2009,F,,GD,GD,GD,GD,GD,GD,GD,GD,0.31,0.38,0.11,0.13,0.25,0.28,0.07,0.07,,,LOW PWM,Positive,No
WP_P145/1,024Y,19/05/2009,WP_P145_1.XLS,13/11/2009,12/11/2009,F,,GD,GD,GD,GD,GD,GD,GD,GD,0.48,0.39,0.09,0.15,0.07,0.06,0.06,0.06,,,LOW PWM,Negative,No
WP_P145/1,045R,19/05/2009,WP_P145_1.XLS,13/11/2009,12/11/2009,F,,GD,GD,GD,GD,GD,GD,GD,GD,0.4,0.43,0.19,0.16,0.07,0.23,0.07,0.06,B OUTLIER,,LOW PWM,,No
WP_P145/1,059Y,19/05/2009,WP_P145_1.XLS,13/11/2009,12/11/2009,F,,GD,GD,GD,GD,GD,GD,GD,GD,0.4,0.39,0.12,0.12,0.18,0.13,0.08,0.08,,,LOW PWM,Negative,No
WP_P146/1,011Y,19/05/2009,WP_P146_1.XLS,13/11/2009,12/11/2009,F,,GD,GD,GD,GD,GD,GD,GD,GD,0.91,0.81,0.08,0.09,0.07,0.05,0.08,0.07,,,LOW PWM,Negative,No
WP_P146/1,014P,19/05/2009,WP_P146_1.XLS,13/11/2009,12/11/2009,P,,GD,GD,GD,GD,GD,GD,GD,GD,1.55,1.64,0.12,0.14,0.1,0.06,0.07,0.12,,,,Negative,No
WP_P146/1,015P,19/05/2009,WP_P146_1.XLS,13/11/2009,12/11/2009,F,,GD,GD,GD,GD,GD,GD,GD,GD,0.77,0.76,0.06,0.16,0.06,0.05,0.06,0.06,,,LOW PWM,Negative,No
WP_P146/1,020Y,19/05/2009,WP_P146_1.XLS,13/11/2009,12/11/2009,F,,GD,GD,GD,GD,GD,GD,GD,GD,0.69,0.7,0.06,0.06,0.06,0.05,0.06,0.07,,,LOW PWM,Negative,No
WP_P146/1,048P,19/05/2009,WP_P146_1.XLS,13/11/2009,12/11/2009,P,,GD,GD,GD,GD,GD,GD,GD,GD,1.74,1.56,0.06,0.06,0.07,0.05,0.05,0.06,,,,Negative,No
WP_P146/1,049P,19/05/2009,WP_P146_1.XLS,13/11/2009,12/11/2009,F,,GD,GD,GD,GD,GD,GD,GD,GD,0.46,0.41,0.07,0.08,0.09,0.06,0.06,0.06,,,LOW PWM,Negative,No
WP_P146/1,056Y,19/05/2009,WP_P146_1.XLS,13/11/2009,12/11/2009,P,,GD,GD,GD,GD,GD,GD,GD,GD,1.3,1.3,0.06,0.07,0.06,0.04,0.07,0.08,,,,Negative,No
WP_P146/1,070P,19/05/2009,WP_P146_1.XLS,13/11/2009,12/11/2009,P,,GD,GD,GD,GD,GD,GD,GD,GD,1.18,1.14,0.06,0.1,0.07,0.07,0.07,0.06,,,,Negative,No
WP_P147/1,003N,19/05/2009,WP_P147_1.XLS,13/11/2009,12/11/2009,P,,GD,GD,GD,GD,GD,GD,GD,GD,1.83,1.87,0.13,0.08,0.07,0.07,0.07,0.07,,,,Negative,No
WP_P147/1,039P,03/06/2009,WP_P147_1.XLS,13/11/2009,12/11/2009,F,,GD,GD,GD,GD,GD,GD,GD,GD,0.43,0.39,0.09,0.06,0.08,0.07,0.06,0.06,,,LOW PWM,Negative,No
WP_P147/1,052W,19/05/2009,WP_P147_1.XLS,13/11/2009,12/11/2009,F,,GD,GD,GD,GD,GD,GD,GD,GD,0.14,0.12,0.11,0.06,0.07,0.07,0.07,0.08,,,LOW PWM,Negative,No
WP_P147/1,060R,19/05/2009,WP_P147_1.XLS,13/11/2009,12/11/2009,F,,GD,GD,GD,GD,GD,GD,GD,GD,0.19,0.14,0.08,0.07,0.09,0.07,0.09,0.08,,,LOW PWM,Negative,No
WP_P147/1,067Y,03/06/2009,WP_P147_1.XLS,13/11/2009,12/11/2009,F,,GD,GD,GD,GD,GD,GD,GD,GD,0.61,0.58,0.06,0.06,0.06,0.06,0.06,0.06,,,LOW PWM,Negative,No
WP_P147/1,070Y,19/05/2009,WP_P147_1.XLS,13/11/2009,12/11/2009,F,,GD,GD,GD,GD,GD,GD,GD,GD,0.45,0.37,0.1,0.06,0.07,0.06,0.07,0.06,,,LOW PWM,Negative,No
WP_P147/1,U064,19/05/2009,WP_P147_1.XLS,13/11/2009,12/11/2009,F,,GD,GD,GD,GD,GD,GD,GD,GD,0.91,0.84,0.07,0.06,0.16,0.15,0.07,0.08,,,LOW PWM,Positive,No
WP_P148/1,004P,03/06/2009,WP_P148_1.XLS,13/11/2009,12/11/2009,F,,GD,GD,GD,GD,GD,GD,GD,GD,0.32,0.26,0.12,0.05,0.06,0.06,0.05,0.06,,,LOW PWM,Negative,No
WP_P148/1,013N,03/06/2009,WP_P148_1.XLS,13/11/2009,12/11/2009,F,,GD,GD,GD,GD,GD,GD,GD,GD,0.71,0.54,0.07,0.07,0.06,0.06,0.07,0.07,,,LOW PWM,Negative,No
WP_P148/1,014N,03/06/2009,WP_P148_1.XLS,13/11/2009,12/11/2009,P,,GD,GD,GD,GD,GD,GD,GD,GD,1.3,0.99,0.08,0.12,0.16,0.05,0.07,0.06,B OUTLIER,,,,No
WP_P148/1,015N,03/06/2009,WP_P148_1.XLS,13/11/2009,12/11/2009,F,,GD,GD,GD,GD,GD,GD,GD,GD,0.48,0.37,0.2,0.11,0.08,0.08,0.06,0.1,,,LOW PWM,Negative,No
WP_P148/1,016N,03/06/2009,WP_P148_1.XLS,13/11/2009,12/11/2009,P,,GD,GD,GD,GD,GD,GD,GD,GD,1.54,1.56,0.08,0.09,0.07,0.08,0.07,0.06,,,,Negative,No
WP_P148/1,025P,03/06/2009,WP_P148_1.XLS,13/11/2009,12/11/2009,P,,GD,GD,GD,GD,GD,GD,GD,GD,1.43,1.22,0.05,0.05,0.08,0.05,0.06,0.06,,,,Negative,No
WP_P148/1,042G,03/06/2009,WP_P148_1.XLS,13/11/2009,12/11/2009,F,,GD,GD,GD,GD,GD,GD,GD,GD,0.46,0.46,0.08,0.12,0.07,0.09,0.07,0.08,,,LOW PWM,Negative,No
WP_P148/1,044G,03/06/2009,WP_P148_1.XLS,13/11/2009,12/11/2009,F,,GD,GD,GD,GD,GD,GD,GD,GD,0.44,0.41,0.08,0.06,0.1,0.12,0.06,0.08,,,LOW PWM,Negative,No
WP_P149/1,002P,02/06/2009,WP_P149_1.XLS,13/11/2009,13/11/2009,F,,GD,GD,GD,GD,GD,GD,GD,GD,0.22,0.15,0.06,0.05,0.06,0.07,0.06,0.07,,,LOW PWM,Negative,No
WP_P149/1,004N,02/06/2009,WP_P149_1.XLS,13/11/2009,13/11/2009,F,,GD,GD,GD,GD,GD,GD,GD,GD,0.26,0.18,0.07,0.07,0.06,0.07,0.09,0.09,,,LOW PWM,Negative,No
WP_P149/1,005N,02/06/2009,WP_P149_1.XLS,13/11/2009,13/11/2009,F,,GD,GD,GD,GD,GD,GD,GD,GD,0.21,0.15,0.07,0.07,0.07,0.07,0.09,0.11,,,LOW PWM,Negative,No
WP_P149/1,006N,02/06/2009,WP_P149_1.XLS,13/11/2009,13/11/2009,F,,GD,GD,GD,GD,GD,GD,GD,GD,0.19,0.13,0.07,0.06,0.06,0.06,0.07,0.1,,,LOW PWM,Negative,No
WP_P149/1,007N,02/06/2009,WP_P149_1.XLS,13/11/2009,13/11/2009,F,,GD,GD,GD,GD,GD,GD,GD,GD,0.12,0.09,0.06,0.06,0.06,0.07,0.07,0.08,,,LOW PWM,Negative,No
WP_P149/1,027P,02/06/2009,WP_P149_1.XLS,13/11/2009,13/11/2009,F,,GD,GD,GD,GD,GD,GD,GD,GD,0.17,0.12,0.06,0.05,0.05,0.05,0.05,0.06,,,LOW PWM,Negative,No
WP_P149/1,032P,02/06/2009,WP_P149_1.XLS,13/11/2009,13/11/2009,F,,GD,GD,GD,GD,GD,GD,GD,GD,0.25,0.18,0.09,0.08,0.09,0.08,0.09,0.09,,,LOW PWM,Negative,No
WP_P149/1,D059,02/06/2009,WP_P149_1.XLS,13/11/2009,13/11/2009,F,,GD,GD,GD,GD,GD,GD,GD,GD,0.13,0.1,0.08,0.08,0.07,0.07,0.08,0.12,,,LOW PWM,Negative,No
WP_P15/1,014B,15/08/2006,WP_P15_1.XLS,16/04/2007,06/02/2007,P,,GD,GD,GD,GD,GD,GD,GD,GD,1.95,1.98,0.26,0.25,0.25,0.23,0.24,0.24,NIL AVG HIGH,,,,No
WP_P15/1,016B,15/08/2006,WP_P15_1.XLS,16/04/2007,06/02/2007,P,,GD,GD,GD,GD,GD,GD,GD,GD,1.88,1.83,0.27,0.27,0.27,0.25,0.25,0.26,NIL AVG HIGH,,,,No
WP_P15/1,017B,15/08/2006,WP_P15_1.XLS,16/04/2007,06/02/2007,P,,GD,GD,GD,GD,GD,GD,GD,GD,1.9,1.92,0.25,0.25,0.25,0.24,0.24,0.26,NIL AVG HIGH,,,,No
WP_P15/1,018B,15/08/2006,WP_P15_1.XLS,16/04/2007,06/02/2007,P,,GD,GD,GD,GD,GD,GD,GD,GD,2.29,2.47,0.26,0.27,0.26,0.25,0.24,0.25,NIL AVG HIGH,,,,No
WP_P15/1,063R,15/08/2006,WP_P15_1.XLS,16/04/2007,06/02/2007,,,NS,NS,GD,GD,GD,GD,GD,GD,,,0.26,0.26,0.27,0.28,0.25,0.26,,NO SAMPLE,,,No
WP_P15/1,063W,15/08/2006,WP_P15_1.XLS,16/04/2007,06/02/2007,P,,GD,GD,GD,GD,GD,GD,GD,GD,2.52,2.52,0.26,0.25,0.25,0.24,0.24,0.25,NIL AVG HIGH,,,,No
WP_P15/1,069R,15/08/2006,WP_P15_1.XLS,16/04/2007,06/02/2007,P,,GD,GD,GD,GD,GD,GD,GD,GD,1.58,1.47,0.28,0.25,0.27,0.27,0.24,0.25,NIL AVG HIGH,,,,No
WP_P15/1,096W,15/08/2006,WP_P15_1.XLS,16/04/2007,06/02/2007,P,,GD,GD,GD,GD,GD,GD,GD,GD,2.25,2.3,0.25,0.25,0.27,0.24,0.24,0.24,NIL AVG HIGH,,,,No
WP_P15/2,014B,15/08/2006,WP_P15_2.XLS,17/05/2007,16/05/2007,P,,GD,GD,GD,GD,GD,GD,GD,GD,2.07,2.33,0.06,0.06,0.06,0.06,0.07,0.08,,,,Negative,No
WP_P15/2,016B,15/08/2006,WP_P15_2.XLS,17/05/2007,16/05/2007,P,,GD,GD,GD,GD,GD,GD,GD,GD,1.99,2.15,0.06,0.06,0.06,0.06,0.07,0.08,,,,Negative,No
WP_P15/2,017B,15/08/2006,WP_P15_2.XLS,17/05/2007,16/05/2007,P,,GD,GD,GD,GD,GD,GD,GD,GD,2.06,2.22,0.06,0.06,0.06,0.06,0.07,0.08,,,,Negative,No
WP_P15/2,018B,15/08/2006,WP_P15_2.XLS,17/05/2007,16/05/2007,P,,GD,GD,GD,GD,GD,GD,GD,GD,2.8,2.86,0.06,0.06,0.06,0.06,0.07,0.08,,,,Negative,No
WP_P15/2,063W,15/08/2006,WP_P15_2.XLS,17/05/2007,16/05/2007,,,GD,IV,GD,GD,GD,GD,GD,GD,3.11,,0.06,0.06,0.06,0.05,0.06,0.08,MISSING ODs,,,,No
WP_P15/2,069R,15/08/2006,WP_P15_2.XLS,17/05/2007,16/05/2007,P,,GD,GD,GD,GD,GD,GD,GD,GD,1.79,1.53,0.08,0.07,0.08,0.09,0.08,0.09,,,,Negative,No
WP_P15/2,096W,15/08/2006,WP_P15_2.XLS,17/05/2007,16/05/2007,P,,GD,GD,GD,GD,GD,GD,GD,GD,2.88,2.28,0.06,0.06,0.08,0.06,0.08,0.09,,,,Negative,No
WP_P150/1,008B,02/06/2009,WP_P150_1.XLS,13/11/2009,13/11/2009,F,,GD,GD,GD,GD,GD,GD,GD,GD,0.22,0.23,0.11,0.1,0.12,0.13,0.15,0.14,,,LOW PWM,Negative,No
WP_P150/1,008W,02/06/2009,WP_P150_1.XLS,13/11/2009,13/11/2009,F,,GD,GD,GD,GD,GD,GD,GD,GD,0.39,0.42,0.12,0.12,0.13,0.15,0.18,0.17,,,LOW PWM,Negative,No
WP_P150/1,044Y,02/06/2009,WP_P150_1.XLS,13/11/2009,13/11/2009,F,,GD,GD,GD,GD,GD,GD,GD,GD,0.56,0.57,0.14,0.13,0.16,0.18,0.12,0.13,,,LOW PWM,Negative,No
WP_P150/1,049B,02/06/2009,WP_P150_1.XLS,13/11/2009,13/11/2009,F,,GD,GD,GD,GD,GD,GD,GD,GD,0.26,0.24,0.14,0.15,0.15,0.21,0.2,0.2,,,LOW PWM,Negative,No
WP_P150/1,058Y,02/06/2009,WP_P150_1.XLS,13/11/2009,13/11/2009,F,,GD,GD,GD,GD,GD,GD,GD,GD,0.28,0.27,0.11,0.11,0.11,0.11,0.14,0.14,,,LOW PWM,Negative,No
WP_P150/1,063P,02/06/2009,WP_P150_1.XLS,13/11/2009,13/11/2009,F,,GD,GD,GD,GD,GD,GD,GD,GD,0.3,0.34,0.13,0.13,0.14,0.15,0.16,0.15,,,LOW PWM,Negative,No
WP_P150/1,104W,02/06/2009,WP_P150_1.XLS,13/11/2009,13/11/2009,F,,GD,GD,GD,GD,GD,GD,GD,GD,0.22,0.24,0.11,0.12,0.12,0.13,0.16,0.16,,,LOW PWM,Negative,No
WP_P150/1,I008,02/06/2009,WP_P150_1.XLS,13/11/2009,13/11/2009,F,,GD,GD,GD,GD,GD,GD,GD,GD,0.27,0.25,0.2,0.17,0.16,0.19,0.24,0.23,NIL AVG HIGH,,,,No
WP_P151/1,008N,02/06/2009,WP_P151_1.XLS,13/11/2009,13/11/2009,F,,GD,GD,GD,GD,GD,GD,GD,GD,0.41,0.34,0.11,0.11,0.1,0.11,0.15,0.15,,,LOW PWM,Negative,No
WP_P151/1,009N,02/06/2009,WP_P151_1.XLS,13/11/2009,13/11/2009,F,,GD,GD,GD,GD,GD,GD,GD,GD,1,0.8,0.14,0.1,0.1,0.1,0.12,0.14,,,LOW PWM,Negative,No
WP_P151/1,010N,02/06/2009,WP_P151_1.XLS,13/11/2009,13/11/2009,F,,GD,GD,GD,GD,GD,GD,GD,GD,0.26,0.21,0.1,0.11,0.15,0.12,0.13,0.15,,,LOW PWM,Negative,No
WP_P151/1,011N,02/06/2009,WP_P151_1.XLS,13/11/2009,13/11/2009,F,,GD,GD,GD,GD,GD,GD,GD,GD,0.23,0.19,0.12,0.11,0.11,0.13,0.16,0.15,,,LOW PWM,Negative,No
WP_P151/1,012N,02/06/2009,WP_P151_1.XLS,13/11/2009,13/11/2009,F,,GD,GD,GD,GD,GD,GD,GD,GD,0.32,0.28,0.16,0.29,0.27,0.16,0.18,0.18,,,LOW PWM,Negative,No
WP_P151/1,050G,02/06/2009,WP_P151_1.XLS,13/11/2009,13/11/2009,F,,GD,GD,GD,GD,GD,GD,GD,GD,0.23,0.2,0.11,0.11,0.11,0.12,0.14,0.14,,,LOW PWM,Negative,No
WP_P151/1,051B,02/06/2009,WP_P151_1.XLS,13/11/2009,13/11/2009,F,,GD,GD,GD,GD,GD,GD,GD,GD,0.42,0.39,0.17,0.16,0.25,0.25,0.16,0.16,,,LOW PWM,Positive,No
WP_P151/1,D019,02/06/2009,WP_P151_1.XLS,13/11/2009,13/11/2009,F,,GD,GD,GD,GD,GD,GD,GD,GD,0.57,0.49,0.15,0.15,0.16,0.18,0.18,0.18,,,LOW PWM,Negative,No
WP_P152/1,016P,02/06/2009,WP_P152_1.XLS,13/11/2009,13/11/2009,F,,GD,GD,GD,GD,GD,GD,GD,GD,0.25,0.16,0.08,0.09,0.2,0.09,0.12,0.14,B OUTLIER,,LOW PWM,,No
WP_P152/1,026P,02/06/2009,WP_P152_1.XLS,13/11/2009,13/11/2009,F,,GD,GD,GD,GD,GD,GD,GD,GD,0.23,0.13,0.07,0.07,0.07,0.07,0.09,0.1,,,LOW PWM,Negative,No
WP_P152/1,030P,02/06/2009,WP_P152_1.XLS,13/11/2009,13/11/2009,F,,GD,GD,GD,GD,GD,GD,GD,GD,0.15,0.1,0.09,0.08,0.14,0.11,0.15,0.17,,,LOW PWM,Negative,No
WP_P152/1,033P,02/06/2009,WP_P152_1.XLS,13/11/2009,13/11/2009,F,,GD,GD,GD,GD,GD,GD,GD,GD,0.26,0.16,0.07,0.06,0.07,0.07,0.12,0.15,,,LOW PWM,Negative,No
WP_P152/1,034P,02/06/2009,WP_P152_1.XLS,13/11/2009,13/11/2009,F,,GD,GD,GD,GD,GD,GD,GD,GD,0.22,0.15,0.07,0.06,0.06,0.06,0.09,0.09,,,LOW PWM,Negative,No
WP_P152/1,035P,02/06/2009,WP_P152_1.XLS,13/11/2009,13/11/2009,F,,GD,GD,GD,GD,GD,GD,GD,GD,0.23,0.16,0.07,0.07,0.07,0.08,0.14,0.13,,,LOW PWM,Negative,No
WP_P152/1,037P,02/06/2009,WP_P152_1.XLS,13/11/2009,13/11/2009,F,,GD,GD,GD,GD,GD,GD,GD,GD,0.18,0.14,0.07,0.06,0.06,0.07,0.1,0.1,,,LOW PWM,Negative,No
WP_P152/1,038P,02/06/2009,WP_P152_1.XLS,13/11/2009,13/11/2009,F,,GD,GD,GD,GD,GD,GD,GD,GD,0.19,0.13,0.08,0.07,0.09,0.08,0.11,0.13,,,LOW PWM,Negative,No
WP_P153/1,017R,02/06/2009,WP_P153_1.XLS,13/11/2009,13/11/2009,F,,GD,GD,GD,GD,GD,GD,GD,GD,0.2,0.18,0.1,0.1,0.15,0.15,0.16,0.17,,,LOW PWM,Positive,No
WP_P153/1,043P,02/06/2009,WP_P153_1.XLS,13/11/2009,13/11/2009,F,,GD,GD,GD,GD,GD,GD,GD,GD,0.28,0.25,0.11,0.1,0.11,0.13,0.13,0.14,,,LOW PWM,Negative,No
WP_P153/1,043W,02/06/2009,WP_P153_1.XLS,13/11/2009,13/11/2009,F,,GD,GD,GD,GD,GD,GD,GD,GD,0.18,0.18,0.11,0.11,0.11,0.13,0.16,0.17,,,LOW PWM,Negative,No
WP_P153/1,044P,02/06/2009,WP_P153_1.XLS,13/11/2009,13/11/2009,F,,GD,GD,GD,GD,GD,GD,GD,GD,0.28,0.27,0.1,0.1,0.13,0.11,0.11,0.12,,,LOW PWM,Negative,No
WP_P153/1,062P,02/06/2009,WP_P153_1.XLS,13/11/2009,13/11/2009,F,,GD,GD,GD,GD,GD,GD,GD,GD,0.19,0.17,0.09,0.09,0.1,0.1,0.11,0.11,,,LOW PWM,Negative,No
WP_P153/1,064P,02/06/2009,WP_P153_1.XLS,13/11/2009,13/11/2009,F,,GD,GD,GD,GD,GD,GD,GD,GD,0.27,0.25,0.12,0.11,0.12,0.13,0.13,0.15,,,LOW PWM,Negative,No
WP_P153/1,082W,02/06/2009,WP_P153_1.XLS,13/11/2009,13/11/2009,F,,GD,GD,GD,GD,GD,GD,GD,GD,0.16,0.16,0.12,0.12,0.13,0.12,0.16,0.15,,,LOW PWM,Negative,No
WP_P153/1,Q081,02/06/2009,WP_P153_1.XLS,13/11/2009,13/11/2009,F,,GD,GD,GD,GD,GD,GD,GD,GD,0.54,0.47,0.12,0.1,0.11,0.11,0.16,0.16,,,LOW PWM,Negative,No
WP_P154/1,010Y,02/06/2009,WP_P154_1.XLS,13/11/2009,13/11/2009,F,,GD,GD,GD,GD,GD,GD,GD,GD,0.2,0.21,0.16,0.16,0.16,0.15,0.18,0.25,,,LOW PWM,Negative,No
WP_P154/1,049Y,02/06/2009,WP_P154_1.XLS,13/11/2009,13/11/2009,F,,GD,GD,GD,GD,GD,GD,GD,GD,0.21,0.17,0.13,0.11,0.12,0.13,0.17,0.18,,,LOW PWM,Negative,No
WP_P154/1,061Y,02/06/2009,WP_P154_1.XLS,13/11/2009,13/11/2009,F,,GD,GD,GD,GD,GD,GD,GD,GD,0.24,0.23,0.11,0.11,0.12,0.13,0.15,0.16,,,LOW PWM,Negative,No
WP_P154/1,065Y,02/06/2009,WP_P154_1.XLS,13/11/2009,13/11/2009,F,,GD,GD,GD,GD,GD,GD,GD,GD,0.34,0.28,0.13,0.1,0.12,0.16,0.15,0.16,,,LOW PWM,Negative,No
WP_P155/1,002P,21/07/2009,WP_P155_1.XLS,13/11/2009,13/11/2009,F,,GD,GD,GD,GD,GD,GD,GD,GD,0.22,0.21,0.14,0.15,0.1,0.12,0.16,0.14,,,LOW PWM,Negative,No
WP_P155/1,025P,21/07/2009,WP_P155_1.XLS,13/11/2009,13/11/2009,F,,GD,GD,GD,GD,GD,GD,GD,GD,0.35,0.33,0.12,0.09,0.13,0.08,0.09,0.09,,,LOW PWM,Negative,No
WP_P155/1,026P,21/07/2009,WP_P155_1.XLS,13/11/2009,13/11/2009,F,,GD,GD,GD,GD,GD,GD,GD,GD,0.32,0.3,0.1,0.11,0.11,0.11,0.14,0.11,,,LOW PWM,Negative,No
WP_P155/1,027P,21/07/2009,WP_P155_1.XLS,13/11/2009,13/11/2009,F,,GD,GD,GD,GD,GD,GD,GD,GD,0.16,0.13,0.09,0.08,0.08,0.1,0.09,0.09,,,LOW PWM,Negative,No
WP_P155/1,034P,21/07/2009,WP_P155_1.XLS,13/11/2009,13/11/2009,F,,GD,GD,GD,GD,GD,GD,GD,GD,0.32,0.26,0.1,0.1,0.08,0.09,0.11,0.1,,,LOW PWM,Negative,No
WP_P155/1,035P,21/07/2009,WP_P155_1.XLS,13/11/2009,13/11/2009,F,,GD,GD,GD,GD,GD,GD,GD,GD,0.25,0.24,0.1,0.1,0.17,0.1,0.13,0.14,,,LOW PWM,Negative,No
WP_P155/1,038B,21/07/2009,WP_P155_1.XLS,13/11/2009,13/11/2009,F,,GD,GD,GD,GD,GD,GD,GD,GD,0.4,0.36,0.08,0.09,0.1,0.1,0.1,0.11,,,LOW PWM,Negative,No
WP_P155/1,038P,21/07/2009,WP_P155_1.XLS,13/11/2009,13/11/2009,F,,GD,GD,GD,GD,GD,GD,GD,GD,0.24,0.22,0.14,0.22,0.12,0.13,0.16,0.17,,,LOW PWM,Negative,No
WP_P156/1,043P,21/07/2009,WP_P156_1.XLS,13/11/2009,13/11/2009,F,,GD,GD,GD,GD,GD,GD,GD,GD,0.47,0.48,0.1,0.11,0.09,0.09,0.14,0.14,,,LOW PWM,Negative,No
WP_P156/1,044P,21/07/2009,WP_P156_1.XLS,13/11/2009,13/11/2009,F,,GD,GD,GD,GD,GD,GD,GD,GD,0.14,0.13,0.09,0.11,0.1,0.12,0.15,0.15,,,LOW PWM,Negative,No
WP_P156/1,049B,21/07/2009,WP_P156_1.XLS,13/11/2009,13/11/2009,F,,GD,GD,GD,GD,GD,GD,GD,GD,0.32,0.31,0.08,0.07,0.1,0.09,0.1,0.23,,,LOW PWM,Negative,No
WP_P156/1,050G,21/07/2009,WP_P156_1.XLS,13/11/2009,13/11/2009,F,,GD,GD,GD,GD,GD,GD,GD,GD,0.25,0.22,0.08,0.09,0.1,0.1,0.13,0.1,,,LOW PWM,Negative,No
WP_P156/1,050Y,21/07/2009,WP_P156_1.XLS,13/11/2009,13/11/2009,F,,GD,GD,GD,GD,GD,GD,GD,GD,0.17,0.15,0.07,0.07,0.08,0.08,0.1,0.09,,,LOW PWM,Negative,No
WP_P156/1,061Y,21/07/2009,WP_P156_1.XLS,13/11/2009,13/11/2009,P,,GD,GD,GD,GD,GD,GD,GD,GD,1.09,1.06,0.67,0.72,0.64,0.66,0.71,0.7,NIL AVG HIGH,,,,No
WP_P156/1,082W,21/07/2009,WP_P156_1.XLS,13/11/2009,13/11/2009,F,,GD,GD,GD,GD,GD,GD,GD,GD,0.45,0.16,0.08,0.08,0.09,0.16,0.1,0.11,,,LOW PWM,Positive,No
WP_P156/1,I008,21/07/2009,WP_P156_1.XLS,13/11/2009,13/11/2009,F,,GD,GD,GD,GD,GD,GD,GD,GD,0.32,0.31,0.1,0.1,0.1,0.1,0.12,0.13,,,LOW PWM,Negative,No
WP_P157/1,005N,21/07/2009,WP_P157_1.XLS,19/11/2009,19/11/2009,F,,GD,GD,GD,GD,GD,GD,GD,GD,0.33,0.29,0.11,0.1,0.1,0.1,0.13,0.15,,,LOW PWM,Negative,No
WP_P157/1,007N,21/07/2009,WP_P157_1.XLS,19/11/2009,19/11/2009,F,,GD,GD,GD,GD,GD,GD,GD,GD,0.22,0.18,0.07,0.08,0.07,0.12,0.08,0.09,,,LOW PWM,Negative,No
WP_P157/1,008N,21/07/2009,WP_P157_1.XLS,19/11/2009,19/11/2009,F,,GD,GD,GD,GD,GD,GD,GD,GD,0.17,0.14,0.11,0.08,0.13,0.15,0.1,0.11,,,LOW PWM,Positive,No
WP_P157/1,009N,21/07/2009,WP_P157_1.XLS,19/11/2009,19/11/2009,F,,GD,GD,GD,GD,GD,GD,GD,GD,0.23,0.19,0.09,0.09,0.09,0.09,0.14,0.12,,,LOW PWM,Negative,No
WP_P157/1,013N,21/07/2009,WP_P157_1.XLS,19/11/2009,19/11/2009,F,,GD,GD,GD,GD,GD,GD,GD,GD,0.3,0.22,0.09,0.09,0.09,0.12,0.12,0.13,,,LOW PWM,Negative,No
WP_P157/1,014N,21/07/2009,WP_P157_1.XLS,19/11/2009,19/11/2009,F,,GD,GD,GD,GD,GD,GD,GD,GD,0.3,0.25,0.16,0.07,0.1,0.08,0.08,0.08,,,LOW PWM,Negative,No
WP_P157/1,015N,21/07/2009,WP_P157_1.XLS,19/11/2009,19/11/2009,F,,GD,GD,GD,GD,GD,GD,GD,GD,0.46,0.38,0.19,0.09,0.08,0.08,0.09,0.1,,,LOW PWM,Negative,No
WP_P157/1,017N,21/07/2009,WP_P157_1.XLS,19/11/2009,19/11/2009,F,,GD,GD,GD,GD,GD,GD,GD,GD,0.65,0.61,0.11,0.13,0.21,0.09,0.12,0.12,B OUTLIER,,LOW PWM,,No
WP_P158/1,016P,21/07/2009,WP_P158_1.XLS,19/11/2009,19/11/2009,F,,GD,GD,GD,GD,GD,GD,GD,GD,0.25,0.21,0.16,0.11,0.12,0.13,0.12,0.2,,,LOW PWM,Negative,No
WP_P158/1,019N,21/07/2009,WP_P158_1.XLS,19/11/2009,19/11/2009,F,,GD,GD,GD,GD,GD,GD,GD,GD,0.35,0.34,0.09,0.11,0.09,0.14,0.11,0.12,,,LOW PWM,Negative,No
WP_P158/1,021N,21/07/2009,WP_P158_1.XLS,19/11/2009,19/11/2009,F,,GD,GD,GD,GD,GD,GD,GD,GD,0.36,0.31,0.09,0.07,0.23,0.27,0.1,0.1,,,LOW PWM,Positive,No
WP_P158/1,022N,21/07/2009,WP_P158_1.XLS,19/11/2009,19/11/2009,F,,GD,GD,GD,GD,GD,GD,GD,GD,0.23,0.19,0.1,0.09,0.12,0.15,0.1,0.1,,,LOW PWM,Negative,No
WP_P158/1,030P,21/07/2009,WP_P158_1.XLS,19/11/2009,19/11/2009,F,,GD,GD,GD,GD,GD,GD,GD,GD,0.2,0.19,0.09,0.09,0.08,0.07,0.08,0.08,,,LOW PWM,Negative,No
WP_P158/1,033P,21/07/2009,WP_P158_1.XLS,19/11/2009,19/11/2009,F,,GD,GD,GD,GD,GD,GD,GD,GD,0.22,0.2,0.11,0.11,0.09,0.09,0.11,0.13,,,LOW PWM,Negative,No
WP_P159/1,023N,13/10/2009,WP_159_1.XLS,19/11/2009,19/11/2009,F,,GD,GD,GD,GD,GD,GD,GD,GD,0.23,0.17,0.08,0.09,0.09,0.1,0.09,0.09,,,LOW PWM,Negative,No
WP_P159/1,024N,13/10/2009,WP_159_1.XLS,19/11/2009,19/11/2009,F,,GD,GD,GD,GD,GD,GD,GD,GD,0.45,0.31,0.07,0.07,0.09,0.08,0.08,0.08,,,LOW PWM,Negative,No
WP_P159/1,025N,13/10/2009,WP_159_1.XLS,19/11/2009,19/11/2009,F,,GD,GD,GD,GD,GD,GD,GD,GD,0.15,0.1,0.07,0.07,0.07,0.12,0.08,0.11,,,LOW PWM,Negative,No
WP_P159/1,026N,13/10/2009,WP_159_1.XLS,19/11/2009,19/11/2009,F,,GD,GD,GD,GD,GD,GD,GD,GD,0.09,0.08,0.07,0.07,0.07,0.08,0.08,0.09,,,LOW PWM,Negative,No
WP_P159/1,027N,13/10/2009,WP_159_1.XLS,19/11/2009,19/11/2009,F,,GD,GD,GD,GD,GD,GD,GD,GD,0.18,0.16,0.08,0.07,0.08,0.1,0.1,0.16,,,LOW PWM,Negative,No
WP_P159/1,029N,13/10/2009,WP_159_1.XLS,19/11/2009,19/11/2009,F,,GD,GD,GD,GD,GD,GD,GD,GD,0.08,0.08,0.1,0.08,0.31,0.11,0.09,0.1,B OUTLIER,,LOW PWM,,No
WP_P16/1,019B,15/08/2006,WP_P16_1.XLS,16/04/2007,06/02/2007,P,,GD,GD,GD,GD,GD,GD,GD,GD,2.55,2.65,0.24,0.24,0.25,0.25,0.25,0.27,NIL AVG HIGH,,,,No
WP_P16/1,022B,15/08/2006,WP_P16_1.XLS,16/04/2007,06/02/2007,P,,GD,GD,GD,GD,GD,GD,GD,GD,2.19,2.24,0.23,0.24,0.23,0.23,0.28,0.26,NIL AVG HIGH,,,,No
WP_P16/1,023B,15/08/2006,WP_P16_1.XLS,16/04/2007,06/02/2007,P,,GD,GD,GD,GD,GD,GD,GD,GD,2.76,2.76,0.25,0.25,0.24,0.24,0.24,0.25,NIL AVG HIGH,,,,No
WP_P16/1,025B,15/08/2006,WP_P16_1.XLS,16/04/2007,06/02/2007,P,,GD,GD,GD,GD,GD,GD,GD,GD,2.13,2.17,0.24,0.24,0.24,0.23,0.24,0.25,NIL AVG HIGH,,,,No
WP_P16/1,030B,15/08/2006,WP_P16_1.XLS,16/04/2007,06/02/2007,P,,GD,GD,GD,GD,GD,GD,GD,GD,1.86,1.76,0.24,0.23,0.23,0.22,0.23,0.23,NIL AVG HIGH,,,,No
WP_P16/1,032B,15/08/2006,WP_P16_1.XLS,16/04/2007,06/02/2007,P,,GD,GD,GD,GD,GD,GD,GD,GD,2.4,2.45,0.25,0.25,0.24,0.25,0.25,0.26,NIL AVG HIGH,,,,No
WP_P16/1,034B,15/08/2006,WP_P16_1.XLS,16/04/2007,06/02/2007,P,,GD,GD,GD,GD,GD,GD,GD,GD,2.67,2.72,0.24,0.23,0.27,0.26,0.25,0.26,NIL AVG HIGH,,,,No
WP_P16/1,035B,15/08/2006,WP_P16_1.XLS,16/04/2007,06/02/2007,P,,GD,GD,GD,GD,GD,GD,GD,GD,2.31,2.18,0.25,0.24,0.25,0.25,0.25,0.25,NIL AVG HIGH,,,,No
WP_P16/2,019B,15/08/2006,WP_P16_2.XLS,17/05/2007,16/05/2007,P,,GD,GD,GD,GD,GD,GD,GD,GD,2.76,2.66,0.06,0.08,0.07,0.15,0.09,0.11,B OUTLIER,,,,No
WP_P16/2,022B,15/08/2006,WP_P16_2.XLS,17/05/2007,16/05/2007,P,,GD,GD,GD,GD,GD,GD,GD,GD,2.46,1.78,0.07,0.06,0.06,0.06,0.11,0.13,,,,Negative,No
WP_P16/2,023B,15/08/2006,WP_P16_2.XLS,17/05/2007,16/05/2007,P,,GD,GD,GD,GD,GD,GD,GD,GD,2.78,2.82,0.08,0.07,0.06,0.06,0.17,0.09,,,,Negative,No
WP_P16/2,025B,15/08/2006,WP_P16_2.XLS,17/05/2007,16/05/2007,P,,GD,GD,GD,GD,GD,GD,GD,GD,2.24,2.71,0.08,0.07,0.06,0.06,0.63,0.11,NIL AVG HIGH,,,,No
WP_P16/2,030B,15/08/2006,WP_P16_2.XLS,17/05/2007,16/05/2007,P,,GD,GD,GD,GD,GD,GD,GD,GD,2.41,2.02,0.12,0.11,0.06,0.07,0.23,0.18,,,,Negative,No
WP_P16/2,032B,15/08/2006,WP_P16_2.XLS,17/05/2007,16/05/2007,P,,GD,GD,GD,GD,GD,GD,GD,GD,2.25,2.59,0.06,0.09,0.19,0.08,0.44,0.21,NIL AVG HIGH,,,,No
WP_P16/2,034B,15/08/2006,WP_P16_2.XLS,17/05/2007,16/05/2007,P,,GD,GD,GD,GD,GD,GD,GD,GD,2.84,3,0.09,0.11,0.1,0.09,0.35,0.15,NIL AVG HIGH,,,,No
WP_P16/2,035B,15/08/2006,WP_P16_2.XLS,17/05/2007,16/05/2007,P,,GD,GD,GD,GD,GD,GD,GD,GD,2.75,2.69,0.08,0.16,0.08,0.07,0.12,0.09,,,,Negative,No
WP_P160/1,031N,13/10/2009,WP_P160_1.XLS,19/11/2009,19/11/2009,F,,GD,GD,GD,GD,GD,GD,GD,GD,0.12,0.13,0.11,0.09,0.09,0.09,0.1,0.11,,,LOW PWM,Negative,No
WP_P160/1,032N,13/10/2009,WP_P160_1.XLS,19/11/2009,19/11/2009,F,,GD,GD,GD,GD,GD,GD,GD,GD,0.18,0.15,0.07,0.07,0.09,0.11,0.08,0.1,,,LOW PWM,Negative,No
WP_P160/1,033N,13/10/2009,WP_P160_1.XLS,19/11/2009,19/11/2009,F,,GD,GD,GD,GD,GD,GD,GD,GD,0.14,0.12,0.07,0.07,0.08,0.09,0.09,0.08,,,LOW PWM,Negative,No
WP_P160/1,034N,13/10/2009,WP_P160_1.XLS,19/11/2009,19/11/2009,F,,GD,GD,GD,GD,GD,GD,GD,GD,0.1,0.08,0.06,0.07,0.07,0.07,0.08,0.08,,,LOW PWM,Negative,No
WP_P160/1,035N,13/10/2009,WP_P160_1.XLS,19/11/2009,19/11/2009,F,,GD,GD,GD,GD,GD,GD,GD,GD,0.22,0.18,0.07,0.07,0.11,0.1,0.2,0.1,,,LOW PWM,Negative,No
WP_P160/1,037N,13/10/2009,WP_P160_1.XLS,19/11/2009,19/11/2009,F,,GD,GD,GD,GD,GD,GD,GD,GD,0.15,0.14,0.1,0.09,0.11,0.13,0.12,0.11,,,LOW PWM,Negative,No
WP_P160/1,038N,13/10/2009,WP_P160_1.XLS,19/11/2009,19/11/2009,F,,GD,GD,GD,GD,GD,GD,GD,GD,0.1,0.09,0.15,0.15,0.08,0.24,0.14,0.11,B OUTLIER,,LOW PWM,,No
WP_P161/1,010Y,21/07/2009,WP_P161_1.XLS,19/11/2009,19/11/2009,F,,GD,GD,GD,GD,GD,GD,GD,GD,0.33,0.18,0.15,0.14,0.26,0.14,0.15,0.15,,,LOW PWM,Positive,No
WP_P161/1,043W,21/07/2009,WP_P161_1.XLS,19/11/2009,19/11/2009,F,,GD,GD,GD,GD,GD,GD,GD,GD,0.24,0.2,0.12,0.12,0.11,0.12,0.13,0.16,,,LOW PWM,Negative,No
WP_P161/1,045Y,21/07/2009,WP_P161_1.XLS,19/11/2009,19/11/2009,F,,GD,GD,GD,GD,GD,GD,GD,GD,0.14,0.12,0.13,0.12,0.13,0.11,0.12,0.14,,,LOW PWM,Negative,No
WP_P161/1,058Y,21/07/2009,WP_P161_1.XLS,19/11/2009,19/11/2009,F,,GD,GD,GD,GD,GD,GD,GD,GD,0.16,0.14,0.14,0.12,0.13,0.1,0.12,0.15,,,LOW PWM,Negative,No
WP_P161/1,062P,21/07/2009,WP_P161_1.XLS,19/11/2009,19/11/2009,F,,GD,GD,GD,GD,GD,GD,GD,GD,0.24,0.23,0.12,0.15,0.11,0.13,0.12,0.14,,,LOW PWM,Negative,No
WP_P161/1,063P,21/07/2009,WP_P161_1.XLS,19/11/2009,19/11/2009,F,,GD,GD,GD,GD,GD,GD,GD,GD,0.31,0.24,0.12,0.12,0.11,0.13,0.11,0.12,,,LOW PWM,Negative,No
WP_P161/1,064P,21/07/2009,WP_P161_1.XLS,19/11/2009,19/11/2009,F,,GD,GD,GD,GD,GD,GD,GD,GD,0.21,0.17,0.12,0.11,0.13,0.15,0.15,0.15,,,LOW PWM,Negative,No
WP_P161/1,Q081,21/07/2009,WP_P161_1.XLS,19/11/2009,19/11/2009,F,,GD,GD,GD,GD,GD,GD,GD,GD,0.53,0.37,0.11,0.08,0.11,0.11,0.12,0.14,,,LOW PWM,Negative,No
WP_P162/1,039N,13/10/2009,WP_P162_1.XLS,17/11/2009,17/11/2009,F,,GD,GD,GD,GD,GD,GD,GD,GD,0.1,0.08,0.08,0.07,0.07,0.1,0.1,0.12,,,LOW PWM,Negative,No
WP_P162/1,040N,13/10/2009,WP_P162_1.XLS,17/11/2009,17/11/2009,F,,GD,GD,GD,GD,GD,GD,GD,GD,0.46,0.33,0.09,0.09,0.09,0.1,0.11,0.12,,,LOW PWM,Negative,No
WP_P162/1,041N,13/10/2009,WP_P162_1.XLS,17/11/2009,17/11/2009,F,,GD,GD,GD,GD,GD,GD,GD,GD,0.24,0.16,0.12,0.1,0.1,0.15,0.08,0.08,,,LOW PWM,Negative,No
WP_P162/1,051R,13/10/2009,WP_P162_1.XLS,17/11/2009,17/11/2009,F,,GD,GD,GD,GD,GD,GD,GD,GD,0.12,0.08,0.09,0.09,0.17,0.09,0.09,0.1,B OUTLIER,,LOW PWM,,No
WP_P162/1,055P,13/10/2009,WP_P162_1.XLS,17/11/2009,17/11/2009,F,,GD,GD,GD,GD,GD,GD,GD,GD,0.26,0.13,0.09,0.08,0.11,0.08,0.12,0.12,,,LOW PWM,Negative,No
WP_P162/1,056P,13/10/2009,WP_P162_1.XLS,17/11/2009,17/11/2009,F,,GD,GD,GD,GD,GD,GD,GD,GD,0.22,0.14,0.09,0.09,0.07,0.07,0.14,0.17,,,LOW PWM,Negative,No
WP_P162/1,057P,13/10/2009,WP_P162_1.XLS,17/11/2009,17/11/2009,F,,GD,GD,GD,GD,GD,GD,GD,GD,0.11,0.07,0.12,0.07,0.09,0.08,0.11,0.13,,,LOW PWM,Negative,No
WP_P162/1,060P,13/10/2009,WP_P162_1.XLS,17/11/2009,17/11/2009,F,,GD,GD,GD,GD,GD,GD,GD,GD,0.33,0.2,0.09,0.08,0.08,0.08,0.14,0.16,,,LOW PWM,Negative,No
WP_P163/1,027Y,13/10/2009,WP_P163_1.XLS,17/11/2009,17/11/2009,F,,GD,GD,GD,GD,GD,GD,GD,GD,0.19,0.14,0.09,0.09,0.15,0.13,0.12,0.12,,,LOW PWM,Positive,No
WP_P163/1,031Y,13/10/2009,WP_P163_1.XLS,17/11/2009,17/11/2009,F,,GD,GD,GD,GD,GD,GD,GD,GD,0.21,0.17,0.1,0.1,0.15,0.11,0.12,0.13,,,LOW PWM,Negative,No
WP_P163/1,038Y,13/10/2009,WP_P163_1.XLS,17/11/2009,17/11/2009,F,,GD,GD,GD,GD,GD,GD,GD,GD,0.21,0.2,0.09,0.1,0.12,0.13,0.12,0.11,,,LOW PWM,Negative,No
WP_P163/1,056Y,13/10/2009,WP_P163_1.XLS,17/11/2009,17/11/2009,F,,GD,GD,GD,GD,GD,GD,GD,GD,0.72,0.39,0.14,0.12,0.16,0.12,0.12,0.11,,,LOW PWM,Negative,No
WP_P163/1,060R,13/10/2009,WP_P163_1.XLS,17/11/2009,17/11/2009,F,,GD,GD,GD,GD,GD,IV,GD,GD,0.16,0.14,0.12,0.12,0.07,,0.17,0.18,MISSING ODs,,,,No
WP_P163/1,063Y,13/10/2009,WP_P163_1.XLS,17/11/2009,17/11/2009,F,,GD,GD,GD,GD,GD,GD,GD,GD,0.11,0.11,0.1,0.1,0.13,0.12,0.11,0.11,,,LOW PWM,Negative,No
WP_P164/1,035B,14/10/2009,WP_P164_1.XLS,17/11/2009,17/11/2009,F,,GD,GD,GD,GD,GD,GD,GD,GD,0.19,0.18,0.16,0.15,0.17,0.19,0.21,0.21,,,LOW PWM,Negative,No
WP_P164/1,042N,14/10/2009,WP_P164_1.XLS,17/11/2009,17/11/2009,F,,GD,GD,GD,GD,GD,GD,GD,GD,0.4,0.39,0.15,0.12,0.11,0.1,0.11,0.11,,,LOW PWM,Negative,No
WP_P164/1,043N,14/10/2009,WP_P164_1.XLS,17/11/2009,17/11/2009,F,,GD,GD,GD,GD,GD,GD,GD,GD,0.3,0.29,0.1,0.1,0.14,0.14,0.1,0.11,,,LOW PWM,Negative,No
WP_P164/1,044N,14/10/2009,WP_P164_1.XLS,17/11/2009,17/11/2009,F,,GD,GD,GD,GD,GD,GD,GD,GD,0.25,0.26,0.17,0.11,0.16,0.16,0.12,0.12,,,LOW PWM,Negative,No
WP_P164/1,065W,14/10/2009,WP_P164_1.XLS,17/11/2009,17/11/2009,F,,GD,GD,GD,GD,GD,GD,GD,GD,0.34,0.33,0.11,0.12,0.12,0.12,0.15,0.16,,,LOW PWM,Negative,No
WP_P164/1,069W,14/10/2009,WP_P164_1.XLS,17/11/2009,17/11/2009,F,,GD,GD,GD,GD,GD,GD,GD,GD,0.16,0.15,0.09,0.1,0.08,0.09,0.13,0.14,,,LOW PWM,Negative,No
WP_P164/1,103W,14/10/2009,WP_P164_1.XLS,17/11/2009,17/11/2009,F,,GD,GD,GD,GD,GD,GD,GD,GD,0.42,0.4,0.12,0.12,0.11,0.1,0.13,0.13,,,LOW PWM,Negative,No
WP_P164/1,U008,14/10/2009,WP_P164_1.XLS,17/11/2009,17/11/2009,F,,GD,GD,GD,GD,GD,GD,GD,GD,0.23,0.22,0.12,0.12,0.12,0.12,0.12,0.13,,,LOW PWM,Negative,No
WP_P165/1,003N,27/10/2009,WP_P165_1.XLS,17/11/2009,17/11/2009,F,,GD,GD,GD,GD,GD,GD,GD,GD,0.64,0.6,0.11,0.1,0.14,0.11,0.14,0.14,,,LOW PWM,Negative,No
WP_P165/1,009P,27/10/2009,WP_P165_1.XLS,17/11/2009,17/11/2009,F,,GD,GD,GD,GD,GD,GD,GD,GD,0.75,0.77,0.09,0.14,0.09,0.11,0.11,0.11,,,LOW PWM,Negative,No
WP_P165/1,014P,27/10/2009,WP_P165_1.XLS,17/11/2009,17/11/2009,F,,GD,GD,GD,GD,GD,GD,GD,GD,0.53,0.52,0.1,0.1,0.11,0.11,0.14,0.13,,,LOW PWM,Negative,No
WP_P165/1,015P,27/10/2009,WP_P165_1.XLS,17/11/2009,17/11/2009,F,,GD,GD,GD,GD,GD,GD,GD,GD,0.59,0.5,0.1,0.09,0.11,0.11,0.12,0.12,,,LOW PWM,Negative,No
WP_P165/1,045N,27/10/2009,WP_P165_1.XLS,17/11/2009,17/11/2009,F,,GD,GD,GD,GD,GD,GD,GD,GD,0.33,0.32,0.1,0.1,0.11,0.15,0.15,0.13,,,LOW PWM,Negative,No
WP_P165/1,045P,27/10/2009,WP_P165_1.XLS,17/11/2009,17/11/2009,F,,GD,GD,GD,GD,GD,GD,GD,GD,0.83,0.72,0.08,0.08,0.09,0.1,0.09,0.09,,,LOW PWM,Negative,No
WP_P165/1,046N,27/10/2009,WP_P165_1.XLS,17/11/2009,17/11/2009,F,,GD,GD,GD,GD,GD,GD,GD,GD,0.65,0.57,0.1,0.09,0.09,0.09,0.11,0.11,,,LOW PWM,Negative,No
WP_P165/1,067P,27/10/2009,WP_P165_1.XLS,17/11/2009,17/11/2009,F,,GD,GD,GD,GD,GD,GD,GD,GD,0.35,0.31,0.08,0.08,0.09,0.08,0.1,0.1,,,LOW PWM,Negative,No
WP_P166/1,002N,27/10/2009,WP_P166_1.XLS,17/11/2009,17/11/2009,P,,GD,GD,GD,GD,GD,GD,GD,GD,1.03,1.07,0.14,0.14,0.12,0.13,0.15,0.13,,,,Negative,No
WP_P166/1,008P,27/10/2009,WP_P166_1.XLS,17/11/2009,17/11/2009,F,,GD,GD,GD,GD,GD,GD,GD,GD,0.44,0.39,0.1,0.1,0.11,0.11,0.12,0.12,,,LOW PWM,Negative,No
WP_P166/1,018P,27/10/2009,WP_P166_1.XLS,17/11/2009,17/11/2009,F,,GD,GD,GD,GD,GD,GD,GD,GD,0.23,0.23,0.09,0.08,0.08,0.09,0.1,0.11,,,LOW PWM,Negative,No
WP_P166/1,020P,27/10/2009,WP_P166_1.XLS,17/11/2009,17/11/2009,F,,GD,GD,GD,GD,GD,GD,GD,GD,0.6,0.52,0.25,0.22,0.16,0.15,0.24,0.31,NIL AVG HIGH,,,,No
WP_P166/1,020Y,27/10/2009,WP_P166_1.XLS,17/11/2009,17/11/2009,F,,GD,GD,GD,GD,GD,GD,GD,GD,0.37,0.37,0.16,0.12,0.16,0.12,0.12,0.12,,,LOW PWM,Negative,No
WP_P166/1,046P,27/10/2009,WP_P166_1.XLS,17/11/2009,17/11/2009,F,,GD,GD,GD,GD,GD,GD,GD,GD,0.3,0.29,0.13,0.11,0.11,0.1,0.12,0.11,,,LOW PWM,Negative,No
WP_P166/1,047P,27/10/2009,WP_P166_1.XLS,17/11/2009,17/11/2009,F,,GD,GD,GD,GD,GD,GD,GD,GD,0.52,0.44,0.13,0.12,0.13,0.15,0.16,0.23,,,LOW PWM,Negative,No
WP_P166/1,Q007,27/10/2009,WP_P166_1.XLS,17/11/2009,17/11/2009,F,,GD,GD,GD,GD,GD,GD,GD,GD,0.36,0.38,0.1,0.1,0.11,0.09,0.13,0.14,,,LOW PWM,Negative,No
WP_P167/1,011Y,27/10/2009,WP_P167_1.XLS,17/11/2009,17/11/2009,F,,GD,GD,GD,GD,GD,GD,GD,GD,0.21,0.18,0.07,0.09,0.13,0.07,0.11,0.13,,,LOW PWM,Negative,No
WP_P167/1,047N,27/10/2009,WP_P167_1.XLS,17/11/2009,17/11/2009,F,,GD,GD,GD,GD,GD,GD,GD,GD,0.43,0.39,0.08,0.09,0.09,0.1,0.09,0.17,,,LOW PWM,Negative,No
WP_P167/1,052W,27/10/2009,WP_P167_1.XLS,17/11/2009,17/11/2009,F,,GD,GD,GD,GD,GD,GD,GD,GD,0.17,0.15,0.08,0.09,0.11,0.1,0.08,0.08,,,LOW PWM,Negative,No
WP_P167/1,070Y,27/10/2009,WP_P167_1.XLS,17/11/2009,17/11/2009,F,,GD,GD,GD,GD,GD,GD,GD,GD,0.2,0.17,0.07,0.07,0.07,0.07,0.09,0.1,,,LOW PWM,Negative,No
WP_P168/1,012B,28/10/2009,WP_P168_1.XLS,17/11/2009,17/11/2009,F,,GD,GD,GD,GD,GD,GD,GD,GD,0.46,0.45,0.08,0.08,0.11,0.1,0.11,0.19,,,LOW PWM,Negative,No
WP_P168/1,034Y,28/10/2009,WP_P168_1.XLS,17/11/2009,17/11/2009,F,,GD,GD,GD,GD,GD,GD,GD,IV,0.3,0.25,0.08,0.08,0.11,0.11,0.07,,MISSING ODs,,,,No
WP_P168/1,040R,28/10/2009,WP_P168_1.XLS,17/11/2009,17/11/2009,F,,GD,GD,GD,GD,GD,GD,GD,GD,0.47,0.41,0.09,0.09,0.13,0.09,0.12,0.12,,,LOW PWM,Negative,No
WP_P168/1,048N,28/10/2009,WP_P168_1.XLS,17/11/2009,17/11/2009,P,,GD,GD,GD,GD,GD,GD,GD,GD,1.11,1.23,0.11,0.07,0.07,0.07,0.09,0.1,,,,Negative,No
WP_P168/1,056B,28/10/2009,WP_P168_1.XLS,17/11/2009,17/11/2009,F,,GD,GD,GD,GD,GD,GD,GD,GD,0.42,0.42,0.1,0.1,0.14,0.13,0.35,0.18,NIL AVG HIGH,,,,No
WP_P169/1,005N,03/11/2009,WP_P169_1.XLS,17/11/2009,17/11/2009,F,,GD,GD,GD,GD,GD,GD,GD,GD,0.83,0.78,0.11,0.09,0.1,0.1,0.11,0.13,,,LOW PWM,Negative,No
WP_P169/1,013N,03/11/2009,WP_P169_1.XLS,17/11/2009,17/11/2009,F,,GD,GD,GD,GD,GD,GD,GD,GD,0.5,0.42,0.09,0.09,0.09,0.11,0.11,0.11,,,LOW PWM,Negative,No
WP_P169/1,014N,03/11/2009,WP_P169_1.XLS,17/11/2009,17/11/2009,F,,GD,GD,GD,GD,GD,GD,GD,GD,0.35,0.32,0.09,0.09,0.14,0.11,0.14,0.13,,,LOW PWM,Negative,No
WP_P169/1,016N,03/11/2009,WP_P169_1.XLS,17/11/2009,17/11/2009,F,,GD,GD,GD,GD,GD,GD,GD,GD,0.83,0.71,0.13,0.09,0.1,0.09,0.1,0.11,,,LOW PWM,Negative,No
WP_P169/1,017N,03/11/2009,WP_P169_1.XLS,17/11/2009,17/11/2009,F,,GD,GD,GD,GD,GD,GD,GD,GD,0.58,0.46,0.08,0.07,0.11,0.08,0.09,0.1,,,LOW PWM,Negative,No
WP_P169/1,019N,03/11/2009,WP_P169_1.XLS,17/11/2009,17/11/2009,F,,GD,GD,GD,GD,GD,GD,GD,GD,1.02,0.85,0.09,0.08,0.09,0.11,0.09,0.09,,,LOW PWM,Negative,No
WP_P169/1,020N,03/11/2009,WP_P169_1.XLS,17/11/2009,17/11/2009,F,,GD,GD,GD,GD,GD,GD,GD,GD,0.68,0.71,0.08,0.08,0.09,0.09,0.09,0.09,,,LOW PWM,Negative,No
WP_P169/1,021N,03/11/2009,WP_P169_1.XLS,17/11/2009,17/11/2009,P,,GD,GD,GD,GD,GD,GD,GD,GD,1.26,1.06,0.15,0.09,0.93,0.54,0.11,0.09,,,,Positive,No
WP_P17/1,055R,15/08/2006,WP_P17_1.XLS,16/04/2007,06/02/2007,P,,GD,GD,GD,GD,GD,GD,GD,GD,2.57,2.59,0.22,0.21,0.21,0.2,0.21,0.21,,,,Negative,No
WP_P17/1,056W,15/08/2006,WP_P17_1.XLS,16/04/2007,06/02/2007,P,,GD,GD,GD,GD,GD,GD,GD,GD,2.66,2.77,0.22,0.22,0.55,0.53,0.21,0.22,,,,Positive,No
WP_P17/1,059B,15/08/2006,WP_P17_1.XLS,16/04/2007,06/02/2007,P,,GD,GD,GD,GD,GD,GD,GD,GD,2.52,2.46,0.24,0.24,0.23,0.38,0.22,0.25,NIL AVG HIGH,,,,No
WP_P17/1,060B,15/08/2006,WP_P17_1.XLS,16/04/2007,06/02/2007,P,,GD,GD,GD,GD,GD,GD,GD,GD,2.52,2.51,0.22,0.25,0.25,0.28,0.25,0.24,NIL AVG HIGH,,,,No
WP_P17/1,061B,15/08/2006,WP_P17_1.XLS,16/04/2007,06/02/2007,P,,GD,GD,GD,GD,GD,GD,GD,GD,2.59,2.65,0.22,0.21,0.22,0.21,0.21,0.21,,,,Negative,No
WP_P17/1,062B,15/08/2006,WP_P17_1.XLS,16/04/2007,06/02/2007,P,,GD,GD,GD,GD,GD,GD,GD,GD,1.91,1.91,0.23,0.23,0.22,0.23,0.22,0.24,NIL AVG HIGH,,,,No
WP_P17/1,066R,15/08/2006,WP_P17_1.XLS,16/04/2007,06/02/2007,P,,GD,GD,GD,GD,GD,GD,GD,GD,2.59,2.66,0.22,0.21,0.29,0.28,0.21,0.21,,,,Positive,No
WP_P17/1,Q074,15/08/2006,WP_P17_1.XLS,16/04/2007,06/02/2007,P,,GD,GD,GD,GD,GD,GD,GD,GD,1.89,1.78,0.22,0.22,0.55,0.53,0.2,0.23,,,,Positive,No
WP_P17/2,059B,15/08/2006,WP_P17_2.XLS,17/05/2007,16/05/2007,P,,GD,GD,GD,GD,GD,GD,GD,GD,2.39,2.57,0.08,0.07,0.07,0.07,0.08,0.07,,,,Negative,No
WP_P17/2,060B,15/08/2006,WP_P17_2.XLS,17/05/2007,16/05/2007,P,,GD,GD,GD,GD,GD,GD,GD,GD,2.96,2.53,0.06,0.06,0.07,0.07,0.06,0.07,,,,Negative,No
WP_P17/2,062B,15/08/2006,WP_P17_2.XLS,17/05/2007,16/05/2007,P,,GD,GD,GD,GD,GD,GD,GD,GD,2.08,2.33,0.06,0.06,0.06,0.07,0.11,0.11,,,,Negative,No
WP_P17/2,103W,15/08/2006,WP_P17_2.XLS,17/05/2007,16/05/2007,,,NS,NS,GD,GD,GD,GD,GD,GD,,,0.08,0.07,0.06,0.1,0.09,0.08,,NO SAMPLE,,,No
WP_P170/1,049N,03/11/2009,WP_P170_1.XLS,17/11/2009,17/11/2009,F,,GD,GD,GD,GD,GD,GD,GD,GD,0.17,0.18,0.09,0.07,0.16,0.13,0.07,0.08,,,LOW PWM,Positive,No
WP_P170/1,050N,03/11/2009,WP_P170_1.XLS,17/11/2009,17/11/2009,F,,GD,GD,GD,GD,GD,GD,GD,GD,0.28,0.3,0.06,0.07,0.07,0.08,0.07,0.07,,,LOW PWM,Negative,No
WP_P170/1,051N,03/11/2009,WP_P170_1.XLS,17/11/2009,17/11/2009,F,,GD,GD,GD,GD,GD,GD,GD,GD,0.15,0.16,0.06,0.06,0.13,0.07,0.07,0.07,,,LOW PWM,Negative,No
WP_P170/1,052Y,03/11/2009,WP_P170_1.XLS,17/11/2009,17/11/2009,F,,GD,GD,GD,GD,GD,GD,GD,GD,0.1,0.12,0.07,0.06,0.09,0.07,0.07,0.06,,,LOW PWM,Negative,No
WP_P170/1,064P,03/11/2009,WP_P170_1.XLS,17/11/2009,17/11/2009,F,,GD,GD,GD,GD,GD,GD,GD,GD,0.13,0.12,0.1,0.07,0.08,0.06,0.07,0.07,,,LOW PWM,Negative,No
WP_P170/1,Q081,03/11/2009,WP_P170_1.XLS,17/11/2009,17/11/2009,F,,GD,GD,GD,GD,GD,GD,GD,GD,0.2,0.18,0.06,0.06,0.07,0.06,0.06,0.07,,,LOW PWM,Negative,No
WP_P171/1,010Y,04/11/2009,WP_P171_1.XLS,19/11/2009,19/11/2009,F,,GD,GD,GD,GD,GD,GD,GD,GD,0.16,0.15,0.1,0.07,0.09,0.08,0.16,0.12,,,LOW PWM,Negative,No
WP_P171/1,017R,04/11/2009,WP_P171_1.XLS,19/11/2009,19/11/2009,F,,GD,GD,GD,GD,GD,GD,GD,GD,0.17,0.22,0.1,0.08,0.15,0.16,0.14,0.09,,,LOW PWM,Positive,No
WP_P171/1,018N,04/11/2009,WP_P171_1.XLS,19/11/2009,19/11/2009,F,,GD,GD,GD,GD,GD,GD,GD,GD,0.22,0.19,0.09,0.1,0.1,0.1,0.08,0.1,,,LOW PWM,Negative,No
WP_P171/1,039P,04/11/2009,WP_P171_1.XLS,19/11/2009,19/11/2009,F,,GD,GD,GD,GD,GD,GD,GD,GD,0.11,0.1,0.09,0.09,0.15,0.1,0.09,0.13,,,LOW PWM,Negative,No
WP_P171/1,044P,04/11/2009,WP_P171_1.XLS,19/11/2009,19/11/2009,F,,GD,GD,GD,GD,GD,GD,GD,GD,0.17,0.12,0.07,0.07,0.07,0.07,0.17,0.13,,,LOW PWM,Negative,No
WP_P172/1,023N,17/11/2009,WP_P172_1.XLS,18/12/2009,25/11/2009,F,,GD,GD,GD,GD,GD,GD,GD,GD,1.04,0.69,0.07,0.06,0.07,0.07,0.1,0.1,,,LOW PWM,Negative,No
WP_P172/1,026N,17/11/2009,WP_P172_1.XLS,18/12/2009,25/11/2009,F,,GD,GD,GD,GD,GD,GD,GD,GD,0.82,0.56,0.07,0.07,0.06,0.07,0.08,0.08,,,LOW PWM,Negative,No
WP_P172/1,027N,17/11/2009,WP_P172_1.XLS,18/12/2009,25/11/2009,F,,GD,GD,GD,GD,GD,GD,GD,GD,0.97,0.67,0.06,0.08,0.06,0.06,0.07,0.07,,,LOW PWM,Negative,No
WP_P172/1,029N,17/11/2009,WP_P172_1.XLS,18/12/2009,25/11/2009,F,,GD,GD,GD,GD,GD,GD,GD,GD,0.62,0.39,0.06,0.06,0.07,0.06,0.07,0.08,,,LOW PWM,Negative,No
WP_P172/1,033N,17/11/2009,WP_P172_1.XLS,18/12/2009,25/11/2009,P,,GD,GD,GD,GD,GD,GD,GD,GD,1.61,1,0.08,0.09,0.08,0.06,0.1,0.1,,,,Negative,No
WP_P172/1,034N,17/11/2009,WP_P172_1.XLS,18/12/2009,25/11/2009,F,,GD,GD,GD,GD,GD,GD,GD,GD,0.56,0.36,0.07,0.08,0.06,0.06,0.09,0.08,,,LOW PWM,Negative,No
WP_P172/1,035N,17/11/2009,WP_P172_1.XLS,18/12/2009,25/11/2009,F,,GD,GD,GD,GD,GD,GD,GD,GD,0.98,0.71,0.07,0.09,0.1,0.08,0.08,0.09,,,LOW PWM,Negative,No
WP_P172/1,037N,17/11/2009,WP_P172_1.XLS,18/12/2009,25/11/2009,F,,GD,GD,GD,GD,GD,GD,GD,GD,0.4,0.31,0.1,0.12,0.07,0.08,0.08,0.08,,,LOW PWM,Negative,No
WP_P173/1,023P,17/11/2009,WP_P173_1.XLS,18/12/2009,25/11/2009,F,,GD,GD,GD,GD,GD,GD,GD,GD,0.31,0.3,0.12,0.13,0.1,0.09,0.1,0.13,,,LOW PWM,Negative,No
WP_P173/1,024N,17/11/2009,WP_P173_1.XLS,18/12/2009,25/11/2009,F,,GD,GD,GD,GD,GD,GD,GD,GD,0.89,1,0.1,0.11,0.1,0.1,0.1,0.1,,,LOW PWM,Negative,No
WP_P173/1,052N,17/11/2009,WP_P173_1.XLS,18/12/2009,25/11/2009,P,,GD,GD,GD,GD,GD,GD,GD,GD,1.3,1.36,0.12,0.14,0.1,0.12,0.12,0.15,,,,Negative,No
WP_P173/1,053N,17/11/2009,WP_P173_1.XLS,18/12/2009,25/11/2009,F,,GD,GD,GD,GD,GD,GD,GD,GD,0.44,0.43,0.1,0.09,0.11,0.19,0.08,0.17,,,LOW PWM,Positive,No
WP_P173/1,055P,17/11/2009,WP_P173_1.XLS,18/12/2009,25/11/2009,F,,GD,GD,GD,GD,GD,GD,GD,GD,0.92,0.85,0.11,0.08,0.08,0.09,0.1,0.14,,,LOW PWM,Negative,No
WP_P173/1,056P,17/11/2009,WP_P173_1.XLS,18/12/2009,25/11/2009,F,,GD,GD,GD,GD,GD,GD,GD,GD,0.8,0.8,0.09,0.09,0.13,0.15,0.11,0.1,,,LOW PWM,Positive,No
WP_P173/1,059B,17/11/2009,WP_P173_1.XLS,18/12/2009,25/11/2009,F,,GD,GD,GD,GD,GD,GD,GD,GD,0.51,0.5,0.1,0.1,0.12,0.09,0.13,0.13,,,LOW PWM,Negative,No
WP_P173/1,060B,17/11/2009,WP_P173_1.XLS,18/12/2009,25/11/2009,F,,GD,GD,GD,GD,GD,GD,GD,GD,0.28,0.27,0.1,0.14,0.16,0.15,0.19,0.21,,,LOW PWM,Negative,No
WP_P174/1,028N,17/11/2009,WP_P174_1.XLS,18/12/2009,25/11/2009,F,,GD,GD,GD,GD,GD,GD,GD,GD,0.78,0.78,0.08,0.08,0.09,0.07,0.09,0.11,,,LOW PWM,Negative,No
WP_P174/1,030N,17/11/2009,WP_P174_1.XLS,18/12/2009,25/11/2009,F,,GD,GD,GD,GD,GD,GD,GD,GD,0.35,0.35,0.08,0.08,0.09,0.08,0.09,0.1,,,LOW PWM,Negative,No
WP_P174/1,031N,17/11/2009,WP_P174_1.XLS,18/12/2009,25/11/2009,F,,GD,GD,GD,GD,GD,GD,GD,GD,0.38,0.4,0.1,0.08,0.07,0.08,0.09,0.09,,,LOW PWM,Negative,No
WP_P174/1,032N,17/11/2009,WP_P174_1.XLS,18/12/2009,25/11/2009,F,,GD,GD,GD,GD,GD,GD,GD,GD,0.52,0.48,0.09,0.08,0.09,0.09,0.09,0.1,,,LOW PWM,Negative,No
WP_P174/1,036N,17/11/2009,WP_P174_1.XLS,18/12/2009,25/11/2009,F,,GD,GD,GD,GD,GD,GD,GD,GD,0.54,0.48,0.08,0.08,0.09,0.09,0.11,0.1,,,LOW PWM,Negative,No
WP_P174/1,040N,17/11/2009,WP_P174_1.XLS,18/12/2009,25/11/2009,F,,GD,GD,GD,GD,GD,GD,GD,GD,0.77,0.76,0.15,0.14,0.1,0.1,0.11,0.1,,,LOW PWM,Negative,No
WP_P174/1,041N,17/11/2009,WP_P174_1.XLS,18/12/2009,25/11/2009,F,,GD,GD,GD,GD,GD,GD,GD,GD,0.3,0.31,0.09,0.12,0.1,0.09,0.11,0.12,,,LOW PWM,Negative,No
WP_P174/1,054N,17/11/2009,WP_P174_1.XLS,18/12/2009,25/11/2009,P,,GD,GD,GD,GD,GD,GD,GD,GD,1.26,1.38,0.13,0.09,0.17,0.16,0.1,0.11,,,,Positive,No
WP_P175/1,033Y,17/11/2009,WP_P175_1.XLS,18/12/2009,25/11/2009,F,,GD,GD,GD,GD,GD,GD,GD,GD,0.45,0.41,0.09,0.08,0.11,0.11,0.09,0.1,,,LOW PWM,Negative,No
WP_P175/1,055N,17/11/2009,WP_P175_1.XLS,18/12/2009,25/11/2009,F,,GD,GD,GD,GD,GD,GD,GD,GD,0.34,0.36,0.08,0.09,0.11,0.11,0.1,0.1,,,LOW PWM,Negative,No
WP_P175/1,060P,17/11/2009,WP_P175_1.XLS,18/12/2009,25/11/2009,F,,GD,GD,GD,GD,GD,GD,GD,GD,0.73,0.72,0.08,0.07,0.08,0.08,0.11,0.12,,,LOW PWM,Negative,No
WP_P175/1,069P,17/11/2009,WP_P175_1.XLS,18/12/2009,25/11/2009,F,,GD,GD,GD,GD,GD,GD,GD,GD,0.64,0.58,0.08,0.08,0.1,0.11,0.11,0.11,,,LOW PWM,Negative,No
WP_P176/1,008P,18/11/2009,WP_P176_1.XLS,18/12/2009,25/11/2009,F,,GD,GD,GD,GD,GD,GD,GD,GD,0.75,0.7,0.07,0.08,0.09,0.09,0.14,0.13,,,LOW PWM,Negative,No
WP_P176/1,018B,18/11/2009,WP_P176_1.XLS,18/12/2009,25/11/2009,F,,GD,GD,GD,GD,GD,GD,GD,GD,0.41,0.38,0.1,0.09,0.1,0.12,0.12,0.12,,,LOW PWM,Negative,No
WP_P176/1,039N,18/11/2009,WP_P176_1.XLS,18/12/2009,25/11/2009,F,,GD,GD,GD,GD,GD,GD,GD,GD,0.25,0.24,0.08,0.09,0.09,0.08,0.13,0.12,,,LOW PWM,Negative,No
WP_P176/1,056N,18/11/2009,WP_P176_1.XLS,18/12/2009,25/11/2009,F,,GD,GD,GD,GD,GD,GD,GD,GD,0.76,0.77,0.09,0.08,0.1,0.11,0.11,0.13,,,LOW PWM,Negative,No
WP_P176/1,063Y,18/11/2009,WP_P176_1.XLS,18/12/2009,25/11/2009,F,,GD,GD,GD,GD,GD,GD,GD,GD,0.34,0.32,0.09,0.08,0.1,0.1,0.1,0.15,,,LOW PWM,Negative,No
WP_P177/1,009P,01/12/2009,WP_P177_1.XLS,20/01/2010,20/01/2010,P,,GD,GD,GD,GD,GD,GD,GD,GD,1.23,1.02,0.05,0.05,0.05,0.05,0.05,0.06,,,,Negative,No
WP_P177/1,011Y,01/12/2009,WP_P177_1.XLS,20/01/2010,20/01/2010,F,,GD,GD,GD,GD,GD,GD,GD,GD,0.67,0.48,0.04,0.04,0.05,0.05,0.04,0.05,,,LOW PWM,Negative,No
WP_P177/1,014P,01/12/2009,WP_P177_1.XLS,20/01/2010,20/01/2010,F,,GD,GD,GD,GD,GD,GD,GD,GD,1.02,0.87,0.04,0.04,0.06,0.06,0.05,0.05,,,LOW PWM,Negative,No
WP_P177/1,015P,01/12/2009,WP_P177_1.XLS,20/01/2010,20/01/2010,F,,GD,GD,GD,GD,GD,GD,GD,GD,0.95,0.72,0.04,0.05,0.04,0.06,0.04,0.05,,,LOW PWM,Negative,No
WP_P177/1,018P,01/12/2009,WP_P177_1.XLS,20/01/2010,20/01/2010,F,,GD,GD,GD,GD,GD,GD,GD,GD,0.44,0.35,0.04,0.05,0.04,0.05,0.04,0.05,,,LOW PWM,Negative,No
WP_P177/1,035R,01/12/2009,WP_P177_1.XLS,20/01/2010,20/01/2010,F,,GD,GD,GD,GD,GD,GD,GD,GD,0.38,0.24,0.04,0.04,0.18,0.17,0.04,0.05,,,LOW PWM,Positive,No
WP_P177/1,070Y,01/12/2009,WP_P177_1.XLS,20/01/2010,20/01/2010,F,,GD,GD,GD,GD,GD,GD,GD,GD,0.32,0.24,0.05,0.05,0.05,0.05,0.04,0.04,,,LOW PWM,Negative,No
WP_P178/1,005N,15/12/2009,WP_P178_1.XLS,20/01/2010,20/01/2010,P,,GD,GD,GD,GD,GD,GD,GD,GD,1.09,0.96,0.07,0.05,0.06,0.05,0.05,0.05,,,,Negative,No
WP_P178/1,010N,15/12/2009,WP_P178_1.XLS,20/01/2010,20/01/2010,P,,GD,GD,GD,GD,GD,GD,GD,GD,1.52,1.54,0.05,0.05,0.05,0.05,0.05,0.04,,,,Negative,No
WP_P178/1,013N,15/12/2009,WP_P178_1.XLS,20/01/2010,20/01/2010,P,,GD,GD,GD,GD,GD,GD,GD,GD,0.99,1.2,0.04,0.05,0.05,0.05,0.05,0.05,,,,Negative,No
WP_P178/1,014N,15/12/2009,WP_P178_1.XLS,20/01/2010,20/01/2010,F,,GD,GD,GD,GD,GD,GD,GD,GD,0.59,0.48,0.04,0.05,0.39,0.4,0.04,0.05,,,LOW PWM,Positive,No
WP_P178/1,018N,15/12/2009,WP_P178_1.XLS,20/01/2010,20/01/2010,F,,GD,GD,GD,GD,GD,GD,GD,GD,0.7,0.63,0.04,0.06,0.13,0.12,0.05,0.05,,,LOW PWM,Positive,No
WP_P178/1,019N,15/12/2009,WP_P178_1.XLS,20/01/2010,20/01/2010,P,,GD,GD,GD,GD,GD,GD,GD,GD,1.25,1.26,0.05,0.09,0.05,0.05,0.04,0.05,,,,Negative,No
WP_P178/1,020N,15/12/2009,WP_P178_1.XLS,20/01/2010,20/01/2010,F,,GD,GD,GD,GD,GD,GD,GD,GD,1.01,0.94,0.05,0.08,0.06,0.05,0.05,0.05,,,LOW PWM,Negative,No
WP_P178/1,021N,15/12/2009,WP_P178_1.XLS,20/01/2010,20/01/2010,P,,GD,GD,GD,GD,GD,GD,GD,GD,1.05,0.98,0.12,0.06,0.34,0.39,0.05,0.05,,,,Positive,No
WP_P179/1,016P,15/12/2009,WP_P179_1.XLS,21/01/2010,21/01/2010,F,,GD,GD,GD,GD,GD,GD,GD,GD,0.81,0.67,0.05,0.05,0.07,0.07,0.06,0.05,,,LOW PWM,Negative,No
WP_P179/1,034P,15/12/2009,WP_P179_1.XLS,21/01/2010,21/01/2010,F,,GD,GD,GD,GD,GD,GD,GD,GD,0.76,0.67,0.05,0.05,0.05,0.07,0.05,0.05,,,LOW PWM,Negative,No
WP_P179/1,044P,15/12/2009,WP_P179_1.XLS,21/01/2010,21/01/2010,F,,GD,GD,GD,GD,GD,GD,GD,GD,0.4,0.36,0.05,0.05,0.05,0.05,0.05,0.06,,,LOW PWM,Negative,No
WP_P179/1,051N,15/12/2009,WP_P179_1.XLS,21/01/2010,21/01/2010,F,,GD,GD,GD,GD,GD,GD,GD,GD,0.84,0.77,0.05,0.06,0.05,0.06,0.06,0.06,,,LOW PWM,Negative,No
WP_P179/1,057N,15/12/2009,WP_P179_1.XLS,21/01/2010,21/01/2010,F,,GD,GD,GD,GD,GD,GD,GD,GD,0.68,0.6,0.05,0.05,0.09,0.09,0.05,0.05,,,LOW PWM,Negative,No
WP_P179/1,064P,15/12/2009,WP_P179_1.XLS,21/01/2010,21/01/2010,F,,GD,GD,GD,GD,GD,GD,GD,GD,0.58,0.54,0.06,0.05,0.05,0.05,0.05,0.05,,,LOW PWM,Negative,No
WP_P179/1,101W,15/12/2009,WP_P179_1.XLS,21/01/2010,21/01/2010,F,,GD,GD,GD,GD,GD,GD,GD,GD,0.83,0.83,0.07,0.06,0.12,0.11,0.05,0.06,,,LOW PWM,Positive,No
WP_P179/1,Q081,15/12/2009,WP_P179_1.XLS,21/01/2010,21/01/2010,P,,GD,GD,GD,GD,GD,GD,GD,GD,1.2,1.08,0.05,0.06,0.05,0.05,0.05,0.05,,,,Negative,No
WP_P18/1,055G,16/08/2006,WP_P18_1.XLS,16/04/2007,08/02/2007,P,,GD,GD,GD,GD,GD,GD,GD,GD,2.28,1.78,0.15,0.14,0.12,0.13,0.14,0.14,,,,Negative,No
WP_P18/1,058R,16/08/2006,WP_P18_1.XLS,16/04/2007,08/02/2007,P,,GD,GD,GD,GD,GD,GD,GD,GD,1.65,1.26,0.19,0.16,0.16,0.19,0.16,0.16,,,,Negative,No
WP_P18/1,065W,16/08/2006,WP_P18_1.XLS,16/04/2007,08/02/2007,P,,GD,GD,GD,GD,GD,GD,GD,GD,2.74,2.4,0.16,0.15,0.18,0.13,0.14,0.15,,,,Negative,No
WP_P18/1,066W,15/08/2006,WP_P18_1.XLS,16/04/2007,08/02/2007,P,,GD,GD,GD,GD,GD,GD,GD,GD,2.79,2.61,0.2,0.19,0.17,0.15,0.15,0.17,,,,Negative,No
WP_P18/1,079W,15/08/2006,WP_P18_1.XLS,16/04/2007,08/02/2007,P,,GD,GD,GD,GD,GD,GD,GD,GD,2.08,1.69,0.17,0.16,0.15,0.13,0.15,0.16,,,,Negative,No
WP_P18/1,103W,15/08/2006,WP_P18_1.XLS,16/04/2007,08/02/2007,,,GD,IV,GD,GD,GD,GD,GD,GD,2.71,,0.18,0.17,0.16,0.16,0.17,0.17,MISSING ODs,,,,No
WP_P18/1,J091,16/08/2006,WP_P18_1.XLS,16/04/2007,08/02/2007,,,GD,IV,GD,GD,GD,GD,GD,GD,0.5,,0.15,0.14,0.17,0.17,0.14,0.21,MISSING ODs,,,,No
WP_P18/2,J091,16/08/2006,WP_P18_2.XLS,17/05/2007,16/05/2007,F,,GD,GD,GD,GD,GD,GD,GD,GD,0.34,0.3,0.06,0.1,0.19,0.1,0.07,0.08,B OUTLIER,,LOW PWM,,No
WP_P180/1,001F,19/01/2010,WP_P180_1.XLS,04/02/2010,21/01/2010,P,,GD,GD,GD,GD,GD,GD,GD,GD,1.47,1.42,0.07,0.05,0.05,0.06,0.06,0.07,,,,Negative,No
WP_P180/1,009P,19/01/2010,WP_P180_1.XLS,04/02/2010,21/01/2010,P,,GD,GD,GD,GD,GD,GD,GD,GD,1.06,1.05,0.04,0.05,0.04,0.05,0.05,0.05,,,,Negative,No
WP_P180/1,014P,19/01/2010,WP_P180_1.XLS,04/02/2010,21/01/2010,P,,GD,GD,GD,GD,GD,GD,GD,GD,1.01,1.27,0.05,0.04,0.04,0.05,0.05,0.05,,,,Negative,No
WP_P180/1,015P,19/01/2010,WP_P180_1.XLS,04/02/2010,21/01/2010,P,,GD,GD,GD,GD,GD,GD,GD,GD,1.22,1.14,0.04,0.04,0.05,0.05,0.05,0.04,,,,Negative,No
WP_P180/1,018P,19/01/2010,WP_P180_1.XLS,04/02/2010,21/01/2010,P,,GD,GD,GD,GD,GD,GD,GD,GD,1.21,0.84,0.05,0.05,0.06,0.08,0.04,0.04,,,,Negative,No
WP_P180/1,020P,19/01/2010,WP_P180_1.XLS,04/02/2010,21/01/2010,F,,GD,GD,GD,GD,GD,GD,GD,GD,0.15,0.14,0.05,0.04,0.1,0.09,0.04,0.04,,,LOW PWM,Positive,No
WP_P180/1,046P,19/01/2010,WP_P180_1.XLS,04/02/2010,21/01/2010,F,,GD,GD,GD,GD,GD,GD,GD,GD,0.59,0.49,0.04,0.05,0.06,0.05,0.04,0.04,,,LOW PWM,Negative,No
WP_P180/1,047P,19/01/2010,WP_P180_1.XLS,04/02/2010,21/01/2010,P,,GD,GD,GD,GD,GD,GD,GD,GD,1.25,1.25,0.05,0.05,0.05,0.06,0.05,0.04,,,,Negative,No
WP_P181/1,015Y,19/01/2010,WP_P181_1.XLS,04/02/2010,21/01/2010,F,,GD,GD,GD,GD,GD,GD,GD,GD,0.38,0.37,0.05,0.05,0.05,0.05,0.04,0.05,,,LOW PWM,Negative,No
WP_P181/1,020Y,19/01/2010,WP_P181_1.XLS,04/02/2010,21/01/2010,F,,GD,GD,GD,GD,GD,GD,GD,GD,0.87,0.75,0.05,0.05,0.05,0.05,0.06,0.05,,,LOW PWM,Negative,No
WP_P181/1,024Y,19/01/2010,WP_P181_1.XLS,04/02/2010,21/01/2010,F,,GD,GD,GD,GD,GD,GD,GD,GD,0.65,0.56,0.05,0.05,0.05,0.05,0.04,0.04,,,LOW PWM,Negative,No
WP_P181/1,049P,19/01/2010,WP_P181_1.XLS,04/02/2010,21/01/2010,P,,GD,GD,GD,GD,GD,GD,GD,GD,1.25,1.17,0.05,0.05,0.05,0.05,0.05,0.06,,,,Negative,No
WP_P181/1,070Y,19/01/2010,WP_P181_1.XLS,04/02/2010,21/01/2010,F,,GD,GD,GD,GD,GD,GD,GD,GD,0.53,0.44,0.05,0.05,0.08,0.07,0.04,0.04,,,LOW PWM,Negative,No
WP_P182/1,002F,26/01/2010,WP_P182_1.XLS,04/02/2010,29/01/2010,P,,GD,GD,GD,GD,GD,GD,GD,GD,2.68,2.67,0.05,0.06,0.06,0.05,0.05,0.05,,,,Negative,No
WP_P182/1,023N,26/01/2010,WP_P182_1.XLS,04/02/2010,29/01/2010,P,,GD,GD,GD,GD,GD,GD,GD,GD,2.22,2.22,0.05,0.05,0.2,0.25,0.05,0.06,,,,Positive,No
WP_P182/1,027N,26/01/2010,WP_P182_1.XLS,04/02/2010,29/01/2010,P,,GD,GD,GD,GD,GD,GD,GD,GD,1.44,1.31,0.05,0.05,0.06,0.06,0.05,0.05,,,,Negative,No
WP_P182/1,028N,26/01/2010,WP_P182_1.XLS,04/02/2010,29/01/2010,P,,GD,GD,GD,GD,GD,GD,GD,GD,2.45,2.38,0.09,0.09,0.73,0.89,0.19,0.2,,,,Positive,No
WP_P182/1,029N,26/01/2010,WP_P182_1.XLS,04/02/2010,29/01/2010,P,,GD,GD,GD,GD,GD,GD,GD,GD,1.03,0.99,0.05,0.05,0.05,0.08,0.05,0.05,,,,Negative,No
WP_P182/1,031N,26/01/2010,WP_P182_1.XLS,04/02/2010,29/01/2010,P,,GD,GD,GD,GD,GD,GD,GD,GD,1.33,1.26,0.05,0.06,0.05,0.06,0.06,0.05,,,,Negative,No
WP_P182/1,032N,26/01/2010,WP_P182_1.XLS,04/02/2010,29/01/2010,P,,GD,GD,GD,GD,GD,GD,GD,GD,2.19,2.05,0.05,0.06,0.06,0.05,0.06,0.06,,,,Negative,No
WP_P182/1,033N,26/01/2010,WP_P182_1.XLS,04/02/2010,29/01/2010,P,,GD,GD,GD,GD,GD,GD,GD,GD,2.31,2.22,0.06,0.06,0.13,0.14,0.06,0.06,,,,Positive,No
WP_P183/1,034N,26/01/2010,WP_P183_1.XLS,04/02/2010,29/01/2010,P,,GD,GD,GD,GD,GD,GD,GD,GD,1.18,1.1,0.05,0.05,0.06,0.05,0.04,0.05,,,,Negative,No
WP_P183/1,035N,26/01/2010,WP_P183_1.XLS,04/02/2010,29/01/2010,F,,GD,GD,GD,GD,GD,GD,GD,GD,0.85,0.82,0.05,0.04,0.06,0.05,0.04,0.04,,,LOW PWM,Negative,No
WP_P183/1,038N,26/01/2010,WP_P183_1.XLS,04/02/2010,29/01/2010,F,,GD,GD,GD,GD,GD,GD,GD,GD,1.14,0.78,0.04,0.04,0.04,0.05,0.04,0.04,,,LOW PWM,Negative,No
WP_P183/1,039N,26/01/2010,WP_P183_1.XLS,04/02/2010,29/01/2010,F,,GD,GD,GD,GD,GD,GD,GD,GD,0.96,0.65,0.04,0.1,0.04,0.04,0.04,0.04,,,LOW PWM,Negative,No
WP_P183/1,041N,26/01/2010,WP_P183_1.XLS,04/02/2010,29/01/2010,F,,GD,GD,GD,GD,GD,GD,GD,GD,0.76,0.62,0.04,0.09,0.08,0.06,0.04,0.05,,,LOW PWM,Negative,No
WP_P183/1,053N,26/01/2010,WP_P183_1.XLS,04/02/2010,29/01/2010,F,,GD,GD,GD,GD,GD,GD,GD,GD,0.68,0.55,0.05,0.04,0.04,0.04,0.05,0.05,,,LOW PWM,Negative,No
WP_P183/1,054N,26/01/2010,WP_P183_1.XLS,04/02/2010,29/01/2010,P,,GD,GD,GD,GD,GD,GD,GD,GD,1.21,1.16,0.05,0.07,0.15,0.08,0.04,0.04,B OUTLIER,,,,No
WP_P183/1,055N,26/01/2010,WP_P183_1.XLS,04/02/2010,29/01/2010,P,,GD,GD,GD,GD,GD,GD,GD,GD,1.09,0.95,0.08,0.05,0.07,0.05,0.05,0.05,,,,Negative,No
WP_P184/1,029Y,27/01/2010,WP_P184_1.XLS,04/02/2010,29/01/2010,F,,GD,GD,GD,GD,GD,GD,GD,GD,0.53,0.59,0.07,0.06,0.06,0.06,0.07,0.06,,,LOW PWM,Negative,No
WP_P184/1,044N,27/01/2010,WP_P184_1.XLS,04/02/2010,29/01/2010,P,,GD,GD,GD,GD,GD,GD,GD,GD,1.13,1.03,0.05,0.05,0.05,0.06,0.05,0.05,,,,Negative,No
WP_P184/1,057P,27/01/2010,WP_P184_1.XLS,04/02/2010,29/01/2010,P,,GD,GD,GD,GD,GD,GD,GD,GD,1.13,0.91,0.08,0.05,0.05,0.05,0.06,0.05,,,,Negative,No
WP_P184/1,066R,27/01/2010,WP_P184_1.XLS,04/02/2010,29/01/2010,P,,GD,GD,GD,GD,GD,GD,GD,GD,1.29,1.14,0.05,0.05,0.05,0.06,0.08,0.07,,,,Negative,No
WP_P185/1,002P,11/05/2010,WP_P185_1.XLS,04/06/2010,25/05/2010,P,,GD,GD,GD,GD,GD,GD,GD,GD,2.56,2.25,0.12,0.08,0.06,0.06,0.08,0.09,,,,Negative,No
WP_P185/1,010N,11/05/2010,WP_P185_1.XLS,04/06/2010,25/05/2010,P,,GD,GD,GD,GD,GD,GD,GD,GD,2.3,1.8,0.08,0.07,0.09,0.08,0.12,0.13,,,,Negative,No
WP_P185/1,013N,11/05/2010,WP_P185_1.XLS,04/06/2010,25/05/2010,P,,GD,GD,GD,GD,GD,GD,GD,GD,2.59,2.67,0.06,0.06,0.12,0.1,0.09,0.11,,,,Positive,No
WP_P185/1,014N,11/05/2010,WP_P185_1.XLS,04/06/2010,25/05/2010,P,,GD,GD,GD,GD,GD,GD,GD,GD,2.31,1.76,0.06,0.06,0.05,0.05,0.08,0.1,,,,Negative,No
WP_P185/1,016P,11/05/2010,WP_P185_1.XLS,04/06/2010,25/05/2010,P,,GD,GD,GD,GD,GD,GD,GD,GD,2.33,2.06,0.06,0.05,0.11,0.1,0.08,0.1,,,,Positive,No
WP_P185/1,018N,11/05/2010,WP_P185_1.XLS,04/06/2010,25/05/2010,F,,GD,GD,GD,GD,GD,GD,GD,GD,0.94,0.65,0.07,0.06,0.07,0.07,0.08,0.1,,,LOW PWM,Negative,No
WP_P185/1,019N,11/05/2010,WP_P185_1.XLS,04/06/2010,25/05/2010,P,,GD,GD,GD,GD,GD,GD,GD,GD,2.06,1.59,0.07,0.07,0.06,0.06,0.07,0.09,,,,Negative,No
WP_P185/1,022N,11/05/2010,WP_P185_1.XLS,04/06/2010,25/05/2010,P,,GD,GD,GD,GD,GD,GD,GD,GD,1.53,1.3,0.1,0.08,0.1,0.09,0.07,0.09,,,,Negative,No
WP_P186/1,003F,11/05/2010,WP_P186_1.XLS,04/06/2010,25/05/2010,F,,GD,GD,GD,GD,GD,GD,GD,GD,0.85,0.86,0.29,0.12,0.21,0.19,0.14,0.13,A OUTLIER,,LOW PWM,,No
WP_P186/1,004F,11/05/2010,WP_P186_1.XLS,04/06/2010,25/05/2010,P,,GD,GD,GD,GD,GD,GD,GD,GD,1.13,1.06,0.1,0.12,0.17,0.17,0.13,0.12,,,,Positive,No
WP_P186/1,030P,11/05/2010,WP_P186_1.XLS,04/06/2010,25/05/2010,P,,GD,GD,GD,GD,GD,GD,GD,GD,1.7,1.75,0.1,0.15,0.74,0.75,0.12,0.11,,,,Positive,No
WP_P186/1,035P,11/05/2010,WP_P186_1.XLS,04/06/2010,25/05/2010,P,,GD,GD,GD,GD,GD,GD,GD,GD,2.58,2.57,0.15,0.11,0.12,0.11,0.13,0.13,,,,Negative,No
WP_P186/1,043P,11/05/2010,WP_P186_1.XLS,04/06/2010,25/05/2010,P,,GD,GD,GD,GD,GD,GD,GD,GD,1.04,1.03,0.14,0.12,0.35,0.36,0.12,0.12,,,,Positive,No
WP_P186/1,043W,11/05/2010,WP_P186_1.XLS,04/06/2010,25/05/2010,P,,GD,GD,GD,GD,GD,GD,GD,GD,1.33,1.25,0.12,0.1,0.27,0.27,0.12,0.12,,,,Positive,No
WP_P186/1,049B,11/05/2010,WP_P186_1.XLS,04/06/2010,25/05/2010,P,,GD,GD,GD,GD,GD,GD,GD,GD,1.48,1.45,0.1,0.11,0.16,0.15,0.13,0.12,,,,Positive,No
WP_P186/1,050G,11/05/2010,WP_P186_1.XLS,04/06/2010,25/05/2010,P,,GD,GD,GD,GD,GD,GD,GD,GD,1.34,1.28,0.12,0.18,0.17,0.18,0.13,0.12,,,,Negative,No
WP_P187/1,005F,11/05/2010,WP_P187_1.XLS,04/06/2010,25/05/2010,P,,GD,GD,GD,GD,GD,GD,GD,GD,2.63,2.63,0.1,0.1,0.09,0.15,0.14,0.15,,,,Negative,No
WP_P187/1,050N,11/05/2010,WP_P187_1.XLS,04/06/2010,25/05/2010,P,,GD,GD,GD,GD,GD,GD,GD,GD,3.01,2.87,0.12,0.12,0.16,0.18,0.13,0.14,,,,Positive,No
WP_P187/1,052Y,11/05/2010,WP_P187_1.XLS,04/06/2010,25/05/2010,P,,GD,GD,GD,GD,GD,GD,GD,GD,2.17,2.38,0.15,0.14,0.17,0.19,0.16,0.15,,,,Negative,No
WP_P187/1,058Y,11/05/2010,WP_P187_1.XLS,04/06/2010,25/05/2010,P,,GD,GD,GD,GD,GD,GD,GD,GD,2.14,2.16,0.11,0.11,0.11,0.12,0.14,0.13,,,,Negative,No
WP_P187/1,061Y,11/05/2010,WP_P187_1.XLS,04/06/2010,25/05/2010,P,,GD,GD,GD,GD,GD,GD,GD,GD,2.04,1.99,0.12,0.12,0.13,0.14,0.15,0.15,,,,Negative,No
WP_P187/1,064P,11/05/2010,WP_P187_1.XLS,04/06/2010,25/05/2010,P,,GD,GD,GD,GD,GD,GD,GD,GD,2.18,2.08,0.11,0.11,0.3,0.29,0.15,0.14,,,,Positive,No
WP_P187/1,065B,11/05/2010,WP_P187_1.XLS,04/06/2010,25/05/2010,F,,GD,GD,GD,GD,GD,GD,GD,GD,0.46,0.44,0.09,0.11,0.14,0.1,0.11,0.11,,,LOW PWM,Negative,No
WP_P187/1,067Y,11/05/2010,WP_P187_1.XLS,04/06/2010,25/05/2010,F,,GD,GD,GD,GD,GD,GD,GD,GD,0.66,0.64,0.16,0.12,0.1,0.11,0.12,0.12,,,LOW PWM,Negative,No
WP_P188/1,009N,11/05/2010,WP_P188_1.XLS,04/06/2010,25/05/2010,P,,GD,GD,GD,GD,GD,GD,GD,GD,2.24,2.33,0.13,0.13,0.12,0.14,0.15,0.15,,,,Negative,No
WP_P188/1,044Y,12/05/2010,WP_P188_1.XLS,04/06/2010,25/05/2010,F,,GD,GD,GD,GD,GD,GD,GD,GD,0.67,0.67,0.1,0.09,0.23,0.21,0.12,0.11,,,LOW PWM,Positive,No
WP_P188/1,045Y,12/05/2010,WP_P188_1.XLS,04/06/2010,25/05/2010,F,,GD,GD,GD,GD,GD,GD,GD,GD,0.49,0.46,0.12,0.14,0.17,0.14,0.13,0.12,,,LOW PWM,Negative,No
WP_P188/1,082W,11/05/2010,WP_P188_1.XLS,04/06/2010,25/05/2010,F,,GD,GD,GD,GD,GD,GD,GD,GD,0.53,0.56,0.12,0.19,0.12,0.14,0.13,0.13,,,LOW PWM,Negative,No
WP_P188/1,I008,11/05/2010,WP_P188_1.XLS,04/06/2010,25/05/2010,F,,GD,GD,GD,GD,GD,GD,GD,GD,0.56,0.59,0.09,0.11,0.1,0.21,0.13,0.14,B OUTLIER,,LOW PWM,,No
WP_P188/1,Q028,11/05/2010,WP_P188_1.XLS,04/06/2010,25/05/2010,P,,GD,GD,GD,GD,GD,GD,GD,GD,2.15,2.09,0.1,0.1,0.13,0.14,0.12,0.12,,,,Negative,No
WP_P188/2,I008,11/05/2010,WP_P188_2.XLS,23/07/2010,23/07/2010,F,,GD,GD,GD,GD,GD,GD,GD,GD,0.46,0.53,0.07,0.06,0.06,0.06,0.07,0.09,,,LOW PWM,Negative,No
WP_P189/1,005N,12/05/2010,WP_P189_1.XLS,04/06/2010,25/05/2010,P,,GD,GD,GD,GD,GD,GD,GD,GD,2.23,1.97,0.08,0.07,0.07,0.09,0.1,0.19,,,,Negative,No
WP_P189/1,006F,12/05/2010,WP_P189_1.XLS,04/06/2010,25/05/2010,P,,GD,GD,GD,GD,GD,GD,GD,GD,1.64,1.35,0.11,0.1,0.07,0.06,0.08,0.14,,,,Negative,No
WP_P189/1,020N,12/05/2010,WP_P189_1.XLS,04/06/2010,25/05/2010,P,,GD,GD,GD,GD,GD,GD,GD,GD,2.55,2.61,0.06,0.06,0.06,0.09,0.08,0.08,,,,Negative,No
WP_P189/1,033P,12/05/2010,WP_P189_1.XLS,04/06/2010,25/05/2010,P,,GD,GD,GD,GD,GD,GD,GD,GD,1.21,1.06,0.07,0.07,0.06,0.06,0.07,0.1,,,,Negative,No
WP_P189/1,038P,12/05/2010,WP_P189_1.XLS,04/06/2010,25/05/2010,P,,GD,GD,GD,GD,GD,GD,GD,GD,2.63,2.81,0.08,0.07,0.5,0.35,0.08,0.08,,,,Positive,No
WP_P189/1,043Y,12/05/2010,WP_P189_1.XLS,04/06/2010,25/05/2010,P,,GD,GD,GD,GD,GD,GD,GD,GD,1.22,2.91,0.19,0.16,0.34,0.22,0.07,0.11,,,,Positive,No
WP_P189/1,044P,12/05/2010,WP_P189_1.XLS,04/06/2010,25/05/2010,F,,GD,GD,GD,GD,GD,GD,GD,GD,0.93,0.83,0.11,0.11,0.09,0.09,0.08,0.11,,,LOW PWM,Negative,No
WP_P189/1,051N,12/05/2010,WP_P189_1.XLS,04/06/2010,25/05/2010,P,,GD,GD,GD,GD,GD,GD,GD,GD,2.19,1.9,0.06,0.06,0.07,0.06,0.07,0.09,,,,Negative,No
WP_P19/1,015B,16/08/2006,WP_P19_1.XLS,16/04/2007,08/02/2007,P,,GD,GD,GD,GD,GD,GD,GD,GD,1.74,1.71,0.28,0.29,0.29,0.29,0.3,0.29,NIL AVG HIGH,,,,No
WP_P19/1,020B,16/08/2006,WP_P19_1.XLS,16/04/2007,08/02/2007,P,,GD,GD,GD,GD,GD,GD,GD,GD,2.48,2.39,0.27,0.27,0.29,0.27,0.28,0.28,NIL AVG HIGH,,,,No
WP_P19/1,021B,16/08/2006,WP_P19_1.XLS,16/04/2007,08/02/2007,P,,GD,GD,GD,GD,GD,GD,GD,GD,2.02,1.95,0.28,0.27,0.29,0.28,0.29,0.29,NIL AVG HIGH,,,,No
WP_P19/1,024B,16/08/2006,WP_P19_1.XLS,16/04/2007,08/02/2007,P,,GD,GD,GD,GD,GD,GD,GD,GD,2.57,2.39,0.29,0.29,0.31,0.29,0.3,0.31,NIL AVG HIGH,,,,No
WP_P19/1,026B,16/08/2006,WP_P19_1.XLS,16/04/2007,08/02/2007,P,,GD,GD,GD,GD,GD,GD,GD,GD,2.77,2.71,0.32,0.29,0.3,0.3,0.32,0.32,NIL AVG HIGH,,,,No
WP_P19/1,029B,16/08/2006,WP_P19_1.XLS,16/04/2007,08/02/2007,P,,GD,GD,GD,GD,GD,GD,GD,GD,1.74,1.64,0.29,0.28,0.29,0.29,0.3,0.29,NIL AVG HIGH,,,,No
WP_P19/1,031B,16/08/2006,WP_P19_1.XLS,16/04/2007,08/02/2007,P,,GD,GD,GD,GD,GD,GD,GD,GD,2.64,2.58,0.44,0.43,0.48,0.46,0.47,0.46,NIL AVG HIGH,,,,No
WP_P19/1,033B,16/08/2006,WP_P19_1.XLS,16/04/2007,08/02/2007,P,,GD,GD,GD,GD,GD,GD,GD,GD,2.1,2.24,0.28,0.28,0.37,0.34,0.29,0.29,NIL AVG HIGH,,,,No
WP_P19/2,015B,16/08/2006,WP_P19_2.XLS,17/05/2007,16/05/2007,P,,GD,GD,GD,GD,GD,GD,GD,GD,2.08,1.87,0.07,0.08,0.07,0.07,0.06,0.09,,,,Negative,No
WP_P19/2,020B,16/08/2006,WP_P19_2.XLS,17/05/2007,16/05/2007,P,,GD,GD,GD,GD,GD,GD,GD,GD,2.94,2.58,0.07,0.06,0.06,0.06,0.12,0.07,,,,Negative,No
WP_P19/2,021B,16/08/2006,WP_P19_2.XLS,17/05/2007,16/05/2007,P,,GD,GD,GD,GD,GD,GD,GD,GD,2.21,1.92,0.07,0.06,0.06,0.06,0.08,0.1,,,,Negative,No
WP_P19/2,024B,16/08/2006,WP_P19_2.XLS,17/05/2007,16/05/2007,P,,GD,GD,GD,GD,GD,GD,GD,GD,2.98,2.82,0.08,0.06,0.06,0.06,0.06,0.07,,,,Negative,No
WP_P19/2,026B,16/08/2006,WP_P19_2.XLS,17/05/2007,16/05/2007,P,,GD,GD,GD,GD,GD,GD,GD,GD,2.55,3.13,0.08,0.07,0.06,0.06,0.06,0.15,,,,Negative,No
WP_P19/2,029B,16/08/2006,WP_P19_2.XLS,17/05/2007,16/05/2007,P,,GD,GD,GD,GD,GD,GD,GD,GD,1.78,1.44,0.07,0.06,0.07,0.06,0.07,0.11,,,,Negative,No
WP_P19/2,031B,16/08/2006,WP_P19_2.XLS,17/05/2007,16/05/2007,P,,GD,GD,GD,GD,GD,GD,GD,GD,2.63,2.8,0.2,0.19,0.2,0.18,0.35,0.25,NIL AVG HIGH,,,,No
WP_P19/2,033B,16/08/2006,WP_P19_2.XLS,17/05/2007,16/05/2007,P,,GD,GD,GD,GD,GD,GD,GD,GD,2.68,2.49,0.1,0.09,0.16,0.12,0.18,0.21,,,,Positive,No
WP_P190/1,002N,24/05/2010,WP_P190_1.XLS,04/06/2010,04/06/2010,P,,GD,GD,GD,GD,GD,GD,GD,GD,2.35,2.53,0.16,0.13,0.13,0.14,0.14,0.14,,,,Negative,No
WP_P190/1,003N,24/05/2010,WP_P190_1.XLS,04/06/2010,04/06/2010,P,,GD,GD,GD,GD,GD,GD,GD,GD,1.97,1.93,0.12,0.11,0.15,0.15,0.13,0.12,,,,Negative,No
WP_P190/1,008P,24/05/2010,WP_P190_1.XLS,04/06/2010,04/06/2010,P,,GD,GD,GD,GD,GD,GD,GD,GD,1.31,1.35,0.1,0.11,0.12,0.12,0.13,0.12,,,,Negative,No
WP_P190/1,015P,24/05/2010,WP_P190_1.XLS,04/06/2010,04/06/2010,P,,GD,GD,GD,GD,GD,GD,GD,GD,1.65,1.71,0.14,0.11,0.11,0.12,0.14,0.11,,,,Negative,No
WP_P190/1,018P,24/05/2010,WP_P190_1.XLS,04/06/2010,04/06/2010,P,,GD,GD,GD,GD,GD,GD,GD,GD,1.65,1.71,0.14,0.13,0.14,0.16,0.18,0.18,,,,Negative,No
WP_P190/1,019P,24/05/2010,WP_P190_1.XLS,04/06/2010,04/06/2010,F,,GD,GD,GD,GD,GD,GD,GD,GD,0.2,0.2,0.12,0.12,0.11,0.12,0.11,0.13,,,LOW PWM,Negative,No
WP_P190/1,035N,24/05/2010,WP_P190_1.XLS,04/06/2010,04/06/2010,P,,GD,GD,GD,GD,GD,GD,GD,GD,1.51,1.45,0.12,0.12,0.14,0.12,0.16,0.21,,,,Negative,No
WP_P190/1,052N,24/05/2010,WP_P190_1.XLS,04/06/2010,04/06/2010,F,,GD,GD,GD,GD,GD,GD,GD,GD,0.12,0.11,0.11,0.11,0.1,0.1,0.13,0.12,,,LOW PWM,Negative,No
WP_P191/1,036R,24/05/2010,WP_P191_1.XLS,04/06/2010,04/06/2010,F,,GD,GD,GD,GD,GD,GD,GD,GD,0.43,0.42,0.1,0.11,0.11,0.12,0.15,0.12,,,LOW PWM,Negative,No
WP_P191/1,039W,24/05/2010,WP_P191_1.XLS,04/06/2010,04/06/2010,P,,GD,GD,GD,GD,GD,GD,GD,GD,1.8,1.75,0.09,0.09,0.18,0.23,0.18,0.11,,,,Positive,No
WP_P191/1,046P,24/05/2010,WP_P191_1.XLS,04/06/2010,04/06/2010,P,,GD,GD,GD,GD,GD,GD,GD,GD,2.38,2.36,0.12,0.11,0.7,0.7,0.12,0.12,,,,Positive,No
WP_P191/1,049P,24/05/2010,WP_P191_1.XLS,04/06/2010,04/06/2010,P,,GD,GD,GD,GD,GD,GD,GD,GD,2.11,2.31,0.1,0.09,0.12,0.1,0.1,0.1,,,,Negative,No
WP_P191/1,049W,24/05/2010,WP_P191_1.XLS,04/06/2010,04/06/2010,F,,GD,GD,GD,GD,GD,GD,GD,GD,0.36,0.35,0.16,0.16,0.13,0.14,0.15,0.14,,,LOW PWM,Negative,No
WP_P191/1,052W,24/05/2010,WP_P191_1.XLS,04/06/2010,04/06/2010,F,,GD,GD,GD,GD,GD,GD,GD,GD,0.34,0.34,0.11,0.11,0.11,0.12,0.13,0.12,,,LOW PWM,Negative,No
WP_P191/1,055Y,24/05/2010,WP_P191_1.XLS,04/06/2010,04/06/2010,P,,GD,GD,GD,GD,GD,GD,GD,GD,2.42,2.48,0.12,0.13,0.12,0.16,0.15,0.15,,,,Negative,No
WP_P191/1,056W,24/05/2010,WP_P191_1.XLS,04/06/2010,04/06/2010,F,,GD,GD,GD,GD,GD,GD,GD,GD,0.58,0.63,0.1,0.1,0.4,0.42,0.14,0.12,,,LOW PWM,Positive,No
WP_P192/1,001F,24/05/2010,WP_P192_1.XLS,04/06/2010,04/06/2010,F,,GD,GD,GD,GD,GD,GD,GD,GD,0.66,0.67,0.09,0.1,0.16,0.16,0.11,0.1,,,LOW PWM,Positive,No
WP_P192/1,007F,24/05/2010,WP_P192_1.XLS,04/06/2010,04/06/2010,P,,GD,GD,GD,GD,GD,GD,GD,GD,2.55,2.8,0.08,0.08,0.09,0.09,0.1,0.09,,,,Negative,No
WP_P192/1,009P,24/05/2010,WP_P192_1.XLS,04/06/2010,04/06/2010,P,,GD,GD,GD,GD,GD,GD,GD,GD,1.1,1.12,0.09,0.08,0.1,0.09,0.11,0.1,,,,Negative,No
WP_P192/1,014P,24/05/2010,WP_P192_1.XLS,04/06/2010,04/06/2010,P,,GD,GD,GD,GD,GD,GD,GD,GD,2.58,2.78,0.09,0.09,0.09,0.12,0.19,0.12,,,,Negative,No
WP_P192/1,045R,24/05/2010,WP_P192_1.XLS,04/06/2010,04/06/2010,P,,GD,GD,GD,GD,GD,GD,GD,GD,1.21,1.23,0.09,0.09,0.14,0.15,0.11,0.11,,,,Positive,No
WP_P192/1,054G,24/05/2010,WP_P192_1.XLS,04/06/2010,04/06/2010,F,,GD,GD,GD,GD,GD,GD,GD,GD,0.52,0.54,0.09,0.09,0.1,0.1,0.12,0.11,,,LOW PWM,Negative,No
WP_P192/1,060R,24/05/2010,WP_P192_1.XLS,04/06/2010,04/06/2010,F,,GD,GD,GD,GD,GD,GD,GD,GD,0.13,0.14,0.1,0.09,0.14,0.17,0.09,0.09,,,LOW PWM,Positive,No
WP_P192/1,067P,24/05/2010,WP_P192_1.XLS,04/06/2010,04/06/2010,P,,GD,GD,GD,GD,GD,GD,GD,GD,1.5,1.62,0.09,0.1,0.1,0.09,0.11,0.1,,,,Negative,No
WP_P193/1,011Y,24/05/2010,WP_P193_1.XLS,04/06/2010,04/06/2010,P,,GD,GD,GD,GD,GD,GD,GD,GD,2.63,2.33,0.09,0.08,0.1,0.1,0.09,0.09,,,,Negative,No
WP_P193/1,020Y,24/05/2010,WP_P193_1.XLS,04/06/2010,04/06/2010,F,,GD,GD,GD,GD,GD,GD,GD,GD,0.71,0.7,0.11,0.09,0.09,0.1,0.11,0.11,,,LOW PWM,Negative,No
WP_P193/1,023Y,24/05/2010,WP_P193_1.XLS,04/06/2010,04/06/2010,P,,GD,GD,GD,GD,GD,GD,GD,GD,1.39,1.61,0.09,0.12,0.76,0.84,0.12,0.1,,,,Positive,No
WP_P193/1,026Y,24/05/2010,WP_P193_1.XLS,04/06/2010,04/06/2010,P,,GD,GD,GD,GD,GD,GD,GD,GD,1.6,1.58,0.1,0.1,0.09,0.09,0.1,0.1,,,,Negative,No
WP_P193/1,034Y,24/05/2010,WP_P193_1.XLS,04/06/2010,04/06/2010,F,,GD,GD,GD,GD,GD,GD,GD,GD,0.53,0.55,0.09,0.08,0.08,0.09,0.14,0.14,,,LOW PWM,Negative,No
WP_P193/1,047W,24/05/2010,WP_P193_1.XLS,04/06/2010,04/06/2010,P,,GD,GD,GD,GD,GD,GD,GD,GD,1.33,1.43,0.12,0.12,0.12,0.13,0.15,0.15,,,,Negative,No
WP_P194/1,010P,25/05/2010,WP_P194_1.XLS,04/06/2010,04/06/2010,F,,GD,GD,GD,GD,GD,GD,GD,GD,0.19,0.17,0.06,0.05,0.05,0.05,0.06,0.05,,,LOW PWM,Negative,No
WP_P194/1,013P,25/05/2010,WP_P194_1.XLS,04/06/2010,04/06/2010,P,,GD,GD,GD,GD,GD,GD,GD,GD,2.1,2.19,0.05,0.05,0.05,0.05,0.05,0.05,,,,Negative,No
WP_P194/1,037W,25/05/2010,WP_P194_1.XLS,04/06/2010,04/06/2010,F,,GD,GD,GD,GD,GD,GD,GD,GD,0.59,0.5,0.05,0.06,0.05,0.08,0.05,0.05,,,LOW PWM,Negative,No
WP_P194/1,062W,25/05/2010,WP_P194_1.XLS,04/06/2010,04/06/2010,F,,GD,GD,GD,GD,GD,GD,GD,GD,0.77,0.65,0.09,0.06,0.36,0.37,0.05,0.05,,,LOW PWM,Positive,No
WP_P195/1,008F,15/06/2010,WP_P195_1.XLS,14/07/2010,13/07/2010,P,,GD,GD,GD,GD,GD,GD,GD,GD,1.14,1.01,0.09,0.1,0.09,0.08,0.09,0.1,,,,Negative,No
WP_P195/1,009F,15/06/2010,WP_P195_1.XLS,14/07/2010,13/07/2010,P,,GD,GD,GD,GD,GD,GD,GD,GD,1.74,1.73,0.07,0.07,0.07,0.07,0.07,0.08,,,,Negative,No
WP_P195/1,010F,15/06/2010,WP_P195_1.XLS,14/07/2010,13/07/2010,P,,GD,GD,GD,GD,GD,GD,GD,GD,1.16,1.16,0.07,0.07,0.12,0.07,0.07,0.08,,,,Negative,No
WP_P195/1,029N,15/06/2010,WP_P195_1.XLS,14/07/2010,13/07/2010,P,,GD,GD,GD,GD,GD,GD,GD,GD,1.72,1.68,0.1,0.09,0.09,0.09,0.09,0.1,,,,Negative,No
WP_P195/1,031N,15/06/2010,WP_P195_1.XLS,14/07/2010,13/07/2010,F,,GD,GD,GD,GD,GD,GD,GD,GD,0.58,0.59,0.08,0.07,0.07,0.07,0.09,0.09,,,LOW PWM,Negative,No
WP_P195/1,032N,15/06/2010,WP_P195_1.XLS,14/07/2010,13/07/2010,P,,GD,GD,GD,GD,GD,GD,GD,GD,1.25,1.3,0.12,0.08,0.07,0.08,0.08,0.09,,,,Negative,No
WP_P195/1,034N,15/06/2010,WP_P195_1.XLS,14/07/2010,13/07/2010,P,,GD,GD,GD,GD,GD,GD,GD,GD,1.59,1.6,0.08,0.08,0.17,0.16,0.08,0.08,,,,Positive,No
WP_P195/1,036N,15/06/2010,WP_P195_1.XLS,14/07/2010,13/07/2010,F,,GD,GD,GD,GD,GD,GD,GD,GD,0.45,0.4,0.09,0.09,0.19,0.17,0.08,0.08,,,LOW PWM,Positive,No
WP_P196/1,011F,15/06/2010,WP_P196_1.XLS,14/07/2010,13/07/2010,F,,GD,GD,GD,GD,GD,GD,GD,GD,0.61,0.53,0.11,0.08,0.08,0.07,0.08,0.08,,,LOW PWM,Negative,No
WP_P196/1,016B,15/06/2010,WP_P196_1.XLS,14/07/2010,13/07/2010,F,,GD,GD,GD,GD,GD,GD,GD,GD,0.49,0.53,0.12,0.08,0.12,0.08,0.08,0.08,,,LOW PWM,Negative,No
WP_P196/1,017B,15/06/2010,WP_P196_1.XLS,14/07/2010,13/07/2010,P,,GD,GD,GD,GD,GD,GD,GD,GD,2.03,2.09,0.1,0.08,0.07,0.07,0.09,0.08,,,,Negative,No
WP_P196/1,037N,15/06/2010,WP_P196_1.XLS,14/07/2010,13/07/2010,P,,GD,GD,GD,GD,GD,GD,GD,GD,1.13,1.11,0.09,0.08,0.08,0.08,0.09,0.09,,,,Negative,No
WP_P196/1,040N,15/06/2010,WP_P196_1.XLS,14/07/2010,13/07/2010,P,,GD,GD,GD,GD,GD,GD,GD,GD,1.87,1.64,0.17,0.17,0.21,0.16,0.16,0.16,,,,Negative,No
WP_P196/1,053N,15/06/2010,WP_P196_1.XLS,14/07/2010,13/07/2010,F,,GD,GD,GD,GD,GD,GD,GD,GD,0.28,0.25,0.08,0.07,0.07,0.07,0.08,0.1,,,LOW PWM,Negative,No
WP_P196/1,056P,15/06/2010,WP_P196_1.XLS,14/07/2010,13/07/2010,P,,GD,GD,GD,GD,GD,GD,GD,GD,1.52,1.52,0.08,0.07,0.07,0.07,0.1,0.09,,,,Negative,No
WP_P196/1,062W,15/06/2010,WP_P196_1.XLS,14/07/2010,13/07/2010,F,,GD,GD,GD,GD,GD,GD,GD,GD,0.41,0.37,0.09,0.08,0.33,0.33,0.07,0.08,,,LOW PWM,Positive,No
WP_P197/1,012F,15/06/2010,WP_P197_1.XLS,14/07/2010,13/07/2010,P,,GD,GD,GD,GD,GD,GD,GD,GD,2.27,1.9,0.09,0.11,0.08,0.09,0.09,0.09,,,,Negative,No
WP_P197/1,013F,15/06/2010,WP_P197_1.XLS,14/07/2010,13/07/2010,P,,GD,GD,GD,GD,GD,GD,GD,GD,2.79,2.73,0.08,0.09,0.07,0.06,0.08,0.08,,,,Negative,No
WP_P197/1,014F,15/06/2010,WP_P197_1.XLS,14/07/2010,13/07/2010,P,,GD,GD,GD,GD,GD,GD,GD,GD,1.72,1.7,0.07,0.07,0.06,0.07,0.07,0.08,,,,Negative,No
WP_P197/1,015F,15/06/2010,WP_P197_1.XLS,14/07/2010,13/07/2010,P,,GD,GD,GD,GD,GD,GD,GD,GD,1.92,1.73,0.07,0.07,0.06,0.08,0.07,0.08,,,,Negative,No
WP_P197/1,023N,15/06/2010,WP_P197_1.XLS,14/07/2010,13/07/2010,P,,GD,GD,GD,GD,GD,GD,GD,GD,1.33,1.32,0.07,0.07,0.06,0.08,0.07,0.08,,,,Negative,No
WP_P197/1,025N,15/06/2010,WP_P197_1.XLS,14/07/2010,13/07/2010,F,,GD,GD,GD,GD,GD,GD,GD,GD,0.83,0.79,0.11,0.07,0.09,0.07,0.08,0.09,,,LOW PWM,Negative,No
WP_P197/1,026N,15/06/2010,WP_P197_1.XLS,14/07/2010,13/07/2010,P,,GD,GD,GD,GD,GD,GD,GD,GD,1.33,1.15,0.1,0.1,0.09,0.07,0.08,0.08,,,,Negative,No
WP_P197/1,028N,15/06/2010,WP_P197_1.XLS,14/07/2010,13/07/2010,P,,GD,GD,GD,GD,GD,GD,GD,GD,1.75,1.37,0.1,0.2,0.16,0.16,0.09,0.1,A OUTLIER,,,,No
WP_P198/1,022P,15/06/2010,WP_P198_1.XLS,14/07/2010,13/07/2010,P,,GD,GD,GD,GD,GD,GD,GD,GD,1.26,1.19,0.05,0.07,0.11,0.09,0.06,0.07,,,,Negative,No
WP_P198/1,030N,15/06/2010,WP_P198_1.XLS,14/07/2010,13/07/2010,F,,GD,GD,GD,GD,GD,GD,GD,GD,0.94,0.77,0.05,0.05,0.05,0.05,0.06,0.07,,,LOW PWM,Negative,No
WP_P198/1,033N,15/06/2010,WP_P198_1.XLS,14/07/2010,13/07/2010,P,,GD,GD,GD,GD,GD,GD,GD,GD,1.56,1.32,1.38,1.27,0.05,0.1,0.07,0.09,,,,Negative,No
WP_P198/1,035N,15/06/2010,WP_P198_1.XLS,14/07/2010,13/07/2010,P,,GD,GD,GD,GD,GD,GD,GD,GD,1.48,1.43,0.05,0.05,0.05,0.05,0.07,0.08,,,,Negative,No
WP_P198/1,039N,15/06/2010,WP_P198_1.XLS,14/07/2010,13/07/2010,P,,GD,GD,GD,GD,GD,GD,GD,GD,1.23,0.99,0.05,0.05,0.05,0.05,0.06,0.08,,,,Negative,No
WP_P198/1,041N,15/06/2010,WP_P198_1.XLS,14/07/2010,13/07/2010,F,,GD,GD,GD,GD,GD,GD,GD,GD,0.82,0.7,0.05,0.05,0.04,0.04,0.06,0.06,,,LOW PWM,Negative,No
WP_P198/1,052N,15/06/2010,WP_P198_1.XLS,14/07/2010,13/07/2010,F,,GD,GD,GD,GD,GD,GD,GD,GD,1.02,0.9,0.07,0.05,0.06,0.08,0.07,0.09,,,LOW PWM,Negative,No
WP_P198/1,054N,15/06/2010,WP_P198_1.XLS,14/07/2010,13/07/2010,P,,GD,GD,GD,GD,GD,GD,GD,GD,2.5,2.41,0.07,0.07,0.05,0.05,0.06,0.06,,,,Negative,No
WP_P199/1,031Y,15/06/2010,WP_P199_1.XLS,14/07/2010,13/07/2010,P,,GD,GD,GD,GD,GD,GD,GD,GD,1.23,1.38,0.08,0.06,0.07,0.08,0.08,0.1,,,,Negative,No
WP_P199/1,036Y,15/06/2010,WP_P199_1.XLS,14/07/2010,13/07/2010,F,,GD,GD,GD,GD,GD,GD,GD,GD,0.07,0.06,0.06,0.07,0.06,0.09,0.08,0.1,,,LOW PWM,Negative,No
WP_P199/1,038Y,15/06/2010,WP_P199_1.XLS,14/07/2010,13/07/2010,P,,GD,GD,GD,GD,GD,GD,GD,GD,1.19,1.1,0.15,0.11,0.12,0.16,0.15,0.17,,,,Negative,No
WP_P199/1,054P,15/06/2010,WP_P199_1.XLS,14/07/2010,13/07/2010,F,,GD,GD,GD,GD,GD,GD,GD,GD,0.74,0.74,0.07,0.07,0.28,0.28,0.1,0.11,,,LOW PWM,Positive,No
WP_P199/1,060R,15/06/2010,WP_P199_1.XLS,14/07/2010,13/07/2010,F,,GD,GD,GD,GD,GD,GD,GD,GD,0.09,0.09,0.07,0.08,0.39,0.24,0.12,0.14,,,LOW PWM,Positive,No
WP_P199/1,069P,15/06/2010,WP_P199_1.XLS,14/07/2010,13/07/2010,P,,GD,GD,GD,GD,GD,GD,GD,GD,1.19,1.38,0.07,0.06,0.13,0.17,0.1,0.11,,,,Positive,No
WP_P199/1,069R,15/06/2010,WP_P199_1.XLS,14/07/2010,13/07/2010,F,,GD,GD,GD,GD,GD,GD,GD,GD,0.44,0.43,0.07,0.07,0.09,0.1,0.09,0.11,,,LOW PWM,Negative,No
WP_P199/1,070P,15/06/2010,WP_P199_1.XLS,14/07/2010,13/07/2010,P,,GD,GD,GD,GD,GD,GD,GD,GD,1.11,1.27,0.09,0.06,0.07,0.07,0.09,0.11,,,,Negative,No
WP_P2/1,038B,18/07/2006,WP_P2_1.XLS,16/04/2007,23/01/2007,P,,GD,GD,GD,GD,GD,GD,GD,GD,2.89,2.78,0.23,0.23,0.23,0.23,0.22,0.21,,,,Negative,No
WP_P2/1,039B,18/07/2006,WP_P2_1.XLS,16/04/2007,23/01/2007,P,,GD,GD,GD,GD,GD,GD,GD,GD,2.21,2.01,0.2,0.21,0.21,0.19,0.19,0.22,,,,Negative,No
WP_P2/1,040B,18/07/2006,WP_P2_1.XLS,16/04/2007,23/01/2007,P,,GD,GD,GD,GD,GD,GD,GD,GD,1.7,1.42,0.21,0.24,0.23,0.21,0.21,0.2,,,,Negative,No
WP_P2/1,041B,18/07/2006,WP_P2_1.XLS,16/04/2007,23/01/2007,P,,GD,GD,GD,GD,GD,GD,GD,GD,1.8,1.63,0.2,0.25,0.19,0.21,0.23,0.2,,,,Negative,No
WP_P2/1,042B,18/07/2006,WP_P2_1.XLS,16/04/2007,23/01/2007,P,,GD,GD,GD,GD,GD,GD,GD,GD,1.97,1.82,0.17,0.17,0.17,0.17,0.21,0.19,,,,Negative,No
WP_P2/1,043B,18/07/2006,WP_P2_1.XLS,16/04/2007,23/01/2007,P,,GD,GD,GD,GD,GD,GD,GD,GD,2.05,1.92,0.18,0.18,0.18,0.19,0.19,0.2,,,,Negative,No
WP_P2/1,044B,18/07/2006,WP_P2_1.XLS,16/04/2007,23/01/2007,P,,GD,GD,GD,GD,GD,GD,GD,GD,2.65,2.6,0.19,0.19,0.18,0.18,0.19,0.22,,,,Negative,No
WP_P2/1,045B,18/07/2006,WP_P2_1.XLS,16/04/2007,23/01/2007,P,,GD,GD,GD,GD,GD,GD,GD,GD,1.24,1.1,0.21,0.21,0.21,0.21,0.21,0.24,,,,Negative,No
WP_P2/2,045B,18/07/2006,WP_P2_2.XLS,21/05/2007,18/05/2007,F,,GD,GD,GD,GD,GD,GD,GD,GD,0.82,0.75,0.08,0.08,0.07,0.07,0.08,0.14,,,LOW PWM,Negative,No
WP_P20/1,003B,24/10/2006,WP_P20_1.XLS,16/04/2007,08/02/2007,P,,GD,GD,GD,GD,GD,GD,GD,GD,2.65,2.53,0.25,0.25,0.25,0.26,0.26,0.26,NIL AVG HIGH,,,,No
WP_P20/1,004B,24/10/2006,WP_P20_1.XLS,16/04/2007,08/02/2007,P,,GD,GD,GD,GD,GD,GD,GD,GD,2.59,2.49,0.48,0.49,0.5,0.49,0.47,0.47,NIL AVG HIGH,,,,No
WP_P20/1,005B,24/10/2006,WP_P20_1.XLS,16/04/2007,08/02/2007,P,,GD,GD,GD,GD,GD,GD,GD,GD,2.52,2.43,0.25,0.25,0.28,0.25,0.26,0.27,NIL AVG HIGH,,,,No
WP_P20/1,007B,24/10/2006,WP_P20_1.XLS,16/04/2007,08/02/2007,P,,GD,GD,GD,GD,GD,GD,GD,GD,2.37,2.23,0.23,0.23,0.24,0.23,0.24,0.25,NIL AVG HIGH,,,,No
WP_P20/1,009B,24/10/2006,WP_P20_1.XLS,16/04/2007,08/02/2007,P,,GD,GD,GD,GD,GD,GD,GD,GD,2.42,2.21,1.79,1.67,1.78,1.77,1.78,1.85,NIL AVG HIGH,,,,No
WP_P20/1,041B,24/10/2006,WP_P20_1.XLS,16/04/2007,08/02/2007,P,,GD,GD,GD,GD,GD,GD,GD,GD,2.11,2.02,2.32,2.32,2.38,2.35,2.39,2.52,NIL AVG HIGH,,,,No
WP_P20/1,043B,24/10/2006,WP_P20_1.XLS,16/04/2007,08/02/2007,P,,GD,GD,GD,GD,GD,GD,GD,GD,2.56,2.46,0.28,0.29,0.29,0.28,0.29,0.29,NIL AVG HIGH,,,,No
WP_P20/1,045B,24/10/2006,WP_P20_1.XLS,16/04/2007,08/02/2007,P,,GD,GD,GD,GD,GD,GD,GD,GD,2.41,2.25,0.33,0.27,0.26,0.26,0.26,0.27,NIL AVG HIGH,,,,No
WP_P20/2,003B,24/10/2006,WP_P20_2.XLS,17/05/2007,17/05/2007,P,,GD,GD,GD,GD,GD,GD,GD,GD,3.3,2.89,0.07,0.06,0.07,0.06,0.08,0.08,,,,Negative,No
WP_P20/2,004B,24/10/2006,WP_P20_2.XLS,17/05/2007,17/05/2007,P,,GD,GD,GD,GD,GD,GD,GD,GD,3.06,2.82,0.13,0.15,0.14,0.15,0.17,0.19,,,,Negative,No
WP_P20/2,005B,24/10/2006,WP_P20_2.XLS,17/05/2007,17/05/2007,P,,GD,GD,GD,GD,GD,GD,GD,GD,2.58,2.4,0.06,0.05,0.06,0.06,0.07,0.08,,,,Negative,No
WP_P20/2,007B,24/10/2006,WP_P20_2.XLS,17/05/2007,17/05/2007,P,,GD,GD,GD,GD,GD,GD,GD,GD,2.7,2.96,0.07,0.05,0.05,0.05,0.07,0.07,,,,Negative,No
WP_P20/2,009B,24/10/2006,WP_P20_2.XLS,17/05/2007,17/05/2007,P,,GD,GD,GD,GD,GD,GD,GD,GD,2.82,2.43,0.49,0.47,0.52,0.58,0.63,0.75,NIL AVG HIGH,,,,No
WP_P20/2,041B,24/10/2006,WP_P20_2.XLS,17/05/2007,17/05/2007,P,,GD,GD,GD,GD,GD,GD,GD,GD,2.87,2.97,2.3,2.26,2.25,2.31,2.65,2.78,NIL AVG HIGH,,,,No
WP_P20/2,043B,24/10/2006,WP_P20_2.XLS,17/05/2007,17/05/2007,P,,GD,GD,GD,GD,GD,GD,GD,GD,2.99,2.96,0.06,0.1,0.05,0.06,0.06,0.08,,,,Negative,No
WP_P20/2,045B,24/10/2006,WP_P20_2.XLS,17/05/2007,17/05/2007,P,,GD,GD,GD,GD,GD,GD,GD,GD,2.69,2.48,0.12,0.1,0.07,0.06,0.09,0.1,,,,Negative,No
WP_P200/1,041Y,15/06/2010,WP_P200_1.XLS,14/07/2010,13/07/2010,P,,GD,GD,GD,GD,GD,GD,GD,GD,1.45,1.54,0.06,0.06,0.22,0.26,0.08,0.09,,,,Positive,No
WP_P200/1,077W,15/06/2010,WP_P200_1.XLS,14/07/2010,13/07/2010,F,,GD,GD,GD,GD,GD,GD,GD,GD,0.77,0.85,0.12,0.07,0.06,0.07,0.08,0.08,,,LOW PWM,Negative,No
WP_P200/1,081W,15/06/2010,WP_P200_1.XLS,14/07/2010,13/07/2010,P,,GD,GD,GD,GD,GD,GD,GD,GD,1,1.03,0.07,0.06,0.06,0.06,0.08,0.09,,,,Negative,No
WP_P200/1,103W,15/06/2010,WP_P200_1.XLS,14/07/2010,13/07/2010,P,,GD,GD,GD,GD,GD,GD,GD,GD,2.06,2.17,0.06,0.06,0.55,0.54,0.08,0.09,,,,Positive,No
WP_P200/1,I035,15/06/2010,WP_P200_1.XLS,14/07/2010,13/07/2010,F,,GD,GD,GD,GD,GD,GD,GD,GD,0.25,0.28,0.06,0.05,0.07,0.08,0.07,0.09,,,LOW PWM,Negative,No
WP_P201/1,002F,16/06/2010,WP_P201_1.XLS,14/07/2010,13/07/2010,P,,GD,GD,GD,GD,GD,GD,GD,GD,1.29,1.44,0.05,0.06,0.07,0.06,0.1,0.08,,,,Negative,No
WP_P201/1,016F,16/06/2010,WP_P201_1.XLS,14/07/2010,13/07/2010,P,,GD,GD,GD,GD,GD,GD,GD,GD,0.96,1.14,0.05,0.05,0.15,0.16,0.09,0.09,,,,Positive,No
WP_P201/1,017F,16/06/2010,WP_P201_1.XLS,14/07/2010,13/07/2010,F,,GD,GD,GD,GD,GD,GD,GD,GD,0.37,0.43,0.08,0.06,0.06,0.05,0.08,0.08,,,LOW PWM,Negative,No
WP_P201/1,018B,16/06/2010,WP_P201_1.XLS,14/07/2010,13/07/2010,F,,GD,GD,GD,GD,GD,GD,GD,GD,0.51,0.55,0.06,0.06,0.06,0.08,0.08,0.08,,,LOW PWM,Negative,No
WP_P201/1,018F,16/06/2010,WP_P201_1.XLS,14/07/2010,13/07/2010,F,,GD,GD,GD,GD,GD,GD,GD,GD,0.4,0.54,0.08,0.07,0.06,0.06,0.1,0.08,,,LOW PWM,Negative,No
WP_P201/1,019F,16/06/2010,WP_P201_1.XLS,14/07/2010,13/07/2010,P,,GD,GD,GD,GD,GD,GD,GD,GD,1.73,1.86,0.09,0.07,0.62,0.59,0.08,0.09,,,,Positive,No
WP_P201/1,021B,16/06/2010,WP_P201_1.XLS,14/07/2010,13/07/2010,F,,GD,GD,GD,GD,GD,GD,GD,GD,0.24,0.28,0.06,0.06,0.07,0.06,0.08,0.08,,,LOW PWM,Negative,No
WP_P201/1,035B,16/06/2010,WP_P201_1.XLS,14/07/2010,13/07/2010,P,,GD,GD,GD,GD,GD,GD,GD,GD,1.02,1.19,0.06,0.06,0.06,0.06,0.09,0.08,,,,Negative,No
WP_P202/1,035Y,16/06/2010,WP_P202_1.XLS,14/07/2010,13/07/2010,F,,GD,GD,GD,GD,GD,GD,GD,GD,0.59,0.68,0.08,0.09,0.43,0.42,0.07,0.07,,,LOW PWM,Positive,No
WP_P202/1,046P,16/06/2010,WP_P202_1.XLS,14/07/2010,13/07/2010,F,,GD,GD,GD,GD,GD,GD,GD,GD,0.55,0.5,0.06,0.08,0.11,0.08,0.07,0.07,,,LOW PWM,Negative,No
WP_P202/1,049W,16/06/2010,WP_P202_1.XLS,14/07/2010,13/07/2010,F,,GD,GD,GD,GD,GD,GD,GD,GD,0.26,0.25,0.1,0.08,0.1,0.07,0.08,0.09,,,LOW PWM,Negative,No
WP_P202/1,055N,16/06/2010,WP_P202_1.XLS,14/07/2010,13/07/2010,P,,GD,GD,GD,GD,GD,GD,GD,GD,1.15,1.18,0.06,0.06,0.1,0.06,0.07,0.08,,,,Negative,No
WP_P202/1,055R,16/06/2010,WP_P202_1.XLS,14/07/2010,13/07/2010,F,,GD,GD,GD,GD,GD,GD,GD,GD,0.53,0.56,0.06,0.08,0.09,0.06,0.06,0.06,,,LOW PWM,Negative,No
WP_P202/1,058R,16/06/2010,WP_P202_1.XLS,14/07/2010,13/07/2010,F,,GD,GD,GD,GD,GD,GD,GD,GD,0.6,0.58,0.06,0.06,0.2,0.15,0.06,0.07,,,LOW PWM,Positive,No
WP_P202/1,066R,16/06/2010,WP_P202_1.XLS,14/07/2010,13/07/2010,P,,GD,GD,GD,GD,GD,GD,GD,GD,0.99,1.16,0.06,0.06,0.08,0.06,0.07,0.08,,,,Negative,No
WP_P203/1,004F,07/09/2010,WP_P203_1.XLS,14/10/2010,14/10/2010,P,,GD,GD,GD,GD,GD,GD,GD,GD,1.18,0.99,0.09,0.05,0.15,0.18,0.06,0.07,,,,Positive,No
WP_P203/1,005N,07/09/2010,WP_P203_1.XLS,14/10/2010,14/10/2010,F,,GD,GD,GD,GD,GD,GD,GD,GD,0.64,0.59,0.09,0.06,0.06,0.06,0.07,0.08,,,LOW PWM,Negative,No
WP_P203/1,008B,07/09/2010,WP_P203_1.XLS,14/10/2010,14/10/2010,F,,GD,GD,GD,GD,GD,GD,GD,GD,0.74,0.62,0.08,0.1,0.09,0.09,0.09,0.11,,,LOW PWM,Negative,No
WP_P203/1,009N,07/09/2010,WP_P203_1.XLS,14/10/2010,14/10/2010,P,,GD,GD,GD,GD,GD,GD,GD,GD,1.66,1.47,0.07,0.07,0.06,0.08,0.08,0.08,,,,Negative,No
WP_P203/1,021F,07/09/2010,WP_P203_1.XLS,14/10/2010,14/10/2010,P,,GD,GD,GD,GD,GD,GD,GD,GD,1.39,1.12,0.05,0.05,0.05,0.05,0.07,0.06,,,,Negative,No
WP_P203/1,038B,07/09/2010,WP_P203_1.XLS,14/10/2010,14/10/2010,F,,GD,GD,GD,GD,GD,GD,GD,GD,0.66,0.63,0.06,0.06,0.06,0.06,0.1,0.07,,,LOW PWM,Negative,No
WP_P203/1,050G,07/09/2010,WP_P203_1.XLS,14/10/2010,14/10/2010,P,,GD,GD,GD,GD,GD,GD,GD,GD,1.21,1.12,0.05,0.05,0.07,0.07,0.06,0.08,,,,Negative,No
WP_P203/1,I008,07/09/2010,WP_P203_1.XLS,14/10/2010,14/10/2010,F,,GD,GD,GD,GD,GD,GD,GD,GD,0.97,0.8,0.06,0.05,0.11,0.08,0.07,0.07,,,LOW PWM,Negative,No
WP_P204/1,005P,07/09/2010,WP_P204_1.XLS,14/10/2010,14/10/2010,F,,GD,GD,GD,GD,GD,GD,GD,GD,0.08,0.08,0.08,0.08,0.06,0.05,0.07,0.07,,,LOW PWM,Negative,No
WP_P204/1,013N,07/09/2010,WP_P204_1.XLS,14/10/2010,14/10/2010,P,,GD,GD,GD,GD,GD,GD,GD,GD,2,2.18,0.07,0.09,0.07,0.08,0.09,0.11,,,,Negative,No
WP_P204/1,014N,07/09/2010,WP_P204_1.XLS,14/10/2010,14/10/2010,P,,GD,GD,GD,GD,GD,GD,GD,GD,2.09,2.14,0.08,0.08,0.08,0.09,0.09,0.08,,,,Negative,No
WP_P204/1,018N,07/09/2010,WP_P204_1.XLS,14/10/2010,14/10/2010,F,,GD,GD,GD,GD,GD,GD,GD,GD,0.67,0.7,0.08,0.08,0.12,0.1,0.09,0.09,,,LOW PWM,Negative,No
WP_P204/1,019N,07/09/2010,WP_P204_1.XLS,14/10/2010,14/10/2010,P,,GD,GD,GD,GD,GD,GD,GD,GD,1.64,1.58,0.07,0.06,0.11,0.09,0.07,0.1,,,,Negative,No
WP_P204/1,022N,07/09/2010,WP_P204_1.XLS,14/10/2010,14/10/2010,F,,GD,GD,GD,GD,GD,GD,GD,GD,0.57,0.59,0.09,0.12,0.15,0.18,0.07,0.07,,,LOW PWM,Positive,No
WP_P204/1,050N,07/09/2010,WP_P204_1.XLS,14/10/2010,14/10/2010,P,,GD,GD,GD,GD,GD,GD,GD,GD,1.83,1.87,0.11,0.11,0.31,0.33,0.08,0.08,,,,Positive,No
WP_P204/1,051N,07/09/2010,WP_P204_1.XLS,14/10/2010,14/10/2010,F,,GD,GD,GD,GD,GD,GD,GD,GD,0.88,0.99,0.11,0.08,0.08,0.06,0.08,0.07,,,LOW PWM,Negative,No
WP_P205/1,001F,21/09/2010,WP_P205_1.XLS,14/10/2010,14/10/2010,F,,GD,GD,GD,GD,GD,GD,GD,GD,0.67,0.49,0.08,0.05,0.09,0.1,0.05,0.05,,,LOW PWM,Negative,No
WP_P205/1,002N,21/09/2010,WP_P205_1.XLS,14/10/2010,14/10/2010,F,,GD,GD,GD,GD,GD,GD,GD,GD,0.75,0.64,0.06,0.05,0.29,0.29,0.05,0.05,,,LOW PWM,Positive,No
WP_P205/1,003N,21/09/2010,WP_P205_1.XLS,14/10/2010,14/10/2010,F,,GD,GD,GD,GD,GD,GD,GD,GD,0.78,0.71,0.06,0.05,0.62,0.63,0.07,0.05,,,LOW PWM,Positive,No
WP_P205/1,022F,21/09/2010,WP_P205_1.XLS,14/10/2010,14/10/2010,F,,GD,GD,GD,GD,GD,GD,GD,GD,0.88,0.88,0.08,0.05,0.06,0.06,0.05,0.05,,,LOW PWM,Negative,No
WP_P205/1,023F,21/09/2010,WP_P205_1.XLS,14/10/2010,14/10/2010,F,,GD,GD,GD,GD,GD,GD,GD,GD,0.64,0.51,0.07,0.05,0.15,0.16,0.05,0.05,,,LOW PWM,Positive,No
WP_P205/1,033N,21/09/2010,WP_P205_1.XLS,14/10/2010,14/10/2010,F,,GD,GD,GD,GD,GD,GD,GD,GD,0.92,0.66,0.05,0.05,0.06,0.06,0.05,0.05,,,LOW PWM,Negative,No
WP_P205/1,035N,21/09/2010,WP_P205_1.XLS,14/10/2010,14/10/2010,F,,GD,GD,GD,GD,GD,GD,GD,GD,0.39,0.37,0.1,0.05,0.07,0.09,0.05,0.05,,,LOW PWM,Negative,No
WP_P205/1,056B,21/09/2010,WP_P205_1.XLS,14/10/2010,14/10/2010,F,,GD,GD,GD,GD,GD,GD,GD,GD,0.4,0.45,0.06,0.05,0.08,0.06,0.05,0.04,,,LOW PWM,Negative,No
WP_P206/1,009P,21/09/2010,WP_P206_1.XLS,14/10/2010,14/10/2010,P,,GD,GD,GD,GD,GD,GD,GD,GD,1.11,1.22,0.15,0.11,0.06,0.06,0.07,0.04,,,,Negative,No
WP_P206/1,014P,21/09/2010,WP_P206_1.XLS,14/10/2010,14/10/2010,P,,GD,GD,GD,GD,GD,GD,GD,GD,1.33,1.22,0.05,0.09,0.07,0.08,0.08,0.07,,,,Negative,No
WP_P206/1,015P,21/09/2010,WP_P206_1.XLS,14/10/2010,14/10/2010,F,,GD,GD,GD,GD,GD,GD,GD,GD,0.6,0.58,0.16,0.05,0.05,0.05,0.07,0.07,,,LOW PWM,Negative,No
WP_P206/1,018P,21/09/2010,WP_P206_1.XLS,14/10/2010,14/10/2010,F,,GD,GD,GD,GD,GD,GD,GD,GD,0.58,0.48,0.1,0.05,0.13,0.07,0.06,0.06,A OUTLIER,,LOW PWM,,No
WP_P206/1,019P,21/09/2010,WP_P206_1.XLS,14/10/2010,14/10/2010,F,,GD,GD,GD,GD,GD,GD,GD,GD,0.79,0.77,0.05,0.05,0.07,0.07,0.06,0.06,,,LOW PWM,Negative,No
WP_P206/1,045P,21/09/2010,WP_P206_1.XLS,14/10/2010,14/10/2010,F,,GD,GD,GD,GD,GD,GD,GD,GD,0.91,0.91,0.06,0.06,0.08,0.07,0.12,0.09,,,LOW PWM,Negative,No
WP_P206/1,046P,21/09/2010,WP_P206_1.XLS,14/10/2010,14/10/2010,P,,GD,GD,GD,GD,GD,GD,GD,GD,1.04,1.03,0.05,0.05,0.09,0.12,0.06,0.08,,,,Positive,No
WP_P206/1,049P,21/09/2010,WP_P206_1.XLS,14/10/2010,14/10/2010,F,,GD,GD,GD,GD,GD,GD,GD,GD,0.42,0.42,0.05,0.06,0.07,0.06,0.08,0.07,,,LOW PWM,Negative,No
WP_P207/1,016P,07/09/2010,WP_P207_1.XLS,14/10/2010,14/10/2010,F,,GD,GD,GD,GD,GD,GD,GD,GD,0.65,0.74,0.06,0.05,0.06,0.06,0.11,0.08,,,LOW PWM,Negative,No
WP_P207/1,032P,07/09/2010,WP_P207_1.XLS,14/10/2010,14/10/2010,F,,GD,GD,GD,GD,GD,GD,GD,GD,0.57,0.5,0.18,0.19,0.26,0.29,0.1,0.06,,,LOW PWM,Positive,No
WP_P207/1,043P,07/09/2010,WP_P207_1.XLS,14/10/2010,14/10/2010,F,,GD,GD,GD,GD,GD,GD,GD,GD,0.39,0.41,0.08,0.05,0.07,0.07,0.07,0.07,,,LOW PWM,Negative,No
WP_P207/1,044P,07/09/2010,WP_P207_1.XLS,14/10/2010,14/10/2010,F,,GD,GD,GD,GD,GD,GD,GD,GD,0.54,0.49,0.06,0.06,0.08,0.06,0.1,0.07,,,LOW PWM,Negative,No
WP_P207/1,064P,07/09/2010,WP_P207_1.XLS,14/10/2010,14/10/2010,P,,GD,GD,GD,GD,GD,GD,GD,GD,1.16,1.07,0.05,0.05,0.07,0.08,0.08,0.08,,,,Negative,No
WP_P207/1,082W,07/09/2010,WP_P207_1.XLS,14/10/2010,14/10/2010,F,,GD,GD,GD,GD,GD,GD,GD,GD,0.12,0.13,0.06,0.06,0.05,0.07,0.06,0.07,,,LOW PWM,Negative,No
WP_P207/1,Q028,07/09/2010,WP_P207_1.XLS,14/10/2010,14/10/2010,F,,GD,GD,GD,GD,GD,GD,GD,GD,0.83,0.97,0.1,0.08,0.06,0.08,0.11,0.07,,,LOW PWM,Negative,No
WP_P207/1,Q081,07/09/2010,WP_P207_1.XLS,14/10/2010,14/10/2010,P,,GD,GD,GD,GD,GD,GD,GD,GD,0.91,1.61,0.07,0.09,0.06,0.06,0.07,0.08,,,,Negative,No
WP_P208/1,011Y,21/09/2010,WP_P208_1.XLS,14/10/2010,14/10/2010,F,,GD,GD,GD,GD,GD,GD,GD,GD,0.53,0.39,0.05,0.05,0.06,0.05,0.07,0.06,,,LOW PWM,Negative,No
WP_P208/1,020Y,21/09/2010,WP_P208_1.XLS,14/10/2010,14/10/2010,F,,GD,GD,GD,GD,GD,GD,GD,GD,0.36,0.36,0.05,0.05,0.1,0.1,0.06,0.06,,,LOW PWM,Positive,No
WP_P208/1,023Y,21/09/2010,WP_P208_1.XLS,14/10/2010,14/10/2010,F,,GD,GD,GD,GD,GD,GD,GD,GD,0.47,0.35,0.06,0.05,0.37,0.43,0.08,0.06,,,LOW PWM,Positive,No
WP_P208/1,034Y,21/09/2010,WP_P208_1.XLS,14/10/2010,14/10/2010,F,,GD,GD,GD,GD,GD,GD,GD,GD,0.8,0.56,0.04,0.06,0.05,0.06,0.06,0.06,,,LOW PWM,Negative,No
WP_P208/1,053Y,07/09/2010,WP_P208_1.XLS,14/10/2010,14/10/2010,F,,GD,GD,GD,GD,GD,GD,GD,GD,0.69,0.77,0.06,0.06,0.06,0.06,0.06,0.07,,,LOW PWM,Negative,No
WP_P208/1,057Y,21/09/2010,WP_P208_1.XLS,14/10/2010,14/10/2010,F,,GD,GD,GD,GD,GD,GD,GD,GD,0.4,0.51,0.06,0.05,0.05,0.06,0.06,0.07,,,LOW PWM,Negative,No
WP_P208/1,061Y,07/09/2010,WP_P208_1.XLS,14/10/2010,14/10/2010,F,,GD,GD,GD,GD,GD,GD,GD,GD,1.05,0.84,0.05,0.05,0.05,0.07,0.05,0.06,,,LOW PWM,Negative,No
WP_P208/1,067P,21/09/2010,WP_P208_1.XLS,14/10/2010,14/10/2010,F,,GD,GD,GD,GD,GD,GD,GD,GD,0.38,0.28,0.05,0.05,0.06,0.07,0.06,0.07,,,LOW PWM,Negative,No
WP_P209/1,012P,22/09/2010,WP_P209_1.XLS,14/10/2010,14/10/2010,P,,GD,GD,GD,GD,GD,GD,GD,GD,1.41,1.27,0.05,0.05,0.05,0.05,0.09,0.06,,,,Negative,No
WP_P209/1,024F,22/09/2010,WP_P209_1.XLS,14/10/2010,14/10/2010,P,,GD,GD,GD,GD,GD,GD,GD,GD,1.15,1.08,0.06,0.05,0.06,0.05,0.06,0.07,,,,Negative,No
WP_P209/1,037N,22/09/2010,WP_P209_1.XLS,14/10/2010,14/10/2010,F,,GD,GD,GD,GD,GD,GD,GD,GD,0.41,0.41,0.08,0.07,0.09,0.1,0.07,0.07,,,LOW PWM,Negative,No
WP_P209/1,052N,22/09/2010,WP_P209_1.XLS,14/10/2010,14/10/2010,P,,GD,GD,GD,GD,GD,GD,GD,GD,1.13,1.16,0.06,0.06,0.07,0.07,0.07,0.07,,,,Negative,No
WP_P209/2,033L,11/12/2012,WP_P209_2.XLS,03/02/2014,25/07/2013,F,,GD,GD,GD,GD,GD,GD,GD,GD,0.18,0.15,0.05,0.05,0.05,0.05,0.04,0.05,,,LOW PWM,Negative,No
WP_P21/1,008B,24/10/2006,WP_P21_1.XLS,16/04/2007,08/02/2007,P,,GD,GD,GD,GD,GD,GD,GD,GD,2.53,2.42,0.22,0.22,0.23,0.21,0.21,0.21,,,,Negative,No
WP_P21/1,037B,24/10/2006,WP_P21_1.XLS,16/04/2007,08/02/2007,P,,GD,GD,GD,GD,GD,GD,GD,GD,2.73,2.64,0.23,0.24,0.35,0.35,0.22,0.23,,,,Positive,No
WP_P21/1,049B,24/10/2006,WP_P21_1.XLS,16/04/2007,08/02/2007,P,,GD,GD,GD,GD,GD,GD,GD,GD,2.74,2.63,0.37,0.38,0.35,0.36,0.36,0.37,NIL AVG HIGH,,,,No
WP_P21/1,051B,24/10/2006,WP_P21_1.XLS,16/04/2007,08/02/2007,P,,GD,GD,GD,GD,GD,GD,GD,GD,2.67,2.56,0.37,0.38,0.39,0.36,0.35,0.38,NIL AVG HIGH,,,,No
WP_P21/1,052B,24/10/2006,WP_P21_1.XLS,16/04/2007,08/02/2007,P,,GD,GD,GD,GD,GD,GD,GD,GD,2.54,2.48,0.29,0.28,0.29,0.28,0.26,0.28,NIL AVG HIGH,,,,No
WP_P21/1,063B,24/10/2006,WP_P21_1.XLS,16/04/2007,08/02/2007,P,,GD,GD,GD,GD,GD,GD,GD,GD,2.41,2.3,0.23,0.23,0.24,0.23,0.22,0.23,,,,Negative,No
WP_P21/1,064B,24/10/2006,WP_P21_1.XLS,16/04/2007,08/02/2007,P,,GD,GD,GD,GD,GD,GD,GD,GD,2.34,2.22,0.24,0.25,0.24,0.24,0.24,0.23,NIL AVG HIGH,,,,No
WP_P21/1,097W,24/10/2006,WP_P21_1.XLS,16/04/2007,08/02/2007,P,,GD,GD,GD,GD,GD,GD,GD,GD,2.22,2.12,0.22,0.23,0.25,0.23,0.22,0.22,,,,Negative,No
WP_P21/2,037B,24/10/2006,WP_P21_2.XLS,17/05/2007,17/05/2007,P,,GD,GD,GD,GD,GD,GD,GD,GD,2.95,2.94,0.08,0.07,0.26,0.23,0.06,0.07,,,,Positive,No
WP_P21/2,049B,24/10/2006,WP_P21_2.XLS,17/05/2007,17/05/2007,P,,GD,GD,GD,GD,GD,GD,GD,GD,2.62,2.77,0.16,0.14,0.14,0.14,0.16,0.15,,,,Negative,No
WP_P21/2,051B,24/10/2006,WP_P21_2.XLS,17/05/2007,17/05/2007,P,,GD,GD,GD,GD,GD,GD,GD,GD,2.76,3.08,0.13,0.13,0.11,0.11,0.13,0.16,,,,Negative,No
WP_P21/2,052B,24/10/2006,WP_P21_2.XLS,17/05/2007,17/05/2007,P,,GD,GD,GD,GD,GD,GD,GD,GD,2.88,2.91,0.08,0.07,0.08,0.07,0.07,0.09,,,,Negative,No
WP_P21/2,063B,24/10/2006,WP_P21_2.XLS,17/05/2007,17/05/2007,P,,GD,GD,GD,GD,GD,GD,GD,GD,2.37,2.76,0.06,0.06,0.07,0.06,0.07,0.08,,,,Negative,No
WP_P21/2,064B,24/10/2006,WP_P21_2.XLS,17/05/2007,17/05/2007,P,,GD,GD,GD,GD,GD,GD,GD,GD,3.04,2.89,0.07,0.1,0.06,0.06,0.06,0.08,,,,Negative,No
WP_P21/2,097W,24/10/2006,WP_P21_2.XLS,17/05/2007,17/05/2007,P,,GD,GD,GD,GD,GD,GD,GD,GD,2.88,2.62,0.06,0.07,0.07,0.06,0.06,0.08,,,,Negative,No
WP_P210/1,009F,05/10/2010,WP_P210_1.XLS,18/11/2010,15/10/2010,P,,GD,GD,GD,GD,GD,GD,GD,GD,1.15,1.03,0.04,0.04,0.04,0.05,0.06,0.04,,,,Negative,No
WP_P210/1,011F,05/10/2010,WP_P210_1.XLS,18/11/2010,15/10/2010,F,,GD,GD,GD,GD,GD,GD,GD,GD,0.11,0.08,0.04,0.04,0.04,0.04,0.04,0.04,,,LOW PWM,Negative,No
WP_P210/1,012F,05/10/2010,WP_P210_1.XLS,18/11/2010,15/10/2010,P,,GD,GD,GD,GD,GD,GD,GD,GD,2.01,1.76,0.05,0.07,0.04,0.04,0.04,0.05,,,,Negative,No
WP_P210/1,013F,05/10/2010,WP_P210_1.XLS,18/11/2010,15/10/2010,F,,GD,GD,GD,GD,GD,GD,GD,GD,0.94,0.94,0.05,0.04,0.04,0.04,0.04,0.04,,,LOW PWM,Negative,No
WP_P210/1,017F,05/10/2010,WP_P210_1.XLS,18/11/2010,15/10/2010,P,,GD,GD,GD,GD,GD,GD,GD,GD,1.43,1.39,0.05,0.04,0.06,0.04,0.04,0.04,,,,Negative,No
WP_P210/1,020F,05/10/2010,WP_P210_1.XLS,18/11/2010,15/10/2010,P,,GD,GD,GD,GD,GD,GD,GD,GD,1.14,1.1,0.05,0.05,0.06,0.06,0.05,0.05,,,,Negative,No
WP_P210/1,022B,05/10/2010,WP_P210_1.XLS,18/11/2010,15/10/2010,F,,GD,GD,GD,GD,GD,GD,GD,GD,0.32,0.33,0.07,0.04,0.05,0.05,0.04,0.05,,,LOW PWM,Negative,No
WP_P210/1,025F,05/10/2010,WP_P210_1.XLS,18/11/2010,15/10/2010,P,,GD,GD,GD,GD,GD,GD,GD,GD,1.33,1.33,0.05,0.06,0.04,0.04,0.04,0.04,,,,Negative,No
WP_P211/1,023N,05/10/2010,WP_P211_1.XLS,18/11/2010,15/10/2010,P,,GD,GD,GD,GD,GD,GD,GD,GD,1.34,1.3,0.05,0.05,0.04,0.08,0.07,0.04,,,,Negative,No
WP_P211/1,026N,05/10/2010,WP_P211_1.XLS,18/11/2010,15/10/2010,F,,GD,GD,GD,GD,GD,GD,GD,GD,0.72,0.91,0.04,0.05,0.05,0.09,0.04,0.04,,,LOW PWM,Negative,No
WP_P211/1,027F,05/10/2010,WP_P211_1.XLS,18/11/2010,15/10/2010,P,,GD,GD,GD,GD,GD,GD,GD,GD,1.87,1.8,0.06,0.06,0.05,0.05,0.05,0.05,,,,Negative,No
WP_P211/1,028N,05/10/2010,WP_P211_1.XLS,18/11/2010,15/10/2010,P,,GD,GD,GD,GD,GD,GD,GD,GD,1.52,1.45,0.05,0.09,0.12,0.1,0.05,0.05,,,,Negative,No
WP_P211/1,029N,05/10/2010,WP_P211_1.XLS,18/11/2010,15/10/2010,F,,GD,GD,GD,GD,GD,GD,GD,GD,0.53,0.54,0.07,0.06,0.06,0.06,0.05,0.05,,,LOW PWM,Negative,No
WP_P211/1,030N,05/10/2010,WP_P211_1.XLS,18/11/2010,15/10/2010,F,,GD,GD,GD,GD,GD,GD,GD,GD,0.56,0.56,0.1,0.08,0.05,0.06,0.04,0.05,,,LOW PWM,Negative,No
WP_P211/1,031N,05/10/2010,WP_P211_1.XLS,18/11/2010,15/10/2010,F,,GD,GD,GD,GD,GD,GD,GD,GD,0.68,0.8,0.07,0.05,0.05,0.05,0.09,0.05,,,LOW PWM,Negative,No
WP_P211/1,032N,05/10/2010,WP_P211_1.XLS,18/11/2010,15/10/2010,P,,GD,GD,GD,GD,GD,GD,GD,GD,1,1,0.08,0.07,0.06,0.06,0.04,0.05,,,,Negative,No
WP_P212/1,023P,05/10/2010,WP_P212_1.XLS,18/11/2010,15/10/2010,F,,GD,GD,GD,GD,GD,GD,GD,GD,0.72,1.24,0.07,0.08,0.06,0.05,0.05,0.05,,,LOW PWM,Negative,No
WP_P212/1,033N,05/10/2010,WP_P212_1.XLS,18/11/2010,15/10/2010,P,,GD,GD,GD,GD,GD,GD,GD,GD,1.31,0.99,0.06,0.06,0.05,0.05,0.05,0.05,,,,Negative,No
WP_P212/1,034N,05/10/2010,WP_P212_1.XLS,18/11/2010,15/10/2010,F,,GD,GD,GD,GD,GD,GD,GD,GD,0.39,0.37,0.08,0.05,0.17,0.21,0.05,0.05,,,LOW PWM,Positive,No
WP_P212/1,035N,05/10/2010,WP_P212_1.XLS,18/11/2010,15/10/2010,F,,GD,GD,GD,GD,GD,GD,GD,GD,0.74,0.63,0.05,0.05,0.05,0.05,0.05,0.05,,,LOW PWM,Negative,No
WP_P212/1,038N,05/10/2010,WP_P212_1.XLS,18/11/2010,15/10/2010,P,,GD,GD,GD,GD,GD,GD,GD,GD,1.1,0.98,0.05,0.05,0.05,0.05,0.05,0.05,,,,Negative,No
WP_P212/1,041N,05/10/2010,WP_P212_1.XLS,18/11/2010,15/10/2010,F,,GD,GD,GD,GD,GD,GD,GD,GD,0.15,0.16,0.05,0.05,0.06,0.05,0.07,0.06,,,LOW PWM,Negative,No
WP_P212/1,052N,05/10/2010,WP_P212_1.XLS,18/11/2010,15/10/2010,P,,GD,GD,GD,GD,GD,GD,GD,GD,1.4,1.33,0.05,0.09,0.07,0.05,0.05,0.05,,,,Negative,No
WP_P212/1,060P,05/10/2010,WP_P212_1.XLS,18/11/2010,15/10/2010,F,,GD,GD,GD,GD,GD,GD,GD,GD,0.73,0.84,0.08,0.06,0.05,0.06,0.05,0.06,,,LOW PWM,Negative,No
WP_P213/1,026F,05/10/2010,WP_P213_1.XLS,18/11/2010,15/10/2010,P,,GD,GD,GD,GD,GD,GD,GD,GD,1.46,1.48,0.05,0.05,0.07,0.09,0.04,0.04,,,,Negative,No
WP_P213/1,038Y,05/10/2010,WP_P213_1.XLS,18/11/2010,15/10/2010,P,,GD,GD,GD,GD,GD,GD,GD,GD,1.34,1.24,0.05,0.06,0.06,0.08,0.05,0.05,,,,Negative,No
WP_P213/1,052W,05/10/2010,WP_P213_1.XLS,18/11/2010,15/10/2010,F,,GD,GD,GD,GD,GD,GD,GD,GD,0.61,0.59,0.05,0.07,0.12,0.12,0.05,0.05,,,LOW PWM,Positive,No
WP_P213/1,060R,05/10/2010,WP_P213_1.XLS,18/11/2010,15/10/2010,F,,GD,GD,GD,GD,GD,GD,GD,GD,0.09,0.06,0.05,0.07,0.05,0.06,0.04,0.05,,,LOW PWM,Negative,No
WP_P213/1,063W,05/10/2010,WP_P213_1.XLS,18/11/2010,15/10/2010,F,,GD,GD,GD,GD,GD,GD,GD,GD,0.63,0.58,0.05,0.05,0.05,0.05,0.05,0.04,,,LOW PWM,Negative,No
WP_P213/1,063Y,05/10/2010,WP_P213_1.XLS,18/11/2010,15/10/2010,F,,GD,GD,GD,GD,GD,GD,GD,GD,0.52,0.58,0.05,0.06,0.09,0.09,0.05,0.1,,,LOW PWM,Negative,No
WP_P214/1,021B,06/10/2010,WP_P214_1.XLS,18/11/2010,15/10/2010,F,,GD,GD,GD,GD,GD,GD,GD,GD,0.93,0.88,0.04,0.05,0.05,0.08,0.05,0.05,,,LOW PWM,Negative,No
WP_P214/1,022P,06/10/2010,WP_P214_1.XLS,18/11/2010,15/10/2010,F,,GD,GD,GD,GD,GD,GD,GD,GD,0.75,0.43,0.04,0.16,0.4,0.28,0.05,0.04,,,LOW PWM,Positive,No
WP_P214/1,028F,06/10/2010,WP_P214_1.XLS,18/11/2010,15/10/2010,F,,GD,GD,GD,GD,GD,GD,GD,GD,0.51,0.49,0.05,0.05,0.04,0.08,0.05,0.05,,,LOW PWM,Negative,No
WP_P215/1,009N,02/11/2010,WP_P215.XLS,03/12/2010,03/12/2010,P,,GD,GD,GD,GD,GD,GD,GD,GD,1.43,1.53,0.05,0.05,0.04,0.04,0.04,0.04,,,,Negative,No
WP_P215/1,010N,02/11/2010,WP_P215.XLS,03/12/2010,03/12/2010,F,,GD,GD,GD,GD,GD,GD,GD,GD,0.66,0.97,0.05,0.06,0.1,0.12,0.04,0.05,,,LOW PWM,Positive,No
WP_P215/1,013N,02/11/2010,WP_P215.XLS,03/12/2010,03/12/2010,F,,GD,GD,GD,GD,GD,GD,GD,GD,0.69,0.74,0.04,0.05,0.05,0.05,0.04,0.04,,,LOW PWM,Negative,No
WP_P215/1,016N,02/11/2010,WP_P215.XLS,03/12/2010,03/12/2010,P,,GD,GD,GD,GD,GD,GD,GD,GD,2.48,2.57,0.17,0.09,0.58,0.53,0.07,0.08,,,,Positive,No
WP_P215/1,021F,02/11/2010,WP_P215.XLS,03/12/2010,03/12/2010,P,,GD,GD,GD,GD,GD,GD,GD,GD,2.26,2.26,0.04,0.05,0.04,0.05,0.04,0.04,,,,Negative,No
WP_P215/1,029F,02/11/2010,WP_P215.XLS,03/12/2010,03/12/2010,P,,GD,GD,GD,GD,GD,GD,GD,GD,1.08,1.21,0.04,0.05,0.04,0.08,0.04,0.04,,,,Negative,No
WP_P215/1,038B,02/11/2010,WP_P215.XLS,03/12/2010,03/12/2010,F,,GD,GD,GD,GD,GD,GD,GD,GD,0.28,0.34,0.06,0.05,0.09,0.08,0.05,0.06,,,LOW PWM,Negative,No
WP_P216/1,011Y,17/11/2010,WP_P216.XLS,03/12/2010,03/12/2010,F,,GD,GD,GD,GD,GD,GD,GD,GD,0.19,0.27,0.1,0.1,0.1,0.08,0.05,0.07,,,LOW PWM,Negative,No
WP_P216/1,018P,16/11/2010,WP_P216.XLS,03/12/2010,03/12/2010,F,,GD,GD,GD,GD,GD,GD,GD,GD,0.32,0.46,0.05,0.05,0.07,0.07,0.05,0.09,,,LOW PWM,Negative,No
WP_P216/1,023Y,16/11/2010,WP_P216.XLS,03/12/2010,03/12/2010,F,,GD,GD,GD,GD,GD,GD,GD,GD,0.39,0.26,0.05,0.09,0.59,0.57,0.1,0.19,,,LOW PWM,Positive,No
WP_P216/1,042G,03/11/2010,WP_P216.XLS,03/12/2010,03/12/2010,F,,GD,GD,GD,GD,GD,GD,GD,GD,0.75,0.79,0.08,0.11,0.1,0.06,0.05,0.07,,,LOW PWM,Negative,No
WP_P216/1,049P,17/11/2010,WP_P216.XLS,03/12/2010,03/12/2010,F,,GD,GD,GD,GD,GD,GD,GD,GD,0.36,0.3,0.07,0.05,0.04,0.08,0.08,0.08,,,LOW PWM,Negative,No
WP_P216/1,052W,17/11/2010,WP_P216.XLS,03/12/2010,03/12/2010,F,,GD,GD,GD,GD,GD,GD,GD,GD,0.51,0.55,0.07,0.06,0.12,0.11,0.05,0.05,,,LOW PWM,Positive,No
WP_P216/1,067P,17/11/2010,WP_P216.XLS,03/12/2010,03/12/2010,F,,GD,GD,GD,GD,GD,GD,GD,GD,0.34,0.31,0.07,0.05,0.05,0.05,0.12,0.11,,,LOW PWM,Negative,No
WP_P216/1,I008,03/11/2010,WP_P216.XLS,03/12/2010,03/12/2010,F,,GD,GD,GD,GD,GD,GD,GD,GD,0.3,0.34,0.05,0.07,0.11,0.05,0.05,0.08,B OUTLIER,,LOW PWM,,No
WP_P217/1,009F,30/11/2010,WP_P217.XLS,20/12/2010,03/12/2010,F,,GD,GD,GD,GD,GD,GD,GD,GD,0.57,0.55,0.06,0.05,0.06,0.07,0.15,0.08,,,LOW PWM,Negative,No
WP_P217/1,017F,30/11/2010,WP_P217.XLS,20/12/2010,03/12/2010,P,,GD,GD,GD,GD,GD,GD,GD,GD,1.35,1.28,0.11,0.05,0.05,0.05,0.08,0.05,,,,Negative,No
WP_P217/1,020F,30/11/2010,WP_P217.XLS,20/12/2010,03/12/2010,F,,GD,GD,GD,GD,GD,GD,GD,GD,0.97,0.88,0.08,0.05,0.05,0.05,0.05,0.05,,,LOW PWM,Negative,No
WP_P217/1,022B,30/11/2010,WP_P217.XLS,20/12/2010,03/12/2010,F,,GD,GD,GD,GD,GD,GD,GD,GD,0.43,0.5,0.07,0.09,0.06,0.1,0.16,0.07,,,LOW PWM,Negative,No
WP_P217/1,028F,30/11/2010,WP_P217.XLS,20/12/2010,03/12/2010,F,,GD,GD,GD,GD,GD,GD,GD,GD,0.73,0.63,0.07,0.05,0.05,0.05,0.17,0.07,,,LOW PWM,Negative,No
WP_P217/1,029N,30/11/2010,WP_P217.XLS,20/12/2010,03/12/2010,F,,GD,GD,GD,GD,GD,GD,GD,GD,0.76,0.64,0.06,0.06,0.06,0.05,0.05,0.05,,,LOW PWM,Negative,No
WP_P217/1,037N,30/11/2010,WP_P217.XLS,20/12/2010,03/12/2010,F,,GD,GD,GD,GD,GD,GD,GD,GD,0.34,0.44,0.08,0.06,0.09,0.1,0.11,0.11,,,LOW PWM,Negative,No
WP_P217/1,041N,30/11/2010,WP_P217.XLS,20/12/2010,03/12/2010,F,,GD,GD,GD,GD,GD,GD,GD,GD,0.11,0.11,0.05,0.07,0.05,0.07,0.07,0.05,,,LOW PWM,Negative,No
WP_P218/1,022P,30/11/2010,WP_P218.XLS,20/12/2010,03/12/2010,F,,GD,GD,GD,GD,GD,GD,GD,GD,0.54,0.6,0.07,0.07,0.45,0.44,0.05,0.09,,,LOW PWM,Positive,No
WP_P218/1,023P,30/11/2010,WP_P218.XLS,20/12/2010,03/12/2010,F,,GD,GD,GD,GD,GD,GD,GD,GD,0.6,0.62,0.07,0.08,0.05,0.08,0.05,0.07,,,LOW PWM,Negative,No
WP_P218/1,024P,30/11/2010,WP_P218.XLS,20/12/2010,03/12/2010,F,,GD,GD,GD,GD,GD,GD,GD,GD,0.37,0.47,0.1,0.05,0.05,0.1,0.05,0.08,B & A,,LOW PWM,,No
WP_P218/1,052W,30/11/2010,WP_P218.XLS,20/12/2010,03/12/2010,F,,GD,GD,GD,GD,GD,GD,GD,GD,0.67,0.61,0.05,0.07,0.13,0.13,0.09,0.07,,,LOW PWM,Positive,No
WP_P218/1,060R,30/11/2010,WP_P218.XLS,20/12/2010,03/12/2010,F,,GD,GD,GD,GD,GD,GD,GD,GD,0.17,0.19,0.05,0.05,0.13,0.17,0.05,0.07,,,LOW PWM,Positive,No
WP_P219/1,003N,16/11/2010,WP_P219_1.XLS,18/01/2011,18/01/2011,P,,GD,GD,GD,GD,GD,GD,GD,GD,1.81,1.87,0.1,0.08,1.43,1.49,0.13,0.11,,,,Positive,No
WP_P219/1,009P,16/11/2010,WP_P219_1.XLS,18/01/2011,18/01/2011,P,,GD,GD,GD,GD,GD,GD,GD,GD,2.11,2.08,0.14,0.13,0.15,0.17,0.14,0.15,,,,Negative,No
WP_P219/1,014P,16/11/2010,WP_P219_1.XLS,18/01/2011,18/01/2011,P,,GD,GD,GD,GD,GD,GD,GD,GD,2.98,3.25,0.11,0.11,0.14,0.18,0.1,0.11,,,,Positive,No
WP_P219/1,015P,16/11/2010,WP_P219_1.XLS,18/01/2011,18/01/2011,P,,GD,GD,GD,GD,GD,GD,GD,GD,1.24,1.26,0.13,0.11,0.09,0.11,0.13,0.13,,,,Negative,No
WP_P219/1,022F,16/11/2010,WP_P219_1.XLS,18/01/2011,18/01/2011,P,,GD,GD,GD,GD,GD,GD,GD,GD,3.2,3.04,0.11,0.14,0.12,0.14,0.15,0.15,,,,Negative,No
WP_P219/1,023F,16/11/2010,WP_P219_1.XLS,18/01/2011,18/01/2011,P,,GD,GD,GD,GD,GD,GD,GD,GD,2.67,2.69,0.13,0.12,1.29,1.34,0.16,0.18,,,,Positive,No
WP_P219/1,024F,16/11/2010,WP_P219_1.XLS,18/01/2011,18/01/2011,P,,GD,GD,GD,GD,GD,GD,GD,GD,1.69,1.6,0.09,0.09,0.09,0.11,0.12,0.14,,,,Negative,No
WP_P219/1,035N,16/11/2010,WP_P219_1.XLS,18/01/2011,18/01/2011,P,,GD,GD,GD,GD,GD,GD,GD,GD,1.3,1.21,0.13,0.11,0.1,0.12,0.15,0.17,,,,Negative,No
WP_P22/1,038B,24/10/2006,WP_P22_1.XLS,16/04/2007,09/02/2007,P,,GD,GD,GD,GD,GD,GD,GD,GD,2.48,2.6,0.21,0.19,0.17,0.18,0.19,0.17,,,,Negative,No
WP_P22/1,039B,24/10/2006,WP_P22_1.XLS,16/04/2007,09/02/2007,P,,GD,GD,GD,GD,GD,GD,GD,GD,2.97,2.58,0.21,0.17,0.16,0.15,0.16,0.16,,,,Negative,No
WP_P22/1,042B,24/10/2006,WP_P22_1.XLS,16/04/2007,09/02/2007,P,,GD,GD,GD,GD,GD,GD,GD,GD,2.51,2.07,0.19,0.2,0.16,0.16,0.16,0.16,,,,Negative,No
WP_P22/1,044B,24/10/2006,WP_P22_1.XLS,16/04/2007,09/02/2007,P,,GD,GD,GD,GD,GD,GD,GD,GD,2.66,2.47,0.21,0.17,0.17,0.17,0.17,0.18,,,,Negative,No
WP_P22/1,047B,24/10/2006,WP_P22_1.XLS,16/04/2007,09/02/2007,P,,GD,GD,GD,GD,GD,GD,GD,GD,2.45,2.16,0.22,0.18,0.16,0.17,0.17,0.18,,,,Negative,No
WP_P22/1,048B,24/10/2006,WP_P22_1.XLS,16/04/2007,09/02/2007,P,,GD,GD,GD,GD,GD,GD,GD,GD,2.76,2.8,0.21,0.19,0.17,0.17,0.18,0.19,,,,Negative,No
WP_P22/1,053B,24/10/2006,WP_P22_1.XLS,16/04/2007,09/02/2007,P,,GD,GD,GD,GD,GD,GD,GD,GD,2.57,2.34,0.2,0.19,0.21,0.21,0.18,0.18,,,,Negative,No
WP_P22/1,065B,24/10/2006,WP_P22_1.XLS,16/04/2007,09/02/2007,P,,GD,GD,GD,GD,GD,GD,GD,GD,2.5,2.62,0.32,0.27,0.25,0.25,0.26,0.28,NIL AVG HIGH,,,,No
WP_P22/2,065B,24/10/2006,WP_P22_2.XLS,17/05/2007,17/05/2007,P,,GD,GD,GD,GD,GD,GD,GD,GD,2.99,2.91,0.19,0.1,0.11,0.1,0.1,0.11,,,,Negative,No
WP_P220/1,005N,14/12/2010,WP_P220_1.XLS,18/01/2011,18/01/2011,F,,GD,GD,GD,GD,GD,GD,GD,GD,0.78,0.83,0.13,0.12,0.12,0.13,0.14,0.14,,,LOW PWM,Negative,No
WP_P220/1,009N,14/12/2010,WP_P220_1.XLS,18/01/2011,18/01/2011,P,,GD,GD,GD,GD,GD,GD,GD,GD,1.85,1.8,0.1,0.1,0.09,0.09,0.12,0.12,,,,Negative,No
WP_P220/1,012F,14/12/2010,WP_P220_1.XLS,18/01/2011,18/01/2011,P,,GD,GD,GD,GD,GD,GD,GD,GD,3.13,3.16,0.11,0.12,0.12,0.14,0.14,0.13,,,,Negative,No
WP_P220/1,013F,14/12/2010,WP_P220_1.XLS,18/01/2011,18/01/2011,P,,GD,GD,GD,GD,GD,GD,GD,GD,3.22,3.27,0.13,0.11,0.13,0.15,0.15,0.15,,,,Negative,No
WP_P220/1,013N,14/12/2010,WP_P220_1.XLS,18/01/2011,18/01/2011,F,,GD,GD,GD,GD,GD,GD,GD,GD,0.93,0.89,0.11,0.11,0.14,0.11,0.12,0.12,,,LOW PWM,Negative,No
WP_P220/1,014N,14/12/2010,WP_P220_1.XLS,18/01/2011,18/01/2011,P,,GD,GD,GD,GD,GD,GD,GD,GD,2.72,2.88,0.12,0.12,0.13,0.15,0.16,0.15,,,,Negative,No
WP_P220/1,018N,14/12/2010,WP_P220_1.XLS,18/01/2011,18/01/2011,P,,GD,GD,GD,GD,GD,GD,GD,GD,2.81,2.81,0.13,0.12,0.14,0.15,0.15,0.15,,,,Negative,No
WP_P220/1,020F,14/12/2010,WP_P220_1.XLS,18/01/2011,18/01/2011,P,,GD,GD,GD,GD,GD,GD,GD,GD,2.8,2.83,0.11,0.11,0.11,0.12,0.14,0.14,,,,Negative,No
WP_P221/1,023P,14/12/2010,WP_P221_1.XLS,18/01/2011,18/01/2011,P,,GD,GD,GD,GD,GD,GD,GD,GD,2.61,2.62,0.09,0.09,0.08,0.08,0.09,0.13,,,,Negative,No
WP_P221/1,026N,15/12/2010,WP_P221_1.XLS,18/01/2011,18/01/2011,P,,GD,GD,GD,GD,GD,GD,GD,GD,2.23,2.13,0.1,0.14,0.11,0.15,0.11,0.17,,,,Negative,No
WP_P221/1,030F,15/12/2010,WP_P221_1.XLS,18/01/2011,18/01/2011,F,,GD,GD,GD,GD,GD,GD,GD,GD,0.86,0.81,0.13,0.14,0.1,0.09,0.11,0.14,,,LOW PWM,Negative,No
WP_P221/1,032N,14/12/2010,WP_P221_1.XLS,18/01/2011,18/01/2011,P,,GD,GD,GD,GD,GD,GD,GD,GD,2.14,2.16,0.55,0.58,0.15,0.14,0.11,0.11,,,,Negative,No
WP_P221/1,038B,15/12/2010,WP_P221_1.XLS,18/01/2011,18/01/2011,F,,GD,GD,GD,GD,GD,GD,GD,GD,0.45,0.42,0.11,0.1,0.14,0.11,0.11,0.11,,,LOW PWM,Negative,No
WP_P221/1,063Y,14/12/2010,WP_P221_1.XLS,18/01/2011,18/01/2011,F,,GD,GD,GD,GD,GD,GD,GD,GD,0.95,0.88,0.09,0.08,0.25,0.25,0.11,0.11,,,LOW PWM,Positive,No
WP_P221/1,064P,15/12/2010,WP_P221_1.XLS,18/01/2011,18/01/2011,P,,GD,GD,GD,GD,GD,GD,GD,GD,1.12,1.11,0.13,0.14,0.2,0.18,0.16,0.2,,,,Positive,No
WP_P222/1,002N,11/01/2011,WP_P222_1.XLS,21/01/2011,18/01/2011,F,,GD,GD,GD,GD,GD,GD,GD,GD,0.92,0.69,0.07,0.06,0.16,0.2,0.04,0.04,,,LOW PWM,Positive,No
WP_P222/1,003N,11/01/2011,WP_P222_1.XLS,21/01/2011,18/01/2011,F,,GD,GD,GD,GD,GD,GD,GD,GD,0.89,0.72,0.06,0.06,0.24,0.28,0.05,0.04,,,LOW PWM,Positive,No
WP_P222/1,008P,11/01/2011,WP_P222_1.XLS,21/01/2011,18/01/2011,F,,GD,GD,GD,GD,GD,GD,GD,GD,0.38,0.3,0.04,0.06,0.06,0.06,0.05,0.04,,,LOW PWM,Negative,No
WP_P222/1,011Y,11/01/2011,WP_P222_1.XLS,21/01/2011,18/01/2011,F,,GD,GD,GD,GD,GD,GD,GD,GD,0.22,0.21,0.07,0.05,0.06,0.05,0.05,0.05,,,LOW PWM,Negative,No
WP_P222/1,018P,11/01/2011,WP_P222_1.XLS,21/01/2011,18/01/2011,F,,GD,GD,GD,GD,GD,GD,GD,GD,0.82,0.67,0.09,0.07,0.05,0.05,0.05,0.04,,,LOW PWM,Negative,No
WP_P222/1,022F,11/01/2011,WP_P222_1.XLS,21/01/2011,18/01/2011,P,,GD,GD,GD,GD,GD,GD,GD,GD,1.13,1.09,0.06,0.05,0.05,0.05,0.05,0.04,,,,Negative,No
WP_P222/1,023F,11/01/2011,WP_P222_1.XLS,21/01/2011,18/01/2011,F,,GD,GD,GD,GD,GD,GD,GD,GD,0.9,0.86,0.07,0.06,0.25,0.26,0.04,0.04,,,LOW PWM,Positive,No
WP_P222/1,057Y,11/01/2011,WP_P222_1.XLS,21/01/2011,18/01/2011,F,,GD,GD,GD,GD,GD,GD,GD,GD,0.74,0.66,0.08,0.05,0.05,0.06,0.04,0.05,,,LOW PWM,Negative,No
WP_P223/1,001L,25/01/2011,WP_P223_1.XLS,10/02/2011,04/02/2011,P,,GD,GD,GD,GD,GD,GD,GD,GD,3.14,3.31,0.08,0.08,1.45,1.44,0.06,0.06,,,,Positive,No
WP_P223/1,002L,25/01/2011,WP_P223_1.XLS,10/02/2011,04/02/2011,P,,GD,GD,GD,GD,GD,GD,GD,GD,2.93,2.88,0.07,0.07,1.16,1.06,0.06,0.06,,,,Positive,No
WP_P223/1,009F,25/01/2011,WP_P223_1.XLS,10/02/2011,04/02/2011,P,,GD,GD,GD,GD,GD,GD,GD,GD,1.55,1.51,0.06,0.07,0.24,0.23,0.07,0.09,,,,Positive,No
WP_P223/1,017F,25/01/2011,WP_P223_1.XLS,10/02/2011,04/02/2011,P,,GD,GD,GD,GD,GD,GD,GD,GD,2.46,2.1,0.07,0.06,0.39,0.42,0.06,0.06,,,,Positive,No
WP_P223/1,020F,25/01/2011,WP_P223_1.XLS,10/02/2011,04/02/2011,P,,GD,GD,GD,GD,GD,GD,GD,GD,3.08,3.04,0.05,0.05,0.05,0.05,0.05,0.06,,,,Negative,No
WP_P223/1,026F,25/01/2011,WP_P223_1.XLS,10/02/2011,04/02/2011,P,,GD,GD,GD,GD,GD,GD,GD,GD,3.12,3.08,0.05,0.05,0.05,0.05,0.05,0.06,,,,Negative,No
WP_P223/1,027F,25/01/2011,WP_P223_1.XLS,10/02/2011,04/02/2011,P,,GD,GD,GD,GD,GD,GD,GD,GD,3.04,3.22,0.06,0.06,0.07,0.07,0.08,0.07,,,,Negative,No
WP_P223/1,028F,25/01/2011,WP_P223_1.XLS,10/02/2011,04/02/2011,P,,GD,GD,GD,GD,GD,GD,GD,GD,1.15,1.09,0.06,0.05,0.06,0.05,0.05,0.05,,,,Negative,No
WP_P224/1,003L,25/01/2011,WP_P224_1.XLS,10/02/2011,04/02/2011,P,,GD,GD,GD,GD,GD,GD,GD,GD,1.1,1.09,0.09,0.09,0.98,1.09,0.09,0.09,,,,Positive,No
WP_P224/1,023P,25/01/2011,WP_P224_1.XLS,10/02/2011,04/02/2011,P,,GD,GD,GD,GD,GD,GD,GD,GD,1.59,1.6,0.08,0.08,0.08,0.08,0.07,0.07,,,,Negative,No
WP_P224/1,029N,25/01/2011,WP_P224_1.XLS,10/02/2011,04/02/2011,P,,GD,GD,GD,GD,GD,GD,GD,GD,1.51,1.35,0.08,0.08,0.09,0.1,0.11,0.09,,,,Negative,No
WP_P224/1,030N,25/01/2011,WP_P224_1.XLS,10/02/2011,04/02/2011,P,,GD,GD,GD,GD,GD,GD,GD,GD,1.16,1.13,0.08,0.08,0.07,0.07,0.09,0.08,,,,Negative,No
WP_P224/1,031N,25/01/2011,WP_P224_1.XLS,10/02/2011,04/02/2011,P,,GD,GD,GD,GD,GD,GD,GD,GD,2.33,2.22,0.07,0.08,0.11,0.11,0.09,0.1,,,,Negative,No
WP_P224/1,032N,25/01/2011,WP_P224_1.XLS,10/02/2011,04/02/2011,P,,GD,GD,GD,GD,GD,GD,GD,GD,1.3,1.24,0.08,0.14,0.1,0.08,0.08,0.07,,,,Negative,No
WP_P224/1,038N,25/01/2011,WP_P224_1.XLS,10/02/2011,04/02/2011,P,,GD,GD,GD,GD,GD,GD,GD,GD,3.1,3.09,0.12,0.13,0.14,0.14,0.15,0.14,,,,Negative,No
WP_P224/1,060P,25/01/2011,WP_P224_1.XLS,10/02/2011,04/02/2011,P,,GD,GD,GD,GD,GD,GD,GD,GD,2.2,2.2,0.11,0.11,0.08,0.11,0.08,0.08,,,,Negative,No
WP_P225/1,004L,26/01/2011,WP_P225_1.XLS,10/02/2011,04/02/2011,P,,GD,GD,GD,GD,GD,GD,GD,GD,2.26,2.35,0.08,0.06,0.07,0.09,0.06,0.08,,,,Negative,No
WP_P225/1,023N,26/01/2011,WP_P225_1.XLS,10/02/2011,04/02/2011,P,,GD,GD,GD,GD,GD,GD,GD,GD,2.12,2.03,0.1,0.08,0.09,0.07,0.06,0.06,,,,Negative,No
WP_P225/1,058R,26/01/2011,WP_P225_1.XLS,10/02/2011,04/02/2011,F,,GD,GD,GD,GD,GD,GD,GD,GD,0.36,0.35,0.1,0.08,0.33,0.34,0.07,0.07,,,LOW PWM,Positive,No
WP_P225/1,063W,25/01/2011,WP_P225_1.XLS,10/02/2011,04/02/2011,P,,GD,GD,GD,GD,GD,GD,GD,GD,1.4,1.41,0.08,0.08,0.07,0.08,0.07,0.09,,,,Negative,No
WP_P226/1,011Y,17/05/2011,WP_P226_1.XLS,28/07/2011,26/07/2011,F,,GD,GD,GD,GD,GD,GD,GD,GD,0.75,0.55,0.04,0.04,0.05,0.05,0.05,0.04,,,LOW PWM,Negative,No
WP_P226/1,020Y,17/05/2011,WP_P226_1.XLS,28/07/2011,26/07/2011,F,,GD,GD,GD,GD,GD,GD,GD,GD,0.51,0.46,0.05,0.13,0.2,0.19,0.04,0.05,,,LOW PWM,Positive,No
WP_P226/1,024Y,17/05/2011,WP_P226_1.XLS,28/07/2011,26/07/2011,F,,GD,GD,GD,GD,GD,GD,GD,GD,0.25,0.26,0.05,0.05,0.08,0.08,0.05,0.05,,,LOW PWM,Negative,No
WP_P226/1,037W,17/05/2011,WP_P226_1.XLS,28/07/2011,26/07/2011,F,,GD,GD,GD,GD,GD,GD,GD,GD,0.34,0.25,0.04,0.04,0.07,0.06,0.04,0.04,,,LOW PWM,Negative,No
WP_P226/1,039W,17/05/2011,WP_P226_1.XLS,28/07/2011,26/07/2011,P,,GD,GD,GD,GD,GD,GD,GD,GD,1.26,0.94,0.04,0.04,0.07,0.08,0.04,0.04,,,,Negative,No
WP_P226/1,045R,17/05/2011,WP_P226_1.XLS,28/07/2011,26/07/2011,F,,GD,GD,GD,GD,GD,GD,GD,GD,0.24,0.16,0.04,0.05,0.07,0.06,0.04,0.04,,,LOW PWM,Negative,No
WP_P226/1,049P,17/05/2011,WP_P226_1.XLS,28/07/2011,26/07/2011,P,,GD,GD,GD,GD,GD,GD,GD,GD,1.4,0.98,0.06,0.1,0.05,0.05,0.04,0.04,,,,Negative,No
WP_P226/1,067P,17/05/2011,WP_P226_1.XLS,28/07/2011,26/07/2011,F,,GD,GD,GD,GD,GD,GD,GD,GD,1.1,0.83,0.04,0.13,0.05,0.05,0.04,0.04,,,LOW PWM,Negative,No
WP_P227/1,034Y,17/05/2011,WP_P227_1.XLS,28/07/2011,26/07/2011,F,,GD,GD,GD,GD,GD,GD,GD,GD,0.44,0.36,0.05,0.05,0.06,0.05,0.05,0.05,,,LOW PWM,Negative,No
WP_P227/1,055Y,17/05/2011,WP_P227_1.XLS,28/07/2011,26/07/2011,F,,GD,GD,GD,GD,GD,GD,GD,GD,0.87,0.59,0.04,0.04,0.04,0.04,0.04,0.05,,,LOW PWM,Negative,No
WP_P227/1,057Y,17/05/2011,WP_P227_1.XLS,28/07/2011,26/07/2011,F,,GD,GD,GD,GD,GD,GD,GD,GD,0.56,0.38,0.04,0.04,0.04,0.04,0.04,0.04,,,LOW PWM,Negative,No
WP_P228/1,002N,17/05/2011,WP_P228_1.XLS,28/07/2011,27/07/2011,F,,GD,GD,GD,GD,GD,GD,GD,GD,0.87,0.74,0.05,0.06,0.07,0.08,0.05,0.05,,,LOW PWM,Negative,No
WP_P228/1,003N,17/05/2011,WP_P228_1.XLS,28/07/2011,27/07/2011,P,,GD,GD,GD,GD,GD,GD,GD,GD,1.53,1.21,0.06,0.04,0.48,0.45,0.05,0.05,,,,Positive,No
WP_P228/1,007F,17/05/2011,WP_P228_1.XLS,28/07/2011,27/07/2011,F,,GD,GD,GD,GD,GD,GD,GD,GD,1.05,0.73,0.04,0.05,0.07,0.1,0.06,0.04,,,LOW PWM,Negative,No
WP_P228/1,022F,17/05/2011,WP_P228_1.XLS,28/07/2011,27/07/2011,F,,GD,GD,GD,GD,GD,GD,GD,GD,0.72,0.41,0.04,0.05,0.04,0.04,0.04,0.04,,,LOW PWM,Negative,No
WP_P228/1,023F,17/05/2011,WP_P228_1.XLS,28/07/2011,27/07/2011,F,,GD,GD,GD,GD,GD,GD,GD,GD,0.75,0.48,0.05,0.04,0.1,0.1,0.04,0.04,,,LOW PWM,Positive,No
WP_P228/1,024F,17/05/2011,WP_P228_1.XLS,28/07/2011,27/07/2011,F,,GD,GD,GD,GD,GD,GD,GD,GD,0.77,0.46,0.04,0.05,0.05,0.04,0.04,0.05,,,LOW PWM,Negative,No
WP_P228/1,033N,17/05/2011,WP_P228_1.XLS,28/07/2011,27/07/2011,P,,GD,GD,GD,GD,GD,GD,GD,GD,1.65,1.55,0.04,0.05,0.05,0.04,0.07,0.05,,,,Negative,No
WP_P228/1,056B,17/05/2011,WP_P228_1.XLS,28/07/2011,27/07/2011,F,,GD,GD,GD,GD,GD,GD,GD,GD,0.57,0.51,0.05,0.06,0.16,0.17,0.05,0.05,,,LOW PWM,Positive,No
WP_P229/1,010P,17/05/2011,WP_P229_1.XLS,28/07/2011,27/07/2011,F,,GD,GD,GD,GD,GD,GD,GD,GD,0.1,0.08,0.05,0.04,0.04,0.07,0.05,0.05,,,LOW PWM,Negative,No
WP_P229/1,014P,17/05/2011,WP_P229_1.XLS,28/07/2011,27/07/2011,P,,GD,GD,GD,GD,GD,GD,GD,GD,1.72,1.43,0.05,0.05,0.05,0.06,0.04,0.05,,,,Negative,No
WP_P229/1,015P,17/05/2011,WP_P229_1.XLS,28/07/2011,27/07/2011,F,,GD,GD,GD,GD,GD,GD,GD,GD,0.91,0.83,0.04,0.05,0.04,0.04,0.05,0.05,,,LOW PWM,Negative,No
WP_P229/1,018P,17/05/2011,WP_P229_1.XLS,28/07/2011,27/07/2011,F,,GD,GD,GD,GD,GD,GD,GD,GD,0.68,0.56,0.05,0.04,0.09,0.08,0.04,0.05,,,LOW PWM,Negative,No
WP_P229/1,019P,17/05/2011,WP_P229_1.XLS,28/07/2011,27/07/2011,F,,GD,GD,GD,GD,GD,GD,GD,GD,0.49,0.37,0.05,0.06,0.04,0.05,0.04,0.05,,,LOW PWM,Negative,No
WP_P229/1,035N,17/05/2011,WP_P229_1.XLS,28/07/2011,27/07/2011,F,,GD,GD,GD,GD,GD,GD,GD,GD,0.72,0.67,0.06,0.05,0.05,0.06,0.04,0.05,,,LOW PWM,Negative,No
WP_P229/1,046P,17/05/2011,WP_P229_1.XLS,28/07/2011,27/07/2011,P,,GD,GD,GD,GD,GD,GD,GD,GD,1.08,0.96,0.04,0.04,0.2,0.18,0.05,0.05,,,,Positive,No
WP_P229/1,052N,17/05/2011,WP_P229_1.XLS,28/07/2011,27/07/2011,F,,GD,GD,GD,GD,GD,GD,GD,GD,0.64,0.49,0.04,0.05,0.04,0.06,0.04,0.05,,,LOW PWM,Negative,No
WP_P23/1,036R,08/11/2006,WP_P23_1.XLS,16/04/2007,09/02/2007,P,,GD,GD,GD,GD,GD,GD,GD,GD,2.68,2.71,0.31,0.31,0.3,0.28,0.29,0.31,NIL AVG HIGH,,,,No
WP_P23/1,082W,24/10/2006,WP_P23_1.XLS,16/04/2007,09/02/2007,F,,GD,GD,GD,GD,GD,GD,GD,GD,0.93,0.85,0.35,0.34,0.34,0.32,0.32,0.34,NIL AVG HIGH,,,,No
WP_P23/1,089W,24/10/2006,WP_P23_1.XLS,16/04/2007,09/02/2007,P,,GD,GD,GD,GD,GD,GD,GD,GD,2.42,2.36,0.33,0.31,0.32,0.31,0.3,0.33,NIL AVG HIGH,,,,No
WP_P23/1,H061,08/11/2006,WP_P23_1.XLS,16/04/2007,09/02/2007,P,,GD,GD,GD,GD,GD,GD,GD,GD,2.42,2.24,0.35,0.31,0.33,0.29,0.3,0.29,NIL AVG HIGH,,,,No
WP_P23/1,I019,08/11/2006,WP_P23_1.XLS,16/04/2007,09/02/2007,P,,GD,GD,GD,GD,GD,GD,GD,GD,2.64,2.72,0.31,0.3,0.32,0.32,0.32,0.29,NIL AVG HIGH,,,,No
WP_P23/1,Q081,24/10/2006,WP_P23_1.XLS,16/04/2007,09/02/2007,P,,GD,GD,GD,GD,GD,GD,GD,GD,2.25,2.1,0.5,0.5,0.48,0.47,0.44,0.46,NIL AVG HIGH,,,,No
WP_P23/2,036R,08/11/2006,WP_P23_2.XLS,17/05/2007,17/05/2007,P,,GD,GD,GD,GD,GD,GD,GD,GD,2.68,1.79,0.05,0.05,0.05,0.05,0.05,0.05,,,,Negative,No
WP_P23/2,082W,24/10/2006,WP_P23_2.XLS,17/05/2007,17/05/2007,F,,GD,GD,GD,GD,GD,GD,GD,GD,0.35,0.14,0.04,0.04,0.05,0.05,0.05,0.05,,,LOW PWM,Negative,No
WP_P23/2,089W,24/10/2006,WP_P23_2.XLS,17/05/2007,17/05/2007,P,,GD,GD,GD,GD,GD,GD,GD,GD,3.04,2.44,0.04,0.05,0.05,0.05,0.05,0.05,,,,Negative,No
WP_P23/2,H061,08/11/2006,WP_P23_2.XLS,17/05/2007,17/05/2007,P,,GD,GD,GD,GD,GD,GD,GD,GD,1.34,0.71,0.06,0.05,0.05,0.05,0.05,0.05,,,,Negative,No
WP_P23/2,I019,08/11/2006,WP_P23_2.XLS,17/05/2007,17/05/2007,P,,GD,GD,GD,GD,GD,GD,GD,GD,2.91,2.36,0.05,0.06,0.05,0.05,0.05,0.06,,,,Negative,No
WP_P23/2,Q081,24/10/2006,WP_P23_2.XLS,17/05/2007,17/05/2007,P,,GD,GD,GD,GD,GD,GD,GD,GD,1.05,1.09,0.07,0.05,0.06,0.06,0.05,0.07,,,,Negative,No
WP_P230/1,009F,24/05/2011,WP_P230_1.XLS,28/07/2011,27/07/2011,F,,GD,GD,GD,GD,GD,GD,GD,GD,0.48,0.35,0.05,0.05,0.18,0.18,0.05,0.06,,,LOW PWM,Positive,No
WP_P230/1,012F,24/05/2011,WP_P230_1.XLS,28/07/2011,27/07/2011,P,,GD,GD,GD,GD,GD,GD,GD,GD,1.73,1.6,0.06,0.07,0.22,0.2,0.05,0.05,,,,Positive,No
WP_P230/1,013F,24/05/2011,WP_P230_1.XLS,28/07/2011,27/07/2011,F,,GD,GD,GD,GD,GD,GD,GD,GD,0.94,0.92,0.07,0.06,0.07,0.05,0.05,0.05,,,LOW PWM,Negative,No
WP_P230/1,017F,24/05/2011,WP_P230_1.XLS,28/07/2011,27/07/2011,F,,GD,GD,GD,GD,GD,GD,GD,GD,0.56,0.62,0.1,0.1,0.09,0.07,0.05,0.05,,,LOW PWM,Negative,No
WP_P230/1,021B,24/05/2011,WP_P230_1.XLS,28/07/2011,27/07/2011,F,,GD,GD,GD,GD,GD,GD,GD,GD,0.53,0.47,0.05,0.05,0.13,0.12,0.05,0.05,,,LOW PWM,Positive,No
WP_P230/1,035B,24/05/2011,WP_P230_1.XLS,28/07/2011,27/07/2011,F,,GD,GD,GD,GD,GD,GD,GD,GD,0.33,0.27,0.06,0.06,0.04,0.05,0.05,0.05,,,LOW PWM,Negative,No
WP_P230/1,059B,24/05/2011,WP_P230_1.XLS,28/07/2011,27/07/2011,F,,GD,GD,GD,GD,GD,GD,GD,GD,0.33,0.22,0.06,0.05,0.05,0.05,0.04,0.05,,,LOW PWM,Negative,No
WP_P230/1,060B,24/05/2011,WP_P230_1.XLS,28/07/2011,27/07/2011,F,,GD,GD,GD,GD,GD,GD,GD,GD,0.41,0.4,0.05,0.06,0.1,0.09,0.05,0.05,,,LOW PWM,Negative,No
WP_P231/1,004L,24/05/2011,WP_P231_1.XLS,28/07/2011,27/07/2011,F,,GD,GD,GD,GD,GD,GD,GD,GD,0.86,0.62,0.06,0.08,0.25,0.25,0.06,0.07,,,LOW PWM,Positive,No
WP_P231/1,005L,24/05/2011,WP_P231_1.XLS,28/07/2011,27/07/2011,P,,GD,GD,GD,GD,GD,GD,GD,GD,1.61,1.08,0.05,0.05,0.06,0.05,0.05,0.05,,,,Negative,No
WP_P231/1,020F,24/05/2011,WP_P231_1.XLS,28/07/2011,27/07/2011,P,,GD,GD,GD,GD,GD,GD,GD,GD,1.51,1.24,0.06,0.12,0.05,0.05,0.05,0.06,,,,Negative,No
WP_P231/1,023N,24/05/2011,WP_P231_1.XLS,28/07/2011,27/07/2011,F,,GD,GD,GD,GD,GD,GD,GD,GD,0.95,0.72,0.05,0.05,0.05,0.05,0.05,0.05,,,LOW PWM,Negative,No
WP_P231/1,026N,24/05/2011,WP_P231_1.XLS,28/07/2011,27/07/2011,F,,GD,GD,GD,GD,GD,GD,GD,GD,0.77,0.62,0.05,0.06,0.07,0.05,0.05,0.05,,,LOW PWM,Negative,No
WP_P231/1,028F,24/05/2011,WP_P231_1.XLS,28/07/2011,27/07/2011,F,,GD,GD,GD,GD,GD,GD,GD,GD,0.44,0.31,0.08,0.08,0.05,0.05,0.05,0.05,,,LOW PWM,Negative,No
WP_P231/1,028N,24/05/2011,WP_P231_1.XLS,28/07/2011,27/07/2011,P,,GD,GD,GD,GD,GD,GD,GD,GD,1.09,0.91,0.07,0.06,0.08,0.08,0.05,0.05,,,,Negative,No
WP_P231/1,029N,24/05/2011,WP_P231_1.XLS,28/07/2011,27/07/2011,F,,GD,GD,GD,GD,GD,GD,GD,GD,0.53,0.46,0.09,0.08,0.1,0.05,0.05,0.07,,,LOW PWM,Negative,No
WP_P232/1,016P,24/05/2011,WP_P232_1.XLS,28/07/2011,27/07/2011,F,,GD,GD,GD,GD,GD,GD,GD,GD,0.58,0.36,0.06,0.05,0.05,0.05,0.05,0.05,,,LOW PWM,Negative,No
WP_P232/1,030N,24/05/2011,WP_P232_1.XLS,28/07/2011,27/07/2011,P,,GD,GD,GD,GD,GD,GD,GD,GD,1.06,0.95,0.09,0.08,0.05,0.05,0.05,0.05,,,,Negative,No
WP_P232/1,031N,24/05/2011,WP_P232_1.XLS,28/07/2011,27/07/2011,F,,GD,GD,GD,GD,GD,GD,GD,GD,0.73,0.52,0.09,0.09,0.43,0.43,0.06,0.05,,,LOW PWM,Positive,No
WP_P232/1,032N,24/05/2011,WP_P232_1.XLS,28/07/2011,27/07/2011,F,,GD,GD,GD,GD,GD,GD,GD,GD,0.56,0.41,0.05,0.06,0.05,0.05,0.05,0.05,,,LOW PWM,Negative,No
WP_P232/1,058R,24/05/2011,WP_P232_1.XLS,28/07/2011,27/07/2011,F,,GD,GD,GD,GD,GD,GD,GD,GD,0.2,0.1,0.04,0.04,0.13,0.15,0.06,0.06,,,LOW PWM,Positive,No
WP_P232/1,063W,24/05/2011,WP_P232_1.XLS,28/07/2011,27/07/2011,F,,GD,GD,GD,GD,GD,GD,GD,GD,0.59,0.6,0.06,0.05,0.05,0.05,0.05,0.05,,,LOW PWM,Negative,No
WP_P232/1,066R,24/05/2011,WP_P232_1.XLS,28/07/2011,27/07/2011,F,,GD,GD,GD,GD,GD,GD,GD,GD,0.51,0.37,0.05,0.05,0.05,0.05,0.05,0.06,,,LOW PWM,Negative,No
WP_P232/1,069P,24/05/2011,WP_P232_1.XLS,28/07/2011,27/07/2011,F,,GD,GD,GD,GD,GD,GD,GD,GD,0.67,0.5,0.05,0.04,0.07,0.07,0.05,0.08,,,LOW PWM,Negative,No
WP_P233/1,029Y,24/05/2011,WP_P233_1.XLS,28/07/2011,27/07/2011,P,,GD,GD,GD,GD,GD,GD,GD,GD,1.66,1.18,0.05,0.05,0.19,0.17,0.05,0.05,,,,Positive,No
WP_P233/1,031Y,24/05/2011,WP_P233_1.XLS,28/07/2011,27/07/2011,F,,GD,GD,GD,GD,GD,GD,GD,GD,0.36,0.23,0.05,0.05,0.05,0.05,0.05,0.05,,,LOW PWM,Negative,No
WP_P233/1,033Y,24/05/2011,WP_P233_1.XLS,28/07/2011,27/07/2011,F,,GD,GD,GD,GD,GD,GD,GD,GD,0.13,0.11,0.05,0.05,0.05,0.04,0.05,0.05,,,LOW PWM,Negative,No
WP_P233/1,103W,24/05/2011,WP_P233_1.XLS,28/07/2011,27/07/2011,F,,GD,GD,GD,GD,GD,GD,GD,GD,0.18,0.18,0.06,0.05,0.26,0.23,0.05,0.05,,,LOW PWM,Positive,No
WP_P234/1,010F,25/05/2011,WP_P234_1.XLS,28/07/2011,27/07/2011,F,,GD,GD,GD,GD,GD,GD,GD,GD,0.3,0.19,0.04,0.04,0.04,0.05,0.04,0.05,,,LOW PWM,Negative,No
WP_P234/1,017B,25/05/2011,WP_P234_1.XLS,28/07/2011,27/07/2011,P,,GD,GD,GD,GD,GD,GD,GD,GD,1.57,1.13,0.06,0.05,0.05,0.08,0.05,0.05,,,,Negative,No
WP_P234/1,018B,25/05/2011,WP_P234_1.XLS,28/07/2011,27/07/2011,P,,GD,GD,GD,GD,GD,GD,GD,GD,1.37,1.01,0.04,0.04,0.05,0.08,0.04,0.06,,,,Negative,No
WP_P234/1,022P,25/05/2011,WP_P234_1.XLS,28/07/2011,27/07/2011,F,,GD,GD,GD,GD,GD,GD,GD,GD,0.34,0.2,0.04,0.04,0.32,0.24,0.04,0.05,,,LOW PWM,Positive,No
WP_P234/1,027F,25/05/2011,WP_P234_1.XLS,28/07/2011,27/07/2011,P,,GD,GD,GD,GD,GD,GD,GD,GD,1.27,0.79,0.04,0.04,0.07,0.07,0.05,0.05,,,,Negative,No
WP_P234/1,037N,25/05/2011,WP_P234_1.XLS,28/07/2011,27/07/2011,F,,GD,GD,GD,GD,GD,GD,GD,GD,0.8,0.44,0.04,0.04,0.07,0.06,0.05,0.05,,,LOW PWM,Negative,No
WP_P234/1,046P,25/05/2011,WP_P234_1.XLS,28/07/2011,27/07/2011,F,,GD,GD,GD,GD,GD,GD,GD,GD,0.44,0.28,0.04,0.04,0.09,0.11,0.05,0.05,,,LOW PWM,Positive,No
WP_P234/1,069R,25/05/2011,WP_P234_1.XLS,28/07/2011,27/07/2011,F,,GD,GD,GD,GD,GD,GD,GD,GD,0.61,0.61,0.04,0.04,0.1,0.1,0.05,0.05,,,LOW PWM,Positive,No
WP_P235/1,006L,05/07/2011,WP_P235_1.XLS,02/08/2011,28/08/2011,P,,GD,GD,GD,GD,GD,GD,GD,GD,1.58,1.3,0.04,0.04,0.05,0.04,0.04,0.05,,,,Negative,No
WP_P235/1,007L,05/07/2011,WP_P235_1.XLS,02/08/2011,28/08/2011,F,,GD,GD,GD,GD,GD,GD,GD,GD,0.5,0.39,0.04,0.04,0.05,0.04,0.04,0.05,,,LOW PWM,Negative,No
WP_P235/1,009L,05/07/2011,WP_P235_1.XLS,02/08/2011,28/08/2011,F,,GD,GD,GD,GD,GD,GD,GD,GD,0.69,0.7,0.05,0.04,0.05,0.05,0.05,0.05,,,LOW PWM,Negative,No
WP_P235/1,021F,05/07/2011,WP_P235_1.XLS,02/08/2011,28/08/2011,F,,GD,GD,GD,GD,GD,GD,GD,GD,0.64,0.58,0.07,0.05,0.19,0.18,0.04,0.04,,,LOW PWM,Positive,No
WP_P235/1,029F,05/07/2011,WP_P235_1.XLS,02/08/2011,28/08/2011,F,,GD,GD,GD,GD,GD,GD,GD,GD,0.88,0.61,0.05,0.05,0.04,0.05,0.04,0.06,,,LOW PWM,Negative,No
WP_P235/1,045B,05/07/2011,WP_P235_1.XLS,02/08/2011,28/08/2011,F,,GD,GD,GD,GD,GD,GD,GD,GD,0.37,0.31,0.1,0.06,0.06,0.06,0.05,0.05,,,LOW PWM,Negative,No
WP_P235/1,049B,05/07/2011,WP_P235_1.XLS,02/08/2011,28/08/2011,F,,GD,GD,GD,GD,GD,GD,GD,GD,0.57,0.4,0.04,0.04,0.05,0.04,0.04,0.05,,,LOW PWM,Negative,No
WP_P235/1,065B,05/07/2011,WP_P235_1.XLS,02/08/2011,28/08/2011,P,,GD,GD,GD,GD,GD,GD,GD,GD,1.36,1.02,0.05,0.06,0.04,0.05,0.05,0.05,,,,Negative,No
WP_P236/1,009N,05/07/2011,WP_P236_1.XLS,02/08/2011,28/08/2011,P,,GD,GD,GD,GD,GD,GD,GD,GD,1.46,1.29,0.06,0.05,0.06,0.05,0.05,0.06,,,,Negative,No
WP_P236/1,010L,05/07/2011,WP_P236_1.XLS,02/08/2011,28/08/2011,P,,GD,GD,GD,GD,GD,GD,GD,GD,1.39,1.23,0.05,0.05,0.05,0.05,0.1,0.05,,,,Negative,No
WP_P236/1,011L,05/07/2011,WP_P236_1.XLS,02/08/2011,28/08/2011,F,,GD,GD,GD,GD,GD,GD,GD,GD,0.74,0.66,0.05,0.04,0.05,0.05,0.05,0.07,,,LOW PWM,Negative,No
WP_P236/1,012L,05/07/2011,WP_P236_1.XLS,02/08/2011,28/08/2011,F,,GD,GD,GD,GD,GD,GD,GD,GD,0.61,0.43,0.04,0.04,0.04,0.05,0.05,0.05,,,LOW PWM,Negative,No
WP_P236/1,013L,05/07/2011,WP_P236_1.XLS,02/08/2011,28/08/2011,F,,GD,GD,GD,GD,GD,GD,GD,GD,0.63,0.51,0.05,0.05,0.04,0.04,0.05,0.05,,,LOW PWM,Negative,No
WP_P236/1,014L,05/07/2011,WP_P236_1.XLS,02/08/2011,28/08/2011,P,,GD,GD,GD,GD,GD,GD,GD,GD,1.89,1.64,0.04,0.05,0.04,0.05,0.05,0.06,,,,Negative,No
WP_P236/1,015L,05/07/2011,WP_P236_1.XLS,02/08/2011,28/08/2011,F,,GD,GD,GD,GD,GD,GD,GD,GD,1.11,0.83,0.06,0.05,0.04,0.05,0.04,0.06,,,LOW PWM,Negative,No
WP_P236/1,I008,05/07/2011,WP_P236_1.XLS,02/08/2011,28/08/2011,F,,GD,GD,GD,GD,GD,GD,GD,GD,0.27,0.19,0.05,0.05,0.04,0.04,0.04,0.05,,,LOW PWM,Negative,No
WP_P237/1,014N,05/07/2011,WP_P237_1.XLS,02/08/2011,28/08/2011,P,,GD,GD,GD,GD,GD,GD,GD,GD,1.31,1.21,0.06,0.04,0.08,0.07,0.05,0.05,,,,Negative,No
WP_P237/1,016N,05/07/2011,WP_P237_1.XLS,02/08/2011,28/08/2011,F,,GD,GD,GD,GD,GD,GD,GD,GD,0.59,0.41,0.05,0.04,0.05,0.04,0.05,0.06,,,LOW PWM,Negative,No
WP_P237/1,020N,05/07/2011,WP_P237_1.XLS,02/08/2011,28/08/2011,P,,GD,GD,GD,GD,GD,GD,GD,GD,1.66,1.06,0.05,0.05,0.07,0.07,0.06,0.06,,,,Negative,No
WP_P237/1,058Y,06/07/2011,WP_P237_1.XLS,02/08/2011,28/08/2011,P,,GD,GD,GD,GD,GD,GD,GD,GD,1.06,0.94,0.1,0.08,0.06,0.05,0.05,0.05,,,,Negative,No
WP_P237/1,061Y,05/07/2011,WP_P237_1.XLS,02/08/2011,28/08/2011,F,,GD,GD,GD,GD,GD,GD,GD,GD,0.58,0.41,0.07,0.07,0.04,0.05,0.05,0.05,,,LOW PWM,Negative,No
WP_P237/1,064P,05/07/2011,WP_P237_1.XLS,02/08/2011,28/08/2011,F,,GD,GD,GD,GD,GD,GD,GD,GD,1.01,0.66,0.05,0.04,0.05,0.05,0.05,0.06,,,LOW PWM,Negative,No
WP_P237/1,082W,05/07/2011,WP_P237_1.XLS,02/08/2011,28/08/2011,F,,GD,GD,GD,GD,GD,GD,GD,GD,0.1,0.07,0.05,0.05,0.04,0.04,0.05,0.06,,,LOW PWM,Negative,No
WP_P238/1,010N,06/07/2011,WP_P238_1.XLS,03/08/2011,28/07/2011,F,,GD,GD,GD,GD,GD,GD,GD,GD,0.43,0.32,0.05,0.05,0.05,0.05,0.05,0.06,,,LOW PWM,Negative,No
WP_P238/1,016L,06/07/2011,WP_P238_1.XLS,03/08/2011,28/07/2011,P,,GD,GD,GD,GD,GD,GD,GD,GD,1.93,1.62,0.04,0.07,0.1,0.07,0.05,0.06,,,,Negative,No
WP_P238/1,017L,06/07/2011,WP_P238_1.XLS,03/08/2011,28/07/2011,P,,GD,GD,GD,GD,GD,GD,GD,GD,1.71,1.3,0.05,0.08,0.15,0.08,0.05,0.05,B OUTLIER,,,,No
WP_P238/1,035P,06/07/2011,WP_P238_1.XLS,03/08/2011,28/07/2011,P,,GD,GD,GD,GD,GD,GD,GD,GD,1.29,0.85,0.05,0.05,0.05,0.05,0.05,0.05,,,,Negative,No
WP_P238/1,043P,06/07/2011,WP_P238_1.XLS,03/08/2011,28/07/2011,F,,GD,GD,GD,GD,GD,GD,GD,GD,0.33,0.25,0.06,0.04,0.07,0.06,0.05,0.06,,,LOW PWM,Negative,No
WP_P238/1,043W,06/07/2011,WP_P238_1.XLS,03/08/2011,28/07/2011,P,,GD,GD,GD,GD,GD,GD,GD,GD,1.1,0.98,0.06,0.05,0.17,0.17,0.05,0.05,,,,Positive,No
WP_P238/1,044P,06/07/2011,WP_P238_1.XLS,03/08/2011,28/07/2011,F,,GD,GD,GD,GD,GD,GD,GD,GD,0.24,0.2,0.05,0.04,0.04,0.04,0.05,0.05,,,LOW PWM,Negative,No
WP_P238/1,050G,06/07/2011,WP_P238_1.XLS,03/08/2011,28/07/2011,F,,GD,GD,GD,GD,GD,GD,GD,GD,0.26,0.19,0.06,0.12,0.11,0.06,0.05,0.05,,,LOW PWM,Negative,No
WP_P238/2,017L,06/07/2011,WP_P238_2.XLS,26/10/2011,26/10/2011,P,,GD,GD,GD,GD,GD,GD,GD,GD,1.35,0.93,0.05,0.05,0.04,0.07,0.05,0.05,,,,Negative,No
WP_P239/1,018L,12/07/2011,WP_P239_1.XLS,11/08/2011,28/07/2011,F,,GD,GD,GD,GD,GD,GD,GD,GD,0.71,0.56,0.05,0.05,0.05,0.05,0.05,0.06,,,LOW PWM,Negative,No
WP_P239/1,019L,12/07/2011,WP_P239_1.XLS,11/08/2011,28/07/2011,,,NS,NS,GD,GD,GD,GD,NS,NS,,,0.14,0.05,0.05,0.05,,,,NO SAMPLE,,,No
WP_P239/1,020L,12/07/2011,WP_P239_1.XLS,11/08/2011,28/07/2011,F,,GD,GD,GD,GD,GD,GD,GD,GD,1,0.73,0.05,0.04,0.07,0.05,0.05,0.06,,,LOW PWM,Negative,No
WP_P239/1,021L,12/07/2011,WP_P239_1.XLS,11/08/2011,28/07/2011,P,,GD,GD,GD,GD,GD,GD,GD,GD,1.39,1.13,0.06,0.04,0.05,0.05,0.05,0.06,,,,Negative,No
WP_P239/1,022F,12/07/2011,WP_P239_1.XLS,11/08/2011,28/07/2011,P,,GD,GD,GD,GD,GD,GD,GD,GD,1.12,0.91,0.05,0.04,0.15,0.13,0.05,0.06,,,,Positive,No
WP_P239/1,022L,12/07/2011,WP_P239_1.XLS,11/08/2011,28/07/2011,P,,GD,GD,GD,GD,GD,GD,GD,GD,1.13,0.93,0.11,0.09,0.08,0.06,0.06,0.07,,,,Negative,No
WP_P239/1,023F,12/07/2011,WP_P239_1.XLS,11/08/2011,28/07/2011,P,,GD,GD,GD,GD,GD,GD,GD,GD,1.47,1.16,0.05,0.05,0.34,0.35,0.05,0.05,,,,Positive,No
WP_P239/1,056B,12/07/2011,WP_P239_1.XLS,11/08/2011,28/07/2011,P,,GD,GD,GD,GD,GD,GD,GD,GD,1.13,0.98,0.06,0.08,0.11,0.11,0.06,0.06,,,,Negative,No
WP_P24/1,002B,25/10/2006,WP_P24_1.XLS,16/04/2007,09/02/2007,P,,GD,GD,GD,GD,GD,GD,GD,GD,2.83,2.8,0.35,0.34,0.31,0.31,0.34,0.32,NIL AVG HIGH,,,,No
WP_P24/1,025W,25/10/2006,WP_P24_1.XLS,16/04/2007,09/02/2007,P,,GD,GD,GD,GD,GD,GD,GD,GD,2.42,2.35,0.3,0.3,0.29,0.3,0.32,0.28,NIL AVG HIGH,,,,No
WP_P24/1,066B,25/10/2006,WP_P24_1.XLS,16/04/2007,09/02/2007,P,,GD,GD,GD,GD,GD,GD,GD,GD,2.16,2.01,0.32,0.63,0.3,0.29,0.31,0.29,NIL AVG HIGH,,,,No
WP_P24/1,085W,25/10/2006,WP_P24_1.XLS,16/04/2007,09/02/2007,P,,GD,GD,GD,GD,GD,GD,GD,GD,2.44,2.32,0.32,0.31,0.31,0.31,0.3,0.3,NIL AVG HIGH,,,,No
WP_P24/1,H027,25/10/2006,WP_P24_1.XLS,16/04/2007,09/02/2007,P,,GD,GD,GD,GD,GD,GD,GD,GD,2.18,2.05,0.3,0.29,0.3,0.28,0.28,0.28,NIL AVG HIGH,,,,No
WP_P24/1,I008,25/10/2006,WP_P24_1.XLS,16/04/2007,09/02/2007,P,,GD,GD,GD,GD,GD,GD,GD,GD,2.87,2.78,0.33,0.33,0.34,0.33,0.32,0.32,NIL AVG HIGH,,,,No
WP_P24/2,002B,25/10/2006,WP_P24_2.XLS,17/05/2007,17/05/2007,P,,GD,GD,GD,GD,GD,GD,GD,GD,2.75,2.58,0.07,0.06,0.06,0.06,0.06,0.06,,,,Negative,No
WP_P24/2,025W,25/10/2006,WP_P24_2.XLS,17/05/2007,17/05/2007,P,,GD,GD,GD,GD,GD,GD,GD,GD,2.85,2.43,0.06,0.05,0.05,0.05,0.06,0.06,,,,Negative,No
WP_P24/2,066B,25/10/2006,WP_P24_2.XLS,17/05/2007,17/05/2007,P,,GD,GD,GD,GD,GD,GD,GD,GD,2.06,1.7,0.06,0.06,0.05,0.05,0.06,0.06,,,,Negative,No
WP_P24/2,085W,25/10/2006,WP_P24_2.XLS,17/05/2007,17/05/2007,P,,GD,GD,GD,GD,GD,GD,GD,GD,1.88,1.57,0.06,0.05,0.05,0.05,0.06,0.07,,,,Negative,No
WP_P24/2,H027,25/10/2006,WP_P24_2.XLS,17/05/2007,17/05/2007,P,,GD,GD,GD,GD,GD,GD,GD,GD,2.06,1.82,0.05,0.06,0.05,0.05,0.06,0.06,,,,Negative,No
WP_P24/2,I008,25/10/2006,WP_P24_2.XLS,17/05/2007,17/05/2007,P,,GD,GD,GD,GD,GD,GD,GD,GD,2.62,2.32,0.06,0.06,0.05,0.06,0.07,0.07,,,,Negative,No
WP_P240/1,002N,12/07/2011,WP_P240_1.XLS,11/08/2011,28/07/2011,P,,GD,GD,GD,GD,GD,GD,GD,GD,1.94,1.69,0.07,0.07,0.15,0.16,0.06,0.05,,,,Positive,No
WP_P240/1,003N,12/07/2011,WP_P240_1.XLS,11/08/2011,28/07/2011,P,,GD,GD,GD,GD,GD,GD,GD,GD,1.47,1.08,0.05,0.05,0.46,0.41,0.05,0.05,,,,Positive,No
WP_P240/1,009P,12/07/2011,WP_P240_1.XLS,11/08/2011,28/07/2011,P,,GD,GD,GD,GD,GD,GD,GD,GD,1.69,1.29,0.05,0.05,0.05,0.05,0.05,0.06,,,,Negative,No
WP_P240/1,012P,12/07/2011,WP_P240_1.XLS,11/08/2011,28/07/2011,P,,GD,GD,GD,GD,GD,GD,GD,GD,2.36,2.24,0.05,0.06,0.05,0.05,0.05,0.06,,,,Negative,No
WP_P240/1,014P,12/07/2011,WP_P240_1.XLS,11/08/2011,28/07/2011,P,,GD,GD,GD,GD,GD,GD,GD,GD,1.71,1.37,0.05,0.04,0.11,0.1,0.05,0.06,,,,Positive,No
WP_P240/1,015P,12/07/2011,WP_P240_1.XLS,11/08/2011,28/07/2011,P,,GD,GD,GD,GD,GD,GD,GD,GD,1.15,1.02,0.05,0.06,0.06,0.06,0.07,0.08,,,,Negative,No
WP_P240/1,035N,12/07/2011,WP_P240_1.XLS,11/08/2011,28/07/2011,F,,GD,GD,GD,GD,GD,GD,GD,GD,1.04,0.65,0.11,0.12,0.31,0.19,0.13,0.24,,,LOW PWM,Positive,No
WP_P240/1,052N,12/07/2011,WP_P240_1.XLS,11/08/2011,28/07/2011,F,,GD,GD,GD,GD,GD,GD,GD,GD,1.1,0.75,0.05,0.05,0.07,0.05,0.06,0.06,,,LOW PWM,Negative,No
WP_P241/1,011Y,12/07/2011,WP_P241_1.XLS,11/08/2011,02/08/2011,F,,GD,GD,GD,GD,GD,GD,GD,GD,0.89,0.53,0.04,0.04,0.04,0.04,0.04,0.05,,,LOW PWM,Negative,No
WP_P241/1,018P,12/07/2011,WP_P241_1.XLS,11/08/2011,02/08/2011,F,,GD,GD,GD,GD,GD,GD,GD,GD,0.54,0.41,0.05,0.05,0.1,0.09,0.05,0.05,,,LOW PWM,Positive,No
WP_P241/1,024Y,12/07/2011,WP_P241_1.XLS,11/08/2011,02/08/2011,F,,GD,GD,GD,GD,GD,GD,GD,GD,0.31,0.15,0.04,0.04,0.05,0.05,0.04,0.05,,,LOW PWM,Negative,No
WP_P241/1,039W,12/07/2011,WP_P241_1.XLS,11/08/2011,02/08/2011,F,,GD,GD,GD,GD,GD,GD,GD,GD,0.83,0.56,0.05,0.04,0.08,0.07,0.05,0.05,,,LOW PWM,Negative,No
WP_P241/1,046P,12/07/2011,WP_P241_1.XLS,11/08/2011,02/08/2011,F,,GD,GD,GD,GD,GD,GD,GD,GD,0.34,0.19,0.04,0.04,0.07,0.07,0.05,0.05,,,LOW PWM,Negative,No
WP_P242/1,013Y,13/07/2011,WP_P242_1.XLS,11/08/2011,02/08/2011,F,,GD,GD,GD,GD,GD,GD,GD,GD,0.42,0.28,0.05,0.04,0.05,0.06,0.06,0.06,,,LOW PWM,Negative,No
WP_P242/1,020Y,13/07/2011,WP_P242_1.XLS,11/08/2011,02/08/2011,F,,GD,GD,GD,GD,GD,GD,GD,GD,0.2,0.15,0.04,0.04,0.09,0.12,0.05,0.05,,,LOW PWM,Positive,No
WP_P242/1,023L,13/07/2011,WP_P242_1.XLS,11/08/2011,02/08/2011,P,,GD,GD,GD,GD,GD,GD,GD,GD,1.19,1.02,0.06,0.05,0.41,0.39,0.05,0.05,,,,Positive,No
WP_P242/1,024L,13/07/2011,WP_P242_1.XLS,11/08/2011,02/08/2011,F,,GD,GD,GD,GD,GD,GD,GD,GD,1.05,0.78,0.05,0.05,0.05,0.06,0.05,0.06,,,LOW PWM,Negative,No
WP_P242/1,025L,13/07/2011,WP_P242_1.XLS,11/08/2011,02/08/2011,F,,GD,GD,GD,GD,GD,GD,GD,GD,0.47,0.3,0.04,0.05,0.05,0.05,0.05,0.06,,,LOW PWM,Negative,No
WP_P242/1,026L,13/07/2011,WP_P242_1.XLS,11/08/2011,02/08/2011,P,,GD,GD,GD,GD,GD,GD,GD,GD,1.56,1.25,0.05,0.05,0.04,0.05,0.05,0.07,,,,Negative,No
WP_P242/1,067P,13/07/2011,WP_P242_1.XLS,11/08/2011,02/08/2011,F,,GD,GD,GD,GD,GD,GD,GD,GD,0.79,0.46,0.05,0.04,0.04,0.05,0.05,0.06,,,LOW PWM,Negative,No
WP_P243/1,009F,19/07/2011,WP_P243_1.XLS,09/08/2011,02/08/2011,F,,GD,GD,GD,GD,GD,GD,GD,GD,0.37,0.3,0.05,0.05,0.1,0.14,0.05,0.06,,,LOW PWM,Positive,No
WP_P243/1,010F,19/07/2011,WP_P243_1.XLS,09/08/2011,02/08/2011,F,,GD,GD,GD,GD,GD,GD,GD,GD,0.69,0.49,0.05,0.05,0.05,0.09,0.05,0.06,,,LOW PWM,Negative,No
WP_P243/1,012F,19/07/2011,WP_P243_1.XLS,09/08/2011,02/08/2011,P,,GD,GD,GD,GD,GD,GD,GD,GD,1.87,1.34,0.06,0.06,0.2,0.12,0.05,0.06,,,,Positive,No
WP_P243/1,013F,19/07/2011,WP_P243_1.XLS,09/08/2011,02/08/2011,P,,GD,GD,GD,GD,GD,GD,GD,GD,1.42,0.98,0.05,0.07,0.08,0.05,0.05,0.06,,,,Negative,No
WP_P243/1,017F,19/07/2011,WP_P243_1.XLS,09/08/2011,02/08/2011,F,,GD,GD,GD,GD,GD,GD,GD,GD,0.68,0.49,0.05,0.07,0.08,0.05,0.07,0.05,,,LOW PWM,Negative,No
WP_P243/1,020F,19/07/2011,WP_P243_1.XLS,09/08/2011,02/08/2011,F,,GD,GD,GD,GD,GD,GD,GD,GD,1.07,0.8,0.05,0.07,0.07,0.05,0.05,0.06,,,LOW PWM,Negative,No
WP_P243/1,021B,19/07/2011,WP_P243_1.XLS,09/08/2011,02/08/2011,F,,GD,GD,GD,GD,GD,GD,GD,GD,0.53,0.43,0.05,0.06,0.06,0.06,0.05,0.05,,,LOW PWM,Negative,No
WP_P243/1,028F,19/07/2011,WP_P243_1.XLS,09/08/2011,02/08/2011,F,,GD,GD,GD,GD,GD,GD,GD,GD,0.59,0.54,0.08,0.05,0.06,0.06,0.06,0.06,,,LOW PWM,Negative,No
WP_P244/1,026N,19/07/2011,WP_P244_1.XLS,09/08/2011,02/08/2011,F,,GD,GD,GD,GD,GD,GD,GD,GD,0.85,0.79,0.05,0.06,0.06,0.06,0.05,0.05,,,LOW PWM,Negative,No
WP_P244/1,027L,19/07/2011,WP_P244_1.XLS,09/08/2011,02/08/2011,F,,GD,GD,GD,GD,GD,GD,GD,GD,0.43,0.32,0.08,0.09,0.07,0.09,0.06,0.06,,,LOW PWM,Negative,No
WP_P244/1,028L,19/07/2011,WP_P244_1.XLS,09/08/2011,02/08/2011,F,,GD,GD,GD,GD,GD,GD,GD,GD,0.51,0.36,0.05,0.05,0.08,0.08,0.05,0.05,,,LOW PWM,Negative,No
WP_P244/1,028N,19/07/2011,WP_P244_1.XLS,09/08/2011,02/08/2011,F,,GD,GD,GD,GD,GD,GD,GD,GD,0.91,0.68,0.05,0.06,0.43,0.47,0.05,0.06,,,LOW PWM,Positive,No
WP_P244/1,029L,19/07/2011,WP_P244_1.XLS,09/08/2011,02/08/2011,F,,GD,GD,GD,GD,GD,GD,GD,GD,0.27,0.18,0.05,0.05,0.08,0.06,0.05,0.06,,,LOW PWM,Negative,No
WP_P244/1,029N,19/07/2011,WP_P244_1.XLS,09/08/2011,02/08/2011,F,,GD,GD,GD,GD,GD,GD,GD,GD,0.24,0.2,0.05,0.07,0.07,0.05,0.05,0.05,,,LOW PWM,Negative,No
WP_P245/1,005L,20/07/2011,WP_P245_1.XLS,09/08/2011,02/08/2011,F,,GD,GD,GD,GD,GD,GD,GD,GD,1.17,0.79,0.06,0.14,0.06,0.06,0.06,0.06,,,LOW PWM,Negative,No
WP_P245/1,030N,20/07/2011,WP_P245_1.XLS,09/08/2011,02/08/2011,F,,GD,GD,GD,GD,GD,GD,GD,GD,0.49,0.43,0.05,0.05,0.05,0.05,0.05,0.06,,,LOW PWM,Negative,No
WP_P245/1,032N,20/07/2011,WP_P245_1.XLS,09/08/2011,02/08/2011,F,,GD,GD,GD,GD,GD,GD,GD,GD,0.46,0.26,0.06,0.06,0.05,0.05,0.06,0.06,,,LOW PWM,Negative,No
WP_P245/1,081W,20/07/2011,WP_P245_1.XLS,09/08/2011,02/08/2011,F,,GD,GD,GD,GD,GD,GD,GD,GD,0.68,0.48,0.06,0.06,0.06,0.05,0.05,0.06,,,LOW PWM,Negative,No
WP_P246/1,006L,06/09/2011,WP_P246_1.XLS,19/10/2011,18/10/2011,F,,GD,GD,GD,GD,GD,GD,GD,GD,0.07,0.05,0.04,0.04,0.04,0.04,0.04,0.04,,,LOW PWM,Negative,No
WP_P246/1,008L,06/09/2011,WP_P246_1.XLS,19/10/2011,18/10/2011,F,,GD,GD,GD,GD,GD,GD,GD,GD,0.86,0.48,0.04,0.04,0.04,0.04,0.04,0.05,,,LOW PWM,Negative,No
WP_P246/1,009L,06/09/2011,WP_P246_1.XLS,19/10/2011,18/10/2011,F,,GD,GD,GD,GD,GD,GD,GD,GD,1.13,0.42,0.05,0.04,0.04,0.04,0.04,0.06,,,LOW PWM,Negative,No
WP_P246/1,010L,06/09/2011,WP_P246_1.XLS,19/10/2011,18/10/2011,F,,GD,GD,GD,GD,GD,GD,GD,GD,0.91,0.56,0.04,0.04,0.04,0.05,0.04,0.05,,,LOW PWM,Negative,No
WP_P246/1,011L,06/09/2011,WP_P246_1.XLS,19/10/2011,18/10/2011,F,,GD,GD,GD,GD,GD,GD,GD,GD,0.65,0.56,0.04,0.04,0.05,0.05,0.04,0.05,,,LOW PWM,Negative,No
WP_P246/1,038B,06/09/2011,WP_P246_1.XLS,19/10/2011,18/10/2011,F,,GD,GD,GD,GD,GD,GD,GD,GD,0.53,0.42,0.06,0.06,0.08,0.08,0.05,0.04,,,LOW PWM,Negative,No
WP_P246/1,041G,06/09/2011,WP_P246_1.XLS,19/10/2011,18/10/2011,F,,GD,GD,GD,GD,GD,GD,GD,GD,0.31,0.2,0.04,0.05,0.04,0.04,0.04,0.04,,,LOW PWM,Negative,No
WP_P246/1,I008,06/09/2011,WP_P246_1.XLS,19/10/2011,18/10/2011,F,,GD,GD,GD,GD,GD,GD,GD,GD,0.68,0.38,0.04,0.05,0.04,0.05,0.04,0.04,,,LOW PWM,Negative,No
WP_P247/1,012L,06/09/2011,WP_P247_1.XLS,18/10/2011,18/10/2011,F,,GD,GD,GD,GD,GD,GD,GD,GD,0.94,0.8,0.05,0.04,0.04,0.04,0.04,0.04,,,LOW PWM,Negative,No
WP_P247/1,013L,06/09/2011,WP_P247_1.XLS,18/10/2011,18/10/2011,F,,GD,GD,GD,GD,GD,GD,GD,GD,0.48,0.3,0.04,0.04,0.05,0.05,0.04,0.04,,,LOW PWM,Negative,No
WP_P247/1,014L,06/09/2011,WP_P247_1.XLS,18/10/2011,18/10/2011,F,,GD,GD,GD,GD,GD,GD,GD,GD,1.1,0.67,0.06,0.04,0.04,0.04,0.04,0.05,,,LOW PWM,Negative,No
WP_P247/1,015L,06/09/2011,WP_P247_1.XLS,18/10/2011,18/10/2011,F,,GD,GD,GD,GD,GD,GD,GD,GD,0.5,0.39,0.04,0.04,0.04,0.04,0.04,0.04,,,LOW PWM,Negative,No
WP_P247/1,016L,06/09/2011,WP_P247_1.XLS,18/10/2011,18/10/2011,F,,GD,GD,GD,GD,GD,GD,GD,GD,0.86,0.53,0.04,0.04,0.03,0.04,0.04,0.05,,,LOW PWM,Negative,No
WP_P247/1,017L,06/09/2011,WP_P247_1.XLS,18/10/2011,18/10/2011,P,,GD,GD,GD,GD,GD,GD,GD,GD,1.25,0.92,0.04,0.04,0.03,0.04,0.04,0.04,,,,Negative,No
WP_P247/1,030L,06/09/2011,WP_P247_1.XLS,18/10/2011,18/10/2011,F,,GD,GD,GD,GD,GD,GD,GD,GD,0.4,0.3,0.04,0.04,0.04,0.04,0.05,0.04,,,LOW PWM,Negative,No
WP_P247/1,031L,06/09/2011,WP_P247_1.XLS,18/10/2011,18/10/2011,F,,GD,GD,GD,GD,GD,GD,GD,GD,0.49,0.57,0.04,0.04,0.04,0.04,0.04,0.04,,,LOW PWM,Negative,No
WP_P248/1,009N,06/09/2011,WP_P248_1.XLS,19/10/2011,18/10/2011,F,,GD,GD,GD,GD,GD,GD,GD,GD,0.52,0.34,0.06,0.04,0.04,0.07,0.05,0.05,,,LOW PWM,Negative,No
WP_P248/1,013N,06/09/2011,WP_P248_1.XLS,19/10/2011,18/10/2011,F,,GD,GD,GD,GD,GD,GD,GD,GD,0.86,0.52,0.05,0.04,0.04,0.05,0.04,0.05,,,LOW PWM,Negative,No
WP_P248/1,016N,06/09/2011,WP_P248_1.XLS,19/10/2011,18/10/2011,F,,GD,GD,GD,GD,GD,GD,GD,GD,0.39,0.27,0.04,0.04,0.08,0.08,0.05,0.05,,,LOW PWM,Negative,No
WP_P248/1,022N,06/09/2011,WP_P248_1.XLS,19/10/2011,18/10/2011,F,,GD,GD,GD,GD,GD,GD,GD,GD,1.14,0.72,0.04,0.04,0.05,0.05,0.05,0.05,,,LOW PWM,Negative,No
WP_P248/1,032L,06/09/2011,WP_P248_1.XLS,19/10/2011,18/10/2011,P,,GD,GD,GD,GD,GD,GD,GD,GD,1.12,0.93,0.06,0.05,0.05,0.05,0.05,0.07,,,,Negative,No
WP_P248/1,038P,06/09/2011,WP_P248_1.XLS,19/10/2011,18/10/2011,F,,GD,GD,GD,GD,GD,GD,GD,GD,0.93,0.6,0.04,0.04,0.19,0.19,0.05,0.05,,,LOW PWM,Positive,No
WP_P248/1,043W,06/09/2011,WP_P248_1.XLS,19/10/2011,18/10/2011,F,,GD,GD,GD,GD,GD,GD,GD,GD,0.47,0.3,0.05,0.04,0.08,0.08,0.05,0.05,,,LOW PWM,Negative,No
WP_P248/1,082W,06/09/2011,WP_P248_1.XLS,19/10/2011,18/10/2011,F,,GD,GD,GD,GD,GD,GD,GD,GD,0.26,0.23,0.05,0.08,0.05,0.05,0.06,0.05,,,LOW PWM,Negative,No
WP_P249/1,011Y,21/09/2011,WP_P249_1.XLS,19/10/2011,18/10/2011,F,,GD,GD,GD,GD,GD,GD,GD,GD,0.74,0.48,0.05,0.04,0.04,0.05,0.05,0.05,,,LOW PWM,Negative,No
WP_P249/1,014N,07/09/2011,WP_P249_1.XLS,19/10/2011,18/10/2011,P,,GD,GD,GD,GD,GD,GD,GD,GD,1.45,1.03,0.05,0.04,0.04,0.05,0.04,0.05,,,,Negative,No
WP_P249/1,018N,07/09/2011,WP_P249_1.XLS,19/10/2011,18/10/2011,F,,GD,GD,GD,GD,GD,GD,GD,GD,0.48,0.26,0.05,0.04,0.05,0.05,0.04,0.05,,,LOW PWM,Negative,No
WP_P249/1,020N,07/09/2011,WP_P249_1.XLS,19/10/2011,18/10/2011,P,,GD,GD,GD,GD,GD,GD,GD,GD,1.54,1.01,0.06,0.05,0.31,0.31,0.23,0.06,,,,Positive,No
WP_P249/1,021F,07/09/2011,WP_P249_1.XLS,19/10/2011,18/10/2011,F,,GD,GD,GD,GD,GD,GD,GD,GD,0.32,0.29,0.05,0.05,0.06,0.1,0.05,0.05,,,LOW PWM,Negative,No
WP_P249/1,033P,07/09/2011,WP_P249_1.XLS,19/10/2011,18/10/2011,F,,GD,GD,GD,GD,GD,GD,GD,GD,0.65,0.38,0.04,0.04,0.07,0.05,0.05,0.05,,,LOW PWM,Negative,No
WP_P249/1,057Y,21/09/2011,WP_P249_1.XLS,19/10/2011,18/10/2011,F,,GD,GD,GD,GD,GD,GD,GD,GD,0.82,0.58,0.06,0.06,0.05,0.04,0.04,0.05,,,LOW PWM,Negative,No
WP_P25/1,011B,07/11/2006,WP_P25_1.XLS,16/04/2007,09/02/2007,P,,GD,GD,GD,GD,GD,GD,GD,GD,2.41,2.48,0.33,0.31,0.31,0.32,0.29,0.3,NIL AVG HIGH,,,,No
WP_P25/1,012B,07/11/2006,WP_P25_1.XLS,16/04/2007,09/02/2007,P,,GD,GD,GD,GD,GD,GD,GD,GD,2.4,2.49,0.3,0.3,0.28,0.28,0.27,0.28,NIL AVG HIGH,,,,No
WP_P25/1,039W,07/11/2006,WP_P25_1.XLS,16/04/2007,09/02/2007,P,,GD,GD,GD,GD,GD,GD,GD,GD,2.66,2.57,0.29,0.28,0.3,0.27,0.27,0.26,NIL AVG HIGH,,,,No
WP_P25/1,052W,07/11/2006,WP_P25_1.XLS,16/04/2007,09/02/2007,P,,GD,GD,GD,GD,GD,GD,GD,GD,2.82,2.89,0.3,0.29,0.32,0.3,0.27,0.27,NIL AVG HIGH,,,,No
WP_P25/1,056B,07/11/2006,WP_P25_1.XLS,16/04/2007,09/02/2007,P,,GD,GD,GD,GD,GD,GD,GD,GD,2.28,2.24,0.31,0.31,0.29,0.29,0.31,0.3,NIL AVG HIGH,,,,No
WP_P25/1,082W,07/11/2006,WP_P25_1.XLS,16/04/2007,09/02/2007,F,,GD,GD,GD,GD,GD,GD,GD,GD,0.98,0.87,0.28,0.3,0.29,0.27,0.26,0.26,NIL AVG HIGH,,,,No
WP_P25/1,U057,07/11/2006,WP_P25_1.XLS,16/04/2007,09/02/2007,P,,GD,GD,GD,GD,GD,GD,GD,GD,2.59,2.38,0.29,0.31,0.48,0.5,0.26,0.27,NIL AVG HIGH,,,,No
WP_P25/2,011B,07/11/2006,WP_P25_2.XLS,21/05/2007,18/05/2007,P,,GD,GD,GD,GD,GD,GD,GD,GD,2.95,3.21,0.06,0.05,0.06,0.05,0.06,0.06,,,,Negative,No
WP_P25/2,012B,07/11/2006,WP_P25_2.XLS,21/05/2007,18/05/2007,P,,GD,GD,GD,GD,GD,GD,GD,GD,2.93,3.1,0.06,0.06,0.08,0.07,0.07,0.06,,,,Negative,No
WP_P25/2,039W,07/11/2006,WP_P25_2.XLS,21/05/2007,18/05/2007,P,,GD,GD,GD,GD,GD,GD,GD,GD,2.46,2.03,0.06,0.06,0.06,0.06,0.07,0.06,,,,Negative,No
WP_P25/2,052W,07/11/2006,WP_P25_2.XLS,21/05/2007,18/05/2007,P,,GD,GD,GD,GD,GD,GD,GD,GD,2.94,2.58,0.06,0.06,0.1,0.09,0.06,0.06,,,,Negative,No
WP_P25/2,056B,07/11/2006,WP_P25_2.XLS,21/05/2007,18/05/2007,P,,GD,GD,GD,GD,GD,GD,GD,GD,2.6,3.06,0.06,0.06,0.06,0.05,0.06,0.07,,,,Negative,No
WP_P25/2,082W,07/11/2006,WP_P25_2.XLS,21/05/2007,18/05/2007,F,,GD,GD,GD,GD,GD,GD,GD,GD,0.88,0.73,0.07,0.07,0.08,0.08,0.07,0.07,,,LOW PWM,Negative,No
WP_P25/2,U057,07/11/2006,WP_P25_2.XLS,21/05/2007,18/05/2007,P,,GD,GD,GD,GD,GD,GD,GD,GD,2.72,2.38,0.09,0.06,0.21,0.2,0.07,0.06,,,,Positive,No
WP_P250/1,009P,21/09/2011,WP_P250_1.XLS,19/10/2011,18/10/2011,P,,GD,GD,GD,GD,GD,GD,GD,GD,1.38,0.98,0.05,0.05,0.12,0.06,0.04,0.06,B OUTLIER,,,,No
WP_P250/1,014P,21/09/2011,WP_P250_1.XLS,19/10/2011,18/10/2011,P,,GD,GD,GD,GD,GD,GD,GD,GD,1.39,1.27,0.06,0.04,0.07,0.08,0.04,0.05,,,,Negative,No
WP_P250/1,019P,21/09/2011,WP_P250_1.XLS,19/10/2011,18/10/2011,F,,GD,GD,GD,GD,GD,GD,GD,GD,0.37,0.27,0.04,0.04,0.04,0.05,0.06,0.05,,,LOW PWM,Negative,No
WP_P250/1,021L,21/09/2011,WP_P250_1.XLS,19/10/2011,18/10/2011,P,,GD,GD,GD,GD,GD,GD,GD,GD,1.48,1.21,0.04,0.04,0.05,0.04,0.06,0.05,,,,Negative,No
WP_P250/1,024F,21/09/2011,WP_P250_1.XLS,19/10/2011,18/10/2011,F,,GD,GD,GD,GD,GD,GD,GD,GD,0.85,0.69,0.05,0.05,0.05,0.05,0.07,0.05,,,LOW PWM,Negative,No
WP_P250/1,036L,21/09/2011,WP_P250_1.XLS,19/10/2011,18/10/2011,P,,GD,GD,GD,GD,GD,GD,GD,GD,1.26,0.93,0.05,0.05,0.05,0.04,0.05,0.05,,,,Negative,No
WP_P250/1,037L,21/09/2011,WP_P250_1.XLS,19/10/2011,18/10/2011,P,,GD,GD,GD,GD,GD,GD,GD,GD,1.65,1.59,0.05,0.05,0.04,0.05,0.05,0.06,,,,Negative,No
WP_P250/1,049P,21/09/2011,WP_P250_1.XLS,19/10/2011,18/10/2011,P,,GD,GD,GD,GD,GD,GD,GD,GD,1.31,1.36,0.05,0.05,0.06,0.05,0.05,0.06,,,,Negative,No
WP_P250/2,009P,21/09/2011,WP_P250_2.XLS,26/10/2011,26/10/2011,P,,GD,GD,GD,GD,GD,GD,GD,GD,1.39,1.03,0.05,0.05,0.13,0.06,0.04,0.05,B OUTLIER,,,,No
WP_P251/1,020L,20/09/2011,WP_P251_1.XLS,26/10/2011,26/10/2011,F,,GD,GD,GD,GD,GD,GD,GD,GD,1.09,0.66,0.04,0.04,0.04,0.05,0.04,0.04,,,LOW PWM,Negative,No
WP_P251/1,022F,20/09/2011,WP_P251_1.XLS,26/10/2011,26/10/2011,F,,GD,GD,GD,GD,GD,GD,GD,GD,0.68,0.6,0.04,0.06,0.06,0.06,0.04,0.05,,,LOW PWM,Negative,No
WP_P251/1,022L,20/09/2011,WP_P251_1.XLS,26/10/2011,26/10/2011,F,,GD,GD,GD,GD,GD,GD,GD,GD,1.06,0.63,0.04,0.04,0.04,0.04,0.04,0.05,,,LOW PWM,Negative,No
WP_P251/1,023F,20/09/2011,WP_P251_1.XLS,26/10/2011,26/10/2011,F,,GD,GD,GD,GD,GD,GD,GD,GD,0.52,0.31,0.04,0.06,0.36,0.43,0.04,0.05,,,LOW PWM,Positive,No
WP_P251/1,023L,20/09/2011,WP_P251_1.XLS,26/10/2011,26/10/2011,F,,GD,GD,GD,GD,GD,GD,GD,GD,0.45,0.25,0.04,0.04,0.05,0.05,0.04,0.04,,,LOW PWM,Negative,No
WP_P251/1,024L,20/09/2011,WP_P251_1.XLS,26/10/2011,26/10/2011,F,,GD,GD,GD,GD,GD,GD,GD,GD,0.94,0.64,0.05,0.05,0.05,0.04,0.05,0.05,,,LOW PWM,Negative,No
WP_P251/1,025L,20/09/2011,WP_P251_1.XLS,26/10/2011,26/10/2011,F,,GD,GD,GD,GD,GD,GD,GD,GD,0.36,0.26,0.04,0.04,0.05,0.04,0.05,0.04,,,LOW PWM,Negative,No
WP_P251/1,026L,20/09/2011,WP_P251_1.XLS,26/10/2011,26/10/2011,F,,GD,GD,GD,GD,GD,GD,GD,GD,0.64,0.57,0.05,0.05,0.05,0.04,0.05,0.05,,,LOW PWM,Negative,No
WP_P252/1,002N,20/09/2011,WP_P252_1.XLS,26/10/2011,26/10/2011,P,,GD,GD,GD,GD,GD,GD,GD,GD,1.2,0.96,0.04,0.05,0.11,0.08,0.04,0.07,,,,Positive,No
WP_P252/1,003N,20/09/2011,WP_P252_1.XLS,26/10/2011,26/10/2011,F,,GD,GD,GD,GD,GD,GD,GD,GD,0.69,0.46,0.05,0.04,0.18,0.16,0.04,0.06,,,LOW PWM,Positive,No
WP_P252/1,015P,20/09/2011,WP_P252_1.XLS,26/10/2011,26/10/2011,F,,GD,GD,GD,GD,GD,GD,GD,GD,0.7,0.58,0.07,0.05,0.05,0.05,0.05,0.05,,,LOW PWM,Negative,No
WP_P252/1,033L,20/09/2011,WP_P252_1.XLS,26/10/2011,26/10/2011,F,,GD,GD,GD,GD,GD,GD,GD,GD,0.8,0.7,0.05,0.05,0.05,0.05,0.05,0.05,,,LOW PWM,Negative,No
WP_P252/1,034L,20/09/2011,WP_P252_1.XLS,26/10/2011,26/10/2011,F,,GD,GD,GD,GD,GD,GD,GD,GD,0.28,0.2,0.05,0.05,0.05,0.05,0.05,0.06,,,LOW PWM,Negative,No
WP_P252/1,035L,20/09/2011,WP_P252_1.XLS,26/10/2011,26/10/2011,P,,GD,GD,GD,GD,GD,GD,GD,GD,1.5,1.05,0.06,0.06,0.05,0.06,0.05,0.06,,,,Negative,No
WP_P252/1,035N,20/09/2011,WP_P252_1.XLS,26/10/2011,26/10/2011,F,,GD,GD,GD,GD,GD,GD,GD,GD,0.54,0.38,0.05,0.07,0.05,0.05,0.05,0.07,,,LOW PWM,Negative,No
WP_P252/1,067P,20/09/2011,WP_P252_1.XLS,26/10/2011,26/10/2011,F,,GD,GD,GD,GD,GD,GD,GD,GD,0.5,0.57,0.08,0.08,0.06,0.05,0.06,0.05,,,LOW PWM,Negative,No
WP_P253/1,005L,04/10/2011,WP_P253_1.XLS,02/11/2011,26/10/2011,F,,GD,GD,GD,GD,GD,GD,GD,GD,0.68,0.62,0.07,0.06,0.05,0.05,0.06,0.07,,,LOW PWM,Negative,No
WP_P253/1,010F,04/10/2011,WP_P253_1.XLS,02/11/2011,26/10/2011,F,,GD,GD,GD,GD,GD,GD,GD,GD,0.96,0.69,0.05,0.05,0.05,0.04,0.05,0.05,,,LOW PWM,Negative,No
WP_P253/1,013F,04/10/2011,WP_P253_1.XLS,02/11/2011,26/10/2011,F,,GD,GD,GD,GD,GD,GD,GD,GD,0.9,0.65,0.04,0.06,0.05,0.06,0.05,0.06,,,LOW PWM,Negative,No
WP_P253/1,017F,04/10/2011,WP_P253_1.XLS,02/11/2011,26/10/2011,F,,GD,GD,GD,GD,GD,GD,GD,GD,0.8,0.54,0.04,0.07,0.05,0.06,0.05,0.06,,,LOW PWM,Negative,No
WP_P253/1,020F,04/10/2011,WP_P253_1.XLS,02/11/2011,26/10/2011,F,,GD,GD,GD,GD,GD,GD,GD,GD,0.75,0.51,0.04,0.05,0.06,0.07,0.05,0.06,,,LOW PWM,Negative,No
WP_P253/1,021B,04/10/2011,WP_P253_1.XLS,02/11/2011,26/10/2011,F,,GD,GD,GD,GD,GD,GD,GD,GD,0.36,0.3,0.05,0.05,0.1,0.06,0.05,0.05,,,LOW PWM,Negative,No
WP_P253/1,028F,04/10/2011,WP_P253_1.XLS,02/11/2011,26/10/2011,F,,GD,GD,GD,GD,GD,GD,GD,GD,1.08,0.84,0.05,0.08,0.05,0.05,0.05,0.05,,,LOW PWM,Negative,No
WP_P253/1,059B,04/10/2011,WP_P253_1.XLS,02/11/2011,26/10/2011,F,,GD,GD,GD,GD,GD,GD,GD,GD,0.29,0.19,0.04,0.04,0.05,0.04,0.05,0.05,,,LOW PWM,Negative,No
WP_P254/1,001P,04/10/2011,WP_P254_1.XLS,26/10/2011,26/10/2011,F,,GD,GD,GD,GD,GD,GD,GD,GD,0.38,0.25,0.04,0.05,0.2,0.18,0.05,0.06,,,LOW PWM,Positive,No
WP_P254/1,023N,04/10/2011,WP_P254_1.XLS,26/10/2011,26/10/2011,F,,GD,GD,GD,GD,GD,GD,GD,GD,0.39,0.29,0.04,0.04,0.05,0.05,0.04,0.05,,,LOW PWM,Negative,No
WP_P254/1,026N,05/10/2011,WP_P254_1.XLS,26/10/2011,26/10/2011,F,,GD,GD,GD,GD,GD,GD,GD,GD,0.41,0.29,0.05,0.05,0.06,0.06,0.05,0.05,,,LOW PWM,Negative,No
WP_P254/1,029N,04/10/2011,WP_P254_1.XLS,26/10/2011,26/10/2011,F,,GD,GD,GD,GD,GD,GD,GD,GD,0.31,0.2,0.05,0.05,0.04,0.05,0.05,0.05,,,LOW PWM,Negative,No
WP_P254/1,031Y,05/10/2011,WP_P254_1.XLS,26/10/2011,26/10/2011,F,,GD,GD,GD,GD,GD,GD,GD,GD,0.34,0.3,0.06,0.06,0.1,0.05,0.05,0.05,,,LOW PWM,Negative,No
WP_P254/1,038L,04/10/2011,WP_P254_1.XLS,26/10/2011,26/10/2011,F,,GD,GD,GD,GD,GD,GD,GD,GD,0.53,0.49,0.05,0.07,0.05,0.06,0.05,0.04,,,LOW PWM,Negative,No
WP_P254/1,039L,05/10/2011,WP_P254_1.XLS,26/10/2011,26/10/2011,P,,GD,GD,GD,GD,GD,GD,GD,GD,1.45,1.13,0.05,0.05,0.06,0.04,0.07,0.1,,,,Negative,No
WP_P254/1,066R,04/10/2011,WP_P254_1.XLS,26/10/2011,26/10/2011,F,,GD,GD,GD,GD,GD,GD,GD,GD,0.55,0.39,0.05,0.05,0.07,0.04,0.04,0.05,,,LOW PWM,Negative,No
WP_P255/1,007L,06/12/2011,WP_P255_1.XLS,14/12/2011,09/12/2011,F,,GD,GD,GD,GD,GD,GD,GD,GD,0.33,0.24,0.05,0.05,0.04,0.09,0.05,0.05,,,LOW PWM,Negative,No
WP_P255/1,013L,06/12/2011,WP_P255_1.XLS,14/12/2011,09/12/2011,P,,GD,GD,GD,GD,GD,GD,GD,GD,1.74,1.52,0.04,0.05,0.05,0.08,0.04,0.05,,,,Negative,No
WP_P255/1,014L,06/12/2011,WP_P255_1.XLS,14/12/2011,09/12/2011,F,,GD,GD,GD,GD,GD,GD,GD,GD,1.05,0.46,0.05,0.04,0.04,0.07,0.05,0.04,,,LOW PWM,Negative,No
WP_P255/1,016N,06/12/2011,WP_P255_1.XLS,14/12/2011,09/12/2011,F,,GD,GD,GD,GD,GD,GD,GD,GD,0.31,0.29,0.05,0.05,0.05,0.05,0.05,0.05,,,LOW PWM,Negative,No
WP_P255/1,030L,06/12/2011,WP_P255_1.XLS,14/12/2011,09/12/2011,P,,GD,GD,GD,GD,GD,GD,GD,GD,1.33,0.88,0.06,0.05,0.04,0.04,0.04,0.05,,,,Negative,No
WP_P255/1,031L,06/12/2011,WP_P255_1.XLS,14/12/2011,09/12/2011,F,,GD,GD,GD,GD,GD,GD,GD,GD,1.11,0.67,0.05,0.08,0.05,0.04,0.04,0.05,,,LOW PWM,Negative,No
WP_P255/1,032L,06/12/2011,WP_P255_1.XLS,14/12/2011,09/12/2011,F,,GD,GD,GD,GD,GD,GD,GD,GD,0.06,0.05,0.04,0.06,0.05,0.06,0.04,0.05,,,LOW PWM,Negative,No
WP_P255/1,040L,06/12/2011,WP_P255_1.XLS,14/12/2011,09/12/2011,F,,GD,GD,GD,GD,GD,GD,GD,GD,0.28,0.15,0.07,0.05,0.05,0.06,0.04,0.05,,,LOW PWM,Negative,No
WP_P256/1,006L,07/12/2011,WP_P256_1.XLS,14/12/2011,09/12/2011,F,,GD,GD,GD,GD,GD,GD,GD,GD,0.74,0.45,0.07,0.05,0.08,0.13,0.05,0.06,,,LOW PWM,Positive,No
WP_P256/1,013N,07/12/2011,WP_P256_1.XLS,14/12/2011,09/12/2011,F,,GD,GD,GD,GD,GD,GD,GD,GD,0.26,0.2,0.06,0.09,0.06,0.05,0.04,0.05,,,LOW PWM,Negative,No
WP_P256/1,017L,07/12/2011,WP_P256_1.XLS,14/12/2011,09/12/2011,P,,GD,GD,GD,GD,GD,GD,GD,GD,1.39,1.18,0.06,0.06,0.07,0.04,0.05,0.06,,,,Negative,No
WP_P256/1,018N,07/12/2011,WP_P256_1.XLS,14/12/2011,09/12/2011,F,,GD,GD,GD,GD,GD,GD,GD,GD,0.25,0.2,0.07,0.06,0.07,0.05,0.04,0.05,,,LOW PWM,Negative,No
WP_P256/1,041L,07/12/2011,WP_P256_1.XLS,14/12/2011,09/12/2011,F,,GD,GD,GD,GD,GD,GD,GD,GD,0.49,0.4,0.04,0.1,0.05,0.05,0.05,0.07,,,LOW PWM,Negative,No
WP_P256/1,043W,06/12/2011,WP_P256_1.XLS,14/12/2011,09/12/2011,F,,GD,GD,GD,GD,GD,GD,GD,GD,0.21,0.16,0.05,0.08,0.07,0.04,0.04,0.06,,,LOW PWM,Negative,No
WP_P256/1,064P,06/12/2011,WP_P256_1.XLS,14/12/2011,09/12/2011,P,,GD,GD,GD,GD,GD,GD,GD,GD,1.18,1.07,0.08,0.16,0.09,0.09,0.11,0.06,,,,Negative,No
WP_P257/1,021L,10/01/2012,WP_P257_1.XLS,27/01/2012,13/01/2012,P,,GD,GD,GD,GD,GD,GD,GD,GD,1.58,1.15,0.05,0.05,0.05,0.05,0.05,0.05,,,,Negative,No
WP_P257/1,022L,10/01/2012,WP_P257_1.XLS,27/01/2012,13/01/2012,P,,GD,GD,GD,GD,GD,GD,GD,GD,1.43,1.01,0.04,0.04,0.04,0.04,0.04,0.04,,,,Negative,No
WP_P257/1,023L,10/01/2012,WP_P257_1.XLS,27/01/2012,13/01/2012,F,,GD,GD,GD,GD,GD,GD,GD,GD,0.78,0.44,0.05,0.05,0.05,0.05,0.05,0.05,,,LOW PWM,Negative,No
WP_P257/1,025L,10/01/2012,WP_P257_1.XLS,27/01/2012,13/01/2012,P,,GD,GD,GD,GD,GD,GD,GD,GD,1.29,0.8,0.04,0.05,0.04,0.04,0.04,0.05,,,,Negative,No
WP_P257/1,033L,10/01/2012,WP_P257_1.XLS,27/01/2012,13/01/2012,P,,GD,GD,GD,GD,GD,GD,GD,GD,1.76,1.59,0.06,0.06,0.07,0.07,0.09,0.09,,,,Negative,No
WP_P257/1,035L,10/01/2012,WP_P257_1.XLS,27/01/2012,13/01/2012,P,,GD,GD,GD,GD,GD,GD,GD,GD,1.59,1.11,0.05,0.05,0.24,0.17,0.04,0.05,,,,Positive,No
WP_P258/1,015P,11/01/2012,WP_P258_1.XLS,27/01/2012,13/01/2012,F,,GD,GD,GD,GD,GD,GD,GD,GD,0.3,0.22,0.07,0.05,0.05,0.05,0.05,0.05,,,LOW PWM,Negative,No
WP_P258/1,020L,11/01/2012,WP_P258_1.XLS,27/01/2012,13/01/2012,F,,GD,GD,GD,GD,GD,GD,GD,GD,0.66,0.63,0.05,0.07,0.05,0.05,0.05,0.05,,,LOW PWM,Negative,No
WP_P258/1,024L,11/01/2012,WP_P258_1.XLS,27/01/2012,13/01/2012,P,,GD,GD,GD,GD,GD,GD,GD,GD,1.69,1.18,0.05,0.07,0.05,0.04,0.04,0.05,,,,Negative,No
WP_P258/1,034L,11/01/2012,WP_P258_1.XLS,27/01/2012,13/01/2012,F,,GD,GD,GD,GD,GD,GD,GD,GD,1.14,0.77,0.04,0.06,0.04,0.05,0.04,0.05,,,LOW PWM,Negative,No
WP_P259/1,001K,24/01/2012,WP_P259_1.XLS,23/02/2012,27/01/2012,F,,GD,GD,GD,GD,GD,GD,GD,GD,0.51,0.53,0.1,0.07,0.08,0.09,0.1,0.1,,,LOW PWM,Negative,No
WP_P259/1,002K,24/01/2012,WP_P259_1.XLS,23/02/2012,27/01/2012,F,,GD,GD,GD,GD,GD,GD,GD,GD,0.89,0.83,0.08,0.08,0.09,0.1,0.12,0.11,,,LOW PWM,Negative,No
WP_P259/1,005L,24/01/2012,WP_P259_1.XLS,23/02/2012,27/01/2012,P,,GD,GD,GD,GD,GD,GD,GD,GD,1.36,1.51,0.06,0.07,0.08,0.07,0.08,0.08,,,,Negative,No
WP_P259/1,020F,24/01/2012,WP_P259_1.XLS,23/02/2012,27/01/2012,P,,GD,GD,GD,GD,GD,GD,GD,GD,1.29,1.4,0.08,0.08,0.1,0.1,0.1,0.11,,,,Negative,No
WP_P259/1,022B,24/01/2012,WP_P259_1.XLS,23/02/2012,27/01/2012,F,,GD,GD,GD,GD,GD,GD,GD,GD,0.31,0.29,0.11,0.11,0.13,0.12,0.11,0.12,,,LOW PWM,Negative,No
WP_P259/1,028F,24/01/2012,WP_P259_1.XLS,23/02/2012,27/01/2012,F,,GD,GD,GD,GD,GD,GD,GD,GD,0.79,0.77,0.09,0.07,0.09,0.08,0.09,0.1,,,LOW PWM,Negative,No
WP_P259/1,029N,24/01/2012,WP_P259_1.XLS,23/02/2012,27/01/2012,F,,GD,GD,GD,GD,GD,GD,GD,GD,0.39,0.37,0.08,0.08,0.08,0.08,0.1,0.1,,,LOW PWM,Negative,No
WP_P259/1,038L,24/01/2012,WP_P259_1.XLS,23/02/2012,27/01/2012,P,,GD,GD,GD,GD,GD,GD,GD,GD,1.92,2.03,0.07,0.07,0.07,0.08,0.08,0.08,,,,Negative,No
WP_P260/1,013F,25/01/2012,WP_P260_1.XLS,23/02/2012,27/01/2012,F,,GD,GD,GD,GD,GD,GD,GD,GD,0.63,0.37,0.04,0.04,0.04,0.04,0.04,0.05,,,LOW PWM,Negative,No
WP_P260/1,014P,24/01/2012,WP_P260_1.XLS,23/02/2012,27/01/2012,F,,GD,GD,GD,GD,GD,GD,GD,GD,0.33,0.21,0.05,0.05,0.05,0.05,0.04,0.05,,,LOW PWM,Negative,No
WP_P260/1,026N,25/01/2012,WP_P260_1.XLS,23/02/2012,27/01/2012,F,,GD,GD,GD,GD,GD,GD,GD,GD,0.33,0.16,0.05,0.04,0.05,0.04,0.05,0.05,,,LOW PWM,Negative,No
WP_P260/1,037N,24/01/2012,WP_P260_1.XLS,23/02/2012,27/01/2012,F,,GD,GD,GD,GD,GD,GD,GD,GD,0.26,0.18,0.05,0.05,0.06,0.05,0.06,0.06,,,LOW PWM,Negative,No
WP_P260/1,058R,24/01/2012,WP_P260_1.XLS,23/02/2012,27/01/2012,F,,GD,GD,GD,GD,GD,GD,GD,GD,0.11,0.08,0.05,0.05,0.06,0.06,0.05,0.06,,,LOW PWM,Negative,No
WP_P261/1,003K,29/05/2012,WP_P261_1.XLS,03/08/2012,01/06/2012,F,,GD,GD,GD,GD,GD,GD,GD,GD,0.83,0.51,0.04,0.04,0.04,0.04,0.05,0.04,,,LOW PWM,Negative,No
WP_P261/1,004K,29/05/2012,WP_P261_1.XLS,03/08/2012,01/06/2012,P,,GD,GD,GD,GD,GD,GD,GD,GD,1.39,0.83,0.04,0.04,0.05,0.04,0.08,0.05,,,,Negative,No
WP_P261/1,005K,29/05/2012,WP_P261_1.XLS,03/08/2012,01/06/2012,F,,GD,GD,GD,GD,GD,GD,GD,GD,0.68,0.34,0.04,0.04,0.09,0.05,0.04,0.04,,,LOW PWM,Negative,No
WP_P261/1,006K,29/05/2012,WP_P261_1.XLS,03/08/2012,01/06/2012,F,,GD,GD,GD,GD,GD,GD,GD,GD,1.18,0.62,0.04,0.04,0.04,0.06,0.05,0.04,,,LOW PWM,Negative,No
WP_P261/1,006L,29/05/2012,WP_P261_1.XLS,03/08/2012,01/06/2012,F,,GD,GD,GD,GD,GD,GD,GD,GD,1.24,0.73,0.07,0.04,0.04,0.05,0.05,0.04,,,LOW PWM,Negative,No
WP_P261/1,008L,29/05/2012,WP_P261_1.XLS,03/08/2012,01/06/2012,F,,GD,GD,GD,GD,GD,GD,GD,GD,0.92,0.53,0.04,0.05,0.04,0.04,0.04,0.04,,,LOW PWM,Negative,No
WP_P261/1,009L,29/05/2012,WP_P261_1.XLS,03/08/2012,01/06/2012,F,,GD,GD,GD,GD,GD,GD,GD,GD,1.16,0.8,0.04,0.04,0.17,0.19,0.04,0.06,,,LOW PWM,Positive,No
WP_P261/1,066B,29/05/2012,WP_P261_1.XLS,03/08/2012,01/06/2012,P,,GD,GD,GD,GD,GD,GD,GD,GD,1.26,0.93,0.04,0.04,0.04,0.04,0.04,0.06,,,,Negative,No
WP_P262/1,009N,29/05/2012,WP_P262_1.XLS,30/08/2012,01/06/2012,F,,GD,GD,GD,GD,GD,GD,GD,GD,1.01,0.9,0.05,0.05,0.05,0.05,0.06,0.05,,,LOW PWM,Negative,No
WP_P262/1,012L,29/05/2012,WP_P262_1.XLS,30/08/2012,01/06/2012,F,,GD,GD,GD,GD,GD,GD,GD,GD,0.31,0.21,0.05,0.05,0.04,0.04,0.13,0.07,,,LOW PWM,Negative,No
WP_P262/1,013L,29/05/2012,WP_P262_1.XLS,30/08/2012,01/06/2012,F,,GD,GD,GD,GD,GD,GD,GD,GD,0.7,0.44,0.05,0.04,0.33,0.24,0.04,0.05,,,LOW PWM,Positive,No
WP_P262/1,014L,29/05/2012,WP_P262_1.XLS,30/08/2012,01/06/2012,P,,GD,GD,GD,GD,GD,GD,GD,GD,1.95,1.24,0.04,0.04,0.04,0.04,0.07,0.06,,,,Negative,No
WP_P262/1,015L,29/05/2012,WP_P262_1.XLS,30/08/2012,01/06/2012,P,,GD,GD,GD,GD,GD,GD,GD,GD,1.99,1.34,0.04,0.04,0.06,0.04,0.05,0.04,,,,Negative,No
WP_P262/1,017L,29/05/2012,WP_P262_1.XLS,30/08/2012,01/06/2012,P,,GD,GD,GD,GD,GD,GD,GD,GD,1.45,0.95,0.04,0.05,0.07,0.05,0.04,0.07,,,,Negative,No
WP_P262/1,031L,29/05/2012,WP_P262_1.XLS,30/08/2012,01/06/2012,F,,GD,GD,GD,GD,GD,GD,GD,GD,0.31,0.17,0.04,0.04,0.04,0.04,0.08,0.05,,,LOW PWM,Negative,No
WP_P262/1,041L,29/05/2012,WP_P262_1.XLS,30/08/2012,01/06/2012,P,,GD,GD,GD,GD,GD,GD,GD,GD,1.42,0.85,0.05,0.04,0.04,0.09,0.05,0.04,B OUTLIER,,,,No
WP_P262/2,041L,29/05/2012,WP_P262_2.XLS,12/09/2012,05/09/2012,F,,GD,GD,GD,GD,GD,GD,GD,GD,0.46,0.35,0.04,0.04,0.04,0.04,0.04,0.04,,,LOW PWM,Negative,No
WP_P263/1,010N,29/05/2012,WP_P263_1.XLS,15/08/2012,12/06/2012,F,,GD,GD,GD,GD,GD,GD,GD,GD,0.57,0.47,0.04,0.04,0.05,0.04,0.04,0.05,,,LOW PWM,Negative,No
WP_P263/1,013N,29/05/2012,WP_P263_1.XLS,15/08/2012,12/06/2012,P,,GD,GD,GD,GD,GD,GD,GD,GD,1.54,1.3,0.04,0.04,0.04,0.04,0.04,0.05,,,,Negative,No
WP_P263/1,014N,29/05/2012,WP_P263_1.XLS,15/08/2012,12/06/2012,P,,GD,GD,GD,GD,GD,GD,GD,GD,1.22,0.98,0.04,0.04,0.11,0.08,0.05,0.05,,,,Positive,No
WP_P263/1,035P,29/05/2012,WP_P263_1.XLS,15/08/2012,12/06/2012,F,,GD,GD,GD,GD,GD,GD,GD,GD,0.93,0.59,0.07,0.04,0.05,0.05,0.06,0.08,,,LOW PWM,Negative,No
WP_P263/1,050N,29/05/2012,WP_P263_1.XLS,15/08/2012,12/06/2012,P,,GD,GD,GD,GD,GD,GD,GD,GD,1.45,1.19,0.05,0.05,0.12,0.12,0.05,0.05,,,,Positive,No
WP_P263/1,082W,29/05/2012,WP_P263_1.XLS,15/08/2012,12/06/2012,F,,GD,GD,GD,GD,GD,GD,GD,GD,0.19,0.15,0.05,0.04,0.05,0.04,0.05,0.09,,,LOW PWM,Negative,No
WP_P263/1,I008,29/05/2012,WP_P263_1.XLS,15/08/2012,12/06/2012,F,,GD,GD,GD,GD,GD,GD,GD,GD,0.39,0.32,0.04,0.05,0.05,0.05,0.06,0.05,,,LOW PWM,Negative,No
WP_P264/1,002P,30/05/2012,WP_P264_1.XLS,13/08/2012,12/06/2012,P,,GD,GD,GD,GD,GD,GD,GD,GD,1.6,1.07,0.04,0.04,0.05,0.05,0.04,0.04,,,,Negative,No
WP_P264/1,007K,30/05/2012,WP_P264_1.XLS,13/08/2012,12/06/2012,P,,GD,GD,GD,GD,GD,GD,GD,GD,1.99,1.79,0.04,0.04,0.04,0.04,0.04,0.04,,,,Negative,No
WP_P264/1,022N,30/05/2012,WP_P264_1.XLS,13/08/2012,12/06/2012,F,,GD,GD,GD,GD,GD,GD,GD,GD,0.91,0.64,0.13,0.14,0.22,0.23,0.04,0.05,,,LOW PWM,Positive,No
WP_P264/1,030L,30/05/2012,WP_P264_1.XLS,13/08/2012,12/06/2012,F,,GD,GD,GD,GD,GD,GD,GD,GD,0.94,0.73,0.04,0.04,0.04,0.04,0.04,0.04,,,LOW PWM,Negative,No
WP_P264/1,034P,30/05/2012,WP_P264_1.XLS,13/08/2012,12/06/2012,F,,GD,GD,GD,GD,GD,GD,GD,GD,0.96,0.66,0.05,0.07,0.06,0.06,0.05,0.07,,,LOW PWM,Negative,No
WP_P264/1,040L,30/05/2012,WP_P264_1.XLS,13/08/2012,12/06/2012,P,,GD,GD,GD,GD,GD,GD,GD,GD,1.76,1.49,0.04,0.04,0.04,0.04,0.04,0.04,,,,Negative,No
WP_P264/1,067Y,30/05/2012,WP_P264_1.XLS,13/08/2012,12/06/2012,F,,GD,GD,GD,GD,GD,GD,GD,GD,0.68,0.46,0.04,0.05,0.07,0.06,0.04,0.04,,,LOW PWM,Negative,No
WP_P265/1,002K,26/06/2012,WP_P265_1.XLS,13/08/2012,29/06/2012,P,,GD,GD,GD,GD,GD,GD,GD,GD,1.51,0.89,0.05,0.05,0.04,0.04,0.04,0.05,,,,Negative,No
WP_P265/1,013F,26/06/2012,WP_P265_1.XLS,13/08/2012,29/06/2012,P,,GD,GD,GD,GD,GD,GD,GD,GD,1.77,1.45,0.04,0.05,0.53,0.5,0.04,0.05,,,,Positive,No
WP_P265/1,017F,26/06/2012,WP_P265_1.XLS,13/08/2012,29/06/2012,F,,GD,GD,GD,GD,GD,GD,GD,GD,0.9,0.68,0.06,0.05,0.04,0.04,0.04,0.05,,,LOW PWM,Negative,No
WP_P265/1,021K,26/06/2012,WP_P265_1.XLS,13/08/2012,29/06/2012,F,,GD,GD,GD,GD,GD,GD,GD,GD,0.52,0.71,0.04,0.04,0.31,0.32,0.04,0.05,,,LOW PWM,Positive,No
WP_P265/1,022K,26/06/2012,WP_P265_1.XLS,13/08/2012,29/06/2012,P,,GD,GD,GD,GD,GD,GD,GD,GD,1.28,0.93,0.04,0.04,0.04,0.04,0.04,0.05,,,,Negative,No
WP_P265/1,023K,26/06/2012,WP_P265_1.XLS,13/08/2012,29/06/2012,F,,GD,GD,GD,GD,GD,GD,GD,GD,0.75,0.62,0.04,0.04,0.04,0.04,0.05,0.05,,,LOW PWM,Negative,No
WP_P265/1,028F,26/06/2012,WP_P265_1.XLS,13/08/2012,29/06/2012,P,,GD,GD,GD,GD,GD,GD,GD,GD,1.15,0.89,0.04,0.04,0.06,0.06,0.04,0.05,,,,Negative,No
WP_P265/1,059B,26/06/2012,WP_P265_1.XLS,13/08/2012,29/06/2012,F,,GD,GD,GD,GD,GD,GD,GD,GD,0.63,0.49,0.05,0.05,0.07,0.07,0.05,0.05,,,LOW PWM,Negative,No
WP_P266/1,024K,26/06/2012,WP_P266_1.XLS,13/08/2012,29/06/2012,P,,GD,GD,GD,GD,GD,GD,GD,GD,1.66,1.4,0.05,0.05,0.05,0.05,0.05,0.06,,,,Negative,No
WP_P266/1,025K,26/06/2012,WP_P266_1.XLS,13/08/2012,29/06/2012,F,,GD,GD,GD,GD,GD,GD,GD,GD,0.67,0.51,0.04,0.04,0.04,0.04,0.04,0.04,,,LOW PWM,Negative,No
WP_P266/1,026K,26/06/2012,WP_P266_1.XLS,13/08/2012,29/06/2012,F,,GD,GD,GD,GD,GD,GD,GD,GD,1.02,0.8,0.04,0.04,0.08,0.04,0.04,0.04,,,LOW PWM,Negative,No
WP_P266/1,027K,26/06/2012,WP_P266_1.XLS,13/08/2012,29/06/2012,P,,GD,GD,GD,GD,GD,GD,GD,GD,2.13,1.79,0.04,0.04,0.05,0.04,0.04,0.05,,,,Negative,No
WP_P266/1,028K,26/06/2012,WP_P266_1.XLS,13/08/2012,29/06/2012,P,,GD,GD,GD,GD,GD,GD,GD,GD,1.91,1.68,0.04,0.04,0.05,0.04,0.04,0.05,,,,Negative,No
WP_P266/1,029K,26/06/2012,WP_P266_1.XLS,13/08/2012,29/06/2012,P,,GD,GD,GD,GD,GD,GD,GD,GD,2.37,2.13,0.04,0.07,0.1,0.09,0.04,0.05,,,,Negative,No
WP_P266/1,030K,26/06/2012,WP_P266_1.XLS,13/08/2012,29/06/2012,P,,GD,GD,GD,GD,GD,GD,GD,GD,1.93,1.61,0.05,0.04,0.04,0.04,0.04,0.05,,,,Negative,No
WP_P266/1,031K,26/06/2012,WP_P266_1.XLS,13/08/2012,29/06/2012,P,,GD,GD,GD,GD,GD,GD,GD,GD,2.3,2.06,0.08,0.05,0.05,0.05,0.05,0.05,,,,Negative,No
WP_P267/1,001L,26/06/2012,WP_P267_1.XLS,13/08/2012,29/06/2012,P,,GD,GD,GD,GD,GD,GD,GD,GD,2.5,2.17,0.05,0.07,0.07,0.07,0.04,0.04,,,,Negative,No
WP_P267/1,005L,26/06/2012,WP_P267_1.XLS,13/08/2012,29/06/2012,P,,GD,GD,GD,GD,GD,GD,GD,GD,1.68,1.29,0.06,0.06,0.08,0.04,0.04,0.05,,,,Negative,No
WP_P267/1,032K,26/06/2012,WP_P267_1.XLS,13/08/2012,29/06/2012,P,,GD,GD,GD,GD,GD,GD,GD,GD,2.83,2.74,0.05,0.04,0.04,0.04,0.04,0.05,,,,Negative,No
WP_P267/1,033K,26/06/2012,WP_P267_1.XLS,13/08/2012,29/06/2012,P,,GD,GD,GD,GD,GD,GD,GD,GD,2.76,2.63,0.04,0.04,0.04,0.04,0.04,0.04,,,,Negative,No
WP_P267/1,034K,26/06/2012,WP_P267_1.XLS,13/08/2012,29/06/2012,P,,GD,GD,GD,GD,GD,GD,GD,GD,2.49,1.96,0.04,0.04,0.19,0.18,0.04,0.05,,,,Positive,No
WP_P267/1,035K,26/06/2012,WP_P267_1.XLS,13/08/2012,29/06/2012,F,,GD,GD,GD,GD,GD,GD,GD,GD,0.63,0.46,0.04,0.04,0.05,0.04,0.04,0.05,,,LOW PWM,Negative,No
WP_P267/1,036K,26/06/2012,WP_P267_1.XLS,13/08/2012,29/06/2012,P,,GD,GD,GD,GD,GD,GD,GD,GD,2.21,1.59,0.04,0.04,0.05,0.06,0.04,0.04,,,,Negative,No
WP_P267/1,037K,26/06/2012,WP_P267_1.XLS,13/08/2012,29/06/2012,P,,GD,GD,GD,GD,GD,GD,GD,GD,1.58,1.23,0.06,0.05,0.12,0.11,0.04,0.05,,,,Positive,No
WP_P268/1,023N,26/06/2012,WP_P268_1.XLS,13/08/2012,29/06/2012,P,,GD,GD,GD,GD,GD,GD,GD,GD,2.56,2.42,0.06,0.05,0.05,0.05,0.05,0.05,,,,Negative,No
WP_P268/1,024P,26/06/2012,WP_P268_1.XLS,13/08/2012,29/06/2012,P,,GD,GD,GD,GD,GD,GD,GD,GD,2.1,1.97,0.05,0.06,0.11,0.11,0.05,0.06,,,,Positive,No
WP_P268/1,025N,26/06/2012,WP_P268_1.XLS,13/08/2012,29/06/2012,P,,GD,GD,GD,GD,GD,GD,GD,GD,1.09,0.97,0.05,0.05,0.09,0.08,0.05,0.06,,,,Negative,No
WP_P268/1,029N,26/06/2012,WP_P268_1.XLS,13/08/2012,29/06/2012,P,,GD,GD,GD,GD,GD,GD,GD,GD,1.33,1.18,0.05,0.05,0.05,0.05,0.05,0.06,,,,Negative,No
WP_P268/1,032N,26/06/2012,WP_P268_1.XLS,13/08/2012,29/06/2012,P,,GD,GD,GD,GD,GD,GD,GD,GD,1.43,1.23,0.06,0.07,0.06,0.05,0.05,0.06,,,,Negative,No
WP_P268/1,038L,26/06/2012,WP_P268_1.XLS,13/08/2012,29/06/2012,P,,GD,GD,GD,GD,GD,GD,GD,GD,2.65,2.65,0.09,0.06,0.24,0.24,0.06,0.07,,,,Positive,No
WP_P268/1,046P,26/06/2012,WP_P268_1.XLS,13/08/2012,29/06/2012,P,,GD,GD,GD,GD,GD,GD,GD,GD,1.79,1.66,0.05,0.05,0.29,0.29,0.05,0.06,,,,Positive,No
WP_P268/1,058R,26/06/2012,WP_P268_1.XLS,13/08/2012,29/06/2012,F,,GD,GD,GD,GD,GD,GD,GD,GD,0.54,0.51,0.07,0.06,0.86,0.82,0.06,0.07,,,LOW PWM,Positive,No
WP_P269/1,033Y,26/06/2012,WP_P269_1.XLS,13/08/2012,29/06/2012,F,,GD,GD,GD,GD,GD,GD,GD,GD,0.89,0.75,0.07,0.05,0.14,0.1,0.07,0.06,,,LOW PWM,Positive,No
WP_P269/1,038Y,26/06/2012,WP_P269_1.XLS,13/08/2012,29/06/2012,P,,GD,GD,GD,GD,GD,GD,GD,GD,2.56,2.56,0.34,0.33,0.31,0.3,0.29,0.34,NIL AVG HIGH,,,,No
WP_P269/1,063Y,26/06/2012,WP_P269_1.XLS,13/08/2012,29/06/2012,P,,GD,GD,GD,GD,GD,GD,GD,GD,1.11,1,0.06,0.05,0.2,0.21,0.05,0.05,,,,Positive,No
WP_P269/2,038Y,26/06/2012,WP_P269_2.XLS,12/09/2012,05/09/2012,P,,GD,GD,GD,GD,GD,GD,GD,GD,1.2,0.95,0.05,0.05,0.06,0.06,0.05,0.07,,,,Negative,No
WP_P270/1,001K,27/06/2012,WP_P270_1.XLS,13/08/2012,29/06/2012,P,,GD,GD,GD,GD,GD,GD,GD,GD,1.27,1.13,0.06,0.06,0.05,0.05,0.05,0.06,,,,Negative,No
WP_P270/1,002F,27/06/2012,WP_P270_1.XLS,13/08/2012,29/06/2012,P,,GD,GD,GD,GD,GD,GD,GD,GD,2.52,2.57,0.07,0.05,2.41,2.47,0.05,0.05,,,,Positive,No
WP_P270/1,026N,27/06/2012,WP_P270_1.XLS,13/08/2012,29/06/2012,P,,GD,GD,GD,GD,GD,GD,GD,GD,1.7,1.56,0.07,0.06,0.5,0.48,0.05,0.06,,,,Positive,No
WP_P270/1,038K,27/06/2012,WP_P270_1.XLS,13/08/2012,29/06/2012,P,,GD,GD,GD,GD,GD,GD,GD,GD,2.17,2.03,0.06,0.05,0.06,0.05,0.05,0.06,,,,Negative,No
WP_P270/1,039K,27/06/2012,WP_P270_1.XLS,13/08/2012,29/06/2012,P,,GD,GD,GD,GD,GD,GD,GD,GD,2.56,2.74,0.08,0.06,0.05,0.05,0.05,0.06,,,,Negative,No
WP_P270/1,040K,27/06/2012,WP_P270_1.XLS,13/08/2012,29/06/2012,P,,GD,GD,GD,GD,GD,GD,GD,GD,2.56,2.53,0.05,0.06,0.42,0.36,0.05,0.06,,,,Positive,No
WP_P270/1,041K,27/06/2012,WP_P270_1.XLS,13/08/2012,29/06/2012,F,,GD,GD,GD,GD,GD,GD,GD,GD,1.03,0.89,0.06,0.07,0.06,0.05,0.05,0.06,,,LOW PWM,Negative,No
WP_P271/1,006K,17/07/2012,WP_P271_1.XLS,15/08/2012,20/07/2012,P,,GD,GD,GD,GD,GD,GD,GD,GD,2.38,2,0.04,0.05,0.15,0.16,0.04,0.05,,,,Positive,No
WP_P271/1,042K,17/07/2012,WP_P271_1.XLS,15/08/2012,20/07/2012,F,,GD,GD,GD,GD,GD,GD,GD,GD,0.91,0.61,0.24,0.26,0.25,0.26,0.21,0.39,NIL AVG HIGH,,,,No
WP_P271/1,043K,17/07/2012,WP_P271_1.XLS,15/08/2012,20/07/2012,F,,GD,GD,GD,GD,GD,GD,GD,GD,1.06,0.59,0.04,0.04,0.04,0.04,0.05,0.05,,,LOW PWM,Negative,No
WP_P271/1,044K,17/07/2012,WP_P271_1.XLS,15/08/2012,20/07/2012,P,,GD,GD,GD,GD,GD,GD,GD,GD,1.64,0.98,0.04,0.04,0.05,0.08,0.04,0.05,,,,Negative,No
WP_P271/1,045K,17/07/2012,WP_P271_1.XLS,15/08/2012,20/07/2012,F,,GD,GD,GD,GD,GD,GD,GD,GD,0.85,0.45,0.05,0.04,0.12,0.12,0.04,0.04,,,LOW PWM,Positive,No
WP_P271/1,046K,17/07/2012,WP_P271_1.XLS,15/08/2012,20/07/2012,P,,GD,GD,GD,GD,GD,GD,GD,GD,1.38,1.03,0.04,0.04,0.07,0.08,0.05,0.05,,,,Negative,No
WP_P271/1,047K,17/07/2012,WP_P271_1.XLS,15/08/2012,20/07/2012,P,,GD,GD,GD,GD,GD,GD,GD,GD,1.44,1.2,0.05,0.05,0.12,0.12,0.04,0.05,,,,Positive,No
WP_P271/1,049B,17/07/2012,WP_P271_1.XLS,15/08/2012,20/07/2012,P,,GD,GD,GD,GD,GD,GD,GD,GD,1.28,1.01,0.04,0.05,0.06,0.05,0.04,0.05,,,,Negative,No
WP_P271/2,042K,17/07/2012,WP_P271_2.XLS,12/09/2012,05/09/2012,F,,GD,GD,GD,GD,GD,GD,GD,GD,0.47,0.35,0.09,0.08,0.1,0.09,0.07,0.12,,,LOW PWM,Negative,No
WP_P272/1,006L,17/07/2012,WP_P272_1.XLS,15/08/2012,20/07/2012,P,,GD,GD,GD,GD,GD,GD,GD,GD,1.81,1.2,0.05,0.05,0.05,0.05,0.04,0.05,,,,Negative,No
WP_P272/1,012L,17/07/2012,WP_P272_1.XLS,15/08/2012,20/07/2012,F,,GD,GD,GD,GD,GD,GD,GD,GD,0.45,0.26,0.05,0.05,0.05,0.05,0.05,0.05,,,LOW PWM,Negative,No
WP_P272/1,013L,17/07/2012,WP_P272_1.XLS,15/08/2012,20/07/2012,P,,GD,GD,GD,GD,GD,GD,GD,GD,1.46,0.9,0.05,0.05,0.35,0.39,0.05,0.05,,,,Positive,No
WP_P272/1,014L,17/07/2012,WP_P272_1.XLS,15/08/2012,20/07/2012,P,,GD,GD,GD,GD,GD,GD,GD,GD,2.02,1.54,0.05,0.05,0.13,0.1,0.05,0.05,,,,Positive,No
WP_P272/1,015L,17/07/2012,WP_P272_1.XLS,15/08/2012,20/07/2012,P,,GD,GD,GD,GD,GD,GD,GD,GD,1.81,1.53,0.06,0.06,0.18,0.16,0.05,0.07,,,,Positive,No
WP_P272/1,017L,17/07/2012,WP_P272_1.XLS,15/08/2012,20/07/2012,,,GD,CL,GD,GD,GD,GD,GD,GD,1.25,,0.06,0.05,0.25,0.22,0.05,0.05,MISSING ODs,,,,No
WP_P272/1,048K,17/07/2012,WP_P272_1.XLS,15/08/2012,20/07/2012,F,,GD,GD,GD,GD,GD,GD,GD,GD,1.14,0.83,0.05,0.05,0.05,0.05,0.05,0.05,,,LOW PWM,Negative,No
WP_P272/1,049K,17/07/2012,WP_P272_1.XLS,15/08/2012,20/07/2012,F,,GD,GD,GD,GD,GD,GD,GD,GD,0.97,0.61,0.05,0.05,0.05,0.05,0.05,0.06,,,LOW PWM,Negative,No
WP_P272/2,017L,17/07/2012,WP_P272_2.XLS,12/09/2012,05/09/2012,F,,GD,GD,GD,GD,GD,GD,GD,GD,0.5,0.42,0.04,0.06,0.13,0.13,0.04,0.04,,,LOW PWM,Positive,No
WP_P273/1,016P,17/07/2012,WP_P273_1.XLS,15/08/2012,20/07/2012,P,,GD,GD,GD,GD,GD,GD,GD,GD,1.73,1.31,0.05,0.06,0.07,0.08,0.08,0.1,,,,Negative,No
WP_P273/1,018N,17/07/2012,WP_P273_1.XLS,15/08/2012,20/07/2012,F,,GD,GD,GD,GD,GD,GD,GD,GD,0.56,0.39,0.05,0.06,0.06,0.06,0.07,0.08,,,LOW PWM,Negative,No
WP_P273/1,020N,17/07/2012,WP_P273_1.XLS,15/08/2012,20/07/2012,P,,GD,GD,GD,GD,GD,GD,GD,GD,1.84,1.28,0.05,0.07,0.61,0.59,0.07,0.11,,,,Positive,No
WP_P273/1,030L,17/07/2012,WP_P273_1.XLS,15/08/2012,20/07/2012,P,,GD,GD,GD,GD,GD,GD,GD,GD,1.38,1,0.06,0.06,0.05,0.05,0.05,0.05,,,,Negative,No
WP_P273/1,031L,17/07/2012,WP_P273_1.XLS,15/08/2012,20/07/2012,P,,GD,GD,GD,GD,GD,GD,GD,GD,1.47,0.98,0.05,0.05,0.05,0.05,0.05,0.05,,,,Negative,No
WP_P273/1,032L,17/07/2012,WP_P273_1.XLS,15/08/2012,20/07/2012,F,,GD,GD,GD,GD,GD,GD,GD,GD,1.01,0.66,0.05,0.05,0.05,0.05,0.05,0.06,,,LOW PWM,Negative,No
WP_P273/1,040L,17/07/2012,WP_P273_1.XLS,15/08/2012,20/07/2012,P,,GD,GD,GD,GD,GD,GD,GD,GD,1.96,1.41,0.05,0.09,0.05,0.05,0.05,0.06,,,,Negative,No
WP_P273/1,041L,17/07/2012,WP_P273_1.XLS,15/08/2012,20/07/2012,P,,GD,GD,GD,GD,GD,GD,GD,GD,1.97,1.19,0.05,0.05,0.05,0.05,0.05,0.07,,,,Negative,No
WP_P274/1,004K,18/07/2012,WP_P274_1.XLS,15/08/2012,20/07/2012,F,,GD,GD,GD,GD,GD,GD,GD,GD,1.04,0.7,0.05,0.05,0.09,0.09,0.05,0.05,,,LOW PWM,Negative,No
WP_P274/1,043W,17/07/2012,WP_P274_1.XLS,15/08/2012,20/07/2012,F,,GD,GD,GD,GD,GD,GD,GD,GD,0.46,0.38,0.05,0.05,0.14,0.13,0.05,0.05,,,LOW PWM,Positive,No
WP_P275/1,008K,13/06/2012,WP_P275_1.XLS,15/08/2012,03/08/2012,,,NS,NS,GD,GD,GD,GD,NS,NS,,,0.06,0.06,0.05,0.05,,,,NO SAMPLE,,,No
WP_P275/1,009K,13/06/2012,WP_P275_1.XLS,15/08/2012,03/08/2012,F,,GD,GD,GD,GD,GD,GD,GD,GD,0.99,0.72,0.05,0.05,0.05,0.05,0.05,0.07,,,LOW PWM,Negative,No
WP_P275/1,010K,13/06/2012,WP_P275_1.XLS,15/08/2012,03/08/2012,F,,GD,GD,GD,GD,GD,GD,GD,GD,1,0.73,0.05,0.05,0.05,0.05,0.05,0.08,,,LOW PWM,Negative,No
WP_P275/1,011K,13/06/2012,WP_P275_1.XLS,15/08/2012,03/08/2012,P,,GD,GD,GD,GD,GD,GD,GD,GD,1.18,0.87,0.05,0.05,0.05,0.06,0.05,0.08,,,,Negative,No
WP_P275/1,012K,13/06/2012,WP_P275_1.XLS,15/08/2012,03/08/2012,P,,GD,GD,GD,GD,GD,GD,GD,GD,1.65,1.27,0.05,0.05,0.05,0.05,0.05,0.07,,,,Negative,No
WP_P275/1,013K,13/06/2012,WP_P275_1.XLS,15/08/2012,03/08/2012,F,,GD,GD,GD,GD,GD,GD,GD,GD,0.54,0.37,0.05,0.08,0.05,0.05,0.05,0.08,,,LOW PWM,Negative,No
WP_P275/1,014K,13/06/2012,WP_P275_1.XLS,15/08/2012,03/08/2012,F,,GD,GD,GD,GD,GD,GD,GD,GD,0.91,0.71,0.05,0.06,0.05,0.05,0.05,0.05,,,LOW PWM,Negative,No
WP_P275/1,015K,13/06/2012,WP_P275_1.XLS,15/08/2012,03/08/2012,P,,GD,GD,GD,GD,GD,GD,GD,GD,1.31,0.97,0.06,0.06,0.05,0.05,0.05,0.06,,,,Negative,No
WP_P276/1,016K,13/06/2012,WP_P276_1.XLS,15/08/2012,03/08/2012,F,,GD,GD,GD,GD,GD,GD,GD,GD,0.92,0.76,0.05,0.05,0.05,0.05,0.05,0.06,,,LOW PWM,Negative,No
WP_P276/1,017K,13/06/2012,WP_P276_1.XLS,15/08/2012,03/08/2012,P,,GD,GD,GD,GD,GD,GD,GD,GD,2.32,2.28,0.05,0.05,0.05,0.05,0.05,0.05,,,,Negative,No
WP_P276/1,018K,13/06/2012,WP_P276_1.XLS,15/08/2012,03/08/2012,F,,GD,GD,GD,GD,GD,GD,GD,GD,0.3,0.22,0.05,0.05,0.05,0.05,0.05,0.05,,,LOW PWM,Negative,No
WP_P276/1,018L,13/06/2012,WP_P276_1.XLS,15/08/2012,03/08/2012,F,,GD,GD,GD,GD,GD,GD,GD,GD,0.8,0.53,0.06,0.07,0.07,0.06,0.06,0.09,,,LOW PWM,Negative,No
WP_P276/1,019K,13/06/2012,WP_P276_1.XLS,15/08/2012,03/08/2012,P,,GD,GD,GD,GD,GD,GD,GD,GD,1.83,1.38,0.05,0.05,0.05,0.05,0.05,0.05,,,,Negative,No
WP_P276/1,020K,13/06/2012,WP_P276_1.XLS,15/08/2012,03/08/2012,F,,GD,GD,GD,GD,GD,GD,GD,GD,0.44,0.34,0.07,0.05,0.05,0.05,0.05,0.06,,,LOW PWM,Negative,No
WP_P276/1,020L,13/06/2012,WP_P276_1.XLS,15/08/2012,03/08/2012,F,,GD,GD,GD,GD,GD,GD,GD,GD,0.99,0.73,0.05,0.05,0.05,0.05,0.05,0.05,,,LOW PWM,Negative,No
WP_P276/1,021L,13/06/2012,WP_P276_1.XLS,15/08/2012,03/08/2012,P,,GD,GD,GD,GD,GD,GD,GD,GD,2.02,1.96,0.06,0.06,0.06,0.06,0.06,0.06,,,,Negative,No
WP_P277/1,003N,13/06/2012,WP_P277_1.XLS,15/08/2012,03/08/2012,P,,GD,GD,GD,GD,GD,GD,GD,GD,1.36,1.13,0.05,0.07,0.27,0.3,0.05,0.06,,,,Positive,No
WP_P277/1,022L,13/06/2012,WP_P277_1.XLS,15/08/2012,03/08/2012,P,,GD,GD,GD,GD,GD,GD,GD,GD,1.85,1.64,0.05,0.05,0.05,0.05,0.05,0.07,,,,Negative,No
WP_P277/1,023L,13/06/2012,WP_P277_1.XLS,15/08/2012,03/08/2012,F,,GD,GD,GD,GD,GD,GD,GD,GD,0.57,0.45,0.05,0.05,0.05,0.05,0.1,0.05,,,LOW PWM,Negative,No
WP_P277/1,024L,13/06/2012,WP_P277_1.XLS,15/08/2012,03/08/2012,P,,GD,GD,GD,GD,GD,GD,GD,GD,1.48,1.04,0.05,0.05,0.05,0.05,0.05,0.05,,,,Negative,No
WP_P277/1,025L,13/06/2012,WP_P277_1.XLS,15/08/2012,03/08/2012,P,,GD,GD,GD,GD,GD,GD,GD,GD,1.18,0.87,0.05,0.05,0.06,0.05,0.05,0.06,,,,Negative,No
WP_P277/1,033L,13/06/2012,WP_P277_1.XLS,15/08/2012,03/08/2012,P,,GD,GD,GD,GD,GD,GD,GD,GD,1.46,1.05,0.05,0.05,0.05,0.05,0.05,0.06,,,,Negative,No
WP_P277/1,035N,13/06/2012,WP_P277_1.XLS,15/08/2012,03/08/2012,F,,GD,GD,GD,GD,GD,GD,GD,GD,0.52,0.46,0.08,0.05,0.06,0.06,0.05,0.05,,,LOW PWM,Negative,No
WP_P277/1,036L,13/06/2012,WP_P277_1.XLS,15/08/2012,03/08/2012,P,,GD,GD,GD,GD,GD,GD,GD,GD,1.89,1.46,0.06,0.08,0.05,0.05,0.06,0.06,,,,Negative,No
WP_P278/1,009P,13/06/2012,WP_P278_1.XLS,15/08/2012,03/08/2012,F,,GD,GD,GD,GD,GD,GD,GD,GD,0.47,0.39,0.06,0.06,0.06,0.07,0.06,0.06,,,LOW PWM,Negative,No
WP_P278/1,011Y,13/06/2012,WP_P278_1.XLS,15/08/2012,03/08/2012,F,,GD,GD,GD,GD,GD,GD,GD,GD,0.62,0.48,0.05,0.05,0.05,0.05,0.05,0.05,,,LOW PWM,Negative,No
WP_P278/1,012P,13/06/2012,WP_P278_1.XLS,15/08/2012,03/08/2012,P,,GD,GD,GD,GD,GD,GD,GD,GD,1.41,1.12,0.05,0.05,0.05,0.05,0.05,0.05,,,,Negative,No
WP_P278/1,015P,13/06/2012,WP_P278_1.XLS,15/08/2012,03/08/2012,P,,GD,GD,GD,GD,GD,GD,GD,GD,1.53,1.19,0.05,0.05,0.06,0.06,0.05,0.06,,,,Negative,No
WP_P278/1,045P,13/06/2012,WP_P278_1.XLS,15/08/2012,03/08/2012,P,,GD,GD,GD,GD,GD,GD,GD,GD,1.96,1.56,0.07,0.07,0.07,0.07,0.06,0.07,,,,Negative,No
WP_P278/1,045R,13/06/2012,WP_P278_1.XLS,15/08/2012,03/08/2012,F,,GD,GD,GD,GD,GD,GD,GD,GD,0.42,0.24,0.05,0.05,0.06,0.06,0.05,0.06,,,LOW PWM,Negative,No
WP_P278/1,055Y,13/06/2012,WP_P278_1.XLS,15/08/2012,03/08/2012,P,,GD,GD,GD,GD,GD,GD,GD,GD,1.41,1.18,0.07,0.08,0.33,0.29,0.05,0.06,,,,Positive,No
WP_P278/1,057Y,13/06/2012,WP_P278_1.XLS,15/08/2012,03/08/2012,F,,GD,GD,GD,GD,GD,GD,GD,GD,0.84,0.72,0.08,0.06,0.06,0.06,0.07,0.07,,,LOW PWM,Negative,No
WP_P279/1,009K,31/07/2012,WP_P279_1.XLS,30/08/2012,03/08/2012,F,,GD,GD,GD,GD,GD,GD,GD,GD,0.79,0.66,0.07,0.06,0.06,0.06,0.06,0.07,,,LOW PWM,Negative,No
WP_P279/1,018L,31/07/2012,WP_P279_1.XLS,30/08/2012,03/08/2012,F,,GD,GD,GD,GD,GD,GD,GD,GD,1.08,0.78,0.05,0.05,0.05,0.05,0.05,0.05,,,LOW PWM,Negative,No
WP_P279/1,019L,31/07/2012,WP_P279_1.XLS,30/08/2012,03/08/2012,F,,GD,GD,GD,GD,GD,GD,GD,GD,1.04,0.72,0.05,0.05,0.05,0.05,0.05,0.06,,,LOW PWM,Negative,No
WP_P279/1,020L,31/07/2012,WP_P279_1.XLS,30/08/2012,03/08/2012,P,,GD,GD,GD,GD,GD,GD,GD,GD,1.39,1.08,0.08,0.05,0.06,0.05,0.05,0.06,,,,Negative,No
WP_P279/1,021L,31/07/2012,WP_P279_1.XLS,30/08/2012,03/08/2012,F,,GD,GD,GD,GD,GD,GD,GD,GD,0.7,0.52,0.07,0.06,0.05,0.05,0.05,0.07,,,LOW PWM,Negative,No
WP_P279/1,023L,31/07/2012,WP_P279_1.XLS,30/08/2012,03/08/2012,P,,GD,GD,GD,GD,GD,GD,GD,GD,1.49,1.36,0.06,0.06,0.06,0.06,0.06,0.06,,,,Negative,No
WP_P279/1,050K,31/07/2012,WP_P279_1.XLS,30/08/2012,03/08/2012,P,,GD,GD,GD,GD,GD,GD,GD,GD,1.85,1.52,0.05,0.05,0.05,0.05,0.05,0.06,,,,Negative,No
WP_P279/1,051K,31/07/2012,WP_P279_1.XLS,30/08/2012,03/08/2012,P,,GD,GD,GD,GD,GD,GD,GD,GD,1.19,0.89,0.05,0.05,0.05,0.05,0.05,0.06,,,,Negative,No
WP_P28/1,017B,28/11/2006,WP_P28_1.XLS,16/04/2007,13/02/2007,P,,GD,GD,GD,GD,GD,GD,GD,GD,2.24,2.27,0.25,0.26,0.27,0.26,0.27,0.29,NIL AVG HIGH,,,,No
WP_P28/1,018B,28/11/2006,WP_P28_1.XLS,16/04/2007,13/02/2007,P,,GD,GD,GD,GD,GD,GD,GD,GD,2.75,2.73,0.25,0.25,0.26,0.24,0.27,0.27,NIL AVG HIGH,,,,No
WP_P28/1,019B,28/11/2006,WP_P28_1.XLS,16/04/2007,13/02/2007,P,,GD,GD,GD,GD,GD,GD,GD,GD,2.08,1.96,0.23,0.23,0.25,0.24,0.26,0.27,NIL AVG HIGH,,,,No
WP_P28/1,021B,28/11/2006,WP_P28_1.XLS,16/04/2007,13/02/2007,P,,GD,GD,GD,GD,GD,GD,GD,GD,2.58,2.55,0.29,0.3,0.32,0.31,0.34,0.34,NIL AVG HIGH,,,,No
WP_P28/1,022B,28/11/2006,WP_P28_1.XLS,16/04/2007,13/02/2007,P,,GD,GD,GD,GD,GD,GD,GD,GD,2.69,2.7,0.24,0.24,0.27,0.26,0.29,0.29,NIL AVG HIGH,,,,No
WP_P28/1,024B,28/11/2006,WP_P28_1.XLS,16/04/2007,13/02/2007,P,,GD,GD,GD,GD,GD,GD,GD,GD,2.41,2.43,0.25,0.24,0.26,0.27,0.29,0.3,NIL AVG HIGH,,,,No
WP_P28/1,035B,28/11/2006,WP_P28_1.XLS,16/04/2007,13/02/2007,P,,GD,GD,GD,GD,GD,GD,GD,GD,2.03,1.92,0.23,0.25,0.25,0.27,0.29,0.3,NIL AVG HIGH,,,,No
WP_P28/1,061B,28/11/2006,WP_P28_1.XLS,16/04/2007,13/02/2007,P,,GD,GD,GD,GD,GD,GD,GD,GD,2.57,2.56,0.23,0.25,0.27,0.27,0.29,0.3,NIL AVG HIGH,,,,No
WP_P28/2,017B,28/11/2006,WP_P28_2.XLS,17/05/2007,17/05/2007,P,,GD,GD,GD,GD,GD,GD,GD,GD,3.16,2.84,0.08,0.06,0.07,0.06,0.06,0.06,,,,Negative,No
WP_P28/2,018B,28/11/2006,WP_P28_2.XLS,17/05/2007,17/05/2007,P,,GD,GD,GD,GD,GD,GD,GD,GD,2.86,2.32,0.06,0.06,0.06,0.06,0.06,0.07,,,,Negative,No
WP_P28/2,019B,28/11/2006,WP_P28_2.XLS,17/05/2007,17/05/2007,P,,GD,GD,GD,GD,GD,GD,GD,GD,2.35,2.54,0.07,0.05,0.05,0.06,0.06,0.06,,,,Negative,No
WP_P28/2,021B,28/11/2006,WP_P28_2.XLS,17/05/2007,17/05/2007,P,,GD,GD,GD,GD,GD,GD,GD,GD,2.52,2.08,0.06,0.07,0.11,0.06,0.09,0.08,,,,Negative,No
WP_P28/2,022B,28/11/2006,WP_P28_2.XLS,17/05/2007,17/05/2007,P,,GD,GD,GD,GD,GD,GD,GD,GD,2.28,2.46,0.06,0.06,0.06,0.05,0.06,0.07,,,,Negative,No
WP_P28/2,024B,28/11/2006,WP_P28_2.XLS,17/05/2007,17/05/2007,P,,GD,GD,GD,GD,GD,GD,GD,GD,2.75,3.07,0.08,0.08,0.07,0.05,0.06,0.07,,,,Negative,No
WP_P28/2,035B,28/11/2006,WP_P28_2.XLS,17/05/2007,17/05/2007,P,,GD,GD,GD,GD,GD,GD,GD,GD,1.73,1.3,0.09,0.17,0.13,0.11,0.07,0.07,,,,Negative,No
WP_P28/2,061B,28/11/2006,WP_P28_2.XLS,17/05/2007,17/05/2007,P,,GD,GD,GD,GD,GD,GD,GD,GD,2.96,2.99,0.07,0.12,0.06,0.17,0.08,0.08,B OUTLIER,,,,No
WP_P280/1,009P,31/07/2012,WP_P280_1.XLS,11/09/2012,03/08/2012,F,,GD,GD,GD,GD,GD,GD,GD,GD,0.64,0.41,0.05,0.06,0.05,0.05,0.05,0.06,,,LOW PWM,Negative,No
WP_P280/1,015P,31/07/2012,WP_P280_1.XLS,11/09/2012,03/08/2012,P,,GD,GD,GD,GD,GD,GD,GD,GD,1.4,0.97,0.05,0.07,0.07,0.06,0.06,0.07,,,,Negative,No
WP_P280/1,033L,31/07/2012,WP_P280_1.XLS,11/09/2012,03/08/2012,F,,GD,GD,GD,GD,GD,GD,GD,GD,0.93,0.69,0.05,0.05,0.05,0.05,0.06,0.06,,,LOW PWM,Negative,No
WP_P280/1,034L,31/07/2012,WP_P280_1.XLS,11/09/2012,03/08/2012,P,,GD,GD,GD,GD,GD,GD,GD,GD,1.2,0.88,0.05,0.05,0.05,0.06,0.06,0.05,,,,Negative,No
WP_P280/1,035L,31/07/2012,WP_P280_1.XLS,11/09/2012,03/08/2012,P,,GD,GD,GD,GD,GD,GD,GD,GD,1.26,0.84,0.05,0.05,0.05,0.05,0.05,0.05,,,,Negative,No
WP_P280/1,035N,31/07/2012,WP_P280_1.XLS,11/09/2012,03/08/2012,P,,GD,GD,GD,GD,GD,GD,GD,GD,1.31,0.97,0.05,0.05,0.06,0.06,0.05,0.07,,,,Negative,No
WP_P280/1,049P,31/07/2012,WP_P280_1.XLS,11/09/2012,03/08/2012,F,,GD,GD,GD,GD,GD,GD,GD,GD,0.47,0.35,0.09,0.06,0.06,0.05,0.05,0.06,,,LOW PWM,Negative,No
WP_P280/1,067P,31/07/2012,WP_P280_1.XLS,11/09/2012,03/08/2012,F,,GD,GD,GD,GD,GD,GD,GD,GD,0.73,0.54,0.06,0.05,0.05,0.05,0.05,0.06,,,LOW PWM,Negative,No
WP_P281/1,012P,01/08/2012,WP_P281_1.XLS,11/09/2012,03/08/2012,P,,GD,GD,GD,GD,GD,GD,GD,GD,2.33,1.93,0.09,0.06,0.06,0.05,0.05,0.06,,,,Negative,No
WP_P281/1,022F,01/08/2012,WP_P281_1.XLS,11/09/2012,03/08/2012,F,,GD,GD,GD,GD,GD,GD,GD,GD,0.68,0.4,0.05,0.05,0.11,0.12,0.05,0.06,,,LOW PWM,Positive,No
WP_P281/1,052K,01/08/2012,WP_P281_1.XLS,11/09/2012,03/08/2012,P,,GD,GD,GD,GD,GD,GD,GD,GD,1.72,1.17,0.05,0.07,0.06,0.08,0.05,0.06,,,,Negative,No
WP_P282/1,013F,14/08/2012,WP_P282_1.XLS,11/09/2012,05/09/2012,F,,GD,GD,GD,GD,GD,GD,GD,GD,0.79,0.63,0.04,0.04,0.05,0.09,0.04,0.04,,,LOW PWM,Negative,No
WP_P282/1,017F,14/08/2012,WP_P282_1.XLS,11/09/2012,05/09/2012,F,,GD,GD,GD,GD,GD,GD,GD,GD,0.83,0.65,0.06,0.04,0.04,0.07,0.05,0.04,,,LOW PWM,Negative,No
WP_P282/1,022B,14/08/2012,WP_P282_1.XLS,11/09/2012,05/09/2012,F,,GD,GD,GD,GD,GD,GD,GD,GD,0.14,0.12,0.04,0.04,0.04,0.04,0.04,0.04,,,LOW PWM,Negative,No
WP_P282/1,024B,14/08/2012,WP_P282_1.XLS,11/09/2012,05/09/2012,F,,GD,GD,GD,GD,GD,GD,GD,GD,0.15,0.13,0.05,0.04,0.05,0.04,0.04,0.04,,,LOW PWM,Negative,No
WP_P282/1,024K,14/08/2012,WP_P282_1.XLS,11/09/2012,05/09/2012,F,,GD,GD,GD,GD,GD,GD,GD,GD,0.51,0.44,0.04,0.04,0.04,0.05,0.07,0.05,,,LOW PWM,Negative,No
WP_P282/1,025F,14/08/2012,WP_P282_1.XLS,11/09/2012,05/09/2012,F,,GD,GD,GD,GD,GD,GD,GD,GD,0.44,0.34,0.04,0.04,0.04,0.05,0.04,0.04,,,LOW PWM,Negative,No
WP_P282/1,033K,14/08/2012,WP_P282_1.XLS,11/09/2012,05/09/2012,F,,GD,GD,GD,GD,GD,GD,GD,GD,0.79,0.74,0.04,0.04,0.04,0.04,0.04,0.05,,,LOW PWM,Negative,No
WP_P282/1,036K,14/08/2012,WP_P282_1.XLS,11/09/2012,05/09/2012,F,,GD,GD,GD,GD,GD,GD,GD,GD,0.66,0.65,0.05,0.05,0.05,0.05,0.06,0.05,,,LOW PWM,Negative,No
WP_P283/1,001P,14/08/2012,WP_P283_1.XLS,11/09/2012,05/09/2012,F,,GD,GD,GD,GD,GD,GD,GD,GD,0.25,0.22,0.04,0.05,0.1,0.1,0.04,0.05,,,LOW PWM,Positive,No
WP_P283/1,005L,14/08/2012,WP_P283_1.XLS,11/09/2012,05/09/2012,F,,GD,GD,GD,GD,GD,GD,GD,GD,0.42,0.32,0.04,0.04,0.04,0.04,0.04,0.04,,,LOW PWM,Negative,No
WP_P283/1,022P,14/08/2012,WP_P283_1.XLS,11/09/2012,05/09/2012,F,,GD,GD,GD,GD,GD,GD,GD,GD,0.1,0.1,0.05,0.04,0.11,0.1,0.04,0.04,,,LOW PWM,Positive,No
WP_P283/1,023N,14/08/2012,WP_P283_1.XLS,11/09/2012,05/09/2012,F,,GD,GD,GD,GD,GD,GD,GD,GD,0.54,0.43,0.04,0.04,0.04,0.04,0.04,0.04,,,LOW PWM,Negative,No
WP_P283/1,029N,14/08/2012,WP_P283_1.XLS,11/09/2012,05/09/2012,F,,GD,GD,GD,GD,GD,GD,GD,GD,0.33,0.29,0.04,0.04,0.04,0.05,0.04,0.04,,,LOW PWM,Negative,No
WP_P283/1,038L,14/08/2012,WP_P283_1.XLS,11/09/2012,05/09/2012,P,,GD,GD,GD,GD,GD,GD,GD,GD,1.8,1.46,0.04,0.04,0.07,0.07,0.04,0.04,,,,Negative,No
WP_P283/1,053K,14/08/2012,WP_P283_1.XLS,11/09/2012,05/09/2012,F,,GD,GD,GD,GD,GD,GD,GD,GD,0.31,0.27,0.04,0.05,0.04,0.04,0.05,0.04,,,LOW PWM,Negative,No
WP_P283/1,054K,14/08/2012,WP_P283_1.XLS,11/09/2012,05/09/2012,F,,GD,GD,GD,GD,GD,GD,GD,GD,0.3,0.26,0.04,0.04,0.04,0.04,0.04,0.04,,,LOW PWM,Negative,No
WP_P284/1,016P,15/08/2012,WP_P284_1.XLS,11/09/2012,05/09/2012,P,,GD,GD,GD,GD,GD,GD,GD,GD,1.82,1.53,0.06,0.05,0.05,0.04,0.05,0.05,,,,Negative,No
WP_P284/1,021K,15/08/2012,WP_P284_1.XLS,11/09/2012,05/09/2012,P,,GD,GD,GD,GD,GD,GD,GD,GD,1.91,1.64,0.05,0.05,0.25,0.26,0.05,0.06,,,,Positive,No
WP_P284/1,028F,15/08/2012,WP_P284_1.XLS,11/09/2012,05/09/2012,F,,GD,GD,GD,GD,GD,GD,GD,GD,0.94,0.74,0.05,0.06,0.05,0.07,0.05,0.05,,,LOW PWM,Negative,No
WP_P284/1,028K,15/08/2012,WP_P284_1.XLS,11/09/2012,05/09/2012,F,,GD,GD,GD,GD,GD,GD,GD,GD,0.63,0.47,0.05,0.05,0.06,0.06,0.05,0.05,,,LOW PWM,Negative,No
WP_P284/1,035B,15/08/2012,WP_P284_1.XLS,11/09/2012,05/09/2012,F,,GD,GD,GD,GD,GD,GD,GD,GD,0.58,0.45,0.05,0.05,0.05,0.06,0.05,0.06,,,LOW PWM,Negative,No
WP_P284/1,058R,15/08/2012,WP_P284_1.XLS,11/09/2012,05/09/2012,F,,GD,GD,GD,GD,GD,GD,GD,GD,0.19,0.16,0.07,0.05,0.6,0.64,0.07,0.05,,,LOW PWM,Positive,No
WP_P284/1,062W,15/08/2012,WP_P284_1.XLS,11/09/2012,05/09/2012,F,,GD,GD,GD,GD,GD,GD,GD,GD,0.68,0.53,0.06,0.05,0.05,0.06,0.08,0.05,,,LOW PWM,Negative,No
WP_P284/1,063W,15/08/2012,WP_P284_1.XLS,11/09/2012,05/09/2012,F,,GD,GD,GD,GD,GD,GD,GD,GD,0.79,0.65,0.05,0.05,0.05,0.06,0.08,0.05,,,LOW PWM,Negative,No
WP_P285/1,010Y,14/08/2012,WP_P285_1.XLS,11/09/2012,05/09/2012,F,,GD,GD,GD,GD,GD,GD,GD,GD,0.4,0.38,0.04,0.04,0.05,0.04,0.04,0.04,,,LOW PWM,Negative,No
WP_P286/1,006L,18/09/2012,WP_P286_1.XLS,14/03/2013,18/10/2012,F,,GD,GD,GD,GD,GD,GD,GD,GD,1.07,0.87,0.05,0.05,0.05,0.05,0.05,0.05,,,LOW PWM,Negative,No
WP_P286/1,009L,18/09/2012,WP_P286_1.XLS,14/03/2013,18/10/2012,F,,GD,GD,GD,GD,GD,GD,GD,GD,0.67,0.45,0.06,0.06,0.12,0.11,0.05,0.07,,,LOW PWM,Positive,No
WP_P286/1,012L,18/09/2012,WP_P286_1.XLS,14/03/2013,18/10/2012,F,,GD,GD,GD,GD,GD,GD,GD,GD,0.26,0.19,0.04,0.04,0.04,0.04,0.04,0.05,,,LOW PWM,Negative,No
WP_P286/1,013L,18/09/2012,WP_P286_1.XLS,14/03/2013,18/10/2012,F,,GD,GD,GD,GD,GD,GD,GD,GD,1.07,0.85,0.04,0.04,0.4,0.41,0.04,0.05,,,LOW PWM,Positive,No
WP_P286/1,015L,18/09/2012,WP_P286_1.XLS,14/03/2013,18/10/2012,P,,GD,GD,GD,GD,GD,GD,GD,GD,1.46,1.07,0.04,0.04,0.24,0.23,0.04,0.05,,,,Positive,No
WP_P286/1,030L,18/09/2012,WP_P286_1.XLS,14/03/2013,18/10/2012,F,,GD,GD,GD,GD,GD,GD,GD,GD,0.73,0.51,0.04,0.04,0.08,0.04,0.04,0.05,,,LOW PWM,Negative,No
WP_P286/1,031L,18/09/2012,WP_P286_1.XLS,14/03/2013,18/10/2012,F,,GD,GD,GD,GD,GD,GD,GD,GD,0.54,0.41,0.04,0.04,0.04,0.04,0.04,0.04,,,LOW PWM,Negative,No
WP_P286/1,040L,18/09/2012,WP_P286_1.XLS,14/03/2013,18/10/2012,F,,GD,GD,GD,GD,GD,GD,GD,GD,0.86,0.71,0.05,0.05,0.05,0.05,0.04,0.06,,,LOW PWM,Negative,No
WP_P287/1,018N,18/09/2012,WP_P287_1.XLS,14/03/2013,18/10/2012,F,,GD,GD,GD,GD,GD,GD,GD,GD,0.61,0.43,0.04,0.05,0.04,0.04,0.04,0.05,,,LOW PWM,Negative,No
WP_P287/1,020N,18/09/2012,WP_P287_1.XLS,14/03/2013,18/10/2012,F,,GD,GD,GD,GD,GD,GD,GD,GD,1.02,0.6,0.15,0.15,0.33,0.34,0.12,0.18,,,LOW PWM,Positive,No
WP_P287/1,041L,18/09/2012,WP_P287_1.XLS,14/03/2013,18/10/2012,F,,GD,GD,GD,GD,GD,GD,GD,GD,0.34,0.27,0.05,0.05,0.05,0.05,0.04,0.05,,,LOW PWM,Negative,No
WP_P287/1,043P,18/09/2012,WP_P287_1.XLS,14/03/2013,18/10/2012,F,,GD,GD,GD,GD,GD,GD,GD,GD,0.64,0.38,0.05,0.05,0.05,0.05,0.04,0.05,,,LOW PWM,Negative,No
WP_P287/1,043W,18/09/2012,WP_P287_1.XLS,14/03/2013,18/10/2012,F,,GD,GD,GD,GD,GD,GD,GD,GD,0.85,0.48,0.04,0.04,0.11,0.11,0.04,0.06,,,LOW PWM,Positive,No
WP_P288/1,010L,19/09/2012,WP_P288_1.XLS,14/03/2013,15/11/2012,P,,GD,GD,GD,GD,GD,GD,GD,GD,2.94,2.92,0.05,0.04,0.07,0.07,0.04,0.06,,,,Negative,No
WP_P288/1,010Y,19/09/2012,WP_P288_1.XLS,14/03/2013,15/11/2012,P,,GD,GD,GD,GD,GD,GD,GD,GD,1.14,0.95,0.04,0.04,0.04,0.04,0.04,0.05,,,,Negative,No
WP_P288/1,016P,19/09/2012,WP_P288_1.XLS,14/03/2013,15/11/2012,F,,GD,GD,GD,GD,GD,GD,GD,GD,1.08,0.8,0.05,0.04,0.05,0.05,0.05,0.06,,,LOW PWM,Negative,No
WP_P288/1,029F,19/09/2012,WP_P288_1.XLS,14/03/2013,15/11/2012,F,,GD,GD,GD,GD,GD,GD,GD,GD,0.8,0.6,0.04,0.04,0.04,0.04,0.04,0.05,,,LOW PWM,Negative,No
WP_P288/1,033K,19/09/2012,WP_P288_1.XLS,14/03/2013,15/11/2012,P,,GD,GD,GD,GD,GD,GD,GD,GD,2.57,2.31,0.04,0.04,0.04,0.04,0.04,0.05,,,,Negative,No
WP_P288/1,049B,19/09/2012,WP_P288_1.XLS,14/03/2013,15/11/2012,P,,GD,GD,GD,GD,GD,GD,GD,GD,1.8,1.46,0.05,0.05,0.05,0.05,0.05,0.05,,,,Negative,No
WP_P288/1,058Y,19/09/2012,WP_P288_1.XLS,14/03/2013,15/11/2012,P,,GD,GD,GD,GD,GD,GD,GD,GD,1.84,1.6,0.05,0.05,0.04,0.05,0.04,0.05,,,,Negative,No
WP_P288/1,062G,19/09/2012,WP_P288_1.XLS,14/03/2013,15/11/2012,F,,GD,GD,GD,GD,GD,GD,GD,GD,0.9,0.66,0.04,0.04,0.04,0.04,0.04,0.05,,,LOW PWM,Negative,No
WP_P289/1,009K,02/10/2012,WP_P289_1.XLS,14/03/2013,15/11/2012,P,,GD,GD,GD,GD,GD,GD,GD,GD,1.96,1.7,0.05,0.05,0.1,0.1,0.04,0.05,,,,Positive,No
WP_P289/1,015P,02/10/2012,WP_P289_1.XLS,14/03/2013,15/11/2012,P,,GD,GD,GD,GD,GD,GD,GD,GD,1.59,1.19,0.04,0.04,0.05,0.04,0.04,0.05,,,,Negative,No
WP_P289/1,021L,02/10/2012,WP_P289_1.XLS,14/03/2013,15/11/2012,P,,GD,GD,GD,GD,GD,GD,GD,GD,1.51,1.15,0.05,0.05,0.06,0.05,0.05,0.06,,,,Negative,No
WP_P289/1,033L,02/10/2012,WP_P289_1.XLS,14/03/2013,15/11/2012,F,,GD,GD,GD,GD,GD,GD,GD,GD,1.12,0.77,0.04,0.04,0.04,0.13,0.04,0.05,B OUTLIER,,LOW PWM,,No
WP_P289/1,035N,02/10/2012,WP_P289_1.XLS,14/03/2013,15/11/2012,F,,GD,GD,GD,GD,GD,GD,GD,GD,0.71,0.52,0.05,0.04,0.05,0.05,0.04,0.05,,,LOW PWM,Negative,No
WP_P289/1,050K,02/10/2012,WP_P289_1.XLS,14/03/2013,15/11/2012,P,,GD,GD,GD,GD,GD,GD,GD,GD,1.47,1.17,0.04,0.04,0.04,0.04,0.05,0.05,,,,Negative,No
WP_P289/1,067P,02/10/2012,WP_P289_1.XLS,14/03/2013,15/11/2012,P,,GD,GD,GD,GD,GD,GD,GD,GD,1.68,1.3,0.04,0.04,0.05,0.04,0.04,0.05,,,,Negative,No
WP_P289/2,033L,02/10/2012,WP_P289_2.XLS,16/05/2013,15/05/2013,,,CL,CL,GD,GD,GD,GD,GD,GD,,,0.04,0.04,0.05,0.05,0.04,0.05,MISSING ODs,,,,No
WP_P29/1,014B,28/11/2006,WP_P29_1.XLS,16/04/2007,13/02/2007,P,,GD,GD,GD,GD,GD,GD,GD,GD,2.49,2.44,0.23,0.23,0.24,0.24,0.26,0.27,NIL AVG HIGH,,,,No
WP_P29/1,020B,28/11/2006,WP_P29_1.XLS,16/04/2007,13/02/2007,P,,GD,GD,GD,GD,GD,GD,GD,GD,2.84,2.8,0.22,0.21,0.22,0.23,0.25,0.26,NIL AVG HIGH,,,,No
WP_P29/1,025B,28/11/2006,WP_P29_1.XLS,16/04/2007,13/02/2007,P,,GD,GD,GD,GD,GD,GD,GD,GD,2.18,2.11,0.21,0.21,0.22,0.23,0.24,0.25,NIL AVG HIGH,,,,No
WP_P29/1,026B,28/11/2006,WP_P29_1.XLS,16/04/2007,13/02/2007,P,,GD,GD,GD,GD,GD,GD,GD,GD,2.97,2.92,0.22,0.22,0.22,0.24,0.25,0.26,NIL AVG HIGH,,,,No
WP_P29/1,030B,28/11/2006,WP_P29_1.XLS,16/04/2007,13/02/2007,P,,GD,GD,GD,GD,GD,GD,GD,GD,2.91,2.82,0.21,0.22,0.23,0.23,0.27,0.26,NIL AVG HIGH,,,,No
WP_P29/1,032B,28/11/2006,WP_P29_1.XLS,16/04/2007,13/02/2007,,,GD,CL,GD,GD,GD,GD,GD,GD,3.01,,0.22,0.23,0.23,0.24,0.27,0.27,MISSING ODs,,,,No
WP_P29/1,057B,28/11/2006,WP_P29_1.XLS,16/04/2007,13/02/2007,P,,GD,GD,GD,GD,GD,GD,GD,GD,2.84,2.71,0.22,0.23,0.41,0.42,0.25,0.28,NIL AVG HIGH,,,,No
WP_P29/1,059B,28/11/2006,WP_P29_1.XLS,16/04/2007,13/02/2007,P,,GD,GD,GD,GD,GD,GD,GD,GD,2.16,2.08,0.23,0.23,0.24,0.4,0.25,0.27,NIL AVG HIGH,,,,No
WP_P29/2,014B,28/11/2006,WP_P29_2.XLS,17/05/2007,17/05/2007,P,,GD,GD,GD,GD,GD,GD,GD,GD,2.69,2.68,0.07,0.06,0.08,0.06,0.07,0.1,,,,Negative,No
WP_P29/2,020B,28/11/2006,WP_P29_2.XLS,17/05/2007,17/05/2007,P,,GD,GD,GD,GD,GD,GD,GD,GD,3.02,2.97,0.05,0.05,0.06,0.06,0.09,0.11,,,,Negative,No
WP_P29/2,025B,28/11/2006,WP_P29_2.XLS,17/05/2007,17/05/2007,P,,GD,GD,GD,GD,GD,GD,GD,GD,2.22,2.47,0.06,0.05,0.06,0.07,0.06,0.06,,,,Negative,No
WP_P29/2,026B,28/11/2006,WP_P29_2.XLS,17/05/2007,17/05/2007,,,GD,IV,GD,GD,GD,GD,GD,GD,2.93,,0.06,0.05,0.06,0.06,0.06,0.07,MISSING ODs,,,,No
WP_P29/2,030B,28/11/2006,WP_P29_2.XLS,17/05/2007,17/05/2007,P,,GD,GD,GD,GD,GD,GD,GD,GD,2.74,2.41,0.06,0.06,0.06,0.05,0.06,0.06,,,,Negative,No
WP_P29/2,032B,28/11/2006,WP_P29_2.XLS,17/05/2007,17/05/2007,,,GD,IV,GD,GD,GD,GD,GD,GD,2.86,,0.05,0.06,0.05,0.05,0.06,0.06,MISSING ODs,,,,No
WP_P29/2,057B,28/11/2006,WP_P29_2.XLS,17/05/2007,17/05/2007,P,,GD,GD,GD,GD,GD,GD,GD,GD,2.88,2.75,0.06,0.06,0.12,0.12,0.07,0.07,,,,Positive,No
WP_P29/2,059B,28/11/2006,WP_P29_2.XLS,17/05/2007,17/05/2007,P,,GD,GD,GD,GD,GD,GD,GD,GD,2.7,2.59,0.06,0.06,0.06,0.05,0.06,0.07,,,,Negative,No
WP_P290/1,005L,16/10/2012,WP_P290_1.XLS,14/03/2013,14/12/2012,F,,GD,GD,GD,GD,GD,GD,GD,GD,0.48,0.26,0.04,0.04,0.05,0.05,0.04,0.04,,,LOW PWM,Negative,No
WP_P290/1,021K,16/10/2012,WP_P290_1.XLS,14/03/2013,14/12/2012,P,,GD,GD,GD,GD,GD,GD,GD,GD,1.41,1.09,0.05,0.06,0.21,0.19,0.04,0.04,,,,Positive,No
WP_P290/1,029N,16/10/2012,WP_P290_1.XLS,14/03/2013,14/12/2012,F,,GD,GD,GD,GD,GD,GD,GD,GD,0.32,0.23,0.04,0.04,0.06,0.05,0.04,0.05,,,LOW PWM,Negative,No
WP_P290/1,030N,16/10/2012,WP_P290_1.XLS,14/03/2013,14/12/2012,F,,GD,GD,GD,GD,GD,GD,GD,GD,0.73,0.63,0.05,0.05,0.29,0.25,0.05,0.05,,,LOW PWM,Positive,No
WP_P290/1,033K,16/10/2012,WP_P290_1.XLS,14/03/2013,14/12/2012,F,,GD,GD,GD,GD,GD,GD,GD,GD,1.16,0.8,0.04,0.04,0.04,0.04,0.04,0.05,,,LOW PWM,Negative,No
WP_P290/1,038L,16/10/2012,WP_P290_1.XLS,14/03/2013,14/12/2012,P,,GD,GD,GD,GD,GD,GD,GD,GD,1.33,0.91,0.04,0.04,0.05,0.07,0.04,0.04,,,,Negative,No
WP_P290/1,039K,16/10/2012,WP_P290_1.XLS,14/03/2013,14/12/2012,F,,GD,GD,GD,GD,GD,GD,GD,GD,1.14,0.74,0.04,0.04,0.11,0.12,0.04,0.04,,,LOW PWM,Positive,No
WP_P290/1,054K,16/10/2012,WP_P290_1.XLS,14/03/2013,14/12/2012,F,,GD,GD,GD,GD,GD,GD,GD,GD,0.34,0.21,0.04,0.04,0.04,0.05,0.04,0.04,,,LOW PWM,Negative,No
WP_P291/1,001P,16/10/2012,WP_P291_1.XLS,14/03/2013,14/12/2012,F,,GD,GD,GD,GD,GD,GD,GD,GD,0.35,0.27,0.05,0.05,0.07,0.07,0.05,0.05,,,LOW PWM,Negative,No
WP_P291/1,024P,16/10/2012,WP_P291_1.XLS,14/03/2013,14/12/2012,F,,GD,GD,GD,GD,GD,GD,GD,GD,0.26,0.17,0.04,0.04,0.08,0.08,0.04,0.04,,,LOW PWM,Negative,No
WP_P291/1,066R,16/10/2012,WP_P291_1.XLS,14/03/2013,14/12/2012,F,,GD,GD,GD,GD,GD,GD,GD,GD,0.73,0.48,0.04,0.04,0.05,0.05,0.04,0.05,,,LOW PWM,Negative,No
WP_P292/1,009K,11/12/2012,WP_P292_1.XLS,16/05/2013,15/05/2013,P,,GD,GD,GD,GD,GD,GD,GD,GD,1.62,1.28,0.07,0.06,0.1,0.11,0.06,0.06,,,,Negative,No
WP_P292/1,009P,11/12/2012,WP_P292_1.XLS,16/05/2013,15/05/2013,F,,GD,GD,GD,GD,GD,GD,GD,GD,0.57,0.44,0.05,0.05,0.05,0.06,0.04,0.05,,,LOW PWM,Negative,No
WP_P292/1,021L,11/12/2012,WP_P292_1.XLS,16/05/2013,15/05/2013,F,,GD,GD,GD,GD,GD,GD,GD,GD,1,0.76,0.05,0.05,0.05,0.05,0.05,0.05,,,LOW PWM,Negative,No
WP_P292/1,033L,11/12/2012,WP_P292_1.XLS,16/05/2013,15/05/2013,F,,GD,GD,GD,GD,GD,GD,GD,GD,0.71,0.55,0.05,0.13,0.09,0.04,0.05,0.05,B & A,,LOW PWM,,No
WP_P292/1,034Y,11/12/2012,WP_P292_1.XLS,16/05/2013,15/05/2013,F,,GD,GD,GD,GD,GD,GD,GD,GD,0.53,0.39,0.07,0.08,0.06,0.06,0.05,0.06,,,LOW PWM,Negative,No
WP_P292/1,035L,11/12/2012,WP_P292_1.XLS,16/05/2013,15/05/2013,P,,GD,GD,GD,GD,GD,GD,GD,GD,1.14,0.91,0.04,0.05,0.05,0.05,0.05,0.05,,,,Negative,No
WP_P292/1,035N,11/12/2012,WP_P292_1.XLS,16/05/2013,15/05/2013,F,,GD,GD,GD,GD,GD,GD,GD,GD,0.41,0.3,0.05,0.05,0.06,0.05,0.05,0.06,,,LOW PWM,Negative,No
WP_P293/1,018L,12/12/2012,WP_P293_1.XLS,16/05/2013,15/05/2013,F,,GD,GD,GD,GD,GD,GD,GD,GD,0.38,0.26,0.04,0.05,0.05,0.04,0.04,0.05,,,LOW PWM,Negative,No
WP_P293/1,051K,12/12/2012,WP_P293_1.XLS,16/05/2013,15/05/2013,F,,GD,GD,GD,GD,GD,GD,GD,GD,0.75,0.58,0.05,0.05,0.05,0.05,0.04,0.05,,,LOW PWM,Negative,No
WP_P294/1,028K,15/01/2013,WP_P294_1.XLS,19/06/2013,16/05/2013,F,,GD,GD,GD,GD,GD,GD,GD,GD,0.82,0.67,0.05,0.05,0.05,0.05,0.04,0.05,,,LOW PWM,Negative,No
WP_P294/1,029N,15/01/2013,WP_P294_1.XLS,19/06/2013,16/05/2013,F,,GD,GD,GD,GD,GD,GD,GD,GD,0.78,0.63,0.04,0.04,0.06,0.04,0.04,0.05,,,LOW PWM,Negative,No
WP_P294/1,033K,15/01/2013,WP_P294_1.XLS,19/06/2013,16/05/2013,F,,GD,GD,GD,GD,GD,GD,GD,GD,1.08,0.86,0.04,0.04,0.04,0.04,0.04,0.05,,,LOW PWM,Negative,No
WP_P294/1,036K,15/01/2013,WP_P294_1.XLS,19/06/2013,16/05/2013,P,,GD,GD,GD,GD,GD,GD,GD,GD,1.65,1.32,0.04,0.04,0.04,0.04,0.04,0.05,,,,Negative,No
WP_P294/1,039K,15/01/2013,WP_P294_1.XLS,19/06/2013,16/05/2013,P,,GD,GD,GD,GD,GD,GD,GD,GD,2.31,2.35,0.04,0.04,0.19,0.19,0.04,0.05,,,,Positive,No
WP_P294/1,053K,15/01/2013,WP_P294_1.XLS,19/06/2013,16/05/2013,F,,GD,GD,GD,GD,GD,GD,GD,GD,1.02,0.75,0.05,0.05,0.05,0.05,0.05,0.06,,,LOW PWM,Negative,No
WP_P294/1,054K,15/01/2013,WP_P294_1.XLS,19/06/2013,16/05/2013,P,,GD,GD,GD,GD,GD,GD,GD,GD,1.17,0.88,0.04,0.05,0.04,0.04,0.04,0.05,,,,Negative,No
WP_P295/1,028F,16/01/2013,WP_P295_1.XLS,19/06/2013,16/05/2013,F,,GD,GD,GD,GD,GD,GD,GD,GD,0.63,0.82,0.05,0.04,0.05,0.05,0.05,0.05,,,LOW PWM,Negative,No
WP_P295/1,031L,29/01/2013,WP_P295_1.XLS,19/06/2013,16/05/2013,F,,GD,GD,GD,GD,GD,GD,GD,GD,0.71,0.52,0.04,0.04,0.04,0.04,0.04,0.05,,,LOW PWM,Negative,No
WP_P295/1,032L,29/01/2013,WP_P295_1.XLS,19/06/2013,16/05/2013,F,,GD,GD,GD,GD,GD,GD,GD,GD,0.95,0.75,0.04,0.04,0.04,0.04,0.04,0.05,,,LOW PWM,Negative,No
WP_P295/1,040L,29/01/2013,WP_P295_1.XLS,19/06/2013,16/05/2013,P,,GD,GD,GD,GD,GD,GD,GD,GD,1.67,0.96,0.04,0.04,0.04,0.04,0.04,0.05,,,,Negative,No
WP_P296/1,006L,21/05/2013,WP_P296_1.XLS,30/01/2014,24/07/2013,P,,GD,GD,GD,GD,GD,GD,GD,GD,2.3,2.13,0.06,0.06,0.28,0.27,0.06,0.07,,,,Positive,No
WP_P296/1,008L,21/05/2013,WP_P296_1.XLS,30/01/2014,24/07/2013,F,,GD,GD,GD,GD,GD,GD,GD,GD,0.43,0.34,0.05,0.05,0.09,0.11,0.06,0.08,,,LOW PWM,Positive,No
WP_P296/1,009K,21/05/2013,WP_P296_1.XLS,30/01/2014,24/07/2013,P,,GD,GD,GD,GD,GD,GD,GD,GD,1.83,1.39,0.08,0.05,0.24,0.2,0.06,0.09,,,,Positive,No
WP_P296/1,012L,21/05/2013,WP_P296_1.XLS,30/01/2014,24/07/2013,P,,GD,GD,GD,GD,GD,GD,GD,GD,1.61,1.32,0.05,0.05,0.05,0.05,0.06,0.07,,,,Negative,No
WP_P296/1,030L,21/05/2013,WP_P296_1.XLS,30/01/2014,24/07/2013,F,,GD,GD,GD,GD,GD,GD,GD,GD,0.91,0.7,0.05,0.05,0.05,0.05,0.06,0.06,,,LOW PWM,Negative,No
WP_P296/1,034L,21/05/2013,WP_P296_1.XLS,30/01/2014,24/07/2013,F,,GD,GD,GD,GD,GD,GD,GD,GD,0.39,0.27,0.05,0.05,0.06,0.06,0.05,0.07,,,LOW PWM,Negative,No
WP_P296/1,041L,21/05/2013,WP_P296_1.XLS,30/01/2014,24/07/2013,P,,GD,GD,GD,GD,GD,GD,GD,GD,1.07,0.97,0.06,0.06,0.06,0.06,0.06,0.08,,,,Negative,No
WP_P296/1,058Y,21/05/2013,WP_P296_1.XLS,30/01/2014,24/07/2013,P,,GD,GD,GD,GD,GD,GD,GD,GD,2.11,1.67,0.05,0.05,0.06,0.05,0.06,0.07,,,,Negative,No
WP_P297/1,001E,21/05/2013,WP_P297_1.XLS,30/01/2014,24/07/2013,P,,GD,GD,GD,GD,GD,GD,GD,GD,2.09,1.8,0.05,0.05,0.68,0.7,0.04,0.06,,,,Positive,No
WP_P297/1,040L,21/05/2013,WP_P297_1.XLS,30/01/2014,24/07/2013,P,,GD,GD,GD,GD,GD,GD,GD,GD,1.38,1.11,0.06,0.06,0.14,0.12,0.06,0.06,,,,Positive,No
WP_P298/1,003E,22/05/2013,WP_P298_1.XLS,30/01/2014,24/07/2013,F,,GD,GD,GD,GD,GD,GD,GD,GD,1.04,0.44,0.04,0.04,0.04,0.04,0.04,0.05,,,LOW PWM,Negative,No
WP_P298/1,031L,22/05/2013,WP_P298_1.XLS,30/01/2014,24/07/2013,F,,GD,GD,GD,GD,GD,GD,GD,GD,1.01,0.61,0.04,0.05,0.04,0.04,0.04,0.05,,,LOW PWM,Negative,No
WP_P298/1,043W,22/05/2013,WP_P298_1.XLS,30/01/2014,24/07/2013,P,,GD,GD,GD,GD,GD,GD,GD,GD,1.29,0.82,0.04,0.04,0.21,0.19,0.04,0.05,,,,Positive,No
WP_P298/1,045B,22/05/2013,WP_P298_1.XLS,30/01/2014,24/07/2013,F,,GD,GD,GD,GD,GD,GD,GD,GD,0.25,0.19,0.05,0.06,0.05,0.05,0.05,0.05,,,LOW PWM,Negative,No
WP_P299/1,004E,04/06/2013,WP_P299_1.XLS,30/01/2014,24/07/2013,P,,GD,GD,GD,GD,GD,GD,GD,GD,2.76,2.58,0.06,0.06,0.06,0.06,0.02,0.07,,,,Negative,No
WP_P299/1,005E,04/06/2013,WP_P299_1.XLS,30/01/2014,24/07/2013,F,,GD,GD,GD,GD,GD,GD,GD,GD,0.83,0.6,0.05,0.05,0.06,0.05,0.02,0.08,,,LOW PWM,Negative,No
WP_P299/1,006E,04/06/2013,WP_P299_1.XLS,30/01/2014,24/07/2013,P,,GD,GD,GD,GD,GD,GD,GD,GD,1.15,0.9,0.05,0.05,0.05,0.05,0.03,0.07,,,,Negative,No
WP_P299/1,007E,04/06/2013,WP_P299_1.XLS,30/01/2014,24/07/2013,P,,GD,GD,GD,GD,GD,GD,GD,GD,2.38,2.14,0.06,0.06,0.07,0.06,0.03,0.09,,,,Negative,No
WP_P299/1,018L,04/06/2013,WP_P299_1.XLS,30/01/2014,24/07/2013,F,,GD,GD,GD,GD,GD,GD,GD,GD,0.91,0.7,0.06,0.06,0.06,0.06,0.03,0.08,,,LOW PWM,Negative,No
WP_P299/1,020L,04/06/2013,WP_P299_1.XLS,30/01/2014,24/07/2013,P,,GD,GD,GD,GD,GD,GD,GD,GD,1.28,0.9,0.05,0.05,0.05,0.05,0.02,0.09,,,,Negative,No
WP_P299/1,050K,04/06/2013,WP_P299_1.XLS,30/01/2014,24/07/2013,F,,GD,GD,GD,GD,GD,GD,GD,GD,0.63,0.46,0.05,0.05,0.05,0.05,0.02,0.08,,,LOW PWM,Negative,No
WP_P299/1,067P,04/06/2013,WP_P299_1.XLS,30/01/2014,24/07/2013,F,,GD,GD,GD,GD,GD,GD,GD,GD,0.87,0.59,0.05,0.05,0.06,0.05,0.03,0.08,,,LOW PWM,Negative,No
WP_P3/1,030W,18/07/2006,WP_P3_1.XLS,16/04/2007,23/01/2007,P,,GD,GD,GD,GD,GD,GD,GD,GD,2.41,2.63,0.24,0.23,0.24,0.23,0.23,0.23,NIL AVG HIGH,,,,No
WP_P3/1,046B,18/07/2006,WP_P3_1.XLS,16/04/2007,23/01/2007,P,,GD,GD,GD,GD,GD,GD,GD,GD,2.82,2.73,0.26,0.24,0.25,0.25,0.24,0.26,NIL AVG HIGH,,,,No
WP_P3/1,047B,18/07/2006,WP_P3_1.XLS,16/04/2007,23/01/2007,P,,GD,GD,GD,GD,GD,GD,GD,GD,1.82,1.75,0.23,0.22,0.23,0.23,0.21,0.26,NIL AVG HIGH,,,,No
WP_P3/1,048B,18/07/2006,WP_P3_1.XLS,16/04/2007,23/01/2007,P,,GD,GD,GD,GD,GD,GD,GD,GD,2.77,2.76,0.22,0.23,0.33,0.26,0.23,0.24,NIL AVG HIGH,,,,No
WP_P3/1,082W,18/07/2006,WP_P3_1.XLS,16/04/2007,23/01/2007,P,,GD,GD,GD,GD,GD,GD,GD,GD,2.68,2.56,0.23,0.21,0.2,0.2,0.2,0.39,NIL AVG HIGH,,,,No
WP_P3/1,101W,18/07/2006,WP_P3_1.XLS,16/04/2007,23/01/2007,P,,GD,GD,GD,GD,GD,GD,GD,GD,2,1.79,0.24,0.22,0.22,0.2,0.22,0.23,,,,Negative,No
WP_P3/1,I008,18/07/2006,WP_P3_1.XLS,16/04/2007,23/01/2007,P,,GD,GD,GD,GD,GD,GD,GD,GD,2.72,2.66,0.27,0.24,1.28,1.21,0.24,0.24,NIL AVG HIGH,,,,No
WP_P3/1,I045,18/07/2006,WP_P3_1.XLS,16/04/2007,23/01/2007,P,,GD,GD,GD,GD,GD,GD,GD,GD,2.51,2.35,0.26,0.23,0.69,0.67,0.23,0.25,NIL AVG HIGH,,,,No
WP_P3/2,030W,18/07/2006,WP_P3_2.XLS,14/05/2007,04/05/2007,P,,GD,GD,GD,GD,GD,GD,GD,GD,2.6,3.05,0.13,0.13,0.13,0.13,0.16,0.22,,,,Negative,No
WP_P3/2,046B,18/07/2006,WP_P3_2.XLS,14/05/2007,04/05/2007,P,,GD,GD,GD,GD,GD,GD,GD,GD,3.05,3.07,0.2,0.2,0.17,0.18,0.18,0.22,,,,Negative,No
WP_P3/2,047B,18/07/2006,WP_P3_2.XLS,14/05/2007,04/05/2007,F,,GD,GD,GD,GD,GD,GD,GD,GD,1,0.78,0.14,0.13,0.11,0.18,0.15,0.2,,,LOW PWM,Negative,No
WP_P3/2,048B,18/07/2006,WP_P3_2.XLS,14/05/2007,04/05/2007,P,,GD,GD,GD,GD,GD,GD,GD,GD,2.89,2.77,0.13,0.12,0.12,0.11,0.15,0.21,,,,Negative,No
WP_P3/2,082W,18/07/2006,WP_P3_2.XLS,14/05/2007,04/05/2007,F,,GD,GD,GD,GD,GD,GD,GD,GD,0.95,0.63,0.4,0.38,0.25,0.23,0.5,0.74,NIL AVG HIGH,,,,No
WP_P3/2,101W,18/07/2006,WP_P3_2.XLS,14/05/2007,04/05/2007,P,,GD,GD,GD,GD,GD,GD,GD,GD,2.85,2.46,0.13,0.13,0.12,0.17,0.16,0.23,,,,Negative,No
WP_P3/2,I008,18/07/2006,WP_P3_2.XLS,14/05/2007,04/05/2007,P,,GD,GD,GD,GD,GD,GD,GD,GD,2.18,1.43,0.13,0.14,0.12,0.14,0.19,0.22,,,,Negative,No
WP_P3/2,I045,18/07/2006,WP_P3_2.XLS,14/05/2007,04/05/2007,P,,GD,GD,GD,GD,GD,GD,GD,GD,2.79,2.52,0.14,0.15,0.14,0.12,0.15,0.19,,,,Negative,No
WP_P30/1,016B,29/11/2006,WP_P30_1.XLS,16/04/2007,13/02/2007,P,,GD,GD,GD,GD,GD,GD,GD,GD,2.97,2.98,0.19,0.19,0.21,0.2,0.21,0.22,,,,Negative,No
WP_P30/1,035G,29/11/2006,WP_P30_1.XLS,16/04/2007,13/02/2007,P,,GD,GD,GD,GD,GD,GD,GD,GD,2.21,1.95,0.22,0.22,0.37,0.36,0.24,0.25,NIL AVG HIGH,,,,No
WP_P30/1,060B,28/11/2006,WP_P30_1.XLS,16/04/2007,13/02/2007,P,,GD,GD,GD,GD,GD,GD,GD,GD,2.4,2.33,0.19,0.19,0.19,0.19,0.2,0.21,,,,Negative,No
WP_P30/1,062B,28/11/2006,WP_P30_1.XLS,16/04/2007,13/02/2007,P,,GD,GD,GD,GD,GD,GD,GD,GD,2.25,2.44,0.19,0.19,0.19,0.19,0.21,0.23,,,,Negative,No
WP_P30/1,067B,29/11/2006,WP_P30_1.XLS,16/04/2007,13/02/2007,F,,GD,GD,GD,GD,GD,GD,GD,GD,0.67,0.48,0.24,0.24,0.23,0.25,0.26,0.29,NIL AVG HIGH,,,,No
WP_P30/2,035G,29/11/2006,WP_P30_2.XLS,17/05/2007,17/05/2007,P,,GD,GD,GD,GD,GD,GD,GD,GD,1.67,0.98,0.05,0.05,0.09,0.09,0.05,0.06,,,,Negative,No
WP_P30/2,067B,29/11/2006,WP_P30_2.XLS,17/05/2007,17/05/2007,F,,GD,GD,GD,GD,GD,GD,GD,GD,0.44,0.31,0.11,0.08,0.06,0.06,0.07,0.07,,,LOW PWM,Negative,No
WP_P300/1,008E,04/06/2013,WP_P300_1.XLS,30/01/2014,24/07/2013,P,,GD,GD,GD,GD,GD,GD,GD,GD,1.25,0.8,0.04,0.04,0.05,0.05,0.04,0.06,,,,Negative,No
WP_P300/1,009E,04/06/2013,WP_P300_1.XLS,30/01/2014,24/07/2013,P,,GD,GD,GD,GD,GD,GD,GD,GD,1.3,0.86,0.04,0.05,0.05,0.05,0.04,0.05,,,,Negative,No
WP_P300/1,009P,04/06/2013,WP_P300_1.XLS,30/01/2014,24/07/2013,F,,GD,GD,GD,GD,GD,GD,GD,GD,0.33,0.21,0.05,0.05,0.05,0.05,0.04,0.05,,,LOW PWM,Negative,No
WP_P300/1,010E,04/06/2013,WP_P300_1.XLS,30/01/2014,24/07/2013,P,,GD,GD,GD,GD,GD,GD,GD,GD,1.17,0.85,0.05,0.05,0.05,0.06,0.04,0.06,,,,Negative,No
WP_P300/1,012P,04/06/2013,WP_P300_1.XLS,30/01/2014,24/07/2013,F,,GD,GD,GD,GD,GD,GD,GD,GD,1.01,0.61,0.05,0.05,0.05,0.04,0.04,0.05,,,LOW PWM,Negative,No
WP_P300/1,015P,04/06/2013,WP_P300_1.XLS,30/01/2014,24/07/2013,F,,GD,GD,GD,GD,GD,GD,GD,GD,0.64,0.42,0.05,0.05,0.05,0.05,0.05,0.05,,,LOW PWM,Negative,No
WP_P300/1,049P,04/06/2013,WP_P300_1.XLS,30/01/2014,24/07/2013,F,,GD,GD,GD,GD,GD,GD,GD,GD,0.55,0.35,0.05,0.05,0.05,0.05,0.05,0.06,,,LOW PWM,Negative,No
WP_P300/1,057Y,04/06/2013,WP_P300_1.XLS,30/01/2014,24/07/2013,F,,GD,GD,GD,GD,GD,GD,GD,GD,0.42,0.29,0.07,0.06,0.07,0.07,0.06,0.07,,,LOW PWM,Negative,No
WP_P301/1,011E,04/06/2013,WP_P301_1.XLS,30/01/2014,24/07/2013,P,,GD,GD,GD,GD,GD,GD,GD,GD,1.58,1.02,0.04,0.05,0.04,0.04,0.04,0.05,,,,Negative,No
WP_P301/1,012E,04/06/2013,WP_P301_1.XLS,30/01/2014,24/07/2013,F,,GD,GD,GD,GD,GD,GD,GD,GD,0.91,0.57,0.05,0.05,0.05,0.05,0.05,0.05,,,LOW PWM,Negative,No
WP_P301/1,013E,04/06/2013,WP_P301_1.XLS,30/01/2014,24/07/2013,P,,GD,GD,GD,GD,GD,GD,GD,GD,1.64,1.16,0.04,0.04,0.06,0.05,0.04,0.05,,,,Negative,No
WP_P301/1,014E,04/06/2013,WP_P301_1.XLS,30/01/2014,24/07/2013,F,,GD,GD,GD,GD,GD,GD,GD,GD,0.7,0.57,0.05,0.05,0.05,0.05,0.05,0.06,,,LOW PWM,Negative,No
WP_P301/1,022F,04/06/2013,WP_P301_1.XLS,30/01/2014,24/07/2013,F,,GD,GD,GD,GD,GD,GD,GD,GD,0.16,0.13,0.06,0.06,0.51,0.47,0.05,0.06,,,LOW PWM,Positive,No
WP_P301/1,033L,04/06/2013,WP_P301_1.XLS,30/01/2014,24/07/2013,F,,GD,GD,GD,GD,GD,GD,GD,GD,0.61,0.34,0.05,0.05,0.05,0.05,0.04,0.05,,,LOW PWM,Negative,No
WP_P301/1,035N,04/06/2013,WP_P301_1.XLS,30/01/2014,24/07/2013,F,,GD,GD,GD,GD,GD,GD,GD,GD,0.62,0.32,0.05,0.05,0.05,0.05,0.05,0.07,,,LOW PWM,Negative,No
WP_P301/1,051K,04/06/2013,WP_P301_1.XLS,30/01/2014,24/07/2013,F,,GD,GD,GD,GD,GD,GD,GD,GD,0.52,0.28,0.05,0.04,0.04,0.04,0.05,0.05,,,LOW PWM,Negative,No
WP_P302/1,001P,05/06/2013,WP_P302_1.XLS,04/02/2014,24/07/2013,F,,GD,GD,GD,GD,GD,GD,GD,GD,0.21,0.14,0.06,0.05,0.18,0.18,0.05,0.07,,,LOW PWM,Positive,No
WP_P302/1,007F,05/06/2013,WP_P302_1.XLS,04/02/2014,24/07/2013,F,,GD,GD,GD,GD,GD,GD,GD,GD,0.77,0.49,0.05,0.05,0.13,0.32,0.05,0.06,,,LOW PWM,Positive,No
WP_P302/1,009K,05/06/2013,WP_P302_1.XLS,04/02/2014,24/07/2013,F,,GD,GD,GD,GD,GD,GD,GD,GD,0.88,0.53,0.04,0.05,0.15,0.14,0.04,0.05,,,LOW PWM,Positive,No
WP_P302/1,015E,05/06/2013,WP_P302_1.XLS,04/02/2014,24/07/2013,F,,GD,GD,GD,GD,GD,GD,GD,GD,0.79,0.6,0.05,0.05,0.14,0.13,0.05,0.06,,,LOW PWM,Positive,No
WP_P302/1,016E,05/06/2013,WP_P302_1.XLS,04/02/2014,24/07/2013,F,,GD,GD,GD,GD,GD,GD,GD,GD,0.05,0.04,0.04,0.04,0.05,0.05,0.04,0.04,,,LOW PWM,Negative,No
WP_P302/1,017E,05/06/2013,WP_P302_1.XLS,04/02/2014,24/07/2013,P,,GD,GD,GD,GD,GD,GD,GD,GD,2.11,1.62,0.05,0.05,0.05,0.04,0.06,0.06,,,,Negative,No
WP_P302/1,052K,05/06/2013,WP_P302_1.XLS,04/02/2014,24/07/2013,F,,GD,GD,GD,GD,GD,GD,GD,GD,0.71,0.47,0.05,0.05,0.05,0.05,0.05,0.05,,,LOW PWM,Negative,No
WP_P303/1,016P,18/06/2013,WP_P303_1.XLS,30/01/2014,25/07/2013,F,,GD,GD,GD,GD,GD,GD,GD,GD,0.23,0.2,0.07,0.06,0.07,0.06,0.06,0.06,,,LOW PWM,Negative,No
WP_P303/1,018E,18/06/2013,WP_P303_1.XLS,30/01/2014,25/07/2013,F,,GD,GD,GD,GD,GD,GD,GD,GD,0.26,0.19,0.05,0.05,0.05,0.05,0.04,0.05,,,LOW PWM,Negative,No
WP_P303/1,024B,18/06/2013,WP_P303_1.XLS,30/01/2014,25/07/2013,F,,GD,GD,GD,GD,GD,GD,GD,GD,0.35,0.21,0.05,0.05,0.05,0.05,0.05,0.05,,,LOW PWM,Negative,No
WP_P303/1,026F,18/06/2013,WP_P303_1.XLS,30/01/2014,25/07/2013,F,,GD,GD,GD,GD,GD,GD,GD,GD,0.14,0.1,0.07,0.07,0.06,0.05,0.06,0.07,,,LOW PWM,Negative,No
WP_P303/1,032N,18/06/2013,WP_P303_1.XLS,30/01/2014,25/07/2013,F,,GD,GD,GD,GD,GD,GD,GD,GD,0.17,0.11,0.05,0.05,0.04,0.04,0.04,0.05,,,LOW PWM,Negative,No
WP_P303/1,039K,18/06/2013,WP_P303_1.XLS,30/01/2014,25/07/2013,F,,GD,GD,GD,GD,GD,GD,GD,GD,0.93,0.68,0.05,0.05,0.1,0.08,0.04,0.05,,,LOW PWM,Negative,No
WP_P303/1,063Y,18/06/2013,WP_P303_1.XLS,30/01/2014,25/07/2013,F,,GD,GD,GD,GD,GD,GD,GD,GD,0.35,0.23,0.05,0.05,0.09,0.09,0.04,0.06,,,LOW PWM,Negative,No
WP_P303/1,070P,18/06/2013,WP_P303_1.XLS,30/01/2014,25/07/2013,F,,GD,GD,GD,GD,GD,GD,GD,GD,0.28,0.16,0.04,0.04,0.05,0.05,0.04,0.05,,,LOW PWM,Negative,No
WP_P304/1,002K,18/06/2013,WP_P304_1.XLS,30/01/2014,25/07/2013,F,,GD,GD,GD,GD,GD,GD,GD,GD,0.3,0.23,0.05,0.05,0.05,0.04,0.05,0.05,,,LOW PWM,Negative,No
WP_P304/1,005L,18/06/2013,WP_P304_1.XLS,30/01/2014,25/07/2013,F,,GD,GD,GD,GD,GD,GD,GD,GD,0.61,0.36,0.05,0.05,0.05,0.05,0.05,0.05,,,LOW PWM,Negative,No
WP_P304/1,019E,18/06/2013,WP_P304_1.XLS,30/01/2014,25/07/2013,F,,GD,GD,GD,GD,GD,GD,GD,GD,0.41,0.31,0.04,0.04,0.04,0.04,0.04,0.03,,,LOW PWM,Negative,No
WP_P304/1,020E,18/06/2013,WP_P304_1.XLS,30/01/2014,25/07/2013,F,,GD,GD,GD,GD,GD,GD,GD,GD,0.57,0.47,0.05,0.05,0.05,0.05,0.05,0.05,,,LOW PWM,Negative,No
WP_P304/1,030N,18/06/2013,WP_P304_1.XLS,30/01/2014,25/07/2013,F,,GD,GD,GD,GD,GD,GD,GD,GD,0.49,0.32,0.05,0.06,0.64,0.23,0.04,0.06,,,LOW PWM,Positive,No
WP_P304/1,033K,18/06/2013,WP_P304_1.XLS,30/01/2014,25/07/2013,F,,GD,GD,GD,GD,GD,GD,GD,GD,0.58,0.38,0.04,0.04,0.04,0.04,0.04,0.05,,,LOW PWM,Negative,No
WP_P304/1,039N,18/06/2013,WP_P304_1.XLS,30/01/2014,25/07/2013,F,,GD,GD,GD,GD,GD,GD,GD,GD,0.19,0.13,0.05,0.05,0.05,0.05,0.05,0.05,,,LOW PWM,Negative,No
WP_P304/1,054K,18/06/2013,WP_P304_1.XLS,30/01/2014,25/07/2013,F,,GD,GD,GD,GD,GD,GD,GD,GD,0.4,0.24,0.05,0.04,0.04,0.05,0.05,0.06,,,LOW PWM,Negative,No
WP_P305/1,021E,18/06/2013,WP_P305_1.XLS,03/02/2014,25/07/2013,F,,GD,GD,GD,GD,GD,GD,GD,GD,0.57,0.36,0.05,0.05,0.05,0.05,0.04,0.06,,,LOW PWM,Negative,No
WP_P305/1,022E,18/06/2013,WP_P305_1.XLS,03/02/2014,25/07/2013,F,,GD,GD,GD,GD,GD,GD,GD,GD,0.19,0.11,0.05,0.05,0.04,0.04,0.04,0.05,,,LOW PWM,Negative,No
WP_P305/1,023E,18/06/2013,WP_P305_1.XLS,03/02/2014,25/07/2013,F,,GD,GD,GD,GD,GD,GD,GD,GD,0.25,0.13,0.04,0.04,0.04,0.04,0.04,0.06,,,LOW PWM,Negative,No
WP_P305/1,024E,18/06/2013,WP_P305_1.XLS,03/02/2014,25/07/2013,F,,GD,GD,GD,GD,GD,GD,GD,GD,1.21,0.66,0.04,0.04,0.04,0.04,0.04,0.06,,,LOW PWM,Negative,No
WP_P305/1,025E,18/06/2013,WP_P305_1.XLS,03/02/2014,25/07/2013,F,,GD,GD,GD,GD,GD,GD,GD,GD,1.06,0.58,0.05,0.04,0.04,0.05,0.04,0.06,,,LOW PWM,Negative,No
WP_P306/1,010Y,19/06/2013,WP_P306_1.XLS,03/02/2014,25/07/2013,F,,GD,GD,GD,GD,GD,GD,GD,GD,0.2,0.16,0.05,0.05,0.05,0.06,0.06,0.07,,,LOW PWM,Negative,No
WP_P306/1,024P,19/06/2013,WP_P306_1.XLS,03/02/2014,25/07/2013,F,,GD,GD,GD,GD,GD,GD,GD,GD,0.35,0.23,0.05,0.05,0.05,0.05,0.05,0.07,,,LOW PWM,Negative,No
WP_P306/1,026E,19/06/2013,WP_P306_1.XLS,03/02/2014,25/07/2013,F,,GD,GD,GD,GD,GD,GD,GD,GD,0.48,0.32,0.05,0.05,0.05,0.05,0.05,0.06,,,LOW PWM,Negative,No
WP_P306/1,027E,19/06/2013,WP_P306_1.XLS,03/02/2014,25/07/2013,F,,GD,GD,GD,GD,GD,GD,GD,GD,1.07,0.67,0.05,0.05,0.05,0.05,0.05,0.07,,,LOW PWM,Negative,No
WP_P306/1,028K,19/06/2013,WP_P306_1.XLS,03/02/2014,25/07/2013,F,,GD,GD,GD,GD,GD,GD,GD,GD,0.62,0.41,0.04,0.04,0.05,0.05,0.05,0.06,,,LOW PWM,Negative,No
WP_P308/1,010N,17/07/2013,WP_P308_1.XLS,04/02/2014,25/07/2013,F,,GD,GD,GD,GD,GD,GD,GD,GD,0.3,0.23,0.05,0.05,0.08,0.07,0.04,0.05,,,LOW PWM,Negative,No
WP_P308/1,012L,17/07/2013,WP_P308_1.XLS,04/02/2014,25/07/2013,F,,GD,GD,GD,GD,GD,GD,GD,GD,0.33,0.24,0.05,0.05,0.05,0.05,0.05,0.05,,,LOW PWM,Negative,No
WP_P308/1,031E,17/07/2013,WP_P308_1.XLS,04/02/2014,25/07/2013,F,,GD,GD,GD,GD,GD,GD,GD,GD,0.64,0.52,0.06,0.05,0.08,0.09,0.05,0.06,,,LOW PWM,Negative,No
WP_P308/1,049B,17/07/2013,WP_P308_1.XLS,04/02/2014,25/07/2013,F,,GD,GD,GD,GD,GD,GD,GD,GD,0.17,0.11,0.05,0.04,0.05,0.05,0.05,0.07,,,LOW PWM,Negative,No
WP_P309/1,009K,30/07/2013,WP_P309_1.XLS,04/02/2014,20/11/2013,F,,GD,GD,GD,GD,GD,GD,GD,GD,0.72,0.56,0.04,0.04,0.22,0.2,0.05,0.06,,,LOW PWM,Positive,No
WP_P309/1,022F,30/07/2013,WP_P309_1.XLS,04/02/2014,20/11/2013,F,,GD,GD,GD,GD,GD,GD,GD,GD,0.6,0.48,0.04,0.04,0.21,0.2,0.05,0.05,,,LOW PWM,Positive,No
WP_P309/1,033L,30/07/2013,WP_P309_1.XLS,04/02/2014,20/11/2013,F,,GD,GD,GD,GD,GD,GD,GD,GD,0.43,0.33,0.04,0.04,0.05,0.05,0.05,0.06,,,LOW PWM,Negative,No
WP_P309/1,034E,30/07/2013,WP_P309_1.XLS,04/02/2014,20/11/2013,P,,GD,GD,GD,GD,GD,GD,GD,GD,1.47,1.19,0.04,0.04,0.04,0.04,0.05,0.05,,,,Negative,No
WP_P309/1,035L,30/07/2013,WP_P309_1.XLS,04/02/2014,20/11/2013,P,,GD,GD,GD,GD,GD,GD,GD,GD,1.12,0.88,0.04,0.04,0.04,0.04,0.04,0.05,,,,Negative,No
WP_P309/1,035N,30/07/2013,WP_P309_1.XLS,04/02/2014,20/11/2013,F,,GD,GD,GD,GD,GD,GD,GD,GD,0.36,0.25,0.04,0.04,0.04,0.04,0.05,0.06,,,LOW PWM,Negative,No
WP_P309/1,051K,30/07/2013,WP_P309_1.XLS,04/02/2014,20/11/2013,P,,GD,GD,GD,GD,GD,GD,GD,GD,1.33,1.03,0.06,0.07,0.04,0.04,0.04,0.05,,,,Negative,No
WP_P309/1,067P,30/07/2013,WP_P309_1.XLS,04/02/2014,20/11/2013,F,,GD,GD,GD,GD,GD,GD,GD,GD,0.89,0.79,0.04,0.05,0.05,0.05,0.05,0.06,,,LOW PWM,Negative,No
WP_P31/1,002B,12/12/2006,WP_P31_1.XLS,16/04/2007,14/02/2007,P,,GD,GD,GD,GD,GD,GD,GD,GD,3.11,2.65,0.17,0.18,0.16,0.15,0.16,0.16,,,,Negative,No
WP_P31/1,004B,12/12/2006,WP_P31_1.XLS,16/04/2007,14/02/2007,P,,GD,GD,GD,GD,GD,GD,GD,GD,3.21,2.96,0.21,0.17,0.17,0.17,0.13,0.13,,,,Negative,No
WP_P31/1,005B,12/12/2006,WP_P31_1.XLS,16/04/2007,14/02/2007,,,GD,IV,GD,GD,GD,GD,GD,GD,2.5,,0.16,0.13,0.12,0.12,0.12,0.12,MISSING ODs,,,,No
WP_P31/1,037B,12/12/2006,WP_P31_1.XLS,16/04/2007,14/02/2007,P,,GD,GD,GD,GD,GD,GD,GD,GD,2.19,1.51,0.14,0.12,0.13,0.15,0.12,0.12,,,,Negative,No
WP_P31/1,038B,12/12/2006,WP_P31_1.XLS,16/04/2007,14/02/2007,P,,GD,GD,GD,GD,GD,GD,GD,GD,2.87,2.16,0.14,0.12,0.11,0.11,0.12,0.12,,,,Negative,No
WP_P31/1,040B,12/12/2006,WP_P31_1.XLS,16/04/2007,14/02/2007,P,,GD,GD,GD,GD,GD,GD,GD,GD,1.44,0.88,0.14,0.13,0.12,0.11,0.11,0.13,,,,Negative,No
WP_P31/1,043B,12/12/2006,WP_P31_1.XLS,16/04/2007,14/02/2007,P,,GD,GD,GD,GD,GD,GD,GD,GD,2.69,2.12,0.21,0.2,0.22,0.2,0.17,0.18,,,,Negative,No
WP_P31/1,I016,12/12/2006,WP_P31_1.XLS,16/04/2007,14/02/2007,,,GD,IV,GD,GD,GD,GD,GD,GD,1.73,,0.15,0.12,0.17,0.15,0.12,0.12,MISSING ODs,,,,No
WP_P31/2,005B,12/12/2006,WP_P31_2.XLS,21/05/2007,18/05/2007,P,,GD,GD,GD,GD,GD,GD,GD,GD,1.73,1.44,0.06,0.06,0.06,0.06,0.06,0.06,,,,Negative,No
WP_P31/2,I016,12/12/2006,WP_P31_2.XLS,21/05/2007,18/05/2007,F,,GD,GD,GD,GD,GD,GD,GD,GD,0.47,0.5,0.11,0.05,0.15,0.09,0.07,0.06,A OUTLIER,,LOW PWM,,No
WP_P310/1,004E,30/07/2013,WP_P310_1.XLS,04/02/2014,20/11/2013,F,,GD,GD,GD,GD,GD,GD,GD,GD,0.48,0.39,0.04,0.04,0.04,0.04,0.08,0.06,,,LOW PWM,Negative,No
WP_P310/1,005E,30/07/2013,WP_P310_1.XLS,04/02/2014,20/11/2013,F,,GD,GD,GD,GD,GD,GD,GD,GD,0.97,0.83,0.05,0.05,0.05,0.05,0.06,0.07,,,LOW PWM,Negative,No
WP_P310/1,012P,30/07/2013,WP_P310_1.XLS,04/02/2014,20/11/2013,P,,GD,GD,GD,GD,GD,GD,GD,GD,2.54,2.36,0.05,0.05,0.05,0.04,0.04,0.05,,,,Negative,No
WP_P310/1,020L,30/07/2013,WP_P310_1.XLS,04/02/2014,20/11/2013,F,,GD,GD,GD,GD,GD,GD,GD,GD,0.96,0.75,0.04,0.04,0.04,0.04,0.04,0.06,,,LOW PWM,Negative,No
WP_P310/1,021L,30/07/2013,WP_P310_1.XLS,04/02/2014,20/11/2013,F,,GD,GD,GD,GD,GD,GD,GD,GD,0.35,0.28,0.04,0.04,0.04,0.04,0.04,0.05,,,LOW PWM,Negative,No
WP_P310/1,036E,30/07/2013,WP_P310_1.XLS,04/02/2014,20/11/2013,F,,GD,GD,GD,GD,GD,GD,GD,GD,0.97,0.81,0.04,0.04,0.04,0.04,0.05,0.06,,,LOW PWM,Negative,No
WP_P310/1,037E,30/07/2013,WP_P310_1.XLS,04/02/2014,20/11/2013,F,,GD,GD,GD,GD,GD,GD,GD,GD,0.91,0.76,0.05,0.04,0.13,0.14,0.05,0.06,,,LOW PWM,Positive,No
WP_P310/1,050K,30/07/2013,WP_P310_1.XLS,04/02/2014,20/11/2013,F,,GD,GD,GD,GD,GD,GD,GD,GD,1.06,0.79,0.05,0.05,0.05,0.04,0.05,0.05,,,LOW PWM,Negative,No
WP_P311/1,006L,16/07/2013,WP_P311_1.XLS,04/02/2014,21/11/2013,P,,GD,GD,GD,GD,GD,GD,GD,GD,1.19,0.91,0.06,0.05,0.23,0.22,0.05,0.06,,,,Positive,No
WP_P311/1,009K,16/07/2013,WP_P311_1.XLS,04/02/2014,21/11/2013,F,,GD,GD,GD,GD,GD,GD,GD,GD,0.59,0.45,0.05,0.05,0.22,0.21,0.04,0.05,,,LOW PWM,Positive,No
WP_P311/1,028E,16/07/2013,WP_P311_1.XLS,04/02/2014,21/11/2013,F,,GD,GD,GD,GD,GD,GD,GD,GD,0.16,0.11,0.05,0.06,0.07,0.06,0.05,0.06,,,LOW PWM,Negative,No
WP_P311/1,031L,16/07/2013,WP_P311_1.XLS,04/02/2014,21/11/2013,F,,GD,GD,GD,GD,GD,GD,GD,GD,0.98,0.86,0.05,0.06,0.06,0.07,0.06,0.07,,,LOW PWM,Negative,No
WP_P311/1,033N,16/07/2013,WP_P311_1.XLS,04/02/2014,21/11/2013,F,,GD,GD,GD,GD,GD,GD,GD,GD,0.31,0.22,0.05,0.05,0.4,0.37,0.05,0.05,,,LOW PWM,Positive,No
WP_P311/1,040L,16/07/2013,WP_P311_1.XLS,04/02/2014,21/11/2013,F,,GD,GD,GD,GD,GD,GD,GD,GD,0.67,0.46,0.05,0.05,0.05,0.05,0.05,0.06,,,LOW PWM,Negative,No
WP_P311/1,041L,16/07/2013,WP_P311_1.XLS,04/02/2014,21/11/2013,F,,GD,GD,GD,GD,GD,GD,GD,GD,0.41,0.27,0.05,0.04,0.04,0.04,0.05,0.05,,,LOW PWM,Negative,No
WP_P311/1,049P,16/07/2013,WP_P311_1.XLS,04/02/2014,21/11/2013,F,,GD,GD,GD,GD,GD,GD,GD,GD,0.62,0.44,0.05,0.05,0.06,0.05,0.05,0.06,,,LOW PWM,Negative,No
WP_P312/1,002E,16/07/2013,WP_P312_1.XLS,22/02/2016,21/11/2013,P,,GD,GD,GD,GD,GD,GD,GD,GD,1.34,1.12,0.04,0.04,0.49,0.51,0.05,0.05,,,,Positive,No
WP_P312/1,003E,16/07/2013,WP_P312_1.XLS,22/02/2016,21/11/2013,F,,GD,GD,GD,GD,GD,GD,GD,GD,0.51,0.37,0.04,0.04,0.24,0.23,0.04,0.04,,,LOW PWM,Positive,No
WP_P312/1,029E,16/07/2013,WP_P312_1.XLS,22/02/2016,21/11/2013,P,,GD,GD,GD,GD,GD,GD,GD,GD,1.62,1.5,0.04,0.04,0.05,0.04,0.04,0.04,,,,Negative,No
WP_P312/1,030E,16/07/2013,WP_P312_1.XLS,22/02/2016,21/11/2013,F,,GD,GD,GD,GD,GD,GD,GD,GD,0.23,0.16,0.04,0.04,0.04,0.04,0.04,0.05,,,LOW PWM,Negative,No
WP_P312/1,039E,31/07/2013,WP_P312_1.XLS,22/02/2016,21/11/2013,F,,GD,GD,GD,GD,GD,GD,GD,GD,0.76,0.55,0.05,0.04,0.04,0.04,0.04,0.05,,,LOW PWM,Negative,No
WP_P313/1,006E,30/07/2013,WP_P313_1.XLS,04/02/2014,21/11/2013,F,,GD,GD,GD,GD,GD,GD,GD,GD,0.63,0.49,0.05,0.05,0.05,0.05,0.04,0.05,,,LOW PWM,Negative,No
WP_P313/1,007E,30/07/2013,WP_P313_1.XLS,04/02/2014,21/11/2013,P,,GD,GD,GD,GD,GD,GD,GD,GD,1.26,0.82,0.04,0.04,0.04,0.04,0.04,0.05,,,,Negative,No
WP_P313/1,008E,30/07/2013,WP_P313_1.XLS,04/02/2014,21/11/2013,P,,GD,GD,GD,GD,GD,GD,GD,GD,1.61,1.12,0.04,0.04,0.04,0.04,0.04,0.05,,,,Negative,No
WP_P313/1,010E,30/07/2013,WP_P313_1.XLS,04/02/2014,21/11/2013,P,,GD,GD,GD,GD,GD,GD,GD,GD,1.3,0.91,0.05,0.04,0.04,0.04,0.04,0.05,,,,Negative,No
WP_P313/1,011E,30/07/2013,WP_P313_1.XLS,04/02/2014,21/11/2013,P,,GD,GD,GD,GD,GD,GD,GD,GD,1.72,1.23,0.04,0.05,0.05,0.05,0.04,0.05,,,,Negative,No
WP_P313/1,013E,30/07/2013,WP_P313_1.XLS,04/02/2014,21/11/2013,,,NS,NS,NS,NS,GD,GD,NS,NS,,,,,0.04,0.04,,,,NO SAMPLE,,,No
WP_P313/1,014E,30/07/2013,WP_P313_1.XLS,04/02/2014,21/11/2013,F,,GD,GD,GD,GD,GD,GD,GD,GD,0.45,0.33,0.06,0.05,0.04,0.04,0.04,0.06,,,LOW PWM,Negative,No
WP_P313/1,015E,30/07/2013,WP_P313_1.XLS,04/02/2014,21/11/2013,,,NS,NS,GD,GD,GD,GD,NS,NS,,,0.06,0.06,0.1,0.12,,,,NO SAMPLE,,,No
WP_P314/1,010P,31/07/2013,WP_P314_1.XLS,04/02/2014,21/11/2013,F,,GD,GD,GD,GD,GD,GD,GD,GD,0.29,0.2,0.05,0.04,0.04,0.05,0.04,0.05,,,LOW PWM,Negative,No
WP_P314/1,012E,31/07/2013,WP_P314_1.XLS,04/02/2014,21/11/2013,F,,GD,GD,GD,GD,GD,GD,GD,GD,0.83,0.64,0.04,0.04,0.04,0.04,0.04,0.05,,,LOW PWM,Negative,No
WP_P314/1,017E,31/07/2013,WP_P314_1.XLS,04/02/2014,21/11/2013,P,,GD,GD,GD,GD,GD,GD,GD,GD,1.53,1.36,0.05,0.05,0.05,0.05,0.05,0.05,,,,Negative,No
WP_P314/1,024Y,31/07/2013,WP_P314_1.XLS,04/02/2014,21/11/2013,F,,GD,GD,GD,GD,GD,GD,GD,GD,0.42,0.32,0.05,0.04,0.07,0.07,0.05,0.05,,,LOW PWM,Negative,No
WP_P314/1,036L,31/07/2013,WP_P314_1.XLS,04/02/2014,21/11/2013,F,,GD,GD,GD,GD,GD,GD,GD,GD,0.87,0.57,0.04,0.04,0.04,0.05,0.05,0.05,,,LOW PWM,Negative,No
WP_P314/1,046P,31/07/2013,WP_P314_1.XLS,04/02/2014,21/11/2013,P,,GD,GD,GD,GD,GD,GD,GD,GD,1.71,1.41,0.05,0.05,0.82,0.81,0.05,0.07,,,,Positive,No
WP_P314/1,052K,31/07/2013,WP_P314_1.XLS,04/02/2014,21/11/2013,P,,GD,GD,GD,GD,GD,GD,GD,GD,1.58,1.06,0.05,0.05,0.05,0.05,0.05,0.06,,,,Negative,No
WP_P314/1,057Y,31/07/2013,WP_P314_1.XLS,04/02/2014,21/11/2013,F,,GD,GD,GD,GD,GD,GD,GD,GD,1.06,0.75,0.06,0.05,0.05,0.05,0.05,0.06,,,LOW PWM,Negative,No
WP_P315/1,042E,13/08/2013,WP_P315_1.XLS,07/03/2016,21/11/2013,P,,GD,GD,GD,GD,GD,GD,GD,GD,1.86,1.54,0.04,0.04,0.04,0.04,0.04,0.04,,,,Negative,No
WP_P315/1,044E,14/08/2013,WP_P315_1.XLS,07/03/2016,21/11/2013,F,,GD,GD,GD,GD,GD,GD,GD,GD,0.51,0.45,0.05,0.05,0.05,0.05,0.05,0.05,,,LOW PWM,Negative,No
WP_P316/1,016E,30/07/2013,WP_P316_1.XLS,04/02/2014,21/11/2013,P,,GD,GD,GD,GD,GD,GD,GD,GD,2.85,2.66,0.05,0.04,0.17,0.16,0.05,0.07,,,,Positive,No
WP_P316/1,032E,30/07/2013,WP_P316_1.XLS,04/02/2014,21/11/2013,P,,GD,GD,GD,GD,GD,GD,GD,GD,2.58,1.58,0.04,0.04,0.04,0.04,0.05,0.08,,,,Negative,No
WP_P316/1,033E,30/07/2013,WP_P316_1.XLS,04/02/2014,21/11/2013,F,,GD,GD,GD,GD,GD,GD,GD,GD,0.54,0.33,0.04,0.04,0.04,0.04,0.05,0.11,,,LOW PWM,Negative,No
WP_P316/1,035E,30/07/2013,WP_P316_1.XLS,04/02/2014,21/11/2013,P,,GD,GD,GD,GD,GD,GD,GD,GD,2,1.13,0.04,0.04,0.14,0.08,0.05,0.08,,,,Positive,No
WP_P316/1,038E,30/07/2013,WP_P316_1.XLS,04/02/2014,21/11/2013,P,,GD,GD,GD,GD,GD,GD,GD,GD,1.5,0.78,0.04,0.04,0.07,0.07,0.05,0.11,,,,Negative,No
WP_P316/1,067P,08/10/2013,WP_P316_1.XLS,04/02/2014,21/11/2013,F,,GD,GD,GD,GD,GD,GD,GD,GD,0.75,0.44,0.04,0.04,0.04,0.04,0.05,0.06,,,LOW PWM,Negative,No
WP_P317/1,001K,13/08/2013,WP_P317_1.XLS,04/02/2014,22/11/2013,F,,GD,GD,GD,GD,GD,GD,GD,GD,0.62,0.42,0.04,0.04,0.04,0.04,0.04,0.04,,,LOW PWM,Negative,No
WP_P317/1,009P,13/08/2013,WP_P317_1.XLS,04/02/2014,22/11/2013,F,,GD,GD,GD,GD,GD,GD,GD,GD,0.94,0.78,0.04,0.04,0.04,0.04,0.04,0.04,,,LOW PWM,Negative,No
WP_P317/1,016P,13/08/2013,WP_P317_1.XLS,04/02/2014,22/11/2013,F,,GD,GD,GD,GD,GD,GD,GD,GD,0.52,0.43,0.05,0.05,0.05,0.05,0.04,0.05,,,LOW PWM,Negative,No
WP_P317/1,028F,13/08/2013,WP_P317_1.XLS,04/02/2014,22/11/2013,F,,GD,GD,GD,GD,GD,GD,GD,GD,0.64,0.5,0.05,0.05,0.06,0.07,0.04,0.05,,,LOW PWM,Negative,No
WP_P317/1,030N,13/08/2013,WP_P317_1.XLS,04/02/2014,22/11/2013,F,,GD,GD,GD,GD,GD,GD,GD,GD,0.69,0.53,0.05,0.05,0.19,0.16,0.04,0.05,,,LOW PWM,Positive,No
WP_P317/1,033K,13/08/2013,WP_P317_1.XLS,04/02/2014,22/11/2013,P,,GD,GD,GD,GD,GD,GD,GD,GD,2.57,2.31,0.04,0.04,0.04,0.04,0.04,0.04,,,,Negative,No
WP_P317/1,037N,13/08/2013,WP_P317_1.XLS,04/02/2014,22/11/2013,P,,GD,GD,GD,GD,GD,GD,GD,GD,1.22,1.03,0.04,0.04,0.05,0.05,0.04,0.04,,,,Negative,No
WP_P317/1,039K,13/08/2013,WP_P317_1.XLS,04/02/2014,22/11/2013,P,,GD,GD,GD,GD,GD,GD,GD,GD,2.66,2.36,0.04,0.04,0.13,0.11,0.04,0.04,,,,Positive,No
WP_P318/1,001L,13/08/2013,WP_P318_1.XLS,04/02/2014,22/11/2013,F,,GD,GD,GD,GD,GD,GD,GD,GD,1.02,0.9,0.05,0.05,0.05,0.05,0.04,0.04,,,LOW PWM,Negative,No
WP_P318/1,020L,13/08/2013,WP_P318_1.XLS,04/02/2014,22/11/2013,P,,GD,GD,GD,GD,GD,GD,GD,GD,1.57,1.38,0.04,0.04,0.04,0.04,0.04,0.04,,,,Negative,No
WP_P318/1,029N,13/08/2013,WP_P318_1.XLS,04/02/2014,22/11/2013,F,,GD,GD,GD,GD,GD,GD,GD,GD,0.9,0.79,0.05,0.07,0.05,0.04,0.04,0.04,,,LOW PWM,Negative,No
WP_P318/1,035K,13/08/2013,WP_P318_1.XLS,04/02/2014,22/11/2013,P,,GD,GD,GD,GD,GD,GD,GD,GD,1.65,1.39,0.06,0.04,0.04,0.04,0.08,0.05,,,,Negative,No
WP_P318/1,038Y,13/08/2013,WP_P318_1.XLS,04/02/2014,22/11/2013,P,,GD,GD,GD,GD,GD,GD,GD,GD,2.19,1.97,0.27,0.24,0.23,0.21,0.19,0.23,,,,Negative,No
WP_P318/1,043E,13/08/2013,WP_P318_1.XLS,04/02/2014,22/11/2013,F,,GD,GD,GD,GD,GD,GD,GD,GD,0.34,0.26,0.05,0.04,0.12,0.1,0.04,0.05,,,LOW PWM,Positive,No
WP_P318/1,053K,13/08/2013,WP_P318_1.XLS,04/02/2014,22/11/2013,F,,GD,GD,GD,GD,GD,GD,GD,GD,0.63,0.51,0.05,0.07,0.05,0.04,0.04,0.05,,,LOW PWM,Negative,No
WP_P318/1,066R,13/08/2013,WP_P318_1.XLS,04/02/2014,22/11/2013,F,,GD,GD,GD,GD,GD,GD,GD,GD,1.01,0.83,0.05,0.05,0.04,0.04,0.04,0.05,,,LOW PWM,Negative,No
WP_P319/1,005L,13/08/2013,WP_P319_1.XLS,04/02/2014,22/11/2013,F,,GD,GD,GD,GD,GD,GD,GD,GD,1.03,0.64,0.04,0.04,0.05,0.04,0.05,0.08,,,LOW PWM,Negative,No
WP_P319/1,024P,13/08/2013,WP_P319_1.XLS,04/02/2014,22/11/2013,F,,GD,GD,GD,GD,GD,GD,GD,GD,1.06,0.8,0.06,0.05,0.05,0.05,0.05,0.07,,,LOW PWM,Negative,No
WP_P319/1,025N,13/08/2013,WP_P319_1.XLS,04/02/2014,22/11/2013,P,,GD,GD,GD,GD,GD,GD,GD,GD,1.37,1.03,0.08,0.06,0.17,0.16,0.05,0.07,,,,Positive,No
WP_P319/1,035B,13/08/2013,WP_P319_1.XLS,04/02/2014,22/11/2013,F,,GD,GD,GD,GD,GD,GD,GD,GD,0.29,0.22,0.05,0.04,0.04,0.05,0.05,0.09,,,LOW PWM,Negative,No
WP_P319/1,036K,13/08/2013,WP_P319_1.XLS,04/02/2014,22/11/2013,P,,GD,GD,GD,GD,GD,GD,GD,GD,1.98,1.31,0.05,0.04,0.05,0.04,0.05,0.08,,,,Negative,No
WP_P319/1,039N,13/08/2013,WP_P319_1.XLS,04/02/2014,22/11/2013,F,,GD,GD,GD,GD,GD,GD,GD,GD,0.57,0.44,0.06,0.05,0.05,0.04,0.05,0.08,,,LOW PWM,Negative,No
WP_P319/1,063Y,13/08/2013,WP_P319_1.XLS,04/02/2014,22/11/2013,F,,GD,GD,GD,GD,GD,GD,GD,GD,0.67,0.54,0.07,0.06,0.08,0.08,0.05,0.08,,,LOW PWM,Negative,No
WP_P319/1,069R,13/08/2013,WP_P319_1.XLS,04/02/2014,22/11/2013,F,,GD,GD,GD,GD,GD,GD,GD,GD,0.15,0.1,0.04,0.04,0.07,0.08,0.05,0.08,,,LOW PWM,Negative,No
WP_P32/1,049B,12/12/2006,WP_P32_1.XLS,16/04/2007,14/02/2007,P,,GD,GD,GD,GD,GD,GD,GD,GD,3.11,3.09,0.28,0.27,1.5,1.42,0.24,0.25,NIL AVG HIGH,,,,No
WP_P32/1,053B,12/12/2006,WP_P32_1.XLS,16/04/2007,14/02/2007,P,,GD,GD,GD,GD,GD,GD,GD,GD,2.87,2.71,0.25,0.24,0.23,0.21,0.21,0.21,,,,Negative,No
WP_P32/1,063B,12/12/2006,WP_P32_1.XLS,16/04/2007,14/02/2007,P,,GD,GD,GD,GD,GD,GD,GD,GD,2.49,2.35,0.31,0.29,0.26,0.26,0.22,0.22,,,,Negative,No
WP_P32/1,089W,12/12/2006,WP_P32_1.XLS,16/04/2007,14/02/2007,P,,GD,GD,GD,GD,GD,GD,GD,GD,3.08,3.09,0.26,0.23,0.23,0.22,0.22,0.21,,,,Negative,No
WP_P32/2,049B,12/12/2006,WP_P32_2.XLS,23/05/2007,01/05/2007,P,,GD,GD,GD,GD,GD,GD,GD,GD,3.27,2.91,0.11,0.07,1.56,1.42,0.05,0.06,,,,Positive,No
WP_P320/1,020E,13/08/2013,WP_P320_1.XLS,04/02/2014,22/11/2013,F,,GD,GD,GD,GD,GD,GD,GD,GD,0.41,0.27,0.05,0.04,0.22,0.21,0.04,0.04,,,LOW PWM,Positive,No
WP_P320/1,021E,13/08/2013,WP_P320_1.XLS,04/02/2014,22/11/2013,P,,GD,GD,GD,GD,GD,GD,GD,GD,1.96,1.46,0.05,0.04,0.04,0.04,0.04,0.05,,,,Negative,No
WP_P320/1,024E,13/08/2013,WP_P320_1.XLS,04/02/2014,22/11/2013,P,,GD,GD,GD,GD,GD,GD,GD,GD,2.14,1.81,0.04,0.04,0.04,0.04,0.04,0.05,,,,Negative,No
WP_P320/1,025E,13/08/2013,WP_P320_1.XLS,04/02/2014,22/11/2013,P,,GD,GD,GD,GD,GD,GD,GD,GD,1.29,0.94,0.05,0.04,0.04,0.05,0.05,0.06,,,,Negative,No
WP_P320/1,026E,13/08/2013,WP_P320_1.XLS,04/02/2014,22/11/2013,F,,GD,GD,GD,GD,GD,GD,GD,GD,0.58,0.44,0.04,0.04,0.04,0.04,0.05,0.06,,,LOW PWM,Negative,No
WP_P320/1,040E,13/08/2013,WP_P320_1.XLS,04/02/2014,22/11/2013,P,,GD,GD,GD,GD,GD,GD,GD,GD,1.14,0.9,0.05,0.04,0.04,0.04,0.05,0.06,,,,Negative,No
WP_P320/1,041E,13/08/2013,WP_P320_1.XLS,04/02/2014,22/11/2013,F,,GD,GD,GD,GD,GD,GD,GD,GD,0.87,0.71,0.04,0.05,0.05,0.05,0.05,0.07,,,LOW PWM,Negative,No
WP_P320/1,054K,13/08/2013,WP_P320_1.XLS,04/02/2014,22/11/2013,F,,GD,GD,GD,GD,GD,GD,GD,GD,0.62,0.43,0.06,0.05,0.04,0.05,0.05,0.05,,,LOW PWM,Negative,No
WP_P321/1,019E,14/08/2013,WP_P321_1.XLS,04/02/2014,26/11/2013,F,,GD,GD,GD,GD,GD,GD,GD,GD,0.95,0.73,0.04,0.03,0.04,0.03,0.04,0.04,,,LOW PWM,Negative,No
WP_P321/1,022E,14/08/2013,WP_P321_1.XLS,04/02/2014,26/11/2013,P,,GD,GD,GD,GD,GD,GD,GD,GD,1.4,1.04,0.04,0.04,0.04,0.04,0.04,0.04,,,,Negative,No
WP_P321/1,044E,14/08/2013,WP_P321_1.XLS,04/02/2014,26/11/2013,F,,GD,GD,GD,GD,GD,GD,GD,GD,0.4,0.29,0.04,0.04,0.04,0.04,0.04,0.04,,,LOW PWM,Negative,No
WP_P321/1,046E,14/08/2013,WP_P321_1.XLS,04/02/2014,26/11/2013,F,,GD,GD,GD,GD,GD,GD,GD,GD,0.7,0.46,0.04,0.04,0.04,0.04,0.04,0.04,,,LOW PWM,Negative,No
WP_P321/1,047E,14/08/2013,WP_P321_1.XLS,04/02/2014,26/11/2013,P,,GD,GD,GD,GD,GD,GD,GD,GD,1.99,1.72,0.04,0.04,0.04,0.04,0.04,0.05,,,,Negative,No
WP_P322/1,002E,24/09/2013,WP_P322_1.XLS,04/02/2014,26/11/2013,P,,GD,GD,GD,GD,GD,GD,GD,GD,2.26,2.2,0.04,0.04,0.54,0.56,0.04,0.05,,,,Positive,No
WP_P322/1,012E,24/09/2013,WP_P322_1.XLS,04/02/2014,26/11/2013,P,,GD,GD,GD,GD,GD,GD,GD,GD,2.08,1.63,0.04,0.04,0.22,0.22,0.04,0.04,,,,Positive,No
WP_P322/1,028E,24/09/2013,WP_P322_1.XLS,04/02/2014,26/11/2013,F,,GD,GD,GD,GD,GD,GD,GD,GD,0.35,0.21,0.04,0.04,0.09,0.08,0.04,0.04,,,LOW PWM,Positive,No
WP_P322/1,029E,24/09/2013,WP_P322_1.XLS,04/02/2014,26/11/2013,F,,GD,GD,GD,GD,GD,GD,GD,GD,0.92,0.7,0.04,0.04,0.12,0.12,0.04,0.04,,,LOW PWM,Positive,No
WP_P322/1,030E,24/09/2013,WP_P322_1.XLS,04/02/2014,26/11/2013,P,,GD,GD,GD,GD,GD,GD,GD,GD,2.2,2,0.04,0.04,0.05,0.05,0.04,0.05,,,,Negative,No
WP_P322/1,030L,24/09/2013,WP_P322_1.XLS,04/02/2014,26/11/2013,F,,GD,GD,GD,GD,GD,GD,GD,GD,0.91,0.69,0.04,0.04,0.04,0.04,0.04,0.05,,,LOW PWM,Negative,No
WP_P322/1,031E,24/09/2013,WP_P322_1.XLS,04/02/2014,26/11/2013,F,,GD,GD,GD,GD,GD,GD,GD,GD,0.63,0.49,0.04,0.04,0.04,0.04,0.05,0.04,,,LOW PWM,Negative,No
WP_P322/1,041L,24/09/2013,WP_P322_1.XLS,04/02/2014,26/11/2013,F,,GD,GD,GD,GD,GD,GD,GD,GD,0.39,0.3,0.05,0.04,0.05,0.05,0.04,0.05,,,LOW PWM,Negative,No
WP_P323/1,003E,24/09/2013,WP_P323_1.XLS,04/02/2014,26/11/2013,P,,GD,GD,GD,GD,GD,GD,GD,GD,1.26,1.05,0.04,0.04,0.27,0.28,0.05,0.05,,,,Positive,No
WP_P323/1,031L,24/09/2013,WP_P323_1.XLS,04/02/2014,26/11/2013,F,,GD,GD,GD,GD,GD,GD,GD,GD,0.65,0.55,0.04,0.04,0.04,0.04,0.04,0.05,,,LOW PWM,Negative,No
WP_P323/1,040L,24/09/2013,WP_P323_1.XLS,04/02/2014,26/11/2013,F,,GD,GD,GD,GD,GD,GD,GD,GD,0.92,0.68,0.04,0.04,0.53,0.57,0.04,0.04,,,LOW PWM,Positive,No
WP_P324/1,004E,09/10/2013,WP_P324_1.XLS,04/02/2014,26/11/2013,P,,GD,GD,GD,GD,GD,GD,GD,GD,1.88,1.56,0.05,0.05,0.06,0.05,0.05,0.05,,,,Negative,No
WP_P324/1,017E,09/10/2013,WP_P324_1.XLS,04/02/2014,26/11/2013,P,,GD,GD,GD,GD,GD,GD,GD,GD,2.63,2.21,0.04,0.04,0.05,0.04,0.04,0.05,,,,Negative,No
WP_P324/1,034E,09/10/2013,WP_P324_1.XLS,04/02/2014,26/11/2013,P,,GD,GD,GD,GD,GD,GD,GD,GD,2.48,2.12,0.04,0.04,0.05,0.05,0.04,0.06,,,,Negative,No
WP_P324/1,050E,09/10/2013,WP_P324_1.XLS,04/02/2014,26/11/2013,F,,GD,GD,GD,GD,GD,GD,GD,GD,0.95,0.51,0.04,0.04,0.04,0.04,0.04,0.07,,,LOW PWM,Negative,No
WP_P324/1,051K,09/10/2013,WP_P324_1.XLS,04/02/2014,26/11/2013,P,,GD,GD,GD,GD,GD,GD,GD,GD,1.56,1.18,0.04,0.04,0.04,0.04,0.04,0.06,,,,Negative,No
WP_P325/1,005E,08/10/2013,WP_P325_1.XLS,04/02/2014,29/11/2013,P,,GD,GD,GD,GD,GD,GD,GD,GD,1.94,1.09,0.04,0.04,0.04,0.04,0.04,0.08,,,,Negative,No
WP_P325/1,010E,08/10/2013,WP_P325_1.XLS,04/02/2014,29/11/2013,F,,GD,GD,GD,GD,GD,GD,GD,GD,1.11,0.66,0.05,0.04,0.05,0.04,0.04,0.05,,,LOW PWM,Negative,No
WP_P325/1,011E,08/10/2013,WP_P325_1.XLS,04/02/2014,29/11/2013,P,,GD,GD,GD,GD,GD,GD,GD,GD,1.63,1.13,0.04,0.04,0.04,0.04,0.04,0.07,,,,Negative,No
WP_P325/1,013E,08/10/2013,WP_P325_1.XLS,04/02/2014,29/11/2013,P,,GD,GD,GD,GD,GD,GD,GD,GD,2.44,2.14,0.04,0.04,0.04,0.04,0.04,0.08,,,,Negative,No
WP_P325/1,014E,08/10/2013,WP_P325_1.XLS,04/02/2014,29/11/2013,F,,GD,GD,GD,GD,GD,GD,GD,GD,1.04,0.61,0.04,0.04,0.04,0.04,0.04,0.04,,,LOW PWM,Negative,No
WP_P325/1,015E,08/10/2013,WP_P325_1.XLS,04/02/2014,29/11/2013,F,,GD,GD,GD,GD,GD,GD,GD,GD,1.19,0.78,0.04,0.04,0.07,0.06,0.04,0.05,,,LOW PWM,Negative,No
WP_P325/1,033E,08/10/2013,WP_P325_1.XLS,04/02/2014,29/11/2013,P,,GD,GD,GD,GD,GD,GD,GD,GD,2.01,1.59,0.04,0.04,0.04,0.04,0.04,0.07,,,,Negative,No
WP_P325/1,037E,08/10/2013,WP_P325_1.XLS,04/02/2014,29/11/2013,F,,GD,GD,GD,GD,GD,GD,GD,GD,1,0.6,0.04,0.04,0.04,0.04,0.04,0.07,,,LOW PWM,Negative,No
WP_P326/1,006E,08/10/2013,WP_P326_1.XLS,04/02/2014,29/11/2013,F,,GD,GD,GD,GD,GD,GD,GD,GD,1.33,0.61,0.04,0.04,0.04,0.04,0.04,0.06,,,LOW PWM,Negative,No
WP_P326/1,009P,08/10/2013,WP_P326_1.XLS,04/02/2014,29/11/2013,F,,GD,GD,GD,GD,GD,GD,GD,GD,0.42,0.21,0.04,0.04,0.04,0.04,0.04,0.07,,,LOW PWM,Negative,No
WP_P326/1,015P,08/10/2013,WP_P326_1.XLS,04/02/2014,29/11/2013,P,,GD,GD,GD,GD,GD,GD,GD,GD,1.35,1.04,0.04,0.04,0.07,0.07,0.04,0.05,,,,Negative,No
WP_P326/1,016E,08/10/2013,WP_P326_1.XLS,04/02/2014,29/11/2013,P,,GD,GD,GD,GD,GD,GD,GD,GD,1.74,1.37,0.04,0.04,0.13,0.13,0.06,0.07,,,,Positive,No
WP_P326/1,032E,08/10/2013,WP_P326_1.XLS,04/02/2014,29/11/2013,P,,GD,GD,GD,GD,GD,GD,GD,GD,1.41,1.24,0.04,0.04,0.04,0.04,0.04,0.05,,,,Negative,No
WP_P326/1,036E,08/10/2013,WP_P326_1.XLS,04/02/2014,29/11/2013,P,,GD,GD,GD,GD,GD,GD,GD,GD,1.79,0.68,0.04,0.04,0.04,0.04,0.05,0.07,,,,Negative,No
WP_P326/1,038E,08/10/2013,WP_P326_1.XLS,04/02/2014,29/11/2013,F,,GD,GD,GD,GD,GD,GD,GD,GD,0.91,0.52,0.04,0.04,0.1,0.1,0.05,0.06,,,LOW PWM,Positive,No
WP_P326/1,049E,08/10/2013,WP_P326_1.XLS,04/02/2014,29/11/2013,F,,GD,GD,GD,GD,GD,GD,GD,GD,0.64,0.31,0.04,0.04,0.04,0.04,0.04,0.07,,,LOW PWM,Negative,No
WP_P327/1,021E,22/10/2013,WP_P327_1.XLS,04/02/2014,29/11/2013,F,,GD,GD,GD,GD,GD,GD,GD,GD,1.05,0.78,0.07,0.05,0.04,0.05,0.04,0.05,,,LOW PWM,Negative,No
WP_P327/1,022B,22/10/2013,WP_P327_1.XLS,04/02/2014,29/11/2013,F,,GD,GD,GD,GD,GD,GD,GD,GD,0.13,0.08,0.04,0.04,0.04,0.04,0.06,0.08,,,LOW PWM,Negative,No
WP_P327/1,022E,22/10/2013,WP_P327_1.XLS,04/02/2014,29/11/2013,F,,GD,GD,GD,GD,GD,GD,GD,GD,0.54,0.31,0.04,0.04,0.04,0.04,0.04,0.04,,,LOW PWM,Negative,No
WP_P327/1,040E,22/10/2013,WP_P327_1.XLS,04/02/2014,29/11/2013,F,,GD,GD,GD,GD,GD,GD,GD,GD,0.56,0.24,0.04,0.04,0.04,0.04,0.04,0.04,,,LOW PWM,Negative,No
WP_P327/1,054K,22/10/2013,WP_P327_1.XLS,04/02/2014,29/11/2013,F,,GD,GD,GD,GD,GD,GD,GD,GD,0.28,0.13,0.04,0.04,0.04,0.04,0.05,0.06,,,LOW PWM,Negative,No
WP_P327/1,056E,22/10/2013,WP_P327_1.XLS,04/02/2014,29/11/2013,F,,GD,GD,GD,GD,GD,GD,GD,GD,1.28,0.68,0.04,0.04,0.04,0.04,0.04,0.05,,,LOW PWM,Negative,No
WP_P327/1,063Y,22/10/2013,WP_P327_1.XLS,04/02/2014,29/11/2013,F,,GD,GD,GD,GD,GD,GD,GD,GD,0.31,0.17,0.04,0.04,0.04,0.05,0.04,0.05,,,LOW PWM,Negative,No
WP_P328/1,001P,23/10/2013,WP_P328_1.XLS,04/02/2014,29/11/2013,F,,GD,GD,GD,GD,GD,GD,GD,GD,0.8,0.63,0.08,0.06,0.59,0.55,0.04,0.04,,,LOW PWM,Positive,No
WP_P328/1,020E,23/10/2013,WP_P328_1.XLS,04/02/2014,29/11/2013,P,,GD,GD,GD,GD,GD,GD,GD,GD,1.36,1.05,0.05,0.04,0.05,0.05,0.04,0.04,,,,Negative,No
WP_P328/1,025E,23/10/2013,WP_P328_1.XLS,04/02/2014,29/11/2013,P,,GD,GD,GD,GD,GD,GD,GD,GD,2.48,2.58,0.11,0.1,0.13,0.12,0.1,0.12,,,,Negative,No
WP_P328/1,028K,23/10/2013,WP_P328_1.XLS,04/02/2014,29/11/2013,P,,GD,GD,GD,GD,GD,GD,GD,GD,1.29,1.09,0.04,0.04,0.2,0.17,0.04,0.04,,,,Positive,No
WP_P328/1,033K,23/10/2013,WP_P328_1.XLS,04/02/2014,29/11/2013,P,,GD,GD,GD,GD,GD,GD,GD,GD,1.27,1,0.05,0.05,0.04,0.04,0.05,0.04,,,,Negative,No
WP_P328/1,039K,23/10/2013,WP_P328_1.XLS,04/02/2014,29/11/2013,P,,GD,GD,GD,GD,GD,GD,GD,GD,1.82,1.52,0.05,0.04,0.11,0.08,0.04,0.04,,,,Positive,No
WP_P328/1,051E,23/10/2013,WP_P328_1.XLS,04/02/2014,29/11/2013,P,,GD,GD,GD,GD,GD,GD,GD,GD,2.2,1.98,0.05,0.05,0.04,0.05,0.04,0.05,,,,Negative,No
WP_P328/1,063W,23/10/2013,WP_P328_1.XLS,04/02/2014,29/11/2013,F,,GD,GD,GD,GD,GD,GD,GD,GD,0.56,0.34,0.05,0.04,0.05,0.05,0.04,0.04,,,LOW PWM,Negative,No
WP_P329/1,005L,23/10/2013,WP_P329_1.XLS,04/02/2014,29/11/2013,F,,GD,GD,GD,GD,GD,GD,GD,GD,0.96,0.81,0.06,0.07,0.09,0.06,0.05,0.05,,,LOW PWM,Negative,No
WP_P329/1,042E,23/10/2013,WP_P329_1.XLS,04/02/2014,29/11/2013,F,,GD,GD,GD,GD,GD,GD,GD,GD,0.68,0.54,0.05,0.05,0.05,0.06,0.04,0.05,,,LOW PWM,Negative,No
WP_P329/1,047E,23/10/2013,WP_P329_1.XLS,04/02/2014,29/11/2013,P,,GD,GD,GD,GD,GD,GD,GD,GD,2.18,1.79,0.04,0.04,0.05,0.04,0.04,0.04,,,,Negative,No
WP_P329/1,052E,23/10/2013,WP_P329_1.XLS,04/02/2014,29/11/2013,P,,GD,GD,GD,GD,GD,GD,GD,GD,1.69,1.34,0.04,0.04,0.04,0.05,0.04,0.05,,,,Negative,No
WP_P33/1,004W,13/12/2006,WP_P33_.XLS,16/04/2007,14/02/2007,P,,GD,GD,GD,GD,GD,GD,GD,GD,1.48,1.3,0.27,0.25,0.26,0.23,0.24,0.24,NIL AVG HIGH,,,,No
WP_P33/1,007B,13/12/2006,WP_P33_.XLS,16/04/2007,14/02/2007,P,,GD,GD,GD,GD,GD,GD,GD,GD,2.96,2.75,0.23,0.23,0.23,0.22,0.23,0.23,NIL AVG HIGH,,,,No
WP_P33/1,050G,13/12/2006,WP_P33_.XLS,16/04/2007,14/02/2007,,,GD,IV,GD,GD,GD,GD,GD,GD,1.71,,0.24,0.23,0.25,0.23,0.21,0.21,MISSING ODs,,,,No
WP_P33/1,065B,13/12/2006,WP_P33_.XLS,16/04/2007,14/02/2007,P,,GD,GD,GD,GD,GD,GD,GD,GD,1.42,1.28,0.26,0.25,0.24,0.23,0.22,0.23,,,,Negative,No
WP_P33/1,066B,13/12/2006,WP_P33_.XLS,16/04/2007,14/02/2007,P,,GD,GD,GD,GD,GD,GD,GD,GD,1.54,1.34,0.24,0.23,0.24,0.21,0.21,0.21,,,,Negative,No
WP_P33/2,004W,13/12/2006,WP_P33_2.XLS,21/05/2007,18/05/2007,F,,GD,GD,GD,GD,GD,GD,GD,GD,0.64,0.49,0.05,0.05,0.05,0.05,0.05,0.07,,,LOW PWM,Negative,No
WP_P33/2,007B,13/12/2006,WP_P33_2.XLS,21/05/2007,18/05/2007,P,,GD,GD,GD,GD,GD,GD,GD,GD,2.37,1.75,0.07,0.05,0.05,0.05,0.05,0.12,,,,Negative,No
WP_P33/2,050G,13/12/2006,WP_P33_2.XLS,21/05/2007,18/05/2007,P,,GD,GD,GD,GD,GD,GD,GD,GD,1.16,0.96,0.05,0.05,0.05,0.05,0.06,0.06,,,,Negative,No
WP_P33/2,065B,13/12/2006,WP_P33_2.XLS,21/05/2007,18/05/2007,F,,GD,GD,GD,GD,GD,GD,GD,GD,0.81,0.53,0.06,0.05,0.05,0.05,0.05,0.05,,,LOW PWM,Negative,No
WP_P330/1,029E,10/12/2013,WP_P330_1.XLS,19/09/2014,16/09/2014,F,,GD,GD,GD,GD,GD,GD,GD,GD,0.49,0.36,0.04,0.04,0.05,0.05,0.04,0.04,,,LOW PWM,Negative,No
WP_P330/1,030E,10/12/2013,WP_P330_1.XLS,19/09/2014,16/09/2014,P,,GD,GD,GD,GD,GD,GD,GD,GD,1.49,1.12,0.04,0.05,0.16,0.16,0.05,0.05,,,,Positive,No
WP_P330/1,033N,10/12/2013,WP_P330_1.XLS,19/09/2014,16/09/2014,F,,GD,GD,GD,GD,GD,GD,GD,GD,0.2,0.13,0.04,0.04,0.2,0.2,0.04,0.05,,,LOW PWM,Positive,No
WP_P330/1,040L,10/12/2013,WP_P330_1.XLS,19/09/2014,16/09/2014,F,,GD,GD,GD,GD,GD,GD,GD,GD,1.16,0.73,0.04,0.04,0.42,0.41,0.04,0.04,,,LOW PWM,Positive,No
WP_P331/1,004E,14/01/2014,WP_P331_1.XLS,19/09/2014,16/09/2014,F,,GD,GD,GD,GD,GD,GD,GD,GD,1.06,0.85,0.05,0.04,0.06,0.05,0.05,0.06,,,LOW PWM,Negative,No
WP_P331/1,011E,14/01/2014,WP_P331_1.XLS,19/09/2014,16/09/2014,P,,GD,GD,GD,GD,GD,GD,GD,GD,1.67,1.35,0.05,0.05,0.05,0.05,0.05,0.06,,,,Negative,No
WP_P331/1,015E,14/01/2014,WP_P331_1.XLS,19/09/2014,16/09/2014,F,,GD,GD,GD,GD,GD,GD,GD,GD,0.57,0.37,0.05,0.05,0.05,0.05,0.05,0.05,,,LOW PWM,Negative,No
WP_P331/1,030L,11/12/2013,WP_P331_1.XLS,19/09/2014,16/09/2014,F,,GD,GD,GD,GD,GD,GD,GD,GD,0.71,0.57,0.05,0.05,0.09,0.09,0.05,0.06,,,LOW PWM,Negative,No
WP_P331/1,033E,14/01/2014,WP_P331_1.XLS,19/09/2014,16/09/2014,P,,GD,GD,GD,GD,GD,GD,GD,GD,1.55,1.24,0.04,0.04,0.05,0.05,0.05,0.05,,,,Negative,No
WP_P331/1,037E,14/01/2014,WP_P331_1.XLS,19/09/2014,16/09/2014,P,,GD,GD,GD,GD,GD,GD,GD,GD,1.71,1.52,0.04,0.04,0.05,0.05,0.05,0.05,,,,Negative,No
WP_P332/1,002K,28/01/2014,WP_P332_1.XLS,19/09/2014,16/09/2014,F,,GD,GD,GD,GD,GD,GD,GD,GD,1.03,0.92,0.05,0.06,0.06,0.06,0.06,0.06,,,LOW PWM,Negative,No
WP_P332/1,021E,28/01/2014,WP_P332_1.XLS,19/09/2014,16/09/2014,P,,GD,GD,GD,GD,GD,GD,GD,GD,1.53,1.24,0.06,0.06,0.06,0.06,0.06,0.06,,,,Negative,No
WP_P332/1,023E,28/01/2014,WP_P332_1.XLS,19/09/2014,16/09/2014,P,,GD,GD,GD,GD,GD,GD,GD,GD,1.29,1.06,0.05,0.05,0.05,0.05,0.05,0.05,,,,Negative,No
WP_P332/1,024E,28/01/2014,WP_P332_1.XLS,19/09/2014,16/09/2014,P,,GD,GD,GD,GD,GD,GD,GD,GD,1.71,1.41,0.05,0.05,0.05,0.05,0.05,0.05,,,,Negative,No
WP_P332/1,029N,28/01/2014,WP_P332_1.XLS,19/09/2014,16/09/2014,F,,GD,GD,GD,GD,GD,GD,GD,GD,0.63,0.48,0.05,0.05,0.06,0.05,0.05,0.06,,,LOW PWM,Negative,No
WP_P332/1,030N,28/01/2014,WP_P332_1.XLS,19/09/2014,16/09/2014,F,,GD,GD,GD,GD,GD,GD,GD,GD,0.34,0.32,0.05,0.05,0.21,0.21,0.06,0.06,,,LOW PWM,Positive,No
WP_P332/1,040E,28/01/2014,WP_P332_1.XLS,19/09/2014,16/09/2014,F,,GD,GD,GD,GD,GD,GD,GD,GD,0.95,0.71,0.04,0.04,0.04,0.04,0.04,0.05,,,LOW PWM,Negative,No
WP_P332/1,041E,28/01/2014,WP_P332_1.XLS,19/09/2014,16/09/2014,F,,GD,GD,GD,GD,GD,GD,GD,GD,0.54,0.36,0.05,0.05,0.05,0.05,0.05,0.06,,,LOW PWM,Negative,No
WP_P333/1,026E,28/01/2014,WP_P333_1.XLS,19/09/2014,16/09/2014,F,,GD,GD,GD,GD,GD,GD,GD,GD,0.51,0.42,0.05,0.05,0.05,0.05,0.05,0.05,,,LOW PWM,Negative,No
WP_P333/1,027E,28/01/2014,WP_P333_1.XLS,19/09/2014,16/09/2014,P,,GD,GD,GD,GD,GD,GD,GD,GD,2.45,2.15,0.08,0.08,0.08,0.08,0.06,0.07,,,,Negative,No
WP_P333/1,028F,28/01/2014,WP_P333_1.XLS,19/09/2014,16/09/2014,F,,GD,GD,GD,GD,GD,GD,GD,GD,0.26,0.22,0.06,0.06,0.24,0.23,0.06,0.08,,,LOW PWM,Positive,No
WP_P333/1,039K,28/01/2014,WP_P333_1.XLS,19/09/2014,16/09/2014,P,,GD,GD,GD,GD,GD,GD,GD,GD,2.26,2.09,0.05,0.05,0.09,0.09,0.06,0.06,,,,Negative,No
WP_P333/1,046E,28/01/2014,WP_P333_1.XLS,19/09/2014,16/09/2014,F,,GD,GD,GD,GD,GD,GD,GD,GD,0.47,0.4,0.05,0.05,0.05,0.05,0.05,0.05,,,LOW PWM,Negative,No
WP_P334/1,004A,21/05/2014,WP_P334_1.XLS,19/09/2014,16/09/2014,P,,GD,GD,GD,GD,GD,GD,GD,GD,1.58,1.53,0.05,0.05,0.05,0.05,0.05,0.05,,,,Negative,No
WP_P334/1,005A,21/05/2014,WP_P334_1.XLS,19/09/2014,16/09/2014,F,,GD,GD,GD,GD,GD,GD,GD,GD,0.62,0.58,0.05,0.04,0.04,0.04,0.05,0.04,,,LOW PWM,Negative,No
WP_P334/1,006A,21/05/2014,WP_P334_1.XLS,19/09/2014,16/09/2014,,,NS,NS,GD,GD,GD,GD,GD,GD,,,0.06,0.05,0.06,0.05,0.05,0.05,,NO SAMPLE,,,No
WP_P334/1,006L,21/05/2014,WP_P334_1.XLS,19/09/2014,16/09/2014,P,,GD,GD,GD,GD,GD,GD,GD,GD,1.58,1.54,0.06,0.06,0.31,0.28,0.05,0.05,,,,Positive,No
WP_P334/1,007A,21/05/2014,WP_P334_1.XLS,19/09/2014,16/09/2014,P,,GD,GD,GD,GD,GD,GD,GD,GD,1.74,1.72,0.05,0.05,0.05,0.05,0.05,0.05,,,,Negative,No
WP_P334/1,012E,21/05/2014,WP_P334_1.XLS,19/09/2014,16/09/2014,P,,GD,GD,GD,GD,GD,GD,GD,GD,2.4,2.44,0.05,0.05,0.1,0.09,0.05,0.05,,,,Positive,No
WP_P334/1,038E,21/05/2014,WP_P334_1.XLS,19/09/2014,16/09/2014,P,,GD,GD,GD,GD,GD,GD,GD,GD,1.06,0.97,0.05,0.05,0.08,0.08,0.05,0.05,,,,Negative,No
WP_P334/1,045B,21/05/2014,WP_P334_1.XLS,19/09/2014,16/09/2014,F,,GD,GD,GD,GD,GD,GD,GD,GD,0.77,0.69,0.05,0.07,0.05,0.05,0.05,0.05,,,LOW PWM,Negative,No
WP_P335/1,001K,03/06/2014,WP_P335_1.XLS,19/09/2014,16/09/2014,F,,GD,GD,GD,GD,GD,GD,GD,GD,0.42,0.29,0.05,0.05,0.15,0.12,0.06,0.05,,,LOW PWM,Positive,No
WP_P335/1,004E,03/06/2014,WP_P335_1.XLS,19/09/2014,16/09/2014,F,,GD,GD,GD,GD,GD,GD,GD,GD,0.84,0.68,0.05,0.05,0.05,0.05,0.05,0.05,,,LOW PWM,Negative,No
WP_P335/1,008A,03/06/2014,WP_P335_1.XLS,19/09/2014,16/09/2014,P,,GD,GD,GD,GD,GD,GD,GD,GD,2.35,1.98,0.05,0.05,0.05,0.05,0.05,0.05,,,,Negative,No
WP_P335/1,009A,03/06/2014,WP_P335_1.XLS,19/09/2014,16/09/2014,P,,GD,GD,GD,GD,GD,GD,GD,GD,1.6,1.32,0.05,0.05,0.05,0.05,0.05,0.05,,,,Negative,No
WP_P335/1,010E,03/06/2014,WP_P335_1.XLS,19/09/2014,16/09/2014,P,,GD,GD,GD,GD,GD,GD,GD,GD,2.31,1.97,0.06,0.05,0.54,0.49,0.05,0.05,,,,Positive,No
WP_P335/1,010P,03/06/2014,WP_P335_1.XLS,19/09/2014,16/09/2014,F,,GD,GD,GD,GD,GD,GD,GD,GD,0.64,0.46,0.05,0.05,0.05,0.05,0.05,0.07,,,LOW PWM,Negative,No
WP_P335/1,013E,03/06/2014,WP_P335_1.XLS,19/09/2014,16/09/2014,P,,GD,GD,GD,GD,GD,GD,GD,GD,2.14,1.99,0.05,0.05,0.05,0.05,0.05,0.06,,,,Negative,No
WP_P335/1,015P,03/06/2014,WP_P335_1.XLS,19/09/2014,16/09/2014,F,,GD,GD,GD,GD,GD,GD,GD,GD,0.86,0.74,0.06,0.05,0.06,0.06,0.05,0.05,,,LOW PWM,Negative,No
WP_P336/1,006E,03/06/2014,WP_P336_1.XLS,19/09/2014,16/09/2014,F,,GD,GD,GD,GD,GD,GD,GD,GD,0.62,0.46,0.05,0.05,0.05,0.06,0.06,0.08,,,LOW PWM,Negative,No
WP_P336/1,010A,03/06/2014,WP_P336_1.XLS,19/09/2014,16/09/2014,P,,GD,GD,GD,GD,GD,GD,GD,GD,1.53,1.42,0.06,0.05,0.05,0.05,0.05,0.05,,,,Negative,No
WP_P336/1,011A,03/06/2014,WP_P336_1.XLS,19/09/2014,16/09/2014,F,,GD,GD,GD,GD,GD,GD,GD,GD,0.59,0.52,0.05,0.05,0.05,0.05,0.05,0.07,,,LOW PWM,Negative,No
WP_P336/1,031E,21/05/2014,WP_P336_1.XLS,19/09/2014,16/09/2014,F,,GD,GD,GD,GD,GD,GD,GD,GD,0.47,0.41,0.05,0.05,0.06,0.06,0.05,0.06,,,LOW PWM,Negative,No
WP_P336/1,032E,03/06/2014,WP_P336_1.XLS,19/09/2014,16/09/2014,P,,GD,GD,GD,GD,GD,GD,GD,GD,1.61,1.32,0.05,0.05,0.05,0.05,0.06,0.07,,,,Negative,No
WP_P336/1,052K,03/06/2014,WP_P336_1.XLS,19/09/2014,16/09/2014,P,,GD,GD,GD,GD,GD,GD,GD,GD,1.9,1.64,0.06,0.06,0.08,0.07,0.07,0.1,,,,Negative,No
WP_P337/1,001A,20/05/2014,WP_P337_1.XLS,22/09/2014,17/09/2014,F,,GD,GD,GD,GD,GD,GD,GD,GD,0.04,0.04,0.05,0.05,0.04,0.05,0.04,0.04,,,LOW PWM,Negative,No
WP_P337/1,002A,20/05/2014,WP_P337_1.XLS,22/09/2014,17/09/2014,F,,GD,GD,GD,GD,GD,GD,GD,GD,0.95,0.69,0.04,0.04,0.04,0.18,0.04,0.04,B OUTLIER,,LOW PWM,,No
WP_P337/1,003A,20/05/2014,WP_P337_1.XLS,22/09/2014,17/09/2014,P,,GD,GD,GD,GD,GD,GD,GD,GD,1.58,1.29,0.04,0.04,0.04,0.04,0.04,0.05,,,,Negative,No
WP_P337/1,015E,20/05/2014,WP_P337_1.XLS,22/09/2014,17/09/2014,F,,GD,GD,GD,GD,GD,GD,GD,GD,0.07,0.06,0.04,0.04,0.04,0.04,0.04,0.03,,,LOW PWM,Negative,No
WP_P337/1,029E,20/05/2014,WP_P337_1.XLS,22/09/2014,17/09/2014,F,,GD,GD,GD,GD,GD,GD,GD,GD,0.75,0.51,0.04,0.04,0.12,0.13,0.05,0.05,,,LOW PWM,Positive,No
WP_P337/1,030E,20/05/2014,WP_P337_1.XLS,22/09/2014,17/09/2014,F,,GD,GD,GD,GD,GD,GD,GD,GD,0.91,0.66,0.05,0.05,0.34,0.32,0.05,0.06,,,LOW PWM,Positive,No
WP_P337/1,037E,20/05/2014,WP_P337_1.XLS,22/09/2014,17/09/2014,P,,GD,GD,GD,GD,GD,GD,GD,GD,2.65,2.42,0.06,0.05,0.09,0.08,0.05,0.05,,,,Negative,No
WP_P337/1,058Y,20/05/2014,WP_P337_1.XLS,22/09/2014,17/09/2014,P,,GD,GD,GD,GD,GD,GD,GD,GD,1.91,1.46,0.19,0.19,0.08,0.07,0.05,0.05,,,,Negative,No
WP_P337/2,002A,20/05/2014,WP_P337_2.XLS,24/09/2014,24/09/2014,P,,GD,GD,GD,GD,GD,GD,GD,GD,1.19,1.13,0.05,0.04,0.04,0.04,0.05,0.05,,,,Negative,No
WP_P338/1,003E,20/05/2014,WP_P338_1.XLS,22/09/2014,17/09/2014,P,,GD,GD,GD,GD,GD,GD,GD,GD,1.42,1.09,0.04,0.04,0.31,0.32,0.04,0.04,,,,Positive,No
WP_P338/1,009P,04/06/2014,WP_P338_1.XLS,22/09/2014,17/09/2014,F,,GD,GD,GD,GD,GD,GD,GD,GD,0.93,0.6,0.05,0.05,0.05,0.05,0.05,0.05,,,LOW PWM,Negative,No
WP_P338/1,012A,04/06/2014,WP_P338_1.XLS,22/09/2014,17/09/2014,P,,GD,GD,GD,GD,GD,GD,GD,GD,1.74,1.4,0.04,0.04,0.04,0.04,0.04,0.05,,,,Negative,No
WP_P338/1,013A,04/06/2014,WP_P338_1.XLS,22/09/2014,17/09/2014,P,,GD,GD,GD,GD,GD,GD,GD,GD,1.74,1.54,0.05,0.06,0.05,0.05,0.05,0.05,,,,Negative,No
WP_P338/1,023N,20/05/2014,WP_P338_1.XLS,22/09/2014,17/09/2014,P,,GD,GD,GD,GD,GD,GD,GD,GD,1.81,1.05,0.04,0.04,0.05,0.05,0.04,0.04,,,,Negative,No
WP_P338/1,025E,20/05/2014,WP_P338_1.XLS,22/09/2014,17/09/2014,P,,GD,GD,GD,GD,GD,GD,GD,GD,2.02,1.56,0.05,0.04,0.04,0.05,0.04,0.05,,,,Negative,No
WP_P338/1,033K,20/05/2014,WP_P338_1.XLS,22/09/2014,17/09/2014,P,,GD,GD,GD,GD,GD,GD,GD,GD,1.33,0.89,0.04,0.04,0.04,0.04,0.04,0.05,,,,Negative,No
WP_P338/1,044E,20/05/2014,WP_P338_1.XLS,22/09/2014,17/09/2014,P,,GD,GD,GD,GD,GD,GD,GD,GD,1.31,1.07,0.05,0.05,0.05,0.05,0.05,0.05,,,,Negative,No
WP_P339/1,014A,24/06/2014,WP_P339_1.XLS,22/09/2014,17/09/2014,F,,GD,GD,GD,GD,GD,GD,GD,GD,1.13,0.77,0.04,0.04,0.04,0.04,0.04,0.05,,,LOW PWM,Negative,No
WP_P339/1,019E,24/06/2014,WP_P339_1.XLS,22/09/2014,17/09/2014,F,,GD,GD,GD,GD,GD,GD,GD,GD,1.07,0.71,0.05,0.04,0.04,0.04,0.04,0.07,,,LOW PWM,Negative,No
WP_P339/1,021E,24/06/2014,WP_P339_1.XLS,22/09/2014,17/09/2014,F,,GD,GD,GD,GD,GD,GD,GD,GD,0.51,0.43,0.07,0.07,0.24,0.24,0.06,0.07,,,LOW PWM,Positive,No
WP_P339/1,027E,24/06/2014,WP_P339_1.XLS,22/09/2014,17/09/2014,P,,GD,GD,GD,GD,GD,GD,GD,GD,1.28,0.98,0.05,0.05,0.05,0.06,0.04,0.04,,,,Negative,No
WP_P339/1,051E,24/06/2014,WP_P339_1.XLS,22/09/2014,17/09/2014,P,,GD,GD,GD,GD,GD,GD,GD,GD,1.7,1.34,0.05,0.05,0.05,0.04,0.05,0.05,,,,Negative,No
WP_P339/1,054K,24/06/2014,WP_P339_1.XLS,22/09/2014,17/09/2014,F,,GD,GD,GD,GD,GD,GD,GD,GD,0.47,0.33,0.04,0.04,0.05,0.05,0.05,0.05,,,LOW PWM,Negative,No
WP_P339/1,056E,24/06/2014,WP_P339_1.XLS,22/09/2014,17/09/2014,P,,GD,GD,GD,GD,GD,GD,GD,GD,1.18,0.82,0.04,0.04,0.05,0.04,0.05,0.05,,,,Negative,No
WP_P339/1,070P,24/06/2014,WP_P339_1.XLS,22/09/2014,17/09/2014,F,,GD,GD,GD,GD,GD,GD,GD,GD,0.93,0.69,0.05,0.05,0.05,0.05,0.05,0.08,,,LOW PWM,Negative,No
WP_P34/1,001Y,09/01/2007,WP_P34_1.XLS,16/04/2007,14/02/2007,P,,GD,GD,GD,GD,GD,GD,GD,GD,2.11,1.92,0.26,0.25,0.27,0.23,0.21,0.22,,,,Negative,No
WP_P34/1,036R,09/01/2007,WP_P34_1.XLS,16/04/2007,14/02/2007,P,,GD,GD,GD,GD,GD,GD,GD,GD,2.78,2.96,0.25,0.23,0.21,0.2,0.21,0.21,,,,Negative,No
WP_P34/1,049W,09/01/2007,WP_P34_1.XLS,16/04/2007,14/02/2007,P,,GD,GD,GD,GD,GD,GD,GD,GD,2.77,2.59,0.24,0.23,0.24,0.23,0.2,0.21,,,,Negative,No
WP_P34/1,052W,09/01/2007,WP_P34_1.XLS,16/04/2007,14/02/2007,P,,GD,GD,GD,GD,GD,GD,GD,GD,2.83,2.66,0.25,0.24,0.29,0.22,0.21,0.2,,,,Negative,No
WP_P34/1,056B,09/01/2007,WP_P34_1.XLS,16/04/2007,14/02/2007,P,,GD,GD,GD,GD,GD,GD,GD,GD,2.64,2.78,0.28,0.27,0.25,0.25,0.24,0.24,NIL AVG HIGH,,,,No
WP_P34/2,056B,09/01/2007,WP_P34_2.XLS,21/05/2007,18/05/2007,P,,GD,GD,GD,GD,GD,GD,GD,GD,2.79,2.96,0.05,0.05,0.05,0.05,0.06,0.06,,,,Negative,No
WP_P340/1,001P,24/06/2014,WP_P340_1.XLS,22/09/2014,17/09/2014,F,,GD,GD,GD,GD,GD,GD,GD,GD,0.5,0.4,0.05,0.05,0.42,0.41,0.05,0.05,,,LOW PWM,Positive,No
WP_P340/1,005L,24/06/2014,WP_P340_1.XLS,22/09/2014,17/09/2014,F,,GD,GD,GD,GD,GD,GD,GD,GD,1.09,0.84,0.05,0.05,0.05,0.05,0.05,0.06,,,LOW PWM,Negative,No
WP_P340/1,015A,24/06/2014,WP_P340_1.XLS,22/09/2014,17/09/2014,P,,GD,GD,GD,GD,GD,GD,GD,GD,3.05,2.82,0.05,0.04,0.04,0.04,0.04,0.04,,,,Negative,No
WP_P340/1,016A,24/06/2014,WP_P340_1.XLS,22/09/2014,17/09/2014,P,,GD,GD,GD,GD,GD,GD,GD,GD,2.85,2.82,0.04,0.04,0.04,0.04,0.04,0.05,,,,Negative,No
WP_P340/1,017A,24/06/2014,WP_P340_1.XLS,22/09/2014,17/09/2014,P,,GD,GD,GD,GD,GD,GD,GD,GD,1.84,1.53,0.05,0.04,0.04,0.05,0.04,0.05,,,,Negative,No
WP_P340/1,022E,24/06/2014,WP_P340_1.XLS,22/09/2014,17/09/2014,P,,GD,GD,GD,GD,GD,GD,GD,GD,1.38,1.28,0.06,0.06,0.13,0.12,0.05,0.05,,,,Positive,No
WP_P340/1,026E,24/06/2014,WP_P340_1.XLS,22/09/2014,17/09/2014,F,,GD,GD,GD,GD,GD,GD,GD,GD,0.76,0.6,0.05,0.04,0.05,0.05,0.04,0.05,,,LOW PWM,Negative,No
WP_P340/1,042E,24/06/2014,WP_P340_1.XLS,22/09/2014,17/09/2014,P,,GD,GD,GD,GD,GD,GD,GD,GD,1.3,1.05,0.05,0.05,0.05,0.05,0.04,0.05,,,,Negative,No
WP_P341/1,018A,24/06/2014,WP_P341_1.XLS,22/09/2014,17/09/2014,P,,GD,GD,GD,GD,GD,GD,GD,GD,1.86,1.6,0.07,0.06,0.06,0.06,0.05,0.05,,,,Negative,No
WP_P341/1,019A,24/06/2014,WP_P341_1.XLS,22/09/2014,17/09/2014,P,,GD,GD,GD,GD,GD,GD,GD,GD,2.11,1.67,0.05,0.05,0.05,0.05,0.05,0.05,,,,Negative,No
WP_P341/1,020A,24/06/2014,WP_P341_1.XLS,22/09/2014,17/09/2014,P,,GD,GD,GD,GD,GD,GD,GD,GD,3.07,2.94,0.05,0.05,0.05,0.05,0.05,0.05,,,,Negative,No
WP_P341/1,021A,24/06/2014,WP_P341_1.XLS,22/09/2014,17/09/2014,F,,GD,GD,GD,GD,GD,GD,GD,GD,0.24,0.16,0.07,0.05,0.06,0.06,0.06,0.06,,,LOW PWM,Negative,No
WP_P341/1,022A,24/06/2014,WP_P341_1.XLS,22/09/2014,17/09/2014,P,,GD,GD,GD,GD,GD,GD,GD,GD,2.59,2.4,0.05,0.05,0.05,0.04,0.05,0.05,,,,Negative,No
WP_P341/1,023A,24/06/2014,WP_P341_1.XLS,22/09/2014,17/09/2014,P,,GD,GD,GD,GD,GD,GD,GD,GD,2.86,2.71,0.05,0.05,0.05,0.05,0.05,0.05,,,,Negative,No
WP_P341/1,024B,24/06/2014,WP_P341_1.XLS,22/09/2014,17/09/2014,P,,GD,GD,GD,GD,GD,GD,GD,GD,1.4,1.06,0.05,0.05,0.06,0.06,0.05,0.06,,,,Negative,No
WP_P341/1,063W,24/06/2014,WP_P341_1.XLS,22/09/2014,17/09/2014,P,,GD,GD,GD,GD,GD,GD,GD,GD,1.18,0.93,0.06,0.05,0.05,0.05,0.05,0.07,,,,Negative,No
WP_P342/1,024A,25/06/2014,WP_P342_1.XLS,22/09/2014,17/09/2014,P,,GD,GD,GD,GD,GD,GD,GD,GD,1.69,1.35,0.09,0.08,0.08,0.07,0.05,0.05,,,,Negative,No
WP_P342/1,025A,25/06/2014,WP_P342_1.XLS,22/09/2014,17/09/2014,P,,GD,GD,GD,GD,GD,GD,GD,GD,2.9,2.65,0.07,0.06,0.06,0.06,0.05,0.05,,,,Negative,No
WP_P342/1,026A,25/06/2014,WP_P342_1.XLS,22/09/2014,17/09/2014,P,,GD,GD,GD,GD,GD,GD,GD,GD,1.8,1.38,0.05,0.05,0.05,0.04,0.04,0.05,,,,Negative,No
WP_P342/1,027A,25/06/2014,WP_P342_1.XLS,22/09/2014,17/09/2014,,,GD,IV,GD,GD,GD,GD,GD,GD,0.8,,0.05,0.05,0.05,0.05,0.05,0.05,MISSING ODs,,,,No
WP_P342/1,028A,25/06/2014,WP_P342_1.XLS,22/09/2014,17/09/2014,P,,GD,GD,GD,GD,GD,GD,GD,GD,1.98,1.59,0.05,0.04,0.05,0.04,0.05,0.05,,,,Negative,No
WP_P342/1,029A,25/06/2014,WP_P342_1.XLS,22/09/2014,17/09/2014,P,,GD,GD,GD,GD,GD,GD,GD,GD,2.14,2.02,0.05,0.05,0.05,0.05,0.05,0.05,,,,Negative,No
WP_P342/1,039K,25/06/2014,WP_P342_1.XLS,22/09/2014,17/09/2014,P,,GD,GD,GD,GD,GD,GD,GD,GD,1.46,1.02,0.05,0.05,0.09,0.09,0.05,0.05,,,,Negative,No
WP_P342/1,047E,25/06/2014,WP_P342_1.XLS,22/09/2014,17/09/2014,P,,GD,GD,GD,GD,GD,GD,GD,GD,3.03,2.78,0.05,0.05,0.05,0.05,0.05,0.05,,,,Negative,No
WP_P342/2,027A,25/06/2014,WP_P342_2.XLS,24/09/2014,24/09/2014,F,,GD,GD,GD,GD,GD,GD,GD,GD,0.68,0.5,0.05,0.04,0.05,0.04,0.04,0.05,,,LOW PWM,Negative,No
WP_P343/1,020E,24/06/2014,WP_P343_1.XLS,22/09/2014,17/09/2014,P,,GD,GD,GD,GD,GD,GD,GD,GD,2.48,1.98,0.08,0.05,0.06,0.05,0.05,0.06,,,,Negative,No
WP_P343/1,028F,25/06/2014,WP_P343_1.XLS,22/09/2014,17/09/2014,F,,GD,GD,GD,GD,GD,GD,GD,GD,0.85,0.5,0.06,0.05,0.07,0.06,0.05,0.05,,,LOW PWM,Negative,No
WP_P343/1,035K,24/06/2014,WP_P343_1.XLS,22/09/2014,17/09/2014,F,,GD,GD,GD,GD,GD,GD,GD,GD,0.84,0.56,0.06,0.05,0.05,0.06,0.05,0.06,,,LOW PWM,Negative,No
WP_P343/1,036L,04/06/2014,WP_P343_1.XLS,22/09/2014,17/09/2014,P,,GD,GD,GD,GD,GD,GD,GD,GD,2.51,1.83,0.05,0.05,0.06,0.05,0.04,0.05,,,,Negative,No
WP_P343/1,046E,24/06/2014,WP_P343_1.XLS,22/09/2014,17/09/2014,F,,GD,GD,GD,GD,GD,GD,GD,GD,0.89,0.63,0.07,0.06,0.05,0.05,0.05,0.05,,,LOW PWM,Negative,No
WP_P343/1,050K,04/06/2014,WP_P343_1.XLS,22/09/2014,17/09/2014,F,,GD,GD,GD,GD,GD,GD,GD,GD,0.63,0.39,0.05,0.05,0.05,0.05,0.04,0.05,,,LOW PWM,Negative,No
WP_P343/1,053K,24/06/2014,WP_P343_1.XLS,22/09/2014,17/09/2014,F,,GD,GD,GD,GD,GD,GD,GD,GD,1.03,0.7,0.06,0.05,0.06,0.05,0.05,0.05,,,LOW PWM,Negative,No
WP_P344/1,002E,12/08/2014,WP_P344_1.XLS,22/09/2014,18/09/2014,P,,GD,GD,GD,GD,GD,GD,GD,GD,2.18,1.75,0.04,0.04,0.95,0.99,0.04,0.04,,,,Positive,No
WP_P344/1,004A,12/08/2014,WP_P344_1.XLS,22/09/2014,18/09/2014,P,,GD,GD,GD,GD,GD,GD,GD,GD,2.9,2.52,0.04,0.04,0.04,0.04,0.04,0.05,,,,Negative,No
WP_P344/1,005A,12/08/2014,WP_P344_1.XLS,22/09/2014,18/09/2014,P,,GD,GD,GD,GD,GD,GD,GD,GD,2.2,1.52,0.04,0.04,0.04,0.04,0.04,0.04,,,,Negative,No
WP_P344/1,006A,12/08/2014,WP_P344_1.XLS,22/09/2014,18/09/2014,P,,GD,GD,GD,GD,GD,GD,GD,GD,1.18,0.96,0.04,0.04,0.04,0.04,0.04,0.04,,,,Negative,No
WP_P344/1,029E,12/08/2014,WP_P344_1.XLS,22/09/2014,18/09/2014,F,,GD,GD,GD,GD,GD,GD,GD,GD,0.28,0.19,0.04,0.04,0.05,0.05,0.04,0.05,,,LOW PWM,Negative,No
WP_P344/1,030A,12/08/2014,WP_P344_1.XLS,22/09/2014,18/09/2014,P,,GD,GD,GD,GD,GD,GD,GD,GD,1.22,1,0.05,0.04,0.09,0.09,0.04,0.04,,,,Positive,No
WP_P344/1,030L,12/08/2014,WP_P344_1.XLS,22/09/2014,18/09/2014,F,,GD,GD,GD,GD,GD,GD,GD,GD,1.11,0.85,0.04,0.04,0.12,0.09,0.04,0.08,,,LOW PWM,Positive,No
WP_P344/1,031A,12/08/2014,WP_P344_1.XLS,22/09/2014,18/09/2014,P,,GD,GD,GD,GD,GD,GD,GD,GD,2.7,2.33,0.04,0.04,0.05,0.05,0.04,0.05,,,,Negative,No
WP_P345/1,007F,20/08/2014,WP_P345_1.XLS,22/09/2014,18/09/2014,P,,GD,GD,GD,GD,GD,GD,GD,GD,1.53,1.4,0.05,0.05,0.52,0.49,0.04,0.04,,,,Positive,No
WP_P345/1,041A,20/08/2014,WP_P345_1.XLS,22/09/2014,18/09/2014,P,,GD,GD,GD,GD,GD,GD,GD,GD,1.78,1.42,0.05,0.05,0.05,0.04,0.04,0.04,,,,Negative,No
WP_P346/1,002A,12/08/2014,WP_P346_1.XLS,23/09/2014,18/09/2014,P,,GD,GD,GD,GD,GD,GD,GD,GD,1.9,1.49,0.04,0.04,0.05,0.04,0.04,0.05,,,,Negative,No
WP_P346/1,003A,12/08/2014,WP_P346_1.XLS,23/09/2014,18/09/2014,P,,GD,GD,GD,GD,GD,GD,GD,GD,1.96,1.62,0.04,0.04,0.04,0.04,0.04,0.05,,,,Negative,No
WP_P346/1,007A,13/08/2014,WP_P346_1.XLS,23/09/2014,18/09/2014,P,,GD,GD,GD,GD,GD,GD,GD,GD,2.83,2.77,0.04,0.04,0.1,0.09,0.04,0.04,,,,Positive,No
WP_P346/1,012E,12/08/2014,WP_P346_1.XLS,23/09/2014,18/09/2014,P,,GD,GD,GD,GD,GD,GD,GD,GD,1.54,1.36,0.05,0.06,0.2,0.2,0.04,0.05,,,,Positive,No
WP_P346/1,025E,12/08/2014,WP_P346_1.XLS,23/09/2014,18/09/2014,P,,GD,GD,GD,GD,GD,GD,GD,GD,2.16,1.82,0.05,0.05,0.05,0.05,0.04,0.05,,,,Negative,No
WP_P346/1,032A,12/08/2014,WP_P346_1.XLS,23/09/2014,18/09/2014,F,,GD,GD,GD,GD,GD,GD,GD,GD,0.69,0.55,0.05,0.05,0.04,0.04,0.04,0.04,,,LOW PWM,Negative,No
WP_P346/1,037E,12/08/2014,WP_P346_1.XLS,23/09/2014,18/09/2014,P,,GD,GD,GD,GD,GD,GD,GD,GD,2.36,2.15,0.05,0.04,0.16,0.15,0.04,0.04,,,,Positive,No
WP_P346/1,049B,13/08/2014,WP_P346_1.XLS,23/09/2014,18/09/2014,F,,GD,GD,GD,GD,GD,GD,GD,GD,0.86,0.76,0.08,0.08,0.09,0.08,0.08,0.08,,,LOW PWM,Negative,No
WP_P347/1,006E,20/08/2014,WP_P347_1.XLS,22/09/2014,18/09/2014,F,,GD,GD,GD,GD,GD,GD,GD,GD,0.7,0.51,0.05,0.05,0.05,0.05,0.05,0.05,,,LOW PWM,Negative,No
WP_P347/1,010P,20/08/2014,WP_P347_1.XLS,22/09/2014,18/09/2014,F,,GD,GD,GD,GD,GD,GD,GD,GD,0.59,0.42,0.05,0.04,0.04,0.05,0.05,0.05,,,LOW PWM,Negative,No
WP_P347/1,012L,13/08/2014,WP_P347_1.XLS,22/09/2014,18/09/2014,P,,GD,GD,GD,GD,GD,GD,GD,GD,2.65,2.2,0.05,0.06,0.58,0.55,0.05,0.05,,,,Positive,No
WP_P347/1,016P,13/08/2014,WP_P347_1.XLS,22/09/2014,18/09/2014,P,,GD,GD,GD,GD,GD,GD,GD,GD,1.66,1.35,0.05,0.05,0.05,0.05,0.05,0.05,,,,Negative,No
WP_P347/1,020L,20/08/2014,WP_P347_1.XLS,22/09/2014,18/09/2014,F,,GD,GD,GD,GD,GD,GD,GD,GD,0.7,0.51,0.04,0.05,0.05,0.05,0.04,0.05,,,LOW PWM,Negative,No
WP_P347/1,024Y,14/08/2014,WP_P347_1.XLS,22/09/2014,18/09/2014,F,,GD,GD,GD,GD,GD,GD,GD,GD,0.85,0.61,0.04,0.04,0.05,0.04,0.04,0.05,,,LOW PWM,Negative,No
WP_P347/1,034A,13/08/2014,WP_P347_1.XLS,22/09/2014,18/09/2014,F,,GD,GD,GD,GD,GD,GD,GD,GD,0.05,0.05,0.04,0.04,0.04,0.04,0.04,0.05,,,LOW PWM,Negative,No
WP_P347/1,040A,20/08/2014,WP_P347_1.XLS,22/09/2014,18/09/2014,P,,GD,GD,GD,GD,GD,GD,GD,GD,2.69,2.43,0.07,0.07,0.06,0.06,0.05,0.06,,,,Negative,No
WP_P348/1,010A,19/08/2014,WP_P348_1.XLS,22/09/2014,18/09/2014,P,,GD,GD,GD,GD,GD,GD,GD,GD,2.25,1.89,0.05,0.05,0.05,0.05,0.05,0.05,,,,Negative,No
WP_P348/1,010E,19/08/2014,WP_P348_1.XLS,22/09/2014,18/09/2014,P,,GD,GD,GD,GD,GD,GD,GD,GD,2.18,1.73,0.04,0.04,0.12,0.11,0.05,0.09,,,,Positive,No
WP_P348/1,011A,19/08/2014,WP_P348_1.XLS,22/09/2014,18/09/2014,P,,GD,GD,GD,GD,GD,GD,GD,GD,1.22,0.91,0.05,0.05,0.04,0.05,0.04,0.06,,,,Negative,No
WP_P348/1,021L,19/08/2014,WP_P348_1.XLS,22/09/2014,18/09/2014,P,,GD,GD,GD,GD,GD,GD,GD,GD,1.42,1.02,0.05,0.04,0.04,0.04,0.05,0.08,,,,Negative,No
WP_P348/1,035A,19/08/2014,WP_P348_1.XLS,22/09/2014,18/09/2014,P,,GD,GD,GD,GD,GD,GD,GD,GD,1.39,0.96,0.11,0.1,0.11,0.11,0.13,0.28,,,,Negative,No
WP_P348/1,036A,19/08/2014,WP_P348_1.XLS,22/09/2014,18/09/2014,P,,GD,GD,GD,GD,GD,GD,GD,GD,2.5,2.14,0.05,0.05,0.05,0.05,0.05,0.1,,,,Negative,No
WP_P348/1,036E,19/08/2014,WP_P348_1.XLS,22/09/2014,18/09/2014,F,,GD,GD,GD,GD,GD,GD,GD,GD,0.87,0.72,0.05,0.06,0.05,0.05,0.06,0.07,,,LOW PWM,Negative,No
WP_P348/1,049E,19/08/2014,WP_P348_1.XLS,22/09/2014,18/09/2014,P,,GD,GD,GD,GD,GD,GD,GD,GD,1.44,1.03,0.05,0.05,0.04,0.04,0.09,0.07,,,,Negative,No
WP_P349/1,009A,19/08/2014,WP_P349_1.XLS,22/09/2014,18/09/2014,P,,GD,GD,GD,GD,GD,GD,GD,GD,2.86,2.67,0.05,0.05,0.05,0.05,0.05,0.05,,,,Negative,No
WP_P349/1,012A,19/08/2014,WP_P349_1.XLS,22/09/2014,18/09/2014,F,,GD,GD,GD,GD,GD,GD,GD,GD,0.77,0.52,0.04,0.04,0.23,0.24,0.04,0.05,,,LOW PWM,Positive,No
WP_P349/1,013A,19/08/2014,WP_P349_1.XLS,22/09/2014,18/09/2014,P,,GD,GD,GD,GD,GD,GD,GD,GD,2.65,2.31,0.05,0.04,0.05,0.04,0.04,0.05,,,,Negative,No
WP_P349/1,019L,19/08/2014,WP_P349_1.XLS,22/09/2014,18/09/2014,P,,GD,GD,GD,GD,GD,GD,GD,GD,2.55,2.27,0.04,0.04,0.04,0.04,0.05,0.05,,,,Negative,No
WP_P349/1,033E,19/08/2014,WP_P349_1.XLS,22/09/2014,18/09/2014,P,,GD,GD,GD,GD,GD,GD,GD,GD,1.63,1.25,0.05,0.05,0.05,0.05,0.04,0.05,,,,Negative,No
WP_P349/1,037A,19/08/2014,WP_P349_1.XLS,22/09/2014,18/09/2014,P,,GD,GD,GD,GD,GD,GD,GD,GD,2.13,1.66,0.05,0.05,0.04,0.05,0.05,0.05,,,,Negative,No
WP_P349/1,051K,19/08/2014,WP_P349_1.XLS,22/09/2014,18/09/2014,P,,GD,GD,GD,GD,GD,GD,GD,GD,1.5,1.11,0.05,0.05,0.06,0.05,0.05,0.05,,,,Negative,No
WP_P349/1,053K,19/08/2014,WP_P349_1.XLS,22/09/2014,18/09/2014,F,,GD,GD,GD,GD,GD,GD,GD,GD,0.69,0.5,0.05,0.05,0.05,0.05,0.05,0.06,,,LOW PWM,Negative,No
WP_P35/1,012B,10/01/2007,WP_P35_1.XLS,16/04/2007,15/02/2007,P,,GD,GD,GD,GD,GD,GD,GD,GD,2.63,2.22,0.15,0.14,0.14,0.14,0.16,0.15,,,,Negative,No
WP_P350/1,008A,19/08/2014,WP_P350_1.XLS,22/09/2014,18/09/2014,P,,GD,GD,GD,GD,GD,GD,GD,GD,2.59,2.25,0.05,0.05,0.05,0.05,0.05,0.06,,,,Negative,No
WP_P350/1,009P,19/08/2014,WP_P350_1.XLS,22/09/2014,18/09/2014,P,,GD,GD,GD,GD,GD,GD,GD,GD,1.37,1.03,0.06,0.05,0.05,0.06,0.05,0.05,,,,Negative,No
WP_P350/1,013E,19/08/2014,WP_P350_1.XLS,22/09/2014,18/09/2014,P,,GD,GD,GD,GD,GD,GD,GD,GD,1.24,0.8,0.05,0.05,0.05,0.05,0.05,0.05,,,,Negative,No
WP_P350/1,015P,19/08/2014,WP_P350_1.XLS,22/09/2014,18/09/2014,F,,GD,GD,GD,GD,GD,GD,GD,GD,0.99,0.7,0.05,0.05,0.05,0.05,0.05,0.05,,,LOW PWM,Negative,No
WP_P350/1,019P,19/08/2014,WP_P350_1.XLS,22/09/2014,18/09/2014,P,,GD,GD,GD,GD,GD,GD,GD,GD,2.12,1.66,0.05,0.05,0.09,0.07,0.05,0.05,,,,Negative,No
WP_P350/1,038A,19/08/2014,WP_P350_1.XLS,22/09/2014,18/09/2014,P,,GD,GD,GD,GD,GD,GD,GD,GD,1.73,1.25,0.05,0.05,0.06,0.06,0.05,0.06,,,,Negative,No
WP_P350/1,039A,19/08/2014,WP_P350_1.XLS,22/09/2014,18/09/2014,P,,GD,GD,GD,GD,GD,GD,GD,GD,2.1,1.63,0.05,0.05,0.4,0.39,0.05,0.05,,,,Positive,No
WP_P351/1,017A,09/09/2014,WP_P351_1.XLS,22/09/2014,19/09/2014,P,,GD,GD,GD,GD,GD,GD,GD,GD,1.65,1.42,0.04,0.04,0.71,0.69,0.05,0.05,,,,Positive,No
WP_P351/1,020A,09/09/2014,WP_P351_1.XLS,22/09/2014,19/09/2014,P,,GD,GD,GD,GD,GD,GD,GD,GD,1.84,1.48,0.04,0.04,0.04,0.04,0.04,0.05,,,,Negative,No
WP_P351/1,029A,09/09/2014,WP_P351_1.XLS,22/09/2014,19/09/2014,P,,GD,GD,GD,GD,GD,GD,GD,GD,3.01,2.97,0.04,0.05,0.04,0.04,0.04,0.04,,,,Negative,No
WP_P351/1,044A,09/09/2014,WP_P351_1.XLS,22/09/2014,19/09/2014,P,,GD,GD,GD,GD,GD,GD,GD,GD,1.62,1.18,0.04,0.04,0.04,0.04,0.04,0.04,,,,Negative,No
WP_P351/1,045A,09/09/2014,WP_P351_1.XLS,22/09/2014,19/09/2014,P,,GD,GD,GD,GD,GD,GD,GD,GD,1.46,1.1,0.04,0.04,0.04,0.05,0.04,0.05,,,,Negative,No
WP_P351/1,046A,09/09/2014,WP_P351_1.XLS,22/09/2014,19/09/2014,F,,GD,GD,GD,GD,GD,GD,GD,GD,0.04,0.05,0.04,0.04,0.05,0.04,0.04,0.05,,,LOW PWM,Negative,No
WP_P352/1,019A,09/09/2014,WP_P352_1.XLS,22/09/2014,19/09/2014,P,,GD,GD,GD,GD,GD,GD,GD,GD,2.62,2.51,0.05,0.04,0.05,0.07,0.06,0.06,,,,Negative,No
WP_P352/1,021A,09/09/2014,WP_P352_1.XLS,22/09/2014,19/09/2014,F,,GD,GD,GD,GD,GD,GD,GD,GD,0.59,0.51,0.07,0.08,0.31,0.29,0.07,0.08,,,LOW PWM,Positive,No
WP_P352/1,026E,09/09/2014,WP_P352_1.XLS,22/09/2014,19/09/2014,F,,GD,GD,GD,GD,GD,GD,GD,GD,0.24,0.2,0.06,0.05,0.06,0.06,0.05,0.05,,,LOW PWM,Negative,No
WP_P352/1,030N,09/09/2014,WP_P352_1.XLS,22/09/2014,19/09/2014,P,,GD,GD,GD,GD,GD,GD,GD,GD,2.88,2.88,0.07,0.07,2.96,3.12,0.07,0.07,,,,Positive,No
WP_P352/1,033K,09/09/2014,WP_P352_1.XLS,22/09/2014,19/09/2014,P,,GD,GD,GD,GD,GD,GD,GD,GD,1.17,1.04,0.04,0.05,0.11,0.12,0.05,0.05,,,,Positive,No
WP_P352/1,039K,09/09/2014,WP_P352_1.XLS,22/09/2014,19/09/2014,P,,GD,GD,GD,GD,GD,GD,GD,GD,1.64,1.47,0.05,0.06,0.37,0.38,0.07,0.08,,,,Positive,No
WP_P352/1,041E,09/09/2014,WP_P352_1.XLS,22/09/2014,19/09/2014,P,,GD,GD,GD,GD,GD,GD,GD,GD,1.23,1.04,0.04,0.04,0.53,0.53,0.05,0.06,,,,Positive,No
WP_P352/1,054K,09/09/2014,WP_P352_1.XLS,22/09/2014,19/09/2014,F,,GD,GD,GD,GD,GD,GD,GD,GD,1.01,0.87,0.06,0.05,0.08,0.08,0.06,0.08,,,LOW PWM,Negative,No
WP_P353/1,022A,09/09/2014,WP_P353_1.XLS,22/09/2014,19/09/2014,P,,GD,GD,GD,GD,GD,GD,GD,GD,2.07,1.78,0.05,0.05,0.05,0.05,0.05,0.05,,,,Negative,No
WP_P353/1,024A,09/09/2014,WP_P353_1.XLS,22/09/2014,19/09/2014,F,,GD,GD,GD,GD,GD,GD,GD,GD,0.59,0.48,0.05,0.05,0.05,0.05,0.06,0.06,,,LOW PWM,Negative,No
WP_P353/1,025A,09/09/2014,WP_P353_1.XLS,22/09/2014,19/09/2014,P,,GD,GD,GD,GD,GD,GD,GD,GD,2,1.88,0.04,0.05,0.05,0.05,0.06,0.06,,,,Negative,No
WP_P353/1,027A,09/09/2014,WP_P353_1.XLS,22/09/2014,19/09/2014,F,,GD,GD,GD,GD,GD,GD,GD,GD,0.75,0.61,0.05,0.05,0.05,0.05,0.06,0.06,,,LOW PWM,Negative,No
WP_P353/1,027E,09/09/2014,WP_P353_1.XLS,22/09/2014,19/09/2014,P,,GD,GD,GD,GD,GD,GD,GD,GD,2.27,2.21,0.07,0.07,0.08,0.09,0.06,0.07,,,,Negative,No
WP_P353/1,028F,09/09/2014,WP_P353_1.XLS,22/09/2014,19/09/2014,F,,GD,GD,GD,GD,GD,GD,GD,GD,0.87,0.76,0.05,0.05,0.2,0.19,0.06,0.06,,,LOW PWM,Positive,No
WP_P353/1,042A,09/09/2014,WP_P353_1.XLS,22/09/2014,19/09/2014,P,,GD,GD,GD,GD,GD,GD,GD,GD,2.43,2.4,0.04,0.04,0.04,0.04,0.05,0.05,,,,Negative,No
WP_P353/1,043A,09/09/2014,WP_P353_1.XLS,22/09/2014,19/09/2014,F,,GD,GD,GD,GD,GD,GD,GD,GD,0.89,0.8,0.05,0.05,0.05,0.05,0.06,0.06,,,LOW PWM,Negative,No
WP_P354/1,001L,10/09/2014,WP_P354_1.XLS,22/09/2014,19/09/2014,F,,GD,GD,GD,GD,GD,GD,GD,GD,1.05,0.93,0.04,0.04,0.04,0.05,0.05,0.05,,,LOW PWM,Negative,No
WP_P354/1,005L,10/09/2014,WP_P354_1.XLS,22/09/2014,19/09/2014,P,,GD,GD,GD,GD,GD,GD,GD,GD,1.23,1.1,0.05,0.05,0.06,0.07,0.07,0.08,,,,Negative,No
WP_P354/1,020E,10/09/2014,WP_P354_1.XLS,22/09/2014,19/09/2014,P,,GD,GD,GD,GD,GD,GD,GD,GD,2.03,1.73,0.05,0.05,0.05,0.05,0.05,0.05,,,,Negative,No
WP_P354/1,021E,10/09/2014,WP_P354_1.XLS,22/09/2014,19/09/2014,P,,GD,GD,GD,GD,GD,GD,GD,GD,1.56,1.33,0.06,0.06,0.14,0.15,0.07,0.08,,,,Positive,No
WP_P354/1,037E,10/09/2014,WP_P354_1.XLS,22/09/2014,19/09/2014,P,,GD,GD,GD,GD,GD,GD,GD,GD,2.15,1.93,0.04,0.04,0.18,0.19,0.06,0.06,,,,Positive,No
WP_P354/1,042E,10/09/2014,WP_P354_1.XLS,22/09/2014,19/09/2014,P,,GD,GD,GD,GD,GD,GD,GD,GD,1.87,1.69,0.04,0.04,0.04,0.04,0.05,0.05,,,,Negative,No
WP_P354/1,047A,10/09/2014,WP_P354_1.XLS,22/09/2014,19/09/2014,P,,GD,GD,GD,GD,GD,GD,GD,GD,2.71,2.71,0.05,0.05,0.06,0.05,0.07,0.09,,,,Negative,No
WP_P354/1,051E,10/09/2014,WP_P354_1.XLS,22/09/2014,19/09/2014,F,,GD,GD,GD,GD,GD,GD,GD,GD,0.45,0.43,0.05,0.05,0.28,0.28,0.06,0.06,,,LOW PWM,Positive,No
WP_P355/1,003E,23/09/2014,WP_P355_1.XLS,03/12/2014,02/12/2014,P,,GD,GD,GD,GD,GD,GD,GD,GD,1.25,0.89,0.04,0.04,0.47,0.37,0.05,0.11,,,,Positive,No
WP_P355/1,030L,23/09/2014,WP_P355_1.XLS,03/12/2014,02/12/2014,F,,GD,GD,GD,GD,GD,GD,GD,GD,0.9,0.55,0.04,0.05,0.09,0.09,0.07,0.17,,,LOW PWM,Positive,No
WP_P355/1,031A,23/09/2014,WP_P355_1.XLS,03/12/2014,02/12/2014,P,,GD,GD,GD,GD,GD,GD,GD,GD,1.68,1.36,0.05,0.05,0.32,0.33,0.05,0.09,,,,Positive,No
WP_P355/1,034A,23/09/2014,WP_P355_1.XLS,03/12/2014,02/12/2014,P,,GD,GD,GD,GD,GD,GD,GD,GD,1.38,0.95,0.04,0.04,0.04,0.04,0.05,0.12,,,,Negative,No
WP_P355/1,037E,23/09/2014,WP_P355_1.XLS,03/12/2014,02/12/2014,P,,GD,GD,GD,GD,GD,GD,GD,GD,1.43,1.03,0.04,0.04,0.09,0.1,0.04,0.07,,,,Positive,No
WP_P355/1,041L,23/09/2014,WP_P355_1.XLS,03/12/2014,02/12/2014,F,,GD,GD,GD,GD,GD,GD,GD,GD,0.54,0.34,0.06,0.07,0.08,0.12,0.07,0.06,,,LOW PWM,Negative,No
WP_P355/1,048A,23/09/2014,WP_P355_1.XLS,03/12/2014,02/12/2014,P,,GD,GD,GD,GD,GD,GD,GD,GD,1.93,1.49,0.04,0.04,0.05,0.05,0.04,0.06,,,,Negative,No
WP_P355/1,049A,23/09/2014,WP_P355_1.XLS,03/12/2014,02/12/2014,P,,GD,GD,GD,GD,GD,GD,GD,GD,1.41,0.98,0.04,0.04,0.04,0.04,0.06,0.12,,,,Negative,No
WP_P356/1,002A,23/09/2014,WP_P356_1.XLS,03/12/2014,02/12/2014,F,,GD,GD,GD,GD,GD,GD,GD,GD,1.18,0.79,0.04,0.04,0.04,0.04,0.04,0.05,,,LOW PWM,Negative,No
WP_P356/1,003A,23/09/2014,WP_P356_1.XLS,03/12/2014,02/12/2014,P,,GD,GD,GD,GD,GD,GD,GD,GD,2.15,1.79,0.04,0.04,0.04,0.04,0.05,0.09,,,,Negative,No
WP_P356/1,005A,23/09/2014,WP_P356_1.XLS,03/12/2014,02/12/2014,P,,GD,GD,GD,GD,GD,GD,GD,GD,1.66,1.12,0.04,0.04,0.04,0.04,0.04,0.06,,,,Negative,No
WP_P356/1,012E,24/09/2014,WP_P356_1.XLS,03/12/2014,02/12/2014,F,,GD,GD,GD,GD,GD,GD,GD,GD,0.73,0.45,0.04,0.04,0.05,0.05,0.06,0.1,,,LOW PWM,Negative,No
WP_P356/1,029E,24/09/2014,WP_P356_1.XLS,03/12/2014,02/12/2014,F,,GD,GD,GD,GD,GD,GD,GD,GD,0.37,0.26,0.04,0.04,0.05,0.05,0.06,0.11,,,LOW PWM,Negative,No
WP_P356/1,031E,24/09/2014,WP_P356_1.XLS,03/12/2014,02/12/2014,F,,GD,GD,GD,GD,GD,GD,GD,GD,0.8,0.52,0.04,0.04,0.05,0.06,0.05,0.09,,,LOW PWM,Negative,No
WP_P356/1,050A,23/09/2014,WP_P356_1.XLS,03/12/2014,02/12/2014,F,,GD,GD,GD,GD,GD,GD,GD,GD,1.13,0.84,0.05,0.04,0.04,0.04,0.05,0.05,,,LOW PWM,Negative,No
WP_P357/1,009P,21/10/2014,WP_P357_1.XLS,05/12/2014,02/12/2014,F,,GD,GD,GD,GD,GD,GD,GD,GD,0.5,0.31,0.04,0.04,0.05,0.05,0.04,0.05,,,LOW PWM,Negative,No
WP_P357/1,010E,21/10/2014,WP_P357_1.XLS,05/12/2014,02/12/2014,F,,GD,GD,GD,GD,GD,GD,GD,GD,0.46,0.32,0.05,0.04,0.05,0.05,0.04,0.05,,,LOW PWM,Negative,No
WP_P357/1,011A,21/10/2014,WP_P357_1.XLS,05/12/2014,02/12/2014,F,,GD,GD,GD,GD,GD,GD,GD,GD,0.58,0.38,0.04,0.04,0.04,0.04,0.04,0.04,,,LOW PWM,Negative,No
WP_P357/1,035A,21/10/2014,WP_P357_1.XLS,05/12/2014,02/12/2014,F,,GD,GD,GD,GD,GD,GD,GD,GD,0.98,0.73,0.06,0.06,0.05,0.05,0.05,0.06,,,LOW PWM,Negative,No
WP_P357/1,036E,21/10/2014,WP_P357_1.XLS,05/12/2014,02/12/2014,F,,GD,GD,GD,GD,GD,GD,GD,GD,0.84,0.63,0.05,0.04,0.05,0.05,0.1,0.1,,,LOW PWM,Negative,No
WP_P357/1,045R,21/10/2014,WP_P357_1.XLS,05/12/2014,02/12/2014,F,,GD,GD,GD,GD,GD,GD,GD,GD,0.71,0.46,0.04,0.05,0.08,0.08,0.05,0.08,,,LOW PWM,Negative,No
WP_P357/1,049E,21/10/2014,WP_P357_1.XLS,05/12/2014,02/12/2014,F,,GD,GD,GD,GD,GD,GD,GD,GD,0.71,0.4,0.05,0.04,0.04,0.04,0.04,0.06,,,LOW PWM,Negative,No
WP_P357/1,053K,21/10/2014,WP_P357_1.XLS,05/12/2014,02/12/2014,F,,GD,GD,GD,GD,GD,GD,GD,GD,0.62,0.35,0.04,0.04,0.05,0.04,0.04,0.06,,,LOW PWM,Negative,No
WP_P358/1,008A,22/10/2014,WP_P358_1.XLS,05/12/2014,02/12/2014,F,,GD,GD,GD,GD,GD,GD,GD,GD,0.8,0.43,0.05,0.06,0.05,0.09,0.05,0.08,,,LOW PWM,Negative,No
WP_P358/1,012A,22/10/2014,WP_P358_1.XLS,05/12/2014,02/12/2014,F,,GD,GD,GD,GD,GD,GD,GD,GD,0.82,0.48,0.04,0.05,0.29,0.3,0.07,0.13,,,LOW PWM,Positive,No
WP_P358/1,013E,22/10/2014,WP_P358_1.XLS,05/12/2014,02/12/2014,F,,GD,GD,GD,GD,GD,GD,GD,GD,0.47,0.22,0.05,0.05,0.06,0.07,0.07,0.09,,,LOW PWM,Negative,No
WP_P358/1,015P,22/10/2014,WP_P358_1.XLS,05/12/2014,02/12/2014,F,,GD,GD,GD,GD,GD,GD,GD,GD,0.27,0.18,0.05,0.06,0.08,0.1,0.1,0.13,,,LOW PWM,Negative,No
WP_P358/1,020L,22/10/2014,WP_P358_1.XLS,05/12/2014,02/12/2014,F,,GD,GD,GD,GD,GD,GD,GD,GD,0.25,0.14,0.06,0.05,0.05,0.08,0.08,0.11,,,LOW PWM,Negative,No
WP_P358/1,035E,22/10/2014,WP_P358_1.XLS,05/12/2014,02/12/2014,F,,GD,GD,GD,GD,GD,GD,GD,GD,1.02,0.64,0.06,0.08,0.15,0.18,0.18,0.2,,,LOW PWM,Positive,No
WP_P358/1,038A,21/10/2014,WP_P358_1.XLS,05/12/2014,02/12/2014,P,,GD,GD,GD,GD,GD,GD,GD,GD,1.62,1.28,0.05,0.05,0.06,0.07,0.05,0.06,,,,Negative,No
WP_P359/1,016A,04/11/2014,WP_P359_1.XLS,05/12/2014,02/12/2014,P,,GD,GD,GD,GD,GD,GD,GD,GD,1.9,1.58,0.05,0.05,0.05,0.05,0.05,0.05,,,,Negative,No
WP_P359/1,020A,04/11/2014,WP_P359_1.XLS,05/12/2014,02/12/2014,F,,GD,GD,GD,GD,GD,GD,GD,GD,0.98,0.56,0.04,0.04,0.04,0.04,0.05,0.05,,,LOW PWM,Negative,No
WP_P359/1,028K,04/11/2014,WP_P359_1.XLS,05/12/2014,02/12/2014,P,,GD,GD,GD,GD,GD,GD,GD,GD,1.1,0.91,0.05,0.06,0.1,0.1,0.06,0.08,,,,Positive,No
WP_P359/1,036K,04/11/2014,WP_P359_1.XLS,05/12/2014,02/12/2014,F,,GD,GD,GD,GD,GD,GD,GD,GD,0.81,0.53,0.04,0.05,0.04,0.04,0.05,0.05,,,LOW PWM,Negative,No
WP_P359/1,042A,04/11/2014,WP_P359_1.XLS,05/12/2014,02/12/2014,F,,GD,GD,GD,GD,GD,GD,GD,GD,0.95,0.6,0.05,0.05,0.05,0.05,0.05,0.05,,,LOW PWM,Negative,No
WP_P359/1,044A,04/11/2014,WP_P359_1.XLS,05/12/2014,02/12/2014,F,,GD,GD,GD,GD,GD,GD,GD,GD,1.08,0.68,0.04,0.04,0.05,0.05,0.05,0.05,,,LOW PWM,Negative,No
WP_P359/1,052A,04/11/2014,WP_P359_1.XLS,05/12/2014,02/12/2014,P,,GD,GD,GD,GD,GD,GD,GD,GD,1.34,1.05,0.04,0.05,0.04,0.04,0.04,0.05,,,,Negative,No
WP_P359/1,063Y,04/11/2014,WP_P359_1.XLS,05/12/2014,02/12/2014,F,,GD,GD,GD,GD,GD,GD,GD,GD,0.66,0.4,0.05,0.05,0.15,0.15,0.04,0.05,,,LOW PWM,Positive,No
WP_P36/1,014B,30/01/2007,WP_P36_1.XLS,16/04/2007,15/02/2007,P,,GD,GD,GD,GD,GD,GD,GD,GD,2.42,2.38,0.16,0.16,0.16,0.15,0.16,0.16,,,,Negative,No
WP_P36/1,019B,30/01/2007,WP_P36_1.XLS,16/04/2007,15/02/2007,P,,GD,GD,GD,GD,GD,GD,GD,GD,2.84,3.03,0.13,0.15,0.13,0.13,0.13,0.13,,,,Negative,No
WP_P36/1,020B,30/01/2007,WP_P36_1.XLS,16/04/2007,15/02/2007,,,GD,IV,GD,GD,GD,GD,GD,GD,2.85,,0.14,0.14,0.14,0.13,0.14,0.14,MISSING ODs,,,,No
WP_P36/1,023B,30/01/2007,WP_P36_1.XLS,16/04/2007,15/02/2007,P,,GD,GD,GD,GD,GD,GD,GD,GD,1.59,1.31,0.16,0.16,0.15,0.15,0.17,0.16,,,,Negative,No
WP_P36/1,025B,30/01/2007,WP_P36_1.XLS,16/04/2007,15/02/2007,P,,GD,GD,GD,GD,GD,GD,GD,GD,2.55,2.73,0.2,0.19,0.19,0.21,0.2,0.21,,,,Negative,No
WP_P36/1,026B,30/01/2007,WP_P36_1.XLS,16/04/2007,15/02/2007,,,GD,IV,GD,GD,GD,GD,GD,GD,2.15,,0.15,0.15,0.16,0.16,0.17,0.15,MISSING ODs,,,,No
WP_P36/1,030B,30/01/2007,WP_P36_1.XLS,16/04/2007,15/02/2007,,,GD,IV,GD,GD,GD,GD,GD,GD,0.99,,0.16,0.15,0.15,0.15,0.14,0.18,MISSING ODs,,,,No
WP_P36/1,031B,30/01/2007,WP_P36_1.XLS,16/04/2007,15/02/2007,,,GD,IV,GD,GD,GD,GD,GD,GD,2.98,,0.24,0.22,0.22,0.21,0.25,0.23,MISSING ODs,,,,No
WP_P36/2,020B,30/01/2007,WP_P36_2.XLS,21/05/2007,18/05/2007,P,,GD,GD,GD,GD,GD,GD,GD,GD,2.72,2.45,0.05,0.05,0.05,0.05,0.06,0.06,,,,Negative,No
WP_P36/2,026B,30/01/2007,WP_P36_2.XLS,21/05/2007,18/05/2007,P,,GD,GD,GD,GD,GD,GD,GD,GD,2.02,1.72,0.05,0.06,0.05,0.05,0.05,0.07,,,,Negative,No
WP_P36/2,030B,30/01/2007,WP_P36_2.XLS,21/05/2007,18/05/2007,F,,GD,GD,GD,GD,GD,GD,GD,GD,0.64,0.52,0.06,0.05,0.14,0.05,0.06,0.05,B OUTLIER,,LOW PWM,,No
WP_P36/2,031B,30/01/2007,WP_P36_2.XLS,21/05/2007,18/05/2007,P,,GD,GD,GD,GD,GD,GD,GD,GD,2.7,2.75,0.05,0.05,0.05,0.05,0.05,0.06,,,,Negative,No
WP_P360/1,002K,04/11/2014,WP_P360_1.XLS,05/12/2014,02/12/2014,F,,GD,GD,GD,GD,GD,GD,GD,GD,0.56,0.46,0.05,0.06,0.07,0.08,0.06,0.06,,,LOW PWM,Negative,No
WP_P360/1,022E,04/11/2014,WP_P360_1.XLS,05/12/2014,02/12/2014,F,,GD,GD,GD,GD,GD,GD,GD,GD,0.34,0.23,0.05,0.05,0.05,0.05,0.05,0.06,,,LOW PWM,Negative,No
WP_P360/1,027A,04/11/2014,WP_P360_1.XLS,05/12/2014,02/12/2014,F,,GD,GD,GD,GD,GD,GD,GD,GD,0.4,0.23,0.04,0.04,0.05,0.05,0.05,0.05,,,LOW PWM,Negative,No
WP_P360/1,033K,04/11/2014,WP_P360_1.XLS,05/12/2014,02/12/2014,F,,GD,GD,GD,GD,GD,GD,GD,GD,0.47,0.35,0.05,0.04,0.05,0.06,0.04,0.05,,,LOW PWM,Negative,No
WP_P360/1,039K,04/11/2014,WP_P360_1.XLS,05/12/2014,02/12/2014,F,,GD,GD,GD,GD,GD,GD,GD,GD,0.59,0.38,0.05,0.05,0.12,0.09,0.05,0.05,,,LOW PWM,Positive,No
WP_P360/1,046A,04/11/2014,WP_P360_1.XLS,05/12/2014,02/12/2014,P,,GD,GD,GD,GD,GD,GD,GD,GD,1.22,0.93,0.05,0.06,0.06,0.05,0.05,0.06,,,,Negative,No
WP_P360/1,053A,04/11/2014,WP_P360_1.XLS,05/12/2014,02/12/2014,P,,GD,GD,GD,GD,GD,GD,GD,GD,1.97,1.45,0.04,0.04,0.07,0.07,0.05,0.05,,,,Negative,No
WP_P360/1,054A,04/11/2014,WP_P360_1.XLS,05/12/2014,02/12/2014,F,,GD,GD,GD,GD,GD,GD,GD,GD,1.16,0.81,0.05,0.05,0.05,0.05,0.05,0.06,,,LOW PWM,Negative,No
WP_P361/1,015A,04/11/2014,WP_P361_1.XLS,05/12/2014,02/12/2014,P,,GD,GD,GD,GD,GD,GD,GD,GD,1.69,1.13,0.04,0.05,0.05,0.04,0.05,0.05,,,,Negative,No
WP_P361/1,017A,04/11/2014,WP_P361_1.XLS,05/12/2014,02/12/2014,F,,GD,GD,GD,GD,GD,GD,GD,GD,0.67,0.42,0.05,0.05,0.3,0.3,0.05,0.05,,,LOW PWM,Positive,No
WP_P361/1,018A,04/11/2014,WP_P361_1.XLS,05/12/2014,02/12/2014,P,,GD,GD,GD,GD,GD,GD,GD,GD,1.35,0.81,0.05,0.05,0.06,0.04,0.05,0.05,,,,Negative,No
WP_P361/1,025A,04/11/2014,WP_P361_1.XLS,05/12/2014,02/12/2014,F,,GD,GD,GD,GD,GD,GD,GD,GD,1.09,0.71,0.07,0.2,0.05,0.05,0.05,0.05,,,LOW PWM,Negative,No
WP_P361/1,026A,04/11/2014,WP_P361_1.XLS,05/12/2014,02/12/2014,P,,GD,GD,GD,GD,GD,GD,GD,GD,1.6,1.12,0.05,0.05,0.05,0.05,0.05,0.05,,,,Negative,No
WP_P361/1,054K,04/11/2014,WP_P361_1.XLS,05/12/2014,02/12/2014,F,,GD,GD,GD,GD,GD,GD,GD,GD,0.44,0.29,0.05,0.05,0.06,0.06,0.05,0.06,,,LOW PWM,Negative,No
WP_P361/1,055A,04/11/2014,WP_P361_1.XLS,05/12/2014,02/12/2014,F,,GD,GD,GD,GD,GD,GD,GD,GD,0.96,0.68,0.05,0.05,0.05,0.05,0.05,0.06,,,LOW PWM,Negative,No
WP_P362/1,002A,05/11/2014,WP_P362_1.XLS,05/12/2014,02/12/2014,P,,GD,GD,GD,GD,GD,GD,GD,GD,1.65,0.99,0.05,0.05,0.04,0.05,0.04,0.05,,,,Negative,No
WP_P362/1,019A,05/11/2014,WP_P362_1.XLS,05/12/2014,02/12/2014,F,,GD,GD,GD,GD,GD,GD,GD,GD,1.37,0.41,0.05,0.05,0.05,0.05,0.05,0.05,,,LOW PWM,Negative,No
WP_P362/1,030N,05/11/2014,WP_P362_1.XLS,05/12/2014,02/12/2014,F,,GD,GD,GD,GD,GD,GD,GD,GD,0.44,0.21,0.06,0.04,0.27,0.18,0.05,0.05,,,LOW PWM,Positive,No
WP_P362/1,043A,05/11/2014,WP_P362_1.XLS,05/12/2014,02/12/2014,P,,GD,GD,GD,GD,GD,GD,GD,GD,1.48,0.68,0.05,0.04,0.04,0.04,0.05,0.05,,,,Negative,No
WP_P362/1,045A,05/11/2014,WP_P362_1.XLS,05/12/2014,02/12/2014,F,,GD,GD,GD,GD,GD,GD,GD,GD,1.04,0.68,0.05,0.05,0.05,0.05,0.05,0.05,,,LOW PWM,Negative,No
WP_P363/1,003A,09/12/2014,WP_P363_1.XLS,05/06/2015,02/06/2015,P,,GD,GD,GD,GD,GD,GD,GD,GD,1.53,1.43,0.05,0.05,0.05,0.05,0.05,0.06,,,,Negative,No
WP_P363/1,006V,28/01/2015,WP_P363_1.XLS,05/06/2015,02/06/2015,F,,GD,GD,GD,GD,GD,GD,GD,GD,0.96,0.86,0.06,0.05,0.05,0.04,0.06,0.06,,,LOW PWM,Negative,No
WP_P363/1,029N,28/01/2015,WP_P363_1.XLS,05/06/2015,02/06/2015,F,,GD,GD,GD,GD,GD,GD,GD,GD,0.36,0.32,0.05,0.05,0.05,0.05,0.06,0.06,,,LOW PWM,Negative,No
WP_P363/1,032A,09/12/2014,WP_P363_1.XLS,05/06/2015,02/06/2015,F,,GD,GD,GD,GD,GD,GD,GD,GD,0.63,0.64,0.05,0.05,0.05,0.05,0.05,0.05,,,LOW PWM,Negative,No
WP_P363/1,037E,09/12/2014,WP_P363_1.XLS,05/06/2015,02/06/2015,F,,GD,GD,GD,GD,GD,GD,GD,GD,0.98,0.92,0.06,0.05,0.07,0.07,0.05,0.05,,,LOW PWM,Negative,No
WP_P363/1,048A,09/12/2014,WP_P363_1.XLS,05/06/2015,02/06/2015,F,,GD,GD,GD,GD,GD,GD,GD,GD,1,0.79,0.05,0.05,0.05,0.05,0.05,0.05,,,LOW PWM,Negative,No
WP_P363/1,050A,09/12/2014,WP_P363_1.XLS,05/06/2015,02/06/2015,P,,GD,GD,GD,GD,GD,GD,GD,GD,1.06,1.16,0.05,0.05,0.12,0.06,0.05,0.05,B OUTLIER,,,,No
WP_P363/2,050A,09/12/2014,WP_P363_2.xls,19/06/2015,18/06/2015,P,,GD,GD,GD,GD,GD,GD,GD,GD,1.11,1.07,0.06,0.06,0.06,0.05,0.05,0.06,,,,Negative,No
WP_P364/1,002A,10/12/2014,WP_P364_1.XLS,05/06/2015,02/06/2015,F,,GD,GD,GD,GD,GD,GD,GD,GD,0.58,0.56,0.07,0.06,0.06,0.06,0.06,0.06,,,LOW PWM,Negative,No
WP_P364/1,005A,10/12/2014,WP_P364_1.XLS,05/06/2015,02/06/2015,F,,GD,GD,GD,GD,GD,GD,GD,GD,0.38,0.39,0.06,0.06,0.06,0.07,0.05,0.06,,,LOW PWM,Negative,No
WP_P364/1,030L,10/12/2014,WP_P364_1.XLS,05/06/2015,02/06/2015,F,,GD,GD,GD,GD,GD,GD,GD,GD,0.54,0.47,0.05,0.05,0.08,0.08,0.05,0.05,,,LOW PWM,Negative,No
WP_P364/1,034A,10/12/2014,WP_P364_1.XLS,05/06/2015,02/06/2015,P,,GD,GD,GD,GD,GD,GD,GD,GD,1.49,1.41,0.05,0.05,0.05,0.05,0.05,0.05,,,,Negative,No
WP_P365/1,008A,20/01/2015,WP_P365_1.XLS,05/06/2015,02/06/2015,F,,GD,GD,GD,GD,GD,GD,GD,GD,0.23,0.2,0.06,0.05,0.05,0.06,0.05,0.06,,,LOW PWM,Negative,No
WP_P365/1,011A,20/01/2015,WP_P365_1.XLS,05/06/2015,02/06/2015,F,,GD,GD,GD,GD,GD,GD,GD,GD,0.37,0.24,0.07,0.05,0.05,0.05,0.05,0.06,,,LOW PWM,Negative,No
WP_P365/1,032N,20/01/2015,WP_P365_1.XLS,05/06/2015,02/06/2015,F,,GD,GD,GD,GD,GD,GD,GD,GD,0.71,0.56,0.05,0.05,0.06,0.05,0.05,0.06,,,LOW PWM,Negative,No
WP_P365/1,036E,20/01/2015,WP_P365_1.XLS,05/06/2015,02/06/2015,F,,GD,GD,GD,GD,GD,GD,GD,GD,0.44,0.36,0.05,0.05,0.06,0.05,0.06,0.06,,,LOW PWM,Negative,No
WP_P365/1,038A,20/01/2015,WP_P365_1.XLS,05/06/2015,02/06/2015,F,,GD,GD,GD,GD,GD,GD,GD,GD,0.71,0.55,0.06,0.05,0.05,0.06,0.07,0.05,,,LOW PWM,Negative,No
WP_P366/1,001V,27/01/2015,WP_P366_1.XLS,05/06/2015,02/06/2015,F,,GD,GD,GD,GD,GD,GD,GD,GD,0.43,0.5,0.05,0.05,0.07,0.05,0.06,0.05,,,LOW PWM,Negative,No
WP_P366/1,002K,27/01/2015,WP_P366_1.XLS,05/06/2015,02/06/2015,F,,GD,GD,GD,GD,GD,GD,GD,GD,0.31,0.28,0.07,0.06,0.06,0.07,0.06,0.05,,,LOW PWM,Negative,No
WP_P366/1,002V,27/01/2015,WP_P366_1.XLS,05/06/2015,02/06/2015,F,,GD,GD,GD,GD,GD,GD,GD,GD,0.73,0.68,0.06,0.05,0.07,0.07,0.05,0.05,,,LOW PWM,Negative,No
WP_P366/1,003V,27/01/2015,WP_P366_1.XLS,05/06/2015,02/06/2015,F,,GD,GD,GD,GD,GD,GD,GD,GD,0.69,0.69,0.05,0.05,0.05,0.05,0.05,0.05,,,LOW PWM,Negative,No
WP_P366/1,014A,27/01/2015,WP_P366_1.XLS,05/06/2015,02/06/2015,F,,GD,GD,GD,GD,GD,GD,GD,GD,0.58,0.55,0.06,0.05,0.06,0.06,0.05,0.06,,,LOW PWM,Negative,No
WP_P366/1,020A,27/01/2015,WP_P366_1.XLS,05/06/2015,02/06/2015,F,,GD,GD,GD,GD,GD,GD,GD,GD,0.64,0.71,0.05,0.05,0.05,0.05,0.05,0.06,,,LOW PWM,Negative,No
WP_P366/1,022A,27/01/2015,WP_P366_1.XLS,05/06/2015,02/06/2015,F,,GD,GD,GD,GD,GD,GD,GD,GD,0.56,0.54,0.05,0.05,0.05,0.06,0.05,0.05,,,LOW PWM,Negative,No
WP_P366/1,045E,27/01/2015,WP_P366_1.XLS,05/06/2015,02/06/2015,F,,GD,GD,GD,GD,GD,GD,GD,GD,0.34,0.32,0.06,0.05,0.05,0.05,0.06,0.06,,,LOW PWM,Negative,No
WP_P367/1,019A,27/01/2015,WP_P367_1.XLS,05/06/2015,02/06/2015,F,,GD,GD,GD,GD,GD,GD,GD,GD,0.23,0.19,0.05,0.05,0.05,0.05,0.05,0.05,,,LOW PWM,Negative,No
WP_P367/1,026A,27/01/2015,WP_P367_1.XLS,05/06/2015,02/06/2015,F,,GD,GD,GD,GD,GD,GD,GD,GD,0.45,0.41,0.05,0.05,0.05,0.05,0.05,0.05,,,LOW PWM,Negative,No
WP_P367/1,026E,27/01/2015,WP_P367_1.XLS,05/06/2015,02/06/2015,F,,GD,GD,GD,GD,GD,GD,GD,GD,0.29,0.27,0.05,0.05,0.05,0.05,0.06,0.06,,,LOW PWM,Negative,No
WP_P367/1,042A,27/01/2015,WP_P367_1.XLS,05/06/2015,02/06/2015,F,,GD,GD,GD,GD,GD,GD,GD,GD,0.58,0.44,0.05,0.05,0.05,0.05,0.05,0.05,,,LOW PWM,Negative,No
WP_P367/1,042E,27/01/2015,WP_P367_1.XLS,05/06/2015,02/06/2015,F,,GD,GD,GD,GD,GD,GD,GD,GD,0.23,0.2,0.05,0.05,0.05,0.05,0.06,0.05,,,LOW PWM,Negative,No
WP_P367/1,043A,27/01/2015,WP_P367_1.XLS,05/06/2015,02/06/2015,F,,GD,GD,GD,GD,GD,GD,GD,GD,0.33,0.29,0.05,0.05,0.05,0.05,0.05,0.05,,,LOW PWM,Negative,No
WP_P367/1,044A,27/01/2015,WP_P367_1.XLS,05/06/2015,02/06/2015,F,,GD,GD,GD,GD,GD,GD,GD,GD,0.21,0.18,0.05,0.05,0.05,0.05,0.06,0.06,,,LOW PWM,Negative,No
WP_P367/1,054K,27/01/2015,WP_P367_1.XLS,05/06/2015,02/06/2015,F,,GD,GD,GD,GD,GD,GD,GD,GD,0.16,0.15,0.05,0.05,0.05,0.06,0.06,0.08,,,LOW PWM,Negative,No
WP_P368/1,005V,27/01/2015,WP_P368_1.XLS,05/06/2015,02/06/2015,F,,GD,GD,GD,GD,GD,GD,GD,GD,0.46,0.37,0.05,0.05,0.05,0.05,0.05,0.05,,,LOW PWM,Negative,No
WP_P368/1,017A,27/01/2015,WP_P368_1.XLS,05/06/2015,02/06/2015,F,,GD,GD,GD,GD,GD,GD,GD,GD,0.38,0.3,0.05,0.05,0.09,0.08,0.05,0.05,,,LOW PWM,Negative,No
WP_P368/1,021E,27/01/2015,WP_P368_1.XLS,05/06/2015,02/06/2015,F,,GD,GD,GD,GD,GD,GD,GD,GD,0.36,0.28,0.05,0.06,0.06,0.06,0.08,0.05,,,LOW PWM,Negative,No
WP_P368/1,022E,27/01/2015,WP_P368_1.XLS,05/06/2015,02/06/2015,F,,GD,GD,GD,GD,GD,GD,GD,GD,0.16,0.14,0.05,0.05,0.05,0.05,0.05,0.06,,,LOW PWM,Negative,No
WP_P368/1,023A,27/01/2015,WP_P368_1.XLS,05/06/2015,02/06/2015,F,,GD,GD,GD,GD,GD,GD,GD,GD,0.17,0.14,0.05,0.05,0.07,0.06,0.05,0.06,,,LOW PWM,Negative,No
WP_P368/1,025A,27/01/2015,WP_P368_1.XLS,05/06/2015,02/06/2015,F,,GD,GD,GD,GD,GD,GD,GD,GD,0.24,0.21,0.05,0.05,0.07,0.07,0.05,0.05,,,LOW PWM,Negative,No
WP_P368/1,027A,27/01/2015,WP_P368_1.XLS,05/06/2015,02/06/2015,F,,GD,GD,GD,GD,GD,GD,GD,GD,0.16,0.13,0.06,0.05,0.08,0.05,0.05,0.05,,,LOW PWM,Negative,No
WP_P369/1,007V,20/05/2015,WP_P369_1.XLS,11/12/2015,11/12/2015,P,,GD,GD,GD,GD,GD,GD,GD,GD,2.56,2.55,0.07,0.09,0.34,0.34,0.05,0.05,,,,Positive,No
WP_P369/1,012E,20/05/2015,WP_P369_1.XLS,11/12/2015,11/12/2015,P,,GD,GD,GD,GD,GD,GD,GD,GD,2.03,1.86,0.05,0.06,0.18,0.16,0.05,0.06,,,,Positive,No
WP_P369/1,016P,20/05/2015,WP_P369_1.XLS,11/12/2015,11/12/2015,P,,GD,GD,GD,GD,GD,GD,GD,GD,1.33,1.22,0.09,0.07,0.06,0.05,0.05,0.05,,,,Negative,No
WP_P369/1,030L,20/05/2015,WP_P369_1.XLS,11/12/2015,11/12/2015,P,,GD,GD,GD,GD,GD,GD,GD,GD,1.44,1.24,0.16,0.09,0.19,0.16,0.05,0.05,,,,Positive,No
WP_P369/1,031E,20/05/2015,WP_P369_1.XLS,11/12/2015,11/12/2015,P,,GD,GD,GD,GD,GD,GD,GD,GD,1.95,1.69,0.05,0.07,0.13,0.15,0.05,0.06,,,,Positive,No
WP_P369/1,034A,20/05/2015,WP_P369_1.XLS,11/12/2015,11/12/2015,P,,GD,GD,GD,GD,GD,GD,GD,GD,1.55,1.32,0.06,0.08,0.14,0.07,0.05,0.05,B OUTLIER,,,,No
WP_P369/1,048A,20/05/2015,WP_P369_1.XLS,11/12/2015,11/12/2015,P,,GD,GD,GD,GD,GD,GD,GD,GD,2.63,2.42,0.06,0.08,0.05,0.04,0.05,0.05,,,,Negative,No
WP_P369/1,049B,20/05/2015,WP_P369_1.XLS,11/12/2015,11/12/2015,P,,GD,GD,GD,GD,GD,GD,GD,GD,1.23,1.01,0.06,0.06,0.06,0.07,0.05,0.06,,,,Negative,No
WP_P369/2,034A,20/05/2015,WP_P369_2.XLS,23/03/2016,04/03/2016,F,,GD,GD,GD,GD,GD,GD,GD,GD,1.06,0.83,0.05,0.05,0.08,0.07,0.07,0.06,,,LOW PWM,Negative,No
WP_P37/1,012R,30/01/2007,WP_P37_1.XLS,16/04/2007,15/02/2007,P,,GD,GD,GD,GD,GD,GD,GD,GD,1.78,1.63,0.19,0.18,0.2,0.19,0.25,0.22,NIL AVG HIGH,,,,No
WP_P37/1,032B,30/01/2007,WP_P37_1.XLS,16/04/2007,15/02/2007,P,,GD,GD,GD,GD,GD,GD,GD,GD,2.76,2.69,0.22,0.21,0.21,0.22,0.23,0.25,NIL AVG HIGH,,,,No
WP_P37/1,033B,30/01/2007,WP_P37_1.XLS,16/04/2007,15/02/2007,P,,GD,GD,GD,GD,GD,GD,GD,GD,2.65,2.79,0.22,0.21,0.22,0.23,0.26,0.24,NIL AVG HIGH,,,,No
WP_P37/1,035B,30/01/2007,WP_P37_1.XLS,16/04/2007,15/02/2007,P,,GD,GD,GD,GD,GD,GD,GD,GD,2.26,2.19,0.19,0.19,0.2,0.2,0.22,0.22,,,,Negative,No
WP_P37/1,057B,30/01/2007,WP_P37_1.XLS,16/04/2007,15/02/2007,P,,GD,GD,GD,GD,GD,GD,GD,GD,2.98,2.94,0.19,0.19,0.24,0.24,0.22,0.21,,,,Positive,No
WP_P37/1,062B,30/01/2007,WP_P37_1.XLS,16/04/2007,15/02/2007,P,,GD,GD,GD,GD,GD,GD,GD,GD,2.47,2.42,0.2,0.2,0.21,0.21,0.23,0.25,NIL AVG HIGH,,,,No
WP_P37/2,012R,30/01/2007,WP_P37_2.XLS,21/05/2007,18/05/2007,P,,GD,GD,GD,GD,GD,GD,GD,GD,1.2,1.14,0.09,0.12,0.06,0.05,0.06,0.05,,,,Negative,No
WP_P37/2,032B,30/01/2007,WP_P37_2.XLS,21/05/2007,18/05/2007,P,,GD,GD,GD,GD,GD,GD,GD,GD,2.03,1.68,0.05,0.05,0.06,0.05,0.05,0.05,,,,Negative,No
WP_P37/2,033B,30/01/2007,WP_P37_2.XLS,21/05/2007,18/05/2007,P,,GD,GD,GD,GD,GD,GD,GD,GD,2.9,3.09,0.05,0.05,0.05,0.05,0.05,0.05,,,,Negative,No
WP_P37/2,062B,30/01/2007,WP_P37_2.XLS,21/05/2007,18/05/2007,P,,GD,GD,GD,GD,GD,GD,GD,GD,2.96,2.94,0.05,0.05,0.05,0.05,0.05,0.05,,,,Negative,No
WP_P370/1,002A,20/05/2015,WP_P370_1.XLS,11/12/2015,11/12/2015,P,,GD,GD,GD,GD,GD,GD,GD,GD,2.16,1.83,0.05,0.07,0.06,0.08,0.05,0.06,,,,Negative,No
WP_P370/1,003A,20/05/2015,WP_P370_1.XLS,11/12/2015,11/12/2015,P,,GD,GD,GD,GD,GD,GD,GD,GD,2.13,1.84,0.05,0.09,0.05,0.05,0.05,0.06,,,,Negative,No
WP_P370/1,006A,20/05/2015,WP_P370_1.XLS,11/12/2015,11/12/2015,P,,GD,GD,GD,GD,GD,GD,GD,GD,1.18,1.01,0.06,0.14,0.06,0.06,0.05,0.06,,,,Negative,No
WP_P370/1,007A,20/05/2015,WP_P370_1.XLS,11/12/2015,11/12/2015,P,,GD,GD,GD,GD,GD,GD,GD,GD,2.42,2.26,0.06,0.06,0.06,0.06,0.06,0.06,,,,Negative,No
WP_P370/1,008V,20/05/2015,WP_P370_1.XLS,11/12/2015,11/12/2015,P,,GD,GD,GD,GD,GD,GD,GD,GD,1.57,1.32,0.05,0.06,0.05,0.05,0.05,0.06,,,,Negative,No
WP_P370/1,025E,20/05/2015,WP_P370_1.XLS,11/12/2015,11/12/2015,P,,GD,GD,GD,GD,GD,GD,GD,GD,1.44,1.19,0.06,0.06,0.06,0.06,0.05,0.06,,,,Negative,No
WP_P370/1,037E,20/05/2015,WP_P370_1.XLS,11/12/2015,11/12/2015,P,,GD,GD,GD,GD,GD,GD,GD,GD,2.6,2.47,0.25,0.27,0.16,0.15,0.07,0.08,,,,Negative,No
WP_P370/1,049A,20/05/2015,WP_P370_1.XLS,11/12/2015,11/12/2015,P,,GD,GD,GD,GD,GD,GD,GD,GD,1.44,1.16,0.07,0.07,0.06,0.05,0.06,0.06,,,,Negative,No
WP_P371/1,009V,20/05/2015,WP_P371_1.XLS,11/12/2015,11/12/2015,P,,GD,GD,GD,GD,GD,GD,GD,GD,1.7,1.57,0.09,0.11,0.1,0.13,0.06,0.07,,,,Negative,No
WP_P371/1,010V,20/05/2015,WP_P371_1.XLS,11/12/2015,11/12/2015,P,,GD,GD,GD,GD,GD,GD,GD,GD,2.04,1.93,0.06,0.12,0.06,0.08,0.05,0.06,,,,Negative,No
WP_P371/1,011V,20/05/2015,WP_P371_1.XLS,11/12/2015,11/12/2015,P,,GD,GD,GD,GD,GD,GD,GD,GD,1.42,1.35,0.07,0.07,0.09,0.06,0.06,0.07,,,,Negative,No
WP_P371/1,012V,20/05/2015,WP_P371_1.XLS,11/12/2015,11/12/2015,P,,GD,GD,GD,GD,GD,GD,GD,GD,2.72,2.6,0.07,0.06,0.11,0.1,0.06,0.07,,,,Negative,No
WP_P371/1,013V,20/05/2015,WP_P371_1.XLS,11/12/2015,11/12/2015,F,,GD,GD,GD,GD,GD,GD,GD,GD,0.51,0.41,0.07,0.07,0.2,0.08,0.05,0.06,B OUTLIER,,LOW PWM,,No
WP_P371/1,014V,20/05/2015,WP_P371_1.XLS,11/12/2015,11/12/2015,F,,GD,GD,GD,GD,GD,GD,GD,GD,1.04,0.9,0.06,0.13,0.25,0.23,0.06,0.07,,,LOW PWM,Positive,No
WP_P371/2,013V,20/05/2015,WP_P371_2.XLS,23/03/2016,04/03/2016,F,,GD,GD,GD,GD,GD,GD,GD,GD,0.13,0.09,0.04,0.04,0.04,0.04,0.04,0.04,,,LOW PWM,Negative,No
WP_P372/1,008A,09/06/2015,WP_P372_1.XLS,11/12/2015,11/12/2015,P,,GD,GD,GD,GD,GD,GD,GD,GD,2.81,2.73,0.08,0.07,0.81,0.8,0.06,0.08,,,,Positive,No
WP_P372/1,010P,09/06/2015,WP_P372_1.XLS,11/12/2015,11/12/2015,P,,GD,GD,GD,GD,GD,GD,GD,GD,1.91,1.7,0.06,0.06,0.06,0.09,0.06,0.08,,,,Negative,No
WP_P372/1,013E,09/06/2015,WP_P372_1.XLS,11/12/2015,11/12/2015,F,,GD,GD,GD,GD,GD,GD,GD,GD,0.55,0.46,0.06,0.08,0.08,0.06,0.06,0.06,,,LOW PWM,Negative,No
WP_P372/1,015P,09/06/2015,WP_P372_1.XLS,11/12/2015,11/12/2015,F,,GD,GD,GD,GD,GD,GD,GD,GD,0.41,0.37,0.07,0.09,0.1,0.1,0.06,0.09,,,LOW PWM,Negative,No
WP_P372/1,015V,09/06/2015,WP_P372_1.XLS,11/12/2015,11/12/2015,P,,GD,GD,GD,GD,GD,GD,GD,GD,2.71,2.76,0.09,0.09,0.12,0.11,0.06,0.07,,,,Negative,No
WP_P372/1,039A,09/06/2015,WP_P372_1.XLS,11/12/2015,11/12/2015,P,,GD,GD,GD,GD,GD,GD,GD,GD,1.52,1.54,0.15,0.16,0.54,0.53,0.1,0.1,,,,Positive,No
WP_P372/1,040A,09/06/2015,WP_P372_1.XLS,11/12/2015,11/12/2015,P,,GD,GD,GD,GD,GD,GD,GD,GD,2.49,2.54,0.11,0.11,0.07,0.06,0.07,0.07,,,,Negative,No
WP_P372/1,051A,09/06/2015,WP_P372_1.XLS,11/12/2015,11/12/2015,P,,GD,GD,GD,GD,GD,GD,GD,GD,2.64,2.89,0.11,0.11,0.13,0.17,0.07,0.08,,,,Negative,No
WP_P373/1,010A,09/06/2015,WP_P373_1.XLS,11/12/2015,11/12/2015,F,,GD,GD,GD,GD,GD,GD,GD,GD,0.83,0.79,0.1,0.07,0.07,0.06,0.05,0.06,,,LOW PWM,Negative,No
WP_P373/1,016V,09/06/2015,WP_P373_1.XLS,11/12/2015,11/12/2015,P,,GD,GD,GD,GD,GD,GD,GD,GD,1.57,1.55,0.1,0.08,0.07,0.09,0.08,0.06,,,,Negative,No
WP_P373/1,017V,09/06/2015,WP_P373_1.XLS,11/12/2015,11/12/2015,P,,GD,GD,GD,GD,GD,GD,GD,GD,2.42,2.43,0.06,0.06,0.53,0.54,0.05,0.07,,,,Positive,No
WP_P373/1,018V,09/06/2015,WP_P373_1.XLS,11/12/2015,11/12/2015,P,,GD,GD,GD,GD,GD,GD,GD,GD,1.16,1.1,0.06,0.09,0.07,0.08,0.06,0.06,,,,Negative,No
WP_P373/1,019V,09/06/2015,WP_P373_1.XLS,11/12/2015,11/12/2015,F,,GD,GD,GD,GD,GD,GD,GD,GD,1.02,0.97,0.08,0.07,0.07,0.06,0.21,0.12,,,LOW PWM,Negative,No
WP_P373/1,021V,09/06/2015,WP_P373_1.XLS,11/12/2015,11/12/2015,P,,GD,GD,GD,GD,GD,GD,GD,GD,2.71,2.78,0.09,0.08,0.17,0.17,0.08,0.08,,,,Positive,No
WP_P373/1,035L,09/06/2015,WP_P373_1.XLS,11/12/2015,11/12/2015,P,,GD,GD,GD,GD,GD,GD,GD,GD,2.15,2.29,0.1,0.08,0.18,0.07,0.07,0.08,B OUTLIER,,,,No
WP_P373/1,050K,09/06/2015,WP_P373_1.XLS,11/12/2015,11/12/2015,F,,GD,GD,GD,GD,GD,GD,GD,GD,0.94,0.82,0.08,0.09,0.07,0.06,0.07,0.07,,,LOW PWM,Negative,No
WP_P373/2,035L,09/06/2015,WP_P373_2.XLS,23/03/2016,04/03/2016,F,,GD,GD,GD,GD,GD,GD,GD,GD,1.08,0.66,0.04,0.04,0.04,0.05,0.04,0.05,,,LOW PWM,Negative,No
WP_P374/1,010E,09/06/2015,WP_P374_1.XLS,11/12/2015,11/12/2015,F,,GD,GD,GD,GD,GD,GD,GD,GD,0.86,0.77,0.08,0.09,0.1,0.08,0.06,0.08,,,LOW PWM,Negative,No
WP_P374/1,019P,09/06/2015,WP_P374_1.XLS,11/12/2015,11/12/2015,P,,GD,GD,GD,GD,GD,GD,GD,GD,1.96,1.81,0.08,0.08,0.21,0.2,0.06,0.06,,,,Positive,No
WP_P374/1,020L,09/06/2015,WP_P374_1.XLS,11/12/2015,11/12/2015,F,,GD,GD,GD,GD,GD,GD,GD,GD,0.49,0.47,0.06,0.06,0.06,0.07,0.06,0.06,,,LOW PWM,Negative,No
WP_P374/1,020V,09/06/2015,WP_P374_1.XLS,11/12/2015,11/12/2015,P,,GD,GD,GD,GD,GD,GD,GD,GD,2.11,1.94,0.06,0.07,0.05,0.06,0.05,0.07,,,,Negative,No
WP_P374/1,022V,09/06/2015,WP_P374_1.XLS,11/12/2015,11/12/2015,P,,GD,GD,GD,GD,GD,GD,GD,GD,1.56,1.5,0.07,0.06,0.05,0.06,0.05,0.07,,,,Negative,No
WP_P374/1,023V,09/06/2015,WP_P374_1.XLS,11/12/2015,11/12/2015,P,,GD,GD,GD,GD,GD,GD,GD,GD,2.46,2.36,0.13,0.09,0.08,0.09,0.13,0.09,,,,Negative,No
WP_P374/1,035A,09/06/2015,WP_P374_1.XLS,11/12/2015,11/12/2015,P,,GD,GD,GD,GD,GD,GD,GD,GD,1.09,1.25,0.08,0.07,0.07,0.07,0.06,0.07,,,,Negative,No
WP_P374/1,038A,09/06/2015,WP_P374_1.XLS,11/12/2015,11/12/2015,P,,GD,GD,GD,GD,GD,GD,GD,GD,2.73,2.54,0.07,0.07,0.09,0.06,0.06,0.06,,,,Negative,No
WP_P375/1,024V,09/06/2015,WP_P375_1.XLS,11/12/2015,11/12/2015,F,,GD,GD,GD,GD,GD,GD,GD,GD,0.6,0.49,0.13,0.07,0.07,0.08,0.07,0.08,,,LOW PWM,Negative,No
WP_P375/1,025V,09/06/2015,WP_P375_1.XLS,11/12/2015,11/12/2015,P,,GD,GD,GD,GD,GD,GD,GD,GD,1.15,0.89,0.05,0.07,0.08,0.05,0.05,0.08,,,,Negative,No
WP_P375/1,026V,09/06/2015,WP_P375_1.XLS,11/12/2015,11/12/2015,P,,GD,GD,GD,GD,GD,GD,GD,GD,1.39,1.13,0.06,0.06,0.14,0.06,0.06,0.06,B OUTLIER,,,,No
WP_P375/1,027V,09/06/2015,WP_P375_1.XLS,11/12/2015,11/12/2015,F,,GD,GD,GD,GD,GD,GD,GD,GD,0.77,0.64,0.05,0.05,0.06,0.09,0.06,0.07,,,LOW PWM,Negative,No
WP_P375/1,028V,10/06/2015,WP_P375_1.XLS,11/12/2015,11/12/2015,F,,GD,GD,GD,GD,GD,GD,GD,GD,0.83,0.63,0.06,0.09,0.06,0.06,0.06,0.07,,,LOW PWM,Negative,No
WP_P375/1,029V,10/06/2015,WP_P375_1.XLS,11/12/2015,11/12/2015,P,,GD,GD,GD,GD,GD,GD,GD,GD,2.14,1.96,0.07,0.08,0.06,0.06,0.06,0.06,,,,Negative,No
WP_P375/1,051K,10/06/2015,WP_P375_1.XLS,11/12/2015,11/12/2015,P,,GD,GD,GD,GD,GD,GD,GD,GD,2.18,1.97,0.07,0.09,0.09,0.06,0.06,0.07,,,,Negative,No
WP_P375/1,053K,09/06/2015,WP_P375_1.XLS,11/12/2015,11/12/2015,F,,GD,GD,GD,GD,GD,GD,GD,GD,1.01,0.88,0.08,0.11,0.14,0.06,0.06,0.07,B OUTLIER,,LOW PWM,,No
WP_P375/2,026V,09/06/2015,WP_P375_2.XLS,23/03/2016,04/03/2016,F,,GD,GD,GD,GD,GD,GD,GD,GD,0.55,0.33,0.04,0.04,0.04,0.04,0.04,0.05,,,LOW PWM,Negative,No
WP_P376/1,003V,23/06/2015,WP_P376_1.XLS,16/12/2015,15/12/2015,P,,GD,GD,GD,GD,GD,GD,GD,GD,1.61,1.52,0.07,0.07,0.06,0.06,0.07,0.06,,,,Negative,No
WP_P376/1,017A,23/06/2015,WP_P376_1.XLS,16/12/2015,15/12/2015,F,,GD,GD,GD,GD,GD,GD,GD,GD,0.88,0.8,0.08,0.07,0.55,0.53,0.05,0.06,,,LOW PWM,Positive,No
WP_P376/1,018A,23/06/2015,WP_P376_1.XLS,16/12/2015,15/12/2015,P,,GD,GD,GD,GD,GD,GD,GD,GD,1.51,1.44,0.06,0.06,0.06,0.06,0.05,0.06,,,,Negative,No
WP_P376/1,019E,23/06/2015,WP_P376_1.XLS,16/12/2015,15/12/2015,F,,GD,GD,GD,GD,GD,GD,GD,GD,0.77,0.71,0.08,0.07,0.09,0.06,0.06,0.06,,,LOW PWM,Negative,No
WP_P376/1,026E,23/06/2015,WP_P376_1.XLS,16/12/2015,15/12/2015,F,,GD,GD,GD,GD,GD,GD,GD,GD,0.82,0.72,0.07,0.07,0.07,0.06,0.05,0.06,,,LOW PWM,Negative,No
WP_P376/1,032N,23/06/2015,WP_P376_1.XLS,16/12/2015,15/12/2015,F,,GD,GD,GD,GD,GD,GD,GD,GD,0.6,0.53,0.08,0.08,0.07,0.07,0.05,0.06,,,LOW PWM,Negative,No
WP_P376/1,054K,23/06/2015,WP_P376_1.XLS,16/12/2015,15/12/2015,P,,GD,GD,GD,GD,GD,GD,GD,GD,1.1,1.03,0.09,0.09,0.14,0.13,0.06,0.07,,,,Positive,No
WP_P376/1,069P,23/06/2015,WP_P376_1.XLS,16/12/2015,15/12/2015,P,,GD,GD,GD,GD,GD,GD,GD,GD,1.25,1.16,0.08,0.15,0.58,0.57,0.08,0.06,,,,Positive,No
WP_P377/1,020A,23/06/2015,WP_P377_1.XLS,16/12/2015,15/12/2015,P,,GD,GD,GD,GD,GD,GD,GD,GD,1.68,1.57,0.08,0.12,0.08,0.07,0.05,0.06,,,,Negative,No
WP_P377/1,022A,23/06/2015,WP_P377_1.XLS,16/12/2015,15/12/2015,P,,GD,GD,GD,GD,GD,GD,GD,GD,2.06,1.9,0.08,0.12,0.09,0.08,0.06,0.06,,,,Negative,No
WP_P377/1,024E,23/06/2015,WP_P377_1.XLS,16/12/2015,15/12/2015,P,,GD,GD,GD,GD,GD,GD,GD,GD,2.42,2.31,0.11,0.11,0.11,0.11,0.06,0.08,,,,Negative,No
WP_P377/1,030V,23/06/2015,WP_P377_1.XLS,16/12/2015,15/12/2015,P,,GD,GD,GD,GD,GD,GD,GD,GD,1.32,1.18,0.07,0.1,0.09,0.08,0.06,0.06,,,,Negative,No
WP_P377/1,031V,23/06/2015,WP_P377_1.XLS,16/12/2015,15/12/2015,P,,GD,GD,GD,GD,GD,GD,GD,GD,2.54,2.56,0.07,0.06,0.06,0.06,0.05,0.06,,,,Negative,No
WP_P377/1,042A,23/06/2015,WP_P377_1.XLS,16/12/2015,15/12/2015,P,,GD,GD,GD,GD,GD,GD,GD,GD,2.3,2.15,0.07,0.07,0.06,0.07,0.05,0.06,,,,Negative,No
WP_P377/1,055A,23/06/2015,WP_P377_1.XLS,16/12/2015,15/12/2015,P,,GD,GD,GD,GD,GD,GD,GD,GD,2.57,2.43,0.07,0.07,0.07,0.06,0.05,0.06,,,,Negative,No
WP_P377/1,056A,23/06/2015,WP_P377_1.XLS,16/12/2015,15/12/2015,P,,GD,GD,GD,GD,GD,GD,GD,GD,2.6,2.5,0.08,0.07,0.07,0.06,0.05,0.06,,,,Negative,No
WP_P378/1,002K,23/06/2015,WP_P378_1.XLS,16/12/2015,15/12/2015,F,,GD,GD,GD,GD,GD,GD,GD,GD,0.74,0.67,0.08,0.08,0.38,0.35,0.06,0.07,,,LOW PWM,Positive,No
WP_P378/1,005V,23/06/2015,WP_P378_1.XLS,16/12/2015,15/12/2015,P,,GD,GD,GD,GD,GD,GD,GD,GD,1.78,1.59,0.08,0.08,0.07,0.07,0.06,0.07,,,,Negative,No
WP_P378/1,023A,23/06/2015,WP_P378_1.XLS,16/12/2015,15/12/2015,P,,GD,GD,GD,GD,GD,GD,GD,GD,1.53,1.39,0.07,0.07,0.07,0.08,0.06,0.06,,,,Negative,No
WP_P378/1,027A,23/06/2015,WP_P378_1.XLS,16/12/2015,15/12/2015,P,,GD,GD,GD,GD,GD,GD,GD,GD,2.05,1.94,0.1,0.09,0.11,0.07,0.07,0.06,,,,Negative,No
WP_P378/1,032V,23/06/2015,WP_P378_1.XLS,16/12/2015,15/12/2015,P,,GD,GD,GD,GD,GD,GD,GD,GD,2.46,2.32,0.07,0.06,0.11,0.1,0.05,0.06,,,,Negative,No
WP_P378/1,043A,23/06/2015,WP_P378_1.XLS,16/12/2015,15/12/2015,P,,GD,GD,GD,GD,GD,GD,GD,GD,1.95,1.91,0.12,0.09,0.08,0.08,0.06,0.07,,,,Negative,No
WP_P378/1,045A,23/06/2015,WP_P378_1.XLS,16/12/2015,15/12/2015,P,,GD,GD,GD,GD,GD,GD,GD,GD,1.72,1.65,0.09,0.11,0.07,0.07,0.06,0.06,,,,Negative,No
WP_P378/1,046A,23/06/2015,WP_P378_1.XLS,16/12/2015,15/12/2015,P,,GD,GD,GD,GD,GD,GD,GD,GD,1.52,1.43,0.08,0.09,0.07,0.08,0.05,0.06,,,,Negative,No
WP_P379/1,002V,23/06/2015,WP_P379_1.XLS,16/12/2015,15/12/2015,P,,GD,GD,GD,GD,GD,GD,GD,GD,2.21,2.07,0.11,0.09,0.12,0.11,0.06,0.07,,,,Negative,No
WP_P379/1,019A,24/06/2015,WP_P379_1.XLS,16/12/2015,15/12/2015,P,,GD,GD,GD,GD,GD,GD,GD,GD,2.02,1.89,0.12,0.13,0.09,0.09,0.06,0.07,,,,Negative,No
WP_P379/1,022E,23/06/2015,WP_P379_1.XLS,16/12/2015,15/12/2015,P,,GD,GD,GD,GD,GD,GD,GD,GD,1.3,1.11,0.13,0.13,1,0.99,0.07,0.06,,,,Positive,No
WP_P379/1,025A,23/06/2015,WP_P379_1.XLS,16/12/2015,15/12/2015,F,,GD,GD,GD,GD,GD,GD,GD,GD,0.89,0.81,0.11,0.09,0.83,0.79,0.07,0.08,,,LOW PWM,Positive,No
WP_P379/1,035B,23/06/2015,WP_P379_1.XLS,16/12/2015,15/12/2015,F,,GD,GD,GD,GD,GD,GD,GD,GD,0.35,0.35,0.12,0.17,0.09,0.07,0.06,0.07,,,LOW PWM,Negative,No
WP_P379/1,044E,23/06/2015,WP_P379_1.XLS,16/12/2015,15/12/2015,P,,GD,GD,GD,GD,GD,GD,GD,GD,1.89,1.65,0.1,0.11,0.21,0.23,0.06,0.07,,,,Positive,No
WP_P379/1,063Y,24/06/2015,WP_P379_1.XLS,16/12/2015,15/12/2015,F,,GD,GD,GD,GD,GD,GD,GD,GD,0.73,0.73,0.1,0.09,0.57,0.57,0.06,0.06,,,LOW PWM,Positive,No
WP_P38/1,015B,31/01/2007,WP_P38_1.XLS,16/04/2007,15/02/2007,P,,GD,GD,GD,GD,GD,GD,GD,GD,2.37,2.14,0.16,0.15,0.14,0.14,0.15,0.14,,,,Negative,No
WP_P38/1,016B,31/01/2007,WP_P38_1.XLS,16/04/2007,15/02/2007,P,,GD,GD,GD,GD,GD,GD,GD,GD,2.43,0.06,0.14,0.13,0.14,0.13,0.13,0.12,,,,Negative,No
WP_P38/1,021B,31/01/2007,WP_P38_1.XLS,16/04/2007,15/02/2007,P,,GD,GD,GD,GD,GD,GD,GD,GD,2.68,2.37,0.16,0.15,0.15,0.15,0.15,0.15,,,,Negative,No
WP_P38/1,024B,31/01/2007,WP_P38_1.XLS,16/04/2007,15/02/2007,P,,GD,GD,GD,GD,GD,GD,GD,GD,2.9,3.11,0.14,0.13,0.13,0.12,0.13,0.13,,,,Negative,No
WP_P38/1,064W,31/01/2007,WP_P38_1.XLS,16/04/2007,15/02/2007,P,,GD,GD,GD,GD,GD,GD,GD,GD,1.38,1.23,0.15,0.14,0.26,0.25,0.13,0.14,,,,Positive,No
WP_P38/1,Q036,31/01/2007,WP_P38_1.XLS,16/04/2007,15/02/2007,F,,GD,GD,GD,GD,GD,GD,GD,GD,0.62,0.52,0.14,0.14,0.14,0.13,0.14,0.14,,,LOW PWM,Negative,No
WP_P380/1,002A,14/07/2015,WP_P380_1.XLS,16/12/2015,15/12/2015,P,,GD,GD,GD,GD,GD,GD,GD,GD,1.29,1.16,0.06,0.06,0.06,0.06,0.06,0.07,,,,Negative,No
WP_P380/1,003A,14/07/2015,WP_P380_1.XLS,16/12/2015,15/12/2015,P,,GD,GD,GD,GD,GD,GD,GD,GD,1.28,1.02,0.05,0.05,0.05,0.06,0.05,0.06,,,,Negative,No
WP_P380/1,004A,14/07/2015,WP_P380_1.XLS,16/12/2015,15/12/2015,P,,GD,GD,GD,GD,GD,GD,GD,GD,2.46,2.5,0.05,0.05,0.06,0.06,0.05,0.07,,,,Negative,No
WP_P380/1,033V,14/07/2015,WP_P380_1.XLS,16/12/2015,15/12/2015,P,,GD,GD,GD,GD,GD,GD,GD,GD,1.93,1.73,0.06,0.05,0.05,0.05,0.05,0.06,,,,Negative,No
WP_P380/1,034A,14/07/2015,WP_P380_1.XLS,16/12/2015,15/12/2015,P,,GD,GD,GD,GD,GD,GD,GD,GD,2.31,2.16,0.05,0.05,0.09,0.08,0.05,0.06,,,,Negative,No
WP_P380/1,034V,14/07/2015,WP_P380_1.XLS,16/12/2015,15/12/2015,F,,GD,GD,GD,GD,GD,GD,GD,GD,0.54,0.42,0.05,0.07,0.05,0.07,0.05,0.06,,,LOW PWM,Negative,No
WP_P380/1,045B,14/07/2015,WP_P380_1.XLS,16/12/2015,15/12/2015,F,,GD,GD,GD,GD,GD,GD,GD,GD,0.48,0.43,0.08,0.06,0.16,0.18,0.06,0.08,,,LOW PWM,Positive,No
WP_P380/1,050A,14/07/2015,WP_P380_1.XLS,16/12/2015,15/12/2015,F,,GD,GD,GD,GD,GD,GD,GD,GD,0.68,0.56,0.05,0.05,0.08,0.05,0.05,0.06,,,LOW PWM,Negative,No
WP_P381/1,005A,14/07/2015,WP_P381_1.XLS,16/12/2015,15/12/2015,,,NS,NS,NS,NS,NS,NS,NS,NS,,,,,,,,,,NO SAMPLE,,,No
WP_P381/1,009V,14/07/2015,WP_P381_1.XLS,16/12/2015,15/12/2015,F,,GD,GD,GD,GD,GD,GD,GD,GD,0.53,0.38,0.04,0.05,0.07,0.05,0.06,0.07,,,LOW PWM,Negative,No
WP_P381/1,011V,14/07/2015,WP_P381_1.XLS,16/12/2015,15/12/2015,F,,GD,GD,GD,GD,GD,GD,GD,GD,0.88,0.71,0.04,0.05,0.06,0.05,0.05,0.05,,,LOW PWM,Negative,No
WP_P381/1,035V,14/07/2015,WP_P381_1.XLS,16/12/2015,15/12/2015,P,,GD,GD,GD,GD,GD,GD,GD,GD,2.53,2.44,0.04,0.06,0.07,0.07,0.05,0.06,,,,Negative,No
WP_P381/1,036V,14/07/2015,WP_P381_1.XLS,16/12/2015,15/12/2015,P,,GD,GD,GD,GD,GD,GD,GD,GD,1.86,1.6,0.04,0.06,0.22,0.23,0.05,0.06,,,,Positive,No
WP_P381/1,037V,14/07/2015,WP_P381_1.XLS,16/12/2015,15/12/2015,F,,GD,GD,GD,GD,GD,GD,GD,GD,0.54,0.43,0.05,0.06,0.26,0.05,0.05,0.06,B OUTLIER,,LOW PWM,,No
WP_P381/1,038V,14/07/2015,WP_P381_1.XLS,16/12/2015,15/12/2015,F,,GD,GD,GD,GD,GD,GD,GD,GD,0.5,0.46,0.05,0.06,0.18,0.22,0.05,0.06,,,LOW PWM,Positive,No
WP_P381/2,037V,14/07/2015,WP_P381_2.XLS,23/03/2016,04/03/2016,F,,GD,GD,GD,GD,GD,GD,GD,GD,0.33,0.2,0.04,0.04,0.04,0.04,0.04,0.05,,,LOW PWM,Negative,No
WP_P382/1,003A,24/06/2015,WP_P382_1.XLS,16/12/2015,15/12/2015,P,,GD,GD,GD,GD,GD,GD,GD,GD,2.16,1.81,0.05,0.06,0.06,0.06,0.05,0.06,,,,Negative,No
WP_P382/1,014A,24/06/2015,WP_P382_1.XLS,16/12/2015,15/12/2015,P,,GD,GD,GD,GD,GD,GD,GD,GD,1.09,0.91,0.06,0.06,0.06,0.08,0.05,0.06,,,,Negative,No
WP_P382/1,027E,24/06/2015,WP_P382_1.XLS,16/12/2015,15/12/2015,P,,GD,GD,GD,GD,GD,GD,GD,GD,1.31,1.15,0.07,0.07,0.06,0.07,0.05,0.06,,,,Negative,No
WP_P382/1,042E,24/06/2015,WP_P382_1.XLS,16/12/2015,15/12/2015,F,,GD,GD,GD,GD,GD,GD,GD,GD,0.56,0.47,0.05,0.05,0.09,0.08,0.05,0.06,,,LOW PWM,Negative,No
WP_P382/1,052A,24/06/2015,WP_P382_1.XLS,16/12/2015,15/12/2015,P,,GD,GD,GD,GD,GD,GD,GD,GD,1.85,1.52,0.05,0.05,0.05,0.06,0.05,0.06,,,,Negative,No
WP_P382/1,053K,24/06/2015,WP_P382_1.XLS,16/12/2015,15/12/2015,F,,GD,GD,GD,GD,GD,GD,GD,GD,0.9,0.79,0.08,0.07,0.07,0.06,0.06,0.06,,,LOW PWM,Negative,No
WP_P382/1,054A,24/06/2015,WP_P382_1.XLS,16/12/2015,15/12/2015,P,,GD,GD,GD,GD,GD,GD,GD,GD,2.57,2.55,0.06,0.06,0.09,0.1,0.05,0.07,,,,Negative,No
WP_P382/1,070P,24/06/2015,WP_P382_1.XLS,16/12/2015,15/12/2015,F,,GD,GD,GD,GD,GD,GD,GD,GD,0.61,0.46,0.05,0.05,0.06,0.05,0.07,0.06,,,LOW PWM,Negative,No
WP_P383/1,001E,15/07/2015,WP_P383_1.xls,18/12/2015,17/12/2015,F,,GD,GD,GD,GD,GD,GD,GD,GD,1.01,0.85,0.05,0.05,0.06,0.06,0.05,0.06,,,LOW PWM,Negative,No
WP_P383/1,013V,15/07/2015,WP_P383_1.xls,18/12/2015,17/12/2015,F,,GD,GD,GD,GD,GD,GD,GD,GD,0.19,0.15,0.06,0.05,0.06,0.06,0.05,0.06,,,LOW PWM,Negative,No
WP_P383/1,025E,15/07/2015,WP_P383_1.xls,18/12/2015,17/12/2015,F,,GD,GD,GD,GD,GD,GD,GD,GD,0.97,0.82,0.05,0.05,0.05,0.05,0.05,0.06,,,LOW PWM,Negative,No
WP_P383/1,039V,15/07/2015,WP_P383_1.xls,18/12/2015,17/12/2015,P,,GD,GD,GD,GD,GD,GD,GD,GD,2.32,1.98,0.08,0.07,0.07,0.07,0.11,0.13,,,,Negative,No
WP_P383/1,040V,15/07/2015,WP_P383_1.xls,18/12/2015,17/12/2015,P,,GD,GD,GD,GD,GD,GD,GD,GD,2.36,2.12,0.05,0.05,0.05,0.05,0.05,0.06,,,,Negative,No
WP_P383/1,041V,15/07/2015,WP_P383_1.xls,18/12/2015,17/12/2015,P,,GD,GD,GD,GD,GD,GD,GD,GD,1.62,1.39,0.05,0.05,0.05,0.05,0.05,0.06,,,,Negative,No
WP_P383/1,048A,15/07/2015,WP_P383_1.xls,18/12/2015,17/12/2015,P,,GD,GD,GD,GD,GD,GD,GD,GD,2.42,2.14,0.05,0.06,0.05,0.05,0.05,0.06,,,,Negative,No
WP_P384/1,008A,25/08/2015,WP_P384_1.xls,18/12/2015,17/12/2015,P,,GD,GD,GD,GD,GD,GD,GD,GD,1.46,1.33,0.07,0.08,0.42,0.43,0.06,0.07,,,,Positive,No
WP_P384/1,015V,25/08/2015,WP_P384_1.xls,18/12/2015,17/12/2015,P,,GD,GD,GD,GD,GD,GD,GD,GD,1.72,1.43,0.06,0.05,0.09,0.09,0.05,0.06,,,,Negative,No
WP_P384/1,021L,25/08/2015,WP_P384_1.xls,18/12/2015,17/12/2015,F,,GD,GD,GD,GD,GD,GD,GD,GD,0.56,0.45,0.07,0.08,0.06,0.05,0.05,0.06,,,LOW PWM,Negative,No
WP_P384/1,021V,25/08/2015,WP_P384_1.xls,18/12/2015,17/12/2015,P,,GD,GD,GD,GD,GD,GD,GD,GD,1.51,1.22,0.05,0.05,0.1,0.1,0.06,0.05,,,,Positive,No
WP_P384/1,029V,25/08/2015,WP_P384_1.xls,18/12/2015,17/12/2015,P,,GD,GD,GD,GD,GD,GD,GD,GD,2.59,2.38,0.06,0.06,0.08,0.06,0.06,0.07,,,,Negative,No
WP_P384/1,042V,25/08/2015,WP_P384_1.xls,18/12/2015,17/12/2015,P,,GD,GD,GD,GD,GD,GD,GD,GD,2.38,2.07,0.05,0.06,0.06,0.05,0.05,0.06,,,,Negative,No
WP_P384/1,043V,25/08/2015,WP_P384_1.xls,18/12/2015,17/12/2015,P,,GD,GD,GD,GD,GD,GD,GD,GD,1.53,1.27,0.06,0.05,0.05,0.05,0.06,0.06,,,,Negative,No
WP_P384/1,051A,25/08/2015,WP_P384_1.xls,18/12/2015,17/12/2015,P,,GD,GD,GD,GD,GD,GD,GD,GD,1.54,1.31,0.09,0.08,1.52,1.48,0.05,0.06,,,,Positive,No
WP_P385/1,010V,14/10/2015,WP_P385_1.xls,18/12/2015,17/12/2015,P,,GD,GD,GD,GD,GD,GD,GD,GD,2.17,1.86,0.06,0.06,0.18,0.17,0.06,0.06,,,,Positive,No
WP_P385/1,016V,25/08/2015,WP_P385_1.xls,18/12/2015,17/12/2015,P,,GD,GD,GD,GD,GD,GD,GD,GD,1.71,1.45,0.05,0.06,0.13,0.13,0.05,0.06,,,,Positive,No
WP_P385/1,017V,25/08/2015,WP_P385_1.xls,18/12/2015,17/12/2015,P,,GD,GD,GD,GD,GD,GD,GD,GD,2.13,1.67,0.05,0.06,0.07,0.06,0.05,0.06,,,,Negative,No
WP_P385/1,023V,25/08/2015,WP_P385_1.xls,18/12/2015,17/12/2015,P,,GD,GD,GD,GD,GD,GD,GD,GD,1.26,1.08,0.05,0.05,0.05,0.08,0.05,0.06,,,,Negative,No
WP_P385/1,024V,25/08/2015,WP_P385_1.xls,18/12/2015,17/12/2015,P,,GD,GD,GD,GD,GD,GD,GD,GD,2.09,1.74,0.06,0.06,0.05,0.06,0.06,0.06,,,,Negative,No
WP_P385/1,025V,25/08/2015,WP_P385_1.xls,18/12/2015,17/12/2015,F,,GD,GD,GD,GD,GD,GD,GD,GD,0.98,0.76,0.05,0.05,0.05,0.05,0.05,0.06,,,LOW PWM,Negative,No
WP_P385/1,032V,08/09/2015,WP_P385_1.xls,18/12/2015,17/12/2015,F,,GD,GD,GD,GD,GD,GD,GD,GD,0.51,0.4,0.06,0.07,0.06,0.06,0.07,0.07,,,LOW PWM,Negative,No
WP_P385/1,044V,25/08/2015,WP_P385_1.xls,18/12/2015,17/12/2015,P,,GD,GD,GD,GD,GD,GD,GD,GD,1.51,1.32,0.07,0.06,0.11,0.12,0.07,0.07,,,,Positive,No
WP_P386/1,002K,08/09/2015,WP_P386_1.xls,18/12/2015,17/12/2015,P,,GD,GD,GD,GD,GD,GD,GD,GD,1.1,0.93,0.05,0.05,0.08,0.08,0.05,0.06,,,,Negative,No
WP_P386/1,002V,08/09/2015,WP_P386_1.xls,18/12/2015,17/12/2015,P,,GD,GD,GD,GD,GD,GD,GD,GD,2.34,2.01,0.05,0.05,0.05,0.11,0.05,0.06,B OUTLIER,,,,No
WP_P386/1,020A,08/09/2015,WP_P386_1.xls,18/12/2015,17/12/2015,P,,GD,GD,GD,GD,GD,GD,GD,GD,1.49,1.4,0.08,0.14,0.09,0.08,0.06,0.06,,,,Negative,No
WP_P386/1,028A,08/09/2015,WP_P386_1.xls,18/12/2015,17/12/2015,F,,GD,GD,GD,GD,GD,GD,GD,GD,0.93,0.78,0.1,0.06,0.05,0.05,0.06,0.07,,,LOW PWM,Negative,No
WP_P386/1,031V,08/09/2015,WP_P386_1.xls,18/12/2015,17/12/2015,P,,GD,GD,GD,GD,GD,GD,GD,GD,1.43,1.14,0.05,0.09,0.05,0.05,0.05,0.07,,,,Negative,No
WP_P386/1,044E,08/09/2015,WP_P386_1.xls,18/12/2015,17/12/2015,F,,GD,GD,GD,GD,GD,GD,GD,GD,0.93,0.67,0.05,0.06,0.1,0.09,0.05,0.05,,,LOW PWM,Negative,No
WP_P386/1,045V,08/09/2015,WP_P386_1.xls,18/12/2015,17/12/2015,P,,GD,GD,GD,GD,GD,GD,GD,GD,1.81,1.46,0.05,0.05,0.05,0.05,0.05,0.06,,,,Negative,No
WP_P386/1,052A,08/09/2015,WP_P386_1.xls,18/12/2015,17/12/2015,P,,GD,GD,GD,GD,GD,GD,GD,GD,2.07,1.76,0.08,0.09,0.05,0.05,0.05,0.05,,,,Negative,No
WP_P386/2,002V,08/09/2015,WP_P386_2.XLS,23/03/2016,04/03/2016,P,,GD,GD,GD,GD,GD,GD,GD,GD,1.24,0.87,0.06,0.04,0.04,0.04,0.04,0.04,,,,Negative,No
WP_P387/1,003A,08/09/2015,WP_P387_1.xls,18/12/2015,17/12/2015,P,,GD,GD,GD,GD,GD,GD,GD,GD,2.16,1.85,0.1,0.13,0.05,0.06,0.05,0.06,,,,Negative,No
WP_P387/1,003V,08/09/2015,WP_P387_1.xls,18/12/2015,17/12/2015,F,,GD,GD,GD,GD,GD,GD,GD,GD,0.56,0.44,0.05,0.05,0.05,0.05,0.05,0.05,,,LOW PWM,Negative,No
WP_P387/1,016A,08/09/2015,WP_P387_1.xls,18/12/2015,17/12/2015,P,,GD,GD,GD,GD,GD,GD,GD,GD,1.92,1.57,0.05,0.05,0.1,0.05,0.05,0.09,B OUTLIER,,,,No
WP_P387/1,022A,08/09/2015,WP_P387_1.xls,18/12/2015,17/12/2015,P,,GD,GD,GD,GD,GD,GD,GD,GD,1.16,0.94,0.05,0.13,0.05,0.05,0.05,0.06,,,,Negative,No
WP_P387/1,023A,08/09/2015,WP_P387_1.xls,18/12/2015,17/12/2015,F,,GD,GD,GD,GD,GD,GD,GD,GD,0.38,0.29,0.05,0.05,0.05,0.05,0.05,0.06,,,LOW PWM,Negative,No
WP_P387/1,026A,08/09/2015,WP_P387_1.xls,18/12/2015,17/12/2015,F,,GD,GD,GD,GD,GD,GD,GD,GD,0.78,0.59,0.05,0.05,0.06,0.05,0.08,0.07,,,LOW PWM,Negative,No
WP_P387/1,046V,08/09/2015,WP_P387_1.xls,18/12/2015,17/12/2015,,,NS,NS,GD,GD,GD,GD,GD,GD,,,0.06,0.06,0.06,0.05,0.05,0.07,,NO SAMPLE,,,No
WP_P387/1,055A,08/09/2015,WP_P387_1.xls,18/12/2015,17/12/2015,P,,GD,GD,GD,GD,GD,GD,GD,GD,1.87,1.57,0.06,0.06,0.09,0.07,0.06,0.07,,,,Negative,No
WP_P387/2,016A,08/09/2015,WP_P387_2.XLS,23/03/2016,04/03/2016,F,,GD,GD,GD,GD,GD,GD,GD,GD,0.83,0.54,0.04,0.04,0.04,0.04,0.04,0.04,,,LOW PWM,Negative,No
WP_P388/1,025A,08/09/2015,WP_P388_1.XLS,18/12/2015,17/12/2015,P,,GD,GD,GD,GD,GD,GD,GD,GD,1.07,0.94,0.1,0.08,0.8,0.81,0.09,0.08,,,,Positive,No
WP_P388/1,027A,08/09/2015,WP_P388_1.XLS,18/12/2015,17/12/2015,F,,GD,GD,GD,GD,GD,GD,GD,GD,0.54,0.44,0.06,0.06,0.06,0.06,0.06,0.07,,,LOW PWM,Negative,No
WP_P388/1,028F,08/09/2015,WP_P388_1.XLS,18/12/2015,17/12/2015,F,,GD,GD,GD,GD,GD,GD,GD,GD,0.88,0.82,0.08,0.06,0.3,0.3,0.05,0.08,,,LOW PWM,Positive,No
WP_P388/1,028L,08/09/2015,WP_P388_1.XLS,18/12/2015,17/12/2015,P,,GD,GD,GD,GD,GD,GD,GD,GD,1.7,1.48,0.05,0.06,0.06,0.05,0.05,0.06,,,,Negative,No
WP_P388/1,042A,08/09/2015,WP_P388_1.XLS,18/12/2015,17/12/2015,P,,GD,GD,GD,GD,GD,GD,GD,GD,1.75,1.42,0.05,0.05,0.05,0.06,0.05,0.06,,,,Negative,No
WP_P388/1,045A,08/09/2015,WP_P388_1.XLS,18/12/2015,17/12/2015,P,,GD,GD,GD,GD,GD,GD,GD,GD,1.84,1.53,0.06,0.06,0.07,0.05,0.05,0.07,,,,Negative,No
WP_P388/1,046A,08/09/2015,WP_P388_1.XLS,18/12/2015,17/12/2015,F,,GD,GD,GD,GD,GD,GD,GD,GD,0.75,0.62,0.05,0.05,0.05,0.05,0.05,0.06,,,LOW PWM,Negative,No
WP_P388/1,054K,08/09/2015,WP_P388_1.XLS,18/12/2015,17/12/2015,F,,GD,GD,GD,GD,GD,GD,GD,GD,0.61,0.52,0.05,0.05,0.06,0.06,0.05,0.05,,,LOW PWM,Negative,No
WP_P389/1,014A,09/09/2015,WP_P389_1.XLS,18/12/2015,18/12/2015,P,,GD,GD,GD,GD,GD,GD,GD,GD,1.57,1.44,0.06,0.06,0.06,0.06,0.05,0.07,,,,Negative,No
WP_P389/1,020L,09/09/2015,WP_P389_1.XLS,18/12/2015,18/12/2015,P,,GD,GD,GD,GD,GD,GD,GD,GD,1.49,1.34,0.05,0.05,0.05,0.05,0.05,0.07,,,,Negative,No
WP_P389/1,024E,09/09/2015,WP_P389_1.XLS,18/12/2015,18/12/2015,P,,GD,GD,GD,GD,GD,GD,GD,GD,1.5,1.31,0.05,0.05,0.06,0.07,0.08,0.07,,,,Negative,No
WP_P389/1,029N,09/09/2015,WP_P389_1.XLS,18/12/2015,18/12/2015,F,,GD,GD,GD,GD,GD,GD,GD,GD,0.37,0.4,0.05,0.07,0.05,0.05,0.06,0.05,,,LOW PWM,Negative,No
WP_P389/1,043A,09/09/2015,WP_P389_1.XLS,18/12/2015,18/12/2015,F,,GD,GD,GD,GD,GD,GD,GD,GD,0.77,0.7,0.05,0.05,0.07,0.05,0.05,0.05,,,LOW PWM,Negative,No
WP_P389/1,052E,09/09/2015,WP_P389_1.XLS,18/12/2015,18/12/2015,P,,GD,GD,GD,GD,GD,GD,GD,GD,1.35,1.12,0.05,0.05,0.05,0.06,0.06,0.05,,,,Negative,No
WP_P39/1,004W,31/07/2007,WP_P39_1.XLS,23/08/2007,09/08/2007,P,,GD,GD,GD,GD,GD,GD,GD,GD,2.62,2.3,0.08,0.07,0.08,0.08,0.07,0.08,,,,Negative,No
WP_P39/1,009B,31/07/2007,WP_P39_1.XLS,23/08/2007,09/08/2007,F,,GD,GD,GD,GD,GD,GD,GD,GD,0.67,0.51,0.05,0.05,0.07,0.08,0.06,0.08,,,LOW PWM,Negative,No
WP_P39/1,029W,31/07/2007,WP_P39_1.XLS,23/08/2007,09/08/2007,P,,GD,GD,GD,GD,GD,GD,GD,GD,1.47,1.15,0.05,0.05,0.15,0.09,0.05,0.06,,,,Positive,No
WP_P39/1,043Y,31/07/2007,WP_P39_1.XLS,23/08/2007,09/08/2007,P,,GD,GD,GD,GD,GD,GD,GD,GD,2.28,1.87,0.05,0.08,0.11,0.07,0.05,0.06,,,,Negative,No
WP_P39/1,044Y,31/07/2007,WP_P39_1.XLS,23/08/2007,09/08/2007,P,,GD,GD,GD,GD,GD,GD,GD,GD,2.16,1.68,0.05,0.08,0.97,0.61,0.05,0.06,,,,Positive,No
WP_P39/1,045Y,31/07/2007,WP_P39_1.XLS,23/08/2007,09/08/2007,P,,GD,GD,GD,GD,GD,GD,GD,GD,2.64,2.26,0.11,0.06,0.06,0.06,0.06,0.08,,,,Negative,No
WP_P39/1,046Y,31/07/2007,WP_P39_1.XLS,23/08/2007,09/08/2007,P,,GD,GD,GD,GD,GD,GD,GD,GD,2.39,2.16,0.08,0.07,0.06,0.05,0.07,0.08,,,,Negative,No
WP_P39/1,066B,31/07/2007,WP_P39_1.XLS,23/08/2007,09/08/2007,P,,GD,GD,GD,GD,GD,GD,GD,GD,1.24,1.06,0.06,0.06,0.05,0.05,0.06,0.07,,,,Negative,No
WP_P390/1,002A,13/10/2015,WP_P390_1.XLS,18/12/2015,18/12/2015,P,,GD,GD,GD,GD,GD,GD,GD,GD,2.35,2.21,0.06,0.06,0.06,0.06,0.05,0.07,,,,Negative,No
WP_P390/1,033V,13/10/2015,WP_P390_1.XLS,18/12/2015,18/12/2015,P,,GD,GD,GD,GD,GD,GD,GD,GD,1.41,1.33,0.06,0.06,0.06,0.06,0.05,0.06,,,,Negative,No
WP_P390/1,035V,13/10/2015,WP_P390_1.XLS,18/12/2015,18/12/2015,P,,GD,GD,GD,GD,GD,GD,GD,GD,2.46,2.3,0.05,0.05,0.06,0.05,0.05,0.06,,,,Negative,No
WP_P390/1,039V,13/10/2015,WP_P390_1.XLS,18/12/2015,18/12/2015,P,,GD,GD,GD,GD,GD,GD,GD,GD,1.77,1.69,0.07,0.06,0.19,0.18,0.06,0.07,,,,Positive,No
WP_P390/1,040V,13/10/2015,WP_P390_1.XLS,18/12/2015,18/12/2015,P,,GD,GD,GD,GD,GD,GD,GD,GD,2.51,2.33,0.05,0.05,0.8,0.73,0.05,0.06,,,,Positive,No
WP_P390/1,041V,13/10/2015,WP_P390_1.XLS,18/12/2015,18/12/2015,F,,GD,GD,GD,GD,GD,GD,GD,GD,0.82,0.69,0.05,0.07,0.06,0.05,0.05,0.05,,,LOW PWM,Negative,No
WP_P390/1,048V,13/10/2015,WP_P390_1.XLS,18/12/2015,18/12/2015,P,,GD,GD,GD,GD,GD,GD,GD,GD,2.79,2.83,0.06,0.05,0.05,0.05,0.05,0.07,,,,Negative,No
WP_P390/1,049A,13/10/2015,WP_P390_1.XLS,18/12/2015,18/12/2015,P,,GD,GD,GD,GD,GD,GD,GD,GD,2.09,1.83,0.05,0.05,0.06,0.05,0.05,0.07,,,,Negative,No
WP_P391/1,003A,13/10/2015,WP_P391_1.XLS,18/12/2015,18/12/2015,P,,GD,GD,GD,GD,GD,GD,GD,GD,2.37,2.37,0.09,0.08,0.09,0.06,0.05,0.06,,,,Negative,No
WP_P391/1,034A,13/10/2015,WP_P391_1.XLS,18/12/2015,18/12/2015,P,,GD,GD,GD,GD,GD,GD,GD,GD,1.95,1.71,0.06,0.06,0.08,0.08,0.05,0.06,,,,Negative,No
WP_P391/1,036V,13/10/2015,WP_P391_1.XLS,18/12/2015,18/12/2015,P,,GD,GD,GD,GD,GD,GD,GD,GD,2.49,2.31,0.07,0.08,0.11,0.1,0.07,0.08,,,,Negative,No
WP_P391/1,049E,11/11/2015,WP_P391_1.XLS,18/12/2015,18/12/2015,F,,GD,GD,GD,GD,GD,GD,GD,GD,0.65,0.55,0.05,0.05,0.05,0.05,0.05,0.06,,,LOW PWM,Negative,No
WP_P391/1,049V,13/10/2015,WP_P391_1.XLS,18/12/2015,18/12/2015,P,,GD,GD,GD,GD,GD,GD,GD,GD,2.39,2.51,0.06,0.06,0.05,0.05,0.06,0.07,,,,Negative,No
WP_P391/1,050A,13/10/2015,WP_P391_1.XLS,18/12/2015,18/12/2015,P,,GD,GD,GD,GD,GD,GD,GD,GD,2.11,1.9,0.07,0.08,0.05,0.05,0.05,0.06,,,,Negative,No
WP_P392/1,008A,10/11/2015,WP_P392_1.XLS,18/12/2015,18/12/2015,P,,GD,GD,GD,GD,GD,GD,GD,GD,1.23,1.22,0.06,0.07,0.65,0.66,0.06,0.09,,,,Positive,No
WP_P392/1,015V,10/11/2015,WP_P392_1.XLS,18/12/2015,18/12/2015,P,,GD,GD,GD,GD,GD,GD,GD,GD,1.68,1.3,0.05,0.08,0.05,0.05,0.05,0.07,,,,Negative,No
WP_P392/1,016V,10/11/2015,WP_P392_1.XLS,18/12/2015,18/12/2015,P,,GD,GD,GD,GD,GD,GD,GD,GD,2.48,2.28,0.06,0.06,0.18,0.17,0.07,0.12,,,,Positive,No
WP_P392/1,021V,10/11/2015,WP_P392_1.XLS,18/12/2015,18/12/2015,P,,GD,GD,GD,GD,GD,GD,GD,GD,1.07,0.93,0.07,0.07,0.23,0.24,0.06,0.07,,,,Positive,No
WP_P392/1,024V,10/11/2015,WP_P392_1.XLS,18/12/2015,18/12/2015,P,,GD,GD,GD,GD,GD,GD,GD,GD,1.84,1.64,0.05,0.05,0.09,0.09,0.06,0.06,,,,Negative,No
WP_P392/1,025V,10/11/2015,WP_P392_1.XLS,18/12/2015,18/12/2015,P,,GD,GD,GD,GD,GD,GD,GD,GD,1.19,0.94,0.08,0.1,0.07,0.06,0.1,0.1,,,,Negative,No
WP_P392/1,026V,10/11/2015,WP_P392_1.XLS,18/12/2015,18/12/2015,P,,GD,GD,GD,GD,GD,GD,GD,GD,1.21,0.95,0.05,0.05,0.06,0.06,0.06,0.08,,,,Negative,No
WP_P393/1,003V,25/11/2015,WP_P393_1.XLS,18/12/2015,18/12/2015,P,,GD,GD,GD,GD,GD,GD,GD,GD,1.57,1.33,0.06,0.07,0.06,0.06,0.07,0.08,,,,Negative,No
WP_P393/1,022A,25/11/2015,WP_P393_1.XLS,18/12/2015,18/12/2015,P,,GD,GD,GD,GD,GD,GD,GD,GD,1.21,1.09,0.06,0.06,0.05,0.06,0.07,0.07,,,,Negative,No
WP_P393/1,023A,25/11/2015,WP_P393_1.XLS,18/12/2015,18/12/2015,F,,GD,GD,GD,GD,GD,GD,GD,GD,0.99,0.82,0.05,0.06,0.05,0.06,0.06,0.07,,,LOW PWM,Negative,No
WP_P393/1,045V,25/11/2015,WP_P393_1.XLS,18/12/2015,18/12/2015,P,,GD,GD,GD,GD,GD,GD,GD,GD,2.49,2.22,0.07,0.07,0.09,0.08,0.08,0.08,,,,Negative,No
WP_P393/1,046V,25/11/2015,WP_P393_1.XLS,18/12/2015,18/12/2015,P,,GD,GD,GD,GD,GD,GD,GD,GD,2.29,2.01,0.06,0.05,0.06,0.06,0.07,0.12,,,,Negative,No
WP_P393/1,047V,25/11/2015,WP_P393_1.XLS,18/12/2015,18/12/2015,P,,GD,GD,GD,GD,GD,GD,GD,GD,2.6,2.37,0.06,0.06,0.06,0.07,0.07,0.09,,,,Negative,No
WP_P393/1,050V,25/11/2015,WP_P393_1.XLS,18/12/2015,18/12/2015,P,,GD,GD,GD,GD,GD,GD,GD,GD,1.64,1.4,0.08,0.08,0.24,0.25,0.09,0.13,,,,Positive,No
WP_P393/1,051V,25/11/2015,WP_P393_1.XLS,18/12/2015,18/12/2015,P,,GD,GD,GD,GD,GD,GD,GD,GD,1.68,1.43,0.06,0.06,0.1,0.09,0.06,0.09,,,,Negative,No
WP_P394/1,002A,25/11/2015,WP_P394_1.XLS,18/12/2015,18/12/2015,P,,GD,GD,GD,GD,GD,GD,GD,GD,2.09,2.01,0.06,0.06,0.06,0.07,0.06,0.07,,,,Negative,No
WP_P394/1,017A,25/11/2015,WP_P394_1.XLS,18/12/2015,18/12/2015,P,,GD,GD,GD,GD,GD,GD,GD,GD,1.64,1.51,0.07,0.08,0.26,0.25,0.05,0.07,,,,Positive,No
WP_P394/1,025A,25/11/2015,WP_P394_1.XLS,18/12/2015,18/12/2015,F,,GD,GD,GD,GD,GD,GD,GD,GD,0.87,0.7,0.06,0.07,0.16,0.13,0.06,0.07,,,LOW PWM,Positive,No
WP_P394/1,054A,25/11/2015,WP_P394_1.XLS,18/12/2015,18/12/2015,P,,GD,GD,GD,GD,GD,GD,GD,GD,1.76,1.67,0.07,0.07,0.09,0.09,0.06,0.06,,,,Negative,No
WP_P394/1,054K,25/11/2015,WP_P394_1.XLS,18/12/2015,18/12/2015,P,,GD,GD,GD,GD,GD,GD,GD,GD,1.35,1.23,0.06,0.09,0.18,0.16,0.06,0.07,,,,Positive,No
WP_P395/1,034V,09/12/2015,WP_P395_1.XLS,18/12/2015,18/12/2015,F,,GD,GD,GD,GD,GD,GD,GD,GD,1.04,0.9,0.14,0.12,0.08,0.1,0.09,0.11,,,LOW PWM,Negative,No
WP_P395/1,039V,09/12/2015,WP_P395_1.XLS,18/12/2015,18/12/2015,P,,GD,GD,GD,GD,GD,GD,GD,GD,1.34,1.15,0.09,0.09,0.43,0.51,0.08,0.11,,,,Positive,No
WP_P395/1,040V,09/12/2015,WP_P395_1.XLS,18/12/2015,18/12/2015,P,,GD,GD,GD,GD,GD,GD,GD,GD,1.97,1.8,0.08,0.08,0.47,0.44,0.07,0.13,,,,Positive,No
WP_P395/1,050A,09/12/2015,WP_P395_1.XLS,18/12/2015,18/12/2015,P,,GD,GD,GD,GD,GD,GD,GD,GD,1.87,1.7,0.13,0.11,0.08,0.08,0.08,0.11,,,,Negative,No
WP_P396/1,015V,12/01/2016,WP_P396_1.XLS,07/03/2016,04/03/2016,P,,GD,GD,GD,GD,GD,GD,GD,GD,2.49,2.41,0.12,0.12,0.21,0.18,0.08,0.07,,,,Positive,No
WP_P396/1,016V,12/01/2016,WP_P396_1.XLS,07/03/2016,04/03/2016,P,,GD,GD,GD,GD,GD,GD,GD,GD,2.59,2.51,0.09,0.12,0.2,0.21,0.07,0.08,,,,Positive,No
WP_P396/1,024V,12/01/2016,WP_P396_1.XLS,07/03/2016,04/03/2016,P,,GD,GD,GD,GD,GD,GD,GD,GD,2.59,2.46,0.08,0.08,0.18,0.2,0.08,0.08,,,,Positive,No
WP_P396/1,025V,12/01/2016,WP_P396_1.XLS,07/03/2016,04/03/2016,P,,GD,GD,GD,GD,GD,GD,GD,GD,2.6,2.27,0.08,0.08,0.46,0.47,0.07,0.07,,,,Positive,No
WP_P396/1,026V,12/01/2016,WP_P396_1.XLS,07/03/2016,04/03/2016,P,,GD,GD,GD,GD,GD,GD,GD,GD,1.78,1.74,0.08,0.08,0.1,0.2,0.07,0.08,B OUTLIER,,,,No
WP_P396/1,027V,12/01/2016,WP_P396_1.XLS,07/03/2016,04/03/2016,P,,GD,GD,GD,GD,GD,GD,GD,GD,2.54,2.48,0.08,0.08,0.1,0.09,0.07,0.08,,,,Negative,No
WP_P396/1,033E,12/01/2016,WP_P396_1.XLS,07/03/2016,04/03/2016,P,,GD,GD,GD,GD,GD,GD,GD,GD,2.23,2.09,0.09,0.08,0.08,0.11,0.08,0.08,,,,Negative,No
WP_P396/1,043V,12/01/2016,WP_P396_1.XLS,07/03/2016,04/03/2016,P,,GD,GD,GD,GD,GD,GD,GD,GD,2.21,2.25,0.15,0.14,0.25,0.25,0.09,0.1,,,,Positive,No
WP_P396/2,026V,12/01/2016,WP_P396_2.XLS,04/08/2016,03/08/2016,F,,GD,GD,GD,GD,GD,GD,GD,GD,0.77,0.739,0.106,0.156,0.127,0.094,0.09,0.081,,,LOW PWM,Negative,No
WP_P397/1,001C,26/01/2016,WP_P397_1.XLS,07/03/2016,04/03/2016,P,,GD,GD,GD,GD,GD,GD,GD,GD,2.04,1.98,0.07,0.08,0.08,0.07,0.06,0.06,,,,Negative,No
WP_P397/1,003V,26/01/2016,WP_P397_1.XLS,07/03/2016,04/03/2016,P,,GD,GD,GD,GD,GD,GD,GD,GD,2.58,2.53,0.08,0.07,0.07,0.07,0.06,0.07,,,,Negative,No
WP_P397/1,014A,26/01/2016,WP_P397_1.XLS,07/03/2016,04/03/2016,P,,GD,GD,GD,GD,GD,GD,GD,GD,2.04,2.06,0.08,0.08,0.08,0.09,0.07,0.07,,,,Negative,No
WP_P397/1,017A,26/01/2016,WP_P397_1.XLS,07/03/2016,04/03/2016,P,,GD,GD,GD,GD,GD,GD,GD,GD,1.99,1.98,0.09,0.08,0.18,0.18,0.06,0.07,,,,Positive,No
WP_P397/1,022E,26/01/2016,WP_P397_1.XLS,07/03/2016,04/03/2016,P,,GD,GD,GD,GD,GD,GD,GD,GD,2.32,2.29,0.09,0.09,0.69,0.73,0.07,0.07,,,,Positive,No
WP_P397/1,028F,26/01/2016,WP_P397_1.XLS,07/03/2016,04/03/2016,P,,GD,GD,GD,GD,GD,GD,GD,GD,1.66,1.58,0.11,0.12,1.19,1.21,0.06,0.07,,,,Positive,No
WP_P397/1,036E,13/01/2016,WP_P397_1.XLS,07/03/2016,04/03/2016,P,,GD,GD,GD,GD,GD,GD,GD,GD,2.29,2.24,0.1,0.1,0.12,0.13,0.07,0.07,,,,Negative,No
WP_P397/1,045A,26/01/2016,WP_P397_1.XLS,07/03/2016,04/03/2016,P,,GD,GD,GD,GD,GD,GD,GD,GD,1.8,1.74,0.07,0.07,0.07,0.07,0.06,0.07,,,,Negative,No
WP_P398/1,002C,26/01/2016,WP_P398_1.XLS,07/03/2016,04/03/2016,P,,GD,GD,GD,GD,GD,GD,GD,GD,2.33,2.3,0.09,0.1,0.06,0.07,0.07,0.06,,,,Negative,No
WP_P398/1,002V,26/01/2016,WP_P398_1.XLS,07/03/2016,04/03/2016,P,,GD,GD,GD,GD,GD,GD,GD,GD,2.74,2.72,0.11,0.08,0.12,0.12,0.09,0.07,,,,Negative,No
WP_P398/1,023A,26/01/2016,WP_P398_1.XLS,07/03/2016,04/03/2016,P,,GD,GD,GD,GD,GD,GD,GD,GD,1.44,1.45,0.07,0.06,0.06,0.06,0.08,0.06,,,,Negative,No
WP_P398/1,027A,26/01/2016,WP_P398_1.XLS,07/03/2016,04/03/2016,P,,GD,GD,GD,GD,GD,GD,GD,GD,1.25,1.19,0.07,0.07,0.06,0.06,0.06,0.07,,,,Negative,No
WP_P398/1,028K,26/01/2016,WP_P398_1.XLS,07/03/2016,04/03/2016,P,,GD,GD,GD,GD,GD,GD,GD,GD,2.14,2.09,0.1,0.09,0.27,0.27,0.07,0.08,,,,Positive,No
WP_P398/1,043A,26/01/2016,WP_P398_1.XLS,07/03/2016,04/03/2016,P,,GD,GD,GD,GD,GD,GD,GD,GD,2.13,2,0.11,0.12,0.13,0.12,0.09,0.1,,,,Negative,No
WP_P398/1,047V,26/01/2016,WP_P398_1.XLS,07/03/2016,04/03/2016,P,,GD,GD,GD,GD,GD,GD,GD,GD,2.4,2.34,0.1,0.09,0.09,0.09,0.07,0.09,,,,Negative,No
WP_P398/1,063Y,26/01/2016,WP_P398_1.XLS,07/03/2016,04/03/2016,F,,GD,GD,GD,GD,GD,GD,GD,GD,0.74,0.69,0.07,0.07,0.43,0.42,0.06,0.06,,,LOW PWM,Positive,No
WP_P399/1,003C,03/05/2016,WP_P399_1.XLS,06/07/2016,13/05/2016,P,,GD,GD,GD,GD,GD,GD,GD,GD,2.97,2.88,0.08,0.09,0.07,0.07,0.09,0.09,,,,Negative,No
WP_P399/1,004A,03/05/2016,WP_P399_1.XLS,06/07/2016,13/05/2016,P,,GD,GD,GD,GD,GD,GD,GD,GD,3.1,2.94,0.09,0.07,0.08,0.1,0.06,0.09,,,,Negative,No
WP_P399/1,034A,03/05/2016,WP_P399_1.XLS,06/07/2016,13/05/2016,P,,GD,GD,GD,GD,GD,GD,GD,GD,3.08,3,0.08,0.06,0.08,0.07,0.06,0.07,,,,Negative,No
WP_P399/1,036V,03/05/2016,WP_P399_1.XLS,06/07/2016,13/05/2016,P,,GD,GD,GD,GD,GD,GD,GD,GD,3.02,2.96,0.14,0.07,0.31,0.3,0.08,0.09,,,,Positive,No
WP_P399/1,039V,03/05/2016,WP_P399_1.XLS,06/07/2016,13/05/2016,P,,GD,GD,GD,GD,GD,GD,GD,GD,1.57,1.55,0.13,0.06,0.13,0.12,0.06,0.07,A OUTLIER,,,,No
WP_P399/1,040V,03/05/2016,WP_P399_1.XLS,06/07/2016,13/05/2016,P,,GD,GD,GD,GD,GD,GD,GD,GD,2.14,2.01,0.08,0.06,0.18,0.19,0.06,0.07,,,,Positive,No
WP_P399/1,048A,03/05/2016,WP_P399_1.XLS,06/07/2016,13/05/2016,P,,GD,GD,GD,GD,GD,GD,GD,GD,2.97,2.89,0.07,0.07,0.07,0.06,0.06,0.09,,,,Negative,No
WP_P399/1,049V,03/05/2016,WP_P399_1.XLS,06/07/2016,13/05/2016,P,,GD,GD,GD,GD,GD,GD,GD,GD,2.81,2.74,0.1,0.08,0.07,0.08,0.07,0.14,,,,Negative,No
WP_P399/2,039V,03/05/2016,WP_P399_2.XLS,04/08/2016,03/08/2016,F,,GD,GD,GD,GD,GD,GD,GD,GD,0.847,1.063,0.244,0.216,0.182,0.161,0.119,0.085,,,LOW PWM,Negative,No
WP_P4/1,007G,18/07/2006,WP_P4_1.XLS,16/04/2007,23/01/2007,P,,GD,GD,GD,GD,GD,GD,GD,GD,1.56,1.43,0.19,0.18,0.31,0.33,0.24,0.24,NIL AVG HIGH,,,,No
WP_P4/1,073R,18/07/2006,WP_P4_1.XLS,16/04/2007,23/01/2007,P,,GD,GD,GD,GD,GD,GD,GD,GD,3.6,3.74,0.29,0.24,0.42,0.26,0.28,0.26,NIL AVG HIGH,,,,No
WP_P4/1,H027,18/07/2006,WP_P4_1.XLS,16/04/2007,23/01/2007,P,,GD,GD,GD,IV,GD,GD,GD,GD,1.91,1.93,0.2,,0.2,0.22,0.29,0.27,MISSING ODs,,,,No
WP_P4/1,Q081,18/07/2006,WP_P4_1.XLS,16/04/2007,23/01/2007,,,GD,IV,GD,GD,GD,GD,GD,GD,0.9,,0.23,0.32,0.26,0.25,0.28,0.28,MISSING ODs,,,,No
WP_P4/2,007G,18/07/2006,WP_P4_2.XLS,14/05/2007,04/05/2007,P,,GD,GD,GD,GD,GD,GD,GD,GD,1.21,0.91,0.16,0.16,0.26,0.26,0.16,0.18,,,,Positive,No
WP_P4/2,073R,18/07/2006,WP_P4_2.XLS,14/05/2007,04/05/2007,P,,GD,GD,GD,GD,GD,GD,GD,GD,2.73,3.02,0.2,0.2,0.19,0.18,0.2,0.24,,,,Negative,No
WP_P4/2,H027,18/07/2006,WP_P4_2.XLS,14/05/2007,04/05/2007,P,,GD,GD,GD,GD,GD,GD,GD,GD,1.3,1.21,0.18,0.17,0.16,0.16,0.19,0.2,,,,Negative,No
WP_P4/2,Q081,18/07/2006,WP_P4_2.XLS,14/05/2007,04/05/2007,P,,GD,GD,GD,GD,GD,GD,GD,GD,1.45,0.95,0.19,0.19,0.2,0.19,0.18,0.22,,,,Negative,No
WP_P40/1,047Y,31/07/2007,WP_P40_1.XLS,23/08/2007,09/08/2007,P,,GD,GD,GD,GD,GD,GD,GD,GD,1.39,1.23,0.06,0.05,0.05,0.06,0.06,0.07,,,,Negative,No
WP_P40/1,048B,31/07/2007,WP_P40_1.XLS,23/08/2007,09/08/2007,P,,GD,GD,GD,GD,GD,GD,GD,GD,1.16,0.9,0.05,0.09,0.12,0.1,0.06,0.07,,,,Negative,No
WP_P40/1,048Y,31/07/2007,WP_P40_1.XLS,23/08/2007,09/08/2007,P,,GD,GD,GD,GD,GD,GD,GD,GD,1.68,1.37,0.05,0.05,0.05,0.08,0.05,0.07,,,,Negative,No
WP_P40/1,049B,31/07/2007,WP_P40_1.XLS,23/08/2007,09/08/2007,P,,GD,GD,GD,GD,GD,GD,GD,GD,2.33,1.91,0.05,0.05,0.11,0.11,0.05,0.06,,,,Positive,No
WP_P40/1,049Y,31/07/2007,WP_P40_1.XLS,23/08/2007,09/08/2007,P,,GD,GD,GD,GD,GD,GD,GD,GD,2.18,1.74,0.05,0.05,0.09,0.06,0.05,0.06,,,,Negative,No
WP_P40/1,051B,31/07/2007,WP_P40_1.XLS,23/08/2007,09/08/2007,P,,GD,GD,GD,GD,GD,GD,GD,GD,1.78,1.64,0.1,0.1,0.31,0.3,0.07,0.07,,,,Positive,No
WP_P40/1,051Y,31/07/2007,WP_P40_1.XLS,23/08/2007,09/08/2007,P,,GD,GD,GD,GD,GD,GD,GD,GD,2.39,2.1,0.05,0.05,0.57,0.55,0.05,0.06,,,,Positive,No
WP_P40/1,I008,31/07/2007,WP_P40_1.XLS,23/08/2007,09/08/2007,P,,GD,GD,GD,GD,GD,GD,GD,GD,1.36,1.36,0.07,0.07,0.08,0.07,0.06,0.13,,,,Negative,No
WP_P400/1,006A,03/05/2016,WP_P400_1.XLS,06/07/2016,13/05/2016,P,,GD,GD,GD,GD,GD,GD,GD,GD,2.9,2.82,0.08,0.07,0.08,0.07,0.07,0.07,,,,Negative,No
WP_P400/1,007A,03/05/2016,WP_P400_1.XLS,06/07/2016,13/05/2016,P,,GD,GD,GD,GD,GD,GD,GD,GD,3.02,3.01,0.07,0.06,0.07,0.06,0.06,0.06,,,,Negative,No
WP_P400/1,010V,03/05/2016,WP_P400_1.XLS,06/07/2016,13/05/2016,P,,GD,GD,GD,GD,GD,GD,GD,GD,2.26,2.08,0.06,0.06,0.1,0.06,0.06,0.06,,,,Negative,No
WP_P400/1,035V,04/05/2016,WP_P400_1.XLS,06/07/2016,13/05/2016,P,,GD,GD,GD,GD,GD,GD,GD,GD,2.8,2.82,0.1,0.06,0.06,0.06,0.06,0.07,,,,Negative,No
WP_P400/1,041V,04/05/2016,WP_P400_1.XLS,06/07/2016,13/05/2016,F,,GD,GD,GD,GD,GD,GD,GD,GD,0.97,1.02,0.07,0.07,0.47,0.46,0.06,0.06,,,LOW PWM,Positive,No
WP_P400/1,049A,03/05/2016,WP_P400_1.XLS,06/07/2016,13/05/2016,P,,GD,GD,GD,GD,GD,GD,GD,GD,2.07,2.02,0.1,0.1,0.1,0.09,0.06,0.06,,,,Negative,No
WP_P401/1,016V,10/05/2016,WP_P401_1.XLS,06/07/2016,13/05/2016,P,,GD,GD,GD,GD,GD,GD,GD,GD,2.89,2.85,0.08,0.07,0.09,0.09,0.08,0.09,,,,Negative,No
WP_P401/1,017V,10/05/2016,WP_P401_1.XLS,06/07/2016,13/05/2016,P,,GD,GD,GD,GD,GD,GD,GD,GD,2.91,2.76,0.07,0.07,0.2,0.2,0.07,0.07,,,,Positive,No
WP_P401/1,018V,10/05/2016,WP_P401_1.XLS,06/07/2016,13/05/2016,P,,GD,GD,GD,GD,GD,GD,GD,GD,2.96,2.96,0.08,0.07,0.54,0.52,0.07,0.07,,,,Positive,No
WP_P401/1,019V,10/05/2016,WP_P401_1.XLS,06/07/2016,13/05/2016,P,,GD,GD,GD,GD,GD,GD,GD,GD,2.89,3.02,0.07,0.07,0.07,0.07,0.06,0.09,,,,Negative,No
WP_P401/1,020L,10/05/2016,WP_P401_1.XLS,06/07/2016,13/05/2016,F,,GD,GD,GD,GD,GD,GD,GD,GD,0.83,0.83,0.07,0.07,0.07,0.07,0.07,0.08,,,LOW PWM,Negative,No
WP_P401/1,022A,10/05/2016,WP_P401_1.XLS,06/07/2016,13/05/2016,P,,GD,GD,GD,GD,GD,GD,GD,GD,2.54,2.51,0.12,0.12,1.48,1.48,0.07,0.09,,,,Positive,No
WP_P401/1,026V,10/05/2016,WP_P401_1.XLS,06/07/2016,13/05/2016,P,,GD,GD,GD,GD,GD,GD,GD,GD,2.09,2.06,0.09,0.08,0.07,0.08,0.07,0.09,,,,Negative,No
WP_P401/1,049E,10/05/2016,WP_P401_1.XLS,06/07/2016,13/05/2016,P,,GD,GD,GD,GD,GD,GD,GD,GD,1.73,1.79,0.08,0.08,1.48,1.44,0.07,0.07,,,,Positive,No
WP_P402/1,013E,10/05/2016,WP_P402_1.XLS,06/07/2016,13/05/2016,P,,GD,GD,GD,GD,GD,GD,GD,GD,2.16,2.23,0.07,0.06,0.09,0.07,0.07,0.07,,,,Negative,No
WP_P402/1,015V,10/05/2016,WP_P402_1.XLS,06/07/2016,13/05/2016,P,,GD,GD,GD,GD,GD,GD,GD,GD,2.82,3.09,0.08,0.08,0.14,0.13,0.09,0.09,,,,Positive,No
WP_P402/1,021V,10/05/2016,WP_P402_1.XLS,06/07/2016,13/05/2016,P,,GD,GD,GD,GD,GD,GD,GD,GD,2.93,3.03,0.13,0.13,1.83,1.83,0.09,0.1,,,,Positive,No
WP_P402/1,032N,10/05/2016,WP_P402_1.XLS,06/07/2016,13/05/2016,P,,GD,GD,GD,GD,GD,GD,GD,GD,1.4,1.38,0.08,0.1,0.34,0.37,0.07,0.08,,,,Positive,No
WP_P402/1,033E,10/05/2016,WP_P402_1.XLS,06/07/2016,13/05/2016,P,,GD,GD,GD,GD,GD,GD,GD,GD,2.48,2.41,0.08,0.07,0.06,0.06,0.06,0.08,,,,Negative,No
WP_P402/1,036E,10/05/2016,WP_P402_1.XLS,06/07/2016,13/05/2016,P,,GD,GD,GD,GD,GD,GD,GD,GD,1.09,1.07,0.07,0.07,0.16,0.16,0.12,0.07,,,,Positive,No
WP_P402/1,043V,10/05/2016,WP_P402_1.XLS,06/07/2016,13/05/2016,P,,GD,GD,GD,GD,GD,GD,GD,GD,2.27,2.27,0.06,0.06,0.06,0.06,0.06,0.09,,,,Negative,No
WP_P402/1,053K,10/05/2016,WP_P402_1.XLS,06/07/2016,13/05/2016,F,,GD,GD,GD,GD,GD,GD,GD,GD,0.97,1,0.06,0.06,0.07,0.07,0.08,0.08,,,LOW PWM,Negative,No
WP_P403/1,020V,10/05/2016,WP_P403_1.XLS,06/07/2016,13/05/2016,P,,GD,GD,GD,GD,GD,GD,GD,GD,2.635,2.716,0.074,0.066,0.064,0.063,0.064,0.066,,,,Negative,No
WP_P403/1,024V,10/05/2016,WP_P403_1.XLS,06/07/2016,13/05/2016,P,,GD,GD,GD,GD,GD,GD,GD,GD,1.951,1.937,0.065,0.07,0.122,0.122,0.066,0.075,,,,Positive,No
WP_P403/1,025V,10/05/2016,WP_P403_1.XLS,06/07/2016,13/05/2016,P,,GD,GD,GD,GD,GD,GD,GD,GD,3.041,2.82,0.083,0.078,0.281,0.263,0.124,0.089,,,,Positive,No
WP_P403/1,029V,10/05/2016,WP_P403_1.XLS,06/07/2016,13/05/2016,P,,GD,GD,GD,GD,GD,GD,GD,GD,3.174,2.834,0.084,0.082,0.077,0.075,0.071,0.079,,,,Negative,No
WP_P404/1,004C,28/06/2016,WP_P404_1.XLS,03/08/2016,03/08/2016,P,,GD,GD,GD,GD,GD,GD,GD,GD,1.072,0.966,0.062,0.068,0.063,0.064,0.074,0.111,,,,Negative,No
WP_P404/1,005C,28/06/2016,WP_P404_1.XLS,03/08/2016,03/08/2016,P,,GD,GD,GD,GD,GD,GD,GD,GD,1.557,1.387,0.067,0.06,0.057,0.081,0.075,0.104,,,,Negative,No
WP_P404/1,006C,28/06/2016,WP_P404_1.XLS,03/08/2016,03/08/2016,P,,GD,GD,GD,GD,GD,GD,GD,GD,2.933,2.861,0.076,0.059,0.061,0.057,0.072,0.107,,,,Negative,No
WP_P404/1,019E,28/06/2016,WP_P404_1.XLS,03/08/2016,03/08/2016,P,,GD,GD,GD,GD,GD,GD,GD,GD,1.697,1.517,0.064,0.059,0.057,0.054,0.07,0.092,,,,Negative,No
WP_P404/1,027A,28/06/2016,WP_P404_1.XLS,03/08/2016,03/08/2016,P,,GD,GD,GD,GD,GD,GD,GD,GD,1.672,1.451,0.072,0.066,1.005,0.895,0.074,0.084,,,,Positive,No
WP_P404/1,032V,28/06/2016,WP_P404_1.XLS,03/08/2016,03/08/2016,P,,GD,GD,GD,GD,GD,GD,GD,GD,2.997,2.949,0.081,0.072,0.087,0.083,0.098,0.113,,,,Negative,No
WP_P404/1,043A,28/06/2016,WP_P404_1.XLS,03/08/2016,03/08/2016,P,,GD,GD,GD,GD,GD,GD,GD,GD,1.445,1.435,0.1,0.067,0.063,0.063,0.074,0.086,,,,Negative,No
WP_P404/1,045V,28/06/2016,WP_P404_1.XLS,03/08/2016,03/08/2016,F,,GD,GD,GD,GD,GD,GD,GD,GD,0.585,0.532,0.067,0.063,0.063,0.06,0.071,0.086,,,LOW PWM,Negative,No
WP_P405/1,002C,28/06/2016,WP_P405_1.XLS,03/08/2016,03/08/2016,P,,GD,GD,GD,GD,GD,GD,GD,GD,1.662,1.597,0.106,0.105,0.48,0.463,0.081,0.079,,,,Positive,No
WP_P405/1,007C,28/06/2016,WP_P405_1.XLS,03/08/2016,03/08/2016,P,,GD,GD,GD,GD,GD,GD,GD,GD,2.823,2.749,0.1,0.083,0.072,0.103,0.075,0.079,,,,Negative,No
WP_P405/1,008C,28/06/2016,WP_P405_1.XLS,03/08/2016,03/08/2016,P,,GD,GD,GD,GD,GD,GD,GD,GD,1.168,1.141,0.111,0.082,0.074,0.072,0.095,0.098,,,,Negative,No
WP_P405/1,009C,28/06/2016,WP_P405_1.XLS,03/08/2016,03/08/2016,P,,GD,GD,GD,GD,GD,GD,GD,GD,2.819,2.802,0.11,0.077,0.075,0.077,0.08,0.095,,,,Negative,No
WP_P405/1,027E,28/06/2016,WP_P405_1.XLS,03/08/2016,03/08/2016,P,,GD,GD,GD,GD,GD,GD,GD,GD,2.127,2.121,0.177,0.172,0.144,0.131,0.099,0.082,,,,Negative,No
WP_P405/1,045A,28/06/2016,WP_P405_1.XLS,03/08/2016,03/08/2016,P,,GD,GD,GD,GD,GD,GD,GD,GD,3.011,2.913,0.096,0.088,0.094,0.115,0.1,0.104,,,,Negative,No
WP_P405/1,046A,28/06/2016,WP_P405_1.XLS,03/08/2016,03/08/2016,P,,GD,GD,GD,GD,GD,GD,GD,GD,1.377,1.287,0.08,0.089,0.076,0.073,0.113,0.08,,,,Negative,No
WP_P405/1,054A,28/06/2016,WP_P405_1.XLS,03/08/2016,03/08/2016,P,,GD,GD,GD,GD,GD,GD,GD,GD,2.962,2.993,0.122,0.11,0.102,0.102,0.118,0.119,,,,Negative,No
WP_P406/1,002K,28/06/2016,WP_P406_1.XLS,03/08/2016,03/08/2016,P,,GD,GD,GD,GD,GD,GD,GD,GD,1.994,2.139,0.341,0.125,0.226,0.447,0.083,0.149,B & A,,,,No
WP_P406/1,040V,12/07/2016,WP_P406_1.XLS,03/08/2016,03/08/2016,P,,GD,GD,GD,GD,GD,GD,GD,GD,1.72,1.611,0.077,0.078,0.099,0.091,0.171,0.092,,,,Negative,No
WP_P406/1,049V,12/07/2016,WP_P406_1.XLS,03/08/2016,03/08/2016,P,,GD,GD,GD,GD,GD,GD,GD,GD,0.994,1.095,0.129,0.108,0.085,0.083,0.103,0.087,,,,Negative,No
WP_P406/1,050A,12/07/2016,WP_P406_1.XLS,03/08/2016,03/08/2016,F,,GD,GD,GD,GD,GD,GD,GD,GD,0.557,0.486,0.224,0.142,0.161,0.076,0.084,0.08,,,LOW PWM,Negative,No
WP_P406/1,062W,28/06/2016,WP_P406_1.XLS,03/08/2016,03/08/2016,F,,GD,GD,GD,GD,GD,GD,GD,GD,0.31,0.277,0.108,0.272,0.1,0.091,0.084,0.081,,,LOW PWM,Negative,No
WP_P406/2,002K,28/06/2016,WP_P406_2.XLS,04/08/2016,04/08/2016,F,,GD,GD,GD,GD,GD,GD,GD,GD,0.641,0.458,0.06,0.049,0.152,0.086,0.074,0.071,,,LOW PWM,Positive,No
WP_P407/1,003C,12/07/2016,WP_P407_1.XLS,03/08/2016,03/08/2016,P,,GD,GD,GD,GD,GD,GD,GD,GD,2.653,2.536,0.094,0.096,0.099,0.106,0.075,0.074,,,,Negative,No
WP_P407/1,010C,12/07/2016,WP_P407_1.XLS,03/08/2016,03/08/2016,P,,GD,GD,GD,GD,GD,GD,GD,GD,2.623,2.611,0.079,0.074,0.084,0.072,0.068,0.073,,,,Negative,No
WP_P407/1,010V,12/07/2016,WP_P407_1.XLS,03/08/2016,03/08/2016,P,,GD,GD,GD,GD,GD,GD,GD,GD,2.406,2.315,0.112,0.151,0.079,0.075,0.074,0.087,,,,Negative,No
WP_P407/1,011C,12/07/2016,WP_P407_1.XLS,03/08/2016,03/08/2016,P,,GD,GD,GD,GD,GD,GD,GD,GD,1.827,1.731,0.073,0.131,0.089,0.069,0.07,0.074,,,,Negative,No
WP_P407/1,012C,12/07/2016,WP_P407_1.XLS,03/08/2016,03/08/2016,P,,GD,GD,GD,GD,GD,GD,GD,GD,3.099,2.998,0.083,0.084,0.078,0.082,0.079,0.083,,,,Negative,No
WP_P407/1,012E,12/07/2016,WP_P407_1.XLS,03/08/2016,03/08/2016,P,,GD,GD,GD,GD,GD,GD,GD,GD,1.074,0.968,0.083,0.095,0.139,0.144,0.072,0.075,,,,Positive,No
WP_P407/1,025E,12/07/2016,WP_P407_1.XLS,03/08/2016,03/08/2016,P,,GD,GD,GD,GD,GD,GD,GD,GD,1.13,1.133,0.107,0.102,0.075,0.072,0.086,0.079,,,,Negative,No
WP_P407/1,039V,12/07/2016,WP_P407_1.XLS,03/08/2016,03/08/2016,P,,GD,GD,GD,GD,GD,GD,GD,GD,1.934,1.856,0.077,0.105,0.099,0.094,0.072,0.072,,,,Negative,No
WP_P408/1,003A,13/07/2016,WP_P408_1.XLS,03/08/2016,03/08/2016,P,,GD,GD,GD,GD,GD,GD,GD,GD,2.514,2.32,0.07,0.076,0.063,0.063,0.075,0.088,,,,Negative,No
WP_P409/1,014C,26/07/2016,WP_P409_1.XLS,03/08/2016,03/08/2016,F,,GD,GD,GD,GD,GD,GD,GD,GD,0.811,0.794,0.079,0.076,0.074,0.077,0.08,0.082,,,LOW PWM,Negative,No
WP_P409/1,015V,26/07/2016,WP_P409_1.XLS,03/08/2016,03/08/2016,P,,GD,GD,GD,GD,GD,GD,GD,GD,2.38,2.305,0.09,0.086,0.101,0.089,0.161,0.117,,,,Negative,No
WP_P409/1,016C,26/07/2016,WP_P409_1.XLS,03/08/2016,03/08/2016,P,,GD,GD,GD,GD,GD,GD,GD,GD,2.08,2.053,0.118,0.084,0.086,0.104,0.084,0.085,,,,Negative,No
WP_P409/1,016V,26/07/2016,WP_P409_1.XLS,03/08/2016,03/08/2016,P,,GD,GD,GD,GD,GD,GD,GD,GD,1.905,1.818,0.084,0.109,0.09,0.089,0.105,0.089,,,,Negative,No
WP_P409/1,019V,26/07/2016,WP_P409_1.XLS,03/08/2016,03/08/2016,P,,GD,GD,GD,GD,GD,GD,GD,GD,1.586,1.607,0.134,0.096,0.186,0.245,0.092,0.096,,,,Positive,No
WP_P409/1,021V,26/07/2016,WP_P409_1.XLS,03/08/2016,03/08/2016,P,,GD,GD,GD,GD,GD,GD,GD,GD,2.804,2.771,0.118,0.146,0.399,0.407,0.08,0.081,,,,Positive,No
WP_P409/1,042V,26/07/2016,WP_P409_1.XLS,03/08/2016,03/08/2016,P,,GD,GD,GD,GD,GD,GD,GD,GD,3.164,3.081,0.089,0.14,0.198,0.193,0.138,0.084,,,,Positive,No
WP_P409/1,043V,26/07/2016,WP_P409_1.XLS,03/08/2016,03/08/2016,P,,GD,GD,GD,GD,GD,GD,GD,GD,1.437,1.347,0.08,0.076,0.08,0.073,0.142,0.089,,,,Negative,No
WP_P41/1,003B,31/07/2007,WP_P41_1.XLS,23/08/2007,09/08/2007,P,,GD,GD,GD,GD,GD,GD,GD,GD,2.05,1.48,0.06,0.06,1.5,1.48,0.07,0.06,,,,Positive,No
WP_P41/1,007Y,01/08/2007,WP_P41_1.XLS,23/08/2007,09/08/2007,P,,GD,GD,GD,GD,GD,GD,GD,GD,1.22,0.9,0.06,0.05,0.05,0.05,0.06,0.07,,,,Negative,No
WP_P41/1,050Y,31/07/2007,WP_P41_1.XLS,23/08/2007,09/08/2007,P,,GD,GD,GD,GD,GD,GD,GD,GD,2.05,1.66,0.05,0.04,0.29,0.29,0.07,0.05,,,,Positive,No
WP_P41/1,052Y,01/08/2007,WP_P41_1.XLS,23/08/2007,09/08/2007,P,,GD,GD,GD,GD,GD,GD,GD,GD,1.92,1.38,0.05,0.04,0.05,0.05,0.06,0.05,,,,Negative,No
WP_P41/1,053Y,01/08/2007,WP_P41_1.XLS,23/08/2007,09/08/2007,F,,GD,GD,GD,GD,GD,GD,GD,GD,1.11,0.43,0.05,0.04,0.05,0.05,0.06,0.06,,,LOW PWM,Negative,No
WP_P41/1,054Y,01/08/2007,WP_P41_1.XLS,23/08/2007,09/08/2007,P,,GD,GD,GD,GD,GD,GD,GD,GD,2.71,2.8,0.05,0.05,0.05,0.04,0.05,0.06,,,,Negative,No
WP_P41/1,063B,01/08/2007,WP_P41_1.XLS,23/08/2007,09/08/2007,P,,GD,GD,GD,GD,GD,GD,GD,GD,2.06,1.45,0.05,0.05,0.15,0.15,0.06,0.08,,,,Positive,No
WP_P410/1,017C,26/07/2016,WP_P410_1.XLS,03/08/2016,03/08/2016,P,,GD,GD,GD,GD,GD,GD,GD,GD,2.686,2.602,0.071,0.069,0.07,0.072,0.082,0.099,,,,Negative,No
WP_P410/1,017V,26/07/2016,WP_P410_1.XLS,03/08/2016,03/08/2016,P,,GD,GD,GD,GD,GD,GD,GD,GD,3.065,2.935,0.088,0.078,0.228,0.226,0.093,0.091,,,,Positive,No
WP_P410/1,018C,26/07/2016,WP_P410_1.XLS,03/08/2016,03/08/2016,P,,GD,GD,GD,GD,GD,GD,GD,GD,2.42,2.251,0.07,0.07,0.071,0.07,0.079,0.087,,,,Negative,No
WP_P410/1,019C,26/07/2016,WP_P410_1.XLS,03/08/2016,03/08/2016,P,,GD,GD,GD,GD,GD,GD,GD,GD,2.769,2.854,0.075,0.077,0.076,0.074,0.085,0.087,,,,Negative,No
WP_P410/1,020C,27/07/2016,WP_P410_1.XLS,03/08/2016,03/08/2016,P,,GD,GD,GD,GD,GD,GD,GD,GD,1.349,1.281,0.079,0.101,0.076,0.074,0.084,0.087,,,,Negative,No
WP_P410/1,020L,27/07/2016,WP_P410_1.XLS,03/08/2016,03/08/2016,P,,GD,GD,GD,GD,GD,GD,GD,GD,1.457,1.287,0.103,0.149,0.105,0.096,0.11,0.113,,,,Negative,No
WP_P411/1,007C,09/08/2016,WP_P411_1.XLS,22/08/2016,12/08/2016,P,,GD,GD,GD,GD,GD,GD,GD,GD,2.85,3.014,0.064,0.058,0.055,0.082,0.069,0.059,,,,Negative,No
WP_P411/1,019A,09/08/2016,WP_P411_1.XLS,22/08/2016,12/08/2016,F,,GD,GD,GD,GD,GD,GD,GD,GD,1.025,0.965,0.057,0.06,0.116,0.12,0.073,0.06,,,LOW PWM,Positive,No
WP_P411/1,021C,09/08/2016,WP_P411_1.XLS,22/08/2016,12/08/2016,P,,GD,GD,GD,GD,GD,GD,GD,GD,2.188,2.166,0.062,0.068,0.061,0.1,0.112,0.205,,,,Negative,No
WP_P411/1,042A,09/08/2016,WP_P411_1.XLS,22/08/2016,12/08/2016,P,,GD,GD,GD,GD,GD,GD,GD,GD,2.68,2.574,0.055,0.054,0.059,0.082,0.115,0.063,,,,Negative,No
WP_P411/1,045A,09/08/2016,WP_P411_1.XLS,22/08/2016,12/08/2016,P,,GD,GD,GD,GD,GD,GD,GD,GD,1.741,1.822,0.114,0.114,0.13,0.182,0.209,0.211,,,,Negative,No
WP_P411/1,045V,09/08/2016,WP_P411_1.XLS,22/08/2016,12/08/2016,F,,GD,GD,GD,GD,GD,GD,GD,GD,0.489,0.441,0.058,0.088,0.066,0.07,0.055,0.06,,,LOW PWM,Negative,No
WP_P411/1,046A,09/08/2016,WP_P411_1.XLS,22/08/2016,12/08/2016,P,,GD,GD,GD,GD,GD,GD,GD,GD,1.716,1.582,0.054,0.055,0.053,0.06,0.056,0.058,,,,Negative,No
WP_P411/1,062W,09/08/2016,WP_P411_1.XLS,22/08/2016,12/08/2016,F,,GD,GD,GD,GD,GD,GD,GD,GD,0.637,0.675,0.08,0.083,0.107,0.086,0.065,0.056,,,LOW PWM,Negative,No
WP_P412/1,002C,09/08/2016,WP_P412_1.XLS,22/08/2016,12/08/2016,F,,GD,GD,GD,GD,GD,GD,GD,GD,0.312,0.388,0.072,0.077,0.483,0.486,0.063,0.067,,,LOW PWM,Positive,No
WP_P412/1,004C,09/08/2016,WP_P412_1.XLS,22/08/2016,12/08/2016,F,,GD,GD,GD,GD,GD,GD,GD,GD,0.928,0.908,0.056,0.068,0.058,0.056,0.058,0.082,,,LOW PWM,Negative,No
WP_P412/1,009C,09/08/2016,WP_P412_1.XLS,22/08/2016,12/08/2016,P,,GD,GD,GD,GD,GD,GD,GD,GD,2.791,2.793,0.078,0.079,0.081,0.072,0.083,0.111,,,,Negative,No
WP_P412/1,022C,09/08/2016,WP_P412_1.XLS,22/08/2016,12/08/2016,P,,GD,GD,GD,GD,GD,GD,GD,GD,3.338,3.218,0.072,0.056,0.056,0.061,0.056,0.063,,,,Negative,No
WP_P412/1,027E,09/08/2016,WP_P412_1.XLS,22/08/2016,12/08/2016,P,,GD,GD,GD,GD,GD,GD,GD,GD,2.966,2.942,0.084,0.111,0.095,0.099,0.057,0.062,,,,Negative,No
WP_P412/1,028A,09/08/2016,WP_P412_1.XLS,22/08/2016,12/08/2016,F,,GD,GD,GD,GD,GD,GD,GD,GD,0.813,0.787,0.067,0.06,0.059,0.06,0.064,0.064,,,LOW PWM,Negative,No
WP_P412/1,032V,09/08/2016,WP_P412_1.XLS,22/08/2016,12/08/2016,F,,GD,GD,GD,GD,GD,GD,GD,GD,0.65,0.657,0.059,0.076,0.097,0.097,0.061,0.07,,,LOW PWM,Negative,No
WP_P412/1,054K,09/08/2016,WP_P412_1.XLS,22/08/2016,12/08/2016,P,,GD,GD,GD,GD,GD,GD,GD,GD,1.741,1.683,0.108,0.064,0.152,0.131,0.065,0.061,,,,Positive,No
WP_P413/1,003V,09/08/2016,WP_P413_1.XLS,22/08/2016,12/08/2016,P,,GD,GD,GD,GD,GD,GD,GD,GD,1.785,1.789,0.068,0.065,1.037,1.025,0.077,0.078,,,,Positive,No
WP_P413/1,017A,09/08/2016,WP_P413_1.XLS,22/08/2016,12/08/2016,P,,GD,GD,GD,GD,GD,GD,GD,GD,2.089,2.08,0.086,0.094,1.366,1.376,0.08,0.08,,,,Positive,No
WP_P413/1,019E,09/08/2016,WP_P413_1.XLS,22/08/2016,12/08/2016,F,,GD,GD,GD,GD,GD,GD,GD,GD,0.786,0.753,0.088,0.066,0.069,0.067,0.07,0.069,,,LOW PWM,Negative,No
WP_P413/1,039N,09/08/2016,WP_P413_1.XLS,22/08/2016,12/08/2016,F,,GD,GD,GD,GD,GD,GD,GD,GD,0.25,0.229,0.119,0.096,0.507,0.486,0.064,0.078,,,LOW PWM,Positive,No
WP_P413/1,052A,09/08/2016,WP_P413_1.XLS,22/08/2016,12/08/2016,P,,GD,GD,GD,GD,GD,GD,GD,GD,1.045,1.088,0.099,0.089,0.071,0.064,0.078,0.075,,,,Negative,No
WP_P413/1,054A,09/08/2016,WP_P413_1.XLS,22/08/2016,12/08/2016,P,,GD,GD,GD,GD,GD,GD,GD,GD,2.009,1.918,0.064,0.063,0.118,0.136,0.078,0.095,,,,Positive,No
WP_P413/1,055A,09/08/2016,WP_P413_1.XLS,22/08/2016,12/08/2016,P,,GD,GD,GD,GD,GD,GD,GD,GD,2.737,2.657,0.064,0.064,0.072,0.087,0.075,0.074,,,,Negative,No
WP_P414/1,006C,10/08/2016,WP_P414_1.XLS,22/08/2016,12/08/2016,P,,GD,GD,GD,GD,GD,GD,GD,GD,2.921,2.847,0.094,0.058,0.052,0.053,0.052,0.074,,,,Negative,No
WP_P414/1,008C,10/08/2016,WP_P414_1.XLS,22/08/2016,12/08/2016,P,,GD,GD,GD,GD,GD,GD,GD,GD,3.053,2.526,0.051,0.053,0.063,0.053,0.06,0.054,,,,Negative,No
WP_P414/1,011C,10/08/2016,WP_P414_1.XLS,22/08/2016,12/08/2016,P,,GD,GD,GD,GD,GD,GD,GD,GD,1.387,1.244,0.081,0.096,0.074,0.052,0.1,0.059,,,,Negative,No
WP_P414/1,022E,10/08/2016,WP_P414_1.XLS,22/08/2016,12/08/2016,P,,GD,GD,GD,GD,GD,GD,GD,GD,1.753,1.417,0.058,0.065,0.617,0.621,0.059,0.065,,,,Positive,No
WP_P414/1,023C,10/08/2016,WP_P414_1.XLS,22/08/2016,12/08/2016,P,,GD,GD,GD,GD,GD,GD,GD,GD,1.126,1.02,0.086,0.065,0.059,0.053,0.108,0.069,,,,Negative,No
WP_P414/1,024C,10/08/2016,WP_P414_1.XLS,22/08/2016,12/08/2016,P,,GD,GD,GD,GD,GD,GD,GD,GD,2.575,2.365,0.051,0.055,0.068,0.051,0.072,0.097,,,,Negative,No
WP_P414/1,043A,10/08/2016,WP_P414_1.XLS,22/08/2016,12/08/2016,F,,GD,GD,GD,GD,GD,GD,GD,GD,0.374,0.36,0.057,0.061,0.07,0.096,0.057,0.066,,,LOW PWM,Negative,No
WP_P414/1,063Y,10/08/2016,WP_P414_1.XLS,22/08/2016,12/08/2016,F,,GD,GD,GD,GD,GD,GD,GD,GD,0.24,0.203,0.078,0.07,0.137,0.142,0.064,0.149,,,LOW PWM,Positive,No
WP_P415/1,025C,10/08/2016,WP_P415_1.XLS,22/08/2016,12/08/2016,P,,GD,GD,GD,GD,GD,GD,GD,GD,3.161,3.072,0.061,0.061,0.067,0.151,0.066,0.061,B OUTLIER,,,,No
WP_P415/2,025C,10/08/2016,WP_P415_2.XLS,29/09/2016,28/09/2016,P,,GD,GD,GD,GD,GD,GD,GD,GD,2.291,2.28,0.126,0.128,0.153,0.187,0.105,0.132,,,,Negative,No
WP_P416/1,010C,20/09/2016,WP_P416_1.XLS,29/09/2016,28/09/2016,P,,GD,GD,GD,GD,GD,GD,GD,GD,2.324,2.365,0.075,0.072,0.071,0.069,0.086,0.087,,,,Negative,No
WP_P416/1,010V,21/09/2016,WP_P416_1.XLS,29/09/2016,28/09/2016,F,,GD,GD,GD,GD,GD,GD,GD,GD,0.953,0.948,0.091,0.086,0.089,0.11,0.09,0.129,,,LOW PWM,Negative,No
WP_P416/1,011C,21/09/2016,WP_P416_1.XLS,29/09/2016,28/09/2016,P,,GD,GD,GD,GD,GD,GD,GD,GD,1.594,1.555,0.075,0.075,0.072,0.071,0.077,0.087,,,,Negative,No
WP_P416/1,012C,20/09/2016,WP_P416_1.XLS,29/09/2016,28/09/2016,P,,GD,GD,GD,GD,GD,GD,GD,GD,2.643,2.534,0.082,0.08,0.263,0.275,0.083,0.095,,,,Positive,No
WP_P416/1,026C,20/09/2016,WP_P416_1.XLS,29/09/2016,28/09/2016,P,,GD,GD,GD,GD,GD,GD,GD,GD,1.501,1.474,0.083,0.081,0.091,0.091,0.082,0.099,,,,Negative,No
WP_P416/1,027C,21/09/2016,WP_P416_1.XLS,29/09/2016,28/09/2016,F,,GD,GD,GD,GD,GD,GD,GD,GD,0.518,0.51,0.089,0.082,0.074,0.081,0.085,0.128,,,LOW PWM,Negative,No
WP_P416/1,048V,20/09/2016,WP_P416_1.XLS,29/09/2016,28/09/2016,P,,GD,GD,GD,GD,GD,GD,GD,GD,2.692,2.558,0.077,0.076,0.077,0.073,0.093,0.086,,,,Negative,No
WP_P417/1,002C,18/10/2016,WP_P417_1.XLS,26/10/2016,26/10/2016,F,,GD,GD,GD,GD,GD,GD,GD,GD,0.705,0.57,0.109,0.094,0.932,0.966,0.092,0.103,,,LOW PWM,Positive,No
WP_P417/1,011C,18/10/2016,WP_P417_1.XLS,26/10/2016,26/10/2016,F,,GD,GD,GD,GD,GD,GD,GD,GD,0.921,0.71,0.088,0.066,0.06,0.066,0.069,0.102,,,LOW PWM,Negative,No
WP_P417/1,021C,18/10/2016,WP_P417_1.XLS,26/10/2016,26/10/2016,P,,GD,GD,GD,GD,GD,GD,GD,GD,2.815,2.526,0.075,0.072,0.104,0.108,0.069,0.093,,,,Negative,No
WP_P417/1,022E,18/10/2016,WP_P417_1.XLS,26/10/2016,26/10/2016,P,,GD,GD,GD,GD,GD,GD,GD,GD,1.9,1.63,0.106,0.093,0.647,0.642,0.068,0.09,,,,Positive,No
WP_P417/1,023C,18/10/2016,WP_P417_1.XLS,26/10/2016,26/10/2016,P,,GD,GD,GD,GD,GD,GD,GD,GD,2.765,2.541,0.07,0.067,0.131,0.127,0.066,0.093,,,,Positive,No
WP_P417/1,028C,18/10/2016,WP_P417_1.XLS,26/10/2016,26/10/2016,F,,GD,GD,GD,GD,GD,GD,GD,GD,0.682,0.608,0.081,0.068,0.062,0.061,0.081,0.12,,,LOW PWM,Negative,No
WP_P417/1,042A,18/10/2016,WP_P417_1.XLS,26/10/2016,26/10/2016,P,,GD,GD,GD,GD,GD,GD,GD,GD,1.919,1.647,0.077,0.072,0.068,0.094,0.072,0.118,,,,Negative,No
WP_P417/1,054A,18/10/2016,WP_P417_1.XLS,26/10/2016,26/10/2016,P,,GD,GD,GD,GD,GD,GD,GD,GD,1.587,1.198,0.069,0.068,0.108,0.1,0.065,0.086,,,,Negative,No
WP_P418/1,004C,18/10/2016,WP_P418_1.XLS,26/10/2016,26/10/2016,P,,GD,GD,GD,GD,GD,GD,GD,GD,1.228,1.201,0.124,0.114,0.106,0.105,0.16,0.128,,,,Negative,No
WP_P418/1,005C,18/10/2016,WP_P418_1.XLS,26/10/2016,26/10/2016,P,,GD,GD,GD,GD,GD,GD,GD,GD,1.507,1.416,0.122,0.127,0.105,0.128,0.09,0.094,,,,Negative,No
WP_P418/1,006C,18/10/2016,WP_P418_1.XLS,26/10/2016,26/10/2016,P,,GD,GD,GD,GD,GD,GD,GD,GD,2.702,2.609,0.111,0.135,0.097,0.103,0.093,0.112,,,,Negative,No
WP_P418/1,022C,18/10/2016,WP_P418_1.XLS,26/10/2016,26/10/2016,P,,GD,GD,GD,GD,GD,GD,GD,GD,3.133,3.028,0.143,0.124,0.121,0.126,0.16,0.169,,,,Negative,No
WP_P418/1,024C,18/10/2016,WP_P418_1.XLS,26/10/2016,26/10/2016,P,,GD,GD,GD,GD,GD,GD,GD,GD,2.104,1.979,0.114,0.099,0.986,0.196,0.128,0.233,,,,Positive,No
WP_P418/1,024E,18/10/2016,WP_P418_1.XLS,26/10/2016,26/10/2016,P,,GD,GD,GD,GD,GD,GD,GD,GD,2.88,2.707,0.118,0.116,0.106,0.103,0.098,0.1,,,,Negative,No
WP_P418/1,029N,18/10/2016,WP_P418_1.XLS,26/10/2016,26/10/2016,F,,GD,GD,GD,GD,GD,GD,GD,GD,0.357,0.31,0.098,0.118,0.091,0.088,0.085,0.085,,,LOW PWM,Negative,No
WP_P418/1,032V,18/10/2016,WP_P418_1.XLS,26/10/2016,26/10/2016,P,,GD,GD,GD,GD,GD,GD,GD,GD,1.505,1.444,0.136,0.148,0.186,0.179,0.157,0.122,,,,Negative,No
WP_P419/1,014C,04/10/2016,WP_P419_1.XLS,27/10/2016,27/10/2016,F,,GD,GD,GD,GD,GD,GD,GD,GD,0.773,0.637,0.055,0.049,0.057,0.053,0.06,0.075,,,LOW PWM,Negative,No
WP_P419/1,015V,04/10/2016,WP_P419_1.XLS,27/10/2016,27/10/2016,P,,GD,GD,GD,GD,GD,GD,GD,GD,1.114,0.898,0.131,0.057,0.094,0.095,0.062,0.092,,,,Negative,No
WP_P419/1,019V,04/10/2016,WP_P419_1.XLS,27/10/2016,27/10/2016,F,,GD,GD,GD,GD,GD,GD,GD,GD,0.197,0.178,0.084,0.059,0.197,0.194,0.062,0.071,,,LOW PWM,Positive,No
WP_P419/1,020C,04/10/2016,WP_P419_1.XLS,27/10/2016,27/10/2016,F,,GD,GD,GD,GD,GD,GD,GD,GD,0.746,0.522,0.064,0.067,0.054,0.053,0.061,0.076,,,LOW PWM,Negative,No
WP_P419/1,021L,04/10/2016,WP_P419_1.XLS,27/10/2016,27/10/2016,F,,GD,GD,GD,GD,GD,GD,GD,GD,0.792,0.512,0.054,0.054,0.45,0.425,0.056,0.071,,,LOW PWM,Positive,No
WP_P419/1,021V,04/10/2016,WP_P419_1.XLS,27/10/2016,27/10/2016,P,,GD,GD,GD,GD,GD,GD,GD,GD,1.295,0.949,0.063,0.058,0.123,0.112,0.058,0.076,,,,Positive,No
WP_P419/1,024V,04/10/2016,WP_P419_1.XLS,27/10/2016,27/10/2016,F,,GD,GD,GD,GD,GD,GD,GD,GD,1.087,0.727,0.05,0.051,0.058,0.057,0.053,0.068,,,LOW PWM,Negative,No
WP_P419/1,043V,04/10/2016,WP_P419_1.XLS,27/10/2016,27/10/2016,F,,GD,GD,GD,GD,GD,GD,GD,GD,0.867,0.599,0.06,0.049,0.048,0.061,0.055,0.075,,,LOW PWM,Negative,No
WP_P42/1,005B,08/05/2007,WP_P42_1.XLS,10/08/2007,10/08/2007,P,,GD,GD,GD,GD,GD,GD,GD,GD,1.19,0.89,0.06,0.06,0.06,0.05,0.06,0.06,,,,Negative,No
WP_P42/1,008B,08/05/2007,WP_P42_1.XLS,10/08/2007,10/08/2007,P,,GD,GD,GD,GD,GD,GD,GD,GD,1.43,0.88,0.07,0.08,0.08,0.07,0.1,0.11,,,,Negative,No
WP_P42/1,009B,08/05/2007,WP_P42_1.XLS,10/08/2007,10/08/2007,F,,GD,GD,GD,GD,GD,GD,GD,GD,0.35,0.2,0.05,0.05,0.05,0.04,0.05,0.06,,,LOW PWM,Negative,No
WP_P42/1,039B,08/05/2007,WP_P42_1.XLS,10/08/2007,10/08/2007,F,,GD,GD,GD,GD,GD,GD,GD,GD,0.39,0.18,0.05,0.05,0.05,0.06,0.05,0.12,,,LOW PWM,Negative,No
WP_P42/1,042G,08/05/2007,WP_P42_1.XLS,10/08/2007,10/08/2007,P,,GD,GD,GD,GD,GD,GD,GD,GD,1.5,1.04,0.07,0.06,0.06,0.05,0.05,0.08,,,,Negative,No
WP_P42/1,049B,08/05/2007,WP_P42_1.XLS,10/08/2007,10/08/2007,P,,GD,GD,GD,GD,GD,GD,GD,GD,2.82,2.04,0.06,0.06,0.09,0.09,0.05,0.07,,,,Negative,No
WP_P42/1,063B,08/05/2007,WP_P42_1.XLS,10/08/2007,10/08/2007,P,,GD,GD,GD,GD,GD,GD,GD,GD,1.53,0.93,0.06,0.05,0.05,0.05,0.05,0.06,,,,Negative,No
WP_P42/1,U072,08/05/2007,WP_P42_1.XLS,10/08/2007,10/08/2007,F,,GD,GD,GD,GD,GD,GD,GD,GD,0.89,0.69,0.1,0.06,0.07,0.1,0.05,0.08,,,LOW PWM,Negative,No
WP_P420/1,015C,04/10/2016,WP_P420_1.XLS,27/10/2016,27/10/2016,P,,GD,GD,GD,GD,GD,GD,GD,GD,2.468,2.271,0.065,0.062,0.076,0.126,0.077,0.077,,,,Negative,No
WP_P420/1,016C,04/10/2016,WP_P420_1.XLS,27/10/2016,27/10/2016,P,,GD,GD,GD,GD,GD,GD,GD,GD,2.474,2.361,0.067,0.08,0.069,0.09,0.067,0.072,,,,Negative,No
WP_P420/1,016V,04/10/2016,WP_P420_1.XLS,27/10/2016,27/10/2016,P,,GD,GD,GD,GD,GD,GD,GD,GD,2.706,2.554,0.079,0.072,0.111,0.181,0.148,0.113,,,,Positive,No
WP_P420/1,019C,04/10/2016,WP_P420_1.XLS,27/10/2016,27/10/2016,P,,GD,GD,GD,GD,GD,GD,GD,GD,2.641,2.741,0.126,0.096,0.101,0.106,0.106,0.121,,,,Negative,No
WP_P420/1,020V,05/10/2016,WP_P420_1.XLS,27/10/2016,27/10/2016,P,,GD,GD,GD,GD,GD,GD,GD,GD,1.526,1.445,0.088,0.08,0.122,0.188,0.202,0.159,,,,Positive,No
WP_P420/1,023V,05/10/2016,WP_P420_1.XLS,27/10/2016,27/10/2016,P,,GD,GD,GD,GD,GD,GD,GD,GD,1.11,1.04,0.069,0.069,0.107,0.177,0.184,0.152,,,,Positive,No
WP_P420/1,053K,04/10/2016,WP_P420_1.XLS,27/10/2016,27/10/2016,F,,GD,GD,GD,GD,GD,GD,GD,GD,0.3,0.249,0.061,0.064,0.076,0.122,0.058,0.058,,,LOW PWM,Negative,No
WP_P421/1,008C,18/10/2016,WP_P421_1.XLS,27/10/2016,27/10/2016,P,,GD,GD,GD,GD,GD,GD,GD,GD,2.032,1.922,0.078,0.076,0.071,0.079,0.066,0.08,,,,Negative,No
WP_P421/1,009C,18/10/2016,WP_P421_1.XLS,27/10/2016,27/10/2016,P,,GD,GD,GD,GD,GD,GD,GD,GD,2.383,2.133,0.069,0.063,0.078,0.07,0.076,0.09,,,,Negative,No
WP_P421/1,027E,18/10/2016,WP_P421_1.XLS,27/10/2016,27/10/2016,P,,GD,GD,GD,GD,GD,GD,GD,GD,1.49,1.378,0.069,0.07,0.063,0.061,0.069,0.084,,,,Negative,No
WP_P421/1,029C,18/10/2016,WP_P421_1.XLS,27/10/2016,27/10/2016,P,,GD,GD,GD,GD,GD,GD,GD,GD,2.593,2.334,0.069,0.067,0.068,0.07,0.076,0.082,,,,Negative,No
WP_P421/1,033E,18/10/2016,WP_P421_1.XLS,27/10/2016,27/10/2016,F,,GD,GD,GD,GD,GD,GD,GD,GD,1.04,0.922,0.069,0.066,0.064,0.062,0.072,0.082,,,LOW PWM,Negative,No
WP_P421/1,062W,18/10/2016,WP_P421_1.XLS,27/10/2016,27/10/2016,P,,GD,GD,GD,GD,GD,GD,GD,GD,1.539,1.365,0.123,0.116,0.088,0.092,0.066,0.074,,,,Negative,No
WP_P422/1,007C,19/10/2016,WP_P422_1.XLS,27/10/2016,27/10/2016,P,,GD,GD,GD,GD,GD,GD,GD,GD,2.262,2.286,0.068,0.07,0.071,0.079,0.072,0.07,,,,Negative,No
WP_P422/1,019A,19/10/2016,WP_P422_1.XLS,27/10/2016,27/10/2016,F,,GD,GD,GD,GD,GD,GD,GD,GD,0.612,0.516,0.064,0.109,0.071,0.075,0.107,0.104,,,LOW PWM,Negative,No
WP_P422/1,027A,19/10/2016,WP_P422_1.XLS,27/10/2016,27/10/2016,F,,GD,GD,GD,GD,GD,GD,GD,GD,0.556,0.49,0.061,0.065,0.091,0.094,0.073,0.069,,,LOW PWM,Negative,No
WP_P422/1,045A,19/10/2016,WP_P422_1.XLS,27/10/2016,27/10/2016,F,,GD,GD,GD,GD,GD,GD,GD,GD,0.857,0.75,0.062,0.059,0.096,0.068,0.071,0.096,,,LOW PWM,Negative,No
WP_P422/1,046A,19/10/2016,WP_P422_1.XLS,27/10/2016,27/10/2016,P,,GD,GD,GD,GD,GD,GD,GD,GD,1.397,1.31,0.064,0.073,0.068,0.065,0.12,0.111,,,,Negative,No
WP_P422/1,055A,19/10/2016,WP_P422_1.XLS,27/10/2016,27/10/2016,F,,GD,GD,GD,GD,GD,GD,GD,GD,0.776,0.653,0.06,0.058,0.058,0.065,0.063,0.073,,,LOW PWM,Negative,No
WP_P423/1,011C,06/12/2016,WP_P423_1.XLS,04/01/2017,15/12/2016,P,,GD,GD,GD,GD,GD,GD,GD,GD,2.226,2.205,0.151,0.151,0.151,0.152,0.154,0.153,,,,Negative,No
WP_P423/1,012C,06/12/2016,WP_P423_1.XLS,04/01/2017,15/12/2016,P,,GD,GD,GD,GD,GD,GD,GD,GD,1.785,1.749,0.164,0.177,0.29,0.263,0.163,0.155,,,,Positive,No
WP_P423/1,026C,06/12/2016,WP_P423_1.XLS,04/01/2017,15/12/2016,F,,GD,GD,GD,GD,GD,GD,GD,GD,0.794,0.802,0.146,0.137,0.13,0.147,0.152,0.145,,,LOW PWM,Negative,No
WP_P423/1,048V,06/12/2016,WP_P423_1.XLS,04/01/2017,15/12/2016,P,,GD,GD,GD,GD,GD,GD,GD,GD,1.942,1.935,0.119,0.134,0.121,0.176,0.142,0.139,,,,Negative,No
WP_P423/1,050A,07/12/2016,WP_P423_1.XLS,04/01/2017,15/12/2016,F,,GD,GD,GD,GD,GD,GD,GD,GD,0.739,0.769,0.162,0.164,0.161,0.164,0.179,0.175,,,LOW PWM,Negative,No
WP_P424/1,014C,10/01/2017,WP_P424_1.XLS,01/02/2017,01/02/2017,P,,GD,GD,GD,GD,GD,GD,GD,GD,2.105,1.962,0.093,0.093,0.136,0.097,0.092,0.093,,,,Negative,No
WP_P424/1,015C,10/01/2017,WP_P424_1.XLS,01/02/2017,01/02/2017,P,,GD,GD,GD,GD,GD,GD,GD,GD,1.211,1.215,0.099,0.099,0.312,0.308,0.111,0.107,,,,Positive,No
WP_P424/1,016V,11/01/2017,WP_P424_1.XLS,01/02/2017,01/02/2017,P,,GD,GD,GD,GD,GD,GD,GD,GD,1.688,1.596,0.099,0.1,0.111,0.121,0.114,0.113,,,,Negative,No
WP_P424/1,021V,11/01/2017,WP_P424_1.XLS,01/02/2017,01/02/2017,P,,GD,GD,GD,GD,GD,GD,GD,GD,2.334,2.24,0.089,0.098,0.103,0.103,0.083,0.085,,,,Negative,No
WP_P424/1,043V,10/01/2017,WP_P424_1.XLS,01/02/2017,01/02/2017,P,,GD,GD,GD,GD,GD,GD,GD,GD,2.127,2.032,0.092,0.084,0.087,0.092,0.11,0.12,,,,Negative,No
WP_P425/1,004C,24/01/2017,WP_P425_1.XLS,01/02/2017,01/02/2017,P,,GD,GD,GD,GD,GD,GD,GD,GD,1.201,1.027,0.146,0.144,0.133,0.15,0.142,0.134,,,,Negative,No
WP_P425/1,009C,24/01/2017,WP_P425_1.XLS,01/02/2017,01/02/2017,P,,GD,GD,GD,GD,GD,GD,GD,GD,1.944,1.97,0.122,0.104,0.112,0.103,0.127,0.138,,,,Negative,No
WP_P425/1,019A,24/01/2017,WP_P425_1.XLS,01/02/2017,01/02/2017,P,,GD,GD,GD,GD,GD,GD,GD,GD,1.052,1.041,0.113,0.107,0.157,0.18,0.121,0.128,,,,Positive,No
WP_P425/1,024C,24/01/2017,WP_P425_1.XLS,01/02/2017,01/02/2017,P,,GD,GD,GD,GD,GD,GD,GD,GD,1.62,1.598,0.138,0.127,0.129,0.129,0.138,0.169,,,,Negative,No
WP_P425/1,025C,24/01/2017,WP_P425_1.XLS,01/02/2017,01/02/2017,P,,GD,GD,GD,GD,GD,GD,GD,GD,1.969,1.953,0.147,0.141,0.137,0.141,0.171,0.151,,,,Negative,No
WP_P425/1,029N,24/01/2017,WP_P425_1.XLS,01/02/2017,01/02/2017,F,,GD,GD,GD,GD,GD,GD,GD,GD,0.534,0.517,0.1,0.093,0.093,0.126,0.092,0.095,,,LOW PWM,Negative,No
WP_P425/1,032V,24/01/2017,WP_P425_1.XLS,01/02/2017,01/02/2017,F,,GD,GD,GD,GD,GD,GD,GD,GD,0.63,0.598,0.161,0.149,0.183,0.183,0.149,0.15,,,LOW PWM,Negative,No
WP_P425/1,054A,24/01/2017,WP_P425_1.XLS,01/02/2017,01/02/2017,P,,GD,GD,GD,GD,GD,GD,GD,GD,1.471,1.461,0.134,0.129,0.134,0.131,0.122,0.139,,,,Negative,No
WP_P426/1,001T,24/01/2017,WP_P426_1.XLS,01/02/2017,01/02/2017,P,,GD,GD,GD,GD,GD,GD,GD,GD,2.378,2.448,0.1,0.096,0.089,0.186,0.168,0.124,B OUTLIER,,,,No
WP_P426/1,002T,24/01/2017,WP_P426_1.XLS,01/02/2017,01/02/2017,P,,GD,GD,GD,GD,GD,GD,GD,GD,1.512,1.515,0.119,0.115,0.144,0.146,0.194,0.187,,,,Negative,No
WP_P426/1,006C,24/01/2017,WP_P426_1.XLS,01/02/2017,01/02/2017,P,,GD,GD,GD,GD,GD,GD,GD,GD,1.59,1.63,0.165,0.22,0.192,0.259,0.19,0.162,,,,Negative,No
WP_P426/1,011C,24/01/2017,WP_P426_1.XLS,01/02/2017,01/02/2017,P,,GD,GD,GD,GD,GD,GD,GD,GD,1.646,1.664,0.144,0.128,0.116,0.128,0.349,0.214,NIL AVG HIGH,,,,No
WP_P426/1,028K,24/01/2017,WP_P426_1.XLS,01/02/2017,01/02/2017,P,,GD,GD,GD,GD,GD,GD,GD,GD,1.242,1.255,0.137,0.136,1.835,1.866,0.159,0.273,,,,Positive,No
WP_P426/1,042A,24/01/2017,WP_P426_1.XLS,01/02/2017,01/02/2017,P,,GD,GD,GD,GD,GD,GD,GD,GD,2.876,2.922,0.275,0.286,0.608,0.638,0.141,0.198,,,,Positive,No
WP_P426/1,043A,24/01/2017,WP_P426_1.XLS,01/02/2017,01/02/2017,P,,GD,GD,GD,GD,GD,GD,GD,GD,1.441,1.423,0.144,0.13,0.133,0.184,0.207,0.193,,,,Negative,No
WP_P426/2,001T,24/01/2017,WP_P426_2.XLS,03/02/2017,02/02/2017,P,,GD,GD,GD,GD,GD,GD,GD,GD,1.957,1.664,0.067,0.105,0.09,0.057,0.057,0.136,,,,Negative,No
WP_P426/2,011C,24/01/2017,WP_P426_2.XLS,03/02/2017,02/02/2017,F,,GD,GD,GD,GD,GD,GD,GD,GD,0.639,0.55,0.078,0.076,0.09,0.059,0.061,0.064,,,LOW PWM,Negative,No
WP_P427/1,005C,25/01/2017,WP_P427_1.XLS,01/02/2017,01/02/2017,F,,GD,GD,GD,GD,GD,GD,GD,GD,0.833,0.778,0.067,0.08,0.065,0.065,0.072,0.075,,,LOW PWM,Negative,No
WP_P427/1,007C,24/01/2017,WP_P427_1.XLS,01/02/2017,01/02/2017,P,,GD,GD,GD,GD,GD,GD,GD,GD,2.7,2.739,0.103,0.069,0.072,0.07,0.067,0.07,,,,Negative,No
WP_P427/1,027A,25/01/2017,WP_P427_1.XLS,01/02/2017,01/02/2017,F,,GD,GD,GD,GD,GD,GD,GD,GD,0.303,0.308,0.101,0.06,0.09,0.09,0.061,0.064,,,LOW PWM,Negative,No
WP_P427/1,045V,24/01/2017,WP_P427_1.XLS,01/02/2017,01/02/2017,F,,GD,GD,GD,GD,GD,GD,GD,GD,0.903,0.903,0.066,0.063,0.063,0.061,0.063,0.064,,,LOW PWM,Negative,No
WP_P428/1,003T,25/01/2017,WP_P428_1.XLS,01/02/2017,01/02/2017,F,,GD,GD,GD,GD,GD,GD,GD,GD,0.447,0.427,0.066,0.064,0.065,0.067,0.064,0.061,,,LOW PWM,Negative,No
WP_P428/1,004T,25/01/2017,WP_P428_1.XLS,01/02/2017,01/02/2017,F,,GD,GD,GD,GD,GD,GD,GD,GD,0.247,0.234,0.086,0.12,0.306,0.305,0.071,0.077,,,LOW PWM,Positive,No
WP_P428/1,016A,25/01/2017,WP_P428_1.XLS,01/02/2017,01/02/2017,P,,GD,GD,GD,GD,GD,GD,GD,GD,1.959,1.747,0.077,0.069,0.072,0.065,0.064,0.067,,,,Negative,No
WP_P428/1,018A,25/01/2017,WP_P428_1.XLS,01/02/2017,01/02/2017,F,,GD,GD,GD,GD,GD,GD,GD,GD,1.003,0.934,0.071,0.062,0.062,0.058,0.059,0.062,,,LOW PWM,Negative,No
WP_P428/1,022E,25/01/2017,WP_P428_1.XLS,01/02/2017,01/02/2017,F,,GD,GD,GD,GD,GD,GD,GD,GD,0.653,0.659,0.072,0.07,0.503,0.486,0.057,0.063,,,LOW PWM,Positive,No
WP_P428/1,023C,25/01/2017,WP_P428_1.XLS,01/02/2017,01/02/2017,F,,GD,GD,GD,GD,GD,GD,GD,GD,0.813,0.793,0.086,0.066,0.068,0.078,0.061,0.069,,,LOW PWM,Negative,No
WP_P428/1,029C,25/01/2017,WP_P428_1.XLS,01/02/2017,01/02/2017,P,,GD,GD,GD,GD,GD,GD,GD,GD,1.414,1.381,0.074,0.07,0.071,0.062,0.063,0.069,,,,Negative,No
WP_P428/1,043V,25/01/2017,WP_P428_1.XLS,01/02/2017,01/02/2017,F,,GD,GD,GD,GD,GD,GD,GD,GD,0.441,0.436,0.087,0.062,0.063,0.061,0.065,0.07,,,LOW PWM,Negative,No
WP_P429/1,002V,13/06/2017,WP_P429_1.XLS,16/06/2017,16/06/2017,P,,GD,GD,GD,GD,GD,GD,GD,GD,1.373,1.021,0.054,0.052,0.052,0.053,0.049,0.055,,,,Negative,No
WP_P429/1,005T,13/06/2017,WP_P429_1.XLS,16/06/2017,16/06/2017,P,,GD,GD,GD,GD,GD,GD,GD,GD,1.195,1.026,0.057,0.068,0.068,0.069,0.064,0.069,,,,Negative,No
WP_P429/1,006T,13/06/2017,WP_P429_1.XLS,16/06/2017,16/06/2017,P,,GD,GD,GD,GD,GD,GD,GD,GD,1.865,1.802,0.068,0.066,0.071,0.057,0.059,0.055,,,,Negative,No
WP_P429/1,021C,13/06/2017,WP_P429_1.XLS,16/06/2017,16/06/2017,F,,GD,GD,GD,GD,GD,GD,GD,GD,1.009,0.79,0.047,0.046,0.069,0.066,0.05,0.052,,,LOW PWM,Negative,No
WP_P429/1,034A,13/06/2017,WP_P429_1.XLS,16/06/2017,16/06/2017,P,,GD,GD,GD,GD,GD,GD,GD,GD,1.422,1.213,0.047,0.047,0.083,0.107,0.056,0.053,,,,Positive,No
WP_P429/1,048V,13/06/2017,WP_P429_1.XLS,16/06/2017,16/06/2017,P,,GD,GD,GD,GD,GD,GD,GD,GD,1.519,1.167,0.05,0.048,0.048,0.048,0.073,0.083,,,,Negative,No
WP_P429/1,049A,13/06/2017,WP_P429_1.XLS,16/06/2017,16/06/2017,F,,GD,GD,GD,GD,GD,GD,GD,GD,0.809,0.603,0.049,0.048,0.049,0.047,0.053,0.052,,,LOW PWM,Negative,No
WP_P429/1,049V,13/06/2017,WP_P429_1.XLS,16/06/2017,16/06/2017,F,,GD,GD,GD,GD,GD,GD,GD,GD,0.935,0.686,0.049,0.059,0.052,0.058,0.054,0.054,,,LOW PWM,Negative,No
WP_P43/1,004W,08/05/2007,WP_P43_1.XLS,03/09/2007,10/08/2007,F,,GD,GD,GD,GD,GD,GD,GD,GD,0.92,0.81,0.06,0.06,0.06,0.05,0.13,0.06,,,LOW PWM,Negative,No
WP_P43/1,017R,08/05/2007,WP_P43_1.XLS,03/09/2007,10/08/2007,P,,GD,GD,GD,GD,GD,GD,GD,GD,3.14,3.01,0.06,0.06,0.09,0.08,0.06,0.08,,,,Negative,No
WP_P43/1,037B,08/05/2007,WP_P43_1.XLS,03/09/2007,10/08/2007,F,,GD,GD,GD,GD,GD,GD,GD,GD,0.78,0.6,0.06,0.06,0.07,0.06,0.05,0.06,,,LOW PWM,Negative,No
WP_P43/1,038B,08/05/2007,WP_P43_1.XLS,03/09/2007,10/08/2007,P,,GD,GD,GD,GD,GD,GD,GD,GD,1.67,1.46,0.06,0.05,0.05,0.05,0.05,0.06,,,,Negative,No
WP_P43/1,053B,08/05/2007,WP_P43_1.XLS,03/09/2007,10/08/2007,P,,GD,GD,GD,GD,GD,GD,GD,GD,1.77,1.71,0.11,0.1,0.15,0.14,0.11,0.13,,,,Negative,No
WP_P43/1,082W,08/05/2007,WP_P43_1.XLS,03/09/2007,10/08/2007,F,,GD,GD,GD,GD,GD,GD,GD,GD,0.12,0.1,0.06,0.06,0.05,0.05,0.05,0.06,,,LOW PWM,Negative,No
WP_P43/1,089W,08/05/2007,WP_P43_1.XLS,03/09/2007,10/08/2007,P,,GD,GD,GD,GD,GD,GD,GD,GD,2.08,1.97,0.05,0.05,0.05,0.05,0.05,0.06,,,,Negative,No
WP_P43/1,099W,08/05/2007,WP_P43_1.XLS,03/09/2007,10/08/2007,F,,GD,GD,GD,GD,GD,GD,GD,GD,0.63,0.49,0.15,0.05,0.4,0.38,0.05,0.07,,,LOW PWM,Positive,No
WP_P430/1,007T,14/06/2017,WP_P430_1.XLS,16/06/2017,16/06/2017,P,,GD,GD,GD,GD,GD,GD,GD,GD,1.626,1.509,0.055,0.06,0.063,0.057,0.101,0.073,,,,Negative,No
WP_P430/1,012C,13/06/2017,WP_P430_1.XLS,16/06/2017,16/06/2017,P,,GD,GD,GD,GD,GD,GD,GD,GD,1.271,1.129,0.069,0.066,0.069,0.069,0.069,0.096,,,,Negative,No
WP_P430/1,025E,14/06/2017,WP_P430_1.XLS,16/06/2017,16/06/2017,P,,GD,GD,GD,GD,GD,GD,GD,GD,1.089,0.932,0.058,0.058,0.054,0.064,0.072,0.066,,,,Negative,No
WP_P430/1,026C,14/06/2017,WP_P430_1.XLS,16/06/2017,16/06/2017,P,,GD,GD,GD,GD,GD,GD,GD,GD,2.723,2.697,0.056,0.056,0.089,0.089,0.085,0.091,,,,Negative,No
WP_P430/1,031E,13/06/2017,WP_P430_1.XLS,16/06/2017,16/06/2017,F,,GD,GD,GD,GD,GD,GD,GD,GD,0.356,0.315,0.051,0.052,0.277,0.28,0.079,0.06,,,LOW PWM,Positive,No
WP_P430/1,039V,13/06/2017,WP_P430_1.XLS,16/06/2017,16/06/2017,F,,GD,GD,GD,GD,GD,GD,GD,GD,0.797,0.653,0.123,0.056,0.132,0.146,0.07,0.064,A OUTLIER,,LOW PWM,,No
WP_P430/1,041L,14/06/2017,WP_P430_1.XLS,16/06/2017,16/06/2017,F,,GD,GD,GD,GD,GD,GD,GD,GD,0.849,0.755,0.06,0.056,0.063,0.064,0.083,0.067,,,LOW PWM,Negative,No
WP_P430/2,039V,13/06/2017,WP_P430_2.XLS,15/07/2017,13/07/2017,P,,GD,GD,GD,GD,GD,GD,GD,GD,1.179,1.106,0.078,0.075,0.213,0.204,0.069,0.082,,,,Positive,No
WP_P431/1,008T,27/06/2017,WP_P431_1.XLS,15/07/2017,13/07/2017,P,,GD,GD,GD,GD,GD,GD,GD,GD,2.019,1.92,0.061,0.067,0.062,0.106,0.048,0.055,,,,Negative,No
WP_P431/1,009T,27/06/2017,WP_P431_1.XLS,15/07/2017,13/07/2017,P,,GD,GD,GD,GD,GD,GD,GD,GD,1.915,1.626,0.047,0.057,0.389,0.407,0.048,0.057,,,,Positive,No
WP_P431/1,011T,27/06/2017,WP_P431_1.XLS,15/07/2017,13/07/2017,P,,GD,GD,GD,GD,GD,GD,GD,GD,1.423,1.279,0.059,0.06,0.306,0.317,0.049,0.053,,,,Positive,No
WP_P431/1,013T,27/06/2017,WP_P431_1.XLS,15/07/2017,13/07/2017,F,,GD,GD,GD,GD,GD,GD,GD,GD,0.87,0.694,0.053,0.077,0.051,0.046,0.061,0.068,,,LOW PWM,Negative,No
WP_P431/1,014T,27/06/2017,WP_P431_1.XLS,15/07/2017,13/07/2017,P,,GD,GD,GD,GD,GD,GD,GD,GD,1.925,1.769,0.058,0.061,0.049,0.047,0.048,0.051,,,,Negative,No
WP_P431/1,016C,27/06/2017,WP_P431_1.XLS,15/07/2017,13/07/2017,F,,GD,GD,GD,GD,GD,GD,GD,GD,0.471,0.445,0.048,0.051,0.047,0.049,0.048,0.056,,,LOW PWM,Negative,No
WP_P431/1,020C,27/06/2017,WP_P431_1.XLS,15/07/2017,13/07/2017,F,,GD,GD,GD,GD,GD,GD,GD,GD,0.429,0.392,0.054,0.086,0.051,0.049,0.05,0.064,,,LOW PWM,Negative,No
WP_P431/1,020L,27/06/2017,WP_P431_1.XLS,15/07/2017,13/07/2017,F,,GD,GD,GD,GD,GD,GD,GD,GD,0.458,0.354,0.05,0.052,0.051,0.05,0.054,0.058,,,LOW PWM,Negative,No
WP_P432/1,010T,27/06/2017,WP_P432_1.XLS,15/07/2017,13/07/2017,P,,GD,GD,GD,GD,GD,GD,GD,GD,1.832,1.757,0.058,0.058,0.151,0.146,0.055,0.067,,,,Positive,No
WP_P432/1,012T,27/06/2017,WP_P432_1.XLS,15/07/2017,13/07/2017,F,,GD,GD,GD,GD,GD,GD,GD,GD,0.397,0.368,0.051,0.053,0.068,0.051,0.072,0.081,,,LOW PWM,Negative,No
WP_P432/1,015T,27/06/2017,WP_P432_1.XLS,15/07/2017,13/07/2017,P,,GD,GD,GD,GD,GD,GD,GD,GD,1.521,1.478,0.091,0.066,0.063,0.067,0.064,0.088,,,,Negative,No
WP_P432/1,016T,27/06/2017,WP_P432_1.XLS,15/07/2017,13/07/2017,F,,GD,GD,GD,GD,GD,GD,GD,GD,0.914,0.801,0.049,0.056,0.56,0.527,0.054,0.06,,,LOW PWM,Positive,No
WP_P432/1,021L,27/06/2017,WP_P432_1.XLS,15/07/2017,13/07/2017,F,,GD,GD,GD,GD,GD,GD,GD,GD,0.901,0.856,0.092,0.053,0.128,0.106,0.055,0.06,,,LOW PWM,Positive,No
WP_P432/1,033E,27/06/2017,WP_P432_1.XLS,15/07/2017,13/07/2017,P,,GD,GD,GD,GD,GD,GD,GD,GD,1.066,0.965,0.051,0.064,0.067,0.052,0.056,0.07,,,,Negative,No
WP_P432/1,036E,27/06/2017,WP_P432_1.XLS,15/07/2017,13/07/2017,F,,GD,GD,GD,GD,GD,GD,GD,GD,0.317,0.257,0.053,0.054,0.09,0.054,0.057,0.063,,,LOW PWM,Negative,No
WP_P432/1,043V,27/06/2017,WP_P432_1.XLS,15/07/2017,13/07/2017,F,,GD,GD,GD,GD,GD,GD,GD,GD,0.657,0.589,0.052,0.054,0.096,0.071,0.06,0.067,,,LOW PWM,Negative,No
WP_P433/1,015C,27/06/2017,WP_P433_1.XLS,15/07/2017,13/07/2017,F,,GD,GD,GD,GD,GD,GD,GD,GD,0.681,0.62,0.083,0.056,0.07,0.075,0.068,0.065,,,LOW PWM,Negative,No
WP_P433/1,015V,27/06/2017,WP_P433_1.XLS,15/07/2017,13/07/2017,P,,GD,GD,GD,GD,GD,GD,GD,GD,1.797,1.63,0.126,0.114,0.2,0.194,0.07,0.082,,,,Positive,No
WP_P433/1,017T,27/06/2017,WP_P433_1.XLS,15/07/2017,13/07/2017,P,,GD,GD,GD,GD,GD,GD,GD,GD,1.764,1.628,0.077,0.059,0.052,0.081,0.057,0.092,,,,Negative,No
WP_P433/1,017V,27/06/2017,WP_P433_1.XLS,15/07/2017,13/07/2017,P,,GD,GD,GD,GD,GD,GD,GD,GD,1.763,1.65,0.06,0.169,0.311,0.411,0.076,0.078,,,,Positive,No
WP_P433/1,019C,27/06/2017,WP_P433_1.XLS,15/07/2017,13/07/2017,P,,GD,GD,GD,GD,GD,GD,GD,GD,2.803,2.771,0.059,0.08,0.077,0.071,0.07,0.074,,,,Negative,No
WP_P433/1,021V,27/06/2017,WP_P433_1.XLS,15/07/2017,13/07/2017,P,,GD,GD,GD,GD,GD,GD,GD,GD,1.272,1.232,0.057,0.056,0.083,0.094,0.128,0.078,,,,Negative,No
WP_P433/1,024V,27/06/2017,WP_P433_1.XLS,15/07/2017,13/07/2017,F,,GD,GD,GD,GD,GD,GD,GD,GD,0.614,0.584,0.103,0.103,0.232,0.095,0.062,0.146,B OUTLIER,,LOW PWM,,No
WP_P433/1,042V,27/06/2017,WP_P433_1.XLS,15/07/2017,13/07/2017,P,,GD,GD,GD,GD,GD,GD,GD,GD,1.39,1.321,0.123,0.069,0.074,0.076,0.062,0.077,,,,Negative,No
WP_P433/2,024V,27/06/2017,WP_P433_2.XLS,04/08/2017,04/08/2017,F,,GD,GD,GD,GD,GD,GD,GD,GD,0.546,0.601,0.071,0.066,0.109,0.109,0.058,0.068,,,LOW PWM,Negative,No
WP_P434/1,016V,27/06/2017,WP_P434_1.XLS,15/07/2017,13/07/2017,P,,GD,GD,GD,GD,GD,GD,GD,GD,2.169,2.202,0.084,0.065,0.187,0.186,0.06,0.085,,,,Positive,No
WP_P434/1,018T,27/06/2017,WP_P434_1.XLS,15/07/2017,13/07/2017,P,,GD,GD,GD,GD,GD,GD,GD,GD,1.491,1.459,0.056,0.056,0.061,0.125,0.059,0.058,B OUTLIER,,,,No
WP_P434/1,053K,27/06/2017,WP_P434_1.XLS,15/07/2017,13/07/2017,F,,GD,GD,GD,GD,GD,GD,GD,GD,0.629,0.591,0.062,0.059,0.055,0.055,0.056,0.058,,,LOW PWM,Negative,No
WP_P434/2,018T,27/06/2017,WP_P434_2.XLS,04/08/2017,04/08/2017,P,,GD,GD,GD,GD,GD,GD,GD,GD,1.695,1.808,0.105,0.062,0.06,0.058,0.054,0.058,,,,Negative,No
WP_P435/1,021C,11/07/2017,WP_P435_1.XLS,20/07/2017,13/07/2017,F,,GD,GD,GD,GD,GD,GD,GD,GD,0.682,0.627,0.077,0.056,0.111,0.117,0.062,0.059,,,LOW PWM,Positive,No
WP_P435/1,021V,11/07/2017,WP_P435_1.XLS,20/07/2017,13/07/2017,P,,GD,GD,GD,GD,GD,GD,GD,GD,1.697,1.621,0.106,0.111,0.144,0.137,0.056,0.056,,,,Negative,No
WP_P435/1,023C,11/07/2017,WP_P435_1.XLS,20/07/2017,13/07/2017,P,,GD,GD,GD,GD,GD,GD,GD,GD,1.563,1.506,0.096,0.059,0.066,0.081,0.057,0.057,,,,Negative,No
WP_P435/1,045A,11/07/2017,WP_P435_1.XLS,20/07/2017,13/07/2017,P,,GD,GD,GD,GD,GD,GD,GD,GD,1.198,1.088,0.056,0.055,0.054,0.065,0.057,0.062,,,,Negative,No
WP_P436/1,002T,11/07/2017,WP_P436_1.XLS,04/08/2017,04/08/2017,P,,GD,GD,GD,GD,GD,GD,GD,GD,2.237,2.198,0.058,0.06,0.532,0.539,0.069,0.069,,,,Positive,No
WP_P436/1,019T,11/07/2017,WP_P436_1.XLS,04/08/2017,04/08/2017,F,,GD,GD,GD,GD,GD,GD,GD,GD,0.735,0.687,0.064,0.055,0.053,0.054,0.054,0.056,,,LOW PWM,Negative,No
WP_P436/1,020T,11/07/2017,WP_P436_1.XLS,04/08/2017,04/08/2017,F,,GD,GD,GD,GD,GD,GD,GD,GD,0.811,0.771,0.076,0.056,0.063,0.055,0.056,0.064,,,LOW PWM,Negative,No
WP_P436/1,021T,11/07/2017,WP_P436_1.XLS,04/08/2017,04/08/2017,F,,GD,GD,GD,GD,GD,GD,GD,GD,0.589,0.566,0.06,0.055,0.052,0.054,0.056,0.06,,,LOW PWM,Negative,No
WP_P436/1,026A,11/07/2017,WP_P436_1.XLS,04/08/2017,04/08/2017,P,,GD,GD,GD,GD,GD,GD,GD,GD,1.179,1.131,0.057,0.055,0.052,0.052,0.115,0.083,,,,Negative,No
WP_P436/1,029N,11/07/2017,WP_P436_1.XLS,04/08/2017,04/08/2017,F,,GD,GD,GD,GD,GD,GD,GD,GD,0.289,0.277,0.056,0.056,0.059,0.052,0.056,0.053,,,LOW PWM,Negative,No
WP_P436/1,032V,11/07/2017,WP_P436_1.XLS,04/08/2017,04/08/2017,F,,GD,GD,GD,GD,GD,GD,GD,GD,0.972,0.986,0.087,0.076,0.086,0.074,0.063,0.066,,,LOW PWM,Negative,No
WP_P436/1,046A,11/07/2017,WP_P436_1.XLS,04/08/2017,04/08/2017,F,,GD,GD,GD,GD,GD,GD,GD,GD,0.929,0.866,0.062,0.056,0.051,0.057,0.051,0.056,,,LOW PWM,Negative,No
WP_P437/1,007C,11/07/2017,WP_P437_1.XLS,04/08/2017,04/08/2017,P,,GD,GD,GD,GD,GD,GD,GD,GD,2.545,2.576,0.063,0.06,0.057,0.069,0.059,0.06,,,,Negative,No
WP_P437/1,022T,11/07/2017,WP_P437_1.XLS,04/08/2017,04/08/2017,P,,GD,GD,GD,GD,GD,GD,GD,GD,2.03,1.687,0.053,0.054,0.094,0.058,0.052,0.056,,,,Negative,No
WP_P437/1,023T,11/07/2017,WP_P437_1.XLS,04/08/2017,04/08/2017,F,,GD,GD,GD,GD,GD,GD,GD,GD,0.432,0.427,0.073,0.072,0.182,0.172,0.057,0.063,,,LOW PWM,Positive,No
WP_P437/1,024C,11/07/2017,WP_P437_1.XLS,04/08/2017,04/08/2017,P,,GD,GD,GD,GD,GD,GD,GD,GD,2.291,2.134,0.063,0.112,0.056,0.053,0.058,0.065,,,,Negative,No
WP_P437/1,028C,11/07/2017,WP_P437_1.XLS,04/08/2017,04/08/2017,F,,GD,GD,GD,GD,GD,GD,GD,GD,0.573,0.533,0.114,0.057,0.052,0.051,0.058,0.071,,,LOW PWM,Negative,No
WP_P437/1,042A,11/07/2017,WP_P437_1.XLS,04/08/2017,04/08/2017,P,,GD,GD,GD,GD,GD,GD,GD,GD,1.937,1.66,0.057,0.063,0.071,0.076,0.055,0.075,,,,Negative,No
WP_P437/1,055A,11/07/2017,WP_P437_1.XLS,04/08/2017,04/08/2017,F,,GD,GD,GD,GD,GD,GD,GD,GD,0.48,0.444,0.058,0.085,0.083,0.114,0.053,0.056,,,LOW PWM,Negative,No
WP_P437/1,063Y,11/07/2017,WP_P437_1.XLS,04/08/2017,04/08/2017,F,,GD,GD,GD,GD,GD,GD,GD,GD,0.2,0.174,0.098,0.099,0.418,0.419,0.056,0.068,,,LOW PWM,Positive,No
WP_P438/1,005T,01/08/2017,WP_P438_1.XLS,04/08/2017,04/08/2017,P,,GD,GD,GD,GD,GD,GD,GD,GD,1.919,1.816,0.054,0.057,0.053,0.094,0.054,0.059,,,,Negative,No
WP_P438/1,006A,01/08/2017,WP_P438_1.XLS,04/08/2017,04/08/2017,P,,GD,GD,GD,GD,GD,GD,GD,GD,2.108,2.022,0.094,0.055,0.078,0.087,0.054,0.054,,,,Negative,No
WP_P438/1,006T,01/08/2017,WP_P438_1.XLS,04/08/2017,04/08/2017,P,,GD,GD,GD,GD,GD,GD,GD,GD,2.22,2.161,0.056,0.057,0.067,0.053,0.053,0.07,,,,Negative,No
WP_P438/1,012C,01/08/2017,WP_P438_1.XLS,04/08/2017,04/08/2017,F,,GD,GD,GD,GD,GD,GD,GD,GD,0.683,0.598,0.112,0.092,0.115,0.127,0.079,0.087,,,LOW PWM,Negative,No
WP_P438/1,012E,01/08/2017,WP_P438_1.XLS,04/08/2017,04/08/2017,P,,GD,GD,GD,GD,GD,GD,GD,GD,1.765,1.736,0.069,0.084,0.088,0.08,0.057,0.061,,,,Negative,No
WP_P438/1,025T,01/08/2017,WP_P438_1.XLS,04/08/2017,04/08/2017,F,,GD,GD,GD,GD,GD,GD,GD,GD,0.714,0.664,0.066,0.061,0.056,0.057,0.055,0.057,,,LOW PWM,Negative,No
WP_P438/1,026C,01/08/2017,WP_P438_1.XLS,04/08/2017,04/08/2017,P,,GD,GD,GD,GD,GD,GD,GD,GD,2.271,2.192,0.074,0.062,0.058,0.057,0.054,0.054,,,,Negative,No
WP_P438/1,034A,01/08/2017,WP_P438_1.XLS,04/08/2017,04/08/2017,P,,GD,GD,GD,GD,GD,GD,GD,GD,1.873,1.758,0.056,0.083,0.071,0.08,0.056,0.052,,,,Negative,No
WP_P439/1,007T,01/08/2017,WP_P439_1.XLS,04/08/2017,04/08/2017,P,,GD,GD,GD,GD,GD,GD,GD,GD,1.292,1.2,0.077,0.056,0.055,0.063,0.053,0.06,,,,Negative,No
WP_P439/1,020T,02/08/2017,WP_P439_1.XLS,04/08/2017,04/08/2017,P,,GD,GD,GD,GD,GD,GD,GD,GD,1.656,1.616,0.079,0.057,0.057,0.054,0.055,0.057,,,,Negative,No
WP_P439/1,021C,01/08/2017,WP_P439_1.XLS,04/08/2017,04/08/2017,P,,GD,GD,GD,GD,GD,GD,GD,GD,1.463,1.412,0.057,0.057,0.174,0.167,0.055,0.072,,,,Positive,No
WP_P439/1,024T,01/08/2017,WP_P439_1.XLS,04/08/2017,04/08/2017,P,,GD,GD,GD,GD,GD,GD,GD,GD,1.91,1.854,0.068,0.064,0.07,0.06,0.053,0.059,,,,Negative,No
WP_P439/1,026T,01/08/2017,WP_P439_1.XLS,04/08/2017,04/08/2017,P,,GD,GD,GD,GD,GD,GD,GD,GD,2.811,2.936,0.09,0.062,0.083,0.061,0.061,0.07,,,,Negative,No
WP_P439/1,048V,02/08/2017,WP_P439_1.XLS,04/08/2017,04/08/2017,P,,GD,GD,GD,GD,GD,GD,GD,GD,1.813,1.741,0.068,0.076,0.066,0.058,0.062,0.07,,,,Negative,No
WP_P439/1,050A,01/08/2017,WP_P439_1.XLS,04/08/2017,04/08/2017,F,,GD,GD,GD,GD,GD,GD,GD,GD,0.836,0.797,0.079,0.063,0.069,0.071,0.056,0.08,,,LOW PWM,Negative,No
WP_P44/1,002B,08/05/2007,WP_P44_1.XLS,10/08/2007,10/08/2007,P,,GD,GD,GD,GD,GD,GD,GD,GD,1.71,1.35,0.05,0.05,0.14,0.14,0.06,0.08,,,,Positive,No
WP_P44/1,018R,08/05/2007,WP_P44_1.XLS,10/08/2007,10/08/2007,P,,GD,GD,GD,GD,GD,GD,GD,GD,1.83,1.58,0.06,0.06,0.06,0.06,0.06,0.07,,,,Negative,No
WP_P44/1,019R,08/05/2007,WP_P44_1.XLS,10/08/2007,10/08/2007,F,,GD,GD,GD,GD,GD,GD,GD,GD,0.72,0.56,0.05,0.05,0.24,0.23,0.06,0.06,,,LOW PWM,Positive,No
WP_P44/1,045B,08/05/2007,WP_P44_1.XLS,10/08/2007,10/08/2007,P,,GD,GD,GD,GD,GD,GD,GD,GD,2.25,1.9,0.05,0.05,0.1,0.05,0.06,0.07,B OUTLIER,,,,No
WP_P44/1,047B,08/05/2007,WP_P44_1.XLS,10/08/2007,10/08/2007,P,,GD,GD,GD,GD,GD,GD,GD,GD,1.54,1.25,0.05,0.05,0.05,0.05,0.06,0.07,,,,Negative,No
WP_P44/1,048B,08/05/2007,WP_P44_1.XLS,10/08/2007,10/08/2007,P,,GD,GD,GD,GD,GD,GD,GD,GD,1.47,1.08,0.06,0.05,0.05,0.05,0.07,0.12,,,,Negative,No
WP_P44/1,052B,08/05/2007,WP_P44_1.XLS,10/08/2007,10/08/2007,P,,GD,GD,GD,GD,GD,GD,GD,GD,1.61,1.63,0.06,0.05,0.07,0.08,0.07,0.1,,,,Negative,No
WP_P44/1,098W,08/05/2007,WP_P44_1.XLS,10/08/2007,10/08/2007,F,,GD,GD,GD,GD,GD,GD,GD,GD,0.74,0.55,0.05,0.05,0.06,0.05,0.06,0.07,,,LOW PWM,Negative,No
WP_P440/1,007C,05/09/2017,WP_P440_1.xls,26/09/2017,20/09/2017,P,,GD,GD,GD,GD,GD,GD,GD,GD,1.07,0.951,0.082,0.053,0.052,0.075,0.052,0.058,,,,Negative,No
WP_P440/1,019A,05/09/2017,WP_P440_1.xls,26/09/2017,20/09/2017,F,,GD,GD,GD,GD,GD,GD,GD,GD,0.361,0.327,0.063,0.066,0.051,0.053,0.051,0.052,,,LOW PWM,Negative,No
WP_P440/1,020T,05/09/2017,WP_P440_1.xls,26/09/2017,20/09/2017,F,,GD,GD,GD,GD,GD,GD,GD,GD,0.231,0.188,0.054,0.059,0.056,0.066,0.055,0.059,,,LOW PWM,Negative,No
WP_P440/1,021T,05/09/2017,WP_P440_1.xls,26/09/2017,20/09/2017,F,,GD,GD,GD,GD,GD,GD,GD,GD,0.315,0.238,0.086,0.058,0.055,0.065,0.097,0.079,,,LOW PWM,Negative,No
WP_P440/1,022C,05/09/2017,WP_P440_1.xls,26/09/2017,20/09/2017,F,,GD,GD,GD,GD,GD,GD,GD,GD,0.076,0.137,0.149,0.063,0.053,0.062,0.051,0.052,,,LOW PWM,Negative,No
WP_P440/1,024C,05/09/2017,WP_P440_1.xls,26/09/2017,20/09/2017,F,,GD,GD,GD,GD,GD,GD,GD,GD,0.621,0.638,0.05,0.056,0.051,0.052,0.058,0.062,,,LOW PWM,Negative,No
WP_P440/1,029T,05/09/2017,WP_P440_1.xls,26/09/2017,20/09/2017,F,,GD,GD,GD,GD,GD,GD,GD,GD,0.831,0.605,0.086,0.083,0.071,0.06,0.051,0.055,,,LOW PWM,Negative,No
WP_P440/1,030T,05/09/2017,WP_P440_1.xls,26/09/2017,20/09/2017,P,,GD,GD,GD,GD,GD,GD,GD,GD,1.215,0.894,0.066,0.089,0.056,0.051,0.054,0.053,,,,Negative,No
WP_P441/1,002A,05/09/2017,WP_P441_1.xls,26/09/2017,20/09/2017,P,,GD,GD,GD,GD,GD,GD,GD,GD,1.121,1.025,0.059,0.058,0.061,0.062,0.07,0.089,,,,Negative,No
WP_P441/1,004C,06/09/2017,WP_P441_1.xls,26/09/2017,20/09/2017,F,,GD,GD,GD,GD,GD,GD,GD,GD,0.211,0.228,0.08,0.063,0.061,0.062,0.075,0.152,,,LOW PWM,Negative,No
WP_P441/1,021V,05/09/2017,WP_P441_1.xls,26/09/2017,20/09/2017,F,,GD,GD,GD,GD,GD,GD,GD,GD,0.645,0.637,0.058,0.065,0.095,0.066,0.06,0.072,,,LOW PWM,Negative,No
WP_P441/1,029N,05/09/2017,WP_P441_1.xls,26/09/2017,20/09/2017,F,,GD,GD,GD,GD,GD,GD,GD,GD,0.372,0.332,0.074,0.056,0.056,0.079,0.073,0.08,,,LOW PWM,Negative,No
WP_P441/1,031T,05/09/2017,WP_P441_1.xls,26/09/2017,20/09/2017,F,,GD,GD,GD,GD,GD,GD,GD,GD,0.842,0.675,0.06,0.056,0.069,0.063,0.063,0.065,,,LOW PWM,Negative,No
WP_P441/1,032T,05/09/2017,WP_P441_1.xls,26/09/2017,20/09/2017,P,,GD,GD,GD,GD,GD,GD,GD,GD,1.154,0.884,0.06,0.054,0.057,0.057,0.083,0.078,,,,Negative,No
WP_P441/1,042A,06/09/2017,WP_P441_1.xls,26/09/2017,20/09/2017,F,,GD,GD,GD,GD,GD,GD,GD,GD,0.984,0.967,0.116,0.109,0.105,0.108,0.103,0.106,,,LOW PWM,Negative,No
WP_P441/1,063Y,06/09/2017,WP_P441_1.xls,26/09/2017,20/09/2017,F,,GD,GD,GD,GD,GD,GD,GD,GD,0.329,0.303,0.077,0.072,0.299,0.281,0.071,0.085,,,LOW PWM,Positive,No
WP_P442/1,012C,10/10/2017,WP_P442_1.XLS,27/10/2017,27/10/2017,P,,GD,GD,GD,GD,GD,GD,GD,GD,1.084,0.986,0.081,0.081,0.111,0.107,0.091,0.092,,,,Negative,No
WP_P443/1,008T,15/08/2017,WP_P443_1.XLS,27/10/2017,27/10/2017,P,,GD,GD,GD,GD,GD,GD,GD,GD,1.763,1.652,0.072,0.099,0.074,0.057,0.098,0.064,,,,Negative,No
WP_P443/1,010T,15/08/2017,WP_P443_1.XLS,27/10/2017,27/10/2017,P,,GD,GD,GD,GD,GD,GD,GD,GD,2.254,2.157,0.06,0.065,0.066,0.066,0.076,0.066,,,,Negative,No
WP_P443/1,012T,15/08/2017,WP_P443_1.XLS,27/10/2017,27/10/2017,F,,GD,GD,GD,GD,GD,GD,GD,GD,0.634,0.613,0.077,0.054,0.056,0.066,0.063,0.064,,,LOW PWM,Negative,No
WP_P443/1,015C,15/08/2017,WP_P443_1.XLS,27/10/2017,27/10/2017,F,,GD,GD,GD,GD,GD,GD,GD,GD,0.566,0.542,0.059,0.058,0.063,0.077,0.078,0.064,,,LOW PWM,Negative,No
WP_P443/1,015V,15/08/2017,WP_P443_1.XLS,27/10/2017,27/10/2017,F,,GD,GD,GD,GD,GD,GD,GD,GD,0.714,0.688,0.113,0.1,0.241,0.291,0.108,0.064,,,LOW PWM,Positive,No
WP_P443/1,027T,15/08/2017,WP_P443_1.XLS,27/10/2017,27/10/2017,P,,GD,GD,GD,GD,GD,GD,GD,GD,1.56,1.511,0.054,0.055,0.075,0.055,0.056,0.075,,,,Negative,No
WP_P443/1,032N,15/08/2017,WP_P443_1.XLS,27/10/2017,27/10/2017,F,,GD,GD,GD,GD,GD,GD,GD,GD,0.284,0.266,0.06,0.062,0.241,0.244,0.062,0.067,,,LOW PWM,Positive,No
WP_P443/1,043V,15/08/2017,WP_P443_1.XLS,27/10/2017,27/10/2017,P,,GD,GD,GD,GD,GD,GD,GD,GD,1.809,1.847,0.058,0.06,0.086,0.085,0.06,0.119,,,,Negative,No
WP_P444/1,011T,15/08/2017,WP_P444_1.XLS,27/10/2017,27/10/2017,P,,GD,GD,GD,GD,GD,GD,GD,GD,1.17,1.105,0.055,0.059,0.11,0.104,0.081,0.16,,,,Positive,No
WP_P444/1,013T,15/08/2017,WP_P444_1.XLS,27/10/2017,27/10/2017,P,,GD,GD,GD,GD,GD,GD,GD,GD,1.699,1.571,0.055,0.099,0.078,0.058,0.086,0.463,NIL AVG HIGH,,,,No
WP_P444/1,016C,15/08/2017,WP_P444_1.XLS,27/10/2017,27/10/2017,F,,GD,GD,GD,GD,GD,GD,GD,GD,0.427,0.396,0.172,0.092,0.066,0.076,0.07,0.176,,,LOW PWM,Negative,No
WP_P444/1,016V,15/08/2017,WP_P444_1.XLS,27/10/2017,27/10/2017,P,,GD,GD,GD,GD,GD,GD,GD,GD,1.285,1.149,0.059,0.062,0.157,0.136,0.08,0.138,,,,Positive,No
WP_P444/1,020C,15/08/2017,WP_P444_1.XLS,27/10/2017,27/10/2017,P,,GD,GD,GD,GD,GD,GD,GD,GD,1.466,1.389,0.063,0.075,0.069,0.088,0.075,0.581,NIL AVG HIGH,,,,No
WP_P444/1,028T,15/08/2017,WP_P444_1.XLS,27/10/2017,27/10/2017,P,,GD,GD,GD,GD,GD,GD,GD,GD,1.981,1.956,0.057,0.062,0.126,0.114,0.066,0.072,,,,Positive,No
WP_P444/1,053K,15/08/2017,WP_P444_1.XLS,27/10/2017,27/10/2017,F,,GD,GD,GD,GD,GD,GD,GD,GD,0.267,0.247,0.073,0.083,0.054,0.086,0.062,0.096,,,LOW PWM,Negative,No
WP_P444/2,013T,15/08/2017,WP_P444_2.XLS,03/11/2017,03/11/2017,P,,GD,GD,GD,GD,GD,GD,GD,GD,1.327,1.382,0.11,0.063,0.05,0.054,0.155,0.058,,,,Negative,No
WP_P444/2,020C,15/08/2017,WP_P444_2.XLS,03/11/2017,03/11/2017,P,,GD,GD,GD,GD,GD,GD,GD,GD,1.168,0.944,0.054,0.065,0.059,0.062,0.053,0.058,,,,Negative,No
WP_P445/1,005T,10/10/2017,WP_P445_1.XLS,27/10/2017,27/10/2017,P,,GD,GD,GD,GD,GD,GD,GD,GD,1.765,1.69,0.056,0.082,0.072,0.059,0.069,0.099,,,,Negative,No
WP_P445/1,006T,10/10/2017,WP_P445_1.XLS,27/10/2017,27/10/2017,P,,GD,GD,GD,GD,GD,GD,GD,GD,2.621,2.58,0.054,0.054,0.079,0.077,0.074,0.069,,,,Negative,No
WP_P445/1,020T,10/10/2017,WP_P445_1.XLS,27/10/2017,27/10/2017,F,,GD,GD,GD,GD,GD,GD,GD,GD,0.297,0.287,0.06,0.057,0.064,0.082,0.111,0.135,,,LOW PWM,Negative,No
WP_P445/1,021C,10/10/2017,WP_P445_1.XLS,27/10/2017,27/10/2017,F,,GD,GD,GD,GD,GD,GD,GD,GD,0.509,0.472,0.062,0.062,0.38,0.391,0.128,0.178,,,LOW PWM,Positive,No
WP_P445/1,023C,10/10/2017,WP_P445_1.XLS,27/10/2017,27/10/2017,F,,GD,GD,GD,GD,GD,GD,GD,GD,0.968,0.862,0.058,0.065,0.065,0.061,0.164,0.244,,,LOW PWM,Negative,No
WP_P445/1,026C,10/10/2017,WP_P445_1.XLS,27/10/2017,27/10/2017,F,,GD,GD,GD,GD,GD,GD,GD,GD,0.983,0.921,0.072,0.065,0.165,0.16,0.069,0.073,,,LOW PWM,Positive,No
WP_P445/1,026T,10/10/2017,WP_P445_1.XLS,27/10/2017,27/10/2017,P,,GD,GD,GD,GD,GD,GD,GD,GD,2.254,2.103,0.066,0.073,0.061,0.062,0.067,0.148,,,,Negative,No
WP_P445/1,033T,10/10/2017,WP_P445_1.XLS,27/10/2017,27/10/2017,F,,GD,GD,GD,GD,GD,GD,GD,GD,0.745,0.729,0.085,0.059,0.06,0.064,0.12,0.108,,,LOW PWM,Negative,No
WP_P446/1,015T,16/08/2017,WP_P446_1.XLS,03/11/2017,03/11/2017,P,,GD,GD,GD,GD,GD,GD,GD,GD,1.521,1.488,0.051,0.057,0.053,0.054,0.063,0.064,,,,Negative,No
WP_P447/1,011T,31/10/2017,WP_P447_1.XLS,06/11/2017,03/11/2017,F,,GD,GD,GD,GD,GD,GD,GD,GD,0.922,0.635,0.067,0.061,0.051,0.055,0.065,0.085,,,LOW PWM,Negative,No
WP_P447/1,015C,31/10/2017,WP_P447_1.XLS,06/11/2017,03/11/2017,F,,GD,GD,GD,GD,GD,GD,GD,GD,0.538,0.363,0.111,0.062,0.055,0.053,0.127,0.064,,,LOW PWM,Negative,No
WP_P447/1,015T,01/11/2017,WP_P447_1.XLS,06/11/2017,03/11/2017,F,,GD,GD,GD,GD,GD,GD,GD,GD,1.074,0.846,0.061,0.059,0.081,0.076,0.122,0.066,,,LOW PWM,Negative,No
WP_P447/1,016V,31/10/2017,WP_P447_1.XLS,06/11/2017,03/11/2017,P,,GD,GD,GD,GD,GD,GD,GD,GD,1.507,1.337,0.055,0.1,0.073,0.067,0.052,0.056,,,,Negative,No
WP_P447/1,021L,01/11/2017,WP_P447_1.XLS,06/11/2017,03/11/2017,F,,GD,GD,GD,GD,GD,GD,GD,GD,0.663,0.434,0.061,0.064,0.286,0.283,0.083,0.065,,,LOW PWM,Positive,No
WP_P447/1,027T,31/10/2017,WP_P447_1.XLS,06/11/2017,03/11/2017,F,,GD,GD,GD,GD,GD,GD,GD,GD,0.58,0.417,0.078,0.062,0.057,0.103,0.1,0.068,,,LOW PWM,Negative,No
WP_P447/1,039A,01/11/2017,WP_P447_1.XLS,06/11/2017,03/11/2017,F,,GD,GD,GD,GD,GD,GD,GD,GD,0.174,0.254,0.056,0.06,0.312,0.302,0.066,0.063,,,LOW PWM,Positive,No
WP_P447/1,043V,31/10/2017,WP_P447_1.XLS,06/11/2017,03/11/2017,F,,GD,GD,GD,GD,GD,GD,GD,GD,0.898,0.661,0.05,0.05,0.052,0.049,0.065,0.053,,,LOW PWM,Negative,No
WP_P448/1,006C,14/11/2017,WP_P448_1.XLS,23/01/2018,23/01/2018,P,,GD,GD,GD,GD,GD,GD,GD,GD,1.313,1.264,0.054,0.05,0.061,0.05,0.057,0.062,,,,Negative,No
WP_P448/1,021C,14/11/2017,WP_P448_1.XLS,23/01/2018,23/01/2018,F,,GD,GD,GD,GD,GD,GD,GD,GD,0.613,0.568,0.061,0.053,0.099,0.104,0.054,0.111,,,LOW PWM,Positive,No
WP_P448/1,021T,14/11/2017,WP_P448_1.XLS,23/01/2018,23/01/2018,F,,GD,GD,GD,GD,GD,GD,GD,GD,0.562,0.445,0.049,0.049,0.049,0.051,0.072,0.067,,,LOW PWM,Negative,No
WP_P448/1,029N,14/11/2017,WP_P448_1.XLS,23/01/2018,23/01/2018,F,,GD,GD,GD,GD,GD,GD,GD,GD,0.26,0.216,0.054,0.049,0.051,0.05,0.057,0.058,,,LOW PWM,Negative,No
WP_P448/1,029T,14/11/2017,WP_P448_1.XLS,23/01/2018,23/01/2018,F,,GD,GD,GD,GD,GD,GD,GD,GD,0.778,0.464,0.049,0.049,0.046,0.058,0.058,0.056,,,LOW PWM,Negative,No
WP_P448/1,034T,14/11/2017,WP_P448_1.XLS,23/01/2018,23/01/2018,P,,GD,GD,GD,GD,GD,GD,GD,GD,1.309,1.043,0.075,0.051,0.05,0.049,0.065,0.056,,,,Negative,No
WP_P449/1,007C,15/11/2017,WP_P449_1.XLS,23/01/2018,23/01/2018,P,,GD,GD,GD,GD,GD,GD,GD,GD,1.737,1.47,0.148,0.059,0.119,0.065,0.066,0.065,,,,Negative,No
WP_P449/1,020T,15/11/2017,WP_P449_1.XLS,23/01/2018,23/01/2018,F,,GD,GD,GD,GD,GD,GD,GD,GD,0.692,0.511,0.056,0.056,0.065,0.055,0.062,0.06,,,LOW PWM,Negative,No
WP_P449/1,022T,15/11/2017,WP_P449_1.XLS,23/01/2018,23/01/2018,F,,GD,GD,GD,GD,GD,GD,GD,GD,0.89,0.785,0.056,0.054,0.093,0.053,0.055,0.061,,,LOW PWM,Negative,No
WP_P449/1,024C,15/11/2017,WP_P449_1.XLS,23/01/2018,23/01/2018,F,,GD,GD,GD,GD,GD,GD,GD,GD,0.604,0.524,0.144,0.137,0.093,0.067,0.082,0.061,,,LOW PWM,Negative,No
WP_P449/1,026T,10/01/2018,WP_P449_1.XLS,23/01/2018,23/01/2018,F,,GD,GD,GD,GD,GD,GD,GD,GD,0.659,0.579,0.064,0.205,0.057,0.063,0.059,0.061,,,LOW PWM,Negative,No
WP_P449/1,046A,15/11/2017,WP_P449_1.XLS,23/01/2018,23/01/2018,F,,GD,GD,GD,GD,GD,GD,GD,GD,0.148,0.122,0.086,0.06,0.073,0.054,0.066,0.06,,,LOW PWM,Negative,No
WP_P45/1,007Y,09/05/2007,WP_P45_1.XLS,10/08/2007,10/08/2007,P,,GD,GD,GD,GD,GD,GD,GD,GD,3.52,3.39,0.06,0.05,0.05,0.05,0.62,0.13,NIL AVG HIGH,,,,No
WP_P45/1,012G,08/05/2007,WP_P45_1.XLS,10/08/2007,10/08/2007,P,,GD,GD,GD,GD,GD,GD,GD,GD,1.91,1.8,0.21,0.28,0.26,0.33,0.12,0.11,,,,Positive,No
WP_P45/1,035W,08/05/2007,WP_P45_1.XLS,10/08/2007,10/08/2007,P,,GD,GD,GD,GD,GD,GD,GD,GD,1.83,1.6,0.41,0.09,0.06,0.24,0.15,0.18,B & A,,,,No
WP_P45/1,038R,22/05/2007,WP_P45_1.XLS,10/08/2007,10/08/2007,P,,GD,GD,GD,GD,GD,GD,GD,GD,3.17,3.36,0.06,0.06,0.16,0.14,0.4,0.16,NIL AVG HIGH,,,,No
WP_P45/1,042R,22/05/2007,WP_P45_1.XLS,10/08/2007,10/08/2007,F,,GD,GD,GD,GD,GD,GD,GD,GD,1.03,0.81,0.06,0.06,0.11,0.12,0.51,0.14,NIL AVG HIGH,,,,No
WP_P45/2,007Y,09/05/2007,WP_P45_2.XLS,19/10/2007,18/10/2007,P,,GD,GD,GD,GD,GD,GD,GD,GD,2.83,2.96,0.22,0.23,0.19,0.17,0.23,0.23,NIL AVG HIGH,,,,No
WP_P45/2,038R,22/05/2007,WP_P45_2.XLS,19/10/2007,18/10/2007,P,,GD,GD,GD,GD,GD,GD,GD,GD,2.69,2.9,0.19,0.2,0.36,0.36,0.27,0.24,NIL AVG HIGH,,,,No
WP_P45/2,042R,22/05/2007,WP_P45_2.XLS,19/10/2007,18/10/2007,P,,GD,GD,GD,GD,GD,GD,GD,GD,1.05,1.04,0.22,0.22,0.33,0.36,0.24,0.31,NIL AVG HIGH,,,,No
WP_P450/1,001M,09/01/2018,WP_P450_1.XLS,23/01/2018,23/01/2018,P,,GD,GD,GD,GD,GD,GD,GD,GD,1.017,0.983,0.087,0.06,0.07,0.068,0.069,0.085,,,,Negative,No
WP_P450/1,005T,09/01/2018,WP_P450_1.XLS,23/01/2018,23/01/2018,P,,GD,GD,GD,GD,GD,GD,GD,GD,1.246,1.095,0.054,0.064,0.103,0.054,0.066,0.076,,,,Negative,No
WP_P450/1,006T,09/01/2018,WP_P450_1.XLS,23/01/2018,23/01/2018,P,,GD,GD,GD,GD,GD,GD,GD,GD,1.763,1.696,0.061,0.055,0.058,0.055,0.103,0.091,,,,Negative,No
WP_P450/1,020T,09/01/2018,WP_P450_1.XLS,23/01/2018,23/01/2018,F,,GD,GD,GD,GD,GD,GD,GD,GD,0.947,0.761,0.052,0.054,0.053,0.054,0.058,0.061,,,LOW PWM,Negative,No
WP_P450/1,024T,09/01/2018,WP_P450_1.XLS,23/01/2018,23/01/2018,P,,GD,GD,GD,GD,GD,GD,GD,GD,1.595,1.475,0.056,0.052,0.055,0.059,0.062,0.075,,,,Negative,No
WP_P450/1,025T,09/01/2018,WP_P450_1.XLS,23/01/2018,23/01/2018,F,,GD,GD,GD,GD,GD,GD,GD,GD,0.714,0.666,0.148,0.081,0.054,0.053,0.098,0.078,,,LOW PWM,Negative,No
WP_P450/1,033T,09/01/2018,WP_P450_1.XLS,23/01/2018,23/01/2018,F,,GD,GD,GD,GD,GD,GD,GD,GD,0.497,0.454,0.052,0.054,0.05,0.069,0.053,0.075,,,LOW PWM,Negative,No
WP_P450/1,039V,09/01/2018,WP_P450_1.XLS,23/01/2018,23/01/2018,F,,GD,GD,GD,GD,GD,GD,GD,GD,0.219,0.201,0.061,0.055,0.09,0.054,0.064,0.069,,,LOW PWM,Negative,No
WP_P451/1,015C,16/01/2018,WP_P451_1.XLS,23/01/2018,23/01/2018,F,,GD,GD,GD,GD,GD,GD,GD,GD,0.949,0.897,0.068,0.066,0.054,0.07,0.145,0.076,,,LOW PWM,Negative,No
WP_P451/1,021L,16/01/2018,WP_P451_1.XLS,23/01/2018,23/01/2018,F,,GD,GD,GD,GD,GD,GD,GD,GD,0.81,0.735,0.053,0.123,0.155,0.141,0.058,0.06,A OUTLIER,,LOW PWM,,No
WP_P451/1,027T,16/01/2018,WP_P451_1.XLS,23/01/2018,23/01/2018,P,,GD,GD,GD,GD,GD,GD,GD,GD,1.063,0.996,0.06,0.062,0.057,0.156,0.056,0.062,B OUTLIER,,,,No
WP_P451/1,043V,16/01/2018,WP_P451_1.XLS,23/01/2018,23/01/2018,P,,GD,GD,GD,GD,GD,GD,GD,GD,0.98,1.063,0.052,0.057,0.052,0.055,0.09,0.085,,,,Negative,No
WP_P451/2,021L,16/01/2018,WP_P451_2.XLS,05/04/2018,05/04/2018,P,,GD,GD,GD,GD,GD,GD,GD,GD,2.228,1.924,0.079,0.103,0.26,0.285,0.11,0.073,,,,Positive,No
WP_P451/2,027T,16/01/2018,WP_P451_2.XLS,05/04/2018,05/04/2018,P,,GD,GD,GD,GD,GD,GD,GD,GD,2.626,2.396,0.07,0.111,0.07,0.071,0.108,0.084,,,,Negative,No
WP_P452/1,002M,30/01/2018,WP_P452_1.XLS,05/04/2018,05/04/2018,P,,GD,GD,GD,GD,GD,GD,GD,GD,1.39,1.32,0.104,0.063,0.065,0.063,0.071,0.109,,,,Negative,No
WP_P452/1,019A,30/01/2018,WP_P452_1.XLS,05/04/2018,05/04/2018,F,,GD,GD,GD,GD,GD,GD,GD,GD,0.984,0.948,0.133,0.11,0.107,0.094,0.101,0.11,,,LOW PWM,Negative,No
WP_P452/1,020T,30/01/2018,WP_P452_1.XLS,05/04/2018,05/04/2018,P,,GD,GD,GD,GD,GD,GD,GD,GD,2.336,2.346,0.064,0.064,0.061,0.065,0.069,0.099,,,,Negative,No
WP_P452/1,021T,30/01/2018,WP_P452_1.XLS,05/04/2018,05/04/2018,P,,GD,GD,GD,GD,GD,GD,GD,GD,2.529,2.742,0.131,0.126,0.112,0.101,0.116,0.155,,,,Negative,No
WP_P452/1,024C,30/01/2018,WP_P452_1.XLS,05/04/2018,05/04/2018,P,,GD,GD,GD,GD,GD,GD,GD,GD,1.871,1.674,0.198,0.123,0.091,0.087,0.14,0.189,,,,Negative,No
WP_P452/1,028F,30/01/2018,WP_P452_1.XLS,05/04/2018,05/04/2018,F,,GD,GD,GD,GD,GD,GD,GD,GD,0.905,0.814,0.073,0.078,0.27,0.197,0.085,0.15,,,LOW PWM,Positive,No
WP_P452/1,029N,30/01/2018,WP_P452_1.XLS,05/04/2018,05/04/2018,P,,GD,GD,GD,GD,GD,GD,GD,GD,1.528,1.362,0.097,0.066,0.066,0.071,0.095,0.113,,,,Negative,No
WP_P452/1,030T,30/01/2018,WP_P452_1.XLS,05/04/2018,05/04/2018,P,,GD,GD,GD,GD,GD,GD,GD,GD,2.506,2.37,0.102,0.066,0.069,0.064,0.082,0.125,,,,Negative,No
WP_P453/1,003M,30/01/2018,WP_P453_1.XLS,05/04/2018,05/04/2018,P,,GD,GD,GD,GD,GD,GD,GD,GD,2.591,2.609,0.065,0.063,0.067,0.068,0.084,0.155,,,,Negative,No
WP_P453/1,031T,30/01/2018,WP_P453_1.XLS,05/04/2018,05/04/2018,P,,GD,GD,GD,GD,GD,GD,GD,GD,1.713,1.613,0.069,0.068,0.078,0.103,0.122,0.097,,,,Negative,No
WP_P454/1,005T,22/05/2018,WP_P454_1.XLS,24/05/2018,24/05/2018,F,,GD,GD,GD,GD,GD,GD,GD,GD,1.001,0.682,0.054,0.048,0.049,0.05,0.051,0.058,,,LOW PWM,Negative,No
WP_P454/1,007T,22/05/2018,WP_P454_1.XLS,24/05/2018,24/05/2018,F,,GD,GD,GD,GD,GD,GD,GD,GD,1.041,0.759,0.049,0.05,0.049,0.049,0.055,0.058,,,LOW PWM,Negative,No
WP_P454/1,012E,22/05/2018,WP_P454_1.XLS,24/05/2018,24/05/2018,F,,GD,GD,GD,GD,GD,GD,GD,GD,1.019,0.822,0.049,0.047,0.051,0.051,0.051,0.05,,,LOW PWM,Negative,No
WP_P454/1,026T,22/05/2018,WP_P454_1.XLS,24/05/2018,24/05/2018,P,,GD,GD,GD,GD,GD,GD,GD,GD,2.478,2.375,0.053,0.053,0.055,0.054,0.055,0.057,,,,Negative,No
WP_P454/1,033T,22/05/2018,WP_P454_1.XLS,24/05/2018,24/05/2018,F,,GD,GD,GD,GD,GD,GD,GD,GD,0.437,0.395,0.048,0.05,0.281,0.279,0.05,0.05,,,LOW PWM,Positive,No
WP_P454/1,039V,22/05/2018,WP_P454_1.XLS,24/05/2018,24/05/2018,F,,GD,GD,GD,GD,GD,GD,GD,GD,0.548,0.429,0.055,0.054,0.465,0.432,0.063,0.056,,,LOW PWM,Positive,No
WP_P454/1,048A,22/05/2018,WP_P454_1.XLS,24/05/2018,24/05/2018,F,,GD,GD,GD,GD,GD,GD,GD,GD,0.556,0.442,0.047,0.062,0.047,0.102,0.085,0.061,B OUTLIER,,LOW PWM,,No
WP_P454/1,049V,22/05/2018,WP_P454_1.XLS,24/05/2018,24/05/2018,F,,GD,GD,GD,GD,GD,GD,GD,GD,1.068,0.827,0.07,0.064,0.049,0.052,0.048,0.05,,,LOW PWM,Negative,No
WP_P454/2,048A,22/05/2018,WP_P454_2.XLS,31/05/2018,25/05/2018,F,,GD,GD,GD,GD,GD,GD,GD,GD,0.496,0.341,0.054,0.056,0.055,0.055,0.069,0.073,,,LOW PWM,Negative,No
WP_P455/1,004M,22/05/2018,WP_P455_1.XLS,24/05/2018,24/05/2018,P,,GD,GD,GD,GD,GD,GD,GD,GD,2.076,1.47,0.053,0.048,0.052,0.047,0.048,0.049,,,,Negative,No
WP_P455/1,006T,22/05/2018,WP_P455_1.XLS,24/05/2018,24/05/2018,P,,GD,GD,GD,GD,GD,GD,GD,GD,2.426,1.467,0.06,0.061,0.059,0.079,0.055,0.071,,,,Negative,No
WP_P455/1,021C,22/05/2018,WP_P455_1.XLS,24/05/2018,24/05/2018,F,,GD,GD,GD,GD,GD,GD,GD,GD,1.104,0.82,0.05,0.048,0.057,0.08,0.049,0.053,,,LOW PWM,Negative,No
WP_P455/1,026C,22/05/2018,WP_P455_1.XLS,24/05/2018,24/05/2018,P,,GD,GD,GD,GD,GD,GD,GD,GD,1.445,0.902,0.051,0.048,0.082,0.063,0.059,0.059,,,,Negative,No
WP_P455/1,048V,22/05/2018,WP_P455_1.XLS,24/05/2018,24/05/2018,P,,GD,GD,GD,GD,GD,GD,GD,GD,1.256,0.837,0.049,0.062,0.048,0.067,0.061,0.056,,,,Negative,No
WP_P456/1,002V,23/05/2018,WP_P456_1.XLS,31/05/2018,25/05/2018,P,,GD,GD,GD,GD,GD,GD,GD,GD,1.983,1.17,0.056,0.056,0.071,0.07,0.059,0.059,,,,Negative,No
WP_P456/1,005M,23/05/2018,WP_P456_1.XLS,31/05/2018,25/05/2018,P,,GD,GD,GD,GD,GD,GD,GD,GD,2.406,2.204,0.054,0.055,0.054,0.057,0.06,0.068,,,,Negative,No
WP_P456/1,020T,23/05/2018,WP_P456_1.XLS,31/05/2018,25/05/2018,F,,GD,GD,GD,GD,GD,GD,GD,GD,0.236,0.144,0.057,0.056,0.057,0.058,0.062,0.061,,,LOW PWM,Negative,No
WP_P456/1,021T,23/05/2018,WP_P456_1.XLS,31/05/2018,25/05/2018,P,,GD,GD,GD,GD,GD,GD,GD,GD,1.725,1.103,0.058,0.059,0.06,0.063,0.072,0.079,,,,Negative,No
WP_P458/1,006M,05/06/2018,WP_P458_1.XLS,07/06/2018,07/06/2018,P,,GD,GD,GD,GD,GD,GD,GD,GD,1.585,1.566,0.062,0.06,0.265,0.266,0.075,0.066,,,,Positive,No
WP_P458/1,007M,05/06/2018,WP_P458_1.XLS,07/06/2018,07/06/2018,P,,GD,GD,GD,GD,GD,GD,GD,GD,1.031,1.011,0.061,0.057,0.057,0.056,0.063,0.064,,,,Negative,No
WP_P458/1,008M,05/06/2018,WP_P458_1.XLS,07/06/2018,07/06/2018,P,,GD,GD,GD,GD,GD,GD,GD,GD,1.838,1.735,0.059,0.056,0.059,0.057,0.068,0.062,,,,Negative,No
WP_P458/1,010M,05/06/2018,WP_P458_1.XLS,07/06/2018,07/06/2018,P,,GD,GD,GD,GD,GD,GD,GD,GD,2.108,2.143,0.064,0.059,0.058,0.059,0.069,0.069,,,,Negative,No
WP_P458/1,012M,05/06/2018,WP_P458_1.XLS,07/06/2018,07/06/2018,P,,GD,GD,GD,GD,GD,GD,GD,GD,1.979,1.964,0.062,0.058,0.866,0.861,0.065,0.066,,,,Positive,No
WP_P458/1,013M,05/06/2018,WP_P458_1.XLS,07/06/2018,07/06/2018,P,,GD,GD,GD,GD,GD,GD,GD,GD,2.145,2.043,0.063,0.061,0.893,0.939,0.062,0.061,,,,Positive,No
WP_P458/1,016E,05/06/2018,WP_P458_1.XLS,07/06/2018,07/06/2018,P,,GD,GD,GD,GD,GD,GD,GD,GD,1.467,1.5,0.063,0.058,0.065,0.057,0.064,0.06,,,,Negative,No
WP_P458/1,042V,05/06/2018,WP_P458_1.XLS,07/06/2018,07/06/2018,F,,GD,GD,GD,GD,GD,GD,GD,GD,0.469,0.471,0.061,0.066,0.068,0.07,0.062,0.069,,,LOW PWM,Negative,No
WP_P459/1,011M,05/06/2018,WP_P459_1.XLS,07/06/2018,07/06/2018,P,,GD,GD,GD,GD,GD,GD,GD,GD,2.188,2.311,0.062,0.06,0.058,0.066,0.059,0.061,,,,Negative,No
WP_P46/1,003B,09/05/2007,WP_P46_1.XLS,10/08/2007,10/08/2007,P,,GD,GD,GD,GD,GD,GD,GD,GD,1.73,1.58,0.13,0.09,1.36,1.25,0.07,0.07,,,,Positive,No
WP_P46/1,004Y,09/05/2007,WP_P46_1.XLS,10/08/2007,10/08/2007,P,,GD,GD,GD,GD,GD,GD,GD,GD,2.41,2.04,0.08,0.07,0.05,0.05,0.06,0.07,,,,Negative,No
WP_P46/1,005Y,09/05/2007,WP_P46_1.XLS,10/08/2007,10/08/2007,P,,GD,GD,GD,GD,GD,GD,GD,GD,2.05,1.84,0.07,0.06,0.06,0.05,0.06,0.08,,,,Negative,No
WP_P46/1,006Y,09/05/2007,WP_P46_1.XLS,10/08/2007,10/08/2007,P,,GD,GD,GD,GD,GD,GD,GD,GD,3.04,3.08,0.16,0.16,0.08,0.05,0.07,0.07,,,,Negative,No
WP_P46/1,029W,09/05/2007,WP_P46_1.XLS,10/08/2007,10/08/2007,F,,GD,GD,GD,GD,GD,GD,GD,GD,0.82,0.53,0.06,0.06,0.06,0.05,0.06,0.07,,,LOW PWM,Negative,No
WP_P46/1,050G,09/05/2007,WP_P46_1.XLS,10/08/2007,10/08/2007,F,,GD,GD,GD,GD,GD,GD,GD,GD,0.38,0.28,0.06,0.05,0.05,0.05,0.06,0.07,,,LOW PWM,Negative,No
WP_P46/1,051B,09/05/2007,WP_P46_1.XLS,10/08/2007,10/08/2007,P,,GD,GD,GD,GD,GD,GD,GD,GD,1.28,1.05,0.06,0.06,0.16,0.15,0.06,0.06,,,,Positive,No
WP_P46/1,066B,09/05/2007,WP_P46_1.XLS,10/08/2007,10/08/2007,F,,GD,GD,GD,GD,GD,GD,GD,GD,0.82,0.61,0.06,0.05,0.07,0.05,0.06,0.07,,,LOW PWM,Negative,No
WP_P460/1,014M,06/06/2018,WP_P460_1.xlsx,27/06/2018,15/06/2018,P,,GD,GD,GD,GD,GD,GD,GD,GD,1.444,1.03,0.06,0.058,0.064,0.06,0.056,0.053,,,,Negative,No
WP_P460/1,015M,06/06/2018,WP_P460_1.xlsx,27/06/2018,15/06/2018,F,,GD,GD,GD,GD,GD,GD,GD,GD,0.063,0.058,0.067,0.067,0.059,0.057,0.061,0.067,,,LOW PWM,Negative,No
WP_P460/1,016M,06/06/2018,WP_P460_1.xlsx,27/06/2018,15/06/2018,P,,GD,GD,GD,GD,GD,GD,GD,GD,1.208,0.835,0.057,0.055,0.059,0.057,0.052,0.053,,,,Negative,No
WP_P460/1,016V,06/06/2018,WP_P460_1.xlsx,27/06/2018,15/06/2018,P,,GD,GD,GD,GD,GD,GD,GD,GD,1.236,0.882,0.063,0.058,0.06,0.061,0.052,0.057,,,,Negative,No
WP_P460/1,017M,06/06/2018,WP_P460_1.xlsx,27/06/2018,15/06/2018,P,,GD,GD,GD,GD,GD,GD,GD,GD,1.33,1.107,0.062,0.059,0.057,0.053,0.072,0.057,,,,Negative,No
WP_P460/1,027T,06/06/2018,WP_P460_1.xlsx,27/06/2018,15/06/2018,P,,GD,GD,GD,GD,GD,GD,GD,GD,1.61,1.228,0.058,0.059,0.079,0.073,0.053,0.055,,,,Negative,No
WP_P461/1,018M,26/06/2018,WP_P461_1.XLS,04/09/2018,04/09/2018,P,,GD,GD,GD,GD,GD,GD,GD,GD,2.032,1.976,0.059,0.062,0.062,0.066,0.066,0.069,,,,Negative,No
WP_P461/1,019M,26/06/2018,WP_P461_1.XLS,04/09/2018,04/09/2018,F,,GD,GD,GD,GD,GD,GD,GD,GD,1.055,0.869,0.058,0.056,0.058,0.061,0.079,0.064,,,LOW PWM,Negative,No
WP_P461/1,020M,26/06/2018,WP_P461_1.XLS,04/09/2018,04/09/2018,P,,GD,GD,GD,GD,GD,GD,GD,GD,2.054,2.089,0.055,0.057,0.06,0.062,0.063,0.07,,,,Negative,No
WP_P461/1,021M,26/06/2018,WP_P461_1.XLS,04/09/2018,04/09/2018,F,,GD,GD,GD,GD,GD,GD,GD,GD,0.94,0.607,0.054,0.055,0.056,0.057,0.058,0.059,,,LOW PWM,Negative,No
WP_P461/1,021T,26/06/2018,WP_P461_1.XLS,04/09/2018,04/09/2018,P,,GD,GD,GD,GD,GD,GD,GD,GD,1.418,0.681,0.062,0.066,0.061,0.065,0.07,0.07,,,,Negative,No
WP_P461/1,043A,26/06/2018,WP_P461_1.XLS,04/09/2018,04/09/2018,F,,GD,GD,GD,GD,GD,GD,GD,GD,0.563,0.411,0.061,0.056,0.065,0.064,0.378,0.419,NIL AVG HIGH,,,,No
WP_P461/1,045A,26/06/2018,WP_P461_1.XLS,04/09/2018,04/09/2018,P,,GD,GD,GD,GD,GD,GD,GD,GD,1.645,1.469,0.058,0.058,0.06,0.062,0.063,0.059,,,,Negative,No
WP_P461/1,046A,26/06/2018,WP_P461_1.XLS,04/09/2018,04/09/2018,F,,GD,GD,GD,GD,GD,GD,GD,GD,0.66,0.496,0.062,0.061,0.065,0.068,0.078,0.069,,,LOW PWM,Negative,No
WP_P461/2,043A,26/06/2018,WP_P461_2.XLS,05/09/2018,05/09/2018,F,,GD,GD,GD,GD,GD,GD,GD,GD,0.383,0.329,0.054,0.058,0.055,0.058,0.058,0.056,,,LOW PWM,Negative,No
WP_P462/1,003A,26/06/2018,WP_P462_1.XLS,04/09/2018,04/09/2018,P,,GD,GD,GD,GD,GD,GD,GD,GD,2.016,1.033,0.053,0.051,0.052,0.056,0.064,0.054,,,,Negative,No
WP_P462/1,020T,26/06/2018,WP_P462_1.XLS,04/09/2018,04/09/2018,F,,GD,GD,GD,GD,GD,GD,GD,GD,0.074,0.053,0.059,0.056,0.051,0.05,0.06,0.072,,,LOW PWM,Negative,No
WP_P462/1,022M,26/06/2018,WP_P462_1.XLS,04/09/2018,04/09/2018,P,,GD,GD,GD,GD,GD,GD,GD,GD,1.751,1.221,0.052,0.056,0.052,0.059,0.053,0.061,,,,Negative,No
WP_P462/1,023M,26/06/2018,WP_P462_1.XLS,04/09/2018,04/09/2018,P,,GD,GD,GD,GD,GD,GD,GD,GD,2.033,1.162,0.052,0.051,0.056,0.053,0.051,0.064,,,,Negative,No
WP_P462/1,025M,26/06/2018,WP_P462_1.XLS,04/09/2018,04/09/2018,P,,GD,GD,GD,GD,GD,GD,GD,GD,1.375,0.681,0.051,0.055,0.057,0.054,0.063,0.055,,,,Negative,No
WP_P462/1,026M,26/06/2018,WP_P462_1.XLS,04/09/2018,04/09/2018,F,,GD,GD,GD,GD,GD,GD,GD,GD,0.951,0.313,0.05,0.05,0.052,0.049,0.052,0.054,,,LOW PWM,Negative,No
WP_P462/1,027M,26/06/2018,WP_P462_1.XLS,04/09/2018,04/09/2018,P,,GD,GD,GD,GD,GD,GD,GD,GD,1.936,1.318,0.051,0.05,0.05,0.049,0.056,0.053,,,,Negative,No
WP_P462/1,028M,26/06/2018,WP_P462_1.XLS,04/09/2018,04/09/2018,P,,GD,GD,GD,GD,GD,GD,GD,GD,1.93,0.781,0.057,0.056,0.055,0.052,0.051,0.055,,,,Negative,No
WP_P463/1,002A,26/06/2018,WP_P463_1.XLS,04/09/2018,04/09/2018,P,,GD,GD,GD,GD,GD,GD,GD,GD,1.274,0.834,0.054,0.054,0.054,0.055,0.05,0.055,,,,Negative,No
WP_P463/1,017A,26/06/2018,WP_P463_1.XLS,04/09/2018,04/09/2018,F,,GD,GD,GD,GD,GD,GD,GD,GD,0.269,0.163,0.052,0.052,0.186,0.191,0.078,0.055,,,LOW PWM,Positive,No
WP_P463/1,028A,26/06/2018,WP_P463_1.XLS,04/09/2018,04/09/2018,F,,GD,GD,GD,GD,GD,GD,GD,GD,0.396,0.28,0.053,0.066,0.052,0.052,0.051,0.053,,,LOW PWM,Negative,No
WP_P463/1,029M,26/06/2018,WP_P463_1.XLS,04/09/2018,04/09/2018,F,,GD,GD,GD,GD,GD,GD,GD,GD,1.133,0.757,0.054,0.052,0.115,0.113,0.063,0.085,,,LOW PWM,Positive,No
WP_P463/1,030M,26/06/2018,WP_P463_1.XLS,04/09/2018,04/09/2018,F,,GD,GD,GD,GD,GD,GD,GD,GD,1.097,0.517,0.052,0.058,0.058,0.078,0.057,0.122,,,LOW PWM,Negative,No
WP_P463/1,030T,26/06/2018,WP_P463_1.XLS,04/09/2018,04/09/2018,F,,GD,GD,GD,GD,GD,GD,GD,GD,1.189,0.648,0.053,0.055,0.061,0.063,0.058,0.068,,,LOW PWM,Negative,No
WP_P463/1,031M,26/06/2018,WP_P463_1.XLS,04/09/2018,04/09/2018,P,,GD,GD,GD,GD,GD,GD,GD,GD,1.822,1.727,0.051,0.052,0.051,0.052,0.076,0.058,,,,Negative,No
WP_P463/1,042A,26/06/2018,WP_P463_1.XLS,04/09/2018,04/09/2018,F,,GD,GD,GD,GD,GD,GD,GD,GD,1.037,0.92,0.06,0.055,0.065,0.058,0.073,0.121,,,LOW PWM,Negative,No
WP_P464/1,019E,26/06/2018,WP_P464_1.XLS,04/09/2018,04/09/2018,F,,GD,GD,GD,GD,GD,GD,GD,GD,0.211,0.098,0.053,0.055,0.067,0.081,0.074,0.072,,,LOW PWM,Negative,No
WP_P464/1,032M,26/06/2018,WP_P464_1.XLS,04/09/2018,04/09/2018,P,,GD,GD,GD,GD,GD,GD,GD,GD,1.685,1.417,0.053,0.052,0.055,0.055,0.063,0.063,,,,Negative,No
WP_P464/1,033M,26/06/2018,WP_P464_1.XLS,04/09/2018,04/09/2018,P,,GD,GD,GD,GD,GD,GD,GD,GD,1.202,1.106,0.051,0.055,0.059,0.051,0.057,0.056,,,,Negative,No
WP_P464/1,034M,26/06/2018,WP_P464_1.XLS,04/09/2018,04/09/2018,F,,GD,GD,GD,GD,GD,GD,GD,GD,0.65,0.339,0.057,0.055,0.075,0.077,0.08,0.075,,,LOW PWM,Negative,No
WP_P464/1,035M,26/06/2018,WP_P464_1.XLS,04/09/2018,04/09/2018,F,,GD,GD,GD,GD,GD,GD,GD,GD,0.464,0.367,0.058,0.062,0.065,0.057,0.073,0.073,,,LOW PWM,Negative,No
WP_P465/1,010F,27/06/2018,WP_P465_1.XLS,04/09/2018,04/09/2018,F,,GD,GD,GD,GD,GD,GD,GD,GD,0.286,0.187,0.061,0.053,0.076,0.075,0.053,0.054,,,LOW PWM,Negative,No
WP_P465/1,019T,27/06/2018,WP_P465_1.XLS,04/09/2018,04/09/2018,F,,GD,GD,GD,GD,GD,GD,GD,GD,0.991,0.63,0.054,0.053,0.053,0.053,0.055,0.057,,,LOW PWM,Negative,No
WP_P465/1,021V,27/06/2018,WP_P465_1.XLS,04/09/2018,04/09/2018,F,,GD,GD,GD,GD,GD,GD,GD,GD,1.124,0.627,0.059,0.06,0.076,0.068,0.056,0.053,,,LOW PWM,Negative,No
WP_P465/1,023T,27/06/2018,WP_P465_1.XLS,04/09/2018,04/09/2018,P,,GD,GD,GD,GD,GD,GD,GD,GD,1.074,1.016,0.059,0.06,0.143,0.141,0.053,0.056,,,,Positive,No
WP_P465/1,029N,27/06/2018,WP_P465_1.XLS,04/09/2018,04/09/2018,F,,GD,GD,GD,GD,GD,GD,GD,GD,0.202,0.129,0.055,0.064,0.057,0.055,0.052,0.053,,,LOW PWM,Negative,No
WP_P465/1,036M,27/06/2018,WP_P465_1.XLS,04/09/2018,04/09/2018,F,,GD,GD,GD,GD,GD,GD,GD,GD,0.439,0.35,0.052,0.053,0.056,0.052,0.054,0.052,,,LOW PWM,Negative,No
WP_P465/1,037M,27/06/2018,WP_P465_1.XLS,04/09/2018,04/09/2018,F,,GD,GD,GD,GD,GD,GD,GD,GD,0.811,0.436,0.054,0.052,0.053,0.056,0.056,0.055,,,LOW PWM,Negative,No
WP_P466/1,016M,21/08/2018,WP_P466_1.XLS,04/09/2018,04/09/2018,F,,GD,GD,GD,GD,GD,GD,GD,GD,0.378,0.226,0.055,0.054,0.057,0.063,0.061,0.075,,,LOW PWM,Negative,No
WP_P466/1,027M,21/08/2018,WP_P466_1.XLS,04/09/2018,04/09/2018,P,,GD,GD,GD,GD,GD,GD,GD,GD,1.94,1.944,0.057,0.062,0.067,0.065,0.068,0.066,,,,Negative,No
WP_P466/1,028M,21/08/2018,WP_P466_1.XLS,04/09/2018,04/09/2018,F,,GD,GD,GD,GD,GD,GD,GD,GD,1.12,0.555,0.052,0.059,0.075,0.062,0.079,0.092,,,LOW PWM,Negative,No
WP_P466/1,046M,21/08/2018,WP_P466_1.XLS,04/09/2018,04/09/2018,P,,GD,GD,GD,GD,GD,GD,GD,GD,2.242,1.7,0.059,0.06,0.062,0.061,0.062,0.067,,,,Negative,No
WP_P467/1,011M,21/08/2018,WP_P467_1.XLS,05/09/2018,05/09/2018,P,,GD,GD,GD,GD,GD,GD,GD,GD,2.17,1.744,0.048,0.048,0.046,0.046,0.047,0.049,,,,Negative,No
WP_P467/1,027T,21/08/2018,WP_P467_1.XLS,05/09/2018,05/09/2018,F,,GD,GD,GD,GD,GD,GD,GD,GD,1.173,0.565,0.049,0.049,0.048,0.047,0.049,0.051,,,LOW PWM,Negative,No
WP_P467/1,029M,21/08/2018,WP_P467_1.XLS,05/09/2018,05/09/2018,F,,GD,GD,GD,GD,GD,GD,GD,GD,0.874,0.364,0.051,0.049,0.193,0.181,0.049,0.051,,,LOW PWM,Positive,No
WP_P467/1,038M,21/08/2018,WP_P467_1.XLS,05/09/2018,05/09/2018,P,,GD,GD,GD,GD,GD,GD,GD,GD,2.044,1.401,0.056,0.057,0.171,0.17,0.048,0.05,,,,Positive,No
WP_P467/1,039M,21/08/2018,WP_P467_1.XLS,05/09/2018,05/09/2018,F,,GD,GD,GD,GD,GD,GD,GD,GD,1.268,0.47,0.049,0.055,0.048,0.047,0.054,0.05,,,LOW PWM,Negative,No
WP_P467/1,040M,21/08/2018,WP_P467_1.XLS,05/09/2018,05/09/2018,F,,GD,GD,GD,GD,GD,GD,GD,GD,1.221,0.773,0.048,0.048,0.047,0.046,0.048,0.05,,,LOW PWM,Negative,No
WP_P467/1,041M,21/08/2018,WP_P467_1.XLS,05/09/2018,05/09/2018,F,,GD,GD,GD,GD,GD,GD,GD,GD,1.007,0.421,0.049,0.048,0.055,0.055,0.049,0.05,,,LOW PWM,Negative,No
WP_P468/1,002V,21/08/2018,WP_P468_1.XLS,05/09/2018,05/09/2018,F,,GD,GD,GD,GD,GD,GD,GD,GD,0.627,0.553,0.052,0.051,0.054,0.051,0.05,0.055,,,LOW PWM,Negative,No
WP_P468/1,015C,21/08/2018,WP_P468_1.XLS,05/09/2018,05/09/2018,F,,GD,GD,GD,GD,GD,GD,GD,GD,0.882,0.638,0.054,0.056,0.058,0.054,0.053,0.058,,,LOW PWM,Negative,No
WP_P468/1,015M,21/08/2018,WP_P468_1.XLS,05/09/2018,05/09/2018,F,,GD,GD,GD,GD,GD,GD,GD,GD,1.058,0.646,0.05,0.05,0.048,0.052,0.05,0.059,,,LOW PWM,Negative,No
WP_P468/1,017M,21/08/2018,WP_P468_1.XLS,05/09/2018,05/09/2018,P,,GD,GD,GD,GD,GD,GD,GD,GD,1.898,1.875,0.051,0.049,0.049,0.049,0.052,0.06,,,,Negative,No
WP_P468/1,019A,21/08/2018,WP_P468_1.XLS,05/09/2018,05/09/2018,F,,GD,GD,GD,GD,GD,GD,GD,GD,0.382,0.254,0.053,0.05,0.053,0.05,0.05,0.056,,,LOW PWM,Negative,No
WP_P468/1,042M,21/08/2018,WP_P468_1.XLS,05/09/2018,05/09/2018,P,,GD,GD,GD,GD,GD,GD,GD,GD,1.231,0.886,0.052,0.049,0.048,0.047,0.052,0.06,,,,Negative,No
WP_P468/1,043V,21/08/2018,WP_P468_1.XLS,05/09/2018,05/09/2018,F,,GD,GD,GD,GD,GD,GD,GD,GD,0.191,0.139,0.051,0.053,0.051,0.054,0.055,0.057,,,LOW PWM,Negative,No
WP_P469/1,004C,21/08/2018,WP_P469_1.XLS,05/09/2018,05/09/2018,F,,GD,GD,GD,GD,GD,GD,GD,GD,0.194,0.14,0.058,0.06,0.064,0.056,0.056,0.059,,,LOW PWM,Negative,No
WP_P469/1,006C,21/08/2018,WP_P469_1.XLS,05/09/2018,05/09/2018,F,,GD,GD,GD,GD,GD,GD,GD,GD,0.904,0.77,0.051,0.05,0.059,0.055,0.059,0.053,,,LOW PWM,Negative,No
WP_P469/1,020T,21/08/2018,WP_P469_1.XLS,05/09/2018,05/09/2018,F,,GD,GD,GD,GD,GD,GD,GD,GD,0.424,0.253,0.053,0.051,0.052,0.051,0.057,0.069,,,LOW PWM,Negative,No
WP_P469/1,021M,21/08/2018,WP_P469_1.XLS,05/09/2018,05/09/2018,F,,GD,GD,GD,GD,GD,GD,GD,GD,1.118,0.796,0.052,0.051,0.051,0.051,0.054,0.068,,,LOW PWM,Negative,No
WP_P469/1,021T,21/08/2018,WP_P469_1.XLS,05/09/2018,05/09/2018,F,,GD,GD,GD,GD,GD,GD,GD,GD,0.646,0.492,0.052,0.055,0.055,0.063,0.054,0.054,,,LOW PWM,Negative,No
WP_P469/1,030M,21/08/2018,WP_P469_1.XLS,05/09/2018,05/09/2018,P,,GD,GD,GD,GD,GD,GD,GD,GD,1.38,1.021,0.052,0.052,0.052,0.054,0.053,0.059,,,,Negative,No
WP_P469/1,032T,21/08/2018,WP_P469_1.XLS,05/09/2018,05/09/2018,P,,GD,GD,GD,GD,GD,GD,GD,GD,1.854,1.737,0.052,0.051,0.052,0.053,0.057,0.059,,,,Negative,No
WP_P47/1,002Y,22/05/2007,WP_P47_1.XLS,14/08/2007,14/08/2007,P,,GD,GD,GD,GD,GD,GD,GD,GD,2.47,2.29,0.07,0.07,0.07,0.07,0.07,0.09,,,,Negative,No
WP_P47/1,008Y,22/05/2007,WP_P47_1.XLS,14/08/2007,14/08/2007,P,,GD,GD,GD,GD,GD,GD,GD,GD,3.23,3.05,0.06,0.06,0.06,0.05,0.05,0.07,,,,Negative,No
WP_P47/1,009Y,22/05/2007,WP_P47_1.XLS,14/08/2007,14/08/2007,P,,GD,GD,GD,GD,GD,GD,GD,GD,2.25,1.91,0.07,0.05,0.06,0.06,0.05,0.08,,,,Negative,No
WP_P47/1,010Y,22/05/2007,WP_P47_1.XLS,14/08/2007,14/08/2007,P,,GD,GD,GD,GD,GD,GD,GD,GD,2.72,2.33,0.05,0.05,0.06,0.06,0.05,0.09,,,,Negative,No
WP_P47/1,011Y,22/05/2007,WP_P47_1.XLS,14/08/2007,14/08/2007,P,,GD,GD,GD,GD,GD,GD,GD,GD,2.83,3.1,0.06,0.06,0.11,0.05,0.06,0.08,B OUTLIER,,,,No
WP_P47/1,012Y,22/05/2007,WP_P47_1.XLS,14/08/2007,14/08/2007,P,,GD,GD,GD,GD,GD,GD,GD,GD,2.01,1.83,0.06,0.06,0.06,0.06,0.07,0.08,,,,Negative,No
WP_P47/1,013Y,22/05/2007,WP_P47_1.XLS,14/08/2007,14/08/2007,P,,GD,GD,GD,GD,GD,GD,GD,GD,1.89,1.75,0.06,0.05,0.84,0.72,0.08,0.09,,,,Positive,No
WP_P47/1,014Y,22/05/2007,WP_P47_1.XLS,14/08/2007,14/08/2007,P,,GD,GD,GD,GD,GD,GD,GD,GD,2.91,2.9,0.07,0.11,0.11,0.11,0.11,0.09,,,,Negative,No
WP_P47/2,011Y,22/05/2007,WP_P47_2.XLS,19/10/2007,18/10/2007,P,,GD,GD,GD,GD,GD,GD,GD,GD,2.85,2.99,0.21,0.21,0.17,0.18,0.27,0.32,NIL AVG HIGH,,,,No
WP_P470/1,018M,21/08/2018,WP_P470_1.XLS,05/09/2018,05/09/2018,P,,GD,GD,GD,GD,GD,GD,GD,GD,1.497,1.238,0.053,0.053,0.053,0.055,0.056,0.057,,,,Negative,No
WP_P470/1,019M,21/08/2018,WP_P470_1.XLS,05/09/2018,05/09/2018,F,,GD,GD,GD,GD,GD,GD,GD,GD,0.87,0.785,0.054,0.052,0.055,0.065,0.053,0.055,,,LOW PWM,Negative,No
WP_P470/1,023M,21/08/2018,WP_P470_1.XLS,05/09/2018,05/09/2018,F,,GD,GD,GD,GD,GD,GD,GD,GD,0.656,0.476,0.052,0.053,0.053,0.055,0.056,0.055,,,LOW PWM,Negative,No
WP_P470/1,034M,21/08/2018,WP_P470_1.XLS,05/09/2018,05/09/2018,F,,GD,GD,GD,GD,GD,GD,GD,GD,1.067,0.833,0.051,0.052,0.054,0.051,0.053,0.053,,,LOW PWM,Negative,No
WP_P470/1,036M,21/08/2018,WP_P470_1.XLS,05/09/2018,05/09/2018,F,,GD,GD,GD,GD,GD,GD,GD,GD,0.839,0.449,0.054,0.051,0.053,0.052,0.057,0.057,,,LOW PWM,Negative,No
WP_P470/1,043A,21/08/2018,WP_P470_1.XLS,05/09/2018,05/09/2018,F,,GD,GD,GD,GD,GD,GD,GD,GD,0.469,0.381,0.057,0.054,0.055,0.055,0.05,0.052,,,LOW PWM,Negative,No
WP_P470/1,044M,21/08/2018,WP_P470_1.XLS,05/09/2018,05/09/2018,F,,GD,GD,GD,GD,GD,GD,GD,GD,0.989,0.612,0.053,0.053,0.056,0.053,0.057,0.054,,,LOW PWM,Negative,No
WP_P470/1,045M,21/08/2018,WP_P470_1.XLS,05/09/2018,05/09/2018,P,,GD,GD,GD,GD,GD,GD,GD,GD,1.514,1.261,0.058,0.052,0.055,0.052,0.055,0.053,,,,Negative,No
WP_P471/1,005C,22/08/2018,WP_P471_1.XLS,05/09/2018,05/09/2018,F,,GD,GD,GD,GD,GD,GD,GD,GD,0.432,0.512,0.054,0.055,0.056,0.056,0.062,0.065,,,LOW PWM,Negative,No
WP_P471/1,017A,22/08/2018,WP_P471_1.XLS,05/09/2018,05/09/2018,F,,GD,GD,GD,GD,GD,GD,GD,GD,0.268,0.221,0.059,0.056,0.385,0.42,0.057,0.058,,,LOW PWM,Positive,No
WP_P471/1,023T,22/08/2018,WP_P471_1.XLS,05/09/2018,05/09/2018,F,,GD,GD,GD,GD,GD,GD,GD,GD,0.755,0.639,0.059,0.057,0.062,0.063,0.055,0.059,,,LOW PWM,Negative,No
WP_P471/1,036E,22/08/2018,WP_P471_1.XLS,05/09/2018,05/09/2018,F,,GD,GD,GD,GD,GD,GD,GD,GD,0.211,0.16,0.057,0.053,0.055,0.059,0.059,0.062,,,LOW PWM,Negative,No
WP_P471/1,045A,22/08/2018,WP_P471_1.XLS,05/09/2018,05/09/2018,F,,GD,GD,GD,GD,GD,GD,GD,GD,0.52,0.387,0.056,0.056,0.051,0.052,0.055,0.056,,,LOW PWM,Negative,No
WP_P471/1,047M,22/08/2018,WP_P471_1.XLS,05/09/2018,05/09/2018,P,,GD,GD,GD,GD,GD,GD,GD,GD,1.498,1.024,0.053,0.055,0.054,0.055,0.056,0.066,,,,Negative,No
WP_P471/1,048M,22/08/2018,WP_P471_1.XLS,05/09/2018,05/09/2018,P,,GD,GD,GD,GD,GD,GD,GD,GD,1.382,0.913,0.055,0.055,0.053,0.059,0.066,0.068,,,,Negative,No
WP_P471/1,055A,22/08/2018,WP_P471_1.XLS,05/09/2018,05/09/2018,F,,GD,GD,GD,GD,GD,GD,GD,GD,0.578,0.49,0.056,0.055,0.705,0.717,0.059,0.062,,,LOW PWM,Positive,No
WP_P472/1,002V,04/09/2018,WP_P472_1.XLS,03/10/2018,03/10/2018,F,,GD,GD,GD,GD,GD,GD,GD,GD,0.484,0.5,0.051,0.054,0.053,0.052,0.055,0.06,,,LOW PWM,Negative,No
WP_P472/1,005T,04/09/2018,WP_P472_1.XLS,03/10/2018,03/10/2018,F,,GD,GD,GD,GD,GD,GD,GD,GD,0.681,0.384,0.049,0.049,0.049,0.05,0.049,0.052,,,LOW PWM,Negative,No
WP_P472/1,006T,04/09/2018,WP_P472_1.XLS,03/10/2018,03/10/2018,F,,GD,GD,GD,GD,GD,GD,GD,GD,0.866,0.371,0.056,0.054,0.054,0.053,0.055,0.072,,,LOW PWM,Negative,No
WP_P472/1,026C,04/09/2018,WP_P472_1.XLS,03/10/2018,03/10/2018,F,,GD,GD,GD,GD,GD,GD,GD,GD,0.924,0.644,0.057,0.052,0.105,0.099,0.05,0.056,,,LOW PWM,Positive,No
WP_P472/1,033T,04/09/2018,WP_P472_1.XLS,03/10/2018,03/10/2018,F,,GD,GD,GD,GD,GD,GD,GD,GD,1.233,0.663,0.05,0.049,0.085,0.081,0.051,0.051,,,LOW PWM,Negative,No
WP_P472/1,039V,04/09/2018,WP_P472_1.XLS,03/10/2018,03/10/2018,F,,GD,GD,GD,GD,GD,GD,GD,GD,0.218,0.203,0.051,0.052,0.189,0.192,0.051,0.049,,,LOW PWM,Positive,No
WP_P472/1,048V,04/09/2018,WP_P472_1.XLS,03/10/2018,03/10/2018,F,,GD,GD,GD,GD,GD,GD,GD,GD,0.489,0.308,0.05,0.047,0.053,0.052,0.047,0.05,,,LOW PWM,Negative,No
WP_P472/1,049V,04/09/2018,WP_P472_1.XLS,03/10/2018,03/10/2018,F,,GD,GD,GD,GD,GD,GD,GD,GD,0.795,0.656,0.05,0.049,0.049,0.056,0.05,0.053,,,LOW PWM,Negative,No
WP_P473/1,021C,04/09/2018,WP_P473_1.XLS,03/10/2018,03/10/2018,P,,GD,GD,GD,GD,GD,GD,GD,GD,2.002,1.702,0.063,0.071,0.176,0.205,0.059,0.092,,,,Positive,No
WP_P473/1,021T,04/09/2018,WP_P473_1.XLS,03/10/2018,03/10/2018,F,,GD,GD,GD,GD,GD,GD,GD,GD,0.945,0.617,0.052,0.052,0.053,0.059,0.062,0.056,,,LOW PWM,Negative,No
WP_P473/1,024T,04/09/2018,WP_P473_1.XLS,03/10/2018,03/10/2018,F,,GD,GD,GD,GD,GD,GD,GD,GD,1.2,0.78,0.052,0.054,0.05,0.051,0.062,0.166,,,LOW PWM,Negative,No
WP_P473/1,032T,04/09/2018,WP_P473_1.XLS,03/10/2018,03/10/2018,P,,GD,GD,GD,GD,GD,GD,GD,GD,1.779,1.505,0.052,0.087,0.051,0.054,0.061,0.076,,,,Negative,No
WP_P473/1,048A,04/09/2018,WP_P473_1.XLS,03/10/2018,03/10/2018,F,,GD,GD,GD,GD,GD,GD,GD,GD,1.088,0.549,0.05,0.05,0.053,0.053,0.063,0.068,,,LOW PWM,Negative,No
WP_P473/1,049M,04/09/2018,WP_P473_1.XLS,03/10/2018,03/10/2018,F,,GD,GD,GD,GD,GD,GD,GD,GD,0.993,0.528,0.049,0.048,0.049,0.05,0.065,0.061,,,LOW PWM,Negative,No
WP_P473/1,050M,04/09/2018,WP_P473_1.XLS,03/10/2018,03/10/2018,P,,GD,GD,GD,GD,GD,GD,GD,GD,1.647,1.099,0.049,0.049,0.05,0.049,0.054,0.067,,,,Negative,No
WP_P473/1,051M,04/09/2018,WP_P473_1.XLS,03/10/2018,03/10/2018,P,,GD,GD,GD,GD,GD,GD,GD,GD,1.307,0.807,0.051,0.049,0.049,0.049,0.065,0.075,,,,Negative,No
WP_P474/1,008M,04/09/2018,WP_P474_1.XLS,03/10/2018,03/10/2018,P,,GD,GD,GD,GD,GD,GD,GD,GD,1.495,0.959,0.052,0.051,0.05,0.072,0.062,0.115,,,,Negative,No
WP_P474/1,016C,04/09/2018,WP_P474_1.XLS,03/10/2018,03/10/2018,F,,GD,GD,GD,GD,GD,GD,GD,GD,0.606,0.505,0.085,0.148,0.071,0.075,0.059,0.087,,,LOW PWM,Negative,No
WP_P474/1,016V,04/09/2018,WP_P474_1.XLS,03/10/2018,03/10/2018,P,,GD,GD,GD,GD,GD,GD,GD,GD,1.44,0.837,0.055,0.052,0.085,0.084,0.068,0.077,,,,Negative,No
WP_P474/1,020C,04/09/2018,WP_P474_1.XLS,03/10/2018,03/10/2018,F,,GD,GD,GD,GD,GD,GD,GD,GD,0.854,0.607,0.053,0.053,0.053,0.054,0.056,0.063,,,LOW PWM,Negative,No
WP_P474/1,024M,04/09/2018,WP_P474_1.XLS,03/10/2018,03/10/2018,P,,GD,GD,GD,GD,GD,GD,GD,GD,1.545,0.963,0.051,0.052,0.051,0.052,0.055,0.08,,,,Negative,No
WP_P474/1,026T,04/09/2018,WP_P474_1.XLS,03/10/2018,03/10/2018,P,,GD,GD,GD,GD,GD,GD,GD,GD,1.315,0.868,0.063,0.051,0.05,0.051,0.067,0.086,,,,Negative,No
WP_P474/1,052M,04/09/2018,WP_P474_1.XLS,03/10/2018,03/10/2018,P,,GD,GD,GD,GD,GD,GD,GD,GD,1.946,1.916,0.055,0.05,0.05,0.052,0.064,0.06,,,,Negative,No
WP_P474/1,053M,04/09/2018,WP_P474_1.XLS,03/10/2018,03/10/2018,P,,GD,GD,GD,GD,GD,GD,GD,GD,2.037,2.169,0.051,0.05,0.05,0.052,0.058,0.123,,,,Negative,No
WP_P475/1,007M,04/09/2018,WP_P475_1.XLS,03/10/2018,03/10/2018,F,,GD,GD,GD,GD,GD,GD,GD,GD,1.156,0.565,0.052,0.054,0.054,0.053,0.058,0.065,,,LOW PWM,Negative,No
WP_P475/1,009M,04/09/2018,WP_P475_1.XLS,03/10/2018,03/10/2018,F,,GD,GD,GD,GD,GD,GD,GD,GD,1.214,0.566,0.052,0.052,0.079,0.077,0.06,0.069,,,LOW PWM,Negative,No
WP_P475/1,012M,04/09/2018,WP_P475_1.XLS,03/10/2018,03/10/2018,P,,GD,GD,GD,GD,GD,GD,GD,GD,1.457,1.014,0.059,0.058,0.083,0.083,0.066,0.082,,,,Negative,No
WP_P475/1,013M,04/09/2018,WP_P475_1.XLS,03/10/2018,03/10/2018,F,,GD,GD,GD,GD,GD,GD,GD,GD,0.894,0.589,0.056,0.053,0.055,0.057,0.056,0.062,,,LOW PWM,Negative,No
WP_P475/1,014M,04/09/2018,WP_P475_1.XLS,03/10/2018,03/10/2018,P,,GD,GD,GD,GD,GD,GD,GD,GD,1.195,0.925,0.088,0.06,0.16,0.205,0.06,0.073,,,,Positive,No
WP_P475/1,015T,04/09/2018,WP_P475_1.XLS,03/10/2018,03/10/2018,P,,GD,GD,GD,GD,GD,GD,GD,GD,1.283,1.134,0.065,0.064,0.079,0.075,0.069,0.069,,,,Negative,No
WP_P475/1,015V,04/09/2018,WP_P475_1.XLS,03/10/2018,03/10/2018,F,,GD,GD,GD,GD,GD,GD,GD,GD,0.132,0.103,0.179,0.181,0.202,0.171,0.063,0.063,,,LOW PWM,Negative,No
WP_P475/1,054M,04/09/2018,WP_P475_1.XLS,03/10/2018,03/10/2018,P,,GD,GD,GD,GD,GD,GD,GD,GD,1.385,0.908,0.054,0.052,0.052,0.05,0.058,0.067,,,,Negative,No
WP_P476/1,006M,04/09/2018,WP_P476_1.XLS,03/10/2018,03/10/2018,P,,GD,GD,GD,GD,GD,GD,GD,GD,2.232,1.495,0.057,0.08,0.347,0.346,0.069,0.075,,,,Positive,No
WP_P476/1,046M,05/09/2018,WP_P476_1.XLS,03/10/2018,03/10/2018,P,,GD,GD,GD,GD,GD,GD,GD,GD,1.381,0.876,0.053,0.056,0.06,0.056,0.063,0.065,,,,Negative,No
WP_P477/1,042M,26/09/2018,WP_P477_1.XLS,14/11/2018,13/11/2018,F,,GD,GD,GD,GD,GD,GD,GD,GD,1.084,0.854,0.052,0.051,0.05,0.05,0.055,0.052,,,LOW PWM,Negative,No
WP_P478/1,006M,25/09/2018,WP_P478_1.XLS,15/11/2018,14/11/2018,P,,GD,GD,GD,GD,GD,GD,GD,GD,2.534,1.129,0.05,0.077,0.163,0.149,0.051,0.063,,,,Positive,No
WP_P478/1,007M,25/09/2018,WP_P478_1.XLS,15/11/2018,14/11/2018,F,,GD,GD,GD,GD,GD,GD,GD,GD,0.797,0.539,0.051,0.054,0.049,0.049,0.073,0.052,,,LOW PWM,Negative,No
WP_P478/1,012M,25/09/2018,WP_P478_1.XLS,15/11/2018,14/11/2018,P,,GD,GD,GD,GD,GD,GD,GD,GD,1.479,0.913,0.055,0.051,0.068,0.063,0.051,0.054,,,,Negative,No
WP_P478/1,013M,25/09/2018,WP_P478_1.XLS,15/11/2018,14/11/2018,P,,GD,GD,GD,GD,GD,GD,GD,GD,1.319,1.051,0.054,0.054,0.077,0.072,0.056,0.065,,,,Negative,No
WP_P478/1,014M,25/09/2018,WP_P478_1.XLS,15/11/2018,14/11/2018,P,,GD,GD,GD,GD,GD,GD,GD,GD,1.911,0.917,0.053,0.052,0.1,0.096,0.067,0.097,,,,Positive,No
WP_P478/1,015V,25/09/2018,WP_P478_1.XLS,15/11/2018,14/11/2018,F,,GD,GD,GD,GD,GD,GD,GD,GD,0.544,0.339,0.357,0.319,0.607,0.573,0.049,0.053,,,LOW PWM,Positive,No
WP_P478/1,020C,25/09/2018,WP_P478_1.XLS,15/11/2018,14/11/2018,F,,GD,GD,GD,GD,GD,GD,GD,GD,0.374,0.282,0.053,0.053,0.052,0.055,0.05,0.05,,,LOW PWM,Negative,No
WP_P478/1,054M,25/09/2018,WP_P478_1.XLS,15/11/2018,14/11/2018,F,,GD,GD,GD,GD,GD,GD,GD,GD,1.124,0.688,0.051,0.049,0.049,0.065,0.051,0.058,,,LOW PWM,Negative,No
WP_P479/1,008M,25/09/2018,WP_P479_1.XLS,15/11/2018,14/11/2018,P,,GD,GD,GD,GD,GD,GD,GD,GD,1.27,0.984,0.051,0.051,0.054,0.051,0.05,0.065,,,,Negative,No
WP_P479/1,009M,25/09/2018,WP_P479_1.XLS,15/11/2018,14/11/2018,F,,GD,GD,GD,GD,GD,GD,GD,GD,0.983,0.801,0.055,0.055,0.285,0.26,0.052,0.051,,,LOW PWM,Positive,No
WP_P479/1,015C,25/09/2018,WP_P479_1.XLS,15/11/2018,14/11/2018,F,,GD,GD,GD,GD,GD,GD,GD,GD,1.036,0.615,0.052,0.052,0.051,0.05,0.056,0.062,,,LOW PWM,Negative,No
WP_P479/1,015M,25/09/2018,WP_P479_1.XLS,15/11/2018,14/11/2018,F,,GD,GD,GD,GD,GD,GD,GD,GD,1.082,0.713,0.058,0.05,0.051,0.051,0.056,0.054,,,LOW PWM,Negative,No
WP_P479/1,016M,25/09/2018,WP_P479_1.XLS,15/11/2018,14/11/2018,F,,GD,GD,GD,GD,GD,GD,GD,GD,0.522,0.311,0.056,0.053,0.052,0.049,0.056,0.053,,,LOW PWM,Negative,No
WP_P479/1,016V,25/09/2018,WP_P479_1.XLS,15/11/2018,14/11/2018,F,,GD,GD,GD,GD,GD,GD,GD,GD,0.949,0.475,0.054,0.053,0.085,0.084,0.054,0.055,,,LOW PWM,Negative,No
WP_P479/1,017M,25/09/2018,WP_P479_1.XLS,15/11/2018,14/11/2018,P,,GD,GD,GD,GD,GD,GD,GD,GD,2.4,2.198,0.058,0.056,0.054,0.052,0.053,0.069,,,,Negative,No
WP_P479/1,043M,25/09/2018,WP_P479_1.XLS,15/11/2018,14/11/2018,P,,GD,GD,GD,GD,GD,GD,GD,GD,1.383,0.907,0.053,0.053,0.055,0.051,0.052,0.066,,,,Negative,No
WP_P48/1,012B,22/05/2007,WP_P48_1.XLS,14/08/2007,14/08/2007,P,,GD,GD,GD,GD,GD,GD,GD,GD,2.92,2.96,0.09,0.08,0.08,0.07,0.08,0.09,,,,Negative,No
WP_P48/1,015Y,22/05/2007,WP_P48_1.XLS,14/08/2007,14/08/2007,P,,GD,GD,GD,GD,GD,GD,GD,GD,1.6,1.43,0.06,0.06,0.23,0.2,0.06,0.07,,,,Positive,No
WP_P48/1,016Y,22/05/2007,WP_P48_1.XLS,14/08/2007,14/08/2007,P,,GD,GD,GD,GD,GD,GD,GD,GD,2,1.75,0.05,0.05,0.05,0.05,0.05,0.06,,,,Negative,No
WP_P48/1,044R,22/05/2007,WP_P48_1.XLS,14/08/2007,14/08/2007,P,,GD,GD,GD,GD,GD,GD,GD,GD,1.32,1.07,0.06,0.06,0.73,0.76,0.06,0.08,,,,Positive,No
WP_P48/1,054B,22/05/2007,WP_P48_1.XLS,14/08/2007,14/08/2007,P,,GD,GD,GD,GD,GD,GD,GD,GD,2.48,2.29,0.06,0.06,0.1,0.1,0.06,0.07,,,,Negative,No
WP_P48/1,I019,22/05/2007,WP_P48_1.XLS,14/08/2007,14/08/2007,P,,GD,GD,GD,GD,GD,GD,GD,GD,2.29,2.2,0.1,0.09,0.12,0.12,0.05,0.06,,,,Negative,No
WP_P48/1,U057,22/05/2007,WP_P48_1.XLS,14/08/2007,14/08/2007,P,,GD,GD,GD,GD,GD,GD,GD,GD,1.38,1.24,0.05,0.06,0.18,0.5,0.06,0.07,,,,Positive,No
WP_P48/1,U068,22/05/2007,WP_P48_1.XLS,14/08/2007,14/08/2007,P,,GD,GD,GD,GD,GD,GD,GD,GD,1.56,1.44,0.06,0.05,0.06,0.06,0.06,0.08,,,,Negative,No
WP_P480/1,019M,16/10/2018,WP_P480_1.XLS,15/11/2018,14/11/2018,P,,GD,GD,GD,GD,GD,GD,GD,GD,1.32,0.764,0.05,0.05,0.05,0.051,0.05,0.051,,,,Negative,No
WP_P480/1,023M,16/10/2018,WP_P480_1.XLS,15/11/2018,14/11/2018,P,,GD,GD,GD,GD,GD,GD,GD,GD,2.742,2.464,0.051,0.05,0.05,0.05,0.05,0.052,,,,Negative,No
WP_P480/1,025M,16/10/2018,WP_P480_1.XLS,15/11/2018,14/11/2018,F,,GD,GD,GD,GD,GD,GD,GD,GD,1.07,0.646,0.05,0.05,0.05,0.053,0.054,0.056,,,LOW PWM,Negative,No
WP_P480/1,026M,16/10/2018,WP_P480_1.XLS,15/11/2018,14/11/2018,P,,GD,GD,GD,GD,GD,GD,GD,GD,2.406,1.924,0.055,0.056,0.052,0.052,0.056,0.056,,,,Negative,No
WP_P480/1,027M,16/10/2018,WP_P480_1.XLS,15/11/2018,14/11/2018,P,,GD,GD,GD,GD,GD,GD,GD,GD,2.74,2.109,0.056,0.05,0.05,0.051,0.05,0.057,,,,Negative,No
WP_P480/1,034M,16/10/2018,WP_P480_1.XLS,15/11/2018,14/11/2018,P,,GD,GD,GD,GD,GD,GD,GD,GD,1.248,0.806,0.05,0.05,0.049,0.051,0.051,0.051,,,,Negative,No
WP_P480/1,046M,16/10/2018,WP_P480_1.XLS,15/11/2018,14/11/2018,P,,GD,GD,GD,GD,GD,GD,GD,GD,2.397,1.761,0.05,0.049,0.051,0.052,0.051,0.053,,,,Negative,No
WP_P480/1,056M,16/10/2018,WP_P480_1.XLS,15/11/2018,14/11/2018,P,,GD,GD,GD,GD,GD,GD,GD,GD,2.202,1.492,0.053,0.05,0.051,0.05,0.051,0.054,,,,Negative,No
WP_P481/1,002V,31/10/2018,WP_P481_1.XLS,15/11/2018,14/11/2018,P,,GD,GD,GD,GD,GD,GD,GD,GD,1.509,0.966,0.053,0.054,0.054,0.053,0.052,0.054,,,,Negative,No
WP_P481/1,027T,25/09/2018,WP_P481_1.XLS,15/11/2018,14/11/2018,P,,GD,GD,GD,GD,GD,GD,GD,GD,2.193,1.949,0.054,0.054,0.054,0.054,0.053,0.073,,,,Negative,No
WP_P481/1,028M,16/10/2018,WP_P481_1.XLS,15/11/2018,14/11/2018,P,,GD,GD,GD,GD,GD,GD,GD,GD,1.234,1.368,0.054,0.056,0.053,0.053,0.053,0.057,,,,Negative,No
WP_P481/1,030M,16/10/2018,WP_P481_1.XLS,15/11/2018,14/11/2018,P,,GD,GD,GD,GD,GD,GD,GD,GD,2.277,2.417,0.056,0.052,0.055,0.048,0.055,0.06,,,,Negative,No
WP_P481/1,032T,31/10/2018,WP_P481_1.XLS,15/11/2018,14/11/2018,P,,GD,GD,GD,GD,GD,GD,GD,GD,2.098,1.559,0.052,0.053,0.053,0.054,0.053,0.062,,,,Negative,No
WP_P481/1,043V,25/09/2018,WP_P481_1.XLS,15/11/2018,14/11/2018,F,,GD,GD,GD,GD,GD,GD,GD,GD,0.669,0.457,0.052,0.053,0.056,0.056,0.054,0.055,,,LOW PWM,Negative,No
WP_P481/1,052M,31/10/2018,WP_P481_1.XLS,15/11/2018,14/11/2018,P,,GD,GD,GD,GD,GD,GD,GD,GD,2.197,1.612,0.052,0.053,0.053,0.055,0.055,0.063,,,,Negative,No
WP_P481/1,057M,16/10/2018,WP_P481_1.XLS,15/11/2018,14/11/2018,P,,GD,GD,GD,GD,GD,GD,GD,GD,2.719,2.949,0.06,0.059,0.058,0.059,0.058,0.063,,,,Negative,No
WP_P482/1,005T,30/10/2018,WP_P482_1.XLS,15/11/2018,14/11/2018,F,,GD,GD,GD,GD,GD,GD,GD,GD,0.729,0.687,0.056,0.054,0.057,0.056,0.054,0.054,,,LOW PWM,Negative,No
WP_P482/1,020T,30/10/2018,WP_P482_1.XLS,15/11/2018,14/11/2018,F,,GD,GD,GD,GD,GD,GD,GD,GD,0.709,0.498,0.052,0.052,0.057,0.054,0.051,0.054,,,LOW PWM,Negative,No
WP_P482/1,026C,30/10/2018,WP_P482_1.XLS,15/11/2018,14/11/2018,F,,GD,GD,GD,GD,GD,GD,GD,GD,0.626,0.544,0.051,0.052,0.3,0.278,0.051,0.052,,,LOW PWM,Positive,No
WP_P482/1,026T,30/10/2018,WP_P482_1.XLS,15/11/2018,14/11/2018,F,,GD,GD,GD,GD,GD,GD,GD,GD,0.901,0.671,0.052,0.051,0.054,0.053,0.056,0.061,,,LOW PWM,Negative,No
WP_P482/1,050M,30/10/2018,WP_P482_1.XLS,15/11/2018,14/11/2018,P,,GD,GD,GD,GD,GD,GD,GD,GD,1.285,0.896,0.06,0.052,0.052,0.052,0.052,0.057,,,,Negative,No
WP_P482/1,051M,30/10/2018,WP_P482_1.XLS,15/11/2018,14/11/2018,F,,GD,GD,GD,GD,GD,GD,GD,GD,0.762,0.365,0.054,0.052,0.054,0.052,0.052,0.055,,,LOW PWM,Negative,No
WP_P482/1,053M,30/10/2018,WP_P482_1.XLS,15/11/2018,14/11/2018,P,,GD,GD,GD,GD,GD,GD,GD,GD,2.449,2.347,0.074,0.07,0.074,0.071,0.1,0.137,,,,Negative,No
WP_P482/1,058M,30/10/2018,WP_P482_1.XLS,15/11/2018,14/11/2018,F,,GD,GD,GD,GD,GD,GD,GD,GD,0.526,0.422,0.061,0.056,0.056,0.052,0.051,0.052,,,LOW PWM,Negative,No
WP_P483/1,020M,30/10/2018,WP_P483_1.XLS,15/11/2018,14/11/2018,P,,GD,GD,GD,GD,GD,GD,GD,GD,1.808,1.26,0.052,0.054,0.057,0.055,0.052,0.067,,,,Negative,No
WP_P483/1,021T,30/10/2018,WP_P483_1.XLS,15/11/2018,14/11/2018,F,,GD,GD,GD,GD,GD,GD,GD,GD,0.663,0.47,0.055,0.052,0.055,0.053,0.056,0.105,,,LOW PWM,Negative,No
WP_P483/1,024M,30/10/2018,WP_P483_1.XLS,15/11/2018,14/11/2018,F,,GD,GD,GD,GD,GD,GD,GD,GD,1.043,0.587,0.053,0.051,0.053,0.057,0.055,0.056,,,LOW PWM,Negative,No
WP_P483/1,024T,30/10/2018,WP_P483_1.XLS,15/11/2018,14/11/2018,P,,GD,GD,GD,GD,GD,GD,GD,GD,1.727,1.42,0.055,0.052,0.059,0.058,0.054,0.062,,,,Negative,No
WP_P483/1,033T,30/10/2018,WP_P483_1.XLS,15/11/2018,14/11/2018,F,,GD,GD,GD,GD,GD,GD,GD,GD,0.461,0.39,0.054,0.053,0.188,0.162,0.057,0.059,,,LOW PWM,Positive,No
WP_P483/1,037M,30/10/2018,WP_P483_1.XLS,15/11/2018,14/11/2018,P,,GD,GD,GD,GD,GD,GD,GD,GD,2.013,1.702,0.056,0.056,0.054,0.054,0.053,0.064,,,,Negative,No
WP_P483/1,046M,30/10/2018,WP_P483_1.XLS,15/11/2018,14/11/2018,F,,GD,GD,GD,GD,GD,GD,GD,GD,0.806,0.593,0.053,0.054,0.057,0.058,0.053,0.055,,,LOW PWM,Negative,No
WP_P483/1,049M,30/10/2018,WP_P483_1.XLS,15/11/2018,14/11/2018,P,,GD,GD,GD,GD,GD,GD,GD,GD,2.62,2.688,0.068,0.06,0.271,0.256,0.059,0.07,,,,Positive,No
WP_P484/1,018A,17/10/2018,WP_P484_1.XLS,15/11/2018,14/11/2018,F,,GD,GD,GD,GD,GD,GD,GD,GD,0.977,0.505,0.06,0.062,0.067,0.067,0.055,0.058,,,LOW PWM,Negative,No
WP_P484/1,018M,17/10/2018,WP_P484_1.XLS,15/11/2018,14/11/2018,P,,GD,GD,GD,GD,GD,GD,GD,GD,2.255,1.534,0.055,0.054,0.054,0.071,0.056,0.055,,,,Negative,No
WP_P484/1,021C,17/10/2018,WP_P484_1.XLS,15/11/2018,14/11/2018,P,,GD,GD,GD,GD,GD,GD,GD,GD,1.842,1.208,0.058,0.058,0.17,0.165,0.058,0.063,,,,Positive,No
WP_P484/1,021T,17/10/2018,WP_P484_1.XLS,15/11/2018,14/11/2018,F,,GD,GD,GD,GD,GD,GD,GD,GD,1.092,0.61,0.057,0.061,0.06,0.056,0.06,0.055,,,LOW PWM,Negative,No
WP_P484/1,022C,17/10/2018,WP_P484_1.XLS,15/11/2018,14/11/2018,F,,GD,GD,GD,GD,GD,GD,GD,GD,0.412,0.299,0.077,0.067,0.061,0.056,0.064,0.058,,,LOW PWM,Negative,No
WP_P484/1,023M,30/10/2018,WP_P484_1.XLS,15/11/2018,14/11/2018,P,,GD,GD,GD,GD,GD,GD,GD,GD,2.713,2.26,0.059,0.058,0.06,0.064,0.058,0.059,,,,Negative,No
WP_P484/1,027T,17/10/2018,WP_P484_1.XLS,15/11/2018,14/11/2018,P,,GD,GD,GD,GD,GD,GD,GD,GD,1.938,1.723,0.056,0.058,0.056,0.056,0.056,0.058,,,,Negative,No
WP_P484/1,041M,17/10/2018,WP_P484_1.XLS,15/11/2018,14/11/2018,P,,GD,GD,GD,GD,GD,GD,GD,GD,1.548,0.897,0.061,0.06,0.059,0.058,0.056,0.056,,,,Negative,No
WP_P485/1,007M,27/11/2018,WP_P485_1.XLS,16/01/2019,16/01/2019,P,,GD,GD,GD,GD,GD,GD,GD,GD,1.854,1.883,0.085,0.085,0.086,0.114,0.086,0.084,,,,Negative,No
WP_P485/1,008M,27/11/2018,WP_P485_1.XLS,16/01/2019,16/01/2019,P,,GD,GD,GD,GD,GD,GD,GD,GD,2.666,2.77,0.076,0.075,0.078,0.076,0.078,0.078,,,,Negative,No
WP_P485/1,009M,27/11/2018,WP_P485_1.XLS,16/01/2019,16/01/2019,P,,GD,GD,GD,GD,GD,GD,GD,GD,2.697,2.831,0.097,0.082,0.534,0.555,0.081,0.08,,,,Positive,No
WP_P485/1,010M,27/11/2018,WP_P485_1.XLS,16/01/2019,16/01/2019,P,,GD,GD,GD,GD,GD,GD,GD,GD,2.681,2.675,0.078,0.075,0.075,0.077,0.08,0.076,,,,Negative,No
WP_P485/1,014M,27/11/2018,WP_P485_1.XLS,16/01/2019,16/01/2019,P,,GD,GD,GD,GD,GD,GD,GD,GD,2.359,2.417,0.079,0.084,0.424,0.432,0.078,0.08,,,,Positive,No
WP_P485/1,015M,27/11/2018,WP_P485_1.XLS,16/01/2019,16/01/2019,P,,GD,GD,GD,GD,GD,GD,GD,GD,2.66,2.703,0.075,0.073,0.083,0.085,0.075,0.081,,,,Negative,No
WP_P485/1,027T,27/11/2018,WP_P485_1.XLS,16/01/2019,16/01/2019,P,,GD,GD,GD,GD,GD,GD,GD,GD,2.797,2.632,0.075,0.074,0.076,0.078,0.076,0.078,,,,Negative,No
WP_P485/1,043V,27/11/2018,WP_P485_1.XLS,16/01/2019,16/01/2019,P,,GD,GD,GD,GD,GD,GD,GD,GD,1.804,1.675,0.077,0.082,0.08,0.092,0.095,0.097,,,,Negative,No
WP_P486/1,006C,11/12/2018,WP_P486_1.XLS,16/01/2019,16/01/2019,P,,GD,GD,GD,GD,GD,GD,GD,GD,1.795,0.756,0.055,0.056,0.055,0.061,0.053,0.052,,,,Negative,No
WP_P486/1,013M,27/11/2018,WP_P486_1.XLS,16/01/2019,16/01/2019,F,,GD,GD,GD,GD,GD,GD,GD,GD,1.066,0.928,0.049,0.049,0.063,0.064,0.055,0.053,,,LOW PWM,Negative,No
WP_P486/1,015C,27/11/2018,WP_P486_1.XLS,16/01/2019,16/01/2019,P,,GD,GD,GD,GD,GD,GD,GD,GD,1.793,1.094,0.058,0.056,0.053,0.052,0.056,0.093,,,,Negative,No
WP_P486/1,029N,11/12/2018,WP_P486_1.XLS,16/01/2019,16/01/2019,F,,GD,GD,GD,GD,GD,GD,GD,GD,0.451,0.615,0.054,0.052,0.051,0.05,0.054,0.056,,,LOW PWM,Negative,No
WP_P486/1,033M,11/12/2018,WP_P486_1.XLS,16/01/2019,16/01/2019,P,,GD,GD,GD,GD,GD,GD,GD,GD,2.502,1.597,0.066,0.061,0.064,0.069,0.064,0.067,,,,Negative,No
WP_P486/1,040M,11/12/2018,WP_P486_1.XLS,16/01/2019,16/01/2019,P,,GD,GD,GD,GD,GD,GD,GD,GD,1.331,1.134,0.057,0.055,0.054,0.053,0.053,0.057,,,,Negative,No
WP_P486/1,043M,27/11/2018,WP_P486_1.XLS,16/01/2019,16/01/2019,P,,GD,GD,GD,GD,GD,GD,GD,GD,1.545,1.228,0.054,0.053,0.053,0.053,0.054,0.059,,,,Negative,No
WP_P487/1,020M,11/12/2018,WP_P487_1.XLS,16/01/2019,16/01/2019,P,,GD,GD,GD,GD,GD,GD,GD,GD,1.665,1.639,0.078,0.063,0.058,0.06,0.056,0.069,,,,Negative,No
WP_P487/1,021T,11/12/2018,WP_P487_1.XLS,16/01/2019,16/01/2019,F,,GD,GD,GD,GD,GD,GD,GD,GD,0.481,0.391,0.064,0.063,0.06,0.062,0.059,0.066,,,LOW PWM,Negative,No
WP_P487/1,023M,11/12/2018,WP_P487_1.XLS,16/01/2019,16/01/2019,P,,GD,GD,GD,GD,GD,GD,GD,GD,3.061,2.983,0.06,0.06,0.059,0.059,0.054,0.063,,,,Negative,No
WP_P487/1,024M,11/12/2018,WP_P487_1.XLS,16/01/2019,16/01/2019,P,,GD,GD,GD,GD,GD,GD,GD,GD,2.229,2.02,0.067,0.056,0.065,0.073,0.061,0.066,,,,Negative,No
WP_P487/1,045M,11/12/2018,WP_P487_1.XLS,16/01/2019,16/01/2019,P,,GD,GD,GD,GD,GD,GD,GD,GD,1.738,1.65,0.059,0.059,0.058,0.058,0.06,0.072,,,,Negative,No
WP_P487/1,046M,11/12/2018,WP_P487_1.XLS,16/01/2019,16/01/2019,P,,GD,GD,GD,GD,GD,GD,GD,GD,1.244,1.181,0.051,0.057,0.054,0.056,0.053,0.056,,,,Negative,No
WP_P487/1,047M,11/12/2018,WP_P487_1.XLS,16/01/2019,16/01/2019,P,,GD,GD,GD,GD,GD,GD,GD,GD,2.419,2.276,0.055,0.055,0.053,0.056,0.052,0.053,,,,Negative,No
WP_P487/1,048M,11/12/2018,WP_P487_1.XLS,16/01/2019,16/01/2019,P,,GD,GD,GD,GD,GD,GD,GD,GD,2.776,2.777,0.145,0.143,0.18,0.181,0.252,0.242,NIL AVG HIGH,,,,No
WP_P487/2,048M,11/12/2018,WP_P487_2.xlsx,14/02/2019,17/01/2019,P,,GD,GD,GD,GD,GD,GD,GD,GD,1.394,1.022,0.06,0.062,0.076,0.077,0.098,0.113,,,,Negative,No
WP_P488/1,005T,09/01/2019,WP_P488_1.XLS,16/01/2019,16/01/2019,P,,GD,GD,GD,GD,GD,GD,GD,GD,1.575,1.505,0.061,0.062,0.114,0.111,0.061,0.068,,,,Positive,No
WP_P488/1,019M,12/12/2018,WP_P488_1.XLS,16/01/2019,16/01/2019,F,,GD,GD,GD,GD,GD,GD,GD,GD,0.909,0.84,0.058,0.059,0.06,0.056,0.081,0.056,,,LOW PWM,Negative,No
WP_P488/1,029M,12/12/2018,WP_P488_1.XLS,16/01/2019,16/01/2019,P,,GD,GD,GD,GD,GD,GD,GD,GD,2.486,2.334,0.066,0.07,0.092,0.089,0.054,0.056,,,,Negative,No
WP_P488/1,030M,12/12/2018,WP_P488_1.XLS,16/01/2019,16/01/2019,P,,GD,GD,GD,GD,GD,GD,GD,GD,2.694,2.788,0.069,0.072,0.13,0.103,0.054,0.054,,,,Positive,No
WP_P488/1,037M,12/12/2018,WP_P488_1.XLS,16/01/2019,16/01/2019,P,,GD,GD,GD,GD,GD,GD,GD,GD,2.198,1.947,0.058,0.061,0.064,0.088,0.053,0.055,,,,Negative,No
WP_P488/1,039V,09/01/2019,WP_P488_1.XLS,16/01/2019,16/01/2019,F,,GD,GD,GD,GD,GD,GD,GD,GD,0.359,0.333,0.057,0.068,0.663,0.654,0.065,0.068,,,LOW PWM,Positive,No
WP_P488/1,059M,12/12/2018,WP_P488_1.XLS,16/01/2019,16/01/2019,F,,GD,GD,GD,GD,GD,GD,GD,GD,0.31,0.25,0.065,0.073,0.077,0.08,0.054,0.054,,,LOW PWM,Negative,No
WP_P488/1,060M,12/12/2018,WP_P488_1.XLS,16/01/2019,16/01/2019,P,,GD,GD,GD,GD,GD,GD,GD,GD,2.099,1.81,0.065,0.067,0.073,0.071,0.054,0.056,,,,Negative,No
WP_P489/1,024T,08/01/2019,WP_P489_1.XLS,16/01/2019,16/01/2019,P,,GD,GD,GD,GD,GD,GD,GD,GD,1.7,1.531,0.076,0.063,0.093,0.09,0.056,0.058,,,,Negative,No
WP_P489/1,033T,08/01/2019,WP_P489_1.XLS,16/01/2019,16/01/2019,F,,GD,GD,GD,GD,GD,GD,GD,GD,0.32,0.237,0.073,0.08,0.214,0.11,0.054,0.059,B OUTLIER,,LOW PWM,,No
WP_P489/1,048V,09/01/2019,WP_P489_1.XLS,16/01/2019,16/01/2019,P,,GD,GD,GD,GD,GD,GD,GD,GD,1.347,1.238,0.073,0.075,0.138,0.118,0.06,0.06,,,,Positive,No
WP_P489/1,049M,08/01/2019,WP_P489_1.XLS,16/01/2019,16/01/2019,P,,GD,GD,GD,GD,GD,GD,GD,GD,2.553,2.657,0.081,0.084,0.322,0.199,0.056,0.062,,,,Positive,No
WP_P489/1,050M,08/01/2019,WP_P489_1.XLS,16/01/2019,16/01/2019,P,,GD,GD,GD,GD,GD,GD,GD,GD,2.733,1.799,0.061,0.057,0.074,0.07,0.061,0.061,,,,Negative,No
WP_P489/1,051M,08/01/2019,WP_P489_1.XLS,16/01/2019,16/01/2019,P,,GD,GD,GD,GD,GD,GD,GD,GD,2.678,2.224,0.055,0.063,0.091,0.091,0.059,0.061,,,,Negative,No
WP_P489/1,052M,09/01/2019,WP_P489_1.XLS,16/01/2019,16/01/2019,P,,GD,GD,GD,GD,GD,GD,GD,GD,2.11,1.777,0.071,0.07,0.1,0.118,0.058,0.063,,,,Negative,No
WP_P489/2,033T,08/01/2019,WP_P489_2.xlsx,14/02/2019,17/01/2019,F,,GD,GD,GD,GD,GD,GD,GD,GD,0.16,0.126,0.051,0.045,0.069,0.073,0.048,0.052,,,LOW PWM,Negative,No
WP_P49/1,014B,22/05/2007,WP_P49_1.XLS,14/08/2007,14/08/2007,F,,GD,GD,GD,GD,GD,GD,GD,GD,0.89,0.83,0.06,0.06,0.05,0.05,0.06,0.07,,,LOW PWM,Negative,No
WP_P49/1,019B,22/05/2007,WP_P49_1.XLS,14/08/2007,14/08/2007,P,,GD,GD,GD,GD,GD,GD,GD,GD,1.14,1.1,0.07,0.07,0.07,0.07,0.07,0.07,,,,Negative,No
WP_P49/1,025B,22/05/2007,WP_P49_1.XLS,14/08/2007,14/08/2007,P,,GD,GD,GD,GD,GD,GD,GD,GD,1.83,1.53,0.06,0.06,0.08,0.05,0.07,0.09,,,,Negative,No
WP_P49/1,032B,22/05/2007,WP_P49_1.XLS,14/08/2007,14/08/2007,P,,GD,GD,GD,GD,GD,GD,GD,GD,2.56,2.51,0.06,0.06,0.09,0.09,0.06,0.08,,,,Negative,No
WP_P49/1,039W,22/05/2007,WP_P49_1.XLS,14/08/2007,14/08/2007,P,,GD,GD,GD,GD,GD,GD,GD,GD,1.99,1.98,0.06,0.06,0.06,0.06,0.07,0.08,,,,Negative,No
WP_P49/1,041W,22/05/2007,WP_P49_1.XLS,14/08/2007,14/08/2007,P,,GD,GD,GD,GD,GD,GD,GD,GD,1.02,1.07,0.08,0.06,0.1,0.09,0.1,0.09,,,,Negative,No
WP_P49/1,055B,22/05/2007,WP_P49_1.XLS,14/08/2007,14/08/2007,P,,GD,GD,GD,GD,GD,GD,GD,GD,1.4,1.34,0.06,0.06,0.13,0.05,0.06,0.08,B OUTLIER,,,,No
WP_P49/1,056B,22/05/2007,WP_P49_1.XLS,14/08/2007,14/08/2007,P,,GD,GD,GD,GD,GD,GD,GD,GD,1.96,1.87,0.06,0.06,0.06,0.07,0.07,0.08,,,,Negative,No
WP_P49/2,055B,22/05/2007,WP_P49_2.XLS,19/10/2007,18/10/2007,P,,GD,GD,GD,GD,GD,GD,GD,GD,2.03,1.77,0.19,0.19,0.18,0.25,0.22,0.28,NIL AVG HIGH,,,,No
WP_P490/1,003A,21/05/2019,WP_P490_1.xlsx,20/08/2019,25/07/2919,P,,GD,GD,GD,GD,GD,GD,GD,GD,1.6,1.323,0.049,0.055,0.052,0.052,0.053,0.055,,,,Negative,No
WP_P490/1,005T,21/05/2019,WP_P490_1.xlsx,20/08/2019,25/07/2919,P,,GD,GD,GD,GD,GD,GD,GD,GD,1.216,1.034,0.055,0.053,0.1,0.099,0.052,0.058,,,,Positive,No
WP_P490/1,020M,21/05/2019,WP_P490_1.xlsx,20/08/2019,25/07/2919,P,,GD,GD,GD,GD,GD,GD,GD,GD,2.15,1.912,0.054,0.055,0.053,0.056,0.065,0.058,,,,Negative,No
WP_P490/1,020T,21/05/2019,WP_P490_1.xlsx,20/08/2019,25/07/2919,P,,GD,GD,GD,GD,GD,GD,GD,GD,1.488,1.287,0.051,0.053,0.052,0.051,0.054,0.055,,,,Negative,No
WP_P490/1,023M,21/05/2019,WP_P490_1.xlsx,20/08/2019,25/07/2919,P,,GD,GD,GD,GD,GD,GD,GD,GD,2.655,2.866,0.054,0.05,0.052,0.053,0.053,0.059,,,,Negative,No
WP_P490/1,034A,21/05/2019,WP_P490_1.xlsx,20/08/2019,25/07/2919,P,,GD,GD,GD,GD,GD,GD,GD,GD,2.311,1.753,0.053,0.053,0.061,0.059,0.054,0.06,,,,Negative,No
WP_P490/1,046M,21/05/2019,WP_P490_1.xlsx,20/08/2019,25/07/2919,P,,GD,GD,GD,GD,GD,GD,GD,GD,2.909,2.621,0.061,0.054,0.059,0.057,0.054,0.055,,,,Negative,No
WP_P490/1,051M,21/05/2019,WP_P490_1.xlsx,20/08/2019,25/07/2919,P,,GD,GD,GD,GD,GD,GD,GD,GD,1.619,1.372,0.055,0.053,0.054,0.053,0.061,0.059,,,,Negative,No
WP_P491/1,012E,21/05/2019,WP_P491_1.xlsx,20/08/2019,25/07/2919,P,,GD,GD,GD,GD,GD,GD,GD,GD,1.271,1.107,0.053,0.053,0.073,0.076,0.052,0.054,,,,Negative,No
WP_P491/1,021C,21/05/2019,WP_P491_1.xlsx,20/08/2019,25/07/2919,P,,GD,GD,GD,GD,GD,GD,GD,GD,2.108,1.841,0.054,0.053,0.227,0.227,0.053,0.055,,,,Positive,No
WP_P491/1,021T,21/05/2019,WP_P491_1.xlsx,20/08/2019,25/07/2919,F,,GD,GD,GD,GD,GD,GD,GD,GD,0.937,0.872,0.052,0.055,0.054,0.056,0.052,0.056,,,LOW PWM,Negative,No
WP_P491/1,024M,21/05/2019,WP_P491_1.xlsx,20/08/2019,25/07/2919,P,,GD,GD,GD,GD,GD,GD,GD,GD,1.771,1.536,0.054,0.051,0.052,0.056,0.055,0.057,,,,Negative,No
WP_P491/1,033T,21/05/2019,WP_P491_1.xlsx,20/08/2019,25/07/2919,P,,GD,GD,GD,GD,GD,GD,GD,GD,1.374,1.356,0.053,0.052,0.422,0.438,0.054,0.057,,,,Positive,No
WP_P491/1,037M,21/05/2019,WP_P491_1.xlsx,20/08/2019,25/07/2919,F,,GD,GD,GD,GD,GD,GD,GD,GD,0.868,0.769,0.055,0.054,0.054,0.055,0.058,0.055,,,LOW PWM,Negative,No
WP_P491/1,039V,21/05/2019,WP_P491_1.xlsx,20/08/2019,25/07/2919,P,,GD,GD,GD,GD,GD,GD,GD,GD,1.042,0.964,0.056,0.056,1.651,1.822,0.052,0.056,,,,Positive,No
WP_P491/1,053M,21/05/2019,WP_P491_1.xlsx,20/08/2019,25/07/2919,P,,GD,GD,GD,GD,GD,GD,GD,GD,1.752,1.549,0.053,0.052,0.054,0.059,0.06,0.056,,,,Negative,No
WP_P492/1,002V,21/05/2019,WP_P492_1.xlsx,20/08/2019,25/07/2019,P,,GD,GD,GD,GD,GD,GD,GD,GD,1.773,1.487,0.061,0.057,0.059,0.058,0.071,0.059,,,,Negative,No
WP_P492/1,013M,18/06/2019,WP_P492_1.xlsx,20/08/2019,25/07/2019,P,,GD,GD,GD,GD,GD,GD,GD,GD,1.997,1.704,0.058,0.054,0.064,0.06,0.058,0.06,,,,Negative,No
WP_P492/1,015M,18/06/2019,WP_P492_1.xlsx,20/08/2019,25/07/2019,P,,GD,GD,GD,GD,GD,GD,GD,GD,3.078,2.498,0.056,0.052,0.054,0.054,0.059,0.066,,,,Negative,No
WP_P492/1,024T,22/05/2019,WP_P492_1.xlsx,20/08/2019,25/07/2019,P,,GD,GD,GD,GD,GD,GD,GD,GD,1.751,1.416,0.054,0.053,0.053,0.053,0.061,0.058,,,,Negative,No
WP_P492/1,049M,21/05/2019,WP_P492_1.xlsx,20/08/2019,25/07/2019,P,,GD,GD,GD,GD,GD,GD,GD,GD,1.389,1.126,0.057,0.054,0.053,0.052,0.055,0.062,,,,Negative,No
WP_P492/1,050M,22/05/2019,WP_P492_1.xlsx,20/08/2019,25/07/2019,P,,GD,GD,GD,GD,GD,GD,GD,GD,3.003,2.805,0.055,0.052,0.053,0.054,0.062,0.063,,,,Negative,No
WP_P493/1,001Z,18/06/2019,WP_P493_1.xlsx,20/08/2019,25/07/2019,,,NS,NS,GD,GD,GD,GD,NS,NS,,,0.065,0.059,0.059,0.057,,,,NO SAMPLE,,,No
WP_P493/1,007M,18/06/2019,WP_P493_1.xlsx,20/08/2019,25/07/2019,F,,GD,GD,GD,GD,GD,GD,GD,GD,0.918,0.815,0.064,0.062,0.06,0.058,0.055,0.058,,,LOW PWM,Negative,No
WP_P493/1,008M,18/06/2019,WP_P493_1.xlsx,20/08/2019,25/07/2019,P,,GD,GD,GD,GD,GD,GD,GD,GD,2.191,2.132,0.062,0.062,0.06,0.06,0.062,0.059,,,,Negative,No
WP_P493/1,009M,18/06/2019,WP_P493_1.xlsx,20/08/2019,25/07/2019,P,,GD,GD,GD,GD,GD,GD,GD,GD,2.622,2.518,0.105,0.101,1.584,1.509,0.06,0.059,,,,Positive,No
WP_P493/1,014M,18/06/2019,WP_P493_1.xlsx,20/08/2019,25/07/2019,P,,GD,GD,GD,GD,GD,GD,GD,GD,2.444,2.344,0.069,0.064,0.162,0.188,0.068,0.06,,,,Positive,No
WP_P493/1,016V,18/06/2019,WP_P493_1.xlsx,20/08/2019,25/07/2019,P,,GD,GD,GD,GD,GD,GD,GD,GD,2.232,2.065,0.073,0.068,0.178,0.17,0.064,0.059,,,,Positive,No
WP_P493/1,017M,18/06/2019,WP_P493_1.xlsx,20/08/2019,25/07/2019,P,,GD,GD,GD,GD,GD,GD,GD,GD,2.644,2.585,0.068,0.07,0.07,0.072,0.061,0.069,,,,Negative,No
WP_P493/1,020L,18/06/2019,WP_P493_1.xlsx,20/08/2019,25/07/2019,P,,GD,GD,GD,GD,GD,GD,GD,GD,1.721,1.6,0.078,0.07,0.071,0.066,0.061,0.059,,,,Negative,No
WP_P494/1,002Z,26/06/2019,WP_P494_1.xlsx,20/08/2019,25/07/2019,P,,GD,GD,GD,GD,GD,GD,GD,GD,1.367,1.259,0.068,0.064,0.061,0.06,0.059,0.057,,,,Negative,No
WP_P494/1,003Z,26/06/2019,WP_P494_1.xlsx,20/08/2019,25/07/2019,P,,GD,GD,GD,GD,GD,GD,GD,GD,2.351,2.166,0.065,0.062,0.058,0.057,0.057,0.057,,,,Negative,No
WP_P494/1,004Z,26/06/2019,WP_P494_1.xlsx,20/08/2019,25/07/2019,P,,GD,GD,GD,GD,GD,GD,GD,GD,1.693,1.636,0.064,0.055,0.076,0.07,0.063,0.077,,,,Negative,No
WP_P494/1,005Z,26/06/2019,WP_P494_1.xlsx,20/08/2019,25/07/2019,P,,GD,GD,GD,GD,GD,GD,GD,GD,2.453,2.572,0.069,0.063,0.058,0.066,0.049,0.06,,,,Negative,No
WP_P494/1,019M,26/06/2019,WP_P494_1.xlsx,20/08/2019,25/07/2019,P,,GD,GD,GD,GD,GD,GD,GD,GD,1.291,1.226,0.069,0.065,0.067,0.071,0.057,0.061,,,,Negative,No
WP_P494/1,027M,26/06/2019,WP_P494_1.xlsx,20/08/2019,25/07/2019,P,,GD,GD,GD,GD,GD,GD,GD,GD,2.539,2.263,0.064,0.061,0.06,0.059,0.059,0.065,,,,Negative,No
WP_P494/1,034M,26/06/2019,WP_P494_1.xlsx,20/08/2019,25/07/2019,F,,GD,GD,GD,GD,GD,GD,GD,GD,0.532,0.487,0.065,0.064,0.068,0.065,0.057,0.056,,,LOW PWM,Negative,No
WP_P494/1,070P,26/06/2019,WP_P494_1.xlsx,20/08/2019,25/07/2019,P,,GD,GD,GD,GD,GD,GD,GD,GD,2.065,1.86,0.085,0.083,0.062,0.062,0.059,0.058,,,,Negative,No
WP_P495/1,006Z,26/06/2019,WP_P495_1.xlsx,20/08/2019,25/07/2019,P,,GD,GD,GD,GD,GD,GD,GD,GD,2.812,2.702,0.063,0.061,0.062,0.061,0.061,0.061,,,,Negative,No
WP_P495/1,007Z,26/06/2019,WP_P495_1.xlsx,20/08/2019,25/07/2019,P,,GD,GD,GD,GD,GD,GD,GD,GD,2.506,2.311,0.066,0.063,0.061,0.059,0.069,0.066,,,,Negative,No
WP_P495/1,008Z,26/06/2019,WP_P495_1.xlsx,20/08/2019,25/07/2019,P,,GD,GD,GD,GD,GD,GD,GD,GD,3.01,2.834,0.068,0.067,0.071,0.066,0.056,0.06,,,,Negative,No
WP_P495/1,009Z,26/06/2019,WP_P495_1.xlsx,20/08/2019,25/07/2019,P,,GD,GD,GD,GD,GD,GD,GD,GD,2.676,3.093,0.078,0.075,0.066,0.061,0.063,0.055,,,,Negative,No
WP_P495/1,033M,26/06/2019,WP_P495_1.xlsx,20/08/2019,25/07/2019,P,,GD,GD,GD,GD,GD,GD,GD,GD,3.01,2.833,0.069,0.064,0.063,0.062,0.063,0.065,,,,Negative,No
WP_P495/1,055M,26/06/2019,WP_P495_1.xlsx,20/08/2019,25/07/2019,P,,GD,GD,GD,GD,GD,GD,GD,GD,1.855,1.77,0.064,0.074,0.061,0.063,0.063,0.111,,,,Negative,No
WP_P495/1,056M,26/06/2019,WP_P495_1.xlsx,20/08/2019,25/07/2019,P,,GD,GD,GD,GD,GD,GD,GD,GD,2.54,2.318,0.078,0.068,0.067,0.064,0.062,0.063,,,,Negative,No
WP_P496/1,011Z,16/07/2019,WP_P496_1.xlsx,20/08/2019,26/07/2019,F,,GD,GD,GD,GD,GD,GD,GD,GD,0.386,0.2,0.057,0.062,0.087,0.098,0.054,0.054,,,LOW PWM,Negative,No
WP_P496/1,012Z,16/07/2019,WP_P496_1.xlsx,20/08/2019,26/07/2019,F,,GD,GD,GD,GD,GD,GD,GD,GD,0.234,0.144,0.052,0.055,0.062,0.067,0.053,0.054,,,LOW PWM,Negative,No
WP_P496/1,013Z,16/07/2019,WP_P496_1.xlsx,20/08/2019,26/07/2019,F,,GD,GD,GD,GD,GD,GD,GD,GD,1.207,0.565,0.054,0.053,0.054,0.054,0.059,0.054,,,LOW PWM,Negative,No
WP_P496/1,021C,16/07/2019,WP_P496_1.xlsx,20/08/2019,26/07/2019,F,,GD,GD,GD,GD,GD,GD,GD,GD,0.218,0.151,0.052,0.052,0.067,0.069,0.054,0.057,,,LOW PWM,Negative,No
WP_P496/1,021T,16/07/2019,WP_P496_1.xlsx,20/08/2019,26/07/2019,F,,GD,GD,GD,GD,GD,GD,GD,GD,0.13,0.113,0.063,0.078,0.146,0.082,0.057,0.056,,,LOW PWM,Negative,No
WP_P496/1,032T,16/07/2019,WP_P496_1.xlsx,20/08/2019,26/07/2019,F,,GD,GD,GD,GD,GD,GD,GD,GD,0.184,0.149,0.059,0.071,0.1,0.131,0.053,0.059,,,LOW PWM,Positive,No
WP_P496/1,046M,16/07/2019,WP_P496_1.xlsx,20/08/2019,26/07/2019,F,,GD,GD,GD,GD,GD,GD,GD,GD,0.229,0.18,0.054,0.063,0.067,0.062,0.053,0.06,,,LOW PWM,Negative,No
WP_P496/1,048V,16/07/2019,WP_P496_1.xlsx,20/08/2019,26/07/2019,F,,GD,GD,GD,GD,GD,GD,GD,GD,0.157,0.093,0.052,0.058,0.063,0.073,0.053,0.072,,,LOW PWM,Negative,No
WP_P497/1,002V,16/07/2019,WP_P497_1.xlsx,20/08/2019,26/07/2019,F,,GD,GD,GD,GD,GD,GD,GD,GD,0.387,0.256,0.054,0.053,0.055,0.053,0.058,0.065,,,LOW PWM,Negative,No
WP_P497/1,014Z,16/07/2019,WP_P497_1.xlsx,20/08/2019,26/07/2019,P,,GD,GD,GD,GD,GD,GD,GD,GD,1.245,0.906,0.053,0.052,0.051,0.054,0.059,0.057,,,,Negative,No
WP_P497/1,016Z,16/07/2019,WP_P497_1.xlsx,20/08/2019,26/07/2019,F,,GD,GD,GD,GD,GD,GD,GD,GD,0.333,0.254,0.053,0.052,0.051,0.052,0.057,0.062,,,LOW PWM,Negative,No
WP_P497/1,024M,16/07/2019,WP_P497_1.xlsx,20/08/2019,26/07/2019,F,,GD,GD,GD,GD,GD,GD,GD,GD,0.232,0.189,0.054,0.054,0.053,0.055,0.069,0.061,,,LOW PWM,Negative,No
WP_P497/1,037M,16/07/2019,WP_P497_1.xlsx,20/08/2019,26/07/2019,F,,GD,GD,GD,GD,GD,GD,GD,GD,0.349,0.206,0.052,0.052,0.051,0.052,0.06,0.056,,,LOW PWM,Negative,No
WP_P497/1,045A,16/07/2019,WP_P497_1.xlsx,20/08/2019,26/07/2019,F,,GD,GD,GD,GD,GD,GD,GD,GD,0.432,0.253,0.054,0.055,0.053,0.055,0.053,0.057,,,LOW PWM,Negative,No
WP_P497/1,049M,16/07/2019,WP_P497_1.xlsx,20/08/2019,26/07/2019,F,,GD,GD,GD,GD,GD,GD,GD,GD,0.319,0.218,0.052,0.052,0.052,0.052,0.074,0.073,,,LOW PWM,Negative,No
WP_P497/1,050M,16/07/2019,WP_P497_1.xlsx,20/08/2019,26/07/2019,F,,GD,GD,GD,GD,GD,GD,GD,GD,0.662,0.445,0.053,0.051,0.053,0.053,0.054,0.06,,,LOW PWM,Negative,No
WP_P498/1,015Z,16/07/2019,WP_P498_1.xlsx,20/08/2019,26/07/2019,,,NS,NS,NS,NS,NS,NS,NS,NS,,,,,,,,,,NO SAMPLE,,,No
WP_P498/1,020M,16/07/2019,WP_P498_1.xlsx,20/08/2019,26/07/2019,F,,GD,GD,GD,GD,GD,GD,GD,GD,0.315,0.275,0.053,0.056,0.055,0.056,0.055,0.064,,,LOW PWM,Negative,No
WP_P498/1,020T,16/07/2019,WP_P498_1.xlsx,20/08/2019,26/07/2019,F,,GD,GD,GD,GD,GD,GD,GD,GD,0.348,0.289,0.056,0.058,0.06,0.062,0.056,0.06,,,LOW PWM,Negative,No
WP_P498/1,023M,16/07/2019,WP_P498_1.xlsx,20/08/2019,26/07/2019,P,,GD,GD,GD,GD,GD,GD,GD,GD,1.223,0.807,0.055,0.057,0.056,0.056,0.056,0.113,,,,Negative,No
WP_P498/1,024T,16/07/2019,WP_P498_1.xlsx,20/08/2019,26/07/2019,F,,GD,GD,GD,GD,GD,GD,GD,GD,0.737,0.572,0.054,0.056,0.056,0.056,0.056,0.056,,,LOW PWM,Negative,No
WP_P498/1,051M,16/07/2019,WP_P498_1.xlsx,20/08/2019,26/07/2019,F,,GD,GD,GD,GD,GD,GD,GD,GD,0.354,0.29,0.055,0.055,0.055,0.055,0.056,0.061,,,LOW PWM,Negative,No
WP_P498/1,053M,16/07/2019,WP_P498_1.xlsx,20/08/2019,26/07/2019,F,,GD,GD,GD,GD,GD,GD,GD,GD,0.657,0.598,0.055,0.055,0.055,0.055,0.057,0.066,,,LOW PWM,Negative,No
WP_P499/1,017Z,17/07/2019,WP_P499_1.xlsx,20/08/2019,26/07/2019,F,,GD,GD,GD,GD,GD,GD,GD,GD,0.785,0.534,0.056,0.055,0.056,0.056,0.056,0.057,,,LOW PWM,Negative,No
WP_P499/1,018Z,17/07/2019,WP_P499_1.xlsx,20/08/2019,26/07/2019,F,,GD,GD,GD,GD,GD,GD,GD,GD,0.503,0.422,0.056,0.055,0.055,0.055,0.056,0.057,,,LOW PWM,Negative,No
WP_P499/1,025E,17/07/2019,WP_P499_1.xlsx,20/08/2019,26/07/2019,F,,GD,GD,GD,GD,GD,GD,GD,GD,0.513,0.339,0.066,0.065,0.063,0.062,0.063,0.071,,,LOW PWM,Negative,No
WP_P5/1,008B,19/07/2006,WP_P5_1.XLS,16/04/2007,24/01/2007,P,,GD,GD,GD,GD,GD,GD,GD,GD,2.74,2.63,0.23,0.24,0.22,0.24,0.26,0.22,NIL AVG HIGH,,,,No
WP_P5/1,012R,19/07/2006,WP_P5_1.XLS,16/04/2007,24/01/2007,P,,GD,GD,GD,GD,GD,GD,GD,GD,2.88,2.72,0.24,0.23,0.22,0.23,0.24,0.23,NIL AVG HIGH,,,,No
WP_P5/1,017R,19/07/2006,WP_P5_1.XLS,16/04/2007,24/01/2007,P,,GD,GD,GD,GD,GD,GD,GD,GD,1.05,1.04,0.22,0.22,0.22,0.21,0.22,0.21,,,,Negative,No
WP_P5/1,049B,19/07/2006,WP_P5_1.XLS,16/04/2007,24/01/2007,P,,GD,GD,GD,GD,GD,GD,GD,GD,1.53,1.43,0.22,0.22,0.21,0.2,0.2,0.2,,,,Negative,No
WP_P5/1,050B,19/07/2006,WP_P5_1.XLS,16/04/2007,24/01/2007,P,,GD,GD,GD,GD,GD,GD,GD,GD,2.76,2.95,0.27,0.21,0.21,0.22,0.2,0.21,,,,Negative,No
WP_P5/1,051B,19/07/2006,WP_P5_1.XLS,16/04/2007,24/01/2007,P,,GD,GD,GD,GD,GD,GD,GD,GD,2.9,2.81,0.22,0.22,0.22,0.22,0.2,0.21,,,,Negative,No
WP_P5/1,052B,19/07/2006,WP_P5_1.XLS,16/04/2007,24/01/2007,P,,GD,GD,GD,GD,GD,GD,GD,GD,2.3,2.26,0.22,0.21,0.22,0.21,0.2,0.2,,,,Negative,No
WP_P5/1,053B,19/07/2006,WP_P5_1.XLS,16/04/2007,24/01/2007,P,,GD,GD,GD,GD,GD,GD,GD,GD,2.47,2.39,0.22,0.22,0.32,0.33,0.21,0.21,,,,Positive,No
WP_P5/2,008B,19/07/2006,WP_P5_2.XLS,14/05/2007,04/05/2007,P,,GD,GD,GD,GD,GD,GD,GD,GD,2.67,2.35,0.16,0.16,0.15,0.15,0.16,0.2,,,,Negative,No
WP_P5/2,012R,19/07/2006,WP_P5_2.XLS,14/05/2007,04/05/2007,P,,GD,GD,GD,GD,GD,GD,GD,GD,2.59,2.47,0.19,0.16,0.17,0.16,0.17,0.24,,,,Negative,No
WP_P50/1,017Y,22/05/2007,WP_P50_1.XLS,14/08/2007,14/08/2007,P,,GD,GD,GD,GD,GD,GD,GD,GD,1.56,1.54,0.06,0.06,0.09,0.1,0.06,0.09,,,,Negative,No
WP_P50/1,036R,22/05/2007,WP_P50_1.XLS,14/08/2007,14/08/2007,P,,GD,GD,GD,GD,GD,GD,GD,GD,1.56,1.27,0.06,0.06,0.06,0.09,0.06,0.09,,,,Negative,No
WP_P50/1,040R,22/05/2007,WP_P50_1.XLS,14/08/2007,14/08/2007,P,,GD,GD,GD,GD,GD,GD,GD,GD,1.59,1.44,0.1,0.09,0.2,0.2,0.12,0.13,,,,Positive,No
WP_P50/1,042W,22/05/2007,WP_P50_1.XLS,14/08/2007,14/08/2007,F,,GD,GD,GD,GD,GD,GD,GD,GD,0.4,0.35,0.06,0.06,0.11,0.12,0.07,0.08,,,LOW PWM,Positive,No
WP_P50/1,047W,22/05/2007,WP_P50_1.XLS,14/08/2007,14/08/2007,P,,GD,GD,GD,GD,GD,GD,GD,GD,1.44,0.95,0.05,0.05,0.07,0.07,0.06,0.07,,,,Negative,No
WP_P50/1,050W,22/05/2007,WP_P50_1.XLS,14/08/2007,14/08/2007,P,,GD,GD,GD,GD,GD,GD,GD,GD,1.12,0.92,0.06,0.06,0.08,0.06,0.06,0.08,,,,Negative,No
WP_P50/1,052W,22/05/2007,WP_P50_1.XLS,14/08/2007,14/08/2007,F,,GD,GD,GD,GD,GD,GD,GD,GD,0.53,0.41,0.06,0.06,0.06,0.06,0.06,0.08,,,LOW PWM,Negative,No
WP_P50/1,056W,22/05/2007,WP_P50_1.XLS,14/08/2007,14/08/2007,P,,GD,GD,GD,GD,GD,GD,GD,GD,2.36,1.96,0.15,0.05,0.14,0.15,0.06,0.09,A OUTLIER,,,,No
WP_P500/1,008Z,13/08/2019,WP_P500_1.xlsx,09/09/2019,29/08/2019,F,,GD,GD,GD,GD,GD,GD,GD,GD,0.506,0.531,0.051,0.068,0.05,0.053,0.05,0.055,,,LOW PWM,Negative,No
WP_P500/1,009Z,13/08/2019,WP_P500_1.xlsx,09/09/2019,29/08/2019,P,,GD,GD,GD,GD,GD,GD,GD,GD,2.88,2.709,0.063,0.051,0.072,0.074,0.05,0.049,,,,Negative,No
WP_P500/1,019A,13/08/2019,WP_P500_1.xlsx,09/09/2019,29/08/2019,F,,GD,GD,GD,GD,GD,GD,GD,GD,0.654,0.611,0.054,0.05,0.152,0.15,0.05,0.057,,,LOW PWM,Positive,No
WP_P500/1,019Z,13/08/2019,WP_P500_1.xlsx,09/09/2019,29/08/2019,P,,GD,GD,GD,GD,GD,GD,GD,GD,1.751,1.342,0.049,0.052,0.053,0.057,0.049,0.05,,,,Negative,No
WP_P500/1,020Z,13/08/2019,WP_P500_1.xlsx,09/09/2019,29/08/2019,P,,GD,GD,GD,GD,GD,GD,GD,GD,2.502,2.137,0.048,0.048,0.053,0.046,0.052,0.051,,,,Negative,No
WP_P500/1,021Z,13/08/2019,WP_P500_1.xlsx,09/09/2019,29/08/2019,P,,GD,GD,GD,GD,GD,GD,GD,GD,1.896,1.702,0.048,0.055,0.049,0.051,0.051,0.05,,,,Negative,No
WP_P500/1,032M,13/08/2019,WP_P500_1.xlsx,09/09/2019,29/08/2019,P,,GD,GD,GD,GD,GD,GD,GD,GD,2.296,2.064,0.06,0.066,0.053,0.05,0.057,0.051,,,,Negative,No
WP_P500/1,041M,13/08/2019,WP_P500_1.xlsx,09/09/2019,29/08/2019,F,,GD,GD,GD,GD,GD,GD,GD,GD,0.557,0.427,0.048,0.05,0.067,0.072,0.049,0.055,,,LOW PWM,Negative,No
WP_P501/1,003Z,13/08/2019,WP_P501_1.xlsx,09/09/2019,29/08/2019,P,,GD,GD,GD,GD,GD,GD,GD,GD,1.167,1.052,0.051,0.054,0.059,0.056,0.051,0.052,,,,Negative,No
WP_P501/1,007Z,13/08/2019,WP_P501_1.xlsx,09/09/2019,29/08/2019,P,,GD,GD,GD,GD,GD,GD,GD,GD,2.065,2.072,0.051,0.053,0.059,0.06,0.051,0.053,,,,Negative,No
WP_P501/1,015C,13/08/2019,WP_P501_1.xlsx,09/09/2019,29/08/2019,F,,GD,GD,GD,GD,GD,GD,GD,GD,0.973,0.83,0.053,0.058,0.053,0.052,0.052,0.056,,,LOW PWM,Negative,No
WP_P501/1,022Z,13/08/2019,WP_P501_1.xlsx,09/09/2019,29/08/2019,,,NS,NS,NS,NS,NS,NS,NS,NS,,,,,,,,,,NO SAMPLE,,,No
WP_P501/1,023Z,13/08/2019,WP_P501_1.xlsx,09/09/2019,29/08/2019,P,,GD,GD,GD,GD,GD,GD,GD,GD,1.524,1.252,0.051,0.051,0.052,0.051,0.051,0.054,,,,Negative,No
WP_P501/1,024Z,13/08/2019,WP_P501_1.xlsx,09/09/2019,29/08/2019,P,,GD,GD,GD,GD,GD,GD,GD,GD,1.24,1.106,0.053,0.054,0.053,0.052,0.053,0.068,,,,Negative,No
WP_P501/1,028M,13/08/2019,WP_P501_1.xlsx,09/09/2019,29/08/2019,F,,GD,GD,GD,GD,GD,GD,GD,GD,0.498,0.413,0.053,0.051,0.055,0.051,0.05,0.051,,,LOW PWM,Negative,No
WP_P501/1,034T,13/08/2019,WP_P501_1.xlsx,09/09/2019,29/08/2019,P,,GD,GD,GD,GD,GD,GD,GD,GD,1.884,1.689,0.051,0.053,0.051,0.052,0.05,0.051,,,,Negative,No
WP_P502/1,013M,13/08/2019,WP_P502_1.xlsx,09/09/2019,29/08/2019,F,,GD,GD,GD,GD,GD,GD,GD,GD,0.513,0.495,0.056,0.054,0.058,0.057,0.056,0.062,,,LOW PWM,Negative,No
WP_P502/1,014M,13/08/2019,WP_P502_1.xlsx,09/09/2019,29/08/2019,P,,GD,GD,GD,GD,GD,GD,GD,GD,1.659,1.409,0.056,0.058,0.164,0.155,0.069,0.059,,,,Positive,No
WP_P502/1,015T,13/08/2019,WP_P502_1.xlsx,09/09/2019,29/08/2019,P,,GD,GD,GD,GD,GD,GD,GD,GD,1.257,1.153,0.056,0.058,0.061,0.059,0.063,0.056,,,,Negative,No
WP_P502/1,016V,13/08/2019,WP_P502_1.xlsx,09/09/2019,29/08/2019,P,,GD,GD,GD,GD,GD,GD,GD,GD,1.256,1.126,0.057,0.063,0.096,0.091,0.053,0.054,,,,Negative,No
WP_P502/1,025Z,13/08/2019,WP_P502_1.xlsx,09/09/2019,29/08/2019,P,,GD,GD,GD,GD,GD,GD,GD,GD,2.178,1.971,0.053,0.068,0.053,0.052,0.056,0.056,,,,Negative,No
WP_P502/1,026M,13/08/2019,WP_P502_1.xlsx,09/09/2019,29/08/2019,P,,GD,GD,GD,GD,GD,GD,GD,GD,1.453,1.252,0.056,0.069,0.065,0.054,0.073,0.066,,,,Negative,No
WP_P502/1,042M,13/08/2019,WP_P502_1.xlsx,09/09/2019,29/08/2019,P,,GD,GD,GD,GD,GD,GD,GD,GD,1.728,1.44,0.055,0.062,0.067,0.063,0.078,0.062,,,,Negative,No
WP_P502/1,053K,13/08/2019,WP_P502_1.xlsx,09/09/2019,29/08/2019,F,,GD,GD,GD,GD,GD,GD,GD,GD,0.354,0.307,0.056,0.06,0.067,0.06,0.074,0.063,,,LOW PWM,Negative,No
WP_P503/1,004Z,13/08/2019,WP_P503_1.xlsx,09/09/2019,29/08/2019,P,,GD,GD,GD,GD,GD,GD,GD,GD,1.285,1.101,0.064,0.056,0.054,0.054,0.055,0.056,,,,Negative,No
WP_P503/1,007M,13/08/2019,WP_P503_1.xlsx,09/09/2019,29/08/2019,F,,GD,GD,GD,GD,GD,GD,GD,GD,1.016,0.777,0.065,0.065,0.054,0.061,0.062,0.057,,,LOW PWM,Negative,No
WP_P503/1,008M,13/08/2019,WP_P503_1.xlsx,09/09/2019,29/08/2019,P,,GD,GD,GD,GD,GD,GD,GD,GD,1.742,1.346,0.058,0.069,0.083,0.078,0.063,0.056,,,,Negative,No
WP_P503/1,026Z,13/08/2019,WP_P503_1.xlsx,09/09/2019,29/08/2019,P,,GD,GD,GD,GD,GD,GD,GD,GD,1.093,1.006,0.074,0.08,0.065,0.09,0.069,0.103,,,,Negative,No
WP_P503/1,027Z,13/08/2019,WP_P503_1.xlsx,09/09/2019,29/08/2019,P,,GD,GD,GD,GD,GD,GD,GD,GD,1.748,1.33,0.053,0.057,0.057,0.061,0.054,0.055,,,,Negative,No
WP_P503/1,028Z,13/08/2019,WP_P503_1.xlsx,09/09/2019,29/08/2019,P,,GD,GD,GD,GD,GD,GD,GD,GD,1.901,1.664,0.054,0.057,0.064,0.054,0.06,0.055,,,,Negative,No
WP_P503/1,029Z,13/08/2019,WP_P503_1.xlsx,09/09/2019,29/08/2019,,,NS,NS,NS,NS,NS,NS,NS,NS,,,,,,,,,,NO SAMPLE,,,No
WP_P503/1,030Z,13/08/2019,WP_P503_1.xlsx,09/09/2019,29/08/2019,P,,GD,GD,GD,GD,GD,GD,GD,GD,1.24,1.104,0.059,0.059,0.107,0.057,0.069,0.068,B OUTLIER,,,,No
WP_P504/1,001Z,13/08/2019,WP_P504_1.xlsx,09/09/2019,29/08/2019,P,,GD,GD,GD,GD,GD,GD,GD,GD,1.205,1.119,0.061,0.059,0.06,0.059,0.057,0.059,,,,Negative,No
WP_P504/1,027M,14/08/2019,WP_P504_1.xlsx,09/09/2019,29/08/2019,P,,GD,GD,GD,GD,GD,GD,GD,GD,1.872,1.671,0.06,0.064,0.07,0.065,0.069,0.056,,,,Negative,No
WP_P504/1,031Z,13/08/2019,WP_P504_1.xlsx,09/09/2019,29/08/2019,P,,GD,GD,GD,GD,GD,GD,GD,GD,2.511,2.268,0.056,0.054,0.066,0.067,0.061,0.056,,,,Negative,No
WP_P504/1,035Z,14/08/2019,WP_P504_1.xlsx,09/09/2019,29/08/2019,F,,GD,GD,GD,GD,GD,GD,GD,GD,0.888,0.774,0.06,0.061,0.065,0.061,0.067,0.065,,,LOW PWM,Negative,No
WP_P504/1,036Z,14/08/2019,WP_P504_1.xlsx,09/09/2019,29/08/2019,F,,GD,GD,GD,GD,GD,GD,GD,GD,0.863,0.767,0.068,0.073,0.062,0.07,0.076,0.065,,,LOW PWM,Negative,No
WP_P505/1,010Z,14/08/2019,WP_P505_1.xlsx,09/09/2019,29/08/2019,P,,GD,GD,GD,GD,GD,GD,GD,GD,1.944,1.675,0.056,0.056,0.057,0.062,0.052,0.053,,,,Negative,No
WP_P505/1,027T,14/08/2019,WP_P505_1.xlsx,09/09/2019,29/08/2019,P,,GD,GD,GD,GD,GD,GD,GD,GD,1.854,1.646,0.06,0.054,0.063,0.058,0.055,0.056,,,,Negative,No
WP_P505/1,029M,14/08/2019,WP_P505_1.xlsx,09/09/2019,29/08/2019,F,,GD,GD,GD,GD,GD,GD,GD,GD,0.373,0.311,0.057,0.058,0.855,0.838,0.056,0.055,,,LOW PWM,Positive,No
WP_P505/1,032Z,14/08/2019,WP_P505_1.xlsx,09/09/2019,29/08/2019,P,,GD,GD,GD,GD,GD,GD,GD,GD,1.162,0.992,0.054,0.052,0.056,0.053,0.061,0.061,,,,Negative,No
WP_P505/1,033M,14/08/2019,WP_P505_1.xlsx,09/09/2019,29/08/2019,F,,GD,GD,GD,GD,GD,GD,GD,GD,0.982,0.808,0.056,0.054,0.056,0.055,0.059,0.06,,,LOW PWM,Negative,No
WP_P505/1,033Z,14/08/2019,WP_P505_1.xlsx,09/09/2019,29/08/2019,P,,GD,GD,GD,GD,GD,GD,GD,GD,1.796,1.349,0.051,0.052,0.053,0.06,0.055,0.06,,,,Negative,No
WP_P505/1,034Z,14/08/2019,WP_P505_1.xlsx,09/09/2019,29/08/2019,P,,GD,GD,GD,GD,GD,GD,GD,GD,1.073,0.945,0.057,0.058,0.416,0.425,0.052,0.058,,,,Positive,No
WP_P505/1,042A,14/08/2019,WP_P505_1.xlsx,09/09/2019,29/08/2019,P,,GD,GD,GD,GD,GD,GD,GD,GD,2.206,1.778,0.056,0.058,0.191,0.194,0.068,0.064,,,,Positive,No
WP_P506/1,004M,20/08/2019,WP_P506_1.xlsx,09/09/2019,29/08/2019,P,,GD,GD,GD,GD,GD,GD,GD,GD,1.701,1.124,0.062,0.056,0.058,0.061,0.061,0.058,,,,Negative,No
WP_P506/1,005M,20/08/2019,WP_P506_1.xlsx,09/09/2019,29/08/2019,P,,GD,GD,GD,GD,GD,GD,GD,GD,1.977,1.698,0.062,0.067,0.068,0.059,0.058,0.059,,,,Negative,No
WP_P506/1,005T,20/08/2019,WP_P506_1.xlsx,09/09/2019,29/08/2019,P,,GD,GD,GD,GD,GD,GD,GD,GD,1.642,1.33,0.059,0.053,0.308,0.334,0.059,0.061,,,,Positive,No
WP_P506/1,021T,20/08/2019,WP_P506_1.xlsx,09/09/2019,29/08/2019,F,,GD,GD,GD,GD,GD,GD,GD,GD,1.181,0.705,0.068,0.056,0.058,0.055,0.055,0.059,,,LOW PWM,Negative,No
WP_P506/1,048A,20/08/2019,WP_P506_1.xlsx,09/09/2019,29/08/2019,P,,GD,GD,GD,GD,GD,GD,GD,GD,1.678,1.455,0.063,0.065,0.057,0.056,0.058,0.057,,,,Negative,No
WP_P506/1,050M,20/08/2019,WP_P506_1.xlsx,09/09/2019,29/08/2019,P,,GD,GD,GD,GD,GD,GD,GD,GD,2.093,1.784,0.057,0.057,0.053,0.053,0.056,0.057,,,,Negative,No
WP_P506/1,053M,20/08/2019,WP_P506_1.xlsx,09/09/2019,29/08/2019,P,,GD,GD,GD,GD,GD,GD,GD,GD,1.624,1.399,0.062,0.065,0.062,0.064,0.057,0.06,,,,Negative,No
WP_P506/1,055M,20/08/2019,WP_P506_1.xlsx,09/09/2019,29/08/2019,P,,GD,GD,GD,GD,GD,GD,GD,GD,1.171,0.923,0.057,0.056,0.057,0.055,0.056,0.059,,,,Negative,No
WP_P507/1,006Z,20/08/2019,WP_P507_1.xlsx,09/09/2019,29/08/2019,P,,GD,GD,GD,GD,GD,GD,GD,GD,2.682,2.654,0.056,0.067,0.057,0.06,0.058,0.057,,,,Negative,No
WP_P507/1,015Z,20/08/2019,WP_P507_1.xlsx,09/09/2019,29/08/2019,P,,GD,GD,GD,GD,GD,GD,GD,GD,2.663,2.538,0.063,0.062,0.061,0.059,0.057,0.066,,,,Negative,No
WP_P507/1,017Z,20/08/2019,WP_P507_1.xlsx,09/09/2019,29/08/2019,P,,GD,GD,GD,GD,GD,GD,GD,GD,2.606,2.565,0.06,0.06,0.056,0.062,0.06,0.06,,,,Negative,No
WP_P507/1,023M,20/08/2019,WP_P507_1.xlsx,09/09/2019,29/08/2019,P,,GD,GD,GD,GD,GD,GD,GD,GD,2.253,2.343,0.064,0.06,0.058,0.058,0.06,0.057,,,,Negative,No
WP_P507/1,037Z,20/08/2019,WP_P507_1.xlsx,09/09/2019,29/08/2019,P,,GD,GD,GD,GD,GD,GD,GD,GD,1.386,1.274,0.058,0.06,0.059,0.058,0.056,0.057,,,,Negative,No
WP_P507/1,038Z,20/08/2019,WP_P507_1.xlsx,09/09/2019,29/08/2019,P,,GD,GD,GD,GD,GD,GD,GD,GD,2.313,2.272,0.061,0.059,0.058,0.057,0.055,0.057,,,,Negative,No
WP_P507/1,043A,20/08/2019,WP_P507_1.xlsx,09/09/2019,29/08/2019,F,,GD,GD,GD,GD,GD,GD,GD,GD,0.853,0.724,0.06,0.06,0.063,0.061,0.061,0.058,,,LOW PWM,Negative,No
WP_P507/1,045M,20/08/2019,WP_P507_1.xlsx,09/09/2019,29/08/2019,P,,GD,GD,GD,GD,GD,GD,GD,GD,1.886,1.769,0.064,0.064,0.06,0.056,0.056,0.057,,,,Negative,No
WP_P508/1,005Z,20/08/2019,WP_P508_1.xlsx,09/09/2019,29/08/2019,P,,GD,GD,GD,GD,GD,GD,GD,GD,2.589,2.369,0.059,0.061,0.066,0.063,0.059,0.061,,,,Negative,No
WP_P508/1,018M,21/08/2019,WP_P508_1.xlsx,09/09/2019,29/08/2019,P,,GD,GD,GD,GD,GD,GD,GD,GD,2.674,2.585,0.066,0.069,0.064,0.067,0.059,0.059,,,,Negative,No
WP_P508/1,019M,21/08/2019,WP_P508_1.xlsx,09/09/2019,29/08/2019,P,,GD,GD,GD,GD,GD,GD,GD,GD,2.051,1.847,0.074,0.073,0.072,0.072,0.069,0.074,,,,Negative,No
WP_P508/1,039Z,21/08/2019,WP_P508_1.xlsx,09/09/2019,29/08/2019,P,,GD,GD,GD,GD,GD,GD,GD,GD,2.342,2.65,0.065,0.062,0.062,0.059,0.058,0.077,,,,Negative,No
WP_P508/1,044M,20/08/2019,WP_P508_1.xlsx,09/09/2019,29/08/2019,P,,GD,GD,GD,GD,GD,GD,GD,GD,1.348,1.273,0.068,0.065,0.064,0.061,0.056,0.061,,,,Negative,No
WP_P508/1,045A,21/08/2019,WP_P508_1.xlsx,09/09/2019,29/08/2019,P,,GD,GD,GD,GD,GD,GD,GD,GD,2.476,2.25,0.061,0.059,0.063,0.064,0.058,0.066,,,,Negative,No
WP_P508/1,049M,21/08/2019,WP_P508_1.xlsx,09/09/2019,29/08/2019,F,,GD,GD,GD,GD,GD,GD,GD,GD,0.905,0.812,0.068,0.06,0.062,0.068,0.058,0.061,,,LOW PWM,Negative,No
WP_P508/1,060M,21/08/2019,WP_P508_1.xlsx,09/09/2019,29/08/2019,P,,GD,GD,GD,GD,GD,GD,GD,GD,2.274,2.114,0.062,0.067,0.067,0.075,0.06,0.059,,,,Negative,No
WP_P509/1,006M,10/09/2019,WP_P509_1.xlsx,23/10/2019,23/10/2019,P,,GD,GD,GD,GD,GD,GD,GD,GD,2.288,2.137,0.067,0.067,0.101,0.099,0.079,0.095,,,,Negative,No
WP_P509/1,014M,10/09/2019,WP_P509_1.xlsx,23/10/2019,23/10/2019,P,,GD,GD,GD,GD,GD,GD,GD,GD,2.362,2.142,0.076,0.067,0.126,0.138,0.074,0.08,,,,Positive,No
WP_P509/1,016V,10/09/2019,WP_P509_1.xlsx,23/10/2019,23/10/2019,P,,GD,GD,GD,GD,GD,GD,GD,GD,1.776,1.594,0.075,0.071,0.252,0.233,0.074,0.074,,,,Positive,No
WP_P509/1,020L,10/09/2019,WP_P509_1.xlsx,23/10/2019,23/10/2019,P,,GD,GD,GD,GD,GD,GD,GD,GD,1.105,0.967,0.087,0.083,0.083,0.082,0.085,0.105,,,,Negative,No
WP_P509/1,022Z,10/09/2019,WP_P509_1.xlsx,23/10/2019,23/10/2019,P,,GD,GD,GD,GD,GD,GD,GD,GD,1.983,1.334,0.064,0.062,0.068,0.065,0.077,0.082,,,,Negative,No
WP_P509/1,027T,10/09/2019,WP_P509_1.xlsx,23/10/2019,23/10/2019,P,,GD,GD,GD,GD,GD,GD,GD,GD,2.277,2.113,0.068,0.065,0.066,0.069,0.069,0.076,,,,Negative,No
WP_P509/1,031Z,10/09/2019,WP_P509_1.xlsx,23/10/2019,23/10/2019,P,,GD,GD,GD,GD,GD,GD,GD,GD,2.282,2.038,0.066,0.07,0.1,0.094,0.074,0.076,,,,Negative,No
WP_P509/1,040Z,10/09/2019,WP_P509_1.xlsx,23/10/2019,23/10/2019,P,,GD,GD,GD,GD,GD,GD,GD,GD,1.857,1.675,0.063,0.061,0.067,0.063,0.08,0.1,,,,Negative,No
WP_P51/1,018Y,23/05/2007,WP_P51_1.XLS,14/08/2007,14/08/2007,P,,GD,GD,GD,GD,GD,GD,GD,GD,1.4,1.19,0.06,0.05,0.06,0.06,0.07,0.08,,,,Negative,No
WP_P51/1,019Y,23/05/2007,WP_P51_1.XLS,14/08/2007,14/08/2007,F,,GD,GD,GD,GD,GD,GD,GD,GD,0.29,0.18,0.05,0.05,0.05,0.05,0.06,0.1,,,LOW PWM,Negative,No
WP_P51/1,020Y,23/05/2007,WP_P51_1.XLS,14/08/2007,14/08/2007,F,,GD,GD,GD,GD,GD,GD,GD,GD,0.62,0.34,0.05,0.05,0.05,0.05,0.05,0.07,,,LOW PWM,Negative,No
WP_P51/1,021Y,23/05/2007,WP_P51_1.XLS,14/08/2007,14/08/2007,F,,GD,GD,GD,GD,GD,GD,GD,GD,0.83,0.48,0.05,0.05,0.44,0.11,0.05,0.08,,,LOW PWM,Positive,No
WP_P51/1,022Y,23/05/2007,WP_P51_1.XLS,14/08/2007,14/08/2007,,,NS,NS,GD,GD,GD,GD,GD,GD,,,0.05,0.05,0.05,0.05,0.05,0.07,,NO SAMPLE,,,No
WP_P51/1,023Y,23/05/2007,WP_P51_1.XLS,14/08/2007,14/08/2007,P,,GD,GD,GD,GD,GD,GD,GD,GD,1.19,0.96,0.05,0.05,0.2,0.18,0.05,0.06,,,,Positive,No
WP_P51/1,024Y,23/05/2007,WP_P51_1.XLS,14/08/2007,14/08/2007,,,NS,NS,GD,GD,GD,GD,NS,NS,,,0.06,0.06,0.05,0.06,,,,NO SAMPLE,,,No
WP_P51/1,054G,23/05/2007,WP_P51_1.XLS,14/08/2007,14/08/2007,F,,GD,GD,GD,GD,GD,GD,GD,GD,0.52,0.49,0.06,0.06,0.08,0.07,0.06,0.07,,,LOW PWM,Negative,No
WP_P510/1,001Z,10/09/2019,WP_P510_1.xlsx,23/10/2019,23/10/2019,P,,GD,GD,GD,GD,GD,GD,GD,GD,2.956,2.867,0.081,0.081,0.078,0.077,0.076,0.081,,,,Negative,No
WP_P510/1,012M,10/09/2019,WP_P510_1.xlsx,23/10/2019,23/10/2019,P,,GD,GD,GD,GD,GD,GD,GD,GD,2.097,2.06,0.088,0.082,0.09,0.09,0.075,0.07,,,,Negative,No
WP_P510/1,013M,10/09/2019,WP_P510_1.xlsx,23/10/2019,23/10/2019,P,,GD,GD,GD,GD,GD,GD,GD,GD,2.766,2.607,0.098,0.082,0.102,0.098,0.075,0.071,,,,Negative,No
WP_P510/1,016M,10/09/2019,WP_P510_1.xlsx,23/10/2019,23/10/2019,P,,GD,GD,GD,GD,GD,GD,GD,GD,2.122,2.134,0.148,0.141,0.165,0.161,0.161,0.164,,,,Negative,No
WP_P510/1,041Z,10/09/2019,WP_P510_1.xlsx,23/10/2019,23/10/2019,P,,GD,GD,GD,GD,GD,GD,GD,GD,2.699,2.64,0.09,0.08,0.084,0.074,0.072,0.074,,,,Negative,No
WP_P510/1,042Z,10/09/2019,WP_P510_1.xlsx,23/10/2019,23/10/2019,P,,GD,GD,GD,GD,GD,GD,GD,GD,2.749,2.597,0.09,0.082,0.079,0.083,0.081,0.076,,,,Negative,No
WP_P510/1,043Z,10/09/2019,WP_P510_1.xlsx,23/10/2019,23/10/2019,P,,GD,GD,GD,GD,GD,GD,GD,GD,2.464,2.33,0.096,0.096,0.098,0.108,0.077,0.076,,,,Negative,No
WP_P510/1,044Z,10/09/2019,WP_P510_1.xlsx,23/10/2019,23/10/2019,P,,GD,GD,GD,GD,GD,GD,GD,GD,2.533,2.397,0.091,0.091,0.096,0.102,0.09,0.088,,,,Negative,No
WP_P511/1,010Z,02/10/2019,WP_P511_1.xlsx,23/10/2019,23/10/2019,P,,GD,GD,GD,GD,GD,GD,GD,GD,2.833,2.813,0.079,0.079,0.076,0.079,0.087,0.081,,,,Negative,No
WP_P511/1,011M,11/09/2019,WP_P511_1.xlsx,23/10/2019,23/10/2019,P,,GD,GD,GD,GD,GD,GD,GD,GD,1.383,1.396,0.08,0.081,0.079,0.081,0.105,0.096,,,,Negative,No
WP_P511/1,017M,11/09/2019,WP_P511_1.xlsx,23/10/2019,23/10/2019,P,,GD,GD,GD,GD,GD,GD,GD,GD,2.656,2.625,0.079,0.082,0.075,0.075,0.097,0.094,,,,Negative,No
WP_P511/1,023Z,11/09/2019,WP_P511_1.xlsx,23/10/2019,23/10/2019,P,,GD,GD,GD,GD,GD,GD,GD,GD,2.603,2.561,0.069,0.068,0.068,0.071,0.081,0.07,,,,Negative,No
WP_P511/1,030Z,11/09/2019,WP_P511_1.xlsx,23/10/2019,23/10/2019,P,,GD,GD,GD,GD,GD,GD,GD,GD,2.155,2.037,0.084,0.085,0.088,0.086,0.124,0.11,,,,Negative,No
WP_P511/1,033E,11/09/2019,WP_P511_1.xlsx,23/10/2019,23/10/2019,P,,GD,GD,GD,GD,GD,GD,GD,GD,2.381,2.266,0.08,0.092,0.109,0.106,0.092,0.088,,,,Negative,No
WP_P511/1,053K,11/09/2019,WP_P511_1.xlsx,23/10/2019,23/10/2019,P,,GD,GD,GD,GD,GD,GD,GD,GD,1.428,1.339,0.072,0.072,0.074,0.075,0.076,0.068,,,,Negative,No
WP_P512/1,002T,02/10/2019,WP_P512_1.xlsx,23/10/2019,23/10/2019,P,,GD,GD,GD,GD,GD,GD,GD,GD,2.442,2.342,0.115,0.112,0.852,0.854,0.075,0.078,,,,Positive,No
WP_P512/1,014M,02/10/2019,WP_P512_1.xlsx,23/10/2019,23/10/2019,P,,GD,GD,GD,GD,GD,GD,GD,GD,2.392,2.295,0.083,0.081,0.252,0.256,0.086,0.076,,,,Positive,No
WP_P512/1,021Z,02/10/2019,WP_P512_1.xlsx,23/10/2019,23/10/2019,P,,GD,GD,GD,GD,GD,GD,GD,GD,2.416,2.389,0.082,0.078,0.073,0.076,0.078,0.075,,,,Negative,No
WP_P512/1,024Z,02/10/2019,WP_P512_1.xlsx,23/10/2019,23/10/2019,P,,GD,GD,GD,GD,GD,GD,GD,GD,2.653,2.603,0.074,0.076,0.08,0.083,0.066,0.069,,,,Negative,No
WP_P512/1,025Z,02/10/2019,WP_P512_1.xlsx,23/10/2019,23/10/2019,P,,GD,GD,GD,GD,GD,GD,GD,GD,2.293,2.295,0.09,0.078,0.074,0.075,0.085,0.073,,,,Negative,No
WP_P512/1,032Z,02/10/2019,WP_P512_1.xlsx,23/10/2019,23/10/2019,P,,GD,GD,GD,GD,GD,GD,GD,GD,2.177,2.089,0.081,0.089,0.075,0.079,0.072,0.122,,,,Negative,No
WP_P512/1,036Z,02/10/2019,WP_P512_1.xlsx,23/10/2019,23/10/2019,P,,GD,GD,GD,GD,GD,GD,GD,GD,2.606,2.646,0.077,0.079,0.083,0.082,0.07,0.069,,,,Negative,No
WP_P512/1,045Z,02/10/2019,WP_P512_1.xlsx,23/10/2019,23/10/2019,P,,GD,GD,GD,GD,GD,GD,GD,GD,2.622,2.656,0.092,0.087,0.098,0.087,0.087,0.081,,,,Negative,No
WP_P513/1,004Z,02/10/2019,WP_P513_1.xlsx,23/10/2019,23/10/2019,P,,GD,GD,GD,GD,GD,GD,GD,GD,2.493,2.475,0.068,0.067,0.065,0.065,0.063,0.137,,,,Negative,No
WP_P513/1,005Z,02/10/2019,WP_P513_1.xlsx,23/10/2019,23/10/2019,P,,GD,GD,GD,GD,GD,GD,GD,GD,2.412,2.343,0.144,0.134,0.15,0.155,0.149,0.152,,,,Negative,No
WP_P513/1,009Z,02/10/2019,WP_P513_1.xlsx,23/10/2019,23/10/2019,P,,GD,GD,GD,GD,GD,GD,GD,GD,2.337,2.374,0.085,0.081,0.08,0.078,0.071,0.072,,,,Negative,No
WP_P513/1,020Z,02/10/2019,WP_P513_1.xlsx,23/10/2019,23/10/2019,P,,GD,GD,GD,GD,GD,GD,GD,GD,2.679,2.872,0.074,0.071,0.07,0.076,0.066,0.067,,,,Negative,No
WP_P513/1,026Z,02/10/2019,WP_P513_1.xlsx,23/10/2019,23/10/2019,P,,GD,GD,GD,GD,GD,GD,GD,GD,2.646,2.644,0.091,0.093,0.09,0.094,0.085,0.082,,,,Negative,No
WP_P513/1,039M,02/10/2019,WP_P513_1.xlsx,23/10/2019,23/10/2019,P,,GD,GD,GD,GD,GD,GD,GD,GD,1.427,1.331,0.075,0.073,0.511,0.495,0.064,0.08,,,,Positive,No
WP_P513/1,040M,02/10/2019,WP_P513_1.xlsx,23/10/2019,23/10/2019,P,,GD,GD,GD,GD,GD,GD,GD,GD,1.963,1.868,0.077,0.077,0.072,0.07,0.066,0.063,,,,Negative,No
WP_P513/1,045M,02/10/2019,WP_P513_1.xlsx,23/10/2019,23/10/2019,P,,GD,GD,GD,GD,GD,GD,GD,GD,2.151,2.102,0.082,0.082,0.07,0.07,0.067,0.066,,,,Negative,No
WP_P52/1,011B,23/05/2007,WP_P52_1.XLS,14/08/2007,14/08/2007,P,,GD,GD,GD,GD,GD,GD,GD,GD,1.27,0.74,0.05,0.05,0.05,0.05,0.05,0.09,,,,Negative,No
WP_P52/1,031B,23/05/2007,WP_P52_1.XLS,14/08/2007,14/08/2007,F,,GD,GD,GD,GD,GD,GD,GD,GD,0.96,0.53,0.04,0.04,0.05,0.05,0.05,0.06,,,LOW PWM,Negative,No
WP_P52/1,048W,23/05/2007,WP_P52_1.XLS,14/08/2007,14/08/2007,P,,GD,GD,GD,GD,GD,GD,GD,GD,1.68,1.26,0.05,0.05,0.07,0.1,0.06,0.07,,,,Negative,No
WP_P52/1,U064,23/05/2007,WP_P52_1.XLS,14/08/2007,14/08/2007,F,,GD,GD,GD,GD,GD,GD,GD,GD,0.5,0.29,0.05,0.06,0.06,0.05,0.05,0.07,,,LOW PWM,Negative,No
WP_P52/1,U069,23/05/2007,WP_P52_1.XLS,14/08/2007,14/08/2007,F,,GD,GD,GD,GD,GD,GD,GD,GD,0.71,0.45,0.05,0.05,0.05,0.05,0.05,0.14,,,LOW PWM,Negative,No
WP_P53/1,016B,05/06/2007,WP_P53_1.XLS,14/08/2007,14/08/2007,P,,GD,GD,GD,GD,GD,GD,GD,GD,1.45,1.39,0.07,0.07,0.09,0.09,0.09,0.09,,,,Negative,No
WP_P53/1,025Y,05/06/2007,WP_P53_1.XLS,14/08/2007,14/08/2007,F,,GD,GD,GD,GD,GD,GD,GD,GD,0.57,0.54,0.06,0.05,0.14,0.1,0.06,0.08,,,LOW PWM,Positive,No
WP_P53/1,026B,05/06/2007,WP_P53_1.XLS,14/08/2007,14/08/2007,P,,GD,GD,GD,GD,GD,GD,GD,GD,1.35,1.13,0.06,0.06,0.11,0.12,0.06,0.09,,,,Positive,No
WP_P53/1,026Y,05/06/2007,WP_P53_1.XLS,14/08/2007,14/08/2007,P,,GD,GD,GD,GD,GD,GD,GD,GD,1.42,1.37,0.06,0.07,0.14,0.12,0.08,0.11,,,,Positive,No
WP_P53/1,033B,05/06/2007,WP_P53_1.XLS,14/08/2007,14/08/2007,F,,GD,GD,GD,GD,GD,GD,GD,GD,0.85,0.66,0.05,0.05,0.05,0.05,0.07,0.09,,,LOW PWM,Negative,No
WP_P53/1,063W,05/06/2007,WP_P53_1.XLS,14/08/2007,14/08/2007,F,,GD,GD,GD,GD,GD,GD,GD,GD,0.91,0.67,0.05,0.05,0.07,0.05,0.06,0.1,,,LOW PWM,Negative,No
WP_P53/1,065W,05/06/2007,WP_P53_1.XLS,14/08/2007,14/08/2007,F,,GD,GD,GD,GD,GD,GD,GD,GD,0.71,0.58,0.05,0.05,0.05,0.05,0.07,0.09,,,LOW PWM,Negative,No
WP_P53/1,U008,05/06/2007,WP_P53_1.XLS,14/08/2007,14/08/2007,F,,GD,GD,GD,GD,GD,GD,GD,GD,0.59,0.46,0.05,0.05,0.05,0.05,0.07,0.1,,,LOW PWM,Negative,No
WP_P54/1,023B,05/06/2007,WP_P54_1.XLS,14/08/2007,14/08/2007,F,,GD,GD,GD,GD,GD,GD,GD,GD,0.38,0.3,0.05,0.05,0.09,0.05,0.06,0.08,,,LOW PWM,Negative,No
WP_P54/1,027Y,05/06/2007,WP_P54_1.XLS,14/08/2007,14/08/2007,F,,GD,GD,GD,GD,GD,GD,GD,GD,0.81,0.68,0.07,0.06,0.51,0.43,0.07,0.09,,,LOW PWM,Positive,No
WP_P54/1,028Y,05/06/2007,WP_P54_1.XLS,14/08/2007,14/08/2007,F,,GD,GD,GD,GD,GD,GD,GD,GD,0.89,0.63,0.05,0.05,0.06,0.05,0.07,0.07,,,LOW PWM,Negative,No
WP_P54/1,061B,05/06/2007,WP_P54_1.XLS,14/08/2007,14/08/2007,P,,GD,GD,GD,GD,GD,GD,GD,GD,1.34,1,0.05,0.05,0.06,0.05,0.07,0.09,,,,Negative,No
WP_P54/1,D077,05/06/2007,WP_P54_1.XLS,14/08/2007,14/08/2007,F,,GD,GD,GD,GD,GD,GD,GD,GD,0.35,0.21,0.06,0.06,0.06,0.06,0.07,0.1,,,LOW PWM,Negative,No
WP_P54/1,I007,05/06/2007,WP_P54_1.XLS,14/08/2007,14/08/2007,F,,GD,GD,GD,GD,GD,GD,GD,GD,0.55,0.45,0.06,0.06,0.06,0.06,0.1,0.1,,,LOW PWM,Negative,No
WP_P54/1,I035,05/06/2007,WP_P54_1.XLS,14/08/2007,14/08/2007,F,,GD,GD,GD,GD,GD,GD,GD,GD,0.68,0.47,0.05,0.05,0.05,0.06,0.06,0.08,,,LOW PWM,Negative,No
WP_P54/1,Q036,05/06/2007,WP_P54_1.XLS,14/08/2007,14/08/2007,F,,GD,GD,GD,GD,GD,GD,GD,GD,0.47,0.46,0.07,0.07,0.1,0.09,0.08,0.09,,,LOW PWM,Negative,No
WP_P55/1,055R,05/06/2007,WP_P55_1.XLS,14/08/2007,14/08/2007,F,,GD,GD,GD,GD,GD,GD,GD,GD,0.86,0.55,0.06,0.04,0.05,0.05,0.06,0.09,,,LOW PWM,Negative,No
WP_P55/1,059R,05/06/2007,WP_P55_1.XLS,14/08/2007,14/08/2007,P,,GD,GD,GD,GD,GD,GD,GD,GD,1.96,1.7,0.05,0.05,1.23,0.47,0.07,0.1,,,,Positive,No
WP_P55/1,062W,05/06/2007,WP_P55_1.XLS,14/08/2007,14/08/2007,F,,GD,GD,GD,GD,GD,GD,GD,GD,0.91,0.65,0.05,0.05,0.05,0.06,0.06,0.08,,,LOW PWM,Negative,No
WP_P55/1,066W,05/06/2007,WP_P55_1.XLS,14/08/2007,14/08/2007,P,,GD,GD,GD,GD,GD,GD,GD,GD,1.77,1.59,0.06,0.06,0.06,0.05,0.06,0.07,,,,Negative,No
WP_P55/1,103W,05/06/2007,WP_P55_1.XLS,14/08/2007,14/08/2007,P,,GD,GD,GD,GD,GD,GD,GD,GD,1.54,1.52,0.07,0.07,0.07,0.06,0.08,0.09,,,,Negative,No
WP_P55/1,Q066,05/06/2007,WP_P55_1.XLS,14/08/2007,14/08/2007,F,,GD,GD,GD,GD,GD,GD,GD,GD,0.35,0.33,0.08,0.07,0.11,0.11,0.08,0.1,,,LOW PWM,Negative,No
WP_P55/1,Q074,05/06/2007,WP_P55_1.XLS,14/08/2007,14/08/2007,F,,GD,GD,GD,GD,GD,GD,GD,GD,0.64,0.6,0.05,0.05,0.13,0.13,0.06,0.08,,,LOW PWM,Positive,No
WP_P55/1,Q094,05/06/2007,WP_P55_1.XLS,14/08/2007,14/08/2007,F,,GD,GD,GD,GD,GD,GD,GD,GD,0.42,0.25,0.06,0.05,0.1,0.09,0.08,0.09,,,LOW PWM,Negative,No
WP_P56/1,029Y,05/06/2007,WP_P56_1.XLS,14/08/2007,14/08/2007,P,,GD,GD,GD,GD,GD,GD,GD,GD,2.24,1.95,0.07,0.08,0.08,0.07,0.07,0.07,,,,Negative,No
WP_P56/1,030Y,05/06/2007,WP_P56_1.XLS,14/08/2007,14/08/2007,P,,GD,GD,GD,GD,GD,GD,GD,GD,2.25,1.61,0.05,0.05,0.05,0.05,0.06,0.06,,,,Negative,No
WP_P56/1,031Y,05/06/2007,WP_P56_1.XLS,14/08/2007,14/08/2007,P,,GD,GD,GD,GD,GD,GD,GD,GD,1.8,1.39,0.05,0.05,0.05,0.05,0.07,0.07,,,,Negative,No
WP_P56/1,032Y,05/06/2007,WP_P56_1.XLS,14/08/2007,14/08/2007,P,,GD,GD,GD,GD,GD,GD,GD,GD,2.34,1.85,0.06,0.05,0.05,0.06,0.06,0.07,,,,Negative,No
WP_P56/1,042Y,06/06/2007,WP_P56_1.XLS,14/08/2007,14/08/2007,P,,GD,GD,GD,GD,GD,GD,GD,GD,1.91,1.39,0.05,0.05,0.71,0.74,0.06,0.07,,,,Positive,No
WP_P57/1,002G,06/06/2007,WP_P57_1.XLS,05/09/2007,05/09/2007,F,,GD,GD,GD,GD,GD,GD,GD,CL,1.01,0.7,0.05,0.05,0.07,0.07,0.07,,MISSING ODs,,,,No
WP_P57/1,015B,06/06/2007,WP_P57_1.XLS,05/09/2007,05/09/2007,P,,GD,GD,GD,GD,GD,GD,GD,GD,2.05,1.75,0.07,0.07,0.13,0.12,0.1,0.13,,,,Positive,No
WP_P57/1,022B,06/06/2007,WP_P57_1.XLS,05/09/2007,05/09/2007,P,,GD,GD,GD,GD,GD,GD,GD,GD,1.34,0.77,0.06,0.05,0.18,0.18,0.09,0.14,,,,Positive,No
WP_P57/1,024B,06/06/2007,WP_P57_1.XLS,05/09/2007,05/09/2007,P,,GD,GD,GD,GD,GD,GD,GD,GD,2.22,1.79,0.05,0.05,0.52,0.46,0.1,0.12,,,,Positive,No
WP_P57/1,033Y,06/06/2007,WP_P57_1.XLS,05/09/2007,05/09/2007,F,,GD,GD,GD,GD,GD,GD,GD,GD,1.03,0.89,0.06,0.09,0.53,0.56,0.1,0.13,,,LOW PWM,Positive,No
WP_P57/1,080W,06/06/2007,WP_P57_1.XLS,05/09/2007,05/09/2007,P,,GD,GD,GD,GD,GD,GD,GD,GD,2.69,2.04,0.12,0.12,0.26,0.3,0.07,0.12,,,,Positive,No
WP_P57/1,094W,06/06/2007,WP_P57_1.XLS,05/09/2007,05/09/2007,P,,GD,GD,GD,GD,GD,GD,GD,GD,2.41,2.15,0.13,0.11,0.08,0.08,0.08,0.14,,,,Negative,No
WP_P57/1,096W,06/06/2007,WP_P57_1.XLS,05/09/2007,05/09/2007,P,,GD,GD,GD,GD,GD,GD,GD,GD,1.43,0.97,0.08,0.07,0.07,0.07,0.09,0.13,,,,Negative,No
WP_P57/2,002G,06/06/2007,WP_P57_2.XLS,19/10/2007,18/10/2007,P,,GD,GD,GD,GD,GD,GD,GD,GD,1.18,1.05,0.2,0.16,0.2,0.22,0.41,0.35,NIL AVG HIGH,,,,No
WP_P58/1,034Y,06/06/2007,WP_P58_1.XLS,05/09/2007,05/09/2007,P,,GD,GD,GD,GD,GD,GD,GD,GD,2.77,2.51,0.12,0.11,0.53,0.5,0.1,0.1,,,,Positive,No
WP_P58/1,035Y,06/06/2007,WP_P58_1.XLS,05/09/2007,05/09/2007,P,,GD,GD,GD,GD,GD,GD,GD,GD,2.65,2.36,0.06,0.06,0.06,0.06,0.08,0.1,,,,Negative,No
WP_P58/1,036Y,06/06/2007,WP_P58_1.XLS,05/09/2007,05/09/2007,P,,GD,GD,GD,GD,GD,GD,GD,GD,1.57,1.2,0.06,0.06,0.07,0.06,0.07,0.1,,,,Negative,No
WP_P58/1,037Y,06/06/2007,WP_P58_1.XLS,05/09/2007,05/09/2007,P,,GD,GD,GD,GD,GD,GD,GD,GD,2.17,1.84,0.06,0.07,0.06,0.05,0.07,0.1,,,,Negative,No
WP_P58/1,038Y,06/06/2007,WP_P58_1.XLS,05/09/2007,05/09/2007,F,,GD,GD,GD,GD,GD,GD,GD,GD,0.98,0.65,0.08,0.06,0.06,0.07,0.09,0.12,,,LOW PWM,Negative,No
WP_P58/1,039Y,06/06/2007,WP_P58_1.XLS,05/09/2007,05/09/2007,F,,GD,GD,GD,GD,GD,GD,GD,GD,0.72,0.56,0.07,0.06,0.1,0.06,0.09,0.13,,,LOW PWM,Negative,No
WP_P58/1,040Y,06/06/2007,WP_P58_1.XLS,05/09/2007,05/09/2007,P,,GD,GD,GD,GD,GD,GD,GD,GD,1.28,1.07,0.07,0.06,0.06,0.06,0.07,0.1,,,,Negative,No
WP_P58/1,041Y,06/06/2007,WP_P58_1.XLS,05/09/2007,05/09/2007,P,,GD,GD,GD,GD,GD,GD,GD,GD,1.45,1.32,0.08,0.06,0.69,0.62,0.1,0.13,,,,Positive,No
WP_P59/1,008Y,21/08/2007,WP_P59_1.XLS,14/09/2007,05/09/2007,P,,GD,GD,GD,GD,GD,GD,GD,GD,2.88,2.54,0.05,0.05,0.05,0.05,0.05,0.08,,,,Negative,No
WP_P59/1,010Y,21/08/2007,WP_P59_1.XLS,14/09/2007,05/09/2007,P,,GD,GD,GD,GD,GD,GD,GD,GD,2.84,2.39,0.08,0.08,0.07,0.09,0.09,0.14,,,,Negative,No
WP_P59/1,019Y,21/08/2007,WP_P59_1.XLS,14/09/2007,05/09/2007,P,,GD,GD,GD,GD,GD,GD,GD,GD,2.43,1.68,0.06,0.05,0.05,0.06,0.06,0.07,,,,Negative,No
WP_P59/1,020B,21/08/2007,WP_P59_1.XLS,14/09/2007,05/09/2007,P,,GD,GD,GD,GD,GD,GD,GD,GD,2.58,1.91,0.05,0.04,0.05,0.06,0.05,0.07,,,,Negative,No
WP_P59/1,031B,21/08/2007,WP_P59_1.XLS,14/09/2007,05/09/2007,P,,GD,GD,GD,GD,GD,GD,GD,GD,2.27,1.73,0.06,0.14,0.09,0.11,0.09,0.09,,,,Negative,No
WP_P59/1,054G,21/08/2007,WP_P59_1.XLS,14/09/2007,05/09/2007,P,,GD,GD,GD,GD,GD,GD,GD,GD,2.1,1.46,0.06,0.05,0.06,0.06,0.06,0.1,,,,Negative,No
WP_P59/1,055Y,21/08/2007,WP_P59_1.XLS,14/09/2007,05/09/2007,P,,GD,GD,GD,GD,GD,GD,GD,GD,2.96,2.75,0.08,0.08,0.07,0.06,0.08,0.09,,,,Negative,No
WP_P59/1,067R,21/08/2007,WP_P59_1.XLS,14/09/2007,05/09/2007,F,,GD,GD,GD,GD,GD,GD,GD,GD,0.96,0.54,0.05,0.05,0.13,0.19,0.05,0.07,,,LOW PWM,Positive,No
WP_P6/1,039W,01/08/2006,WP_P6_1.XLS,16/04/2007,24/01/2007,P,,GD,GD,GD,GD,GD,GD,GD,GD,2.68,2.63,0.23,0.23,0.24,0.22,0.22,0.22,,,,Negative,No
WP_P6/1,054G,01/08/2006,WP_P6_1.XLS,16/04/2007,24/01/2007,P,,GD,GD,GD,GD,GD,GD,GD,GD,2.4,2.25,0.23,0.23,0.24,0.29,0.25,0.24,NIL AVG HIGH,,,,No
WP_P6/1,054W,01/08/2006,WP_P6_1.XLS,16/04/2007,24/01/2007,,,GD,IV,GD,GD,GD,GD,GD,GD,2.77,,0.23,0.26,0.24,0.24,0.23,0.22,MISSING ODs,,,,No
WP_P6/1,Q028,19/07/2006,WP_P6_1.XLS,16/04/2007,24/01/2007,,,GD,IV,GD,GD,GD,GD,GD,GD,1.62,,0.23,0.25,0.27,0.24,0.28,0.3,MISSING ODs,,,,No
WP_P6/1,U057,01/08/2006,WP_P6_1.XLS,16/04/2007,24/01/2007,P,,GD,GD,GD,GD,GD,GD,GD,GD,2.61,2.67,0.23,0.23,0.24,0.25,0.22,0.21,,,,Negative,No
WP_P6/2,054G,01/08/2006,WP_P6_2.XLS,14/05/2007,04/05/2007,P,,GD,GD,GD,GD,GD,GD,GD,GD,2.34,1.89,0.13,0.12,0.12,0.12,0.13,0.15,,,,Negative,No
WP_P6/2,054W,01/08/2006,WP_P6_2.XLS,14/05/2007,04/05/2007,P,,GD,GD,GD,GD,GD,GD,GD,GD,2.88,2.76,0.13,0.13,0.14,0.13,0.12,0.15,,,,Negative,No
WP_P6/2,Q028,19/07/2006,WP_P6_2B.XLS,14/05/2007,04/05/2007,P,,GD,GD,GD,GD,GD,GD,GD,GD,1.92,1.44,0.18,0.21,0.19,0.17,0.17,0.21,,,,Negative,No
WP_P60/1,011B,21/08/2007,WP_P60_1.XLS,14/09/2007,05/09/2007,P,,GD,GD,GD,GD,GD,GD,GD,GD,3.08,3.1,0.08,0.06,0.07,0.06,0.07,0.1,,,,Negative,No
WP_P60/1,025B,21/08/2007,WP_P60_1.XLS,14/09/2007,05/09/2007,P,,GD,GD,GD,GD,GD,GD,GD,GD,2.88,3.16,0.08,0.07,0.06,0.07,0.08,0.1,,,,Negative,No
WP_P60/1,038R,21/08/2007,WP_P60_1.XLS,14/09/2007,05/09/2007,P,,GD,GD,GD,GD,GD,GD,GD,GD,3.02,2.84,0.09,0.08,1.16,1.14,0.08,0.1,,,,Positive,No
WP_P60/1,040R,21/08/2007,WP_P60_1.XLS,14/09/2007,05/09/2007,P,,GD,GD,GD,GD,GD,GD,GD,GD,2.96,2.8,0.09,0.08,0.12,0.1,0.11,0.11,,,,Negative,No
WP_P60/1,049W,21/08/2007,WP_P60_1.XLS,14/09/2007,05/09/2007,P,,GD,GD,GD,GD,GD,GD,GD,GD,1.89,1.66,0.08,0.07,0.07,0.07,0.08,0.1,,,,Negative,No
WP_P60/1,055B,21/08/2007,WP_P60_1.XLS,14/09/2007,05/09/2007,P,,GD,GD,GD,GD,GD,GD,GD,GD,2.52,2.15,0.08,0.07,0.06,0.06,0.08,0.09,,,,Negative,No
WP_P60/1,056B,21/08/2007,WP_P60_1.XLS,14/09/2007,05/09/2007,P,,GD,GD,GD,GD,GD,GD,GD,GD,2.97,2.59,0.07,0.06,0.06,0.07,0.09,0.11,,,,Negative,No
WP_P60/1,056Y,21/08/2007,WP_P60_1.XLS,14/09/2007,05/09/2007,P,,GD,GD,GD,GD,GD,GD,GD,GD,2.6,2.45,0.12,0.11,0.09,0.07,0.09,0.1,,,,Negative,No
WP_P61/1,011Y,21/08/2007,WP_P61_1.XLS,14/09/2007,05/09/2007,P,,GD,GD,GD,GD,GD,GD,GD,GD,2.27,1.73,0.07,0.07,0.06,0.07,0.09,0.13,,,,Negative,No
WP_P61/1,012Y,21/08/2007,WP_P61_1.XLS,14/09/2007,05/09/2007,P,,GD,GD,GD,GD,GD,GD,GD,GD,2.71,2.56,0.08,0.07,0.11,0.12,0.12,0.18,,,,Negative,No
WP_P61/1,013Y,21/08/2007,WP_P61_1.XLS,14/09/2007,05/09/2007,P,,GD,GD,GD,GD,GD,GD,GD,GD,1.33,0.93,0.07,0.07,0.06,0.07,0.08,0.12,,,,Negative,No
WP_P61/1,015Y,21/08/2007,WP_P61_1.XLS,14/09/2007,05/09/2007,P,,GD,GD,GD,GD,GD,GD,GD,GD,1.59,1.18,0.08,0.07,0.07,0.06,0.07,0.12,,,,Negative,No
WP_P61/1,016Y,21/08/2007,WP_P61_1.XLS,14/09/2007,05/09/2007,P,,GD,GD,GD,GD,GD,GD,GD,GD,1.96,1.35,0.09,0.08,0.28,0.29,0.09,0.13,,,,Positive,No
WP_P61/1,020Y,21/08/2007,WP_P61_1.XLS,14/09/2007,05/09/2007,P,,GD,GD,GD,GD,GD,GD,GD,GD,3.1,2.78,0.09,0.08,0.1,0.08,0.11,0.14,,,,Negative,No
WP_P61/1,054W,21/08/2007,WP_P61_1.XLS,14/09/2007,05/09/2007,P,,GD,GD,GD,GD,GD,GD,GD,GD,2.8,2.41,0.07,0.06,0.06,0.07,0.07,0.09,,,,Negative,No
WP_P61/1,U068,21/08/2007,WP_P61_1.XLS,14/09/2007,05/09/2007,P,,GD,GD,GD,GD,GD,GD,GD,GD,2.35,1.97,0.09,0.07,0.07,0.06,0.08,0.09,,,,Negative,No
WP_P62/1,021Y,21/08/2007,WP_P62_1.XLS,14/09/2007,05/09/2007,P,,GD,GD,GD,GD,GD,GD,GD,GD,2.85,2.94,0.11,0.08,0.72,0.72,0.1,0.11,,,,Positive,No
WP_P62/1,057Y,21/08/2007,WP_P62_1.XLS,14/09/2007,05/09/2007,P,,GD,GD,GD,GD,GD,GD,GD,GD,1.82,1.76,0.07,0.07,0.06,0.07,0.08,0.1,,,,Negative,No
WP_P62/1,058Y,21/08/2007,WP_P62_1.XLS,14/09/2007,05/09/2007,P,,GD,GD,GD,GD,GD,GD,GD,GD,2.76,3.17,0.08,0.07,0.07,0.07,0.08,0.12,,,,Negative,No
WP_P62/1,059Y,21/08/2007,WP_P62_1.XLS,14/09/2007,05/09/2007,F,,GD,GD,GD,GD,GD,GD,GD,GD,0.98,0.77,0.07,0.07,0.09,0.09,0.07,0.12,,,LOW PWM,Negative,No
WP_P62/1,060Y,21/08/2007,WP_P62_1.XLS,14/09/2007,05/09/2007,P,,GD,GD,GD,GD,GD,GD,GD,GD,2.09,1.74,0.07,0.07,0.07,0.07,0.08,0.12,,,,Negative,No
WP_P62/1,062Y,22/08/2007,WP_P62_1.XLS,14/09/2007,05/09/2007,P,,GD,GD,GD,GD,GD,GD,GD,GD,2.56,2.46,0.07,0.07,0.07,0.06,0.08,0.11,,,,Negative,No
WP_P63/1,022Y,22/08/2007,WP_P63_1.XLS,14/09/2007,05/09/2007,P,,GD,GD,GD,GD,GD,GD,GD,GD,2.65,2.63,0.08,0.07,0.08,0.07,0.09,0.11,,,,Negative,No
WP_P63/1,024Y,22/08/2007,WP_P63_1.XLS,14/09/2007,05/09/2007,P,,GD,GD,GD,GD,GD,GD,GD,GD,1.58,1.32,0.07,0.08,0.07,0.06,0.09,0.11,,,,Negative,No
WP_P63/1,036R,22/08/2007,WP_P63_1.XLS,14/09/2007,05/09/2007,P,,GD,GD,GD,GD,GD,GD,GD,GD,3.05,3.05,0.1,0.09,0.1,0.11,0.1,0.1,,,,Negative,No
WP_P63/1,039W,22/08/2007,WP_P63_1.XLS,14/09/2007,05/09/2007,P,,GD,GD,GD,GD,GD,GD,GD,GD,1.73,2.51,0.08,0.07,0.07,0.07,0.08,0.09,,,,Negative,No
WP_P63/1,041W,22/08/2007,WP_P63_1.XLS,14/09/2007,05/09/2007,P,,GD,GD,GD,GD,GD,GD,GD,GD,1.18,1.3,0.07,0.07,0.07,0.06,0.08,0.12,,,,Negative,No
WP_P63/1,050W,22/08/2007,WP_P63_1.XLS,14/09/2007,05/09/2007,P,,GD,GD,GD,GD,GD,GD,GD,GD,1.33,1.44,0.08,0.08,0.07,0.07,0.09,0.11,,,,Negative,No
WP_P63/1,052W,22/08/2007,WP_P63_1.XLS,14/09/2007,05/09/2007,P,,GD,GD,GD,GD,GD,GD,GD,GD,2.88,2.91,0.08,0.07,0.09,0.09,0.08,0.11,,,,Negative,No
WP_P63/1,061Y,22/08/2007,WP_P63_1.XLS,14/09/2007,05/09/2007,P,,GD,GD,GD,GD,GD,GD,GD,GD,2.75,2.73,0.1,0.1,0.08,0.07,0.1,0.1,,,,Negative,No
WP_P64/1,023B,11/09/2007,WP_P64_1.XLS,01/10/2007,25/09/2007,F,,GD,GD,GD,GD,GD,GD,GD,GD,0.82,0.61,0.06,0.06,0.07,0.09,0.07,0.09,,,LOW PWM,Negative,No
WP_P64/1,025Y,11/09/2007,WP_P64_1.XLS,01/10/2007,25/09/2007,P,,GD,GD,GD,GD,GD,GD,GD,GD,1.72,1.24,0.05,0.05,0.13,0.13,0.06,0.09,,,,Positive,No
WP_P64/1,029Y,11/09/2007,WP_P64_1.XLS,01/10/2007,25/09/2007,P,,GD,GD,GD,GD,GD,GD,GD,GD,2.33,2.04,0.05,0.05,0.07,0.08,0.06,0.2,,,,Negative,No
WP_P64/1,033Y,11/09/2007,WP_P64_1.XLS,01/10/2007,25/09/2007,P,,GD,GD,GD,GD,GD,GD,GD,GD,2.3,1.88,0.07,0.11,0.06,0.12,0.07,0.1,,,,Negative,No
WP_P64/1,034G,11/09/2007,WP_P64_1.XLS,01/10/2007,25/09/2007,F,,GD,GD,GD,GD,GD,GD,GD,GD,0.65,0.51,0.05,0.05,0.08,0.05,0.05,0.06,,,LOW PWM,Negative,No
WP_P64/1,055G,11/09/2007,WP_P64_1.XLS,01/10/2007,25/09/2007,F,,GD,GD,GD,GD,GD,GD,GD,GD,0.99,0.73,0.07,0.06,0.31,0.27,0.07,0.11,,,LOW PWM,Positive,No
WP_P64/1,058B,11/09/2007,WP_P64_1.XLS,01/10/2007,25/09/2007,F,,GD,GD,GD,GD,GD,GD,GD,GD,0.91,0.59,0.07,0.05,0.07,0.06,0.12,0.08,,,LOW PWM,Negative,No
WP_P64/1,093W,11/09/2007,WP_P64_1.XLS,01/10/2007,25/09/2007,P,,GD,GD,GD,GD,GD,GD,GD,GD,2.05,1.6,0.06,0.05,0.05,0.05,0.07,0.09,,,,Negative,No
WP_P65/1,017B,11/09/2007,WP_P65_1.XLS,01/10/2007,25/09/2007,P,,GD,GD,GD,GD,GD,GD,GD,GD,2.47,1.53,0.06,0.06,0.09,0.06,0.06,0.07,,,,Negative,No
WP_P65/1,018B,11/09/2007,WP_P65_1.XLS,01/10/2007,25/09/2007,P,,GD,GD,GD,GD,GD,GD,GD,GD,2.2,1.81,0.07,0.09,0.07,0.06,0.07,0.14,,,,Negative,No
WP_P65/1,021B,11/09/2007,WP_P65_1.XLS,01/10/2007,25/09/2007,P,,GD,GD,GD,GD,GD,GD,GD,GD,2.1,1.56,0.08,0.06,0.05,0.05,0.14,0.07,,,,Negative,No
WP_P65/1,024B,11/09/2007,WP_P65_1.XLS,01/10/2007,25/09/2007,P,,GD,GD,GD,GD,GD,GD,GD,GD,2.29,1.47,0.05,0.06,0.08,0.08,0.06,0.1,,,,Negative,No
WP_P65/1,029B,11/09/2007,WP_P65_1.XLS,01/10/2007,25/09/2007,F,,GD,GD,GD,GD,GD,GD,GD,GD,0.91,0.55,0.05,0.05,0.06,0.05,0.06,0.09,,,LOW PWM,Negative,No
WP_P65/1,030B,11/09/2007,WP_P65_1.XLS,01/10/2007,25/09/2007,P,,GD,GD,GD,GD,GD,GD,GD,GD,2.11,1.09,0.06,0.05,0.05,0.05,0.06,0.07,,,,Negative,No
WP_P65/1,035B,11/09/2007,WP_P65_1.XLS,01/10/2007,25/09/2007,F,,GD,GD,GD,GD,GD,GD,GD,GD,0.69,0.5,0.06,0.07,0.06,0.06,0.08,0.07,,,LOW PWM,Negative,No
WP_P65/1,036Y,11/09/2007,WP_P65_1.XLS,01/10/2007,25/09/2007,P,,GD,GD,GD,GD,GD,GD,GD,GD,2.55,2.49,0.06,0.06,0.06,0.06,0.07,0.09,,,,Negative,No
WP_P66/1,002G,11/09/2007,WP_P66_1.XLS,01/10/2007,25/09/2007,F,,GD,GD,GD,GD,GD,GD,GD,GD,0.25,0.21,0.07,0.06,0.07,0.06,0.07,0.09,,,LOW PWM,Negative,No
WP_P66/1,059B,11/09/2007,WP_P66_1.XLS,01/10/2007,25/09/2007,P,,GD,GD,GD,GD,GD,GD,GD,GD,2.56,2.56,0.11,0.1,0.3,0.32,0.1,0.1,,,,Positive,No
WP_P66/1,059R,11/09/2007,WP_P66_1.XLS,01/10/2007,25/09/2007,P,,GD,GD,GD,GD,GD,GD,GD,GD,2.4,2.21,0.08,0.11,0.62,0.65,0.09,0.09,,,,Positive,No
WP_P66/1,064W,11/09/2007,WP_P66_1.XLS,01/10/2007,25/09/2007,P,,GD,GD,GD,GD,GD,GD,GD,GD,1.31,1.04,0.08,0.07,0.2,0.18,0.07,0.08,,,,Positive,No
WP_P66/1,066R,11/09/2007,WP_P66_1.XLS,01/10/2007,25/09/2007,P,,GD,GD,GD,GD,GD,GD,GD,GD,2.08,1.82,0.07,0.07,0.09,0.1,0.08,0.09,,,,Negative,No
WP_P66/1,096W,11/09/2007,WP_P66_1.XLS,01/10/2007,25/09/2007,P,,GD,GD,GD,GD,GD,GD,GD,GD,1.66,1.49,0.08,0.07,0.09,0.07,0.08,0.08,,,,Negative,No
WP_P66/1,I007,11/09/2007,WP_P66_1.XLS,01/10/2007,25/09/2007,P,,GD,GD,GD,GD,GD,GD,GD,GD,1.25,1.24,0.11,0.1,0.15,0.16,0.08,0.09,,,,Positive,No
WP_P66/1,Q065,11/09/2007,WP_P66_1.XLS,01/10/2007,25/09/2007,F,,GD,GD,GD,GD,GD,GD,GD,GD,0.8,0.6,0.1,0.09,0.11,0.11,0.07,0.11,,,LOW PWM,Negative,No
WP_P67/1,030Y,11/09/2007,WP_P67_1.XLS,01/10/2007,25/09/2007,P,,GD,GD,GD,GD,GD,GD,GD,GD,2.8,2.62,0.08,0.1,0.08,0.08,0.08,0.08,,,,Negative,No
WP_P67/1,031Y,11/09/2007,WP_P67_1.XLS,01/10/2007,25/09/2007,P,,GD,GD,GD,GD,GD,GD,GD,GD,2.47,2.31,0.08,0.09,0.07,0.08,0.07,0.08,,,,Negative,No
WP_P67/1,039Y,11/09/2007,WP_P67_1.XLS,01/10/2007,25/09/2007,P,,GD,GD,GD,GD,GD,GD,GD,GD,2.18,2.01,0.09,0.07,0.07,0.07,0.07,0.07,,,,Negative,No
WP_P67/1,040Y,11/09/2007,WP_P67_1.XLS,01/10/2007,25/09/2007,P,,GD,GD,GD,GD,GD,GD,GD,GD,2.56,2.47,0.09,0.07,0.09,0.09,0.07,0.08,,,,Negative,No
WP_P67/1,069R,11/09/2007,WP_P67_1.XLS,01/10/2007,25/09/2007,P,,GD,GD,GD,GD,GD,GD,GD,GD,1.12,0.93,0.09,0.07,0.29,0.23,0.08,0.08,,,,Positive,No
WP_P67/1,Q074,11/09/2007,WP_P67_1.XLS,01/10/2007,25/09/2007,P,,GD,GD,GD,GD,GD,GD,GD,GD,1.46,1.15,0.07,0.14,1.47,1.47,0.07,0.08,,,,Positive,No
WP_P68/1,015B,12/09/2007,WP_P68_1.XLS,01/10/2007,25/09/2007,P,,GD,GD,GD,GD,GD,GD,GD,GD,2.46,2.31,0.11,0.1,0.16,0.19,0.1,0.1,,,,Positive,No
WP_P68/1,051R,12/09/2007,WP_P68_1.XLS,01/10/2007,25/09/2007,F,,GD,GD,GD,GD,GD,GD,GD,GD,0.95,0.66,0.07,0.08,0.09,0.08,0.09,0.09,,,LOW PWM,Negative,No
WP_P68/1,058R,12/09/2007,WP_P68_1.XLS,01/10/2007,25/09/2007,P,,GD,GD,GD,GD,GD,GD,GD,GD,1.79,1.47,0.09,0.09,0.2,0.19,0.1,0.12,,,,Positive,No
WP_P68/1,061B,12/09/2007,WP_P68_1.XLS,01/10/2007,25/09/2007,P,,GD,GD,GD,GD,GD,GD,GD,GD,2.24,2.02,0.09,0.08,0.08,0.08,0.08,0.15,,,,Negative,No
WP_P68/1,062W,12/09/2007,WP_P68_1.XLS,01/10/2007,25/09/2007,F,,GD,GD,GD,GD,GD,GD,GD,GD,0.81,0.64,0.08,0.08,0.09,0.07,0.07,0.17,,,LOW PWM,Negative,No
WP_P68/1,063W,12/09/2007,WP_P68_1.XLS,01/10/2007,25/09/2007,P,,GD,GD,GD,GD,GD,GD,GD,GD,1.19,1.02,0.08,0.08,0.07,0.07,0.07,0.08,,,,Negative,No
WP_P68/1,066W,12/09/2007,WP_P68_1.XLS,01/10/2007,25/09/2007,P,,GD,GD,GD,GD,GD,GD,GD,GD,2.38,2.39,0.11,0.11,0.1,0.1,0.1,0.1,,,,Negative,No
WP_P68/1,D077,12/09/2007,WP_P68_1.XLS,01/10/2007,25/09/2007,F,,GD,GD,GD,GD,GD,GD,GD,GD,1.09,0.84,0.11,0.11,0.11,0.08,0.16,0.12,,,LOW PWM,Negative,No
WP_P69/1,028Y,12/09/2007,WP_P69_1.XLS,01/10/2007,25/09/2007,P,,GD,GD,GD,GD,GD,GD,GD,GD,2.44,2.16,0.07,0.08,0.07,0.07,0.07,0.09,,,,Negative,No
WP_P69/1,034Y,12/09/2007,WP_P69_1.XLS,01/10/2007,25/09/2007,P,,GD,GD,GD,GD,GD,GD,GD,GD,2.18,1.9,0.07,0.07,0.32,0.33,0.07,0.09,,,,Positive,No
WP_P69/1,072W,12/09/2007,WP_P69_1.XLS,01/10/2007,25/09/2007,P,,GD,GD,GD,GD,GD,GD,GD,GD,1.78,1.66,0.08,0.09,0.1,0.11,0.1,0.1,,,,Negative,No
WP_P69/1,103W,12/09/2007,WP_P69_1.XLS,01/10/2007,25/09/2007,P,,GD,GD,GD,GD,GD,GD,GD,GD,2.35,1.96,0.07,0.07,0.07,0.11,0.07,0.13,,,,Negative,No
WP_P7/1,011B,01/08/2006,WP_P7_1.XLS,16/04/2007,24/01/2007,P,,GD,GD,GD,GD,GD,GD,GD,GD,2.45,2.19,0.21,0.22,0.21,0.21,0.21,0.24,,,,Negative,No
WP_P7/1,012B,01/08/2006,WP_P7_1.XLS,16/04/2007,24/01/2007,P,,GD,GD,GD,GD,GD,GD,GD,GD,2.72,2.54,0.18,0.18,0.19,0.21,0.21,0.21,,,,Negative,No
WP_P7/1,041W,01/08/2006,WP_P7_1.XLS,16/04/2007,24/01/2007,P,,GD,GD,GD,GD,GD,GD,GD,GD,2.53,2.39,0.2,0.2,0.21,0.23,0.24,0.25,NIL AVG HIGH,,,,No
WP_P7/1,052W,01/08/2006,WP_P7_1.XLS,16/04/2007,24/01/2007,P,,GD,GD,GD,GD,GD,GD,GD,GD,1.2,1.05,0.2,0.2,0.21,0.21,0.25,0.25,NIL AVG HIGH,,,,No
WP_P7/1,053W,01/08/2006,WP_P7_1.XLS,16/04/2007,24/01/2007,P,,GD,GD,GD,GD,GD,GD,GD,GD,2.46,2.7,0.56,0.56,1.23,1.28,0.72,0.72,NIL AVG HIGH,,,,No
WP_P7/1,054B,01/08/2006,WP_P7_1.XLS,16/04/2007,24/01/2007,P,,GD,GD,GD,GD,GD,GD,GD,GD,2.61,2.42,0.21,0.2,0.2,0.2,0.22,0.23,,,,Negative,No
WP_P7/1,055B,01/08/2006,WP_P7_1.XLS,16/04/2007,24/01/2007,P,,GD,GD,GD,GD,GD,GD,GD,GD,2.23,2.02,0.19,0.2,0.2,0.2,0.22,0.23,,,,Negative,No
WP_P7/1,H069,01/08/2006,WP_P7_1.XLS,16/04/2007,24/01/2007,P,,GD,GD,GD,GD,GD,GD,GD,GD,2.46,2.39,0.19,0.21,0.21,0.31,0.29,0.27,NIL AVG HIGH,,,,No
WP_P7/2,011B,01/08/2006,WP_P7_2.XLS,14/05/2007,04/05/2007,P,,GD,GD,GD,GD,GD,GD,GD,GD,2.78,2.42,0.1,0.1,0.1,0.09,0.11,0.14,,,,Negative,No
WP_P7/2,041W,01/08/2006,WP_P7_2.XLS,14/05/2007,04/05/2007,P,,GD,GD,GD,GD,GD,GD,GD,GD,2.84,2.18,0.09,0.09,0.08,0.08,0.09,0.13,,,,Negative,No
WP_P7/2,052W,01/08/2006,WP_P7_2.XLS,14/05/2007,04/05/2007,P,,GD,GD,GD,GD,GD,GD,GD,GD,1.44,0.86,0.09,0.08,0.09,0.08,0.11,0.16,,,,Negative,No
WP_P7/2,053W,01/08/2006,WP_P7_2.XLS,14/05/2007,04/05/2007,P,,GD,GD,GD,GD,GD,GD,GD,GD,2.82,2.85,0.29,0.28,0.73,0.78,0.35,0.5,NIL AVG HIGH,,,,No
WP_P7/2,054B,01/08/2006,WP_P7_2.XLS,14/05/2007,04/05/2007,P,,GD,GD,GD,GD,GD,GD,GD,GD,2.9,1.97,0.08,0.08,0.08,0.08,0.09,0.14,,,,Negative,No
WP_P7/2,055B,01/08/2006,WP_P7_2.XLS,14/05/2007,04/05/2007,P,,GD,GD,GD,GD,GD,GD,GD,GD,2.46,1.65,0.08,0.08,0.08,0.08,0.09,0.13,,,,Negative,No
WP_P7/2,H069,01/08/2006,WP_P7_2.XLS,14/05/2007,04/05/2007,P,,GD,GD,GD,GD,GD,GD,GD,GD,2.47,1.89,0.09,0.08,0.08,0.07,0.09,0.11,,,,Negative,No
WP_P70/1,012Y,09/10/2007,WP_P70_1.XLS,26/10/2007,18/10/2007,P,,GD,GD,GD,GD,GD,GD,GD,GD,2.83,2.94,0.12,0.11,0.14,0.12,0.12,0.16,,,,Negative,No
WP_P70/1,013Y,09/10/2007,WP_P70_1.XLS,26/10/2007,18/10/2007,P,,GD,GD,GD,GD,GD,GD,GD,GD,1.31,1.13,0.1,0.11,0.15,0.13,0.12,0.15,,,,Negative,No
WP_P70/1,019B,09/10/2007,WP_P70_1.XLS,26/10/2007,18/10/2007,P,,GD,GD,GD,GD,GD,GD,GD,GD,2.35,2.24,0.12,0.11,0.12,0.11,0.13,0.16,,,,Negative,No
WP_P70/1,019Y,09/10/2007,WP_P70_1.XLS,26/10/2007,18/10/2007,,,GD,IV,GD,GD,GD,GD,GD,GD,2.23,,0.1,0.1,0.1,0.1,0.11,0.13,MISSING ODs,,,,No
WP_P70/1,020B,09/10/2007,WP_P70_1.XLS,26/10/2007,18/10/2007,P,,GD,GD,GD,GD,GD,GD,GD,GD,2.91,2.71,0.11,0.11,0.15,0.14,0.12,0.15,,,,Negative,No
WP_P70/1,021Y,09/10/2007,WP_P70_1.XLS,26/10/2007,18/10/2007,P,,GD,GD,GD,GD,GD,GD,GD,GD,2.45,2.32,0.11,0.13,1.02,0.95,0.13,0.15,,,,Positive,No
WP_P70/1,055B,09/10/2007,WP_P70_1.XLS,26/10/2007,18/10/2007,P,,GD,GD,GD,GD,GD,GD,GD,GD,2.7,2.49,0.12,0.11,0.14,0.12,0.11,0.13,,,,Negative,No
WP_P70/1,058Y,09/10/2007,WP_P70_1.XLS,26/10/2007,18/10/2007,P,,GD,GD,GD,GD,GD,GD,GD,GD,2.98,2.91,0.11,0.11,0.1,0.09,0.11,0.12,,,,Negative,No
WP_P70/2,019Y,09/10/2007,WP_P70_2.XLS,15/02/2008,14/02/2008,P,,GD,GD,GD,GD,GD,GD,GD,GD,3.26,3.1,0.06,0.06,0.07,0.05,0.08,0.1,,,,Negative,No
WP_P71/1,011Y,09/10/2007,WP_P71_1.XLS,26/10/2007,18/10/2007,P,,GD,GD,GD,GD,GD,GD,GD,GD,3.05,2.85,0.12,0.13,0.12,0.22,0.15,0.17,,,,Positive,No
WP_P71/1,012B,09/10/2007,WP_P71_1.XLS,26/10/2007,18/10/2007,F,,GD,GD,GD,GD,GD,GD,GD,GD,1,0.9,0.1,0.1,0.21,0.2,0.14,0.15,,,LOW PWM,Positive,No
WP_P71/1,036R,09/10/2007,WP_P71_1.XLS,26/10/2007,18/10/2007,P,,GD,GD,GD,GD,GD,GD,GD,GD,3.12,2.93,0.12,0.14,0.18,0.13,0.12,0.13,,,,Negative,No
WP_P71/1,040R,09/10/2007,WP_P71_1.XLS,26/10/2007,18/10/2007,P,,GD,GD,GD,GD,GD,GD,GD,GD,1.99,1.83,0.14,0.13,0.28,0.19,0.14,0.16,,,,Positive,No
WP_P71/1,041W,09/10/2007,WP_P71_1.XLS,26/10/2007,18/10/2007,P,,GD,GD,GD,GD,GD,GD,GD,GD,2.09,2,0.12,0.11,0.14,0.14,0.15,0.16,,,,Negative,No
WP_P71/1,052W,09/10/2007,WP_P71_1.XLS,26/10/2007,18/10/2007,P,,GD,GD,GD,GD,GD,GD,GD,GD,2.62,2.54,0.16,0.16,0.15,0.14,0.19,0.21,,,,Negative,No
WP_P71/1,054G,09/10/2007,WP_P71_1.XLS,26/10/2007,18/10/2007,P,,GD,GD,GD,GD,GD,GD,GD,GD,1.79,1.56,0.09,0.09,0.11,0.11,0.13,0.14,,,,Negative,No
WP_P71/1,U064,09/10/2007,WP_P71_1.XLS,26/10/2007,18/10/2007,P,,GD,GD,GD,GD,GD,GD,GD,GD,1.67,1.5,0.18,0.11,0.14,0.12,0.16,0.17,,,,Negative,No
WP_P72/1,031B,10/10/2007,WP_P72_1.XLS,26/10/2007,18/10/2007,P,,GD,GD,GD,GD,GD,GD,GD,GD,2.27,2.08,0.12,0.11,0.12,0.11,0.18,0.18,,,,Negative,No
WP_P72/1,043W,10/10/2007,WP_P72_1.XLS,26/10/2007,18/10/2007,P,,GD,GD,GD,GD,GD,GD,GD,GD,2.25,2.13,0.11,0.12,0.11,0.11,0.14,0.14,,,,Negative,No
WP_P72/1,057Y,10/10/2007,WP_P72_1.XLS,26/10/2007,18/10/2007,P,,GD,GD,GD,GD,GD,GD,GD,GD,1.45,1.42,0.12,0.12,0.12,0.12,0.18,0.19,,,,Negative,No
WP_P72/1,060Y,10/10/2007,WP_P72_1.XLS,26/10/2007,18/10/2007,P,,GD,GD,GD,GD,GD,GD,GD,GD,2.87,2.78,0.09,0.1,0.1,0.1,0.12,0.14,,,,Negative,No
WP_P72/1,062Y,10/10/2007,WP_P72_1.XLS,26/10/2007,18/10/2007,P,,GD,GD,GD,GD,GD,GD,GD,GD,2.58,2.3,0.16,0.16,0.15,0.14,0.17,0.2,,,,Negative,No
WP_P72/1,064Y,10/10/2007,WP_P72_1.XLS,26/10/2007,18/10/2007,P,,GD,GD,GD,GD,GD,GD,GD,GD,2.64,2.47,0.11,0.11,0.11,0.11,0.12,0.13,,,,Negative,No
WP_P73/1,006Y,23/10/2007,WP_P73_1.XLS,02/11/2007,02/11/2007,P,,GD,GD,GD,GD,GD,GD,GD,GD,2.97,2.77,0.14,0.12,0.09,0.09,0.1,0.1,,,,Negative,No
WP_P73/1,025W,23/10/2007,WP_P73_1.XLS,02/11/2007,02/11/2007,P,,GD,GD,GD,GD,GD,GD,GD,GD,1.22,1.22,0.12,0.09,0.09,0.09,0.1,0.12,,,,Negative,No
WP_P73/1,038R,23/10/2007,WP_P73_1.XLS,02/11/2007,02/11/2007,P,,GD,GD,GD,GD,GD,GD,GD,GD,3.11,2.98,0.14,0.13,0.98,1.02,0.13,0.13,,,,Positive,No
WP_P73/1,047Y,23/10/2007,WP_P73_1.XLS,02/11/2007,02/11/2007,P,,GD,GD,GD,GD,GD,GD,GD,GD,2.26,2.05,0.09,0.09,0.1,0.09,0.1,0.12,,,,Negative,No
WP_P73/1,048Y,23/10/2007,WP_P73_1.XLS,02/11/2007,02/11/2007,P,,GD,GD,GD,GD,GD,GD,GD,GD,2.29,1.97,0.1,0.11,0.1,0.1,0.12,0.14,,,,Negative,No
WP_P73/1,062G,23/10/2007,WP_P73_1.XLS,02/11/2007,02/11/2007,P,,GD,GD,GD,GD,GD,GD,GD,GD,1.37,1.16,0.09,0.09,0.1,0.1,0.1,0.11,,,,Negative,No
WP_P73/1,065Y,23/10/2007,WP_P73_1.XLS,02/11/2007,02/11/2007,P,,GD,GD,GD,GD,GD,GD,GD,GD,2.66,2.52,0.46,0.47,0.45,0.46,0.38,0.31,NIL AVG HIGH,,,,No
WP_P73/1,089W,23/10/2007,WP_P73_1.XLS,02/11/2007,02/11/2007,F,,GD,GD,GD,GD,GD,GD,GD,GD,0.05,0.04,0.05,0.05,0.05,0.05,0.11,0.13,,,LOW PWM,Negative,No
WP_P73/2,065Y,23/10/2007,WP_P73_2.XLS,15/02/2008,14/02/2008,,,GD,IV,GD,GD,GD,GD,GD,GD,2.72,,0.39,0.36,0.33,0.33,0.42,0.47,MISSING ODs,,,,No
WP_P74/1,018G,23/10/2007,WP_P74_1.XLS,02/11/2007,02/11/2007,P,,GD,GD,GD,GD,GD,GD,GD,GD,2.21,1.95,0.11,0.09,0.1,0.09,0.11,0.12,,,,Negative,No
WP_P74/1,038B,23/10/2007,WP_P74_1.XLS,02/11/2007,02/11/2007,F,,GD,GD,GD,GD,GD,GD,GD,GD,0.81,0.62,0.09,0.09,0.09,0.09,0.11,0.14,,,LOW PWM,Negative,No
WP_P74/1,039B,23/10/2007,WP_P74_1.XLS,02/11/2007,02/11/2007,P,,GD,GD,GD,GD,GD,GD,GD,GD,3.19,2.97,0.1,0.1,0.09,0.09,0.11,0.16,,,,Negative,No
WP_P74/1,042G,23/10/2007,WP_P74_1.XLS,02/11/2007,02/11/2007,P,,GD,GD,GD,GD,GD,GD,GD,NS,2.23,2.07,0.11,0.11,0.1,0.11,0.12,,,NO SAMPLE,,,No
WP_P74/1,049B,23/10/2007,WP_P74_1.XLS,02/11/2007,02/11/2007,P,,GD,GD,GD,GD,GD,GD,GD,GD,2.39,2.05,0.1,0.09,0.11,0.1,0.15,0.4,NIL AVG HIGH,,,,No
WP_P74/1,050G,23/10/2007,WP_P74_1.XLS,02/11/2007,02/11/2007,,,GD,IV,GD,GD,GD,GD,GD,IV,1.07,,0.1,0.09,0.23,0.16,0.24,,MISSING ODs,,,,No
WP_P74/1,051B,23/10/2007,WP_P74_1.XLS,02/11/2007,02/11/2007,F,,GD,GD,GD,GD,GD,GD,GD,NS,0.82,0.72,0.1,0.1,0.66,0.66,0.11,,,NO SAMPLE,,,No
WP_P74/1,052Y,23/10/2007,WP_P74_1.XLS,02/11/2007,02/11/2007,P,,GD,GD,GD,GD,GD,GD,GD,GD,2.57,2.38,0.13,0.12,0.1,0.11,0.13,0.13,,,,Negative,No
WP_P74/2,049B,23/10/2007,WP_P74_2.XLS,15/02/2008,14/02/2008,P,,GD,GD,GD,GD,GD,GD,GD,GD,3.01,2.61,0.05,0.05,0.06,0.06,0.06,0.08,,,,Negative,No
WP_P74/2,050G,23/10/2007,WP_P74_2.XLS,15/02/2008,14/02/2008,P,,GD,GD,GD,GD,GD,GD,GD,GD,1.69,1.17,0.06,0.04,0.08,0.08,0.05,0.07,,,,Negative,No
WP_P75/1,044Y,23/10/2007,WP_P75_1.XLS,02/11/2007,02/11/2007,P,,GD,GD,GD,GD,GD,GD,GD,GD,1.26,1.04,0.1,0.11,0.26,0.26,0.11,0.13,,,,Positive,No
WP_P75/1,053Y,23/10/2007,WP_P75_1.XLS,02/11/2007,02/11/2007,P,,GD,GD,GD,GD,GD,GD,GD,GD,2.21,1.82,0.1,0.09,0.13,0.13,0.11,0.13,,,,Negative,No
WP_P75/1,066Y,23/10/2007,WP_P75_1.XLS,02/11/2007,02/11/2007,P,,GD,GD,GD,GD,GD,GD,GD,GD,1.61,1.43,0.15,0.14,0.1,0.1,0.12,0.12,,,,Negative,No
WP_P75/1,067Y,23/10/2007,WP_P75_1.XLS,02/11/2007,02/11/2007,P,,GD,GD,GD,GD,GD,GD,GD,GD,3.22,3.03,0.1,0.1,0.14,0.13,0.1,0.12,,,,Negative,No
WP_P75/1,082W,23/10/2007,WP_P75_1.XLS,02/11/2007,02/11/2007,,,GD,IV,GD,GD,GD,GD,GD,GD,0.41,,0.11,0.1,0.15,0.11,0.12,0.15,MISSING ODs,,,,No
WP_P75/1,H027,23/10/2007,WP_P75_1.XLS,02/11/2007,02/11/2007,,,GD,IV,GD,IV,GD,GD,GD,GD,0.86,,0.21,,0.23,0.24,0.14,0.13,MISSING ODs,,,,No
WP_P75/1,I008,23/10/2007,WP_P75_1.XLS,02/11/2007,02/11/2007,,,GD,IV,GD,GD,GD,GD,GD,GD,0.57,,0.12,0.1,0.13,0.13,0.15,0.16,MISSING ODs,,,,No
WP_P75/2,082W,23/10/2007,WP_P75_2.XLS,15/02/2008,14/02/2008,F,,GD,GD,GD,GD,GD,GD,GD,GD,0.72,0.47,0.06,0.05,0.06,0.06,0.11,0.1,,,LOW PWM,Negative,No
WP_P75/2,H027,23/10/2007,WP_P75_2.XLS,15/02/2008,14/02/2008,F,,GD,GD,GD,GD,GD,GD,GD,GD,0.74,0.65,0.05,0.04,0.3,0.3,0.05,0.06,,,LOW PWM,Positive,No
WP_P75/2,I008,23/10/2007,WP_P75_2.XLS,15/02/2008,14/02/2008,F,,GD,GD,GD,GD,GD,GD,GD,GD,0.57,0.41,0.07,0.05,0.05,0.05,0.06,0.08,,,LOW PWM,Negative,No
WP_P76/1,017R,24/10/2007,WP_P76_1.XLS,02/11/2007,02/11/2007,P,,GD,GD,GD,GD,GD,GD,GD,GD,2.07,1.57,0.06,0.06,0.55,0.57,0.1,0.14,,,,Positive,No
WP_P76/1,043Y,24/10/2007,WP_P76_1.XLS,02/11/2007,02/11/2007,P,,GD,GD,GD,GD,GD,GD,GD,GD,2.71,2.18,0.09,0.08,0.08,0.08,0.12,0.18,,,,Negative,No
WP_P76/1,046Y,24/10/2007,WP_P76_1.XLS,02/11/2007,02/11/2007,P,,GD,GD,GD,GD,GD,GD,GD,GD,1.76,1.27,0.07,0.07,0.2,0.18,0.09,0.11,,,,Positive,No
WP_P76/1,068Y,24/10/2007,WP_P76_1.XLS,02/11/2007,02/11/2007,P,,GD,GD,GD,GD,GD,GD,GD,GD,2.58,1.88,0.08,0.06,0.07,0.09,0.09,0.1,,,,Negative,No
WP_P76/1,097W,24/10/2007,WP_P76_1.XLS,02/11/2007,02/11/2007,P,,GD,GD,GD,GD,GD,GD,GD,GD,3.19,2.85,0.06,0.06,0.07,0.06,0.2,0.1,,,,Negative,No
WP_P76/1,Q081,24/10/2007,WP_P76_1.XLS,02/11/2007,02/11/2007,F,,GD,GD,GD,GD,GD,GD,GD,GD,0.44,0.32,0.07,0.07,0.07,0.07,0.09,0.12,,,LOW PWM,Negative,No
WP_P77/1,018B,06/11/2007,WP_P77_1.XLS,28/11/2007,20/11/2007,P,,GD,GD,GD,GD,GD,GD,GD,GD,1.44,1.1,0.17,0.19,0.19,0.16,0.26,0.3,NIL AVG HIGH,,,,No
WP_P77/1,021B,06/11/2007,WP_P77_1.XLS,28/11/2007,20/11/2007,P,,GD,GD,GD,GD,GD,GD,GD,GD,2.69,2.58,0.1,0.09,0.09,0.09,0.18,0.21,,,,Negative,No
WP_P77/1,026Y,06/11/2007,WP_P77_1.XLS,28/11/2007,20/11/2007,P,,GD,GD,GD,GD,GD,GD,GD,GD,2.74,2.33,0.11,0.12,0.12,0.12,0.17,0.21,,,,Negative,No
WP_P77/1,055G,06/11/2007,WP_P77_1.XLS,28/11/2007,20/11/2007,P,,GD,GD,GD,GD,GD,GD,GD,GD,2.73,2.59,0.12,0.21,0.25,0.24,0.17,0.21,,,,Positive,No
WP_P77/1,058B,06/11/2007,WP_P77_1.XLS,28/11/2007,20/11/2007,P,,GD,GD,GD,GD,GD,GD,GD,GD,2.53,2.39,0.11,0.1,0.74,0.47,0.2,0.31,NIL AVG HIGH,,,,No
WP_P77/1,059B,06/11/2007,WP_P77_1.XLS,28/11/2007,20/11/2007,P,,GD,GD,GD,GD,GD,GD,GD,GD,2.41,2.03,0.1,0.1,0.22,0.23,0.15,0.22,,,,Positive,No
WP_P77/1,064W,06/11/2007,WP_P77_1.XLS,28/11/2007,20/11/2007,F,,GD,GD,GD,GD,GD,GD,GD,GD,1.08,0.77,0.11,0.1,0.13,0.13,0.17,0.23,,,LOW PWM,Negative,No
WP_P77/1,103W,06/11/2007,WP_P77_1.XLS,28/11/2007,20/11/2007,P,,GD,GD,GD,GD,GD,GD,GD,GD,1.52,1.22,0.12,0.11,0.11,0.1,0.18,0.25,,,,Negative,No
WP_P77/2,018B,06/11/2007,WP_P77_2.XLS,15/02/2008,14/02/2008,P,,GD,GD,GD,GD,GD,GD,GD,GD,1.94,2.08,0.21,0.18,0.16,0.17,0.19,0.22,,,,Negative,No
WP_P77/2,058B,06/11/2007,WP_P77_2.XLS,15/02/2008,14/02/2008,P,,GD,GD,GD,GD,GD,GD,GD,GD,2.98,2.94,0.09,0.08,1.46,1.42,0.09,0.1,,,,Positive,No
WP_P78/1,027Y,06/11/2007,WP_P78_1.XLS,28/11/2007,20/11/2007,P,,GD,GD,GD,GD,GD,GD,GD,GD,1.69,1.61,0.23,0.24,1.51,1.57,0.36,0.32,NIL AVG HIGH,,,,No
WP_P78/1,030B,06/11/2007,WP_P78_1.XLS,28/11/2007,20/11/2007,P,,GD,GD,GD,GD,GD,GD,GD,GD,2.41,2.33,0.36,0.34,0.34,0.31,0.33,0.35,NIL AVG HIGH,,,,No
WP_P78/1,030Y,06/11/2007,WP_P78_1.XLS,28/11/2007,20/11/2007,P,,GD,GD,GD,GD,GD,GD,GD,GD,2.68,2.8,0.25,0.23,0.61,0.6,0.35,0.33,NIL AVG HIGH,,,,No
WP_P78/1,031Y,06/11/2007,WP_P78_1.XLS,28/11/2007,20/11/2007,P,,GD,GD,GD,GD,GD,GD,GD,GD,2.47,2.59,0.23,0.22,0.22,0.22,0.28,0.29,NIL AVG HIGH,,,,No
WP_P78/1,034Y,06/11/2007,WP_P78_1.XLS,28/11/2007,20/11/2007,P,,GD,GD,GD,GD,GD,GD,GD,GD,2.38,2.07,0.23,0.25,0.3,0.31,0.31,0.29,NIL AVG HIGH,,,,No
WP_P78/1,039Y,06/11/2007,WP_P78_1.XLS,28/11/2007,20/11/2007,P,,GD,GD,GD,GD,GD,GD,GD,GD,2.62,2.38,0.28,0.23,0.22,0.24,0.28,0.32,NIL AVG HIGH,,,,No
WP_P78/1,041Y,06/11/2007,WP_P78_1.XLS,28/11/2007,20/11/2007,P,,GD,GD,GD,GD,GD,GD,GD,GD,2.36,2.36,0.25,0.28,0.36,0.38,0.28,0.31,NIL AVG HIGH,,,,No
WP_P78/1,063Y,06/11/2007,WP_P78_1.XLS,28/11/2007,20/11/2007,P,,GD,GD,GD,GD,GD,GD,GD,GD,2.7,2.48,0.28,0.24,0.23,0.25,0.29,0.28,NIL AVG HIGH,,,,No
WP_P78/2,027Y,06/11/2007,WP_P78_2.XLS,15/02/2008,14/02/2008,P,,GD,GD,GD,GD,GD,GD,GD,GD,2.43,2.82,0.08,0.07,2.26,2.28,0.08,0.09,,,,Positive,No
WP_P78/2,030B,06/11/2007,WP_P78_2.XLS,15/02/2008,14/02/2008,P,,GD,GD,GD,GD,GD,GD,GD,GD,2.81,2.89,0.11,0.1,0.09,0.09,0.1,0.11,,,,Negative,No
WP_P78/2,030Y,06/11/2007,WP_P78_2.XLS,15/02/2008,14/02/2008,P,,GD,GD,GD,GD,GD,GD,GD,GD,2.71,2.62,0.09,0.08,0.91,0.91,0.08,0.1,,,,Positive,No
WP_P78/2,031Y,06/11/2007,WP_P78_2.XLS,15/02/2008,14/02/2008,P,,GD,GD,GD,GD,GD,GD,GD,GD,2.37,2.35,0.08,0.08,0.07,0.07,0.08,0.09,,,,Negative,No
WP_P78/2,034Y,06/11/2007,WP_P78_2.XLS,15/02/2008,14/02/2008,P,,GD,GD,GD,GD,GD,GD,GD,GD,3.11,3,0.08,0.08,0.2,0.2,0.08,0.09,,,,Positive,No
WP_P78/2,039Y,06/11/2007,WP_P78_2.XLS,15/02/2008,14/02/2008,P,,GD,GD,GD,GD,GD,GD,GD,GD,3.19,3.19,0.09,0.09,0.08,0.08,0.09,0.11,,,,Negative,No
WP_P78/2,041Y,06/11/2007,WP_P78_2.XLS,15/02/2008,14/02/2008,P,,GD,GD,GD,GD,GD,GD,GD,GD,2.23,2.24,0.09,0.09,0.31,0.3,0.08,0.1,,,,Positive,No
WP_P78/2,063Y,06/11/2007,WP_P78_2.XLS,15/02/2008,14/02/2008,P,,GD,GD,GD,GD,GD,GD,GD,GD,3.23,3.3,0.1,0.1,0.08,0.09,0.1,0.12,,,,Negative,No
WP_P79/1,024G,06/11/2007,WP_P79_1.XLS,28/11/2007,20/11/2007,F,,GD,GD,GD,GD,GD,GD,GD,GD,0.9,0.76,0.23,0.21,0.26,0.25,0.28,0.31,NIL AVG HIGH,,,,No
WP_P79/1,029Y,06/11/2007,WP_P79_1.XLS,28/11/2007,20/11/2007,P,,GD,GD,GD,GD,GD,GD,GD,GD,2.67,2.76,0.27,0.25,0.25,0.25,0.3,0.32,NIL AVG HIGH,,,,No
WP_P79/1,033Y,06/11/2007,WP_P79_1.XLS,28/11/2007,20/11/2007,P,,GD,GD,GD,GD,GD,GD,GD,GD,2.55,2.53,0.27,0.28,0.41,0.4,0.43,0.44,NIL AVG HIGH,,,,No
WP_P79/1,035B,06/11/2007,WP_P79_1.XLS,28/11/2007,20/11/2007,P,,GD,GD,GD,GD,GD,GD,GD,GD,1.73,1.75,0.27,0.25,0.27,0.26,0.29,0.3,NIL AVG HIGH,,,,No
WP_P79/1,060R,06/11/2007,WP_P79_1.XLS,28/11/2007,20/11/2007,P,,GD,GD,GD,GD,GD,GD,GD,GD,1.17,1,0.23,0.22,0.29,0.29,0.33,0.35,NIL AVG HIGH,,,,No
WP_P79/1,063W,06/11/2007,WP_P79_1.XLS,28/11/2007,20/11/2007,P,,GD,GD,GD,GD,GD,GD,GD,GD,1.95,1.82,0.21,0.21,0.23,0.21,0.25,0.27,NIL AVG HIGH,,,,No
WP_P79/1,069R,06/11/2007,WP_P79_1.XLS,28/11/2007,20/11/2007,P,,GD,GD,GD,GD,GD,GD,GD,GD,1.27,1.11,0.23,0.23,0.44,0.44,0.35,0.4,NIL AVG HIGH,,,,No
WP_P79/1,I035,06/11/2007,WP_P79_1.XLS,28/11/2007,20/11/2007,P,,GD,GD,GD,GD,GD,GD,GD,GD,2.06,1.84,0.22,0.21,0.22,0.22,0.26,0.3,NIL AVG HIGH,,,,No
WP_P79/2,024G,06/11/2007,WP_P79_2.XLS,15/02/2008,14/02/2008,,,GD,IV,GD,GD,GD,GD,GD,GD,0.52,,0.1,0.09,0.15,0.14,0.1,0.11,MISSING ODs,,,,No
WP_P79/2,029Y,06/11/2007,WP_P79_2.XLS,15/02/2008,14/02/2008,P,,GD,GD,GD,GD,GD,GD,GD,GD,3,2.96,0.1,0.09,0.09,0.09,0.09,0.1,,,,Negative,No
WP_P79/2,033Y,06/11/2007,WP_P79_2.XLS,15/02/2008,14/02/2008,P,,GD,GD,GD,GD,GD,GD,GD,GD,2.86,3.09,0.1,0.09,0.24,0.24,0.1,0.1,,,,Positive,No
WP_P79/2,035B,06/11/2007,WP_P79_2.XLS,15/02/2008,14/02/2008,,,GD,IV,GD,GD,GD,GD,GD,GD,1.36,,0.11,0.09,0.14,0.08,0.09,0.1,MISSING ODs,,,,No
WP_P79/2,060R,06/11/2007,WP_P79_2.XLS,15/02/2008,14/02/2008,P,,GD,GD,GD,GD,GD,GD,GD,GD,1.21,1.07,0.1,0.09,0.21,0.19,0.09,0.11,,,,Positive,No
WP_P79/2,063W,06/11/2007,WP_P79_2.XLS,15/02/2008,14/02/2008,P,,GD,GD,GD,GD,GD,GD,GD,GD,2.09,1.98,0.11,0.09,0.09,0.08,0.09,0.1,,,,Negative,No
WP_P79/2,069R,06/11/2007,WP_P79_2.XLS,15/02/2008,14/02/2008,P,,GD,GD,GD,GD,GD,GD,GD,GD,1.18,1.06,0.09,0.08,0.42,0.42,0.09,0.11,,,,Positive,No
WP_P79/2,I035,06/11/2007,WP_P79_2.XLS,15/02/2008,14/02/2008,,,GD,IV,GD,GD,GD,GD,GD,GD,1.43,,0.08,0.08,0.09,0.07,0.08,0.1,MISSING ODs,,,,No
WP_P8/1,033R,01/08/2006,WP_P8_1.XLS,16/04/2007,24/01/2007,P,,GD,GD,GD,GD,GD,GD,GD,GD,1.46,1.4,0.18,0.2,0.19,0.2,0.2,0.21,,,,Negative,No
WP_P8/1,036R,01/08/2006,WP_P8_1.XLS,16/04/2007,24/01/2007,P,,GD,GD,GD,GD,GD,GD,GD,GD,2.49,2.49,0.3,0.37,0.2,0.2,0.22,0.25,NIL AVG HIGH,,,,No
WP_P8/1,040R,01/08/2006,WP_P8_1.XLS,16/04/2007,24/01/2007,P,,GD,GD,GD,GD,GD,GD,GD,GD,1.87,1.66,0.2,0.21,0.2,0.2,0.22,0.23,,,,Negative,No
WP_P8/1,D020,01/08/2006,WP_P8_1.XLS,16/04/2007,24/01/2007,P,,GD,GD,GD,GD,GD,GD,GD,GD,1.64,1.48,0.21,0.18,0.37,0.37,0.21,0.21,,,,Positive,No
WP_P8/1,Q007,01/08/2006,WP_P8_1.XLS,16/04/2007,24/01/2007,P,,GD,GD,GD,GD,GD,GD,GD,GD,2.71,2.66,0.23,0.21,0.23,0.22,0.28,0.21,NIL AVG HIGH,,,,No
WP_P8/1,Q033,01/08/2006,WP_P8_1.XLS,16/04/2007,24/01/2007,F,,GD,GD,GD,GD,GD,GD,GD,GD,0.29,0.3,0.5,0.51,0.37,0.37,0.23,0.23,NIL AVG HIGH,,,,No
WP_P8/1,U068,01/08/2006,WP_P8_1.XLS,16/04/2007,24/01/2007,P,,GD,GD,GD,GD,GD,GD,GD,GD,2.67,2.71,0.18,0.19,0.19,0.19,0.21,0.2,,,,Negative,No
WP_P8/1,U069,01/08/2006,WP_P8_1.XLS,16/04/2007,24/01/2007,P,,GD,GD,GD,GD,GD,GD,GD,GD,2.83,2.74,0.2,0.17,0.19,0.18,0.22,0.21,,,,Negative,No
WP_P8/2,036R,01/08/2006,WP_P8_2.XLS,14/05/2007,04/05/2007,P,,GD,GD,GD,GD,GD,GD,GD,GD,2.49,1.99,0.13,0.13,0.12,0.13,0.12,0.16,,,,Negative,No
WP_P8/2,040R,01/08/2006,WP_P8_2.XLS,14/05/2007,04/05/2007,P,,GD,GD,GD,GD,GD,GD,GD,GD,1.71,1.46,0.15,0.15,0.15,0.13,0.14,0.17,,,,Negative,No
WP_P8/2,Q007,01/08/2006,WP_P8_2.XLS,14/05/2007,04/05/2007,P,,GD,GD,GD,GD,GD,GD,GD,GD,2.74,2.44,0.13,0.13,0.13,0.12,0.13,0.16,,,,Negative,No
WP_P8/2,Q033,01/08/2006,WP_P8_2.XLS,14/05/2007,04/05/2007,F,,GD,GD,GD,GD,GD,GD,GD,GD,0.29,0.27,0.53,0.53,0.35,0.32,0.16,0.17,,,LOW PWM,Negative,No
WP_P80/1,015Y,09/10/2007,WP_P80_1.XLS,28/11/2007,20/11/2007,P,,GD,GD,GD,GD,GD,GD,GD,GD,2.19,1.98,0.25,0.24,0.24,0.24,0.28,0.31,NIL AVG HIGH,,,,No
WP_P80/1,024Y,09/10/2007,WP_P80_1.XLS,28/11/2007,20/11/2007,P,,GD,GD,GD,GD,GD,GD,GD,GD,2.76,2.84,0.24,0.24,0.23,0.23,0.31,0.33,NIL AVG HIGH,,,,No
WP_P80/1,035Y,06/11/2007,WP_P80_1.XLS,28/11/2007,20/11/2007,P,,GD,GD,GD,GD,GD,GD,GD,GD,2.9,2.82,0.27,0.27,0.27,0.26,0.27,0.27,NIL AVG HIGH,,,,No
WP_P80/1,036Y,06/11/2007,WP_P80_1.XLS,28/11/2007,20/11/2007,P,,GD,GD,GD,GD,GD,GD,GD,GD,1.7,1.55,0.24,0.24,0.22,0.27,0.24,0.24,NIL AVG HIGH,,,,No
WP_P80/1,042Y,06/11/2007,WP_P80_1.XLS,28/11/2007,20/11/2007,P,,GD,GD,GD,GD,GD,GD,GD,GD,2.85,2.7,0.28,0.28,0.3,0.3,0.28,0.3,NIL AVG HIGH,,,,No
WP_P80/1,055Y,09/10/2007,WP_P80_1.XLS,28/11/2007,20/11/2007,P,,GD,GD,GD,GD,GD,GD,GD,GD,2.16,2.19,0.35,0.37,0.39,0.41,0.54,0.55,NIL AVG HIGH,,,,No
WP_P80/2,015Y,09/10/2007,WP_P80_2.XLS,15/02/2008,14/02/2008,P,,GD,GD,GD,GD,GD,GD,GD,GD,1.99,1.82,0.08,0.07,0.07,0.08,0.08,0.1,,,,Negative,No
WP_P80/2,024Y,09/10/2007,WP_P80_2.XLS,15/02/2008,14/02/2008,P,,GD,GD,GD,GD,GD,GD,GD,GD,2.88,3.03,0.08,0.08,0.07,0.07,0.09,0.11,,,,Negative,No
WP_P80/2,035Y,06/11/2007,WP_P80_2.XLS,15/02/2008,14/02/2008,P,,GD,GD,GD,GD,GD,GD,GD,GD,3.18,3.28,0.09,0.08,0.1,0.07,0.09,0.1,,,,Negative,No
WP_P80/2,036Y,06/11/2007,WP_P80_2.XLS,15/02/2008,14/02/2008,P,,GD,GD,GD,GD,GD,GD,GD,GD,2.71,2.7,0.1,0.1,0.09,0.08,0.09,0.11,,,,Negative,No
WP_P80/2,042Y,06/11/2007,WP_P80_2.XLS,15/02/2008,14/02/2008,P,,GD,GD,GD,GD,GD,GD,GD,GD,2.85,3.15,0.1,0.14,0.21,0.16,0.1,0.11,,,,Positive,No
WP_P80/2,055Y,09/10/2007,WP_P80_2.XLS,15/02/2008,14/02/2008,P,,GD,GD,GD,GD,GD,GD,GD,GD,2.13,2.17,0.19,0.18,0.25,0.25,0.4,0.42,NIL AVG HIGH,,,,No
WP_P81/1,023B,07/11/2007,WP_P81_1.XLS,28/11/2007,20/11/2007,P,,GD,GD,GD,GD,GD,GD,GD,GD,2.39,2.35,0.32,0.31,0.31,0.27,0.32,0.5,NIL AVG HIGH,,,,No
WP_P81/1,028Y,07/11/2007,WP_P81_1.XLS,28/11/2007,20/11/2007,P,,GD,GD,GD,GD,GD,GD,GD,GD,2.64,2.5,0.38,0.33,0.34,0.31,0.34,0.38,NIL AVG HIGH,,,,No
WP_P81/1,032Y,07/11/2007,WP_P81_1.XLS,28/11/2007,20/11/2007,P,,GD,GD,GD,GD,GD,GD,GD,GD,2.38,2.6,0.29,0.28,0.24,0.25,0.3,0.34,NIL AVG HIGH,,,,No
WP_P81/1,038Y,07/11/2007,WP_P81_1.XLS,28/11/2007,20/11/2007,P,,GD,GD,GD,GD,GD,GD,GD,GD,2.18,2.23,0.24,0.23,0.22,0.26,0.25,0.32,NIL AVG HIGH,,,,No
WP_P81/1,058R,07/11/2007,WP_P81_1.XLS,28/11/2007,20/11/2007,P,,GD,GD,GD,GD,GD,GD,GD,GD,1.16,1.1,0.26,0.26,0.3,0.29,0.26,0.3,NIL AVG HIGH,,,,No
WP_P81/1,069Y,07/11/2007,WP_P81_1.XLS,28/11/2007,20/11/2007,P,,GD,GD,GD,GD,GD,GD,GD,GD,1.79,1.69,0.32,0.3,0.24,0.26,0.3,0.33,NIL AVG HIGH,,,,No
WP_P81/1,077W,07/11/2007,WP_P81_1.XLS,28/11/2007,20/11/2007,F,,GD,GD,GD,GD,GD,GD,GD,GD,0.2,0.18,0.18,0.26,0.21,0.29,0.25,0.26,NIL AVG HIGH,,,,No
WP_P81/2,023B,07/11/2007,WP_P81_2.XLS,15/02/2008,14/02/2008,P,,GD,GD,GD,GD,GD,GD,GD,GD,2.23,2.28,0.11,0.08,0.11,0.1,0.09,0.09,,,,Negative,No
WP_P81/2,028Y,07/11/2007,WP_P81_2.XLS,15/02/2008,14/02/2008,,,GD,IV,GD,GD,GD,GD,GD,GD,2.76,,0.15,0.08,0.11,0.08,0.09,0.1,MISSING ODs,,,,No
WP_P81/2,032Y,07/11/2007,WP_P81_2.XLS,15/02/2008,14/02/2008,P,,GD,GD,GD,GD,GD,GD,GD,GD,2.56,2.62,0.27,0.11,0.08,0.08,0.11,0.13,,,,Negative,No
WP_P81/2,038Y,07/11/2007,WP_P81_2.XLS,15/02/2008,14/02/2008,P,,GD,GD,GD,GD,GD,GD,GD,GD,2.38,2.27,0.17,0.07,0.07,0.07,0.08,0.09,,,,Negative,No
WP_P81/2,058R,07/11/2007,WP_P81_2.XLS,15/02/2008,14/02/2008,P,,GD,GD,GD,GD,GD,GD,GD,GD,1.36,1.26,0.09,0.08,0.16,0.15,0.09,0.1,,,,Positive,No
WP_P81/2,069Y,07/11/2007,WP_P81_2.XLS,15/02/2008,14/02/2008,P,,GD,GD,GD,GD,GD,GD,GD,GD,1.24,1.24,0.08,0.1,0.09,0.07,0.08,0.09,,,,Negative,No
WP_P81/2,077W,07/11/2007,WP_P81_2.XLS,15/02/2008,14/02/2008,F,,GD,GD,GD,GD,GD,GD,GD,GD,0.06,0.09,0.05,0.05,0.05,0.05,0.05,0.06,,,LOW PWM,Negative,No
WP_P82/1,010Y,11/12/2007,WP_P82_1.XLS,19/02/2008,19/02/2008,P,,GD,GD,GD,GD,GD,GD,GD,GD,2.94,3,0.07,0.06,0.08,0.07,0.13,0.14,,,,Negative,No
WP_P82/1,018Y,11/12/2007,WP_P82_1.XLS,19/02/2008,19/02/2008,P,,GD,GD,GD,GD,GD,GD,GD,GD,2.48,2.75,0.05,0.04,0.05,0.05,0.06,0.09,,,,Negative,No
WP_P82/1,024Y,11/12/2007,WP_P82_1.XLS,19/02/2008,19/02/2008,P,,GD,GD,GD,GD,GD,GD,GD,GD,2.75,2.47,0.07,0.04,0.07,0.05,0.06,0.08,,,,Negative,No
WP_P82/1,036R,11/12/2007,WP_P82_1.XLS,19/02/2008,19/02/2008,P,,GD,GD,GD,GD,GD,GD,GD,GD,2.28,1.79,0.05,0.13,0.08,0.05,0.07,0.1,,,,Negative,No
WP_P82/1,052W,11/12/2007,WP_P82_1.XLS,19/02/2008,19/02/2008,F,,GD,GD,GD,GD,GD,GD,GD,GD,0.95,0.63,0.06,0.12,0.1,0.13,0.06,0.09,A OUTLIER,,LOW PWM,,No
WP_P82/1,055B,11/12/2007,WP_P82_1.XLS,19/02/2008,19/02/2008,P,,GD,GD,GD,GD,GD,GD,GD,GD,2.26,2.57,0.06,0.05,0.06,0.06,0.08,0.13,,,,Negative,No
WP_P82/1,055Y,11/12/2007,WP_P82_1.XLS,19/02/2008,19/02/2008,P,,GD,GD,GD,GD,GD,GD,GD,GD,2.62,1.96,0.08,0.11,0.05,0.11,0.08,0.1,,,,Negative,No
WP_P83/1,056B,11/12/2007,WP_P83_1.XLS,19/02/2008,19/02/2008,P,,GD,GD,GD,GD,GD,GD,GD,GD,2.82,2.72,0.11,0.1,0.18,0.21,0.11,0.11,,,,Positive,No
WP_P83/1,056Y,11/12/2007,WP_P83_1.XLS,19/02/2008,19/02/2008,P,,GD,GD,GD,GD,GD,GD,GD,GD,2.25,2.11,0.08,0.09,0.1,0.09,0.12,0.12,,,,Negative,No
WP_P83/1,060Y,11/12/2007,WP_P83_1.XLS,19/02/2008,19/02/2008,P,,GD,GD,GD,GD,GD,GD,GD,GD,1.8,1.71,0.09,0.09,0.11,0.09,0.12,0.13,,,,Negative,No
WP_P83/1,061Y,11/12/2007,WP_P83_1.XLS,19/02/2008,19/02/2008,P,,GD,GD,GD,GD,GD,GD,GD,GD,2.32,2.25,0.09,0.09,0.11,0.09,0.11,0.13,,,,Negative,No
WP_P83/1,062Y,11/12/2007,WP_P83_1.XLS,19/02/2008,19/02/2008,P,,GD,GD,GD,GD,GD,GD,GD,GD,2.06,1.87,0.1,0.11,0.14,0.1,0.11,0.13,,,,Negative,No
WP_P83/1,070Y,11/12/2007,WP_P83_1.XLS,19/02/2008,19/02/2008,P,,GD,GD,GD,GD,GD,GD,GD,GD,2.13,2.15,0.09,0.1,0.1,0.1,0.11,0.11,,,,Negative,No
WP_P84/1,001P,08/01/2008,WP_P84_1.XLS,19/02/2008,19/02/2008,P,,GD,GD,GD,GD,GD,GD,GD,GD,2.72,2.51,0.08,0.07,0.09,0.09,0.1,0.11,,,,Negative,No
WP_P84/1,023B,08/01/2008,WP_P84_1.XLS,19/02/2008,19/02/2008,P,,GD,GD,GD,GD,GD,GD,GD,GD,2.85,2.79,0.11,0.1,0.11,0.1,0.12,0.12,,,,Negative,No
WP_P84/1,024B,08/01/2008,WP_P84_1.XLS,19/02/2008,19/02/2008,P,,GD,GD,GD,GD,GD,GD,GD,GD,2.81,2.73,0.08,0.07,0.12,0.13,0.1,0.1,,,,Positive,No
WP_P84/1,026Y,08/01/2008,WP_P84_1.XLS,19/02/2008,19/02/2008,P,,GD,GD,GD,GD,GD,GD,GD,GD,2.69,2.45,0.09,0.09,0.11,0.12,0.11,0.12,,,,Negative,No
WP_P84/1,030B,08/01/2008,WP_P84_1.XLS,19/02/2008,19/02/2008,P,,GD,GD,GD,GD,GD,GD,GD,GD,2.7,2.55,0.1,0.08,0.08,0.09,0.13,0.14,,,,Negative,No
WP_P84/1,051R,08/01/2008,WP_P84_1.XLS,19/02/2008,19/02/2008,P,,GD,GD,GD,GD,GD,GD,GD,GD,2.58,2.42,0.13,0.1,0.37,0.38,0.13,0.14,,,,Positive,No
WP_P84/1,069R,08/01/2008,WP_P84_1.XLS,19/02/2008,19/02/2008,P,,GD,GD,GD,GD,GD,GD,GD,GD,1.56,1.46,0.11,0.11,0.38,0.38,0.13,0.14,,,,Positive,No
WP_P84/1,Q066,08/01/2008,WP_P84_1.XLS,19/02/2008,19/02/2008,F,,GD,GD,GD,GD,GD,GD,GD,GD,1.05,0.88,0.16,0.14,0.47,0.47,0.21,0.18,,,LOW PWM,Positive,No
WP_P85/1,012Y,12/12/2007,WP_P85_1.XLS,19/02/2008,19/02/2008,P,,GD,GD,GD,GD,GD,GD,GD,GD,2.56,2.46,0.09,0.09,0.12,0.1,0.1,0.1,,,,Negative,No
WP_P85/1,020B,12/12/2007,WP_P85_1.XLS,19/02/2008,19/02/2008,P,,GD,GD,GD,GD,GD,GD,GD,GD,2.44,2.48,0.08,0.08,0.12,0.08,0.1,0.1,,,,Negative,No
WP_P85/1,020Y,12/12/2007,WP_P85_1.XLS,19/02/2008,19/02/2008,P,,GD,GD,GD,GD,GD,GD,GD,GD,2.54,2.51,0.1,0.09,0.15,0.12,0.12,0.13,,,,Negative,No
WP_P85/1,021Y,12/12/2007,WP_P85_1.XLS,19/02/2008,19/02/2008,P,,GD,GD,GD,GD,GD,GD,GD,GD,2.63,2.53,0.16,0.17,2.34,2.46,0.12,0.12,,,,Positive,No
WP_P85/1,030Y,08/01/2008,WP_P85_1.XLS,19/02/2008,19/02/2008,P,,GD,GD,GD,GD,GD,GD,GD,GD,2.72,2.74,0.13,0.1,0.45,0.45,0.1,0.12,,,,Positive,No
WP_P85/1,032Y,08/01/2008,WP_P85_1.XLS,19/02/2008,19/02/2008,P,,GD,GD,GD,GD,GD,GD,GD,GD,2.64,2.58,0.12,0.11,0.11,0.11,0.13,0.13,,,,Negative,No
WP_P85/1,039Y,08/01/2008,WP_P85_1.XLS,19/02/2008,19/02/2008,P,,GD,GD,GD,GD,GD,GD,GD,GD,2.7,2.59,0.11,0.13,0.1,0.09,0.12,0.12,,,,Negative,No
WP_P85/1,041Y,08/01/2008,WP_P85_1.XLS,19/02/2008,19/02/2008,P,,GD,GD,GD,GD,GD,GD,GD,GD,2.13,1.95,0.1,0.09,0.66,0.68,0.12,0.12,,,,Positive,No
WP_P86/1,006Y,22/01/2008,WP_P86_1.XLS,19/02/2008,19/02/2008,P,,GD,GD,GD,GD,GD,GD,GD,GD,2.4,2.56,0.11,0.08,0.08,0.08,0.09,0.11,,,,Negative,No
WP_P86/1,035Y,09/01/2008,WP_P86_1.XLS,19/02/2008,19/02/2008,P,,GD,GD,GD,GD,GD,GD,GD,GD,2.5,2.5,0.14,0.13,0.1,0.09,0.1,0.1,,,,Negative,No
WP_P86/1,038Y,09/01/2008,WP_P86_1.XLS,19/02/2008,19/02/2008,P,,GD,GD,GD,GD,GD,GD,GD,GD,2.4,2.41,0.08,0.08,0.09,0.09,0.1,0.11,,,,Negative,No
WP_P86/1,052Y,22/01/2008,WP_P86_1.XLS,19/02/2008,19/02/2008,P,,GD,GD,GD,GD,GD,GD,GD,GD,2.76,2.76,0.17,0.14,0.12,0.12,0.14,0.16,,,,Negative,No
WP_P86/1,060B,09/01/2008,WP_P86_1.XLS,19/02/2008,19/02/2008,P,,GD,GD,GD,GD,GD,GD,GD,GD,2.22,2.16,0.14,0.09,0.11,0.09,0.09,0.1,,,,Negative,No
WP_P86/1,063Y,09/01/2008,WP_P86_1.XLS,19/02/2008,19/02/2008,P,,GD,GD,GD,GD,GD,GD,GD,GD,2.31,2.42,0.09,0.09,0.14,0.08,0.1,0.11,,,,Negative,No
WP_P86/1,065Y,22/01/2008,WP_P86_1.XLS,19/02/2008,19/02/2008,P,,GD,GD,GD,GD,GD,GD,GD,GD,2.14,2.16,0.09,0.08,0.09,0.09,0.1,0.1,,,,Negative,No
WP_P86/1,089W,22/01/2008,WP_P86_1.XLS,19/02/2008,19/02/2008,P,,GD,GD,GD,GD,GD,GD,GD,GD,2.39,2.3,0.39,0.39,1.32,1.37,0.12,0.12,,,,Positive,No
WP_P87/1,007Y,23/01/2008,WP_P87_1.XLS,19/02/2008,19/02/2008,P,,GD,GD,GD,GD,GD,GD,GD,GD,1.84,1.82,0.09,0.1,0.08,0.09,0.13,0.11,,,,Negative,No
WP_P87/1,039B,23/01/2008,WP_P87_1.XLS,19/02/2008,19/02/2008,P,,GD,GD,GD,GD,GD,GD,GD,GD,2.61,2.79,0.15,0.15,0.1,0.13,0.1,0.1,,,,Negative,No
WP_P87/1,043Y,23/01/2008,WP_P87_1.XLS,19/02/2008,19/02/2008,P,,GD,GD,GD,GD,GD,GD,GD,GD,2.51,2.47,0.09,0.09,0.08,0.09,0.09,0.09,,,,Negative,No
WP_P87/1,047Y,23/01/2008,WP_P87_1.XLS,19/02/2008,19/02/2008,,,NS,NS,GD,GD,GD,GD,GD,GD,,,0.08,0.09,0.08,0.08,0.1,0.1,,NO SAMPLE,,,No
WP_P88/1,002P,06/05/2008,WP_P88_1.XLS,06/06/2008,29/05/2008,P,,GD,GD,GD,GD,GD,GD,GD,GD,2.76,2.33,0.06,0.07,0.07,0.07,0.06,0.1,,,,Negative,No
WP_P88/1,003P,06/05/2008,WP_P88_1.XLS,06/06/2008,29/05/2008,P,,GD,GD,GD,GD,GD,GD,GD,GD,2.83,2.55,0.05,0.05,0.05,0.04,0.06,0.08,,,,Negative,No
WP_P88/1,004P,06/05/2008,WP_P88_1.XLS,06/06/2008,29/05/2008,P,,GD,GD,GD,GD,GD,GD,GD,GD,2.16,1.78,0.06,0.05,0.13,0.12,0.06,0.09,,,,Positive,No
WP_P88/1,007Y,06/05/2008,WP_P88_1.XLS,06/06/2008,29/05/2008,P,,GD,GD,GD,GD,GD,GD,GD,GD,2.92,2.72,0.06,0.06,0.08,0.05,0.06,0.1,,,,Negative,No
WP_P88/1,035W,06/05/2008,WP_P88_1.XLS,06/06/2008,29/05/2008,P,,GD,GD,GD,GD,GD,GD,GD,GD,2.25,1.91,0.07,0.05,0.05,0.05,0.06,0.09,,,,Negative,No
WP_P88/1,044Y,06/05/2008,WP_P88_1.XLS,06/06/2008,29/05/2008,P,,GD,GD,GD,GD,GD,GD,GD,GD,2.84,2.77,0.06,0.06,0.06,0.06,0.07,0.14,,,,Negative,No
WP_P88/1,071R,06/05/2008,WP_P88_1.XLS,06/06/2008,29/05/2008,P,,GD,GD,GD,GD,GD,GD,GD,GD,2.55,2.21,0.05,0.05,0.05,0.05,0.05,0.1,,,,Negative,No
WP_P88/1,101W,06/05/2008,WP_P88_1.XLS,06/06/2008,29/05/2008,P,,GD,GD,GD,GD,GD,GD,GD,GD,2.89,2.55,0.13,0.13,1.38,1.29,0.09,0.14,,,,Positive,No
WP_P89/1,025W,06/05/2008,WP_P89_1.XLS,06/06/2008,29/05/2008,P,,GD,GD,GD,GD,GD,GD,GD,GD,2.91,2.86,0.1,0.08,0.08,0.09,0.09,0.11,,,,Negative,No
WP_P89/1,045B,06/05/2008,WP_P89_1.XLS,06/06/2008,29/05/2008,P,,GD,GD,GD,GD,GD,GD,GD,GD,1.96,1.8,0.08,0.08,0.16,0.17,0.1,0.15,,,,Positive,No
WP_P89/1,048B,06/05/2008,WP_P89_1.XLS,06/06/2008,29/05/2008,P,,GD,GD,GD,GD,GD,GD,GD,GD,2.97,2.86,0.13,0.14,0.28,0.26,0.16,0.14,,,,Positive,No
WP_P89/1,049B,06/05/2008,WP_P89_1.XLS,06/06/2008,29/05/2008,P,,GD,GD,GD,GD,GD,GD,GD,GD,2.89,2.94,0.1,0.09,0.17,0.19,0.11,0.14,,,,Positive,No
WP_P89/1,049Y,06/05/2008,WP_P89_1.XLS,06/06/2008,29/05/2008,P,,GD,GD,GD,GD,GD,GD,GD,GD,2.86,2.76,0.09,0.09,0.12,0.12,0.12,0.13,,,,Negative,No
WP_P89/1,051B,06/05/2008,WP_P89_1.XLS,06/06/2008,29/05/2008,P,,GD,GD,GD,GD,GD,GD,GD,GD,2.52,2.62,0.14,0.13,1.35,1.34,0.1,0.12,,,,Positive,No
WP_P89/1,054Y,06/05/2008,WP_P89_1.XLS,06/06/2008,29/05/2008,P,,GD,GD,GD,GD,GD,GD,GD,GD,3.02,3.02,0.11,0.1,0.09,0.1,0.11,0.14,,,,Negative,No
WP_P89/1,062G,06/05/2008,WP_P89_1.XLS,06/06/2008,29/05/2008,P,,GD,GD,GD,GD,GD,GD,GD,GD,2.91,2.9,0.1,0.1,0.1,0.11,0.12,0.13,,,,Negative,No
WP_P90/1,017R,06/05/2008,WP_P90_1.XLS,06/06/2008,29/05/2008,P,,GD,GD,GD,GD,GD,GD,GD,GD,2.53,2.48,0.1,0.09,1.26,1.33,0.11,0.12,,,,Positive,No
WP_P90/1,040B,07/05/2008,WP_P90_1.XLS,06/06/2008,29/05/2008,P,,GD,GD,GD,GD,GD,GD,GD,GD,1.42,1.33,0.09,0.11,0.18,0.16,0.1,0.11,,,,Positive,No
WP_P90/1,043Y,06/05/2008,WP_P90_1.XLS,06/06/2008,29/05/2008,P,,GD,GD,GD,GD,GD,GD,GD,GD,2.28,2.21,0.09,0.08,0.08,0.08,0.11,0.11,,,,Negative,No
WP_P90/1,065B,07/05/2008,WP_P90_1.XLS,06/06/2008,29/05/2008,P,,GD,GD,GD,GD,GD,GD,GD,GD,1.85,1.73,0.1,0.09,0.08,0.08,0.1,0.12,,,,Negative,No
WP_P90/1,065Y,06/05/2008,WP_P90_1.XLS,06/06/2008,29/05/2008,P,,GD,GD,GD,GD,GD,GD,GD,GD,2,1.98,0.09,0.09,0.09,0.08,0.1,0.11,,,,Negative,No
WP_P90/1,066Y,06/05/2008,WP_P90_1.XLS,06/06/2008,29/05/2008,P,,GD,GD,GD,GD,GD,GD,GD,GD,2.73,2.66,0.11,0.11,0.26,0.28,0.12,0.11,,,,Positive,No
WP_P90/1,089W,07/05/2008,WP_P90_1.XLS,06/06/2008,29/05/2008,P,,GD,GD,GD,GD,GD,GD,GD,GD,2.57,2.5,0.11,0.1,0.61,0.62,0.1,0.11,,,,Positive,No
WP_P90/1,U072,07/05/2008,WP_P90_1.XLS,06/06/2008,29/05/2008,P,,GD,GD,GD,GD,GD,GD,GD,GD,1.9,1.79,0.1,0.09,0.12,0.12,0.11,0.12,,,,Negative,No
WP_P91/1,002B,07/05/2008,WP_P91_1.XLS,06/06/2008,29/05/2008,P,,GD,GD,GD,GD,GD,GD,GD,GD,2.29,2.2,0.08,0.08,0.07,0.07,0.09,0.1,,,,Negative,No
WP_P91/1,005P,07/05/2008,WP_P91_1.XLS,06/06/2008,29/05/2008,P,,GD,GD,GD,GD,GD,GD,GD,GD,1.03,1.01,0.09,0.08,0.08,0.08,0.09,0.11,,,,Negative,No
WP_P91/1,006P,07/05/2008,WP_P91_1.XLS,06/06/2008,29/05/2008,P,,GD,GD,GD,GD,GD,GD,GD,GD,2.99,2.91,0.09,0.08,0.08,0.07,0.1,0.11,,,,Negative,No
WP_P91/1,006Y,07/05/2008,WP_P91_1.XLS,06/06/2008,29/05/2008,P,,GD,GD,GD,GD,GD,GD,GD,GD,2.97,2.88,0.08,0.08,0.07,0.07,0.1,0.1,,,,Negative,No
WP_P91/1,007P,07/05/2008,WP_P91_1.XLS,06/06/2008,29/05/2008,P,,GD,GD,GD,GD,GD,GD,GD,GD,1.69,1.58,0.08,0.07,0.06,0.07,0.1,0.1,,,,Negative,No
WP_P91/1,008B,07/05/2008,WP_P91_1.XLS,06/06/2008,29/05/2008,P,,GD,GD,GD,GD,GD,GD,GD,GD,2.54,2.4,0.09,0.07,0.08,0.08,0.11,0.13,,,,Negative,No
WP_P91/1,064Y,07/05/2008,WP_P91_1.XLS,06/06/2008,29/05/2008,P,,GD,GD,GD,GD,GD,GD,GD,GD,2.98,2.82,0.11,0.1,0.08,0.08,0.12,0.14,,,,Negative,No
WP_P91/1,Q028,07/05/2008,WP_P91_1.XLS,06/06/2008,29/05/2008,P,,GD,GD,GD,GD,GD,GD,GD,GD,2.62,2.57,0.09,0.08,0.09,0.09,0.1,0.1,,,,Negative,No
WP_P92/1,010Y,20/05/2008,WP_P92_1.XLS,15/07/2008,29/05/2008,P,,GD,GD,GD,GD,GD,GD,GD,GD,2.77,2.88,0.15,0.13,0.12,0.13,0.15,0.14,,,,Negative,No
WP_P92/1,011Y,20/05/2008,WP_P92_1.XLS,15/07/2008,29/05/2008,P,,GD,GD,GD,GD,GD,GD,GD,GD,2.53,2.73,0.1,0.09,0.09,0.09,0.09,0.1,,,,Negative,No
WP_P92/1,012Y,20/05/2008,WP_P92_1.XLS,15/07/2008,29/05/2008,P,,GD,GD,GD,GD,GD,GD,GD,GD,2.79,2.8,0.09,0.08,0.09,0.09,0.1,0.11,,,,Negative,No
WP_P92/1,020Y,20/05/2008,WP_P92_1.XLS,15/07/2008,29/05/2008,P,,GD,GD,GD,GD,GD,GD,GD,GD,2.97,2.9,0.08,0.08,0.08,0.07,0.1,0.1,,,,Negative,No
WP_P92/1,024Y,20/05/2008,WP_P92_1.XLS,15/07/2008,29/05/2008,F,,GD,GD,GD,GD,GD,GD,GD,GD,0.61,0.55,0.09,0.09,0.08,0.08,0.1,0.11,,,LOW PWM,Negative,No
WP_P92/1,039W,20/05/2008,WP_P92_1.XLS,15/07/2008,29/05/2008,P,,GD,GD,GD,GD,GD,GD,GD,GD,2.52,2.6,0.13,0.14,0.12,0.11,0.13,0.13,,,,Negative,No
WP_P92/1,055Y,20/05/2008,WP_P92_1.XLS,15/07/2008,29/05/2008,P,,GD,GD,GD,GD,GD,GD,GD,GD,1.83,1.92,0.1,0.17,0.09,0.08,0.1,0.11,,,,Negative,No
WP_P92/1,062Y,20/05/2008,WP_P92_1.XLS,15/07/2008,29/05/2008,P,,GD,GD,GD,GD,GD,GD,GD,GD,2.29,2.24,0.1,0.09,0.09,0.08,0.11,0.11,,,,Negative,No
WP_P93/1,041W,20/05/2008,WP_P93_1.XLS,15/07/2008,29/05/2008,P,,GD,GD,GD,GD,GD,GD,GD,GD,1.4,1.38,0.11,0.13,0.11,0.12,0.12,0.12,,,,Negative,No
WP_P93/1,048W,20/05/2008,WP_P93_1.XLS,15/07/2008,29/05/2008,P,,GD,GD,GD,GD,GD,GD,GD,GD,2.8,2.86,0.1,0.08,0.13,0.13,0.11,0.13,,,,Negative,No
WP_P93/1,052W,20/05/2008,WP_P93_1.XLS,15/07/2008,29/05/2008,F,,GD,GD,GD,GD,GD,GD,GD,GD,0.46,0.36,0.09,0.09,0.1,0.11,0.12,0.13,,,LOW PWM,Negative,No
WP_P93/1,056W,20/05/2008,WP_P93_1.XLS,15/07/2008,29/05/2008,F,,GD,GD,GD,GD,GD,GD,GD,GD,0.94,0.85,0.1,0.09,0.12,0.12,0.12,0.11,,,LOW PWM,Negative,No
WP_P94/1,008P,20/05/2008,WP_P94_1.XLS,15/07/2008,30/05/2008,P,,GD,GD,GD,GD,GD,GD,GD,GD,2.57,2.43,0.16,0.14,0.13,0.14,0.16,0.19,,,,Negative,No
WP_P94/1,018Y,20/05/2008,WP_P94_1.XLS,15/07/2008,30/05/2008,P,,GD,GD,GD,GD,GD,GD,GD,GD,3.25,3.08,0.17,0.16,0.16,0.16,0.15,0.18,,,,Negative,No
WP_P94/1,056B,20/05/2008,WP_P94_1.XLS,15/07/2008,30/05/2008,P,,GD,GD,GD,GD,GD,GD,GD,GD,3.07,3.21,0.22,0.2,0.26,0.26,0.21,0.23,,,,Positive,No
WP_P94/1,057Y,20/05/2008,WP_P94_1.XLS,15/07/2008,30/05/2008,P,,GD,GD,GD,GD,GD,GD,GD,GD,3.44,3.45,0.15,0.14,0.13,0.12,0.16,0.18,,,,Negative,No
WP_P94/1,058Y,20/05/2008,WP_P94_1.XLS,15/07/2008,30/05/2008,P,,GD,GD,GD,GD,GD,GD,GD,GD,3.54,3.52,0.18,0.16,0.14,0.19,0.17,0.19,,,,Negative,No
WP_P94/1,067R,20/05/2008,WP_P94_1.XLS,15/07/2008,30/05/2008,P,,GD,GD,GD,GD,GD,GD,GD,GD,1.89,1.68,0.17,0.15,0.43,0.43,0.17,0.19,,,,Positive,No
WP_P94/1,I019,20/05/2008,WP_P94_1.XLS,15/07/2008,30/05/2008,P,,GD,GD,GD,GD,GD,GD,GD,GD,3.34,3.76,0.17,0.15,0.16,0.15,0.18,0.19,,,,Negative,No
WP_P94/1,U064,20/05/2008,WP_P94_1.XLS,15/07/2008,30/05/2008,P,,GD,GD,GD,GD,GD,GD,GD,GD,2.37,2.17,0.16,0.14,0.16,0.13,0.19,0.19,,,,Negative,No
WP_P95/1,012B,20/05/2008,WP_P95_1.XLS,15/07/2008,30/05/2008,P,,GD,GD,GD,GD,GD,GD,GD,GD,3.3,3.01,0.19,0.18,0.16,0.18,0.24,0.27,NIL AVG HIGH,,,,No
WP_P95/1,025B,20/05/2008,WP_P95_1.XLS,15/07/2008,30/05/2008,P,,GD,GD,GD,GD,GD,GD,GD,GD,3.35,3.28,0.21,0.16,0.16,0.16,0.2,0.23,,,,Negative,No
WP_P95/1,038R,20/05/2008,WP_P95_1.XLS,15/07/2008,30/05/2008,P,,GD,GD,GD,GD,GD,GD,GD,GD,3.2,3.23,0.19,0.17,0.3,0.29,0.21,0.22,,,,Positive,No
WP_P95/1,040R,20/05/2008,WP_P95_1.XLS,15/07/2008,30/05/2008,P,,GD,GD,GD,GD,GD,GD,GD,GD,2.6,2.48,0.21,0.19,0.28,0.21,0.25,0.26,NIL AVG HIGH,,,,No
WP_P95/1,054G,20/05/2008,WP_P95_1.XLS,15/07/2008,30/05/2008,P,,GD,GD,GD,GD,GD,GD,GD,GD,3.43,2.91,0.19,0.18,0.25,0.21,0.21,0.23,,,,Positive,No
WP_P95/1,064Y,20/05/2008,WP_P95_1.XLS,15/07/2008,30/05/2008,P,,GD,GD,GD,GD,GD,GD,GD,GD,3.38,3.35,0.26,0.22,0.22,0.21,0.27,0.28,NIL AVG HIGH,,,,No
WP_P95/1,070Y,20/05/2008,WP_P95_1.XLS,15/07/2008,30/05/2008,P,,GD,GD,GD,GD,GD,GD,GD,GD,2.03,1.94,0.2,0.16,0.15,0.16,0.2,0.23,,,,Negative,No
WP_P95/1,D020,20/05/2008,WP_P95_1.XLS,15/07/2008,30/05/2008,P,,GD,GD,GD,GD,GD,GD,GD,GD,3.05,2.92,0.19,0.18,0.24,0.24,0.21,0.23,,,,Positive,No
WP_P95/2,012B,20/05/2008,WP_P95_2.XLS,17/12/2008,17/12/2008,P,,GD,GD,GD,GD,GD,GD,GD,GD,2.89,2.98,0.1,0.09,0.12,0.1,0.1,0.11,,,,Negative,No
WP_P95/2,040R,20/05/2008,WP_P95_2.XLS,17/12/2008,17/12/2008,P,,GD,GD,GD,GD,GD,GD,GD,GD,2.87,2.85,0.13,0.11,0.14,0.14,0.11,0.12,,,,Negative,No
WP_P95/2,064Y,20/05/2008,WP_P95_2.XLS,17/12/2008,17/12/2008,P,,GD,GD,GD,GD,GD,GD,GD,GD,2.63,2.6,0.12,0.12,0.11,0.11,0.14,0.14,,,,Negative,No
WP_P96/1,010P,21/05/2008,WP_P96_1.XLS,15/07/2008,30/05/2008,P,,GD,GD,GD,GD,GD,GD,GD,GD,3.12,2.91,0.16,0.15,0.18,0.14,0.17,0.2,,,,Negative,No
WP_P96/1,011P,21/05/2008,WP_P96_1.XLS,15/07/2008,30/05/2008,P,,GD,GD,GD,GD,GD,GD,GD,GD,3.19,2.8,0.13,0.13,0.12,0.12,0.15,0.17,,,,Negative,No
WP_P96/1,012P,21/05/2008,WP_P96_1.XLS,15/07/2008,30/05/2008,P,,GD,GD,GD,GD,GD,GD,GD,GD,2.05,2.08,0.14,0.13,0.12,0.12,0.13,0.15,,,,Negative,No
WP_P96/1,013P,21/05/2008,WP_P96_1.XLS,15/07/2008,30/05/2008,P,,GD,GD,GD,GD,GD,GD,GD,GD,3.33,3.13,0.16,0.13,0.13,0.12,0.14,0.15,,,,Negative,No
WP_P96/1,014P,21/05/2008,WP_P96_1.XLS,15/07/2008,30/05/2008,P,,GD,GD,GD,GD,GD,GD,GD,GD,2.85,2.77,0.17,0.15,0.14,0.14,0.16,0.16,,,,Negative,No
WP_P96/1,015P,21/05/2008,WP_P96_1.XLS,15/07/2008,30/05/2008,P,,GD,GD,GD,GD,GD,GD,GD,GD,2.79,2.84,0.16,0.14,0.13,0.14,0.17,0.19,,,,Negative,No
WP_P96/1,018G,21/05/2008,WP_P96_1.XLS,15/07/2008,30/05/2008,P,,GD,GD,GD,GD,GD,GD,GD,GD,3.2,3.12,0.18,0.16,0.16,0.16,0.18,0.2,,,,Negative,No
WP_P97/1,016P,21/05/2008,WP_P97_1.XLS,15/07/2008,30/05/2008,P,,GD,GD,GD,GD,GD,GD,GD,GD,2.91,3.1,0.19,0.17,0.17,0.16,0.22,0.25,NIL AVG HIGH,,,,No
WP_P97/1,018P,21/05/2008,WP_P97_1.XLS,15/07/2008,30/05/2008,P,,GD,GD,GD,GD,GD,GD,GD,GD,3.38,3.26,0.18,0.18,0.16,0.16,0.2,0.26,NIL AVG HIGH,,,,No
WP_P97/1,019P,21/05/2008,WP_P97_1.XLS,15/07/2008,30/05/2008,P,,GD,GD,GD,GD,GD,GD,GD,GD,2.66,2.38,0.13,0.12,0.12,0.12,0.19,0.22,,,,Negative,No
WP_P97/1,020P,21/05/2008,WP_P97_1.XLS,15/07/2008,30/05/2008,P,,GD,GD,GD,GD,GD,GD,GD,GD,3.33,3.2,0.14,0.12,0.11,0.13,0.19,0.22,,,,Negative,No
WP_P97/1,054W,21/05/2008,WP_P97_1.XLS,15/07/2008,30/05/2008,P,,GD,GD,GD,GD,GD,GD,GD,GD,3.39,3.34,0.17,0.16,0.16,0.15,0.21,0.24,,,,Negative,No
WP_P97/1,059Y,21/05/2008,WP_P97_1.XLS,15/07/2008,30/05/2008,F,,GD,GD,GD,GD,GD,GD,GD,GD,0.76,0.69,0.14,0.13,0.21,0.19,0.17,0.2,,,LOW PWM,Positive,No
WP_P97/1,061Y,21/05/2008,WP_P97_1.XLS,15/07/2008,30/05/2008,P,,GD,GD,GD,GD,GD,GD,GD,GD,2.82,2.92,0.17,0.15,0.14,0.15,0.19,0.23,,,,Negative,No
WP_P97/1,U069,21/05/2008,WP_P97_1.XLS,15/07/2008,30/05/2008,P,,GD,GD,GD,GD,GD,GD,GD,GD,3.39,3.37,0.15,0.15,0.19,0.18,0.21,0.23,,,,Negative,No
WP_P97/2,016P,21/05/2008,WP_P97_2.XLS,17/12/2008,17/12/2008,P,,GD,GD,GD,GD,GD,GD,GD,GD,2.1,2.08,0.09,0.09,0.08,0.09,0.1,0.11,,,,Negative,No
WP_P97/2,018P,21/05/2008,WP_P97_2.XLS,17/12/2008,17/12/2008,P,,GD,GD,GD,GD,GD,GD,GD,GD,2.67,2.66,0.1,0.1,0.1,0.09,0.11,0.12,,,,Negative,No
WP_P97/2,054W,21/05/2008,WP_P97_2.XLS,17/12/2008,17/12/2008,P,,GD,GD,GD,GD,GD,GD,GD,GD,2.93,2.91,0.13,0.18,0.11,0.1,0.11,0.12,,,,Negative,No
WP_P98/1,017B,03/06/2008,WP_P98_1.XLS,15/07/2008,06/06/2008,P,,GD,GD,GD,GD,GD,GD,GD,GD,2.92,2.83,0.05,0.05,0.05,0.05,0.06,0.09,,,,Negative,No
WP_P98/1,021P,03/06/2008,WP_P98_1.XLS,15/07/2008,06/06/2008,P,,GD,GD,GD,GD,GD,GD,GD,GD,2.25,1.81,0.05,0.05,0.05,0.06,0.06,0.08,,,,Negative,No
WP_P98/1,022P,03/06/2008,WP_P98_1.XLS,15/07/2008,06/06/2008,P,,GD,GD,GD,GD,GD,GD,GD,GD,3.15,2.9,0.08,0.09,0.06,0.09,0.1,0.16,,,,Negative,No
WP_P98/1,023B,03/06/2008,WP_P98_1.XLS,15/07/2008,06/06/2008,P,,GD,GD,GD,GD,GD,GD,GD,GD,2.45,1.85,0.05,0.05,0.05,0.05,0.06,0.08,,,,Negative,No
WP_P98/1,030Y,03/06/2008,WP_P98_1.XLS,15/07/2008,06/06/2008,P,,GD,GD,GD,GD,GD,GD,GD,GD,1.94,1.59,0.06,0.06,0.06,0.07,0.07,0.1,,,,Negative,No
WP_P98/1,031Y,03/06/2008,WP_P98_1.XLS,15/07/2008,06/06/2008,P,,GD,GD,GD,GD,GD,GD,GD,GD,2.95,2.75,0.06,0.05,0.04,0.04,0.07,0.09,,,,Negative,No
WP_P98/1,040Y,03/06/2008,WP_P98_1.XLS,15/07/2008,06/06/2008,F,,GD,GD,GD,GD,GD,GD,GD,GD,0.67,0.44,0.05,0.06,0.05,0.07,0.07,0.07,,,LOW PWM,Negative,No
WP_P98/1,058R,03/06/2008,WP_P98_1.XLS,15/07/2008,06/06/2008,F,,GD,GD,GD,GD,GD,GD,GD,GD,1.03,0.76,0.05,0.05,0.09,0.06,0.06,0.09,,,LOW PWM,Negative,No
WP_P99/1,023P,03/06/2008,WP_P99_1.XLS,21/07/2008,06/06/2008,P,,GD,GD,GD,GD,GD,GD,GD,GD,2.74,2.95,0.15,0.12,0.11,0.11,0.14,0.18,,,,Negative,No
WP_P99/1,024P,03/06/2008,WP_P99_1.XLS,21/07/2008,06/06/2008,P,,GD,GD,GD,GD,GD,GD,GD,GD,2.48,2.9,0.08,0.08,0.13,0.12,0.08,0.12,,,,Positive,No
WP_P99/1,028Y,03/06/2008,WP_P99_1.XLS,21/07/2008,06/06/2008,P,,GD,GD,GD,GD,GD,GD,GD,GD,2.99,2.71,0.14,0.13,0.07,0.07,0.08,0.1,,,,Negative,No
WP_P99/1,034G,03/06/2008,WP_P99_1.XLS,21/07/2008,06/06/2008,F,,GD,GD,GD,GD,GD,GD,GD,GD,0.85,0.67,0.06,0.05,0.35,0.32,0.07,0.09,,,LOW PWM,Positive,No
WP_P99/1,041Y,03/06/2008,WP_P99_1.XLS,21/07/2008,06/06/2008,P,,GD,GD,GD,GD,GD,GD,GD,GD,2.88,2.93,0.06,0.09,0.32,0.3,0.08,0.11,,,,Positive,No
WP_P99/1,057B,03/06/2008,WP_P99_1.XLS,21/07/2008,06/06/2008,P,,GD,GD,GD,GD,GD,GD,GD,GD,3.03,2.91,0.07,0.06,0.16,0.16,0.09,0.09,,,,Positive,No
WP_P99/1,058B,03/06/2008,WP_P99_1.XLS,21/07/2008,06/06/2008,F,,GD,GD,GD,GD,GD,GD,GD,GD,1.02,0.73,0.08,0.07,0.36,0.34,0.06,0.08,,,LOW PWM,Positive,No
WP_P99/1,U012,03/06/2008,WP_P99_1.XLS,21/07/2008,06/06/2008,P,,GD,GD,GD,GD,GD,GD,GD,GD,2.1,1.77,0.12,0.1,0.14,0.09,0.07,0.1,,,,Negative,No
WP_P457/1,016C,05/06/2018,WP_P457_1.xlsx,25/10/2019,07/06/2018,P,,GD,GD,GD,GD,GD,GD,GD,GD,1.347,1.331,0.085,0.083,0.076,0.079,0.058,0.063,,,,Negative,No
WP_P457/1,043V,05/06/2018,WP_P457_1.xlsx,25/10/2019,07/06/2018,P,,GD,GD,GD,GD,GD,GD,GD,GD,1.575,1.467,0.056,0.056,0.066,0.067,0.062,0.058,,,,Negative,No
WP_P457/1,015C,05/06/2018,WP_P457_1.xlsx,25/10/2019,07/06/2018,F,,GD,GD,GD,GD,GD,GD,GD,GD,0.734,0.65,0.058,0.056,0.06,0.063,0.057,0.057,,,LOW PWM,Negative,No
WP_P457/1,015V,05/06/2018,WP_P457_1.xlsx,25/10/2019,07/06/2018,P,,GD,GD,GD,GD,GD,GD,GD,GD,1.449,1.349,0.555,0.529,0.612,0.581,0.057,0.056,,,,Positive,No
WP_P457/1,020C,05/06/2018,WP_P457_1.xlsx,25/10/2019,07/06/2018,P,,GD,GD,GD,GD,GD,GD,GD,GD,1.35,0.989,0.071,0.076,0.074,0.057,0.057,0.057,,,,Negative,No
WP_P457/1,009M,05/06/2018,WP_P457_1.xlsx,25/10/2019,07/06/2018,P,,GD,GD,GD,GD,GD,GD,GD,GD,2.086,2.017,0.069,0.059,0.528,0.686,0.064,0.057,,,,Positive,No
WP_P457/1,017V,05/06/2018,WP_P457_1.xlsx,25/10/2019,07/06/2018,P,,GD,GD,GD,GD,GD,GD,GD,GD,2.186,1.979,0.061,0.058,0.884,0.954,0.062,0.057,,,,Positive,No
WP_P457/1,015T,05/06/2018,WP_P457_1.xlsx,25/10/2019,07/06/2018,P,,GD,GD,GD,GD,GD,GD,GD,GD,2.263,2.101,0.077,0.076,0.09,0.096,0.063,0.067,,,,Negative,No
WP_P514/1,046M,22/10/2019,WP_P514_1.XLS,29/01/2020,28/01/2020,P,,GD,GD,GD,GD,GD,GD,GD,GD,3.155,3.105,0.075,0.071,0.173,0.159,0.082,0.112,,,,Positive,No
WP_P514/1,023M,22/10/2019,WP_P514_1.XLS,29/01/2020,28/01/2020,P,,GD,GD,GD,GD,GD,GD,GD,GD,2.681,2.835,0.063,0.061,0.057,0.056,0.091,0.098,,,,Negative,No
WP_P514/1,046Z,22/10/2019,WP_P514_1.XLS,29/01/2020,28/01/2020,P,,GD,GD,GD,GD,GD,GD,GD,GD,2.891,2.881,1.091,1.008,0.899,0.914,0.997,1.033,NIL AVG HIGH,,,,No
WP_P514/1,017Z,22/10/2019,WP_P514_1.XLS,29/01/2020,28/01/2020,P,,GD,GD,GD,GD,GD,GD,GD,GD,2.861,2.694,0.071,0.061,0.058,0.058,0.073,0.145,,,,Negative,No
WP_P514/1,014Z,22/10/2019,WP_P514_1.XLS,29/01/2020,28/01/2020,P,,GD,GD,GD,GD,GD,GD,GD,GD,2.909,2.854,0.065,0.063,0.062,0.063,0.076,0.072,,,,Negative,No
WP_P514/1,042V,20/11/2019,WP_P514_1.XLS,29/01/2020,28/01/2020,P,,GD,GD,GD,GD,GD,GD,GD,GD,2.915,2.848,0.067,0.067,0.119,0.112,0.068,0.065,,,,Positive,No
WP_P514/1,013M,20/11/2019,WP_P514_1.XLS,29/01/2020,28/01/2020,P,,GD,GD,GD,GD,GD,GD,GD,GD,1.439,1.354,0.062,0.058,0.062,0.062,0.061,0.061,,,,Negative,No
WP_P514/1,036Z,20/11/2019,WP_P514_1.XLS,29/01/2020,28/01/2020,P,,GD,GD,GD,GD,GD,GD,GD,GD,2.57,2.5,0.063,0.06,0.059,0.058,0.062,0.064,,,,Negative,No
WP_P515/1,022Z,19/11/2019,WP_P515_1.XLS,29/01/2020,28/01/2020,P,,GD,GD,GD,GD,GD,GD,GD,GD,2.265,2.172,0.066,0.063,0.08,0.06,0.07,0.149,,,,Negative,No
WP_P515/1,023Z,19/11/2019,WP_P515_1.XLS,29/01/2020,28/01/2020,P,,GD,GD,GD,GD,GD,GD,GD,GD,1.168,1.041,0.062,0.062,0.072,0.059,0.065,0.081,,,,Negative,No
WP_P515/1,030Z,19/11/2019,WP_P515_1.XLS,29/01/2020,28/01/2020,P,,GD,GD,GD,GD,GD,GD,GD,GD,2.135,2.036,0.064,0.063,0.061,0.062,0.067,0.076,,,,Negative,No
WP_P515/1,040Z,19/11/2019,WP_P515_1.XLS,29/01/2020,28/01/2020,P,,GD,GD,GD,GD,GD,GD,GD,GD,1.173,1.322,0.068,0.078,0.063,0.064,0.07,0.083,,,,Negative,No
WP_P515/1,001Z,19/11/2019,WP_P515_1.XLS,29/01/2020,28/01/2020,P,,GD,GD,GD,GD,GD,GD,GD,GD,2.685,2.655,0.067,0.074,0.067,0.061,0.071,0.116,,,,Negative,No
WP_P515/1,029Z,19/11/2019,WP_P515_1.XLS,29/01/2020,28/01/2020,P,,GD,GD,GD,GD,GD,GD,GD,GD,2.05,1.98,0.067,0.064,0.064,0.065,0.069,0.107,,,,Negative,No
WP_P515/1,031Z,19/11/2019,WP_P515_1.XLS,29/01/2020,28/01/2020,P,,GD,GD,GD,GD,GD,GD,GD,GD,2.724,2.851,0.069,0.063,0.159,0.169,0.091,0.07,,,,Positive,No
WP_P515/1,016M,19/11/2019,WP_P515_1.XLS,29/01/2020,28/01/2020,F,,GD,GD,GD,GD,GD,GD,GD,GD,0.991,0.989,0.072,0.076,0.064,0.063,0.071,0.073,,,LOW PWM,Negative,No
WP_P516/1,015Z,23/10/2019,WP_P516_1.XLS,29/01/2020,28/01/2020,P,,GD,GD,GD,GD,GD,GD,GD,GD,2.838,2.786,0.076,0.081,0.077,0.075,0.101,0.125,,,,Negative,No
WP_P516/1,021T,23/10/2019,WP_P516_1.XLS,29/01/2020,28/01/2020,P,,GD,GD,GD,GD,GD,GD,GD,GD,2.28,2.308,0.085,0.085,0.075,0.075,0.155,0.126,,,,Negative,No
WP_P516/1,032T,23/10/2019,WP_P516_1.XLS,29/01/2020,28/01/2020,P,,GD,GD,GD,GD,GD,GD,GD,GD,2.742,2.746,0.074,0.075,0.071,0.075,0.183,0.116,,,,Negative,No
WP_P516/1,018Z,23/10/2019,WP_P516_1.XLS,29/01/2020,28/01/2020,P,,GD,GD,GD,GD,GD,GD,GD,GD,2.331,2.284,0.074,0.077,0.076,0.071,0.13,0.128,,,,Negative,No
WP_P516/1,002V,23/10/2019,WP_P516_1.XLS,29/01/2020,28/01/2020,P,,GD,GD,GD,GD,GD,GD,GD,GD,2.016,1.957,0.078,0.092,0.092,0.093,0.108,0.151,,,,Negative,No
WP_P516/1,020T,23/10/2019,WP_P516_1.XLS,29/01/2020,28/01/2020,P,,GD,GD,GD,GD,GD,GD,GD,GD,2.342,2.173,0.075,0.091,0.078,0.071,0.109,0.103,,,,Negative,No
WP_P516/1,014Z,22/01/2020,WP_P516_1.XLS,29/01/2020,28/01/2020,P,,GD,GD,GD,GD,GD,GD,GD,GD,2.563,2.561,0.089,0.091,0.085,0.094,0.136,0.135,,,,Negative,No
WP_P503/2,030Z,13/08/2019,WP_P503_2.xlsx,29/01/2020,28/01/2020,P,,GD,GD,GD,GD,GD,GD,GD,GD,1.953,1.968,0.08,0.078,0.075,0.075,0.085,0.089,,,,Negative,No
WP_P517/1,009Z,10/12/2019,WP_P517_1.xlsx,29/01/2020,28/01/2020,P,,GD,GD,GD,GD,GD,GD,GD,GD,2.963,3.112,0.096,0.104,2.269,2.316,0.113,0.146,,,,Positive,No
WP_P517/1,004Z,10/12/2019,WP_P517_1.xlsx,29/01/2020,28/01/2020,P,,GD,GD,GD,GD,GD,GD,GD,GD,2.405,2.404,0.124,0.148,0.108,0.106,0.164,0.17,,,,Negative,No
WP_P517/1,020Z,10/12/2019,WP_P517_1.xlsx,29/01/2020,28/01/2020,P,,GD,GD,GD,GD,GD,GD,GD,GD,2.691,2.871,0.128,0.145,2.362,2.496,0.311,0.26,NIL AVG HIGH,,,,No
WP_P517/1,035Z,10/12/2019,WP_P517_1.xlsx,29/01/2020,28/01/2020,P,,GD,GD,GD,GD,GD,GD,GD,GD,2.893,2.878,0.088,0.087,0.091,0.086,0.109,0.122,,,,Negative,No
WP_P517/1,036Z,10/12/2019,WP_P517_1.xlsx,29/01/2020,28/01/2020,P,,GD,GD,GD,GD,GD,GD,GD,GD,2.727,2.734,0.081,0.11,0.082,0.081,0.132,0.097,,,,Negative,No
WP_P517/1,024Z,10/12/2019,WP_P517_1.xlsx,29/01/2020,28/01/2020,P,,GD,GD,GD,GD,GD,GD,GD,GD,2.076,2.086,0.085,0.084,0.078,0.077,0.164,0.087,,,,Negative,No
WP_P517/1,045Z,10/12/2019,WP_P517_1.xlsx,29/01/2020,28/01/2020,P,,GD,GD,GD,GD,GD,GD,GD,GD,2.68,2.754,0.082,0.086,0.084,0.079,0.112,0.08,,,,Negative,No
WP_P517/1,025Z,10/12/2019,WP_P517_1.xlsx,29/01/2020,28/01/2020,P,,GD,GD,GD,GD,GD,GD,GD,GD,3.033,2.901,0.626,0.636,1.487,1.507,0.101,0.084,,,,Positive,No
WP_P518/1,046Z,21/01/2020,WP_P518_1.xlsx,29/01/2020,28/01/2020,P,,GD,GD,GD,GD,GD,GD,GD,GD,2.823,2.857,0.082,0.077,0.078,0.075,0.086,0.126,,,,Negative,No
WP_P518/1,001H,21/01/2020,WP_P518_1.xlsx,29/01/2020,28/01/2020,P,,GD,GD,GD,GD,GD,GD,GD,GD,2.865,2.939,0.176,0.096,0.129,0.081,0.086,0.116,,,,Negative,No
WP_P518/1,046M,21/01/2020,WP_P518_1.xlsx,29/01/2020,28/01/2020,P,,GD,GD,GD,GD,GD,GD,GD,GD,2.144,2.107,0.11,0.128,0.178,0.096,0.086,0.103,,,,Negative,No
WP_P518/1,020T,21/01/2020,WP_P518_1.xlsx,29/01/2020,28/01/2020,P,,GD,GD,GD,GD,GD,GD,GD,GD,2.247,2.193,0.141,0.107,0.106,0.077,0.091,0.122,,,,Negative,No
WP_P518/1,017Z,21/01/2020,WP_P518_1.xlsx,29/01/2020,28/01/2020,P,,GD,GD,GD,GD,GD,GD,GD,GD,2.804,3.014,0.172,0.178,0.099,0.086,0.09,0.089,,,,Negative,No
WP_P518/1,002H,21/01/2020,WP_P518_1.xlsx,29/01/2020,28/01/2020,P,,GD,GD,GD,GD,GD,GD,GD,GD,2.508,2.536,0.086,0.091,0.106,0.1,0.135,0.085,,,,Negative,No
WP_P518/1,003H,22/01/2020,WP_P518_1.xlsx,29/01/2020,28/01/2020,P,,GD,GD,GD,GD,GD,GD,GD,GD,2,2.073,0.113,0.137,0.197,0.197,0.117,0.094,,,,Positive,No
WP_P518/1,013Z,22/01/2020,WP_P518_1.xlsx,29/01/2020,28/01/2020,P,,GD,GD,GD,GD,GD,GD,GD,GD,1.742,1.787,0.091,0.141,0.107,0.086,0.184,0.091,,,,Negative,No
WP_P514/2,046Z,22/10/2019,WP_P514_2.XLS,11/03/2020,20/01/2020,P,,GD,GD,GD,GD,GD,GD,GD,GD,2.885,3.087,1.036,0.905,1.012,0.854,0.763,0.832,NIL AVG HIGH,,,,No
WP_P517/2,020Z,10/12/2019,WP_P517_2.xlsx,17/04/2020,20/01/2020,P,,GD,GD,GD,GD,GD,GD,GD,GD,3.164,3.11,0.132,0.124,2.119,1.873,0.142,0.134,,,,Positive,No
